run_id,case_id,repeat_index,stage,reference_question_identity,extracted_question_id,field,reference_state,evaluable,correct,expected,actual,reason
t160-quality-20261002T163445Z-4654973a-01-IMP-TEXT-r1,IMP-TEXT,1,automatic,1194af49-5301-51bb-a173-0e6f524ac810,1de781d8-cc08-404a-8612-ff6b3f109f18,question_number,source_provided,True,True,1,1,matched
t160-quality-20261002T163445Z-4654973a-01-IMP-TEXT-r1,IMP-TEXT,1,automatic,1194af49-5301-51bb-a173-0e6f524ac810,1de781d8-cc08-404a-8612-ff6b3f109f18,order_index,source_provided,True,True,1,1,matched
t160-quality-20261002T163445Z-4654973a-01-IMP-TEXT-r1,IMP-TEXT,1,automatic,1194af49-5301-51bb-a173-0e6f524ac810,1de781d8-cc08-404a-8612-ff6b3f109f18,source_page_numbers,source_provided,True,True,[1],[1],matched
t160-quality-20261002T163445Z-4654973a-01-IMP-TEXT-r1,IMP-TEXT,1,automatic,1194af49-5301-51bb-a173-0e6f524ac810,1de781d8-cc08-404a-8612-ff6b3f109f18,question_type,source_provided,True,True,SINGLE_CHOICE,SINGLE_CHOICE,matched
t160-quality-20261002T163445Z-4654973a-01-IMP-TEXT-r1,IMP-TEXT,1,automatic,1194af49-5301-51bb-a173-0e6f524ac810,1de781d8-cc08-404a-8612-ff6b3f109f18,content,source_provided,True,True,y = 2x + 1，x = 3 时 y 为多少？,y = 2x + 1，x = 3 时 y 为多少？,matched
t160-quality-20261002T163445Z-4654973a-01-IMP-TEXT-r1,IMP-TEXT,1,automatic,1194af49-5301-51bb-a173-0e6f524ac810,1de781d8-cc08-404a-8612-ff6b3f109f18,options,source_provided,True,False,"{""C"": ""7"", ""A"": ""5"", ""B"": ""6"", ""D"": ""8""}","[""C. 7"", ""A. 5"", ""B. 6"", ""D. 8""]",matched
t160-quality-20261002T163445Z-4654973a-01-IMP-TEXT-r1,IMP-TEXT,1,automatic,1194af49-5301-51bb-a173-0e6f524ac810,1de781d8-cc08-404a-8612-ff6b3f109f18,reference_answer,source_provided,True,True,C,C,matched
t160-quality-20261002T163445Z-4654973a-01-IMP-TEXT-r1,IMP-TEXT,1,automatic,1194af49-5301-51bb-a173-0e6f524ac810,1de781d8-cc08-404a-8612-ff6b3f109f18,analysis,source_provided,True,True,2 × 3 + 1 = 7。,2 × 3 + 1 = 7。,matched
t160-quality-20261002T163445Z-4654973a-01-IMP-TEXT-r1,IMP-TEXT,1,automatic,1194af49-5301-51bb-a173-0e6f524ac810,1de781d8-cc08-404a-8612-ff6b3f109f18,score,source_provided,True,True,2.00,2.00,matched
t160-quality-20261002T163445Z-4654973a-01-IMP-TEXT-r1,IMP-TEXT,1,automatic,1194af49-5301-51bb-a173-0e6f524ac810,1de781d8-cc08-404a-8612-ff6b3f109f18,scoring_rubric,known_missing,True,True,,,matched
t160-quality-20261002T163445Z-4654973a-01-IMP-TEXT-r1,IMP-TEXT,1,automatic,1194af49-5301-51bb-a173-0e6f524ac810,1de781d8-cc08-404a-8612-ff6b3f109f18,knowledge_points,known_missing,True,False,[],,matched
t160-quality-20261002T163445Z-4654973a-01-IMP-TEXT-r1,IMP-TEXT,1,automatic,1194af49-5301-51bb-a173-0e6f524ac810,1de781d8-cc08-404a-8612-ff6b3f109f18,source_regions,unknown,False,,,,reference_unknown
t160-quality-20261002T163445Z-4654973a-01-IMP-TEXT-r1,IMP-TEXT,1,automatic,1194af49-5301-51bb-a173-0e6f524ac810,1de781d8-cc08-404a-8612-ff6b3f109f18,assets,source_provided,True,False,[],,matched
t160-quality-20261002T163445Z-4654973a-01-IMP-TEXT-r1,IMP-TEXT,1,automatic,8e0aecaf-072d-5ed7-9b43-5d33ad202cc1,7f8db72e-6da4-4e31-bb4f-0a85303ae782,question_number,source_provided,True,True,2,2,matched
t160-quality-20261002T163445Z-4654973a-01-IMP-TEXT-r1,IMP-TEXT,1,automatic,8e0aecaf-072d-5ed7-9b43-5d33ad202cc1,7f8db72e-6da4-4e31-bb4f-0a85303ae782,order_index,source_provided,True,True,2,2,matched
t160-quality-20261002T163445Z-4654973a-01-IMP-TEXT-r1,IMP-TEXT,1,automatic,8e0aecaf-072d-5ed7-9b43-5d33ad202cc1,7f8db72e-6da4-4e31-bb4f-0a85303ae782,source_page_numbers,source_provided,True,True,[1],[1],matched
t160-quality-20261002T163445Z-4654973a-01-IMP-TEXT-r1,IMP-TEXT,1,automatic,8e0aecaf-072d-5ed7-9b43-5d33ad202cc1,7f8db72e-6da4-4e31-bb4f-0a85303ae782,question_type,source_provided,True,True,TRUE_FALSE,TRUE_FALSE,matched
t160-quality-20261002T163445Z-4654973a-01-IMP-TEXT-r1,IMP-TEXT,1,automatic,8e0aecaf-072d-5ed7-9b43-5d33ad202cc1,7f8db72e-6da4-4e31-bb4f-0a85303ae782,content,source_provided,True,True,右图三角形面积为 24 cm²。,右图三角形面积为 24 cm²。,matched
t160-quality-20261002T163445Z-4654973a-01-IMP-TEXT-r1,IMP-TEXT,1,automatic,8e0aecaf-072d-5ed7-9b43-5d33ad202cc1,7f8db72e-6da4-4e31-bb4f-0a85303ae782,options,source_provided,True,True,"[""正确"", ""错误""]","[""正确"", ""错误""]",matched
t160-quality-20261002T163445Z-4654973a-01-IMP-TEXT-r1,IMP-TEXT,1,automatic,8e0aecaf-072d-5ed7-9b43-5d33ad202cc1,7f8db72e-6da4-4e31-bb4f-0a85303ae782,reference_answer,known_missing,True,True,,,matched
t160-quality-20261002T163445Z-4654973a-01-IMP-TEXT-r1,IMP-TEXT,1,automatic,8e0aecaf-072d-5ed7-9b43-5d33ad202cc1,7f8db72e-6da4-4e31-bb4f-0a85303ae782,analysis,known_missing,True,True,,,matched
t160-quality-20261002T163445Z-4654973a-01-IMP-TEXT-r1,IMP-TEXT,1,automatic,8e0aecaf-072d-5ed7-9b43-5d33ad202cc1,7f8db72e-6da4-4e31-bb4f-0a85303ae782,score,source_provided,True,True,2.00,2.00,matched
t160-quality-20261002T163445Z-4654973a-01-IMP-TEXT-r1,IMP-TEXT,1,automatic,8e0aecaf-072d-5ed7-9b43-5d33ad202cc1,7f8db72e-6da4-4e31-bb4f-0a85303ae782,scoring_rubric,known_missing,True,True,,,matched
t160-quality-20261002T163445Z-4654973a-01-IMP-TEXT-r1,IMP-TEXT,1,automatic,8e0aecaf-072d-5ed7-9b43-5d33ad202cc1,7f8db72e-6da4-4e31-bb4f-0a85303ae782,knowledge_points,known_missing,True,False,[],,matched
t160-quality-20261002T163445Z-4654973a-01-IMP-TEXT-r1,IMP-TEXT,1,automatic,8e0aecaf-072d-5ed7-9b43-5d33ad202cc1,7f8db72e-6da4-4e31-bb4f-0a85303ae782,source_regions,unknown,False,,,,reference_unknown
t160-quality-20261002T163445Z-4654973a-01-IMP-TEXT-r1,IMP-TEXT,1,automatic,8e0aecaf-072d-5ed7-9b43-5d33ad202cc1,7f8db72e-6da4-4e31-bb4f-0a85303ae782,assets,source_provided,True,False,"[{""asset_type"": ""figure"", ""source_page_number"": 1, ""order_index"": 1}]",,matched
t160-quality-20261002T163445Z-4654973a-01-IMP-TEXT-r1,IMP-TEXT,1,automatic,fdef73bd-f984-58d1-8a53-3eea668a9f83,45061355-3841-43d2-af32-eb4f6e93c76b,question_number,source_provided,True,True,3,3,matched
t160-quality-20261002T163445Z-4654973a-01-IMP-TEXT-r1,IMP-TEXT,1,automatic,fdef73bd-f984-58d1-8a53-3eea668a9f83,45061355-3841-43d2-af32-eb4f6e93c76b,order_index,source_provided,True,True,3,3,matched
t160-quality-20261002T163445Z-4654973a-01-IMP-TEXT-r1,IMP-TEXT,1,automatic,fdef73bd-f984-58d1-8a53-3eea668a9f83,45061355-3841-43d2-af32-eb4f6e93c76b,source_page_numbers,source_provided,True,True,[1],[1],matched
t160-quality-20261002T163445Z-4654973a-01-IMP-TEXT-r1,IMP-TEXT,1,automatic,fdef73bd-f984-58d1-8a53-3eea668a9f83,45061355-3841-43d2-af32-eb4f6e93c76b,question_type,source_provided,True,True,SHORT_ANSWER,SHORT_ANSWER,matched
t160-quality-20261002T163445Z-4654973a-01-IMP-TEXT-r1,IMP-TEXT,1,automatic,fdef73bd-f984-58d1-8a53-3eea668a9f83,45061355-3841-43d2-af32-eb4f6e93c76b,content,source_provided,True,True,根据下表写出 y 关于 x 的关系式。,根据下表写出 y 关于 x 的关系式。,matched
t160-quality-20261002T163445Z-4654973a-01-IMP-TEXT-r1,IMP-TEXT,1,automatic,fdef73bd-f984-58d1-8a53-3eea668a9f83,45061355-3841-43d2-af32-eb4f6e93c76b,options,not_applicable,True,True,,,matched
t160-quality-20261002T163445Z-4654973a-01-IMP-TEXT-r1,IMP-TEXT,1,automatic,fdef73bd-f984-58d1-8a53-3eea668a9f83,45061355-3841-43d2-af32-eb4f6e93c76b,reference_answer,known_missing,True,True,,,matched
t160-quality-20261002T163445Z-4654973a-01-IMP-TEXT-r1,IMP-TEXT,1,automatic,fdef73bd-f984-58d1-8a53-3eea668a9f83,45061355-3841-43d2-af32-eb4f6e93c76b,analysis,known_missing,True,True,,,matched
t160-quality-20261002T163445Z-4654973a-01-IMP-TEXT-r1,IMP-TEXT,1,automatic,fdef73bd-f984-58d1-8a53-3eea668a9f83,45061355-3841-43d2-af32-eb4f6e93c76b,score,source_provided,True,True,3.00,3.00,matched
t160-quality-20261002T163445Z-4654973a-01-IMP-TEXT-r1,IMP-TEXT,1,automatic,fdef73bd-f984-58d1-8a53-3eea668a9f83,45061355-3841-43d2-af32-eb4f6e93c76b,scoring_rubric,source_provided,True,True,正确关系式 1.00；说明代入过程 2.00。,正确关系式 1.00；说明代入过程 2.00。,matched
t160-quality-20261002T163445Z-4654973a-01-IMP-TEXT-r1,IMP-TEXT,1,automatic,fdef73bd-f984-58d1-8a53-3eea668a9f83,45061355-3841-43d2-af32-eb4f6e93c76b,knowledge_points,source_provided,True,True,"[""一次函数"", ""表达与计算""]","[""一次函数"", ""表达与计算""]",matched
t160-quality-20261002T163445Z-4654973a-01-IMP-TEXT-r1,IMP-TEXT,1,automatic,fdef73bd-f984-58d1-8a53-3eea668a9f83,45061355-3841-43d2-af32-eb4f6e93c76b,source_regions,unknown,False,,,,reference_unknown
t160-quality-20261002T163445Z-4654973a-01-IMP-TEXT-r1,IMP-TEXT,1,automatic,fdef73bd-f984-58d1-8a53-3eea668a9f83,45061355-3841-43d2-af32-eb4f6e93c76b,assets,source_provided,True,False,"[{""asset_type"": ""table"", ""source_page_number"": 1, ""order_index"": 1}]",,matched
t160-quality-20261002T163445Z-4654973a-01-IMP-TEXT-r1,IMP-TEXT,1,assisted_corrected,1194af49-5301-51bb-a173-0e6f524ac810,1de781d8-cc08-404a-8612-ff6b3f109f18,question_number,source_provided,True,True,1,1,matched
t160-quality-20261002T163445Z-4654973a-01-IMP-TEXT-r1,IMP-TEXT,1,assisted_corrected,1194af49-5301-51bb-a173-0e6f524ac810,1de781d8-cc08-404a-8612-ff6b3f109f18,order_index,source_provided,True,True,1,1,matched
t160-quality-20261002T163445Z-4654973a-01-IMP-TEXT-r1,IMP-TEXT,1,assisted_corrected,1194af49-5301-51bb-a173-0e6f524ac810,1de781d8-cc08-404a-8612-ff6b3f109f18,source_page_numbers,source_provided,True,True,[1],[1],matched
t160-quality-20261002T163445Z-4654973a-01-IMP-TEXT-r1,IMP-TEXT,1,assisted_corrected,1194af49-5301-51bb-a173-0e6f524ac810,1de781d8-cc08-404a-8612-ff6b3f109f18,question_type,source_provided,True,True,SINGLE_CHOICE,SINGLE_CHOICE,matched
t160-quality-20261002T163445Z-4654973a-01-IMP-TEXT-r1,IMP-TEXT,1,assisted_corrected,1194af49-5301-51bb-a173-0e6f524ac810,1de781d8-cc08-404a-8612-ff6b3f109f18,content,source_provided,True,True,y = 2x + 1，x = 3 时 y 为多少？,y = 2x + 1，x = 3 时 y 为多少？,matched
t160-quality-20261002T163445Z-4654973a-01-IMP-TEXT-r1,IMP-TEXT,1,assisted_corrected,1194af49-5301-51bb-a173-0e6f524ac810,1de781d8-cc08-404a-8612-ff6b3f109f18,options,source_provided,True,True,"{""C"": ""7"", ""A"": ""5"", ""B"": ""6"", ""D"": ""8""}","{""C"": ""7"", ""A"": ""5"", ""B"": ""6"", ""D"": ""8""}",matched
t160-quality-20261002T163445Z-4654973a-01-IMP-TEXT-r1,IMP-TEXT,1,assisted_corrected,1194af49-5301-51bb-a173-0e6f524ac810,1de781d8-cc08-404a-8612-ff6b3f109f18,reference_answer,source_provided,True,True,C,C,matched
t160-quality-20261002T163445Z-4654973a-01-IMP-TEXT-r1,IMP-TEXT,1,assisted_corrected,1194af49-5301-51bb-a173-0e6f524ac810,1de781d8-cc08-404a-8612-ff6b3f109f18,analysis,source_provided,True,True,2 × 3 + 1 = 7。,2 × 3 + 1 = 7。,matched
t160-quality-20261002T163445Z-4654973a-01-IMP-TEXT-r1,IMP-TEXT,1,assisted_corrected,1194af49-5301-51bb-a173-0e6f524ac810,1de781d8-cc08-404a-8612-ff6b3f109f18,score,source_provided,True,True,2.00,2.00,matched
t160-quality-20261002T163445Z-4654973a-01-IMP-TEXT-r1,IMP-TEXT,1,assisted_corrected,1194af49-5301-51bb-a173-0e6f524ac810,1de781d8-cc08-404a-8612-ff6b3f109f18,scoring_rubric,known_missing,True,True,,,matched
t160-quality-20261002T163445Z-4654973a-01-IMP-TEXT-r1,IMP-TEXT,1,assisted_corrected,1194af49-5301-51bb-a173-0e6f524ac810,1de781d8-cc08-404a-8612-ff6b3f109f18,knowledge_points,known_missing,True,True,[],[],matched
t160-quality-20261002T163445Z-4654973a-01-IMP-TEXT-r1,IMP-TEXT,1,assisted_corrected,1194af49-5301-51bb-a173-0e6f524ac810,1de781d8-cc08-404a-8612-ff6b3f109f18,source_regions,unknown,False,,,,reference_unknown
t160-quality-20261002T163445Z-4654973a-01-IMP-TEXT-r1,IMP-TEXT,1,assisted_corrected,1194af49-5301-51bb-a173-0e6f524ac810,1de781d8-cc08-404a-8612-ff6b3f109f18,assets,source_provided,True,True,[],[],matched
t160-quality-20261002T163445Z-4654973a-01-IMP-TEXT-r1,IMP-TEXT,1,assisted_corrected,8e0aecaf-072d-5ed7-9b43-5d33ad202cc1,7f8db72e-6da4-4e31-bb4f-0a85303ae782,question_number,source_provided,True,True,2,2,matched
t160-quality-20261002T163445Z-4654973a-01-IMP-TEXT-r1,IMP-TEXT,1,assisted_corrected,8e0aecaf-072d-5ed7-9b43-5d33ad202cc1,7f8db72e-6da4-4e31-bb4f-0a85303ae782,order_index,source_provided,True,True,2,2,matched
t160-quality-20261002T163445Z-4654973a-01-IMP-TEXT-r1,IMP-TEXT,1,assisted_corrected,8e0aecaf-072d-5ed7-9b43-5d33ad202cc1,7f8db72e-6da4-4e31-bb4f-0a85303ae782,source_page_numbers,source_provided,True,True,[1],[1],matched
t160-quality-20261002T163445Z-4654973a-01-IMP-TEXT-r1,IMP-TEXT,1,assisted_corrected,8e0aecaf-072d-5ed7-9b43-5d33ad202cc1,7f8db72e-6da4-4e31-bb4f-0a85303ae782,question_type,source_provided,True,True,TRUE_FALSE,TRUE_FALSE,matched
t160-quality-20261002T163445Z-4654973a-01-IMP-TEXT-r1,IMP-TEXT,1,assisted_corrected,8e0aecaf-072d-5ed7-9b43-5d33ad202cc1,7f8db72e-6da4-4e31-bb4f-0a85303ae782,content,source_provided,True,True,右图三角形面积为 24 cm²。,右图三角形面积为 24 cm²。,matched
t160-quality-20261002T163445Z-4654973a-01-IMP-TEXT-r1,IMP-TEXT,1,assisted_corrected,8e0aecaf-072d-5ed7-9b43-5d33ad202cc1,7f8db72e-6da4-4e31-bb4f-0a85303ae782,options,source_provided,True,True,"[""正确"", ""错误""]","[""正确"", ""错误""]",matched
t160-quality-20261002T163445Z-4654973a-01-IMP-TEXT-r1,IMP-TEXT,1,assisted_corrected,8e0aecaf-072d-5ed7-9b43-5d33ad202cc1,7f8db72e-6da4-4e31-bb4f-0a85303ae782,reference_answer,known_missing,True,True,,,matched
t160-quality-20261002T163445Z-4654973a-01-IMP-TEXT-r1,IMP-TEXT,1,assisted_corrected,8e0aecaf-072d-5ed7-9b43-5d33ad202cc1,7f8db72e-6da4-4e31-bb4f-0a85303ae782,analysis,known_missing,True,True,,,matched
t160-quality-20261002T163445Z-4654973a-01-IMP-TEXT-r1,IMP-TEXT,1,assisted_corrected,8e0aecaf-072d-5ed7-9b43-5d33ad202cc1,7f8db72e-6da4-4e31-bb4f-0a85303ae782,score,source_provided,True,True,2.00,2.00,matched
t160-quality-20261002T163445Z-4654973a-01-IMP-TEXT-r1,IMP-TEXT,1,assisted_corrected,8e0aecaf-072d-5ed7-9b43-5d33ad202cc1,7f8db72e-6da4-4e31-bb4f-0a85303ae782,scoring_rubric,known_missing,True,True,,,matched
t160-quality-20261002T163445Z-4654973a-01-IMP-TEXT-r1,IMP-TEXT,1,assisted_corrected,8e0aecaf-072d-5ed7-9b43-5d33ad202cc1,7f8db72e-6da4-4e31-bb4f-0a85303ae782,knowledge_points,known_missing,True,True,[],[],matched
t160-quality-20261002T163445Z-4654973a-01-IMP-TEXT-r1,IMP-TEXT,1,assisted_corrected,8e0aecaf-072d-5ed7-9b43-5d33ad202cc1,7f8db72e-6da4-4e31-bb4f-0a85303ae782,source_regions,unknown,False,,,,reference_unknown
t160-quality-20261002T163445Z-4654973a-01-IMP-TEXT-r1,IMP-TEXT,1,assisted_corrected,8e0aecaf-072d-5ed7-9b43-5d33ad202cc1,7f8db72e-6da4-4e31-bb4f-0a85303ae782,assets,source_provided,True,False,"[{""asset_type"": ""figure"", ""source_page_number"": 1, ""order_index"": 1}]",,matched
t160-quality-20261002T163445Z-4654973a-01-IMP-TEXT-r1,IMP-TEXT,1,assisted_corrected,fdef73bd-f984-58d1-8a53-3eea668a9f83,45061355-3841-43d2-af32-eb4f6e93c76b,question_number,source_provided,True,True,3,3,matched
t160-quality-20261002T163445Z-4654973a-01-IMP-TEXT-r1,IMP-TEXT,1,assisted_corrected,fdef73bd-f984-58d1-8a53-3eea668a9f83,45061355-3841-43d2-af32-eb4f6e93c76b,order_index,source_provided,True,True,3,3,matched
t160-quality-20261002T163445Z-4654973a-01-IMP-TEXT-r1,IMP-TEXT,1,assisted_corrected,fdef73bd-f984-58d1-8a53-3eea668a9f83,45061355-3841-43d2-af32-eb4f6e93c76b,source_page_numbers,source_provided,True,True,[1],[1],matched
t160-quality-20261002T163445Z-4654973a-01-IMP-TEXT-r1,IMP-TEXT,1,assisted_corrected,fdef73bd-f984-58d1-8a53-3eea668a9f83,45061355-3841-43d2-af32-eb4f6e93c76b,question_type,source_provided,True,True,SHORT_ANSWER,SHORT_ANSWER,matched
t160-quality-20261002T163445Z-4654973a-01-IMP-TEXT-r1,IMP-TEXT,1,assisted_corrected,fdef73bd-f984-58d1-8a53-3eea668a9f83,45061355-3841-43d2-af32-eb4f6e93c76b,content,source_provided,True,True,根据下表写出 y 关于 x 的关系式。,根据下表写出 y 关于 x 的关系式。,matched
t160-quality-20261002T163445Z-4654973a-01-IMP-TEXT-r1,IMP-TEXT,1,assisted_corrected,fdef73bd-f984-58d1-8a53-3eea668a9f83,45061355-3841-43d2-af32-eb4f6e93c76b,options,not_applicable,True,True,,,matched
t160-quality-20261002T163445Z-4654973a-01-IMP-TEXT-r1,IMP-TEXT,1,assisted_corrected,fdef73bd-f984-58d1-8a53-3eea668a9f83,45061355-3841-43d2-af32-eb4f6e93c76b,reference_answer,known_missing,True,True,,,matched
t160-quality-20261002T163445Z-4654973a-01-IMP-TEXT-r1,IMP-TEXT,1,assisted_corrected,fdef73bd-f984-58d1-8a53-3eea668a9f83,45061355-3841-43d2-af32-eb4f6e93c76b,analysis,known_missing,True,True,,,matched
t160-quality-20261002T163445Z-4654973a-01-IMP-TEXT-r1,IMP-TEXT,1,assisted_corrected,fdef73bd-f984-58d1-8a53-3eea668a9f83,45061355-3841-43d2-af32-eb4f6e93c76b,score,source_provided,True,True,3.00,3.00,matched
t160-quality-20261002T163445Z-4654973a-01-IMP-TEXT-r1,IMP-TEXT,1,assisted_corrected,fdef73bd-f984-58d1-8a53-3eea668a9f83,45061355-3841-43d2-af32-eb4f6e93c76b,scoring_rubric,source_provided,True,True,正确关系式 1.00；说明代入过程 2.00。,正确关系式 1.00；说明代入过程 2.00。,matched
t160-quality-20261002T163445Z-4654973a-01-IMP-TEXT-r1,IMP-TEXT,1,assisted_corrected,fdef73bd-f984-58d1-8a53-3eea668a9f83,45061355-3841-43d2-af32-eb4f6e93c76b,knowledge_points,source_provided,True,True,"[""一次函数"", ""表达与计算""]","[""一次函数"", ""表达与计算""]",matched
t160-quality-20261002T163445Z-4654973a-01-IMP-TEXT-r1,IMP-TEXT,1,assisted_corrected,fdef73bd-f984-58d1-8a53-3eea668a9f83,45061355-3841-43d2-af32-eb4f6e93c76b,source_regions,unknown,False,,,,reference_unknown
t160-quality-20261002T163445Z-4654973a-01-IMP-TEXT-r1,IMP-TEXT,1,assisted_corrected,fdef73bd-f984-58d1-8a53-3eea668a9f83,45061355-3841-43d2-af32-eb4f6e93c76b,assets,source_provided,True,False,"[{""asset_type"": ""table"", ""source_page_number"": 1, ""order_index"": 1}]",,matched
t160-quality-20261002T163445Z-4654973a-02-IMP-TEXT-r2,IMP-TEXT,2,automatic,1194af49-5301-51bb-a173-0e6f524ac810,ae47c930-21e9-4039-880f-338aab8691b7,question_number,source_provided,True,True,1,1,matched
t160-quality-20261002T163445Z-4654973a-02-IMP-TEXT-r2,IMP-TEXT,2,automatic,1194af49-5301-51bb-a173-0e6f524ac810,ae47c930-21e9-4039-880f-338aab8691b7,order_index,source_provided,True,True,1,1,matched
t160-quality-20261002T163445Z-4654973a-02-IMP-TEXT-r2,IMP-TEXT,2,automatic,1194af49-5301-51bb-a173-0e6f524ac810,ae47c930-21e9-4039-880f-338aab8691b7,source_page_numbers,source_provided,True,True,[1],[1],matched
t160-quality-20261002T163445Z-4654973a-02-IMP-TEXT-r2,IMP-TEXT,2,automatic,1194af49-5301-51bb-a173-0e6f524ac810,ae47c930-21e9-4039-880f-338aab8691b7,question_type,source_provided,True,True,SINGLE_CHOICE,SINGLE_CHOICE,matched
t160-quality-20261002T163445Z-4654973a-02-IMP-TEXT-r2,IMP-TEXT,2,automatic,1194af49-5301-51bb-a173-0e6f524ac810,ae47c930-21e9-4039-880f-338aab8691b7,content,source_provided,True,False,y = 2x + 1，x = 3 时 y 为多少？,单选：y = 2x + 1，x = 3 时 y 为多少？,matched
t160-quality-20261002T163445Z-4654973a-02-IMP-TEXT-r2,IMP-TEXT,2,automatic,1194af49-5301-51bb-a173-0e6f524ac810,ae47c930-21e9-4039-880f-338aab8691b7,options,source_provided,True,True,"{""C"": ""7"", ""A"": ""5"", ""B"": ""6"", ""D"": ""8""}","{""C"": ""7"", ""A"": ""5"", ""B"": ""6"", ""D"": ""8""}",matched
t160-quality-20261002T163445Z-4654973a-02-IMP-TEXT-r2,IMP-TEXT,2,automatic,1194af49-5301-51bb-a173-0e6f524ac810,ae47c930-21e9-4039-880f-338aab8691b7,reference_answer,source_provided,True,True,C,C,matched
t160-quality-20261002T163445Z-4654973a-02-IMP-TEXT-r2,IMP-TEXT,2,automatic,1194af49-5301-51bb-a173-0e6f524ac810,ae47c930-21e9-4039-880f-338aab8691b7,analysis,source_provided,True,True,2 × 3 + 1 = 7。,2 × 3 + 1 = 7。,matched
t160-quality-20261002T163445Z-4654973a-02-IMP-TEXT-r2,IMP-TEXT,2,automatic,1194af49-5301-51bb-a173-0e6f524ac810,ae47c930-21e9-4039-880f-338aab8691b7,score,source_provided,True,True,2.00,2.00,matched
t160-quality-20261002T163445Z-4654973a-02-IMP-TEXT-r2,IMP-TEXT,2,automatic,1194af49-5301-51bb-a173-0e6f524ac810,ae47c930-21e9-4039-880f-338aab8691b7,scoring_rubric,known_missing,True,True,,,matched
t160-quality-20261002T163445Z-4654973a-02-IMP-TEXT-r2,IMP-TEXT,2,automatic,1194af49-5301-51bb-a173-0e6f524ac810,ae47c930-21e9-4039-880f-338aab8691b7,knowledge_points,known_missing,True,False,[],,matched
t160-quality-20261002T163445Z-4654973a-02-IMP-TEXT-r2,IMP-TEXT,2,automatic,1194af49-5301-51bb-a173-0e6f524ac810,ae47c930-21e9-4039-880f-338aab8691b7,source_regions,unknown,False,,,,reference_unknown
t160-quality-20261002T163445Z-4654973a-02-IMP-TEXT-r2,IMP-TEXT,2,automatic,1194af49-5301-51bb-a173-0e6f524ac810,ae47c930-21e9-4039-880f-338aab8691b7,assets,source_provided,True,False,[],,matched
t160-quality-20261002T163445Z-4654973a-02-IMP-TEXT-r2,IMP-TEXT,2,automatic,8e0aecaf-072d-5ed7-9b43-5d33ad202cc1,8043ffc3-2f48-4c23-ad5e-2f909942cb3a,question_number,source_provided,True,True,2,2,matched
t160-quality-20261002T163445Z-4654973a-02-IMP-TEXT-r2,IMP-TEXT,2,automatic,8e0aecaf-072d-5ed7-9b43-5d33ad202cc1,8043ffc3-2f48-4c23-ad5e-2f909942cb3a,order_index,source_provided,True,True,2,2,matched
t160-quality-20261002T163445Z-4654973a-02-IMP-TEXT-r2,IMP-TEXT,2,automatic,8e0aecaf-072d-5ed7-9b43-5d33ad202cc1,8043ffc3-2f48-4c23-ad5e-2f909942cb3a,source_page_numbers,source_provided,True,True,[1],[1],matched
t160-quality-20261002T163445Z-4654973a-02-IMP-TEXT-r2,IMP-TEXT,2,automatic,8e0aecaf-072d-5ed7-9b43-5d33ad202cc1,8043ffc3-2f48-4c23-ad5e-2f909942cb3a,question_type,source_provided,True,True,TRUE_FALSE,TRUE_FALSE,matched
t160-quality-20261002T163445Z-4654973a-02-IMP-TEXT-r2,IMP-TEXT,2,automatic,8e0aecaf-072d-5ed7-9b43-5d33ad202cc1,8043ffc3-2f48-4c23-ad5e-2f909942cb3a,content,source_provided,True,False,右图三角形面积为 24 cm²。,判断：右图三角形面积为 24 cm²。,matched
t160-quality-20261002T163445Z-4654973a-02-IMP-TEXT-r2,IMP-TEXT,2,automatic,8e0aecaf-072d-5ed7-9b43-5d33ad202cc1,8043ffc3-2f48-4c23-ad5e-2f909942cb3a,options,source_provided,True,True,"[""正确"", ""错误""]","[""正确"", ""错误""]",matched
t160-quality-20261002T163445Z-4654973a-02-IMP-TEXT-r2,IMP-TEXT,2,automatic,8e0aecaf-072d-5ed7-9b43-5d33ad202cc1,8043ffc3-2f48-4c23-ad5e-2f909942cb3a,reference_answer,known_missing,True,True,,,matched
t160-quality-20261002T163445Z-4654973a-02-IMP-TEXT-r2,IMP-TEXT,2,automatic,8e0aecaf-072d-5ed7-9b43-5d33ad202cc1,8043ffc3-2f48-4c23-ad5e-2f909942cb3a,analysis,known_missing,True,True,,,matched
t160-quality-20261002T163445Z-4654973a-02-IMP-TEXT-r2,IMP-TEXT,2,automatic,8e0aecaf-072d-5ed7-9b43-5d33ad202cc1,8043ffc3-2f48-4c23-ad5e-2f909942cb3a,score,source_provided,True,True,2.00,2.00,matched
t160-quality-20261002T163445Z-4654973a-02-IMP-TEXT-r2,IMP-TEXT,2,automatic,8e0aecaf-072d-5ed7-9b43-5d33ad202cc1,8043ffc3-2f48-4c23-ad5e-2f909942cb3a,scoring_rubric,known_missing,True,True,,,matched
t160-quality-20261002T163445Z-4654973a-02-IMP-TEXT-r2,IMP-TEXT,2,automatic,8e0aecaf-072d-5ed7-9b43-5d33ad202cc1,8043ffc3-2f48-4c23-ad5e-2f909942cb3a,knowledge_points,known_missing,True,False,[],,matched
t160-quality-20261002T163445Z-4654973a-02-IMP-TEXT-r2,IMP-TEXT,2,automatic,8e0aecaf-072d-5ed7-9b43-5d33ad202cc1,8043ffc3-2f48-4c23-ad5e-2f909942cb3a,source_regions,unknown,False,,,,reference_unknown
t160-quality-20261002T163445Z-4654973a-02-IMP-TEXT-r2,IMP-TEXT,2,automatic,8e0aecaf-072d-5ed7-9b43-5d33ad202cc1,8043ffc3-2f48-4c23-ad5e-2f909942cb3a,assets,source_provided,True,False,"[{""asset_type"": ""figure"", ""source_page_number"": 1, ""order_index"": 1}]",,matched
t160-quality-20261002T163445Z-4654973a-02-IMP-TEXT-r2,IMP-TEXT,2,automatic,fdef73bd-f984-58d1-8a53-3eea668a9f83,7f2dab28-3c39-4cde-a386-da003a1bdf5f,question_number,source_provided,True,True,3,3,matched
t160-quality-20261002T163445Z-4654973a-02-IMP-TEXT-r2,IMP-TEXT,2,automatic,fdef73bd-f984-58d1-8a53-3eea668a9f83,7f2dab28-3c39-4cde-a386-da003a1bdf5f,order_index,source_provided,True,True,3,3,matched
t160-quality-20261002T163445Z-4654973a-02-IMP-TEXT-r2,IMP-TEXT,2,automatic,fdef73bd-f984-58d1-8a53-3eea668a9f83,7f2dab28-3c39-4cde-a386-da003a1bdf5f,source_page_numbers,source_provided,True,True,[1],[1],matched
t160-quality-20261002T163445Z-4654973a-02-IMP-TEXT-r2,IMP-TEXT,2,automatic,fdef73bd-f984-58d1-8a53-3eea668a9f83,7f2dab28-3c39-4cde-a386-da003a1bdf5f,question_type,source_provided,True,True,SHORT_ANSWER,SHORT_ANSWER,matched
t160-quality-20261002T163445Z-4654973a-02-IMP-TEXT-r2,IMP-TEXT,2,automatic,fdef73bd-f984-58d1-8a53-3eea668a9f83,7f2dab28-3c39-4cde-a386-da003a1bdf5f,content,source_provided,True,False,根据下表写出 y 关于 x 的关系式。,简答：根据下表写出 y 关于 x 的关系式。,matched
t160-quality-20261002T163445Z-4654973a-02-IMP-TEXT-r2,IMP-TEXT,2,automatic,fdef73bd-f984-58d1-8a53-3eea668a9f83,7f2dab28-3c39-4cde-a386-da003a1bdf5f,options,not_applicable,True,True,,,matched
t160-quality-20261002T163445Z-4654973a-02-IMP-TEXT-r2,IMP-TEXT,2,automatic,fdef73bd-f984-58d1-8a53-3eea668a9f83,7f2dab28-3c39-4cde-a386-da003a1bdf5f,reference_answer,known_missing,True,True,,,matched
t160-quality-20261002T163445Z-4654973a-02-IMP-TEXT-r2,IMP-TEXT,2,automatic,fdef73bd-f984-58d1-8a53-3eea668a9f83,7f2dab28-3c39-4cde-a386-da003a1bdf5f,analysis,known_missing,True,True,,,matched
t160-quality-20261002T163445Z-4654973a-02-IMP-TEXT-r2,IMP-TEXT,2,automatic,fdef73bd-f984-58d1-8a53-3eea668a9f83,7f2dab28-3c39-4cde-a386-da003a1bdf5f,score,source_provided,True,True,3.00,3.00,matched
t160-quality-20261002T163445Z-4654973a-02-IMP-TEXT-r2,IMP-TEXT,2,automatic,fdef73bd-f984-58d1-8a53-3eea668a9f83,7f2dab28-3c39-4cde-a386-da003a1bdf5f,scoring_rubric,source_provided,True,False,正确关系式 1.00；说明代入过程 2.00。,评分要点：正确关系式 1.00；说明代入过程 2.00。,matched
t160-quality-20261002T163445Z-4654973a-02-IMP-TEXT-r2,IMP-TEXT,2,automatic,fdef73bd-f984-58d1-8a53-3eea668a9f83,7f2dab28-3c39-4cde-a386-da003a1bdf5f,knowledge_points,source_provided,True,True,"[""一次函数"", ""表达与计算""]","[""一次函数"", ""表达与计算""]",matched
t160-quality-20261002T163445Z-4654973a-02-IMP-TEXT-r2,IMP-TEXT,2,automatic,fdef73bd-f984-58d1-8a53-3eea668a9f83,7f2dab28-3c39-4cde-a386-da003a1bdf5f,source_regions,unknown,False,,,,reference_unknown
t160-quality-20261002T163445Z-4654973a-02-IMP-TEXT-r2,IMP-TEXT,2,automatic,fdef73bd-f984-58d1-8a53-3eea668a9f83,7f2dab28-3c39-4cde-a386-da003a1bdf5f,assets,source_provided,True,False,"[{""asset_type"": ""table"", ""source_page_number"": 1, ""order_index"": 1}]",,matched
t160-quality-20261002T163445Z-4654973a-02-IMP-TEXT-r2,IMP-TEXT,2,assisted_corrected,1194af49-5301-51bb-a173-0e6f524ac810,ae47c930-21e9-4039-880f-338aab8691b7,question_number,source_provided,True,True,1,1,matched
t160-quality-20261002T163445Z-4654973a-02-IMP-TEXT-r2,IMP-TEXT,2,assisted_corrected,1194af49-5301-51bb-a173-0e6f524ac810,ae47c930-21e9-4039-880f-338aab8691b7,order_index,source_provided,True,True,1,1,matched
t160-quality-20261002T163445Z-4654973a-02-IMP-TEXT-r2,IMP-TEXT,2,assisted_corrected,1194af49-5301-51bb-a173-0e6f524ac810,ae47c930-21e9-4039-880f-338aab8691b7,source_page_numbers,source_provided,True,True,[1],[1],matched
t160-quality-20261002T163445Z-4654973a-02-IMP-TEXT-r2,IMP-TEXT,2,assisted_corrected,1194af49-5301-51bb-a173-0e6f524ac810,ae47c930-21e9-4039-880f-338aab8691b7,question_type,source_provided,True,True,SINGLE_CHOICE,SINGLE_CHOICE,matched
t160-quality-20261002T163445Z-4654973a-02-IMP-TEXT-r2,IMP-TEXT,2,assisted_corrected,1194af49-5301-51bb-a173-0e6f524ac810,ae47c930-21e9-4039-880f-338aab8691b7,content,source_provided,True,True,y = 2x + 1，x = 3 时 y 为多少？,y = 2x + 1，x = 3 时 y 为多少？,matched
t160-quality-20261002T163445Z-4654973a-02-IMP-TEXT-r2,IMP-TEXT,2,assisted_corrected,1194af49-5301-51bb-a173-0e6f524ac810,ae47c930-21e9-4039-880f-338aab8691b7,options,source_provided,True,True,"{""C"": ""7"", ""A"": ""5"", ""B"": ""6"", ""D"": ""8""}","{""C"": ""7"", ""A"": ""5"", ""B"": ""6"", ""D"": ""8""}",matched
t160-quality-20261002T163445Z-4654973a-02-IMP-TEXT-r2,IMP-TEXT,2,assisted_corrected,1194af49-5301-51bb-a173-0e6f524ac810,ae47c930-21e9-4039-880f-338aab8691b7,reference_answer,source_provided,True,True,C,C,matched
t160-quality-20261002T163445Z-4654973a-02-IMP-TEXT-r2,IMP-TEXT,2,assisted_corrected,1194af49-5301-51bb-a173-0e6f524ac810,ae47c930-21e9-4039-880f-338aab8691b7,analysis,source_provided,True,True,2 × 3 + 1 = 7。,2 × 3 + 1 = 7。,matched
t160-quality-20261002T163445Z-4654973a-02-IMP-TEXT-r2,IMP-TEXT,2,assisted_corrected,1194af49-5301-51bb-a173-0e6f524ac810,ae47c930-21e9-4039-880f-338aab8691b7,score,source_provided,True,True,2.00,2.00,matched
t160-quality-20261002T163445Z-4654973a-02-IMP-TEXT-r2,IMP-TEXT,2,assisted_corrected,1194af49-5301-51bb-a173-0e6f524ac810,ae47c930-21e9-4039-880f-338aab8691b7,scoring_rubric,known_missing,True,True,,,matched
t160-quality-20261002T163445Z-4654973a-02-IMP-TEXT-r2,IMP-TEXT,2,assisted_corrected,1194af49-5301-51bb-a173-0e6f524ac810,ae47c930-21e9-4039-880f-338aab8691b7,knowledge_points,known_missing,True,True,[],[],matched
t160-quality-20261002T163445Z-4654973a-02-IMP-TEXT-r2,IMP-TEXT,2,assisted_corrected,1194af49-5301-51bb-a173-0e6f524ac810,ae47c930-21e9-4039-880f-338aab8691b7,source_regions,unknown,False,,,,reference_unknown
t160-quality-20261002T163445Z-4654973a-02-IMP-TEXT-r2,IMP-TEXT,2,assisted_corrected,1194af49-5301-51bb-a173-0e6f524ac810,ae47c930-21e9-4039-880f-338aab8691b7,assets,source_provided,True,True,[],[],matched
t160-quality-20261002T163445Z-4654973a-02-IMP-TEXT-r2,IMP-TEXT,2,assisted_corrected,8e0aecaf-072d-5ed7-9b43-5d33ad202cc1,8043ffc3-2f48-4c23-ad5e-2f909942cb3a,question_number,source_provided,True,True,2,2,matched
t160-quality-20261002T163445Z-4654973a-02-IMP-TEXT-r2,IMP-TEXT,2,assisted_corrected,8e0aecaf-072d-5ed7-9b43-5d33ad202cc1,8043ffc3-2f48-4c23-ad5e-2f909942cb3a,order_index,source_provided,True,True,2,2,matched
t160-quality-20261002T163445Z-4654973a-02-IMP-TEXT-r2,IMP-TEXT,2,assisted_corrected,8e0aecaf-072d-5ed7-9b43-5d33ad202cc1,8043ffc3-2f48-4c23-ad5e-2f909942cb3a,source_page_numbers,source_provided,True,True,[1],[1],matched
t160-quality-20261002T163445Z-4654973a-02-IMP-TEXT-r2,IMP-TEXT,2,assisted_corrected,8e0aecaf-072d-5ed7-9b43-5d33ad202cc1,8043ffc3-2f48-4c23-ad5e-2f909942cb3a,question_type,source_provided,True,True,TRUE_FALSE,TRUE_FALSE,matched
t160-quality-20261002T163445Z-4654973a-02-IMP-TEXT-r2,IMP-TEXT,2,assisted_corrected,8e0aecaf-072d-5ed7-9b43-5d33ad202cc1,8043ffc3-2f48-4c23-ad5e-2f909942cb3a,content,source_provided,True,True,右图三角形面积为 24 cm²。,右图三角形面积为 24 cm²。,matched
t160-quality-20261002T163445Z-4654973a-02-IMP-TEXT-r2,IMP-TEXT,2,assisted_corrected,8e0aecaf-072d-5ed7-9b43-5d33ad202cc1,8043ffc3-2f48-4c23-ad5e-2f909942cb3a,options,source_provided,True,True,"[""正确"", ""错误""]","[""正确"", ""错误""]",matched
t160-quality-20261002T163445Z-4654973a-02-IMP-TEXT-r2,IMP-TEXT,2,assisted_corrected,8e0aecaf-072d-5ed7-9b43-5d33ad202cc1,8043ffc3-2f48-4c23-ad5e-2f909942cb3a,reference_answer,known_missing,True,True,,,matched
t160-quality-20261002T163445Z-4654973a-02-IMP-TEXT-r2,IMP-TEXT,2,assisted_corrected,8e0aecaf-072d-5ed7-9b43-5d33ad202cc1,8043ffc3-2f48-4c23-ad5e-2f909942cb3a,analysis,known_missing,True,True,,,matched
t160-quality-20261002T163445Z-4654973a-02-IMP-TEXT-r2,IMP-TEXT,2,assisted_corrected,8e0aecaf-072d-5ed7-9b43-5d33ad202cc1,8043ffc3-2f48-4c23-ad5e-2f909942cb3a,score,source_provided,True,True,2.00,2.00,matched
t160-quality-20261002T163445Z-4654973a-02-IMP-TEXT-r2,IMP-TEXT,2,assisted_corrected,8e0aecaf-072d-5ed7-9b43-5d33ad202cc1,8043ffc3-2f48-4c23-ad5e-2f909942cb3a,scoring_rubric,known_missing,True,True,,,matched
t160-quality-20261002T163445Z-4654973a-02-IMP-TEXT-r2,IMP-TEXT,2,assisted_corrected,8e0aecaf-072d-5ed7-9b43-5d33ad202cc1,8043ffc3-2f48-4c23-ad5e-2f909942cb3a,knowledge_points,known_missing,True,True,[],[],matched
t160-quality-20261002T163445Z-4654973a-02-IMP-TEXT-r2,IMP-TEXT,2,assisted_corrected,8e0aecaf-072d-5ed7-9b43-5d33ad202cc1,8043ffc3-2f48-4c23-ad5e-2f909942cb3a,source_regions,unknown,False,,,,reference_unknown
t160-quality-20261002T163445Z-4654973a-02-IMP-TEXT-r2,IMP-TEXT,2,assisted_corrected,8e0aecaf-072d-5ed7-9b43-5d33ad202cc1,8043ffc3-2f48-4c23-ad5e-2f909942cb3a,assets,source_provided,True,False,"[{""asset_type"": ""figure"", ""source_page_number"": 1, ""order_index"": 1}]",,matched
t160-quality-20261002T163445Z-4654973a-02-IMP-TEXT-r2,IMP-TEXT,2,assisted_corrected,fdef73bd-f984-58d1-8a53-3eea668a9f83,7f2dab28-3c39-4cde-a386-da003a1bdf5f,question_number,source_provided,True,True,3,3,matched
t160-quality-20261002T163445Z-4654973a-02-IMP-TEXT-r2,IMP-TEXT,2,assisted_corrected,fdef73bd-f984-58d1-8a53-3eea668a9f83,7f2dab28-3c39-4cde-a386-da003a1bdf5f,order_index,source_provided,True,True,3,3,matched
t160-quality-20261002T163445Z-4654973a-02-IMP-TEXT-r2,IMP-TEXT,2,assisted_corrected,fdef73bd-f984-58d1-8a53-3eea668a9f83,7f2dab28-3c39-4cde-a386-da003a1bdf5f,source_page_numbers,source_provided,True,True,[1],[1],matched
t160-quality-20261002T163445Z-4654973a-02-IMP-TEXT-r2,IMP-TEXT,2,assisted_corrected,fdef73bd-f984-58d1-8a53-3eea668a9f83,7f2dab28-3c39-4cde-a386-da003a1bdf5f,question_type,source_provided,True,True,SHORT_ANSWER,SHORT_ANSWER,matched
t160-quality-20261002T163445Z-4654973a-02-IMP-TEXT-r2,IMP-TEXT,2,assisted_corrected,fdef73bd-f984-58d1-8a53-3eea668a9f83,7f2dab28-3c39-4cde-a386-da003a1bdf5f,content,source_provided,True,True,根据下表写出 y 关于 x 的关系式。,根据下表写出 y 关于 x 的关系式。,matched
t160-quality-20261002T163445Z-4654973a-02-IMP-TEXT-r2,IMP-TEXT,2,assisted_corrected,fdef73bd-f984-58d1-8a53-3eea668a9f83,7f2dab28-3c39-4cde-a386-da003a1bdf5f,options,not_applicable,True,True,,,matched
t160-quality-20261002T163445Z-4654973a-02-IMP-TEXT-r2,IMP-TEXT,2,assisted_corrected,fdef73bd-f984-58d1-8a53-3eea668a9f83,7f2dab28-3c39-4cde-a386-da003a1bdf5f,reference_answer,known_missing,True,True,,,matched
t160-quality-20261002T163445Z-4654973a-02-IMP-TEXT-r2,IMP-TEXT,2,assisted_corrected,fdef73bd-f984-58d1-8a53-3eea668a9f83,7f2dab28-3c39-4cde-a386-da003a1bdf5f,analysis,known_missing,True,True,,,matched
t160-quality-20261002T163445Z-4654973a-02-IMP-TEXT-r2,IMP-TEXT,2,assisted_corrected,fdef73bd-f984-58d1-8a53-3eea668a9f83,7f2dab28-3c39-4cde-a386-da003a1bdf5f,score,source_provided,True,True,3.00,3.00,matched
t160-quality-20261002T163445Z-4654973a-02-IMP-TEXT-r2,IMP-TEXT,2,assisted_corrected,fdef73bd-f984-58d1-8a53-3eea668a9f83,7f2dab28-3c39-4cde-a386-da003a1bdf5f,scoring_rubric,source_provided,True,True,正确关系式 1.00；说明代入过程 2.00。,正确关系式 1.00；说明代入过程 2.00。,matched
t160-quality-20261002T163445Z-4654973a-02-IMP-TEXT-r2,IMP-TEXT,2,assisted_corrected,fdef73bd-f984-58d1-8a53-3eea668a9f83,7f2dab28-3c39-4cde-a386-da003a1bdf5f,knowledge_points,source_provided,True,True,"[""一次函数"", ""表达与计算""]","[""一次函数"", ""表达与计算""]",matched
t160-quality-20261002T163445Z-4654973a-02-IMP-TEXT-r2,IMP-TEXT,2,assisted_corrected,fdef73bd-f984-58d1-8a53-3eea668a9f83,7f2dab28-3c39-4cde-a386-da003a1bdf5f,source_regions,unknown,False,,,,reference_unknown
t160-quality-20261002T163445Z-4654973a-02-IMP-TEXT-r2,IMP-TEXT,2,assisted_corrected,fdef73bd-f984-58d1-8a53-3eea668a9f83,7f2dab28-3c39-4cde-a386-da003a1bdf5f,assets,source_provided,True,False,"[{""asset_type"": ""table"", ""source_page_number"": 1, ""order_index"": 1}]",,matched
t160-quality-20261002T163445Z-4654973a-03-IMP-TEXT-r3,IMP-TEXT,3,automatic,1194af49-5301-51bb-a173-0e6f524ac810,,question_number,source_provided,True,False,1,,missing_identity
t160-quality-20261002T163445Z-4654973a-03-IMP-TEXT-r3,IMP-TEXT,3,automatic,1194af49-5301-51bb-a173-0e6f524ac810,,order_index,source_provided,True,False,1,,missing_identity
t160-quality-20261002T163445Z-4654973a-03-IMP-TEXT-r3,IMP-TEXT,3,automatic,1194af49-5301-51bb-a173-0e6f524ac810,,source_page_numbers,source_provided,True,False,[1],,missing_identity
t160-quality-20261002T163445Z-4654973a-03-IMP-TEXT-r3,IMP-TEXT,3,automatic,1194af49-5301-51bb-a173-0e6f524ac810,,question_type,source_provided,True,False,SINGLE_CHOICE,,missing_identity
t160-quality-20261002T163445Z-4654973a-03-IMP-TEXT-r3,IMP-TEXT,3,automatic,1194af49-5301-51bb-a173-0e6f524ac810,,content,source_provided,True,False,y = 2x + 1，x = 3 时 y 为多少？,,missing_identity
t160-quality-20261002T163445Z-4654973a-03-IMP-TEXT-r3,IMP-TEXT,3,automatic,1194af49-5301-51bb-a173-0e6f524ac810,,options,source_provided,True,False,"{""C"": ""7"", ""A"": ""5"", ""B"": ""6"", ""D"": ""8""}",,missing_identity
t160-quality-20261002T163445Z-4654973a-03-IMP-TEXT-r3,IMP-TEXT,3,automatic,1194af49-5301-51bb-a173-0e6f524ac810,,reference_answer,source_provided,True,False,C,,missing_identity
t160-quality-20261002T163445Z-4654973a-03-IMP-TEXT-r3,IMP-TEXT,3,automatic,1194af49-5301-51bb-a173-0e6f524ac810,,analysis,source_provided,True,False,2 × 3 + 1 = 7。,,missing_identity
t160-quality-20261002T163445Z-4654973a-03-IMP-TEXT-r3,IMP-TEXT,3,automatic,1194af49-5301-51bb-a173-0e6f524ac810,,score,source_provided,True,False,2.00,,missing_identity
t160-quality-20261002T163445Z-4654973a-03-IMP-TEXT-r3,IMP-TEXT,3,automatic,1194af49-5301-51bb-a173-0e6f524ac810,,scoring_rubric,known_missing,True,False,,,missing_identity
t160-quality-20261002T163445Z-4654973a-03-IMP-TEXT-r3,IMP-TEXT,3,automatic,1194af49-5301-51bb-a173-0e6f524ac810,,knowledge_points,known_missing,True,False,[],,missing_identity
t160-quality-20261002T163445Z-4654973a-03-IMP-TEXT-r3,IMP-TEXT,3,automatic,1194af49-5301-51bb-a173-0e6f524ac810,,source_regions,unknown,False,,,,reference_unknown
t160-quality-20261002T163445Z-4654973a-03-IMP-TEXT-r3,IMP-TEXT,3,automatic,1194af49-5301-51bb-a173-0e6f524ac810,,assets,source_provided,True,False,[],,missing_identity
t160-quality-20261002T163445Z-4654973a-03-IMP-TEXT-r3,IMP-TEXT,3,automatic,8e0aecaf-072d-5ed7-9b43-5d33ad202cc1,,question_number,source_provided,True,False,2,,missing_identity
t160-quality-20261002T163445Z-4654973a-03-IMP-TEXT-r3,IMP-TEXT,3,automatic,8e0aecaf-072d-5ed7-9b43-5d33ad202cc1,,order_index,source_provided,True,False,2,,missing_identity
t160-quality-20261002T163445Z-4654973a-03-IMP-TEXT-r3,IMP-TEXT,3,automatic,8e0aecaf-072d-5ed7-9b43-5d33ad202cc1,,source_page_numbers,source_provided,True,False,[1],,missing_identity
t160-quality-20261002T163445Z-4654973a-03-IMP-TEXT-r3,IMP-TEXT,3,automatic,8e0aecaf-072d-5ed7-9b43-5d33ad202cc1,,question_type,source_provided,True,False,TRUE_FALSE,,missing_identity
t160-quality-20261002T163445Z-4654973a-03-IMP-TEXT-r3,IMP-TEXT,3,automatic,8e0aecaf-072d-5ed7-9b43-5d33ad202cc1,,content,source_provided,True,False,右图三角形面积为 24 cm²。,,missing_identity
t160-quality-20261002T163445Z-4654973a-03-IMP-TEXT-r3,IMP-TEXT,3,automatic,8e0aecaf-072d-5ed7-9b43-5d33ad202cc1,,options,source_provided,True,False,"[""正确"", ""错误""]",,missing_identity
t160-quality-20261002T163445Z-4654973a-03-IMP-TEXT-r3,IMP-TEXT,3,automatic,8e0aecaf-072d-5ed7-9b43-5d33ad202cc1,,reference_answer,known_missing,True,False,,,missing_identity
t160-quality-20261002T163445Z-4654973a-03-IMP-TEXT-r3,IMP-TEXT,3,automatic,8e0aecaf-072d-5ed7-9b43-5d33ad202cc1,,analysis,known_missing,True,False,,,missing_identity
t160-quality-20261002T163445Z-4654973a-03-IMP-TEXT-r3,IMP-TEXT,3,automatic,8e0aecaf-072d-5ed7-9b43-5d33ad202cc1,,score,source_provided,True,False,2.00,,missing_identity
t160-quality-20261002T163445Z-4654973a-03-IMP-TEXT-r3,IMP-TEXT,3,automatic,8e0aecaf-072d-5ed7-9b43-5d33ad202cc1,,scoring_rubric,known_missing,True,False,,,missing_identity
t160-quality-20261002T163445Z-4654973a-03-IMP-TEXT-r3,IMP-TEXT,3,automatic,8e0aecaf-072d-5ed7-9b43-5d33ad202cc1,,knowledge_points,known_missing,True,False,[],,missing_identity
t160-quality-20261002T163445Z-4654973a-03-IMP-TEXT-r3,IMP-TEXT,3,automatic,8e0aecaf-072d-5ed7-9b43-5d33ad202cc1,,source_regions,unknown,False,,,,reference_unknown
t160-quality-20261002T163445Z-4654973a-03-IMP-TEXT-r3,IMP-TEXT,3,automatic,8e0aecaf-072d-5ed7-9b43-5d33ad202cc1,,assets,source_provided,True,False,"[{""asset_type"": ""figure"", ""source_page_number"": 1, ""order_index"": 1}]",,missing_identity
t160-quality-20261002T163445Z-4654973a-03-IMP-TEXT-r3,IMP-TEXT,3,automatic,fdef73bd-f984-58d1-8a53-3eea668a9f83,,question_number,source_provided,True,False,3,,missing_identity
t160-quality-20261002T163445Z-4654973a-03-IMP-TEXT-r3,IMP-TEXT,3,automatic,fdef73bd-f984-58d1-8a53-3eea668a9f83,,order_index,source_provided,True,False,3,,missing_identity
t160-quality-20261002T163445Z-4654973a-03-IMP-TEXT-r3,IMP-TEXT,3,automatic,fdef73bd-f984-58d1-8a53-3eea668a9f83,,source_page_numbers,source_provided,True,False,[1],,missing_identity
t160-quality-20261002T163445Z-4654973a-03-IMP-TEXT-r3,IMP-TEXT,3,automatic,fdef73bd-f984-58d1-8a53-3eea668a9f83,,question_type,source_provided,True,False,SHORT_ANSWER,,missing_identity
t160-quality-20261002T163445Z-4654973a-03-IMP-TEXT-r3,IMP-TEXT,3,automatic,fdef73bd-f984-58d1-8a53-3eea668a9f83,,content,source_provided,True,False,根据下表写出 y 关于 x 的关系式。,,missing_identity
t160-quality-20261002T163445Z-4654973a-03-IMP-TEXT-r3,IMP-TEXT,3,automatic,fdef73bd-f984-58d1-8a53-3eea668a9f83,,options,not_applicable,True,False,,,missing_identity
t160-quality-20261002T163445Z-4654973a-03-IMP-TEXT-r3,IMP-TEXT,3,automatic,fdef73bd-f984-58d1-8a53-3eea668a9f83,,reference_answer,known_missing,True,False,,,missing_identity
t160-quality-20261002T163445Z-4654973a-03-IMP-TEXT-r3,IMP-TEXT,3,automatic,fdef73bd-f984-58d1-8a53-3eea668a9f83,,analysis,known_missing,True,False,,,missing_identity
t160-quality-20261002T163445Z-4654973a-03-IMP-TEXT-r3,IMP-TEXT,3,automatic,fdef73bd-f984-58d1-8a53-3eea668a9f83,,score,source_provided,True,False,3.00,,missing_identity
t160-quality-20261002T163445Z-4654973a-03-IMP-TEXT-r3,IMP-TEXT,3,automatic,fdef73bd-f984-58d1-8a53-3eea668a9f83,,scoring_rubric,source_provided,True,False,正确关系式 1.00；说明代入过程 2.00。,,missing_identity
t160-quality-20261002T163445Z-4654973a-03-IMP-TEXT-r3,IMP-TEXT,3,automatic,fdef73bd-f984-58d1-8a53-3eea668a9f83,,knowledge_points,source_provided,True,False,"[""一次函数"", ""表达与计算""]",,missing_identity
t160-quality-20261002T163445Z-4654973a-03-IMP-TEXT-r3,IMP-TEXT,3,automatic,fdef73bd-f984-58d1-8a53-3eea668a9f83,,source_regions,unknown,False,,,,reference_unknown
t160-quality-20261002T163445Z-4654973a-03-IMP-TEXT-r3,IMP-TEXT,3,automatic,fdef73bd-f984-58d1-8a53-3eea668a9f83,,assets,source_provided,True,False,"[{""asset_type"": ""table"", ""source_page_number"": 1, ""order_index"": 1}]",,missing_identity
t160-quality-20261002T163445Z-4654973a-04-IMP-SCAN-r1,IMP-SCAN,1,automatic,74d666eb-fc46-5106-8ea2-ea5c967c6457,70c0f955-b7d6-4f08-a119-b9c7ccb1e3d0,question_number,source_provided,True,True,1,1,matched
t160-quality-20261002T163445Z-4654973a-04-IMP-SCAN-r1,IMP-SCAN,1,automatic,74d666eb-fc46-5106-8ea2-ea5c967c6457,70c0f955-b7d6-4f08-a119-b9c7ccb1e3d0,order_index,source_provided,True,True,1,1,matched
t160-quality-20261002T163445Z-4654973a-04-IMP-SCAN-r1,IMP-SCAN,1,automatic,74d666eb-fc46-5106-8ea2-ea5c967c6457,70c0f955-b7d6-4f08-a119-b9c7ccb1e3d0,source_page_numbers,source_provided,True,True,[1],[1],matched
t160-quality-20261002T163445Z-4654973a-04-IMP-SCAN-r1,IMP-SCAN,1,automatic,74d666eb-fc46-5106-8ea2-ea5c967c6457,70c0f955-b7d6-4f08-a119-b9c7ccb1e3d0,question_type,source_provided,True,True,SINGLE_CHOICE,SINGLE_CHOICE,matched
t160-quality-20261002T163445Z-4654973a-04-IMP-SCAN-r1,IMP-SCAN,1,automatic,74d666eb-fc46-5106-8ea2-ea5c967c6457,70c0f955-b7d6-4f08-a119-b9c7ccb1e3d0,content,source_provided,True,False,y = 2x + 1，x = 3 时 y 为多少？,y = 2x +1，x = 3 时y 为多少？,matched
t160-quality-20261002T163445Z-4654973a-04-IMP-SCAN-r1,IMP-SCAN,1,automatic,74d666eb-fc46-5106-8ea2-ea5c967c6457,70c0f955-b7d6-4f08-a119-b9c7ccb1e3d0,options,source_provided,True,True,"{""C"": ""7"", ""A"": ""5"", ""B"": ""6"", ""D"": ""8""}","{""C"": ""7"", ""A"": ""5"", ""B"": ""6"", ""D"": ""8""}",matched
t160-quality-20261002T163445Z-4654973a-04-IMP-SCAN-r1,IMP-SCAN,1,automatic,74d666eb-fc46-5106-8ea2-ea5c967c6457,70c0f955-b7d6-4f08-a119-b9c7ccb1e3d0,reference_answer,source_provided,True,True,C,C,matched
t160-quality-20261002T163445Z-4654973a-04-IMP-SCAN-r1,IMP-SCAN,1,automatic,74d666eb-fc46-5106-8ea2-ea5c967c6457,70c0f955-b7d6-4f08-a119-b9c7ccb1e3d0,analysis,source_provided,True,False,2 × 3 + 1 = 7。,2 × 3 +1=7。,matched
t160-quality-20261002T163445Z-4654973a-04-IMP-SCAN-r1,IMP-SCAN,1,automatic,74d666eb-fc46-5106-8ea2-ea5c967c6457,70c0f955-b7d6-4f08-a119-b9c7ccb1e3d0,score,source_provided,True,True,2.00,2.00,matched
t160-quality-20261002T163445Z-4654973a-04-IMP-SCAN-r1,IMP-SCAN,1,automatic,74d666eb-fc46-5106-8ea2-ea5c967c6457,70c0f955-b7d6-4f08-a119-b9c7ccb1e3d0,scoring_rubric,known_missing,True,True,,,matched
t160-quality-20261002T163445Z-4654973a-04-IMP-SCAN-r1,IMP-SCAN,1,automatic,74d666eb-fc46-5106-8ea2-ea5c967c6457,70c0f955-b7d6-4f08-a119-b9c7ccb1e3d0,knowledge_points,known_missing,True,False,[],,matched
t160-quality-20261002T163445Z-4654973a-04-IMP-SCAN-r1,IMP-SCAN,1,automatic,74d666eb-fc46-5106-8ea2-ea5c967c6457,70c0f955-b7d6-4f08-a119-b9c7ccb1e3d0,source_regions,unknown,False,,,,reference_unknown
t160-quality-20261002T163445Z-4654973a-04-IMP-SCAN-r1,IMP-SCAN,1,automatic,74d666eb-fc46-5106-8ea2-ea5c967c6457,70c0f955-b7d6-4f08-a119-b9c7ccb1e3d0,assets,source_provided,True,False,[],,matched
t160-quality-20261002T163445Z-4654973a-04-IMP-SCAN-r1,IMP-SCAN,1,automatic,5f47ee64-edec-5327-9172-bb8454c7640d,fc38c95d-b6d3-4361-a39a-9630afe58757,question_number,source_provided,True,True,2,2,matched
t160-quality-20261002T163445Z-4654973a-04-IMP-SCAN-r1,IMP-SCAN,1,automatic,5f47ee64-edec-5327-9172-bb8454c7640d,fc38c95d-b6d3-4361-a39a-9630afe58757,order_index,source_provided,True,True,2,2,matched
t160-quality-20261002T163445Z-4654973a-04-IMP-SCAN-r1,IMP-SCAN,1,automatic,5f47ee64-edec-5327-9172-bb8454c7640d,fc38c95d-b6d3-4361-a39a-9630afe58757,source_page_numbers,source_provided,True,True,[1],[1],matched
t160-quality-20261002T163445Z-4654973a-04-IMP-SCAN-r1,IMP-SCAN,1,automatic,5f47ee64-edec-5327-9172-bb8454c7640d,fc38c95d-b6d3-4361-a39a-9630afe58757,question_type,source_provided,True,True,TRUE_FALSE,TRUE_FALSE,matched
t160-quality-20261002T163445Z-4654973a-04-IMP-SCAN-r1,IMP-SCAN,1,automatic,5f47ee64-edec-5327-9172-bb8454c7640d,fc38c95d-b6d3-4361-a39a-9630afe58757,content,source_provided,True,False,右图三角形面积为 24 cm²。,右图三角形面积为24cm²。,matched
t160-quality-20261002T163445Z-4654973a-04-IMP-SCAN-r1,IMP-SCAN,1,automatic,5f47ee64-edec-5327-9172-bb8454c7640d,fc38c95d-b6d3-4361-a39a-9630afe58757,options,source_provided,True,False,"[""正确"", ""错误""]","{""正确"": ""正确"", ""错误"": ""错误""}",matched
t160-quality-20261002T163445Z-4654973a-04-IMP-SCAN-r1,IMP-SCAN,1,automatic,5f47ee64-edec-5327-9172-bb8454c7640d,fc38c95d-b6d3-4361-a39a-9630afe58757,reference_answer,known_missing,True,True,,,matched
t160-quality-20261002T163445Z-4654973a-04-IMP-SCAN-r1,IMP-SCAN,1,automatic,5f47ee64-edec-5327-9172-bb8454c7640d,fc38c95d-b6d3-4361-a39a-9630afe58757,analysis,known_missing,True,True,,,matched
t160-quality-20261002T163445Z-4654973a-04-IMP-SCAN-r1,IMP-SCAN,1,automatic,5f47ee64-edec-5327-9172-bb8454c7640d,fc38c95d-b6d3-4361-a39a-9630afe58757,score,source_provided,True,True,2.00,2.00,matched
t160-quality-20261002T163445Z-4654973a-04-IMP-SCAN-r1,IMP-SCAN,1,automatic,5f47ee64-edec-5327-9172-bb8454c7640d,fc38c95d-b6d3-4361-a39a-9630afe58757,scoring_rubric,known_missing,True,True,,,matched
t160-quality-20261002T163445Z-4654973a-04-IMP-SCAN-r1,IMP-SCAN,1,automatic,5f47ee64-edec-5327-9172-bb8454c7640d,fc38c95d-b6d3-4361-a39a-9630afe58757,knowledge_points,known_missing,True,False,[],,matched
t160-quality-20261002T163445Z-4654973a-04-IMP-SCAN-r1,IMP-SCAN,1,automatic,5f47ee64-edec-5327-9172-bb8454c7640d,fc38c95d-b6d3-4361-a39a-9630afe58757,source_regions,unknown,False,,,,reference_unknown
t160-quality-20261002T163445Z-4654973a-04-IMP-SCAN-r1,IMP-SCAN,1,automatic,5f47ee64-edec-5327-9172-bb8454c7640d,fc38c95d-b6d3-4361-a39a-9630afe58757,assets,source_provided,True,False,"[{""asset_type"": ""figure"", ""source_page_number"": 1, ""order_index"": 1}]",,matched
t160-quality-20261002T163445Z-4654973a-04-IMP-SCAN-r1,IMP-SCAN,1,automatic,d6acd365-a6d5-5eb8-9b54-66f26a915094,b4c8d6f7-82b4-44f0-8c5c-2f9033bfca81,question_number,source_provided,True,True,3,3,matched
t160-quality-20261002T163445Z-4654973a-04-IMP-SCAN-r1,IMP-SCAN,1,automatic,d6acd365-a6d5-5eb8-9b54-66f26a915094,b4c8d6f7-82b4-44f0-8c5c-2f9033bfca81,order_index,source_provided,True,True,3,3,matched
t160-quality-20261002T163445Z-4654973a-04-IMP-SCAN-r1,IMP-SCAN,1,automatic,d6acd365-a6d5-5eb8-9b54-66f26a915094,b4c8d6f7-82b4-44f0-8c5c-2f9033bfca81,source_page_numbers,source_provided,True,True,[1],[1],matched
t160-quality-20261002T163445Z-4654973a-04-IMP-SCAN-r1,IMP-SCAN,1,automatic,d6acd365-a6d5-5eb8-9b54-66f26a915094,b4c8d6f7-82b4-44f0-8c5c-2f9033bfca81,question_type,source_provided,True,True,SHORT_ANSWER,SHORT_ANSWER,matched
t160-quality-20261002T163445Z-4654973a-04-IMP-SCAN-r1,IMP-SCAN,1,automatic,d6acd365-a6d5-5eb8-9b54-66f26a915094,b4c8d6f7-82b4-44f0-8c5c-2f9033bfca81,content,source_provided,True,False,根据下表写出 y 关于 x 的关系式。,根据下表写出y关于x的关系式。,matched
t160-quality-20261002T163445Z-4654973a-04-IMP-SCAN-r1,IMP-SCAN,1,automatic,d6acd365-a6d5-5eb8-9b54-66f26a915094,b4c8d6f7-82b4-44f0-8c5c-2f9033bfca81,options,not_applicable,True,True,,,matched
t160-quality-20261002T163445Z-4654973a-04-IMP-SCAN-r1,IMP-SCAN,1,automatic,d6acd365-a6d5-5eb8-9b54-66f26a915094,b4c8d6f7-82b4-44f0-8c5c-2f9033bfca81,reference_answer,known_missing,True,True,,,matched
t160-quality-20261002T163445Z-4654973a-04-IMP-SCAN-r1,IMP-SCAN,1,automatic,d6acd365-a6d5-5eb8-9b54-66f26a915094,b4c8d6f7-82b4-44f0-8c5c-2f9033bfca81,analysis,known_missing,True,True,,,matched
t160-quality-20261002T163445Z-4654973a-04-IMP-SCAN-r1,IMP-SCAN,1,automatic,d6acd365-a6d5-5eb8-9b54-66f26a915094,b4c8d6f7-82b4-44f0-8c5c-2f9033bfca81,score,source_provided,True,True,3.00,3.00,matched
t160-quality-20261002T163445Z-4654973a-04-IMP-SCAN-r1,IMP-SCAN,1,automatic,d6acd365-a6d5-5eb8-9b54-66f26a915094,b4c8d6f7-82b4-44f0-8c5c-2f9033bfca81,scoring_rubric,source_provided,True,False,正确关系式 1.00；说明代入过程 2.00。,正确关系式1.00；说明代入过程2.00。,matched
t160-quality-20261002T163445Z-4654973a-04-IMP-SCAN-r1,IMP-SCAN,1,automatic,d6acd365-a6d5-5eb8-9b54-66f26a915094,b4c8d6f7-82b4-44f0-8c5c-2f9033bfca81,knowledge_points,source_provided,True,True,"[""一次函数"", ""表达与计算""]","[""一次函数"", ""表达与计算""]",matched
t160-quality-20261002T163445Z-4654973a-04-IMP-SCAN-r1,IMP-SCAN,1,automatic,d6acd365-a6d5-5eb8-9b54-66f26a915094,b4c8d6f7-82b4-44f0-8c5c-2f9033bfca81,source_regions,unknown,False,,,,reference_unknown
t160-quality-20261002T163445Z-4654973a-04-IMP-SCAN-r1,IMP-SCAN,1,automatic,d6acd365-a6d5-5eb8-9b54-66f26a915094,b4c8d6f7-82b4-44f0-8c5c-2f9033bfca81,assets,source_provided,True,False,"[{""asset_type"": ""table"", ""source_page_number"": 1, ""order_index"": 1}]",,matched
t160-quality-20261002T163445Z-4654973a-04-IMP-SCAN-r1,IMP-SCAN,1,assisted_corrected,74d666eb-fc46-5106-8ea2-ea5c967c6457,70c0f955-b7d6-4f08-a119-b9c7ccb1e3d0,question_number,source_provided,True,True,1,1,matched
t160-quality-20261002T163445Z-4654973a-04-IMP-SCAN-r1,IMP-SCAN,1,assisted_corrected,74d666eb-fc46-5106-8ea2-ea5c967c6457,70c0f955-b7d6-4f08-a119-b9c7ccb1e3d0,order_index,source_provided,True,True,1,1,matched
t160-quality-20261002T163445Z-4654973a-04-IMP-SCAN-r1,IMP-SCAN,1,assisted_corrected,74d666eb-fc46-5106-8ea2-ea5c967c6457,70c0f955-b7d6-4f08-a119-b9c7ccb1e3d0,source_page_numbers,source_provided,True,True,[1],[1],matched
t160-quality-20261002T163445Z-4654973a-04-IMP-SCAN-r1,IMP-SCAN,1,assisted_corrected,74d666eb-fc46-5106-8ea2-ea5c967c6457,70c0f955-b7d6-4f08-a119-b9c7ccb1e3d0,question_type,source_provided,True,True,SINGLE_CHOICE,SINGLE_CHOICE,matched
t160-quality-20261002T163445Z-4654973a-04-IMP-SCAN-r1,IMP-SCAN,1,assisted_corrected,74d666eb-fc46-5106-8ea2-ea5c967c6457,70c0f955-b7d6-4f08-a119-b9c7ccb1e3d0,content,source_provided,True,True,y = 2x + 1，x = 3 时 y 为多少？,y = 2x + 1，x = 3 时 y 为多少？,matched
t160-quality-20261002T163445Z-4654973a-04-IMP-SCAN-r1,IMP-SCAN,1,assisted_corrected,74d666eb-fc46-5106-8ea2-ea5c967c6457,70c0f955-b7d6-4f08-a119-b9c7ccb1e3d0,options,source_provided,True,True,"{""C"": ""7"", ""A"": ""5"", ""B"": ""6"", ""D"": ""8""}","{""C"": ""7"", ""A"": ""5"", ""B"": ""6"", ""D"": ""8""}",matched
t160-quality-20261002T163445Z-4654973a-04-IMP-SCAN-r1,IMP-SCAN,1,assisted_corrected,74d666eb-fc46-5106-8ea2-ea5c967c6457,70c0f955-b7d6-4f08-a119-b9c7ccb1e3d0,reference_answer,source_provided,True,True,C,C,matched
t160-quality-20261002T163445Z-4654973a-04-IMP-SCAN-r1,IMP-SCAN,1,assisted_corrected,74d666eb-fc46-5106-8ea2-ea5c967c6457,70c0f955-b7d6-4f08-a119-b9c7ccb1e3d0,analysis,source_provided,True,True,2 × 3 + 1 = 7。,2 × 3 + 1 = 7。,matched
t160-quality-20261002T163445Z-4654973a-04-IMP-SCAN-r1,IMP-SCAN,1,assisted_corrected,74d666eb-fc46-5106-8ea2-ea5c967c6457,70c0f955-b7d6-4f08-a119-b9c7ccb1e3d0,score,source_provided,True,True,2.00,2.00,matched
t160-quality-20261002T163445Z-4654973a-04-IMP-SCAN-r1,IMP-SCAN,1,assisted_corrected,74d666eb-fc46-5106-8ea2-ea5c967c6457,70c0f955-b7d6-4f08-a119-b9c7ccb1e3d0,scoring_rubric,known_missing,True,True,,,matched
t160-quality-20261002T163445Z-4654973a-04-IMP-SCAN-r1,IMP-SCAN,1,assisted_corrected,74d666eb-fc46-5106-8ea2-ea5c967c6457,70c0f955-b7d6-4f08-a119-b9c7ccb1e3d0,knowledge_points,known_missing,True,True,[],[],matched
t160-quality-20261002T163445Z-4654973a-04-IMP-SCAN-r1,IMP-SCAN,1,assisted_corrected,74d666eb-fc46-5106-8ea2-ea5c967c6457,70c0f955-b7d6-4f08-a119-b9c7ccb1e3d0,source_regions,unknown,False,,,,reference_unknown
t160-quality-20261002T163445Z-4654973a-04-IMP-SCAN-r1,IMP-SCAN,1,assisted_corrected,74d666eb-fc46-5106-8ea2-ea5c967c6457,70c0f955-b7d6-4f08-a119-b9c7ccb1e3d0,assets,source_provided,True,True,[],[],matched
t160-quality-20261002T163445Z-4654973a-04-IMP-SCAN-r1,IMP-SCAN,1,assisted_corrected,5f47ee64-edec-5327-9172-bb8454c7640d,fc38c95d-b6d3-4361-a39a-9630afe58757,question_number,source_provided,True,True,2,2,matched
t160-quality-20261002T163445Z-4654973a-04-IMP-SCAN-r1,IMP-SCAN,1,assisted_corrected,5f47ee64-edec-5327-9172-bb8454c7640d,fc38c95d-b6d3-4361-a39a-9630afe58757,order_index,source_provided,True,True,2,2,matched
t160-quality-20261002T163445Z-4654973a-04-IMP-SCAN-r1,IMP-SCAN,1,assisted_corrected,5f47ee64-edec-5327-9172-bb8454c7640d,fc38c95d-b6d3-4361-a39a-9630afe58757,source_page_numbers,source_provided,True,True,[1],[1],matched
t160-quality-20261002T163445Z-4654973a-04-IMP-SCAN-r1,IMP-SCAN,1,assisted_corrected,5f47ee64-edec-5327-9172-bb8454c7640d,fc38c95d-b6d3-4361-a39a-9630afe58757,question_type,source_provided,True,True,TRUE_FALSE,TRUE_FALSE,matched
t160-quality-20261002T163445Z-4654973a-04-IMP-SCAN-r1,IMP-SCAN,1,assisted_corrected,5f47ee64-edec-5327-9172-bb8454c7640d,fc38c95d-b6d3-4361-a39a-9630afe58757,content,source_provided,True,True,右图三角形面积为 24 cm²。,右图三角形面积为 24 cm²。,matched
t160-quality-20261002T163445Z-4654973a-04-IMP-SCAN-r1,IMP-SCAN,1,assisted_corrected,5f47ee64-edec-5327-9172-bb8454c7640d,fc38c95d-b6d3-4361-a39a-9630afe58757,options,source_provided,True,True,"[""正确"", ""错误""]","[""正确"", ""错误""]",matched
t160-quality-20261002T163445Z-4654973a-04-IMP-SCAN-r1,IMP-SCAN,1,assisted_corrected,5f47ee64-edec-5327-9172-bb8454c7640d,fc38c95d-b6d3-4361-a39a-9630afe58757,reference_answer,known_missing,True,True,,,matched
t160-quality-20261002T163445Z-4654973a-04-IMP-SCAN-r1,IMP-SCAN,1,assisted_corrected,5f47ee64-edec-5327-9172-bb8454c7640d,fc38c95d-b6d3-4361-a39a-9630afe58757,analysis,known_missing,True,True,,,matched
t160-quality-20261002T163445Z-4654973a-04-IMP-SCAN-r1,IMP-SCAN,1,assisted_corrected,5f47ee64-edec-5327-9172-bb8454c7640d,fc38c95d-b6d3-4361-a39a-9630afe58757,score,source_provided,True,True,2.00,2.00,matched
t160-quality-20261002T163445Z-4654973a-04-IMP-SCAN-r1,IMP-SCAN,1,assisted_corrected,5f47ee64-edec-5327-9172-bb8454c7640d,fc38c95d-b6d3-4361-a39a-9630afe58757,scoring_rubric,known_missing,True,True,,,matched
t160-quality-20261002T163445Z-4654973a-04-IMP-SCAN-r1,IMP-SCAN,1,assisted_corrected,5f47ee64-edec-5327-9172-bb8454c7640d,fc38c95d-b6d3-4361-a39a-9630afe58757,knowledge_points,known_missing,True,True,[],[],matched
t160-quality-20261002T163445Z-4654973a-04-IMP-SCAN-r1,IMP-SCAN,1,assisted_corrected,5f47ee64-edec-5327-9172-bb8454c7640d,fc38c95d-b6d3-4361-a39a-9630afe58757,source_regions,unknown,False,,,,reference_unknown
t160-quality-20261002T163445Z-4654973a-04-IMP-SCAN-r1,IMP-SCAN,1,assisted_corrected,5f47ee64-edec-5327-9172-bb8454c7640d,fc38c95d-b6d3-4361-a39a-9630afe58757,assets,source_provided,True,False,"[{""asset_type"": ""figure"", ""source_page_number"": 1, ""order_index"": 1}]",,matched
t160-quality-20261002T163445Z-4654973a-04-IMP-SCAN-r1,IMP-SCAN,1,assisted_corrected,d6acd365-a6d5-5eb8-9b54-66f26a915094,b4c8d6f7-82b4-44f0-8c5c-2f9033bfca81,question_number,source_provided,True,True,3,3,matched
t160-quality-20261002T163445Z-4654973a-04-IMP-SCAN-r1,IMP-SCAN,1,assisted_corrected,d6acd365-a6d5-5eb8-9b54-66f26a915094,b4c8d6f7-82b4-44f0-8c5c-2f9033bfca81,order_index,source_provided,True,True,3,3,matched
t160-quality-20261002T163445Z-4654973a-04-IMP-SCAN-r1,IMP-SCAN,1,assisted_corrected,d6acd365-a6d5-5eb8-9b54-66f26a915094,b4c8d6f7-82b4-44f0-8c5c-2f9033bfca81,source_page_numbers,source_provided,True,True,[1],[1],matched
t160-quality-20261002T163445Z-4654973a-04-IMP-SCAN-r1,IMP-SCAN,1,assisted_corrected,d6acd365-a6d5-5eb8-9b54-66f26a915094,b4c8d6f7-82b4-44f0-8c5c-2f9033bfca81,question_type,source_provided,True,True,SHORT_ANSWER,SHORT_ANSWER,matched
t160-quality-20261002T163445Z-4654973a-04-IMP-SCAN-r1,IMP-SCAN,1,assisted_corrected,d6acd365-a6d5-5eb8-9b54-66f26a915094,b4c8d6f7-82b4-44f0-8c5c-2f9033bfca81,content,source_provided,True,True,根据下表写出 y 关于 x 的关系式。,根据下表写出 y 关于 x 的关系式。,matched
t160-quality-20261002T163445Z-4654973a-04-IMP-SCAN-r1,IMP-SCAN,1,assisted_corrected,d6acd365-a6d5-5eb8-9b54-66f26a915094,b4c8d6f7-82b4-44f0-8c5c-2f9033bfca81,options,not_applicable,True,True,,,matched
t160-quality-20261002T163445Z-4654973a-04-IMP-SCAN-r1,IMP-SCAN,1,assisted_corrected,d6acd365-a6d5-5eb8-9b54-66f26a915094,b4c8d6f7-82b4-44f0-8c5c-2f9033bfca81,reference_answer,known_missing,True,True,,,matched
t160-quality-20261002T163445Z-4654973a-04-IMP-SCAN-r1,IMP-SCAN,1,assisted_corrected,d6acd365-a6d5-5eb8-9b54-66f26a915094,b4c8d6f7-82b4-44f0-8c5c-2f9033bfca81,analysis,known_missing,True,True,,,matched
t160-quality-20261002T163445Z-4654973a-04-IMP-SCAN-r1,IMP-SCAN,1,assisted_corrected,d6acd365-a6d5-5eb8-9b54-66f26a915094,b4c8d6f7-82b4-44f0-8c5c-2f9033bfca81,score,source_provided,True,True,3.00,3.00,matched
t160-quality-20261002T163445Z-4654973a-04-IMP-SCAN-r1,IMP-SCAN,1,assisted_corrected,d6acd365-a6d5-5eb8-9b54-66f26a915094,b4c8d6f7-82b4-44f0-8c5c-2f9033bfca81,scoring_rubric,source_provided,True,True,正确关系式 1.00；说明代入过程 2.00。,正确关系式 1.00；说明代入过程 2.00。,matched
t160-quality-20261002T163445Z-4654973a-04-IMP-SCAN-r1,IMP-SCAN,1,assisted_corrected,d6acd365-a6d5-5eb8-9b54-66f26a915094,b4c8d6f7-82b4-44f0-8c5c-2f9033bfca81,knowledge_points,source_provided,True,True,"[""一次函数"", ""表达与计算""]","[""一次函数"", ""表达与计算""]",matched
t160-quality-20261002T163445Z-4654973a-04-IMP-SCAN-r1,IMP-SCAN,1,assisted_corrected,d6acd365-a6d5-5eb8-9b54-66f26a915094,b4c8d6f7-82b4-44f0-8c5c-2f9033bfca81,source_regions,unknown,False,,,,reference_unknown
t160-quality-20261002T163445Z-4654973a-04-IMP-SCAN-r1,IMP-SCAN,1,assisted_corrected,d6acd365-a6d5-5eb8-9b54-66f26a915094,b4c8d6f7-82b4-44f0-8c5c-2f9033bfca81,assets,source_provided,True,False,"[{""asset_type"": ""table"", ""source_page_number"": 1, ""order_index"": 1}]",,matched
t160-quality-20261002T163445Z-4654973a-05-IMP-SCAN-r2,IMP-SCAN,2,automatic,74d666eb-fc46-5106-8ea2-ea5c967c6457,5039c2db-2944-416e-9af5-0e689e279f71,question_number,source_provided,True,True,1,1,matched
t160-quality-20261002T163445Z-4654973a-05-IMP-SCAN-r2,IMP-SCAN,2,automatic,74d666eb-fc46-5106-8ea2-ea5c967c6457,5039c2db-2944-416e-9af5-0e689e279f71,order_index,source_provided,True,True,1,1,matched
t160-quality-20261002T163445Z-4654973a-05-IMP-SCAN-r2,IMP-SCAN,2,automatic,74d666eb-fc46-5106-8ea2-ea5c967c6457,5039c2db-2944-416e-9af5-0e689e279f71,source_page_numbers,source_provided,True,True,[1],[1],matched
t160-quality-20261002T163445Z-4654973a-05-IMP-SCAN-r2,IMP-SCAN,2,automatic,74d666eb-fc46-5106-8ea2-ea5c967c6457,5039c2db-2944-416e-9af5-0e689e279f71,question_type,source_provided,True,True,SINGLE_CHOICE,SINGLE_CHOICE,matched
t160-quality-20261002T163445Z-4654973a-05-IMP-SCAN-r2,IMP-SCAN,2,automatic,74d666eb-fc46-5106-8ea2-ea5c967c6457,5039c2db-2944-416e-9af5-0e689e279f71,content,source_provided,True,False,y = 2x + 1，x = 3 时 y 为多少？,y = 2x +1，x = 3 时y 为多少？,matched
t160-quality-20261002T163445Z-4654973a-05-IMP-SCAN-r2,IMP-SCAN,2,automatic,74d666eb-fc46-5106-8ea2-ea5c967c6457,5039c2db-2944-416e-9af5-0e689e279f71,options,source_provided,True,True,"{""C"": ""7"", ""A"": ""5"", ""B"": ""6"", ""D"": ""8""}","{""C"": ""7"", ""A"": ""5"", ""B"": ""6"", ""D"": ""8""}",matched
t160-quality-20261002T163445Z-4654973a-05-IMP-SCAN-r2,IMP-SCAN,2,automatic,74d666eb-fc46-5106-8ea2-ea5c967c6457,5039c2db-2944-416e-9af5-0e689e279f71,reference_answer,source_provided,True,True,C,C,matched
t160-quality-20261002T163445Z-4654973a-05-IMP-SCAN-r2,IMP-SCAN,2,automatic,74d666eb-fc46-5106-8ea2-ea5c967c6457,5039c2db-2944-416e-9af5-0e689e279f71,analysis,source_provided,True,False,2 × 3 + 1 = 7。,2 × 3 +1=7。,matched
t160-quality-20261002T163445Z-4654973a-05-IMP-SCAN-r2,IMP-SCAN,2,automatic,74d666eb-fc46-5106-8ea2-ea5c967c6457,5039c2db-2944-416e-9af5-0e689e279f71,score,source_provided,True,True,2.00,2.00,matched
t160-quality-20261002T163445Z-4654973a-05-IMP-SCAN-r2,IMP-SCAN,2,automatic,74d666eb-fc46-5106-8ea2-ea5c967c6457,5039c2db-2944-416e-9af5-0e689e279f71,scoring_rubric,known_missing,True,True,,,matched
t160-quality-20261002T163445Z-4654973a-05-IMP-SCAN-r2,IMP-SCAN,2,automatic,74d666eb-fc46-5106-8ea2-ea5c967c6457,5039c2db-2944-416e-9af5-0e689e279f71,knowledge_points,known_missing,True,False,[],,matched
t160-quality-20261002T163445Z-4654973a-05-IMP-SCAN-r2,IMP-SCAN,2,automatic,74d666eb-fc46-5106-8ea2-ea5c967c6457,5039c2db-2944-416e-9af5-0e689e279f71,source_regions,unknown,False,,,,reference_unknown
t160-quality-20261002T163445Z-4654973a-05-IMP-SCAN-r2,IMP-SCAN,2,automatic,74d666eb-fc46-5106-8ea2-ea5c967c6457,5039c2db-2944-416e-9af5-0e689e279f71,assets,source_provided,True,False,[],,matched
t160-quality-20261002T163445Z-4654973a-05-IMP-SCAN-r2,IMP-SCAN,2,automatic,5f47ee64-edec-5327-9172-bb8454c7640d,1efbd6c9-e0ba-4405-8b44-a8ccfd2c789a,question_number,source_provided,True,True,2,2,matched
t160-quality-20261002T163445Z-4654973a-05-IMP-SCAN-r2,IMP-SCAN,2,automatic,5f47ee64-edec-5327-9172-bb8454c7640d,1efbd6c9-e0ba-4405-8b44-a8ccfd2c789a,order_index,source_provided,True,True,2,2,matched
t160-quality-20261002T163445Z-4654973a-05-IMP-SCAN-r2,IMP-SCAN,2,automatic,5f47ee64-edec-5327-9172-bb8454c7640d,1efbd6c9-e0ba-4405-8b44-a8ccfd2c789a,source_page_numbers,source_provided,True,True,[1],[1],matched
t160-quality-20261002T163445Z-4654973a-05-IMP-SCAN-r2,IMP-SCAN,2,automatic,5f47ee64-edec-5327-9172-bb8454c7640d,1efbd6c9-e0ba-4405-8b44-a8ccfd2c789a,question_type,source_provided,True,True,TRUE_FALSE,TRUE_FALSE,matched
t160-quality-20261002T163445Z-4654973a-05-IMP-SCAN-r2,IMP-SCAN,2,automatic,5f47ee64-edec-5327-9172-bb8454c7640d,1efbd6c9-e0ba-4405-8b44-a8ccfd2c789a,content,source_provided,True,False,右图三角形面积为 24 cm²。,右图三角形面积为24cm²。,matched
t160-quality-20261002T163445Z-4654973a-05-IMP-SCAN-r2,IMP-SCAN,2,automatic,5f47ee64-edec-5327-9172-bb8454c7640d,1efbd6c9-e0ba-4405-8b44-a8ccfd2c789a,options,source_provided,True,True,"[""正确"", ""错误""]","[""正确"", ""错误""]",matched
t160-quality-20261002T163445Z-4654973a-05-IMP-SCAN-r2,IMP-SCAN,2,automatic,5f47ee64-edec-5327-9172-bb8454c7640d,1efbd6c9-e0ba-4405-8b44-a8ccfd2c789a,reference_answer,known_missing,True,True,,,matched
t160-quality-20261002T163445Z-4654973a-05-IMP-SCAN-r2,IMP-SCAN,2,automatic,5f47ee64-edec-5327-9172-bb8454c7640d,1efbd6c9-e0ba-4405-8b44-a8ccfd2c789a,analysis,known_missing,True,True,,,matched
t160-quality-20261002T163445Z-4654973a-05-IMP-SCAN-r2,IMP-SCAN,2,automatic,5f47ee64-edec-5327-9172-bb8454c7640d,1efbd6c9-e0ba-4405-8b44-a8ccfd2c789a,score,source_provided,True,True,2.00,2.00,matched
t160-quality-20261002T163445Z-4654973a-05-IMP-SCAN-r2,IMP-SCAN,2,automatic,5f47ee64-edec-5327-9172-bb8454c7640d,1efbd6c9-e0ba-4405-8b44-a8ccfd2c789a,scoring_rubric,known_missing,True,True,,,matched
t160-quality-20261002T163445Z-4654973a-05-IMP-SCAN-r2,IMP-SCAN,2,automatic,5f47ee64-edec-5327-9172-bb8454c7640d,1efbd6c9-e0ba-4405-8b44-a8ccfd2c789a,knowledge_points,known_missing,True,False,[],,matched
t160-quality-20261002T163445Z-4654973a-05-IMP-SCAN-r2,IMP-SCAN,2,automatic,5f47ee64-edec-5327-9172-bb8454c7640d,1efbd6c9-e0ba-4405-8b44-a8ccfd2c789a,source_regions,unknown,False,,,,reference_unknown
t160-quality-20261002T163445Z-4654973a-05-IMP-SCAN-r2,IMP-SCAN,2,automatic,5f47ee64-edec-5327-9172-bb8454c7640d,1efbd6c9-e0ba-4405-8b44-a8ccfd2c789a,assets,source_provided,True,False,"[{""asset_type"": ""figure"", ""source_page_number"": 1, ""order_index"": 1}]",,matched
t160-quality-20261002T163445Z-4654973a-05-IMP-SCAN-r2,IMP-SCAN,2,automatic,d6acd365-a6d5-5eb8-9b54-66f26a915094,36d0109f-a06b-4728-8586-463b7adc1332,question_number,source_provided,True,True,3,3,matched
t160-quality-20261002T163445Z-4654973a-05-IMP-SCAN-r2,IMP-SCAN,2,automatic,d6acd365-a6d5-5eb8-9b54-66f26a915094,36d0109f-a06b-4728-8586-463b7adc1332,order_index,source_provided,True,True,3,3,matched
t160-quality-20261002T163445Z-4654973a-05-IMP-SCAN-r2,IMP-SCAN,2,automatic,d6acd365-a6d5-5eb8-9b54-66f26a915094,36d0109f-a06b-4728-8586-463b7adc1332,source_page_numbers,source_provided,True,True,[1],[1],matched
t160-quality-20261002T163445Z-4654973a-05-IMP-SCAN-r2,IMP-SCAN,2,automatic,d6acd365-a6d5-5eb8-9b54-66f26a915094,36d0109f-a06b-4728-8586-463b7adc1332,question_type,source_provided,True,True,SHORT_ANSWER,SHORT_ANSWER,matched
t160-quality-20261002T163445Z-4654973a-05-IMP-SCAN-r2,IMP-SCAN,2,automatic,d6acd365-a6d5-5eb8-9b54-66f26a915094,36d0109f-a06b-4728-8586-463b7adc1332,content,source_provided,True,False,根据下表写出 y 关于 x 的关系式。,根据下表写出y关于x的关系式。,matched
t160-quality-20261002T163445Z-4654973a-05-IMP-SCAN-r2,IMP-SCAN,2,automatic,d6acd365-a6d5-5eb8-9b54-66f26a915094,36d0109f-a06b-4728-8586-463b7adc1332,options,not_applicable,True,True,,,matched
t160-quality-20261002T163445Z-4654973a-05-IMP-SCAN-r2,IMP-SCAN,2,automatic,d6acd365-a6d5-5eb8-9b54-66f26a915094,36d0109f-a06b-4728-8586-463b7adc1332,reference_answer,known_missing,True,True,,,matched
t160-quality-20261002T163445Z-4654973a-05-IMP-SCAN-r2,IMP-SCAN,2,automatic,d6acd365-a6d5-5eb8-9b54-66f26a915094,36d0109f-a06b-4728-8586-463b7adc1332,analysis,known_missing,True,True,,,matched
t160-quality-20261002T163445Z-4654973a-05-IMP-SCAN-r2,IMP-SCAN,2,automatic,d6acd365-a6d5-5eb8-9b54-66f26a915094,36d0109f-a06b-4728-8586-463b7adc1332,score,source_provided,True,True,3.00,3.00,matched
t160-quality-20261002T163445Z-4654973a-05-IMP-SCAN-r2,IMP-SCAN,2,automatic,d6acd365-a6d5-5eb8-9b54-66f26a915094,36d0109f-a06b-4728-8586-463b7adc1332,scoring_rubric,source_provided,True,False,正确关系式 1.00；说明代入过程 2.00。,正确关系式1.00；说明代入过程2.00。,matched
t160-quality-20261002T163445Z-4654973a-05-IMP-SCAN-r2,IMP-SCAN,2,automatic,d6acd365-a6d5-5eb8-9b54-66f26a915094,36d0109f-a06b-4728-8586-463b7adc1332,knowledge_points,source_provided,True,True,"[""一次函数"", ""表达与计算""]","[""一次函数"", ""表达与计算""]",matched
t160-quality-20261002T163445Z-4654973a-05-IMP-SCAN-r2,IMP-SCAN,2,automatic,d6acd365-a6d5-5eb8-9b54-66f26a915094,36d0109f-a06b-4728-8586-463b7adc1332,source_regions,unknown,False,,,,reference_unknown
t160-quality-20261002T163445Z-4654973a-05-IMP-SCAN-r2,IMP-SCAN,2,automatic,d6acd365-a6d5-5eb8-9b54-66f26a915094,36d0109f-a06b-4728-8586-463b7adc1332,assets,source_provided,True,False,"[{""asset_type"": ""table"", ""source_page_number"": 1, ""order_index"": 1}]",,matched
t160-quality-20261002T163445Z-4654973a-05-IMP-SCAN-r2,IMP-SCAN,2,assisted_corrected,74d666eb-fc46-5106-8ea2-ea5c967c6457,5039c2db-2944-416e-9af5-0e689e279f71,question_number,source_provided,True,True,1,1,matched
t160-quality-20261002T163445Z-4654973a-05-IMP-SCAN-r2,IMP-SCAN,2,assisted_corrected,74d666eb-fc46-5106-8ea2-ea5c967c6457,5039c2db-2944-416e-9af5-0e689e279f71,order_index,source_provided,True,True,1,1,matched
t160-quality-20261002T163445Z-4654973a-05-IMP-SCAN-r2,IMP-SCAN,2,assisted_corrected,74d666eb-fc46-5106-8ea2-ea5c967c6457,5039c2db-2944-416e-9af5-0e689e279f71,source_page_numbers,source_provided,True,True,[1],[1],matched
t160-quality-20261002T163445Z-4654973a-05-IMP-SCAN-r2,IMP-SCAN,2,assisted_corrected,74d666eb-fc46-5106-8ea2-ea5c967c6457,5039c2db-2944-416e-9af5-0e689e279f71,question_type,source_provided,True,True,SINGLE_CHOICE,SINGLE_CHOICE,matched
t160-quality-20261002T163445Z-4654973a-05-IMP-SCAN-r2,IMP-SCAN,2,assisted_corrected,74d666eb-fc46-5106-8ea2-ea5c967c6457,5039c2db-2944-416e-9af5-0e689e279f71,content,source_provided,True,True,y = 2x + 1，x = 3 时 y 为多少？,y = 2x + 1，x = 3 时 y 为多少？,matched
t160-quality-20261002T163445Z-4654973a-05-IMP-SCAN-r2,IMP-SCAN,2,assisted_corrected,74d666eb-fc46-5106-8ea2-ea5c967c6457,5039c2db-2944-416e-9af5-0e689e279f71,options,source_provided,True,True,"{""C"": ""7"", ""A"": ""5"", ""B"": ""6"", ""D"": ""8""}","{""C"": ""7"", ""A"": ""5"", ""B"": ""6"", ""D"": ""8""}",matched
t160-quality-20261002T163445Z-4654973a-05-IMP-SCAN-r2,IMP-SCAN,2,assisted_corrected,74d666eb-fc46-5106-8ea2-ea5c967c6457,5039c2db-2944-416e-9af5-0e689e279f71,reference_answer,source_provided,True,True,C,C,matched
t160-quality-20261002T163445Z-4654973a-05-IMP-SCAN-r2,IMP-SCAN,2,assisted_corrected,74d666eb-fc46-5106-8ea2-ea5c967c6457,5039c2db-2944-416e-9af5-0e689e279f71,analysis,source_provided,True,True,2 × 3 + 1 = 7。,2 × 3 + 1 = 7。,matched
t160-quality-20261002T163445Z-4654973a-05-IMP-SCAN-r2,IMP-SCAN,2,assisted_corrected,74d666eb-fc46-5106-8ea2-ea5c967c6457,5039c2db-2944-416e-9af5-0e689e279f71,score,source_provided,True,True,2.00,2.00,matched
t160-quality-20261002T163445Z-4654973a-05-IMP-SCAN-r2,IMP-SCAN,2,assisted_corrected,74d666eb-fc46-5106-8ea2-ea5c967c6457,5039c2db-2944-416e-9af5-0e689e279f71,scoring_rubric,known_missing,True,True,,,matched
t160-quality-20261002T163445Z-4654973a-05-IMP-SCAN-r2,IMP-SCAN,2,assisted_corrected,74d666eb-fc46-5106-8ea2-ea5c967c6457,5039c2db-2944-416e-9af5-0e689e279f71,knowledge_points,known_missing,True,True,[],[],matched
t160-quality-20261002T163445Z-4654973a-05-IMP-SCAN-r2,IMP-SCAN,2,assisted_corrected,74d666eb-fc46-5106-8ea2-ea5c967c6457,5039c2db-2944-416e-9af5-0e689e279f71,source_regions,unknown,False,,,,reference_unknown
t160-quality-20261002T163445Z-4654973a-05-IMP-SCAN-r2,IMP-SCAN,2,assisted_corrected,74d666eb-fc46-5106-8ea2-ea5c967c6457,5039c2db-2944-416e-9af5-0e689e279f71,assets,source_provided,True,True,[],[],matched
t160-quality-20261002T163445Z-4654973a-05-IMP-SCAN-r2,IMP-SCAN,2,assisted_corrected,5f47ee64-edec-5327-9172-bb8454c7640d,1efbd6c9-e0ba-4405-8b44-a8ccfd2c789a,question_number,source_provided,True,True,2,2,matched
t160-quality-20261002T163445Z-4654973a-05-IMP-SCAN-r2,IMP-SCAN,2,assisted_corrected,5f47ee64-edec-5327-9172-bb8454c7640d,1efbd6c9-e0ba-4405-8b44-a8ccfd2c789a,order_index,source_provided,True,True,2,2,matched
t160-quality-20261002T163445Z-4654973a-05-IMP-SCAN-r2,IMP-SCAN,2,assisted_corrected,5f47ee64-edec-5327-9172-bb8454c7640d,1efbd6c9-e0ba-4405-8b44-a8ccfd2c789a,source_page_numbers,source_provided,True,True,[1],[1],matched
t160-quality-20261002T163445Z-4654973a-05-IMP-SCAN-r2,IMP-SCAN,2,assisted_corrected,5f47ee64-edec-5327-9172-bb8454c7640d,1efbd6c9-e0ba-4405-8b44-a8ccfd2c789a,question_type,source_provided,True,True,TRUE_FALSE,TRUE_FALSE,matched
t160-quality-20261002T163445Z-4654973a-05-IMP-SCAN-r2,IMP-SCAN,2,assisted_corrected,5f47ee64-edec-5327-9172-bb8454c7640d,1efbd6c9-e0ba-4405-8b44-a8ccfd2c789a,content,source_provided,True,True,右图三角形面积为 24 cm²。,右图三角形面积为 24 cm²。,matched
t160-quality-20261002T163445Z-4654973a-05-IMP-SCAN-r2,IMP-SCAN,2,assisted_corrected,5f47ee64-edec-5327-9172-bb8454c7640d,1efbd6c9-e0ba-4405-8b44-a8ccfd2c789a,options,source_provided,True,True,"[""正确"", ""错误""]","[""正确"", ""错误""]",matched
t160-quality-20261002T163445Z-4654973a-05-IMP-SCAN-r2,IMP-SCAN,2,assisted_corrected,5f47ee64-edec-5327-9172-bb8454c7640d,1efbd6c9-e0ba-4405-8b44-a8ccfd2c789a,reference_answer,known_missing,True,True,,,matched
t160-quality-20261002T163445Z-4654973a-05-IMP-SCAN-r2,IMP-SCAN,2,assisted_corrected,5f47ee64-edec-5327-9172-bb8454c7640d,1efbd6c9-e0ba-4405-8b44-a8ccfd2c789a,analysis,known_missing,True,True,,,matched
t160-quality-20261002T163445Z-4654973a-05-IMP-SCAN-r2,IMP-SCAN,2,assisted_corrected,5f47ee64-edec-5327-9172-bb8454c7640d,1efbd6c9-e0ba-4405-8b44-a8ccfd2c789a,score,source_provided,True,True,2.00,2.00,matched
t160-quality-20261002T163445Z-4654973a-05-IMP-SCAN-r2,IMP-SCAN,2,assisted_corrected,5f47ee64-edec-5327-9172-bb8454c7640d,1efbd6c9-e0ba-4405-8b44-a8ccfd2c789a,scoring_rubric,known_missing,True,True,,,matched
t160-quality-20261002T163445Z-4654973a-05-IMP-SCAN-r2,IMP-SCAN,2,assisted_corrected,5f47ee64-edec-5327-9172-bb8454c7640d,1efbd6c9-e0ba-4405-8b44-a8ccfd2c789a,knowledge_points,known_missing,True,True,[],[],matched
t160-quality-20261002T163445Z-4654973a-05-IMP-SCAN-r2,IMP-SCAN,2,assisted_corrected,5f47ee64-edec-5327-9172-bb8454c7640d,1efbd6c9-e0ba-4405-8b44-a8ccfd2c789a,source_regions,unknown,False,,,,reference_unknown
t160-quality-20261002T163445Z-4654973a-05-IMP-SCAN-r2,IMP-SCAN,2,assisted_corrected,5f47ee64-edec-5327-9172-bb8454c7640d,1efbd6c9-e0ba-4405-8b44-a8ccfd2c789a,assets,source_provided,True,False,"[{""asset_type"": ""figure"", ""source_page_number"": 1, ""order_index"": 1}]",,matched
t160-quality-20261002T163445Z-4654973a-05-IMP-SCAN-r2,IMP-SCAN,2,assisted_corrected,d6acd365-a6d5-5eb8-9b54-66f26a915094,36d0109f-a06b-4728-8586-463b7adc1332,question_number,source_provided,True,True,3,3,matched
t160-quality-20261002T163445Z-4654973a-05-IMP-SCAN-r2,IMP-SCAN,2,assisted_corrected,d6acd365-a6d5-5eb8-9b54-66f26a915094,36d0109f-a06b-4728-8586-463b7adc1332,order_index,source_provided,True,True,3,3,matched
t160-quality-20261002T163445Z-4654973a-05-IMP-SCAN-r2,IMP-SCAN,2,assisted_corrected,d6acd365-a6d5-5eb8-9b54-66f26a915094,36d0109f-a06b-4728-8586-463b7adc1332,source_page_numbers,source_provided,True,True,[1],[1],matched
t160-quality-20261002T163445Z-4654973a-05-IMP-SCAN-r2,IMP-SCAN,2,assisted_corrected,d6acd365-a6d5-5eb8-9b54-66f26a915094,36d0109f-a06b-4728-8586-463b7adc1332,question_type,source_provided,True,True,SHORT_ANSWER,SHORT_ANSWER,matched
t160-quality-20261002T163445Z-4654973a-05-IMP-SCAN-r2,IMP-SCAN,2,assisted_corrected,d6acd365-a6d5-5eb8-9b54-66f26a915094,36d0109f-a06b-4728-8586-463b7adc1332,content,source_provided,True,True,根据下表写出 y 关于 x 的关系式。,根据下表写出 y 关于 x 的关系式。,matched
t160-quality-20261002T163445Z-4654973a-05-IMP-SCAN-r2,IMP-SCAN,2,assisted_corrected,d6acd365-a6d5-5eb8-9b54-66f26a915094,36d0109f-a06b-4728-8586-463b7adc1332,options,not_applicable,True,True,,,matched
t160-quality-20261002T163445Z-4654973a-05-IMP-SCAN-r2,IMP-SCAN,2,assisted_corrected,d6acd365-a6d5-5eb8-9b54-66f26a915094,36d0109f-a06b-4728-8586-463b7adc1332,reference_answer,known_missing,True,True,,,matched
t160-quality-20261002T163445Z-4654973a-05-IMP-SCAN-r2,IMP-SCAN,2,assisted_corrected,d6acd365-a6d5-5eb8-9b54-66f26a915094,36d0109f-a06b-4728-8586-463b7adc1332,analysis,known_missing,True,True,,,matched
t160-quality-20261002T163445Z-4654973a-05-IMP-SCAN-r2,IMP-SCAN,2,assisted_corrected,d6acd365-a6d5-5eb8-9b54-66f26a915094,36d0109f-a06b-4728-8586-463b7adc1332,score,source_provided,True,True,3.00,3.00,matched
t160-quality-20261002T163445Z-4654973a-05-IMP-SCAN-r2,IMP-SCAN,2,assisted_corrected,d6acd365-a6d5-5eb8-9b54-66f26a915094,36d0109f-a06b-4728-8586-463b7adc1332,scoring_rubric,source_provided,True,True,正确关系式 1.00；说明代入过程 2.00。,正确关系式 1.00；说明代入过程 2.00。,matched
t160-quality-20261002T163445Z-4654973a-05-IMP-SCAN-r2,IMP-SCAN,2,assisted_corrected,d6acd365-a6d5-5eb8-9b54-66f26a915094,36d0109f-a06b-4728-8586-463b7adc1332,knowledge_points,source_provided,True,True,"[""一次函数"", ""表达与计算""]","[""一次函数"", ""表达与计算""]",matched
t160-quality-20261002T163445Z-4654973a-05-IMP-SCAN-r2,IMP-SCAN,2,assisted_corrected,d6acd365-a6d5-5eb8-9b54-66f26a915094,36d0109f-a06b-4728-8586-463b7adc1332,source_regions,unknown,False,,,,reference_unknown
t160-quality-20261002T163445Z-4654973a-05-IMP-SCAN-r2,IMP-SCAN,2,assisted_corrected,d6acd365-a6d5-5eb8-9b54-66f26a915094,36d0109f-a06b-4728-8586-463b7adc1332,assets,source_provided,True,False,"[{""asset_type"": ""table"", ""source_page_number"": 1, ""order_index"": 1}]",,matched
t160-quality-20261002T163445Z-4654973a-06-IMP-SCAN-r3,IMP-SCAN,3,automatic,74d666eb-fc46-5106-8ea2-ea5c967c6457,20f6989c-4423-4df3-8631-460292a40acc,question_number,source_provided,True,True,1,1,matched
t160-quality-20261002T163445Z-4654973a-06-IMP-SCAN-r3,IMP-SCAN,3,automatic,74d666eb-fc46-5106-8ea2-ea5c967c6457,20f6989c-4423-4df3-8631-460292a40acc,order_index,source_provided,True,True,1,1,matched
t160-quality-20261002T163445Z-4654973a-06-IMP-SCAN-r3,IMP-SCAN,3,automatic,74d666eb-fc46-5106-8ea2-ea5c967c6457,20f6989c-4423-4df3-8631-460292a40acc,source_page_numbers,source_provided,True,True,[1],[1],matched
t160-quality-20261002T163445Z-4654973a-06-IMP-SCAN-r3,IMP-SCAN,3,automatic,74d666eb-fc46-5106-8ea2-ea5c967c6457,20f6989c-4423-4df3-8631-460292a40acc,question_type,source_provided,True,True,SINGLE_CHOICE,SINGLE_CHOICE,matched
t160-quality-20261002T163445Z-4654973a-06-IMP-SCAN-r3,IMP-SCAN,3,automatic,74d666eb-fc46-5106-8ea2-ea5c967c6457,20f6989c-4423-4df3-8631-460292a40acc,content,source_provided,True,False,y = 2x + 1，x = 3 时 y 为多少？,y = 2x +1，x = 3 时y 为多少？,matched
t160-quality-20261002T163445Z-4654973a-06-IMP-SCAN-r3,IMP-SCAN,3,automatic,74d666eb-fc46-5106-8ea2-ea5c967c6457,20f6989c-4423-4df3-8631-460292a40acc,options,source_provided,True,True,"{""C"": ""7"", ""A"": ""5"", ""B"": ""6"", ""D"": ""8""}","{""C"": ""7"", ""A"": ""5"", ""B"": ""6"", ""D"": ""8""}",matched
t160-quality-20261002T163445Z-4654973a-06-IMP-SCAN-r3,IMP-SCAN,3,automatic,74d666eb-fc46-5106-8ea2-ea5c967c6457,20f6989c-4423-4df3-8631-460292a40acc,reference_answer,source_provided,True,True,C,C,matched
t160-quality-20261002T163445Z-4654973a-06-IMP-SCAN-r3,IMP-SCAN,3,automatic,74d666eb-fc46-5106-8ea2-ea5c967c6457,20f6989c-4423-4df3-8631-460292a40acc,analysis,source_provided,True,False,2 × 3 + 1 = 7。,2 × 3 +1=7。,matched
t160-quality-20261002T163445Z-4654973a-06-IMP-SCAN-r3,IMP-SCAN,3,automatic,74d666eb-fc46-5106-8ea2-ea5c967c6457,20f6989c-4423-4df3-8631-460292a40acc,score,source_provided,True,True,2.00,2.00,matched
t160-quality-20261002T163445Z-4654973a-06-IMP-SCAN-r3,IMP-SCAN,3,automatic,74d666eb-fc46-5106-8ea2-ea5c967c6457,20f6989c-4423-4df3-8631-460292a40acc,scoring_rubric,known_missing,True,True,,,matched
t160-quality-20261002T163445Z-4654973a-06-IMP-SCAN-r3,IMP-SCAN,3,automatic,74d666eb-fc46-5106-8ea2-ea5c967c6457,20f6989c-4423-4df3-8631-460292a40acc,knowledge_points,known_missing,True,False,[],,matched
t160-quality-20261002T163445Z-4654973a-06-IMP-SCAN-r3,IMP-SCAN,3,automatic,74d666eb-fc46-5106-8ea2-ea5c967c6457,20f6989c-4423-4df3-8631-460292a40acc,source_regions,unknown,False,,,,reference_unknown
t160-quality-20261002T163445Z-4654973a-06-IMP-SCAN-r3,IMP-SCAN,3,automatic,74d666eb-fc46-5106-8ea2-ea5c967c6457,20f6989c-4423-4df3-8631-460292a40acc,assets,source_provided,True,False,[],,matched
t160-quality-20261002T163445Z-4654973a-06-IMP-SCAN-r3,IMP-SCAN,3,automatic,5f47ee64-edec-5327-9172-bb8454c7640d,30de0b73-8253-472a-9d6a-a20c77297db1,question_number,source_provided,True,True,2,2,matched
t160-quality-20261002T163445Z-4654973a-06-IMP-SCAN-r3,IMP-SCAN,3,automatic,5f47ee64-edec-5327-9172-bb8454c7640d,30de0b73-8253-472a-9d6a-a20c77297db1,order_index,source_provided,True,True,2,2,matched
t160-quality-20261002T163445Z-4654973a-06-IMP-SCAN-r3,IMP-SCAN,3,automatic,5f47ee64-edec-5327-9172-bb8454c7640d,30de0b73-8253-472a-9d6a-a20c77297db1,source_page_numbers,source_provided,True,True,[1],[1],matched
t160-quality-20261002T163445Z-4654973a-06-IMP-SCAN-r3,IMP-SCAN,3,automatic,5f47ee64-edec-5327-9172-bb8454c7640d,30de0b73-8253-472a-9d6a-a20c77297db1,question_type,source_provided,True,True,TRUE_FALSE,TRUE_FALSE,matched
t160-quality-20261002T163445Z-4654973a-06-IMP-SCAN-r3,IMP-SCAN,3,automatic,5f47ee64-edec-5327-9172-bb8454c7640d,30de0b73-8253-472a-9d6a-a20c77297db1,content,source_provided,True,False,右图三角形面积为 24 cm²。,右图三角形面积为24cm²。,matched
t160-quality-20261002T163445Z-4654973a-06-IMP-SCAN-r3,IMP-SCAN,3,automatic,5f47ee64-edec-5327-9172-bb8454c7640d,30de0b73-8253-472a-9d6a-a20c77297db1,options,source_provided,True,True,"[""正确"", ""错误""]","[""正确"", ""错误""]",matched
t160-quality-20261002T163445Z-4654973a-06-IMP-SCAN-r3,IMP-SCAN,3,automatic,5f47ee64-edec-5327-9172-bb8454c7640d,30de0b73-8253-472a-9d6a-a20c77297db1,reference_answer,known_missing,True,True,,,matched
t160-quality-20261002T163445Z-4654973a-06-IMP-SCAN-r3,IMP-SCAN,3,automatic,5f47ee64-edec-5327-9172-bb8454c7640d,30de0b73-8253-472a-9d6a-a20c77297db1,analysis,known_missing,True,True,,,matched
t160-quality-20261002T163445Z-4654973a-06-IMP-SCAN-r3,IMP-SCAN,3,automatic,5f47ee64-edec-5327-9172-bb8454c7640d,30de0b73-8253-472a-9d6a-a20c77297db1,score,source_provided,True,True,2.00,2.00,matched
t160-quality-20261002T163445Z-4654973a-06-IMP-SCAN-r3,IMP-SCAN,3,automatic,5f47ee64-edec-5327-9172-bb8454c7640d,30de0b73-8253-472a-9d6a-a20c77297db1,scoring_rubric,known_missing,True,True,,,matched
t160-quality-20261002T163445Z-4654973a-06-IMP-SCAN-r3,IMP-SCAN,3,automatic,5f47ee64-edec-5327-9172-bb8454c7640d,30de0b73-8253-472a-9d6a-a20c77297db1,knowledge_points,known_missing,True,False,[],,matched
t160-quality-20261002T163445Z-4654973a-06-IMP-SCAN-r3,IMP-SCAN,3,automatic,5f47ee64-edec-5327-9172-bb8454c7640d,30de0b73-8253-472a-9d6a-a20c77297db1,source_regions,unknown,False,,,,reference_unknown
t160-quality-20261002T163445Z-4654973a-06-IMP-SCAN-r3,IMP-SCAN,3,automatic,5f47ee64-edec-5327-9172-bb8454c7640d,30de0b73-8253-472a-9d6a-a20c77297db1,assets,source_provided,True,False,"[{""asset_type"": ""figure"", ""source_page_number"": 1, ""order_index"": 1}]",,matched
t160-quality-20261002T163445Z-4654973a-06-IMP-SCAN-r3,IMP-SCAN,3,automatic,d6acd365-a6d5-5eb8-9b54-66f26a915094,05f1aac3-a64b-4610-a14b-744ce994eb6c,question_number,source_provided,True,True,3,3,matched
t160-quality-20261002T163445Z-4654973a-06-IMP-SCAN-r3,IMP-SCAN,3,automatic,d6acd365-a6d5-5eb8-9b54-66f26a915094,05f1aac3-a64b-4610-a14b-744ce994eb6c,order_index,source_provided,True,True,3,3,matched
t160-quality-20261002T163445Z-4654973a-06-IMP-SCAN-r3,IMP-SCAN,3,automatic,d6acd365-a6d5-5eb8-9b54-66f26a915094,05f1aac3-a64b-4610-a14b-744ce994eb6c,source_page_numbers,source_provided,True,True,[1],[1],matched
t160-quality-20261002T163445Z-4654973a-06-IMP-SCAN-r3,IMP-SCAN,3,automatic,d6acd365-a6d5-5eb8-9b54-66f26a915094,05f1aac3-a64b-4610-a14b-744ce994eb6c,question_type,source_provided,True,True,SHORT_ANSWER,SHORT_ANSWER,matched
t160-quality-20261002T163445Z-4654973a-06-IMP-SCAN-r3,IMP-SCAN,3,automatic,d6acd365-a6d5-5eb8-9b54-66f26a915094,05f1aac3-a64b-4610-a14b-744ce994eb6c,content,source_provided,True,False,根据下表写出 y 关于 x 的关系式。,根据下表写出y关于x的关系式。,matched
t160-quality-20261002T163445Z-4654973a-06-IMP-SCAN-r3,IMP-SCAN,3,automatic,d6acd365-a6d5-5eb8-9b54-66f26a915094,05f1aac3-a64b-4610-a14b-744ce994eb6c,options,not_applicable,True,True,,,matched
t160-quality-20261002T163445Z-4654973a-06-IMP-SCAN-r3,IMP-SCAN,3,automatic,d6acd365-a6d5-5eb8-9b54-66f26a915094,05f1aac3-a64b-4610-a14b-744ce994eb6c,reference_answer,known_missing,True,True,,,matched
t160-quality-20261002T163445Z-4654973a-06-IMP-SCAN-r3,IMP-SCAN,3,automatic,d6acd365-a6d5-5eb8-9b54-66f26a915094,05f1aac3-a64b-4610-a14b-744ce994eb6c,analysis,known_missing,True,True,,,matched
t160-quality-20261002T163445Z-4654973a-06-IMP-SCAN-r3,IMP-SCAN,3,automatic,d6acd365-a6d5-5eb8-9b54-66f26a915094,05f1aac3-a64b-4610-a14b-744ce994eb6c,score,source_provided,True,True,3.00,3.00,matched
t160-quality-20261002T163445Z-4654973a-06-IMP-SCAN-r3,IMP-SCAN,3,automatic,d6acd365-a6d5-5eb8-9b54-66f26a915094,05f1aac3-a64b-4610-a14b-744ce994eb6c,scoring_rubric,source_provided,True,False,正确关系式 1.00；说明代入过程 2.00。,正确关系式1.00；说明代入过程2.00。,matched
t160-quality-20261002T163445Z-4654973a-06-IMP-SCAN-r3,IMP-SCAN,3,automatic,d6acd365-a6d5-5eb8-9b54-66f26a915094,05f1aac3-a64b-4610-a14b-744ce994eb6c,knowledge_points,source_provided,True,True,"[""一次函数"", ""表达与计算""]","[""一次函数"", ""表达与计算""]",matched
t160-quality-20261002T163445Z-4654973a-06-IMP-SCAN-r3,IMP-SCAN,3,automatic,d6acd365-a6d5-5eb8-9b54-66f26a915094,05f1aac3-a64b-4610-a14b-744ce994eb6c,source_regions,unknown,False,,,,reference_unknown
t160-quality-20261002T163445Z-4654973a-06-IMP-SCAN-r3,IMP-SCAN,3,automatic,d6acd365-a6d5-5eb8-9b54-66f26a915094,05f1aac3-a64b-4610-a14b-744ce994eb6c,assets,source_provided,True,False,"[{""asset_type"": ""table"", ""source_page_number"": 1, ""order_index"": 1}]",,matched
t160-quality-20261002T163445Z-4654973a-06-IMP-SCAN-r3,IMP-SCAN,3,assisted_corrected,74d666eb-fc46-5106-8ea2-ea5c967c6457,20f6989c-4423-4df3-8631-460292a40acc,question_number,source_provided,True,True,1,1,matched
t160-quality-20261002T163445Z-4654973a-06-IMP-SCAN-r3,IMP-SCAN,3,assisted_corrected,74d666eb-fc46-5106-8ea2-ea5c967c6457,20f6989c-4423-4df3-8631-460292a40acc,order_index,source_provided,True,True,1,1,matched
t160-quality-20261002T163445Z-4654973a-06-IMP-SCAN-r3,IMP-SCAN,3,assisted_corrected,74d666eb-fc46-5106-8ea2-ea5c967c6457,20f6989c-4423-4df3-8631-460292a40acc,source_page_numbers,source_provided,True,True,[1],[1],matched
t160-quality-20261002T163445Z-4654973a-06-IMP-SCAN-r3,IMP-SCAN,3,assisted_corrected,74d666eb-fc46-5106-8ea2-ea5c967c6457,20f6989c-4423-4df3-8631-460292a40acc,question_type,source_provided,True,True,SINGLE_CHOICE,SINGLE_CHOICE,matched
t160-quality-20261002T163445Z-4654973a-06-IMP-SCAN-r3,IMP-SCAN,3,assisted_corrected,74d666eb-fc46-5106-8ea2-ea5c967c6457,20f6989c-4423-4df3-8631-460292a40acc,content,source_provided,True,True,y = 2x + 1，x = 3 时 y 为多少？,y = 2x + 1，x = 3 时 y 为多少？,matched
t160-quality-20261002T163445Z-4654973a-06-IMP-SCAN-r3,IMP-SCAN,3,assisted_corrected,74d666eb-fc46-5106-8ea2-ea5c967c6457,20f6989c-4423-4df3-8631-460292a40acc,options,source_provided,True,True,"{""C"": ""7"", ""A"": ""5"", ""B"": ""6"", ""D"": ""8""}","{""C"": ""7"", ""A"": ""5"", ""B"": ""6"", ""D"": ""8""}",matched
t160-quality-20261002T163445Z-4654973a-06-IMP-SCAN-r3,IMP-SCAN,3,assisted_corrected,74d666eb-fc46-5106-8ea2-ea5c967c6457,20f6989c-4423-4df3-8631-460292a40acc,reference_answer,source_provided,True,True,C,C,matched
t160-quality-20261002T163445Z-4654973a-06-IMP-SCAN-r3,IMP-SCAN,3,assisted_corrected,74d666eb-fc46-5106-8ea2-ea5c967c6457,20f6989c-4423-4df3-8631-460292a40acc,analysis,source_provided,True,True,2 × 3 + 1 = 7。,2 × 3 + 1 = 7。,matched
t160-quality-20261002T163445Z-4654973a-06-IMP-SCAN-r3,IMP-SCAN,3,assisted_corrected,74d666eb-fc46-5106-8ea2-ea5c967c6457,20f6989c-4423-4df3-8631-460292a40acc,score,source_provided,True,True,2.00,2.00,matched
t160-quality-20261002T163445Z-4654973a-06-IMP-SCAN-r3,IMP-SCAN,3,assisted_corrected,74d666eb-fc46-5106-8ea2-ea5c967c6457,20f6989c-4423-4df3-8631-460292a40acc,scoring_rubric,known_missing,True,True,,,matched
t160-quality-20261002T163445Z-4654973a-06-IMP-SCAN-r3,IMP-SCAN,3,assisted_corrected,74d666eb-fc46-5106-8ea2-ea5c967c6457,20f6989c-4423-4df3-8631-460292a40acc,knowledge_points,known_missing,True,True,[],[],matched
t160-quality-20261002T163445Z-4654973a-06-IMP-SCAN-r3,IMP-SCAN,3,assisted_corrected,74d666eb-fc46-5106-8ea2-ea5c967c6457,20f6989c-4423-4df3-8631-460292a40acc,source_regions,unknown,False,,,,reference_unknown
t160-quality-20261002T163445Z-4654973a-06-IMP-SCAN-r3,IMP-SCAN,3,assisted_corrected,74d666eb-fc46-5106-8ea2-ea5c967c6457,20f6989c-4423-4df3-8631-460292a40acc,assets,source_provided,True,True,[],[],matched
t160-quality-20261002T163445Z-4654973a-06-IMP-SCAN-r3,IMP-SCAN,3,assisted_corrected,5f47ee64-edec-5327-9172-bb8454c7640d,30de0b73-8253-472a-9d6a-a20c77297db1,question_number,source_provided,True,True,2,2,matched
t160-quality-20261002T163445Z-4654973a-06-IMP-SCAN-r3,IMP-SCAN,3,assisted_corrected,5f47ee64-edec-5327-9172-bb8454c7640d,30de0b73-8253-472a-9d6a-a20c77297db1,order_index,source_provided,True,True,2,2,matched
t160-quality-20261002T163445Z-4654973a-06-IMP-SCAN-r3,IMP-SCAN,3,assisted_corrected,5f47ee64-edec-5327-9172-bb8454c7640d,30de0b73-8253-472a-9d6a-a20c77297db1,source_page_numbers,source_provided,True,True,[1],[1],matched
t160-quality-20261002T163445Z-4654973a-06-IMP-SCAN-r3,IMP-SCAN,3,assisted_corrected,5f47ee64-edec-5327-9172-bb8454c7640d,30de0b73-8253-472a-9d6a-a20c77297db1,question_type,source_provided,True,True,TRUE_FALSE,TRUE_FALSE,matched
t160-quality-20261002T163445Z-4654973a-06-IMP-SCAN-r3,IMP-SCAN,3,assisted_corrected,5f47ee64-edec-5327-9172-bb8454c7640d,30de0b73-8253-472a-9d6a-a20c77297db1,content,source_provided,True,True,右图三角形面积为 24 cm²。,右图三角形面积为 24 cm²。,matched
t160-quality-20261002T163445Z-4654973a-06-IMP-SCAN-r3,IMP-SCAN,3,assisted_corrected,5f47ee64-edec-5327-9172-bb8454c7640d,30de0b73-8253-472a-9d6a-a20c77297db1,options,source_provided,True,True,"[""正确"", ""错误""]","[""正确"", ""错误""]",matched
t160-quality-20261002T163445Z-4654973a-06-IMP-SCAN-r3,IMP-SCAN,3,assisted_corrected,5f47ee64-edec-5327-9172-bb8454c7640d,30de0b73-8253-472a-9d6a-a20c77297db1,reference_answer,known_missing,True,True,,,matched
t160-quality-20261002T163445Z-4654973a-06-IMP-SCAN-r3,IMP-SCAN,3,assisted_corrected,5f47ee64-edec-5327-9172-bb8454c7640d,30de0b73-8253-472a-9d6a-a20c77297db1,analysis,known_missing,True,True,,,matched
t160-quality-20261002T163445Z-4654973a-06-IMP-SCAN-r3,IMP-SCAN,3,assisted_corrected,5f47ee64-edec-5327-9172-bb8454c7640d,30de0b73-8253-472a-9d6a-a20c77297db1,score,source_provided,True,True,2.00,2.00,matched
t160-quality-20261002T163445Z-4654973a-06-IMP-SCAN-r3,IMP-SCAN,3,assisted_corrected,5f47ee64-edec-5327-9172-bb8454c7640d,30de0b73-8253-472a-9d6a-a20c77297db1,scoring_rubric,known_missing,True,True,,,matched
t160-quality-20261002T163445Z-4654973a-06-IMP-SCAN-r3,IMP-SCAN,3,assisted_corrected,5f47ee64-edec-5327-9172-bb8454c7640d,30de0b73-8253-472a-9d6a-a20c77297db1,knowledge_points,known_missing,True,True,[],[],matched
t160-quality-20261002T163445Z-4654973a-06-IMP-SCAN-r3,IMP-SCAN,3,assisted_corrected,5f47ee64-edec-5327-9172-bb8454c7640d,30de0b73-8253-472a-9d6a-a20c77297db1,source_regions,unknown,False,,,,reference_unknown
t160-quality-20261002T163445Z-4654973a-06-IMP-SCAN-r3,IMP-SCAN,3,assisted_corrected,5f47ee64-edec-5327-9172-bb8454c7640d,30de0b73-8253-472a-9d6a-a20c77297db1,assets,source_provided,True,False,"[{""asset_type"": ""figure"", ""source_page_number"": 1, ""order_index"": 1}]",,matched
t160-quality-20261002T163445Z-4654973a-06-IMP-SCAN-r3,IMP-SCAN,3,assisted_corrected,d6acd365-a6d5-5eb8-9b54-66f26a915094,05f1aac3-a64b-4610-a14b-744ce994eb6c,question_number,source_provided,True,True,3,3,matched
t160-quality-20261002T163445Z-4654973a-06-IMP-SCAN-r3,IMP-SCAN,3,assisted_corrected,d6acd365-a6d5-5eb8-9b54-66f26a915094,05f1aac3-a64b-4610-a14b-744ce994eb6c,order_index,source_provided,True,True,3,3,matched
t160-quality-20261002T163445Z-4654973a-06-IMP-SCAN-r3,IMP-SCAN,3,assisted_corrected,d6acd365-a6d5-5eb8-9b54-66f26a915094,05f1aac3-a64b-4610-a14b-744ce994eb6c,source_page_numbers,source_provided,True,True,[1],[1],matched
t160-quality-20261002T163445Z-4654973a-06-IMP-SCAN-r3,IMP-SCAN,3,assisted_corrected,d6acd365-a6d5-5eb8-9b54-66f26a915094,05f1aac3-a64b-4610-a14b-744ce994eb6c,question_type,source_provided,True,True,SHORT_ANSWER,SHORT_ANSWER,matched
t160-quality-20261002T163445Z-4654973a-06-IMP-SCAN-r3,IMP-SCAN,3,assisted_corrected,d6acd365-a6d5-5eb8-9b54-66f26a915094,05f1aac3-a64b-4610-a14b-744ce994eb6c,content,source_provided,True,True,根据下表写出 y 关于 x 的关系式。,根据下表写出 y 关于 x 的关系式。,matched
t160-quality-20261002T163445Z-4654973a-06-IMP-SCAN-r3,IMP-SCAN,3,assisted_corrected,d6acd365-a6d5-5eb8-9b54-66f26a915094,05f1aac3-a64b-4610-a14b-744ce994eb6c,options,not_applicable,True,True,,,matched
t160-quality-20261002T163445Z-4654973a-06-IMP-SCAN-r3,IMP-SCAN,3,assisted_corrected,d6acd365-a6d5-5eb8-9b54-66f26a915094,05f1aac3-a64b-4610-a14b-744ce994eb6c,reference_answer,known_missing,True,True,,,matched
t160-quality-20261002T163445Z-4654973a-06-IMP-SCAN-r3,IMP-SCAN,3,assisted_corrected,d6acd365-a6d5-5eb8-9b54-66f26a915094,05f1aac3-a64b-4610-a14b-744ce994eb6c,analysis,known_missing,True,True,,,matched
t160-quality-20261002T163445Z-4654973a-06-IMP-SCAN-r3,IMP-SCAN,3,assisted_corrected,d6acd365-a6d5-5eb8-9b54-66f26a915094,05f1aac3-a64b-4610-a14b-744ce994eb6c,score,source_provided,True,True,3.00,3.00,matched
t160-quality-20261002T163445Z-4654973a-06-IMP-SCAN-r3,IMP-SCAN,3,assisted_corrected,d6acd365-a6d5-5eb8-9b54-66f26a915094,05f1aac3-a64b-4610-a14b-744ce994eb6c,scoring_rubric,source_provided,True,True,正确关系式 1.00；说明代入过程 2.00。,正确关系式 1.00；说明代入过程 2.00。,matched
t160-quality-20261002T163445Z-4654973a-06-IMP-SCAN-r3,IMP-SCAN,3,assisted_corrected,d6acd365-a6d5-5eb8-9b54-66f26a915094,05f1aac3-a64b-4610-a14b-744ce994eb6c,knowledge_points,source_provided,True,True,"[""一次函数"", ""表达与计算""]","[""一次函数"", ""表达与计算""]",matched
t160-quality-20261002T163445Z-4654973a-06-IMP-SCAN-r3,IMP-SCAN,3,assisted_corrected,d6acd365-a6d5-5eb8-9b54-66f26a915094,05f1aac3-a64b-4610-a14b-744ce994eb6c,source_regions,unknown,False,,,,reference_unknown
t160-quality-20261002T163445Z-4654973a-06-IMP-SCAN-r3,IMP-SCAN,3,assisted_corrected,d6acd365-a6d5-5eb8-9b54-66f26a915094,05f1aac3-a64b-4610-a14b-744ce994eb6c,assets,source_provided,True,False,"[{""asset_type"": ""table"", ""source_page_number"": 1, ""order_index"": 1}]",,matched
t160-quality-20261002T163445Z-4654973a-07-IMP-IMAGE-r1,IMP-IMAGE,1,automatic,c4d750a5-4dc4-5a35-83e2-dee4ca44aca1,6417581d-3b3f-4911-ada0-78df5d5e77a2,question_number,source_provided,True,True,1,1,matched
t160-quality-20261002T163445Z-4654973a-07-IMP-IMAGE-r1,IMP-IMAGE,1,automatic,c4d750a5-4dc4-5a35-83e2-dee4ca44aca1,6417581d-3b3f-4911-ada0-78df5d5e77a2,order_index,source_provided,True,True,1,1,matched
t160-quality-20261002T163445Z-4654973a-07-IMP-IMAGE-r1,IMP-IMAGE,1,automatic,c4d750a5-4dc4-5a35-83e2-dee4ca44aca1,6417581d-3b3f-4911-ada0-78df5d5e77a2,source_page_numbers,source_provided,True,True,[1],[1],matched
t160-quality-20261002T163445Z-4654973a-07-IMP-IMAGE-r1,IMP-IMAGE,1,automatic,c4d750a5-4dc4-5a35-83e2-dee4ca44aca1,6417581d-3b3f-4911-ada0-78df5d5e77a2,question_type,source_provided,True,True,SINGLE_CHOICE,SINGLE_CHOICE,matched
t160-quality-20261002T163445Z-4654973a-07-IMP-IMAGE-r1,IMP-IMAGE,1,automatic,c4d750a5-4dc4-5a35-83e2-dee4ca44aca1,6417581d-3b3f-4911-ada0-78df5d5e77a2,content,source_provided,True,False,y = 2x + 1，x = 3 时 y 为多少？,y = 2x +1，x = 3 时y 为多少？,matched
t160-quality-20261002T163445Z-4654973a-07-IMP-IMAGE-r1,IMP-IMAGE,1,automatic,c4d750a5-4dc4-5a35-83e2-dee4ca44aca1,6417581d-3b3f-4911-ada0-78df5d5e77a2,options,source_provided,True,True,"{""C"": ""7"", ""A"": ""5"", ""B"": ""6"", ""D"": ""8""}","{""C"": ""7"", ""A"": ""5"", ""B"": ""6"", ""D"": ""8""}",matched
t160-quality-20261002T163445Z-4654973a-07-IMP-IMAGE-r1,IMP-IMAGE,1,automatic,c4d750a5-4dc4-5a35-83e2-dee4ca44aca1,6417581d-3b3f-4911-ada0-78df5d5e77a2,reference_answer,source_provided,True,True,C,C,matched
t160-quality-20261002T163445Z-4654973a-07-IMP-IMAGE-r1,IMP-IMAGE,1,automatic,c4d750a5-4dc4-5a35-83e2-dee4ca44aca1,6417581d-3b3f-4911-ada0-78df5d5e77a2,analysis,source_provided,True,False,2 × 3 + 1 = 7。,2 × 3 +1=7。,matched
t160-quality-20261002T163445Z-4654973a-07-IMP-IMAGE-r1,IMP-IMAGE,1,automatic,c4d750a5-4dc4-5a35-83e2-dee4ca44aca1,6417581d-3b3f-4911-ada0-78df5d5e77a2,score,source_provided,True,True,2.00,2.00,matched
t160-quality-20261002T163445Z-4654973a-07-IMP-IMAGE-r1,IMP-IMAGE,1,automatic,c4d750a5-4dc4-5a35-83e2-dee4ca44aca1,6417581d-3b3f-4911-ada0-78df5d5e77a2,scoring_rubric,known_missing,True,True,,,matched
t160-quality-20261002T163445Z-4654973a-07-IMP-IMAGE-r1,IMP-IMAGE,1,automatic,c4d750a5-4dc4-5a35-83e2-dee4ca44aca1,6417581d-3b3f-4911-ada0-78df5d5e77a2,knowledge_points,known_missing,True,False,[],,matched
t160-quality-20261002T163445Z-4654973a-07-IMP-IMAGE-r1,IMP-IMAGE,1,automatic,c4d750a5-4dc4-5a35-83e2-dee4ca44aca1,6417581d-3b3f-4911-ada0-78df5d5e77a2,source_regions,unknown,False,,,,reference_unknown
t160-quality-20261002T163445Z-4654973a-07-IMP-IMAGE-r1,IMP-IMAGE,1,automatic,c4d750a5-4dc4-5a35-83e2-dee4ca44aca1,6417581d-3b3f-4911-ada0-78df5d5e77a2,assets,source_provided,True,False,[],,matched
t160-quality-20261002T163445Z-4654973a-07-IMP-IMAGE-r1,IMP-IMAGE,1,automatic,e418791a-1462-52b7-98fe-396ce71b8d48,d32494c0-011c-4f0e-b867-e68761cfcf66,question_number,source_provided,True,True,2,2,matched
t160-quality-20261002T163445Z-4654973a-07-IMP-IMAGE-r1,IMP-IMAGE,1,automatic,e418791a-1462-52b7-98fe-396ce71b8d48,d32494c0-011c-4f0e-b867-e68761cfcf66,order_index,source_provided,True,True,2,2,matched
t160-quality-20261002T163445Z-4654973a-07-IMP-IMAGE-r1,IMP-IMAGE,1,automatic,e418791a-1462-52b7-98fe-396ce71b8d48,d32494c0-011c-4f0e-b867-e68761cfcf66,source_page_numbers,source_provided,True,True,[1],[1],matched
t160-quality-20261002T163445Z-4654973a-07-IMP-IMAGE-r1,IMP-IMAGE,1,automatic,e418791a-1462-52b7-98fe-396ce71b8d48,d32494c0-011c-4f0e-b867-e68761cfcf66,question_type,source_provided,True,True,TRUE_FALSE,TRUE_FALSE,matched
t160-quality-20261002T163445Z-4654973a-07-IMP-IMAGE-r1,IMP-IMAGE,1,automatic,e418791a-1462-52b7-98fe-396ce71b8d48,d32494c0-011c-4f0e-b867-e68761cfcf66,content,source_provided,True,False,右图三角形面积为 24 cm²。,右图三角形面积为24cm²。,matched
t160-quality-20261002T163445Z-4654973a-07-IMP-IMAGE-r1,IMP-IMAGE,1,automatic,e418791a-1462-52b7-98fe-396ce71b8d48,d32494c0-011c-4f0e-b867-e68761cfcf66,options,source_provided,True,False,"[""正确"", ""错误""]","{""正确"": ""正确"", ""错误"": ""错误""}",matched
t160-quality-20261002T163445Z-4654973a-07-IMP-IMAGE-r1,IMP-IMAGE,1,automatic,e418791a-1462-52b7-98fe-396ce71b8d48,d32494c0-011c-4f0e-b867-e68761cfcf66,reference_answer,known_missing,True,True,,,matched
t160-quality-20261002T163445Z-4654973a-07-IMP-IMAGE-r1,IMP-IMAGE,1,automatic,e418791a-1462-52b7-98fe-396ce71b8d48,d32494c0-011c-4f0e-b867-e68761cfcf66,analysis,known_missing,True,True,,,matched
t160-quality-20261002T163445Z-4654973a-07-IMP-IMAGE-r1,IMP-IMAGE,1,automatic,e418791a-1462-52b7-98fe-396ce71b8d48,d32494c0-011c-4f0e-b867-e68761cfcf66,score,source_provided,True,True,2.00,2.00,matched
t160-quality-20261002T163445Z-4654973a-07-IMP-IMAGE-r1,IMP-IMAGE,1,automatic,e418791a-1462-52b7-98fe-396ce71b8d48,d32494c0-011c-4f0e-b867-e68761cfcf66,scoring_rubric,known_missing,True,True,,,matched
t160-quality-20261002T163445Z-4654973a-07-IMP-IMAGE-r1,IMP-IMAGE,1,automatic,e418791a-1462-52b7-98fe-396ce71b8d48,d32494c0-011c-4f0e-b867-e68761cfcf66,knowledge_points,known_missing,True,False,[],,matched
t160-quality-20261002T163445Z-4654973a-07-IMP-IMAGE-r1,IMP-IMAGE,1,automatic,e418791a-1462-52b7-98fe-396ce71b8d48,d32494c0-011c-4f0e-b867-e68761cfcf66,source_regions,unknown,False,,,,reference_unknown
t160-quality-20261002T163445Z-4654973a-07-IMP-IMAGE-r1,IMP-IMAGE,1,automatic,e418791a-1462-52b7-98fe-396ce71b8d48,d32494c0-011c-4f0e-b867-e68761cfcf66,assets,source_provided,True,False,"[{""asset_type"": ""figure"", ""source_page_number"": 1, ""order_index"": 1}]",,matched
t160-quality-20261002T163445Z-4654973a-07-IMP-IMAGE-r1,IMP-IMAGE,1,automatic,e5c1555f-e927-575c-b68c-85eb341a3202,07b2c5ea-282c-4e94-955e-a07f90b3084a,question_number,source_provided,True,True,3,3,matched
t160-quality-20261002T163445Z-4654973a-07-IMP-IMAGE-r1,IMP-IMAGE,1,automatic,e5c1555f-e927-575c-b68c-85eb341a3202,07b2c5ea-282c-4e94-955e-a07f90b3084a,order_index,source_provided,True,True,3,3,matched
t160-quality-20261002T163445Z-4654973a-07-IMP-IMAGE-r1,IMP-IMAGE,1,automatic,e5c1555f-e927-575c-b68c-85eb341a3202,07b2c5ea-282c-4e94-955e-a07f90b3084a,source_page_numbers,source_provided,True,True,[1],[1],matched
t160-quality-20261002T163445Z-4654973a-07-IMP-IMAGE-r1,IMP-IMAGE,1,automatic,e5c1555f-e927-575c-b68c-85eb341a3202,07b2c5ea-282c-4e94-955e-a07f90b3084a,question_type,source_provided,True,True,SHORT_ANSWER,SHORT_ANSWER,matched
t160-quality-20261002T163445Z-4654973a-07-IMP-IMAGE-r1,IMP-IMAGE,1,automatic,e5c1555f-e927-575c-b68c-85eb341a3202,07b2c5ea-282c-4e94-955e-a07f90b3084a,content,source_provided,True,False,根据下表写出 y 关于 x 的关系式。,根据下表写出y关于x的关系式。,matched
t160-quality-20261002T163445Z-4654973a-07-IMP-IMAGE-r1,IMP-IMAGE,1,automatic,e5c1555f-e927-575c-b68c-85eb341a3202,07b2c5ea-282c-4e94-955e-a07f90b3084a,options,not_applicable,True,True,,,matched
t160-quality-20261002T163445Z-4654973a-07-IMP-IMAGE-r1,IMP-IMAGE,1,automatic,e5c1555f-e927-575c-b68c-85eb341a3202,07b2c5ea-282c-4e94-955e-a07f90b3084a,reference_answer,known_missing,True,True,,,matched
t160-quality-20261002T163445Z-4654973a-07-IMP-IMAGE-r1,IMP-IMAGE,1,automatic,e5c1555f-e927-575c-b68c-85eb341a3202,07b2c5ea-282c-4e94-955e-a07f90b3084a,analysis,known_missing,True,True,,,matched
t160-quality-20261002T163445Z-4654973a-07-IMP-IMAGE-r1,IMP-IMAGE,1,automatic,e5c1555f-e927-575c-b68c-85eb341a3202,07b2c5ea-282c-4e94-955e-a07f90b3084a,score,source_provided,True,True,3.00,3.00,matched
t160-quality-20261002T163445Z-4654973a-07-IMP-IMAGE-r1,IMP-IMAGE,1,automatic,e5c1555f-e927-575c-b68c-85eb341a3202,07b2c5ea-282c-4e94-955e-a07f90b3084a,scoring_rubric,source_provided,True,False,正确关系式 1.00；说明代入过程 2.00。,正确关系式1.00；说明代入过程2.00。,matched
t160-quality-20261002T163445Z-4654973a-07-IMP-IMAGE-r1,IMP-IMAGE,1,automatic,e5c1555f-e927-575c-b68c-85eb341a3202,07b2c5ea-282c-4e94-955e-a07f90b3084a,knowledge_points,source_provided,True,True,"[""一次函数"", ""表达与计算""]","[""一次函数"", ""表达与计算""]",matched
t160-quality-20261002T163445Z-4654973a-07-IMP-IMAGE-r1,IMP-IMAGE,1,automatic,e5c1555f-e927-575c-b68c-85eb341a3202,07b2c5ea-282c-4e94-955e-a07f90b3084a,source_regions,unknown,False,,,,reference_unknown
t160-quality-20261002T163445Z-4654973a-07-IMP-IMAGE-r1,IMP-IMAGE,1,automatic,e5c1555f-e927-575c-b68c-85eb341a3202,07b2c5ea-282c-4e94-955e-a07f90b3084a,assets,source_provided,True,False,"[{""asset_type"": ""table"", ""source_page_number"": 1, ""order_index"": 1}]",,matched
t160-quality-20261002T163445Z-4654973a-07-IMP-IMAGE-r1,IMP-IMAGE,1,assisted_corrected,c4d750a5-4dc4-5a35-83e2-dee4ca44aca1,6417581d-3b3f-4911-ada0-78df5d5e77a2,question_number,source_provided,True,True,1,1,matched
t160-quality-20261002T163445Z-4654973a-07-IMP-IMAGE-r1,IMP-IMAGE,1,assisted_corrected,c4d750a5-4dc4-5a35-83e2-dee4ca44aca1,6417581d-3b3f-4911-ada0-78df5d5e77a2,order_index,source_provided,True,True,1,1,matched
t160-quality-20261002T163445Z-4654973a-07-IMP-IMAGE-r1,IMP-IMAGE,1,assisted_corrected,c4d750a5-4dc4-5a35-83e2-dee4ca44aca1,6417581d-3b3f-4911-ada0-78df5d5e77a2,source_page_numbers,source_provided,True,True,[1],[1],matched
t160-quality-20261002T163445Z-4654973a-07-IMP-IMAGE-r1,IMP-IMAGE,1,assisted_corrected,c4d750a5-4dc4-5a35-83e2-dee4ca44aca1,6417581d-3b3f-4911-ada0-78df5d5e77a2,question_type,source_provided,True,True,SINGLE_CHOICE,SINGLE_CHOICE,matched
t160-quality-20261002T163445Z-4654973a-07-IMP-IMAGE-r1,IMP-IMAGE,1,assisted_corrected,c4d750a5-4dc4-5a35-83e2-dee4ca44aca1,6417581d-3b3f-4911-ada0-78df5d5e77a2,content,source_provided,True,True,y = 2x + 1，x = 3 时 y 为多少？,y = 2x + 1，x = 3 时 y 为多少？,matched
t160-quality-20261002T163445Z-4654973a-07-IMP-IMAGE-r1,IMP-IMAGE,1,assisted_corrected,c4d750a5-4dc4-5a35-83e2-dee4ca44aca1,6417581d-3b3f-4911-ada0-78df5d5e77a2,options,source_provided,True,True,"{""C"": ""7"", ""A"": ""5"", ""B"": ""6"", ""D"": ""8""}","{""C"": ""7"", ""A"": ""5"", ""B"": ""6"", ""D"": ""8""}",matched
t160-quality-20261002T163445Z-4654973a-07-IMP-IMAGE-r1,IMP-IMAGE,1,assisted_corrected,c4d750a5-4dc4-5a35-83e2-dee4ca44aca1,6417581d-3b3f-4911-ada0-78df5d5e77a2,reference_answer,source_provided,True,True,C,C,matched
t160-quality-20261002T163445Z-4654973a-07-IMP-IMAGE-r1,IMP-IMAGE,1,assisted_corrected,c4d750a5-4dc4-5a35-83e2-dee4ca44aca1,6417581d-3b3f-4911-ada0-78df5d5e77a2,analysis,source_provided,True,True,2 × 3 + 1 = 7。,2 × 3 + 1 = 7。,matched
t160-quality-20261002T163445Z-4654973a-07-IMP-IMAGE-r1,IMP-IMAGE,1,assisted_corrected,c4d750a5-4dc4-5a35-83e2-dee4ca44aca1,6417581d-3b3f-4911-ada0-78df5d5e77a2,score,source_provided,True,True,2.00,2.00,matched
t160-quality-20261002T163445Z-4654973a-07-IMP-IMAGE-r1,IMP-IMAGE,1,assisted_corrected,c4d750a5-4dc4-5a35-83e2-dee4ca44aca1,6417581d-3b3f-4911-ada0-78df5d5e77a2,scoring_rubric,known_missing,True,True,,,matched
t160-quality-20261002T163445Z-4654973a-07-IMP-IMAGE-r1,IMP-IMAGE,1,assisted_corrected,c4d750a5-4dc4-5a35-83e2-dee4ca44aca1,6417581d-3b3f-4911-ada0-78df5d5e77a2,knowledge_points,known_missing,True,True,[],[],matched
t160-quality-20261002T163445Z-4654973a-07-IMP-IMAGE-r1,IMP-IMAGE,1,assisted_corrected,c4d750a5-4dc4-5a35-83e2-dee4ca44aca1,6417581d-3b3f-4911-ada0-78df5d5e77a2,source_regions,unknown,False,,,,reference_unknown
t160-quality-20261002T163445Z-4654973a-07-IMP-IMAGE-r1,IMP-IMAGE,1,assisted_corrected,c4d750a5-4dc4-5a35-83e2-dee4ca44aca1,6417581d-3b3f-4911-ada0-78df5d5e77a2,assets,source_provided,True,True,[],[],matched
t160-quality-20261002T163445Z-4654973a-07-IMP-IMAGE-r1,IMP-IMAGE,1,assisted_corrected,e418791a-1462-52b7-98fe-396ce71b8d48,d32494c0-011c-4f0e-b867-e68761cfcf66,question_number,source_provided,True,True,2,2,matched
t160-quality-20261002T163445Z-4654973a-07-IMP-IMAGE-r1,IMP-IMAGE,1,assisted_corrected,e418791a-1462-52b7-98fe-396ce71b8d48,d32494c0-011c-4f0e-b867-e68761cfcf66,order_index,source_provided,True,True,2,2,matched
t160-quality-20261002T163445Z-4654973a-07-IMP-IMAGE-r1,IMP-IMAGE,1,assisted_corrected,e418791a-1462-52b7-98fe-396ce71b8d48,d32494c0-011c-4f0e-b867-e68761cfcf66,source_page_numbers,source_provided,True,True,[1],[1],matched
t160-quality-20261002T163445Z-4654973a-07-IMP-IMAGE-r1,IMP-IMAGE,1,assisted_corrected,e418791a-1462-52b7-98fe-396ce71b8d48,d32494c0-011c-4f0e-b867-e68761cfcf66,question_type,source_provided,True,True,TRUE_FALSE,TRUE_FALSE,matched
t160-quality-20261002T163445Z-4654973a-07-IMP-IMAGE-r1,IMP-IMAGE,1,assisted_corrected,e418791a-1462-52b7-98fe-396ce71b8d48,d32494c0-011c-4f0e-b867-e68761cfcf66,content,source_provided,True,True,右图三角形面积为 24 cm²。,右图三角形面积为 24 cm²。,matched
t160-quality-20261002T163445Z-4654973a-07-IMP-IMAGE-r1,IMP-IMAGE,1,assisted_corrected,e418791a-1462-52b7-98fe-396ce71b8d48,d32494c0-011c-4f0e-b867-e68761cfcf66,options,source_provided,True,True,"[""正确"", ""错误""]","[""正确"", ""错误""]",matched
t160-quality-20261002T163445Z-4654973a-07-IMP-IMAGE-r1,IMP-IMAGE,1,assisted_corrected,e418791a-1462-52b7-98fe-396ce71b8d48,d32494c0-011c-4f0e-b867-e68761cfcf66,reference_answer,known_missing,True,True,,,matched
t160-quality-20261002T163445Z-4654973a-07-IMP-IMAGE-r1,IMP-IMAGE,1,assisted_corrected,e418791a-1462-52b7-98fe-396ce71b8d48,d32494c0-011c-4f0e-b867-e68761cfcf66,analysis,known_missing,True,True,,,matched
t160-quality-20261002T163445Z-4654973a-07-IMP-IMAGE-r1,IMP-IMAGE,1,assisted_corrected,e418791a-1462-52b7-98fe-396ce71b8d48,d32494c0-011c-4f0e-b867-e68761cfcf66,score,source_provided,True,True,2.00,2.00,matched
t160-quality-20261002T163445Z-4654973a-07-IMP-IMAGE-r1,IMP-IMAGE,1,assisted_corrected,e418791a-1462-52b7-98fe-396ce71b8d48,d32494c0-011c-4f0e-b867-e68761cfcf66,scoring_rubric,known_missing,True,True,,,matched
t160-quality-20261002T163445Z-4654973a-07-IMP-IMAGE-r1,IMP-IMAGE,1,assisted_corrected,e418791a-1462-52b7-98fe-396ce71b8d48,d32494c0-011c-4f0e-b867-e68761cfcf66,knowledge_points,known_missing,True,True,[],[],matched
t160-quality-20261002T163445Z-4654973a-07-IMP-IMAGE-r1,IMP-IMAGE,1,assisted_corrected,e418791a-1462-52b7-98fe-396ce71b8d48,d32494c0-011c-4f0e-b867-e68761cfcf66,source_regions,unknown,False,,,,reference_unknown
t160-quality-20261002T163445Z-4654973a-07-IMP-IMAGE-r1,IMP-IMAGE,1,assisted_corrected,e418791a-1462-52b7-98fe-396ce71b8d48,d32494c0-011c-4f0e-b867-e68761cfcf66,assets,source_provided,True,False,"[{""asset_type"": ""figure"", ""source_page_number"": 1, ""order_index"": 1}]",,matched
t160-quality-20261002T163445Z-4654973a-07-IMP-IMAGE-r1,IMP-IMAGE,1,assisted_corrected,e5c1555f-e927-575c-b68c-85eb341a3202,07b2c5ea-282c-4e94-955e-a07f90b3084a,question_number,source_provided,True,True,3,3,matched
t160-quality-20261002T163445Z-4654973a-07-IMP-IMAGE-r1,IMP-IMAGE,1,assisted_corrected,e5c1555f-e927-575c-b68c-85eb341a3202,07b2c5ea-282c-4e94-955e-a07f90b3084a,order_index,source_provided,True,True,3,3,matched
t160-quality-20261002T163445Z-4654973a-07-IMP-IMAGE-r1,IMP-IMAGE,1,assisted_corrected,e5c1555f-e927-575c-b68c-85eb341a3202,07b2c5ea-282c-4e94-955e-a07f90b3084a,source_page_numbers,source_provided,True,True,[1],[1],matched
t160-quality-20261002T163445Z-4654973a-07-IMP-IMAGE-r1,IMP-IMAGE,1,assisted_corrected,e5c1555f-e927-575c-b68c-85eb341a3202,07b2c5ea-282c-4e94-955e-a07f90b3084a,question_type,source_provided,True,True,SHORT_ANSWER,SHORT_ANSWER,matched
t160-quality-20261002T163445Z-4654973a-07-IMP-IMAGE-r1,IMP-IMAGE,1,assisted_corrected,e5c1555f-e927-575c-b68c-85eb341a3202,07b2c5ea-282c-4e94-955e-a07f90b3084a,content,source_provided,True,True,根据下表写出 y 关于 x 的关系式。,根据下表写出 y 关于 x 的关系式。,matched
t160-quality-20261002T163445Z-4654973a-07-IMP-IMAGE-r1,IMP-IMAGE,1,assisted_corrected,e5c1555f-e927-575c-b68c-85eb341a3202,07b2c5ea-282c-4e94-955e-a07f90b3084a,options,not_applicable,True,True,,,matched
t160-quality-20261002T163445Z-4654973a-07-IMP-IMAGE-r1,IMP-IMAGE,1,assisted_corrected,e5c1555f-e927-575c-b68c-85eb341a3202,07b2c5ea-282c-4e94-955e-a07f90b3084a,reference_answer,known_missing,True,True,,,matched
t160-quality-20261002T163445Z-4654973a-07-IMP-IMAGE-r1,IMP-IMAGE,1,assisted_corrected,e5c1555f-e927-575c-b68c-85eb341a3202,07b2c5ea-282c-4e94-955e-a07f90b3084a,analysis,known_missing,True,True,,,matched
t160-quality-20261002T163445Z-4654973a-07-IMP-IMAGE-r1,IMP-IMAGE,1,assisted_corrected,e5c1555f-e927-575c-b68c-85eb341a3202,07b2c5ea-282c-4e94-955e-a07f90b3084a,score,source_provided,True,True,3.00,3.00,matched
t160-quality-20261002T163445Z-4654973a-07-IMP-IMAGE-r1,IMP-IMAGE,1,assisted_corrected,e5c1555f-e927-575c-b68c-85eb341a3202,07b2c5ea-282c-4e94-955e-a07f90b3084a,scoring_rubric,source_provided,True,True,正确关系式 1.00；说明代入过程 2.00。,正确关系式 1.00；说明代入过程 2.00。,matched
t160-quality-20261002T163445Z-4654973a-07-IMP-IMAGE-r1,IMP-IMAGE,1,assisted_corrected,e5c1555f-e927-575c-b68c-85eb341a3202,07b2c5ea-282c-4e94-955e-a07f90b3084a,knowledge_points,source_provided,True,True,"[""一次函数"", ""表达与计算""]","[""一次函数"", ""表达与计算""]",matched
t160-quality-20261002T163445Z-4654973a-07-IMP-IMAGE-r1,IMP-IMAGE,1,assisted_corrected,e5c1555f-e927-575c-b68c-85eb341a3202,07b2c5ea-282c-4e94-955e-a07f90b3084a,source_regions,unknown,False,,,,reference_unknown
t160-quality-20261002T163445Z-4654973a-07-IMP-IMAGE-r1,IMP-IMAGE,1,assisted_corrected,e5c1555f-e927-575c-b68c-85eb341a3202,07b2c5ea-282c-4e94-955e-a07f90b3084a,assets,source_provided,True,False,"[{""asset_type"": ""table"", ""source_page_number"": 1, ""order_index"": 1}]",,matched
t160-quality-20261002T163445Z-4654973a-08-IMP-IMAGE-r2,IMP-IMAGE,2,automatic,c4d750a5-4dc4-5a35-83e2-dee4ca44aca1,ddd9ee60-97b0-4ea1-a981-0276886974a8,question_number,source_provided,True,True,1,1,matched
t160-quality-20261002T163445Z-4654973a-08-IMP-IMAGE-r2,IMP-IMAGE,2,automatic,c4d750a5-4dc4-5a35-83e2-dee4ca44aca1,ddd9ee60-97b0-4ea1-a981-0276886974a8,order_index,source_provided,True,True,1,1,matched
t160-quality-20261002T163445Z-4654973a-08-IMP-IMAGE-r2,IMP-IMAGE,2,automatic,c4d750a5-4dc4-5a35-83e2-dee4ca44aca1,ddd9ee60-97b0-4ea1-a981-0276886974a8,source_page_numbers,source_provided,True,True,[1],[1],matched
t160-quality-20261002T163445Z-4654973a-08-IMP-IMAGE-r2,IMP-IMAGE,2,automatic,c4d750a5-4dc4-5a35-83e2-dee4ca44aca1,ddd9ee60-97b0-4ea1-a981-0276886974a8,question_type,source_provided,True,True,SINGLE_CHOICE,SINGLE_CHOICE,matched
t160-quality-20261002T163445Z-4654973a-08-IMP-IMAGE-r2,IMP-IMAGE,2,automatic,c4d750a5-4dc4-5a35-83e2-dee4ca44aca1,ddd9ee60-97b0-4ea1-a981-0276886974a8,content,source_provided,True,False,y = 2x + 1，x = 3 时 y 为多少？,y = 2x +1，x = 3 时y 为多少？,matched
t160-quality-20261002T163445Z-4654973a-08-IMP-IMAGE-r2,IMP-IMAGE,2,automatic,c4d750a5-4dc4-5a35-83e2-dee4ca44aca1,ddd9ee60-97b0-4ea1-a981-0276886974a8,options,source_provided,True,True,"{""C"": ""7"", ""A"": ""5"", ""B"": ""6"", ""D"": ""8""}","{""C"": ""7"", ""A"": ""5"", ""B"": ""6"", ""D"": ""8""}",matched
t160-quality-20261002T163445Z-4654973a-08-IMP-IMAGE-r2,IMP-IMAGE,2,automatic,c4d750a5-4dc4-5a35-83e2-dee4ca44aca1,ddd9ee60-97b0-4ea1-a981-0276886974a8,reference_answer,source_provided,True,True,C,C,matched
t160-quality-20261002T163445Z-4654973a-08-IMP-IMAGE-r2,IMP-IMAGE,2,automatic,c4d750a5-4dc4-5a35-83e2-dee4ca44aca1,ddd9ee60-97b0-4ea1-a981-0276886974a8,analysis,source_provided,True,False,2 × 3 + 1 = 7。,2 × 3 +1=7。,matched
t160-quality-20261002T163445Z-4654973a-08-IMP-IMAGE-r2,IMP-IMAGE,2,automatic,c4d750a5-4dc4-5a35-83e2-dee4ca44aca1,ddd9ee60-97b0-4ea1-a981-0276886974a8,score,source_provided,True,True,2.00,2.00,matched
t160-quality-20261002T163445Z-4654973a-08-IMP-IMAGE-r2,IMP-IMAGE,2,automatic,c4d750a5-4dc4-5a35-83e2-dee4ca44aca1,ddd9ee60-97b0-4ea1-a981-0276886974a8,scoring_rubric,known_missing,True,True,,,matched
t160-quality-20261002T163445Z-4654973a-08-IMP-IMAGE-r2,IMP-IMAGE,2,automatic,c4d750a5-4dc4-5a35-83e2-dee4ca44aca1,ddd9ee60-97b0-4ea1-a981-0276886974a8,knowledge_points,known_missing,True,False,[],,matched
t160-quality-20261002T163445Z-4654973a-08-IMP-IMAGE-r2,IMP-IMAGE,2,automatic,c4d750a5-4dc4-5a35-83e2-dee4ca44aca1,ddd9ee60-97b0-4ea1-a981-0276886974a8,source_regions,unknown,False,,,,reference_unknown
t160-quality-20261002T163445Z-4654973a-08-IMP-IMAGE-r2,IMP-IMAGE,2,automatic,c4d750a5-4dc4-5a35-83e2-dee4ca44aca1,ddd9ee60-97b0-4ea1-a981-0276886974a8,assets,source_provided,True,False,[],,matched
t160-quality-20261002T163445Z-4654973a-08-IMP-IMAGE-r2,IMP-IMAGE,2,automatic,e418791a-1462-52b7-98fe-396ce71b8d48,0003b186-626f-41d8-a8fb-1b5eb193e8d9,question_number,source_provided,True,True,2,2,matched
t160-quality-20261002T163445Z-4654973a-08-IMP-IMAGE-r2,IMP-IMAGE,2,automatic,e418791a-1462-52b7-98fe-396ce71b8d48,0003b186-626f-41d8-a8fb-1b5eb193e8d9,order_index,source_provided,True,True,2,2,matched
t160-quality-20261002T163445Z-4654973a-08-IMP-IMAGE-r2,IMP-IMAGE,2,automatic,e418791a-1462-52b7-98fe-396ce71b8d48,0003b186-626f-41d8-a8fb-1b5eb193e8d9,source_page_numbers,source_provided,True,True,[1],[1],matched
t160-quality-20261002T163445Z-4654973a-08-IMP-IMAGE-r2,IMP-IMAGE,2,automatic,e418791a-1462-52b7-98fe-396ce71b8d48,0003b186-626f-41d8-a8fb-1b5eb193e8d9,question_type,source_provided,True,True,TRUE_FALSE,TRUE_FALSE,matched
t160-quality-20261002T163445Z-4654973a-08-IMP-IMAGE-r2,IMP-IMAGE,2,automatic,e418791a-1462-52b7-98fe-396ce71b8d48,0003b186-626f-41d8-a8fb-1b5eb193e8d9,content,source_provided,True,False,右图三角形面积为 24 cm²。,右图三角形面积为24cm²。,matched
t160-quality-20261002T163445Z-4654973a-08-IMP-IMAGE-r2,IMP-IMAGE,2,automatic,e418791a-1462-52b7-98fe-396ce71b8d48,0003b186-626f-41d8-a8fb-1b5eb193e8d9,options,source_provided,True,True,"[""正确"", ""错误""]","[""正确"", ""错误""]",matched
t160-quality-20261002T163445Z-4654973a-08-IMP-IMAGE-r2,IMP-IMAGE,2,automatic,e418791a-1462-52b7-98fe-396ce71b8d48,0003b186-626f-41d8-a8fb-1b5eb193e8d9,reference_answer,known_missing,True,True,,,matched
t160-quality-20261002T163445Z-4654973a-08-IMP-IMAGE-r2,IMP-IMAGE,2,automatic,e418791a-1462-52b7-98fe-396ce71b8d48,0003b186-626f-41d8-a8fb-1b5eb193e8d9,analysis,known_missing,True,True,,,matched
t160-quality-20261002T163445Z-4654973a-08-IMP-IMAGE-r2,IMP-IMAGE,2,automatic,e418791a-1462-52b7-98fe-396ce71b8d48,0003b186-626f-41d8-a8fb-1b5eb193e8d9,score,source_provided,True,True,2.00,2.00,matched
t160-quality-20261002T163445Z-4654973a-08-IMP-IMAGE-r2,IMP-IMAGE,2,automatic,e418791a-1462-52b7-98fe-396ce71b8d48,0003b186-626f-41d8-a8fb-1b5eb193e8d9,scoring_rubric,known_missing,True,True,,,matched
t160-quality-20261002T163445Z-4654973a-08-IMP-IMAGE-r2,IMP-IMAGE,2,automatic,e418791a-1462-52b7-98fe-396ce71b8d48,0003b186-626f-41d8-a8fb-1b5eb193e8d9,knowledge_points,known_missing,True,False,[],,matched
t160-quality-20261002T163445Z-4654973a-08-IMP-IMAGE-r2,IMP-IMAGE,2,automatic,e418791a-1462-52b7-98fe-396ce71b8d48,0003b186-626f-41d8-a8fb-1b5eb193e8d9,source_regions,unknown,False,,,,reference_unknown
t160-quality-20261002T163445Z-4654973a-08-IMP-IMAGE-r2,IMP-IMAGE,2,automatic,e418791a-1462-52b7-98fe-396ce71b8d48,0003b186-626f-41d8-a8fb-1b5eb193e8d9,assets,source_provided,True,False,"[{""asset_type"": ""figure"", ""source_page_number"": 1, ""order_index"": 1}]",,matched
t160-quality-20261002T163445Z-4654973a-08-IMP-IMAGE-r2,IMP-IMAGE,2,automatic,e5c1555f-e927-575c-b68c-85eb341a3202,82edb5ac-b503-41e8-9dc2-536933b473ec,question_number,source_provided,True,True,3,3,matched
t160-quality-20261002T163445Z-4654973a-08-IMP-IMAGE-r2,IMP-IMAGE,2,automatic,e5c1555f-e927-575c-b68c-85eb341a3202,82edb5ac-b503-41e8-9dc2-536933b473ec,order_index,source_provided,True,True,3,3,matched
t160-quality-20261002T163445Z-4654973a-08-IMP-IMAGE-r2,IMP-IMAGE,2,automatic,e5c1555f-e927-575c-b68c-85eb341a3202,82edb5ac-b503-41e8-9dc2-536933b473ec,source_page_numbers,source_provided,True,True,[1],[1],matched
t160-quality-20261002T163445Z-4654973a-08-IMP-IMAGE-r2,IMP-IMAGE,2,automatic,e5c1555f-e927-575c-b68c-85eb341a3202,82edb5ac-b503-41e8-9dc2-536933b473ec,question_type,source_provided,True,True,SHORT_ANSWER,SHORT_ANSWER,matched
t160-quality-20261002T163445Z-4654973a-08-IMP-IMAGE-r2,IMP-IMAGE,2,automatic,e5c1555f-e927-575c-b68c-85eb341a3202,82edb5ac-b503-41e8-9dc2-536933b473ec,content,source_provided,True,False,根据下表写出 y 关于 x 的关系式。,根据下表写出y关于x的关系式。,matched
t160-quality-20261002T163445Z-4654973a-08-IMP-IMAGE-r2,IMP-IMAGE,2,automatic,e5c1555f-e927-575c-b68c-85eb341a3202,82edb5ac-b503-41e8-9dc2-536933b473ec,options,not_applicable,True,True,,,matched
t160-quality-20261002T163445Z-4654973a-08-IMP-IMAGE-r2,IMP-IMAGE,2,automatic,e5c1555f-e927-575c-b68c-85eb341a3202,82edb5ac-b503-41e8-9dc2-536933b473ec,reference_answer,known_missing,True,True,,,matched
t160-quality-20261002T163445Z-4654973a-08-IMP-IMAGE-r2,IMP-IMAGE,2,automatic,e5c1555f-e927-575c-b68c-85eb341a3202,82edb5ac-b503-41e8-9dc2-536933b473ec,analysis,known_missing,True,True,,,matched
t160-quality-20261002T163445Z-4654973a-08-IMP-IMAGE-r2,IMP-IMAGE,2,automatic,e5c1555f-e927-575c-b68c-85eb341a3202,82edb5ac-b503-41e8-9dc2-536933b473ec,score,source_provided,True,True,3.00,3.00,matched
t160-quality-20261002T163445Z-4654973a-08-IMP-IMAGE-r2,IMP-IMAGE,2,automatic,e5c1555f-e927-575c-b68c-85eb341a3202,82edb5ac-b503-41e8-9dc2-536933b473ec,scoring_rubric,source_provided,True,False,正确关系式 1.00；说明代入过程 2.00。,正确关系式1.00；说明代入过程2.00。,matched
t160-quality-20261002T163445Z-4654973a-08-IMP-IMAGE-r2,IMP-IMAGE,2,automatic,e5c1555f-e927-575c-b68c-85eb341a3202,82edb5ac-b503-41e8-9dc2-536933b473ec,knowledge_points,source_provided,True,True,"[""一次函数"", ""表达与计算""]","[""一次函数"", ""表达与计算""]",matched
t160-quality-20261002T163445Z-4654973a-08-IMP-IMAGE-r2,IMP-IMAGE,2,automatic,e5c1555f-e927-575c-b68c-85eb341a3202,82edb5ac-b503-41e8-9dc2-536933b473ec,source_regions,unknown,False,,,,reference_unknown
t160-quality-20261002T163445Z-4654973a-08-IMP-IMAGE-r2,IMP-IMAGE,2,automatic,e5c1555f-e927-575c-b68c-85eb341a3202,82edb5ac-b503-41e8-9dc2-536933b473ec,assets,source_provided,True,False,"[{""asset_type"": ""table"", ""source_page_number"": 1, ""order_index"": 1}]",,matched
t160-quality-20261002T163445Z-4654973a-08-IMP-IMAGE-r2,IMP-IMAGE,2,assisted_corrected,c4d750a5-4dc4-5a35-83e2-dee4ca44aca1,ddd9ee60-97b0-4ea1-a981-0276886974a8,question_number,source_provided,True,True,1,1,matched
t160-quality-20261002T163445Z-4654973a-08-IMP-IMAGE-r2,IMP-IMAGE,2,assisted_corrected,c4d750a5-4dc4-5a35-83e2-dee4ca44aca1,ddd9ee60-97b0-4ea1-a981-0276886974a8,order_index,source_provided,True,True,1,1,matched
t160-quality-20261002T163445Z-4654973a-08-IMP-IMAGE-r2,IMP-IMAGE,2,assisted_corrected,c4d750a5-4dc4-5a35-83e2-dee4ca44aca1,ddd9ee60-97b0-4ea1-a981-0276886974a8,source_page_numbers,source_provided,True,True,[1],[1],matched
t160-quality-20261002T163445Z-4654973a-08-IMP-IMAGE-r2,IMP-IMAGE,2,assisted_corrected,c4d750a5-4dc4-5a35-83e2-dee4ca44aca1,ddd9ee60-97b0-4ea1-a981-0276886974a8,question_type,source_provided,True,True,SINGLE_CHOICE,SINGLE_CHOICE,matched
t160-quality-20261002T163445Z-4654973a-08-IMP-IMAGE-r2,IMP-IMAGE,2,assisted_corrected,c4d750a5-4dc4-5a35-83e2-dee4ca44aca1,ddd9ee60-97b0-4ea1-a981-0276886974a8,content,source_provided,True,True,y = 2x + 1，x = 3 时 y 为多少？,y = 2x + 1，x = 3 时 y 为多少？,matched
t160-quality-20261002T163445Z-4654973a-08-IMP-IMAGE-r2,IMP-IMAGE,2,assisted_corrected,c4d750a5-4dc4-5a35-83e2-dee4ca44aca1,ddd9ee60-97b0-4ea1-a981-0276886974a8,options,source_provided,True,True,"{""C"": ""7"", ""A"": ""5"", ""B"": ""6"", ""D"": ""8""}","{""C"": ""7"", ""A"": ""5"", ""B"": ""6"", ""D"": ""8""}",matched
t160-quality-20261002T163445Z-4654973a-08-IMP-IMAGE-r2,IMP-IMAGE,2,assisted_corrected,c4d750a5-4dc4-5a35-83e2-dee4ca44aca1,ddd9ee60-97b0-4ea1-a981-0276886974a8,reference_answer,source_provided,True,True,C,C,matched
t160-quality-20261002T163445Z-4654973a-08-IMP-IMAGE-r2,IMP-IMAGE,2,assisted_corrected,c4d750a5-4dc4-5a35-83e2-dee4ca44aca1,ddd9ee60-97b0-4ea1-a981-0276886974a8,analysis,source_provided,True,True,2 × 3 + 1 = 7。,2 × 3 + 1 = 7。,matched
t160-quality-20261002T163445Z-4654973a-08-IMP-IMAGE-r2,IMP-IMAGE,2,assisted_corrected,c4d750a5-4dc4-5a35-83e2-dee4ca44aca1,ddd9ee60-97b0-4ea1-a981-0276886974a8,score,source_provided,True,True,2.00,2.00,matched
t160-quality-20261002T163445Z-4654973a-08-IMP-IMAGE-r2,IMP-IMAGE,2,assisted_corrected,c4d750a5-4dc4-5a35-83e2-dee4ca44aca1,ddd9ee60-97b0-4ea1-a981-0276886974a8,scoring_rubric,known_missing,True,True,,,matched
t160-quality-20261002T163445Z-4654973a-08-IMP-IMAGE-r2,IMP-IMAGE,2,assisted_corrected,c4d750a5-4dc4-5a35-83e2-dee4ca44aca1,ddd9ee60-97b0-4ea1-a981-0276886974a8,knowledge_points,known_missing,True,True,[],[],matched
t160-quality-20261002T163445Z-4654973a-08-IMP-IMAGE-r2,IMP-IMAGE,2,assisted_corrected,c4d750a5-4dc4-5a35-83e2-dee4ca44aca1,ddd9ee60-97b0-4ea1-a981-0276886974a8,source_regions,unknown,False,,,,reference_unknown
t160-quality-20261002T163445Z-4654973a-08-IMP-IMAGE-r2,IMP-IMAGE,2,assisted_corrected,c4d750a5-4dc4-5a35-83e2-dee4ca44aca1,ddd9ee60-97b0-4ea1-a981-0276886974a8,assets,source_provided,True,True,[],[],matched
t160-quality-20261002T163445Z-4654973a-08-IMP-IMAGE-r2,IMP-IMAGE,2,assisted_corrected,e418791a-1462-52b7-98fe-396ce71b8d48,0003b186-626f-41d8-a8fb-1b5eb193e8d9,question_number,source_provided,True,True,2,2,matched
t160-quality-20261002T163445Z-4654973a-08-IMP-IMAGE-r2,IMP-IMAGE,2,assisted_corrected,e418791a-1462-52b7-98fe-396ce71b8d48,0003b186-626f-41d8-a8fb-1b5eb193e8d9,order_index,source_provided,True,True,2,2,matched
t160-quality-20261002T163445Z-4654973a-08-IMP-IMAGE-r2,IMP-IMAGE,2,assisted_corrected,e418791a-1462-52b7-98fe-396ce71b8d48,0003b186-626f-41d8-a8fb-1b5eb193e8d9,source_page_numbers,source_provided,True,True,[1],[1],matched
t160-quality-20261002T163445Z-4654973a-08-IMP-IMAGE-r2,IMP-IMAGE,2,assisted_corrected,e418791a-1462-52b7-98fe-396ce71b8d48,0003b186-626f-41d8-a8fb-1b5eb193e8d9,question_type,source_provided,True,True,TRUE_FALSE,TRUE_FALSE,matched
t160-quality-20261002T163445Z-4654973a-08-IMP-IMAGE-r2,IMP-IMAGE,2,assisted_corrected,e418791a-1462-52b7-98fe-396ce71b8d48,0003b186-626f-41d8-a8fb-1b5eb193e8d9,content,source_provided,True,True,右图三角形面积为 24 cm²。,右图三角形面积为 24 cm²。,matched
t160-quality-20261002T163445Z-4654973a-08-IMP-IMAGE-r2,IMP-IMAGE,2,assisted_corrected,e418791a-1462-52b7-98fe-396ce71b8d48,0003b186-626f-41d8-a8fb-1b5eb193e8d9,options,source_provided,True,True,"[""正确"", ""错误""]","[""正确"", ""错误""]",matched
t160-quality-20261002T163445Z-4654973a-08-IMP-IMAGE-r2,IMP-IMAGE,2,assisted_corrected,e418791a-1462-52b7-98fe-396ce71b8d48,0003b186-626f-41d8-a8fb-1b5eb193e8d9,reference_answer,known_missing,True,True,,,matched
t160-quality-20261002T163445Z-4654973a-08-IMP-IMAGE-r2,IMP-IMAGE,2,assisted_corrected,e418791a-1462-52b7-98fe-396ce71b8d48,0003b186-626f-41d8-a8fb-1b5eb193e8d9,analysis,known_missing,True,True,,,matched
t160-quality-20261002T163445Z-4654973a-08-IMP-IMAGE-r2,IMP-IMAGE,2,assisted_corrected,e418791a-1462-52b7-98fe-396ce71b8d48,0003b186-626f-41d8-a8fb-1b5eb193e8d9,score,source_provided,True,True,2.00,2.00,matched
t160-quality-20261002T163445Z-4654973a-08-IMP-IMAGE-r2,IMP-IMAGE,2,assisted_corrected,e418791a-1462-52b7-98fe-396ce71b8d48,0003b186-626f-41d8-a8fb-1b5eb193e8d9,scoring_rubric,known_missing,True,True,,,matched
t160-quality-20261002T163445Z-4654973a-08-IMP-IMAGE-r2,IMP-IMAGE,2,assisted_corrected,e418791a-1462-52b7-98fe-396ce71b8d48,0003b186-626f-41d8-a8fb-1b5eb193e8d9,knowledge_points,known_missing,True,True,[],[],matched
t160-quality-20261002T163445Z-4654973a-08-IMP-IMAGE-r2,IMP-IMAGE,2,assisted_corrected,e418791a-1462-52b7-98fe-396ce71b8d48,0003b186-626f-41d8-a8fb-1b5eb193e8d9,source_regions,unknown,False,,,,reference_unknown
t160-quality-20261002T163445Z-4654973a-08-IMP-IMAGE-r2,IMP-IMAGE,2,assisted_corrected,e418791a-1462-52b7-98fe-396ce71b8d48,0003b186-626f-41d8-a8fb-1b5eb193e8d9,assets,source_provided,True,False,"[{""asset_type"": ""figure"", ""source_page_number"": 1, ""order_index"": 1}]",,matched
t160-quality-20261002T163445Z-4654973a-08-IMP-IMAGE-r2,IMP-IMAGE,2,assisted_corrected,e5c1555f-e927-575c-b68c-85eb341a3202,82edb5ac-b503-41e8-9dc2-536933b473ec,question_number,source_provided,True,True,3,3,matched
t160-quality-20261002T163445Z-4654973a-08-IMP-IMAGE-r2,IMP-IMAGE,2,assisted_corrected,e5c1555f-e927-575c-b68c-85eb341a3202,82edb5ac-b503-41e8-9dc2-536933b473ec,order_index,source_provided,True,True,3,3,matched
t160-quality-20261002T163445Z-4654973a-08-IMP-IMAGE-r2,IMP-IMAGE,2,assisted_corrected,e5c1555f-e927-575c-b68c-85eb341a3202,82edb5ac-b503-41e8-9dc2-536933b473ec,source_page_numbers,source_provided,True,True,[1],[1],matched
t160-quality-20261002T163445Z-4654973a-08-IMP-IMAGE-r2,IMP-IMAGE,2,assisted_corrected,e5c1555f-e927-575c-b68c-85eb341a3202,82edb5ac-b503-41e8-9dc2-536933b473ec,question_type,source_provided,True,True,SHORT_ANSWER,SHORT_ANSWER,matched
t160-quality-20261002T163445Z-4654973a-08-IMP-IMAGE-r2,IMP-IMAGE,2,assisted_corrected,e5c1555f-e927-575c-b68c-85eb341a3202,82edb5ac-b503-41e8-9dc2-536933b473ec,content,source_provided,True,True,根据下表写出 y 关于 x 的关系式。,根据下表写出 y 关于 x 的关系式。,matched
t160-quality-20261002T163445Z-4654973a-08-IMP-IMAGE-r2,IMP-IMAGE,2,assisted_corrected,e5c1555f-e927-575c-b68c-85eb341a3202,82edb5ac-b503-41e8-9dc2-536933b473ec,options,not_applicable,True,True,,,matched
t160-quality-20261002T163445Z-4654973a-08-IMP-IMAGE-r2,IMP-IMAGE,2,assisted_corrected,e5c1555f-e927-575c-b68c-85eb341a3202,82edb5ac-b503-41e8-9dc2-536933b473ec,reference_answer,known_missing,True,True,,,matched
t160-quality-20261002T163445Z-4654973a-08-IMP-IMAGE-r2,IMP-IMAGE,2,assisted_corrected,e5c1555f-e927-575c-b68c-85eb341a3202,82edb5ac-b503-41e8-9dc2-536933b473ec,analysis,known_missing,True,True,,,matched
t160-quality-20261002T163445Z-4654973a-08-IMP-IMAGE-r2,IMP-IMAGE,2,assisted_corrected,e5c1555f-e927-575c-b68c-85eb341a3202,82edb5ac-b503-41e8-9dc2-536933b473ec,score,source_provided,True,True,3.00,3.00,matched
t160-quality-20261002T163445Z-4654973a-08-IMP-IMAGE-r2,IMP-IMAGE,2,assisted_corrected,e5c1555f-e927-575c-b68c-85eb341a3202,82edb5ac-b503-41e8-9dc2-536933b473ec,scoring_rubric,source_provided,True,True,正确关系式 1.00；说明代入过程 2.00。,正确关系式 1.00；说明代入过程 2.00。,matched
t160-quality-20261002T163445Z-4654973a-08-IMP-IMAGE-r2,IMP-IMAGE,2,assisted_corrected,e5c1555f-e927-575c-b68c-85eb341a3202,82edb5ac-b503-41e8-9dc2-536933b473ec,knowledge_points,source_provided,True,True,"[""一次函数"", ""表达与计算""]","[""一次函数"", ""表达与计算""]",matched
t160-quality-20261002T163445Z-4654973a-08-IMP-IMAGE-r2,IMP-IMAGE,2,assisted_corrected,e5c1555f-e927-575c-b68c-85eb341a3202,82edb5ac-b503-41e8-9dc2-536933b473ec,source_regions,unknown,False,,,,reference_unknown
t160-quality-20261002T163445Z-4654973a-08-IMP-IMAGE-r2,IMP-IMAGE,2,assisted_corrected,e5c1555f-e927-575c-b68c-85eb341a3202,82edb5ac-b503-41e8-9dc2-536933b473ec,assets,source_provided,True,False,"[{""asset_type"": ""table"", ""source_page_number"": 1, ""order_index"": 1}]",,matched
t160-quality-20261002T163445Z-4654973a-09-IMP-IMAGE-r3,IMP-IMAGE,3,automatic,c4d750a5-4dc4-5a35-83e2-dee4ca44aca1,4c75dd2a-dec0-4082-b563-e89486b94688,question_number,source_provided,True,True,1,1,matched
t160-quality-20261002T163445Z-4654973a-09-IMP-IMAGE-r3,IMP-IMAGE,3,automatic,c4d750a5-4dc4-5a35-83e2-dee4ca44aca1,4c75dd2a-dec0-4082-b563-e89486b94688,order_index,source_provided,True,True,1,1,matched
t160-quality-20261002T163445Z-4654973a-09-IMP-IMAGE-r3,IMP-IMAGE,3,automatic,c4d750a5-4dc4-5a35-83e2-dee4ca44aca1,4c75dd2a-dec0-4082-b563-e89486b94688,source_page_numbers,source_provided,True,True,[1],[1],matched
t160-quality-20261002T163445Z-4654973a-09-IMP-IMAGE-r3,IMP-IMAGE,3,automatic,c4d750a5-4dc4-5a35-83e2-dee4ca44aca1,4c75dd2a-dec0-4082-b563-e89486b94688,question_type,source_provided,True,True,SINGLE_CHOICE,SINGLE_CHOICE,matched
t160-quality-20261002T163445Z-4654973a-09-IMP-IMAGE-r3,IMP-IMAGE,3,automatic,c4d750a5-4dc4-5a35-83e2-dee4ca44aca1,4c75dd2a-dec0-4082-b563-e89486b94688,content,source_provided,True,False,y = 2x + 1，x = 3 时 y 为多少？,y = 2x +1，x = 3 时y 为多少？,matched
t160-quality-20261002T163445Z-4654973a-09-IMP-IMAGE-r3,IMP-IMAGE,3,automatic,c4d750a5-4dc4-5a35-83e2-dee4ca44aca1,4c75dd2a-dec0-4082-b563-e89486b94688,options,source_provided,True,True,"{""C"": ""7"", ""A"": ""5"", ""B"": ""6"", ""D"": ""8""}","{""C"": ""7"", ""A"": ""5"", ""B"": ""6"", ""D"": ""8""}",matched
t160-quality-20261002T163445Z-4654973a-09-IMP-IMAGE-r3,IMP-IMAGE,3,automatic,c4d750a5-4dc4-5a35-83e2-dee4ca44aca1,4c75dd2a-dec0-4082-b563-e89486b94688,reference_answer,source_provided,True,True,C,C,matched
t160-quality-20261002T163445Z-4654973a-09-IMP-IMAGE-r3,IMP-IMAGE,3,automatic,c4d750a5-4dc4-5a35-83e2-dee4ca44aca1,4c75dd2a-dec0-4082-b563-e89486b94688,analysis,source_provided,True,False,2 × 3 + 1 = 7。,2 × 3 +1=7。,matched
t160-quality-20261002T163445Z-4654973a-09-IMP-IMAGE-r3,IMP-IMAGE,3,automatic,c4d750a5-4dc4-5a35-83e2-dee4ca44aca1,4c75dd2a-dec0-4082-b563-e89486b94688,score,source_provided,True,True,2.00,2.00,matched
t160-quality-20261002T163445Z-4654973a-09-IMP-IMAGE-r3,IMP-IMAGE,3,automatic,c4d750a5-4dc4-5a35-83e2-dee4ca44aca1,4c75dd2a-dec0-4082-b563-e89486b94688,scoring_rubric,known_missing,True,True,,,matched
t160-quality-20261002T163445Z-4654973a-09-IMP-IMAGE-r3,IMP-IMAGE,3,automatic,c4d750a5-4dc4-5a35-83e2-dee4ca44aca1,4c75dd2a-dec0-4082-b563-e89486b94688,knowledge_points,known_missing,True,False,[],,matched
t160-quality-20261002T163445Z-4654973a-09-IMP-IMAGE-r3,IMP-IMAGE,3,automatic,c4d750a5-4dc4-5a35-83e2-dee4ca44aca1,4c75dd2a-dec0-4082-b563-e89486b94688,source_regions,unknown,False,,,,reference_unknown
t160-quality-20261002T163445Z-4654973a-09-IMP-IMAGE-r3,IMP-IMAGE,3,automatic,c4d750a5-4dc4-5a35-83e2-dee4ca44aca1,4c75dd2a-dec0-4082-b563-e89486b94688,assets,source_provided,True,False,[],,matched
t160-quality-20261002T163445Z-4654973a-09-IMP-IMAGE-r3,IMP-IMAGE,3,automatic,e418791a-1462-52b7-98fe-396ce71b8d48,d9fcf1ce-58ae-4867-b376-481769f4c2c6,question_number,source_provided,True,True,2,2,matched
t160-quality-20261002T163445Z-4654973a-09-IMP-IMAGE-r3,IMP-IMAGE,3,automatic,e418791a-1462-52b7-98fe-396ce71b8d48,d9fcf1ce-58ae-4867-b376-481769f4c2c6,order_index,source_provided,True,True,2,2,matched
t160-quality-20261002T163445Z-4654973a-09-IMP-IMAGE-r3,IMP-IMAGE,3,automatic,e418791a-1462-52b7-98fe-396ce71b8d48,d9fcf1ce-58ae-4867-b376-481769f4c2c6,source_page_numbers,source_provided,True,True,[1],[1],matched
t160-quality-20261002T163445Z-4654973a-09-IMP-IMAGE-r3,IMP-IMAGE,3,automatic,e418791a-1462-52b7-98fe-396ce71b8d48,d9fcf1ce-58ae-4867-b376-481769f4c2c6,question_type,source_provided,True,True,TRUE_FALSE,TRUE_FALSE,matched
t160-quality-20261002T163445Z-4654973a-09-IMP-IMAGE-r3,IMP-IMAGE,3,automatic,e418791a-1462-52b7-98fe-396ce71b8d48,d9fcf1ce-58ae-4867-b376-481769f4c2c6,content,source_provided,True,False,右图三角形面积为 24 cm²。,右图三角形面积为24cm²。,matched
t160-quality-20261002T163445Z-4654973a-09-IMP-IMAGE-r3,IMP-IMAGE,3,automatic,e418791a-1462-52b7-98fe-396ce71b8d48,d9fcf1ce-58ae-4867-b376-481769f4c2c6,options,source_provided,True,False,"[""正确"", ""错误""]","{""A"": ""正确"", ""B"": ""错误""}",matched
t160-quality-20261002T163445Z-4654973a-09-IMP-IMAGE-r3,IMP-IMAGE,3,automatic,e418791a-1462-52b7-98fe-396ce71b8d48,d9fcf1ce-58ae-4867-b376-481769f4c2c6,reference_answer,known_missing,True,True,,,matched
t160-quality-20261002T163445Z-4654973a-09-IMP-IMAGE-r3,IMP-IMAGE,3,automatic,e418791a-1462-52b7-98fe-396ce71b8d48,d9fcf1ce-58ae-4867-b376-481769f4c2c6,analysis,known_missing,True,True,,,matched
t160-quality-20261002T163445Z-4654973a-09-IMP-IMAGE-r3,IMP-IMAGE,3,automatic,e418791a-1462-52b7-98fe-396ce71b8d48,d9fcf1ce-58ae-4867-b376-481769f4c2c6,score,source_provided,True,True,2.00,2.00,matched
t160-quality-20261002T163445Z-4654973a-09-IMP-IMAGE-r3,IMP-IMAGE,3,automatic,e418791a-1462-52b7-98fe-396ce71b8d48,d9fcf1ce-58ae-4867-b376-481769f4c2c6,scoring_rubric,known_missing,True,True,,,matched
t160-quality-20261002T163445Z-4654973a-09-IMP-IMAGE-r3,IMP-IMAGE,3,automatic,e418791a-1462-52b7-98fe-396ce71b8d48,d9fcf1ce-58ae-4867-b376-481769f4c2c6,knowledge_points,known_missing,True,False,[],,matched
t160-quality-20261002T163445Z-4654973a-09-IMP-IMAGE-r3,IMP-IMAGE,3,automatic,e418791a-1462-52b7-98fe-396ce71b8d48,d9fcf1ce-58ae-4867-b376-481769f4c2c6,source_regions,unknown,False,,,,reference_unknown
t160-quality-20261002T163445Z-4654973a-09-IMP-IMAGE-r3,IMP-IMAGE,3,automatic,e418791a-1462-52b7-98fe-396ce71b8d48,d9fcf1ce-58ae-4867-b376-481769f4c2c6,assets,source_provided,True,False,"[{""asset_type"": ""figure"", ""source_page_number"": 1, ""order_index"": 1}]",,matched
t160-quality-20261002T163445Z-4654973a-09-IMP-IMAGE-r3,IMP-IMAGE,3,automatic,e5c1555f-e927-575c-b68c-85eb341a3202,e2e6168e-42c9-47e6-921a-83f099b92bd4,question_number,source_provided,True,True,3,3,matched
t160-quality-20261002T163445Z-4654973a-09-IMP-IMAGE-r3,IMP-IMAGE,3,automatic,e5c1555f-e927-575c-b68c-85eb341a3202,e2e6168e-42c9-47e6-921a-83f099b92bd4,order_index,source_provided,True,True,3,3,matched
t160-quality-20261002T163445Z-4654973a-09-IMP-IMAGE-r3,IMP-IMAGE,3,automatic,e5c1555f-e927-575c-b68c-85eb341a3202,e2e6168e-42c9-47e6-921a-83f099b92bd4,source_page_numbers,source_provided,True,True,[1],[1],matched
t160-quality-20261002T163445Z-4654973a-09-IMP-IMAGE-r3,IMP-IMAGE,3,automatic,e5c1555f-e927-575c-b68c-85eb341a3202,e2e6168e-42c9-47e6-921a-83f099b92bd4,question_type,source_provided,True,True,SHORT_ANSWER,SHORT_ANSWER,matched
t160-quality-20261002T163445Z-4654973a-09-IMP-IMAGE-r3,IMP-IMAGE,3,automatic,e5c1555f-e927-575c-b68c-85eb341a3202,e2e6168e-42c9-47e6-921a-83f099b92bd4,content,source_provided,True,False,根据下表写出 y 关于 x 的关系式。,根据下表写出y关于x的关系式。,matched
t160-quality-20261002T163445Z-4654973a-09-IMP-IMAGE-r3,IMP-IMAGE,3,automatic,e5c1555f-e927-575c-b68c-85eb341a3202,e2e6168e-42c9-47e6-921a-83f099b92bd4,options,not_applicable,True,True,,,matched
t160-quality-20261002T163445Z-4654973a-09-IMP-IMAGE-r3,IMP-IMAGE,3,automatic,e5c1555f-e927-575c-b68c-85eb341a3202,e2e6168e-42c9-47e6-921a-83f099b92bd4,reference_answer,known_missing,True,True,,,matched
t160-quality-20261002T163445Z-4654973a-09-IMP-IMAGE-r3,IMP-IMAGE,3,automatic,e5c1555f-e927-575c-b68c-85eb341a3202,e2e6168e-42c9-47e6-921a-83f099b92bd4,analysis,known_missing,True,True,,,matched
t160-quality-20261002T163445Z-4654973a-09-IMP-IMAGE-r3,IMP-IMAGE,3,automatic,e5c1555f-e927-575c-b68c-85eb341a3202,e2e6168e-42c9-47e6-921a-83f099b92bd4,score,source_provided,True,True,3.00,3.00,matched
t160-quality-20261002T163445Z-4654973a-09-IMP-IMAGE-r3,IMP-IMAGE,3,automatic,e5c1555f-e927-575c-b68c-85eb341a3202,e2e6168e-42c9-47e6-921a-83f099b92bd4,scoring_rubric,source_provided,True,False,正确关系式 1.00；说明代入过程 2.00。,正确关系式1.00；说明代入过程2.00。,matched
t160-quality-20261002T163445Z-4654973a-09-IMP-IMAGE-r3,IMP-IMAGE,3,automatic,e5c1555f-e927-575c-b68c-85eb341a3202,e2e6168e-42c9-47e6-921a-83f099b92bd4,knowledge_points,source_provided,True,True,"[""一次函数"", ""表达与计算""]","[""一次函数"", ""表达与计算""]",matched
t160-quality-20261002T163445Z-4654973a-09-IMP-IMAGE-r3,IMP-IMAGE,3,automatic,e5c1555f-e927-575c-b68c-85eb341a3202,e2e6168e-42c9-47e6-921a-83f099b92bd4,source_regions,unknown,False,,,,reference_unknown
t160-quality-20261002T163445Z-4654973a-09-IMP-IMAGE-r3,IMP-IMAGE,3,automatic,e5c1555f-e927-575c-b68c-85eb341a3202,e2e6168e-42c9-47e6-921a-83f099b92bd4,assets,source_provided,True,False,"[{""asset_type"": ""table"", ""source_page_number"": 1, ""order_index"": 1}]",,matched
t160-quality-20261002T163445Z-4654973a-09-IMP-IMAGE-r3,IMP-IMAGE,3,assisted_corrected,c4d750a5-4dc4-5a35-83e2-dee4ca44aca1,4c75dd2a-dec0-4082-b563-e89486b94688,question_number,source_provided,True,True,1,1,matched
t160-quality-20261002T163445Z-4654973a-09-IMP-IMAGE-r3,IMP-IMAGE,3,assisted_corrected,c4d750a5-4dc4-5a35-83e2-dee4ca44aca1,4c75dd2a-dec0-4082-b563-e89486b94688,order_index,source_provided,True,True,1,1,matched
t160-quality-20261002T163445Z-4654973a-09-IMP-IMAGE-r3,IMP-IMAGE,3,assisted_corrected,c4d750a5-4dc4-5a35-83e2-dee4ca44aca1,4c75dd2a-dec0-4082-b563-e89486b94688,source_page_numbers,source_provided,True,True,[1],[1],matched
t160-quality-20261002T163445Z-4654973a-09-IMP-IMAGE-r3,IMP-IMAGE,3,assisted_corrected,c4d750a5-4dc4-5a35-83e2-dee4ca44aca1,4c75dd2a-dec0-4082-b563-e89486b94688,question_type,source_provided,True,True,SINGLE_CHOICE,SINGLE_CHOICE,matched
t160-quality-20261002T163445Z-4654973a-09-IMP-IMAGE-r3,IMP-IMAGE,3,assisted_corrected,c4d750a5-4dc4-5a35-83e2-dee4ca44aca1,4c75dd2a-dec0-4082-b563-e89486b94688,content,source_provided,True,True,y = 2x + 1，x = 3 时 y 为多少？,y = 2x + 1，x = 3 时 y 为多少？,matched
t160-quality-20261002T163445Z-4654973a-09-IMP-IMAGE-r3,IMP-IMAGE,3,assisted_corrected,c4d750a5-4dc4-5a35-83e2-dee4ca44aca1,4c75dd2a-dec0-4082-b563-e89486b94688,options,source_provided,True,True,"{""C"": ""7"", ""A"": ""5"", ""B"": ""6"", ""D"": ""8""}","{""C"": ""7"", ""A"": ""5"", ""B"": ""6"", ""D"": ""8""}",matched
t160-quality-20261002T163445Z-4654973a-09-IMP-IMAGE-r3,IMP-IMAGE,3,assisted_corrected,c4d750a5-4dc4-5a35-83e2-dee4ca44aca1,4c75dd2a-dec0-4082-b563-e89486b94688,reference_answer,source_provided,True,True,C,C,matched
t160-quality-20261002T163445Z-4654973a-09-IMP-IMAGE-r3,IMP-IMAGE,3,assisted_corrected,c4d750a5-4dc4-5a35-83e2-dee4ca44aca1,4c75dd2a-dec0-4082-b563-e89486b94688,analysis,source_provided,True,True,2 × 3 + 1 = 7。,2 × 3 + 1 = 7。,matched
t160-quality-20261002T163445Z-4654973a-09-IMP-IMAGE-r3,IMP-IMAGE,3,assisted_corrected,c4d750a5-4dc4-5a35-83e2-dee4ca44aca1,4c75dd2a-dec0-4082-b563-e89486b94688,score,source_provided,True,True,2.00,2.00,matched
t160-quality-20261002T163445Z-4654973a-09-IMP-IMAGE-r3,IMP-IMAGE,3,assisted_corrected,c4d750a5-4dc4-5a35-83e2-dee4ca44aca1,4c75dd2a-dec0-4082-b563-e89486b94688,scoring_rubric,known_missing,True,True,,,matched
t160-quality-20261002T163445Z-4654973a-09-IMP-IMAGE-r3,IMP-IMAGE,3,assisted_corrected,c4d750a5-4dc4-5a35-83e2-dee4ca44aca1,4c75dd2a-dec0-4082-b563-e89486b94688,knowledge_points,known_missing,True,True,[],[],matched
t160-quality-20261002T163445Z-4654973a-09-IMP-IMAGE-r3,IMP-IMAGE,3,assisted_corrected,c4d750a5-4dc4-5a35-83e2-dee4ca44aca1,4c75dd2a-dec0-4082-b563-e89486b94688,source_regions,unknown,False,,,,reference_unknown
t160-quality-20261002T163445Z-4654973a-09-IMP-IMAGE-r3,IMP-IMAGE,3,assisted_corrected,c4d750a5-4dc4-5a35-83e2-dee4ca44aca1,4c75dd2a-dec0-4082-b563-e89486b94688,assets,source_provided,True,True,[],[],matched
t160-quality-20261002T163445Z-4654973a-09-IMP-IMAGE-r3,IMP-IMAGE,3,assisted_corrected,e418791a-1462-52b7-98fe-396ce71b8d48,d9fcf1ce-58ae-4867-b376-481769f4c2c6,question_number,source_provided,True,True,2,2,matched
t160-quality-20261002T163445Z-4654973a-09-IMP-IMAGE-r3,IMP-IMAGE,3,assisted_corrected,e418791a-1462-52b7-98fe-396ce71b8d48,d9fcf1ce-58ae-4867-b376-481769f4c2c6,order_index,source_provided,True,True,2,2,matched
t160-quality-20261002T163445Z-4654973a-09-IMP-IMAGE-r3,IMP-IMAGE,3,assisted_corrected,e418791a-1462-52b7-98fe-396ce71b8d48,d9fcf1ce-58ae-4867-b376-481769f4c2c6,source_page_numbers,source_provided,True,True,[1],[1],matched
t160-quality-20261002T163445Z-4654973a-09-IMP-IMAGE-r3,IMP-IMAGE,3,assisted_corrected,e418791a-1462-52b7-98fe-396ce71b8d48,d9fcf1ce-58ae-4867-b376-481769f4c2c6,question_type,source_provided,True,True,TRUE_FALSE,TRUE_FALSE,matched
t160-quality-20261002T163445Z-4654973a-09-IMP-IMAGE-r3,IMP-IMAGE,3,assisted_corrected,e418791a-1462-52b7-98fe-396ce71b8d48,d9fcf1ce-58ae-4867-b376-481769f4c2c6,content,source_provided,True,True,右图三角形面积为 24 cm²。,右图三角形面积为 24 cm²。,matched
t160-quality-20261002T163445Z-4654973a-09-IMP-IMAGE-r3,IMP-IMAGE,3,assisted_corrected,e418791a-1462-52b7-98fe-396ce71b8d48,d9fcf1ce-58ae-4867-b376-481769f4c2c6,options,source_provided,True,True,"[""正确"", ""错误""]","[""正确"", ""错误""]",matched
t160-quality-20261002T163445Z-4654973a-09-IMP-IMAGE-r3,IMP-IMAGE,3,assisted_corrected,e418791a-1462-52b7-98fe-396ce71b8d48,d9fcf1ce-58ae-4867-b376-481769f4c2c6,reference_answer,known_missing,True,True,,,matched
t160-quality-20261002T163445Z-4654973a-09-IMP-IMAGE-r3,IMP-IMAGE,3,assisted_corrected,e418791a-1462-52b7-98fe-396ce71b8d48,d9fcf1ce-58ae-4867-b376-481769f4c2c6,analysis,known_missing,True,True,,,matched
t160-quality-20261002T163445Z-4654973a-09-IMP-IMAGE-r3,IMP-IMAGE,3,assisted_corrected,e418791a-1462-52b7-98fe-396ce71b8d48,d9fcf1ce-58ae-4867-b376-481769f4c2c6,score,source_provided,True,True,2.00,2.00,matched
t160-quality-20261002T163445Z-4654973a-09-IMP-IMAGE-r3,IMP-IMAGE,3,assisted_corrected,e418791a-1462-52b7-98fe-396ce71b8d48,d9fcf1ce-58ae-4867-b376-481769f4c2c6,scoring_rubric,known_missing,True,True,,,matched
t160-quality-20261002T163445Z-4654973a-09-IMP-IMAGE-r3,IMP-IMAGE,3,assisted_corrected,e418791a-1462-52b7-98fe-396ce71b8d48,d9fcf1ce-58ae-4867-b376-481769f4c2c6,knowledge_points,known_missing,True,True,[],[],matched
t160-quality-20261002T163445Z-4654973a-09-IMP-IMAGE-r3,IMP-IMAGE,3,assisted_corrected,e418791a-1462-52b7-98fe-396ce71b8d48,d9fcf1ce-58ae-4867-b376-481769f4c2c6,source_regions,unknown,False,,,,reference_unknown
t160-quality-20261002T163445Z-4654973a-09-IMP-IMAGE-r3,IMP-IMAGE,3,assisted_corrected,e418791a-1462-52b7-98fe-396ce71b8d48,d9fcf1ce-58ae-4867-b376-481769f4c2c6,assets,source_provided,True,False,"[{""asset_type"": ""figure"", ""source_page_number"": 1, ""order_index"": 1}]",,matched
t160-quality-20261002T163445Z-4654973a-09-IMP-IMAGE-r3,IMP-IMAGE,3,assisted_corrected,e5c1555f-e927-575c-b68c-85eb341a3202,e2e6168e-42c9-47e6-921a-83f099b92bd4,question_number,source_provided,True,True,3,3,matched
t160-quality-20261002T163445Z-4654973a-09-IMP-IMAGE-r3,IMP-IMAGE,3,assisted_corrected,e5c1555f-e927-575c-b68c-85eb341a3202,e2e6168e-42c9-47e6-921a-83f099b92bd4,order_index,source_provided,True,True,3,3,matched
t160-quality-20261002T163445Z-4654973a-09-IMP-IMAGE-r3,IMP-IMAGE,3,assisted_corrected,e5c1555f-e927-575c-b68c-85eb341a3202,e2e6168e-42c9-47e6-921a-83f099b92bd4,source_page_numbers,source_provided,True,True,[1],[1],matched
t160-quality-20261002T163445Z-4654973a-09-IMP-IMAGE-r3,IMP-IMAGE,3,assisted_corrected,e5c1555f-e927-575c-b68c-85eb341a3202,e2e6168e-42c9-47e6-921a-83f099b92bd4,question_type,source_provided,True,True,SHORT_ANSWER,SHORT_ANSWER,matched
t160-quality-20261002T163445Z-4654973a-09-IMP-IMAGE-r3,IMP-IMAGE,3,assisted_corrected,e5c1555f-e927-575c-b68c-85eb341a3202,e2e6168e-42c9-47e6-921a-83f099b92bd4,content,source_provided,True,True,根据下表写出 y 关于 x 的关系式。,根据下表写出 y 关于 x 的关系式。,matched
t160-quality-20261002T163445Z-4654973a-09-IMP-IMAGE-r3,IMP-IMAGE,3,assisted_corrected,e5c1555f-e927-575c-b68c-85eb341a3202,e2e6168e-42c9-47e6-921a-83f099b92bd4,options,not_applicable,True,True,,,matched
t160-quality-20261002T163445Z-4654973a-09-IMP-IMAGE-r3,IMP-IMAGE,3,assisted_corrected,e5c1555f-e927-575c-b68c-85eb341a3202,e2e6168e-42c9-47e6-921a-83f099b92bd4,reference_answer,known_missing,True,True,,,matched
t160-quality-20261002T163445Z-4654973a-09-IMP-IMAGE-r3,IMP-IMAGE,3,assisted_corrected,e5c1555f-e927-575c-b68c-85eb341a3202,e2e6168e-42c9-47e6-921a-83f099b92bd4,analysis,known_missing,True,True,,,matched
t160-quality-20261002T163445Z-4654973a-09-IMP-IMAGE-r3,IMP-IMAGE,3,assisted_corrected,e5c1555f-e927-575c-b68c-85eb341a3202,e2e6168e-42c9-47e6-921a-83f099b92bd4,score,source_provided,True,True,3.00,3.00,matched
t160-quality-20261002T163445Z-4654973a-09-IMP-IMAGE-r3,IMP-IMAGE,3,assisted_corrected,e5c1555f-e927-575c-b68c-85eb341a3202,e2e6168e-42c9-47e6-921a-83f099b92bd4,scoring_rubric,source_provided,True,True,正确关系式 1.00；说明代入过程 2.00。,正确关系式 1.00；说明代入过程 2.00。,matched
t160-quality-20261002T163445Z-4654973a-09-IMP-IMAGE-r3,IMP-IMAGE,3,assisted_corrected,e5c1555f-e927-575c-b68c-85eb341a3202,e2e6168e-42c9-47e6-921a-83f099b92bd4,knowledge_points,source_provided,True,True,"[""一次函数"", ""表达与计算""]","[""一次函数"", ""表达与计算""]",matched
t160-quality-20261002T163445Z-4654973a-09-IMP-IMAGE-r3,IMP-IMAGE,3,assisted_corrected,e5c1555f-e927-575c-b68c-85eb341a3202,e2e6168e-42c9-47e6-921a-83f099b92bd4,source_regions,unknown,False,,,,reference_unknown
t160-quality-20261002T163445Z-4654973a-09-IMP-IMAGE-r3,IMP-IMAGE,3,assisted_corrected,e5c1555f-e927-575c-b68c-85eb341a3202,e2e6168e-42c9-47e6-921a-83f099b92bd4,assets,source_provided,True,False,"[{""asset_type"": ""table"", ""source_page_number"": 1, ""order_index"": 1}]",,matched
t160-quality-20261002T163445Z-4654973a-10-IMP-MIXED-r1,IMP-MIXED,1,automatic,1faa8619-84cc-5d65-86ae-244c7f68645e,71abaef7-2b5c-421a-b305-7f0d165f62c5,question_number,source_provided,True,True,1,1,matched
t160-quality-20261002T163445Z-4654973a-10-IMP-MIXED-r1,IMP-MIXED,1,automatic,1faa8619-84cc-5d65-86ae-244c7f68645e,71abaef7-2b5c-421a-b305-7f0d165f62c5,order_index,source_provided,True,True,1,1,matched
t160-quality-20261002T163445Z-4654973a-10-IMP-MIXED-r1,IMP-MIXED,1,automatic,1faa8619-84cc-5d65-86ae-244c7f68645e,71abaef7-2b5c-421a-b305-7f0d165f62c5,source_page_numbers,source_provided,True,True,[1],[1],matched
t160-quality-20261002T163445Z-4654973a-10-IMP-MIXED-r1,IMP-MIXED,1,automatic,1faa8619-84cc-5d65-86ae-244c7f68645e,71abaef7-2b5c-421a-b305-7f0d165f62c5,question_type,source_provided,True,True,SINGLE_CHOICE,SINGLE_CHOICE,matched
t160-quality-20261002T163445Z-4654973a-10-IMP-MIXED-r1,IMP-MIXED,1,automatic,1faa8619-84cc-5d65-86ae-244c7f68645e,71abaef7-2b5c-421a-b305-7f0d165f62c5,content,source_provided,True,True,y = 2x + 1，x = 3 时 y 为多少？,y = 2x + 1，x = 3 时 y 为多少？,matched
t160-quality-20261002T163445Z-4654973a-10-IMP-MIXED-r1,IMP-MIXED,1,automatic,1faa8619-84cc-5d65-86ae-244c7f68645e,71abaef7-2b5c-421a-b305-7f0d165f62c5,options,source_provided,True,True,"{""C"": ""7"", ""A"": ""5"", ""B"": ""6"", ""D"": ""8""}","{""C"": ""7"", ""A"": ""5"", ""B"": ""6"", ""D"": ""8""}",matched
t160-quality-20261002T163445Z-4654973a-10-IMP-MIXED-r1,IMP-MIXED,1,automatic,1faa8619-84cc-5d65-86ae-244c7f68645e,71abaef7-2b5c-421a-b305-7f0d165f62c5,reference_answer,source_provided,True,True,C,C,matched
t160-quality-20261002T163445Z-4654973a-10-IMP-MIXED-r1,IMP-MIXED,1,automatic,1faa8619-84cc-5d65-86ae-244c7f68645e,71abaef7-2b5c-421a-b305-7f0d165f62c5,analysis,source_provided,True,True,2 × 3 + 1 = 7。,2 × 3 + 1 = 7。,matched
t160-quality-20261002T163445Z-4654973a-10-IMP-MIXED-r1,IMP-MIXED,1,automatic,1faa8619-84cc-5d65-86ae-244c7f68645e,71abaef7-2b5c-421a-b305-7f0d165f62c5,score,source_provided,True,True,2.00,2.00,matched
t160-quality-20261002T163445Z-4654973a-10-IMP-MIXED-r1,IMP-MIXED,1,automatic,1faa8619-84cc-5d65-86ae-244c7f68645e,71abaef7-2b5c-421a-b305-7f0d165f62c5,scoring_rubric,known_missing,True,True,,,matched
t160-quality-20261002T163445Z-4654973a-10-IMP-MIXED-r1,IMP-MIXED,1,automatic,1faa8619-84cc-5d65-86ae-244c7f68645e,71abaef7-2b5c-421a-b305-7f0d165f62c5,knowledge_points,known_missing,True,False,[],,matched
t160-quality-20261002T163445Z-4654973a-10-IMP-MIXED-r1,IMP-MIXED,1,automatic,1faa8619-84cc-5d65-86ae-244c7f68645e,71abaef7-2b5c-421a-b305-7f0d165f62c5,source_regions,unknown,False,,,,reference_unknown
t160-quality-20261002T163445Z-4654973a-10-IMP-MIXED-r1,IMP-MIXED,1,automatic,1faa8619-84cc-5d65-86ae-244c7f68645e,71abaef7-2b5c-421a-b305-7f0d165f62c5,assets,source_provided,True,False,[],,matched
t160-quality-20261002T163445Z-4654973a-10-IMP-MIXED-r1,IMP-MIXED,1,automatic,545de13f-3fe9-524b-a917-7ab04807806f,05e9fb1c-1d00-4493-97fe-cd4aa11cd1ca,question_number,source_provided,True,True,2,2,matched
t160-quality-20261002T163445Z-4654973a-10-IMP-MIXED-r1,IMP-MIXED,1,automatic,545de13f-3fe9-524b-a917-7ab04807806f,05e9fb1c-1d00-4493-97fe-cd4aa11cd1ca,order_index,source_provided,True,True,2,2,matched
t160-quality-20261002T163445Z-4654973a-10-IMP-MIXED-r1,IMP-MIXED,1,automatic,545de13f-3fe9-524b-a917-7ab04807806f,05e9fb1c-1d00-4493-97fe-cd4aa11cd1ca,source_page_numbers,source_provided,True,True,[1],[1],matched
t160-quality-20261002T163445Z-4654973a-10-IMP-MIXED-r1,IMP-MIXED,1,automatic,545de13f-3fe9-524b-a917-7ab04807806f,05e9fb1c-1d00-4493-97fe-cd4aa11cd1ca,question_type,source_provided,True,True,TRUE_FALSE,TRUE_FALSE,matched
t160-quality-20261002T163445Z-4654973a-10-IMP-MIXED-r1,IMP-MIXED,1,automatic,545de13f-3fe9-524b-a917-7ab04807806f,05e9fb1c-1d00-4493-97fe-cd4aa11cd1ca,content,source_provided,True,True,右图三角形面积为 24 cm²。,右图三角形面积为 24 cm²。,matched
t160-quality-20261002T163445Z-4654973a-10-IMP-MIXED-r1,IMP-MIXED,1,automatic,545de13f-3fe9-524b-a917-7ab04807806f,05e9fb1c-1d00-4493-97fe-cd4aa11cd1ca,options,source_provided,True,True,"[""正确"", ""错误""]","[""正确"", ""错误""]",matched
t160-quality-20261002T163445Z-4654973a-10-IMP-MIXED-r1,IMP-MIXED,1,automatic,545de13f-3fe9-524b-a917-7ab04807806f,05e9fb1c-1d00-4493-97fe-cd4aa11cd1ca,reference_answer,known_missing,True,True,,,matched
t160-quality-20261002T163445Z-4654973a-10-IMP-MIXED-r1,IMP-MIXED,1,automatic,545de13f-3fe9-524b-a917-7ab04807806f,05e9fb1c-1d00-4493-97fe-cd4aa11cd1ca,analysis,known_missing,True,True,,,matched
t160-quality-20261002T163445Z-4654973a-10-IMP-MIXED-r1,IMP-MIXED,1,automatic,545de13f-3fe9-524b-a917-7ab04807806f,05e9fb1c-1d00-4493-97fe-cd4aa11cd1ca,score,source_provided,True,True,2.00,2.00,matched
t160-quality-20261002T163445Z-4654973a-10-IMP-MIXED-r1,IMP-MIXED,1,automatic,545de13f-3fe9-524b-a917-7ab04807806f,05e9fb1c-1d00-4493-97fe-cd4aa11cd1ca,scoring_rubric,known_missing,True,True,,,matched
t160-quality-20261002T163445Z-4654973a-10-IMP-MIXED-r1,IMP-MIXED,1,automatic,545de13f-3fe9-524b-a917-7ab04807806f,05e9fb1c-1d00-4493-97fe-cd4aa11cd1ca,knowledge_points,known_missing,True,False,[],,matched
t160-quality-20261002T163445Z-4654973a-10-IMP-MIXED-r1,IMP-MIXED,1,automatic,545de13f-3fe9-524b-a917-7ab04807806f,05e9fb1c-1d00-4493-97fe-cd4aa11cd1ca,source_regions,unknown,False,,,,reference_unknown
t160-quality-20261002T163445Z-4654973a-10-IMP-MIXED-r1,IMP-MIXED,1,automatic,545de13f-3fe9-524b-a917-7ab04807806f,05e9fb1c-1d00-4493-97fe-cd4aa11cd1ca,assets,source_provided,True,False,"[{""asset_type"": ""figure"", ""source_page_number"": 1, ""order_index"": 1}]",,matched
t160-quality-20261002T163445Z-4654973a-10-IMP-MIXED-r1,IMP-MIXED,1,automatic,85533f46-eb86-5893-8742-33939e77750f,15e21f84-1b9f-42b7-891d-fa11a3ca6e2d,question_number,source_provided,True,True,3,3,matched
t160-quality-20261002T163445Z-4654973a-10-IMP-MIXED-r1,IMP-MIXED,1,automatic,85533f46-eb86-5893-8742-33939e77750f,15e21f84-1b9f-42b7-891d-fa11a3ca6e2d,order_index,source_provided,True,True,3,3,matched
t160-quality-20261002T163445Z-4654973a-10-IMP-MIXED-r1,IMP-MIXED,1,automatic,85533f46-eb86-5893-8742-33939e77750f,15e21f84-1b9f-42b7-891d-fa11a3ca6e2d,source_page_numbers,source_provided,True,True,[1],[1],matched
t160-quality-20261002T163445Z-4654973a-10-IMP-MIXED-r1,IMP-MIXED,1,automatic,85533f46-eb86-5893-8742-33939e77750f,15e21f84-1b9f-42b7-891d-fa11a3ca6e2d,question_type,source_provided,True,True,SHORT_ANSWER,SHORT_ANSWER,matched
t160-quality-20261002T163445Z-4654973a-10-IMP-MIXED-r1,IMP-MIXED,1,automatic,85533f46-eb86-5893-8742-33939e77750f,15e21f84-1b9f-42b7-891d-fa11a3ca6e2d,content,source_provided,True,True,根据下表写出 y 关于 x 的关系式。,根据下表写出 y 关于 x 的关系式。,matched
t160-quality-20261002T163445Z-4654973a-10-IMP-MIXED-r1,IMP-MIXED,1,automatic,85533f46-eb86-5893-8742-33939e77750f,15e21f84-1b9f-42b7-891d-fa11a3ca6e2d,options,not_applicable,True,True,,,matched
t160-quality-20261002T163445Z-4654973a-10-IMP-MIXED-r1,IMP-MIXED,1,automatic,85533f46-eb86-5893-8742-33939e77750f,15e21f84-1b9f-42b7-891d-fa11a3ca6e2d,reference_answer,known_missing,True,True,,,matched
t160-quality-20261002T163445Z-4654973a-10-IMP-MIXED-r1,IMP-MIXED,1,automatic,85533f46-eb86-5893-8742-33939e77750f,15e21f84-1b9f-42b7-891d-fa11a3ca6e2d,analysis,known_missing,True,True,,,matched
t160-quality-20261002T163445Z-4654973a-10-IMP-MIXED-r1,IMP-MIXED,1,automatic,85533f46-eb86-5893-8742-33939e77750f,15e21f84-1b9f-42b7-891d-fa11a3ca6e2d,score,source_provided,True,True,3.00,3.00,matched
t160-quality-20261002T163445Z-4654973a-10-IMP-MIXED-r1,IMP-MIXED,1,automatic,85533f46-eb86-5893-8742-33939e77750f,15e21f84-1b9f-42b7-891d-fa11a3ca6e2d,scoring_rubric,source_provided,True,True,正确关系式 1.00；说明代入过程 2.00。,正确关系式 1.00；说明代入过程 2.00。,matched
t160-quality-20261002T163445Z-4654973a-10-IMP-MIXED-r1,IMP-MIXED,1,automatic,85533f46-eb86-5893-8742-33939e77750f,15e21f84-1b9f-42b7-891d-fa11a3ca6e2d,knowledge_points,source_provided,True,True,"[""一次函数"", ""表达与计算""]","[""一次函数"", ""表达与计算""]",matched
t160-quality-20261002T163445Z-4654973a-10-IMP-MIXED-r1,IMP-MIXED,1,automatic,85533f46-eb86-5893-8742-33939e77750f,15e21f84-1b9f-42b7-891d-fa11a3ca6e2d,source_regions,unknown,False,,,,reference_unknown
t160-quality-20261002T163445Z-4654973a-10-IMP-MIXED-r1,IMP-MIXED,1,automatic,85533f46-eb86-5893-8742-33939e77750f,15e21f84-1b9f-42b7-891d-fa11a3ca6e2d,assets,source_provided,True,False,"[{""asset_type"": ""table"", ""source_page_number"": 1, ""order_index"": 1}]",,matched
t160-quality-20261002T163445Z-4654973a-10-IMP-MIXED-r1,IMP-MIXED,1,automatic,0fa8d57e-58c2-5aa4-b8cd-e52e96380a38,e747632c-c620-415f-bc3e-74ab9adcc0eb,question_number,source_provided,True,True,4,4,matched
t160-quality-20261002T163445Z-4654973a-10-IMP-MIXED-r1,IMP-MIXED,1,automatic,0fa8d57e-58c2-5aa4-b8cd-e52e96380a38,e747632c-c620-415f-bc3e-74ab9adcc0eb,order_index,source_provided,True,True,4,4,matched
t160-quality-20261002T163445Z-4654973a-10-IMP-MIXED-r1,IMP-MIXED,1,automatic,0fa8d57e-58c2-5aa4-b8cd-e52e96380a38,e747632c-c620-415f-bc3e-74ab9adcc0eb,source_page_numbers,source_provided,True,True,[2],[2],matched
t160-quality-20261002T163445Z-4654973a-10-IMP-MIXED-r1,IMP-MIXED,1,automatic,0fa8d57e-58c2-5aa4-b8cd-e52e96380a38,e747632c-c620-415f-bc3e-74ab9adcc0eb,question_type,source_provided,True,True,SINGLE_CHOICE,SINGLE_CHOICE,matched
t160-quality-20261002T163445Z-4654973a-10-IMP-MIXED-r1,IMP-MIXED,1,automatic,0fa8d57e-58c2-5aa4-b8cd-e52e96380a38,e747632c-c620-415f-bc3e-74ab9adcc0eb,content,source_provided,True,False,y = 2x + 1，x = 3 时 y 为多少？,y= 2x +1，x = 3 时y为多少？,matched
t160-quality-20261002T163445Z-4654973a-10-IMP-MIXED-r1,IMP-MIXED,1,automatic,0fa8d57e-58c2-5aa4-b8cd-e52e96380a38,e747632c-c620-415f-bc3e-74ab9adcc0eb,options,source_provided,True,True,"{""C"": ""7"", ""A"": ""5"", ""B"": ""6"", ""D"": ""8""}","{""C"": ""7"", ""A"": ""5"", ""B"": ""6"", ""D"": ""8""}",matched
t160-quality-20261002T163445Z-4654973a-10-IMP-MIXED-r1,IMP-MIXED,1,automatic,0fa8d57e-58c2-5aa4-b8cd-e52e96380a38,e747632c-c620-415f-bc3e-74ab9adcc0eb,reference_answer,source_provided,True,True,C,C,matched
t160-quality-20261002T163445Z-4654973a-10-IMP-MIXED-r1,IMP-MIXED,1,automatic,0fa8d57e-58c2-5aa4-b8cd-e52e96380a38,e747632c-c620-415f-bc3e-74ab9adcc0eb,analysis,source_provided,True,False,2 × 3 + 1 = 7。,2 × 3 +1=7。,matched
t160-quality-20261002T163445Z-4654973a-10-IMP-MIXED-r1,IMP-MIXED,1,automatic,0fa8d57e-58c2-5aa4-b8cd-e52e96380a38,e747632c-c620-415f-bc3e-74ab9adcc0eb,score,source_provided,True,True,2.00,2.00,matched
t160-quality-20261002T163445Z-4654973a-10-IMP-MIXED-r1,IMP-MIXED,1,automatic,0fa8d57e-58c2-5aa4-b8cd-e52e96380a38,e747632c-c620-415f-bc3e-74ab9adcc0eb,scoring_rubric,known_missing,True,True,,,matched
t160-quality-20261002T163445Z-4654973a-10-IMP-MIXED-r1,IMP-MIXED,1,automatic,0fa8d57e-58c2-5aa4-b8cd-e52e96380a38,e747632c-c620-415f-bc3e-74ab9adcc0eb,knowledge_points,known_missing,True,False,[],,matched
t160-quality-20261002T163445Z-4654973a-10-IMP-MIXED-r1,IMP-MIXED,1,automatic,0fa8d57e-58c2-5aa4-b8cd-e52e96380a38,e747632c-c620-415f-bc3e-74ab9adcc0eb,source_regions,unknown,False,,,,reference_unknown
t160-quality-20261002T163445Z-4654973a-10-IMP-MIXED-r1,IMP-MIXED,1,automatic,0fa8d57e-58c2-5aa4-b8cd-e52e96380a38,e747632c-c620-415f-bc3e-74ab9adcc0eb,assets,source_provided,True,False,[],,matched
t160-quality-20261002T163445Z-4654973a-10-IMP-MIXED-r1,IMP-MIXED,1,automatic,455720b9-9061-5bce-83af-d6d53c6c84e1,e031ecd4-33d0-4247-afee-64e376a8eeeb,question_number,source_provided,True,True,5,5,matched
t160-quality-20261002T163445Z-4654973a-10-IMP-MIXED-r1,IMP-MIXED,1,automatic,455720b9-9061-5bce-83af-d6d53c6c84e1,e031ecd4-33d0-4247-afee-64e376a8eeeb,order_index,source_provided,True,True,5,5,matched
t160-quality-20261002T163445Z-4654973a-10-IMP-MIXED-r1,IMP-MIXED,1,automatic,455720b9-9061-5bce-83af-d6d53c6c84e1,e031ecd4-33d0-4247-afee-64e376a8eeeb,source_page_numbers,source_provided,True,True,[2],[2],matched
t160-quality-20261002T163445Z-4654973a-10-IMP-MIXED-r1,IMP-MIXED,1,automatic,455720b9-9061-5bce-83af-d6d53c6c84e1,e031ecd4-33d0-4247-afee-64e376a8eeeb,question_type,source_provided,True,True,TRUE_FALSE,TRUE_FALSE,matched
t160-quality-20261002T163445Z-4654973a-10-IMP-MIXED-r1,IMP-MIXED,1,automatic,455720b9-9061-5bce-83af-d6d53c6c84e1,e031ecd4-33d0-4247-afee-64e376a8eeeb,content,source_provided,True,False,右图三角形面积为 24 cm²。,右图三角形面积为24cm2。,matched
t160-quality-20261002T163445Z-4654973a-10-IMP-MIXED-r1,IMP-MIXED,1,automatic,455720b9-9061-5bce-83af-d6d53c6c84e1,e031ecd4-33d0-4247-afee-64e376a8eeeb,options,source_provided,True,True,"[""正确"", ""错误""]","[""正确"", ""错误""]",matched
t160-quality-20261002T163445Z-4654973a-10-IMP-MIXED-r1,IMP-MIXED,1,automatic,455720b9-9061-5bce-83af-d6d53c6c84e1,e031ecd4-33d0-4247-afee-64e376a8eeeb,reference_answer,known_missing,True,True,,,matched
t160-quality-20261002T163445Z-4654973a-10-IMP-MIXED-r1,IMP-MIXED,1,automatic,455720b9-9061-5bce-83af-d6d53c6c84e1,e031ecd4-33d0-4247-afee-64e376a8eeeb,analysis,known_missing,True,True,,,matched
t160-quality-20261002T163445Z-4654973a-10-IMP-MIXED-r1,IMP-MIXED,1,automatic,455720b9-9061-5bce-83af-d6d53c6c84e1,e031ecd4-33d0-4247-afee-64e376a8eeeb,score,source_provided,True,True,2.00,2.00,matched
t160-quality-20261002T163445Z-4654973a-10-IMP-MIXED-r1,IMP-MIXED,1,automatic,455720b9-9061-5bce-83af-d6d53c6c84e1,e031ecd4-33d0-4247-afee-64e376a8eeeb,scoring_rubric,known_missing,True,True,,,matched
t160-quality-20261002T163445Z-4654973a-10-IMP-MIXED-r1,IMP-MIXED,1,automatic,455720b9-9061-5bce-83af-d6d53c6c84e1,e031ecd4-33d0-4247-afee-64e376a8eeeb,knowledge_points,known_missing,True,False,[],,matched
t160-quality-20261002T163445Z-4654973a-10-IMP-MIXED-r1,IMP-MIXED,1,automatic,455720b9-9061-5bce-83af-d6d53c6c84e1,e031ecd4-33d0-4247-afee-64e376a8eeeb,source_regions,unknown,False,,,,reference_unknown
t160-quality-20261002T163445Z-4654973a-10-IMP-MIXED-r1,IMP-MIXED,1,automatic,455720b9-9061-5bce-83af-d6d53c6c84e1,e031ecd4-33d0-4247-afee-64e376a8eeeb,assets,source_provided,True,False,"[{""asset_type"": ""figure"", ""source_page_number"": 2, ""order_index"": 1}]",,matched
t160-quality-20261002T163445Z-4654973a-10-IMP-MIXED-r1,IMP-MIXED,1,automatic,bf862f8d-df39-5559-bab5-d942fccb2432,a32336e7-0405-477d-89bb-10f269686920,question_number,source_provided,True,True,6,6,matched
t160-quality-20261002T163445Z-4654973a-10-IMP-MIXED-r1,IMP-MIXED,1,automatic,bf862f8d-df39-5559-bab5-d942fccb2432,a32336e7-0405-477d-89bb-10f269686920,order_index,source_provided,True,True,6,6,matched
t160-quality-20261002T163445Z-4654973a-10-IMP-MIXED-r1,IMP-MIXED,1,automatic,bf862f8d-df39-5559-bab5-d942fccb2432,a32336e7-0405-477d-89bb-10f269686920,source_page_numbers,source_provided,True,True,[2],[2],matched
t160-quality-20261002T163445Z-4654973a-10-IMP-MIXED-r1,IMP-MIXED,1,automatic,bf862f8d-df39-5559-bab5-d942fccb2432,a32336e7-0405-477d-89bb-10f269686920,question_type,source_provided,True,True,SHORT_ANSWER,SHORT_ANSWER,matched
t160-quality-20261002T163445Z-4654973a-10-IMP-MIXED-r1,IMP-MIXED,1,automatic,bf862f8d-df39-5559-bab5-d942fccb2432,a32336e7-0405-477d-89bb-10f269686920,content,source_provided,True,False,根据下表写出 y 关于 x 的关系式。,根据下表写出y关于x的关系式。,matched
t160-quality-20261002T163445Z-4654973a-10-IMP-MIXED-r1,IMP-MIXED,1,automatic,bf862f8d-df39-5559-bab5-d942fccb2432,a32336e7-0405-477d-89bb-10f269686920,options,not_applicable,True,True,,,matched
t160-quality-20261002T163445Z-4654973a-10-IMP-MIXED-r1,IMP-MIXED,1,automatic,bf862f8d-df39-5559-bab5-d942fccb2432,a32336e7-0405-477d-89bb-10f269686920,reference_answer,known_missing,True,True,,,matched
t160-quality-20261002T163445Z-4654973a-10-IMP-MIXED-r1,IMP-MIXED,1,automatic,bf862f8d-df39-5559-bab5-d942fccb2432,a32336e7-0405-477d-89bb-10f269686920,analysis,known_missing,True,True,,,matched
t160-quality-20261002T163445Z-4654973a-10-IMP-MIXED-r1,IMP-MIXED,1,automatic,bf862f8d-df39-5559-bab5-d942fccb2432,a32336e7-0405-477d-89bb-10f269686920,score,source_provided,True,True,3.00,3.00,matched
t160-quality-20261002T163445Z-4654973a-10-IMP-MIXED-r1,IMP-MIXED,1,automatic,bf862f8d-df39-5559-bab5-d942fccb2432,a32336e7-0405-477d-89bb-10f269686920,scoring_rubric,source_provided,True,False,正确关系式 1.00；说明代入过程 2.00。,正确关系式1.00；说明代入过程2.00。,matched
t160-quality-20261002T163445Z-4654973a-10-IMP-MIXED-r1,IMP-MIXED,1,automatic,bf862f8d-df39-5559-bab5-d942fccb2432,a32336e7-0405-477d-89bb-10f269686920,knowledge_points,source_provided,True,True,"[""一次函数"", ""表达与计算""]","[""一次函数"", ""表达与计算""]",matched
t160-quality-20261002T163445Z-4654973a-10-IMP-MIXED-r1,IMP-MIXED,1,automatic,bf862f8d-df39-5559-bab5-d942fccb2432,a32336e7-0405-477d-89bb-10f269686920,source_regions,unknown,False,,,,reference_unknown
t160-quality-20261002T163445Z-4654973a-10-IMP-MIXED-r1,IMP-MIXED,1,automatic,bf862f8d-df39-5559-bab5-d942fccb2432,a32336e7-0405-477d-89bb-10f269686920,assets,source_provided,True,False,"[{""asset_type"": ""table"", ""source_page_number"": 2, ""order_index"": 1}]",,matched
t160-quality-20261002T163445Z-4654973a-10-IMP-MIXED-r1,IMP-MIXED,1,assisted_corrected,1faa8619-84cc-5d65-86ae-244c7f68645e,71abaef7-2b5c-421a-b305-7f0d165f62c5,question_number,source_provided,True,True,1,1,matched
t160-quality-20261002T163445Z-4654973a-10-IMP-MIXED-r1,IMP-MIXED,1,assisted_corrected,1faa8619-84cc-5d65-86ae-244c7f68645e,71abaef7-2b5c-421a-b305-7f0d165f62c5,order_index,source_provided,True,True,1,1,matched
t160-quality-20261002T163445Z-4654973a-10-IMP-MIXED-r1,IMP-MIXED,1,assisted_corrected,1faa8619-84cc-5d65-86ae-244c7f68645e,71abaef7-2b5c-421a-b305-7f0d165f62c5,source_page_numbers,source_provided,True,True,[1],[1],matched
t160-quality-20261002T163445Z-4654973a-10-IMP-MIXED-r1,IMP-MIXED,1,assisted_corrected,1faa8619-84cc-5d65-86ae-244c7f68645e,71abaef7-2b5c-421a-b305-7f0d165f62c5,question_type,source_provided,True,True,SINGLE_CHOICE,SINGLE_CHOICE,matched
t160-quality-20261002T163445Z-4654973a-10-IMP-MIXED-r1,IMP-MIXED,1,assisted_corrected,1faa8619-84cc-5d65-86ae-244c7f68645e,71abaef7-2b5c-421a-b305-7f0d165f62c5,content,source_provided,True,True,y = 2x + 1，x = 3 时 y 为多少？,y = 2x + 1，x = 3 时 y 为多少？,matched
t160-quality-20261002T163445Z-4654973a-10-IMP-MIXED-r1,IMP-MIXED,1,assisted_corrected,1faa8619-84cc-5d65-86ae-244c7f68645e,71abaef7-2b5c-421a-b305-7f0d165f62c5,options,source_provided,True,True,"{""C"": ""7"", ""A"": ""5"", ""B"": ""6"", ""D"": ""8""}","{""C"": ""7"", ""A"": ""5"", ""B"": ""6"", ""D"": ""8""}",matched
t160-quality-20261002T163445Z-4654973a-10-IMP-MIXED-r1,IMP-MIXED,1,assisted_corrected,1faa8619-84cc-5d65-86ae-244c7f68645e,71abaef7-2b5c-421a-b305-7f0d165f62c5,reference_answer,source_provided,True,True,C,C,matched
t160-quality-20261002T163445Z-4654973a-10-IMP-MIXED-r1,IMP-MIXED,1,assisted_corrected,1faa8619-84cc-5d65-86ae-244c7f68645e,71abaef7-2b5c-421a-b305-7f0d165f62c5,analysis,source_provided,True,True,2 × 3 + 1 = 7。,2 × 3 + 1 = 7。,matched
t160-quality-20261002T163445Z-4654973a-10-IMP-MIXED-r1,IMP-MIXED,1,assisted_corrected,1faa8619-84cc-5d65-86ae-244c7f68645e,71abaef7-2b5c-421a-b305-7f0d165f62c5,score,source_provided,True,True,2.00,2.00,matched
t160-quality-20261002T163445Z-4654973a-10-IMP-MIXED-r1,IMP-MIXED,1,assisted_corrected,1faa8619-84cc-5d65-86ae-244c7f68645e,71abaef7-2b5c-421a-b305-7f0d165f62c5,scoring_rubric,known_missing,True,True,,,matched
t160-quality-20261002T163445Z-4654973a-10-IMP-MIXED-r1,IMP-MIXED,1,assisted_corrected,1faa8619-84cc-5d65-86ae-244c7f68645e,71abaef7-2b5c-421a-b305-7f0d165f62c5,knowledge_points,known_missing,True,True,[],[],matched
t160-quality-20261002T163445Z-4654973a-10-IMP-MIXED-r1,IMP-MIXED,1,assisted_corrected,1faa8619-84cc-5d65-86ae-244c7f68645e,71abaef7-2b5c-421a-b305-7f0d165f62c5,source_regions,unknown,False,,,,reference_unknown
t160-quality-20261002T163445Z-4654973a-10-IMP-MIXED-r1,IMP-MIXED,1,assisted_corrected,1faa8619-84cc-5d65-86ae-244c7f68645e,71abaef7-2b5c-421a-b305-7f0d165f62c5,assets,source_provided,True,True,[],[],matched
t160-quality-20261002T163445Z-4654973a-10-IMP-MIXED-r1,IMP-MIXED,1,assisted_corrected,545de13f-3fe9-524b-a917-7ab04807806f,05e9fb1c-1d00-4493-97fe-cd4aa11cd1ca,question_number,source_provided,True,True,2,2,matched
t160-quality-20261002T163445Z-4654973a-10-IMP-MIXED-r1,IMP-MIXED,1,assisted_corrected,545de13f-3fe9-524b-a917-7ab04807806f,05e9fb1c-1d00-4493-97fe-cd4aa11cd1ca,order_index,source_provided,True,True,2,2,matched
t160-quality-20261002T163445Z-4654973a-10-IMP-MIXED-r1,IMP-MIXED,1,assisted_corrected,545de13f-3fe9-524b-a917-7ab04807806f,05e9fb1c-1d00-4493-97fe-cd4aa11cd1ca,source_page_numbers,source_provided,True,True,[1],[1],matched
t160-quality-20261002T163445Z-4654973a-10-IMP-MIXED-r1,IMP-MIXED,1,assisted_corrected,545de13f-3fe9-524b-a917-7ab04807806f,05e9fb1c-1d00-4493-97fe-cd4aa11cd1ca,question_type,source_provided,True,True,TRUE_FALSE,TRUE_FALSE,matched
t160-quality-20261002T163445Z-4654973a-10-IMP-MIXED-r1,IMP-MIXED,1,assisted_corrected,545de13f-3fe9-524b-a917-7ab04807806f,05e9fb1c-1d00-4493-97fe-cd4aa11cd1ca,content,source_provided,True,True,右图三角形面积为 24 cm²。,右图三角形面积为 24 cm²。,matched
t160-quality-20261002T163445Z-4654973a-10-IMP-MIXED-r1,IMP-MIXED,1,assisted_corrected,545de13f-3fe9-524b-a917-7ab04807806f,05e9fb1c-1d00-4493-97fe-cd4aa11cd1ca,options,source_provided,True,True,"[""正确"", ""错误""]","[""正确"", ""错误""]",matched
t160-quality-20261002T163445Z-4654973a-10-IMP-MIXED-r1,IMP-MIXED,1,assisted_corrected,545de13f-3fe9-524b-a917-7ab04807806f,05e9fb1c-1d00-4493-97fe-cd4aa11cd1ca,reference_answer,known_missing,True,True,,,matched
t160-quality-20261002T163445Z-4654973a-10-IMP-MIXED-r1,IMP-MIXED,1,assisted_corrected,545de13f-3fe9-524b-a917-7ab04807806f,05e9fb1c-1d00-4493-97fe-cd4aa11cd1ca,analysis,known_missing,True,True,,,matched
t160-quality-20261002T163445Z-4654973a-10-IMP-MIXED-r1,IMP-MIXED,1,assisted_corrected,545de13f-3fe9-524b-a917-7ab04807806f,05e9fb1c-1d00-4493-97fe-cd4aa11cd1ca,score,source_provided,True,True,2.00,2.00,matched
t160-quality-20261002T163445Z-4654973a-10-IMP-MIXED-r1,IMP-MIXED,1,assisted_corrected,545de13f-3fe9-524b-a917-7ab04807806f,05e9fb1c-1d00-4493-97fe-cd4aa11cd1ca,scoring_rubric,known_missing,True,True,,,matched
t160-quality-20261002T163445Z-4654973a-10-IMP-MIXED-r1,IMP-MIXED,1,assisted_corrected,545de13f-3fe9-524b-a917-7ab04807806f,05e9fb1c-1d00-4493-97fe-cd4aa11cd1ca,knowledge_points,known_missing,True,True,[],[],matched
t160-quality-20261002T163445Z-4654973a-10-IMP-MIXED-r1,IMP-MIXED,1,assisted_corrected,545de13f-3fe9-524b-a917-7ab04807806f,05e9fb1c-1d00-4493-97fe-cd4aa11cd1ca,source_regions,unknown,False,,,,reference_unknown
t160-quality-20261002T163445Z-4654973a-10-IMP-MIXED-r1,IMP-MIXED,1,assisted_corrected,545de13f-3fe9-524b-a917-7ab04807806f,05e9fb1c-1d00-4493-97fe-cd4aa11cd1ca,assets,source_provided,True,False,"[{""asset_type"": ""figure"", ""source_page_number"": 1, ""order_index"": 1}]",,matched
t160-quality-20261002T163445Z-4654973a-10-IMP-MIXED-r1,IMP-MIXED,1,assisted_corrected,85533f46-eb86-5893-8742-33939e77750f,15e21f84-1b9f-42b7-891d-fa11a3ca6e2d,question_number,source_provided,True,True,3,3,matched
t160-quality-20261002T163445Z-4654973a-10-IMP-MIXED-r1,IMP-MIXED,1,assisted_corrected,85533f46-eb86-5893-8742-33939e77750f,15e21f84-1b9f-42b7-891d-fa11a3ca6e2d,order_index,source_provided,True,True,3,3,matched
t160-quality-20261002T163445Z-4654973a-10-IMP-MIXED-r1,IMP-MIXED,1,assisted_corrected,85533f46-eb86-5893-8742-33939e77750f,15e21f84-1b9f-42b7-891d-fa11a3ca6e2d,source_page_numbers,source_provided,True,True,[1],[1],matched
t160-quality-20261002T163445Z-4654973a-10-IMP-MIXED-r1,IMP-MIXED,1,assisted_corrected,85533f46-eb86-5893-8742-33939e77750f,15e21f84-1b9f-42b7-891d-fa11a3ca6e2d,question_type,source_provided,True,True,SHORT_ANSWER,SHORT_ANSWER,matched
t160-quality-20261002T163445Z-4654973a-10-IMP-MIXED-r1,IMP-MIXED,1,assisted_corrected,85533f46-eb86-5893-8742-33939e77750f,15e21f84-1b9f-42b7-891d-fa11a3ca6e2d,content,source_provided,True,True,根据下表写出 y 关于 x 的关系式。,根据下表写出 y 关于 x 的关系式。,matched
t160-quality-20261002T163445Z-4654973a-10-IMP-MIXED-r1,IMP-MIXED,1,assisted_corrected,85533f46-eb86-5893-8742-33939e77750f,15e21f84-1b9f-42b7-891d-fa11a3ca6e2d,options,not_applicable,True,True,,,matched
t160-quality-20261002T163445Z-4654973a-10-IMP-MIXED-r1,IMP-MIXED,1,assisted_corrected,85533f46-eb86-5893-8742-33939e77750f,15e21f84-1b9f-42b7-891d-fa11a3ca6e2d,reference_answer,known_missing,True,True,,,matched
t160-quality-20261002T163445Z-4654973a-10-IMP-MIXED-r1,IMP-MIXED,1,assisted_corrected,85533f46-eb86-5893-8742-33939e77750f,15e21f84-1b9f-42b7-891d-fa11a3ca6e2d,analysis,known_missing,True,True,,,matched
t160-quality-20261002T163445Z-4654973a-10-IMP-MIXED-r1,IMP-MIXED,1,assisted_corrected,85533f46-eb86-5893-8742-33939e77750f,15e21f84-1b9f-42b7-891d-fa11a3ca6e2d,score,source_provided,True,True,3.00,3.00,matched
t160-quality-20261002T163445Z-4654973a-10-IMP-MIXED-r1,IMP-MIXED,1,assisted_corrected,85533f46-eb86-5893-8742-33939e77750f,15e21f84-1b9f-42b7-891d-fa11a3ca6e2d,scoring_rubric,source_provided,True,True,正确关系式 1.00；说明代入过程 2.00。,正确关系式 1.00；说明代入过程 2.00。,matched
t160-quality-20261002T163445Z-4654973a-10-IMP-MIXED-r1,IMP-MIXED,1,assisted_corrected,85533f46-eb86-5893-8742-33939e77750f,15e21f84-1b9f-42b7-891d-fa11a3ca6e2d,knowledge_points,source_provided,True,True,"[""一次函数"", ""表达与计算""]","[""一次函数"", ""表达与计算""]",matched
t160-quality-20261002T163445Z-4654973a-10-IMP-MIXED-r1,IMP-MIXED,1,assisted_corrected,85533f46-eb86-5893-8742-33939e77750f,15e21f84-1b9f-42b7-891d-fa11a3ca6e2d,source_regions,unknown,False,,,,reference_unknown
t160-quality-20261002T163445Z-4654973a-10-IMP-MIXED-r1,IMP-MIXED,1,assisted_corrected,85533f46-eb86-5893-8742-33939e77750f,15e21f84-1b9f-42b7-891d-fa11a3ca6e2d,assets,source_provided,True,False,"[{""asset_type"": ""table"", ""source_page_number"": 1, ""order_index"": 1}]",,matched
t160-quality-20261002T163445Z-4654973a-10-IMP-MIXED-r1,IMP-MIXED,1,assisted_corrected,0fa8d57e-58c2-5aa4-b8cd-e52e96380a38,e747632c-c620-415f-bc3e-74ab9adcc0eb,question_number,source_provided,True,True,4,4,matched
t160-quality-20261002T163445Z-4654973a-10-IMP-MIXED-r1,IMP-MIXED,1,assisted_corrected,0fa8d57e-58c2-5aa4-b8cd-e52e96380a38,e747632c-c620-415f-bc3e-74ab9adcc0eb,order_index,source_provided,True,True,4,4,matched
t160-quality-20261002T163445Z-4654973a-10-IMP-MIXED-r1,IMP-MIXED,1,assisted_corrected,0fa8d57e-58c2-5aa4-b8cd-e52e96380a38,e747632c-c620-415f-bc3e-74ab9adcc0eb,source_page_numbers,source_provided,True,True,[2],[2],matched
t160-quality-20261002T163445Z-4654973a-10-IMP-MIXED-r1,IMP-MIXED,1,assisted_corrected,0fa8d57e-58c2-5aa4-b8cd-e52e96380a38,e747632c-c620-415f-bc3e-74ab9adcc0eb,question_type,source_provided,True,True,SINGLE_CHOICE,SINGLE_CHOICE,matched
t160-quality-20261002T163445Z-4654973a-10-IMP-MIXED-r1,IMP-MIXED,1,assisted_corrected,0fa8d57e-58c2-5aa4-b8cd-e52e96380a38,e747632c-c620-415f-bc3e-74ab9adcc0eb,content,source_provided,True,True,y = 2x + 1，x = 3 时 y 为多少？,y = 2x + 1，x = 3 时 y 为多少？,matched
t160-quality-20261002T163445Z-4654973a-10-IMP-MIXED-r1,IMP-MIXED,1,assisted_corrected,0fa8d57e-58c2-5aa4-b8cd-e52e96380a38,e747632c-c620-415f-bc3e-74ab9adcc0eb,options,source_provided,True,True,"{""C"": ""7"", ""A"": ""5"", ""B"": ""6"", ""D"": ""8""}","{""C"": ""7"", ""A"": ""5"", ""B"": ""6"", ""D"": ""8""}",matched
t160-quality-20261002T163445Z-4654973a-10-IMP-MIXED-r1,IMP-MIXED,1,assisted_corrected,0fa8d57e-58c2-5aa4-b8cd-e52e96380a38,e747632c-c620-415f-bc3e-74ab9adcc0eb,reference_answer,source_provided,True,True,C,C,matched
t160-quality-20261002T163445Z-4654973a-10-IMP-MIXED-r1,IMP-MIXED,1,assisted_corrected,0fa8d57e-58c2-5aa4-b8cd-e52e96380a38,e747632c-c620-415f-bc3e-74ab9adcc0eb,analysis,source_provided,True,True,2 × 3 + 1 = 7。,2 × 3 + 1 = 7。,matched
t160-quality-20261002T163445Z-4654973a-10-IMP-MIXED-r1,IMP-MIXED,1,assisted_corrected,0fa8d57e-58c2-5aa4-b8cd-e52e96380a38,e747632c-c620-415f-bc3e-74ab9adcc0eb,score,source_provided,True,True,2.00,2.00,matched
t160-quality-20261002T163445Z-4654973a-10-IMP-MIXED-r1,IMP-MIXED,1,assisted_corrected,0fa8d57e-58c2-5aa4-b8cd-e52e96380a38,e747632c-c620-415f-bc3e-74ab9adcc0eb,scoring_rubric,known_missing,True,True,,,matched
t160-quality-20261002T163445Z-4654973a-10-IMP-MIXED-r1,IMP-MIXED,1,assisted_corrected,0fa8d57e-58c2-5aa4-b8cd-e52e96380a38,e747632c-c620-415f-bc3e-74ab9adcc0eb,knowledge_points,known_missing,True,True,[],[],matched
t160-quality-20261002T163445Z-4654973a-10-IMP-MIXED-r1,IMP-MIXED,1,assisted_corrected,0fa8d57e-58c2-5aa4-b8cd-e52e96380a38,e747632c-c620-415f-bc3e-74ab9adcc0eb,source_regions,unknown,False,,,,reference_unknown
t160-quality-20261002T163445Z-4654973a-10-IMP-MIXED-r1,IMP-MIXED,1,assisted_corrected,0fa8d57e-58c2-5aa4-b8cd-e52e96380a38,e747632c-c620-415f-bc3e-74ab9adcc0eb,assets,source_provided,True,True,[],[],matched
t160-quality-20261002T163445Z-4654973a-10-IMP-MIXED-r1,IMP-MIXED,1,assisted_corrected,455720b9-9061-5bce-83af-d6d53c6c84e1,e031ecd4-33d0-4247-afee-64e376a8eeeb,question_number,source_provided,True,True,5,5,matched
t160-quality-20261002T163445Z-4654973a-10-IMP-MIXED-r1,IMP-MIXED,1,assisted_corrected,455720b9-9061-5bce-83af-d6d53c6c84e1,e031ecd4-33d0-4247-afee-64e376a8eeeb,order_index,source_provided,True,True,5,5,matched
t160-quality-20261002T163445Z-4654973a-10-IMP-MIXED-r1,IMP-MIXED,1,assisted_corrected,455720b9-9061-5bce-83af-d6d53c6c84e1,e031ecd4-33d0-4247-afee-64e376a8eeeb,source_page_numbers,source_provided,True,True,[2],[2],matched
t160-quality-20261002T163445Z-4654973a-10-IMP-MIXED-r1,IMP-MIXED,1,assisted_corrected,455720b9-9061-5bce-83af-d6d53c6c84e1,e031ecd4-33d0-4247-afee-64e376a8eeeb,question_type,source_provided,True,True,TRUE_FALSE,TRUE_FALSE,matched
t160-quality-20261002T163445Z-4654973a-10-IMP-MIXED-r1,IMP-MIXED,1,assisted_corrected,455720b9-9061-5bce-83af-d6d53c6c84e1,e031ecd4-33d0-4247-afee-64e376a8eeeb,content,source_provided,True,True,右图三角形面积为 24 cm²。,右图三角形面积为 24 cm²。,matched
t160-quality-20261002T163445Z-4654973a-10-IMP-MIXED-r1,IMP-MIXED,1,assisted_corrected,455720b9-9061-5bce-83af-d6d53c6c84e1,e031ecd4-33d0-4247-afee-64e376a8eeeb,options,source_provided,True,True,"[""正确"", ""错误""]","[""正确"", ""错误""]",matched
t160-quality-20261002T163445Z-4654973a-10-IMP-MIXED-r1,IMP-MIXED,1,assisted_corrected,455720b9-9061-5bce-83af-d6d53c6c84e1,e031ecd4-33d0-4247-afee-64e376a8eeeb,reference_answer,known_missing,True,True,,,matched
t160-quality-20261002T163445Z-4654973a-10-IMP-MIXED-r1,IMP-MIXED,1,assisted_corrected,455720b9-9061-5bce-83af-d6d53c6c84e1,e031ecd4-33d0-4247-afee-64e376a8eeeb,analysis,known_missing,True,True,,,matched
t160-quality-20261002T163445Z-4654973a-10-IMP-MIXED-r1,IMP-MIXED,1,assisted_corrected,455720b9-9061-5bce-83af-d6d53c6c84e1,e031ecd4-33d0-4247-afee-64e376a8eeeb,score,source_provided,True,True,2.00,2.00,matched
t160-quality-20261002T163445Z-4654973a-10-IMP-MIXED-r1,IMP-MIXED,1,assisted_corrected,455720b9-9061-5bce-83af-d6d53c6c84e1,e031ecd4-33d0-4247-afee-64e376a8eeeb,scoring_rubric,known_missing,True,True,,,matched
t160-quality-20261002T163445Z-4654973a-10-IMP-MIXED-r1,IMP-MIXED,1,assisted_corrected,455720b9-9061-5bce-83af-d6d53c6c84e1,e031ecd4-33d0-4247-afee-64e376a8eeeb,knowledge_points,known_missing,True,True,[],[],matched
t160-quality-20261002T163445Z-4654973a-10-IMP-MIXED-r1,IMP-MIXED,1,assisted_corrected,455720b9-9061-5bce-83af-d6d53c6c84e1,e031ecd4-33d0-4247-afee-64e376a8eeeb,source_regions,unknown,False,,,,reference_unknown
t160-quality-20261002T163445Z-4654973a-10-IMP-MIXED-r1,IMP-MIXED,1,assisted_corrected,455720b9-9061-5bce-83af-d6d53c6c84e1,e031ecd4-33d0-4247-afee-64e376a8eeeb,assets,source_provided,True,False,"[{""asset_type"": ""figure"", ""source_page_number"": 2, ""order_index"": 1}]",,matched
t160-quality-20261002T163445Z-4654973a-10-IMP-MIXED-r1,IMP-MIXED,1,assisted_corrected,bf862f8d-df39-5559-bab5-d942fccb2432,a32336e7-0405-477d-89bb-10f269686920,question_number,source_provided,True,True,6,6,matched
t160-quality-20261002T163445Z-4654973a-10-IMP-MIXED-r1,IMP-MIXED,1,assisted_corrected,bf862f8d-df39-5559-bab5-d942fccb2432,a32336e7-0405-477d-89bb-10f269686920,order_index,source_provided,True,True,6,6,matched
t160-quality-20261002T163445Z-4654973a-10-IMP-MIXED-r1,IMP-MIXED,1,assisted_corrected,bf862f8d-df39-5559-bab5-d942fccb2432,a32336e7-0405-477d-89bb-10f269686920,source_page_numbers,source_provided,True,True,[2],[2],matched
t160-quality-20261002T163445Z-4654973a-10-IMP-MIXED-r1,IMP-MIXED,1,assisted_corrected,bf862f8d-df39-5559-bab5-d942fccb2432,a32336e7-0405-477d-89bb-10f269686920,question_type,source_provided,True,True,SHORT_ANSWER,SHORT_ANSWER,matched
t160-quality-20261002T163445Z-4654973a-10-IMP-MIXED-r1,IMP-MIXED,1,assisted_corrected,bf862f8d-df39-5559-bab5-d942fccb2432,a32336e7-0405-477d-89bb-10f269686920,content,source_provided,True,True,根据下表写出 y 关于 x 的关系式。,根据下表写出 y 关于 x 的关系式。,matched
t160-quality-20261002T163445Z-4654973a-10-IMP-MIXED-r1,IMP-MIXED,1,assisted_corrected,bf862f8d-df39-5559-bab5-d942fccb2432,a32336e7-0405-477d-89bb-10f269686920,options,not_applicable,True,True,,,matched
t160-quality-20261002T163445Z-4654973a-10-IMP-MIXED-r1,IMP-MIXED,1,assisted_corrected,bf862f8d-df39-5559-bab5-d942fccb2432,a32336e7-0405-477d-89bb-10f269686920,reference_answer,known_missing,True,True,,,matched
t160-quality-20261002T163445Z-4654973a-10-IMP-MIXED-r1,IMP-MIXED,1,assisted_corrected,bf862f8d-df39-5559-bab5-d942fccb2432,a32336e7-0405-477d-89bb-10f269686920,analysis,known_missing,True,True,,,matched
t160-quality-20261002T163445Z-4654973a-10-IMP-MIXED-r1,IMP-MIXED,1,assisted_corrected,bf862f8d-df39-5559-bab5-d942fccb2432,a32336e7-0405-477d-89bb-10f269686920,score,source_provided,True,True,3.00,3.00,matched
t160-quality-20261002T163445Z-4654973a-10-IMP-MIXED-r1,IMP-MIXED,1,assisted_corrected,bf862f8d-df39-5559-bab5-d942fccb2432,a32336e7-0405-477d-89bb-10f269686920,scoring_rubric,source_provided,True,True,正确关系式 1.00；说明代入过程 2.00。,正确关系式 1.00；说明代入过程 2.00。,matched
t160-quality-20261002T163445Z-4654973a-10-IMP-MIXED-r1,IMP-MIXED,1,assisted_corrected,bf862f8d-df39-5559-bab5-d942fccb2432,a32336e7-0405-477d-89bb-10f269686920,knowledge_points,source_provided,True,True,"[""一次函数"", ""表达与计算""]","[""一次函数"", ""表达与计算""]",matched
t160-quality-20261002T163445Z-4654973a-10-IMP-MIXED-r1,IMP-MIXED,1,assisted_corrected,bf862f8d-df39-5559-bab5-d942fccb2432,a32336e7-0405-477d-89bb-10f269686920,source_regions,unknown,False,,,,reference_unknown
t160-quality-20261002T163445Z-4654973a-10-IMP-MIXED-r1,IMP-MIXED,1,assisted_corrected,bf862f8d-df39-5559-bab5-d942fccb2432,a32336e7-0405-477d-89bb-10f269686920,assets,source_provided,True,False,"[{""asset_type"": ""table"", ""source_page_number"": 2, ""order_index"": 1}]",,matched
t160-quality-20261002T163445Z-4654973a-11-IMP-MIXED-r2,IMP-MIXED,2,automatic,1faa8619-84cc-5d65-86ae-244c7f68645e,f12b4769-9986-469c-9013-b73988e84b04,question_number,source_provided,True,True,1,1,matched
t160-quality-20261002T163445Z-4654973a-11-IMP-MIXED-r2,IMP-MIXED,2,automatic,1faa8619-84cc-5d65-86ae-244c7f68645e,f12b4769-9986-469c-9013-b73988e84b04,order_index,source_provided,True,True,1,1,matched
t160-quality-20261002T163445Z-4654973a-11-IMP-MIXED-r2,IMP-MIXED,2,automatic,1faa8619-84cc-5d65-86ae-244c7f68645e,f12b4769-9986-469c-9013-b73988e84b04,source_page_numbers,source_provided,True,True,[1],[1],matched
t160-quality-20261002T163445Z-4654973a-11-IMP-MIXED-r2,IMP-MIXED,2,automatic,1faa8619-84cc-5d65-86ae-244c7f68645e,f12b4769-9986-469c-9013-b73988e84b04,question_type,source_provided,True,True,SINGLE_CHOICE,SINGLE_CHOICE,matched
t160-quality-20261002T163445Z-4654973a-11-IMP-MIXED-r2,IMP-MIXED,2,automatic,1faa8619-84cc-5d65-86ae-244c7f68645e,f12b4769-9986-469c-9013-b73988e84b04,content,source_provided,True,False,y = 2x + 1，x = 3 时 y 为多少？,单选：y = 2x + 1，x = 3 时 y 为多少？（2.00 分）,matched
t160-quality-20261002T163445Z-4654973a-11-IMP-MIXED-r2,IMP-MIXED,2,automatic,1faa8619-84cc-5d65-86ae-244c7f68645e,f12b4769-9986-469c-9013-b73988e84b04,options,source_provided,True,True,"{""C"": ""7"", ""A"": ""5"", ""B"": ""6"", ""D"": ""8""}","{""C"": ""7"", ""A"": ""5"", ""B"": ""6"", ""D"": ""8""}",matched
t160-quality-20261002T163445Z-4654973a-11-IMP-MIXED-r2,IMP-MIXED,2,automatic,1faa8619-84cc-5d65-86ae-244c7f68645e,f12b4769-9986-469c-9013-b73988e84b04,reference_answer,source_provided,True,True,C,C,matched
t160-quality-20261002T163445Z-4654973a-11-IMP-MIXED-r2,IMP-MIXED,2,automatic,1faa8619-84cc-5d65-86ae-244c7f68645e,f12b4769-9986-469c-9013-b73988e84b04,analysis,source_provided,True,True,2 × 3 + 1 = 7。,2 × 3 + 1 = 7。,matched
t160-quality-20261002T163445Z-4654973a-11-IMP-MIXED-r2,IMP-MIXED,2,automatic,1faa8619-84cc-5d65-86ae-244c7f68645e,f12b4769-9986-469c-9013-b73988e84b04,score,source_provided,True,True,2.00,2.00,matched
t160-quality-20261002T163445Z-4654973a-11-IMP-MIXED-r2,IMP-MIXED,2,automatic,1faa8619-84cc-5d65-86ae-244c7f68645e,f12b4769-9986-469c-9013-b73988e84b04,scoring_rubric,known_missing,True,True,,,matched
t160-quality-20261002T163445Z-4654973a-11-IMP-MIXED-r2,IMP-MIXED,2,automatic,1faa8619-84cc-5d65-86ae-244c7f68645e,f12b4769-9986-469c-9013-b73988e84b04,knowledge_points,known_missing,True,False,[],,matched
t160-quality-20261002T163445Z-4654973a-11-IMP-MIXED-r2,IMP-MIXED,2,automatic,1faa8619-84cc-5d65-86ae-244c7f68645e,f12b4769-9986-469c-9013-b73988e84b04,source_regions,unknown,False,,,,reference_unknown
t160-quality-20261002T163445Z-4654973a-11-IMP-MIXED-r2,IMP-MIXED,2,automatic,1faa8619-84cc-5d65-86ae-244c7f68645e,f12b4769-9986-469c-9013-b73988e84b04,assets,source_provided,True,False,[],,matched
t160-quality-20261002T163445Z-4654973a-11-IMP-MIXED-r2,IMP-MIXED,2,automatic,545de13f-3fe9-524b-a917-7ab04807806f,,question_number,source_provided,True,False,2,,missing_identity
t160-quality-20261002T163445Z-4654973a-11-IMP-MIXED-r2,IMP-MIXED,2,automatic,545de13f-3fe9-524b-a917-7ab04807806f,,order_index,source_provided,True,False,2,,missing_identity
t160-quality-20261002T163445Z-4654973a-11-IMP-MIXED-r2,IMP-MIXED,2,automatic,545de13f-3fe9-524b-a917-7ab04807806f,,source_page_numbers,source_provided,True,False,[1],,missing_identity
t160-quality-20261002T163445Z-4654973a-11-IMP-MIXED-r2,IMP-MIXED,2,automatic,545de13f-3fe9-524b-a917-7ab04807806f,,question_type,source_provided,True,False,TRUE_FALSE,,missing_identity
t160-quality-20261002T163445Z-4654973a-11-IMP-MIXED-r2,IMP-MIXED,2,automatic,545de13f-3fe9-524b-a917-7ab04807806f,,content,source_provided,True,False,右图三角形面积为 24 cm²。,,missing_identity
t160-quality-20261002T163445Z-4654973a-11-IMP-MIXED-r2,IMP-MIXED,2,automatic,545de13f-3fe9-524b-a917-7ab04807806f,,options,source_provided,True,False,"[""正确"", ""错误""]",,missing_identity
t160-quality-20261002T163445Z-4654973a-11-IMP-MIXED-r2,IMP-MIXED,2,automatic,545de13f-3fe9-524b-a917-7ab04807806f,,reference_answer,known_missing,True,False,,,missing_identity
t160-quality-20261002T163445Z-4654973a-11-IMP-MIXED-r2,IMP-MIXED,2,automatic,545de13f-3fe9-524b-a917-7ab04807806f,,analysis,known_missing,True,False,,,missing_identity
t160-quality-20261002T163445Z-4654973a-11-IMP-MIXED-r2,IMP-MIXED,2,automatic,545de13f-3fe9-524b-a917-7ab04807806f,,score,source_provided,True,False,2.00,,missing_identity
t160-quality-20261002T163445Z-4654973a-11-IMP-MIXED-r2,IMP-MIXED,2,automatic,545de13f-3fe9-524b-a917-7ab04807806f,,scoring_rubric,known_missing,True,False,,,missing_identity
t160-quality-20261002T163445Z-4654973a-11-IMP-MIXED-r2,IMP-MIXED,2,automatic,545de13f-3fe9-524b-a917-7ab04807806f,,knowledge_points,known_missing,True,False,[],,missing_identity
t160-quality-20261002T163445Z-4654973a-11-IMP-MIXED-r2,IMP-MIXED,2,automatic,545de13f-3fe9-524b-a917-7ab04807806f,,source_regions,unknown,False,,,,reference_unknown
t160-quality-20261002T163445Z-4654973a-11-IMP-MIXED-r2,IMP-MIXED,2,automatic,545de13f-3fe9-524b-a917-7ab04807806f,,assets,source_provided,True,False,"[{""asset_type"": ""figure"", ""source_page_number"": 1, ""order_index"": 1}]",,missing_identity
t160-quality-20261002T163445Z-4654973a-11-IMP-MIXED-r2,IMP-MIXED,2,automatic,85533f46-eb86-5893-8742-33939e77750f,,question_number,source_provided,True,False,3,,missing_identity
t160-quality-20261002T163445Z-4654973a-11-IMP-MIXED-r2,IMP-MIXED,2,automatic,85533f46-eb86-5893-8742-33939e77750f,,order_index,source_provided,True,False,3,,missing_identity
t160-quality-20261002T163445Z-4654973a-11-IMP-MIXED-r2,IMP-MIXED,2,automatic,85533f46-eb86-5893-8742-33939e77750f,,source_page_numbers,source_provided,True,False,[1],,missing_identity
t160-quality-20261002T163445Z-4654973a-11-IMP-MIXED-r2,IMP-MIXED,2,automatic,85533f46-eb86-5893-8742-33939e77750f,,question_type,source_provided,True,False,SHORT_ANSWER,,missing_identity
t160-quality-20261002T163445Z-4654973a-11-IMP-MIXED-r2,IMP-MIXED,2,automatic,85533f46-eb86-5893-8742-33939e77750f,,content,source_provided,True,False,根据下表写出 y 关于 x 的关系式。,,missing_identity
t160-quality-20261002T163445Z-4654973a-11-IMP-MIXED-r2,IMP-MIXED,2,automatic,85533f46-eb86-5893-8742-33939e77750f,,options,not_applicable,True,False,,,missing_identity
t160-quality-20261002T163445Z-4654973a-11-IMP-MIXED-r2,IMP-MIXED,2,automatic,85533f46-eb86-5893-8742-33939e77750f,,reference_answer,known_missing,True,False,,,missing_identity
t160-quality-20261002T163445Z-4654973a-11-IMP-MIXED-r2,IMP-MIXED,2,automatic,85533f46-eb86-5893-8742-33939e77750f,,analysis,known_missing,True,False,,,missing_identity
t160-quality-20261002T163445Z-4654973a-11-IMP-MIXED-r2,IMP-MIXED,2,automatic,85533f46-eb86-5893-8742-33939e77750f,,score,source_provided,True,False,3.00,,missing_identity
t160-quality-20261002T163445Z-4654973a-11-IMP-MIXED-r2,IMP-MIXED,2,automatic,85533f46-eb86-5893-8742-33939e77750f,,scoring_rubric,source_provided,True,False,正确关系式 1.00；说明代入过程 2.00。,,missing_identity
t160-quality-20261002T163445Z-4654973a-11-IMP-MIXED-r2,IMP-MIXED,2,automatic,85533f46-eb86-5893-8742-33939e77750f,,knowledge_points,source_provided,True,False,"[""一次函数"", ""表达与计算""]",,missing_identity
t160-quality-20261002T163445Z-4654973a-11-IMP-MIXED-r2,IMP-MIXED,2,automatic,85533f46-eb86-5893-8742-33939e77750f,,source_regions,unknown,False,,,,reference_unknown
t160-quality-20261002T163445Z-4654973a-11-IMP-MIXED-r2,IMP-MIXED,2,automatic,85533f46-eb86-5893-8742-33939e77750f,,assets,source_provided,True,False,"[{""asset_type"": ""table"", ""source_page_number"": 1, ""order_index"": 1}]",,missing_identity
t160-quality-20261002T163445Z-4654973a-11-IMP-MIXED-r2,IMP-MIXED,2,automatic,0fa8d57e-58c2-5aa4-b8cd-e52e96380a38,b5af01ab-f156-48e8-9442-528bd4cf75d0,question_number,source_provided,True,True,4,4,matched
t160-quality-20261002T163445Z-4654973a-11-IMP-MIXED-r2,IMP-MIXED,2,automatic,0fa8d57e-58c2-5aa4-b8cd-e52e96380a38,b5af01ab-f156-48e8-9442-528bd4cf75d0,order_index,source_provided,True,True,4,4,matched
t160-quality-20261002T163445Z-4654973a-11-IMP-MIXED-r2,IMP-MIXED,2,automatic,0fa8d57e-58c2-5aa4-b8cd-e52e96380a38,b5af01ab-f156-48e8-9442-528bd4cf75d0,source_page_numbers,source_provided,True,True,[2],[2],matched
t160-quality-20261002T163445Z-4654973a-11-IMP-MIXED-r2,IMP-MIXED,2,automatic,0fa8d57e-58c2-5aa4-b8cd-e52e96380a38,b5af01ab-f156-48e8-9442-528bd4cf75d0,question_type,source_provided,True,True,SINGLE_CHOICE,SINGLE_CHOICE,matched
t160-quality-20261002T163445Z-4654973a-11-IMP-MIXED-r2,IMP-MIXED,2,automatic,0fa8d57e-58c2-5aa4-b8cd-e52e96380a38,b5af01ab-f156-48e8-9442-528bd4cf75d0,content,source_provided,True,False,y = 2x + 1，x = 3 时 y 为多少？,单选：y= 2x +1，x = 3 时y为多少？(2.00分),matched
t160-quality-20261002T163445Z-4654973a-11-IMP-MIXED-r2,IMP-MIXED,2,automatic,0fa8d57e-58c2-5aa4-b8cd-e52e96380a38,b5af01ab-f156-48e8-9442-528bd4cf75d0,options,source_provided,True,True,"{""C"": ""7"", ""A"": ""5"", ""B"": ""6"", ""D"": ""8""}","{""C"": ""7"", ""A"": ""5"", ""B"": ""6"", ""D"": ""8""}",matched
t160-quality-20261002T163445Z-4654973a-11-IMP-MIXED-r2,IMP-MIXED,2,automatic,0fa8d57e-58c2-5aa4-b8cd-e52e96380a38,b5af01ab-f156-48e8-9442-528bd4cf75d0,reference_answer,source_provided,True,True,C,C,matched
t160-quality-20261002T163445Z-4654973a-11-IMP-MIXED-r2,IMP-MIXED,2,automatic,0fa8d57e-58c2-5aa4-b8cd-e52e96380a38,b5af01ab-f156-48e8-9442-528bd4cf75d0,analysis,source_provided,True,False,2 × 3 + 1 = 7。,2 × 3 +1=7。,matched
t160-quality-20261002T163445Z-4654973a-11-IMP-MIXED-r2,IMP-MIXED,2,automatic,0fa8d57e-58c2-5aa4-b8cd-e52e96380a38,b5af01ab-f156-48e8-9442-528bd4cf75d0,score,source_provided,True,True,2.00,2.00,matched
t160-quality-20261002T163445Z-4654973a-11-IMP-MIXED-r2,IMP-MIXED,2,automatic,0fa8d57e-58c2-5aa4-b8cd-e52e96380a38,b5af01ab-f156-48e8-9442-528bd4cf75d0,scoring_rubric,known_missing,True,True,,,matched
t160-quality-20261002T163445Z-4654973a-11-IMP-MIXED-r2,IMP-MIXED,2,automatic,0fa8d57e-58c2-5aa4-b8cd-e52e96380a38,b5af01ab-f156-48e8-9442-528bd4cf75d0,knowledge_points,known_missing,True,False,[],,matched
t160-quality-20261002T163445Z-4654973a-11-IMP-MIXED-r2,IMP-MIXED,2,automatic,0fa8d57e-58c2-5aa4-b8cd-e52e96380a38,b5af01ab-f156-48e8-9442-528bd4cf75d0,source_regions,unknown,False,,,,reference_unknown
t160-quality-20261002T163445Z-4654973a-11-IMP-MIXED-r2,IMP-MIXED,2,automatic,0fa8d57e-58c2-5aa4-b8cd-e52e96380a38,b5af01ab-f156-48e8-9442-528bd4cf75d0,assets,source_provided,True,False,[],,matched
t160-quality-20261002T163445Z-4654973a-11-IMP-MIXED-r2,IMP-MIXED,2,automatic,455720b9-9061-5bce-83af-d6d53c6c84e1,f06dfb88-bac0-4136-b224-adc921844534,question_number,source_provided,True,True,5,5,matched
t160-quality-20261002T163445Z-4654973a-11-IMP-MIXED-r2,IMP-MIXED,2,automatic,455720b9-9061-5bce-83af-d6d53c6c84e1,f06dfb88-bac0-4136-b224-adc921844534,order_index,source_provided,True,True,5,5,matched
t160-quality-20261002T163445Z-4654973a-11-IMP-MIXED-r2,IMP-MIXED,2,automatic,455720b9-9061-5bce-83af-d6d53c6c84e1,f06dfb88-bac0-4136-b224-adc921844534,source_page_numbers,source_provided,True,True,[2],[2],matched
t160-quality-20261002T163445Z-4654973a-11-IMP-MIXED-r2,IMP-MIXED,2,automatic,455720b9-9061-5bce-83af-d6d53c6c84e1,f06dfb88-bac0-4136-b224-adc921844534,question_type,source_provided,True,True,TRUE_FALSE,TRUE_FALSE,matched
t160-quality-20261002T163445Z-4654973a-11-IMP-MIXED-r2,IMP-MIXED,2,automatic,455720b9-9061-5bce-83af-d6d53c6c84e1,f06dfb88-bac0-4136-b224-adc921844534,content,source_provided,True,False,右图三角形面积为 24 cm²。,判断：右图三角形面积为24cm2。（2.00分),matched
t160-quality-20261002T163445Z-4654973a-11-IMP-MIXED-r2,IMP-MIXED,2,automatic,455720b9-9061-5bce-83af-d6d53c6c84e1,f06dfb88-bac0-4136-b224-adc921844534,options,source_provided,True,True,"[""正确"", ""错误""]","[""正确"", ""错误""]",matched
t160-quality-20261002T163445Z-4654973a-11-IMP-MIXED-r2,IMP-MIXED,2,automatic,455720b9-9061-5bce-83af-d6d53c6c84e1,f06dfb88-bac0-4136-b224-adc921844534,reference_answer,known_missing,True,True,,,matched
t160-quality-20261002T163445Z-4654973a-11-IMP-MIXED-r2,IMP-MIXED,2,automatic,455720b9-9061-5bce-83af-d6d53c6c84e1,f06dfb88-bac0-4136-b224-adc921844534,analysis,known_missing,True,True,,,matched
t160-quality-20261002T163445Z-4654973a-11-IMP-MIXED-r2,IMP-MIXED,2,automatic,455720b9-9061-5bce-83af-d6d53c6c84e1,f06dfb88-bac0-4136-b224-adc921844534,score,source_provided,True,True,2.00,2.00,matched
t160-quality-20261002T163445Z-4654973a-11-IMP-MIXED-r2,IMP-MIXED,2,automatic,455720b9-9061-5bce-83af-d6d53c6c84e1,f06dfb88-bac0-4136-b224-adc921844534,scoring_rubric,known_missing,True,True,,,matched
t160-quality-20261002T163445Z-4654973a-11-IMP-MIXED-r2,IMP-MIXED,2,automatic,455720b9-9061-5bce-83af-d6d53c6c84e1,f06dfb88-bac0-4136-b224-adc921844534,knowledge_points,known_missing,True,False,[],,matched
t160-quality-20261002T163445Z-4654973a-11-IMP-MIXED-r2,IMP-MIXED,2,automatic,455720b9-9061-5bce-83af-d6d53c6c84e1,f06dfb88-bac0-4136-b224-adc921844534,source_regions,unknown,False,,,,reference_unknown
t160-quality-20261002T163445Z-4654973a-11-IMP-MIXED-r2,IMP-MIXED,2,automatic,455720b9-9061-5bce-83af-d6d53c6c84e1,f06dfb88-bac0-4136-b224-adc921844534,assets,source_provided,True,False,"[{""asset_type"": ""figure"", ""source_page_number"": 2, ""order_index"": 1}]",,matched
t160-quality-20261002T163445Z-4654973a-11-IMP-MIXED-r2,IMP-MIXED,2,automatic,bf862f8d-df39-5559-bab5-d942fccb2432,e91bfaf6-770a-45fe-ac00-ec4a6d39504e,question_number,source_provided,True,True,6,6,matched
t160-quality-20261002T163445Z-4654973a-11-IMP-MIXED-r2,IMP-MIXED,2,automatic,bf862f8d-df39-5559-bab5-d942fccb2432,e91bfaf6-770a-45fe-ac00-ec4a6d39504e,order_index,source_provided,True,True,6,6,matched
t160-quality-20261002T163445Z-4654973a-11-IMP-MIXED-r2,IMP-MIXED,2,automatic,bf862f8d-df39-5559-bab5-d942fccb2432,e91bfaf6-770a-45fe-ac00-ec4a6d39504e,source_page_numbers,source_provided,True,True,[2],[2],matched
t160-quality-20261002T163445Z-4654973a-11-IMP-MIXED-r2,IMP-MIXED,2,automatic,bf862f8d-df39-5559-bab5-d942fccb2432,e91bfaf6-770a-45fe-ac00-ec4a6d39504e,question_type,source_provided,True,True,SHORT_ANSWER,SHORT_ANSWER,matched
t160-quality-20261002T163445Z-4654973a-11-IMP-MIXED-r2,IMP-MIXED,2,automatic,bf862f8d-df39-5559-bab5-d942fccb2432,e91bfaf6-770a-45fe-ac00-ec4a6d39504e,content,source_provided,True,False,根据下表写出 y 关于 x 的关系式。,简答：根据下表写出y关于x的关系式。（3.00分）,matched
t160-quality-20261002T163445Z-4654973a-11-IMP-MIXED-r2,IMP-MIXED,2,automatic,bf862f8d-df39-5559-bab5-d942fccb2432,e91bfaf6-770a-45fe-ac00-ec4a6d39504e,options,not_applicable,True,True,,,matched
t160-quality-20261002T163445Z-4654973a-11-IMP-MIXED-r2,IMP-MIXED,2,automatic,bf862f8d-df39-5559-bab5-d942fccb2432,e91bfaf6-770a-45fe-ac00-ec4a6d39504e,reference_answer,known_missing,True,True,,,matched
t160-quality-20261002T163445Z-4654973a-11-IMP-MIXED-r2,IMP-MIXED,2,automatic,bf862f8d-df39-5559-bab5-d942fccb2432,e91bfaf6-770a-45fe-ac00-ec4a6d39504e,analysis,known_missing,True,True,,,matched
t160-quality-20261002T163445Z-4654973a-11-IMP-MIXED-r2,IMP-MIXED,2,automatic,bf862f8d-df39-5559-bab5-d942fccb2432,e91bfaf6-770a-45fe-ac00-ec4a6d39504e,score,source_provided,True,True,3.00,3.00,matched
t160-quality-20261002T163445Z-4654973a-11-IMP-MIXED-r2,IMP-MIXED,2,automatic,bf862f8d-df39-5559-bab5-d942fccb2432,e91bfaf6-770a-45fe-ac00-ec4a6d39504e,scoring_rubric,source_provided,True,False,正确关系式 1.00；说明代入过程 2.00。,正确关系式1.00；说明代入过程2.00。,matched
t160-quality-20261002T163445Z-4654973a-11-IMP-MIXED-r2,IMP-MIXED,2,automatic,bf862f8d-df39-5559-bab5-d942fccb2432,e91bfaf6-770a-45fe-ac00-ec4a6d39504e,knowledge_points,source_provided,True,True,"[""一次函数"", ""表达与计算""]","[""一次函数"", ""表达与计算""]",matched
t160-quality-20261002T163445Z-4654973a-11-IMP-MIXED-r2,IMP-MIXED,2,automatic,bf862f8d-df39-5559-bab5-d942fccb2432,e91bfaf6-770a-45fe-ac00-ec4a6d39504e,source_regions,unknown,False,,,,reference_unknown
t160-quality-20261002T163445Z-4654973a-11-IMP-MIXED-r2,IMP-MIXED,2,automatic,bf862f8d-df39-5559-bab5-d942fccb2432,e91bfaf6-770a-45fe-ac00-ec4a6d39504e,assets,source_provided,True,False,"[{""asset_type"": ""table"", ""source_page_number"": 2, ""order_index"": 1}]",,matched
t160-quality-20261002T163445Z-4654973a-11-IMP-MIXED-r2,IMP-MIXED,2,assisted_corrected,1faa8619-84cc-5d65-86ae-244c7f68645e,f12b4769-9986-469c-9013-b73988e84b04,question_number,source_provided,True,True,1,1,matched
t160-quality-20261002T163445Z-4654973a-11-IMP-MIXED-r2,IMP-MIXED,2,assisted_corrected,1faa8619-84cc-5d65-86ae-244c7f68645e,f12b4769-9986-469c-9013-b73988e84b04,order_index,source_provided,True,True,1,1,matched
t160-quality-20261002T163445Z-4654973a-11-IMP-MIXED-r2,IMP-MIXED,2,assisted_corrected,1faa8619-84cc-5d65-86ae-244c7f68645e,f12b4769-9986-469c-9013-b73988e84b04,source_page_numbers,source_provided,True,True,[1],[1],matched
t160-quality-20261002T163445Z-4654973a-11-IMP-MIXED-r2,IMP-MIXED,2,assisted_corrected,1faa8619-84cc-5d65-86ae-244c7f68645e,f12b4769-9986-469c-9013-b73988e84b04,question_type,source_provided,True,True,SINGLE_CHOICE,SINGLE_CHOICE,matched
t160-quality-20261002T163445Z-4654973a-11-IMP-MIXED-r2,IMP-MIXED,2,assisted_corrected,1faa8619-84cc-5d65-86ae-244c7f68645e,f12b4769-9986-469c-9013-b73988e84b04,content,source_provided,True,True,y = 2x + 1，x = 3 时 y 为多少？,y = 2x + 1，x = 3 时 y 为多少？,matched
t160-quality-20261002T163445Z-4654973a-11-IMP-MIXED-r2,IMP-MIXED,2,assisted_corrected,1faa8619-84cc-5d65-86ae-244c7f68645e,f12b4769-9986-469c-9013-b73988e84b04,options,source_provided,True,True,"{""C"": ""7"", ""A"": ""5"", ""B"": ""6"", ""D"": ""8""}","{""C"": ""7"", ""A"": ""5"", ""B"": ""6"", ""D"": ""8""}",matched
t160-quality-20261002T163445Z-4654973a-11-IMP-MIXED-r2,IMP-MIXED,2,assisted_corrected,1faa8619-84cc-5d65-86ae-244c7f68645e,f12b4769-9986-469c-9013-b73988e84b04,reference_answer,source_provided,True,True,C,C,matched
t160-quality-20261002T163445Z-4654973a-11-IMP-MIXED-r2,IMP-MIXED,2,assisted_corrected,1faa8619-84cc-5d65-86ae-244c7f68645e,f12b4769-9986-469c-9013-b73988e84b04,analysis,source_provided,True,True,2 × 3 + 1 = 7。,2 × 3 + 1 = 7。,matched
t160-quality-20261002T163445Z-4654973a-11-IMP-MIXED-r2,IMP-MIXED,2,assisted_corrected,1faa8619-84cc-5d65-86ae-244c7f68645e,f12b4769-9986-469c-9013-b73988e84b04,score,source_provided,True,True,2.00,2.00,matched
t160-quality-20261002T163445Z-4654973a-11-IMP-MIXED-r2,IMP-MIXED,2,assisted_corrected,1faa8619-84cc-5d65-86ae-244c7f68645e,f12b4769-9986-469c-9013-b73988e84b04,scoring_rubric,known_missing,True,True,,,matched
t160-quality-20261002T163445Z-4654973a-11-IMP-MIXED-r2,IMP-MIXED,2,assisted_corrected,1faa8619-84cc-5d65-86ae-244c7f68645e,f12b4769-9986-469c-9013-b73988e84b04,knowledge_points,known_missing,True,True,[],[],matched
t160-quality-20261002T163445Z-4654973a-11-IMP-MIXED-r2,IMP-MIXED,2,assisted_corrected,1faa8619-84cc-5d65-86ae-244c7f68645e,f12b4769-9986-469c-9013-b73988e84b04,source_regions,unknown,False,,,,reference_unknown
t160-quality-20261002T163445Z-4654973a-11-IMP-MIXED-r2,IMP-MIXED,2,assisted_corrected,1faa8619-84cc-5d65-86ae-244c7f68645e,f12b4769-9986-469c-9013-b73988e84b04,assets,source_provided,True,True,[],[],matched
t160-quality-20261002T163445Z-4654973a-11-IMP-MIXED-r2,IMP-MIXED,2,assisted_corrected,545de13f-3fe9-524b-a917-7ab04807806f,722193bc-b1cc-4137-b664-0a4373fa0996,question_number,source_provided,True,True,2,2,matched
t160-quality-20261002T163445Z-4654973a-11-IMP-MIXED-r2,IMP-MIXED,2,assisted_corrected,545de13f-3fe9-524b-a917-7ab04807806f,722193bc-b1cc-4137-b664-0a4373fa0996,order_index,source_provided,True,True,2,2,matched
t160-quality-20261002T163445Z-4654973a-11-IMP-MIXED-r2,IMP-MIXED,2,assisted_corrected,545de13f-3fe9-524b-a917-7ab04807806f,722193bc-b1cc-4137-b664-0a4373fa0996,source_page_numbers,source_provided,True,True,[1],[1],matched
t160-quality-20261002T163445Z-4654973a-11-IMP-MIXED-r2,IMP-MIXED,2,assisted_corrected,545de13f-3fe9-524b-a917-7ab04807806f,722193bc-b1cc-4137-b664-0a4373fa0996,question_type,source_provided,True,True,TRUE_FALSE,TRUE_FALSE,matched
t160-quality-20261002T163445Z-4654973a-11-IMP-MIXED-r2,IMP-MIXED,2,assisted_corrected,545de13f-3fe9-524b-a917-7ab04807806f,722193bc-b1cc-4137-b664-0a4373fa0996,content,source_provided,True,True,右图三角形面积为 24 cm²。,右图三角形面积为 24 cm²。,matched
t160-quality-20261002T163445Z-4654973a-11-IMP-MIXED-r2,IMP-MIXED,2,assisted_corrected,545de13f-3fe9-524b-a917-7ab04807806f,722193bc-b1cc-4137-b664-0a4373fa0996,options,source_provided,True,True,"[""正确"", ""错误""]","[""正确"", ""错误""]",matched
t160-quality-20261002T163445Z-4654973a-11-IMP-MIXED-r2,IMP-MIXED,2,assisted_corrected,545de13f-3fe9-524b-a917-7ab04807806f,722193bc-b1cc-4137-b664-0a4373fa0996,reference_answer,known_missing,True,True,,,matched
t160-quality-20261002T163445Z-4654973a-11-IMP-MIXED-r2,IMP-MIXED,2,assisted_corrected,545de13f-3fe9-524b-a917-7ab04807806f,722193bc-b1cc-4137-b664-0a4373fa0996,analysis,known_missing,True,True,,,matched
t160-quality-20261002T163445Z-4654973a-11-IMP-MIXED-r2,IMP-MIXED,2,assisted_corrected,545de13f-3fe9-524b-a917-7ab04807806f,722193bc-b1cc-4137-b664-0a4373fa0996,score,source_provided,True,True,2.00,2.00,matched
t160-quality-20261002T163445Z-4654973a-11-IMP-MIXED-r2,IMP-MIXED,2,assisted_corrected,545de13f-3fe9-524b-a917-7ab04807806f,722193bc-b1cc-4137-b664-0a4373fa0996,scoring_rubric,known_missing,True,True,,,matched
t160-quality-20261002T163445Z-4654973a-11-IMP-MIXED-r2,IMP-MIXED,2,assisted_corrected,545de13f-3fe9-524b-a917-7ab04807806f,722193bc-b1cc-4137-b664-0a4373fa0996,knowledge_points,known_missing,True,True,[],[],matched
t160-quality-20261002T163445Z-4654973a-11-IMP-MIXED-r2,IMP-MIXED,2,assisted_corrected,545de13f-3fe9-524b-a917-7ab04807806f,722193bc-b1cc-4137-b664-0a4373fa0996,source_regions,unknown,False,,,,reference_unknown
t160-quality-20261002T163445Z-4654973a-11-IMP-MIXED-r2,IMP-MIXED,2,assisted_corrected,545de13f-3fe9-524b-a917-7ab04807806f,722193bc-b1cc-4137-b664-0a4373fa0996,assets,source_provided,True,False,"[{""asset_type"": ""figure"", ""source_page_number"": 1, ""order_index"": 1}]",,matched
t160-quality-20261002T163445Z-4654973a-11-IMP-MIXED-r2,IMP-MIXED,2,assisted_corrected,85533f46-eb86-5893-8742-33939e77750f,fdc4978f-f300-4114-9191-189955768c03,question_number,source_provided,True,True,3,3,matched
t160-quality-20261002T163445Z-4654973a-11-IMP-MIXED-r2,IMP-MIXED,2,assisted_corrected,85533f46-eb86-5893-8742-33939e77750f,fdc4978f-f300-4114-9191-189955768c03,order_index,source_provided,True,True,3,3,matched
t160-quality-20261002T163445Z-4654973a-11-IMP-MIXED-r2,IMP-MIXED,2,assisted_corrected,85533f46-eb86-5893-8742-33939e77750f,fdc4978f-f300-4114-9191-189955768c03,source_page_numbers,source_provided,True,True,[1],[1],matched
t160-quality-20261002T163445Z-4654973a-11-IMP-MIXED-r2,IMP-MIXED,2,assisted_corrected,85533f46-eb86-5893-8742-33939e77750f,fdc4978f-f300-4114-9191-189955768c03,question_type,source_provided,True,True,SHORT_ANSWER,SHORT_ANSWER,matched
t160-quality-20261002T163445Z-4654973a-11-IMP-MIXED-r2,IMP-MIXED,2,assisted_corrected,85533f46-eb86-5893-8742-33939e77750f,fdc4978f-f300-4114-9191-189955768c03,content,source_provided,True,True,根据下表写出 y 关于 x 的关系式。,根据下表写出 y 关于 x 的关系式。,matched
t160-quality-20261002T163445Z-4654973a-11-IMP-MIXED-r2,IMP-MIXED,2,assisted_corrected,85533f46-eb86-5893-8742-33939e77750f,fdc4978f-f300-4114-9191-189955768c03,options,not_applicable,True,True,,,matched
t160-quality-20261002T163445Z-4654973a-11-IMP-MIXED-r2,IMP-MIXED,2,assisted_corrected,85533f46-eb86-5893-8742-33939e77750f,fdc4978f-f300-4114-9191-189955768c03,reference_answer,known_missing,True,True,,,matched
t160-quality-20261002T163445Z-4654973a-11-IMP-MIXED-r2,IMP-MIXED,2,assisted_corrected,85533f46-eb86-5893-8742-33939e77750f,fdc4978f-f300-4114-9191-189955768c03,analysis,known_missing,True,True,,,matched
t160-quality-20261002T163445Z-4654973a-11-IMP-MIXED-r2,IMP-MIXED,2,assisted_corrected,85533f46-eb86-5893-8742-33939e77750f,fdc4978f-f300-4114-9191-189955768c03,score,source_provided,True,True,3.00,3.00,matched
t160-quality-20261002T163445Z-4654973a-11-IMP-MIXED-r2,IMP-MIXED,2,assisted_corrected,85533f46-eb86-5893-8742-33939e77750f,fdc4978f-f300-4114-9191-189955768c03,scoring_rubric,source_provided,True,True,正确关系式 1.00；说明代入过程 2.00。,正确关系式 1.00；说明代入过程 2.00。,matched
t160-quality-20261002T163445Z-4654973a-11-IMP-MIXED-r2,IMP-MIXED,2,assisted_corrected,85533f46-eb86-5893-8742-33939e77750f,fdc4978f-f300-4114-9191-189955768c03,knowledge_points,source_provided,True,True,"[""一次函数"", ""表达与计算""]","[""一次函数"", ""表达与计算""]",matched
t160-quality-20261002T163445Z-4654973a-11-IMP-MIXED-r2,IMP-MIXED,2,assisted_corrected,85533f46-eb86-5893-8742-33939e77750f,fdc4978f-f300-4114-9191-189955768c03,source_regions,unknown,False,,,,reference_unknown
t160-quality-20261002T163445Z-4654973a-11-IMP-MIXED-r2,IMP-MIXED,2,assisted_corrected,85533f46-eb86-5893-8742-33939e77750f,fdc4978f-f300-4114-9191-189955768c03,assets,source_provided,True,False,"[{""asset_type"": ""table"", ""source_page_number"": 1, ""order_index"": 1}]",,matched
t160-quality-20261002T163445Z-4654973a-11-IMP-MIXED-r2,IMP-MIXED,2,assisted_corrected,0fa8d57e-58c2-5aa4-b8cd-e52e96380a38,b5af01ab-f156-48e8-9442-528bd4cf75d0,question_number,source_provided,True,True,4,4,matched
t160-quality-20261002T163445Z-4654973a-11-IMP-MIXED-r2,IMP-MIXED,2,assisted_corrected,0fa8d57e-58c2-5aa4-b8cd-e52e96380a38,b5af01ab-f156-48e8-9442-528bd4cf75d0,order_index,source_provided,True,True,4,4,matched
t160-quality-20261002T163445Z-4654973a-11-IMP-MIXED-r2,IMP-MIXED,2,assisted_corrected,0fa8d57e-58c2-5aa4-b8cd-e52e96380a38,b5af01ab-f156-48e8-9442-528bd4cf75d0,source_page_numbers,source_provided,True,True,[2],[2],matched
t160-quality-20261002T163445Z-4654973a-11-IMP-MIXED-r2,IMP-MIXED,2,assisted_corrected,0fa8d57e-58c2-5aa4-b8cd-e52e96380a38,b5af01ab-f156-48e8-9442-528bd4cf75d0,question_type,source_provided,True,True,SINGLE_CHOICE,SINGLE_CHOICE,matched
t160-quality-20261002T163445Z-4654973a-11-IMP-MIXED-r2,IMP-MIXED,2,assisted_corrected,0fa8d57e-58c2-5aa4-b8cd-e52e96380a38,b5af01ab-f156-48e8-9442-528bd4cf75d0,content,source_provided,True,True,y = 2x + 1，x = 3 时 y 为多少？,y = 2x + 1，x = 3 时 y 为多少？,matched
t160-quality-20261002T163445Z-4654973a-11-IMP-MIXED-r2,IMP-MIXED,2,assisted_corrected,0fa8d57e-58c2-5aa4-b8cd-e52e96380a38,b5af01ab-f156-48e8-9442-528bd4cf75d0,options,source_provided,True,True,"{""C"": ""7"", ""A"": ""5"", ""B"": ""6"", ""D"": ""8""}","{""C"": ""7"", ""A"": ""5"", ""B"": ""6"", ""D"": ""8""}",matched
t160-quality-20261002T163445Z-4654973a-11-IMP-MIXED-r2,IMP-MIXED,2,assisted_corrected,0fa8d57e-58c2-5aa4-b8cd-e52e96380a38,b5af01ab-f156-48e8-9442-528bd4cf75d0,reference_answer,source_provided,True,True,C,C,matched
t160-quality-20261002T163445Z-4654973a-11-IMP-MIXED-r2,IMP-MIXED,2,assisted_corrected,0fa8d57e-58c2-5aa4-b8cd-e52e96380a38,b5af01ab-f156-48e8-9442-528bd4cf75d0,analysis,source_provided,True,True,2 × 3 + 1 = 7。,2 × 3 + 1 = 7。,matched
t160-quality-20261002T163445Z-4654973a-11-IMP-MIXED-r2,IMP-MIXED,2,assisted_corrected,0fa8d57e-58c2-5aa4-b8cd-e52e96380a38,b5af01ab-f156-48e8-9442-528bd4cf75d0,score,source_provided,True,True,2.00,2.00,matched
t160-quality-20261002T163445Z-4654973a-11-IMP-MIXED-r2,IMP-MIXED,2,assisted_corrected,0fa8d57e-58c2-5aa4-b8cd-e52e96380a38,b5af01ab-f156-48e8-9442-528bd4cf75d0,scoring_rubric,known_missing,True,True,,,matched
t160-quality-20261002T163445Z-4654973a-11-IMP-MIXED-r2,IMP-MIXED,2,assisted_corrected,0fa8d57e-58c2-5aa4-b8cd-e52e96380a38,b5af01ab-f156-48e8-9442-528bd4cf75d0,knowledge_points,known_missing,True,True,[],[],matched
t160-quality-20261002T163445Z-4654973a-11-IMP-MIXED-r2,IMP-MIXED,2,assisted_corrected,0fa8d57e-58c2-5aa4-b8cd-e52e96380a38,b5af01ab-f156-48e8-9442-528bd4cf75d0,source_regions,unknown,False,,,,reference_unknown
t160-quality-20261002T163445Z-4654973a-11-IMP-MIXED-r2,IMP-MIXED,2,assisted_corrected,0fa8d57e-58c2-5aa4-b8cd-e52e96380a38,b5af01ab-f156-48e8-9442-528bd4cf75d0,assets,source_provided,True,True,[],[],matched
t160-quality-20261002T163445Z-4654973a-11-IMP-MIXED-r2,IMP-MIXED,2,assisted_corrected,455720b9-9061-5bce-83af-d6d53c6c84e1,f06dfb88-bac0-4136-b224-adc921844534,question_number,source_provided,True,True,5,5,matched
t160-quality-20261002T163445Z-4654973a-11-IMP-MIXED-r2,IMP-MIXED,2,assisted_corrected,455720b9-9061-5bce-83af-d6d53c6c84e1,f06dfb88-bac0-4136-b224-adc921844534,order_index,source_provided,True,True,5,5,matched
t160-quality-20261002T163445Z-4654973a-11-IMP-MIXED-r2,IMP-MIXED,2,assisted_corrected,455720b9-9061-5bce-83af-d6d53c6c84e1,f06dfb88-bac0-4136-b224-adc921844534,source_page_numbers,source_provided,True,True,[2],[2],matched
t160-quality-20261002T163445Z-4654973a-11-IMP-MIXED-r2,IMP-MIXED,2,assisted_corrected,455720b9-9061-5bce-83af-d6d53c6c84e1,f06dfb88-bac0-4136-b224-adc921844534,question_type,source_provided,True,True,TRUE_FALSE,TRUE_FALSE,matched
t160-quality-20261002T163445Z-4654973a-11-IMP-MIXED-r2,IMP-MIXED,2,assisted_corrected,455720b9-9061-5bce-83af-d6d53c6c84e1,f06dfb88-bac0-4136-b224-adc921844534,content,source_provided,True,True,右图三角形面积为 24 cm²。,右图三角形面积为 24 cm²。,matched
t160-quality-20261002T163445Z-4654973a-11-IMP-MIXED-r2,IMP-MIXED,2,assisted_corrected,455720b9-9061-5bce-83af-d6d53c6c84e1,f06dfb88-bac0-4136-b224-adc921844534,options,source_provided,True,True,"[""正确"", ""错误""]","[""正确"", ""错误""]",matched
t160-quality-20261002T163445Z-4654973a-11-IMP-MIXED-r2,IMP-MIXED,2,assisted_corrected,455720b9-9061-5bce-83af-d6d53c6c84e1,f06dfb88-bac0-4136-b224-adc921844534,reference_answer,known_missing,True,True,,,matched
t160-quality-20261002T163445Z-4654973a-11-IMP-MIXED-r2,IMP-MIXED,2,assisted_corrected,455720b9-9061-5bce-83af-d6d53c6c84e1,f06dfb88-bac0-4136-b224-adc921844534,analysis,known_missing,True,True,,,matched
t160-quality-20261002T163445Z-4654973a-11-IMP-MIXED-r2,IMP-MIXED,2,assisted_corrected,455720b9-9061-5bce-83af-d6d53c6c84e1,f06dfb88-bac0-4136-b224-adc921844534,score,source_provided,True,True,2.00,2.00,matched
t160-quality-20261002T163445Z-4654973a-11-IMP-MIXED-r2,IMP-MIXED,2,assisted_corrected,455720b9-9061-5bce-83af-d6d53c6c84e1,f06dfb88-bac0-4136-b224-adc921844534,scoring_rubric,known_missing,True,True,,,matched
t160-quality-20261002T163445Z-4654973a-11-IMP-MIXED-r2,IMP-MIXED,2,assisted_corrected,455720b9-9061-5bce-83af-d6d53c6c84e1,f06dfb88-bac0-4136-b224-adc921844534,knowledge_points,known_missing,True,True,[],[],matched
t160-quality-20261002T163445Z-4654973a-11-IMP-MIXED-r2,IMP-MIXED,2,assisted_corrected,455720b9-9061-5bce-83af-d6d53c6c84e1,f06dfb88-bac0-4136-b224-adc921844534,source_regions,unknown,False,,,,reference_unknown
t160-quality-20261002T163445Z-4654973a-11-IMP-MIXED-r2,IMP-MIXED,2,assisted_corrected,455720b9-9061-5bce-83af-d6d53c6c84e1,f06dfb88-bac0-4136-b224-adc921844534,assets,source_provided,True,False,"[{""asset_type"": ""figure"", ""source_page_number"": 2, ""order_index"": 1}]",,matched
t160-quality-20261002T163445Z-4654973a-11-IMP-MIXED-r2,IMP-MIXED,2,assisted_corrected,bf862f8d-df39-5559-bab5-d942fccb2432,e91bfaf6-770a-45fe-ac00-ec4a6d39504e,question_number,source_provided,True,True,6,6,matched
t160-quality-20261002T163445Z-4654973a-11-IMP-MIXED-r2,IMP-MIXED,2,assisted_corrected,bf862f8d-df39-5559-bab5-d942fccb2432,e91bfaf6-770a-45fe-ac00-ec4a6d39504e,order_index,source_provided,True,True,6,6,matched
t160-quality-20261002T163445Z-4654973a-11-IMP-MIXED-r2,IMP-MIXED,2,assisted_corrected,bf862f8d-df39-5559-bab5-d942fccb2432,e91bfaf6-770a-45fe-ac00-ec4a6d39504e,source_page_numbers,source_provided,True,True,[2],[2],matched
t160-quality-20261002T163445Z-4654973a-11-IMP-MIXED-r2,IMP-MIXED,2,assisted_corrected,bf862f8d-df39-5559-bab5-d942fccb2432,e91bfaf6-770a-45fe-ac00-ec4a6d39504e,question_type,source_provided,True,True,SHORT_ANSWER,SHORT_ANSWER,matched
t160-quality-20261002T163445Z-4654973a-11-IMP-MIXED-r2,IMP-MIXED,2,assisted_corrected,bf862f8d-df39-5559-bab5-d942fccb2432,e91bfaf6-770a-45fe-ac00-ec4a6d39504e,content,source_provided,True,True,根据下表写出 y 关于 x 的关系式。,根据下表写出 y 关于 x 的关系式。,matched
t160-quality-20261002T163445Z-4654973a-11-IMP-MIXED-r2,IMP-MIXED,2,assisted_corrected,bf862f8d-df39-5559-bab5-d942fccb2432,e91bfaf6-770a-45fe-ac00-ec4a6d39504e,options,not_applicable,True,True,,,matched
t160-quality-20261002T163445Z-4654973a-11-IMP-MIXED-r2,IMP-MIXED,2,assisted_corrected,bf862f8d-df39-5559-bab5-d942fccb2432,e91bfaf6-770a-45fe-ac00-ec4a6d39504e,reference_answer,known_missing,True,True,,,matched
t160-quality-20261002T163445Z-4654973a-11-IMP-MIXED-r2,IMP-MIXED,2,assisted_corrected,bf862f8d-df39-5559-bab5-d942fccb2432,e91bfaf6-770a-45fe-ac00-ec4a6d39504e,analysis,known_missing,True,True,,,matched
t160-quality-20261002T163445Z-4654973a-11-IMP-MIXED-r2,IMP-MIXED,2,assisted_corrected,bf862f8d-df39-5559-bab5-d942fccb2432,e91bfaf6-770a-45fe-ac00-ec4a6d39504e,score,source_provided,True,True,3.00,3.00,matched
t160-quality-20261002T163445Z-4654973a-11-IMP-MIXED-r2,IMP-MIXED,2,assisted_corrected,bf862f8d-df39-5559-bab5-d942fccb2432,e91bfaf6-770a-45fe-ac00-ec4a6d39504e,scoring_rubric,source_provided,True,True,正确关系式 1.00；说明代入过程 2.00。,正确关系式 1.00；说明代入过程 2.00。,matched
t160-quality-20261002T163445Z-4654973a-11-IMP-MIXED-r2,IMP-MIXED,2,assisted_corrected,bf862f8d-df39-5559-bab5-d942fccb2432,e91bfaf6-770a-45fe-ac00-ec4a6d39504e,knowledge_points,source_provided,True,True,"[""一次函数"", ""表达与计算""]","[""一次函数"", ""表达与计算""]",matched
t160-quality-20261002T163445Z-4654973a-11-IMP-MIXED-r2,IMP-MIXED,2,assisted_corrected,bf862f8d-df39-5559-bab5-d942fccb2432,e91bfaf6-770a-45fe-ac00-ec4a6d39504e,source_regions,unknown,False,,,,reference_unknown
t160-quality-20261002T163445Z-4654973a-11-IMP-MIXED-r2,IMP-MIXED,2,assisted_corrected,bf862f8d-df39-5559-bab5-d942fccb2432,e91bfaf6-770a-45fe-ac00-ec4a6d39504e,assets,source_provided,True,False,"[{""asset_type"": ""table"", ""source_page_number"": 2, ""order_index"": 1}]",,matched
t160-quality-20261002T163445Z-4654973a-12-IMP-MIXED-r3,IMP-MIXED,3,automatic,1faa8619-84cc-5d65-86ae-244c7f68645e,992fadc9-0202-4135-b351-1bc612472425,question_number,source_provided,True,True,1,1,matched
t160-quality-20261002T163445Z-4654973a-12-IMP-MIXED-r3,IMP-MIXED,3,automatic,1faa8619-84cc-5d65-86ae-244c7f68645e,992fadc9-0202-4135-b351-1bc612472425,order_index,source_provided,True,True,1,1,matched
t160-quality-20261002T163445Z-4654973a-12-IMP-MIXED-r3,IMP-MIXED,3,automatic,1faa8619-84cc-5d65-86ae-244c7f68645e,992fadc9-0202-4135-b351-1bc612472425,source_page_numbers,source_provided,True,True,[1],[1],matched
t160-quality-20261002T163445Z-4654973a-12-IMP-MIXED-r3,IMP-MIXED,3,automatic,1faa8619-84cc-5d65-86ae-244c7f68645e,992fadc9-0202-4135-b351-1bc612472425,question_type,source_provided,True,True,SINGLE_CHOICE,SINGLE_CHOICE,matched
t160-quality-20261002T163445Z-4654973a-12-IMP-MIXED-r3,IMP-MIXED,3,automatic,1faa8619-84cc-5d65-86ae-244c7f68645e,992fadc9-0202-4135-b351-1bc612472425,content,source_provided,True,False,y = 2x + 1，x = 3 时 y 为多少？,单选：y = 2x + 1，x = 3 时 y 为多少？,matched
t160-quality-20261002T163445Z-4654973a-12-IMP-MIXED-r3,IMP-MIXED,3,automatic,1faa8619-84cc-5d65-86ae-244c7f68645e,992fadc9-0202-4135-b351-1bc612472425,options,source_provided,True,True,"{""C"": ""7"", ""A"": ""5"", ""B"": ""6"", ""D"": ""8""}","{""C"": ""7"", ""A"": ""5"", ""B"": ""6"", ""D"": ""8""}",matched
t160-quality-20261002T163445Z-4654973a-12-IMP-MIXED-r3,IMP-MIXED,3,automatic,1faa8619-84cc-5d65-86ae-244c7f68645e,992fadc9-0202-4135-b351-1bc612472425,reference_answer,source_provided,True,True,C,C,matched
t160-quality-20261002T163445Z-4654973a-12-IMP-MIXED-r3,IMP-MIXED,3,automatic,1faa8619-84cc-5d65-86ae-244c7f68645e,992fadc9-0202-4135-b351-1bc612472425,analysis,source_provided,True,True,2 × 3 + 1 = 7。,2 × 3 + 1 = 7。,matched
t160-quality-20261002T163445Z-4654973a-12-IMP-MIXED-r3,IMP-MIXED,3,automatic,1faa8619-84cc-5d65-86ae-244c7f68645e,992fadc9-0202-4135-b351-1bc612472425,score,source_provided,True,True,2.00,2.00,matched
t160-quality-20261002T163445Z-4654973a-12-IMP-MIXED-r3,IMP-MIXED,3,automatic,1faa8619-84cc-5d65-86ae-244c7f68645e,992fadc9-0202-4135-b351-1bc612472425,scoring_rubric,known_missing,True,True,,,matched
t160-quality-20261002T163445Z-4654973a-12-IMP-MIXED-r3,IMP-MIXED,3,automatic,1faa8619-84cc-5d65-86ae-244c7f68645e,992fadc9-0202-4135-b351-1bc612472425,knowledge_points,known_missing,True,False,[],,matched
t160-quality-20261002T163445Z-4654973a-12-IMP-MIXED-r3,IMP-MIXED,3,automatic,1faa8619-84cc-5d65-86ae-244c7f68645e,992fadc9-0202-4135-b351-1bc612472425,source_regions,unknown,False,,,,reference_unknown
t160-quality-20261002T163445Z-4654973a-12-IMP-MIXED-r3,IMP-MIXED,3,automatic,1faa8619-84cc-5d65-86ae-244c7f68645e,992fadc9-0202-4135-b351-1bc612472425,assets,source_provided,True,False,[],,matched
t160-quality-20261002T163445Z-4654973a-12-IMP-MIXED-r3,IMP-MIXED,3,automatic,545de13f-3fe9-524b-a917-7ab04807806f,9e172b13-a2d1-4200-9f2b-d3005bbd0736,question_number,source_provided,True,True,2,2,matched
t160-quality-20261002T163445Z-4654973a-12-IMP-MIXED-r3,IMP-MIXED,3,automatic,545de13f-3fe9-524b-a917-7ab04807806f,9e172b13-a2d1-4200-9f2b-d3005bbd0736,order_index,source_provided,True,True,2,2,matched
t160-quality-20261002T163445Z-4654973a-12-IMP-MIXED-r3,IMP-MIXED,3,automatic,545de13f-3fe9-524b-a917-7ab04807806f,9e172b13-a2d1-4200-9f2b-d3005bbd0736,source_page_numbers,source_provided,True,True,[1],[1],matched
t160-quality-20261002T163445Z-4654973a-12-IMP-MIXED-r3,IMP-MIXED,3,automatic,545de13f-3fe9-524b-a917-7ab04807806f,9e172b13-a2d1-4200-9f2b-d3005bbd0736,question_type,source_provided,True,True,TRUE_FALSE,TRUE_FALSE,matched
t160-quality-20261002T163445Z-4654973a-12-IMP-MIXED-r3,IMP-MIXED,3,automatic,545de13f-3fe9-524b-a917-7ab04807806f,9e172b13-a2d1-4200-9f2b-d3005bbd0736,content,source_provided,True,False,右图三角形面积为 24 cm²。,判断：右图三角形面积为 24 cm²。,matched
t160-quality-20261002T163445Z-4654973a-12-IMP-MIXED-r3,IMP-MIXED,3,automatic,545de13f-3fe9-524b-a917-7ab04807806f,9e172b13-a2d1-4200-9f2b-d3005bbd0736,options,source_provided,True,True,"[""正确"", ""错误""]","[""正确"", ""错误""]",matched
t160-quality-20261002T163445Z-4654973a-12-IMP-MIXED-r3,IMP-MIXED,3,automatic,545de13f-3fe9-524b-a917-7ab04807806f,9e172b13-a2d1-4200-9f2b-d3005bbd0736,reference_answer,known_missing,True,True,,,matched
t160-quality-20261002T163445Z-4654973a-12-IMP-MIXED-r3,IMP-MIXED,3,automatic,545de13f-3fe9-524b-a917-7ab04807806f,9e172b13-a2d1-4200-9f2b-d3005bbd0736,analysis,known_missing,True,True,,,matched
t160-quality-20261002T163445Z-4654973a-12-IMP-MIXED-r3,IMP-MIXED,3,automatic,545de13f-3fe9-524b-a917-7ab04807806f,9e172b13-a2d1-4200-9f2b-d3005bbd0736,score,source_provided,True,True,2.00,2.00,matched
t160-quality-20261002T163445Z-4654973a-12-IMP-MIXED-r3,IMP-MIXED,3,automatic,545de13f-3fe9-524b-a917-7ab04807806f,9e172b13-a2d1-4200-9f2b-d3005bbd0736,scoring_rubric,known_missing,True,True,,,matched
t160-quality-20261002T163445Z-4654973a-12-IMP-MIXED-r3,IMP-MIXED,3,automatic,545de13f-3fe9-524b-a917-7ab04807806f,9e172b13-a2d1-4200-9f2b-d3005bbd0736,knowledge_points,known_missing,True,False,[],,matched
t160-quality-20261002T163445Z-4654973a-12-IMP-MIXED-r3,IMP-MIXED,3,automatic,545de13f-3fe9-524b-a917-7ab04807806f,9e172b13-a2d1-4200-9f2b-d3005bbd0736,source_regions,unknown,False,,,,reference_unknown
t160-quality-20261002T163445Z-4654973a-12-IMP-MIXED-r3,IMP-MIXED,3,automatic,545de13f-3fe9-524b-a917-7ab04807806f,9e172b13-a2d1-4200-9f2b-d3005bbd0736,assets,source_provided,True,False,"[{""asset_type"": ""figure"", ""source_page_number"": 1, ""order_index"": 1}]",,matched
t160-quality-20261002T163445Z-4654973a-12-IMP-MIXED-r3,IMP-MIXED,3,automatic,85533f46-eb86-5893-8742-33939e77750f,acfcad96-de8f-4dac-8062-367f062bd87a,question_number,source_provided,True,True,3,3,matched
t160-quality-20261002T163445Z-4654973a-12-IMP-MIXED-r3,IMP-MIXED,3,automatic,85533f46-eb86-5893-8742-33939e77750f,acfcad96-de8f-4dac-8062-367f062bd87a,order_index,source_provided,True,True,3,3,matched
t160-quality-20261002T163445Z-4654973a-12-IMP-MIXED-r3,IMP-MIXED,3,automatic,85533f46-eb86-5893-8742-33939e77750f,acfcad96-de8f-4dac-8062-367f062bd87a,source_page_numbers,source_provided,True,True,[1],[1],matched
t160-quality-20261002T163445Z-4654973a-12-IMP-MIXED-r3,IMP-MIXED,3,automatic,85533f46-eb86-5893-8742-33939e77750f,acfcad96-de8f-4dac-8062-367f062bd87a,question_type,source_provided,True,True,SHORT_ANSWER,SHORT_ANSWER,matched
t160-quality-20261002T163445Z-4654973a-12-IMP-MIXED-r3,IMP-MIXED,3,automatic,85533f46-eb86-5893-8742-33939e77750f,acfcad96-de8f-4dac-8062-367f062bd87a,content,source_provided,True,False,根据下表写出 y 关于 x 的关系式。,简答：根据下表写出 y 关于 x 的关系式。,matched
t160-quality-20261002T163445Z-4654973a-12-IMP-MIXED-r3,IMP-MIXED,3,automatic,85533f46-eb86-5893-8742-33939e77750f,acfcad96-de8f-4dac-8062-367f062bd87a,options,not_applicable,True,True,,,matched
t160-quality-20261002T163445Z-4654973a-12-IMP-MIXED-r3,IMP-MIXED,3,automatic,85533f46-eb86-5893-8742-33939e77750f,acfcad96-de8f-4dac-8062-367f062bd87a,reference_answer,known_missing,True,True,,,matched
t160-quality-20261002T163445Z-4654973a-12-IMP-MIXED-r3,IMP-MIXED,3,automatic,85533f46-eb86-5893-8742-33939e77750f,acfcad96-de8f-4dac-8062-367f062bd87a,analysis,known_missing,True,True,,,matched
t160-quality-20261002T163445Z-4654973a-12-IMP-MIXED-r3,IMP-MIXED,3,automatic,85533f46-eb86-5893-8742-33939e77750f,acfcad96-de8f-4dac-8062-367f062bd87a,score,source_provided,True,True,3.00,3.00,matched
t160-quality-20261002T163445Z-4654973a-12-IMP-MIXED-r3,IMP-MIXED,3,automatic,85533f46-eb86-5893-8742-33939e77750f,acfcad96-de8f-4dac-8062-367f062bd87a,scoring_rubric,source_provided,True,False,正确关系式 1.00；说明代入过程 2.00。,评分要点：正确关系式 1.00；说明代入过程 2.00。,matched
t160-quality-20261002T163445Z-4654973a-12-IMP-MIXED-r3,IMP-MIXED,3,automatic,85533f46-eb86-5893-8742-33939e77750f,acfcad96-de8f-4dac-8062-367f062bd87a,knowledge_points,source_provided,True,True,"[""一次函数"", ""表达与计算""]","[""一次函数"", ""表达与计算""]",matched
t160-quality-20261002T163445Z-4654973a-12-IMP-MIXED-r3,IMP-MIXED,3,automatic,85533f46-eb86-5893-8742-33939e77750f,acfcad96-de8f-4dac-8062-367f062bd87a,source_regions,unknown,False,,,,reference_unknown
t160-quality-20261002T163445Z-4654973a-12-IMP-MIXED-r3,IMP-MIXED,3,automatic,85533f46-eb86-5893-8742-33939e77750f,acfcad96-de8f-4dac-8062-367f062bd87a,assets,source_provided,True,False,"[{""asset_type"": ""table"", ""source_page_number"": 1, ""order_index"": 1}]",,matched
t160-quality-20261002T163445Z-4654973a-12-IMP-MIXED-r3,IMP-MIXED,3,automatic,0fa8d57e-58c2-5aa4-b8cd-e52e96380a38,a2b01cef-5e9c-4128-98f2-aafa63dd6bd7,question_number,source_provided,True,True,4,4,matched
t160-quality-20261002T163445Z-4654973a-12-IMP-MIXED-r3,IMP-MIXED,3,automatic,0fa8d57e-58c2-5aa4-b8cd-e52e96380a38,a2b01cef-5e9c-4128-98f2-aafa63dd6bd7,order_index,source_provided,True,True,4,4,matched
t160-quality-20261002T163445Z-4654973a-12-IMP-MIXED-r3,IMP-MIXED,3,automatic,0fa8d57e-58c2-5aa4-b8cd-e52e96380a38,a2b01cef-5e9c-4128-98f2-aafa63dd6bd7,source_page_numbers,source_provided,True,True,[2],[2],matched
t160-quality-20261002T163445Z-4654973a-12-IMP-MIXED-r3,IMP-MIXED,3,automatic,0fa8d57e-58c2-5aa4-b8cd-e52e96380a38,a2b01cef-5e9c-4128-98f2-aafa63dd6bd7,question_type,source_provided,True,True,SINGLE_CHOICE,SINGLE_CHOICE,matched
t160-quality-20261002T163445Z-4654973a-12-IMP-MIXED-r3,IMP-MIXED,3,automatic,0fa8d57e-58c2-5aa4-b8cd-e52e96380a38,a2b01cef-5e9c-4128-98f2-aafa63dd6bd7,content,source_provided,True,False,y = 2x + 1，x = 3 时 y 为多少？,单选：y= 2x +1，x = 3 时y为多少？,matched
t160-quality-20261002T163445Z-4654973a-12-IMP-MIXED-r3,IMP-MIXED,3,automatic,0fa8d57e-58c2-5aa4-b8cd-e52e96380a38,a2b01cef-5e9c-4128-98f2-aafa63dd6bd7,options,source_provided,True,True,"{""C"": ""7"", ""A"": ""5"", ""B"": ""6"", ""D"": ""8""}","{""C"": ""7"", ""A"": ""5"", ""B"": ""6"", ""D"": ""8""}",matched
t160-quality-20261002T163445Z-4654973a-12-IMP-MIXED-r3,IMP-MIXED,3,automatic,0fa8d57e-58c2-5aa4-b8cd-e52e96380a38,a2b01cef-5e9c-4128-98f2-aafa63dd6bd7,reference_answer,source_provided,True,True,C,C,matched
t160-quality-20261002T163445Z-4654973a-12-IMP-MIXED-r3,IMP-MIXED,3,automatic,0fa8d57e-58c2-5aa4-b8cd-e52e96380a38,a2b01cef-5e9c-4128-98f2-aafa63dd6bd7,analysis,source_provided,True,False,2 × 3 + 1 = 7。,2 × 3 +1=7。,matched
t160-quality-20261002T163445Z-4654973a-12-IMP-MIXED-r3,IMP-MIXED,3,automatic,0fa8d57e-58c2-5aa4-b8cd-e52e96380a38,a2b01cef-5e9c-4128-98f2-aafa63dd6bd7,score,source_provided,True,True,2.00,2.00,matched
t160-quality-20261002T163445Z-4654973a-12-IMP-MIXED-r3,IMP-MIXED,3,automatic,0fa8d57e-58c2-5aa4-b8cd-e52e96380a38,a2b01cef-5e9c-4128-98f2-aafa63dd6bd7,scoring_rubric,known_missing,True,True,,,matched
t160-quality-20261002T163445Z-4654973a-12-IMP-MIXED-r3,IMP-MIXED,3,automatic,0fa8d57e-58c2-5aa4-b8cd-e52e96380a38,a2b01cef-5e9c-4128-98f2-aafa63dd6bd7,knowledge_points,known_missing,True,False,[],,matched
t160-quality-20261002T163445Z-4654973a-12-IMP-MIXED-r3,IMP-MIXED,3,automatic,0fa8d57e-58c2-5aa4-b8cd-e52e96380a38,a2b01cef-5e9c-4128-98f2-aafa63dd6bd7,source_regions,unknown,False,,,,reference_unknown
t160-quality-20261002T163445Z-4654973a-12-IMP-MIXED-r3,IMP-MIXED,3,automatic,0fa8d57e-58c2-5aa4-b8cd-e52e96380a38,a2b01cef-5e9c-4128-98f2-aafa63dd6bd7,assets,source_provided,True,False,[],,matched
t160-quality-20261002T163445Z-4654973a-12-IMP-MIXED-r3,IMP-MIXED,3,automatic,455720b9-9061-5bce-83af-d6d53c6c84e1,6bc7ecda-75d4-4006-b419-39af271657c6,question_number,source_provided,True,True,5,5,matched
t160-quality-20261002T163445Z-4654973a-12-IMP-MIXED-r3,IMP-MIXED,3,automatic,455720b9-9061-5bce-83af-d6d53c6c84e1,6bc7ecda-75d4-4006-b419-39af271657c6,order_index,source_provided,True,True,5,5,matched
t160-quality-20261002T163445Z-4654973a-12-IMP-MIXED-r3,IMP-MIXED,3,automatic,455720b9-9061-5bce-83af-d6d53c6c84e1,6bc7ecda-75d4-4006-b419-39af271657c6,source_page_numbers,source_provided,True,True,[2],[2],matched
t160-quality-20261002T163445Z-4654973a-12-IMP-MIXED-r3,IMP-MIXED,3,automatic,455720b9-9061-5bce-83af-d6d53c6c84e1,6bc7ecda-75d4-4006-b419-39af271657c6,question_type,source_provided,True,True,TRUE_FALSE,TRUE_FALSE,matched
t160-quality-20261002T163445Z-4654973a-12-IMP-MIXED-r3,IMP-MIXED,3,automatic,455720b9-9061-5bce-83af-d6d53c6c84e1,6bc7ecda-75d4-4006-b419-39af271657c6,content,source_provided,True,False,右图三角形面积为 24 cm²。,判断：右图三角形面积为24cm2。,matched
t160-quality-20261002T163445Z-4654973a-12-IMP-MIXED-r3,IMP-MIXED,3,automatic,455720b9-9061-5bce-83af-d6d53c6c84e1,6bc7ecda-75d4-4006-b419-39af271657c6,options,source_provided,True,True,"[""正确"", ""错误""]","[""正确"", ""错误""]",matched
t160-quality-20261002T163445Z-4654973a-12-IMP-MIXED-r3,IMP-MIXED,3,automatic,455720b9-9061-5bce-83af-d6d53c6c84e1,6bc7ecda-75d4-4006-b419-39af271657c6,reference_answer,known_missing,True,True,,,matched
t160-quality-20261002T163445Z-4654973a-12-IMP-MIXED-r3,IMP-MIXED,3,automatic,455720b9-9061-5bce-83af-d6d53c6c84e1,6bc7ecda-75d4-4006-b419-39af271657c6,analysis,known_missing,True,True,,,matched
t160-quality-20261002T163445Z-4654973a-12-IMP-MIXED-r3,IMP-MIXED,3,automatic,455720b9-9061-5bce-83af-d6d53c6c84e1,6bc7ecda-75d4-4006-b419-39af271657c6,score,source_provided,True,True,2.00,2.00,matched
t160-quality-20261002T163445Z-4654973a-12-IMP-MIXED-r3,IMP-MIXED,3,automatic,455720b9-9061-5bce-83af-d6d53c6c84e1,6bc7ecda-75d4-4006-b419-39af271657c6,scoring_rubric,known_missing,True,True,,,matched
t160-quality-20261002T163445Z-4654973a-12-IMP-MIXED-r3,IMP-MIXED,3,automatic,455720b9-9061-5bce-83af-d6d53c6c84e1,6bc7ecda-75d4-4006-b419-39af271657c6,knowledge_points,known_missing,True,False,[],,matched
t160-quality-20261002T163445Z-4654973a-12-IMP-MIXED-r3,IMP-MIXED,3,automatic,455720b9-9061-5bce-83af-d6d53c6c84e1,6bc7ecda-75d4-4006-b419-39af271657c6,source_regions,unknown,False,,,,reference_unknown
t160-quality-20261002T163445Z-4654973a-12-IMP-MIXED-r3,IMP-MIXED,3,automatic,455720b9-9061-5bce-83af-d6d53c6c84e1,6bc7ecda-75d4-4006-b419-39af271657c6,assets,source_provided,True,False,"[{""asset_type"": ""figure"", ""source_page_number"": 2, ""order_index"": 1}]",,matched
t160-quality-20261002T163445Z-4654973a-12-IMP-MIXED-r3,IMP-MIXED,3,automatic,bf862f8d-df39-5559-bab5-d942fccb2432,c2577475-54ca-48b2-b45d-33b566556f30,question_number,source_provided,True,True,6,6,matched
t160-quality-20261002T163445Z-4654973a-12-IMP-MIXED-r3,IMP-MIXED,3,automatic,bf862f8d-df39-5559-bab5-d942fccb2432,c2577475-54ca-48b2-b45d-33b566556f30,order_index,source_provided,True,True,6,6,matched
t160-quality-20261002T163445Z-4654973a-12-IMP-MIXED-r3,IMP-MIXED,3,automatic,bf862f8d-df39-5559-bab5-d942fccb2432,c2577475-54ca-48b2-b45d-33b566556f30,source_page_numbers,source_provided,True,True,[2],[2],matched
t160-quality-20261002T163445Z-4654973a-12-IMP-MIXED-r3,IMP-MIXED,3,automatic,bf862f8d-df39-5559-bab5-d942fccb2432,c2577475-54ca-48b2-b45d-33b566556f30,question_type,source_provided,True,True,SHORT_ANSWER,SHORT_ANSWER,matched
t160-quality-20261002T163445Z-4654973a-12-IMP-MIXED-r3,IMP-MIXED,3,automatic,bf862f8d-df39-5559-bab5-d942fccb2432,c2577475-54ca-48b2-b45d-33b566556f30,content,source_provided,True,False,根据下表写出 y 关于 x 的关系式。,简答：根据下表写出y关于x的关系式。,matched
t160-quality-20261002T163445Z-4654973a-12-IMP-MIXED-r3,IMP-MIXED,3,automatic,bf862f8d-df39-5559-bab5-d942fccb2432,c2577475-54ca-48b2-b45d-33b566556f30,options,not_applicable,True,True,,,matched
t160-quality-20261002T163445Z-4654973a-12-IMP-MIXED-r3,IMP-MIXED,3,automatic,bf862f8d-df39-5559-bab5-d942fccb2432,c2577475-54ca-48b2-b45d-33b566556f30,reference_answer,known_missing,True,True,,,matched
t160-quality-20261002T163445Z-4654973a-12-IMP-MIXED-r3,IMP-MIXED,3,automatic,bf862f8d-df39-5559-bab5-d942fccb2432,c2577475-54ca-48b2-b45d-33b566556f30,analysis,known_missing,True,True,,,matched
t160-quality-20261002T163445Z-4654973a-12-IMP-MIXED-r3,IMP-MIXED,3,automatic,bf862f8d-df39-5559-bab5-d942fccb2432,c2577475-54ca-48b2-b45d-33b566556f30,score,source_provided,True,True,3.00,3.00,matched
t160-quality-20261002T163445Z-4654973a-12-IMP-MIXED-r3,IMP-MIXED,3,automatic,bf862f8d-df39-5559-bab5-d942fccb2432,c2577475-54ca-48b2-b45d-33b566556f30,scoring_rubric,source_provided,True,False,正确关系式 1.00；说明代入过程 2.00。,评分要点：正确关系式1.00；说明代入过程2.00。,matched
t160-quality-20261002T163445Z-4654973a-12-IMP-MIXED-r3,IMP-MIXED,3,automatic,bf862f8d-df39-5559-bab5-d942fccb2432,c2577475-54ca-48b2-b45d-33b566556f30,knowledge_points,source_provided,True,True,"[""一次函数"", ""表达与计算""]","[""一次函数"", ""表达与计算""]",matched
t160-quality-20261002T163445Z-4654973a-12-IMP-MIXED-r3,IMP-MIXED,3,automatic,bf862f8d-df39-5559-bab5-d942fccb2432,c2577475-54ca-48b2-b45d-33b566556f30,source_regions,unknown,False,,,,reference_unknown
t160-quality-20261002T163445Z-4654973a-12-IMP-MIXED-r3,IMP-MIXED,3,automatic,bf862f8d-df39-5559-bab5-d942fccb2432,c2577475-54ca-48b2-b45d-33b566556f30,assets,source_provided,True,False,"[{""asset_type"": ""table"", ""source_page_number"": 2, ""order_index"": 1}]",,matched
t160-quality-20261002T163445Z-4654973a-12-IMP-MIXED-r3,IMP-MIXED,3,assisted_corrected,1faa8619-84cc-5d65-86ae-244c7f68645e,992fadc9-0202-4135-b351-1bc612472425,question_number,source_provided,True,True,1,1,matched
t160-quality-20261002T163445Z-4654973a-12-IMP-MIXED-r3,IMP-MIXED,3,assisted_corrected,1faa8619-84cc-5d65-86ae-244c7f68645e,992fadc9-0202-4135-b351-1bc612472425,order_index,source_provided,True,True,1,1,matched
t160-quality-20261002T163445Z-4654973a-12-IMP-MIXED-r3,IMP-MIXED,3,assisted_corrected,1faa8619-84cc-5d65-86ae-244c7f68645e,992fadc9-0202-4135-b351-1bc612472425,source_page_numbers,source_provided,True,True,[1],[1],matched
t160-quality-20261002T163445Z-4654973a-12-IMP-MIXED-r3,IMP-MIXED,3,assisted_corrected,1faa8619-84cc-5d65-86ae-244c7f68645e,992fadc9-0202-4135-b351-1bc612472425,question_type,source_provided,True,True,SINGLE_CHOICE,SINGLE_CHOICE,matched
t160-quality-20261002T163445Z-4654973a-12-IMP-MIXED-r3,IMP-MIXED,3,assisted_corrected,1faa8619-84cc-5d65-86ae-244c7f68645e,992fadc9-0202-4135-b351-1bc612472425,content,source_provided,True,True,y = 2x + 1，x = 3 时 y 为多少？,y = 2x + 1，x = 3 时 y 为多少？,matched
t160-quality-20261002T163445Z-4654973a-12-IMP-MIXED-r3,IMP-MIXED,3,assisted_corrected,1faa8619-84cc-5d65-86ae-244c7f68645e,992fadc9-0202-4135-b351-1bc612472425,options,source_provided,True,True,"{""C"": ""7"", ""A"": ""5"", ""B"": ""6"", ""D"": ""8""}","{""C"": ""7"", ""A"": ""5"", ""B"": ""6"", ""D"": ""8""}",matched
t160-quality-20261002T163445Z-4654973a-12-IMP-MIXED-r3,IMP-MIXED,3,assisted_corrected,1faa8619-84cc-5d65-86ae-244c7f68645e,992fadc9-0202-4135-b351-1bc612472425,reference_answer,source_provided,True,True,C,C,matched
t160-quality-20261002T163445Z-4654973a-12-IMP-MIXED-r3,IMP-MIXED,3,assisted_corrected,1faa8619-84cc-5d65-86ae-244c7f68645e,992fadc9-0202-4135-b351-1bc612472425,analysis,source_provided,True,True,2 × 3 + 1 = 7。,2 × 3 + 1 = 7。,matched
t160-quality-20261002T163445Z-4654973a-12-IMP-MIXED-r3,IMP-MIXED,3,assisted_corrected,1faa8619-84cc-5d65-86ae-244c7f68645e,992fadc9-0202-4135-b351-1bc612472425,score,source_provided,True,True,2.00,2.00,matched
t160-quality-20261002T163445Z-4654973a-12-IMP-MIXED-r3,IMP-MIXED,3,assisted_corrected,1faa8619-84cc-5d65-86ae-244c7f68645e,992fadc9-0202-4135-b351-1bc612472425,scoring_rubric,known_missing,True,True,,,matched
t160-quality-20261002T163445Z-4654973a-12-IMP-MIXED-r3,IMP-MIXED,3,assisted_corrected,1faa8619-84cc-5d65-86ae-244c7f68645e,992fadc9-0202-4135-b351-1bc612472425,knowledge_points,known_missing,True,True,[],[],matched
t160-quality-20261002T163445Z-4654973a-12-IMP-MIXED-r3,IMP-MIXED,3,assisted_corrected,1faa8619-84cc-5d65-86ae-244c7f68645e,992fadc9-0202-4135-b351-1bc612472425,source_regions,unknown,False,,,,reference_unknown
t160-quality-20261002T163445Z-4654973a-12-IMP-MIXED-r3,IMP-MIXED,3,assisted_corrected,1faa8619-84cc-5d65-86ae-244c7f68645e,992fadc9-0202-4135-b351-1bc612472425,assets,source_provided,True,True,[],[],matched
t160-quality-20261002T163445Z-4654973a-12-IMP-MIXED-r3,IMP-MIXED,3,assisted_corrected,545de13f-3fe9-524b-a917-7ab04807806f,9e172b13-a2d1-4200-9f2b-d3005bbd0736,question_number,source_provided,True,True,2,2,matched
t160-quality-20261002T163445Z-4654973a-12-IMP-MIXED-r3,IMP-MIXED,3,assisted_corrected,545de13f-3fe9-524b-a917-7ab04807806f,9e172b13-a2d1-4200-9f2b-d3005bbd0736,order_index,source_provided,True,True,2,2,matched
t160-quality-20261002T163445Z-4654973a-12-IMP-MIXED-r3,IMP-MIXED,3,assisted_corrected,545de13f-3fe9-524b-a917-7ab04807806f,9e172b13-a2d1-4200-9f2b-d3005bbd0736,source_page_numbers,source_provided,True,True,[1],[1],matched
t160-quality-20261002T163445Z-4654973a-12-IMP-MIXED-r3,IMP-MIXED,3,assisted_corrected,545de13f-3fe9-524b-a917-7ab04807806f,9e172b13-a2d1-4200-9f2b-d3005bbd0736,question_type,source_provided,True,True,TRUE_FALSE,TRUE_FALSE,matched
t160-quality-20261002T163445Z-4654973a-12-IMP-MIXED-r3,IMP-MIXED,3,assisted_corrected,545de13f-3fe9-524b-a917-7ab04807806f,9e172b13-a2d1-4200-9f2b-d3005bbd0736,content,source_provided,True,True,右图三角形面积为 24 cm²。,右图三角形面积为 24 cm²。,matched
t160-quality-20261002T163445Z-4654973a-12-IMP-MIXED-r3,IMP-MIXED,3,assisted_corrected,545de13f-3fe9-524b-a917-7ab04807806f,9e172b13-a2d1-4200-9f2b-d3005bbd0736,options,source_provided,True,True,"[""正确"", ""错误""]","[""正确"", ""错误""]",matched
t160-quality-20261002T163445Z-4654973a-12-IMP-MIXED-r3,IMP-MIXED,3,assisted_corrected,545de13f-3fe9-524b-a917-7ab04807806f,9e172b13-a2d1-4200-9f2b-d3005bbd0736,reference_answer,known_missing,True,True,,,matched
t160-quality-20261002T163445Z-4654973a-12-IMP-MIXED-r3,IMP-MIXED,3,assisted_corrected,545de13f-3fe9-524b-a917-7ab04807806f,9e172b13-a2d1-4200-9f2b-d3005bbd0736,analysis,known_missing,True,True,,,matched
t160-quality-20261002T163445Z-4654973a-12-IMP-MIXED-r3,IMP-MIXED,3,assisted_corrected,545de13f-3fe9-524b-a917-7ab04807806f,9e172b13-a2d1-4200-9f2b-d3005bbd0736,score,source_provided,True,True,2.00,2.00,matched
t160-quality-20261002T163445Z-4654973a-12-IMP-MIXED-r3,IMP-MIXED,3,assisted_corrected,545de13f-3fe9-524b-a917-7ab04807806f,9e172b13-a2d1-4200-9f2b-d3005bbd0736,scoring_rubric,known_missing,True,True,,,matched
t160-quality-20261002T163445Z-4654973a-12-IMP-MIXED-r3,IMP-MIXED,3,assisted_corrected,545de13f-3fe9-524b-a917-7ab04807806f,9e172b13-a2d1-4200-9f2b-d3005bbd0736,knowledge_points,known_missing,True,True,[],[],matched
t160-quality-20261002T163445Z-4654973a-12-IMP-MIXED-r3,IMP-MIXED,3,assisted_corrected,545de13f-3fe9-524b-a917-7ab04807806f,9e172b13-a2d1-4200-9f2b-d3005bbd0736,source_regions,unknown,False,,,,reference_unknown
t160-quality-20261002T163445Z-4654973a-12-IMP-MIXED-r3,IMP-MIXED,3,assisted_corrected,545de13f-3fe9-524b-a917-7ab04807806f,9e172b13-a2d1-4200-9f2b-d3005bbd0736,assets,source_provided,True,False,"[{""asset_type"": ""figure"", ""source_page_number"": 1, ""order_index"": 1}]",,matched
t160-quality-20261002T163445Z-4654973a-12-IMP-MIXED-r3,IMP-MIXED,3,assisted_corrected,85533f46-eb86-5893-8742-33939e77750f,acfcad96-de8f-4dac-8062-367f062bd87a,question_number,source_provided,True,True,3,3,matched
t160-quality-20261002T163445Z-4654973a-12-IMP-MIXED-r3,IMP-MIXED,3,assisted_corrected,85533f46-eb86-5893-8742-33939e77750f,acfcad96-de8f-4dac-8062-367f062bd87a,order_index,source_provided,True,True,3,3,matched
t160-quality-20261002T163445Z-4654973a-12-IMP-MIXED-r3,IMP-MIXED,3,assisted_corrected,85533f46-eb86-5893-8742-33939e77750f,acfcad96-de8f-4dac-8062-367f062bd87a,source_page_numbers,source_provided,True,True,[1],[1],matched
t160-quality-20261002T163445Z-4654973a-12-IMP-MIXED-r3,IMP-MIXED,3,assisted_corrected,85533f46-eb86-5893-8742-33939e77750f,acfcad96-de8f-4dac-8062-367f062bd87a,question_type,source_provided,True,True,SHORT_ANSWER,SHORT_ANSWER,matched
t160-quality-20261002T163445Z-4654973a-12-IMP-MIXED-r3,IMP-MIXED,3,assisted_corrected,85533f46-eb86-5893-8742-33939e77750f,acfcad96-de8f-4dac-8062-367f062bd87a,content,source_provided,True,True,根据下表写出 y 关于 x 的关系式。,根据下表写出 y 关于 x 的关系式。,matched
t160-quality-20261002T163445Z-4654973a-12-IMP-MIXED-r3,IMP-MIXED,3,assisted_corrected,85533f46-eb86-5893-8742-33939e77750f,acfcad96-de8f-4dac-8062-367f062bd87a,options,not_applicable,True,True,,,matched
t160-quality-20261002T163445Z-4654973a-12-IMP-MIXED-r3,IMP-MIXED,3,assisted_corrected,85533f46-eb86-5893-8742-33939e77750f,acfcad96-de8f-4dac-8062-367f062bd87a,reference_answer,known_missing,True,True,,,matched
t160-quality-20261002T163445Z-4654973a-12-IMP-MIXED-r3,IMP-MIXED,3,assisted_corrected,85533f46-eb86-5893-8742-33939e77750f,acfcad96-de8f-4dac-8062-367f062bd87a,analysis,known_missing,True,True,,,matched
t160-quality-20261002T163445Z-4654973a-12-IMP-MIXED-r3,IMP-MIXED,3,assisted_corrected,85533f46-eb86-5893-8742-33939e77750f,acfcad96-de8f-4dac-8062-367f062bd87a,score,source_provided,True,True,3.00,3.00,matched
t160-quality-20261002T163445Z-4654973a-12-IMP-MIXED-r3,IMP-MIXED,3,assisted_corrected,85533f46-eb86-5893-8742-33939e77750f,acfcad96-de8f-4dac-8062-367f062bd87a,scoring_rubric,source_provided,True,True,正确关系式 1.00；说明代入过程 2.00。,正确关系式 1.00；说明代入过程 2.00。,matched
t160-quality-20261002T163445Z-4654973a-12-IMP-MIXED-r3,IMP-MIXED,3,assisted_corrected,85533f46-eb86-5893-8742-33939e77750f,acfcad96-de8f-4dac-8062-367f062bd87a,knowledge_points,source_provided,True,True,"[""一次函数"", ""表达与计算""]","[""一次函数"", ""表达与计算""]",matched
t160-quality-20261002T163445Z-4654973a-12-IMP-MIXED-r3,IMP-MIXED,3,assisted_corrected,85533f46-eb86-5893-8742-33939e77750f,acfcad96-de8f-4dac-8062-367f062bd87a,source_regions,unknown,False,,,,reference_unknown
t160-quality-20261002T163445Z-4654973a-12-IMP-MIXED-r3,IMP-MIXED,3,assisted_corrected,85533f46-eb86-5893-8742-33939e77750f,acfcad96-de8f-4dac-8062-367f062bd87a,assets,source_provided,True,False,"[{""asset_type"": ""table"", ""source_page_number"": 1, ""order_index"": 1}]",,matched
t160-quality-20261002T163445Z-4654973a-12-IMP-MIXED-r3,IMP-MIXED,3,assisted_corrected,0fa8d57e-58c2-5aa4-b8cd-e52e96380a38,a2b01cef-5e9c-4128-98f2-aafa63dd6bd7,question_number,source_provided,True,True,4,4,matched
t160-quality-20261002T163445Z-4654973a-12-IMP-MIXED-r3,IMP-MIXED,3,assisted_corrected,0fa8d57e-58c2-5aa4-b8cd-e52e96380a38,a2b01cef-5e9c-4128-98f2-aafa63dd6bd7,order_index,source_provided,True,True,4,4,matched
t160-quality-20261002T163445Z-4654973a-12-IMP-MIXED-r3,IMP-MIXED,3,assisted_corrected,0fa8d57e-58c2-5aa4-b8cd-e52e96380a38,a2b01cef-5e9c-4128-98f2-aafa63dd6bd7,source_page_numbers,source_provided,True,True,[2],[2],matched
t160-quality-20261002T163445Z-4654973a-12-IMP-MIXED-r3,IMP-MIXED,3,assisted_corrected,0fa8d57e-58c2-5aa4-b8cd-e52e96380a38,a2b01cef-5e9c-4128-98f2-aafa63dd6bd7,question_type,source_provided,True,True,SINGLE_CHOICE,SINGLE_CHOICE,matched
t160-quality-20261002T163445Z-4654973a-12-IMP-MIXED-r3,IMP-MIXED,3,assisted_corrected,0fa8d57e-58c2-5aa4-b8cd-e52e96380a38,a2b01cef-5e9c-4128-98f2-aafa63dd6bd7,content,source_provided,True,True,y = 2x + 1，x = 3 时 y 为多少？,y = 2x + 1，x = 3 时 y 为多少？,matched
t160-quality-20261002T163445Z-4654973a-12-IMP-MIXED-r3,IMP-MIXED,3,assisted_corrected,0fa8d57e-58c2-5aa4-b8cd-e52e96380a38,a2b01cef-5e9c-4128-98f2-aafa63dd6bd7,options,source_provided,True,True,"{""C"": ""7"", ""A"": ""5"", ""B"": ""6"", ""D"": ""8""}","{""C"": ""7"", ""A"": ""5"", ""B"": ""6"", ""D"": ""8""}",matched
t160-quality-20261002T163445Z-4654973a-12-IMP-MIXED-r3,IMP-MIXED,3,assisted_corrected,0fa8d57e-58c2-5aa4-b8cd-e52e96380a38,a2b01cef-5e9c-4128-98f2-aafa63dd6bd7,reference_answer,source_provided,True,True,C,C,matched
t160-quality-20261002T163445Z-4654973a-12-IMP-MIXED-r3,IMP-MIXED,3,assisted_corrected,0fa8d57e-58c2-5aa4-b8cd-e52e96380a38,a2b01cef-5e9c-4128-98f2-aafa63dd6bd7,analysis,source_provided,True,True,2 × 3 + 1 = 7。,2 × 3 + 1 = 7。,matched
t160-quality-20261002T163445Z-4654973a-12-IMP-MIXED-r3,IMP-MIXED,3,assisted_corrected,0fa8d57e-58c2-5aa4-b8cd-e52e96380a38,a2b01cef-5e9c-4128-98f2-aafa63dd6bd7,score,source_provided,True,True,2.00,2.00,matched
t160-quality-20261002T163445Z-4654973a-12-IMP-MIXED-r3,IMP-MIXED,3,assisted_corrected,0fa8d57e-58c2-5aa4-b8cd-e52e96380a38,a2b01cef-5e9c-4128-98f2-aafa63dd6bd7,scoring_rubric,known_missing,True,True,,,matched
t160-quality-20261002T163445Z-4654973a-12-IMP-MIXED-r3,IMP-MIXED,3,assisted_corrected,0fa8d57e-58c2-5aa4-b8cd-e52e96380a38,a2b01cef-5e9c-4128-98f2-aafa63dd6bd7,knowledge_points,known_missing,True,True,[],[],matched
t160-quality-20261002T163445Z-4654973a-12-IMP-MIXED-r3,IMP-MIXED,3,assisted_corrected,0fa8d57e-58c2-5aa4-b8cd-e52e96380a38,a2b01cef-5e9c-4128-98f2-aafa63dd6bd7,source_regions,unknown,False,,,,reference_unknown
t160-quality-20261002T163445Z-4654973a-12-IMP-MIXED-r3,IMP-MIXED,3,assisted_corrected,0fa8d57e-58c2-5aa4-b8cd-e52e96380a38,a2b01cef-5e9c-4128-98f2-aafa63dd6bd7,assets,source_provided,True,True,[],[],matched
t160-quality-20261002T163445Z-4654973a-12-IMP-MIXED-r3,IMP-MIXED,3,assisted_corrected,455720b9-9061-5bce-83af-d6d53c6c84e1,6bc7ecda-75d4-4006-b419-39af271657c6,question_number,source_provided,True,True,5,5,matched
t160-quality-20261002T163445Z-4654973a-12-IMP-MIXED-r3,IMP-MIXED,3,assisted_corrected,455720b9-9061-5bce-83af-d6d53c6c84e1,6bc7ecda-75d4-4006-b419-39af271657c6,order_index,source_provided,True,True,5,5,matched
t160-quality-20261002T163445Z-4654973a-12-IMP-MIXED-r3,IMP-MIXED,3,assisted_corrected,455720b9-9061-5bce-83af-d6d53c6c84e1,6bc7ecda-75d4-4006-b419-39af271657c6,source_page_numbers,source_provided,True,True,[2],[2],matched
t160-quality-20261002T163445Z-4654973a-12-IMP-MIXED-r3,IMP-MIXED,3,assisted_corrected,455720b9-9061-5bce-83af-d6d53c6c84e1,6bc7ecda-75d4-4006-b419-39af271657c6,question_type,source_provided,True,True,TRUE_FALSE,TRUE_FALSE,matched
t160-quality-20261002T163445Z-4654973a-12-IMP-MIXED-r3,IMP-MIXED,3,assisted_corrected,455720b9-9061-5bce-83af-d6d53c6c84e1,6bc7ecda-75d4-4006-b419-39af271657c6,content,source_provided,True,True,右图三角形面积为 24 cm²。,右图三角形面积为 24 cm²。,matched
t160-quality-20261002T163445Z-4654973a-12-IMP-MIXED-r3,IMP-MIXED,3,assisted_corrected,455720b9-9061-5bce-83af-d6d53c6c84e1,6bc7ecda-75d4-4006-b419-39af271657c6,options,source_provided,True,True,"[""正确"", ""错误""]","[""正确"", ""错误""]",matched
t160-quality-20261002T163445Z-4654973a-12-IMP-MIXED-r3,IMP-MIXED,3,assisted_corrected,455720b9-9061-5bce-83af-d6d53c6c84e1,6bc7ecda-75d4-4006-b419-39af271657c6,reference_answer,known_missing,True,True,,,matched
t160-quality-20261002T163445Z-4654973a-12-IMP-MIXED-r3,IMP-MIXED,3,assisted_corrected,455720b9-9061-5bce-83af-d6d53c6c84e1,6bc7ecda-75d4-4006-b419-39af271657c6,analysis,known_missing,True,True,,,matched
t160-quality-20261002T163445Z-4654973a-12-IMP-MIXED-r3,IMP-MIXED,3,assisted_corrected,455720b9-9061-5bce-83af-d6d53c6c84e1,6bc7ecda-75d4-4006-b419-39af271657c6,score,source_provided,True,True,2.00,2.00,matched
t160-quality-20261002T163445Z-4654973a-12-IMP-MIXED-r3,IMP-MIXED,3,assisted_corrected,455720b9-9061-5bce-83af-d6d53c6c84e1,6bc7ecda-75d4-4006-b419-39af271657c6,scoring_rubric,known_missing,True,True,,,matched
t160-quality-20261002T163445Z-4654973a-12-IMP-MIXED-r3,IMP-MIXED,3,assisted_corrected,455720b9-9061-5bce-83af-d6d53c6c84e1,6bc7ecda-75d4-4006-b419-39af271657c6,knowledge_points,known_missing,True,True,[],[],matched
t160-quality-20261002T163445Z-4654973a-12-IMP-MIXED-r3,IMP-MIXED,3,assisted_corrected,455720b9-9061-5bce-83af-d6d53c6c84e1,6bc7ecda-75d4-4006-b419-39af271657c6,source_regions,unknown,False,,,,reference_unknown
t160-quality-20261002T163445Z-4654973a-12-IMP-MIXED-r3,IMP-MIXED,3,assisted_corrected,455720b9-9061-5bce-83af-d6d53c6c84e1,6bc7ecda-75d4-4006-b419-39af271657c6,assets,source_provided,True,False,"[{""asset_type"": ""figure"", ""source_page_number"": 2, ""order_index"": 1}]",,matched
t160-quality-20261002T163445Z-4654973a-12-IMP-MIXED-r3,IMP-MIXED,3,assisted_corrected,bf862f8d-df39-5559-bab5-d942fccb2432,c2577475-54ca-48b2-b45d-33b566556f30,question_number,source_provided,True,True,6,6,matched
t160-quality-20261002T163445Z-4654973a-12-IMP-MIXED-r3,IMP-MIXED,3,assisted_corrected,bf862f8d-df39-5559-bab5-d942fccb2432,c2577475-54ca-48b2-b45d-33b566556f30,order_index,source_provided,True,True,6,6,matched
t160-quality-20261002T163445Z-4654973a-12-IMP-MIXED-r3,IMP-MIXED,3,assisted_corrected,bf862f8d-df39-5559-bab5-d942fccb2432,c2577475-54ca-48b2-b45d-33b566556f30,source_page_numbers,source_provided,True,True,[2],[2],matched
t160-quality-20261002T163445Z-4654973a-12-IMP-MIXED-r3,IMP-MIXED,3,assisted_corrected,bf862f8d-df39-5559-bab5-d942fccb2432,c2577475-54ca-48b2-b45d-33b566556f30,question_type,source_provided,True,True,SHORT_ANSWER,SHORT_ANSWER,matched
t160-quality-20261002T163445Z-4654973a-12-IMP-MIXED-r3,IMP-MIXED,3,assisted_corrected,bf862f8d-df39-5559-bab5-d942fccb2432,c2577475-54ca-48b2-b45d-33b566556f30,content,source_provided,True,True,根据下表写出 y 关于 x 的关系式。,根据下表写出 y 关于 x 的关系式。,matched
t160-quality-20261002T163445Z-4654973a-12-IMP-MIXED-r3,IMP-MIXED,3,assisted_corrected,bf862f8d-df39-5559-bab5-d942fccb2432,c2577475-54ca-48b2-b45d-33b566556f30,options,not_applicable,True,True,,,matched
t160-quality-20261002T163445Z-4654973a-12-IMP-MIXED-r3,IMP-MIXED,3,assisted_corrected,bf862f8d-df39-5559-bab5-d942fccb2432,c2577475-54ca-48b2-b45d-33b566556f30,reference_answer,known_missing,True,True,,,matched
t160-quality-20261002T163445Z-4654973a-12-IMP-MIXED-r3,IMP-MIXED,3,assisted_corrected,bf862f8d-df39-5559-bab5-d942fccb2432,c2577475-54ca-48b2-b45d-33b566556f30,analysis,known_missing,True,True,,,matched
t160-quality-20261002T163445Z-4654973a-12-IMP-MIXED-r3,IMP-MIXED,3,assisted_corrected,bf862f8d-df39-5559-bab5-d942fccb2432,c2577475-54ca-48b2-b45d-33b566556f30,score,source_provided,True,True,3.00,3.00,matched
t160-quality-20261002T163445Z-4654973a-12-IMP-MIXED-r3,IMP-MIXED,3,assisted_corrected,bf862f8d-df39-5559-bab5-d942fccb2432,c2577475-54ca-48b2-b45d-33b566556f30,scoring_rubric,source_provided,True,True,正确关系式 1.00；说明代入过程 2.00。,正确关系式 1.00；说明代入过程 2.00。,matched
t160-quality-20261002T163445Z-4654973a-12-IMP-MIXED-r3,IMP-MIXED,3,assisted_corrected,bf862f8d-df39-5559-bab5-d942fccb2432,c2577475-54ca-48b2-b45d-33b566556f30,knowledge_points,source_provided,True,True,"[""一次函数"", ""表达与计算""]","[""一次函数"", ""表达与计算""]",matched
t160-quality-20261002T163445Z-4654973a-12-IMP-MIXED-r3,IMP-MIXED,3,assisted_corrected,bf862f8d-df39-5559-bab5-d942fccb2432,c2577475-54ca-48b2-b45d-33b566556f30,source_regions,unknown,False,,,,reference_unknown
t160-quality-20261002T163445Z-4654973a-12-IMP-MIXED-r3,IMP-MIXED,3,assisted_corrected,bf862f8d-df39-5559-bab5-d942fccb2432,c2577475-54ca-48b2-b45d-33b566556f30,assets,source_provided,True,False,"[{""asset_type"": ""table"", ""source_page_number"": 2, ""order_index"": 1}]",,matched
t160-quality-20261002T163445Z-4654973a-13-IMP-CROSS-r1,IMP-CROSS,1,automatic,239d78f4-ab44-59ec-ab7f-e11e454e26f1,5ff1ae62-f774-44d8-99ab-76b578082dee,question_number,source_provided,True,True,4,4,matched
t160-quality-20261002T163445Z-4654973a-13-IMP-CROSS-r1,IMP-CROSS,1,automatic,239d78f4-ab44-59ec-ab7f-e11e454e26f1,5ff1ae62-f774-44d8-99ab-76b578082dee,order_index,source_provided,True,True,1,1,matched
t160-quality-20261002T163445Z-4654973a-13-IMP-CROSS-r1,IMP-CROSS,1,automatic,239d78f4-ab44-59ec-ab7f-e11e454e26f1,5ff1ae62-f774-44d8-99ab-76b578082dee,source_page_numbers,source_provided,True,True,"[1, 2]","[1, 2]",matched
t160-quality-20261002T163445Z-4654973a-13-IMP-CROSS-r1,IMP-CROSS,1,automatic,239d78f4-ab44-59ec-ab7f-e11e454e26f1,5ff1ae62-f774-44d8-99ab-76b578082dee,question_type,unknown,False,,,,reference_unknown
t160-quality-20261002T163445Z-4654973a-13-IMP-CROSS-r1,IMP-CROSS,1,automatic,239d78f4-ab44-59ec-ab7f-e11e454e26f1,5ff1ae62-f774-44d8-99ab-76b578082dee,content,source_provided,True,False,"阅读下页流程图：输入 x = 3，计算输出 y。
按下图流程完成计算。","阅读下页流程图：输入 x = 3，计算输出 y。
第 4 题续：按下图流程完成计算。",matched
t160-quality-20261002T163445Z-4654973a-13-IMP-CROSS-r1,IMP-CROSS,1,automatic,239d78f4-ab44-59ec-ab7f-e11e454e26f1,5ff1ae62-f774-44d8-99ab-76b578082dee,options,not_applicable,True,True,,,matched
t160-quality-20261002T163445Z-4654973a-13-IMP-CROSS-r1,IMP-CROSS,1,automatic,239d78f4-ab44-59ec-ab7f-e11e454e26f1,5ff1ae62-f774-44d8-99ab-76b578082dee,reference_answer,known_missing,True,True,,,matched
t160-quality-20261002T163445Z-4654973a-13-IMP-CROSS-r1,IMP-CROSS,1,automatic,239d78f4-ab44-59ec-ab7f-e11e454e26f1,5ff1ae62-f774-44d8-99ab-76b578082dee,analysis,known_missing,True,True,,,matched
t160-quality-20261002T163445Z-4654973a-13-IMP-CROSS-r1,IMP-CROSS,1,automatic,239d78f4-ab44-59ec-ab7f-e11e454e26f1,5ff1ae62-f774-44d8-99ab-76b578082dee,score,source_provided,True,True,5.00,5.00,matched
t160-quality-20261002T163445Z-4654973a-13-IMP-CROSS-r1,IMP-CROSS,1,automatic,239d78f4-ab44-59ec-ab7f-e11e454e26f1,5ff1ae62-f774-44d8-99ab-76b578082dee,scoring_rubric,source_provided,True,False,正确中间计算 2.00；最终输出 3.00。,,matched
t160-quality-20261002T163445Z-4654973a-13-IMP-CROSS-r1,IMP-CROSS,1,automatic,239d78f4-ab44-59ec-ab7f-e11e454e26f1,5ff1ae62-f774-44d8-99ab-76b578082dee,knowledge_points,known_missing,True,False,[],,matched
t160-quality-20261002T163445Z-4654973a-13-IMP-CROSS-r1,IMP-CROSS,1,automatic,239d78f4-ab44-59ec-ab7f-e11e454e26f1,5ff1ae62-f774-44d8-99ab-76b578082dee,source_regions,unknown,False,,,,reference_unknown
t160-quality-20261002T163445Z-4654973a-13-IMP-CROSS-r1,IMP-CROSS,1,automatic,239d78f4-ab44-59ec-ab7f-e11e454e26f1,5ff1ae62-f774-44d8-99ab-76b578082dee,assets,source_provided,True,False,"[{""asset_type"": ""diagram"", ""source_page_number"": 2, ""order_index"": 1}]",,matched
t160-quality-20261002T163445Z-4654973a-13-IMP-CROSS-r1,IMP-CROSS,1,assisted_corrected,239d78f4-ab44-59ec-ab7f-e11e454e26f1,5ff1ae62-f774-44d8-99ab-76b578082dee,question_number,source_provided,True,True,4,4,matched
t160-quality-20261002T163445Z-4654973a-13-IMP-CROSS-r1,IMP-CROSS,1,assisted_corrected,239d78f4-ab44-59ec-ab7f-e11e454e26f1,5ff1ae62-f774-44d8-99ab-76b578082dee,order_index,source_provided,True,True,1,1,matched
t160-quality-20261002T163445Z-4654973a-13-IMP-CROSS-r1,IMP-CROSS,1,assisted_corrected,239d78f4-ab44-59ec-ab7f-e11e454e26f1,5ff1ae62-f774-44d8-99ab-76b578082dee,source_page_numbers,source_provided,True,True,"[1, 2]","[1, 2]",matched
t160-quality-20261002T163445Z-4654973a-13-IMP-CROSS-r1,IMP-CROSS,1,assisted_corrected,239d78f4-ab44-59ec-ab7f-e11e454e26f1,5ff1ae62-f774-44d8-99ab-76b578082dee,question_type,unknown,False,,,,reference_unknown
t160-quality-20261002T163445Z-4654973a-13-IMP-CROSS-r1,IMP-CROSS,1,assisted_corrected,239d78f4-ab44-59ec-ab7f-e11e454e26f1,5ff1ae62-f774-44d8-99ab-76b578082dee,content,source_provided,True,True,"阅读下页流程图：输入 x = 3，计算输出 y。
按下图流程完成计算。","阅读下页流程图：输入 x = 3，计算输出 y。
按下图流程完成计算。",matched
t160-quality-20261002T163445Z-4654973a-13-IMP-CROSS-r1,IMP-CROSS,1,assisted_corrected,239d78f4-ab44-59ec-ab7f-e11e454e26f1,5ff1ae62-f774-44d8-99ab-76b578082dee,options,not_applicable,True,True,,,matched
t160-quality-20261002T163445Z-4654973a-13-IMP-CROSS-r1,IMP-CROSS,1,assisted_corrected,239d78f4-ab44-59ec-ab7f-e11e454e26f1,5ff1ae62-f774-44d8-99ab-76b578082dee,reference_answer,known_missing,True,True,,,matched
t160-quality-20261002T163445Z-4654973a-13-IMP-CROSS-r1,IMP-CROSS,1,assisted_corrected,239d78f4-ab44-59ec-ab7f-e11e454e26f1,5ff1ae62-f774-44d8-99ab-76b578082dee,analysis,known_missing,True,True,,,matched
t160-quality-20261002T163445Z-4654973a-13-IMP-CROSS-r1,IMP-CROSS,1,assisted_corrected,239d78f4-ab44-59ec-ab7f-e11e454e26f1,5ff1ae62-f774-44d8-99ab-76b578082dee,score,source_provided,True,True,5.00,5.00,matched
t160-quality-20261002T163445Z-4654973a-13-IMP-CROSS-r1,IMP-CROSS,1,assisted_corrected,239d78f4-ab44-59ec-ab7f-e11e454e26f1,5ff1ae62-f774-44d8-99ab-76b578082dee,scoring_rubric,source_provided,True,True,正确中间计算 2.00；最终输出 3.00。,正确中间计算 2.00；最终输出 3.00。,matched
t160-quality-20261002T163445Z-4654973a-13-IMP-CROSS-r1,IMP-CROSS,1,assisted_corrected,239d78f4-ab44-59ec-ab7f-e11e454e26f1,5ff1ae62-f774-44d8-99ab-76b578082dee,knowledge_points,known_missing,True,True,[],[],matched
t160-quality-20261002T163445Z-4654973a-13-IMP-CROSS-r1,IMP-CROSS,1,assisted_corrected,239d78f4-ab44-59ec-ab7f-e11e454e26f1,5ff1ae62-f774-44d8-99ab-76b578082dee,source_regions,unknown,False,,,,reference_unknown
t160-quality-20261002T163445Z-4654973a-13-IMP-CROSS-r1,IMP-CROSS,1,assisted_corrected,239d78f4-ab44-59ec-ab7f-e11e454e26f1,5ff1ae62-f774-44d8-99ab-76b578082dee,assets,source_provided,True,False,"[{""asset_type"": ""diagram"", ""source_page_number"": 2, ""order_index"": 1}]",,matched
t160-quality-20261002T163445Z-4654973a-14-IMP-CROSS-r2,IMP-CROSS,2,automatic,239d78f4-ab44-59ec-ab7f-e11e454e26f1,1aa09159-afdf-441d-8b63-c9505f5b5c9a,question_number,source_provided,True,True,4,4,matched
t160-quality-20261002T163445Z-4654973a-14-IMP-CROSS-r2,IMP-CROSS,2,automatic,239d78f4-ab44-59ec-ab7f-e11e454e26f1,1aa09159-afdf-441d-8b63-c9505f5b5c9a,order_index,source_provided,True,True,1,1,matched
t160-quality-20261002T163445Z-4654973a-14-IMP-CROSS-r2,IMP-CROSS,2,automatic,239d78f4-ab44-59ec-ab7f-e11e454e26f1,1aa09159-afdf-441d-8b63-c9505f5b5c9a,source_page_numbers,source_provided,True,True,"[1, 2]","[1, 2]",matched
t160-quality-20261002T163445Z-4654973a-14-IMP-CROSS-r2,IMP-CROSS,2,automatic,239d78f4-ab44-59ec-ab7f-e11e454e26f1,1aa09159-afdf-441d-8b63-c9505f5b5c9a,question_type,unknown,False,,,SHORT_ANSWER,reference_unknown
t160-quality-20261002T163445Z-4654973a-14-IMP-CROSS-r2,IMP-CROSS,2,automatic,239d78f4-ab44-59ec-ab7f-e11e454e26f1,1aa09159-afdf-441d-8b63-c9505f5b5c9a,content,source_provided,True,False,"阅读下页流程图：输入 x = 3，计算输出 y。
按下图流程完成计算。","阅读下页流程图：输入 x = 3，计算输出 y。
第 4 题续：按下图流程完成计算。",matched
t160-quality-20261002T163445Z-4654973a-14-IMP-CROSS-r2,IMP-CROSS,2,automatic,239d78f4-ab44-59ec-ab7f-e11e454e26f1,1aa09159-afdf-441d-8b63-c9505f5b5c9a,options,not_applicable,True,True,,,matched
t160-quality-20261002T163445Z-4654973a-14-IMP-CROSS-r2,IMP-CROSS,2,automatic,239d78f4-ab44-59ec-ab7f-e11e454e26f1,1aa09159-afdf-441d-8b63-c9505f5b5c9a,reference_answer,known_missing,True,True,,,matched
t160-quality-20261002T163445Z-4654973a-14-IMP-CROSS-r2,IMP-CROSS,2,automatic,239d78f4-ab44-59ec-ab7f-e11e454e26f1,1aa09159-afdf-441d-8b63-c9505f5b5c9a,analysis,known_missing,True,True,,,matched
t160-quality-20261002T163445Z-4654973a-14-IMP-CROSS-r2,IMP-CROSS,2,automatic,239d78f4-ab44-59ec-ab7f-e11e454e26f1,1aa09159-afdf-441d-8b63-c9505f5b5c9a,score,source_provided,True,True,5.00,5.00,matched
t160-quality-20261002T163445Z-4654973a-14-IMP-CROSS-r2,IMP-CROSS,2,automatic,239d78f4-ab44-59ec-ab7f-e11e454e26f1,1aa09159-afdf-441d-8b63-c9505f5b5c9a,scoring_rubric,source_provided,True,True,正确中间计算 2.00；最终输出 3.00。,正确中间计算 2.00；最终输出 3.00。,matched
t160-quality-20261002T163445Z-4654973a-14-IMP-CROSS-r2,IMP-CROSS,2,automatic,239d78f4-ab44-59ec-ab7f-e11e454e26f1,1aa09159-afdf-441d-8b63-c9505f5b5c9a,knowledge_points,known_missing,True,False,[],,matched
t160-quality-20261002T163445Z-4654973a-14-IMP-CROSS-r2,IMP-CROSS,2,automatic,239d78f4-ab44-59ec-ab7f-e11e454e26f1,1aa09159-afdf-441d-8b63-c9505f5b5c9a,source_regions,unknown,False,,,,reference_unknown
t160-quality-20261002T163445Z-4654973a-14-IMP-CROSS-r2,IMP-CROSS,2,automatic,239d78f4-ab44-59ec-ab7f-e11e454e26f1,1aa09159-afdf-441d-8b63-c9505f5b5c9a,assets,source_provided,True,False,"[{""asset_type"": ""diagram"", ""source_page_number"": 2, ""order_index"": 1}]",,matched
t160-quality-20261002T163445Z-4654973a-14-IMP-CROSS-r2,IMP-CROSS,2,assisted_corrected,239d78f4-ab44-59ec-ab7f-e11e454e26f1,1aa09159-afdf-441d-8b63-c9505f5b5c9a,question_number,source_provided,True,True,4,4,matched
t160-quality-20261002T163445Z-4654973a-14-IMP-CROSS-r2,IMP-CROSS,2,assisted_corrected,239d78f4-ab44-59ec-ab7f-e11e454e26f1,1aa09159-afdf-441d-8b63-c9505f5b5c9a,order_index,source_provided,True,True,1,1,matched
t160-quality-20261002T163445Z-4654973a-14-IMP-CROSS-r2,IMP-CROSS,2,assisted_corrected,239d78f4-ab44-59ec-ab7f-e11e454e26f1,1aa09159-afdf-441d-8b63-c9505f5b5c9a,source_page_numbers,source_provided,True,True,"[1, 2]","[1, 2]",matched
t160-quality-20261002T163445Z-4654973a-14-IMP-CROSS-r2,IMP-CROSS,2,assisted_corrected,239d78f4-ab44-59ec-ab7f-e11e454e26f1,1aa09159-afdf-441d-8b63-c9505f5b5c9a,question_type,unknown,False,,,SHORT_ANSWER,reference_unknown
t160-quality-20261002T163445Z-4654973a-14-IMP-CROSS-r2,IMP-CROSS,2,assisted_corrected,239d78f4-ab44-59ec-ab7f-e11e454e26f1,1aa09159-afdf-441d-8b63-c9505f5b5c9a,content,source_provided,True,True,"阅读下页流程图：输入 x = 3，计算输出 y。
按下图流程完成计算。","阅读下页流程图：输入 x = 3，计算输出 y。
按下图流程完成计算。",matched
t160-quality-20261002T163445Z-4654973a-14-IMP-CROSS-r2,IMP-CROSS,2,assisted_corrected,239d78f4-ab44-59ec-ab7f-e11e454e26f1,1aa09159-afdf-441d-8b63-c9505f5b5c9a,options,not_applicable,True,True,,,matched
t160-quality-20261002T163445Z-4654973a-14-IMP-CROSS-r2,IMP-CROSS,2,assisted_corrected,239d78f4-ab44-59ec-ab7f-e11e454e26f1,1aa09159-afdf-441d-8b63-c9505f5b5c9a,reference_answer,known_missing,True,True,,,matched
t160-quality-20261002T163445Z-4654973a-14-IMP-CROSS-r2,IMP-CROSS,2,assisted_corrected,239d78f4-ab44-59ec-ab7f-e11e454e26f1,1aa09159-afdf-441d-8b63-c9505f5b5c9a,analysis,known_missing,True,True,,,matched
t160-quality-20261002T163445Z-4654973a-14-IMP-CROSS-r2,IMP-CROSS,2,assisted_corrected,239d78f4-ab44-59ec-ab7f-e11e454e26f1,1aa09159-afdf-441d-8b63-c9505f5b5c9a,score,source_provided,True,True,5.00,5.00,matched
t160-quality-20261002T163445Z-4654973a-14-IMP-CROSS-r2,IMP-CROSS,2,assisted_corrected,239d78f4-ab44-59ec-ab7f-e11e454e26f1,1aa09159-afdf-441d-8b63-c9505f5b5c9a,scoring_rubric,source_provided,True,True,正确中间计算 2.00；最终输出 3.00。,正确中间计算 2.00；最终输出 3.00。,matched
t160-quality-20261002T163445Z-4654973a-14-IMP-CROSS-r2,IMP-CROSS,2,assisted_corrected,239d78f4-ab44-59ec-ab7f-e11e454e26f1,1aa09159-afdf-441d-8b63-c9505f5b5c9a,knowledge_points,known_missing,True,True,[],[],matched
t160-quality-20261002T163445Z-4654973a-14-IMP-CROSS-r2,IMP-CROSS,2,assisted_corrected,239d78f4-ab44-59ec-ab7f-e11e454e26f1,1aa09159-afdf-441d-8b63-c9505f5b5c9a,source_regions,unknown,False,,,,reference_unknown
t160-quality-20261002T163445Z-4654973a-14-IMP-CROSS-r2,IMP-CROSS,2,assisted_corrected,239d78f4-ab44-59ec-ab7f-e11e454e26f1,1aa09159-afdf-441d-8b63-c9505f5b5c9a,assets,source_provided,True,False,"[{""asset_type"": ""diagram"", ""source_page_number"": 2, ""order_index"": 1}]",,matched
t160-quality-20261002T163445Z-4654973a-15-IMP-CROSS-r3,IMP-CROSS,3,automatic,239d78f4-ab44-59ec-ab7f-e11e454e26f1,aab5370a-cb4e-47c8-8931-47ce715d113e,question_number,source_provided,True,True,4,4,matched
t160-quality-20261002T163445Z-4654973a-15-IMP-CROSS-r3,IMP-CROSS,3,automatic,239d78f4-ab44-59ec-ab7f-e11e454e26f1,aab5370a-cb4e-47c8-8931-47ce715d113e,order_index,source_provided,True,True,1,1,matched
t160-quality-20261002T163445Z-4654973a-15-IMP-CROSS-r3,IMP-CROSS,3,automatic,239d78f4-ab44-59ec-ab7f-e11e454e26f1,aab5370a-cb4e-47c8-8931-47ce715d113e,source_page_numbers,source_provided,True,True,"[1, 2]","[1, 2]",matched
t160-quality-20261002T163445Z-4654973a-15-IMP-CROSS-r3,IMP-CROSS,3,automatic,239d78f4-ab44-59ec-ab7f-e11e454e26f1,aab5370a-cb4e-47c8-8931-47ce715d113e,question_type,unknown,False,,,SHORT_ANSWER,reference_unknown
t160-quality-20261002T163445Z-4654973a-15-IMP-CROSS-r3,IMP-CROSS,3,automatic,239d78f4-ab44-59ec-ab7f-e11e454e26f1,aab5370a-cb4e-47c8-8931-47ce715d113e,content,source_provided,True,False,"阅读下页流程图：输入 x = 3，计算输出 y。
按下图流程完成计算。","阅读下页流程图：输入 x = 3，计算输出 y。
题干起点在本页，流程图与本题续文在第 2 页。
不要把跨页续文当作新题；本卷未附参考答案。
第 4 题续：按下图流程完成计算。",matched
t160-quality-20261002T163445Z-4654973a-15-IMP-CROSS-r3,IMP-CROSS,3,automatic,239d78f4-ab44-59ec-ab7f-e11e454e26f1,aab5370a-cb4e-47c8-8931-47ce715d113e,options,not_applicable,True,True,,,matched
t160-quality-20261002T163445Z-4654973a-15-IMP-CROSS-r3,IMP-CROSS,3,automatic,239d78f4-ab44-59ec-ab7f-e11e454e26f1,aab5370a-cb4e-47c8-8931-47ce715d113e,reference_answer,known_missing,True,True,,,matched
t160-quality-20261002T163445Z-4654973a-15-IMP-CROSS-r3,IMP-CROSS,3,automatic,239d78f4-ab44-59ec-ab7f-e11e454e26f1,aab5370a-cb4e-47c8-8931-47ce715d113e,analysis,known_missing,True,True,,,matched
t160-quality-20261002T163445Z-4654973a-15-IMP-CROSS-r3,IMP-CROSS,3,automatic,239d78f4-ab44-59ec-ab7f-e11e454e26f1,aab5370a-cb4e-47c8-8931-47ce715d113e,score,source_provided,True,True,5.00,5.00,matched
t160-quality-20261002T163445Z-4654973a-15-IMP-CROSS-r3,IMP-CROSS,3,automatic,239d78f4-ab44-59ec-ab7f-e11e454e26f1,aab5370a-cb4e-47c8-8931-47ce715d113e,scoring_rubric,source_provided,True,False,正确中间计算 2.00；最终输出 3.00。,评分标准：正确中间计算 2.00；最终输出 3.00。,matched
t160-quality-20261002T163445Z-4654973a-15-IMP-CROSS-r3,IMP-CROSS,3,automatic,239d78f4-ab44-59ec-ab7f-e11e454e26f1,aab5370a-cb4e-47c8-8931-47ce715d113e,knowledge_points,known_missing,True,False,[],,matched
t160-quality-20261002T163445Z-4654973a-15-IMP-CROSS-r3,IMP-CROSS,3,automatic,239d78f4-ab44-59ec-ab7f-e11e454e26f1,aab5370a-cb4e-47c8-8931-47ce715d113e,source_regions,unknown,False,,,,reference_unknown
t160-quality-20261002T163445Z-4654973a-15-IMP-CROSS-r3,IMP-CROSS,3,automatic,239d78f4-ab44-59ec-ab7f-e11e454e26f1,aab5370a-cb4e-47c8-8931-47ce715d113e,assets,source_provided,True,False,"[{""asset_type"": ""diagram"", ""source_page_number"": 2, ""order_index"": 1}]",,matched
t160-quality-20261002T163445Z-4654973a-15-IMP-CROSS-r3,IMP-CROSS,3,assisted_corrected,239d78f4-ab44-59ec-ab7f-e11e454e26f1,aab5370a-cb4e-47c8-8931-47ce715d113e,question_number,source_provided,True,True,4,4,matched
t160-quality-20261002T163445Z-4654973a-15-IMP-CROSS-r3,IMP-CROSS,3,assisted_corrected,239d78f4-ab44-59ec-ab7f-e11e454e26f1,aab5370a-cb4e-47c8-8931-47ce715d113e,order_index,source_provided,True,True,1,1,matched
t160-quality-20261002T163445Z-4654973a-15-IMP-CROSS-r3,IMP-CROSS,3,assisted_corrected,239d78f4-ab44-59ec-ab7f-e11e454e26f1,aab5370a-cb4e-47c8-8931-47ce715d113e,source_page_numbers,source_provided,True,True,"[1, 2]","[1, 2]",matched
t160-quality-20261002T163445Z-4654973a-15-IMP-CROSS-r3,IMP-CROSS,3,assisted_corrected,239d78f4-ab44-59ec-ab7f-e11e454e26f1,aab5370a-cb4e-47c8-8931-47ce715d113e,question_type,unknown,False,,,SHORT_ANSWER,reference_unknown
t160-quality-20261002T163445Z-4654973a-15-IMP-CROSS-r3,IMP-CROSS,3,assisted_corrected,239d78f4-ab44-59ec-ab7f-e11e454e26f1,aab5370a-cb4e-47c8-8931-47ce715d113e,content,source_provided,True,True,"阅读下页流程图：输入 x = 3，计算输出 y。
按下图流程完成计算。","阅读下页流程图：输入 x = 3，计算输出 y。
按下图流程完成计算。",matched
t160-quality-20261002T163445Z-4654973a-15-IMP-CROSS-r3,IMP-CROSS,3,assisted_corrected,239d78f4-ab44-59ec-ab7f-e11e454e26f1,aab5370a-cb4e-47c8-8931-47ce715d113e,options,not_applicable,True,True,,,matched
t160-quality-20261002T163445Z-4654973a-15-IMP-CROSS-r3,IMP-CROSS,3,assisted_corrected,239d78f4-ab44-59ec-ab7f-e11e454e26f1,aab5370a-cb4e-47c8-8931-47ce715d113e,reference_answer,known_missing,True,True,,,matched
t160-quality-20261002T163445Z-4654973a-15-IMP-CROSS-r3,IMP-CROSS,3,assisted_corrected,239d78f4-ab44-59ec-ab7f-e11e454e26f1,aab5370a-cb4e-47c8-8931-47ce715d113e,analysis,known_missing,True,True,,,matched
t160-quality-20261002T163445Z-4654973a-15-IMP-CROSS-r3,IMP-CROSS,3,assisted_corrected,239d78f4-ab44-59ec-ab7f-e11e454e26f1,aab5370a-cb4e-47c8-8931-47ce715d113e,score,source_provided,True,True,5.00,5.00,matched
t160-quality-20261002T163445Z-4654973a-15-IMP-CROSS-r3,IMP-CROSS,3,assisted_corrected,239d78f4-ab44-59ec-ab7f-e11e454e26f1,aab5370a-cb4e-47c8-8931-47ce715d113e,scoring_rubric,source_provided,True,True,正确中间计算 2.00；最终输出 3.00。,正确中间计算 2.00；最终输出 3.00。,matched
t160-quality-20261002T163445Z-4654973a-15-IMP-CROSS-r3,IMP-CROSS,3,assisted_corrected,239d78f4-ab44-59ec-ab7f-e11e454e26f1,aab5370a-cb4e-47c8-8931-47ce715d113e,knowledge_points,known_missing,True,True,[],[],matched
t160-quality-20261002T163445Z-4654973a-15-IMP-CROSS-r3,IMP-CROSS,3,assisted_corrected,239d78f4-ab44-59ec-ab7f-e11e454e26f1,aab5370a-cb4e-47c8-8931-47ce715d113e,source_regions,unknown,False,,,,reference_unknown
t160-quality-20261002T163445Z-4654973a-15-IMP-CROSS-r3,IMP-CROSS,3,assisted_corrected,239d78f4-ab44-59ec-ab7f-e11e454e26f1,aab5370a-cb4e-47c8-8931-47ce715d113e,assets,source_provided,True,False,"[{""asset_type"": ""diagram"", ""source_page_number"": 2, ""order_index"": 1}]",,matched
