run_id,case_id,repeat_index,stage,reference_question_identity,extracted_question_id,field,reference_state,evaluable,correct,expected,actual,reason
t160-quality-20261007T013645Z-cd518eac-01-IMP-TEXT-r1,IMP-TEXT,1,automatic,1194af49-5301-51bb-a173-0e6f524ac810,ea348966-d4b8-4782-bf48-0f852e5eb851,question_number,source_provided,True,True,1,1,matched
t160-quality-20261007T013645Z-cd518eac-01-IMP-TEXT-r1,IMP-TEXT,1,automatic,1194af49-5301-51bb-a173-0e6f524ac810,ea348966-d4b8-4782-bf48-0f852e5eb851,order_index,source_provided,True,True,1,1,matched
t160-quality-20261007T013645Z-cd518eac-01-IMP-TEXT-r1,IMP-TEXT,1,automatic,1194af49-5301-51bb-a173-0e6f524ac810,ea348966-d4b8-4782-bf48-0f852e5eb851,source_page_numbers,source_provided,True,True,[1],[1],matched
t160-quality-20261007T013645Z-cd518eac-01-IMP-TEXT-r1,IMP-TEXT,1,automatic,1194af49-5301-51bb-a173-0e6f524ac810,ea348966-d4b8-4782-bf48-0f852e5eb851,question_type,source_provided,True,True,SINGLE_CHOICE,SINGLE_CHOICE,matched
t160-quality-20261007T013645Z-cd518eac-01-IMP-TEXT-r1,IMP-TEXT,1,automatic,1194af49-5301-51bb-a173-0e6f524ac810,ea348966-d4b8-4782-bf48-0f852e5eb851,content,source_provided,True,True,y = 2x + 1，x = 3 时 y 为多少？,y = 2x + 1，x = 3 时 y 为多少？,matched
t160-quality-20261007T013645Z-cd518eac-01-IMP-TEXT-r1,IMP-TEXT,1,automatic,1194af49-5301-51bb-a173-0e6f524ac810,ea348966-d4b8-4782-bf48-0f852e5eb851,options,source_provided,True,True,"{""C"": ""7"", ""A"": ""5"", ""B"": ""6"", ""D"": ""8""}","{""C"": ""7"", ""A"": ""5"", ""B"": ""6"", ""D"": ""8""}",matched
t160-quality-20261007T013645Z-cd518eac-01-IMP-TEXT-r1,IMP-TEXT,1,automatic,1194af49-5301-51bb-a173-0e6f524ac810,ea348966-d4b8-4782-bf48-0f852e5eb851,reference_answer,source_provided,True,True,C,C,matched
t160-quality-20261007T013645Z-cd518eac-01-IMP-TEXT-r1,IMP-TEXT,1,automatic,1194af49-5301-51bb-a173-0e6f524ac810,ea348966-d4b8-4782-bf48-0f852e5eb851,analysis,source_provided,True,True,2 × 3 + 1 = 7。,2 × 3 + 1 = 7。,matched
t160-quality-20261007T013645Z-cd518eac-01-IMP-TEXT-r1,IMP-TEXT,1,automatic,1194af49-5301-51bb-a173-0e6f524ac810,ea348966-d4b8-4782-bf48-0f852e5eb851,score,source_provided,True,True,2.00,2.00,matched
t160-quality-20261007T013645Z-cd518eac-01-IMP-TEXT-r1,IMP-TEXT,1,automatic,1194af49-5301-51bb-a173-0e6f524ac810,ea348966-d4b8-4782-bf48-0f852e5eb851,scoring_rubric,known_missing,True,True,,,matched
t160-quality-20261007T013645Z-cd518eac-01-IMP-TEXT-r1,IMP-TEXT,1,automatic,1194af49-5301-51bb-a173-0e6f524ac810,ea348966-d4b8-4782-bf48-0f852e5eb851,knowledge_points,known_missing,True,True,[],[],matched
t160-quality-20261007T013645Z-cd518eac-01-IMP-TEXT-r1,IMP-TEXT,1,automatic,1194af49-5301-51bb-a173-0e6f524ac810,ea348966-d4b8-4782-bf48-0f852e5eb851,source_regions,unknown,False,,,,reference_unknown
t160-quality-20261007T013645Z-cd518eac-01-IMP-TEXT-r1,IMP-TEXT,1,automatic,1194af49-5301-51bb-a173-0e6f524ac810,ea348966-d4b8-4782-bf48-0f852e5eb851,assets,source_provided,True,False,[],,matched
t160-quality-20261007T013645Z-cd518eac-01-IMP-TEXT-r1,IMP-TEXT,1,automatic,8e0aecaf-072d-5ed7-9b43-5d33ad202cc1,2eb1e05a-e12b-4108-be4f-f8823961c8d7,question_number,source_provided,True,True,2,2,matched
t160-quality-20261007T013645Z-cd518eac-01-IMP-TEXT-r1,IMP-TEXT,1,automatic,8e0aecaf-072d-5ed7-9b43-5d33ad202cc1,2eb1e05a-e12b-4108-be4f-f8823961c8d7,order_index,source_provided,True,True,2,2,matched
t160-quality-20261007T013645Z-cd518eac-01-IMP-TEXT-r1,IMP-TEXT,1,automatic,8e0aecaf-072d-5ed7-9b43-5d33ad202cc1,2eb1e05a-e12b-4108-be4f-f8823961c8d7,source_page_numbers,source_provided,True,True,[1],[1],matched
t160-quality-20261007T013645Z-cd518eac-01-IMP-TEXT-r1,IMP-TEXT,1,automatic,8e0aecaf-072d-5ed7-9b43-5d33ad202cc1,2eb1e05a-e12b-4108-be4f-f8823961c8d7,question_type,source_provided,True,True,TRUE_FALSE,TRUE_FALSE,matched
t160-quality-20261007T013645Z-cd518eac-01-IMP-TEXT-r1,IMP-TEXT,1,automatic,8e0aecaf-072d-5ed7-9b43-5d33ad202cc1,2eb1e05a-e12b-4108-be4f-f8823961c8d7,content,source_provided,True,True,右图三角形面积为 24 cm²。,右图三角形面积为 24 cm²。,matched
t160-quality-20261007T013645Z-cd518eac-01-IMP-TEXT-r1,IMP-TEXT,1,automatic,8e0aecaf-072d-5ed7-9b43-5d33ad202cc1,2eb1e05a-e12b-4108-be4f-f8823961c8d7,options,source_provided,True,True,"[""正确"", ""错误""]","[""正确"", ""错误""]",matched
t160-quality-20261007T013645Z-cd518eac-01-IMP-TEXT-r1,IMP-TEXT,1,automatic,8e0aecaf-072d-5ed7-9b43-5d33ad202cc1,2eb1e05a-e12b-4108-be4f-f8823961c8d7,reference_answer,known_missing,True,True,,,matched
t160-quality-20261007T013645Z-cd518eac-01-IMP-TEXT-r1,IMP-TEXT,1,automatic,8e0aecaf-072d-5ed7-9b43-5d33ad202cc1,2eb1e05a-e12b-4108-be4f-f8823961c8d7,analysis,known_missing,True,True,,,matched
t160-quality-20261007T013645Z-cd518eac-01-IMP-TEXT-r1,IMP-TEXT,1,automatic,8e0aecaf-072d-5ed7-9b43-5d33ad202cc1,2eb1e05a-e12b-4108-be4f-f8823961c8d7,score,source_provided,True,True,2.00,2.00,matched
t160-quality-20261007T013645Z-cd518eac-01-IMP-TEXT-r1,IMP-TEXT,1,automatic,8e0aecaf-072d-5ed7-9b43-5d33ad202cc1,2eb1e05a-e12b-4108-be4f-f8823961c8d7,scoring_rubric,known_missing,True,True,,,matched
t160-quality-20261007T013645Z-cd518eac-01-IMP-TEXT-r1,IMP-TEXT,1,automatic,8e0aecaf-072d-5ed7-9b43-5d33ad202cc1,2eb1e05a-e12b-4108-be4f-f8823961c8d7,knowledge_points,known_missing,True,True,[],[],matched
t160-quality-20261007T013645Z-cd518eac-01-IMP-TEXT-r1,IMP-TEXT,1,automatic,8e0aecaf-072d-5ed7-9b43-5d33ad202cc1,2eb1e05a-e12b-4108-be4f-f8823961c8d7,source_regions,unknown,False,,,,reference_unknown
t160-quality-20261007T013645Z-cd518eac-01-IMP-TEXT-r1,IMP-TEXT,1,automatic,8e0aecaf-072d-5ed7-9b43-5d33ad202cc1,2eb1e05a-e12b-4108-be4f-f8823961c8d7,assets,source_provided,True,False,"[{""asset_type"": ""figure"", ""source_page_number"": 1, ""order_index"": 1}]",,matched
t160-quality-20261007T013645Z-cd518eac-01-IMP-TEXT-r1,IMP-TEXT,1,automatic,fdef73bd-f984-58d1-8a53-3eea668a9f83,68605111-878b-453a-8e13-7156a69e347e,question_number,source_provided,True,True,3,3,matched
t160-quality-20261007T013645Z-cd518eac-01-IMP-TEXT-r1,IMP-TEXT,1,automatic,fdef73bd-f984-58d1-8a53-3eea668a9f83,68605111-878b-453a-8e13-7156a69e347e,order_index,source_provided,True,True,3,3,matched
t160-quality-20261007T013645Z-cd518eac-01-IMP-TEXT-r1,IMP-TEXT,1,automatic,fdef73bd-f984-58d1-8a53-3eea668a9f83,68605111-878b-453a-8e13-7156a69e347e,source_page_numbers,source_provided,True,True,[1],[1],matched
t160-quality-20261007T013645Z-cd518eac-01-IMP-TEXT-r1,IMP-TEXT,1,automatic,fdef73bd-f984-58d1-8a53-3eea668a9f83,68605111-878b-453a-8e13-7156a69e347e,question_type,source_provided,True,True,SHORT_ANSWER,SHORT_ANSWER,matched
t160-quality-20261007T013645Z-cd518eac-01-IMP-TEXT-r1,IMP-TEXT,1,automatic,fdef73bd-f984-58d1-8a53-3eea668a9f83,68605111-878b-453a-8e13-7156a69e347e,content,source_provided,True,True,根据下表写出 y 关于 x 的关系式。,根据下表写出 y 关于 x 的关系式。,matched
t160-quality-20261007T013645Z-cd518eac-01-IMP-TEXT-r1,IMP-TEXT,1,automatic,fdef73bd-f984-58d1-8a53-3eea668a9f83,68605111-878b-453a-8e13-7156a69e347e,options,not_applicable,True,True,,,matched
t160-quality-20261007T013645Z-cd518eac-01-IMP-TEXT-r1,IMP-TEXT,1,automatic,fdef73bd-f984-58d1-8a53-3eea668a9f83,68605111-878b-453a-8e13-7156a69e347e,reference_answer,known_missing,True,True,,,matched
t160-quality-20261007T013645Z-cd518eac-01-IMP-TEXT-r1,IMP-TEXT,1,automatic,fdef73bd-f984-58d1-8a53-3eea668a9f83,68605111-878b-453a-8e13-7156a69e347e,analysis,known_missing,True,True,,,matched
t160-quality-20261007T013645Z-cd518eac-01-IMP-TEXT-r1,IMP-TEXT,1,automatic,fdef73bd-f984-58d1-8a53-3eea668a9f83,68605111-878b-453a-8e13-7156a69e347e,score,source_provided,True,True,3.00,3.00,matched
t160-quality-20261007T013645Z-cd518eac-01-IMP-TEXT-r1,IMP-TEXT,1,automatic,fdef73bd-f984-58d1-8a53-3eea668a9f83,68605111-878b-453a-8e13-7156a69e347e,scoring_rubric,source_provided,True,True,正确关系式 1.00；说明代入过程 2.00。,正确关系式 1.00；说明代入过程 2.00。,matched
t160-quality-20261007T013645Z-cd518eac-01-IMP-TEXT-r1,IMP-TEXT,1,automatic,fdef73bd-f984-58d1-8a53-3eea668a9f83,68605111-878b-453a-8e13-7156a69e347e,knowledge_points,source_provided,True,True,"[""一次函数"", ""表达与计算""]","[""一次函数"", ""表达与计算""]",matched
t160-quality-20261007T013645Z-cd518eac-01-IMP-TEXT-r1,IMP-TEXT,1,automatic,fdef73bd-f984-58d1-8a53-3eea668a9f83,68605111-878b-453a-8e13-7156a69e347e,source_regions,unknown,False,,,,reference_unknown
t160-quality-20261007T013645Z-cd518eac-01-IMP-TEXT-r1,IMP-TEXT,1,automatic,fdef73bd-f984-58d1-8a53-3eea668a9f83,68605111-878b-453a-8e13-7156a69e347e,assets,source_provided,True,False,"[{""asset_type"": ""table"", ""source_page_number"": 1, ""order_index"": 1}]",,matched
t160-quality-20261007T013645Z-cd518eac-01-IMP-TEXT-r1,IMP-TEXT,1,assisted_corrected,1194af49-5301-51bb-a173-0e6f524ac810,ea348966-d4b8-4782-bf48-0f852e5eb851,question_number,source_provided,True,True,1,1,matched
t160-quality-20261007T013645Z-cd518eac-01-IMP-TEXT-r1,IMP-TEXT,1,assisted_corrected,1194af49-5301-51bb-a173-0e6f524ac810,ea348966-d4b8-4782-bf48-0f852e5eb851,order_index,source_provided,True,True,1,1,matched
t160-quality-20261007T013645Z-cd518eac-01-IMP-TEXT-r1,IMP-TEXT,1,assisted_corrected,1194af49-5301-51bb-a173-0e6f524ac810,ea348966-d4b8-4782-bf48-0f852e5eb851,source_page_numbers,source_provided,True,True,[1],[1],matched
t160-quality-20261007T013645Z-cd518eac-01-IMP-TEXT-r1,IMP-TEXT,1,assisted_corrected,1194af49-5301-51bb-a173-0e6f524ac810,ea348966-d4b8-4782-bf48-0f852e5eb851,question_type,source_provided,True,True,SINGLE_CHOICE,SINGLE_CHOICE,matched
t160-quality-20261007T013645Z-cd518eac-01-IMP-TEXT-r1,IMP-TEXT,1,assisted_corrected,1194af49-5301-51bb-a173-0e6f524ac810,ea348966-d4b8-4782-bf48-0f852e5eb851,content,source_provided,True,True,y = 2x + 1，x = 3 时 y 为多少？,y = 2x + 1，x = 3 时 y 为多少？,matched
t160-quality-20261007T013645Z-cd518eac-01-IMP-TEXT-r1,IMP-TEXT,1,assisted_corrected,1194af49-5301-51bb-a173-0e6f524ac810,ea348966-d4b8-4782-bf48-0f852e5eb851,options,source_provided,True,True,"{""C"": ""7"", ""A"": ""5"", ""B"": ""6"", ""D"": ""8""}","{""C"": ""7"", ""A"": ""5"", ""B"": ""6"", ""D"": ""8""}",matched
t160-quality-20261007T013645Z-cd518eac-01-IMP-TEXT-r1,IMP-TEXT,1,assisted_corrected,1194af49-5301-51bb-a173-0e6f524ac810,ea348966-d4b8-4782-bf48-0f852e5eb851,reference_answer,source_provided,True,True,C,C,matched
t160-quality-20261007T013645Z-cd518eac-01-IMP-TEXT-r1,IMP-TEXT,1,assisted_corrected,1194af49-5301-51bb-a173-0e6f524ac810,ea348966-d4b8-4782-bf48-0f852e5eb851,analysis,source_provided,True,True,2 × 3 + 1 = 7。,2 × 3 + 1 = 7。,matched
t160-quality-20261007T013645Z-cd518eac-01-IMP-TEXT-r1,IMP-TEXT,1,assisted_corrected,1194af49-5301-51bb-a173-0e6f524ac810,ea348966-d4b8-4782-bf48-0f852e5eb851,score,source_provided,True,True,2.00,2.00,matched
t160-quality-20261007T013645Z-cd518eac-01-IMP-TEXT-r1,IMP-TEXT,1,assisted_corrected,1194af49-5301-51bb-a173-0e6f524ac810,ea348966-d4b8-4782-bf48-0f852e5eb851,scoring_rubric,known_missing,True,True,,,matched
t160-quality-20261007T013645Z-cd518eac-01-IMP-TEXT-r1,IMP-TEXT,1,assisted_corrected,1194af49-5301-51bb-a173-0e6f524ac810,ea348966-d4b8-4782-bf48-0f852e5eb851,knowledge_points,known_missing,True,True,[],[],matched
t160-quality-20261007T013645Z-cd518eac-01-IMP-TEXT-r1,IMP-TEXT,1,assisted_corrected,1194af49-5301-51bb-a173-0e6f524ac810,ea348966-d4b8-4782-bf48-0f852e5eb851,source_regions,unknown,False,,,,reference_unknown
t160-quality-20261007T013645Z-cd518eac-01-IMP-TEXT-r1,IMP-TEXT,1,assisted_corrected,1194af49-5301-51bb-a173-0e6f524ac810,ea348966-d4b8-4782-bf48-0f852e5eb851,assets,source_provided,True,True,[],[],matched
t160-quality-20261007T013645Z-cd518eac-01-IMP-TEXT-r1,IMP-TEXT,1,assisted_corrected,8e0aecaf-072d-5ed7-9b43-5d33ad202cc1,2eb1e05a-e12b-4108-be4f-f8823961c8d7,question_number,source_provided,True,True,2,2,matched
t160-quality-20261007T013645Z-cd518eac-01-IMP-TEXT-r1,IMP-TEXT,1,assisted_corrected,8e0aecaf-072d-5ed7-9b43-5d33ad202cc1,2eb1e05a-e12b-4108-be4f-f8823961c8d7,order_index,source_provided,True,True,2,2,matched
t160-quality-20261007T013645Z-cd518eac-01-IMP-TEXT-r1,IMP-TEXT,1,assisted_corrected,8e0aecaf-072d-5ed7-9b43-5d33ad202cc1,2eb1e05a-e12b-4108-be4f-f8823961c8d7,source_page_numbers,source_provided,True,True,[1],[1],matched
t160-quality-20261007T013645Z-cd518eac-01-IMP-TEXT-r1,IMP-TEXT,1,assisted_corrected,8e0aecaf-072d-5ed7-9b43-5d33ad202cc1,2eb1e05a-e12b-4108-be4f-f8823961c8d7,question_type,source_provided,True,True,TRUE_FALSE,TRUE_FALSE,matched
t160-quality-20261007T013645Z-cd518eac-01-IMP-TEXT-r1,IMP-TEXT,1,assisted_corrected,8e0aecaf-072d-5ed7-9b43-5d33ad202cc1,2eb1e05a-e12b-4108-be4f-f8823961c8d7,content,source_provided,True,True,右图三角形面积为 24 cm²。,右图三角形面积为 24 cm²。,matched
t160-quality-20261007T013645Z-cd518eac-01-IMP-TEXT-r1,IMP-TEXT,1,assisted_corrected,8e0aecaf-072d-5ed7-9b43-5d33ad202cc1,2eb1e05a-e12b-4108-be4f-f8823961c8d7,options,source_provided,True,True,"[""正确"", ""错误""]","[""正确"", ""错误""]",matched
t160-quality-20261007T013645Z-cd518eac-01-IMP-TEXT-r1,IMP-TEXT,1,assisted_corrected,8e0aecaf-072d-5ed7-9b43-5d33ad202cc1,2eb1e05a-e12b-4108-be4f-f8823961c8d7,reference_answer,known_missing,True,True,,,matched
t160-quality-20261007T013645Z-cd518eac-01-IMP-TEXT-r1,IMP-TEXT,1,assisted_corrected,8e0aecaf-072d-5ed7-9b43-5d33ad202cc1,2eb1e05a-e12b-4108-be4f-f8823961c8d7,analysis,known_missing,True,True,,,matched
t160-quality-20261007T013645Z-cd518eac-01-IMP-TEXT-r1,IMP-TEXT,1,assisted_corrected,8e0aecaf-072d-5ed7-9b43-5d33ad202cc1,2eb1e05a-e12b-4108-be4f-f8823961c8d7,score,source_provided,True,True,2.00,2.00,matched
t160-quality-20261007T013645Z-cd518eac-01-IMP-TEXT-r1,IMP-TEXT,1,assisted_corrected,8e0aecaf-072d-5ed7-9b43-5d33ad202cc1,2eb1e05a-e12b-4108-be4f-f8823961c8d7,scoring_rubric,known_missing,True,True,,,matched
t160-quality-20261007T013645Z-cd518eac-01-IMP-TEXT-r1,IMP-TEXT,1,assisted_corrected,8e0aecaf-072d-5ed7-9b43-5d33ad202cc1,2eb1e05a-e12b-4108-be4f-f8823961c8d7,knowledge_points,known_missing,True,True,[],[],matched
t160-quality-20261007T013645Z-cd518eac-01-IMP-TEXT-r1,IMP-TEXT,1,assisted_corrected,8e0aecaf-072d-5ed7-9b43-5d33ad202cc1,2eb1e05a-e12b-4108-be4f-f8823961c8d7,source_regions,unknown,False,,,,reference_unknown
t160-quality-20261007T013645Z-cd518eac-01-IMP-TEXT-r1,IMP-TEXT,1,assisted_corrected,8e0aecaf-072d-5ed7-9b43-5d33ad202cc1,2eb1e05a-e12b-4108-be4f-f8823961c8d7,assets,source_provided,True,False,"[{""asset_type"": ""figure"", ""source_page_number"": 1, ""order_index"": 1}]",,matched
t160-quality-20261007T013645Z-cd518eac-01-IMP-TEXT-r1,IMP-TEXT,1,assisted_corrected,fdef73bd-f984-58d1-8a53-3eea668a9f83,68605111-878b-453a-8e13-7156a69e347e,question_number,source_provided,True,True,3,3,matched
t160-quality-20261007T013645Z-cd518eac-01-IMP-TEXT-r1,IMP-TEXT,1,assisted_corrected,fdef73bd-f984-58d1-8a53-3eea668a9f83,68605111-878b-453a-8e13-7156a69e347e,order_index,source_provided,True,True,3,3,matched
t160-quality-20261007T013645Z-cd518eac-01-IMP-TEXT-r1,IMP-TEXT,1,assisted_corrected,fdef73bd-f984-58d1-8a53-3eea668a9f83,68605111-878b-453a-8e13-7156a69e347e,source_page_numbers,source_provided,True,True,[1],[1],matched
t160-quality-20261007T013645Z-cd518eac-01-IMP-TEXT-r1,IMP-TEXT,1,assisted_corrected,fdef73bd-f984-58d1-8a53-3eea668a9f83,68605111-878b-453a-8e13-7156a69e347e,question_type,source_provided,True,True,SHORT_ANSWER,SHORT_ANSWER,matched
t160-quality-20261007T013645Z-cd518eac-01-IMP-TEXT-r1,IMP-TEXT,1,assisted_corrected,fdef73bd-f984-58d1-8a53-3eea668a9f83,68605111-878b-453a-8e13-7156a69e347e,content,source_provided,True,True,根据下表写出 y 关于 x 的关系式。,根据下表写出 y 关于 x 的关系式。,matched
t160-quality-20261007T013645Z-cd518eac-01-IMP-TEXT-r1,IMP-TEXT,1,assisted_corrected,fdef73bd-f984-58d1-8a53-3eea668a9f83,68605111-878b-453a-8e13-7156a69e347e,options,not_applicable,True,True,,,matched
t160-quality-20261007T013645Z-cd518eac-01-IMP-TEXT-r1,IMP-TEXT,1,assisted_corrected,fdef73bd-f984-58d1-8a53-3eea668a9f83,68605111-878b-453a-8e13-7156a69e347e,reference_answer,known_missing,True,True,,,matched
t160-quality-20261007T013645Z-cd518eac-01-IMP-TEXT-r1,IMP-TEXT,1,assisted_corrected,fdef73bd-f984-58d1-8a53-3eea668a9f83,68605111-878b-453a-8e13-7156a69e347e,analysis,known_missing,True,True,,,matched
t160-quality-20261007T013645Z-cd518eac-01-IMP-TEXT-r1,IMP-TEXT,1,assisted_corrected,fdef73bd-f984-58d1-8a53-3eea668a9f83,68605111-878b-453a-8e13-7156a69e347e,score,source_provided,True,True,3.00,3.00,matched
t160-quality-20261007T013645Z-cd518eac-01-IMP-TEXT-r1,IMP-TEXT,1,assisted_corrected,fdef73bd-f984-58d1-8a53-3eea668a9f83,68605111-878b-453a-8e13-7156a69e347e,scoring_rubric,source_provided,True,True,正确关系式 1.00；说明代入过程 2.00。,正确关系式 1.00；说明代入过程 2.00。,matched
t160-quality-20261007T013645Z-cd518eac-01-IMP-TEXT-r1,IMP-TEXT,1,assisted_corrected,fdef73bd-f984-58d1-8a53-3eea668a9f83,68605111-878b-453a-8e13-7156a69e347e,knowledge_points,source_provided,True,True,"[""一次函数"", ""表达与计算""]","[""一次函数"", ""表达与计算""]",matched
t160-quality-20261007T013645Z-cd518eac-01-IMP-TEXT-r1,IMP-TEXT,1,assisted_corrected,fdef73bd-f984-58d1-8a53-3eea668a9f83,68605111-878b-453a-8e13-7156a69e347e,source_regions,unknown,False,,,,reference_unknown
t160-quality-20261007T013645Z-cd518eac-01-IMP-TEXT-r1,IMP-TEXT,1,assisted_corrected,fdef73bd-f984-58d1-8a53-3eea668a9f83,68605111-878b-453a-8e13-7156a69e347e,assets,source_provided,True,False,"[{""asset_type"": ""table"", ""source_page_number"": 1, ""order_index"": 1}]",,matched
t160-quality-20261007T013645Z-cd518eac-02-IMP-TEXT-r2,IMP-TEXT,2,automatic,1194af49-5301-51bb-a173-0e6f524ac810,a4a9d5b2-3fc7-49c3-95b0-df6e97742d25,question_number,source_provided,True,True,1,1,matched
t160-quality-20261007T013645Z-cd518eac-02-IMP-TEXT-r2,IMP-TEXT,2,automatic,1194af49-5301-51bb-a173-0e6f524ac810,a4a9d5b2-3fc7-49c3-95b0-df6e97742d25,order_index,source_provided,True,True,1,1,matched
t160-quality-20261007T013645Z-cd518eac-02-IMP-TEXT-r2,IMP-TEXT,2,automatic,1194af49-5301-51bb-a173-0e6f524ac810,a4a9d5b2-3fc7-49c3-95b0-df6e97742d25,source_page_numbers,source_provided,True,True,[1],[1],matched
t160-quality-20261007T013645Z-cd518eac-02-IMP-TEXT-r2,IMP-TEXT,2,automatic,1194af49-5301-51bb-a173-0e6f524ac810,a4a9d5b2-3fc7-49c3-95b0-df6e97742d25,question_type,source_provided,True,True,SINGLE_CHOICE,SINGLE_CHOICE,matched
t160-quality-20261007T013645Z-cd518eac-02-IMP-TEXT-r2,IMP-TEXT,2,automatic,1194af49-5301-51bb-a173-0e6f524ac810,a4a9d5b2-3fc7-49c3-95b0-df6e97742d25,content,source_provided,True,True,y = 2x + 1，x = 3 时 y 为多少？,y = 2x + 1，x = 3 时 y 为多少？,matched
t160-quality-20261007T013645Z-cd518eac-02-IMP-TEXT-r2,IMP-TEXT,2,automatic,1194af49-5301-51bb-a173-0e6f524ac810,a4a9d5b2-3fc7-49c3-95b0-df6e97742d25,options,source_provided,True,True,"{""C"": ""7"", ""A"": ""5"", ""B"": ""6"", ""D"": ""8""}","{""C"": ""7"", ""A"": ""5"", ""B"": ""6"", ""D"": ""8""}",matched
t160-quality-20261007T013645Z-cd518eac-02-IMP-TEXT-r2,IMP-TEXT,2,automatic,1194af49-5301-51bb-a173-0e6f524ac810,a4a9d5b2-3fc7-49c3-95b0-df6e97742d25,reference_answer,source_provided,True,True,C,C,matched
t160-quality-20261007T013645Z-cd518eac-02-IMP-TEXT-r2,IMP-TEXT,2,automatic,1194af49-5301-51bb-a173-0e6f524ac810,a4a9d5b2-3fc7-49c3-95b0-df6e97742d25,analysis,source_provided,True,True,2 × 3 + 1 = 7。,2 × 3 + 1 = 7。,matched
t160-quality-20261007T013645Z-cd518eac-02-IMP-TEXT-r2,IMP-TEXT,2,automatic,1194af49-5301-51bb-a173-0e6f524ac810,a4a9d5b2-3fc7-49c3-95b0-df6e97742d25,score,source_provided,True,True,2.00,2.00,matched
t160-quality-20261007T013645Z-cd518eac-02-IMP-TEXT-r2,IMP-TEXT,2,automatic,1194af49-5301-51bb-a173-0e6f524ac810,a4a9d5b2-3fc7-49c3-95b0-df6e97742d25,scoring_rubric,known_missing,True,True,,,matched
t160-quality-20261007T013645Z-cd518eac-02-IMP-TEXT-r2,IMP-TEXT,2,automatic,1194af49-5301-51bb-a173-0e6f524ac810,a4a9d5b2-3fc7-49c3-95b0-df6e97742d25,knowledge_points,known_missing,True,True,[],[],matched
t160-quality-20261007T013645Z-cd518eac-02-IMP-TEXT-r2,IMP-TEXT,2,automatic,1194af49-5301-51bb-a173-0e6f524ac810,a4a9d5b2-3fc7-49c3-95b0-df6e97742d25,source_regions,unknown,False,,,,reference_unknown
t160-quality-20261007T013645Z-cd518eac-02-IMP-TEXT-r2,IMP-TEXT,2,automatic,1194af49-5301-51bb-a173-0e6f524ac810,a4a9d5b2-3fc7-49c3-95b0-df6e97742d25,assets,source_provided,True,False,[],,matched
t160-quality-20261007T013645Z-cd518eac-02-IMP-TEXT-r2,IMP-TEXT,2,automatic,8e0aecaf-072d-5ed7-9b43-5d33ad202cc1,b8319f17-d4bd-4ce4-adc2-f6a0866a93be,question_number,source_provided,True,True,2,2,matched
t160-quality-20261007T013645Z-cd518eac-02-IMP-TEXT-r2,IMP-TEXT,2,automatic,8e0aecaf-072d-5ed7-9b43-5d33ad202cc1,b8319f17-d4bd-4ce4-adc2-f6a0866a93be,order_index,source_provided,True,True,2,2,matched
t160-quality-20261007T013645Z-cd518eac-02-IMP-TEXT-r2,IMP-TEXT,2,automatic,8e0aecaf-072d-5ed7-9b43-5d33ad202cc1,b8319f17-d4bd-4ce4-adc2-f6a0866a93be,source_page_numbers,source_provided,True,True,[1],[1],matched
t160-quality-20261007T013645Z-cd518eac-02-IMP-TEXT-r2,IMP-TEXT,2,automatic,8e0aecaf-072d-5ed7-9b43-5d33ad202cc1,b8319f17-d4bd-4ce4-adc2-f6a0866a93be,question_type,source_provided,True,True,TRUE_FALSE,TRUE_FALSE,matched
t160-quality-20261007T013645Z-cd518eac-02-IMP-TEXT-r2,IMP-TEXT,2,automatic,8e0aecaf-072d-5ed7-9b43-5d33ad202cc1,b8319f17-d4bd-4ce4-adc2-f6a0866a93be,content,source_provided,True,True,右图三角形面积为 24 cm²。,右图三角形面积为 24 cm²。,matched
t160-quality-20261007T013645Z-cd518eac-02-IMP-TEXT-r2,IMP-TEXT,2,automatic,8e0aecaf-072d-5ed7-9b43-5d33ad202cc1,b8319f17-d4bd-4ce4-adc2-f6a0866a93be,options,source_provided,True,True,"[""正确"", ""错误""]","[""正确"", ""错误""]",matched
t160-quality-20261007T013645Z-cd518eac-02-IMP-TEXT-r2,IMP-TEXT,2,automatic,8e0aecaf-072d-5ed7-9b43-5d33ad202cc1,b8319f17-d4bd-4ce4-adc2-f6a0866a93be,reference_answer,known_missing,True,True,,,matched
t160-quality-20261007T013645Z-cd518eac-02-IMP-TEXT-r2,IMP-TEXT,2,automatic,8e0aecaf-072d-5ed7-9b43-5d33ad202cc1,b8319f17-d4bd-4ce4-adc2-f6a0866a93be,analysis,known_missing,True,True,,,matched
t160-quality-20261007T013645Z-cd518eac-02-IMP-TEXT-r2,IMP-TEXT,2,automatic,8e0aecaf-072d-5ed7-9b43-5d33ad202cc1,b8319f17-d4bd-4ce4-adc2-f6a0866a93be,score,source_provided,True,True,2.00,2.00,matched
t160-quality-20261007T013645Z-cd518eac-02-IMP-TEXT-r2,IMP-TEXT,2,automatic,8e0aecaf-072d-5ed7-9b43-5d33ad202cc1,b8319f17-d4bd-4ce4-adc2-f6a0866a93be,scoring_rubric,known_missing,True,True,,,matched
t160-quality-20261007T013645Z-cd518eac-02-IMP-TEXT-r2,IMP-TEXT,2,automatic,8e0aecaf-072d-5ed7-9b43-5d33ad202cc1,b8319f17-d4bd-4ce4-adc2-f6a0866a93be,knowledge_points,known_missing,True,True,[],[],matched
t160-quality-20261007T013645Z-cd518eac-02-IMP-TEXT-r2,IMP-TEXT,2,automatic,8e0aecaf-072d-5ed7-9b43-5d33ad202cc1,b8319f17-d4bd-4ce4-adc2-f6a0866a93be,source_regions,unknown,False,,,,reference_unknown
t160-quality-20261007T013645Z-cd518eac-02-IMP-TEXT-r2,IMP-TEXT,2,automatic,8e0aecaf-072d-5ed7-9b43-5d33ad202cc1,b8319f17-d4bd-4ce4-adc2-f6a0866a93be,assets,source_provided,True,False,"[{""asset_type"": ""figure"", ""source_page_number"": 1, ""order_index"": 1}]",,matched
t160-quality-20261007T013645Z-cd518eac-02-IMP-TEXT-r2,IMP-TEXT,2,automatic,fdef73bd-f984-58d1-8a53-3eea668a9f83,54fbac88-9fe3-4b81-83b2-11d6327acaf9,question_number,source_provided,True,True,3,3,matched
t160-quality-20261007T013645Z-cd518eac-02-IMP-TEXT-r2,IMP-TEXT,2,automatic,fdef73bd-f984-58d1-8a53-3eea668a9f83,54fbac88-9fe3-4b81-83b2-11d6327acaf9,order_index,source_provided,True,True,3,3,matched
t160-quality-20261007T013645Z-cd518eac-02-IMP-TEXT-r2,IMP-TEXT,2,automatic,fdef73bd-f984-58d1-8a53-3eea668a9f83,54fbac88-9fe3-4b81-83b2-11d6327acaf9,source_page_numbers,source_provided,True,True,[1],[1],matched
t160-quality-20261007T013645Z-cd518eac-02-IMP-TEXT-r2,IMP-TEXT,2,automatic,fdef73bd-f984-58d1-8a53-3eea668a9f83,54fbac88-9fe3-4b81-83b2-11d6327acaf9,question_type,source_provided,True,True,SHORT_ANSWER,SHORT_ANSWER,matched
t160-quality-20261007T013645Z-cd518eac-02-IMP-TEXT-r2,IMP-TEXT,2,automatic,fdef73bd-f984-58d1-8a53-3eea668a9f83,54fbac88-9fe3-4b81-83b2-11d6327acaf9,content,source_provided,True,True,根据下表写出 y 关于 x 的关系式。,根据下表写出 y 关于 x 的关系式。,matched
t160-quality-20261007T013645Z-cd518eac-02-IMP-TEXT-r2,IMP-TEXT,2,automatic,fdef73bd-f984-58d1-8a53-3eea668a9f83,54fbac88-9fe3-4b81-83b2-11d6327acaf9,options,not_applicable,True,True,,,matched
t160-quality-20261007T013645Z-cd518eac-02-IMP-TEXT-r2,IMP-TEXT,2,automatic,fdef73bd-f984-58d1-8a53-3eea668a9f83,54fbac88-9fe3-4b81-83b2-11d6327acaf9,reference_answer,known_missing,True,True,,,matched
t160-quality-20261007T013645Z-cd518eac-02-IMP-TEXT-r2,IMP-TEXT,2,automatic,fdef73bd-f984-58d1-8a53-3eea668a9f83,54fbac88-9fe3-4b81-83b2-11d6327acaf9,analysis,known_missing,True,True,,,matched
t160-quality-20261007T013645Z-cd518eac-02-IMP-TEXT-r2,IMP-TEXT,2,automatic,fdef73bd-f984-58d1-8a53-3eea668a9f83,54fbac88-9fe3-4b81-83b2-11d6327acaf9,score,source_provided,True,True,3.00,3.00,matched
t160-quality-20261007T013645Z-cd518eac-02-IMP-TEXT-r2,IMP-TEXT,2,automatic,fdef73bd-f984-58d1-8a53-3eea668a9f83,54fbac88-9fe3-4b81-83b2-11d6327acaf9,scoring_rubric,source_provided,True,True,正确关系式 1.00；说明代入过程 2.00。,正确关系式 1.00；说明代入过程 2.00。,matched
t160-quality-20261007T013645Z-cd518eac-02-IMP-TEXT-r2,IMP-TEXT,2,automatic,fdef73bd-f984-58d1-8a53-3eea668a9f83,54fbac88-9fe3-4b81-83b2-11d6327acaf9,knowledge_points,source_provided,True,True,"[""一次函数"", ""表达与计算""]","[""一次函数"", ""表达与计算""]",matched
t160-quality-20261007T013645Z-cd518eac-02-IMP-TEXT-r2,IMP-TEXT,2,automatic,fdef73bd-f984-58d1-8a53-3eea668a9f83,54fbac88-9fe3-4b81-83b2-11d6327acaf9,source_regions,unknown,False,,,,reference_unknown
t160-quality-20261007T013645Z-cd518eac-02-IMP-TEXT-r2,IMP-TEXT,2,automatic,fdef73bd-f984-58d1-8a53-3eea668a9f83,54fbac88-9fe3-4b81-83b2-11d6327acaf9,assets,source_provided,True,False,"[{""asset_type"": ""table"", ""source_page_number"": 1, ""order_index"": 1}]",,matched
t160-quality-20261007T013645Z-cd518eac-02-IMP-TEXT-r2,IMP-TEXT,2,assisted_corrected,1194af49-5301-51bb-a173-0e6f524ac810,a4a9d5b2-3fc7-49c3-95b0-df6e97742d25,question_number,source_provided,True,True,1,1,matched
t160-quality-20261007T013645Z-cd518eac-02-IMP-TEXT-r2,IMP-TEXT,2,assisted_corrected,1194af49-5301-51bb-a173-0e6f524ac810,a4a9d5b2-3fc7-49c3-95b0-df6e97742d25,order_index,source_provided,True,True,1,1,matched
t160-quality-20261007T013645Z-cd518eac-02-IMP-TEXT-r2,IMP-TEXT,2,assisted_corrected,1194af49-5301-51bb-a173-0e6f524ac810,a4a9d5b2-3fc7-49c3-95b0-df6e97742d25,source_page_numbers,source_provided,True,True,[1],[1],matched
t160-quality-20261007T013645Z-cd518eac-02-IMP-TEXT-r2,IMP-TEXT,2,assisted_corrected,1194af49-5301-51bb-a173-0e6f524ac810,a4a9d5b2-3fc7-49c3-95b0-df6e97742d25,question_type,source_provided,True,True,SINGLE_CHOICE,SINGLE_CHOICE,matched
t160-quality-20261007T013645Z-cd518eac-02-IMP-TEXT-r2,IMP-TEXT,2,assisted_corrected,1194af49-5301-51bb-a173-0e6f524ac810,a4a9d5b2-3fc7-49c3-95b0-df6e97742d25,content,source_provided,True,True,y = 2x + 1，x = 3 时 y 为多少？,y = 2x + 1，x = 3 时 y 为多少？,matched
t160-quality-20261007T013645Z-cd518eac-02-IMP-TEXT-r2,IMP-TEXT,2,assisted_corrected,1194af49-5301-51bb-a173-0e6f524ac810,a4a9d5b2-3fc7-49c3-95b0-df6e97742d25,options,source_provided,True,True,"{""C"": ""7"", ""A"": ""5"", ""B"": ""6"", ""D"": ""8""}","{""C"": ""7"", ""A"": ""5"", ""B"": ""6"", ""D"": ""8""}",matched
t160-quality-20261007T013645Z-cd518eac-02-IMP-TEXT-r2,IMP-TEXT,2,assisted_corrected,1194af49-5301-51bb-a173-0e6f524ac810,a4a9d5b2-3fc7-49c3-95b0-df6e97742d25,reference_answer,source_provided,True,True,C,C,matched
t160-quality-20261007T013645Z-cd518eac-02-IMP-TEXT-r2,IMP-TEXT,2,assisted_corrected,1194af49-5301-51bb-a173-0e6f524ac810,a4a9d5b2-3fc7-49c3-95b0-df6e97742d25,analysis,source_provided,True,True,2 × 3 + 1 = 7。,2 × 3 + 1 = 7。,matched
t160-quality-20261007T013645Z-cd518eac-02-IMP-TEXT-r2,IMP-TEXT,2,assisted_corrected,1194af49-5301-51bb-a173-0e6f524ac810,a4a9d5b2-3fc7-49c3-95b0-df6e97742d25,score,source_provided,True,True,2.00,2.00,matched
t160-quality-20261007T013645Z-cd518eac-02-IMP-TEXT-r2,IMP-TEXT,2,assisted_corrected,1194af49-5301-51bb-a173-0e6f524ac810,a4a9d5b2-3fc7-49c3-95b0-df6e97742d25,scoring_rubric,known_missing,True,True,,,matched
t160-quality-20261007T013645Z-cd518eac-02-IMP-TEXT-r2,IMP-TEXT,2,assisted_corrected,1194af49-5301-51bb-a173-0e6f524ac810,a4a9d5b2-3fc7-49c3-95b0-df6e97742d25,knowledge_points,known_missing,True,True,[],[],matched
t160-quality-20261007T013645Z-cd518eac-02-IMP-TEXT-r2,IMP-TEXT,2,assisted_corrected,1194af49-5301-51bb-a173-0e6f524ac810,a4a9d5b2-3fc7-49c3-95b0-df6e97742d25,source_regions,unknown,False,,,,reference_unknown
t160-quality-20261007T013645Z-cd518eac-02-IMP-TEXT-r2,IMP-TEXT,2,assisted_corrected,1194af49-5301-51bb-a173-0e6f524ac810,a4a9d5b2-3fc7-49c3-95b0-df6e97742d25,assets,source_provided,True,True,[],[],matched
t160-quality-20261007T013645Z-cd518eac-02-IMP-TEXT-r2,IMP-TEXT,2,assisted_corrected,8e0aecaf-072d-5ed7-9b43-5d33ad202cc1,b8319f17-d4bd-4ce4-adc2-f6a0866a93be,question_number,source_provided,True,True,2,2,matched
t160-quality-20261007T013645Z-cd518eac-02-IMP-TEXT-r2,IMP-TEXT,2,assisted_corrected,8e0aecaf-072d-5ed7-9b43-5d33ad202cc1,b8319f17-d4bd-4ce4-adc2-f6a0866a93be,order_index,source_provided,True,True,2,2,matched
t160-quality-20261007T013645Z-cd518eac-02-IMP-TEXT-r2,IMP-TEXT,2,assisted_corrected,8e0aecaf-072d-5ed7-9b43-5d33ad202cc1,b8319f17-d4bd-4ce4-adc2-f6a0866a93be,source_page_numbers,source_provided,True,True,[1],[1],matched
t160-quality-20261007T013645Z-cd518eac-02-IMP-TEXT-r2,IMP-TEXT,2,assisted_corrected,8e0aecaf-072d-5ed7-9b43-5d33ad202cc1,b8319f17-d4bd-4ce4-adc2-f6a0866a93be,question_type,source_provided,True,True,TRUE_FALSE,TRUE_FALSE,matched
t160-quality-20261007T013645Z-cd518eac-02-IMP-TEXT-r2,IMP-TEXT,2,assisted_corrected,8e0aecaf-072d-5ed7-9b43-5d33ad202cc1,b8319f17-d4bd-4ce4-adc2-f6a0866a93be,content,source_provided,True,True,右图三角形面积为 24 cm²。,右图三角形面积为 24 cm²。,matched
t160-quality-20261007T013645Z-cd518eac-02-IMP-TEXT-r2,IMP-TEXT,2,assisted_corrected,8e0aecaf-072d-5ed7-9b43-5d33ad202cc1,b8319f17-d4bd-4ce4-adc2-f6a0866a93be,options,source_provided,True,True,"[""正确"", ""错误""]","[""正确"", ""错误""]",matched
t160-quality-20261007T013645Z-cd518eac-02-IMP-TEXT-r2,IMP-TEXT,2,assisted_corrected,8e0aecaf-072d-5ed7-9b43-5d33ad202cc1,b8319f17-d4bd-4ce4-adc2-f6a0866a93be,reference_answer,known_missing,True,True,,,matched
t160-quality-20261007T013645Z-cd518eac-02-IMP-TEXT-r2,IMP-TEXT,2,assisted_corrected,8e0aecaf-072d-5ed7-9b43-5d33ad202cc1,b8319f17-d4bd-4ce4-adc2-f6a0866a93be,analysis,known_missing,True,True,,,matched
t160-quality-20261007T013645Z-cd518eac-02-IMP-TEXT-r2,IMP-TEXT,2,assisted_corrected,8e0aecaf-072d-5ed7-9b43-5d33ad202cc1,b8319f17-d4bd-4ce4-adc2-f6a0866a93be,score,source_provided,True,True,2.00,2.00,matched
t160-quality-20261007T013645Z-cd518eac-02-IMP-TEXT-r2,IMP-TEXT,2,assisted_corrected,8e0aecaf-072d-5ed7-9b43-5d33ad202cc1,b8319f17-d4bd-4ce4-adc2-f6a0866a93be,scoring_rubric,known_missing,True,True,,,matched
t160-quality-20261007T013645Z-cd518eac-02-IMP-TEXT-r2,IMP-TEXT,2,assisted_corrected,8e0aecaf-072d-5ed7-9b43-5d33ad202cc1,b8319f17-d4bd-4ce4-adc2-f6a0866a93be,knowledge_points,known_missing,True,True,[],[],matched
t160-quality-20261007T013645Z-cd518eac-02-IMP-TEXT-r2,IMP-TEXT,2,assisted_corrected,8e0aecaf-072d-5ed7-9b43-5d33ad202cc1,b8319f17-d4bd-4ce4-adc2-f6a0866a93be,source_regions,unknown,False,,,,reference_unknown
t160-quality-20261007T013645Z-cd518eac-02-IMP-TEXT-r2,IMP-TEXT,2,assisted_corrected,8e0aecaf-072d-5ed7-9b43-5d33ad202cc1,b8319f17-d4bd-4ce4-adc2-f6a0866a93be,assets,source_provided,True,False,"[{""asset_type"": ""figure"", ""source_page_number"": 1, ""order_index"": 1}]",,matched
t160-quality-20261007T013645Z-cd518eac-02-IMP-TEXT-r2,IMP-TEXT,2,assisted_corrected,fdef73bd-f984-58d1-8a53-3eea668a9f83,54fbac88-9fe3-4b81-83b2-11d6327acaf9,question_number,source_provided,True,True,3,3,matched
t160-quality-20261007T013645Z-cd518eac-02-IMP-TEXT-r2,IMP-TEXT,2,assisted_corrected,fdef73bd-f984-58d1-8a53-3eea668a9f83,54fbac88-9fe3-4b81-83b2-11d6327acaf9,order_index,source_provided,True,True,3,3,matched
t160-quality-20261007T013645Z-cd518eac-02-IMP-TEXT-r2,IMP-TEXT,2,assisted_corrected,fdef73bd-f984-58d1-8a53-3eea668a9f83,54fbac88-9fe3-4b81-83b2-11d6327acaf9,source_page_numbers,source_provided,True,True,[1],[1],matched
t160-quality-20261007T013645Z-cd518eac-02-IMP-TEXT-r2,IMP-TEXT,2,assisted_corrected,fdef73bd-f984-58d1-8a53-3eea668a9f83,54fbac88-9fe3-4b81-83b2-11d6327acaf9,question_type,source_provided,True,True,SHORT_ANSWER,SHORT_ANSWER,matched
t160-quality-20261007T013645Z-cd518eac-02-IMP-TEXT-r2,IMP-TEXT,2,assisted_corrected,fdef73bd-f984-58d1-8a53-3eea668a9f83,54fbac88-9fe3-4b81-83b2-11d6327acaf9,content,source_provided,True,True,根据下表写出 y 关于 x 的关系式。,根据下表写出 y 关于 x 的关系式。,matched
t160-quality-20261007T013645Z-cd518eac-02-IMP-TEXT-r2,IMP-TEXT,2,assisted_corrected,fdef73bd-f984-58d1-8a53-3eea668a9f83,54fbac88-9fe3-4b81-83b2-11d6327acaf9,options,not_applicable,True,True,,,matched
t160-quality-20261007T013645Z-cd518eac-02-IMP-TEXT-r2,IMP-TEXT,2,assisted_corrected,fdef73bd-f984-58d1-8a53-3eea668a9f83,54fbac88-9fe3-4b81-83b2-11d6327acaf9,reference_answer,known_missing,True,True,,,matched
t160-quality-20261007T013645Z-cd518eac-02-IMP-TEXT-r2,IMP-TEXT,2,assisted_corrected,fdef73bd-f984-58d1-8a53-3eea668a9f83,54fbac88-9fe3-4b81-83b2-11d6327acaf9,analysis,known_missing,True,True,,,matched
t160-quality-20261007T013645Z-cd518eac-02-IMP-TEXT-r2,IMP-TEXT,2,assisted_corrected,fdef73bd-f984-58d1-8a53-3eea668a9f83,54fbac88-9fe3-4b81-83b2-11d6327acaf9,score,source_provided,True,True,3.00,3.00,matched
t160-quality-20261007T013645Z-cd518eac-02-IMP-TEXT-r2,IMP-TEXT,2,assisted_corrected,fdef73bd-f984-58d1-8a53-3eea668a9f83,54fbac88-9fe3-4b81-83b2-11d6327acaf9,scoring_rubric,source_provided,True,True,正确关系式 1.00；说明代入过程 2.00。,正确关系式 1.00；说明代入过程 2.00。,matched
t160-quality-20261007T013645Z-cd518eac-02-IMP-TEXT-r2,IMP-TEXT,2,assisted_corrected,fdef73bd-f984-58d1-8a53-3eea668a9f83,54fbac88-9fe3-4b81-83b2-11d6327acaf9,knowledge_points,source_provided,True,True,"[""一次函数"", ""表达与计算""]","[""一次函数"", ""表达与计算""]",matched
t160-quality-20261007T013645Z-cd518eac-02-IMP-TEXT-r2,IMP-TEXT,2,assisted_corrected,fdef73bd-f984-58d1-8a53-3eea668a9f83,54fbac88-9fe3-4b81-83b2-11d6327acaf9,source_regions,unknown,False,,,,reference_unknown
t160-quality-20261007T013645Z-cd518eac-02-IMP-TEXT-r2,IMP-TEXT,2,assisted_corrected,fdef73bd-f984-58d1-8a53-3eea668a9f83,54fbac88-9fe3-4b81-83b2-11d6327acaf9,assets,source_provided,True,False,"[{""asset_type"": ""table"", ""source_page_number"": 1, ""order_index"": 1}]",,matched
t160-quality-20261007T013645Z-cd518eac-03-IMP-TEXT-r3,IMP-TEXT,3,automatic,1194af49-5301-51bb-a173-0e6f524ac810,9415f6c6-4b2a-4384-98ff-f3f6f7e0dbde,question_number,source_provided,True,True,1,1,matched
t160-quality-20261007T013645Z-cd518eac-03-IMP-TEXT-r3,IMP-TEXT,3,automatic,1194af49-5301-51bb-a173-0e6f524ac810,9415f6c6-4b2a-4384-98ff-f3f6f7e0dbde,order_index,source_provided,True,True,1,1,matched
t160-quality-20261007T013645Z-cd518eac-03-IMP-TEXT-r3,IMP-TEXT,3,automatic,1194af49-5301-51bb-a173-0e6f524ac810,9415f6c6-4b2a-4384-98ff-f3f6f7e0dbde,source_page_numbers,source_provided,True,True,[1],[1],matched
t160-quality-20261007T013645Z-cd518eac-03-IMP-TEXT-r3,IMP-TEXT,3,automatic,1194af49-5301-51bb-a173-0e6f524ac810,9415f6c6-4b2a-4384-98ff-f3f6f7e0dbde,question_type,source_provided,True,True,SINGLE_CHOICE,SINGLE_CHOICE,matched
t160-quality-20261007T013645Z-cd518eac-03-IMP-TEXT-r3,IMP-TEXT,3,automatic,1194af49-5301-51bb-a173-0e6f524ac810,9415f6c6-4b2a-4384-98ff-f3f6f7e0dbde,content,source_provided,True,True,y = 2x + 1，x = 3 时 y 为多少？,y = 2x + 1，x = 3 时 y 为多少？,matched
t160-quality-20261007T013645Z-cd518eac-03-IMP-TEXT-r3,IMP-TEXT,3,automatic,1194af49-5301-51bb-a173-0e6f524ac810,9415f6c6-4b2a-4384-98ff-f3f6f7e0dbde,options,source_provided,True,True,"{""C"": ""7"", ""A"": ""5"", ""B"": ""6"", ""D"": ""8""}","{""C"": ""7"", ""A"": ""5"", ""B"": ""6"", ""D"": ""8""}",matched
t160-quality-20261007T013645Z-cd518eac-03-IMP-TEXT-r3,IMP-TEXT,3,automatic,1194af49-5301-51bb-a173-0e6f524ac810,9415f6c6-4b2a-4384-98ff-f3f6f7e0dbde,reference_answer,source_provided,True,True,C,C,matched
t160-quality-20261007T013645Z-cd518eac-03-IMP-TEXT-r3,IMP-TEXT,3,automatic,1194af49-5301-51bb-a173-0e6f524ac810,9415f6c6-4b2a-4384-98ff-f3f6f7e0dbde,analysis,source_provided,True,True,2 × 3 + 1 = 7。,2 × 3 + 1 = 7。,matched
t160-quality-20261007T013645Z-cd518eac-03-IMP-TEXT-r3,IMP-TEXT,3,automatic,1194af49-5301-51bb-a173-0e6f524ac810,9415f6c6-4b2a-4384-98ff-f3f6f7e0dbde,score,source_provided,True,True,2.00,2.00,matched
t160-quality-20261007T013645Z-cd518eac-03-IMP-TEXT-r3,IMP-TEXT,3,automatic,1194af49-5301-51bb-a173-0e6f524ac810,9415f6c6-4b2a-4384-98ff-f3f6f7e0dbde,scoring_rubric,known_missing,True,True,,,matched
t160-quality-20261007T013645Z-cd518eac-03-IMP-TEXT-r3,IMP-TEXT,3,automatic,1194af49-5301-51bb-a173-0e6f524ac810,9415f6c6-4b2a-4384-98ff-f3f6f7e0dbde,knowledge_points,known_missing,True,True,[],[],matched
t160-quality-20261007T013645Z-cd518eac-03-IMP-TEXT-r3,IMP-TEXT,3,automatic,1194af49-5301-51bb-a173-0e6f524ac810,9415f6c6-4b2a-4384-98ff-f3f6f7e0dbde,source_regions,unknown,False,,,,reference_unknown
t160-quality-20261007T013645Z-cd518eac-03-IMP-TEXT-r3,IMP-TEXT,3,automatic,1194af49-5301-51bb-a173-0e6f524ac810,9415f6c6-4b2a-4384-98ff-f3f6f7e0dbde,assets,source_provided,True,False,[],,matched
t160-quality-20261007T013645Z-cd518eac-03-IMP-TEXT-r3,IMP-TEXT,3,automatic,8e0aecaf-072d-5ed7-9b43-5d33ad202cc1,db0da665-f0a8-48d5-8ca1-25289978fcaa,question_number,source_provided,True,True,2,2,matched
t160-quality-20261007T013645Z-cd518eac-03-IMP-TEXT-r3,IMP-TEXT,3,automatic,8e0aecaf-072d-5ed7-9b43-5d33ad202cc1,db0da665-f0a8-48d5-8ca1-25289978fcaa,order_index,source_provided,True,True,2,2,matched
t160-quality-20261007T013645Z-cd518eac-03-IMP-TEXT-r3,IMP-TEXT,3,automatic,8e0aecaf-072d-5ed7-9b43-5d33ad202cc1,db0da665-f0a8-48d5-8ca1-25289978fcaa,source_page_numbers,source_provided,True,True,[1],[1],matched
t160-quality-20261007T013645Z-cd518eac-03-IMP-TEXT-r3,IMP-TEXT,3,automatic,8e0aecaf-072d-5ed7-9b43-5d33ad202cc1,db0da665-f0a8-48d5-8ca1-25289978fcaa,question_type,source_provided,True,True,TRUE_FALSE,TRUE_FALSE,matched
t160-quality-20261007T013645Z-cd518eac-03-IMP-TEXT-r3,IMP-TEXT,3,automatic,8e0aecaf-072d-5ed7-9b43-5d33ad202cc1,db0da665-f0a8-48d5-8ca1-25289978fcaa,content,source_provided,True,True,右图三角形面积为 24 cm²。,右图三角形面积为 24 cm²。,matched
t160-quality-20261007T013645Z-cd518eac-03-IMP-TEXT-r3,IMP-TEXT,3,automatic,8e0aecaf-072d-5ed7-9b43-5d33ad202cc1,db0da665-f0a8-48d5-8ca1-25289978fcaa,options,source_provided,True,True,"[""正确"", ""错误""]","[""正确"", ""错误""]",matched
t160-quality-20261007T013645Z-cd518eac-03-IMP-TEXT-r3,IMP-TEXT,3,automatic,8e0aecaf-072d-5ed7-9b43-5d33ad202cc1,db0da665-f0a8-48d5-8ca1-25289978fcaa,reference_answer,known_missing,True,True,,,matched
t160-quality-20261007T013645Z-cd518eac-03-IMP-TEXT-r3,IMP-TEXT,3,automatic,8e0aecaf-072d-5ed7-9b43-5d33ad202cc1,db0da665-f0a8-48d5-8ca1-25289978fcaa,analysis,known_missing,True,True,,,matched
t160-quality-20261007T013645Z-cd518eac-03-IMP-TEXT-r3,IMP-TEXT,3,automatic,8e0aecaf-072d-5ed7-9b43-5d33ad202cc1,db0da665-f0a8-48d5-8ca1-25289978fcaa,score,source_provided,True,True,2.00,2.00,matched
t160-quality-20261007T013645Z-cd518eac-03-IMP-TEXT-r3,IMP-TEXT,3,automatic,8e0aecaf-072d-5ed7-9b43-5d33ad202cc1,db0da665-f0a8-48d5-8ca1-25289978fcaa,scoring_rubric,known_missing,True,True,,,matched
t160-quality-20261007T013645Z-cd518eac-03-IMP-TEXT-r3,IMP-TEXT,3,automatic,8e0aecaf-072d-5ed7-9b43-5d33ad202cc1,db0da665-f0a8-48d5-8ca1-25289978fcaa,knowledge_points,known_missing,True,True,[],[],matched
t160-quality-20261007T013645Z-cd518eac-03-IMP-TEXT-r3,IMP-TEXT,3,automatic,8e0aecaf-072d-5ed7-9b43-5d33ad202cc1,db0da665-f0a8-48d5-8ca1-25289978fcaa,source_regions,unknown,False,,,,reference_unknown
t160-quality-20261007T013645Z-cd518eac-03-IMP-TEXT-r3,IMP-TEXT,3,automatic,8e0aecaf-072d-5ed7-9b43-5d33ad202cc1,db0da665-f0a8-48d5-8ca1-25289978fcaa,assets,source_provided,True,False,"[{""asset_type"": ""figure"", ""source_page_number"": 1, ""order_index"": 1}]",,matched
t160-quality-20261007T013645Z-cd518eac-03-IMP-TEXT-r3,IMP-TEXT,3,automatic,fdef73bd-f984-58d1-8a53-3eea668a9f83,57b38b5d-9eab-4af2-84bc-ae4239a7d007,question_number,source_provided,True,True,3,3,matched
t160-quality-20261007T013645Z-cd518eac-03-IMP-TEXT-r3,IMP-TEXT,3,automatic,fdef73bd-f984-58d1-8a53-3eea668a9f83,57b38b5d-9eab-4af2-84bc-ae4239a7d007,order_index,source_provided,True,True,3,3,matched
t160-quality-20261007T013645Z-cd518eac-03-IMP-TEXT-r3,IMP-TEXT,3,automatic,fdef73bd-f984-58d1-8a53-3eea668a9f83,57b38b5d-9eab-4af2-84bc-ae4239a7d007,source_page_numbers,source_provided,True,True,[1],[1],matched
t160-quality-20261007T013645Z-cd518eac-03-IMP-TEXT-r3,IMP-TEXT,3,automatic,fdef73bd-f984-58d1-8a53-3eea668a9f83,57b38b5d-9eab-4af2-84bc-ae4239a7d007,question_type,source_provided,True,True,SHORT_ANSWER,SHORT_ANSWER,matched
t160-quality-20261007T013645Z-cd518eac-03-IMP-TEXT-r3,IMP-TEXT,3,automatic,fdef73bd-f984-58d1-8a53-3eea668a9f83,57b38b5d-9eab-4af2-84bc-ae4239a7d007,content,source_provided,True,True,根据下表写出 y 关于 x 的关系式。,根据下表写出 y 关于 x 的关系式。,matched
t160-quality-20261007T013645Z-cd518eac-03-IMP-TEXT-r3,IMP-TEXT,3,automatic,fdef73bd-f984-58d1-8a53-3eea668a9f83,57b38b5d-9eab-4af2-84bc-ae4239a7d007,options,not_applicable,True,True,,,matched
t160-quality-20261007T013645Z-cd518eac-03-IMP-TEXT-r3,IMP-TEXT,3,automatic,fdef73bd-f984-58d1-8a53-3eea668a9f83,57b38b5d-9eab-4af2-84bc-ae4239a7d007,reference_answer,known_missing,True,True,,,matched
t160-quality-20261007T013645Z-cd518eac-03-IMP-TEXT-r3,IMP-TEXT,3,automatic,fdef73bd-f984-58d1-8a53-3eea668a9f83,57b38b5d-9eab-4af2-84bc-ae4239a7d007,analysis,known_missing,True,True,,,matched
t160-quality-20261007T013645Z-cd518eac-03-IMP-TEXT-r3,IMP-TEXT,3,automatic,fdef73bd-f984-58d1-8a53-3eea668a9f83,57b38b5d-9eab-4af2-84bc-ae4239a7d007,score,source_provided,True,True,3.00,3.00,matched
t160-quality-20261007T013645Z-cd518eac-03-IMP-TEXT-r3,IMP-TEXT,3,automatic,fdef73bd-f984-58d1-8a53-3eea668a9f83,57b38b5d-9eab-4af2-84bc-ae4239a7d007,scoring_rubric,source_provided,True,True,正确关系式 1.00；说明代入过程 2.00。,正确关系式 1.00；说明代入过程 2.00。,matched
t160-quality-20261007T013645Z-cd518eac-03-IMP-TEXT-r3,IMP-TEXT,3,automatic,fdef73bd-f984-58d1-8a53-3eea668a9f83,57b38b5d-9eab-4af2-84bc-ae4239a7d007,knowledge_points,source_provided,True,True,"[""一次函数"", ""表达与计算""]","[""一次函数"", ""表达与计算""]",matched
t160-quality-20261007T013645Z-cd518eac-03-IMP-TEXT-r3,IMP-TEXT,3,automatic,fdef73bd-f984-58d1-8a53-3eea668a9f83,57b38b5d-9eab-4af2-84bc-ae4239a7d007,source_regions,unknown,False,,,,reference_unknown
t160-quality-20261007T013645Z-cd518eac-03-IMP-TEXT-r3,IMP-TEXT,3,automatic,fdef73bd-f984-58d1-8a53-3eea668a9f83,57b38b5d-9eab-4af2-84bc-ae4239a7d007,assets,source_provided,True,False,"[{""asset_type"": ""table"", ""source_page_number"": 1, ""order_index"": 1}]",,matched
t160-quality-20261007T013645Z-cd518eac-03-IMP-TEXT-r3,IMP-TEXT,3,assisted_corrected,1194af49-5301-51bb-a173-0e6f524ac810,9415f6c6-4b2a-4384-98ff-f3f6f7e0dbde,question_number,source_provided,True,True,1,1,matched
t160-quality-20261007T013645Z-cd518eac-03-IMP-TEXT-r3,IMP-TEXT,3,assisted_corrected,1194af49-5301-51bb-a173-0e6f524ac810,9415f6c6-4b2a-4384-98ff-f3f6f7e0dbde,order_index,source_provided,True,True,1,1,matched
t160-quality-20261007T013645Z-cd518eac-03-IMP-TEXT-r3,IMP-TEXT,3,assisted_corrected,1194af49-5301-51bb-a173-0e6f524ac810,9415f6c6-4b2a-4384-98ff-f3f6f7e0dbde,source_page_numbers,source_provided,True,True,[1],[1],matched
t160-quality-20261007T013645Z-cd518eac-03-IMP-TEXT-r3,IMP-TEXT,3,assisted_corrected,1194af49-5301-51bb-a173-0e6f524ac810,9415f6c6-4b2a-4384-98ff-f3f6f7e0dbde,question_type,source_provided,True,True,SINGLE_CHOICE,SINGLE_CHOICE,matched
t160-quality-20261007T013645Z-cd518eac-03-IMP-TEXT-r3,IMP-TEXT,3,assisted_corrected,1194af49-5301-51bb-a173-0e6f524ac810,9415f6c6-4b2a-4384-98ff-f3f6f7e0dbde,content,source_provided,True,True,y = 2x + 1，x = 3 时 y 为多少？,y = 2x + 1，x = 3 时 y 为多少？,matched
t160-quality-20261007T013645Z-cd518eac-03-IMP-TEXT-r3,IMP-TEXT,3,assisted_corrected,1194af49-5301-51bb-a173-0e6f524ac810,9415f6c6-4b2a-4384-98ff-f3f6f7e0dbde,options,source_provided,True,True,"{""C"": ""7"", ""A"": ""5"", ""B"": ""6"", ""D"": ""8""}","{""C"": ""7"", ""A"": ""5"", ""B"": ""6"", ""D"": ""8""}",matched
t160-quality-20261007T013645Z-cd518eac-03-IMP-TEXT-r3,IMP-TEXT,3,assisted_corrected,1194af49-5301-51bb-a173-0e6f524ac810,9415f6c6-4b2a-4384-98ff-f3f6f7e0dbde,reference_answer,source_provided,True,True,C,C,matched
t160-quality-20261007T013645Z-cd518eac-03-IMP-TEXT-r3,IMP-TEXT,3,assisted_corrected,1194af49-5301-51bb-a173-0e6f524ac810,9415f6c6-4b2a-4384-98ff-f3f6f7e0dbde,analysis,source_provided,True,True,2 × 3 + 1 = 7。,2 × 3 + 1 = 7。,matched
t160-quality-20261007T013645Z-cd518eac-03-IMP-TEXT-r3,IMP-TEXT,3,assisted_corrected,1194af49-5301-51bb-a173-0e6f524ac810,9415f6c6-4b2a-4384-98ff-f3f6f7e0dbde,score,source_provided,True,True,2.00,2.00,matched
t160-quality-20261007T013645Z-cd518eac-03-IMP-TEXT-r3,IMP-TEXT,3,assisted_corrected,1194af49-5301-51bb-a173-0e6f524ac810,9415f6c6-4b2a-4384-98ff-f3f6f7e0dbde,scoring_rubric,known_missing,True,True,,,matched
t160-quality-20261007T013645Z-cd518eac-03-IMP-TEXT-r3,IMP-TEXT,3,assisted_corrected,1194af49-5301-51bb-a173-0e6f524ac810,9415f6c6-4b2a-4384-98ff-f3f6f7e0dbde,knowledge_points,known_missing,True,True,[],[],matched
t160-quality-20261007T013645Z-cd518eac-03-IMP-TEXT-r3,IMP-TEXT,3,assisted_corrected,1194af49-5301-51bb-a173-0e6f524ac810,9415f6c6-4b2a-4384-98ff-f3f6f7e0dbde,source_regions,unknown,False,,,,reference_unknown
t160-quality-20261007T013645Z-cd518eac-03-IMP-TEXT-r3,IMP-TEXT,3,assisted_corrected,1194af49-5301-51bb-a173-0e6f524ac810,9415f6c6-4b2a-4384-98ff-f3f6f7e0dbde,assets,source_provided,True,True,[],[],matched
t160-quality-20261007T013645Z-cd518eac-03-IMP-TEXT-r3,IMP-TEXT,3,assisted_corrected,8e0aecaf-072d-5ed7-9b43-5d33ad202cc1,db0da665-f0a8-48d5-8ca1-25289978fcaa,question_number,source_provided,True,True,2,2,matched
t160-quality-20261007T013645Z-cd518eac-03-IMP-TEXT-r3,IMP-TEXT,3,assisted_corrected,8e0aecaf-072d-5ed7-9b43-5d33ad202cc1,db0da665-f0a8-48d5-8ca1-25289978fcaa,order_index,source_provided,True,True,2,2,matched
t160-quality-20261007T013645Z-cd518eac-03-IMP-TEXT-r3,IMP-TEXT,3,assisted_corrected,8e0aecaf-072d-5ed7-9b43-5d33ad202cc1,db0da665-f0a8-48d5-8ca1-25289978fcaa,source_page_numbers,source_provided,True,True,[1],[1],matched
t160-quality-20261007T013645Z-cd518eac-03-IMP-TEXT-r3,IMP-TEXT,3,assisted_corrected,8e0aecaf-072d-5ed7-9b43-5d33ad202cc1,db0da665-f0a8-48d5-8ca1-25289978fcaa,question_type,source_provided,True,True,TRUE_FALSE,TRUE_FALSE,matched
t160-quality-20261007T013645Z-cd518eac-03-IMP-TEXT-r3,IMP-TEXT,3,assisted_corrected,8e0aecaf-072d-5ed7-9b43-5d33ad202cc1,db0da665-f0a8-48d5-8ca1-25289978fcaa,content,source_provided,True,True,右图三角形面积为 24 cm²。,右图三角形面积为 24 cm²。,matched
t160-quality-20261007T013645Z-cd518eac-03-IMP-TEXT-r3,IMP-TEXT,3,assisted_corrected,8e0aecaf-072d-5ed7-9b43-5d33ad202cc1,db0da665-f0a8-48d5-8ca1-25289978fcaa,options,source_provided,True,True,"[""正确"", ""错误""]","[""正确"", ""错误""]",matched
t160-quality-20261007T013645Z-cd518eac-03-IMP-TEXT-r3,IMP-TEXT,3,assisted_corrected,8e0aecaf-072d-5ed7-9b43-5d33ad202cc1,db0da665-f0a8-48d5-8ca1-25289978fcaa,reference_answer,known_missing,True,True,,,matched
t160-quality-20261007T013645Z-cd518eac-03-IMP-TEXT-r3,IMP-TEXT,3,assisted_corrected,8e0aecaf-072d-5ed7-9b43-5d33ad202cc1,db0da665-f0a8-48d5-8ca1-25289978fcaa,analysis,known_missing,True,True,,,matched
t160-quality-20261007T013645Z-cd518eac-03-IMP-TEXT-r3,IMP-TEXT,3,assisted_corrected,8e0aecaf-072d-5ed7-9b43-5d33ad202cc1,db0da665-f0a8-48d5-8ca1-25289978fcaa,score,source_provided,True,True,2.00,2.00,matched
t160-quality-20261007T013645Z-cd518eac-03-IMP-TEXT-r3,IMP-TEXT,3,assisted_corrected,8e0aecaf-072d-5ed7-9b43-5d33ad202cc1,db0da665-f0a8-48d5-8ca1-25289978fcaa,scoring_rubric,known_missing,True,True,,,matched
t160-quality-20261007T013645Z-cd518eac-03-IMP-TEXT-r3,IMP-TEXT,3,assisted_corrected,8e0aecaf-072d-5ed7-9b43-5d33ad202cc1,db0da665-f0a8-48d5-8ca1-25289978fcaa,knowledge_points,known_missing,True,True,[],[],matched
t160-quality-20261007T013645Z-cd518eac-03-IMP-TEXT-r3,IMP-TEXT,3,assisted_corrected,8e0aecaf-072d-5ed7-9b43-5d33ad202cc1,db0da665-f0a8-48d5-8ca1-25289978fcaa,source_regions,unknown,False,,,,reference_unknown
t160-quality-20261007T013645Z-cd518eac-03-IMP-TEXT-r3,IMP-TEXT,3,assisted_corrected,8e0aecaf-072d-5ed7-9b43-5d33ad202cc1,db0da665-f0a8-48d5-8ca1-25289978fcaa,assets,source_provided,True,False,"[{""asset_type"": ""figure"", ""source_page_number"": 1, ""order_index"": 1}]",,matched
t160-quality-20261007T013645Z-cd518eac-03-IMP-TEXT-r3,IMP-TEXT,3,assisted_corrected,fdef73bd-f984-58d1-8a53-3eea668a9f83,57b38b5d-9eab-4af2-84bc-ae4239a7d007,question_number,source_provided,True,True,3,3,matched
t160-quality-20261007T013645Z-cd518eac-03-IMP-TEXT-r3,IMP-TEXT,3,assisted_corrected,fdef73bd-f984-58d1-8a53-3eea668a9f83,57b38b5d-9eab-4af2-84bc-ae4239a7d007,order_index,source_provided,True,True,3,3,matched
t160-quality-20261007T013645Z-cd518eac-03-IMP-TEXT-r3,IMP-TEXT,3,assisted_corrected,fdef73bd-f984-58d1-8a53-3eea668a9f83,57b38b5d-9eab-4af2-84bc-ae4239a7d007,source_page_numbers,source_provided,True,True,[1],[1],matched
t160-quality-20261007T013645Z-cd518eac-03-IMP-TEXT-r3,IMP-TEXT,3,assisted_corrected,fdef73bd-f984-58d1-8a53-3eea668a9f83,57b38b5d-9eab-4af2-84bc-ae4239a7d007,question_type,source_provided,True,True,SHORT_ANSWER,SHORT_ANSWER,matched
t160-quality-20261007T013645Z-cd518eac-03-IMP-TEXT-r3,IMP-TEXT,3,assisted_corrected,fdef73bd-f984-58d1-8a53-3eea668a9f83,57b38b5d-9eab-4af2-84bc-ae4239a7d007,content,source_provided,True,True,根据下表写出 y 关于 x 的关系式。,根据下表写出 y 关于 x 的关系式。,matched
t160-quality-20261007T013645Z-cd518eac-03-IMP-TEXT-r3,IMP-TEXT,3,assisted_corrected,fdef73bd-f984-58d1-8a53-3eea668a9f83,57b38b5d-9eab-4af2-84bc-ae4239a7d007,options,not_applicable,True,True,,,matched
t160-quality-20261007T013645Z-cd518eac-03-IMP-TEXT-r3,IMP-TEXT,3,assisted_corrected,fdef73bd-f984-58d1-8a53-3eea668a9f83,57b38b5d-9eab-4af2-84bc-ae4239a7d007,reference_answer,known_missing,True,True,,,matched
t160-quality-20261007T013645Z-cd518eac-03-IMP-TEXT-r3,IMP-TEXT,3,assisted_corrected,fdef73bd-f984-58d1-8a53-3eea668a9f83,57b38b5d-9eab-4af2-84bc-ae4239a7d007,analysis,known_missing,True,True,,,matched
t160-quality-20261007T013645Z-cd518eac-03-IMP-TEXT-r3,IMP-TEXT,3,assisted_corrected,fdef73bd-f984-58d1-8a53-3eea668a9f83,57b38b5d-9eab-4af2-84bc-ae4239a7d007,score,source_provided,True,True,3.00,3.00,matched
t160-quality-20261007T013645Z-cd518eac-03-IMP-TEXT-r3,IMP-TEXT,3,assisted_corrected,fdef73bd-f984-58d1-8a53-3eea668a9f83,57b38b5d-9eab-4af2-84bc-ae4239a7d007,scoring_rubric,source_provided,True,True,正确关系式 1.00；说明代入过程 2.00。,正确关系式 1.00；说明代入过程 2.00。,matched
t160-quality-20261007T013645Z-cd518eac-03-IMP-TEXT-r3,IMP-TEXT,3,assisted_corrected,fdef73bd-f984-58d1-8a53-3eea668a9f83,57b38b5d-9eab-4af2-84bc-ae4239a7d007,knowledge_points,source_provided,True,True,"[""一次函数"", ""表达与计算""]","[""一次函数"", ""表达与计算""]",matched
t160-quality-20261007T013645Z-cd518eac-03-IMP-TEXT-r3,IMP-TEXT,3,assisted_corrected,fdef73bd-f984-58d1-8a53-3eea668a9f83,57b38b5d-9eab-4af2-84bc-ae4239a7d007,source_regions,unknown,False,,,,reference_unknown
t160-quality-20261007T013645Z-cd518eac-03-IMP-TEXT-r3,IMP-TEXT,3,assisted_corrected,fdef73bd-f984-58d1-8a53-3eea668a9f83,57b38b5d-9eab-4af2-84bc-ae4239a7d007,assets,source_provided,True,False,"[{""asset_type"": ""table"", ""source_page_number"": 1, ""order_index"": 1}]",,matched
t160-quality-20261007T013645Z-cd518eac-04-IMP-SCAN-r1,IMP-SCAN,1,automatic,74d666eb-fc46-5106-8ea2-ea5c967c6457,50700d55-e246-4bb8-a2a7-f4ff2d447b69,question_number,source_provided,True,True,1,1,matched
t160-quality-20261007T013645Z-cd518eac-04-IMP-SCAN-r1,IMP-SCAN,1,automatic,74d666eb-fc46-5106-8ea2-ea5c967c6457,50700d55-e246-4bb8-a2a7-f4ff2d447b69,order_index,source_provided,True,True,1,1,matched
t160-quality-20261007T013645Z-cd518eac-04-IMP-SCAN-r1,IMP-SCAN,1,automatic,74d666eb-fc46-5106-8ea2-ea5c967c6457,50700d55-e246-4bb8-a2a7-f4ff2d447b69,source_page_numbers,source_provided,True,True,[1],[1],matched
t160-quality-20261007T013645Z-cd518eac-04-IMP-SCAN-r1,IMP-SCAN,1,automatic,74d666eb-fc46-5106-8ea2-ea5c967c6457,50700d55-e246-4bb8-a2a7-f4ff2d447b69,question_type,source_provided,True,True,SINGLE_CHOICE,SINGLE_CHOICE,matched
t160-quality-20261007T013645Z-cd518eac-04-IMP-SCAN-r1,IMP-SCAN,1,automatic,74d666eb-fc46-5106-8ea2-ea5c967c6457,50700d55-e246-4bb8-a2a7-f4ff2d447b69,content,source_provided,True,False,y = 2x + 1，x = 3 时 y 为多少？,y = 2x +1，x = 3 时y 为多少？,matched
t160-quality-20261007T013645Z-cd518eac-04-IMP-SCAN-r1,IMP-SCAN,1,automatic,74d666eb-fc46-5106-8ea2-ea5c967c6457,50700d55-e246-4bb8-a2a7-f4ff2d447b69,options,source_provided,True,True,"{""C"": ""7"", ""A"": ""5"", ""B"": ""6"", ""D"": ""8""}","{""C"": ""7"", ""A"": ""5"", ""B"": ""6"", ""D"": ""8""}",matched
t160-quality-20261007T013645Z-cd518eac-04-IMP-SCAN-r1,IMP-SCAN,1,automatic,74d666eb-fc46-5106-8ea2-ea5c967c6457,50700d55-e246-4bb8-a2a7-f4ff2d447b69,reference_answer,source_provided,True,True,C,C,matched
t160-quality-20261007T013645Z-cd518eac-04-IMP-SCAN-r1,IMP-SCAN,1,automatic,74d666eb-fc46-5106-8ea2-ea5c967c6457,50700d55-e246-4bb8-a2a7-f4ff2d447b69,analysis,source_provided,True,False,2 × 3 + 1 = 7。,2 × 3 +1=7。,matched
t160-quality-20261007T013645Z-cd518eac-04-IMP-SCAN-r1,IMP-SCAN,1,automatic,74d666eb-fc46-5106-8ea2-ea5c967c6457,50700d55-e246-4bb8-a2a7-f4ff2d447b69,score,source_provided,True,True,2.00,2.00,matched
t160-quality-20261007T013645Z-cd518eac-04-IMP-SCAN-r1,IMP-SCAN,1,automatic,74d666eb-fc46-5106-8ea2-ea5c967c6457,50700d55-e246-4bb8-a2a7-f4ff2d447b69,scoring_rubric,known_missing,True,True,,,matched
t160-quality-20261007T013645Z-cd518eac-04-IMP-SCAN-r1,IMP-SCAN,1,automatic,74d666eb-fc46-5106-8ea2-ea5c967c6457,50700d55-e246-4bb8-a2a7-f4ff2d447b69,knowledge_points,known_missing,True,True,[],[],matched
t160-quality-20261007T013645Z-cd518eac-04-IMP-SCAN-r1,IMP-SCAN,1,automatic,74d666eb-fc46-5106-8ea2-ea5c967c6457,50700d55-e246-4bb8-a2a7-f4ff2d447b69,source_regions,unknown,False,,,,reference_unknown
t160-quality-20261007T013645Z-cd518eac-04-IMP-SCAN-r1,IMP-SCAN,1,automatic,74d666eb-fc46-5106-8ea2-ea5c967c6457,50700d55-e246-4bb8-a2a7-f4ff2d447b69,assets,source_provided,True,False,[],,matched
t160-quality-20261007T013645Z-cd518eac-04-IMP-SCAN-r1,IMP-SCAN,1,automatic,5f47ee64-edec-5327-9172-bb8454c7640d,2531da39-41da-4840-8735-43c5f9039322,question_number,source_provided,True,True,2,2,matched
t160-quality-20261007T013645Z-cd518eac-04-IMP-SCAN-r1,IMP-SCAN,1,automatic,5f47ee64-edec-5327-9172-bb8454c7640d,2531da39-41da-4840-8735-43c5f9039322,order_index,source_provided,True,True,2,2,matched
t160-quality-20261007T013645Z-cd518eac-04-IMP-SCAN-r1,IMP-SCAN,1,automatic,5f47ee64-edec-5327-9172-bb8454c7640d,2531da39-41da-4840-8735-43c5f9039322,source_page_numbers,source_provided,True,True,[1],[1],matched
t160-quality-20261007T013645Z-cd518eac-04-IMP-SCAN-r1,IMP-SCAN,1,automatic,5f47ee64-edec-5327-9172-bb8454c7640d,2531da39-41da-4840-8735-43c5f9039322,question_type,source_provided,True,True,TRUE_FALSE,TRUE_FALSE,matched
t160-quality-20261007T013645Z-cd518eac-04-IMP-SCAN-r1,IMP-SCAN,1,automatic,5f47ee64-edec-5327-9172-bb8454c7640d,2531da39-41da-4840-8735-43c5f9039322,content,source_provided,True,False,右图三角形面积为 24 cm²。,右图三角形面积为24cm²。,matched
t160-quality-20261007T013645Z-cd518eac-04-IMP-SCAN-r1,IMP-SCAN,1,automatic,5f47ee64-edec-5327-9172-bb8454c7640d,2531da39-41da-4840-8735-43c5f9039322,options,source_provided,True,True,"[""正确"", ""错误""]","[""正确"", ""错误""]",matched
t160-quality-20261007T013645Z-cd518eac-04-IMP-SCAN-r1,IMP-SCAN,1,automatic,5f47ee64-edec-5327-9172-bb8454c7640d,2531da39-41da-4840-8735-43c5f9039322,reference_answer,known_missing,True,True,,,matched
t160-quality-20261007T013645Z-cd518eac-04-IMP-SCAN-r1,IMP-SCAN,1,automatic,5f47ee64-edec-5327-9172-bb8454c7640d,2531da39-41da-4840-8735-43c5f9039322,analysis,known_missing,True,True,,,matched
t160-quality-20261007T013645Z-cd518eac-04-IMP-SCAN-r1,IMP-SCAN,1,automatic,5f47ee64-edec-5327-9172-bb8454c7640d,2531da39-41da-4840-8735-43c5f9039322,score,source_provided,True,True,2.00,2.00,matched
t160-quality-20261007T013645Z-cd518eac-04-IMP-SCAN-r1,IMP-SCAN,1,automatic,5f47ee64-edec-5327-9172-bb8454c7640d,2531da39-41da-4840-8735-43c5f9039322,scoring_rubric,known_missing,True,True,,,matched
t160-quality-20261007T013645Z-cd518eac-04-IMP-SCAN-r1,IMP-SCAN,1,automatic,5f47ee64-edec-5327-9172-bb8454c7640d,2531da39-41da-4840-8735-43c5f9039322,knowledge_points,known_missing,True,True,[],[],matched
t160-quality-20261007T013645Z-cd518eac-04-IMP-SCAN-r1,IMP-SCAN,1,automatic,5f47ee64-edec-5327-9172-bb8454c7640d,2531da39-41da-4840-8735-43c5f9039322,source_regions,unknown,False,,,,reference_unknown
t160-quality-20261007T013645Z-cd518eac-04-IMP-SCAN-r1,IMP-SCAN,1,automatic,5f47ee64-edec-5327-9172-bb8454c7640d,2531da39-41da-4840-8735-43c5f9039322,assets,source_provided,True,False,"[{""asset_type"": ""figure"", ""source_page_number"": 1, ""order_index"": 1}]",,matched
t160-quality-20261007T013645Z-cd518eac-04-IMP-SCAN-r1,IMP-SCAN,1,automatic,d6acd365-a6d5-5eb8-9b54-66f26a915094,16ab0661-8f9f-401b-8b8b-b8e9570464a5,question_number,source_provided,True,True,3,3,matched
t160-quality-20261007T013645Z-cd518eac-04-IMP-SCAN-r1,IMP-SCAN,1,automatic,d6acd365-a6d5-5eb8-9b54-66f26a915094,16ab0661-8f9f-401b-8b8b-b8e9570464a5,order_index,source_provided,True,True,3,3,matched
t160-quality-20261007T013645Z-cd518eac-04-IMP-SCAN-r1,IMP-SCAN,1,automatic,d6acd365-a6d5-5eb8-9b54-66f26a915094,16ab0661-8f9f-401b-8b8b-b8e9570464a5,source_page_numbers,source_provided,True,True,[1],[1],matched
t160-quality-20261007T013645Z-cd518eac-04-IMP-SCAN-r1,IMP-SCAN,1,automatic,d6acd365-a6d5-5eb8-9b54-66f26a915094,16ab0661-8f9f-401b-8b8b-b8e9570464a5,question_type,source_provided,True,True,SHORT_ANSWER,SHORT_ANSWER,matched
t160-quality-20261007T013645Z-cd518eac-04-IMP-SCAN-r1,IMP-SCAN,1,automatic,d6acd365-a6d5-5eb8-9b54-66f26a915094,16ab0661-8f9f-401b-8b8b-b8e9570464a5,content,source_provided,True,False,根据下表写出 y 关于 x 的关系式。,根据下表写出y关于x的关系式。,matched
t160-quality-20261007T013645Z-cd518eac-04-IMP-SCAN-r1,IMP-SCAN,1,automatic,d6acd365-a6d5-5eb8-9b54-66f26a915094,16ab0661-8f9f-401b-8b8b-b8e9570464a5,options,not_applicable,True,True,,,matched
t160-quality-20261007T013645Z-cd518eac-04-IMP-SCAN-r1,IMP-SCAN,1,automatic,d6acd365-a6d5-5eb8-9b54-66f26a915094,16ab0661-8f9f-401b-8b8b-b8e9570464a5,reference_answer,known_missing,True,True,,,matched
t160-quality-20261007T013645Z-cd518eac-04-IMP-SCAN-r1,IMP-SCAN,1,automatic,d6acd365-a6d5-5eb8-9b54-66f26a915094,16ab0661-8f9f-401b-8b8b-b8e9570464a5,analysis,known_missing,True,True,,,matched
t160-quality-20261007T013645Z-cd518eac-04-IMP-SCAN-r1,IMP-SCAN,1,automatic,d6acd365-a6d5-5eb8-9b54-66f26a915094,16ab0661-8f9f-401b-8b8b-b8e9570464a5,score,source_provided,True,True,3.00,3.00,matched
t160-quality-20261007T013645Z-cd518eac-04-IMP-SCAN-r1,IMP-SCAN,1,automatic,d6acd365-a6d5-5eb8-9b54-66f26a915094,16ab0661-8f9f-401b-8b8b-b8e9570464a5,scoring_rubric,source_provided,True,False,正确关系式 1.00；说明代入过程 2.00。,正确关系式1.00；说明代入过程2.00。,matched
t160-quality-20261007T013645Z-cd518eac-04-IMP-SCAN-r1,IMP-SCAN,1,automatic,d6acd365-a6d5-5eb8-9b54-66f26a915094,16ab0661-8f9f-401b-8b8b-b8e9570464a5,knowledge_points,source_provided,True,True,"[""一次函数"", ""表达与计算""]","[""一次函数"", ""表达与计算""]",matched
t160-quality-20261007T013645Z-cd518eac-04-IMP-SCAN-r1,IMP-SCAN,1,automatic,d6acd365-a6d5-5eb8-9b54-66f26a915094,16ab0661-8f9f-401b-8b8b-b8e9570464a5,source_regions,unknown,False,,,,reference_unknown
t160-quality-20261007T013645Z-cd518eac-04-IMP-SCAN-r1,IMP-SCAN,1,automatic,d6acd365-a6d5-5eb8-9b54-66f26a915094,16ab0661-8f9f-401b-8b8b-b8e9570464a5,assets,source_provided,True,False,"[{""asset_type"": ""table"", ""source_page_number"": 1, ""order_index"": 1}]",,matched
t160-quality-20261007T013645Z-cd518eac-04-IMP-SCAN-r1,IMP-SCAN,1,assisted_corrected,74d666eb-fc46-5106-8ea2-ea5c967c6457,50700d55-e246-4bb8-a2a7-f4ff2d447b69,question_number,source_provided,True,True,1,1,matched
t160-quality-20261007T013645Z-cd518eac-04-IMP-SCAN-r1,IMP-SCAN,1,assisted_corrected,74d666eb-fc46-5106-8ea2-ea5c967c6457,50700d55-e246-4bb8-a2a7-f4ff2d447b69,order_index,source_provided,True,True,1,1,matched
t160-quality-20261007T013645Z-cd518eac-04-IMP-SCAN-r1,IMP-SCAN,1,assisted_corrected,74d666eb-fc46-5106-8ea2-ea5c967c6457,50700d55-e246-4bb8-a2a7-f4ff2d447b69,source_page_numbers,source_provided,True,True,[1],[1],matched
t160-quality-20261007T013645Z-cd518eac-04-IMP-SCAN-r1,IMP-SCAN,1,assisted_corrected,74d666eb-fc46-5106-8ea2-ea5c967c6457,50700d55-e246-4bb8-a2a7-f4ff2d447b69,question_type,source_provided,True,True,SINGLE_CHOICE,SINGLE_CHOICE,matched
t160-quality-20261007T013645Z-cd518eac-04-IMP-SCAN-r1,IMP-SCAN,1,assisted_corrected,74d666eb-fc46-5106-8ea2-ea5c967c6457,50700d55-e246-4bb8-a2a7-f4ff2d447b69,content,source_provided,True,True,y = 2x + 1，x = 3 时 y 为多少？,y = 2x + 1，x = 3 时 y 为多少？,matched
t160-quality-20261007T013645Z-cd518eac-04-IMP-SCAN-r1,IMP-SCAN,1,assisted_corrected,74d666eb-fc46-5106-8ea2-ea5c967c6457,50700d55-e246-4bb8-a2a7-f4ff2d447b69,options,source_provided,True,True,"{""C"": ""7"", ""A"": ""5"", ""B"": ""6"", ""D"": ""8""}","{""C"": ""7"", ""A"": ""5"", ""B"": ""6"", ""D"": ""8""}",matched
t160-quality-20261007T013645Z-cd518eac-04-IMP-SCAN-r1,IMP-SCAN,1,assisted_corrected,74d666eb-fc46-5106-8ea2-ea5c967c6457,50700d55-e246-4bb8-a2a7-f4ff2d447b69,reference_answer,source_provided,True,True,C,C,matched
t160-quality-20261007T013645Z-cd518eac-04-IMP-SCAN-r1,IMP-SCAN,1,assisted_corrected,74d666eb-fc46-5106-8ea2-ea5c967c6457,50700d55-e246-4bb8-a2a7-f4ff2d447b69,analysis,source_provided,True,True,2 × 3 + 1 = 7。,2 × 3 + 1 = 7。,matched
t160-quality-20261007T013645Z-cd518eac-04-IMP-SCAN-r1,IMP-SCAN,1,assisted_corrected,74d666eb-fc46-5106-8ea2-ea5c967c6457,50700d55-e246-4bb8-a2a7-f4ff2d447b69,score,source_provided,True,True,2.00,2.00,matched
t160-quality-20261007T013645Z-cd518eac-04-IMP-SCAN-r1,IMP-SCAN,1,assisted_corrected,74d666eb-fc46-5106-8ea2-ea5c967c6457,50700d55-e246-4bb8-a2a7-f4ff2d447b69,scoring_rubric,known_missing,True,True,,,matched
t160-quality-20261007T013645Z-cd518eac-04-IMP-SCAN-r1,IMP-SCAN,1,assisted_corrected,74d666eb-fc46-5106-8ea2-ea5c967c6457,50700d55-e246-4bb8-a2a7-f4ff2d447b69,knowledge_points,known_missing,True,True,[],[],matched
t160-quality-20261007T013645Z-cd518eac-04-IMP-SCAN-r1,IMP-SCAN,1,assisted_corrected,74d666eb-fc46-5106-8ea2-ea5c967c6457,50700d55-e246-4bb8-a2a7-f4ff2d447b69,source_regions,unknown,False,,,,reference_unknown
t160-quality-20261007T013645Z-cd518eac-04-IMP-SCAN-r1,IMP-SCAN,1,assisted_corrected,74d666eb-fc46-5106-8ea2-ea5c967c6457,50700d55-e246-4bb8-a2a7-f4ff2d447b69,assets,source_provided,True,True,[],[],matched
t160-quality-20261007T013645Z-cd518eac-04-IMP-SCAN-r1,IMP-SCAN,1,assisted_corrected,5f47ee64-edec-5327-9172-bb8454c7640d,2531da39-41da-4840-8735-43c5f9039322,question_number,source_provided,True,True,2,2,matched
t160-quality-20261007T013645Z-cd518eac-04-IMP-SCAN-r1,IMP-SCAN,1,assisted_corrected,5f47ee64-edec-5327-9172-bb8454c7640d,2531da39-41da-4840-8735-43c5f9039322,order_index,source_provided,True,True,2,2,matched
t160-quality-20261007T013645Z-cd518eac-04-IMP-SCAN-r1,IMP-SCAN,1,assisted_corrected,5f47ee64-edec-5327-9172-bb8454c7640d,2531da39-41da-4840-8735-43c5f9039322,source_page_numbers,source_provided,True,True,[1],[1],matched
t160-quality-20261007T013645Z-cd518eac-04-IMP-SCAN-r1,IMP-SCAN,1,assisted_corrected,5f47ee64-edec-5327-9172-bb8454c7640d,2531da39-41da-4840-8735-43c5f9039322,question_type,source_provided,True,True,TRUE_FALSE,TRUE_FALSE,matched
t160-quality-20261007T013645Z-cd518eac-04-IMP-SCAN-r1,IMP-SCAN,1,assisted_corrected,5f47ee64-edec-5327-9172-bb8454c7640d,2531da39-41da-4840-8735-43c5f9039322,content,source_provided,True,True,右图三角形面积为 24 cm²。,右图三角形面积为 24 cm²。,matched
t160-quality-20261007T013645Z-cd518eac-04-IMP-SCAN-r1,IMP-SCAN,1,assisted_corrected,5f47ee64-edec-5327-9172-bb8454c7640d,2531da39-41da-4840-8735-43c5f9039322,options,source_provided,True,True,"[""正确"", ""错误""]","[""正确"", ""错误""]",matched
t160-quality-20261007T013645Z-cd518eac-04-IMP-SCAN-r1,IMP-SCAN,1,assisted_corrected,5f47ee64-edec-5327-9172-bb8454c7640d,2531da39-41da-4840-8735-43c5f9039322,reference_answer,known_missing,True,True,,,matched
t160-quality-20261007T013645Z-cd518eac-04-IMP-SCAN-r1,IMP-SCAN,1,assisted_corrected,5f47ee64-edec-5327-9172-bb8454c7640d,2531da39-41da-4840-8735-43c5f9039322,analysis,known_missing,True,True,,,matched
t160-quality-20261007T013645Z-cd518eac-04-IMP-SCAN-r1,IMP-SCAN,1,assisted_corrected,5f47ee64-edec-5327-9172-bb8454c7640d,2531da39-41da-4840-8735-43c5f9039322,score,source_provided,True,True,2.00,2.00,matched
t160-quality-20261007T013645Z-cd518eac-04-IMP-SCAN-r1,IMP-SCAN,1,assisted_corrected,5f47ee64-edec-5327-9172-bb8454c7640d,2531da39-41da-4840-8735-43c5f9039322,scoring_rubric,known_missing,True,True,,,matched
t160-quality-20261007T013645Z-cd518eac-04-IMP-SCAN-r1,IMP-SCAN,1,assisted_corrected,5f47ee64-edec-5327-9172-bb8454c7640d,2531da39-41da-4840-8735-43c5f9039322,knowledge_points,known_missing,True,True,[],[],matched
t160-quality-20261007T013645Z-cd518eac-04-IMP-SCAN-r1,IMP-SCAN,1,assisted_corrected,5f47ee64-edec-5327-9172-bb8454c7640d,2531da39-41da-4840-8735-43c5f9039322,source_regions,unknown,False,,,,reference_unknown
t160-quality-20261007T013645Z-cd518eac-04-IMP-SCAN-r1,IMP-SCAN,1,assisted_corrected,5f47ee64-edec-5327-9172-bb8454c7640d,2531da39-41da-4840-8735-43c5f9039322,assets,source_provided,True,False,"[{""asset_type"": ""figure"", ""source_page_number"": 1, ""order_index"": 1}]",,matched
t160-quality-20261007T013645Z-cd518eac-04-IMP-SCAN-r1,IMP-SCAN,1,assisted_corrected,d6acd365-a6d5-5eb8-9b54-66f26a915094,16ab0661-8f9f-401b-8b8b-b8e9570464a5,question_number,source_provided,True,True,3,3,matched
t160-quality-20261007T013645Z-cd518eac-04-IMP-SCAN-r1,IMP-SCAN,1,assisted_corrected,d6acd365-a6d5-5eb8-9b54-66f26a915094,16ab0661-8f9f-401b-8b8b-b8e9570464a5,order_index,source_provided,True,True,3,3,matched
t160-quality-20261007T013645Z-cd518eac-04-IMP-SCAN-r1,IMP-SCAN,1,assisted_corrected,d6acd365-a6d5-5eb8-9b54-66f26a915094,16ab0661-8f9f-401b-8b8b-b8e9570464a5,source_page_numbers,source_provided,True,True,[1],[1],matched
t160-quality-20261007T013645Z-cd518eac-04-IMP-SCAN-r1,IMP-SCAN,1,assisted_corrected,d6acd365-a6d5-5eb8-9b54-66f26a915094,16ab0661-8f9f-401b-8b8b-b8e9570464a5,question_type,source_provided,True,True,SHORT_ANSWER,SHORT_ANSWER,matched
t160-quality-20261007T013645Z-cd518eac-04-IMP-SCAN-r1,IMP-SCAN,1,assisted_corrected,d6acd365-a6d5-5eb8-9b54-66f26a915094,16ab0661-8f9f-401b-8b8b-b8e9570464a5,content,source_provided,True,True,根据下表写出 y 关于 x 的关系式。,根据下表写出 y 关于 x 的关系式。,matched
t160-quality-20261007T013645Z-cd518eac-04-IMP-SCAN-r1,IMP-SCAN,1,assisted_corrected,d6acd365-a6d5-5eb8-9b54-66f26a915094,16ab0661-8f9f-401b-8b8b-b8e9570464a5,options,not_applicable,True,True,,,matched
t160-quality-20261007T013645Z-cd518eac-04-IMP-SCAN-r1,IMP-SCAN,1,assisted_corrected,d6acd365-a6d5-5eb8-9b54-66f26a915094,16ab0661-8f9f-401b-8b8b-b8e9570464a5,reference_answer,known_missing,True,True,,,matched
t160-quality-20261007T013645Z-cd518eac-04-IMP-SCAN-r1,IMP-SCAN,1,assisted_corrected,d6acd365-a6d5-5eb8-9b54-66f26a915094,16ab0661-8f9f-401b-8b8b-b8e9570464a5,analysis,known_missing,True,True,,,matched
t160-quality-20261007T013645Z-cd518eac-04-IMP-SCAN-r1,IMP-SCAN,1,assisted_corrected,d6acd365-a6d5-5eb8-9b54-66f26a915094,16ab0661-8f9f-401b-8b8b-b8e9570464a5,score,source_provided,True,True,3.00,3.00,matched
t160-quality-20261007T013645Z-cd518eac-04-IMP-SCAN-r1,IMP-SCAN,1,assisted_corrected,d6acd365-a6d5-5eb8-9b54-66f26a915094,16ab0661-8f9f-401b-8b8b-b8e9570464a5,scoring_rubric,source_provided,True,True,正确关系式 1.00；说明代入过程 2.00。,正确关系式 1.00；说明代入过程 2.00。,matched
t160-quality-20261007T013645Z-cd518eac-04-IMP-SCAN-r1,IMP-SCAN,1,assisted_corrected,d6acd365-a6d5-5eb8-9b54-66f26a915094,16ab0661-8f9f-401b-8b8b-b8e9570464a5,knowledge_points,source_provided,True,True,"[""一次函数"", ""表达与计算""]","[""一次函数"", ""表达与计算""]",matched
t160-quality-20261007T013645Z-cd518eac-04-IMP-SCAN-r1,IMP-SCAN,1,assisted_corrected,d6acd365-a6d5-5eb8-9b54-66f26a915094,16ab0661-8f9f-401b-8b8b-b8e9570464a5,source_regions,unknown,False,,,,reference_unknown
t160-quality-20261007T013645Z-cd518eac-04-IMP-SCAN-r1,IMP-SCAN,1,assisted_corrected,d6acd365-a6d5-5eb8-9b54-66f26a915094,16ab0661-8f9f-401b-8b8b-b8e9570464a5,assets,source_provided,True,False,"[{""asset_type"": ""table"", ""source_page_number"": 1, ""order_index"": 1}]",,matched
t160-quality-20261007T013645Z-cd518eac-05-IMP-SCAN-r2,IMP-SCAN,2,automatic,74d666eb-fc46-5106-8ea2-ea5c967c6457,f4844197-e492-4cca-8d6e-975b8dd37e2e,question_number,source_provided,True,True,1,1,matched
t160-quality-20261007T013645Z-cd518eac-05-IMP-SCAN-r2,IMP-SCAN,2,automatic,74d666eb-fc46-5106-8ea2-ea5c967c6457,f4844197-e492-4cca-8d6e-975b8dd37e2e,order_index,source_provided,True,True,1,1,matched
t160-quality-20261007T013645Z-cd518eac-05-IMP-SCAN-r2,IMP-SCAN,2,automatic,74d666eb-fc46-5106-8ea2-ea5c967c6457,f4844197-e492-4cca-8d6e-975b8dd37e2e,source_page_numbers,source_provided,True,True,[1],[1],matched
t160-quality-20261007T013645Z-cd518eac-05-IMP-SCAN-r2,IMP-SCAN,2,automatic,74d666eb-fc46-5106-8ea2-ea5c967c6457,f4844197-e492-4cca-8d6e-975b8dd37e2e,question_type,source_provided,True,True,SINGLE_CHOICE,SINGLE_CHOICE,matched
t160-quality-20261007T013645Z-cd518eac-05-IMP-SCAN-r2,IMP-SCAN,2,automatic,74d666eb-fc46-5106-8ea2-ea5c967c6457,f4844197-e492-4cca-8d6e-975b8dd37e2e,content,source_provided,True,False,y = 2x + 1，x = 3 时 y 为多少？,y = 2x +1，x = 3 时 y 为多少？,matched
t160-quality-20261007T013645Z-cd518eac-05-IMP-SCAN-r2,IMP-SCAN,2,automatic,74d666eb-fc46-5106-8ea2-ea5c967c6457,f4844197-e492-4cca-8d6e-975b8dd37e2e,options,source_provided,True,True,"{""C"": ""7"", ""A"": ""5"", ""B"": ""6"", ""D"": ""8""}","{""C"": ""7"", ""A"": ""5"", ""B"": ""6"", ""D"": ""8""}",matched
t160-quality-20261007T013645Z-cd518eac-05-IMP-SCAN-r2,IMP-SCAN,2,automatic,74d666eb-fc46-5106-8ea2-ea5c967c6457,f4844197-e492-4cca-8d6e-975b8dd37e2e,reference_answer,source_provided,True,True,C,C,matched
t160-quality-20261007T013645Z-cd518eac-05-IMP-SCAN-r2,IMP-SCAN,2,automatic,74d666eb-fc46-5106-8ea2-ea5c967c6457,f4844197-e492-4cca-8d6e-975b8dd37e2e,analysis,source_provided,True,False,2 × 3 + 1 = 7。,2 × 3 +1=7。,matched
t160-quality-20261007T013645Z-cd518eac-05-IMP-SCAN-r2,IMP-SCAN,2,automatic,74d666eb-fc46-5106-8ea2-ea5c967c6457,f4844197-e492-4cca-8d6e-975b8dd37e2e,score,source_provided,True,True,2.00,2.00,matched
t160-quality-20261007T013645Z-cd518eac-05-IMP-SCAN-r2,IMP-SCAN,2,automatic,74d666eb-fc46-5106-8ea2-ea5c967c6457,f4844197-e492-4cca-8d6e-975b8dd37e2e,scoring_rubric,known_missing,True,True,,,matched
t160-quality-20261007T013645Z-cd518eac-05-IMP-SCAN-r2,IMP-SCAN,2,automatic,74d666eb-fc46-5106-8ea2-ea5c967c6457,f4844197-e492-4cca-8d6e-975b8dd37e2e,knowledge_points,known_missing,True,True,[],[],matched
t160-quality-20261007T013645Z-cd518eac-05-IMP-SCAN-r2,IMP-SCAN,2,automatic,74d666eb-fc46-5106-8ea2-ea5c967c6457,f4844197-e492-4cca-8d6e-975b8dd37e2e,source_regions,unknown,False,,,,reference_unknown
t160-quality-20261007T013645Z-cd518eac-05-IMP-SCAN-r2,IMP-SCAN,2,automatic,74d666eb-fc46-5106-8ea2-ea5c967c6457,f4844197-e492-4cca-8d6e-975b8dd37e2e,assets,source_provided,True,False,[],,matched
t160-quality-20261007T013645Z-cd518eac-05-IMP-SCAN-r2,IMP-SCAN,2,automatic,5f47ee64-edec-5327-9172-bb8454c7640d,b7fb34c8-8cb6-4862-a8c4-2aeb25c5fcde,question_number,source_provided,True,True,2,2,matched
t160-quality-20261007T013645Z-cd518eac-05-IMP-SCAN-r2,IMP-SCAN,2,automatic,5f47ee64-edec-5327-9172-bb8454c7640d,b7fb34c8-8cb6-4862-a8c4-2aeb25c5fcde,order_index,source_provided,True,True,2,2,matched
t160-quality-20261007T013645Z-cd518eac-05-IMP-SCAN-r2,IMP-SCAN,2,automatic,5f47ee64-edec-5327-9172-bb8454c7640d,b7fb34c8-8cb6-4862-a8c4-2aeb25c5fcde,source_page_numbers,source_provided,True,True,[1],[1],matched
t160-quality-20261007T013645Z-cd518eac-05-IMP-SCAN-r2,IMP-SCAN,2,automatic,5f47ee64-edec-5327-9172-bb8454c7640d,b7fb34c8-8cb6-4862-a8c4-2aeb25c5fcde,question_type,source_provided,True,True,TRUE_FALSE,TRUE_FALSE,matched
t160-quality-20261007T013645Z-cd518eac-05-IMP-SCAN-r2,IMP-SCAN,2,automatic,5f47ee64-edec-5327-9172-bb8454c7640d,b7fb34c8-8cb6-4862-a8c4-2aeb25c5fcde,content,source_provided,True,False,右图三角形面积为 24 cm²。,右图三角形面积为 24cm²。,matched
t160-quality-20261007T013645Z-cd518eac-05-IMP-SCAN-r2,IMP-SCAN,2,automatic,5f47ee64-edec-5327-9172-bb8454c7640d,b7fb34c8-8cb6-4862-a8c4-2aeb25c5fcde,options,source_provided,True,True,"[""正确"", ""错误""]","[""正确"", ""错误""]",matched
t160-quality-20261007T013645Z-cd518eac-05-IMP-SCAN-r2,IMP-SCAN,2,automatic,5f47ee64-edec-5327-9172-bb8454c7640d,b7fb34c8-8cb6-4862-a8c4-2aeb25c5fcde,reference_answer,known_missing,True,True,,,matched
t160-quality-20261007T013645Z-cd518eac-05-IMP-SCAN-r2,IMP-SCAN,2,automatic,5f47ee64-edec-5327-9172-bb8454c7640d,b7fb34c8-8cb6-4862-a8c4-2aeb25c5fcde,analysis,known_missing,True,True,,,matched
t160-quality-20261007T013645Z-cd518eac-05-IMP-SCAN-r2,IMP-SCAN,2,automatic,5f47ee64-edec-5327-9172-bb8454c7640d,b7fb34c8-8cb6-4862-a8c4-2aeb25c5fcde,score,source_provided,True,True,2.00,2.00,matched
t160-quality-20261007T013645Z-cd518eac-05-IMP-SCAN-r2,IMP-SCAN,2,automatic,5f47ee64-edec-5327-9172-bb8454c7640d,b7fb34c8-8cb6-4862-a8c4-2aeb25c5fcde,scoring_rubric,known_missing,True,True,,,matched
t160-quality-20261007T013645Z-cd518eac-05-IMP-SCAN-r2,IMP-SCAN,2,automatic,5f47ee64-edec-5327-9172-bb8454c7640d,b7fb34c8-8cb6-4862-a8c4-2aeb25c5fcde,knowledge_points,known_missing,True,True,[],[],matched
t160-quality-20261007T013645Z-cd518eac-05-IMP-SCAN-r2,IMP-SCAN,2,automatic,5f47ee64-edec-5327-9172-bb8454c7640d,b7fb34c8-8cb6-4862-a8c4-2aeb25c5fcde,source_regions,unknown,False,,,,reference_unknown
t160-quality-20261007T013645Z-cd518eac-05-IMP-SCAN-r2,IMP-SCAN,2,automatic,5f47ee64-edec-5327-9172-bb8454c7640d,b7fb34c8-8cb6-4862-a8c4-2aeb25c5fcde,assets,source_provided,True,False,"[{""asset_type"": ""figure"", ""source_page_number"": 1, ""order_index"": 1}]",,matched
t160-quality-20261007T013645Z-cd518eac-05-IMP-SCAN-r2,IMP-SCAN,2,automatic,d6acd365-a6d5-5eb8-9b54-66f26a915094,1f4bd954-f62e-46eb-86c0-e70649fe27b9,question_number,source_provided,True,True,3,3,matched
t160-quality-20261007T013645Z-cd518eac-05-IMP-SCAN-r2,IMP-SCAN,2,automatic,d6acd365-a6d5-5eb8-9b54-66f26a915094,1f4bd954-f62e-46eb-86c0-e70649fe27b9,order_index,source_provided,True,True,3,3,matched
t160-quality-20261007T013645Z-cd518eac-05-IMP-SCAN-r2,IMP-SCAN,2,automatic,d6acd365-a6d5-5eb8-9b54-66f26a915094,1f4bd954-f62e-46eb-86c0-e70649fe27b9,source_page_numbers,source_provided,True,True,[1],[1],matched
t160-quality-20261007T013645Z-cd518eac-05-IMP-SCAN-r2,IMP-SCAN,2,automatic,d6acd365-a6d5-5eb8-9b54-66f26a915094,1f4bd954-f62e-46eb-86c0-e70649fe27b9,question_type,source_provided,True,True,SHORT_ANSWER,SHORT_ANSWER,matched
t160-quality-20261007T013645Z-cd518eac-05-IMP-SCAN-r2,IMP-SCAN,2,automatic,d6acd365-a6d5-5eb8-9b54-66f26a915094,1f4bd954-f62e-46eb-86c0-e70649fe27b9,content,source_provided,True,True,根据下表写出 y 关于 x 的关系式。,根据下表写出 y 关于 x 的关系式。,matched
t160-quality-20261007T013645Z-cd518eac-05-IMP-SCAN-r2,IMP-SCAN,2,automatic,d6acd365-a6d5-5eb8-9b54-66f26a915094,1f4bd954-f62e-46eb-86c0-e70649fe27b9,options,not_applicable,True,True,,,matched
t160-quality-20261007T013645Z-cd518eac-05-IMP-SCAN-r2,IMP-SCAN,2,automatic,d6acd365-a6d5-5eb8-9b54-66f26a915094,1f4bd954-f62e-46eb-86c0-e70649fe27b9,reference_answer,known_missing,True,True,,,matched
t160-quality-20261007T013645Z-cd518eac-05-IMP-SCAN-r2,IMP-SCAN,2,automatic,d6acd365-a6d5-5eb8-9b54-66f26a915094,1f4bd954-f62e-46eb-86c0-e70649fe27b9,analysis,known_missing,True,True,,,matched
t160-quality-20261007T013645Z-cd518eac-05-IMP-SCAN-r2,IMP-SCAN,2,automatic,d6acd365-a6d5-5eb8-9b54-66f26a915094,1f4bd954-f62e-46eb-86c0-e70649fe27b9,score,source_provided,True,True,3.00,3.00,matched
t160-quality-20261007T013645Z-cd518eac-05-IMP-SCAN-r2,IMP-SCAN,2,automatic,d6acd365-a6d5-5eb8-9b54-66f26a915094,1f4bd954-f62e-46eb-86c0-e70649fe27b9,scoring_rubric,source_provided,True,False,正确关系式 1.00；说明代入过程 2.00。,正确关系式1.00；说明代入过程2.00。,matched
t160-quality-20261007T013645Z-cd518eac-05-IMP-SCAN-r2,IMP-SCAN,2,automatic,d6acd365-a6d5-5eb8-9b54-66f26a915094,1f4bd954-f62e-46eb-86c0-e70649fe27b9,knowledge_points,source_provided,True,True,"[""一次函数"", ""表达与计算""]","[""一次函数"", ""表达与计算""]",matched
t160-quality-20261007T013645Z-cd518eac-05-IMP-SCAN-r2,IMP-SCAN,2,automatic,d6acd365-a6d5-5eb8-9b54-66f26a915094,1f4bd954-f62e-46eb-86c0-e70649fe27b9,source_regions,unknown,False,,,,reference_unknown
t160-quality-20261007T013645Z-cd518eac-05-IMP-SCAN-r2,IMP-SCAN,2,automatic,d6acd365-a6d5-5eb8-9b54-66f26a915094,1f4bd954-f62e-46eb-86c0-e70649fe27b9,assets,source_provided,True,False,"[{""asset_type"": ""table"", ""source_page_number"": 1, ""order_index"": 1}]",,matched
t160-quality-20261007T013645Z-cd518eac-05-IMP-SCAN-r2,IMP-SCAN,2,assisted_corrected,74d666eb-fc46-5106-8ea2-ea5c967c6457,f4844197-e492-4cca-8d6e-975b8dd37e2e,question_number,source_provided,True,True,1,1,matched
t160-quality-20261007T013645Z-cd518eac-05-IMP-SCAN-r2,IMP-SCAN,2,assisted_corrected,74d666eb-fc46-5106-8ea2-ea5c967c6457,f4844197-e492-4cca-8d6e-975b8dd37e2e,order_index,source_provided,True,True,1,1,matched
t160-quality-20261007T013645Z-cd518eac-05-IMP-SCAN-r2,IMP-SCAN,2,assisted_corrected,74d666eb-fc46-5106-8ea2-ea5c967c6457,f4844197-e492-4cca-8d6e-975b8dd37e2e,source_page_numbers,source_provided,True,True,[1],[1],matched
t160-quality-20261007T013645Z-cd518eac-05-IMP-SCAN-r2,IMP-SCAN,2,assisted_corrected,74d666eb-fc46-5106-8ea2-ea5c967c6457,f4844197-e492-4cca-8d6e-975b8dd37e2e,question_type,source_provided,True,True,SINGLE_CHOICE,SINGLE_CHOICE,matched
t160-quality-20261007T013645Z-cd518eac-05-IMP-SCAN-r2,IMP-SCAN,2,assisted_corrected,74d666eb-fc46-5106-8ea2-ea5c967c6457,f4844197-e492-4cca-8d6e-975b8dd37e2e,content,source_provided,True,True,y = 2x + 1，x = 3 时 y 为多少？,y = 2x + 1，x = 3 时 y 为多少？,matched
t160-quality-20261007T013645Z-cd518eac-05-IMP-SCAN-r2,IMP-SCAN,2,assisted_corrected,74d666eb-fc46-5106-8ea2-ea5c967c6457,f4844197-e492-4cca-8d6e-975b8dd37e2e,options,source_provided,True,True,"{""C"": ""7"", ""A"": ""5"", ""B"": ""6"", ""D"": ""8""}","{""C"": ""7"", ""A"": ""5"", ""B"": ""6"", ""D"": ""8""}",matched
t160-quality-20261007T013645Z-cd518eac-05-IMP-SCAN-r2,IMP-SCAN,2,assisted_corrected,74d666eb-fc46-5106-8ea2-ea5c967c6457,f4844197-e492-4cca-8d6e-975b8dd37e2e,reference_answer,source_provided,True,True,C,C,matched
t160-quality-20261007T013645Z-cd518eac-05-IMP-SCAN-r2,IMP-SCAN,2,assisted_corrected,74d666eb-fc46-5106-8ea2-ea5c967c6457,f4844197-e492-4cca-8d6e-975b8dd37e2e,analysis,source_provided,True,True,2 × 3 + 1 = 7。,2 × 3 + 1 = 7。,matched
t160-quality-20261007T013645Z-cd518eac-05-IMP-SCAN-r2,IMP-SCAN,2,assisted_corrected,74d666eb-fc46-5106-8ea2-ea5c967c6457,f4844197-e492-4cca-8d6e-975b8dd37e2e,score,source_provided,True,True,2.00,2.00,matched
t160-quality-20261007T013645Z-cd518eac-05-IMP-SCAN-r2,IMP-SCAN,2,assisted_corrected,74d666eb-fc46-5106-8ea2-ea5c967c6457,f4844197-e492-4cca-8d6e-975b8dd37e2e,scoring_rubric,known_missing,True,True,,,matched
t160-quality-20261007T013645Z-cd518eac-05-IMP-SCAN-r2,IMP-SCAN,2,assisted_corrected,74d666eb-fc46-5106-8ea2-ea5c967c6457,f4844197-e492-4cca-8d6e-975b8dd37e2e,knowledge_points,known_missing,True,True,[],[],matched
t160-quality-20261007T013645Z-cd518eac-05-IMP-SCAN-r2,IMP-SCAN,2,assisted_corrected,74d666eb-fc46-5106-8ea2-ea5c967c6457,f4844197-e492-4cca-8d6e-975b8dd37e2e,source_regions,unknown,False,,,,reference_unknown
t160-quality-20261007T013645Z-cd518eac-05-IMP-SCAN-r2,IMP-SCAN,2,assisted_corrected,74d666eb-fc46-5106-8ea2-ea5c967c6457,f4844197-e492-4cca-8d6e-975b8dd37e2e,assets,source_provided,True,True,[],[],matched
t160-quality-20261007T013645Z-cd518eac-05-IMP-SCAN-r2,IMP-SCAN,2,assisted_corrected,5f47ee64-edec-5327-9172-bb8454c7640d,b7fb34c8-8cb6-4862-a8c4-2aeb25c5fcde,question_number,source_provided,True,True,2,2,matched
t160-quality-20261007T013645Z-cd518eac-05-IMP-SCAN-r2,IMP-SCAN,2,assisted_corrected,5f47ee64-edec-5327-9172-bb8454c7640d,b7fb34c8-8cb6-4862-a8c4-2aeb25c5fcde,order_index,source_provided,True,True,2,2,matched
t160-quality-20261007T013645Z-cd518eac-05-IMP-SCAN-r2,IMP-SCAN,2,assisted_corrected,5f47ee64-edec-5327-9172-bb8454c7640d,b7fb34c8-8cb6-4862-a8c4-2aeb25c5fcde,source_page_numbers,source_provided,True,True,[1],[1],matched
t160-quality-20261007T013645Z-cd518eac-05-IMP-SCAN-r2,IMP-SCAN,2,assisted_corrected,5f47ee64-edec-5327-9172-bb8454c7640d,b7fb34c8-8cb6-4862-a8c4-2aeb25c5fcde,question_type,source_provided,True,True,TRUE_FALSE,TRUE_FALSE,matched
t160-quality-20261007T013645Z-cd518eac-05-IMP-SCAN-r2,IMP-SCAN,2,assisted_corrected,5f47ee64-edec-5327-9172-bb8454c7640d,b7fb34c8-8cb6-4862-a8c4-2aeb25c5fcde,content,source_provided,True,True,右图三角形面积为 24 cm²。,右图三角形面积为 24 cm²。,matched
t160-quality-20261007T013645Z-cd518eac-05-IMP-SCAN-r2,IMP-SCAN,2,assisted_corrected,5f47ee64-edec-5327-9172-bb8454c7640d,b7fb34c8-8cb6-4862-a8c4-2aeb25c5fcde,options,source_provided,True,True,"[""正确"", ""错误""]","[""正确"", ""错误""]",matched
t160-quality-20261007T013645Z-cd518eac-05-IMP-SCAN-r2,IMP-SCAN,2,assisted_corrected,5f47ee64-edec-5327-9172-bb8454c7640d,b7fb34c8-8cb6-4862-a8c4-2aeb25c5fcde,reference_answer,known_missing,True,True,,,matched
t160-quality-20261007T013645Z-cd518eac-05-IMP-SCAN-r2,IMP-SCAN,2,assisted_corrected,5f47ee64-edec-5327-9172-bb8454c7640d,b7fb34c8-8cb6-4862-a8c4-2aeb25c5fcde,analysis,known_missing,True,True,,,matched
t160-quality-20261007T013645Z-cd518eac-05-IMP-SCAN-r2,IMP-SCAN,2,assisted_corrected,5f47ee64-edec-5327-9172-bb8454c7640d,b7fb34c8-8cb6-4862-a8c4-2aeb25c5fcde,score,source_provided,True,True,2.00,2.00,matched
t160-quality-20261007T013645Z-cd518eac-05-IMP-SCAN-r2,IMP-SCAN,2,assisted_corrected,5f47ee64-edec-5327-9172-bb8454c7640d,b7fb34c8-8cb6-4862-a8c4-2aeb25c5fcde,scoring_rubric,known_missing,True,True,,,matched
t160-quality-20261007T013645Z-cd518eac-05-IMP-SCAN-r2,IMP-SCAN,2,assisted_corrected,5f47ee64-edec-5327-9172-bb8454c7640d,b7fb34c8-8cb6-4862-a8c4-2aeb25c5fcde,knowledge_points,known_missing,True,True,[],[],matched
t160-quality-20261007T013645Z-cd518eac-05-IMP-SCAN-r2,IMP-SCAN,2,assisted_corrected,5f47ee64-edec-5327-9172-bb8454c7640d,b7fb34c8-8cb6-4862-a8c4-2aeb25c5fcde,source_regions,unknown,False,,,,reference_unknown
t160-quality-20261007T013645Z-cd518eac-05-IMP-SCAN-r2,IMP-SCAN,2,assisted_corrected,5f47ee64-edec-5327-9172-bb8454c7640d,b7fb34c8-8cb6-4862-a8c4-2aeb25c5fcde,assets,source_provided,True,False,"[{""asset_type"": ""figure"", ""source_page_number"": 1, ""order_index"": 1}]",,matched
t160-quality-20261007T013645Z-cd518eac-05-IMP-SCAN-r2,IMP-SCAN,2,assisted_corrected,d6acd365-a6d5-5eb8-9b54-66f26a915094,1f4bd954-f62e-46eb-86c0-e70649fe27b9,question_number,source_provided,True,True,3,3,matched
t160-quality-20261007T013645Z-cd518eac-05-IMP-SCAN-r2,IMP-SCAN,2,assisted_corrected,d6acd365-a6d5-5eb8-9b54-66f26a915094,1f4bd954-f62e-46eb-86c0-e70649fe27b9,order_index,source_provided,True,True,3,3,matched
t160-quality-20261007T013645Z-cd518eac-05-IMP-SCAN-r2,IMP-SCAN,2,assisted_corrected,d6acd365-a6d5-5eb8-9b54-66f26a915094,1f4bd954-f62e-46eb-86c0-e70649fe27b9,source_page_numbers,source_provided,True,True,[1],[1],matched
t160-quality-20261007T013645Z-cd518eac-05-IMP-SCAN-r2,IMP-SCAN,2,assisted_corrected,d6acd365-a6d5-5eb8-9b54-66f26a915094,1f4bd954-f62e-46eb-86c0-e70649fe27b9,question_type,source_provided,True,True,SHORT_ANSWER,SHORT_ANSWER,matched
t160-quality-20261007T013645Z-cd518eac-05-IMP-SCAN-r2,IMP-SCAN,2,assisted_corrected,d6acd365-a6d5-5eb8-9b54-66f26a915094,1f4bd954-f62e-46eb-86c0-e70649fe27b9,content,source_provided,True,True,根据下表写出 y 关于 x 的关系式。,根据下表写出 y 关于 x 的关系式。,matched
t160-quality-20261007T013645Z-cd518eac-05-IMP-SCAN-r2,IMP-SCAN,2,assisted_corrected,d6acd365-a6d5-5eb8-9b54-66f26a915094,1f4bd954-f62e-46eb-86c0-e70649fe27b9,options,not_applicable,True,True,,,matched
t160-quality-20261007T013645Z-cd518eac-05-IMP-SCAN-r2,IMP-SCAN,2,assisted_corrected,d6acd365-a6d5-5eb8-9b54-66f26a915094,1f4bd954-f62e-46eb-86c0-e70649fe27b9,reference_answer,known_missing,True,True,,,matched
t160-quality-20261007T013645Z-cd518eac-05-IMP-SCAN-r2,IMP-SCAN,2,assisted_corrected,d6acd365-a6d5-5eb8-9b54-66f26a915094,1f4bd954-f62e-46eb-86c0-e70649fe27b9,analysis,known_missing,True,True,,,matched
t160-quality-20261007T013645Z-cd518eac-05-IMP-SCAN-r2,IMP-SCAN,2,assisted_corrected,d6acd365-a6d5-5eb8-9b54-66f26a915094,1f4bd954-f62e-46eb-86c0-e70649fe27b9,score,source_provided,True,True,3.00,3.00,matched
t160-quality-20261007T013645Z-cd518eac-05-IMP-SCAN-r2,IMP-SCAN,2,assisted_corrected,d6acd365-a6d5-5eb8-9b54-66f26a915094,1f4bd954-f62e-46eb-86c0-e70649fe27b9,scoring_rubric,source_provided,True,True,正确关系式 1.00；说明代入过程 2.00。,正确关系式 1.00；说明代入过程 2.00。,matched
t160-quality-20261007T013645Z-cd518eac-05-IMP-SCAN-r2,IMP-SCAN,2,assisted_corrected,d6acd365-a6d5-5eb8-9b54-66f26a915094,1f4bd954-f62e-46eb-86c0-e70649fe27b9,knowledge_points,source_provided,True,True,"[""一次函数"", ""表达与计算""]","[""一次函数"", ""表达与计算""]",matched
t160-quality-20261007T013645Z-cd518eac-05-IMP-SCAN-r2,IMP-SCAN,2,assisted_corrected,d6acd365-a6d5-5eb8-9b54-66f26a915094,1f4bd954-f62e-46eb-86c0-e70649fe27b9,source_regions,unknown,False,,,,reference_unknown
t160-quality-20261007T013645Z-cd518eac-05-IMP-SCAN-r2,IMP-SCAN,2,assisted_corrected,d6acd365-a6d5-5eb8-9b54-66f26a915094,1f4bd954-f62e-46eb-86c0-e70649fe27b9,assets,source_provided,True,False,"[{""asset_type"": ""table"", ""source_page_number"": 1, ""order_index"": 1}]",,matched
t160-quality-20261007T013645Z-cd518eac-06-IMP-SCAN-r3,IMP-SCAN,3,automatic,74d666eb-fc46-5106-8ea2-ea5c967c6457,b949a76d-b32e-41bc-ad12-d7e46a1d32de,question_number,source_provided,True,True,1,1,matched
t160-quality-20261007T013645Z-cd518eac-06-IMP-SCAN-r3,IMP-SCAN,3,automatic,74d666eb-fc46-5106-8ea2-ea5c967c6457,b949a76d-b32e-41bc-ad12-d7e46a1d32de,order_index,source_provided,True,True,1,1,matched
t160-quality-20261007T013645Z-cd518eac-06-IMP-SCAN-r3,IMP-SCAN,3,automatic,74d666eb-fc46-5106-8ea2-ea5c967c6457,b949a76d-b32e-41bc-ad12-d7e46a1d32de,source_page_numbers,source_provided,True,True,[1],[1],matched
t160-quality-20261007T013645Z-cd518eac-06-IMP-SCAN-r3,IMP-SCAN,3,automatic,74d666eb-fc46-5106-8ea2-ea5c967c6457,b949a76d-b32e-41bc-ad12-d7e46a1d32de,question_type,source_provided,True,True,SINGLE_CHOICE,SINGLE_CHOICE,matched
t160-quality-20261007T013645Z-cd518eac-06-IMP-SCAN-r3,IMP-SCAN,3,automatic,74d666eb-fc46-5106-8ea2-ea5c967c6457,b949a76d-b32e-41bc-ad12-d7e46a1d32de,content,source_provided,True,True,y = 2x + 1，x = 3 时 y 为多少？,y = 2x + 1，x = 3 时 y 为多少？,matched
t160-quality-20261007T013645Z-cd518eac-06-IMP-SCAN-r3,IMP-SCAN,3,automatic,74d666eb-fc46-5106-8ea2-ea5c967c6457,b949a76d-b32e-41bc-ad12-d7e46a1d32de,options,source_provided,True,True,"{""C"": ""7"", ""A"": ""5"", ""B"": ""6"", ""D"": ""8""}","{""C"": ""7"", ""A"": ""5"", ""B"": ""6"", ""D"": ""8""}",matched
t160-quality-20261007T013645Z-cd518eac-06-IMP-SCAN-r3,IMP-SCAN,3,automatic,74d666eb-fc46-5106-8ea2-ea5c967c6457,b949a76d-b32e-41bc-ad12-d7e46a1d32de,reference_answer,source_provided,True,True,C,C,matched
t160-quality-20261007T013645Z-cd518eac-06-IMP-SCAN-r3,IMP-SCAN,3,automatic,74d666eb-fc46-5106-8ea2-ea5c967c6457,b949a76d-b32e-41bc-ad12-d7e46a1d32de,analysis,source_provided,True,False,2 × 3 + 1 = 7。,2 × 3 +1=7。,matched
t160-quality-20261007T013645Z-cd518eac-06-IMP-SCAN-r3,IMP-SCAN,3,automatic,74d666eb-fc46-5106-8ea2-ea5c967c6457,b949a76d-b32e-41bc-ad12-d7e46a1d32de,score,source_provided,True,True,2.00,2.00,matched
t160-quality-20261007T013645Z-cd518eac-06-IMP-SCAN-r3,IMP-SCAN,3,automatic,74d666eb-fc46-5106-8ea2-ea5c967c6457,b949a76d-b32e-41bc-ad12-d7e46a1d32de,scoring_rubric,known_missing,True,True,,,matched
t160-quality-20261007T013645Z-cd518eac-06-IMP-SCAN-r3,IMP-SCAN,3,automatic,74d666eb-fc46-5106-8ea2-ea5c967c6457,b949a76d-b32e-41bc-ad12-d7e46a1d32de,knowledge_points,known_missing,True,True,[],[],matched
t160-quality-20261007T013645Z-cd518eac-06-IMP-SCAN-r3,IMP-SCAN,3,automatic,74d666eb-fc46-5106-8ea2-ea5c967c6457,b949a76d-b32e-41bc-ad12-d7e46a1d32de,source_regions,unknown,False,,,,reference_unknown
t160-quality-20261007T013645Z-cd518eac-06-IMP-SCAN-r3,IMP-SCAN,3,automatic,74d666eb-fc46-5106-8ea2-ea5c967c6457,b949a76d-b32e-41bc-ad12-d7e46a1d32de,assets,source_provided,True,False,[],,matched
t160-quality-20261007T013645Z-cd518eac-06-IMP-SCAN-r3,IMP-SCAN,3,automatic,5f47ee64-edec-5327-9172-bb8454c7640d,1c7dbce7-0129-4c26-af42-6cd108f4a263,question_number,source_provided,True,True,2,2,matched
t160-quality-20261007T013645Z-cd518eac-06-IMP-SCAN-r3,IMP-SCAN,3,automatic,5f47ee64-edec-5327-9172-bb8454c7640d,1c7dbce7-0129-4c26-af42-6cd108f4a263,order_index,source_provided,True,True,2,2,matched
t160-quality-20261007T013645Z-cd518eac-06-IMP-SCAN-r3,IMP-SCAN,3,automatic,5f47ee64-edec-5327-9172-bb8454c7640d,1c7dbce7-0129-4c26-af42-6cd108f4a263,source_page_numbers,source_provided,True,True,[1],[1],matched
t160-quality-20261007T013645Z-cd518eac-06-IMP-SCAN-r3,IMP-SCAN,3,automatic,5f47ee64-edec-5327-9172-bb8454c7640d,1c7dbce7-0129-4c26-af42-6cd108f4a263,question_type,source_provided,True,True,TRUE_FALSE,TRUE_FALSE,matched
t160-quality-20261007T013645Z-cd518eac-06-IMP-SCAN-r3,IMP-SCAN,3,automatic,5f47ee64-edec-5327-9172-bb8454c7640d,1c7dbce7-0129-4c26-af42-6cd108f4a263,content,source_provided,True,True,右图三角形面积为 24 cm²。,右图三角形面积为 24 cm²。,matched
t160-quality-20261007T013645Z-cd518eac-06-IMP-SCAN-r3,IMP-SCAN,3,automatic,5f47ee64-edec-5327-9172-bb8454c7640d,1c7dbce7-0129-4c26-af42-6cd108f4a263,options,source_provided,True,True,"[""正确"", ""错误""]","[""正确"", ""错误""]",matched
t160-quality-20261007T013645Z-cd518eac-06-IMP-SCAN-r3,IMP-SCAN,3,automatic,5f47ee64-edec-5327-9172-bb8454c7640d,1c7dbce7-0129-4c26-af42-6cd108f4a263,reference_answer,known_missing,True,True,,,matched
t160-quality-20261007T013645Z-cd518eac-06-IMP-SCAN-r3,IMP-SCAN,3,automatic,5f47ee64-edec-5327-9172-bb8454c7640d,1c7dbce7-0129-4c26-af42-6cd108f4a263,analysis,known_missing,True,True,,,matched
t160-quality-20261007T013645Z-cd518eac-06-IMP-SCAN-r3,IMP-SCAN,3,automatic,5f47ee64-edec-5327-9172-bb8454c7640d,1c7dbce7-0129-4c26-af42-6cd108f4a263,score,source_provided,True,True,2.00,2.00,matched
t160-quality-20261007T013645Z-cd518eac-06-IMP-SCAN-r3,IMP-SCAN,3,automatic,5f47ee64-edec-5327-9172-bb8454c7640d,1c7dbce7-0129-4c26-af42-6cd108f4a263,scoring_rubric,known_missing,True,True,,,matched
t160-quality-20261007T013645Z-cd518eac-06-IMP-SCAN-r3,IMP-SCAN,3,automatic,5f47ee64-edec-5327-9172-bb8454c7640d,1c7dbce7-0129-4c26-af42-6cd108f4a263,knowledge_points,known_missing,True,True,[],[],matched
t160-quality-20261007T013645Z-cd518eac-06-IMP-SCAN-r3,IMP-SCAN,3,automatic,5f47ee64-edec-5327-9172-bb8454c7640d,1c7dbce7-0129-4c26-af42-6cd108f4a263,source_regions,unknown,False,,,,reference_unknown
t160-quality-20261007T013645Z-cd518eac-06-IMP-SCAN-r3,IMP-SCAN,3,automatic,5f47ee64-edec-5327-9172-bb8454c7640d,1c7dbce7-0129-4c26-af42-6cd108f4a263,assets,source_provided,True,False,"[{""asset_type"": ""figure"", ""source_page_number"": 1, ""order_index"": 1}]",,matched
t160-quality-20261007T013645Z-cd518eac-06-IMP-SCAN-r3,IMP-SCAN,3,automatic,d6acd365-a6d5-5eb8-9b54-66f26a915094,3fd85186-32d9-44b3-8335-cacfe501504c,question_number,source_provided,True,True,3,3,matched
t160-quality-20261007T013645Z-cd518eac-06-IMP-SCAN-r3,IMP-SCAN,3,automatic,d6acd365-a6d5-5eb8-9b54-66f26a915094,3fd85186-32d9-44b3-8335-cacfe501504c,order_index,source_provided,True,True,3,3,matched
t160-quality-20261007T013645Z-cd518eac-06-IMP-SCAN-r3,IMP-SCAN,3,automatic,d6acd365-a6d5-5eb8-9b54-66f26a915094,3fd85186-32d9-44b3-8335-cacfe501504c,source_page_numbers,source_provided,True,True,[1],[1],matched
t160-quality-20261007T013645Z-cd518eac-06-IMP-SCAN-r3,IMP-SCAN,3,automatic,d6acd365-a6d5-5eb8-9b54-66f26a915094,3fd85186-32d9-44b3-8335-cacfe501504c,question_type,source_provided,True,True,SHORT_ANSWER,SHORT_ANSWER,matched
t160-quality-20261007T013645Z-cd518eac-06-IMP-SCAN-r3,IMP-SCAN,3,automatic,d6acd365-a6d5-5eb8-9b54-66f26a915094,3fd85186-32d9-44b3-8335-cacfe501504c,content,source_provided,True,True,根据下表写出 y 关于 x 的关系式。,根据下表写出 y 关于 x 的关系式。,matched
t160-quality-20261007T013645Z-cd518eac-06-IMP-SCAN-r3,IMP-SCAN,3,automatic,d6acd365-a6d5-5eb8-9b54-66f26a915094,3fd85186-32d9-44b3-8335-cacfe501504c,options,not_applicable,True,True,,,matched
t160-quality-20261007T013645Z-cd518eac-06-IMP-SCAN-r3,IMP-SCAN,3,automatic,d6acd365-a6d5-5eb8-9b54-66f26a915094,3fd85186-32d9-44b3-8335-cacfe501504c,reference_answer,known_missing,True,True,,,matched
t160-quality-20261007T013645Z-cd518eac-06-IMP-SCAN-r3,IMP-SCAN,3,automatic,d6acd365-a6d5-5eb8-9b54-66f26a915094,3fd85186-32d9-44b3-8335-cacfe501504c,analysis,known_missing,True,True,,,matched
t160-quality-20261007T013645Z-cd518eac-06-IMP-SCAN-r3,IMP-SCAN,3,automatic,d6acd365-a6d5-5eb8-9b54-66f26a915094,3fd85186-32d9-44b3-8335-cacfe501504c,score,source_provided,True,True,3.00,3.00,matched
t160-quality-20261007T013645Z-cd518eac-06-IMP-SCAN-r3,IMP-SCAN,3,automatic,d6acd365-a6d5-5eb8-9b54-66f26a915094,3fd85186-32d9-44b3-8335-cacfe501504c,scoring_rubric,source_provided,True,False,正确关系式 1.00；说明代入过程 2.00。,,matched
t160-quality-20261007T013645Z-cd518eac-06-IMP-SCAN-r3,IMP-SCAN,3,automatic,d6acd365-a6d5-5eb8-9b54-66f26a915094,3fd85186-32d9-44b3-8335-cacfe501504c,knowledge_points,source_provided,True,True,"[""一次函数"", ""表达与计算""]","[""一次函数"", ""表达与计算""]",matched
t160-quality-20261007T013645Z-cd518eac-06-IMP-SCAN-r3,IMP-SCAN,3,automatic,d6acd365-a6d5-5eb8-9b54-66f26a915094,3fd85186-32d9-44b3-8335-cacfe501504c,source_regions,unknown,False,,,,reference_unknown
t160-quality-20261007T013645Z-cd518eac-06-IMP-SCAN-r3,IMP-SCAN,3,automatic,d6acd365-a6d5-5eb8-9b54-66f26a915094,3fd85186-32d9-44b3-8335-cacfe501504c,assets,source_provided,True,False,"[{""asset_type"": ""table"", ""source_page_number"": 1, ""order_index"": 1}]",,matched
t160-quality-20261007T013645Z-cd518eac-06-IMP-SCAN-r3,IMP-SCAN,3,assisted_corrected,74d666eb-fc46-5106-8ea2-ea5c967c6457,b949a76d-b32e-41bc-ad12-d7e46a1d32de,question_number,source_provided,True,True,1,1,matched
t160-quality-20261007T013645Z-cd518eac-06-IMP-SCAN-r3,IMP-SCAN,3,assisted_corrected,74d666eb-fc46-5106-8ea2-ea5c967c6457,b949a76d-b32e-41bc-ad12-d7e46a1d32de,order_index,source_provided,True,True,1,1,matched
t160-quality-20261007T013645Z-cd518eac-06-IMP-SCAN-r3,IMP-SCAN,3,assisted_corrected,74d666eb-fc46-5106-8ea2-ea5c967c6457,b949a76d-b32e-41bc-ad12-d7e46a1d32de,source_page_numbers,source_provided,True,True,[1],[1],matched
t160-quality-20261007T013645Z-cd518eac-06-IMP-SCAN-r3,IMP-SCAN,3,assisted_corrected,74d666eb-fc46-5106-8ea2-ea5c967c6457,b949a76d-b32e-41bc-ad12-d7e46a1d32de,question_type,source_provided,True,True,SINGLE_CHOICE,SINGLE_CHOICE,matched
t160-quality-20261007T013645Z-cd518eac-06-IMP-SCAN-r3,IMP-SCAN,3,assisted_corrected,74d666eb-fc46-5106-8ea2-ea5c967c6457,b949a76d-b32e-41bc-ad12-d7e46a1d32de,content,source_provided,True,True,y = 2x + 1，x = 3 时 y 为多少？,y = 2x + 1，x = 3 时 y 为多少？,matched
t160-quality-20261007T013645Z-cd518eac-06-IMP-SCAN-r3,IMP-SCAN,3,assisted_corrected,74d666eb-fc46-5106-8ea2-ea5c967c6457,b949a76d-b32e-41bc-ad12-d7e46a1d32de,options,source_provided,True,True,"{""C"": ""7"", ""A"": ""5"", ""B"": ""6"", ""D"": ""8""}","{""C"": ""7"", ""A"": ""5"", ""B"": ""6"", ""D"": ""8""}",matched
t160-quality-20261007T013645Z-cd518eac-06-IMP-SCAN-r3,IMP-SCAN,3,assisted_corrected,74d666eb-fc46-5106-8ea2-ea5c967c6457,b949a76d-b32e-41bc-ad12-d7e46a1d32de,reference_answer,source_provided,True,True,C,C,matched
t160-quality-20261007T013645Z-cd518eac-06-IMP-SCAN-r3,IMP-SCAN,3,assisted_corrected,74d666eb-fc46-5106-8ea2-ea5c967c6457,b949a76d-b32e-41bc-ad12-d7e46a1d32de,analysis,source_provided,True,True,2 × 3 + 1 = 7。,2 × 3 + 1 = 7。,matched
t160-quality-20261007T013645Z-cd518eac-06-IMP-SCAN-r3,IMP-SCAN,3,assisted_corrected,74d666eb-fc46-5106-8ea2-ea5c967c6457,b949a76d-b32e-41bc-ad12-d7e46a1d32de,score,source_provided,True,True,2.00,2.00,matched
t160-quality-20261007T013645Z-cd518eac-06-IMP-SCAN-r3,IMP-SCAN,3,assisted_corrected,74d666eb-fc46-5106-8ea2-ea5c967c6457,b949a76d-b32e-41bc-ad12-d7e46a1d32de,scoring_rubric,known_missing,True,True,,,matched
t160-quality-20261007T013645Z-cd518eac-06-IMP-SCAN-r3,IMP-SCAN,3,assisted_corrected,74d666eb-fc46-5106-8ea2-ea5c967c6457,b949a76d-b32e-41bc-ad12-d7e46a1d32de,knowledge_points,known_missing,True,True,[],[],matched
t160-quality-20261007T013645Z-cd518eac-06-IMP-SCAN-r3,IMP-SCAN,3,assisted_corrected,74d666eb-fc46-5106-8ea2-ea5c967c6457,b949a76d-b32e-41bc-ad12-d7e46a1d32de,source_regions,unknown,False,,,,reference_unknown
t160-quality-20261007T013645Z-cd518eac-06-IMP-SCAN-r3,IMP-SCAN,3,assisted_corrected,74d666eb-fc46-5106-8ea2-ea5c967c6457,b949a76d-b32e-41bc-ad12-d7e46a1d32de,assets,source_provided,True,True,[],[],matched
t160-quality-20261007T013645Z-cd518eac-06-IMP-SCAN-r3,IMP-SCAN,3,assisted_corrected,5f47ee64-edec-5327-9172-bb8454c7640d,1c7dbce7-0129-4c26-af42-6cd108f4a263,question_number,source_provided,True,True,2,2,matched
t160-quality-20261007T013645Z-cd518eac-06-IMP-SCAN-r3,IMP-SCAN,3,assisted_corrected,5f47ee64-edec-5327-9172-bb8454c7640d,1c7dbce7-0129-4c26-af42-6cd108f4a263,order_index,source_provided,True,True,2,2,matched
t160-quality-20261007T013645Z-cd518eac-06-IMP-SCAN-r3,IMP-SCAN,3,assisted_corrected,5f47ee64-edec-5327-9172-bb8454c7640d,1c7dbce7-0129-4c26-af42-6cd108f4a263,source_page_numbers,source_provided,True,True,[1],[1],matched
t160-quality-20261007T013645Z-cd518eac-06-IMP-SCAN-r3,IMP-SCAN,3,assisted_corrected,5f47ee64-edec-5327-9172-bb8454c7640d,1c7dbce7-0129-4c26-af42-6cd108f4a263,question_type,source_provided,True,True,TRUE_FALSE,TRUE_FALSE,matched
t160-quality-20261007T013645Z-cd518eac-06-IMP-SCAN-r3,IMP-SCAN,3,assisted_corrected,5f47ee64-edec-5327-9172-bb8454c7640d,1c7dbce7-0129-4c26-af42-6cd108f4a263,content,source_provided,True,True,右图三角形面积为 24 cm²。,右图三角形面积为 24 cm²。,matched
t160-quality-20261007T013645Z-cd518eac-06-IMP-SCAN-r3,IMP-SCAN,3,assisted_corrected,5f47ee64-edec-5327-9172-bb8454c7640d,1c7dbce7-0129-4c26-af42-6cd108f4a263,options,source_provided,True,True,"[""正确"", ""错误""]","[""正确"", ""错误""]",matched
t160-quality-20261007T013645Z-cd518eac-06-IMP-SCAN-r3,IMP-SCAN,3,assisted_corrected,5f47ee64-edec-5327-9172-bb8454c7640d,1c7dbce7-0129-4c26-af42-6cd108f4a263,reference_answer,known_missing,True,True,,,matched
t160-quality-20261007T013645Z-cd518eac-06-IMP-SCAN-r3,IMP-SCAN,3,assisted_corrected,5f47ee64-edec-5327-9172-bb8454c7640d,1c7dbce7-0129-4c26-af42-6cd108f4a263,analysis,known_missing,True,True,,,matched
t160-quality-20261007T013645Z-cd518eac-06-IMP-SCAN-r3,IMP-SCAN,3,assisted_corrected,5f47ee64-edec-5327-9172-bb8454c7640d,1c7dbce7-0129-4c26-af42-6cd108f4a263,score,source_provided,True,True,2.00,2.00,matched
t160-quality-20261007T013645Z-cd518eac-06-IMP-SCAN-r3,IMP-SCAN,3,assisted_corrected,5f47ee64-edec-5327-9172-bb8454c7640d,1c7dbce7-0129-4c26-af42-6cd108f4a263,scoring_rubric,known_missing,True,True,,,matched
t160-quality-20261007T013645Z-cd518eac-06-IMP-SCAN-r3,IMP-SCAN,3,assisted_corrected,5f47ee64-edec-5327-9172-bb8454c7640d,1c7dbce7-0129-4c26-af42-6cd108f4a263,knowledge_points,known_missing,True,True,[],[],matched
t160-quality-20261007T013645Z-cd518eac-06-IMP-SCAN-r3,IMP-SCAN,3,assisted_corrected,5f47ee64-edec-5327-9172-bb8454c7640d,1c7dbce7-0129-4c26-af42-6cd108f4a263,source_regions,unknown,False,,,,reference_unknown
t160-quality-20261007T013645Z-cd518eac-06-IMP-SCAN-r3,IMP-SCAN,3,assisted_corrected,5f47ee64-edec-5327-9172-bb8454c7640d,1c7dbce7-0129-4c26-af42-6cd108f4a263,assets,source_provided,True,False,"[{""asset_type"": ""figure"", ""source_page_number"": 1, ""order_index"": 1}]",,matched
t160-quality-20261007T013645Z-cd518eac-06-IMP-SCAN-r3,IMP-SCAN,3,assisted_corrected,d6acd365-a6d5-5eb8-9b54-66f26a915094,3fd85186-32d9-44b3-8335-cacfe501504c,question_number,source_provided,True,True,3,3,matched
t160-quality-20261007T013645Z-cd518eac-06-IMP-SCAN-r3,IMP-SCAN,3,assisted_corrected,d6acd365-a6d5-5eb8-9b54-66f26a915094,3fd85186-32d9-44b3-8335-cacfe501504c,order_index,source_provided,True,True,3,3,matched
t160-quality-20261007T013645Z-cd518eac-06-IMP-SCAN-r3,IMP-SCAN,3,assisted_corrected,d6acd365-a6d5-5eb8-9b54-66f26a915094,3fd85186-32d9-44b3-8335-cacfe501504c,source_page_numbers,source_provided,True,True,[1],[1],matched
t160-quality-20261007T013645Z-cd518eac-06-IMP-SCAN-r3,IMP-SCAN,3,assisted_corrected,d6acd365-a6d5-5eb8-9b54-66f26a915094,3fd85186-32d9-44b3-8335-cacfe501504c,question_type,source_provided,True,True,SHORT_ANSWER,SHORT_ANSWER,matched
t160-quality-20261007T013645Z-cd518eac-06-IMP-SCAN-r3,IMP-SCAN,3,assisted_corrected,d6acd365-a6d5-5eb8-9b54-66f26a915094,3fd85186-32d9-44b3-8335-cacfe501504c,content,source_provided,True,True,根据下表写出 y 关于 x 的关系式。,根据下表写出 y 关于 x 的关系式。,matched
t160-quality-20261007T013645Z-cd518eac-06-IMP-SCAN-r3,IMP-SCAN,3,assisted_corrected,d6acd365-a6d5-5eb8-9b54-66f26a915094,3fd85186-32d9-44b3-8335-cacfe501504c,options,not_applicable,True,True,,,matched
t160-quality-20261007T013645Z-cd518eac-06-IMP-SCAN-r3,IMP-SCAN,3,assisted_corrected,d6acd365-a6d5-5eb8-9b54-66f26a915094,3fd85186-32d9-44b3-8335-cacfe501504c,reference_answer,known_missing,True,True,,,matched
t160-quality-20261007T013645Z-cd518eac-06-IMP-SCAN-r3,IMP-SCAN,3,assisted_corrected,d6acd365-a6d5-5eb8-9b54-66f26a915094,3fd85186-32d9-44b3-8335-cacfe501504c,analysis,known_missing,True,True,,,matched
t160-quality-20261007T013645Z-cd518eac-06-IMP-SCAN-r3,IMP-SCAN,3,assisted_corrected,d6acd365-a6d5-5eb8-9b54-66f26a915094,3fd85186-32d9-44b3-8335-cacfe501504c,score,source_provided,True,True,3.00,3.00,matched
t160-quality-20261007T013645Z-cd518eac-06-IMP-SCAN-r3,IMP-SCAN,3,assisted_corrected,d6acd365-a6d5-5eb8-9b54-66f26a915094,3fd85186-32d9-44b3-8335-cacfe501504c,scoring_rubric,source_provided,True,True,正确关系式 1.00；说明代入过程 2.00。,正确关系式 1.00；说明代入过程 2.00。,matched
t160-quality-20261007T013645Z-cd518eac-06-IMP-SCAN-r3,IMP-SCAN,3,assisted_corrected,d6acd365-a6d5-5eb8-9b54-66f26a915094,3fd85186-32d9-44b3-8335-cacfe501504c,knowledge_points,source_provided,True,True,"[""一次函数"", ""表达与计算""]","[""一次函数"", ""表达与计算""]",matched
t160-quality-20261007T013645Z-cd518eac-06-IMP-SCAN-r3,IMP-SCAN,3,assisted_corrected,d6acd365-a6d5-5eb8-9b54-66f26a915094,3fd85186-32d9-44b3-8335-cacfe501504c,source_regions,unknown,False,,,,reference_unknown
t160-quality-20261007T013645Z-cd518eac-06-IMP-SCAN-r3,IMP-SCAN,3,assisted_corrected,d6acd365-a6d5-5eb8-9b54-66f26a915094,3fd85186-32d9-44b3-8335-cacfe501504c,assets,source_provided,True,False,"[{""asset_type"": ""table"", ""source_page_number"": 1, ""order_index"": 1}]",,matched
t160-quality-20261007T013645Z-cd518eac-07-IMP-IMAGE-r1,IMP-IMAGE,1,automatic,c4d750a5-4dc4-5a35-83e2-dee4ca44aca1,f00b0aac-3beb-4286-92f6-cd99ee3af2bd,question_number,source_provided,True,True,1,1,matched
t160-quality-20261007T013645Z-cd518eac-07-IMP-IMAGE-r1,IMP-IMAGE,1,automatic,c4d750a5-4dc4-5a35-83e2-dee4ca44aca1,f00b0aac-3beb-4286-92f6-cd99ee3af2bd,order_index,source_provided,True,True,1,1,matched
t160-quality-20261007T013645Z-cd518eac-07-IMP-IMAGE-r1,IMP-IMAGE,1,automatic,c4d750a5-4dc4-5a35-83e2-dee4ca44aca1,f00b0aac-3beb-4286-92f6-cd99ee3af2bd,source_page_numbers,source_provided,True,True,[1],[1],matched
t160-quality-20261007T013645Z-cd518eac-07-IMP-IMAGE-r1,IMP-IMAGE,1,automatic,c4d750a5-4dc4-5a35-83e2-dee4ca44aca1,f00b0aac-3beb-4286-92f6-cd99ee3af2bd,question_type,source_provided,True,True,SINGLE_CHOICE,SINGLE_CHOICE,matched
t160-quality-20261007T013645Z-cd518eac-07-IMP-IMAGE-r1,IMP-IMAGE,1,automatic,c4d750a5-4dc4-5a35-83e2-dee4ca44aca1,f00b0aac-3beb-4286-92f6-cd99ee3af2bd,content,source_provided,True,True,y = 2x + 1，x = 3 时 y 为多少？,y = 2x + 1，x = 3 时 y 为多少？,matched
t160-quality-20261007T013645Z-cd518eac-07-IMP-IMAGE-r1,IMP-IMAGE,1,automatic,c4d750a5-4dc4-5a35-83e2-dee4ca44aca1,f00b0aac-3beb-4286-92f6-cd99ee3af2bd,options,source_provided,True,True,"{""C"": ""7"", ""A"": ""5"", ""B"": ""6"", ""D"": ""8""}","{""C"": ""7"", ""A"": ""5"", ""B"": ""6"", ""D"": ""8""}",matched
t160-quality-20261007T013645Z-cd518eac-07-IMP-IMAGE-r1,IMP-IMAGE,1,automatic,c4d750a5-4dc4-5a35-83e2-dee4ca44aca1,f00b0aac-3beb-4286-92f6-cd99ee3af2bd,reference_answer,source_provided,True,True,C,C,matched
t160-quality-20261007T013645Z-cd518eac-07-IMP-IMAGE-r1,IMP-IMAGE,1,automatic,c4d750a5-4dc4-5a35-83e2-dee4ca44aca1,f00b0aac-3beb-4286-92f6-cd99ee3af2bd,analysis,source_provided,True,False,2 × 3 + 1 = 7。,2 × 3 +1=7。,matched
t160-quality-20261007T013645Z-cd518eac-07-IMP-IMAGE-r1,IMP-IMAGE,1,automatic,c4d750a5-4dc4-5a35-83e2-dee4ca44aca1,f00b0aac-3beb-4286-92f6-cd99ee3af2bd,score,source_provided,True,True,2.00,2.00,matched
t160-quality-20261007T013645Z-cd518eac-07-IMP-IMAGE-r1,IMP-IMAGE,1,automatic,c4d750a5-4dc4-5a35-83e2-dee4ca44aca1,f00b0aac-3beb-4286-92f6-cd99ee3af2bd,scoring_rubric,known_missing,True,True,,,matched
t160-quality-20261007T013645Z-cd518eac-07-IMP-IMAGE-r1,IMP-IMAGE,1,automatic,c4d750a5-4dc4-5a35-83e2-dee4ca44aca1,f00b0aac-3beb-4286-92f6-cd99ee3af2bd,knowledge_points,known_missing,True,True,[],[],matched
t160-quality-20261007T013645Z-cd518eac-07-IMP-IMAGE-r1,IMP-IMAGE,1,automatic,c4d750a5-4dc4-5a35-83e2-dee4ca44aca1,f00b0aac-3beb-4286-92f6-cd99ee3af2bd,source_regions,unknown,False,,,,reference_unknown
t160-quality-20261007T013645Z-cd518eac-07-IMP-IMAGE-r1,IMP-IMAGE,1,automatic,c4d750a5-4dc4-5a35-83e2-dee4ca44aca1,f00b0aac-3beb-4286-92f6-cd99ee3af2bd,assets,source_provided,True,False,[],,matched
t160-quality-20261007T013645Z-cd518eac-07-IMP-IMAGE-r1,IMP-IMAGE,1,automatic,e418791a-1462-52b7-98fe-396ce71b8d48,03919a84-75ca-4bfd-b330-7a665a266eb8,question_number,source_provided,True,True,2,2,matched
t160-quality-20261007T013645Z-cd518eac-07-IMP-IMAGE-r1,IMP-IMAGE,1,automatic,e418791a-1462-52b7-98fe-396ce71b8d48,03919a84-75ca-4bfd-b330-7a665a266eb8,order_index,source_provided,True,True,2,2,matched
t160-quality-20261007T013645Z-cd518eac-07-IMP-IMAGE-r1,IMP-IMAGE,1,automatic,e418791a-1462-52b7-98fe-396ce71b8d48,03919a84-75ca-4bfd-b330-7a665a266eb8,source_page_numbers,source_provided,True,True,[1],[1],matched
t160-quality-20261007T013645Z-cd518eac-07-IMP-IMAGE-r1,IMP-IMAGE,1,automatic,e418791a-1462-52b7-98fe-396ce71b8d48,03919a84-75ca-4bfd-b330-7a665a266eb8,question_type,source_provided,True,True,TRUE_FALSE,TRUE_FALSE,matched
t160-quality-20261007T013645Z-cd518eac-07-IMP-IMAGE-r1,IMP-IMAGE,1,automatic,e418791a-1462-52b7-98fe-396ce71b8d48,03919a84-75ca-4bfd-b330-7a665a266eb8,content,source_provided,True,False,右图三角形面积为 24 cm²。,右图三角形面积为24cm²。,matched
t160-quality-20261007T013645Z-cd518eac-07-IMP-IMAGE-r1,IMP-IMAGE,1,automatic,e418791a-1462-52b7-98fe-396ce71b8d48,03919a84-75ca-4bfd-b330-7a665a266eb8,options,source_provided,True,True,"[""正确"", ""错误""]","[""正确"", ""错误""]",matched
t160-quality-20261007T013645Z-cd518eac-07-IMP-IMAGE-r1,IMP-IMAGE,1,automatic,e418791a-1462-52b7-98fe-396ce71b8d48,03919a84-75ca-4bfd-b330-7a665a266eb8,reference_answer,known_missing,True,True,,,matched
t160-quality-20261007T013645Z-cd518eac-07-IMP-IMAGE-r1,IMP-IMAGE,1,automatic,e418791a-1462-52b7-98fe-396ce71b8d48,03919a84-75ca-4bfd-b330-7a665a266eb8,analysis,known_missing,True,True,,,matched
t160-quality-20261007T013645Z-cd518eac-07-IMP-IMAGE-r1,IMP-IMAGE,1,automatic,e418791a-1462-52b7-98fe-396ce71b8d48,03919a84-75ca-4bfd-b330-7a665a266eb8,score,source_provided,True,True,2.00,2.00,matched
t160-quality-20261007T013645Z-cd518eac-07-IMP-IMAGE-r1,IMP-IMAGE,1,automatic,e418791a-1462-52b7-98fe-396ce71b8d48,03919a84-75ca-4bfd-b330-7a665a266eb8,scoring_rubric,known_missing,True,True,,,matched
t160-quality-20261007T013645Z-cd518eac-07-IMP-IMAGE-r1,IMP-IMAGE,1,automatic,e418791a-1462-52b7-98fe-396ce71b8d48,03919a84-75ca-4bfd-b330-7a665a266eb8,knowledge_points,known_missing,True,True,[],[],matched
t160-quality-20261007T013645Z-cd518eac-07-IMP-IMAGE-r1,IMP-IMAGE,1,automatic,e418791a-1462-52b7-98fe-396ce71b8d48,03919a84-75ca-4bfd-b330-7a665a266eb8,source_regions,unknown,False,,,,reference_unknown
t160-quality-20261007T013645Z-cd518eac-07-IMP-IMAGE-r1,IMP-IMAGE,1,automatic,e418791a-1462-52b7-98fe-396ce71b8d48,03919a84-75ca-4bfd-b330-7a665a266eb8,assets,source_provided,True,False,"[{""asset_type"": ""figure"", ""source_page_number"": 1, ""order_index"": 1}]",,matched
t160-quality-20261007T013645Z-cd518eac-07-IMP-IMAGE-r1,IMP-IMAGE,1,automatic,e5c1555f-e927-575c-b68c-85eb341a3202,94a47554-2879-444a-97b0-c7628517c6fa,question_number,source_provided,True,True,3,3,matched
t160-quality-20261007T013645Z-cd518eac-07-IMP-IMAGE-r1,IMP-IMAGE,1,automatic,e5c1555f-e927-575c-b68c-85eb341a3202,94a47554-2879-444a-97b0-c7628517c6fa,order_index,source_provided,True,True,3,3,matched
t160-quality-20261007T013645Z-cd518eac-07-IMP-IMAGE-r1,IMP-IMAGE,1,automatic,e5c1555f-e927-575c-b68c-85eb341a3202,94a47554-2879-444a-97b0-c7628517c6fa,source_page_numbers,source_provided,True,True,[1],[1],matched
t160-quality-20261007T013645Z-cd518eac-07-IMP-IMAGE-r1,IMP-IMAGE,1,automatic,e5c1555f-e927-575c-b68c-85eb341a3202,94a47554-2879-444a-97b0-c7628517c6fa,question_type,source_provided,True,True,SHORT_ANSWER,SHORT_ANSWER,matched
t160-quality-20261007T013645Z-cd518eac-07-IMP-IMAGE-r1,IMP-IMAGE,1,automatic,e5c1555f-e927-575c-b68c-85eb341a3202,94a47554-2879-444a-97b0-c7628517c6fa,content,source_provided,True,True,根据下表写出 y 关于 x 的关系式。,根据下表写出 y 关于 x 的关系式。,matched
t160-quality-20261007T013645Z-cd518eac-07-IMP-IMAGE-r1,IMP-IMAGE,1,automatic,e5c1555f-e927-575c-b68c-85eb341a3202,94a47554-2879-444a-97b0-c7628517c6fa,options,not_applicable,True,True,,,matched
t160-quality-20261007T013645Z-cd518eac-07-IMP-IMAGE-r1,IMP-IMAGE,1,automatic,e5c1555f-e927-575c-b68c-85eb341a3202,94a47554-2879-444a-97b0-c7628517c6fa,reference_answer,known_missing,True,True,,,matched
t160-quality-20261007T013645Z-cd518eac-07-IMP-IMAGE-r1,IMP-IMAGE,1,automatic,e5c1555f-e927-575c-b68c-85eb341a3202,94a47554-2879-444a-97b0-c7628517c6fa,analysis,known_missing,True,True,,,matched
t160-quality-20261007T013645Z-cd518eac-07-IMP-IMAGE-r1,IMP-IMAGE,1,automatic,e5c1555f-e927-575c-b68c-85eb341a3202,94a47554-2879-444a-97b0-c7628517c6fa,score,source_provided,True,True,3.00,3.00,matched
t160-quality-20261007T013645Z-cd518eac-07-IMP-IMAGE-r1,IMP-IMAGE,1,automatic,e5c1555f-e927-575c-b68c-85eb341a3202,94a47554-2879-444a-97b0-c7628517c6fa,scoring_rubric,source_provided,True,False,正确关系式 1.00；说明代入过程 2.00。,正确关系式1.00；说明代入过程2.00。,matched
t160-quality-20261007T013645Z-cd518eac-07-IMP-IMAGE-r1,IMP-IMAGE,1,automatic,e5c1555f-e927-575c-b68c-85eb341a3202,94a47554-2879-444a-97b0-c7628517c6fa,knowledge_points,source_provided,True,True,"[""一次函数"", ""表达与计算""]","[""一次函数"", ""表达与计算""]",matched
t160-quality-20261007T013645Z-cd518eac-07-IMP-IMAGE-r1,IMP-IMAGE,1,automatic,e5c1555f-e927-575c-b68c-85eb341a3202,94a47554-2879-444a-97b0-c7628517c6fa,source_regions,unknown,False,,,,reference_unknown
t160-quality-20261007T013645Z-cd518eac-07-IMP-IMAGE-r1,IMP-IMAGE,1,automatic,e5c1555f-e927-575c-b68c-85eb341a3202,94a47554-2879-444a-97b0-c7628517c6fa,assets,source_provided,True,False,"[{""asset_type"": ""table"", ""source_page_number"": 1, ""order_index"": 1}]",,matched
t160-quality-20261007T013645Z-cd518eac-07-IMP-IMAGE-r1,IMP-IMAGE,1,assisted_corrected,c4d750a5-4dc4-5a35-83e2-dee4ca44aca1,f00b0aac-3beb-4286-92f6-cd99ee3af2bd,question_number,source_provided,True,True,1,1,matched
t160-quality-20261007T013645Z-cd518eac-07-IMP-IMAGE-r1,IMP-IMAGE,1,assisted_corrected,c4d750a5-4dc4-5a35-83e2-dee4ca44aca1,f00b0aac-3beb-4286-92f6-cd99ee3af2bd,order_index,source_provided,True,True,1,1,matched
t160-quality-20261007T013645Z-cd518eac-07-IMP-IMAGE-r1,IMP-IMAGE,1,assisted_corrected,c4d750a5-4dc4-5a35-83e2-dee4ca44aca1,f00b0aac-3beb-4286-92f6-cd99ee3af2bd,source_page_numbers,source_provided,True,True,[1],[1],matched
t160-quality-20261007T013645Z-cd518eac-07-IMP-IMAGE-r1,IMP-IMAGE,1,assisted_corrected,c4d750a5-4dc4-5a35-83e2-dee4ca44aca1,f00b0aac-3beb-4286-92f6-cd99ee3af2bd,question_type,source_provided,True,True,SINGLE_CHOICE,SINGLE_CHOICE,matched
t160-quality-20261007T013645Z-cd518eac-07-IMP-IMAGE-r1,IMP-IMAGE,1,assisted_corrected,c4d750a5-4dc4-5a35-83e2-dee4ca44aca1,f00b0aac-3beb-4286-92f6-cd99ee3af2bd,content,source_provided,True,True,y = 2x + 1，x = 3 时 y 为多少？,y = 2x + 1，x = 3 时 y 为多少？,matched
t160-quality-20261007T013645Z-cd518eac-07-IMP-IMAGE-r1,IMP-IMAGE,1,assisted_corrected,c4d750a5-4dc4-5a35-83e2-dee4ca44aca1,f00b0aac-3beb-4286-92f6-cd99ee3af2bd,options,source_provided,True,True,"{""C"": ""7"", ""A"": ""5"", ""B"": ""6"", ""D"": ""8""}","{""C"": ""7"", ""A"": ""5"", ""B"": ""6"", ""D"": ""8""}",matched
t160-quality-20261007T013645Z-cd518eac-07-IMP-IMAGE-r1,IMP-IMAGE,1,assisted_corrected,c4d750a5-4dc4-5a35-83e2-dee4ca44aca1,f00b0aac-3beb-4286-92f6-cd99ee3af2bd,reference_answer,source_provided,True,True,C,C,matched
t160-quality-20261007T013645Z-cd518eac-07-IMP-IMAGE-r1,IMP-IMAGE,1,assisted_corrected,c4d750a5-4dc4-5a35-83e2-dee4ca44aca1,f00b0aac-3beb-4286-92f6-cd99ee3af2bd,analysis,source_provided,True,True,2 × 3 + 1 = 7。,2 × 3 + 1 = 7。,matched
t160-quality-20261007T013645Z-cd518eac-07-IMP-IMAGE-r1,IMP-IMAGE,1,assisted_corrected,c4d750a5-4dc4-5a35-83e2-dee4ca44aca1,f00b0aac-3beb-4286-92f6-cd99ee3af2bd,score,source_provided,True,True,2.00,2.00,matched
t160-quality-20261007T013645Z-cd518eac-07-IMP-IMAGE-r1,IMP-IMAGE,1,assisted_corrected,c4d750a5-4dc4-5a35-83e2-dee4ca44aca1,f00b0aac-3beb-4286-92f6-cd99ee3af2bd,scoring_rubric,known_missing,True,True,,,matched
t160-quality-20261007T013645Z-cd518eac-07-IMP-IMAGE-r1,IMP-IMAGE,1,assisted_corrected,c4d750a5-4dc4-5a35-83e2-dee4ca44aca1,f00b0aac-3beb-4286-92f6-cd99ee3af2bd,knowledge_points,known_missing,True,True,[],[],matched
t160-quality-20261007T013645Z-cd518eac-07-IMP-IMAGE-r1,IMP-IMAGE,1,assisted_corrected,c4d750a5-4dc4-5a35-83e2-dee4ca44aca1,f00b0aac-3beb-4286-92f6-cd99ee3af2bd,source_regions,unknown,False,,,,reference_unknown
t160-quality-20261007T013645Z-cd518eac-07-IMP-IMAGE-r1,IMP-IMAGE,1,assisted_corrected,c4d750a5-4dc4-5a35-83e2-dee4ca44aca1,f00b0aac-3beb-4286-92f6-cd99ee3af2bd,assets,source_provided,True,True,[],[],matched
t160-quality-20261007T013645Z-cd518eac-07-IMP-IMAGE-r1,IMP-IMAGE,1,assisted_corrected,e418791a-1462-52b7-98fe-396ce71b8d48,03919a84-75ca-4bfd-b330-7a665a266eb8,question_number,source_provided,True,True,2,2,matched
t160-quality-20261007T013645Z-cd518eac-07-IMP-IMAGE-r1,IMP-IMAGE,1,assisted_corrected,e418791a-1462-52b7-98fe-396ce71b8d48,03919a84-75ca-4bfd-b330-7a665a266eb8,order_index,source_provided,True,True,2,2,matched
t160-quality-20261007T013645Z-cd518eac-07-IMP-IMAGE-r1,IMP-IMAGE,1,assisted_corrected,e418791a-1462-52b7-98fe-396ce71b8d48,03919a84-75ca-4bfd-b330-7a665a266eb8,source_page_numbers,source_provided,True,True,[1],[1],matched
t160-quality-20261007T013645Z-cd518eac-07-IMP-IMAGE-r1,IMP-IMAGE,1,assisted_corrected,e418791a-1462-52b7-98fe-396ce71b8d48,03919a84-75ca-4bfd-b330-7a665a266eb8,question_type,source_provided,True,True,TRUE_FALSE,TRUE_FALSE,matched
t160-quality-20261007T013645Z-cd518eac-07-IMP-IMAGE-r1,IMP-IMAGE,1,assisted_corrected,e418791a-1462-52b7-98fe-396ce71b8d48,03919a84-75ca-4bfd-b330-7a665a266eb8,content,source_provided,True,True,右图三角形面积为 24 cm²。,右图三角形面积为 24 cm²。,matched
t160-quality-20261007T013645Z-cd518eac-07-IMP-IMAGE-r1,IMP-IMAGE,1,assisted_corrected,e418791a-1462-52b7-98fe-396ce71b8d48,03919a84-75ca-4bfd-b330-7a665a266eb8,options,source_provided,True,True,"[""正确"", ""错误""]","[""正确"", ""错误""]",matched
t160-quality-20261007T013645Z-cd518eac-07-IMP-IMAGE-r1,IMP-IMAGE,1,assisted_corrected,e418791a-1462-52b7-98fe-396ce71b8d48,03919a84-75ca-4bfd-b330-7a665a266eb8,reference_answer,known_missing,True,True,,,matched
t160-quality-20261007T013645Z-cd518eac-07-IMP-IMAGE-r1,IMP-IMAGE,1,assisted_corrected,e418791a-1462-52b7-98fe-396ce71b8d48,03919a84-75ca-4bfd-b330-7a665a266eb8,analysis,known_missing,True,True,,,matched
t160-quality-20261007T013645Z-cd518eac-07-IMP-IMAGE-r1,IMP-IMAGE,1,assisted_corrected,e418791a-1462-52b7-98fe-396ce71b8d48,03919a84-75ca-4bfd-b330-7a665a266eb8,score,source_provided,True,True,2.00,2.00,matched
t160-quality-20261007T013645Z-cd518eac-07-IMP-IMAGE-r1,IMP-IMAGE,1,assisted_corrected,e418791a-1462-52b7-98fe-396ce71b8d48,03919a84-75ca-4bfd-b330-7a665a266eb8,scoring_rubric,known_missing,True,True,,,matched
t160-quality-20261007T013645Z-cd518eac-07-IMP-IMAGE-r1,IMP-IMAGE,1,assisted_corrected,e418791a-1462-52b7-98fe-396ce71b8d48,03919a84-75ca-4bfd-b330-7a665a266eb8,knowledge_points,known_missing,True,True,[],[],matched
t160-quality-20261007T013645Z-cd518eac-07-IMP-IMAGE-r1,IMP-IMAGE,1,assisted_corrected,e418791a-1462-52b7-98fe-396ce71b8d48,03919a84-75ca-4bfd-b330-7a665a266eb8,source_regions,unknown,False,,,,reference_unknown
t160-quality-20261007T013645Z-cd518eac-07-IMP-IMAGE-r1,IMP-IMAGE,1,assisted_corrected,e418791a-1462-52b7-98fe-396ce71b8d48,03919a84-75ca-4bfd-b330-7a665a266eb8,assets,source_provided,True,False,"[{""asset_type"": ""figure"", ""source_page_number"": 1, ""order_index"": 1}]",,matched
t160-quality-20261007T013645Z-cd518eac-07-IMP-IMAGE-r1,IMP-IMAGE,1,assisted_corrected,e5c1555f-e927-575c-b68c-85eb341a3202,94a47554-2879-444a-97b0-c7628517c6fa,question_number,source_provided,True,True,3,3,matched
t160-quality-20261007T013645Z-cd518eac-07-IMP-IMAGE-r1,IMP-IMAGE,1,assisted_corrected,e5c1555f-e927-575c-b68c-85eb341a3202,94a47554-2879-444a-97b0-c7628517c6fa,order_index,source_provided,True,True,3,3,matched
t160-quality-20261007T013645Z-cd518eac-07-IMP-IMAGE-r1,IMP-IMAGE,1,assisted_corrected,e5c1555f-e927-575c-b68c-85eb341a3202,94a47554-2879-444a-97b0-c7628517c6fa,source_page_numbers,source_provided,True,True,[1],[1],matched
t160-quality-20261007T013645Z-cd518eac-07-IMP-IMAGE-r1,IMP-IMAGE,1,assisted_corrected,e5c1555f-e927-575c-b68c-85eb341a3202,94a47554-2879-444a-97b0-c7628517c6fa,question_type,source_provided,True,True,SHORT_ANSWER,SHORT_ANSWER,matched
t160-quality-20261007T013645Z-cd518eac-07-IMP-IMAGE-r1,IMP-IMAGE,1,assisted_corrected,e5c1555f-e927-575c-b68c-85eb341a3202,94a47554-2879-444a-97b0-c7628517c6fa,content,source_provided,True,True,根据下表写出 y 关于 x 的关系式。,根据下表写出 y 关于 x 的关系式。,matched
t160-quality-20261007T013645Z-cd518eac-07-IMP-IMAGE-r1,IMP-IMAGE,1,assisted_corrected,e5c1555f-e927-575c-b68c-85eb341a3202,94a47554-2879-444a-97b0-c7628517c6fa,options,not_applicable,True,True,,,matched
t160-quality-20261007T013645Z-cd518eac-07-IMP-IMAGE-r1,IMP-IMAGE,1,assisted_corrected,e5c1555f-e927-575c-b68c-85eb341a3202,94a47554-2879-444a-97b0-c7628517c6fa,reference_answer,known_missing,True,True,,,matched
t160-quality-20261007T013645Z-cd518eac-07-IMP-IMAGE-r1,IMP-IMAGE,1,assisted_corrected,e5c1555f-e927-575c-b68c-85eb341a3202,94a47554-2879-444a-97b0-c7628517c6fa,analysis,known_missing,True,True,,,matched
t160-quality-20261007T013645Z-cd518eac-07-IMP-IMAGE-r1,IMP-IMAGE,1,assisted_corrected,e5c1555f-e927-575c-b68c-85eb341a3202,94a47554-2879-444a-97b0-c7628517c6fa,score,source_provided,True,True,3.00,3.00,matched
t160-quality-20261007T013645Z-cd518eac-07-IMP-IMAGE-r1,IMP-IMAGE,1,assisted_corrected,e5c1555f-e927-575c-b68c-85eb341a3202,94a47554-2879-444a-97b0-c7628517c6fa,scoring_rubric,source_provided,True,True,正确关系式 1.00；说明代入过程 2.00。,正确关系式 1.00；说明代入过程 2.00。,matched
t160-quality-20261007T013645Z-cd518eac-07-IMP-IMAGE-r1,IMP-IMAGE,1,assisted_corrected,e5c1555f-e927-575c-b68c-85eb341a3202,94a47554-2879-444a-97b0-c7628517c6fa,knowledge_points,source_provided,True,True,"[""一次函数"", ""表达与计算""]","[""一次函数"", ""表达与计算""]",matched
t160-quality-20261007T013645Z-cd518eac-07-IMP-IMAGE-r1,IMP-IMAGE,1,assisted_corrected,e5c1555f-e927-575c-b68c-85eb341a3202,94a47554-2879-444a-97b0-c7628517c6fa,source_regions,unknown,False,,,,reference_unknown
t160-quality-20261007T013645Z-cd518eac-07-IMP-IMAGE-r1,IMP-IMAGE,1,assisted_corrected,e5c1555f-e927-575c-b68c-85eb341a3202,94a47554-2879-444a-97b0-c7628517c6fa,assets,source_provided,True,False,"[{""asset_type"": ""table"", ""source_page_number"": 1, ""order_index"": 1}]",,matched
t160-quality-20261007T013645Z-cd518eac-08-IMP-IMAGE-r2,IMP-IMAGE,2,automatic,c4d750a5-4dc4-5a35-83e2-dee4ca44aca1,6edbe62e-332b-47d6-b86f-cd7fd7a475b6,question_number,source_provided,True,True,1,1,matched
t160-quality-20261007T013645Z-cd518eac-08-IMP-IMAGE-r2,IMP-IMAGE,2,automatic,c4d750a5-4dc4-5a35-83e2-dee4ca44aca1,6edbe62e-332b-47d6-b86f-cd7fd7a475b6,order_index,source_provided,True,True,1,1,matched
t160-quality-20261007T013645Z-cd518eac-08-IMP-IMAGE-r2,IMP-IMAGE,2,automatic,c4d750a5-4dc4-5a35-83e2-dee4ca44aca1,6edbe62e-332b-47d6-b86f-cd7fd7a475b6,source_page_numbers,source_provided,True,True,[1],[1],matched
t160-quality-20261007T013645Z-cd518eac-08-IMP-IMAGE-r2,IMP-IMAGE,2,automatic,c4d750a5-4dc4-5a35-83e2-dee4ca44aca1,6edbe62e-332b-47d6-b86f-cd7fd7a475b6,question_type,source_provided,True,True,SINGLE_CHOICE,SINGLE_CHOICE,matched
t160-quality-20261007T013645Z-cd518eac-08-IMP-IMAGE-r2,IMP-IMAGE,2,automatic,c4d750a5-4dc4-5a35-83e2-dee4ca44aca1,6edbe62e-332b-47d6-b86f-cd7fd7a475b6,content,source_provided,True,True,y = 2x + 1，x = 3 时 y 为多少？,y = 2x + 1，x = 3 时 y 为多少？,matched
t160-quality-20261007T013645Z-cd518eac-08-IMP-IMAGE-r2,IMP-IMAGE,2,automatic,c4d750a5-4dc4-5a35-83e2-dee4ca44aca1,6edbe62e-332b-47d6-b86f-cd7fd7a475b6,options,source_provided,True,True,"{""C"": ""7"", ""A"": ""5"", ""B"": ""6"", ""D"": ""8""}","{""C"": ""7"", ""A"": ""5"", ""B"": ""6"", ""D"": ""8""}",matched
t160-quality-20261007T013645Z-cd518eac-08-IMP-IMAGE-r2,IMP-IMAGE,2,automatic,c4d750a5-4dc4-5a35-83e2-dee4ca44aca1,6edbe62e-332b-47d6-b86f-cd7fd7a475b6,reference_answer,source_provided,True,True,C,C,matched
t160-quality-20261007T013645Z-cd518eac-08-IMP-IMAGE-r2,IMP-IMAGE,2,automatic,c4d750a5-4dc4-5a35-83e2-dee4ca44aca1,6edbe62e-332b-47d6-b86f-cd7fd7a475b6,analysis,source_provided,True,False,2 × 3 + 1 = 7。,2 × 3 +1=7。,matched
t160-quality-20261007T013645Z-cd518eac-08-IMP-IMAGE-r2,IMP-IMAGE,2,automatic,c4d750a5-4dc4-5a35-83e2-dee4ca44aca1,6edbe62e-332b-47d6-b86f-cd7fd7a475b6,score,source_provided,True,True,2.00,2.00,matched
t160-quality-20261007T013645Z-cd518eac-08-IMP-IMAGE-r2,IMP-IMAGE,2,automatic,c4d750a5-4dc4-5a35-83e2-dee4ca44aca1,6edbe62e-332b-47d6-b86f-cd7fd7a475b6,scoring_rubric,known_missing,True,True,,,matched
t160-quality-20261007T013645Z-cd518eac-08-IMP-IMAGE-r2,IMP-IMAGE,2,automatic,c4d750a5-4dc4-5a35-83e2-dee4ca44aca1,6edbe62e-332b-47d6-b86f-cd7fd7a475b6,knowledge_points,known_missing,True,True,[],[],matched
t160-quality-20261007T013645Z-cd518eac-08-IMP-IMAGE-r2,IMP-IMAGE,2,automatic,c4d750a5-4dc4-5a35-83e2-dee4ca44aca1,6edbe62e-332b-47d6-b86f-cd7fd7a475b6,source_regions,unknown,False,,,,reference_unknown
t160-quality-20261007T013645Z-cd518eac-08-IMP-IMAGE-r2,IMP-IMAGE,2,automatic,c4d750a5-4dc4-5a35-83e2-dee4ca44aca1,6edbe62e-332b-47d6-b86f-cd7fd7a475b6,assets,source_provided,True,False,[],,matched
t160-quality-20261007T013645Z-cd518eac-08-IMP-IMAGE-r2,IMP-IMAGE,2,automatic,e418791a-1462-52b7-98fe-396ce71b8d48,bc0f63cb-cd9b-40e6-82d5-86f8ca8f2a66,question_number,source_provided,True,True,2,2,matched
t160-quality-20261007T013645Z-cd518eac-08-IMP-IMAGE-r2,IMP-IMAGE,2,automatic,e418791a-1462-52b7-98fe-396ce71b8d48,bc0f63cb-cd9b-40e6-82d5-86f8ca8f2a66,order_index,source_provided,True,True,2,2,matched
t160-quality-20261007T013645Z-cd518eac-08-IMP-IMAGE-r2,IMP-IMAGE,2,automatic,e418791a-1462-52b7-98fe-396ce71b8d48,bc0f63cb-cd9b-40e6-82d5-86f8ca8f2a66,source_page_numbers,source_provided,True,True,[1],[1],matched
t160-quality-20261007T013645Z-cd518eac-08-IMP-IMAGE-r2,IMP-IMAGE,2,automatic,e418791a-1462-52b7-98fe-396ce71b8d48,bc0f63cb-cd9b-40e6-82d5-86f8ca8f2a66,question_type,source_provided,True,True,TRUE_FALSE,TRUE_FALSE,matched
t160-quality-20261007T013645Z-cd518eac-08-IMP-IMAGE-r2,IMP-IMAGE,2,automatic,e418791a-1462-52b7-98fe-396ce71b8d48,bc0f63cb-cd9b-40e6-82d5-86f8ca8f2a66,content,source_provided,True,False,右图三角形面积为 24 cm²。,右图三角形面积为 24cm²。,matched
t160-quality-20261007T013645Z-cd518eac-08-IMP-IMAGE-r2,IMP-IMAGE,2,automatic,e418791a-1462-52b7-98fe-396ce71b8d48,bc0f63cb-cd9b-40e6-82d5-86f8ca8f2a66,options,source_provided,True,True,"[""正确"", ""错误""]","[""正确"", ""错误""]",matched
t160-quality-20261007T013645Z-cd518eac-08-IMP-IMAGE-r2,IMP-IMAGE,2,automatic,e418791a-1462-52b7-98fe-396ce71b8d48,bc0f63cb-cd9b-40e6-82d5-86f8ca8f2a66,reference_answer,known_missing,True,True,,,matched
t160-quality-20261007T013645Z-cd518eac-08-IMP-IMAGE-r2,IMP-IMAGE,2,automatic,e418791a-1462-52b7-98fe-396ce71b8d48,bc0f63cb-cd9b-40e6-82d5-86f8ca8f2a66,analysis,known_missing,True,True,,,matched
t160-quality-20261007T013645Z-cd518eac-08-IMP-IMAGE-r2,IMP-IMAGE,2,automatic,e418791a-1462-52b7-98fe-396ce71b8d48,bc0f63cb-cd9b-40e6-82d5-86f8ca8f2a66,score,source_provided,True,True,2.00,2.00,matched
t160-quality-20261007T013645Z-cd518eac-08-IMP-IMAGE-r2,IMP-IMAGE,2,automatic,e418791a-1462-52b7-98fe-396ce71b8d48,bc0f63cb-cd9b-40e6-82d5-86f8ca8f2a66,scoring_rubric,known_missing,True,True,,,matched
t160-quality-20261007T013645Z-cd518eac-08-IMP-IMAGE-r2,IMP-IMAGE,2,automatic,e418791a-1462-52b7-98fe-396ce71b8d48,bc0f63cb-cd9b-40e6-82d5-86f8ca8f2a66,knowledge_points,known_missing,True,True,[],[],matched
t160-quality-20261007T013645Z-cd518eac-08-IMP-IMAGE-r2,IMP-IMAGE,2,automatic,e418791a-1462-52b7-98fe-396ce71b8d48,bc0f63cb-cd9b-40e6-82d5-86f8ca8f2a66,source_regions,unknown,False,,,,reference_unknown
t160-quality-20261007T013645Z-cd518eac-08-IMP-IMAGE-r2,IMP-IMAGE,2,automatic,e418791a-1462-52b7-98fe-396ce71b8d48,bc0f63cb-cd9b-40e6-82d5-86f8ca8f2a66,assets,source_provided,True,False,"[{""asset_type"": ""figure"", ""source_page_number"": 1, ""order_index"": 1}]",,matched
t160-quality-20261007T013645Z-cd518eac-08-IMP-IMAGE-r2,IMP-IMAGE,2,automatic,e5c1555f-e927-575c-b68c-85eb341a3202,910757ce-44e7-4c53-87ec-a8fe7938fc6b,question_number,source_provided,True,True,3,3,matched
t160-quality-20261007T013645Z-cd518eac-08-IMP-IMAGE-r2,IMP-IMAGE,2,automatic,e5c1555f-e927-575c-b68c-85eb341a3202,910757ce-44e7-4c53-87ec-a8fe7938fc6b,order_index,source_provided,True,True,3,3,matched
t160-quality-20261007T013645Z-cd518eac-08-IMP-IMAGE-r2,IMP-IMAGE,2,automatic,e5c1555f-e927-575c-b68c-85eb341a3202,910757ce-44e7-4c53-87ec-a8fe7938fc6b,source_page_numbers,source_provided,True,True,[1],[1],matched
t160-quality-20261007T013645Z-cd518eac-08-IMP-IMAGE-r2,IMP-IMAGE,2,automatic,e5c1555f-e927-575c-b68c-85eb341a3202,910757ce-44e7-4c53-87ec-a8fe7938fc6b,question_type,source_provided,True,True,SHORT_ANSWER,SHORT_ANSWER,matched
t160-quality-20261007T013645Z-cd518eac-08-IMP-IMAGE-r2,IMP-IMAGE,2,automatic,e5c1555f-e927-575c-b68c-85eb341a3202,910757ce-44e7-4c53-87ec-a8fe7938fc6b,content,source_provided,True,True,根据下表写出 y 关于 x 的关系式。,根据下表写出 y 关于 x 的关系式。,matched
t160-quality-20261007T013645Z-cd518eac-08-IMP-IMAGE-r2,IMP-IMAGE,2,automatic,e5c1555f-e927-575c-b68c-85eb341a3202,910757ce-44e7-4c53-87ec-a8fe7938fc6b,options,not_applicable,True,True,,,matched
t160-quality-20261007T013645Z-cd518eac-08-IMP-IMAGE-r2,IMP-IMAGE,2,automatic,e5c1555f-e927-575c-b68c-85eb341a3202,910757ce-44e7-4c53-87ec-a8fe7938fc6b,reference_answer,known_missing,True,True,,,matched
t160-quality-20261007T013645Z-cd518eac-08-IMP-IMAGE-r2,IMP-IMAGE,2,automatic,e5c1555f-e927-575c-b68c-85eb341a3202,910757ce-44e7-4c53-87ec-a8fe7938fc6b,analysis,known_missing,True,True,,,matched
t160-quality-20261007T013645Z-cd518eac-08-IMP-IMAGE-r2,IMP-IMAGE,2,automatic,e5c1555f-e927-575c-b68c-85eb341a3202,910757ce-44e7-4c53-87ec-a8fe7938fc6b,score,source_provided,True,True,3.00,3.00,matched
t160-quality-20261007T013645Z-cd518eac-08-IMP-IMAGE-r2,IMP-IMAGE,2,automatic,e5c1555f-e927-575c-b68c-85eb341a3202,910757ce-44e7-4c53-87ec-a8fe7938fc6b,scoring_rubric,source_provided,True,False,正确关系式 1.00；说明代入过程 2.00。,正确关系式1.00；说明代入过程2.00。,matched
t160-quality-20261007T013645Z-cd518eac-08-IMP-IMAGE-r2,IMP-IMAGE,2,automatic,e5c1555f-e927-575c-b68c-85eb341a3202,910757ce-44e7-4c53-87ec-a8fe7938fc6b,knowledge_points,source_provided,True,True,"[""一次函数"", ""表达与计算""]","[""一次函数"", ""表达与计算""]",matched
t160-quality-20261007T013645Z-cd518eac-08-IMP-IMAGE-r2,IMP-IMAGE,2,automatic,e5c1555f-e927-575c-b68c-85eb341a3202,910757ce-44e7-4c53-87ec-a8fe7938fc6b,source_regions,unknown,False,,,,reference_unknown
t160-quality-20261007T013645Z-cd518eac-08-IMP-IMAGE-r2,IMP-IMAGE,2,automatic,e5c1555f-e927-575c-b68c-85eb341a3202,910757ce-44e7-4c53-87ec-a8fe7938fc6b,assets,source_provided,True,False,"[{""asset_type"": ""table"", ""source_page_number"": 1, ""order_index"": 1}]",,matched
t160-quality-20261007T013645Z-cd518eac-08-IMP-IMAGE-r2,IMP-IMAGE,2,assisted_corrected,c4d750a5-4dc4-5a35-83e2-dee4ca44aca1,6edbe62e-332b-47d6-b86f-cd7fd7a475b6,question_number,source_provided,True,True,1,1,matched
t160-quality-20261007T013645Z-cd518eac-08-IMP-IMAGE-r2,IMP-IMAGE,2,assisted_corrected,c4d750a5-4dc4-5a35-83e2-dee4ca44aca1,6edbe62e-332b-47d6-b86f-cd7fd7a475b6,order_index,source_provided,True,True,1,1,matched
t160-quality-20261007T013645Z-cd518eac-08-IMP-IMAGE-r2,IMP-IMAGE,2,assisted_corrected,c4d750a5-4dc4-5a35-83e2-dee4ca44aca1,6edbe62e-332b-47d6-b86f-cd7fd7a475b6,source_page_numbers,source_provided,True,True,[1],[1],matched
t160-quality-20261007T013645Z-cd518eac-08-IMP-IMAGE-r2,IMP-IMAGE,2,assisted_corrected,c4d750a5-4dc4-5a35-83e2-dee4ca44aca1,6edbe62e-332b-47d6-b86f-cd7fd7a475b6,question_type,source_provided,True,True,SINGLE_CHOICE,SINGLE_CHOICE,matched
t160-quality-20261007T013645Z-cd518eac-08-IMP-IMAGE-r2,IMP-IMAGE,2,assisted_corrected,c4d750a5-4dc4-5a35-83e2-dee4ca44aca1,6edbe62e-332b-47d6-b86f-cd7fd7a475b6,content,source_provided,True,True,y = 2x + 1，x = 3 时 y 为多少？,y = 2x + 1，x = 3 时 y 为多少？,matched
t160-quality-20261007T013645Z-cd518eac-08-IMP-IMAGE-r2,IMP-IMAGE,2,assisted_corrected,c4d750a5-4dc4-5a35-83e2-dee4ca44aca1,6edbe62e-332b-47d6-b86f-cd7fd7a475b6,options,source_provided,True,True,"{""C"": ""7"", ""A"": ""5"", ""B"": ""6"", ""D"": ""8""}","{""C"": ""7"", ""A"": ""5"", ""B"": ""6"", ""D"": ""8""}",matched
t160-quality-20261007T013645Z-cd518eac-08-IMP-IMAGE-r2,IMP-IMAGE,2,assisted_corrected,c4d750a5-4dc4-5a35-83e2-dee4ca44aca1,6edbe62e-332b-47d6-b86f-cd7fd7a475b6,reference_answer,source_provided,True,True,C,C,matched
t160-quality-20261007T013645Z-cd518eac-08-IMP-IMAGE-r2,IMP-IMAGE,2,assisted_corrected,c4d750a5-4dc4-5a35-83e2-dee4ca44aca1,6edbe62e-332b-47d6-b86f-cd7fd7a475b6,analysis,source_provided,True,True,2 × 3 + 1 = 7。,2 × 3 + 1 = 7。,matched
t160-quality-20261007T013645Z-cd518eac-08-IMP-IMAGE-r2,IMP-IMAGE,2,assisted_corrected,c4d750a5-4dc4-5a35-83e2-dee4ca44aca1,6edbe62e-332b-47d6-b86f-cd7fd7a475b6,score,source_provided,True,True,2.00,2.00,matched
t160-quality-20261007T013645Z-cd518eac-08-IMP-IMAGE-r2,IMP-IMAGE,2,assisted_corrected,c4d750a5-4dc4-5a35-83e2-dee4ca44aca1,6edbe62e-332b-47d6-b86f-cd7fd7a475b6,scoring_rubric,known_missing,True,True,,,matched
t160-quality-20261007T013645Z-cd518eac-08-IMP-IMAGE-r2,IMP-IMAGE,2,assisted_corrected,c4d750a5-4dc4-5a35-83e2-dee4ca44aca1,6edbe62e-332b-47d6-b86f-cd7fd7a475b6,knowledge_points,known_missing,True,True,[],[],matched
t160-quality-20261007T013645Z-cd518eac-08-IMP-IMAGE-r2,IMP-IMAGE,2,assisted_corrected,c4d750a5-4dc4-5a35-83e2-dee4ca44aca1,6edbe62e-332b-47d6-b86f-cd7fd7a475b6,source_regions,unknown,False,,,,reference_unknown
t160-quality-20261007T013645Z-cd518eac-08-IMP-IMAGE-r2,IMP-IMAGE,2,assisted_corrected,c4d750a5-4dc4-5a35-83e2-dee4ca44aca1,6edbe62e-332b-47d6-b86f-cd7fd7a475b6,assets,source_provided,True,True,[],[],matched
t160-quality-20261007T013645Z-cd518eac-08-IMP-IMAGE-r2,IMP-IMAGE,2,assisted_corrected,e418791a-1462-52b7-98fe-396ce71b8d48,bc0f63cb-cd9b-40e6-82d5-86f8ca8f2a66,question_number,source_provided,True,True,2,2,matched
t160-quality-20261007T013645Z-cd518eac-08-IMP-IMAGE-r2,IMP-IMAGE,2,assisted_corrected,e418791a-1462-52b7-98fe-396ce71b8d48,bc0f63cb-cd9b-40e6-82d5-86f8ca8f2a66,order_index,source_provided,True,True,2,2,matched
t160-quality-20261007T013645Z-cd518eac-08-IMP-IMAGE-r2,IMP-IMAGE,2,assisted_corrected,e418791a-1462-52b7-98fe-396ce71b8d48,bc0f63cb-cd9b-40e6-82d5-86f8ca8f2a66,source_page_numbers,source_provided,True,True,[1],[1],matched
t160-quality-20261007T013645Z-cd518eac-08-IMP-IMAGE-r2,IMP-IMAGE,2,assisted_corrected,e418791a-1462-52b7-98fe-396ce71b8d48,bc0f63cb-cd9b-40e6-82d5-86f8ca8f2a66,question_type,source_provided,True,True,TRUE_FALSE,TRUE_FALSE,matched
t160-quality-20261007T013645Z-cd518eac-08-IMP-IMAGE-r2,IMP-IMAGE,2,assisted_corrected,e418791a-1462-52b7-98fe-396ce71b8d48,bc0f63cb-cd9b-40e6-82d5-86f8ca8f2a66,content,source_provided,True,True,右图三角形面积为 24 cm²。,右图三角形面积为 24 cm²。,matched
t160-quality-20261007T013645Z-cd518eac-08-IMP-IMAGE-r2,IMP-IMAGE,2,assisted_corrected,e418791a-1462-52b7-98fe-396ce71b8d48,bc0f63cb-cd9b-40e6-82d5-86f8ca8f2a66,options,source_provided,True,True,"[""正确"", ""错误""]","[""正确"", ""错误""]",matched
t160-quality-20261007T013645Z-cd518eac-08-IMP-IMAGE-r2,IMP-IMAGE,2,assisted_corrected,e418791a-1462-52b7-98fe-396ce71b8d48,bc0f63cb-cd9b-40e6-82d5-86f8ca8f2a66,reference_answer,known_missing,True,True,,,matched
t160-quality-20261007T013645Z-cd518eac-08-IMP-IMAGE-r2,IMP-IMAGE,2,assisted_corrected,e418791a-1462-52b7-98fe-396ce71b8d48,bc0f63cb-cd9b-40e6-82d5-86f8ca8f2a66,analysis,known_missing,True,True,,,matched
t160-quality-20261007T013645Z-cd518eac-08-IMP-IMAGE-r2,IMP-IMAGE,2,assisted_corrected,e418791a-1462-52b7-98fe-396ce71b8d48,bc0f63cb-cd9b-40e6-82d5-86f8ca8f2a66,score,source_provided,True,True,2.00,2.00,matched
t160-quality-20261007T013645Z-cd518eac-08-IMP-IMAGE-r2,IMP-IMAGE,2,assisted_corrected,e418791a-1462-52b7-98fe-396ce71b8d48,bc0f63cb-cd9b-40e6-82d5-86f8ca8f2a66,scoring_rubric,known_missing,True,True,,,matched
t160-quality-20261007T013645Z-cd518eac-08-IMP-IMAGE-r2,IMP-IMAGE,2,assisted_corrected,e418791a-1462-52b7-98fe-396ce71b8d48,bc0f63cb-cd9b-40e6-82d5-86f8ca8f2a66,knowledge_points,known_missing,True,True,[],[],matched
t160-quality-20261007T013645Z-cd518eac-08-IMP-IMAGE-r2,IMP-IMAGE,2,assisted_corrected,e418791a-1462-52b7-98fe-396ce71b8d48,bc0f63cb-cd9b-40e6-82d5-86f8ca8f2a66,source_regions,unknown,False,,,,reference_unknown
t160-quality-20261007T013645Z-cd518eac-08-IMP-IMAGE-r2,IMP-IMAGE,2,assisted_corrected,e418791a-1462-52b7-98fe-396ce71b8d48,bc0f63cb-cd9b-40e6-82d5-86f8ca8f2a66,assets,source_provided,True,False,"[{""asset_type"": ""figure"", ""source_page_number"": 1, ""order_index"": 1}]",,matched
t160-quality-20261007T013645Z-cd518eac-08-IMP-IMAGE-r2,IMP-IMAGE,2,assisted_corrected,e5c1555f-e927-575c-b68c-85eb341a3202,910757ce-44e7-4c53-87ec-a8fe7938fc6b,question_number,source_provided,True,True,3,3,matched
t160-quality-20261007T013645Z-cd518eac-08-IMP-IMAGE-r2,IMP-IMAGE,2,assisted_corrected,e5c1555f-e927-575c-b68c-85eb341a3202,910757ce-44e7-4c53-87ec-a8fe7938fc6b,order_index,source_provided,True,True,3,3,matched
t160-quality-20261007T013645Z-cd518eac-08-IMP-IMAGE-r2,IMP-IMAGE,2,assisted_corrected,e5c1555f-e927-575c-b68c-85eb341a3202,910757ce-44e7-4c53-87ec-a8fe7938fc6b,source_page_numbers,source_provided,True,True,[1],[1],matched
t160-quality-20261007T013645Z-cd518eac-08-IMP-IMAGE-r2,IMP-IMAGE,2,assisted_corrected,e5c1555f-e927-575c-b68c-85eb341a3202,910757ce-44e7-4c53-87ec-a8fe7938fc6b,question_type,source_provided,True,True,SHORT_ANSWER,SHORT_ANSWER,matched
t160-quality-20261007T013645Z-cd518eac-08-IMP-IMAGE-r2,IMP-IMAGE,2,assisted_corrected,e5c1555f-e927-575c-b68c-85eb341a3202,910757ce-44e7-4c53-87ec-a8fe7938fc6b,content,source_provided,True,True,根据下表写出 y 关于 x 的关系式。,根据下表写出 y 关于 x 的关系式。,matched
t160-quality-20261007T013645Z-cd518eac-08-IMP-IMAGE-r2,IMP-IMAGE,2,assisted_corrected,e5c1555f-e927-575c-b68c-85eb341a3202,910757ce-44e7-4c53-87ec-a8fe7938fc6b,options,not_applicable,True,True,,,matched
t160-quality-20261007T013645Z-cd518eac-08-IMP-IMAGE-r2,IMP-IMAGE,2,assisted_corrected,e5c1555f-e927-575c-b68c-85eb341a3202,910757ce-44e7-4c53-87ec-a8fe7938fc6b,reference_answer,known_missing,True,True,,,matched
t160-quality-20261007T013645Z-cd518eac-08-IMP-IMAGE-r2,IMP-IMAGE,2,assisted_corrected,e5c1555f-e927-575c-b68c-85eb341a3202,910757ce-44e7-4c53-87ec-a8fe7938fc6b,analysis,known_missing,True,True,,,matched
t160-quality-20261007T013645Z-cd518eac-08-IMP-IMAGE-r2,IMP-IMAGE,2,assisted_corrected,e5c1555f-e927-575c-b68c-85eb341a3202,910757ce-44e7-4c53-87ec-a8fe7938fc6b,score,source_provided,True,True,3.00,3.00,matched
t160-quality-20261007T013645Z-cd518eac-08-IMP-IMAGE-r2,IMP-IMAGE,2,assisted_corrected,e5c1555f-e927-575c-b68c-85eb341a3202,910757ce-44e7-4c53-87ec-a8fe7938fc6b,scoring_rubric,source_provided,True,True,正确关系式 1.00；说明代入过程 2.00。,正确关系式 1.00；说明代入过程 2.00。,matched
t160-quality-20261007T013645Z-cd518eac-08-IMP-IMAGE-r2,IMP-IMAGE,2,assisted_corrected,e5c1555f-e927-575c-b68c-85eb341a3202,910757ce-44e7-4c53-87ec-a8fe7938fc6b,knowledge_points,source_provided,True,True,"[""一次函数"", ""表达与计算""]","[""一次函数"", ""表达与计算""]",matched
t160-quality-20261007T013645Z-cd518eac-08-IMP-IMAGE-r2,IMP-IMAGE,2,assisted_corrected,e5c1555f-e927-575c-b68c-85eb341a3202,910757ce-44e7-4c53-87ec-a8fe7938fc6b,source_regions,unknown,False,,,,reference_unknown
t160-quality-20261007T013645Z-cd518eac-08-IMP-IMAGE-r2,IMP-IMAGE,2,assisted_corrected,e5c1555f-e927-575c-b68c-85eb341a3202,910757ce-44e7-4c53-87ec-a8fe7938fc6b,assets,source_provided,True,False,"[{""asset_type"": ""table"", ""source_page_number"": 1, ""order_index"": 1}]",,matched
t160-quality-20261007T013645Z-cd518eac-09-IMP-IMAGE-r3,IMP-IMAGE,3,automatic,c4d750a5-4dc4-5a35-83e2-dee4ca44aca1,8e363e89-a7c0-439d-a97a-be32c5efe2e8,question_number,source_provided,True,True,1,1,matched
t160-quality-20261007T013645Z-cd518eac-09-IMP-IMAGE-r3,IMP-IMAGE,3,automatic,c4d750a5-4dc4-5a35-83e2-dee4ca44aca1,8e363e89-a7c0-439d-a97a-be32c5efe2e8,order_index,source_provided,True,True,1,1,matched
t160-quality-20261007T013645Z-cd518eac-09-IMP-IMAGE-r3,IMP-IMAGE,3,automatic,c4d750a5-4dc4-5a35-83e2-dee4ca44aca1,8e363e89-a7c0-439d-a97a-be32c5efe2e8,source_page_numbers,source_provided,True,True,[1],[1],matched
t160-quality-20261007T013645Z-cd518eac-09-IMP-IMAGE-r3,IMP-IMAGE,3,automatic,c4d750a5-4dc4-5a35-83e2-dee4ca44aca1,8e363e89-a7c0-439d-a97a-be32c5efe2e8,question_type,source_provided,True,True,SINGLE_CHOICE,SINGLE_CHOICE,matched
t160-quality-20261007T013645Z-cd518eac-09-IMP-IMAGE-r3,IMP-IMAGE,3,automatic,c4d750a5-4dc4-5a35-83e2-dee4ca44aca1,8e363e89-a7c0-439d-a97a-be32c5efe2e8,content,source_provided,True,True,y = 2x + 1，x = 3 时 y 为多少？,y = 2x + 1，x = 3 时 y 为多少？,matched
t160-quality-20261007T013645Z-cd518eac-09-IMP-IMAGE-r3,IMP-IMAGE,3,automatic,c4d750a5-4dc4-5a35-83e2-dee4ca44aca1,8e363e89-a7c0-439d-a97a-be32c5efe2e8,options,source_provided,True,True,"{""C"": ""7"", ""A"": ""5"", ""B"": ""6"", ""D"": ""8""}","{""C"": ""7"", ""A"": ""5"", ""B"": ""6"", ""D"": ""8""}",matched
t160-quality-20261007T013645Z-cd518eac-09-IMP-IMAGE-r3,IMP-IMAGE,3,automatic,c4d750a5-4dc4-5a35-83e2-dee4ca44aca1,8e363e89-a7c0-439d-a97a-be32c5efe2e8,reference_answer,source_provided,True,True,C,C,matched
t160-quality-20261007T013645Z-cd518eac-09-IMP-IMAGE-r3,IMP-IMAGE,3,automatic,c4d750a5-4dc4-5a35-83e2-dee4ca44aca1,8e363e89-a7c0-439d-a97a-be32c5efe2e8,analysis,source_provided,True,False,2 × 3 + 1 = 7。,2 × 3 +1=7。,matched
t160-quality-20261007T013645Z-cd518eac-09-IMP-IMAGE-r3,IMP-IMAGE,3,automatic,c4d750a5-4dc4-5a35-83e2-dee4ca44aca1,8e363e89-a7c0-439d-a97a-be32c5efe2e8,score,source_provided,True,True,2.00,2.00,matched
t160-quality-20261007T013645Z-cd518eac-09-IMP-IMAGE-r3,IMP-IMAGE,3,automatic,c4d750a5-4dc4-5a35-83e2-dee4ca44aca1,8e363e89-a7c0-439d-a97a-be32c5efe2e8,scoring_rubric,known_missing,True,True,,,matched
t160-quality-20261007T013645Z-cd518eac-09-IMP-IMAGE-r3,IMP-IMAGE,3,automatic,c4d750a5-4dc4-5a35-83e2-dee4ca44aca1,8e363e89-a7c0-439d-a97a-be32c5efe2e8,knowledge_points,known_missing,True,False,[],,matched
t160-quality-20261007T013645Z-cd518eac-09-IMP-IMAGE-r3,IMP-IMAGE,3,automatic,c4d750a5-4dc4-5a35-83e2-dee4ca44aca1,8e363e89-a7c0-439d-a97a-be32c5efe2e8,source_regions,unknown,False,,,,reference_unknown
t160-quality-20261007T013645Z-cd518eac-09-IMP-IMAGE-r3,IMP-IMAGE,3,automatic,c4d750a5-4dc4-5a35-83e2-dee4ca44aca1,8e363e89-a7c0-439d-a97a-be32c5efe2e8,assets,source_provided,True,False,[],,matched
t160-quality-20261007T013645Z-cd518eac-09-IMP-IMAGE-r3,IMP-IMAGE,3,automatic,e418791a-1462-52b7-98fe-396ce71b8d48,53ba4140-a489-45d4-ab9e-1de612573094,question_number,source_provided,True,True,2,2,matched
t160-quality-20261007T013645Z-cd518eac-09-IMP-IMAGE-r3,IMP-IMAGE,3,automatic,e418791a-1462-52b7-98fe-396ce71b8d48,53ba4140-a489-45d4-ab9e-1de612573094,order_index,source_provided,True,True,2,2,matched
t160-quality-20261007T013645Z-cd518eac-09-IMP-IMAGE-r3,IMP-IMAGE,3,automatic,e418791a-1462-52b7-98fe-396ce71b8d48,53ba4140-a489-45d4-ab9e-1de612573094,source_page_numbers,source_provided,True,True,[1],[1],matched
t160-quality-20261007T013645Z-cd518eac-09-IMP-IMAGE-r3,IMP-IMAGE,3,automatic,e418791a-1462-52b7-98fe-396ce71b8d48,53ba4140-a489-45d4-ab9e-1de612573094,question_type,source_provided,True,True,TRUE_FALSE,TRUE_FALSE,matched
t160-quality-20261007T013645Z-cd518eac-09-IMP-IMAGE-r3,IMP-IMAGE,3,automatic,e418791a-1462-52b7-98fe-396ce71b8d48,53ba4140-a489-45d4-ab9e-1de612573094,content,source_provided,True,False,右图三角形面积为 24 cm²。,右图三角形面积为 24cm²。,matched
t160-quality-20261007T013645Z-cd518eac-09-IMP-IMAGE-r3,IMP-IMAGE,3,automatic,e418791a-1462-52b7-98fe-396ce71b8d48,53ba4140-a489-45d4-ab9e-1de612573094,options,source_provided,True,True,"[""正确"", ""错误""]","[""正确"", ""错误""]",matched
t160-quality-20261007T013645Z-cd518eac-09-IMP-IMAGE-r3,IMP-IMAGE,3,automatic,e418791a-1462-52b7-98fe-396ce71b8d48,53ba4140-a489-45d4-ab9e-1de612573094,reference_answer,known_missing,True,True,,,matched
t160-quality-20261007T013645Z-cd518eac-09-IMP-IMAGE-r3,IMP-IMAGE,3,automatic,e418791a-1462-52b7-98fe-396ce71b8d48,53ba4140-a489-45d4-ab9e-1de612573094,analysis,known_missing,True,True,,,matched
t160-quality-20261007T013645Z-cd518eac-09-IMP-IMAGE-r3,IMP-IMAGE,3,automatic,e418791a-1462-52b7-98fe-396ce71b8d48,53ba4140-a489-45d4-ab9e-1de612573094,score,source_provided,True,True,2.00,2.00,matched
t160-quality-20261007T013645Z-cd518eac-09-IMP-IMAGE-r3,IMP-IMAGE,3,automatic,e418791a-1462-52b7-98fe-396ce71b8d48,53ba4140-a489-45d4-ab9e-1de612573094,scoring_rubric,known_missing,True,True,,,matched
t160-quality-20261007T013645Z-cd518eac-09-IMP-IMAGE-r3,IMP-IMAGE,3,automatic,e418791a-1462-52b7-98fe-396ce71b8d48,53ba4140-a489-45d4-ab9e-1de612573094,knowledge_points,known_missing,True,False,[],,matched
t160-quality-20261007T013645Z-cd518eac-09-IMP-IMAGE-r3,IMP-IMAGE,3,automatic,e418791a-1462-52b7-98fe-396ce71b8d48,53ba4140-a489-45d4-ab9e-1de612573094,source_regions,unknown,False,,,,reference_unknown
t160-quality-20261007T013645Z-cd518eac-09-IMP-IMAGE-r3,IMP-IMAGE,3,automatic,e418791a-1462-52b7-98fe-396ce71b8d48,53ba4140-a489-45d4-ab9e-1de612573094,assets,source_provided,True,False,"[{""asset_type"": ""figure"", ""source_page_number"": 1, ""order_index"": 1}]",,matched
t160-quality-20261007T013645Z-cd518eac-09-IMP-IMAGE-r3,IMP-IMAGE,3,automatic,e5c1555f-e927-575c-b68c-85eb341a3202,6ec253f7-01b5-4b79-b0c9-e52e340220b3,question_number,source_provided,True,True,3,3,matched
t160-quality-20261007T013645Z-cd518eac-09-IMP-IMAGE-r3,IMP-IMAGE,3,automatic,e5c1555f-e927-575c-b68c-85eb341a3202,6ec253f7-01b5-4b79-b0c9-e52e340220b3,order_index,source_provided,True,True,3,3,matched
t160-quality-20261007T013645Z-cd518eac-09-IMP-IMAGE-r3,IMP-IMAGE,3,automatic,e5c1555f-e927-575c-b68c-85eb341a3202,6ec253f7-01b5-4b79-b0c9-e52e340220b3,source_page_numbers,source_provided,True,True,[1],[1],matched
t160-quality-20261007T013645Z-cd518eac-09-IMP-IMAGE-r3,IMP-IMAGE,3,automatic,e5c1555f-e927-575c-b68c-85eb341a3202,6ec253f7-01b5-4b79-b0c9-e52e340220b3,question_type,source_provided,True,True,SHORT_ANSWER,SHORT_ANSWER,matched
t160-quality-20261007T013645Z-cd518eac-09-IMP-IMAGE-r3,IMP-IMAGE,3,automatic,e5c1555f-e927-575c-b68c-85eb341a3202,6ec253f7-01b5-4b79-b0c9-e52e340220b3,content,source_provided,True,True,根据下表写出 y 关于 x 的关系式。,根据下表写出 y 关于 x 的关系式。,matched
t160-quality-20261007T013645Z-cd518eac-09-IMP-IMAGE-r3,IMP-IMAGE,3,automatic,e5c1555f-e927-575c-b68c-85eb341a3202,6ec253f7-01b5-4b79-b0c9-e52e340220b3,options,not_applicable,True,True,,,matched
t160-quality-20261007T013645Z-cd518eac-09-IMP-IMAGE-r3,IMP-IMAGE,3,automatic,e5c1555f-e927-575c-b68c-85eb341a3202,6ec253f7-01b5-4b79-b0c9-e52e340220b3,reference_answer,known_missing,True,True,,,matched
t160-quality-20261007T013645Z-cd518eac-09-IMP-IMAGE-r3,IMP-IMAGE,3,automatic,e5c1555f-e927-575c-b68c-85eb341a3202,6ec253f7-01b5-4b79-b0c9-e52e340220b3,analysis,known_missing,True,True,,,matched
t160-quality-20261007T013645Z-cd518eac-09-IMP-IMAGE-r3,IMP-IMAGE,3,automatic,e5c1555f-e927-575c-b68c-85eb341a3202,6ec253f7-01b5-4b79-b0c9-e52e340220b3,score,source_provided,True,True,3.00,3.00,matched
t160-quality-20261007T013645Z-cd518eac-09-IMP-IMAGE-r3,IMP-IMAGE,3,automatic,e5c1555f-e927-575c-b68c-85eb341a3202,6ec253f7-01b5-4b79-b0c9-e52e340220b3,scoring_rubric,source_provided,True,False,正确关系式 1.00；说明代入过程 2.00。,正确关系式1.00；说明代入过程2.00。,matched
t160-quality-20261007T013645Z-cd518eac-09-IMP-IMAGE-r3,IMP-IMAGE,3,automatic,e5c1555f-e927-575c-b68c-85eb341a3202,6ec253f7-01b5-4b79-b0c9-e52e340220b3,knowledge_points,source_provided,True,True,"[""一次函数"", ""表达与计算""]","[""一次函数"", ""表达与计算""]",matched
t160-quality-20261007T013645Z-cd518eac-09-IMP-IMAGE-r3,IMP-IMAGE,3,automatic,e5c1555f-e927-575c-b68c-85eb341a3202,6ec253f7-01b5-4b79-b0c9-e52e340220b3,source_regions,unknown,False,,,,reference_unknown
t160-quality-20261007T013645Z-cd518eac-09-IMP-IMAGE-r3,IMP-IMAGE,3,automatic,e5c1555f-e927-575c-b68c-85eb341a3202,6ec253f7-01b5-4b79-b0c9-e52e340220b3,assets,source_provided,True,False,"[{""asset_type"": ""table"", ""source_page_number"": 1, ""order_index"": 1}]",,matched
t160-quality-20261007T013645Z-cd518eac-09-IMP-IMAGE-r3,IMP-IMAGE,3,assisted_corrected,c4d750a5-4dc4-5a35-83e2-dee4ca44aca1,8e363e89-a7c0-439d-a97a-be32c5efe2e8,question_number,source_provided,True,True,1,1,matched
t160-quality-20261007T013645Z-cd518eac-09-IMP-IMAGE-r3,IMP-IMAGE,3,assisted_corrected,c4d750a5-4dc4-5a35-83e2-dee4ca44aca1,8e363e89-a7c0-439d-a97a-be32c5efe2e8,order_index,source_provided,True,True,1,1,matched
t160-quality-20261007T013645Z-cd518eac-09-IMP-IMAGE-r3,IMP-IMAGE,3,assisted_corrected,c4d750a5-4dc4-5a35-83e2-dee4ca44aca1,8e363e89-a7c0-439d-a97a-be32c5efe2e8,source_page_numbers,source_provided,True,True,[1],[1],matched
t160-quality-20261007T013645Z-cd518eac-09-IMP-IMAGE-r3,IMP-IMAGE,3,assisted_corrected,c4d750a5-4dc4-5a35-83e2-dee4ca44aca1,8e363e89-a7c0-439d-a97a-be32c5efe2e8,question_type,source_provided,True,True,SINGLE_CHOICE,SINGLE_CHOICE,matched
t160-quality-20261007T013645Z-cd518eac-09-IMP-IMAGE-r3,IMP-IMAGE,3,assisted_corrected,c4d750a5-4dc4-5a35-83e2-dee4ca44aca1,8e363e89-a7c0-439d-a97a-be32c5efe2e8,content,source_provided,True,True,y = 2x + 1，x = 3 时 y 为多少？,y = 2x + 1，x = 3 时 y 为多少？,matched
t160-quality-20261007T013645Z-cd518eac-09-IMP-IMAGE-r3,IMP-IMAGE,3,assisted_corrected,c4d750a5-4dc4-5a35-83e2-dee4ca44aca1,8e363e89-a7c0-439d-a97a-be32c5efe2e8,options,source_provided,True,True,"{""C"": ""7"", ""A"": ""5"", ""B"": ""6"", ""D"": ""8""}","{""C"": ""7"", ""A"": ""5"", ""B"": ""6"", ""D"": ""8""}",matched
t160-quality-20261007T013645Z-cd518eac-09-IMP-IMAGE-r3,IMP-IMAGE,3,assisted_corrected,c4d750a5-4dc4-5a35-83e2-dee4ca44aca1,8e363e89-a7c0-439d-a97a-be32c5efe2e8,reference_answer,source_provided,True,True,C,C,matched
t160-quality-20261007T013645Z-cd518eac-09-IMP-IMAGE-r3,IMP-IMAGE,3,assisted_corrected,c4d750a5-4dc4-5a35-83e2-dee4ca44aca1,8e363e89-a7c0-439d-a97a-be32c5efe2e8,analysis,source_provided,True,True,2 × 3 + 1 = 7。,2 × 3 + 1 = 7。,matched
t160-quality-20261007T013645Z-cd518eac-09-IMP-IMAGE-r3,IMP-IMAGE,3,assisted_corrected,c4d750a5-4dc4-5a35-83e2-dee4ca44aca1,8e363e89-a7c0-439d-a97a-be32c5efe2e8,score,source_provided,True,True,2.00,2.00,matched
t160-quality-20261007T013645Z-cd518eac-09-IMP-IMAGE-r3,IMP-IMAGE,3,assisted_corrected,c4d750a5-4dc4-5a35-83e2-dee4ca44aca1,8e363e89-a7c0-439d-a97a-be32c5efe2e8,scoring_rubric,known_missing,True,True,,,matched
t160-quality-20261007T013645Z-cd518eac-09-IMP-IMAGE-r3,IMP-IMAGE,3,assisted_corrected,c4d750a5-4dc4-5a35-83e2-dee4ca44aca1,8e363e89-a7c0-439d-a97a-be32c5efe2e8,knowledge_points,known_missing,True,True,[],[],matched
t160-quality-20261007T013645Z-cd518eac-09-IMP-IMAGE-r3,IMP-IMAGE,3,assisted_corrected,c4d750a5-4dc4-5a35-83e2-dee4ca44aca1,8e363e89-a7c0-439d-a97a-be32c5efe2e8,source_regions,unknown,False,,,,reference_unknown
t160-quality-20261007T013645Z-cd518eac-09-IMP-IMAGE-r3,IMP-IMAGE,3,assisted_corrected,c4d750a5-4dc4-5a35-83e2-dee4ca44aca1,8e363e89-a7c0-439d-a97a-be32c5efe2e8,assets,source_provided,True,True,[],[],matched
t160-quality-20261007T013645Z-cd518eac-09-IMP-IMAGE-r3,IMP-IMAGE,3,assisted_corrected,e418791a-1462-52b7-98fe-396ce71b8d48,53ba4140-a489-45d4-ab9e-1de612573094,question_number,source_provided,True,True,2,2,matched
t160-quality-20261007T013645Z-cd518eac-09-IMP-IMAGE-r3,IMP-IMAGE,3,assisted_corrected,e418791a-1462-52b7-98fe-396ce71b8d48,53ba4140-a489-45d4-ab9e-1de612573094,order_index,source_provided,True,True,2,2,matched
t160-quality-20261007T013645Z-cd518eac-09-IMP-IMAGE-r3,IMP-IMAGE,3,assisted_corrected,e418791a-1462-52b7-98fe-396ce71b8d48,53ba4140-a489-45d4-ab9e-1de612573094,source_page_numbers,source_provided,True,True,[1],[1],matched
t160-quality-20261007T013645Z-cd518eac-09-IMP-IMAGE-r3,IMP-IMAGE,3,assisted_corrected,e418791a-1462-52b7-98fe-396ce71b8d48,53ba4140-a489-45d4-ab9e-1de612573094,question_type,source_provided,True,True,TRUE_FALSE,TRUE_FALSE,matched
t160-quality-20261007T013645Z-cd518eac-09-IMP-IMAGE-r3,IMP-IMAGE,3,assisted_corrected,e418791a-1462-52b7-98fe-396ce71b8d48,53ba4140-a489-45d4-ab9e-1de612573094,content,source_provided,True,True,右图三角形面积为 24 cm²。,右图三角形面积为 24 cm²。,matched
t160-quality-20261007T013645Z-cd518eac-09-IMP-IMAGE-r3,IMP-IMAGE,3,assisted_corrected,e418791a-1462-52b7-98fe-396ce71b8d48,53ba4140-a489-45d4-ab9e-1de612573094,options,source_provided,True,True,"[""正确"", ""错误""]","[""正确"", ""错误""]",matched
t160-quality-20261007T013645Z-cd518eac-09-IMP-IMAGE-r3,IMP-IMAGE,3,assisted_corrected,e418791a-1462-52b7-98fe-396ce71b8d48,53ba4140-a489-45d4-ab9e-1de612573094,reference_answer,known_missing,True,True,,,matched
t160-quality-20261007T013645Z-cd518eac-09-IMP-IMAGE-r3,IMP-IMAGE,3,assisted_corrected,e418791a-1462-52b7-98fe-396ce71b8d48,53ba4140-a489-45d4-ab9e-1de612573094,analysis,known_missing,True,True,,,matched
t160-quality-20261007T013645Z-cd518eac-09-IMP-IMAGE-r3,IMP-IMAGE,3,assisted_corrected,e418791a-1462-52b7-98fe-396ce71b8d48,53ba4140-a489-45d4-ab9e-1de612573094,score,source_provided,True,True,2.00,2.00,matched
t160-quality-20261007T013645Z-cd518eac-09-IMP-IMAGE-r3,IMP-IMAGE,3,assisted_corrected,e418791a-1462-52b7-98fe-396ce71b8d48,53ba4140-a489-45d4-ab9e-1de612573094,scoring_rubric,known_missing,True,True,,,matched
t160-quality-20261007T013645Z-cd518eac-09-IMP-IMAGE-r3,IMP-IMAGE,3,assisted_corrected,e418791a-1462-52b7-98fe-396ce71b8d48,53ba4140-a489-45d4-ab9e-1de612573094,knowledge_points,known_missing,True,True,[],[],matched
t160-quality-20261007T013645Z-cd518eac-09-IMP-IMAGE-r3,IMP-IMAGE,3,assisted_corrected,e418791a-1462-52b7-98fe-396ce71b8d48,53ba4140-a489-45d4-ab9e-1de612573094,source_regions,unknown,False,,,,reference_unknown
t160-quality-20261007T013645Z-cd518eac-09-IMP-IMAGE-r3,IMP-IMAGE,3,assisted_corrected,e418791a-1462-52b7-98fe-396ce71b8d48,53ba4140-a489-45d4-ab9e-1de612573094,assets,source_provided,True,False,"[{""asset_type"": ""figure"", ""source_page_number"": 1, ""order_index"": 1}]",,matched
t160-quality-20261007T013645Z-cd518eac-09-IMP-IMAGE-r3,IMP-IMAGE,3,assisted_corrected,e5c1555f-e927-575c-b68c-85eb341a3202,6ec253f7-01b5-4b79-b0c9-e52e340220b3,question_number,source_provided,True,True,3,3,matched
t160-quality-20261007T013645Z-cd518eac-09-IMP-IMAGE-r3,IMP-IMAGE,3,assisted_corrected,e5c1555f-e927-575c-b68c-85eb341a3202,6ec253f7-01b5-4b79-b0c9-e52e340220b3,order_index,source_provided,True,True,3,3,matched
t160-quality-20261007T013645Z-cd518eac-09-IMP-IMAGE-r3,IMP-IMAGE,3,assisted_corrected,e5c1555f-e927-575c-b68c-85eb341a3202,6ec253f7-01b5-4b79-b0c9-e52e340220b3,source_page_numbers,source_provided,True,True,[1],[1],matched
t160-quality-20261007T013645Z-cd518eac-09-IMP-IMAGE-r3,IMP-IMAGE,3,assisted_corrected,e5c1555f-e927-575c-b68c-85eb341a3202,6ec253f7-01b5-4b79-b0c9-e52e340220b3,question_type,source_provided,True,True,SHORT_ANSWER,SHORT_ANSWER,matched
t160-quality-20261007T013645Z-cd518eac-09-IMP-IMAGE-r3,IMP-IMAGE,3,assisted_corrected,e5c1555f-e927-575c-b68c-85eb341a3202,6ec253f7-01b5-4b79-b0c9-e52e340220b3,content,source_provided,True,True,根据下表写出 y 关于 x 的关系式。,根据下表写出 y 关于 x 的关系式。,matched
t160-quality-20261007T013645Z-cd518eac-09-IMP-IMAGE-r3,IMP-IMAGE,3,assisted_corrected,e5c1555f-e927-575c-b68c-85eb341a3202,6ec253f7-01b5-4b79-b0c9-e52e340220b3,options,not_applicable,True,True,,,matched
t160-quality-20261007T013645Z-cd518eac-09-IMP-IMAGE-r3,IMP-IMAGE,3,assisted_corrected,e5c1555f-e927-575c-b68c-85eb341a3202,6ec253f7-01b5-4b79-b0c9-e52e340220b3,reference_answer,known_missing,True,True,,,matched
t160-quality-20261007T013645Z-cd518eac-09-IMP-IMAGE-r3,IMP-IMAGE,3,assisted_corrected,e5c1555f-e927-575c-b68c-85eb341a3202,6ec253f7-01b5-4b79-b0c9-e52e340220b3,analysis,known_missing,True,True,,,matched
t160-quality-20261007T013645Z-cd518eac-09-IMP-IMAGE-r3,IMP-IMAGE,3,assisted_corrected,e5c1555f-e927-575c-b68c-85eb341a3202,6ec253f7-01b5-4b79-b0c9-e52e340220b3,score,source_provided,True,True,3.00,3.00,matched
t160-quality-20261007T013645Z-cd518eac-09-IMP-IMAGE-r3,IMP-IMAGE,3,assisted_corrected,e5c1555f-e927-575c-b68c-85eb341a3202,6ec253f7-01b5-4b79-b0c9-e52e340220b3,scoring_rubric,source_provided,True,True,正确关系式 1.00；说明代入过程 2.00。,正确关系式 1.00；说明代入过程 2.00。,matched
t160-quality-20261007T013645Z-cd518eac-09-IMP-IMAGE-r3,IMP-IMAGE,3,assisted_corrected,e5c1555f-e927-575c-b68c-85eb341a3202,6ec253f7-01b5-4b79-b0c9-e52e340220b3,knowledge_points,source_provided,True,True,"[""一次函数"", ""表达与计算""]","[""一次函数"", ""表达与计算""]",matched
t160-quality-20261007T013645Z-cd518eac-09-IMP-IMAGE-r3,IMP-IMAGE,3,assisted_corrected,e5c1555f-e927-575c-b68c-85eb341a3202,6ec253f7-01b5-4b79-b0c9-e52e340220b3,source_regions,unknown,False,,,,reference_unknown
t160-quality-20261007T013645Z-cd518eac-09-IMP-IMAGE-r3,IMP-IMAGE,3,assisted_corrected,e5c1555f-e927-575c-b68c-85eb341a3202,6ec253f7-01b5-4b79-b0c9-e52e340220b3,assets,source_provided,True,False,"[{""asset_type"": ""table"", ""source_page_number"": 1, ""order_index"": 1}]",,matched
t160-quality-20261007T013645Z-cd518eac-10-IMP-MIXED-r1,IMP-MIXED,1,automatic,1faa8619-84cc-5d65-86ae-244c7f68645e,c835f868-9734-4b8b-90a5-6e69bf84ddda,question_number,source_provided,True,True,1,1,matched
t160-quality-20261007T013645Z-cd518eac-10-IMP-MIXED-r1,IMP-MIXED,1,automatic,1faa8619-84cc-5d65-86ae-244c7f68645e,c835f868-9734-4b8b-90a5-6e69bf84ddda,order_index,source_provided,True,True,1,1,matched
t160-quality-20261007T013645Z-cd518eac-10-IMP-MIXED-r1,IMP-MIXED,1,automatic,1faa8619-84cc-5d65-86ae-244c7f68645e,c835f868-9734-4b8b-90a5-6e69bf84ddda,source_page_numbers,source_provided,True,True,[1],[1],matched
t160-quality-20261007T013645Z-cd518eac-10-IMP-MIXED-r1,IMP-MIXED,1,automatic,1faa8619-84cc-5d65-86ae-244c7f68645e,c835f868-9734-4b8b-90a5-6e69bf84ddda,question_type,source_provided,True,True,SINGLE_CHOICE,SINGLE_CHOICE,matched
t160-quality-20261007T013645Z-cd518eac-10-IMP-MIXED-r1,IMP-MIXED,1,automatic,1faa8619-84cc-5d65-86ae-244c7f68645e,c835f868-9734-4b8b-90a5-6e69bf84ddda,content,source_provided,True,True,y = 2x + 1，x = 3 时 y 为多少？,y = 2x + 1，x = 3 时 y 为多少？,matched
t160-quality-20261007T013645Z-cd518eac-10-IMP-MIXED-r1,IMP-MIXED,1,automatic,1faa8619-84cc-5d65-86ae-244c7f68645e,c835f868-9734-4b8b-90a5-6e69bf84ddda,options,source_provided,True,True,"{""C"": ""7"", ""A"": ""5"", ""B"": ""6"", ""D"": ""8""}","{""C"": ""7"", ""A"": ""5"", ""B"": ""6"", ""D"": ""8""}",matched
t160-quality-20261007T013645Z-cd518eac-10-IMP-MIXED-r1,IMP-MIXED,1,automatic,1faa8619-84cc-5d65-86ae-244c7f68645e,c835f868-9734-4b8b-90a5-6e69bf84ddda,reference_answer,source_provided,True,True,C,C,matched
t160-quality-20261007T013645Z-cd518eac-10-IMP-MIXED-r1,IMP-MIXED,1,automatic,1faa8619-84cc-5d65-86ae-244c7f68645e,c835f868-9734-4b8b-90a5-6e69bf84ddda,analysis,source_provided,True,True,2 × 3 + 1 = 7。,2 × 3 + 1 = 7。,matched
t160-quality-20261007T013645Z-cd518eac-10-IMP-MIXED-r1,IMP-MIXED,1,automatic,1faa8619-84cc-5d65-86ae-244c7f68645e,c835f868-9734-4b8b-90a5-6e69bf84ddda,score,source_provided,True,True,2.00,2.00,matched
t160-quality-20261007T013645Z-cd518eac-10-IMP-MIXED-r1,IMP-MIXED,1,automatic,1faa8619-84cc-5d65-86ae-244c7f68645e,c835f868-9734-4b8b-90a5-6e69bf84ddda,scoring_rubric,known_missing,True,True,,,matched
t160-quality-20261007T013645Z-cd518eac-10-IMP-MIXED-r1,IMP-MIXED,1,automatic,1faa8619-84cc-5d65-86ae-244c7f68645e,c835f868-9734-4b8b-90a5-6e69bf84ddda,knowledge_points,known_missing,True,True,[],[],matched
t160-quality-20261007T013645Z-cd518eac-10-IMP-MIXED-r1,IMP-MIXED,1,automatic,1faa8619-84cc-5d65-86ae-244c7f68645e,c835f868-9734-4b8b-90a5-6e69bf84ddda,source_regions,unknown,False,,,,reference_unknown
t160-quality-20261007T013645Z-cd518eac-10-IMP-MIXED-r1,IMP-MIXED,1,automatic,1faa8619-84cc-5d65-86ae-244c7f68645e,c835f868-9734-4b8b-90a5-6e69bf84ddda,assets,source_provided,True,False,[],,matched
t160-quality-20261007T013645Z-cd518eac-10-IMP-MIXED-r1,IMP-MIXED,1,automatic,545de13f-3fe9-524b-a917-7ab04807806f,1b853f89-6a3a-4eab-9cda-e57df68e274b,question_number,source_provided,True,True,2,2,matched
t160-quality-20261007T013645Z-cd518eac-10-IMP-MIXED-r1,IMP-MIXED,1,automatic,545de13f-3fe9-524b-a917-7ab04807806f,1b853f89-6a3a-4eab-9cda-e57df68e274b,order_index,source_provided,True,True,2,2,matched
t160-quality-20261007T013645Z-cd518eac-10-IMP-MIXED-r1,IMP-MIXED,1,automatic,545de13f-3fe9-524b-a917-7ab04807806f,1b853f89-6a3a-4eab-9cda-e57df68e274b,source_page_numbers,source_provided,True,True,[1],[1],matched
t160-quality-20261007T013645Z-cd518eac-10-IMP-MIXED-r1,IMP-MIXED,1,automatic,545de13f-3fe9-524b-a917-7ab04807806f,1b853f89-6a3a-4eab-9cda-e57df68e274b,question_type,source_provided,True,True,TRUE_FALSE,TRUE_FALSE,matched
t160-quality-20261007T013645Z-cd518eac-10-IMP-MIXED-r1,IMP-MIXED,1,automatic,545de13f-3fe9-524b-a917-7ab04807806f,1b853f89-6a3a-4eab-9cda-e57df68e274b,content,source_provided,True,True,右图三角形面积为 24 cm²。,右图三角形面积为 24 cm²。,matched
t160-quality-20261007T013645Z-cd518eac-10-IMP-MIXED-r1,IMP-MIXED,1,automatic,545de13f-3fe9-524b-a917-7ab04807806f,1b853f89-6a3a-4eab-9cda-e57df68e274b,options,source_provided,True,True,"[""正确"", ""错误""]","[""正确"", ""错误""]",matched
t160-quality-20261007T013645Z-cd518eac-10-IMP-MIXED-r1,IMP-MIXED,1,automatic,545de13f-3fe9-524b-a917-7ab04807806f,1b853f89-6a3a-4eab-9cda-e57df68e274b,reference_answer,known_missing,True,True,,,matched
t160-quality-20261007T013645Z-cd518eac-10-IMP-MIXED-r1,IMP-MIXED,1,automatic,545de13f-3fe9-524b-a917-7ab04807806f,1b853f89-6a3a-4eab-9cda-e57df68e274b,analysis,known_missing,True,True,,,matched
t160-quality-20261007T013645Z-cd518eac-10-IMP-MIXED-r1,IMP-MIXED,1,automatic,545de13f-3fe9-524b-a917-7ab04807806f,1b853f89-6a3a-4eab-9cda-e57df68e274b,score,source_provided,True,True,2.00,2.00,matched
t160-quality-20261007T013645Z-cd518eac-10-IMP-MIXED-r1,IMP-MIXED,1,automatic,545de13f-3fe9-524b-a917-7ab04807806f,1b853f89-6a3a-4eab-9cda-e57df68e274b,scoring_rubric,known_missing,True,True,,,matched
t160-quality-20261007T013645Z-cd518eac-10-IMP-MIXED-r1,IMP-MIXED,1,automatic,545de13f-3fe9-524b-a917-7ab04807806f,1b853f89-6a3a-4eab-9cda-e57df68e274b,knowledge_points,known_missing,True,True,[],[],matched
t160-quality-20261007T013645Z-cd518eac-10-IMP-MIXED-r1,IMP-MIXED,1,automatic,545de13f-3fe9-524b-a917-7ab04807806f,1b853f89-6a3a-4eab-9cda-e57df68e274b,source_regions,unknown,False,,,,reference_unknown
t160-quality-20261007T013645Z-cd518eac-10-IMP-MIXED-r1,IMP-MIXED,1,automatic,545de13f-3fe9-524b-a917-7ab04807806f,1b853f89-6a3a-4eab-9cda-e57df68e274b,assets,source_provided,True,False,"[{""asset_type"": ""figure"", ""source_page_number"": 1, ""order_index"": 1}]",,matched
t160-quality-20261007T013645Z-cd518eac-10-IMP-MIXED-r1,IMP-MIXED,1,automatic,85533f46-eb86-5893-8742-33939e77750f,88d66249-1616-4560-a8bf-46b8068f5111,question_number,source_provided,True,True,3,3,matched
t160-quality-20261007T013645Z-cd518eac-10-IMP-MIXED-r1,IMP-MIXED,1,automatic,85533f46-eb86-5893-8742-33939e77750f,88d66249-1616-4560-a8bf-46b8068f5111,order_index,source_provided,True,True,3,3,matched
t160-quality-20261007T013645Z-cd518eac-10-IMP-MIXED-r1,IMP-MIXED,1,automatic,85533f46-eb86-5893-8742-33939e77750f,88d66249-1616-4560-a8bf-46b8068f5111,source_page_numbers,source_provided,True,True,[1],[1],matched
t160-quality-20261007T013645Z-cd518eac-10-IMP-MIXED-r1,IMP-MIXED,1,automatic,85533f46-eb86-5893-8742-33939e77750f,88d66249-1616-4560-a8bf-46b8068f5111,question_type,source_provided,True,True,SHORT_ANSWER,SHORT_ANSWER,matched
t160-quality-20261007T013645Z-cd518eac-10-IMP-MIXED-r1,IMP-MIXED,1,automatic,85533f46-eb86-5893-8742-33939e77750f,88d66249-1616-4560-a8bf-46b8068f5111,content,source_provided,True,True,根据下表写出 y 关于 x 的关系式。,根据下表写出 y 关于 x 的关系式。,matched
t160-quality-20261007T013645Z-cd518eac-10-IMP-MIXED-r1,IMP-MIXED,1,automatic,85533f46-eb86-5893-8742-33939e77750f,88d66249-1616-4560-a8bf-46b8068f5111,options,not_applicable,True,True,,,matched
t160-quality-20261007T013645Z-cd518eac-10-IMP-MIXED-r1,IMP-MIXED,1,automatic,85533f46-eb86-5893-8742-33939e77750f,88d66249-1616-4560-a8bf-46b8068f5111,reference_answer,known_missing,True,True,,,matched
t160-quality-20261007T013645Z-cd518eac-10-IMP-MIXED-r1,IMP-MIXED,1,automatic,85533f46-eb86-5893-8742-33939e77750f,88d66249-1616-4560-a8bf-46b8068f5111,analysis,known_missing,True,True,,,matched
t160-quality-20261007T013645Z-cd518eac-10-IMP-MIXED-r1,IMP-MIXED,1,automatic,85533f46-eb86-5893-8742-33939e77750f,88d66249-1616-4560-a8bf-46b8068f5111,score,source_provided,True,True,3.00,3.00,matched
t160-quality-20261007T013645Z-cd518eac-10-IMP-MIXED-r1,IMP-MIXED,1,automatic,85533f46-eb86-5893-8742-33939e77750f,88d66249-1616-4560-a8bf-46b8068f5111,scoring_rubric,source_provided,True,True,正确关系式 1.00；说明代入过程 2.00。,正确关系式 1.00；说明代入过程 2.00。,matched
t160-quality-20261007T013645Z-cd518eac-10-IMP-MIXED-r1,IMP-MIXED,1,automatic,85533f46-eb86-5893-8742-33939e77750f,88d66249-1616-4560-a8bf-46b8068f5111,knowledge_points,source_provided,True,True,"[""一次函数"", ""表达与计算""]","[""一次函数"", ""表达与计算""]",matched
t160-quality-20261007T013645Z-cd518eac-10-IMP-MIXED-r1,IMP-MIXED,1,automatic,85533f46-eb86-5893-8742-33939e77750f,88d66249-1616-4560-a8bf-46b8068f5111,source_regions,unknown,False,,,,reference_unknown
t160-quality-20261007T013645Z-cd518eac-10-IMP-MIXED-r1,IMP-MIXED,1,automatic,85533f46-eb86-5893-8742-33939e77750f,88d66249-1616-4560-a8bf-46b8068f5111,assets,source_provided,True,False,"[{""asset_type"": ""table"", ""source_page_number"": 1, ""order_index"": 1}]",,matched
t160-quality-20261007T013645Z-cd518eac-10-IMP-MIXED-r1,IMP-MIXED,1,automatic,0fa8d57e-58c2-5aa4-b8cd-e52e96380a38,,question_number,source_provided,True,False,4,,missing_identity
t160-quality-20261007T013645Z-cd518eac-10-IMP-MIXED-r1,IMP-MIXED,1,automatic,0fa8d57e-58c2-5aa4-b8cd-e52e96380a38,,order_index,source_provided,True,False,4,,missing_identity
t160-quality-20261007T013645Z-cd518eac-10-IMP-MIXED-r1,IMP-MIXED,1,automatic,0fa8d57e-58c2-5aa4-b8cd-e52e96380a38,,source_page_numbers,source_provided,True,False,[2],,missing_identity
t160-quality-20261007T013645Z-cd518eac-10-IMP-MIXED-r1,IMP-MIXED,1,automatic,0fa8d57e-58c2-5aa4-b8cd-e52e96380a38,,question_type,source_provided,True,False,SINGLE_CHOICE,,missing_identity
t160-quality-20261007T013645Z-cd518eac-10-IMP-MIXED-r1,IMP-MIXED,1,automatic,0fa8d57e-58c2-5aa4-b8cd-e52e96380a38,,content,source_provided,True,False,y = 2x + 1，x = 3 时 y 为多少？,,missing_identity
t160-quality-20261007T013645Z-cd518eac-10-IMP-MIXED-r1,IMP-MIXED,1,automatic,0fa8d57e-58c2-5aa4-b8cd-e52e96380a38,,options,source_provided,True,False,"{""C"": ""7"", ""A"": ""5"", ""B"": ""6"", ""D"": ""8""}",,missing_identity
t160-quality-20261007T013645Z-cd518eac-10-IMP-MIXED-r1,IMP-MIXED,1,automatic,0fa8d57e-58c2-5aa4-b8cd-e52e96380a38,,reference_answer,source_provided,True,False,C,,missing_identity
t160-quality-20261007T013645Z-cd518eac-10-IMP-MIXED-r1,IMP-MIXED,1,automatic,0fa8d57e-58c2-5aa4-b8cd-e52e96380a38,,analysis,source_provided,True,False,2 × 3 + 1 = 7。,,missing_identity
t160-quality-20261007T013645Z-cd518eac-10-IMP-MIXED-r1,IMP-MIXED,1,automatic,0fa8d57e-58c2-5aa4-b8cd-e52e96380a38,,score,source_provided,True,False,2.00,,missing_identity
t160-quality-20261007T013645Z-cd518eac-10-IMP-MIXED-r1,IMP-MIXED,1,automatic,0fa8d57e-58c2-5aa4-b8cd-e52e96380a38,,scoring_rubric,known_missing,True,False,,,missing_identity
t160-quality-20261007T013645Z-cd518eac-10-IMP-MIXED-r1,IMP-MIXED,1,automatic,0fa8d57e-58c2-5aa4-b8cd-e52e96380a38,,knowledge_points,known_missing,True,False,[],,missing_identity
t160-quality-20261007T013645Z-cd518eac-10-IMP-MIXED-r1,IMP-MIXED,1,automatic,0fa8d57e-58c2-5aa4-b8cd-e52e96380a38,,source_regions,unknown,False,,,,reference_unknown
t160-quality-20261007T013645Z-cd518eac-10-IMP-MIXED-r1,IMP-MIXED,1,automatic,0fa8d57e-58c2-5aa4-b8cd-e52e96380a38,,assets,source_provided,True,False,[],,missing_identity
t160-quality-20261007T013645Z-cd518eac-10-IMP-MIXED-r1,IMP-MIXED,1,automatic,455720b9-9061-5bce-83af-d6d53c6c84e1,,question_number,source_provided,True,False,5,,missing_identity
t160-quality-20261007T013645Z-cd518eac-10-IMP-MIXED-r1,IMP-MIXED,1,automatic,455720b9-9061-5bce-83af-d6d53c6c84e1,,order_index,source_provided,True,False,5,,missing_identity
t160-quality-20261007T013645Z-cd518eac-10-IMP-MIXED-r1,IMP-MIXED,1,automatic,455720b9-9061-5bce-83af-d6d53c6c84e1,,source_page_numbers,source_provided,True,False,[2],,missing_identity
t160-quality-20261007T013645Z-cd518eac-10-IMP-MIXED-r1,IMP-MIXED,1,automatic,455720b9-9061-5bce-83af-d6d53c6c84e1,,question_type,source_provided,True,False,TRUE_FALSE,,missing_identity
t160-quality-20261007T013645Z-cd518eac-10-IMP-MIXED-r1,IMP-MIXED,1,automatic,455720b9-9061-5bce-83af-d6d53c6c84e1,,content,source_provided,True,False,右图三角形面积为 24 cm²。,,missing_identity
t160-quality-20261007T013645Z-cd518eac-10-IMP-MIXED-r1,IMP-MIXED,1,automatic,455720b9-9061-5bce-83af-d6d53c6c84e1,,options,source_provided,True,False,"[""正确"", ""错误""]",,missing_identity
t160-quality-20261007T013645Z-cd518eac-10-IMP-MIXED-r1,IMP-MIXED,1,automatic,455720b9-9061-5bce-83af-d6d53c6c84e1,,reference_answer,known_missing,True,False,,,missing_identity
t160-quality-20261007T013645Z-cd518eac-10-IMP-MIXED-r1,IMP-MIXED,1,automatic,455720b9-9061-5bce-83af-d6d53c6c84e1,,analysis,known_missing,True,False,,,missing_identity
t160-quality-20261007T013645Z-cd518eac-10-IMP-MIXED-r1,IMP-MIXED,1,automatic,455720b9-9061-5bce-83af-d6d53c6c84e1,,score,source_provided,True,False,2.00,,missing_identity
t160-quality-20261007T013645Z-cd518eac-10-IMP-MIXED-r1,IMP-MIXED,1,automatic,455720b9-9061-5bce-83af-d6d53c6c84e1,,scoring_rubric,known_missing,True,False,,,missing_identity
t160-quality-20261007T013645Z-cd518eac-10-IMP-MIXED-r1,IMP-MIXED,1,automatic,455720b9-9061-5bce-83af-d6d53c6c84e1,,knowledge_points,known_missing,True,False,[],,missing_identity
t160-quality-20261007T013645Z-cd518eac-10-IMP-MIXED-r1,IMP-MIXED,1,automatic,455720b9-9061-5bce-83af-d6d53c6c84e1,,source_regions,unknown,False,,,,reference_unknown
t160-quality-20261007T013645Z-cd518eac-10-IMP-MIXED-r1,IMP-MIXED,1,automatic,455720b9-9061-5bce-83af-d6d53c6c84e1,,assets,source_provided,True,False,"[{""asset_type"": ""figure"", ""source_page_number"": 2, ""order_index"": 1}]",,missing_identity
t160-quality-20261007T013645Z-cd518eac-10-IMP-MIXED-r1,IMP-MIXED,1,automatic,bf862f8d-df39-5559-bab5-d942fccb2432,,question_number,source_provided,True,False,6,,missing_identity
t160-quality-20261007T013645Z-cd518eac-10-IMP-MIXED-r1,IMP-MIXED,1,automatic,bf862f8d-df39-5559-bab5-d942fccb2432,,order_index,source_provided,True,False,6,,missing_identity
t160-quality-20261007T013645Z-cd518eac-10-IMP-MIXED-r1,IMP-MIXED,1,automatic,bf862f8d-df39-5559-bab5-d942fccb2432,,source_page_numbers,source_provided,True,False,[2],,missing_identity
t160-quality-20261007T013645Z-cd518eac-10-IMP-MIXED-r1,IMP-MIXED,1,automatic,bf862f8d-df39-5559-bab5-d942fccb2432,,question_type,source_provided,True,False,SHORT_ANSWER,,missing_identity
t160-quality-20261007T013645Z-cd518eac-10-IMP-MIXED-r1,IMP-MIXED,1,automatic,bf862f8d-df39-5559-bab5-d942fccb2432,,content,source_provided,True,False,根据下表写出 y 关于 x 的关系式。,,missing_identity
t160-quality-20261007T013645Z-cd518eac-10-IMP-MIXED-r1,IMP-MIXED,1,automatic,bf862f8d-df39-5559-bab5-d942fccb2432,,options,not_applicable,True,False,,,missing_identity
t160-quality-20261007T013645Z-cd518eac-10-IMP-MIXED-r1,IMP-MIXED,1,automatic,bf862f8d-df39-5559-bab5-d942fccb2432,,reference_answer,known_missing,True,False,,,missing_identity
t160-quality-20261007T013645Z-cd518eac-10-IMP-MIXED-r1,IMP-MIXED,1,automatic,bf862f8d-df39-5559-bab5-d942fccb2432,,analysis,known_missing,True,False,,,missing_identity
t160-quality-20261007T013645Z-cd518eac-10-IMP-MIXED-r1,IMP-MIXED,1,automatic,bf862f8d-df39-5559-bab5-d942fccb2432,,score,source_provided,True,False,3.00,,missing_identity
t160-quality-20261007T013645Z-cd518eac-10-IMP-MIXED-r1,IMP-MIXED,1,automatic,bf862f8d-df39-5559-bab5-d942fccb2432,,scoring_rubric,source_provided,True,False,正确关系式 1.00；说明代入过程 2.00。,,missing_identity
t160-quality-20261007T013645Z-cd518eac-10-IMP-MIXED-r1,IMP-MIXED,1,automatic,bf862f8d-df39-5559-bab5-d942fccb2432,,knowledge_points,source_provided,True,False,"[""一次函数"", ""表达与计算""]",,missing_identity
t160-quality-20261007T013645Z-cd518eac-10-IMP-MIXED-r1,IMP-MIXED,1,automatic,bf862f8d-df39-5559-bab5-d942fccb2432,,source_regions,unknown,False,,,,reference_unknown
t160-quality-20261007T013645Z-cd518eac-10-IMP-MIXED-r1,IMP-MIXED,1,automatic,bf862f8d-df39-5559-bab5-d942fccb2432,,assets,source_provided,True,False,"[{""asset_type"": ""table"", ""source_page_number"": 2, ""order_index"": 1}]",,missing_identity
t160-quality-20261007T013645Z-cd518eac-10-IMP-MIXED-r1,IMP-MIXED,1,assisted_corrected,1faa8619-84cc-5d65-86ae-244c7f68645e,c835f868-9734-4b8b-90a5-6e69bf84ddda,question_number,source_provided,True,True,1,1,matched
t160-quality-20261007T013645Z-cd518eac-10-IMP-MIXED-r1,IMP-MIXED,1,assisted_corrected,1faa8619-84cc-5d65-86ae-244c7f68645e,c835f868-9734-4b8b-90a5-6e69bf84ddda,order_index,source_provided,True,True,1,1,matched
t160-quality-20261007T013645Z-cd518eac-10-IMP-MIXED-r1,IMP-MIXED,1,assisted_corrected,1faa8619-84cc-5d65-86ae-244c7f68645e,c835f868-9734-4b8b-90a5-6e69bf84ddda,source_page_numbers,source_provided,True,True,[1],[1],matched
t160-quality-20261007T013645Z-cd518eac-10-IMP-MIXED-r1,IMP-MIXED,1,assisted_corrected,1faa8619-84cc-5d65-86ae-244c7f68645e,c835f868-9734-4b8b-90a5-6e69bf84ddda,question_type,source_provided,True,True,SINGLE_CHOICE,SINGLE_CHOICE,matched
t160-quality-20261007T013645Z-cd518eac-10-IMP-MIXED-r1,IMP-MIXED,1,assisted_corrected,1faa8619-84cc-5d65-86ae-244c7f68645e,c835f868-9734-4b8b-90a5-6e69bf84ddda,content,source_provided,True,True,y = 2x + 1，x = 3 时 y 为多少？,y = 2x + 1，x = 3 时 y 为多少？,matched
t160-quality-20261007T013645Z-cd518eac-10-IMP-MIXED-r1,IMP-MIXED,1,assisted_corrected,1faa8619-84cc-5d65-86ae-244c7f68645e,c835f868-9734-4b8b-90a5-6e69bf84ddda,options,source_provided,True,True,"{""C"": ""7"", ""A"": ""5"", ""B"": ""6"", ""D"": ""8""}","{""C"": ""7"", ""A"": ""5"", ""B"": ""6"", ""D"": ""8""}",matched
t160-quality-20261007T013645Z-cd518eac-10-IMP-MIXED-r1,IMP-MIXED,1,assisted_corrected,1faa8619-84cc-5d65-86ae-244c7f68645e,c835f868-9734-4b8b-90a5-6e69bf84ddda,reference_answer,source_provided,True,True,C,C,matched
t160-quality-20261007T013645Z-cd518eac-10-IMP-MIXED-r1,IMP-MIXED,1,assisted_corrected,1faa8619-84cc-5d65-86ae-244c7f68645e,c835f868-9734-4b8b-90a5-6e69bf84ddda,analysis,source_provided,True,True,2 × 3 + 1 = 7。,2 × 3 + 1 = 7。,matched
t160-quality-20261007T013645Z-cd518eac-10-IMP-MIXED-r1,IMP-MIXED,1,assisted_corrected,1faa8619-84cc-5d65-86ae-244c7f68645e,c835f868-9734-4b8b-90a5-6e69bf84ddda,score,source_provided,True,True,2.00,2.00,matched
t160-quality-20261007T013645Z-cd518eac-10-IMP-MIXED-r1,IMP-MIXED,1,assisted_corrected,1faa8619-84cc-5d65-86ae-244c7f68645e,c835f868-9734-4b8b-90a5-6e69bf84ddda,scoring_rubric,known_missing,True,True,,,matched
t160-quality-20261007T013645Z-cd518eac-10-IMP-MIXED-r1,IMP-MIXED,1,assisted_corrected,1faa8619-84cc-5d65-86ae-244c7f68645e,c835f868-9734-4b8b-90a5-6e69bf84ddda,knowledge_points,known_missing,True,True,[],[],matched
t160-quality-20261007T013645Z-cd518eac-10-IMP-MIXED-r1,IMP-MIXED,1,assisted_corrected,1faa8619-84cc-5d65-86ae-244c7f68645e,c835f868-9734-4b8b-90a5-6e69bf84ddda,source_regions,unknown,False,,,,reference_unknown
t160-quality-20261007T013645Z-cd518eac-10-IMP-MIXED-r1,IMP-MIXED,1,assisted_corrected,1faa8619-84cc-5d65-86ae-244c7f68645e,c835f868-9734-4b8b-90a5-6e69bf84ddda,assets,source_provided,True,True,[],[],matched
t160-quality-20261007T013645Z-cd518eac-10-IMP-MIXED-r1,IMP-MIXED,1,assisted_corrected,545de13f-3fe9-524b-a917-7ab04807806f,1b853f89-6a3a-4eab-9cda-e57df68e274b,question_number,source_provided,True,True,2,2,matched
t160-quality-20261007T013645Z-cd518eac-10-IMP-MIXED-r1,IMP-MIXED,1,assisted_corrected,545de13f-3fe9-524b-a917-7ab04807806f,1b853f89-6a3a-4eab-9cda-e57df68e274b,order_index,source_provided,True,True,2,2,matched
t160-quality-20261007T013645Z-cd518eac-10-IMP-MIXED-r1,IMP-MIXED,1,assisted_corrected,545de13f-3fe9-524b-a917-7ab04807806f,1b853f89-6a3a-4eab-9cda-e57df68e274b,source_page_numbers,source_provided,True,True,[1],[1],matched
t160-quality-20261007T013645Z-cd518eac-10-IMP-MIXED-r1,IMP-MIXED,1,assisted_corrected,545de13f-3fe9-524b-a917-7ab04807806f,1b853f89-6a3a-4eab-9cda-e57df68e274b,question_type,source_provided,True,True,TRUE_FALSE,TRUE_FALSE,matched
t160-quality-20261007T013645Z-cd518eac-10-IMP-MIXED-r1,IMP-MIXED,1,assisted_corrected,545de13f-3fe9-524b-a917-7ab04807806f,1b853f89-6a3a-4eab-9cda-e57df68e274b,content,source_provided,True,True,右图三角形面积为 24 cm²。,右图三角形面积为 24 cm²。,matched
t160-quality-20261007T013645Z-cd518eac-10-IMP-MIXED-r1,IMP-MIXED,1,assisted_corrected,545de13f-3fe9-524b-a917-7ab04807806f,1b853f89-6a3a-4eab-9cda-e57df68e274b,options,source_provided,True,True,"[""正确"", ""错误""]","[""正确"", ""错误""]",matched
t160-quality-20261007T013645Z-cd518eac-10-IMP-MIXED-r1,IMP-MIXED,1,assisted_corrected,545de13f-3fe9-524b-a917-7ab04807806f,1b853f89-6a3a-4eab-9cda-e57df68e274b,reference_answer,known_missing,True,True,,,matched
t160-quality-20261007T013645Z-cd518eac-10-IMP-MIXED-r1,IMP-MIXED,1,assisted_corrected,545de13f-3fe9-524b-a917-7ab04807806f,1b853f89-6a3a-4eab-9cda-e57df68e274b,analysis,known_missing,True,True,,,matched
t160-quality-20261007T013645Z-cd518eac-10-IMP-MIXED-r1,IMP-MIXED,1,assisted_corrected,545de13f-3fe9-524b-a917-7ab04807806f,1b853f89-6a3a-4eab-9cda-e57df68e274b,score,source_provided,True,True,2.00,2.00,matched
t160-quality-20261007T013645Z-cd518eac-10-IMP-MIXED-r1,IMP-MIXED,1,assisted_corrected,545de13f-3fe9-524b-a917-7ab04807806f,1b853f89-6a3a-4eab-9cda-e57df68e274b,scoring_rubric,known_missing,True,True,,,matched
t160-quality-20261007T013645Z-cd518eac-10-IMP-MIXED-r1,IMP-MIXED,1,assisted_corrected,545de13f-3fe9-524b-a917-7ab04807806f,1b853f89-6a3a-4eab-9cda-e57df68e274b,knowledge_points,known_missing,True,True,[],[],matched
t160-quality-20261007T013645Z-cd518eac-10-IMP-MIXED-r1,IMP-MIXED,1,assisted_corrected,545de13f-3fe9-524b-a917-7ab04807806f,1b853f89-6a3a-4eab-9cda-e57df68e274b,source_regions,unknown,False,,,,reference_unknown
t160-quality-20261007T013645Z-cd518eac-10-IMP-MIXED-r1,IMP-MIXED,1,assisted_corrected,545de13f-3fe9-524b-a917-7ab04807806f,1b853f89-6a3a-4eab-9cda-e57df68e274b,assets,source_provided,True,False,"[{""asset_type"": ""figure"", ""source_page_number"": 1, ""order_index"": 1}]",,matched
t160-quality-20261007T013645Z-cd518eac-10-IMP-MIXED-r1,IMP-MIXED,1,assisted_corrected,85533f46-eb86-5893-8742-33939e77750f,88d66249-1616-4560-a8bf-46b8068f5111,question_number,source_provided,True,True,3,3,matched
t160-quality-20261007T013645Z-cd518eac-10-IMP-MIXED-r1,IMP-MIXED,1,assisted_corrected,85533f46-eb86-5893-8742-33939e77750f,88d66249-1616-4560-a8bf-46b8068f5111,order_index,source_provided,True,True,3,3,matched
t160-quality-20261007T013645Z-cd518eac-10-IMP-MIXED-r1,IMP-MIXED,1,assisted_corrected,85533f46-eb86-5893-8742-33939e77750f,88d66249-1616-4560-a8bf-46b8068f5111,source_page_numbers,source_provided,True,True,[1],[1],matched
t160-quality-20261007T013645Z-cd518eac-10-IMP-MIXED-r1,IMP-MIXED,1,assisted_corrected,85533f46-eb86-5893-8742-33939e77750f,88d66249-1616-4560-a8bf-46b8068f5111,question_type,source_provided,True,True,SHORT_ANSWER,SHORT_ANSWER,matched
t160-quality-20261007T013645Z-cd518eac-10-IMP-MIXED-r1,IMP-MIXED,1,assisted_corrected,85533f46-eb86-5893-8742-33939e77750f,88d66249-1616-4560-a8bf-46b8068f5111,content,source_provided,True,True,根据下表写出 y 关于 x 的关系式。,根据下表写出 y 关于 x 的关系式。,matched
t160-quality-20261007T013645Z-cd518eac-10-IMP-MIXED-r1,IMP-MIXED,1,assisted_corrected,85533f46-eb86-5893-8742-33939e77750f,88d66249-1616-4560-a8bf-46b8068f5111,options,not_applicable,True,True,,,matched
t160-quality-20261007T013645Z-cd518eac-10-IMP-MIXED-r1,IMP-MIXED,1,assisted_corrected,85533f46-eb86-5893-8742-33939e77750f,88d66249-1616-4560-a8bf-46b8068f5111,reference_answer,known_missing,True,True,,,matched
t160-quality-20261007T013645Z-cd518eac-10-IMP-MIXED-r1,IMP-MIXED,1,assisted_corrected,85533f46-eb86-5893-8742-33939e77750f,88d66249-1616-4560-a8bf-46b8068f5111,analysis,known_missing,True,True,,,matched
t160-quality-20261007T013645Z-cd518eac-10-IMP-MIXED-r1,IMP-MIXED,1,assisted_corrected,85533f46-eb86-5893-8742-33939e77750f,88d66249-1616-4560-a8bf-46b8068f5111,score,source_provided,True,True,3.00,3.00,matched
t160-quality-20261007T013645Z-cd518eac-10-IMP-MIXED-r1,IMP-MIXED,1,assisted_corrected,85533f46-eb86-5893-8742-33939e77750f,88d66249-1616-4560-a8bf-46b8068f5111,scoring_rubric,source_provided,True,True,正确关系式 1.00；说明代入过程 2.00。,正确关系式 1.00；说明代入过程 2.00。,matched
t160-quality-20261007T013645Z-cd518eac-10-IMP-MIXED-r1,IMP-MIXED,1,assisted_corrected,85533f46-eb86-5893-8742-33939e77750f,88d66249-1616-4560-a8bf-46b8068f5111,knowledge_points,source_provided,True,True,"[""一次函数"", ""表达与计算""]","[""一次函数"", ""表达与计算""]",matched
t160-quality-20261007T013645Z-cd518eac-10-IMP-MIXED-r1,IMP-MIXED,1,assisted_corrected,85533f46-eb86-5893-8742-33939e77750f,88d66249-1616-4560-a8bf-46b8068f5111,source_regions,unknown,False,,,,reference_unknown
t160-quality-20261007T013645Z-cd518eac-10-IMP-MIXED-r1,IMP-MIXED,1,assisted_corrected,85533f46-eb86-5893-8742-33939e77750f,88d66249-1616-4560-a8bf-46b8068f5111,assets,source_provided,True,False,"[{""asset_type"": ""table"", ""source_page_number"": 1, ""order_index"": 1}]",,matched
t160-quality-20261007T013645Z-cd518eac-10-IMP-MIXED-r1,IMP-MIXED,1,assisted_corrected,0fa8d57e-58c2-5aa4-b8cd-e52e96380a38,,question_number,source_provided,True,False,4,,missing_identity
t160-quality-20261007T013645Z-cd518eac-10-IMP-MIXED-r1,IMP-MIXED,1,assisted_corrected,0fa8d57e-58c2-5aa4-b8cd-e52e96380a38,,order_index,source_provided,True,False,4,,missing_identity
t160-quality-20261007T013645Z-cd518eac-10-IMP-MIXED-r1,IMP-MIXED,1,assisted_corrected,0fa8d57e-58c2-5aa4-b8cd-e52e96380a38,,source_page_numbers,source_provided,True,False,[2],,missing_identity
t160-quality-20261007T013645Z-cd518eac-10-IMP-MIXED-r1,IMP-MIXED,1,assisted_corrected,0fa8d57e-58c2-5aa4-b8cd-e52e96380a38,,question_type,source_provided,True,False,SINGLE_CHOICE,,missing_identity
t160-quality-20261007T013645Z-cd518eac-10-IMP-MIXED-r1,IMP-MIXED,1,assisted_corrected,0fa8d57e-58c2-5aa4-b8cd-e52e96380a38,,content,source_provided,True,False,y = 2x + 1，x = 3 时 y 为多少？,,missing_identity
t160-quality-20261007T013645Z-cd518eac-10-IMP-MIXED-r1,IMP-MIXED,1,assisted_corrected,0fa8d57e-58c2-5aa4-b8cd-e52e96380a38,,options,source_provided,True,False,"{""C"": ""7"", ""A"": ""5"", ""B"": ""6"", ""D"": ""8""}",,missing_identity
t160-quality-20261007T013645Z-cd518eac-10-IMP-MIXED-r1,IMP-MIXED,1,assisted_corrected,0fa8d57e-58c2-5aa4-b8cd-e52e96380a38,,reference_answer,source_provided,True,False,C,,missing_identity
t160-quality-20261007T013645Z-cd518eac-10-IMP-MIXED-r1,IMP-MIXED,1,assisted_corrected,0fa8d57e-58c2-5aa4-b8cd-e52e96380a38,,analysis,source_provided,True,False,2 × 3 + 1 = 7。,,missing_identity
t160-quality-20261007T013645Z-cd518eac-10-IMP-MIXED-r1,IMP-MIXED,1,assisted_corrected,0fa8d57e-58c2-5aa4-b8cd-e52e96380a38,,score,source_provided,True,False,2.00,,missing_identity
t160-quality-20261007T013645Z-cd518eac-10-IMP-MIXED-r1,IMP-MIXED,1,assisted_corrected,0fa8d57e-58c2-5aa4-b8cd-e52e96380a38,,scoring_rubric,known_missing,True,False,,,missing_identity
t160-quality-20261007T013645Z-cd518eac-10-IMP-MIXED-r1,IMP-MIXED,1,assisted_corrected,0fa8d57e-58c2-5aa4-b8cd-e52e96380a38,,knowledge_points,known_missing,True,False,[],,missing_identity
t160-quality-20261007T013645Z-cd518eac-10-IMP-MIXED-r1,IMP-MIXED,1,assisted_corrected,0fa8d57e-58c2-5aa4-b8cd-e52e96380a38,,source_regions,unknown,False,,,,reference_unknown
t160-quality-20261007T013645Z-cd518eac-10-IMP-MIXED-r1,IMP-MIXED,1,assisted_corrected,0fa8d57e-58c2-5aa4-b8cd-e52e96380a38,,assets,source_provided,True,False,[],,missing_identity
t160-quality-20261007T013645Z-cd518eac-10-IMP-MIXED-r1,IMP-MIXED,1,assisted_corrected,455720b9-9061-5bce-83af-d6d53c6c84e1,,question_number,source_provided,True,False,5,,missing_identity
t160-quality-20261007T013645Z-cd518eac-10-IMP-MIXED-r1,IMP-MIXED,1,assisted_corrected,455720b9-9061-5bce-83af-d6d53c6c84e1,,order_index,source_provided,True,False,5,,missing_identity
t160-quality-20261007T013645Z-cd518eac-10-IMP-MIXED-r1,IMP-MIXED,1,assisted_corrected,455720b9-9061-5bce-83af-d6d53c6c84e1,,source_page_numbers,source_provided,True,False,[2],,missing_identity
t160-quality-20261007T013645Z-cd518eac-10-IMP-MIXED-r1,IMP-MIXED,1,assisted_corrected,455720b9-9061-5bce-83af-d6d53c6c84e1,,question_type,source_provided,True,False,TRUE_FALSE,,missing_identity
t160-quality-20261007T013645Z-cd518eac-10-IMP-MIXED-r1,IMP-MIXED,1,assisted_corrected,455720b9-9061-5bce-83af-d6d53c6c84e1,,content,source_provided,True,False,右图三角形面积为 24 cm²。,,missing_identity
t160-quality-20261007T013645Z-cd518eac-10-IMP-MIXED-r1,IMP-MIXED,1,assisted_corrected,455720b9-9061-5bce-83af-d6d53c6c84e1,,options,source_provided,True,False,"[""正确"", ""错误""]",,missing_identity
t160-quality-20261007T013645Z-cd518eac-10-IMP-MIXED-r1,IMP-MIXED,1,assisted_corrected,455720b9-9061-5bce-83af-d6d53c6c84e1,,reference_answer,known_missing,True,False,,,missing_identity
t160-quality-20261007T013645Z-cd518eac-10-IMP-MIXED-r1,IMP-MIXED,1,assisted_corrected,455720b9-9061-5bce-83af-d6d53c6c84e1,,analysis,known_missing,True,False,,,missing_identity
t160-quality-20261007T013645Z-cd518eac-10-IMP-MIXED-r1,IMP-MIXED,1,assisted_corrected,455720b9-9061-5bce-83af-d6d53c6c84e1,,score,source_provided,True,False,2.00,,missing_identity
t160-quality-20261007T013645Z-cd518eac-10-IMP-MIXED-r1,IMP-MIXED,1,assisted_corrected,455720b9-9061-5bce-83af-d6d53c6c84e1,,scoring_rubric,known_missing,True,False,,,missing_identity
t160-quality-20261007T013645Z-cd518eac-10-IMP-MIXED-r1,IMP-MIXED,1,assisted_corrected,455720b9-9061-5bce-83af-d6d53c6c84e1,,knowledge_points,known_missing,True,False,[],,missing_identity
t160-quality-20261007T013645Z-cd518eac-10-IMP-MIXED-r1,IMP-MIXED,1,assisted_corrected,455720b9-9061-5bce-83af-d6d53c6c84e1,,source_regions,unknown,False,,,,reference_unknown
t160-quality-20261007T013645Z-cd518eac-10-IMP-MIXED-r1,IMP-MIXED,1,assisted_corrected,455720b9-9061-5bce-83af-d6d53c6c84e1,,assets,source_provided,True,False,"[{""asset_type"": ""figure"", ""source_page_number"": 2, ""order_index"": 1}]",,missing_identity
t160-quality-20261007T013645Z-cd518eac-10-IMP-MIXED-r1,IMP-MIXED,1,assisted_corrected,bf862f8d-df39-5559-bab5-d942fccb2432,,question_number,source_provided,True,False,6,,missing_identity
t160-quality-20261007T013645Z-cd518eac-10-IMP-MIXED-r1,IMP-MIXED,1,assisted_corrected,bf862f8d-df39-5559-bab5-d942fccb2432,,order_index,source_provided,True,False,6,,missing_identity
t160-quality-20261007T013645Z-cd518eac-10-IMP-MIXED-r1,IMP-MIXED,1,assisted_corrected,bf862f8d-df39-5559-bab5-d942fccb2432,,source_page_numbers,source_provided,True,False,[2],,missing_identity
t160-quality-20261007T013645Z-cd518eac-10-IMP-MIXED-r1,IMP-MIXED,1,assisted_corrected,bf862f8d-df39-5559-bab5-d942fccb2432,,question_type,source_provided,True,False,SHORT_ANSWER,,missing_identity
t160-quality-20261007T013645Z-cd518eac-10-IMP-MIXED-r1,IMP-MIXED,1,assisted_corrected,bf862f8d-df39-5559-bab5-d942fccb2432,,content,source_provided,True,False,根据下表写出 y 关于 x 的关系式。,,missing_identity
t160-quality-20261007T013645Z-cd518eac-10-IMP-MIXED-r1,IMP-MIXED,1,assisted_corrected,bf862f8d-df39-5559-bab5-d942fccb2432,,options,not_applicable,True,False,,,missing_identity
t160-quality-20261007T013645Z-cd518eac-10-IMP-MIXED-r1,IMP-MIXED,1,assisted_corrected,bf862f8d-df39-5559-bab5-d942fccb2432,,reference_answer,known_missing,True,False,,,missing_identity
t160-quality-20261007T013645Z-cd518eac-10-IMP-MIXED-r1,IMP-MIXED,1,assisted_corrected,bf862f8d-df39-5559-bab5-d942fccb2432,,analysis,known_missing,True,False,,,missing_identity
t160-quality-20261007T013645Z-cd518eac-10-IMP-MIXED-r1,IMP-MIXED,1,assisted_corrected,bf862f8d-df39-5559-bab5-d942fccb2432,,score,source_provided,True,False,3.00,,missing_identity
t160-quality-20261007T013645Z-cd518eac-10-IMP-MIXED-r1,IMP-MIXED,1,assisted_corrected,bf862f8d-df39-5559-bab5-d942fccb2432,,scoring_rubric,source_provided,True,False,正确关系式 1.00；说明代入过程 2.00。,,missing_identity
t160-quality-20261007T013645Z-cd518eac-10-IMP-MIXED-r1,IMP-MIXED,1,assisted_corrected,bf862f8d-df39-5559-bab5-d942fccb2432,,knowledge_points,source_provided,True,False,"[""一次函数"", ""表达与计算""]",,missing_identity
t160-quality-20261007T013645Z-cd518eac-10-IMP-MIXED-r1,IMP-MIXED,1,assisted_corrected,bf862f8d-df39-5559-bab5-d942fccb2432,,source_regions,unknown,False,,,,reference_unknown
t160-quality-20261007T013645Z-cd518eac-10-IMP-MIXED-r1,IMP-MIXED,1,assisted_corrected,bf862f8d-df39-5559-bab5-d942fccb2432,,assets,source_provided,True,False,"[{""asset_type"": ""table"", ""source_page_number"": 2, ""order_index"": 1}]",,missing_identity
t160-quality-20261007T013645Z-cd518eac-11-IMP-MIXED-r2,IMP-MIXED,2,automatic,1faa8619-84cc-5d65-86ae-244c7f68645e,d0480103-c128-4b8b-82de-225107b58fa0,question_number,source_provided,True,True,1,1,matched
t160-quality-20261007T013645Z-cd518eac-11-IMP-MIXED-r2,IMP-MIXED,2,automatic,1faa8619-84cc-5d65-86ae-244c7f68645e,d0480103-c128-4b8b-82de-225107b58fa0,order_index,source_provided,True,True,1,1,matched
t160-quality-20261007T013645Z-cd518eac-11-IMP-MIXED-r2,IMP-MIXED,2,automatic,1faa8619-84cc-5d65-86ae-244c7f68645e,d0480103-c128-4b8b-82de-225107b58fa0,source_page_numbers,source_provided,True,True,[1],[1],matched
t160-quality-20261007T013645Z-cd518eac-11-IMP-MIXED-r2,IMP-MIXED,2,automatic,1faa8619-84cc-5d65-86ae-244c7f68645e,d0480103-c128-4b8b-82de-225107b58fa0,question_type,source_provided,True,True,SINGLE_CHOICE,SINGLE_CHOICE,matched
t160-quality-20261007T013645Z-cd518eac-11-IMP-MIXED-r2,IMP-MIXED,2,automatic,1faa8619-84cc-5d65-86ae-244c7f68645e,d0480103-c128-4b8b-82de-225107b58fa0,content,source_provided,True,True,y = 2x + 1，x = 3 时 y 为多少？,y = 2x + 1，x = 3 时 y 为多少？,matched
t160-quality-20261007T013645Z-cd518eac-11-IMP-MIXED-r2,IMP-MIXED,2,automatic,1faa8619-84cc-5d65-86ae-244c7f68645e,d0480103-c128-4b8b-82de-225107b58fa0,options,source_provided,True,True,"{""C"": ""7"", ""A"": ""5"", ""B"": ""6"", ""D"": ""8""}","{""C"": ""7"", ""A"": ""5"", ""B"": ""6"", ""D"": ""8""}",matched
t160-quality-20261007T013645Z-cd518eac-11-IMP-MIXED-r2,IMP-MIXED,2,automatic,1faa8619-84cc-5d65-86ae-244c7f68645e,d0480103-c128-4b8b-82de-225107b58fa0,reference_answer,source_provided,True,True,C,C,matched
t160-quality-20261007T013645Z-cd518eac-11-IMP-MIXED-r2,IMP-MIXED,2,automatic,1faa8619-84cc-5d65-86ae-244c7f68645e,d0480103-c128-4b8b-82de-225107b58fa0,analysis,source_provided,True,True,2 × 3 + 1 = 7。,2 × 3 + 1 = 7。,matched
t160-quality-20261007T013645Z-cd518eac-11-IMP-MIXED-r2,IMP-MIXED,2,automatic,1faa8619-84cc-5d65-86ae-244c7f68645e,d0480103-c128-4b8b-82de-225107b58fa0,score,source_provided,True,True,2.00,2.00,matched
t160-quality-20261007T013645Z-cd518eac-11-IMP-MIXED-r2,IMP-MIXED,2,automatic,1faa8619-84cc-5d65-86ae-244c7f68645e,d0480103-c128-4b8b-82de-225107b58fa0,scoring_rubric,known_missing,True,True,,,matched
t160-quality-20261007T013645Z-cd518eac-11-IMP-MIXED-r2,IMP-MIXED,2,automatic,1faa8619-84cc-5d65-86ae-244c7f68645e,d0480103-c128-4b8b-82de-225107b58fa0,knowledge_points,known_missing,True,True,[],[],matched
t160-quality-20261007T013645Z-cd518eac-11-IMP-MIXED-r2,IMP-MIXED,2,automatic,1faa8619-84cc-5d65-86ae-244c7f68645e,d0480103-c128-4b8b-82de-225107b58fa0,source_regions,unknown,False,,,,reference_unknown
t160-quality-20261007T013645Z-cd518eac-11-IMP-MIXED-r2,IMP-MIXED,2,automatic,1faa8619-84cc-5d65-86ae-244c7f68645e,d0480103-c128-4b8b-82de-225107b58fa0,assets,source_provided,True,False,[],,matched
t160-quality-20261007T013645Z-cd518eac-11-IMP-MIXED-r2,IMP-MIXED,2,automatic,545de13f-3fe9-524b-a917-7ab04807806f,dd2c6182-e3b3-46fe-8e6c-b6c9b5eb7857,question_number,source_provided,True,True,2,2,matched
t160-quality-20261007T013645Z-cd518eac-11-IMP-MIXED-r2,IMP-MIXED,2,automatic,545de13f-3fe9-524b-a917-7ab04807806f,dd2c6182-e3b3-46fe-8e6c-b6c9b5eb7857,order_index,source_provided,True,True,2,2,matched
t160-quality-20261007T013645Z-cd518eac-11-IMP-MIXED-r2,IMP-MIXED,2,automatic,545de13f-3fe9-524b-a917-7ab04807806f,dd2c6182-e3b3-46fe-8e6c-b6c9b5eb7857,source_page_numbers,source_provided,True,True,[1],[1],matched
t160-quality-20261007T013645Z-cd518eac-11-IMP-MIXED-r2,IMP-MIXED,2,automatic,545de13f-3fe9-524b-a917-7ab04807806f,dd2c6182-e3b3-46fe-8e6c-b6c9b5eb7857,question_type,source_provided,True,True,TRUE_FALSE,TRUE_FALSE,matched
t160-quality-20261007T013645Z-cd518eac-11-IMP-MIXED-r2,IMP-MIXED,2,automatic,545de13f-3fe9-524b-a917-7ab04807806f,dd2c6182-e3b3-46fe-8e6c-b6c9b5eb7857,content,source_provided,True,True,右图三角形面积为 24 cm²。,右图三角形面积为 24 cm²。,matched
t160-quality-20261007T013645Z-cd518eac-11-IMP-MIXED-r2,IMP-MIXED,2,automatic,545de13f-3fe9-524b-a917-7ab04807806f,dd2c6182-e3b3-46fe-8e6c-b6c9b5eb7857,options,source_provided,True,True,"[""正确"", ""错误""]","[""正确"", ""错误""]",matched
t160-quality-20261007T013645Z-cd518eac-11-IMP-MIXED-r2,IMP-MIXED,2,automatic,545de13f-3fe9-524b-a917-7ab04807806f,dd2c6182-e3b3-46fe-8e6c-b6c9b5eb7857,reference_answer,known_missing,True,True,,,matched
t160-quality-20261007T013645Z-cd518eac-11-IMP-MIXED-r2,IMP-MIXED,2,automatic,545de13f-3fe9-524b-a917-7ab04807806f,dd2c6182-e3b3-46fe-8e6c-b6c9b5eb7857,analysis,known_missing,True,True,,,matched
t160-quality-20261007T013645Z-cd518eac-11-IMP-MIXED-r2,IMP-MIXED,2,automatic,545de13f-3fe9-524b-a917-7ab04807806f,dd2c6182-e3b3-46fe-8e6c-b6c9b5eb7857,score,source_provided,True,True,2.00,2.00,matched
t160-quality-20261007T013645Z-cd518eac-11-IMP-MIXED-r2,IMP-MIXED,2,automatic,545de13f-3fe9-524b-a917-7ab04807806f,dd2c6182-e3b3-46fe-8e6c-b6c9b5eb7857,scoring_rubric,known_missing,True,True,,,matched
t160-quality-20261007T013645Z-cd518eac-11-IMP-MIXED-r2,IMP-MIXED,2,automatic,545de13f-3fe9-524b-a917-7ab04807806f,dd2c6182-e3b3-46fe-8e6c-b6c9b5eb7857,knowledge_points,known_missing,True,True,[],[],matched
t160-quality-20261007T013645Z-cd518eac-11-IMP-MIXED-r2,IMP-MIXED,2,automatic,545de13f-3fe9-524b-a917-7ab04807806f,dd2c6182-e3b3-46fe-8e6c-b6c9b5eb7857,source_regions,unknown,False,,,,reference_unknown
t160-quality-20261007T013645Z-cd518eac-11-IMP-MIXED-r2,IMP-MIXED,2,automatic,545de13f-3fe9-524b-a917-7ab04807806f,dd2c6182-e3b3-46fe-8e6c-b6c9b5eb7857,assets,source_provided,True,False,"[{""asset_type"": ""figure"", ""source_page_number"": 1, ""order_index"": 1}]",,matched
t160-quality-20261007T013645Z-cd518eac-11-IMP-MIXED-r2,IMP-MIXED,2,automatic,85533f46-eb86-5893-8742-33939e77750f,82f51481-f686-4cde-9306-dc6ed2680e57,question_number,source_provided,True,True,3,3,matched
t160-quality-20261007T013645Z-cd518eac-11-IMP-MIXED-r2,IMP-MIXED,2,automatic,85533f46-eb86-5893-8742-33939e77750f,82f51481-f686-4cde-9306-dc6ed2680e57,order_index,source_provided,True,True,3,3,matched
t160-quality-20261007T013645Z-cd518eac-11-IMP-MIXED-r2,IMP-MIXED,2,automatic,85533f46-eb86-5893-8742-33939e77750f,82f51481-f686-4cde-9306-dc6ed2680e57,source_page_numbers,source_provided,True,True,[1],[1],matched
t160-quality-20261007T013645Z-cd518eac-11-IMP-MIXED-r2,IMP-MIXED,2,automatic,85533f46-eb86-5893-8742-33939e77750f,82f51481-f686-4cde-9306-dc6ed2680e57,question_type,source_provided,True,True,SHORT_ANSWER,SHORT_ANSWER,matched
t160-quality-20261007T013645Z-cd518eac-11-IMP-MIXED-r2,IMP-MIXED,2,automatic,85533f46-eb86-5893-8742-33939e77750f,82f51481-f686-4cde-9306-dc6ed2680e57,content,source_provided,True,True,根据下表写出 y 关于 x 的关系式。,根据下表写出 y 关于 x 的关系式。,matched
t160-quality-20261007T013645Z-cd518eac-11-IMP-MIXED-r2,IMP-MIXED,2,automatic,85533f46-eb86-5893-8742-33939e77750f,82f51481-f686-4cde-9306-dc6ed2680e57,options,not_applicable,True,True,,,matched
t160-quality-20261007T013645Z-cd518eac-11-IMP-MIXED-r2,IMP-MIXED,2,automatic,85533f46-eb86-5893-8742-33939e77750f,82f51481-f686-4cde-9306-dc6ed2680e57,reference_answer,known_missing,True,True,,,matched
t160-quality-20261007T013645Z-cd518eac-11-IMP-MIXED-r2,IMP-MIXED,2,automatic,85533f46-eb86-5893-8742-33939e77750f,82f51481-f686-4cde-9306-dc6ed2680e57,analysis,known_missing,True,True,,,matched
t160-quality-20261007T013645Z-cd518eac-11-IMP-MIXED-r2,IMP-MIXED,2,automatic,85533f46-eb86-5893-8742-33939e77750f,82f51481-f686-4cde-9306-dc6ed2680e57,score,source_provided,True,True,3.00,3.00,matched
t160-quality-20261007T013645Z-cd518eac-11-IMP-MIXED-r2,IMP-MIXED,2,automatic,85533f46-eb86-5893-8742-33939e77750f,82f51481-f686-4cde-9306-dc6ed2680e57,scoring_rubric,source_provided,True,True,正确关系式 1.00；说明代入过程 2.00。,正确关系式 1.00；说明代入过程 2.00。,matched
t160-quality-20261007T013645Z-cd518eac-11-IMP-MIXED-r2,IMP-MIXED,2,automatic,85533f46-eb86-5893-8742-33939e77750f,82f51481-f686-4cde-9306-dc6ed2680e57,knowledge_points,source_provided,True,True,"[""一次函数"", ""表达与计算""]","[""一次函数"", ""表达与计算""]",matched
t160-quality-20261007T013645Z-cd518eac-11-IMP-MIXED-r2,IMP-MIXED,2,automatic,85533f46-eb86-5893-8742-33939e77750f,82f51481-f686-4cde-9306-dc6ed2680e57,source_regions,unknown,False,,,,reference_unknown
t160-quality-20261007T013645Z-cd518eac-11-IMP-MIXED-r2,IMP-MIXED,2,automatic,85533f46-eb86-5893-8742-33939e77750f,82f51481-f686-4cde-9306-dc6ed2680e57,assets,source_provided,True,False,"[{""asset_type"": ""table"", ""source_page_number"": 1, ""order_index"": 1}]",,matched
t160-quality-20261007T013645Z-cd518eac-11-IMP-MIXED-r2,IMP-MIXED,2,automatic,0fa8d57e-58c2-5aa4-b8cd-e52e96380a38,4d0e1e41-098c-4e1b-850a-154ddfe42cf2,question_number,source_provided,True,True,4,4,matched
t160-quality-20261007T013645Z-cd518eac-11-IMP-MIXED-r2,IMP-MIXED,2,automatic,0fa8d57e-58c2-5aa4-b8cd-e52e96380a38,4d0e1e41-098c-4e1b-850a-154ddfe42cf2,order_index,source_provided,True,True,4,4,matched
t160-quality-20261007T013645Z-cd518eac-11-IMP-MIXED-r2,IMP-MIXED,2,automatic,0fa8d57e-58c2-5aa4-b8cd-e52e96380a38,4d0e1e41-098c-4e1b-850a-154ddfe42cf2,source_page_numbers,source_provided,True,True,[2],[2],matched
t160-quality-20261007T013645Z-cd518eac-11-IMP-MIXED-r2,IMP-MIXED,2,automatic,0fa8d57e-58c2-5aa4-b8cd-e52e96380a38,4d0e1e41-098c-4e1b-850a-154ddfe42cf2,question_type,source_provided,True,True,SINGLE_CHOICE,SINGLE_CHOICE,matched
t160-quality-20261007T013645Z-cd518eac-11-IMP-MIXED-r2,IMP-MIXED,2,automatic,0fa8d57e-58c2-5aa4-b8cd-e52e96380a38,4d0e1e41-098c-4e1b-850a-154ddfe42cf2,content,source_provided,True,True,y = 2x + 1，x = 3 时 y 为多少？,y = 2x + 1，x = 3 时 y 为多少？,matched
t160-quality-20261007T013645Z-cd518eac-11-IMP-MIXED-r2,IMP-MIXED,2,automatic,0fa8d57e-58c2-5aa4-b8cd-e52e96380a38,4d0e1e41-098c-4e1b-850a-154ddfe42cf2,options,source_provided,True,True,"{""C"": ""7"", ""A"": ""5"", ""B"": ""6"", ""D"": ""8""}","{""C"": ""7"", ""A"": ""5"", ""B"": ""6"", ""D"": ""8""}",matched
t160-quality-20261007T013645Z-cd518eac-11-IMP-MIXED-r2,IMP-MIXED,2,automatic,0fa8d57e-58c2-5aa4-b8cd-e52e96380a38,4d0e1e41-098c-4e1b-850a-154ddfe42cf2,reference_answer,source_provided,True,True,C,C,matched
t160-quality-20261007T013645Z-cd518eac-11-IMP-MIXED-r2,IMP-MIXED,2,automatic,0fa8d57e-58c2-5aa4-b8cd-e52e96380a38,4d0e1e41-098c-4e1b-850a-154ddfe42cf2,analysis,source_provided,True,True,2 × 3 + 1 = 7。,2 × 3 + 1 = 7。,matched
t160-quality-20261007T013645Z-cd518eac-11-IMP-MIXED-r2,IMP-MIXED,2,automatic,0fa8d57e-58c2-5aa4-b8cd-e52e96380a38,4d0e1e41-098c-4e1b-850a-154ddfe42cf2,score,source_provided,True,True,2.00,2.00,matched
t160-quality-20261007T013645Z-cd518eac-11-IMP-MIXED-r2,IMP-MIXED,2,automatic,0fa8d57e-58c2-5aa4-b8cd-e52e96380a38,4d0e1e41-098c-4e1b-850a-154ddfe42cf2,scoring_rubric,known_missing,True,True,,,matched
t160-quality-20261007T013645Z-cd518eac-11-IMP-MIXED-r2,IMP-MIXED,2,automatic,0fa8d57e-58c2-5aa4-b8cd-e52e96380a38,4d0e1e41-098c-4e1b-850a-154ddfe42cf2,knowledge_points,known_missing,True,True,[],[],matched
t160-quality-20261007T013645Z-cd518eac-11-IMP-MIXED-r2,IMP-MIXED,2,automatic,0fa8d57e-58c2-5aa4-b8cd-e52e96380a38,4d0e1e41-098c-4e1b-850a-154ddfe42cf2,source_regions,unknown,False,,,,reference_unknown
t160-quality-20261007T013645Z-cd518eac-11-IMP-MIXED-r2,IMP-MIXED,2,automatic,0fa8d57e-58c2-5aa4-b8cd-e52e96380a38,4d0e1e41-098c-4e1b-850a-154ddfe42cf2,assets,source_provided,True,False,[],,matched
t160-quality-20261007T013645Z-cd518eac-11-IMP-MIXED-r2,IMP-MIXED,2,automatic,455720b9-9061-5bce-83af-d6d53c6c84e1,bf449f0c-9358-4d5f-8811-944461d9c26a,question_number,source_provided,True,True,5,5,matched
t160-quality-20261007T013645Z-cd518eac-11-IMP-MIXED-r2,IMP-MIXED,2,automatic,455720b9-9061-5bce-83af-d6d53c6c84e1,bf449f0c-9358-4d5f-8811-944461d9c26a,order_index,source_provided,True,True,5,5,matched
t160-quality-20261007T013645Z-cd518eac-11-IMP-MIXED-r2,IMP-MIXED,2,automatic,455720b9-9061-5bce-83af-d6d53c6c84e1,bf449f0c-9358-4d5f-8811-944461d9c26a,source_page_numbers,source_provided,True,True,[2],[2],matched
t160-quality-20261007T013645Z-cd518eac-11-IMP-MIXED-r2,IMP-MIXED,2,automatic,455720b9-9061-5bce-83af-d6d53c6c84e1,bf449f0c-9358-4d5f-8811-944461d9c26a,question_type,source_provided,True,True,TRUE_FALSE,TRUE_FALSE,matched
t160-quality-20261007T013645Z-cd518eac-11-IMP-MIXED-r2,IMP-MIXED,2,automatic,455720b9-9061-5bce-83af-d6d53c6c84e1,bf449f0c-9358-4d5f-8811-944461d9c26a,content,source_provided,True,True,右图三角形面积为 24 cm²。,右图三角形面积为 24 cm²。,matched
t160-quality-20261007T013645Z-cd518eac-11-IMP-MIXED-r2,IMP-MIXED,2,automatic,455720b9-9061-5bce-83af-d6d53c6c84e1,bf449f0c-9358-4d5f-8811-944461d9c26a,options,source_provided,True,True,"[""正确"", ""错误""]","[""正确"", ""错误""]",matched
t160-quality-20261007T013645Z-cd518eac-11-IMP-MIXED-r2,IMP-MIXED,2,automatic,455720b9-9061-5bce-83af-d6d53c6c84e1,bf449f0c-9358-4d5f-8811-944461d9c26a,reference_answer,known_missing,True,True,,,matched
t160-quality-20261007T013645Z-cd518eac-11-IMP-MIXED-r2,IMP-MIXED,2,automatic,455720b9-9061-5bce-83af-d6d53c6c84e1,bf449f0c-9358-4d5f-8811-944461d9c26a,analysis,known_missing,True,True,,,matched
t160-quality-20261007T013645Z-cd518eac-11-IMP-MIXED-r2,IMP-MIXED,2,automatic,455720b9-9061-5bce-83af-d6d53c6c84e1,bf449f0c-9358-4d5f-8811-944461d9c26a,score,source_provided,True,True,2.00,2.00,matched
t160-quality-20261007T013645Z-cd518eac-11-IMP-MIXED-r2,IMP-MIXED,2,automatic,455720b9-9061-5bce-83af-d6d53c6c84e1,bf449f0c-9358-4d5f-8811-944461d9c26a,scoring_rubric,known_missing,True,True,,,matched
t160-quality-20261007T013645Z-cd518eac-11-IMP-MIXED-r2,IMP-MIXED,2,automatic,455720b9-9061-5bce-83af-d6d53c6c84e1,bf449f0c-9358-4d5f-8811-944461d9c26a,knowledge_points,known_missing,True,True,[],[],matched
t160-quality-20261007T013645Z-cd518eac-11-IMP-MIXED-r2,IMP-MIXED,2,automatic,455720b9-9061-5bce-83af-d6d53c6c84e1,bf449f0c-9358-4d5f-8811-944461d9c26a,source_regions,unknown,False,,,,reference_unknown
t160-quality-20261007T013645Z-cd518eac-11-IMP-MIXED-r2,IMP-MIXED,2,automatic,455720b9-9061-5bce-83af-d6d53c6c84e1,bf449f0c-9358-4d5f-8811-944461d9c26a,assets,source_provided,True,False,"[{""asset_type"": ""figure"", ""source_page_number"": 2, ""order_index"": 1}]",,matched
t160-quality-20261007T013645Z-cd518eac-11-IMP-MIXED-r2,IMP-MIXED,2,automatic,bf862f8d-df39-5559-bab5-d942fccb2432,659b287b-85b9-453c-99b3-9f0b2632ae78,question_number,source_provided,True,True,6,6,matched
t160-quality-20261007T013645Z-cd518eac-11-IMP-MIXED-r2,IMP-MIXED,2,automatic,bf862f8d-df39-5559-bab5-d942fccb2432,659b287b-85b9-453c-99b3-9f0b2632ae78,order_index,source_provided,True,True,6,6,matched
t160-quality-20261007T013645Z-cd518eac-11-IMP-MIXED-r2,IMP-MIXED,2,automatic,bf862f8d-df39-5559-bab5-d942fccb2432,659b287b-85b9-453c-99b3-9f0b2632ae78,source_page_numbers,source_provided,True,True,[2],[2],matched
t160-quality-20261007T013645Z-cd518eac-11-IMP-MIXED-r2,IMP-MIXED,2,automatic,bf862f8d-df39-5559-bab5-d942fccb2432,659b287b-85b9-453c-99b3-9f0b2632ae78,question_type,source_provided,True,True,SHORT_ANSWER,SHORT_ANSWER,matched
t160-quality-20261007T013645Z-cd518eac-11-IMP-MIXED-r2,IMP-MIXED,2,automatic,bf862f8d-df39-5559-bab5-d942fccb2432,659b287b-85b9-453c-99b3-9f0b2632ae78,content,source_provided,True,True,根据下表写出 y 关于 x 的关系式。,根据下表写出 y 关于 x 的关系式。,matched
t160-quality-20261007T013645Z-cd518eac-11-IMP-MIXED-r2,IMP-MIXED,2,automatic,bf862f8d-df39-5559-bab5-d942fccb2432,659b287b-85b9-453c-99b3-9f0b2632ae78,options,not_applicable,True,True,,,matched
t160-quality-20261007T013645Z-cd518eac-11-IMP-MIXED-r2,IMP-MIXED,2,automatic,bf862f8d-df39-5559-bab5-d942fccb2432,659b287b-85b9-453c-99b3-9f0b2632ae78,reference_answer,known_missing,True,True,,,matched
t160-quality-20261007T013645Z-cd518eac-11-IMP-MIXED-r2,IMP-MIXED,2,automatic,bf862f8d-df39-5559-bab5-d942fccb2432,659b287b-85b9-453c-99b3-9f0b2632ae78,analysis,known_missing,True,True,,,matched
t160-quality-20261007T013645Z-cd518eac-11-IMP-MIXED-r2,IMP-MIXED,2,automatic,bf862f8d-df39-5559-bab5-d942fccb2432,659b287b-85b9-453c-99b3-9f0b2632ae78,score,source_provided,True,True,3.00,3.00,matched
t160-quality-20261007T013645Z-cd518eac-11-IMP-MIXED-r2,IMP-MIXED,2,automatic,bf862f8d-df39-5559-bab5-d942fccb2432,659b287b-85b9-453c-99b3-9f0b2632ae78,scoring_rubric,source_provided,True,True,正确关系式 1.00；说明代入过程 2.00。,正确关系式 1.00；说明代入过程 2.00。,matched
t160-quality-20261007T013645Z-cd518eac-11-IMP-MIXED-r2,IMP-MIXED,2,automatic,bf862f8d-df39-5559-bab5-d942fccb2432,659b287b-85b9-453c-99b3-9f0b2632ae78,knowledge_points,source_provided,True,True,"[""一次函数"", ""表达与计算""]","[""一次函数"", ""表达与计算""]",matched
t160-quality-20261007T013645Z-cd518eac-11-IMP-MIXED-r2,IMP-MIXED,2,automatic,bf862f8d-df39-5559-bab5-d942fccb2432,659b287b-85b9-453c-99b3-9f0b2632ae78,source_regions,unknown,False,,,,reference_unknown
t160-quality-20261007T013645Z-cd518eac-11-IMP-MIXED-r2,IMP-MIXED,2,automatic,bf862f8d-df39-5559-bab5-d942fccb2432,659b287b-85b9-453c-99b3-9f0b2632ae78,assets,source_provided,True,False,"[{""asset_type"": ""table"", ""source_page_number"": 2, ""order_index"": 1}]",,matched
t160-quality-20261007T013645Z-cd518eac-11-IMP-MIXED-r2,IMP-MIXED,2,assisted_corrected,1faa8619-84cc-5d65-86ae-244c7f68645e,d0480103-c128-4b8b-82de-225107b58fa0,question_number,source_provided,True,True,1,1,matched
t160-quality-20261007T013645Z-cd518eac-11-IMP-MIXED-r2,IMP-MIXED,2,assisted_corrected,1faa8619-84cc-5d65-86ae-244c7f68645e,d0480103-c128-4b8b-82de-225107b58fa0,order_index,source_provided,True,True,1,1,matched
t160-quality-20261007T013645Z-cd518eac-11-IMP-MIXED-r2,IMP-MIXED,2,assisted_corrected,1faa8619-84cc-5d65-86ae-244c7f68645e,d0480103-c128-4b8b-82de-225107b58fa0,source_page_numbers,source_provided,True,True,[1],[1],matched
t160-quality-20261007T013645Z-cd518eac-11-IMP-MIXED-r2,IMP-MIXED,2,assisted_corrected,1faa8619-84cc-5d65-86ae-244c7f68645e,d0480103-c128-4b8b-82de-225107b58fa0,question_type,source_provided,True,True,SINGLE_CHOICE,SINGLE_CHOICE,matched
t160-quality-20261007T013645Z-cd518eac-11-IMP-MIXED-r2,IMP-MIXED,2,assisted_corrected,1faa8619-84cc-5d65-86ae-244c7f68645e,d0480103-c128-4b8b-82de-225107b58fa0,content,source_provided,True,True,y = 2x + 1，x = 3 时 y 为多少？,y = 2x + 1，x = 3 时 y 为多少？,matched
t160-quality-20261007T013645Z-cd518eac-11-IMP-MIXED-r2,IMP-MIXED,2,assisted_corrected,1faa8619-84cc-5d65-86ae-244c7f68645e,d0480103-c128-4b8b-82de-225107b58fa0,options,source_provided,True,True,"{""C"": ""7"", ""A"": ""5"", ""B"": ""6"", ""D"": ""8""}","{""C"": ""7"", ""A"": ""5"", ""B"": ""6"", ""D"": ""8""}",matched
t160-quality-20261007T013645Z-cd518eac-11-IMP-MIXED-r2,IMP-MIXED,2,assisted_corrected,1faa8619-84cc-5d65-86ae-244c7f68645e,d0480103-c128-4b8b-82de-225107b58fa0,reference_answer,source_provided,True,True,C,C,matched
t160-quality-20261007T013645Z-cd518eac-11-IMP-MIXED-r2,IMP-MIXED,2,assisted_corrected,1faa8619-84cc-5d65-86ae-244c7f68645e,d0480103-c128-4b8b-82de-225107b58fa0,analysis,source_provided,True,True,2 × 3 + 1 = 7。,2 × 3 + 1 = 7。,matched
t160-quality-20261007T013645Z-cd518eac-11-IMP-MIXED-r2,IMP-MIXED,2,assisted_corrected,1faa8619-84cc-5d65-86ae-244c7f68645e,d0480103-c128-4b8b-82de-225107b58fa0,score,source_provided,True,True,2.00,2.00,matched
t160-quality-20261007T013645Z-cd518eac-11-IMP-MIXED-r2,IMP-MIXED,2,assisted_corrected,1faa8619-84cc-5d65-86ae-244c7f68645e,d0480103-c128-4b8b-82de-225107b58fa0,scoring_rubric,known_missing,True,True,,,matched
t160-quality-20261007T013645Z-cd518eac-11-IMP-MIXED-r2,IMP-MIXED,2,assisted_corrected,1faa8619-84cc-5d65-86ae-244c7f68645e,d0480103-c128-4b8b-82de-225107b58fa0,knowledge_points,known_missing,True,True,[],[],matched
t160-quality-20261007T013645Z-cd518eac-11-IMP-MIXED-r2,IMP-MIXED,2,assisted_corrected,1faa8619-84cc-5d65-86ae-244c7f68645e,d0480103-c128-4b8b-82de-225107b58fa0,source_regions,unknown,False,,,,reference_unknown
t160-quality-20261007T013645Z-cd518eac-11-IMP-MIXED-r2,IMP-MIXED,2,assisted_corrected,1faa8619-84cc-5d65-86ae-244c7f68645e,d0480103-c128-4b8b-82de-225107b58fa0,assets,source_provided,True,True,[],[],matched
t160-quality-20261007T013645Z-cd518eac-11-IMP-MIXED-r2,IMP-MIXED,2,assisted_corrected,545de13f-3fe9-524b-a917-7ab04807806f,dd2c6182-e3b3-46fe-8e6c-b6c9b5eb7857,question_number,source_provided,True,True,2,2,matched
t160-quality-20261007T013645Z-cd518eac-11-IMP-MIXED-r2,IMP-MIXED,2,assisted_corrected,545de13f-3fe9-524b-a917-7ab04807806f,dd2c6182-e3b3-46fe-8e6c-b6c9b5eb7857,order_index,source_provided,True,True,2,2,matched
t160-quality-20261007T013645Z-cd518eac-11-IMP-MIXED-r2,IMP-MIXED,2,assisted_corrected,545de13f-3fe9-524b-a917-7ab04807806f,dd2c6182-e3b3-46fe-8e6c-b6c9b5eb7857,source_page_numbers,source_provided,True,True,[1],[1],matched
t160-quality-20261007T013645Z-cd518eac-11-IMP-MIXED-r2,IMP-MIXED,2,assisted_corrected,545de13f-3fe9-524b-a917-7ab04807806f,dd2c6182-e3b3-46fe-8e6c-b6c9b5eb7857,question_type,source_provided,True,True,TRUE_FALSE,TRUE_FALSE,matched
t160-quality-20261007T013645Z-cd518eac-11-IMP-MIXED-r2,IMP-MIXED,2,assisted_corrected,545de13f-3fe9-524b-a917-7ab04807806f,dd2c6182-e3b3-46fe-8e6c-b6c9b5eb7857,content,source_provided,True,True,右图三角形面积为 24 cm²。,右图三角形面积为 24 cm²。,matched
t160-quality-20261007T013645Z-cd518eac-11-IMP-MIXED-r2,IMP-MIXED,2,assisted_corrected,545de13f-3fe9-524b-a917-7ab04807806f,dd2c6182-e3b3-46fe-8e6c-b6c9b5eb7857,options,source_provided,True,True,"[""正确"", ""错误""]","[""正确"", ""错误""]",matched
t160-quality-20261007T013645Z-cd518eac-11-IMP-MIXED-r2,IMP-MIXED,2,assisted_corrected,545de13f-3fe9-524b-a917-7ab04807806f,dd2c6182-e3b3-46fe-8e6c-b6c9b5eb7857,reference_answer,known_missing,True,True,,,matched
t160-quality-20261007T013645Z-cd518eac-11-IMP-MIXED-r2,IMP-MIXED,2,assisted_corrected,545de13f-3fe9-524b-a917-7ab04807806f,dd2c6182-e3b3-46fe-8e6c-b6c9b5eb7857,analysis,known_missing,True,True,,,matched
t160-quality-20261007T013645Z-cd518eac-11-IMP-MIXED-r2,IMP-MIXED,2,assisted_corrected,545de13f-3fe9-524b-a917-7ab04807806f,dd2c6182-e3b3-46fe-8e6c-b6c9b5eb7857,score,source_provided,True,True,2.00,2.00,matched
t160-quality-20261007T013645Z-cd518eac-11-IMP-MIXED-r2,IMP-MIXED,2,assisted_corrected,545de13f-3fe9-524b-a917-7ab04807806f,dd2c6182-e3b3-46fe-8e6c-b6c9b5eb7857,scoring_rubric,known_missing,True,True,,,matched
t160-quality-20261007T013645Z-cd518eac-11-IMP-MIXED-r2,IMP-MIXED,2,assisted_corrected,545de13f-3fe9-524b-a917-7ab04807806f,dd2c6182-e3b3-46fe-8e6c-b6c9b5eb7857,knowledge_points,known_missing,True,True,[],[],matched
t160-quality-20261007T013645Z-cd518eac-11-IMP-MIXED-r2,IMP-MIXED,2,assisted_corrected,545de13f-3fe9-524b-a917-7ab04807806f,dd2c6182-e3b3-46fe-8e6c-b6c9b5eb7857,source_regions,unknown,False,,,,reference_unknown
t160-quality-20261007T013645Z-cd518eac-11-IMP-MIXED-r2,IMP-MIXED,2,assisted_corrected,545de13f-3fe9-524b-a917-7ab04807806f,dd2c6182-e3b3-46fe-8e6c-b6c9b5eb7857,assets,source_provided,True,False,"[{""asset_type"": ""figure"", ""source_page_number"": 1, ""order_index"": 1}]",,matched
t160-quality-20261007T013645Z-cd518eac-11-IMP-MIXED-r2,IMP-MIXED,2,assisted_corrected,85533f46-eb86-5893-8742-33939e77750f,82f51481-f686-4cde-9306-dc6ed2680e57,question_number,source_provided,True,True,3,3,matched
t160-quality-20261007T013645Z-cd518eac-11-IMP-MIXED-r2,IMP-MIXED,2,assisted_corrected,85533f46-eb86-5893-8742-33939e77750f,82f51481-f686-4cde-9306-dc6ed2680e57,order_index,source_provided,True,True,3,3,matched
t160-quality-20261007T013645Z-cd518eac-11-IMP-MIXED-r2,IMP-MIXED,2,assisted_corrected,85533f46-eb86-5893-8742-33939e77750f,82f51481-f686-4cde-9306-dc6ed2680e57,source_page_numbers,source_provided,True,True,[1],[1],matched
t160-quality-20261007T013645Z-cd518eac-11-IMP-MIXED-r2,IMP-MIXED,2,assisted_corrected,85533f46-eb86-5893-8742-33939e77750f,82f51481-f686-4cde-9306-dc6ed2680e57,question_type,source_provided,True,True,SHORT_ANSWER,SHORT_ANSWER,matched
t160-quality-20261007T013645Z-cd518eac-11-IMP-MIXED-r2,IMP-MIXED,2,assisted_corrected,85533f46-eb86-5893-8742-33939e77750f,82f51481-f686-4cde-9306-dc6ed2680e57,content,source_provided,True,True,根据下表写出 y 关于 x 的关系式。,根据下表写出 y 关于 x 的关系式。,matched
t160-quality-20261007T013645Z-cd518eac-11-IMP-MIXED-r2,IMP-MIXED,2,assisted_corrected,85533f46-eb86-5893-8742-33939e77750f,82f51481-f686-4cde-9306-dc6ed2680e57,options,not_applicable,True,True,,,matched
t160-quality-20261007T013645Z-cd518eac-11-IMP-MIXED-r2,IMP-MIXED,2,assisted_corrected,85533f46-eb86-5893-8742-33939e77750f,82f51481-f686-4cde-9306-dc6ed2680e57,reference_answer,known_missing,True,True,,,matched
t160-quality-20261007T013645Z-cd518eac-11-IMP-MIXED-r2,IMP-MIXED,2,assisted_corrected,85533f46-eb86-5893-8742-33939e77750f,82f51481-f686-4cde-9306-dc6ed2680e57,analysis,known_missing,True,True,,,matched
t160-quality-20261007T013645Z-cd518eac-11-IMP-MIXED-r2,IMP-MIXED,2,assisted_corrected,85533f46-eb86-5893-8742-33939e77750f,82f51481-f686-4cde-9306-dc6ed2680e57,score,source_provided,True,True,3.00,3.00,matched
t160-quality-20261007T013645Z-cd518eac-11-IMP-MIXED-r2,IMP-MIXED,2,assisted_corrected,85533f46-eb86-5893-8742-33939e77750f,82f51481-f686-4cde-9306-dc6ed2680e57,scoring_rubric,source_provided,True,True,正确关系式 1.00；说明代入过程 2.00。,正确关系式 1.00；说明代入过程 2.00。,matched
t160-quality-20261007T013645Z-cd518eac-11-IMP-MIXED-r2,IMP-MIXED,2,assisted_corrected,85533f46-eb86-5893-8742-33939e77750f,82f51481-f686-4cde-9306-dc6ed2680e57,knowledge_points,source_provided,True,True,"[""一次函数"", ""表达与计算""]","[""一次函数"", ""表达与计算""]",matched
t160-quality-20261007T013645Z-cd518eac-11-IMP-MIXED-r2,IMP-MIXED,2,assisted_corrected,85533f46-eb86-5893-8742-33939e77750f,82f51481-f686-4cde-9306-dc6ed2680e57,source_regions,unknown,False,,,,reference_unknown
t160-quality-20261007T013645Z-cd518eac-11-IMP-MIXED-r2,IMP-MIXED,2,assisted_corrected,85533f46-eb86-5893-8742-33939e77750f,82f51481-f686-4cde-9306-dc6ed2680e57,assets,source_provided,True,False,"[{""asset_type"": ""table"", ""source_page_number"": 1, ""order_index"": 1}]",,matched
t160-quality-20261007T013645Z-cd518eac-11-IMP-MIXED-r2,IMP-MIXED,2,assisted_corrected,0fa8d57e-58c2-5aa4-b8cd-e52e96380a38,4d0e1e41-098c-4e1b-850a-154ddfe42cf2,question_number,source_provided,True,True,4,4,matched
t160-quality-20261007T013645Z-cd518eac-11-IMP-MIXED-r2,IMP-MIXED,2,assisted_corrected,0fa8d57e-58c2-5aa4-b8cd-e52e96380a38,4d0e1e41-098c-4e1b-850a-154ddfe42cf2,order_index,source_provided,True,True,4,4,matched
t160-quality-20261007T013645Z-cd518eac-11-IMP-MIXED-r2,IMP-MIXED,2,assisted_corrected,0fa8d57e-58c2-5aa4-b8cd-e52e96380a38,4d0e1e41-098c-4e1b-850a-154ddfe42cf2,source_page_numbers,source_provided,True,True,[2],[2],matched
t160-quality-20261007T013645Z-cd518eac-11-IMP-MIXED-r2,IMP-MIXED,2,assisted_corrected,0fa8d57e-58c2-5aa4-b8cd-e52e96380a38,4d0e1e41-098c-4e1b-850a-154ddfe42cf2,question_type,source_provided,True,True,SINGLE_CHOICE,SINGLE_CHOICE,matched
t160-quality-20261007T013645Z-cd518eac-11-IMP-MIXED-r2,IMP-MIXED,2,assisted_corrected,0fa8d57e-58c2-5aa4-b8cd-e52e96380a38,4d0e1e41-098c-4e1b-850a-154ddfe42cf2,content,source_provided,True,True,y = 2x + 1，x = 3 时 y 为多少？,y = 2x + 1，x = 3 时 y 为多少？,matched
t160-quality-20261007T013645Z-cd518eac-11-IMP-MIXED-r2,IMP-MIXED,2,assisted_corrected,0fa8d57e-58c2-5aa4-b8cd-e52e96380a38,4d0e1e41-098c-4e1b-850a-154ddfe42cf2,options,source_provided,True,True,"{""C"": ""7"", ""A"": ""5"", ""B"": ""6"", ""D"": ""8""}","{""C"": ""7"", ""A"": ""5"", ""B"": ""6"", ""D"": ""8""}",matched
t160-quality-20261007T013645Z-cd518eac-11-IMP-MIXED-r2,IMP-MIXED,2,assisted_corrected,0fa8d57e-58c2-5aa4-b8cd-e52e96380a38,4d0e1e41-098c-4e1b-850a-154ddfe42cf2,reference_answer,source_provided,True,True,C,C,matched
t160-quality-20261007T013645Z-cd518eac-11-IMP-MIXED-r2,IMP-MIXED,2,assisted_corrected,0fa8d57e-58c2-5aa4-b8cd-e52e96380a38,4d0e1e41-098c-4e1b-850a-154ddfe42cf2,analysis,source_provided,True,True,2 × 3 + 1 = 7。,2 × 3 + 1 = 7。,matched
t160-quality-20261007T013645Z-cd518eac-11-IMP-MIXED-r2,IMP-MIXED,2,assisted_corrected,0fa8d57e-58c2-5aa4-b8cd-e52e96380a38,4d0e1e41-098c-4e1b-850a-154ddfe42cf2,score,source_provided,True,True,2.00,2.00,matched
t160-quality-20261007T013645Z-cd518eac-11-IMP-MIXED-r2,IMP-MIXED,2,assisted_corrected,0fa8d57e-58c2-5aa4-b8cd-e52e96380a38,4d0e1e41-098c-4e1b-850a-154ddfe42cf2,scoring_rubric,known_missing,True,True,,,matched
t160-quality-20261007T013645Z-cd518eac-11-IMP-MIXED-r2,IMP-MIXED,2,assisted_corrected,0fa8d57e-58c2-5aa4-b8cd-e52e96380a38,4d0e1e41-098c-4e1b-850a-154ddfe42cf2,knowledge_points,known_missing,True,True,[],[],matched
t160-quality-20261007T013645Z-cd518eac-11-IMP-MIXED-r2,IMP-MIXED,2,assisted_corrected,0fa8d57e-58c2-5aa4-b8cd-e52e96380a38,4d0e1e41-098c-4e1b-850a-154ddfe42cf2,source_regions,unknown,False,,,,reference_unknown
t160-quality-20261007T013645Z-cd518eac-11-IMP-MIXED-r2,IMP-MIXED,2,assisted_corrected,0fa8d57e-58c2-5aa4-b8cd-e52e96380a38,4d0e1e41-098c-4e1b-850a-154ddfe42cf2,assets,source_provided,True,True,[],[],matched
t160-quality-20261007T013645Z-cd518eac-11-IMP-MIXED-r2,IMP-MIXED,2,assisted_corrected,455720b9-9061-5bce-83af-d6d53c6c84e1,bf449f0c-9358-4d5f-8811-944461d9c26a,question_number,source_provided,True,True,5,5,matched
t160-quality-20261007T013645Z-cd518eac-11-IMP-MIXED-r2,IMP-MIXED,2,assisted_corrected,455720b9-9061-5bce-83af-d6d53c6c84e1,bf449f0c-9358-4d5f-8811-944461d9c26a,order_index,source_provided,True,True,5,5,matched
t160-quality-20261007T013645Z-cd518eac-11-IMP-MIXED-r2,IMP-MIXED,2,assisted_corrected,455720b9-9061-5bce-83af-d6d53c6c84e1,bf449f0c-9358-4d5f-8811-944461d9c26a,source_page_numbers,source_provided,True,True,[2],[2],matched
t160-quality-20261007T013645Z-cd518eac-11-IMP-MIXED-r2,IMP-MIXED,2,assisted_corrected,455720b9-9061-5bce-83af-d6d53c6c84e1,bf449f0c-9358-4d5f-8811-944461d9c26a,question_type,source_provided,True,True,TRUE_FALSE,TRUE_FALSE,matched
t160-quality-20261007T013645Z-cd518eac-11-IMP-MIXED-r2,IMP-MIXED,2,assisted_corrected,455720b9-9061-5bce-83af-d6d53c6c84e1,bf449f0c-9358-4d5f-8811-944461d9c26a,content,source_provided,True,True,右图三角形面积为 24 cm²。,右图三角形面积为 24 cm²。,matched
t160-quality-20261007T013645Z-cd518eac-11-IMP-MIXED-r2,IMP-MIXED,2,assisted_corrected,455720b9-9061-5bce-83af-d6d53c6c84e1,bf449f0c-9358-4d5f-8811-944461d9c26a,options,source_provided,True,True,"[""正确"", ""错误""]","[""正确"", ""错误""]",matched
t160-quality-20261007T013645Z-cd518eac-11-IMP-MIXED-r2,IMP-MIXED,2,assisted_corrected,455720b9-9061-5bce-83af-d6d53c6c84e1,bf449f0c-9358-4d5f-8811-944461d9c26a,reference_answer,known_missing,True,True,,,matched
t160-quality-20261007T013645Z-cd518eac-11-IMP-MIXED-r2,IMP-MIXED,2,assisted_corrected,455720b9-9061-5bce-83af-d6d53c6c84e1,bf449f0c-9358-4d5f-8811-944461d9c26a,analysis,known_missing,True,True,,,matched
t160-quality-20261007T013645Z-cd518eac-11-IMP-MIXED-r2,IMP-MIXED,2,assisted_corrected,455720b9-9061-5bce-83af-d6d53c6c84e1,bf449f0c-9358-4d5f-8811-944461d9c26a,score,source_provided,True,True,2.00,2.00,matched
t160-quality-20261007T013645Z-cd518eac-11-IMP-MIXED-r2,IMP-MIXED,2,assisted_corrected,455720b9-9061-5bce-83af-d6d53c6c84e1,bf449f0c-9358-4d5f-8811-944461d9c26a,scoring_rubric,known_missing,True,True,,,matched
t160-quality-20261007T013645Z-cd518eac-11-IMP-MIXED-r2,IMP-MIXED,2,assisted_corrected,455720b9-9061-5bce-83af-d6d53c6c84e1,bf449f0c-9358-4d5f-8811-944461d9c26a,knowledge_points,known_missing,True,True,[],[],matched
t160-quality-20261007T013645Z-cd518eac-11-IMP-MIXED-r2,IMP-MIXED,2,assisted_corrected,455720b9-9061-5bce-83af-d6d53c6c84e1,bf449f0c-9358-4d5f-8811-944461d9c26a,source_regions,unknown,False,,,,reference_unknown
t160-quality-20261007T013645Z-cd518eac-11-IMP-MIXED-r2,IMP-MIXED,2,assisted_corrected,455720b9-9061-5bce-83af-d6d53c6c84e1,bf449f0c-9358-4d5f-8811-944461d9c26a,assets,source_provided,True,False,"[{""asset_type"": ""figure"", ""source_page_number"": 2, ""order_index"": 1}]",,matched
t160-quality-20261007T013645Z-cd518eac-11-IMP-MIXED-r2,IMP-MIXED,2,assisted_corrected,bf862f8d-df39-5559-bab5-d942fccb2432,659b287b-85b9-453c-99b3-9f0b2632ae78,question_number,source_provided,True,True,6,6,matched
t160-quality-20261007T013645Z-cd518eac-11-IMP-MIXED-r2,IMP-MIXED,2,assisted_corrected,bf862f8d-df39-5559-bab5-d942fccb2432,659b287b-85b9-453c-99b3-9f0b2632ae78,order_index,source_provided,True,True,6,6,matched
t160-quality-20261007T013645Z-cd518eac-11-IMP-MIXED-r2,IMP-MIXED,2,assisted_corrected,bf862f8d-df39-5559-bab5-d942fccb2432,659b287b-85b9-453c-99b3-9f0b2632ae78,source_page_numbers,source_provided,True,True,[2],[2],matched
t160-quality-20261007T013645Z-cd518eac-11-IMP-MIXED-r2,IMP-MIXED,2,assisted_corrected,bf862f8d-df39-5559-bab5-d942fccb2432,659b287b-85b9-453c-99b3-9f0b2632ae78,question_type,source_provided,True,True,SHORT_ANSWER,SHORT_ANSWER,matched
t160-quality-20261007T013645Z-cd518eac-11-IMP-MIXED-r2,IMP-MIXED,2,assisted_corrected,bf862f8d-df39-5559-bab5-d942fccb2432,659b287b-85b9-453c-99b3-9f0b2632ae78,content,source_provided,True,True,根据下表写出 y 关于 x 的关系式。,根据下表写出 y 关于 x 的关系式。,matched
t160-quality-20261007T013645Z-cd518eac-11-IMP-MIXED-r2,IMP-MIXED,2,assisted_corrected,bf862f8d-df39-5559-bab5-d942fccb2432,659b287b-85b9-453c-99b3-9f0b2632ae78,options,not_applicable,True,True,,,matched
t160-quality-20261007T013645Z-cd518eac-11-IMP-MIXED-r2,IMP-MIXED,2,assisted_corrected,bf862f8d-df39-5559-bab5-d942fccb2432,659b287b-85b9-453c-99b3-9f0b2632ae78,reference_answer,known_missing,True,True,,,matched
t160-quality-20261007T013645Z-cd518eac-11-IMP-MIXED-r2,IMP-MIXED,2,assisted_corrected,bf862f8d-df39-5559-bab5-d942fccb2432,659b287b-85b9-453c-99b3-9f0b2632ae78,analysis,known_missing,True,True,,,matched
t160-quality-20261007T013645Z-cd518eac-11-IMP-MIXED-r2,IMP-MIXED,2,assisted_corrected,bf862f8d-df39-5559-bab5-d942fccb2432,659b287b-85b9-453c-99b3-9f0b2632ae78,score,source_provided,True,True,3.00,3.00,matched
t160-quality-20261007T013645Z-cd518eac-11-IMP-MIXED-r2,IMP-MIXED,2,assisted_corrected,bf862f8d-df39-5559-bab5-d942fccb2432,659b287b-85b9-453c-99b3-9f0b2632ae78,scoring_rubric,source_provided,True,True,正确关系式 1.00；说明代入过程 2.00。,正确关系式 1.00；说明代入过程 2.00。,matched
t160-quality-20261007T013645Z-cd518eac-11-IMP-MIXED-r2,IMP-MIXED,2,assisted_corrected,bf862f8d-df39-5559-bab5-d942fccb2432,659b287b-85b9-453c-99b3-9f0b2632ae78,knowledge_points,source_provided,True,True,"[""一次函数"", ""表达与计算""]","[""一次函数"", ""表达与计算""]",matched
t160-quality-20261007T013645Z-cd518eac-11-IMP-MIXED-r2,IMP-MIXED,2,assisted_corrected,bf862f8d-df39-5559-bab5-d942fccb2432,659b287b-85b9-453c-99b3-9f0b2632ae78,source_regions,unknown,False,,,,reference_unknown
t160-quality-20261007T013645Z-cd518eac-11-IMP-MIXED-r2,IMP-MIXED,2,assisted_corrected,bf862f8d-df39-5559-bab5-d942fccb2432,659b287b-85b9-453c-99b3-9f0b2632ae78,assets,source_provided,True,False,"[{""asset_type"": ""table"", ""source_page_number"": 2, ""order_index"": 1}]",,matched
t160-quality-20261007T013645Z-cd518eac-12-IMP-MIXED-r3,IMP-MIXED,3,automatic,1faa8619-84cc-5d65-86ae-244c7f68645e,c926547c-2cf6-477d-b862-705cfb2a8d2c,question_number,source_provided,True,True,1,1,matched
t160-quality-20261007T013645Z-cd518eac-12-IMP-MIXED-r3,IMP-MIXED,3,automatic,1faa8619-84cc-5d65-86ae-244c7f68645e,c926547c-2cf6-477d-b862-705cfb2a8d2c,order_index,source_provided,True,True,1,1,matched
t160-quality-20261007T013645Z-cd518eac-12-IMP-MIXED-r3,IMP-MIXED,3,automatic,1faa8619-84cc-5d65-86ae-244c7f68645e,c926547c-2cf6-477d-b862-705cfb2a8d2c,source_page_numbers,source_provided,True,True,[1],[1],matched
t160-quality-20261007T013645Z-cd518eac-12-IMP-MIXED-r3,IMP-MIXED,3,automatic,1faa8619-84cc-5d65-86ae-244c7f68645e,c926547c-2cf6-477d-b862-705cfb2a8d2c,question_type,source_provided,True,True,SINGLE_CHOICE,SINGLE_CHOICE,matched
t160-quality-20261007T013645Z-cd518eac-12-IMP-MIXED-r3,IMP-MIXED,3,automatic,1faa8619-84cc-5d65-86ae-244c7f68645e,c926547c-2cf6-477d-b862-705cfb2a8d2c,content,source_provided,True,True,y = 2x + 1，x = 3 时 y 为多少？,y = 2x + 1，x = 3 时 y 为多少？,matched
t160-quality-20261007T013645Z-cd518eac-12-IMP-MIXED-r3,IMP-MIXED,3,automatic,1faa8619-84cc-5d65-86ae-244c7f68645e,c926547c-2cf6-477d-b862-705cfb2a8d2c,options,source_provided,True,True,"{""C"": ""7"", ""A"": ""5"", ""B"": ""6"", ""D"": ""8""}","{""C"": ""7"", ""A"": ""5"", ""B"": ""6"", ""D"": ""8""}",matched
t160-quality-20261007T013645Z-cd518eac-12-IMP-MIXED-r3,IMP-MIXED,3,automatic,1faa8619-84cc-5d65-86ae-244c7f68645e,c926547c-2cf6-477d-b862-705cfb2a8d2c,reference_answer,source_provided,True,True,C,C,matched
t160-quality-20261007T013645Z-cd518eac-12-IMP-MIXED-r3,IMP-MIXED,3,automatic,1faa8619-84cc-5d65-86ae-244c7f68645e,c926547c-2cf6-477d-b862-705cfb2a8d2c,analysis,source_provided,True,True,2 × 3 + 1 = 7。,2 × 3 + 1 = 7。,matched
t160-quality-20261007T013645Z-cd518eac-12-IMP-MIXED-r3,IMP-MIXED,3,automatic,1faa8619-84cc-5d65-86ae-244c7f68645e,c926547c-2cf6-477d-b862-705cfb2a8d2c,score,source_provided,True,True,2.00,2.00,matched
t160-quality-20261007T013645Z-cd518eac-12-IMP-MIXED-r3,IMP-MIXED,3,automatic,1faa8619-84cc-5d65-86ae-244c7f68645e,c926547c-2cf6-477d-b862-705cfb2a8d2c,scoring_rubric,known_missing,True,True,,,matched
t160-quality-20261007T013645Z-cd518eac-12-IMP-MIXED-r3,IMP-MIXED,3,automatic,1faa8619-84cc-5d65-86ae-244c7f68645e,c926547c-2cf6-477d-b862-705cfb2a8d2c,knowledge_points,known_missing,True,True,[],[],matched
t160-quality-20261007T013645Z-cd518eac-12-IMP-MIXED-r3,IMP-MIXED,3,automatic,1faa8619-84cc-5d65-86ae-244c7f68645e,c926547c-2cf6-477d-b862-705cfb2a8d2c,source_regions,unknown,False,,,,reference_unknown
t160-quality-20261007T013645Z-cd518eac-12-IMP-MIXED-r3,IMP-MIXED,3,automatic,1faa8619-84cc-5d65-86ae-244c7f68645e,c926547c-2cf6-477d-b862-705cfb2a8d2c,assets,source_provided,True,False,[],,matched
t160-quality-20261007T013645Z-cd518eac-12-IMP-MIXED-r3,IMP-MIXED,3,automatic,545de13f-3fe9-524b-a917-7ab04807806f,609984e8-11bb-4a22-b84d-c4785d69da82,question_number,source_provided,True,True,2,2,matched
t160-quality-20261007T013645Z-cd518eac-12-IMP-MIXED-r3,IMP-MIXED,3,automatic,545de13f-3fe9-524b-a917-7ab04807806f,609984e8-11bb-4a22-b84d-c4785d69da82,order_index,source_provided,True,True,2,2,matched
t160-quality-20261007T013645Z-cd518eac-12-IMP-MIXED-r3,IMP-MIXED,3,automatic,545de13f-3fe9-524b-a917-7ab04807806f,609984e8-11bb-4a22-b84d-c4785d69da82,source_page_numbers,source_provided,True,True,[1],[1],matched
t160-quality-20261007T013645Z-cd518eac-12-IMP-MIXED-r3,IMP-MIXED,3,automatic,545de13f-3fe9-524b-a917-7ab04807806f,609984e8-11bb-4a22-b84d-c4785d69da82,question_type,source_provided,True,True,TRUE_FALSE,TRUE_FALSE,matched
t160-quality-20261007T013645Z-cd518eac-12-IMP-MIXED-r3,IMP-MIXED,3,automatic,545de13f-3fe9-524b-a917-7ab04807806f,609984e8-11bb-4a22-b84d-c4785d69da82,content,source_provided,True,True,右图三角形面积为 24 cm²。,右图三角形面积为 24 cm²。,matched
t160-quality-20261007T013645Z-cd518eac-12-IMP-MIXED-r3,IMP-MIXED,3,automatic,545de13f-3fe9-524b-a917-7ab04807806f,609984e8-11bb-4a22-b84d-c4785d69da82,options,source_provided,True,True,"[""正确"", ""错误""]","[""正确"", ""错误""]",matched
t160-quality-20261007T013645Z-cd518eac-12-IMP-MIXED-r3,IMP-MIXED,3,automatic,545de13f-3fe9-524b-a917-7ab04807806f,609984e8-11bb-4a22-b84d-c4785d69da82,reference_answer,known_missing,True,True,,,matched
t160-quality-20261007T013645Z-cd518eac-12-IMP-MIXED-r3,IMP-MIXED,3,automatic,545de13f-3fe9-524b-a917-7ab04807806f,609984e8-11bb-4a22-b84d-c4785d69da82,analysis,known_missing,True,True,,,matched
t160-quality-20261007T013645Z-cd518eac-12-IMP-MIXED-r3,IMP-MIXED,3,automatic,545de13f-3fe9-524b-a917-7ab04807806f,609984e8-11bb-4a22-b84d-c4785d69da82,score,source_provided,True,True,2.00,2.00,matched
t160-quality-20261007T013645Z-cd518eac-12-IMP-MIXED-r3,IMP-MIXED,3,automatic,545de13f-3fe9-524b-a917-7ab04807806f,609984e8-11bb-4a22-b84d-c4785d69da82,scoring_rubric,known_missing,True,True,,,matched
t160-quality-20261007T013645Z-cd518eac-12-IMP-MIXED-r3,IMP-MIXED,3,automatic,545de13f-3fe9-524b-a917-7ab04807806f,609984e8-11bb-4a22-b84d-c4785d69da82,knowledge_points,known_missing,True,True,[],[],matched
t160-quality-20261007T013645Z-cd518eac-12-IMP-MIXED-r3,IMP-MIXED,3,automatic,545de13f-3fe9-524b-a917-7ab04807806f,609984e8-11bb-4a22-b84d-c4785d69da82,source_regions,unknown,False,,,,reference_unknown
t160-quality-20261007T013645Z-cd518eac-12-IMP-MIXED-r3,IMP-MIXED,3,automatic,545de13f-3fe9-524b-a917-7ab04807806f,609984e8-11bb-4a22-b84d-c4785d69da82,assets,source_provided,True,False,"[{""asset_type"": ""figure"", ""source_page_number"": 1, ""order_index"": 1}]",,matched
t160-quality-20261007T013645Z-cd518eac-12-IMP-MIXED-r3,IMP-MIXED,3,automatic,85533f46-eb86-5893-8742-33939e77750f,129358a6-0b5b-4b34-800f-686f2d6d06fd,question_number,source_provided,True,True,3,3,matched
t160-quality-20261007T013645Z-cd518eac-12-IMP-MIXED-r3,IMP-MIXED,3,automatic,85533f46-eb86-5893-8742-33939e77750f,129358a6-0b5b-4b34-800f-686f2d6d06fd,order_index,source_provided,True,True,3,3,matched
t160-quality-20261007T013645Z-cd518eac-12-IMP-MIXED-r3,IMP-MIXED,3,automatic,85533f46-eb86-5893-8742-33939e77750f,129358a6-0b5b-4b34-800f-686f2d6d06fd,source_page_numbers,source_provided,True,True,[1],[1],matched
t160-quality-20261007T013645Z-cd518eac-12-IMP-MIXED-r3,IMP-MIXED,3,automatic,85533f46-eb86-5893-8742-33939e77750f,129358a6-0b5b-4b34-800f-686f2d6d06fd,question_type,source_provided,True,True,SHORT_ANSWER,SHORT_ANSWER,matched
t160-quality-20261007T013645Z-cd518eac-12-IMP-MIXED-r3,IMP-MIXED,3,automatic,85533f46-eb86-5893-8742-33939e77750f,129358a6-0b5b-4b34-800f-686f2d6d06fd,content,source_provided,True,True,根据下表写出 y 关于 x 的关系式。,根据下表写出 y 关于 x 的关系式。,matched
t160-quality-20261007T013645Z-cd518eac-12-IMP-MIXED-r3,IMP-MIXED,3,automatic,85533f46-eb86-5893-8742-33939e77750f,129358a6-0b5b-4b34-800f-686f2d6d06fd,options,not_applicable,True,True,,,matched
t160-quality-20261007T013645Z-cd518eac-12-IMP-MIXED-r3,IMP-MIXED,3,automatic,85533f46-eb86-5893-8742-33939e77750f,129358a6-0b5b-4b34-800f-686f2d6d06fd,reference_answer,known_missing,True,True,,,matched
t160-quality-20261007T013645Z-cd518eac-12-IMP-MIXED-r3,IMP-MIXED,3,automatic,85533f46-eb86-5893-8742-33939e77750f,129358a6-0b5b-4b34-800f-686f2d6d06fd,analysis,known_missing,True,True,,,matched
t160-quality-20261007T013645Z-cd518eac-12-IMP-MIXED-r3,IMP-MIXED,3,automatic,85533f46-eb86-5893-8742-33939e77750f,129358a6-0b5b-4b34-800f-686f2d6d06fd,score,source_provided,True,True,3.00,3.00,matched
t160-quality-20261007T013645Z-cd518eac-12-IMP-MIXED-r3,IMP-MIXED,3,automatic,85533f46-eb86-5893-8742-33939e77750f,129358a6-0b5b-4b34-800f-686f2d6d06fd,scoring_rubric,source_provided,True,True,正确关系式 1.00；说明代入过程 2.00。,正确关系式 1.00；说明代入过程 2.00。,matched
t160-quality-20261007T013645Z-cd518eac-12-IMP-MIXED-r3,IMP-MIXED,3,automatic,85533f46-eb86-5893-8742-33939e77750f,129358a6-0b5b-4b34-800f-686f2d6d06fd,knowledge_points,source_provided,True,True,"[""一次函数"", ""表达与计算""]","[""一次函数"", ""表达与计算""]",matched
t160-quality-20261007T013645Z-cd518eac-12-IMP-MIXED-r3,IMP-MIXED,3,automatic,85533f46-eb86-5893-8742-33939e77750f,129358a6-0b5b-4b34-800f-686f2d6d06fd,source_regions,unknown,False,,,,reference_unknown
t160-quality-20261007T013645Z-cd518eac-12-IMP-MIXED-r3,IMP-MIXED,3,automatic,85533f46-eb86-5893-8742-33939e77750f,129358a6-0b5b-4b34-800f-686f2d6d06fd,assets,source_provided,True,False,"[{""asset_type"": ""table"", ""source_page_number"": 1, ""order_index"": 1}]",,matched
t160-quality-20261007T013645Z-cd518eac-12-IMP-MIXED-r3,IMP-MIXED,3,automatic,0fa8d57e-58c2-5aa4-b8cd-e52e96380a38,c01dca35-ddb1-489f-ae9c-1fc57ef83820,question_number,source_provided,True,True,4,4,matched
t160-quality-20261007T013645Z-cd518eac-12-IMP-MIXED-r3,IMP-MIXED,3,automatic,0fa8d57e-58c2-5aa4-b8cd-e52e96380a38,c01dca35-ddb1-489f-ae9c-1fc57ef83820,order_index,source_provided,True,True,4,4,matched
t160-quality-20261007T013645Z-cd518eac-12-IMP-MIXED-r3,IMP-MIXED,3,automatic,0fa8d57e-58c2-5aa4-b8cd-e52e96380a38,c01dca35-ddb1-489f-ae9c-1fc57ef83820,source_page_numbers,source_provided,True,True,[2],[2],matched
t160-quality-20261007T013645Z-cd518eac-12-IMP-MIXED-r3,IMP-MIXED,3,automatic,0fa8d57e-58c2-5aa4-b8cd-e52e96380a38,c01dca35-ddb1-489f-ae9c-1fc57ef83820,question_type,source_provided,True,True,SINGLE_CHOICE,SINGLE_CHOICE,matched
t160-quality-20261007T013645Z-cd518eac-12-IMP-MIXED-r3,IMP-MIXED,3,automatic,0fa8d57e-58c2-5aa4-b8cd-e52e96380a38,c01dca35-ddb1-489f-ae9c-1fc57ef83820,content,source_provided,True,True,y = 2x + 1，x = 3 时 y 为多少？,y = 2x + 1，x = 3 时 y 为多少？,matched
t160-quality-20261007T013645Z-cd518eac-12-IMP-MIXED-r3,IMP-MIXED,3,automatic,0fa8d57e-58c2-5aa4-b8cd-e52e96380a38,c01dca35-ddb1-489f-ae9c-1fc57ef83820,options,source_provided,True,True,"{""C"": ""7"", ""A"": ""5"", ""B"": ""6"", ""D"": ""8""}","{""C"": ""7"", ""A"": ""5"", ""B"": ""6"", ""D"": ""8""}",matched
t160-quality-20261007T013645Z-cd518eac-12-IMP-MIXED-r3,IMP-MIXED,3,automatic,0fa8d57e-58c2-5aa4-b8cd-e52e96380a38,c01dca35-ddb1-489f-ae9c-1fc57ef83820,reference_answer,source_provided,True,True,C,C,matched
t160-quality-20261007T013645Z-cd518eac-12-IMP-MIXED-r3,IMP-MIXED,3,automatic,0fa8d57e-58c2-5aa4-b8cd-e52e96380a38,c01dca35-ddb1-489f-ae9c-1fc57ef83820,analysis,source_provided,True,True,2 × 3 + 1 = 7。,2 × 3 + 1 = 7。,matched
t160-quality-20261007T013645Z-cd518eac-12-IMP-MIXED-r3,IMP-MIXED,3,automatic,0fa8d57e-58c2-5aa4-b8cd-e52e96380a38,c01dca35-ddb1-489f-ae9c-1fc57ef83820,score,source_provided,True,True,2.00,2.00,matched
t160-quality-20261007T013645Z-cd518eac-12-IMP-MIXED-r3,IMP-MIXED,3,automatic,0fa8d57e-58c2-5aa4-b8cd-e52e96380a38,c01dca35-ddb1-489f-ae9c-1fc57ef83820,scoring_rubric,known_missing,True,True,,,matched
t160-quality-20261007T013645Z-cd518eac-12-IMP-MIXED-r3,IMP-MIXED,3,automatic,0fa8d57e-58c2-5aa4-b8cd-e52e96380a38,c01dca35-ddb1-489f-ae9c-1fc57ef83820,knowledge_points,known_missing,True,True,[],[],matched
t160-quality-20261007T013645Z-cd518eac-12-IMP-MIXED-r3,IMP-MIXED,3,automatic,0fa8d57e-58c2-5aa4-b8cd-e52e96380a38,c01dca35-ddb1-489f-ae9c-1fc57ef83820,source_regions,unknown,False,,,,reference_unknown
t160-quality-20261007T013645Z-cd518eac-12-IMP-MIXED-r3,IMP-MIXED,3,automatic,0fa8d57e-58c2-5aa4-b8cd-e52e96380a38,c01dca35-ddb1-489f-ae9c-1fc57ef83820,assets,source_provided,True,False,[],,matched
t160-quality-20261007T013645Z-cd518eac-12-IMP-MIXED-r3,IMP-MIXED,3,automatic,455720b9-9061-5bce-83af-d6d53c6c84e1,03b60f2c-c10a-47e5-b097-758da6392153,question_number,source_provided,True,True,5,5,matched
t160-quality-20261007T013645Z-cd518eac-12-IMP-MIXED-r3,IMP-MIXED,3,automatic,455720b9-9061-5bce-83af-d6d53c6c84e1,03b60f2c-c10a-47e5-b097-758da6392153,order_index,source_provided,True,True,5,5,matched
t160-quality-20261007T013645Z-cd518eac-12-IMP-MIXED-r3,IMP-MIXED,3,automatic,455720b9-9061-5bce-83af-d6d53c6c84e1,03b60f2c-c10a-47e5-b097-758da6392153,source_page_numbers,source_provided,True,True,[2],[2],matched
t160-quality-20261007T013645Z-cd518eac-12-IMP-MIXED-r3,IMP-MIXED,3,automatic,455720b9-9061-5bce-83af-d6d53c6c84e1,03b60f2c-c10a-47e5-b097-758da6392153,question_type,source_provided,True,True,TRUE_FALSE,TRUE_FALSE,matched
t160-quality-20261007T013645Z-cd518eac-12-IMP-MIXED-r3,IMP-MIXED,3,automatic,455720b9-9061-5bce-83af-d6d53c6c84e1,03b60f2c-c10a-47e5-b097-758da6392153,content,source_provided,True,True,右图三角形面积为 24 cm²。,右图三角形面积为 24 cm²。,matched
t160-quality-20261007T013645Z-cd518eac-12-IMP-MIXED-r3,IMP-MIXED,3,automatic,455720b9-9061-5bce-83af-d6d53c6c84e1,03b60f2c-c10a-47e5-b097-758da6392153,options,source_provided,True,True,"[""正确"", ""错误""]","[""正确"", ""错误""]",matched
t160-quality-20261007T013645Z-cd518eac-12-IMP-MIXED-r3,IMP-MIXED,3,automatic,455720b9-9061-5bce-83af-d6d53c6c84e1,03b60f2c-c10a-47e5-b097-758da6392153,reference_answer,known_missing,True,True,,,matched
t160-quality-20261007T013645Z-cd518eac-12-IMP-MIXED-r3,IMP-MIXED,3,automatic,455720b9-9061-5bce-83af-d6d53c6c84e1,03b60f2c-c10a-47e5-b097-758da6392153,analysis,known_missing,True,True,,,matched
t160-quality-20261007T013645Z-cd518eac-12-IMP-MIXED-r3,IMP-MIXED,3,automatic,455720b9-9061-5bce-83af-d6d53c6c84e1,03b60f2c-c10a-47e5-b097-758da6392153,score,source_provided,True,True,2.00,2.00,matched
t160-quality-20261007T013645Z-cd518eac-12-IMP-MIXED-r3,IMP-MIXED,3,automatic,455720b9-9061-5bce-83af-d6d53c6c84e1,03b60f2c-c10a-47e5-b097-758da6392153,scoring_rubric,known_missing,True,True,,,matched
t160-quality-20261007T013645Z-cd518eac-12-IMP-MIXED-r3,IMP-MIXED,3,automatic,455720b9-9061-5bce-83af-d6d53c6c84e1,03b60f2c-c10a-47e5-b097-758da6392153,knowledge_points,known_missing,True,True,[],[],matched
t160-quality-20261007T013645Z-cd518eac-12-IMP-MIXED-r3,IMP-MIXED,3,automatic,455720b9-9061-5bce-83af-d6d53c6c84e1,03b60f2c-c10a-47e5-b097-758da6392153,source_regions,unknown,False,,,,reference_unknown
t160-quality-20261007T013645Z-cd518eac-12-IMP-MIXED-r3,IMP-MIXED,3,automatic,455720b9-9061-5bce-83af-d6d53c6c84e1,03b60f2c-c10a-47e5-b097-758da6392153,assets,source_provided,True,False,"[{""asset_type"": ""figure"", ""source_page_number"": 2, ""order_index"": 1}]",,matched
t160-quality-20261007T013645Z-cd518eac-12-IMP-MIXED-r3,IMP-MIXED,3,automatic,bf862f8d-df39-5559-bab5-d942fccb2432,f5020581-0a51-4414-b8ef-9dc65557a9bc,question_number,source_provided,True,True,6,6,matched
t160-quality-20261007T013645Z-cd518eac-12-IMP-MIXED-r3,IMP-MIXED,3,automatic,bf862f8d-df39-5559-bab5-d942fccb2432,f5020581-0a51-4414-b8ef-9dc65557a9bc,order_index,source_provided,True,True,6,6,matched
t160-quality-20261007T013645Z-cd518eac-12-IMP-MIXED-r3,IMP-MIXED,3,automatic,bf862f8d-df39-5559-bab5-d942fccb2432,f5020581-0a51-4414-b8ef-9dc65557a9bc,source_page_numbers,source_provided,True,True,[2],[2],matched
t160-quality-20261007T013645Z-cd518eac-12-IMP-MIXED-r3,IMP-MIXED,3,automatic,bf862f8d-df39-5559-bab5-d942fccb2432,f5020581-0a51-4414-b8ef-9dc65557a9bc,question_type,source_provided,True,True,SHORT_ANSWER,SHORT_ANSWER,matched
t160-quality-20261007T013645Z-cd518eac-12-IMP-MIXED-r3,IMP-MIXED,3,automatic,bf862f8d-df39-5559-bab5-d942fccb2432,f5020581-0a51-4414-b8ef-9dc65557a9bc,content,source_provided,True,True,根据下表写出 y 关于 x 的关系式。,根据下表写出 y 关于 x 的关系式。,matched
t160-quality-20261007T013645Z-cd518eac-12-IMP-MIXED-r3,IMP-MIXED,3,automatic,bf862f8d-df39-5559-bab5-d942fccb2432,f5020581-0a51-4414-b8ef-9dc65557a9bc,options,not_applicable,True,True,,,matched
t160-quality-20261007T013645Z-cd518eac-12-IMP-MIXED-r3,IMP-MIXED,3,automatic,bf862f8d-df39-5559-bab5-d942fccb2432,f5020581-0a51-4414-b8ef-9dc65557a9bc,reference_answer,known_missing,True,True,,,matched
t160-quality-20261007T013645Z-cd518eac-12-IMP-MIXED-r3,IMP-MIXED,3,automatic,bf862f8d-df39-5559-bab5-d942fccb2432,f5020581-0a51-4414-b8ef-9dc65557a9bc,analysis,known_missing,True,True,,,matched
t160-quality-20261007T013645Z-cd518eac-12-IMP-MIXED-r3,IMP-MIXED,3,automatic,bf862f8d-df39-5559-bab5-d942fccb2432,f5020581-0a51-4414-b8ef-9dc65557a9bc,score,source_provided,True,True,3.00,3.00,matched
t160-quality-20261007T013645Z-cd518eac-12-IMP-MIXED-r3,IMP-MIXED,3,automatic,bf862f8d-df39-5559-bab5-d942fccb2432,f5020581-0a51-4414-b8ef-9dc65557a9bc,scoring_rubric,source_provided,True,True,正确关系式 1.00；说明代入过程 2.00。,正确关系式 1.00；说明代入过程 2.00。,matched
t160-quality-20261007T013645Z-cd518eac-12-IMP-MIXED-r3,IMP-MIXED,3,automatic,bf862f8d-df39-5559-bab5-d942fccb2432,f5020581-0a51-4414-b8ef-9dc65557a9bc,knowledge_points,source_provided,True,True,"[""一次函数"", ""表达与计算""]","[""一次函数"", ""表达与计算""]",matched
t160-quality-20261007T013645Z-cd518eac-12-IMP-MIXED-r3,IMP-MIXED,3,automatic,bf862f8d-df39-5559-bab5-d942fccb2432,f5020581-0a51-4414-b8ef-9dc65557a9bc,source_regions,unknown,False,,,,reference_unknown
t160-quality-20261007T013645Z-cd518eac-12-IMP-MIXED-r3,IMP-MIXED,3,automatic,bf862f8d-df39-5559-bab5-d942fccb2432,f5020581-0a51-4414-b8ef-9dc65557a9bc,assets,source_provided,True,False,"[{""asset_type"": ""table"", ""source_page_number"": 2, ""order_index"": 1}]",,matched
t160-quality-20261007T013645Z-cd518eac-12-IMP-MIXED-r3,IMP-MIXED,3,assisted_corrected,1faa8619-84cc-5d65-86ae-244c7f68645e,c926547c-2cf6-477d-b862-705cfb2a8d2c,question_number,source_provided,True,True,1,1,matched
t160-quality-20261007T013645Z-cd518eac-12-IMP-MIXED-r3,IMP-MIXED,3,assisted_corrected,1faa8619-84cc-5d65-86ae-244c7f68645e,c926547c-2cf6-477d-b862-705cfb2a8d2c,order_index,source_provided,True,True,1,1,matched
t160-quality-20261007T013645Z-cd518eac-12-IMP-MIXED-r3,IMP-MIXED,3,assisted_corrected,1faa8619-84cc-5d65-86ae-244c7f68645e,c926547c-2cf6-477d-b862-705cfb2a8d2c,source_page_numbers,source_provided,True,True,[1],[1],matched
t160-quality-20261007T013645Z-cd518eac-12-IMP-MIXED-r3,IMP-MIXED,3,assisted_corrected,1faa8619-84cc-5d65-86ae-244c7f68645e,c926547c-2cf6-477d-b862-705cfb2a8d2c,question_type,source_provided,True,True,SINGLE_CHOICE,SINGLE_CHOICE,matched
t160-quality-20261007T013645Z-cd518eac-12-IMP-MIXED-r3,IMP-MIXED,3,assisted_corrected,1faa8619-84cc-5d65-86ae-244c7f68645e,c926547c-2cf6-477d-b862-705cfb2a8d2c,content,source_provided,True,True,y = 2x + 1，x = 3 时 y 为多少？,y = 2x + 1，x = 3 时 y 为多少？,matched
t160-quality-20261007T013645Z-cd518eac-12-IMP-MIXED-r3,IMP-MIXED,3,assisted_corrected,1faa8619-84cc-5d65-86ae-244c7f68645e,c926547c-2cf6-477d-b862-705cfb2a8d2c,options,source_provided,True,True,"{""C"": ""7"", ""A"": ""5"", ""B"": ""6"", ""D"": ""8""}","{""C"": ""7"", ""A"": ""5"", ""B"": ""6"", ""D"": ""8""}",matched
t160-quality-20261007T013645Z-cd518eac-12-IMP-MIXED-r3,IMP-MIXED,3,assisted_corrected,1faa8619-84cc-5d65-86ae-244c7f68645e,c926547c-2cf6-477d-b862-705cfb2a8d2c,reference_answer,source_provided,True,True,C,C,matched
t160-quality-20261007T013645Z-cd518eac-12-IMP-MIXED-r3,IMP-MIXED,3,assisted_corrected,1faa8619-84cc-5d65-86ae-244c7f68645e,c926547c-2cf6-477d-b862-705cfb2a8d2c,analysis,source_provided,True,True,2 × 3 + 1 = 7。,2 × 3 + 1 = 7。,matched
t160-quality-20261007T013645Z-cd518eac-12-IMP-MIXED-r3,IMP-MIXED,3,assisted_corrected,1faa8619-84cc-5d65-86ae-244c7f68645e,c926547c-2cf6-477d-b862-705cfb2a8d2c,score,source_provided,True,True,2.00,2.00,matched
t160-quality-20261007T013645Z-cd518eac-12-IMP-MIXED-r3,IMP-MIXED,3,assisted_corrected,1faa8619-84cc-5d65-86ae-244c7f68645e,c926547c-2cf6-477d-b862-705cfb2a8d2c,scoring_rubric,known_missing,True,True,,,matched
t160-quality-20261007T013645Z-cd518eac-12-IMP-MIXED-r3,IMP-MIXED,3,assisted_corrected,1faa8619-84cc-5d65-86ae-244c7f68645e,c926547c-2cf6-477d-b862-705cfb2a8d2c,knowledge_points,known_missing,True,True,[],[],matched
t160-quality-20261007T013645Z-cd518eac-12-IMP-MIXED-r3,IMP-MIXED,3,assisted_corrected,1faa8619-84cc-5d65-86ae-244c7f68645e,c926547c-2cf6-477d-b862-705cfb2a8d2c,source_regions,unknown,False,,,,reference_unknown
t160-quality-20261007T013645Z-cd518eac-12-IMP-MIXED-r3,IMP-MIXED,3,assisted_corrected,1faa8619-84cc-5d65-86ae-244c7f68645e,c926547c-2cf6-477d-b862-705cfb2a8d2c,assets,source_provided,True,True,[],[],matched
t160-quality-20261007T013645Z-cd518eac-12-IMP-MIXED-r3,IMP-MIXED,3,assisted_corrected,545de13f-3fe9-524b-a917-7ab04807806f,609984e8-11bb-4a22-b84d-c4785d69da82,question_number,source_provided,True,True,2,2,matched
t160-quality-20261007T013645Z-cd518eac-12-IMP-MIXED-r3,IMP-MIXED,3,assisted_corrected,545de13f-3fe9-524b-a917-7ab04807806f,609984e8-11bb-4a22-b84d-c4785d69da82,order_index,source_provided,True,True,2,2,matched
t160-quality-20261007T013645Z-cd518eac-12-IMP-MIXED-r3,IMP-MIXED,3,assisted_corrected,545de13f-3fe9-524b-a917-7ab04807806f,609984e8-11bb-4a22-b84d-c4785d69da82,source_page_numbers,source_provided,True,True,[1],[1],matched
t160-quality-20261007T013645Z-cd518eac-12-IMP-MIXED-r3,IMP-MIXED,3,assisted_corrected,545de13f-3fe9-524b-a917-7ab04807806f,609984e8-11bb-4a22-b84d-c4785d69da82,question_type,source_provided,True,True,TRUE_FALSE,TRUE_FALSE,matched
t160-quality-20261007T013645Z-cd518eac-12-IMP-MIXED-r3,IMP-MIXED,3,assisted_corrected,545de13f-3fe9-524b-a917-7ab04807806f,609984e8-11bb-4a22-b84d-c4785d69da82,content,source_provided,True,True,右图三角形面积为 24 cm²。,右图三角形面积为 24 cm²。,matched
t160-quality-20261007T013645Z-cd518eac-12-IMP-MIXED-r3,IMP-MIXED,3,assisted_corrected,545de13f-3fe9-524b-a917-7ab04807806f,609984e8-11bb-4a22-b84d-c4785d69da82,options,source_provided,True,True,"[""正确"", ""错误""]","[""正确"", ""错误""]",matched
t160-quality-20261007T013645Z-cd518eac-12-IMP-MIXED-r3,IMP-MIXED,3,assisted_corrected,545de13f-3fe9-524b-a917-7ab04807806f,609984e8-11bb-4a22-b84d-c4785d69da82,reference_answer,known_missing,True,True,,,matched
t160-quality-20261007T013645Z-cd518eac-12-IMP-MIXED-r3,IMP-MIXED,3,assisted_corrected,545de13f-3fe9-524b-a917-7ab04807806f,609984e8-11bb-4a22-b84d-c4785d69da82,analysis,known_missing,True,True,,,matched
t160-quality-20261007T013645Z-cd518eac-12-IMP-MIXED-r3,IMP-MIXED,3,assisted_corrected,545de13f-3fe9-524b-a917-7ab04807806f,609984e8-11bb-4a22-b84d-c4785d69da82,score,source_provided,True,True,2.00,2.00,matched
t160-quality-20261007T013645Z-cd518eac-12-IMP-MIXED-r3,IMP-MIXED,3,assisted_corrected,545de13f-3fe9-524b-a917-7ab04807806f,609984e8-11bb-4a22-b84d-c4785d69da82,scoring_rubric,known_missing,True,True,,,matched
t160-quality-20261007T013645Z-cd518eac-12-IMP-MIXED-r3,IMP-MIXED,3,assisted_corrected,545de13f-3fe9-524b-a917-7ab04807806f,609984e8-11bb-4a22-b84d-c4785d69da82,knowledge_points,known_missing,True,True,[],[],matched
t160-quality-20261007T013645Z-cd518eac-12-IMP-MIXED-r3,IMP-MIXED,3,assisted_corrected,545de13f-3fe9-524b-a917-7ab04807806f,609984e8-11bb-4a22-b84d-c4785d69da82,source_regions,unknown,False,,,,reference_unknown
t160-quality-20261007T013645Z-cd518eac-12-IMP-MIXED-r3,IMP-MIXED,3,assisted_corrected,545de13f-3fe9-524b-a917-7ab04807806f,609984e8-11bb-4a22-b84d-c4785d69da82,assets,source_provided,True,False,"[{""asset_type"": ""figure"", ""source_page_number"": 1, ""order_index"": 1}]",,matched
t160-quality-20261007T013645Z-cd518eac-12-IMP-MIXED-r3,IMP-MIXED,3,assisted_corrected,85533f46-eb86-5893-8742-33939e77750f,129358a6-0b5b-4b34-800f-686f2d6d06fd,question_number,source_provided,True,True,3,3,matched
t160-quality-20261007T013645Z-cd518eac-12-IMP-MIXED-r3,IMP-MIXED,3,assisted_corrected,85533f46-eb86-5893-8742-33939e77750f,129358a6-0b5b-4b34-800f-686f2d6d06fd,order_index,source_provided,True,True,3,3,matched
t160-quality-20261007T013645Z-cd518eac-12-IMP-MIXED-r3,IMP-MIXED,3,assisted_corrected,85533f46-eb86-5893-8742-33939e77750f,129358a6-0b5b-4b34-800f-686f2d6d06fd,source_page_numbers,source_provided,True,True,[1],[1],matched
t160-quality-20261007T013645Z-cd518eac-12-IMP-MIXED-r3,IMP-MIXED,3,assisted_corrected,85533f46-eb86-5893-8742-33939e77750f,129358a6-0b5b-4b34-800f-686f2d6d06fd,question_type,source_provided,True,True,SHORT_ANSWER,SHORT_ANSWER,matched
t160-quality-20261007T013645Z-cd518eac-12-IMP-MIXED-r3,IMP-MIXED,3,assisted_corrected,85533f46-eb86-5893-8742-33939e77750f,129358a6-0b5b-4b34-800f-686f2d6d06fd,content,source_provided,True,True,根据下表写出 y 关于 x 的关系式。,根据下表写出 y 关于 x 的关系式。,matched
t160-quality-20261007T013645Z-cd518eac-12-IMP-MIXED-r3,IMP-MIXED,3,assisted_corrected,85533f46-eb86-5893-8742-33939e77750f,129358a6-0b5b-4b34-800f-686f2d6d06fd,options,not_applicable,True,True,,,matched
t160-quality-20261007T013645Z-cd518eac-12-IMP-MIXED-r3,IMP-MIXED,3,assisted_corrected,85533f46-eb86-5893-8742-33939e77750f,129358a6-0b5b-4b34-800f-686f2d6d06fd,reference_answer,known_missing,True,True,,,matched
t160-quality-20261007T013645Z-cd518eac-12-IMP-MIXED-r3,IMP-MIXED,3,assisted_corrected,85533f46-eb86-5893-8742-33939e77750f,129358a6-0b5b-4b34-800f-686f2d6d06fd,analysis,known_missing,True,True,,,matched
t160-quality-20261007T013645Z-cd518eac-12-IMP-MIXED-r3,IMP-MIXED,3,assisted_corrected,85533f46-eb86-5893-8742-33939e77750f,129358a6-0b5b-4b34-800f-686f2d6d06fd,score,source_provided,True,True,3.00,3.00,matched
t160-quality-20261007T013645Z-cd518eac-12-IMP-MIXED-r3,IMP-MIXED,3,assisted_corrected,85533f46-eb86-5893-8742-33939e77750f,129358a6-0b5b-4b34-800f-686f2d6d06fd,scoring_rubric,source_provided,True,True,正确关系式 1.00；说明代入过程 2.00。,正确关系式 1.00；说明代入过程 2.00。,matched
t160-quality-20261007T013645Z-cd518eac-12-IMP-MIXED-r3,IMP-MIXED,3,assisted_corrected,85533f46-eb86-5893-8742-33939e77750f,129358a6-0b5b-4b34-800f-686f2d6d06fd,knowledge_points,source_provided,True,True,"[""一次函数"", ""表达与计算""]","[""一次函数"", ""表达与计算""]",matched
t160-quality-20261007T013645Z-cd518eac-12-IMP-MIXED-r3,IMP-MIXED,3,assisted_corrected,85533f46-eb86-5893-8742-33939e77750f,129358a6-0b5b-4b34-800f-686f2d6d06fd,source_regions,unknown,False,,,,reference_unknown
t160-quality-20261007T013645Z-cd518eac-12-IMP-MIXED-r3,IMP-MIXED,3,assisted_corrected,85533f46-eb86-5893-8742-33939e77750f,129358a6-0b5b-4b34-800f-686f2d6d06fd,assets,source_provided,True,False,"[{""asset_type"": ""table"", ""source_page_number"": 1, ""order_index"": 1}]",,matched
t160-quality-20261007T013645Z-cd518eac-12-IMP-MIXED-r3,IMP-MIXED,3,assisted_corrected,0fa8d57e-58c2-5aa4-b8cd-e52e96380a38,c01dca35-ddb1-489f-ae9c-1fc57ef83820,question_number,source_provided,True,True,4,4,matched
t160-quality-20261007T013645Z-cd518eac-12-IMP-MIXED-r3,IMP-MIXED,3,assisted_corrected,0fa8d57e-58c2-5aa4-b8cd-e52e96380a38,c01dca35-ddb1-489f-ae9c-1fc57ef83820,order_index,source_provided,True,True,4,4,matched
t160-quality-20261007T013645Z-cd518eac-12-IMP-MIXED-r3,IMP-MIXED,3,assisted_corrected,0fa8d57e-58c2-5aa4-b8cd-e52e96380a38,c01dca35-ddb1-489f-ae9c-1fc57ef83820,source_page_numbers,source_provided,True,True,[2],[2],matched
t160-quality-20261007T013645Z-cd518eac-12-IMP-MIXED-r3,IMP-MIXED,3,assisted_corrected,0fa8d57e-58c2-5aa4-b8cd-e52e96380a38,c01dca35-ddb1-489f-ae9c-1fc57ef83820,question_type,source_provided,True,True,SINGLE_CHOICE,SINGLE_CHOICE,matched
t160-quality-20261007T013645Z-cd518eac-12-IMP-MIXED-r3,IMP-MIXED,3,assisted_corrected,0fa8d57e-58c2-5aa4-b8cd-e52e96380a38,c01dca35-ddb1-489f-ae9c-1fc57ef83820,content,source_provided,True,True,y = 2x + 1，x = 3 时 y 为多少？,y = 2x + 1，x = 3 时 y 为多少？,matched
t160-quality-20261007T013645Z-cd518eac-12-IMP-MIXED-r3,IMP-MIXED,3,assisted_corrected,0fa8d57e-58c2-5aa4-b8cd-e52e96380a38,c01dca35-ddb1-489f-ae9c-1fc57ef83820,options,source_provided,True,True,"{""C"": ""7"", ""A"": ""5"", ""B"": ""6"", ""D"": ""8""}","{""C"": ""7"", ""A"": ""5"", ""B"": ""6"", ""D"": ""8""}",matched
t160-quality-20261007T013645Z-cd518eac-12-IMP-MIXED-r3,IMP-MIXED,3,assisted_corrected,0fa8d57e-58c2-5aa4-b8cd-e52e96380a38,c01dca35-ddb1-489f-ae9c-1fc57ef83820,reference_answer,source_provided,True,True,C,C,matched
t160-quality-20261007T013645Z-cd518eac-12-IMP-MIXED-r3,IMP-MIXED,3,assisted_corrected,0fa8d57e-58c2-5aa4-b8cd-e52e96380a38,c01dca35-ddb1-489f-ae9c-1fc57ef83820,analysis,source_provided,True,True,2 × 3 + 1 = 7。,2 × 3 + 1 = 7。,matched
t160-quality-20261007T013645Z-cd518eac-12-IMP-MIXED-r3,IMP-MIXED,3,assisted_corrected,0fa8d57e-58c2-5aa4-b8cd-e52e96380a38,c01dca35-ddb1-489f-ae9c-1fc57ef83820,score,source_provided,True,True,2.00,2.00,matched
t160-quality-20261007T013645Z-cd518eac-12-IMP-MIXED-r3,IMP-MIXED,3,assisted_corrected,0fa8d57e-58c2-5aa4-b8cd-e52e96380a38,c01dca35-ddb1-489f-ae9c-1fc57ef83820,scoring_rubric,known_missing,True,True,,,matched
t160-quality-20261007T013645Z-cd518eac-12-IMP-MIXED-r3,IMP-MIXED,3,assisted_corrected,0fa8d57e-58c2-5aa4-b8cd-e52e96380a38,c01dca35-ddb1-489f-ae9c-1fc57ef83820,knowledge_points,known_missing,True,True,[],[],matched
t160-quality-20261007T013645Z-cd518eac-12-IMP-MIXED-r3,IMP-MIXED,3,assisted_corrected,0fa8d57e-58c2-5aa4-b8cd-e52e96380a38,c01dca35-ddb1-489f-ae9c-1fc57ef83820,source_regions,unknown,False,,,,reference_unknown
t160-quality-20261007T013645Z-cd518eac-12-IMP-MIXED-r3,IMP-MIXED,3,assisted_corrected,0fa8d57e-58c2-5aa4-b8cd-e52e96380a38,c01dca35-ddb1-489f-ae9c-1fc57ef83820,assets,source_provided,True,True,[],[],matched
t160-quality-20261007T013645Z-cd518eac-12-IMP-MIXED-r3,IMP-MIXED,3,assisted_corrected,455720b9-9061-5bce-83af-d6d53c6c84e1,03b60f2c-c10a-47e5-b097-758da6392153,question_number,source_provided,True,True,5,5,matched
t160-quality-20261007T013645Z-cd518eac-12-IMP-MIXED-r3,IMP-MIXED,3,assisted_corrected,455720b9-9061-5bce-83af-d6d53c6c84e1,03b60f2c-c10a-47e5-b097-758da6392153,order_index,source_provided,True,True,5,5,matched
t160-quality-20261007T013645Z-cd518eac-12-IMP-MIXED-r3,IMP-MIXED,3,assisted_corrected,455720b9-9061-5bce-83af-d6d53c6c84e1,03b60f2c-c10a-47e5-b097-758da6392153,source_page_numbers,source_provided,True,True,[2],[2],matched
t160-quality-20261007T013645Z-cd518eac-12-IMP-MIXED-r3,IMP-MIXED,3,assisted_corrected,455720b9-9061-5bce-83af-d6d53c6c84e1,03b60f2c-c10a-47e5-b097-758da6392153,question_type,source_provided,True,True,TRUE_FALSE,TRUE_FALSE,matched
t160-quality-20261007T013645Z-cd518eac-12-IMP-MIXED-r3,IMP-MIXED,3,assisted_corrected,455720b9-9061-5bce-83af-d6d53c6c84e1,03b60f2c-c10a-47e5-b097-758da6392153,content,source_provided,True,True,右图三角形面积为 24 cm²。,右图三角形面积为 24 cm²。,matched
t160-quality-20261007T013645Z-cd518eac-12-IMP-MIXED-r3,IMP-MIXED,3,assisted_corrected,455720b9-9061-5bce-83af-d6d53c6c84e1,03b60f2c-c10a-47e5-b097-758da6392153,options,source_provided,True,True,"[""正确"", ""错误""]","[""正确"", ""错误""]",matched
t160-quality-20261007T013645Z-cd518eac-12-IMP-MIXED-r3,IMP-MIXED,3,assisted_corrected,455720b9-9061-5bce-83af-d6d53c6c84e1,03b60f2c-c10a-47e5-b097-758da6392153,reference_answer,known_missing,True,True,,,matched
t160-quality-20261007T013645Z-cd518eac-12-IMP-MIXED-r3,IMP-MIXED,3,assisted_corrected,455720b9-9061-5bce-83af-d6d53c6c84e1,03b60f2c-c10a-47e5-b097-758da6392153,analysis,known_missing,True,True,,,matched
t160-quality-20261007T013645Z-cd518eac-12-IMP-MIXED-r3,IMP-MIXED,3,assisted_corrected,455720b9-9061-5bce-83af-d6d53c6c84e1,03b60f2c-c10a-47e5-b097-758da6392153,score,source_provided,True,True,2.00,2.00,matched
t160-quality-20261007T013645Z-cd518eac-12-IMP-MIXED-r3,IMP-MIXED,3,assisted_corrected,455720b9-9061-5bce-83af-d6d53c6c84e1,03b60f2c-c10a-47e5-b097-758da6392153,scoring_rubric,known_missing,True,True,,,matched
t160-quality-20261007T013645Z-cd518eac-12-IMP-MIXED-r3,IMP-MIXED,3,assisted_corrected,455720b9-9061-5bce-83af-d6d53c6c84e1,03b60f2c-c10a-47e5-b097-758da6392153,knowledge_points,known_missing,True,True,[],[],matched
t160-quality-20261007T013645Z-cd518eac-12-IMP-MIXED-r3,IMP-MIXED,3,assisted_corrected,455720b9-9061-5bce-83af-d6d53c6c84e1,03b60f2c-c10a-47e5-b097-758da6392153,source_regions,unknown,False,,,,reference_unknown
t160-quality-20261007T013645Z-cd518eac-12-IMP-MIXED-r3,IMP-MIXED,3,assisted_corrected,455720b9-9061-5bce-83af-d6d53c6c84e1,03b60f2c-c10a-47e5-b097-758da6392153,assets,source_provided,True,False,"[{""asset_type"": ""figure"", ""source_page_number"": 2, ""order_index"": 1}]",,matched
t160-quality-20261007T013645Z-cd518eac-12-IMP-MIXED-r3,IMP-MIXED,3,assisted_corrected,bf862f8d-df39-5559-bab5-d942fccb2432,f5020581-0a51-4414-b8ef-9dc65557a9bc,question_number,source_provided,True,True,6,6,matched
t160-quality-20261007T013645Z-cd518eac-12-IMP-MIXED-r3,IMP-MIXED,3,assisted_corrected,bf862f8d-df39-5559-bab5-d942fccb2432,f5020581-0a51-4414-b8ef-9dc65557a9bc,order_index,source_provided,True,True,6,6,matched
t160-quality-20261007T013645Z-cd518eac-12-IMP-MIXED-r3,IMP-MIXED,3,assisted_corrected,bf862f8d-df39-5559-bab5-d942fccb2432,f5020581-0a51-4414-b8ef-9dc65557a9bc,source_page_numbers,source_provided,True,True,[2],[2],matched
t160-quality-20261007T013645Z-cd518eac-12-IMP-MIXED-r3,IMP-MIXED,3,assisted_corrected,bf862f8d-df39-5559-bab5-d942fccb2432,f5020581-0a51-4414-b8ef-9dc65557a9bc,question_type,source_provided,True,True,SHORT_ANSWER,SHORT_ANSWER,matched
t160-quality-20261007T013645Z-cd518eac-12-IMP-MIXED-r3,IMP-MIXED,3,assisted_corrected,bf862f8d-df39-5559-bab5-d942fccb2432,f5020581-0a51-4414-b8ef-9dc65557a9bc,content,source_provided,True,True,根据下表写出 y 关于 x 的关系式。,根据下表写出 y 关于 x 的关系式。,matched
t160-quality-20261007T013645Z-cd518eac-12-IMP-MIXED-r3,IMP-MIXED,3,assisted_corrected,bf862f8d-df39-5559-bab5-d942fccb2432,f5020581-0a51-4414-b8ef-9dc65557a9bc,options,not_applicable,True,True,,,matched
t160-quality-20261007T013645Z-cd518eac-12-IMP-MIXED-r3,IMP-MIXED,3,assisted_corrected,bf862f8d-df39-5559-bab5-d942fccb2432,f5020581-0a51-4414-b8ef-9dc65557a9bc,reference_answer,known_missing,True,True,,,matched
t160-quality-20261007T013645Z-cd518eac-12-IMP-MIXED-r3,IMP-MIXED,3,assisted_corrected,bf862f8d-df39-5559-bab5-d942fccb2432,f5020581-0a51-4414-b8ef-9dc65557a9bc,analysis,known_missing,True,True,,,matched
t160-quality-20261007T013645Z-cd518eac-12-IMP-MIXED-r3,IMP-MIXED,3,assisted_corrected,bf862f8d-df39-5559-bab5-d942fccb2432,f5020581-0a51-4414-b8ef-9dc65557a9bc,score,source_provided,True,True,3.00,3.00,matched
t160-quality-20261007T013645Z-cd518eac-12-IMP-MIXED-r3,IMP-MIXED,3,assisted_corrected,bf862f8d-df39-5559-bab5-d942fccb2432,f5020581-0a51-4414-b8ef-9dc65557a9bc,scoring_rubric,source_provided,True,True,正确关系式 1.00；说明代入过程 2.00。,正确关系式 1.00；说明代入过程 2.00。,matched
t160-quality-20261007T013645Z-cd518eac-12-IMP-MIXED-r3,IMP-MIXED,3,assisted_corrected,bf862f8d-df39-5559-bab5-d942fccb2432,f5020581-0a51-4414-b8ef-9dc65557a9bc,knowledge_points,source_provided,True,True,"[""一次函数"", ""表达与计算""]","[""一次函数"", ""表达与计算""]",matched
t160-quality-20261007T013645Z-cd518eac-12-IMP-MIXED-r3,IMP-MIXED,3,assisted_corrected,bf862f8d-df39-5559-bab5-d942fccb2432,f5020581-0a51-4414-b8ef-9dc65557a9bc,source_regions,unknown,False,,,,reference_unknown
t160-quality-20261007T013645Z-cd518eac-12-IMP-MIXED-r3,IMP-MIXED,3,assisted_corrected,bf862f8d-df39-5559-bab5-d942fccb2432,f5020581-0a51-4414-b8ef-9dc65557a9bc,assets,source_provided,True,False,"[{""asset_type"": ""table"", ""source_page_number"": 2, ""order_index"": 1}]",,matched
t160-quality-20261007T013645Z-cd518eac-13-IMP-CROSS-r1,IMP-CROSS,1,automatic,239d78f4-ab44-59ec-ab7f-e11e454e26f1,2da63c09-e947-4aa4-a9c3-fd67b610d51d,question_number,source_provided,True,True,4,4,matched
t160-quality-20261007T013645Z-cd518eac-13-IMP-CROSS-r1,IMP-CROSS,1,automatic,239d78f4-ab44-59ec-ab7f-e11e454e26f1,2da63c09-e947-4aa4-a9c3-fd67b610d51d,order_index,source_provided,True,True,1,1,matched
t160-quality-20261007T013645Z-cd518eac-13-IMP-CROSS-r1,IMP-CROSS,1,automatic,239d78f4-ab44-59ec-ab7f-e11e454e26f1,2da63c09-e947-4aa4-a9c3-fd67b610d51d,source_page_numbers,source_provided,True,True,"[1, 2]","[1, 2]",matched
t160-quality-20261007T013645Z-cd518eac-13-IMP-CROSS-r1,IMP-CROSS,1,automatic,239d78f4-ab44-59ec-ab7f-e11e454e26f1,2da63c09-e947-4aa4-a9c3-fd67b610d51d,question_type,unknown,False,,,SHORT_ANSWER,reference_unknown
t160-quality-20261007T013645Z-cd518eac-13-IMP-CROSS-r1,IMP-CROSS,1,automatic,239d78f4-ab44-59ec-ab7f-e11e454e26f1,2da63c09-e947-4aa4-a9c3-fd67b610d51d,content,source_provided,True,True,"阅读下页流程图：输入 x = 3，计算输出 y。
按下图流程完成计算。","阅读下页流程图：输入 x = 3，计算输出 y。
按下图流程完成计算。",matched
t160-quality-20261007T013645Z-cd518eac-13-IMP-CROSS-r1,IMP-CROSS,1,automatic,239d78f4-ab44-59ec-ab7f-e11e454e26f1,2da63c09-e947-4aa4-a9c3-fd67b610d51d,options,not_applicable,True,True,,,matched
t160-quality-20261007T013645Z-cd518eac-13-IMP-CROSS-r1,IMP-CROSS,1,automatic,239d78f4-ab44-59ec-ab7f-e11e454e26f1,2da63c09-e947-4aa4-a9c3-fd67b610d51d,reference_answer,known_missing,True,True,,,matched
t160-quality-20261007T013645Z-cd518eac-13-IMP-CROSS-r1,IMP-CROSS,1,automatic,239d78f4-ab44-59ec-ab7f-e11e454e26f1,2da63c09-e947-4aa4-a9c3-fd67b610d51d,analysis,known_missing,True,True,,,matched
t160-quality-20261007T013645Z-cd518eac-13-IMP-CROSS-r1,IMP-CROSS,1,automatic,239d78f4-ab44-59ec-ab7f-e11e454e26f1,2da63c09-e947-4aa4-a9c3-fd67b610d51d,score,source_provided,True,True,5.00,5.00,matched
t160-quality-20261007T013645Z-cd518eac-13-IMP-CROSS-r1,IMP-CROSS,1,automatic,239d78f4-ab44-59ec-ab7f-e11e454e26f1,2da63c09-e947-4aa4-a9c3-fd67b610d51d,scoring_rubric,source_provided,True,True,正确中间计算 2.00；最终输出 3.00。,正确中间计算 2.00；最终输出 3.00。,matched
t160-quality-20261007T013645Z-cd518eac-13-IMP-CROSS-r1,IMP-CROSS,1,automatic,239d78f4-ab44-59ec-ab7f-e11e454e26f1,2da63c09-e947-4aa4-a9c3-fd67b610d51d,knowledge_points,known_missing,True,True,[],[],matched
t160-quality-20261007T013645Z-cd518eac-13-IMP-CROSS-r1,IMP-CROSS,1,automatic,239d78f4-ab44-59ec-ab7f-e11e454e26f1,2da63c09-e947-4aa4-a9c3-fd67b610d51d,source_regions,unknown,False,,,,reference_unknown
t160-quality-20261007T013645Z-cd518eac-13-IMP-CROSS-r1,IMP-CROSS,1,automatic,239d78f4-ab44-59ec-ab7f-e11e454e26f1,2da63c09-e947-4aa4-a9c3-fd67b610d51d,assets,source_provided,True,False,"[{""asset_type"": ""diagram"", ""source_page_number"": 2, ""order_index"": 1}]",,matched
t160-quality-20261007T013645Z-cd518eac-13-IMP-CROSS-r1,IMP-CROSS,1,assisted_corrected,239d78f4-ab44-59ec-ab7f-e11e454e26f1,2da63c09-e947-4aa4-a9c3-fd67b610d51d,question_number,source_provided,True,True,4,4,matched
t160-quality-20261007T013645Z-cd518eac-13-IMP-CROSS-r1,IMP-CROSS,1,assisted_corrected,239d78f4-ab44-59ec-ab7f-e11e454e26f1,2da63c09-e947-4aa4-a9c3-fd67b610d51d,order_index,source_provided,True,True,1,1,matched
t160-quality-20261007T013645Z-cd518eac-13-IMP-CROSS-r1,IMP-CROSS,1,assisted_corrected,239d78f4-ab44-59ec-ab7f-e11e454e26f1,2da63c09-e947-4aa4-a9c3-fd67b610d51d,source_page_numbers,source_provided,True,True,"[1, 2]","[1, 2]",matched
t160-quality-20261007T013645Z-cd518eac-13-IMP-CROSS-r1,IMP-CROSS,1,assisted_corrected,239d78f4-ab44-59ec-ab7f-e11e454e26f1,2da63c09-e947-4aa4-a9c3-fd67b610d51d,question_type,unknown,False,,,SHORT_ANSWER,reference_unknown
t160-quality-20261007T013645Z-cd518eac-13-IMP-CROSS-r1,IMP-CROSS,1,assisted_corrected,239d78f4-ab44-59ec-ab7f-e11e454e26f1,2da63c09-e947-4aa4-a9c3-fd67b610d51d,content,source_provided,True,True,"阅读下页流程图：输入 x = 3，计算输出 y。
按下图流程完成计算。","阅读下页流程图：输入 x = 3，计算输出 y。
按下图流程完成计算。",matched
t160-quality-20261007T013645Z-cd518eac-13-IMP-CROSS-r1,IMP-CROSS,1,assisted_corrected,239d78f4-ab44-59ec-ab7f-e11e454e26f1,2da63c09-e947-4aa4-a9c3-fd67b610d51d,options,not_applicable,True,True,,,matched
t160-quality-20261007T013645Z-cd518eac-13-IMP-CROSS-r1,IMP-CROSS,1,assisted_corrected,239d78f4-ab44-59ec-ab7f-e11e454e26f1,2da63c09-e947-4aa4-a9c3-fd67b610d51d,reference_answer,known_missing,True,True,,,matched
t160-quality-20261007T013645Z-cd518eac-13-IMP-CROSS-r1,IMP-CROSS,1,assisted_corrected,239d78f4-ab44-59ec-ab7f-e11e454e26f1,2da63c09-e947-4aa4-a9c3-fd67b610d51d,analysis,known_missing,True,True,,,matched
t160-quality-20261007T013645Z-cd518eac-13-IMP-CROSS-r1,IMP-CROSS,1,assisted_corrected,239d78f4-ab44-59ec-ab7f-e11e454e26f1,2da63c09-e947-4aa4-a9c3-fd67b610d51d,score,source_provided,True,True,5.00,5.00,matched
t160-quality-20261007T013645Z-cd518eac-13-IMP-CROSS-r1,IMP-CROSS,1,assisted_corrected,239d78f4-ab44-59ec-ab7f-e11e454e26f1,2da63c09-e947-4aa4-a9c3-fd67b610d51d,scoring_rubric,source_provided,True,True,正确中间计算 2.00；最终输出 3.00。,正确中间计算 2.00；最终输出 3.00。,matched
t160-quality-20261007T013645Z-cd518eac-13-IMP-CROSS-r1,IMP-CROSS,1,assisted_corrected,239d78f4-ab44-59ec-ab7f-e11e454e26f1,2da63c09-e947-4aa4-a9c3-fd67b610d51d,knowledge_points,known_missing,True,True,[],[],matched
t160-quality-20261007T013645Z-cd518eac-13-IMP-CROSS-r1,IMP-CROSS,1,assisted_corrected,239d78f4-ab44-59ec-ab7f-e11e454e26f1,2da63c09-e947-4aa4-a9c3-fd67b610d51d,source_regions,unknown,False,,,,reference_unknown
t160-quality-20261007T013645Z-cd518eac-13-IMP-CROSS-r1,IMP-CROSS,1,assisted_corrected,239d78f4-ab44-59ec-ab7f-e11e454e26f1,2da63c09-e947-4aa4-a9c3-fd67b610d51d,assets,source_provided,True,False,"[{""asset_type"": ""diagram"", ""source_page_number"": 2, ""order_index"": 1}]",,matched
t160-quality-20261007T013645Z-cd518eac-14-IMP-CROSS-r2,IMP-CROSS,2,automatic,239d78f4-ab44-59ec-ab7f-e11e454e26f1,d17ce770-c2a3-4289-ba23-db5cd7922ec2,question_number,source_provided,True,True,4,4,matched
t160-quality-20261007T013645Z-cd518eac-14-IMP-CROSS-r2,IMP-CROSS,2,automatic,239d78f4-ab44-59ec-ab7f-e11e454e26f1,d17ce770-c2a3-4289-ba23-db5cd7922ec2,order_index,source_provided,True,True,1,1,matched
t160-quality-20261007T013645Z-cd518eac-14-IMP-CROSS-r2,IMP-CROSS,2,automatic,239d78f4-ab44-59ec-ab7f-e11e454e26f1,d17ce770-c2a3-4289-ba23-db5cd7922ec2,source_page_numbers,source_provided,True,True,"[1, 2]","[1, 2]",matched
t160-quality-20261007T013645Z-cd518eac-14-IMP-CROSS-r2,IMP-CROSS,2,automatic,239d78f4-ab44-59ec-ab7f-e11e454e26f1,d17ce770-c2a3-4289-ba23-db5cd7922ec2,question_type,unknown,False,,,,reference_unknown
t160-quality-20261007T013645Z-cd518eac-14-IMP-CROSS-r2,IMP-CROSS,2,automatic,239d78f4-ab44-59ec-ab7f-e11e454e26f1,d17ce770-c2a3-4289-ba23-db5cd7922ec2,content,source_provided,True,False,"阅读下页流程图：输入 x = 3，计算输出 y。
按下图流程完成计算。","阅读下页流程图：输入 x = 3，计算输出 y。
第 4 题续：按下图流程完成计算。",matched
t160-quality-20261007T013645Z-cd518eac-14-IMP-CROSS-r2,IMP-CROSS,2,automatic,239d78f4-ab44-59ec-ab7f-e11e454e26f1,d17ce770-c2a3-4289-ba23-db5cd7922ec2,options,not_applicable,True,True,,,matched
t160-quality-20261007T013645Z-cd518eac-14-IMP-CROSS-r2,IMP-CROSS,2,automatic,239d78f4-ab44-59ec-ab7f-e11e454e26f1,d17ce770-c2a3-4289-ba23-db5cd7922ec2,reference_answer,known_missing,True,True,,,matched
t160-quality-20261007T013645Z-cd518eac-14-IMP-CROSS-r2,IMP-CROSS,2,automatic,239d78f4-ab44-59ec-ab7f-e11e454e26f1,d17ce770-c2a3-4289-ba23-db5cd7922ec2,analysis,known_missing,True,True,,,matched
t160-quality-20261007T013645Z-cd518eac-14-IMP-CROSS-r2,IMP-CROSS,2,automatic,239d78f4-ab44-59ec-ab7f-e11e454e26f1,d17ce770-c2a3-4289-ba23-db5cd7922ec2,score,source_provided,True,True,5.00,5.00,matched
t160-quality-20261007T013645Z-cd518eac-14-IMP-CROSS-r2,IMP-CROSS,2,automatic,239d78f4-ab44-59ec-ab7f-e11e454e26f1,d17ce770-c2a3-4289-ba23-db5cd7922ec2,scoring_rubric,source_provided,True,True,正确中间计算 2.00；最终输出 3.00。,正确中间计算 2.00；最终输出 3.00。,matched
t160-quality-20261007T013645Z-cd518eac-14-IMP-CROSS-r2,IMP-CROSS,2,automatic,239d78f4-ab44-59ec-ab7f-e11e454e26f1,d17ce770-c2a3-4289-ba23-db5cd7922ec2,knowledge_points,known_missing,True,False,[],,matched
t160-quality-20261007T013645Z-cd518eac-14-IMP-CROSS-r2,IMP-CROSS,2,automatic,239d78f4-ab44-59ec-ab7f-e11e454e26f1,d17ce770-c2a3-4289-ba23-db5cd7922ec2,source_regions,unknown,False,,,,reference_unknown
t160-quality-20261007T013645Z-cd518eac-14-IMP-CROSS-r2,IMP-CROSS,2,automatic,239d78f4-ab44-59ec-ab7f-e11e454e26f1,d17ce770-c2a3-4289-ba23-db5cd7922ec2,assets,source_provided,True,False,"[{""asset_type"": ""diagram"", ""source_page_number"": 2, ""order_index"": 1}]",,matched
t160-quality-20261007T013645Z-cd518eac-14-IMP-CROSS-r2,IMP-CROSS,2,assisted_corrected,239d78f4-ab44-59ec-ab7f-e11e454e26f1,d17ce770-c2a3-4289-ba23-db5cd7922ec2,question_number,source_provided,True,True,4,4,matched
t160-quality-20261007T013645Z-cd518eac-14-IMP-CROSS-r2,IMP-CROSS,2,assisted_corrected,239d78f4-ab44-59ec-ab7f-e11e454e26f1,d17ce770-c2a3-4289-ba23-db5cd7922ec2,order_index,source_provided,True,True,1,1,matched
t160-quality-20261007T013645Z-cd518eac-14-IMP-CROSS-r2,IMP-CROSS,2,assisted_corrected,239d78f4-ab44-59ec-ab7f-e11e454e26f1,d17ce770-c2a3-4289-ba23-db5cd7922ec2,source_page_numbers,source_provided,True,True,"[1, 2]","[1, 2]",matched
t160-quality-20261007T013645Z-cd518eac-14-IMP-CROSS-r2,IMP-CROSS,2,assisted_corrected,239d78f4-ab44-59ec-ab7f-e11e454e26f1,d17ce770-c2a3-4289-ba23-db5cd7922ec2,question_type,unknown,False,,,,reference_unknown
t160-quality-20261007T013645Z-cd518eac-14-IMP-CROSS-r2,IMP-CROSS,2,assisted_corrected,239d78f4-ab44-59ec-ab7f-e11e454e26f1,d17ce770-c2a3-4289-ba23-db5cd7922ec2,content,source_provided,True,True,"阅读下页流程图：输入 x = 3，计算输出 y。
按下图流程完成计算。","阅读下页流程图：输入 x = 3，计算输出 y。
按下图流程完成计算。",matched
t160-quality-20261007T013645Z-cd518eac-14-IMP-CROSS-r2,IMP-CROSS,2,assisted_corrected,239d78f4-ab44-59ec-ab7f-e11e454e26f1,d17ce770-c2a3-4289-ba23-db5cd7922ec2,options,not_applicable,True,True,,,matched
t160-quality-20261007T013645Z-cd518eac-14-IMP-CROSS-r2,IMP-CROSS,2,assisted_corrected,239d78f4-ab44-59ec-ab7f-e11e454e26f1,d17ce770-c2a3-4289-ba23-db5cd7922ec2,reference_answer,known_missing,True,True,,,matched
t160-quality-20261007T013645Z-cd518eac-14-IMP-CROSS-r2,IMP-CROSS,2,assisted_corrected,239d78f4-ab44-59ec-ab7f-e11e454e26f1,d17ce770-c2a3-4289-ba23-db5cd7922ec2,analysis,known_missing,True,True,,,matched
t160-quality-20261007T013645Z-cd518eac-14-IMP-CROSS-r2,IMP-CROSS,2,assisted_corrected,239d78f4-ab44-59ec-ab7f-e11e454e26f1,d17ce770-c2a3-4289-ba23-db5cd7922ec2,score,source_provided,True,True,5.00,5.00,matched
t160-quality-20261007T013645Z-cd518eac-14-IMP-CROSS-r2,IMP-CROSS,2,assisted_corrected,239d78f4-ab44-59ec-ab7f-e11e454e26f1,d17ce770-c2a3-4289-ba23-db5cd7922ec2,scoring_rubric,source_provided,True,True,正确中间计算 2.00；最终输出 3.00。,正确中间计算 2.00；最终输出 3.00。,matched
t160-quality-20261007T013645Z-cd518eac-14-IMP-CROSS-r2,IMP-CROSS,2,assisted_corrected,239d78f4-ab44-59ec-ab7f-e11e454e26f1,d17ce770-c2a3-4289-ba23-db5cd7922ec2,knowledge_points,known_missing,True,True,[],[],matched
t160-quality-20261007T013645Z-cd518eac-14-IMP-CROSS-r2,IMP-CROSS,2,assisted_corrected,239d78f4-ab44-59ec-ab7f-e11e454e26f1,d17ce770-c2a3-4289-ba23-db5cd7922ec2,source_regions,unknown,False,,,,reference_unknown
t160-quality-20261007T013645Z-cd518eac-14-IMP-CROSS-r2,IMP-CROSS,2,assisted_corrected,239d78f4-ab44-59ec-ab7f-e11e454e26f1,d17ce770-c2a3-4289-ba23-db5cd7922ec2,assets,source_provided,True,False,"[{""asset_type"": ""diagram"", ""source_page_number"": 2, ""order_index"": 1}]",,matched
t160-quality-20261007T013645Z-cd518eac-15-IMP-CROSS-r3,IMP-CROSS,3,automatic,239d78f4-ab44-59ec-ab7f-e11e454e26f1,ca1fe737-f75a-4017-8592-5ee65c9e8be3,question_number,source_provided,True,True,4,4,matched
t160-quality-20261007T013645Z-cd518eac-15-IMP-CROSS-r3,IMP-CROSS,3,automatic,239d78f4-ab44-59ec-ab7f-e11e454e26f1,ca1fe737-f75a-4017-8592-5ee65c9e8be3,order_index,source_provided,True,True,1,1,matched
t160-quality-20261007T013645Z-cd518eac-15-IMP-CROSS-r3,IMP-CROSS,3,automatic,239d78f4-ab44-59ec-ab7f-e11e454e26f1,ca1fe737-f75a-4017-8592-5ee65c9e8be3,source_page_numbers,source_provided,True,True,"[1, 2]","[1, 2]",matched
t160-quality-20261007T013645Z-cd518eac-15-IMP-CROSS-r3,IMP-CROSS,3,automatic,239d78f4-ab44-59ec-ab7f-e11e454e26f1,ca1fe737-f75a-4017-8592-5ee65c9e8be3,question_type,unknown,False,,,SHORT_ANSWER,reference_unknown
t160-quality-20261007T013645Z-cd518eac-15-IMP-CROSS-r3,IMP-CROSS,3,automatic,239d78f4-ab44-59ec-ab7f-e11e454e26f1,ca1fe737-f75a-4017-8592-5ee65c9e8be3,content,source_provided,True,True,"阅读下页流程图：输入 x = 3，计算输出 y。
按下图流程完成计算。","阅读下页流程图：输入 x = 3，计算输出 y。
按下图流程完成计算。",matched
t160-quality-20261007T013645Z-cd518eac-15-IMP-CROSS-r3,IMP-CROSS,3,automatic,239d78f4-ab44-59ec-ab7f-e11e454e26f1,ca1fe737-f75a-4017-8592-5ee65c9e8be3,options,not_applicable,True,True,,,matched
t160-quality-20261007T013645Z-cd518eac-15-IMP-CROSS-r3,IMP-CROSS,3,automatic,239d78f4-ab44-59ec-ab7f-e11e454e26f1,ca1fe737-f75a-4017-8592-5ee65c9e8be3,reference_answer,known_missing,True,True,,,matched
t160-quality-20261007T013645Z-cd518eac-15-IMP-CROSS-r3,IMP-CROSS,3,automatic,239d78f4-ab44-59ec-ab7f-e11e454e26f1,ca1fe737-f75a-4017-8592-5ee65c9e8be3,analysis,known_missing,True,True,,,matched
t160-quality-20261007T013645Z-cd518eac-15-IMP-CROSS-r3,IMP-CROSS,3,automatic,239d78f4-ab44-59ec-ab7f-e11e454e26f1,ca1fe737-f75a-4017-8592-5ee65c9e8be3,score,source_provided,True,True,5.00,5.00,matched
t160-quality-20261007T013645Z-cd518eac-15-IMP-CROSS-r3,IMP-CROSS,3,automatic,239d78f4-ab44-59ec-ab7f-e11e454e26f1,ca1fe737-f75a-4017-8592-5ee65c9e8be3,scoring_rubric,source_provided,True,False,正确中间计算 2.00；最终输出 3.00。,评分标准：正确中间计算 2.00；最终输出 3.00。,matched
t160-quality-20261007T013645Z-cd518eac-15-IMP-CROSS-r3,IMP-CROSS,3,automatic,239d78f4-ab44-59ec-ab7f-e11e454e26f1,ca1fe737-f75a-4017-8592-5ee65c9e8be3,knowledge_points,known_missing,True,True,[],[],matched
t160-quality-20261007T013645Z-cd518eac-15-IMP-CROSS-r3,IMP-CROSS,3,automatic,239d78f4-ab44-59ec-ab7f-e11e454e26f1,ca1fe737-f75a-4017-8592-5ee65c9e8be3,source_regions,unknown,False,,,,reference_unknown
t160-quality-20261007T013645Z-cd518eac-15-IMP-CROSS-r3,IMP-CROSS,3,automatic,239d78f4-ab44-59ec-ab7f-e11e454e26f1,ca1fe737-f75a-4017-8592-5ee65c9e8be3,assets,source_provided,True,False,"[{""asset_type"": ""diagram"", ""source_page_number"": 2, ""order_index"": 1}]",,matched
t160-quality-20261007T013645Z-cd518eac-15-IMP-CROSS-r3,IMP-CROSS,3,assisted_corrected,239d78f4-ab44-59ec-ab7f-e11e454e26f1,ca1fe737-f75a-4017-8592-5ee65c9e8be3,question_number,source_provided,True,True,4,4,matched
t160-quality-20261007T013645Z-cd518eac-15-IMP-CROSS-r3,IMP-CROSS,3,assisted_corrected,239d78f4-ab44-59ec-ab7f-e11e454e26f1,ca1fe737-f75a-4017-8592-5ee65c9e8be3,order_index,source_provided,True,True,1,1,matched
t160-quality-20261007T013645Z-cd518eac-15-IMP-CROSS-r3,IMP-CROSS,3,assisted_corrected,239d78f4-ab44-59ec-ab7f-e11e454e26f1,ca1fe737-f75a-4017-8592-5ee65c9e8be3,source_page_numbers,source_provided,True,True,"[1, 2]","[1, 2]",matched
t160-quality-20261007T013645Z-cd518eac-15-IMP-CROSS-r3,IMP-CROSS,3,assisted_corrected,239d78f4-ab44-59ec-ab7f-e11e454e26f1,ca1fe737-f75a-4017-8592-5ee65c9e8be3,question_type,unknown,False,,,SHORT_ANSWER,reference_unknown
t160-quality-20261007T013645Z-cd518eac-15-IMP-CROSS-r3,IMP-CROSS,3,assisted_corrected,239d78f4-ab44-59ec-ab7f-e11e454e26f1,ca1fe737-f75a-4017-8592-5ee65c9e8be3,content,source_provided,True,True,"阅读下页流程图：输入 x = 3，计算输出 y。
按下图流程完成计算。","阅读下页流程图：输入 x = 3，计算输出 y。
按下图流程完成计算。",matched
t160-quality-20261007T013645Z-cd518eac-15-IMP-CROSS-r3,IMP-CROSS,3,assisted_corrected,239d78f4-ab44-59ec-ab7f-e11e454e26f1,ca1fe737-f75a-4017-8592-5ee65c9e8be3,options,not_applicable,True,True,,,matched
t160-quality-20261007T013645Z-cd518eac-15-IMP-CROSS-r3,IMP-CROSS,3,assisted_corrected,239d78f4-ab44-59ec-ab7f-e11e454e26f1,ca1fe737-f75a-4017-8592-5ee65c9e8be3,reference_answer,known_missing,True,True,,,matched
t160-quality-20261007T013645Z-cd518eac-15-IMP-CROSS-r3,IMP-CROSS,3,assisted_corrected,239d78f4-ab44-59ec-ab7f-e11e454e26f1,ca1fe737-f75a-4017-8592-5ee65c9e8be3,analysis,known_missing,True,True,,,matched
t160-quality-20261007T013645Z-cd518eac-15-IMP-CROSS-r3,IMP-CROSS,3,assisted_corrected,239d78f4-ab44-59ec-ab7f-e11e454e26f1,ca1fe737-f75a-4017-8592-5ee65c9e8be3,score,source_provided,True,True,5.00,5.00,matched
t160-quality-20261007T013645Z-cd518eac-15-IMP-CROSS-r3,IMP-CROSS,3,assisted_corrected,239d78f4-ab44-59ec-ab7f-e11e454e26f1,ca1fe737-f75a-4017-8592-5ee65c9e8be3,scoring_rubric,source_provided,True,True,正确中间计算 2.00；最终输出 3.00。,正确中间计算 2.00；最终输出 3.00。,matched
t160-quality-20261007T013645Z-cd518eac-15-IMP-CROSS-r3,IMP-CROSS,3,assisted_corrected,239d78f4-ab44-59ec-ab7f-e11e454e26f1,ca1fe737-f75a-4017-8592-5ee65c9e8be3,knowledge_points,known_missing,True,True,[],[],matched
t160-quality-20261007T013645Z-cd518eac-15-IMP-CROSS-r3,IMP-CROSS,3,assisted_corrected,239d78f4-ab44-59ec-ab7f-e11e454e26f1,ca1fe737-f75a-4017-8592-5ee65c9e8be3,source_regions,unknown,False,,,,reference_unknown
t160-quality-20261007T013645Z-cd518eac-15-IMP-CROSS-r3,IMP-CROSS,3,assisted_corrected,239d78f4-ab44-59ec-ab7f-e11e454e26f1,ca1fe737-f75a-4017-8592-5ee65c9e8be3,assets,source_provided,True,False,"[{""asset_type"": ""diagram"", ""source_page_number"": 2, ""order_index"": 1}]",,matched
