run_id,case_id,repeat_index,stage,reference_question_identity,extracted_question_id,field,reference_state,evaluable,correct,expected,actual,reason
t160-quality-20261007T012224Z-1f7eeede-01-IMP-TEXT-r1,IMP-TEXT,1,automatic,1194af49-5301-51bb-a173-0e6f524ac810,d5e0e6c7-0f78-43f6-97b7-d11175735e96,question_number,source_provided,True,True,1,1,matched
t160-quality-20261007T012224Z-1f7eeede-01-IMP-TEXT-r1,IMP-TEXT,1,automatic,1194af49-5301-51bb-a173-0e6f524ac810,d5e0e6c7-0f78-43f6-97b7-d11175735e96,order_index,source_provided,True,True,1,1,matched
t160-quality-20261007T012224Z-1f7eeede-01-IMP-TEXT-r1,IMP-TEXT,1,automatic,1194af49-5301-51bb-a173-0e6f524ac810,d5e0e6c7-0f78-43f6-97b7-d11175735e96,source_page_numbers,source_provided,True,True,[1],[1],matched
t160-quality-20261007T012224Z-1f7eeede-01-IMP-TEXT-r1,IMP-TEXT,1,automatic,1194af49-5301-51bb-a173-0e6f524ac810,d5e0e6c7-0f78-43f6-97b7-d11175735e96,question_type,source_provided,True,True,SINGLE_CHOICE,SINGLE_CHOICE,matched
t160-quality-20261007T012224Z-1f7eeede-01-IMP-TEXT-r1,IMP-TEXT,1,automatic,1194af49-5301-51bb-a173-0e6f524ac810,d5e0e6c7-0f78-43f6-97b7-d11175735e96,content,source_provided,True,True,y = 2x + 1，x = 3 时 y 为多少？,y = 2x + 1，x = 3 时 y 为多少？,matched
t160-quality-20261007T012224Z-1f7eeede-01-IMP-TEXT-r1,IMP-TEXT,1,automatic,1194af49-5301-51bb-a173-0e6f524ac810,d5e0e6c7-0f78-43f6-97b7-d11175735e96,options,source_provided,True,True,"{""C"": ""7"", ""A"": ""5"", ""B"": ""6"", ""D"": ""8""}","{""C"": ""7"", ""A"": ""5"", ""B"": ""6"", ""D"": ""8""}",matched
t160-quality-20261007T012224Z-1f7eeede-01-IMP-TEXT-r1,IMP-TEXT,1,automatic,1194af49-5301-51bb-a173-0e6f524ac810,d5e0e6c7-0f78-43f6-97b7-d11175735e96,reference_answer,source_provided,True,True,C,C,matched
t160-quality-20261007T012224Z-1f7eeede-01-IMP-TEXT-r1,IMP-TEXT,1,automatic,1194af49-5301-51bb-a173-0e6f524ac810,d5e0e6c7-0f78-43f6-97b7-d11175735e96,analysis,source_provided,True,True,2 × 3 + 1 = 7。,2 × 3 + 1 = 7。,matched
t160-quality-20261007T012224Z-1f7eeede-01-IMP-TEXT-r1,IMP-TEXT,1,automatic,1194af49-5301-51bb-a173-0e6f524ac810,d5e0e6c7-0f78-43f6-97b7-d11175735e96,score,source_provided,True,True,2.00,2.00,matched
t160-quality-20261007T012224Z-1f7eeede-01-IMP-TEXT-r1,IMP-TEXT,1,automatic,1194af49-5301-51bb-a173-0e6f524ac810,d5e0e6c7-0f78-43f6-97b7-d11175735e96,scoring_rubric,known_missing,True,True,,,matched
t160-quality-20261007T012224Z-1f7eeede-01-IMP-TEXT-r1,IMP-TEXT,1,automatic,1194af49-5301-51bb-a173-0e6f524ac810,d5e0e6c7-0f78-43f6-97b7-d11175735e96,knowledge_points,known_missing,True,True,[],[],matched
t160-quality-20261007T012224Z-1f7eeede-01-IMP-TEXT-r1,IMP-TEXT,1,automatic,1194af49-5301-51bb-a173-0e6f524ac810,d5e0e6c7-0f78-43f6-97b7-d11175735e96,source_regions,unknown,False,,,,reference_unknown
t160-quality-20261007T012224Z-1f7eeede-01-IMP-TEXT-r1,IMP-TEXT,1,automatic,1194af49-5301-51bb-a173-0e6f524ac810,d5e0e6c7-0f78-43f6-97b7-d11175735e96,assets,source_provided,True,False,[],,matched
t160-quality-20261007T012224Z-1f7eeede-01-IMP-TEXT-r1,IMP-TEXT,1,automatic,8e0aecaf-072d-5ed7-9b43-5d33ad202cc1,6104b1a4-b624-41ac-975b-3edc946df8f1,question_number,source_provided,True,True,2,2,matched
t160-quality-20261007T012224Z-1f7eeede-01-IMP-TEXT-r1,IMP-TEXT,1,automatic,8e0aecaf-072d-5ed7-9b43-5d33ad202cc1,6104b1a4-b624-41ac-975b-3edc946df8f1,order_index,source_provided,True,True,2,2,matched
t160-quality-20261007T012224Z-1f7eeede-01-IMP-TEXT-r1,IMP-TEXT,1,automatic,8e0aecaf-072d-5ed7-9b43-5d33ad202cc1,6104b1a4-b624-41ac-975b-3edc946df8f1,source_page_numbers,source_provided,True,True,[1],[1],matched
t160-quality-20261007T012224Z-1f7eeede-01-IMP-TEXT-r1,IMP-TEXT,1,automatic,8e0aecaf-072d-5ed7-9b43-5d33ad202cc1,6104b1a4-b624-41ac-975b-3edc946df8f1,question_type,source_provided,True,True,TRUE_FALSE,TRUE_FALSE,matched
t160-quality-20261007T012224Z-1f7eeede-01-IMP-TEXT-r1,IMP-TEXT,1,automatic,8e0aecaf-072d-5ed7-9b43-5d33ad202cc1,6104b1a4-b624-41ac-975b-3edc946df8f1,content,source_provided,True,True,右图三角形面积为 24 cm²。,右图三角形面积为 24 cm²。,matched
t160-quality-20261007T012224Z-1f7eeede-01-IMP-TEXT-r1,IMP-TEXT,1,automatic,8e0aecaf-072d-5ed7-9b43-5d33ad202cc1,6104b1a4-b624-41ac-975b-3edc946df8f1,options,source_provided,True,True,"[""正确"", ""错误""]","[""正确"", ""错误""]",matched
t160-quality-20261007T012224Z-1f7eeede-01-IMP-TEXT-r1,IMP-TEXT,1,automatic,8e0aecaf-072d-5ed7-9b43-5d33ad202cc1,6104b1a4-b624-41ac-975b-3edc946df8f1,reference_answer,known_missing,True,True,,,matched
t160-quality-20261007T012224Z-1f7eeede-01-IMP-TEXT-r1,IMP-TEXT,1,automatic,8e0aecaf-072d-5ed7-9b43-5d33ad202cc1,6104b1a4-b624-41ac-975b-3edc946df8f1,analysis,known_missing,True,True,,,matched
t160-quality-20261007T012224Z-1f7eeede-01-IMP-TEXT-r1,IMP-TEXT,1,automatic,8e0aecaf-072d-5ed7-9b43-5d33ad202cc1,6104b1a4-b624-41ac-975b-3edc946df8f1,score,source_provided,True,True,2.00,2.00,matched
t160-quality-20261007T012224Z-1f7eeede-01-IMP-TEXT-r1,IMP-TEXT,1,automatic,8e0aecaf-072d-5ed7-9b43-5d33ad202cc1,6104b1a4-b624-41ac-975b-3edc946df8f1,scoring_rubric,known_missing,True,True,,,matched
t160-quality-20261007T012224Z-1f7eeede-01-IMP-TEXT-r1,IMP-TEXT,1,automatic,8e0aecaf-072d-5ed7-9b43-5d33ad202cc1,6104b1a4-b624-41ac-975b-3edc946df8f1,knowledge_points,known_missing,True,True,[],[],matched
t160-quality-20261007T012224Z-1f7eeede-01-IMP-TEXT-r1,IMP-TEXT,1,automatic,8e0aecaf-072d-5ed7-9b43-5d33ad202cc1,6104b1a4-b624-41ac-975b-3edc946df8f1,source_regions,unknown,False,,,,reference_unknown
t160-quality-20261007T012224Z-1f7eeede-01-IMP-TEXT-r1,IMP-TEXT,1,automatic,8e0aecaf-072d-5ed7-9b43-5d33ad202cc1,6104b1a4-b624-41ac-975b-3edc946df8f1,assets,source_provided,True,False,"[{""asset_type"": ""figure"", ""source_page_number"": 1, ""order_index"": 1}]",,matched
t160-quality-20261007T012224Z-1f7eeede-01-IMP-TEXT-r1,IMP-TEXT,1,automatic,fdef73bd-f984-58d1-8a53-3eea668a9f83,39f31f0b-d3b9-438f-9e78-ad7f25631420,question_number,source_provided,True,True,3,3,matched
t160-quality-20261007T012224Z-1f7eeede-01-IMP-TEXT-r1,IMP-TEXT,1,automatic,fdef73bd-f984-58d1-8a53-3eea668a9f83,39f31f0b-d3b9-438f-9e78-ad7f25631420,order_index,source_provided,True,True,3,3,matched
t160-quality-20261007T012224Z-1f7eeede-01-IMP-TEXT-r1,IMP-TEXT,1,automatic,fdef73bd-f984-58d1-8a53-3eea668a9f83,39f31f0b-d3b9-438f-9e78-ad7f25631420,source_page_numbers,source_provided,True,True,[1],[1],matched
t160-quality-20261007T012224Z-1f7eeede-01-IMP-TEXT-r1,IMP-TEXT,1,automatic,fdef73bd-f984-58d1-8a53-3eea668a9f83,39f31f0b-d3b9-438f-9e78-ad7f25631420,question_type,source_provided,True,True,SHORT_ANSWER,SHORT_ANSWER,matched
t160-quality-20261007T012224Z-1f7eeede-01-IMP-TEXT-r1,IMP-TEXT,1,automatic,fdef73bd-f984-58d1-8a53-3eea668a9f83,39f31f0b-d3b9-438f-9e78-ad7f25631420,content,source_provided,True,True,根据下表写出 y 关于 x 的关系式。,根据下表写出 y 关于 x 的关系式。,matched
t160-quality-20261007T012224Z-1f7eeede-01-IMP-TEXT-r1,IMP-TEXT,1,automatic,fdef73bd-f984-58d1-8a53-3eea668a9f83,39f31f0b-d3b9-438f-9e78-ad7f25631420,options,not_applicable,True,True,,,matched
t160-quality-20261007T012224Z-1f7eeede-01-IMP-TEXT-r1,IMP-TEXT,1,automatic,fdef73bd-f984-58d1-8a53-3eea668a9f83,39f31f0b-d3b9-438f-9e78-ad7f25631420,reference_answer,known_missing,True,True,,,matched
t160-quality-20261007T012224Z-1f7eeede-01-IMP-TEXT-r1,IMP-TEXT,1,automatic,fdef73bd-f984-58d1-8a53-3eea668a9f83,39f31f0b-d3b9-438f-9e78-ad7f25631420,analysis,known_missing,True,True,,,matched
t160-quality-20261007T012224Z-1f7eeede-01-IMP-TEXT-r1,IMP-TEXT,1,automatic,fdef73bd-f984-58d1-8a53-3eea668a9f83,39f31f0b-d3b9-438f-9e78-ad7f25631420,score,source_provided,True,True,3.00,3.00,matched
t160-quality-20261007T012224Z-1f7eeede-01-IMP-TEXT-r1,IMP-TEXT,1,automatic,fdef73bd-f984-58d1-8a53-3eea668a9f83,39f31f0b-d3b9-438f-9e78-ad7f25631420,scoring_rubric,source_provided,True,True,正确关系式 1.00；说明代入过程 2.00。,正确关系式 1.00；说明代入过程 2.00。,matched
t160-quality-20261007T012224Z-1f7eeede-01-IMP-TEXT-r1,IMP-TEXT,1,automatic,fdef73bd-f984-58d1-8a53-3eea668a9f83,39f31f0b-d3b9-438f-9e78-ad7f25631420,knowledge_points,source_provided,True,True,"[""一次函数"", ""表达与计算""]","[""一次函数"", ""表达与计算""]",matched
t160-quality-20261007T012224Z-1f7eeede-01-IMP-TEXT-r1,IMP-TEXT,1,automatic,fdef73bd-f984-58d1-8a53-3eea668a9f83,39f31f0b-d3b9-438f-9e78-ad7f25631420,source_regions,unknown,False,,,,reference_unknown
t160-quality-20261007T012224Z-1f7eeede-01-IMP-TEXT-r1,IMP-TEXT,1,automatic,fdef73bd-f984-58d1-8a53-3eea668a9f83,39f31f0b-d3b9-438f-9e78-ad7f25631420,assets,source_provided,True,False,"[{""asset_type"": ""table"", ""source_page_number"": 1, ""order_index"": 1}]",,matched
t160-quality-20261007T012224Z-1f7eeede-01-IMP-TEXT-r1,IMP-TEXT,1,assisted_corrected,1194af49-5301-51bb-a173-0e6f524ac810,d5e0e6c7-0f78-43f6-97b7-d11175735e96,question_number,source_provided,True,True,1,1,matched
t160-quality-20261007T012224Z-1f7eeede-01-IMP-TEXT-r1,IMP-TEXT,1,assisted_corrected,1194af49-5301-51bb-a173-0e6f524ac810,d5e0e6c7-0f78-43f6-97b7-d11175735e96,order_index,source_provided,True,True,1,1,matched
t160-quality-20261007T012224Z-1f7eeede-01-IMP-TEXT-r1,IMP-TEXT,1,assisted_corrected,1194af49-5301-51bb-a173-0e6f524ac810,d5e0e6c7-0f78-43f6-97b7-d11175735e96,source_page_numbers,source_provided,True,True,[1],[1],matched
t160-quality-20261007T012224Z-1f7eeede-01-IMP-TEXT-r1,IMP-TEXT,1,assisted_corrected,1194af49-5301-51bb-a173-0e6f524ac810,d5e0e6c7-0f78-43f6-97b7-d11175735e96,question_type,source_provided,True,True,SINGLE_CHOICE,SINGLE_CHOICE,matched
t160-quality-20261007T012224Z-1f7eeede-01-IMP-TEXT-r1,IMP-TEXT,1,assisted_corrected,1194af49-5301-51bb-a173-0e6f524ac810,d5e0e6c7-0f78-43f6-97b7-d11175735e96,content,source_provided,True,True,y = 2x + 1，x = 3 时 y 为多少？,y = 2x + 1，x = 3 时 y 为多少？,matched
t160-quality-20261007T012224Z-1f7eeede-01-IMP-TEXT-r1,IMP-TEXT,1,assisted_corrected,1194af49-5301-51bb-a173-0e6f524ac810,d5e0e6c7-0f78-43f6-97b7-d11175735e96,options,source_provided,True,True,"{""C"": ""7"", ""A"": ""5"", ""B"": ""6"", ""D"": ""8""}","{""C"": ""7"", ""A"": ""5"", ""B"": ""6"", ""D"": ""8""}",matched
t160-quality-20261007T012224Z-1f7eeede-01-IMP-TEXT-r1,IMP-TEXT,1,assisted_corrected,1194af49-5301-51bb-a173-0e6f524ac810,d5e0e6c7-0f78-43f6-97b7-d11175735e96,reference_answer,source_provided,True,True,C,C,matched
t160-quality-20261007T012224Z-1f7eeede-01-IMP-TEXT-r1,IMP-TEXT,1,assisted_corrected,1194af49-5301-51bb-a173-0e6f524ac810,d5e0e6c7-0f78-43f6-97b7-d11175735e96,analysis,source_provided,True,True,2 × 3 + 1 = 7。,2 × 3 + 1 = 7。,matched
t160-quality-20261007T012224Z-1f7eeede-01-IMP-TEXT-r1,IMP-TEXT,1,assisted_corrected,1194af49-5301-51bb-a173-0e6f524ac810,d5e0e6c7-0f78-43f6-97b7-d11175735e96,score,source_provided,True,True,2.00,2.00,matched
t160-quality-20261007T012224Z-1f7eeede-01-IMP-TEXT-r1,IMP-TEXT,1,assisted_corrected,1194af49-5301-51bb-a173-0e6f524ac810,d5e0e6c7-0f78-43f6-97b7-d11175735e96,scoring_rubric,known_missing,True,True,,,matched
t160-quality-20261007T012224Z-1f7eeede-01-IMP-TEXT-r1,IMP-TEXT,1,assisted_corrected,1194af49-5301-51bb-a173-0e6f524ac810,d5e0e6c7-0f78-43f6-97b7-d11175735e96,knowledge_points,known_missing,True,True,[],[],matched
t160-quality-20261007T012224Z-1f7eeede-01-IMP-TEXT-r1,IMP-TEXT,1,assisted_corrected,1194af49-5301-51bb-a173-0e6f524ac810,d5e0e6c7-0f78-43f6-97b7-d11175735e96,source_regions,unknown,False,,,,reference_unknown
t160-quality-20261007T012224Z-1f7eeede-01-IMP-TEXT-r1,IMP-TEXT,1,assisted_corrected,1194af49-5301-51bb-a173-0e6f524ac810,d5e0e6c7-0f78-43f6-97b7-d11175735e96,assets,source_provided,True,True,[],[],matched
t160-quality-20261007T012224Z-1f7eeede-01-IMP-TEXT-r1,IMP-TEXT,1,assisted_corrected,8e0aecaf-072d-5ed7-9b43-5d33ad202cc1,6104b1a4-b624-41ac-975b-3edc946df8f1,question_number,source_provided,True,True,2,2,matched
t160-quality-20261007T012224Z-1f7eeede-01-IMP-TEXT-r1,IMP-TEXT,1,assisted_corrected,8e0aecaf-072d-5ed7-9b43-5d33ad202cc1,6104b1a4-b624-41ac-975b-3edc946df8f1,order_index,source_provided,True,True,2,2,matched
t160-quality-20261007T012224Z-1f7eeede-01-IMP-TEXT-r1,IMP-TEXT,1,assisted_corrected,8e0aecaf-072d-5ed7-9b43-5d33ad202cc1,6104b1a4-b624-41ac-975b-3edc946df8f1,source_page_numbers,source_provided,True,True,[1],[1],matched
t160-quality-20261007T012224Z-1f7eeede-01-IMP-TEXT-r1,IMP-TEXT,1,assisted_corrected,8e0aecaf-072d-5ed7-9b43-5d33ad202cc1,6104b1a4-b624-41ac-975b-3edc946df8f1,question_type,source_provided,True,True,TRUE_FALSE,TRUE_FALSE,matched
t160-quality-20261007T012224Z-1f7eeede-01-IMP-TEXT-r1,IMP-TEXT,1,assisted_corrected,8e0aecaf-072d-5ed7-9b43-5d33ad202cc1,6104b1a4-b624-41ac-975b-3edc946df8f1,content,source_provided,True,True,右图三角形面积为 24 cm²。,右图三角形面积为 24 cm²。,matched
t160-quality-20261007T012224Z-1f7eeede-01-IMP-TEXT-r1,IMP-TEXT,1,assisted_corrected,8e0aecaf-072d-5ed7-9b43-5d33ad202cc1,6104b1a4-b624-41ac-975b-3edc946df8f1,options,source_provided,True,True,"[""正确"", ""错误""]","[""正确"", ""错误""]",matched
t160-quality-20261007T012224Z-1f7eeede-01-IMP-TEXT-r1,IMP-TEXT,1,assisted_corrected,8e0aecaf-072d-5ed7-9b43-5d33ad202cc1,6104b1a4-b624-41ac-975b-3edc946df8f1,reference_answer,known_missing,True,True,,,matched
t160-quality-20261007T012224Z-1f7eeede-01-IMP-TEXT-r1,IMP-TEXT,1,assisted_corrected,8e0aecaf-072d-5ed7-9b43-5d33ad202cc1,6104b1a4-b624-41ac-975b-3edc946df8f1,analysis,known_missing,True,True,,,matched
t160-quality-20261007T012224Z-1f7eeede-01-IMP-TEXT-r1,IMP-TEXT,1,assisted_corrected,8e0aecaf-072d-5ed7-9b43-5d33ad202cc1,6104b1a4-b624-41ac-975b-3edc946df8f1,score,source_provided,True,True,2.00,2.00,matched
t160-quality-20261007T012224Z-1f7eeede-01-IMP-TEXT-r1,IMP-TEXT,1,assisted_corrected,8e0aecaf-072d-5ed7-9b43-5d33ad202cc1,6104b1a4-b624-41ac-975b-3edc946df8f1,scoring_rubric,known_missing,True,True,,,matched
t160-quality-20261007T012224Z-1f7eeede-01-IMP-TEXT-r1,IMP-TEXT,1,assisted_corrected,8e0aecaf-072d-5ed7-9b43-5d33ad202cc1,6104b1a4-b624-41ac-975b-3edc946df8f1,knowledge_points,known_missing,True,True,[],[],matched
t160-quality-20261007T012224Z-1f7eeede-01-IMP-TEXT-r1,IMP-TEXT,1,assisted_corrected,8e0aecaf-072d-5ed7-9b43-5d33ad202cc1,6104b1a4-b624-41ac-975b-3edc946df8f1,source_regions,unknown,False,,,,reference_unknown
t160-quality-20261007T012224Z-1f7eeede-01-IMP-TEXT-r1,IMP-TEXT,1,assisted_corrected,8e0aecaf-072d-5ed7-9b43-5d33ad202cc1,6104b1a4-b624-41ac-975b-3edc946df8f1,assets,source_provided,True,False,"[{""asset_type"": ""figure"", ""source_page_number"": 1, ""order_index"": 1}]",,matched
t160-quality-20261007T012224Z-1f7eeede-01-IMP-TEXT-r1,IMP-TEXT,1,assisted_corrected,fdef73bd-f984-58d1-8a53-3eea668a9f83,39f31f0b-d3b9-438f-9e78-ad7f25631420,question_number,source_provided,True,True,3,3,matched
t160-quality-20261007T012224Z-1f7eeede-01-IMP-TEXT-r1,IMP-TEXT,1,assisted_corrected,fdef73bd-f984-58d1-8a53-3eea668a9f83,39f31f0b-d3b9-438f-9e78-ad7f25631420,order_index,source_provided,True,True,3,3,matched
t160-quality-20261007T012224Z-1f7eeede-01-IMP-TEXT-r1,IMP-TEXT,1,assisted_corrected,fdef73bd-f984-58d1-8a53-3eea668a9f83,39f31f0b-d3b9-438f-9e78-ad7f25631420,source_page_numbers,source_provided,True,True,[1],[1],matched
t160-quality-20261007T012224Z-1f7eeede-01-IMP-TEXT-r1,IMP-TEXT,1,assisted_corrected,fdef73bd-f984-58d1-8a53-3eea668a9f83,39f31f0b-d3b9-438f-9e78-ad7f25631420,question_type,source_provided,True,True,SHORT_ANSWER,SHORT_ANSWER,matched
t160-quality-20261007T012224Z-1f7eeede-01-IMP-TEXT-r1,IMP-TEXT,1,assisted_corrected,fdef73bd-f984-58d1-8a53-3eea668a9f83,39f31f0b-d3b9-438f-9e78-ad7f25631420,content,source_provided,True,True,根据下表写出 y 关于 x 的关系式。,根据下表写出 y 关于 x 的关系式。,matched
t160-quality-20261007T012224Z-1f7eeede-01-IMP-TEXT-r1,IMP-TEXT,1,assisted_corrected,fdef73bd-f984-58d1-8a53-3eea668a9f83,39f31f0b-d3b9-438f-9e78-ad7f25631420,options,not_applicable,True,True,,,matched
t160-quality-20261007T012224Z-1f7eeede-01-IMP-TEXT-r1,IMP-TEXT,1,assisted_corrected,fdef73bd-f984-58d1-8a53-3eea668a9f83,39f31f0b-d3b9-438f-9e78-ad7f25631420,reference_answer,known_missing,True,True,,,matched
t160-quality-20261007T012224Z-1f7eeede-01-IMP-TEXT-r1,IMP-TEXT,1,assisted_corrected,fdef73bd-f984-58d1-8a53-3eea668a9f83,39f31f0b-d3b9-438f-9e78-ad7f25631420,analysis,known_missing,True,True,,,matched
t160-quality-20261007T012224Z-1f7eeede-01-IMP-TEXT-r1,IMP-TEXT,1,assisted_corrected,fdef73bd-f984-58d1-8a53-3eea668a9f83,39f31f0b-d3b9-438f-9e78-ad7f25631420,score,source_provided,True,True,3.00,3.00,matched
t160-quality-20261007T012224Z-1f7eeede-01-IMP-TEXT-r1,IMP-TEXT,1,assisted_corrected,fdef73bd-f984-58d1-8a53-3eea668a9f83,39f31f0b-d3b9-438f-9e78-ad7f25631420,scoring_rubric,source_provided,True,True,正确关系式 1.00；说明代入过程 2.00。,正确关系式 1.00；说明代入过程 2.00。,matched
t160-quality-20261007T012224Z-1f7eeede-01-IMP-TEXT-r1,IMP-TEXT,1,assisted_corrected,fdef73bd-f984-58d1-8a53-3eea668a9f83,39f31f0b-d3b9-438f-9e78-ad7f25631420,knowledge_points,source_provided,True,True,"[""一次函数"", ""表达与计算""]","[""一次函数"", ""表达与计算""]",matched
t160-quality-20261007T012224Z-1f7eeede-01-IMP-TEXT-r1,IMP-TEXT,1,assisted_corrected,fdef73bd-f984-58d1-8a53-3eea668a9f83,39f31f0b-d3b9-438f-9e78-ad7f25631420,source_regions,unknown,False,,,,reference_unknown
t160-quality-20261007T012224Z-1f7eeede-01-IMP-TEXT-r1,IMP-TEXT,1,assisted_corrected,fdef73bd-f984-58d1-8a53-3eea668a9f83,39f31f0b-d3b9-438f-9e78-ad7f25631420,assets,source_provided,True,False,"[{""asset_type"": ""table"", ""source_page_number"": 1, ""order_index"": 1}]",,matched
t160-quality-20261007T012224Z-1f7eeede-02-IMP-TEXT-r2,IMP-TEXT,2,automatic,1194af49-5301-51bb-a173-0e6f524ac810,aca8a29a-f78a-444f-be46-b242f17cbe2a,question_number,source_provided,True,True,1,1,matched
t160-quality-20261007T012224Z-1f7eeede-02-IMP-TEXT-r2,IMP-TEXT,2,automatic,1194af49-5301-51bb-a173-0e6f524ac810,aca8a29a-f78a-444f-be46-b242f17cbe2a,order_index,source_provided,True,True,1,1,matched
t160-quality-20261007T012224Z-1f7eeede-02-IMP-TEXT-r2,IMP-TEXT,2,automatic,1194af49-5301-51bb-a173-0e6f524ac810,aca8a29a-f78a-444f-be46-b242f17cbe2a,source_page_numbers,source_provided,True,True,[1],[1],matched
t160-quality-20261007T012224Z-1f7eeede-02-IMP-TEXT-r2,IMP-TEXT,2,automatic,1194af49-5301-51bb-a173-0e6f524ac810,aca8a29a-f78a-444f-be46-b242f17cbe2a,question_type,source_provided,True,True,SINGLE_CHOICE,SINGLE_CHOICE,matched
t160-quality-20261007T012224Z-1f7eeede-02-IMP-TEXT-r2,IMP-TEXT,2,automatic,1194af49-5301-51bb-a173-0e6f524ac810,aca8a29a-f78a-444f-be46-b242f17cbe2a,content,source_provided,True,True,y = 2x + 1，x = 3 时 y 为多少？,y = 2x + 1，x = 3 时 y 为多少？,matched
t160-quality-20261007T012224Z-1f7eeede-02-IMP-TEXT-r2,IMP-TEXT,2,automatic,1194af49-5301-51bb-a173-0e6f524ac810,aca8a29a-f78a-444f-be46-b242f17cbe2a,options,source_provided,True,True,"{""C"": ""7"", ""A"": ""5"", ""B"": ""6"", ""D"": ""8""}","{""C"": ""7"", ""A"": ""5"", ""B"": ""6"", ""D"": ""8""}",matched
t160-quality-20261007T012224Z-1f7eeede-02-IMP-TEXT-r2,IMP-TEXT,2,automatic,1194af49-5301-51bb-a173-0e6f524ac810,aca8a29a-f78a-444f-be46-b242f17cbe2a,reference_answer,source_provided,True,True,C,C,matched
t160-quality-20261007T012224Z-1f7eeede-02-IMP-TEXT-r2,IMP-TEXT,2,automatic,1194af49-5301-51bb-a173-0e6f524ac810,aca8a29a-f78a-444f-be46-b242f17cbe2a,analysis,source_provided,True,True,2 × 3 + 1 = 7。,2 × 3 + 1 = 7。,matched
t160-quality-20261007T012224Z-1f7eeede-02-IMP-TEXT-r2,IMP-TEXT,2,automatic,1194af49-5301-51bb-a173-0e6f524ac810,aca8a29a-f78a-444f-be46-b242f17cbe2a,score,source_provided,True,True,2.00,2.00,matched
t160-quality-20261007T012224Z-1f7eeede-02-IMP-TEXT-r2,IMP-TEXT,2,automatic,1194af49-5301-51bb-a173-0e6f524ac810,aca8a29a-f78a-444f-be46-b242f17cbe2a,scoring_rubric,known_missing,True,True,,,matched
t160-quality-20261007T012224Z-1f7eeede-02-IMP-TEXT-r2,IMP-TEXT,2,automatic,1194af49-5301-51bb-a173-0e6f524ac810,aca8a29a-f78a-444f-be46-b242f17cbe2a,knowledge_points,known_missing,True,True,[],[],matched
t160-quality-20261007T012224Z-1f7eeede-02-IMP-TEXT-r2,IMP-TEXT,2,automatic,1194af49-5301-51bb-a173-0e6f524ac810,aca8a29a-f78a-444f-be46-b242f17cbe2a,source_regions,unknown,False,,,,reference_unknown
t160-quality-20261007T012224Z-1f7eeede-02-IMP-TEXT-r2,IMP-TEXT,2,automatic,1194af49-5301-51bb-a173-0e6f524ac810,aca8a29a-f78a-444f-be46-b242f17cbe2a,assets,source_provided,True,False,[],,matched
t160-quality-20261007T012224Z-1f7eeede-02-IMP-TEXT-r2,IMP-TEXT,2,automatic,8e0aecaf-072d-5ed7-9b43-5d33ad202cc1,ebd5fdfd-8ffb-48f4-8063-f8a7e1856496,question_number,source_provided,True,True,2,2,matched
t160-quality-20261007T012224Z-1f7eeede-02-IMP-TEXT-r2,IMP-TEXT,2,automatic,8e0aecaf-072d-5ed7-9b43-5d33ad202cc1,ebd5fdfd-8ffb-48f4-8063-f8a7e1856496,order_index,source_provided,True,True,2,2,matched
t160-quality-20261007T012224Z-1f7eeede-02-IMP-TEXT-r2,IMP-TEXT,2,automatic,8e0aecaf-072d-5ed7-9b43-5d33ad202cc1,ebd5fdfd-8ffb-48f4-8063-f8a7e1856496,source_page_numbers,source_provided,True,True,[1],[1],matched
t160-quality-20261007T012224Z-1f7eeede-02-IMP-TEXT-r2,IMP-TEXT,2,automatic,8e0aecaf-072d-5ed7-9b43-5d33ad202cc1,ebd5fdfd-8ffb-48f4-8063-f8a7e1856496,question_type,source_provided,True,True,TRUE_FALSE,TRUE_FALSE,matched
t160-quality-20261007T012224Z-1f7eeede-02-IMP-TEXT-r2,IMP-TEXT,2,automatic,8e0aecaf-072d-5ed7-9b43-5d33ad202cc1,ebd5fdfd-8ffb-48f4-8063-f8a7e1856496,content,source_provided,True,True,右图三角形面积为 24 cm²。,右图三角形面积为 24 cm²。,matched
t160-quality-20261007T012224Z-1f7eeede-02-IMP-TEXT-r2,IMP-TEXT,2,automatic,8e0aecaf-072d-5ed7-9b43-5d33ad202cc1,ebd5fdfd-8ffb-48f4-8063-f8a7e1856496,options,source_provided,True,True,"[""正确"", ""错误""]","[""正确"", ""错误""]",matched
t160-quality-20261007T012224Z-1f7eeede-02-IMP-TEXT-r2,IMP-TEXT,2,automatic,8e0aecaf-072d-5ed7-9b43-5d33ad202cc1,ebd5fdfd-8ffb-48f4-8063-f8a7e1856496,reference_answer,known_missing,True,True,,,matched
t160-quality-20261007T012224Z-1f7eeede-02-IMP-TEXT-r2,IMP-TEXT,2,automatic,8e0aecaf-072d-5ed7-9b43-5d33ad202cc1,ebd5fdfd-8ffb-48f4-8063-f8a7e1856496,analysis,known_missing,True,True,,,matched
t160-quality-20261007T012224Z-1f7eeede-02-IMP-TEXT-r2,IMP-TEXT,2,automatic,8e0aecaf-072d-5ed7-9b43-5d33ad202cc1,ebd5fdfd-8ffb-48f4-8063-f8a7e1856496,score,source_provided,True,True,2.00,2.00,matched
t160-quality-20261007T012224Z-1f7eeede-02-IMP-TEXT-r2,IMP-TEXT,2,automatic,8e0aecaf-072d-5ed7-9b43-5d33ad202cc1,ebd5fdfd-8ffb-48f4-8063-f8a7e1856496,scoring_rubric,known_missing,True,True,,,matched
t160-quality-20261007T012224Z-1f7eeede-02-IMP-TEXT-r2,IMP-TEXT,2,automatic,8e0aecaf-072d-5ed7-9b43-5d33ad202cc1,ebd5fdfd-8ffb-48f4-8063-f8a7e1856496,knowledge_points,known_missing,True,True,[],[],matched
t160-quality-20261007T012224Z-1f7eeede-02-IMP-TEXT-r2,IMP-TEXT,2,automatic,8e0aecaf-072d-5ed7-9b43-5d33ad202cc1,ebd5fdfd-8ffb-48f4-8063-f8a7e1856496,source_regions,unknown,False,,,,reference_unknown
t160-quality-20261007T012224Z-1f7eeede-02-IMP-TEXT-r2,IMP-TEXT,2,automatic,8e0aecaf-072d-5ed7-9b43-5d33ad202cc1,ebd5fdfd-8ffb-48f4-8063-f8a7e1856496,assets,source_provided,True,False,"[{""asset_type"": ""figure"", ""source_page_number"": 1, ""order_index"": 1}]",,matched
t160-quality-20261007T012224Z-1f7eeede-02-IMP-TEXT-r2,IMP-TEXT,2,automatic,fdef73bd-f984-58d1-8a53-3eea668a9f83,9b6bd956-814a-468d-bb17-1b6fe3615358,question_number,source_provided,True,True,3,3,matched
t160-quality-20261007T012224Z-1f7eeede-02-IMP-TEXT-r2,IMP-TEXT,2,automatic,fdef73bd-f984-58d1-8a53-3eea668a9f83,9b6bd956-814a-468d-bb17-1b6fe3615358,order_index,source_provided,True,True,3,3,matched
t160-quality-20261007T012224Z-1f7eeede-02-IMP-TEXT-r2,IMP-TEXT,2,automatic,fdef73bd-f984-58d1-8a53-3eea668a9f83,9b6bd956-814a-468d-bb17-1b6fe3615358,source_page_numbers,source_provided,True,True,[1],[1],matched
t160-quality-20261007T012224Z-1f7eeede-02-IMP-TEXT-r2,IMP-TEXT,2,automatic,fdef73bd-f984-58d1-8a53-3eea668a9f83,9b6bd956-814a-468d-bb17-1b6fe3615358,question_type,source_provided,True,True,SHORT_ANSWER,SHORT_ANSWER,matched
t160-quality-20261007T012224Z-1f7eeede-02-IMP-TEXT-r2,IMP-TEXT,2,automatic,fdef73bd-f984-58d1-8a53-3eea668a9f83,9b6bd956-814a-468d-bb17-1b6fe3615358,content,source_provided,True,True,根据下表写出 y 关于 x 的关系式。,根据下表写出 y 关于 x 的关系式。,matched
t160-quality-20261007T012224Z-1f7eeede-02-IMP-TEXT-r2,IMP-TEXT,2,automatic,fdef73bd-f984-58d1-8a53-3eea668a9f83,9b6bd956-814a-468d-bb17-1b6fe3615358,options,not_applicable,True,True,,,matched
t160-quality-20261007T012224Z-1f7eeede-02-IMP-TEXT-r2,IMP-TEXT,2,automatic,fdef73bd-f984-58d1-8a53-3eea668a9f83,9b6bd956-814a-468d-bb17-1b6fe3615358,reference_answer,known_missing,True,True,,,matched
t160-quality-20261007T012224Z-1f7eeede-02-IMP-TEXT-r2,IMP-TEXT,2,automatic,fdef73bd-f984-58d1-8a53-3eea668a9f83,9b6bd956-814a-468d-bb17-1b6fe3615358,analysis,known_missing,True,True,,,matched
t160-quality-20261007T012224Z-1f7eeede-02-IMP-TEXT-r2,IMP-TEXT,2,automatic,fdef73bd-f984-58d1-8a53-3eea668a9f83,9b6bd956-814a-468d-bb17-1b6fe3615358,score,source_provided,True,True,3.00,3.00,matched
t160-quality-20261007T012224Z-1f7eeede-02-IMP-TEXT-r2,IMP-TEXT,2,automatic,fdef73bd-f984-58d1-8a53-3eea668a9f83,9b6bd956-814a-468d-bb17-1b6fe3615358,scoring_rubric,source_provided,True,True,正确关系式 1.00；说明代入过程 2.00。,正确关系式 1.00；说明代入过程 2.00。,matched
t160-quality-20261007T012224Z-1f7eeede-02-IMP-TEXT-r2,IMP-TEXT,2,automatic,fdef73bd-f984-58d1-8a53-3eea668a9f83,9b6bd956-814a-468d-bb17-1b6fe3615358,knowledge_points,source_provided,True,True,"[""一次函数"", ""表达与计算""]","[""一次函数"", ""表达与计算""]",matched
t160-quality-20261007T012224Z-1f7eeede-02-IMP-TEXT-r2,IMP-TEXT,2,automatic,fdef73bd-f984-58d1-8a53-3eea668a9f83,9b6bd956-814a-468d-bb17-1b6fe3615358,source_regions,unknown,False,,,,reference_unknown
t160-quality-20261007T012224Z-1f7eeede-02-IMP-TEXT-r2,IMP-TEXT,2,automatic,fdef73bd-f984-58d1-8a53-3eea668a9f83,9b6bd956-814a-468d-bb17-1b6fe3615358,assets,source_provided,True,False,"[{""asset_type"": ""table"", ""source_page_number"": 1, ""order_index"": 1}]",,matched
t160-quality-20261007T012224Z-1f7eeede-02-IMP-TEXT-r2,IMP-TEXT,2,assisted_corrected,1194af49-5301-51bb-a173-0e6f524ac810,aca8a29a-f78a-444f-be46-b242f17cbe2a,question_number,source_provided,True,True,1,1,matched
t160-quality-20261007T012224Z-1f7eeede-02-IMP-TEXT-r2,IMP-TEXT,2,assisted_corrected,1194af49-5301-51bb-a173-0e6f524ac810,aca8a29a-f78a-444f-be46-b242f17cbe2a,order_index,source_provided,True,True,1,1,matched
t160-quality-20261007T012224Z-1f7eeede-02-IMP-TEXT-r2,IMP-TEXT,2,assisted_corrected,1194af49-5301-51bb-a173-0e6f524ac810,aca8a29a-f78a-444f-be46-b242f17cbe2a,source_page_numbers,source_provided,True,True,[1],[1],matched
t160-quality-20261007T012224Z-1f7eeede-02-IMP-TEXT-r2,IMP-TEXT,2,assisted_corrected,1194af49-5301-51bb-a173-0e6f524ac810,aca8a29a-f78a-444f-be46-b242f17cbe2a,question_type,source_provided,True,True,SINGLE_CHOICE,SINGLE_CHOICE,matched
t160-quality-20261007T012224Z-1f7eeede-02-IMP-TEXT-r2,IMP-TEXT,2,assisted_corrected,1194af49-5301-51bb-a173-0e6f524ac810,aca8a29a-f78a-444f-be46-b242f17cbe2a,content,source_provided,True,True,y = 2x + 1，x = 3 时 y 为多少？,y = 2x + 1，x = 3 时 y 为多少？,matched
t160-quality-20261007T012224Z-1f7eeede-02-IMP-TEXT-r2,IMP-TEXT,2,assisted_corrected,1194af49-5301-51bb-a173-0e6f524ac810,aca8a29a-f78a-444f-be46-b242f17cbe2a,options,source_provided,True,True,"{""C"": ""7"", ""A"": ""5"", ""B"": ""6"", ""D"": ""8""}","{""C"": ""7"", ""A"": ""5"", ""B"": ""6"", ""D"": ""8""}",matched
t160-quality-20261007T012224Z-1f7eeede-02-IMP-TEXT-r2,IMP-TEXT,2,assisted_corrected,1194af49-5301-51bb-a173-0e6f524ac810,aca8a29a-f78a-444f-be46-b242f17cbe2a,reference_answer,source_provided,True,True,C,C,matched
t160-quality-20261007T012224Z-1f7eeede-02-IMP-TEXT-r2,IMP-TEXT,2,assisted_corrected,1194af49-5301-51bb-a173-0e6f524ac810,aca8a29a-f78a-444f-be46-b242f17cbe2a,analysis,source_provided,True,True,2 × 3 + 1 = 7。,2 × 3 + 1 = 7。,matched
t160-quality-20261007T012224Z-1f7eeede-02-IMP-TEXT-r2,IMP-TEXT,2,assisted_corrected,1194af49-5301-51bb-a173-0e6f524ac810,aca8a29a-f78a-444f-be46-b242f17cbe2a,score,source_provided,True,True,2.00,2.00,matched
t160-quality-20261007T012224Z-1f7eeede-02-IMP-TEXT-r2,IMP-TEXT,2,assisted_corrected,1194af49-5301-51bb-a173-0e6f524ac810,aca8a29a-f78a-444f-be46-b242f17cbe2a,scoring_rubric,known_missing,True,True,,,matched
t160-quality-20261007T012224Z-1f7eeede-02-IMP-TEXT-r2,IMP-TEXT,2,assisted_corrected,1194af49-5301-51bb-a173-0e6f524ac810,aca8a29a-f78a-444f-be46-b242f17cbe2a,knowledge_points,known_missing,True,True,[],[],matched
t160-quality-20261007T012224Z-1f7eeede-02-IMP-TEXT-r2,IMP-TEXT,2,assisted_corrected,1194af49-5301-51bb-a173-0e6f524ac810,aca8a29a-f78a-444f-be46-b242f17cbe2a,source_regions,unknown,False,,,,reference_unknown
t160-quality-20261007T012224Z-1f7eeede-02-IMP-TEXT-r2,IMP-TEXT,2,assisted_corrected,1194af49-5301-51bb-a173-0e6f524ac810,aca8a29a-f78a-444f-be46-b242f17cbe2a,assets,source_provided,True,True,[],[],matched
t160-quality-20261007T012224Z-1f7eeede-02-IMP-TEXT-r2,IMP-TEXT,2,assisted_corrected,8e0aecaf-072d-5ed7-9b43-5d33ad202cc1,ebd5fdfd-8ffb-48f4-8063-f8a7e1856496,question_number,source_provided,True,True,2,2,matched
t160-quality-20261007T012224Z-1f7eeede-02-IMP-TEXT-r2,IMP-TEXT,2,assisted_corrected,8e0aecaf-072d-5ed7-9b43-5d33ad202cc1,ebd5fdfd-8ffb-48f4-8063-f8a7e1856496,order_index,source_provided,True,True,2,2,matched
t160-quality-20261007T012224Z-1f7eeede-02-IMP-TEXT-r2,IMP-TEXT,2,assisted_corrected,8e0aecaf-072d-5ed7-9b43-5d33ad202cc1,ebd5fdfd-8ffb-48f4-8063-f8a7e1856496,source_page_numbers,source_provided,True,True,[1],[1],matched
t160-quality-20261007T012224Z-1f7eeede-02-IMP-TEXT-r2,IMP-TEXT,2,assisted_corrected,8e0aecaf-072d-5ed7-9b43-5d33ad202cc1,ebd5fdfd-8ffb-48f4-8063-f8a7e1856496,question_type,source_provided,True,True,TRUE_FALSE,TRUE_FALSE,matched
t160-quality-20261007T012224Z-1f7eeede-02-IMP-TEXT-r2,IMP-TEXT,2,assisted_corrected,8e0aecaf-072d-5ed7-9b43-5d33ad202cc1,ebd5fdfd-8ffb-48f4-8063-f8a7e1856496,content,source_provided,True,True,右图三角形面积为 24 cm²。,右图三角形面积为 24 cm²。,matched
t160-quality-20261007T012224Z-1f7eeede-02-IMP-TEXT-r2,IMP-TEXT,2,assisted_corrected,8e0aecaf-072d-5ed7-9b43-5d33ad202cc1,ebd5fdfd-8ffb-48f4-8063-f8a7e1856496,options,source_provided,True,True,"[""正确"", ""错误""]","[""正确"", ""错误""]",matched
t160-quality-20261007T012224Z-1f7eeede-02-IMP-TEXT-r2,IMP-TEXT,2,assisted_corrected,8e0aecaf-072d-5ed7-9b43-5d33ad202cc1,ebd5fdfd-8ffb-48f4-8063-f8a7e1856496,reference_answer,known_missing,True,True,,,matched
t160-quality-20261007T012224Z-1f7eeede-02-IMP-TEXT-r2,IMP-TEXT,2,assisted_corrected,8e0aecaf-072d-5ed7-9b43-5d33ad202cc1,ebd5fdfd-8ffb-48f4-8063-f8a7e1856496,analysis,known_missing,True,True,,,matched
t160-quality-20261007T012224Z-1f7eeede-02-IMP-TEXT-r2,IMP-TEXT,2,assisted_corrected,8e0aecaf-072d-5ed7-9b43-5d33ad202cc1,ebd5fdfd-8ffb-48f4-8063-f8a7e1856496,score,source_provided,True,True,2.00,2.00,matched
t160-quality-20261007T012224Z-1f7eeede-02-IMP-TEXT-r2,IMP-TEXT,2,assisted_corrected,8e0aecaf-072d-5ed7-9b43-5d33ad202cc1,ebd5fdfd-8ffb-48f4-8063-f8a7e1856496,scoring_rubric,known_missing,True,True,,,matched
t160-quality-20261007T012224Z-1f7eeede-02-IMP-TEXT-r2,IMP-TEXT,2,assisted_corrected,8e0aecaf-072d-5ed7-9b43-5d33ad202cc1,ebd5fdfd-8ffb-48f4-8063-f8a7e1856496,knowledge_points,known_missing,True,True,[],[],matched
t160-quality-20261007T012224Z-1f7eeede-02-IMP-TEXT-r2,IMP-TEXT,2,assisted_corrected,8e0aecaf-072d-5ed7-9b43-5d33ad202cc1,ebd5fdfd-8ffb-48f4-8063-f8a7e1856496,source_regions,unknown,False,,,,reference_unknown
t160-quality-20261007T012224Z-1f7eeede-02-IMP-TEXT-r2,IMP-TEXT,2,assisted_corrected,8e0aecaf-072d-5ed7-9b43-5d33ad202cc1,ebd5fdfd-8ffb-48f4-8063-f8a7e1856496,assets,source_provided,True,False,"[{""asset_type"": ""figure"", ""source_page_number"": 1, ""order_index"": 1}]",,matched
t160-quality-20261007T012224Z-1f7eeede-02-IMP-TEXT-r2,IMP-TEXT,2,assisted_corrected,fdef73bd-f984-58d1-8a53-3eea668a9f83,9b6bd956-814a-468d-bb17-1b6fe3615358,question_number,source_provided,True,True,3,3,matched
t160-quality-20261007T012224Z-1f7eeede-02-IMP-TEXT-r2,IMP-TEXT,2,assisted_corrected,fdef73bd-f984-58d1-8a53-3eea668a9f83,9b6bd956-814a-468d-bb17-1b6fe3615358,order_index,source_provided,True,True,3,3,matched
t160-quality-20261007T012224Z-1f7eeede-02-IMP-TEXT-r2,IMP-TEXT,2,assisted_corrected,fdef73bd-f984-58d1-8a53-3eea668a9f83,9b6bd956-814a-468d-bb17-1b6fe3615358,source_page_numbers,source_provided,True,True,[1],[1],matched
t160-quality-20261007T012224Z-1f7eeede-02-IMP-TEXT-r2,IMP-TEXT,2,assisted_corrected,fdef73bd-f984-58d1-8a53-3eea668a9f83,9b6bd956-814a-468d-bb17-1b6fe3615358,question_type,source_provided,True,True,SHORT_ANSWER,SHORT_ANSWER,matched
t160-quality-20261007T012224Z-1f7eeede-02-IMP-TEXT-r2,IMP-TEXT,2,assisted_corrected,fdef73bd-f984-58d1-8a53-3eea668a9f83,9b6bd956-814a-468d-bb17-1b6fe3615358,content,source_provided,True,True,根据下表写出 y 关于 x 的关系式。,根据下表写出 y 关于 x 的关系式。,matched
t160-quality-20261007T012224Z-1f7eeede-02-IMP-TEXT-r2,IMP-TEXT,2,assisted_corrected,fdef73bd-f984-58d1-8a53-3eea668a9f83,9b6bd956-814a-468d-bb17-1b6fe3615358,options,not_applicable,True,True,,,matched
t160-quality-20261007T012224Z-1f7eeede-02-IMP-TEXT-r2,IMP-TEXT,2,assisted_corrected,fdef73bd-f984-58d1-8a53-3eea668a9f83,9b6bd956-814a-468d-bb17-1b6fe3615358,reference_answer,known_missing,True,True,,,matched
t160-quality-20261007T012224Z-1f7eeede-02-IMP-TEXT-r2,IMP-TEXT,2,assisted_corrected,fdef73bd-f984-58d1-8a53-3eea668a9f83,9b6bd956-814a-468d-bb17-1b6fe3615358,analysis,known_missing,True,True,,,matched
t160-quality-20261007T012224Z-1f7eeede-02-IMP-TEXT-r2,IMP-TEXT,2,assisted_corrected,fdef73bd-f984-58d1-8a53-3eea668a9f83,9b6bd956-814a-468d-bb17-1b6fe3615358,score,source_provided,True,True,3.00,3.00,matched
t160-quality-20261007T012224Z-1f7eeede-02-IMP-TEXT-r2,IMP-TEXT,2,assisted_corrected,fdef73bd-f984-58d1-8a53-3eea668a9f83,9b6bd956-814a-468d-bb17-1b6fe3615358,scoring_rubric,source_provided,True,True,正确关系式 1.00；说明代入过程 2.00。,正确关系式 1.00；说明代入过程 2.00。,matched
t160-quality-20261007T012224Z-1f7eeede-02-IMP-TEXT-r2,IMP-TEXT,2,assisted_corrected,fdef73bd-f984-58d1-8a53-3eea668a9f83,9b6bd956-814a-468d-bb17-1b6fe3615358,knowledge_points,source_provided,True,True,"[""一次函数"", ""表达与计算""]","[""一次函数"", ""表达与计算""]",matched
t160-quality-20261007T012224Z-1f7eeede-02-IMP-TEXT-r2,IMP-TEXT,2,assisted_corrected,fdef73bd-f984-58d1-8a53-3eea668a9f83,9b6bd956-814a-468d-bb17-1b6fe3615358,source_regions,unknown,False,,,,reference_unknown
t160-quality-20261007T012224Z-1f7eeede-02-IMP-TEXT-r2,IMP-TEXT,2,assisted_corrected,fdef73bd-f984-58d1-8a53-3eea668a9f83,9b6bd956-814a-468d-bb17-1b6fe3615358,assets,source_provided,True,False,"[{""asset_type"": ""table"", ""source_page_number"": 1, ""order_index"": 1}]",,matched
t160-quality-20261007T012224Z-1f7eeede-03-IMP-TEXT-r3,IMP-TEXT,3,automatic,1194af49-5301-51bb-a173-0e6f524ac810,33aba56d-152d-4cef-9a2c-2380f2a562b8,question_number,source_provided,True,True,1,1,matched
t160-quality-20261007T012224Z-1f7eeede-03-IMP-TEXT-r3,IMP-TEXT,3,automatic,1194af49-5301-51bb-a173-0e6f524ac810,33aba56d-152d-4cef-9a2c-2380f2a562b8,order_index,source_provided,True,True,1,1,matched
t160-quality-20261007T012224Z-1f7eeede-03-IMP-TEXT-r3,IMP-TEXT,3,automatic,1194af49-5301-51bb-a173-0e6f524ac810,33aba56d-152d-4cef-9a2c-2380f2a562b8,source_page_numbers,source_provided,True,True,[1],[1],matched
t160-quality-20261007T012224Z-1f7eeede-03-IMP-TEXT-r3,IMP-TEXT,3,automatic,1194af49-5301-51bb-a173-0e6f524ac810,33aba56d-152d-4cef-9a2c-2380f2a562b8,question_type,source_provided,True,True,SINGLE_CHOICE,SINGLE_CHOICE,matched
t160-quality-20261007T012224Z-1f7eeede-03-IMP-TEXT-r3,IMP-TEXT,3,automatic,1194af49-5301-51bb-a173-0e6f524ac810,33aba56d-152d-4cef-9a2c-2380f2a562b8,content,source_provided,True,True,y = 2x + 1，x = 3 时 y 为多少？,y = 2x + 1，x = 3 时 y 为多少？,matched
t160-quality-20261007T012224Z-1f7eeede-03-IMP-TEXT-r3,IMP-TEXT,3,automatic,1194af49-5301-51bb-a173-0e6f524ac810,33aba56d-152d-4cef-9a2c-2380f2a562b8,options,source_provided,True,True,"{""C"": ""7"", ""A"": ""5"", ""B"": ""6"", ""D"": ""8""}","{""C"": ""7"", ""A"": ""5"", ""B"": ""6"", ""D"": ""8""}",matched
t160-quality-20261007T012224Z-1f7eeede-03-IMP-TEXT-r3,IMP-TEXT,3,automatic,1194af49-5301-51bb-a173-0e6f524ac810,33aba56d-152d-4cef-9a2c-2380f2a562b8,reference_answer,source_provided,True,True,C,C,matched
t160-quality-20261007T012224Z-1f7eeede-03-IMP-TEXT-r3,IMP-TEXT,3,automatic,1194af49-5301-51bb-a173-0e6f524ac810,33aba56d-152d-4cef-9a2c-2380f2a562b8,analysis,source_provided,True,True,2 × 3 + 1 = 7。,2 × 3 + 1 = 7。,matched
t160-quality-20261007T012224Z-1f7eeede-03-IMP-TEXT-r3,IMP-TEXT,3,automatic,1194af49-5301-51bb-a173-0e6f524ac810,33aba56d-152d-4cef-9a2c-2380f2a562b8,score,source_provided,True,True,2.00,2.00,matched
t160-quality-20261007T012224Z-1f7eeede-03-IMP-TEXT-r3,IMP-TEXT,3,automatic,1194af49-5301-51bb-a173-0e6f524ac810,33aba56d-152d-4cef-9a2c-2380f2a562b8,scoring_rubric,known_missing,True,True,,,matched
t160-quality-20261007T012224Z-1f7eeede-03-IMP-TEXT-r3,IMP-TEXT,3,automatic,1194af49-5301-51bb-a173-0e6f524ac810,33aba56d-152d-4cef-9a2c-2380f2a562b8,knowledge_points,known_missing,True,True,[],[],matched
t160-quality-20261007T012224Z-1f7eeede-03-IMP-TEXT-r3,IMP-TEXT,3,automatic,1194af49-5301-51bb-a173-0e6f524ac810,33aba56d-152d-4cef-9a2c-2380f2a562b8,source_regions,unknown,False,,,,reference_unknown
t160-quality-20261007T012224Z-1f7eeede-03-IMP-TEXT-r3,IMP-TEXT,3,automatic,1194af49-5301-51bb-a173-0e6f524ac810,33aba56d-152d-4cef-9a2c-2380f2a562b8,assets,source_provided,True,False,[],,matched
t160-quality-20261007T012224Z-1f7eeede-03-IMP-TEXT-r3,IMP-TEXT,3,automatic,8e0aecaf-072d-5ed7-9b43-5d33ad202cc1,ee5bec8a-078a-4782-90ab-526387a6f43e,question_number,source_provided,True,True,2,2,matched
t160-quality-20261007T012224Z-1f7eeede-03-IMP-TEXT-r3,IMP-TEXT,3,automatic,8e0aecaf-072d-5ed7-9b43-5d33ad202cc1,ee5bec8a-078a-4782-90ab-526387a6f43e,order_index,source_provided,True,True,2,2,matched
t160-quality-20261007T012224Z-1f7eeede-03-IMP-TEXT-r3,IMP-TEXT,3,automatic,8e0aecaf-072d-5ed7-9b43-5d33ad202cc1,ee5bec8a-078a-4782-90ab-526387a6f43e,source_page_numbers,source_provided,True,True,[1],[1],matched
t160-quality-20261007T012224Z-1f7eeede-03-IMP-TEXT-r3,IMP-TEXT,3,automatic,8e0aecaf-072d-5ed7-9b43-5d33ad202cc1,ee5bec8a-078a-4782-90ab-526387a6f43e,question_type,source_provided,True,True,TRUE_FALSE,TRUE_FALSE,matched
t160-quality-20261007T012224Z-1f7eeede-03-IMP-TEXT-r3,IMP-TEXT,3,automatic,8e0aecaf-072d-5ed7-9b43-5d33ad202cc1,ee5bec8a-078a-4782-90ab-526387a6f43e,content,source_provided,True,True,右图三角形面积为 24 cm²。,右图三角形面积为 24 cm²。,matched
t160-quality-20261007T012224Z-1f7eeede-03-IMP-TEXT-r3,IMP-TEXT,3,automatic,8e0aecaf-072d-5ed7-9b43-5d33ad202cc1,ee5bec8a-078a-4782-90ab-526387a6f43e,options,source_provided,True,True,"[""正确"", ""错误""]","[""正确"", ""错误""]",matched
t160-quality-20261007T012224Z-1f7eeede-03-IMP-TEXT-r3,IMP-TEXT,3,automatic,8e0aecaf-072d-5ed7-9b43-5d33ad202cc1,ee5bec8a-078a-4782-90ab-526387a6f43e,reference_answer,known_missing,True,True,,,matched
t160-quality-20261007T012224Z-1f7eeede-03-IMP-TEXT-r3,IMP-TEXT,3,automatic,8e0aecaf-072d-5ed7-9b43-5d33ad202cc1,ee5bec8a-078a-4782-90ab-526387a6f43e,analysis,known_missing,True,True,,,matched
t160-quality-20261007T012224Z-1f7eeede-03-IMP-TEXT-r3,IMP-TEXT,3,automatic,8e0aecaf-072d-5ed7-9b43-5d33ad202cc1,ee5bec8a-078a-4782-90ab-526387a6f43e,score,source_provided,True,True,2.00,2.00,matched
t160-quality-20261007T012224Z-1f7eeede-03-IMP-TEXT-r3,IMP-TEXT,3,automatic,8e0aecaf-072d-5ed7-9b43-5d33ad202cc1,ee5bec8a-078a-4782-90ab-526387a6f43e,scoring_rubric,known_missing,True,True,,,matched
t160-quality-20261007T012224Z-1f7eeede-03-IMP-TEXT-r3,IMP-TEXT,3,automatic,8e0aecaf-072d-5ed7-9b43-5d33ad202cc1,ee5bec8a-078a-4782-90ab-526387a6f43e,knowledge_points,known_missing,True,True,[],[],matched
t160-quality-20261007T012224Z-1f7eeede-03-IMP-TEXT-r3,IMP-TEXT,3,automatic,8e0aecaf-072d-5ed7-9b43-5d33ad202cc1,ee5bec8a-078a-4782-90ab-526387a6f43e,source_regions,unknown,False,,,,reference_unknown
t160-quality-20261007T012224Z-1f7eeede-03-IMP-TEXT-r3,IMP-TEXT,3,automatic,8e0aecaf-072d-5ed7-9b43-5d33ad202cc1,ee5bec8a-078a-4782-90ab-526387a6f43e,assets,source_provided,True,False,"[{""asset_type"": ""figure"", ""source_page_number"": 1, ""order_index"": 1}]",,matched
t160-quality-20261007T012224Z-1f7eeede-03-IMP-TEXT-r3,IMP-TEXT,3,automatic,fdef73bd-f984-58d1-8a53-3eea668a9f83,174b150d-af28-4b3f-ab0d-c29d862a45e2,question_number,source_provided,True,True,3,3,matched
t160-quality-20261007T012224Z-1f7eeede-03-IMP-TEXT-r3,IMP-TEXT,3,automatic,fdef73bd-f984-58d1-8a53-3eea668a9f83,174b150d-af28-4b3f-ab0d-c29d862a45e2,order_index,source_provided,True,True,3,3,matched
t160-quality-20261007T012224Z-1f7eeede-03-IMP-TEXT-r3,IMP-TEXT,3,automatic,fdef73bd-f984-58d1-8a53-3eea668a9f83,174b150d-af28-4b3f-ab0d-c29d862a45e2,source_page_numbers,source_provided,True,True,[1],[1],matched
t160-quality-20261007T012224Z-1f7eeede-03-IMP-TEXT-r3,IMP-TEXT,3,automatic,fdef73bd-f984-58d1-8a53-3eea668a9f83,174b150d-af28-4b3f-ab0d-c29d862a45e2,question_type,source_provided,True,True,SHORT_ANSWER,SHORT_ANSWER,matched
t160-quality-20261007T012224Z-1f7eeede-03-IMP-TEXT-r3,IMP-TEXT,3,automatic,fdef73bd-f984-58d1-8a53-3eea668a9f83,174b150d-af28-4b3f-ab0d-c29d862a45e2,content,source_provided,True,True,根据下表写出 y 关于 x 的关系式。,根据下表写出 y 关于 x 的关系式。,matched
t160-quality-20261007T012224Z-1f7eeede-03-IMP-TEXT-r3,IMP-TEXT,3,automatic,fdef73bd-f984-58d1-8a53-3eea668a9f83,174b150d-af28-4b3f-ab0d-c29d862a45e2,options,not_applicable,True,True,,,matched
t160-quality-20261007T012224Z-1f7eeede-03-IMP-TEXT-r3,IMP-TEXT,3,automatic,fdef73bd-f984-58d1-8a53-3eea668a9f83,174b150d-af28-4b3f-ab0d-c29d862a45e2,reference_answer,known_missing,True,True,,,matched
t160-quality-20261007T012224Z-1f7eeede-03-IMP-TEXT-r3,IMP-TEXT,3,automatic,fdef73bd-f984-58d1-8a53-3eea668a9f83,174b150d-af28-4b3f-ab0d-c29d862a45e2,analysis,known_missing,True,True,,,matched
t160-quality-20261007T012224Z-1f7eeede-03-IMP-TEXT-r3,IMP-TEXT,3,automatic,fdef73bd-f984-58d1-8a53-3eea668a9f83,174b150d-af28-4b3f-ab0d-c29d862a45e2,score,source_provided,True,True,3.00,3.00,matched
t160-quality-20261007T012224Z-1f7eeede-03-IMP-TEXT-r3,IMP-TEXT,3,automatic,fdef73bd-f984-58d1-8a53-3eea668a9f83,174b150d-af28-4b3f-ab0d-c29d862a45e2,scoring_rubric,source_provided,True,True,正确关系式 1.00；说明代入过程 2.00。,正确关系式 1.00；说明代入过程 2.00。,matched
t160-quality-20261007T012224Z-1f7eeede-03-IMP-TEXT-r3,IMP-TEXT,3,automatic,fdef73bd-f984-58d1-8a53-3eea668a9f83,174b150d-af28-4b3f-ab0d-c29d862a45e2,knowledge_points,source_provided,True,True,"[""一次函数"", ""表达与计算""]","[""一次函数"", ""表达与计算""]",matched
t160-quality-20261007T012224Z-1f7eeede-03-IMP-TEXT-r3,IMP-TEXT,3,automatic,fdef73bd-f984-58d1-8a53-3eea668a9f83,174b150d-af28-4b3f-ab0d-c29d862a45e2,source_regions,unknown,False,,,,reference_unknown
t160-quality-20261007T012224Z-1f7eeede-03-IMP-TEXT-r3,IMP-TEXT,3,automatic,fdef73bd-f984-58d1-8a53-3eea668a9f83,174b150d-af28-4b3f-ab0d-c29d862a45e2,assets,source_provided,True,False,"[{""asset_type"": ""table"", ""source_page_number"": 1, ""order_index"": 1}]",,matched
t160-quality-20261007T012224Z-1f7eeede-03-IMP-TEXT-r3,IMP-TEXT,3,assisted_corrected,1194af49-5301-51bb-a173-0e6f524ac810,33aba56d-152d-4cef-9a2c-2380f2a562b8,question_number,source_provided,True,True,1,1,matched
t160-quality-20261007T012224Z-1f7eeede-03-IMP-TEXT-r3,IMP-TEXT,3,assisted_corrected,1194af49-5301-51bb-a173-0e6f524ac810,33aba56d-152d-4cef-9a2c-2380f2a562b8,order_index,source_provided,True,True,1,1,matched
t160-quality-20261007T012224Z-1f7eeede-03-IMP-TEXT-r3,IMP-TEXT,3,assisted_corrected,1194af49-5301-51bb-a173-0e6f524ac810,33aba56d-152d-4cef-9a2c-2380f2a562b8,source_page_numbers,source_provided,True,True,[1],[1],matched
t160-quality-20261007T012224Z-1f7eeede-03-IMP-TEXT-r3,IMP-TEXT,3,assisted_corrected,1194af49-5301-51bb-a173-0e6f524ac810,33aba56d-152d-4cef-9a2c-2380f2a562b8,question_type,source_provided,True,True,SINGLE_CHOICE,SINGLE_CHOICE,matched
t160-quality-20261007T012224Z-1f7eeede-03-IMP-TEXT-r3,IMP-TEXT,3,assisted_corrected,1194af49-5301-51bb-a173-0e6f524ac810,33aba56d-152d-4cef-9a2c-2380f2a562b8,content,source_provided,True,True,y = 2x + 1，x = 3 时 y 为多少？,y = 2x + 1，x = 3 时 y 为多少？,matched
t160-quality-20261007T012224Z-1f7eeede-03-IMP-TEXT-r3,IMP-TEXT,3,assisted_corrected,1194af49-5301-51bb-a173-0e6f524ac810,33aba56d-152d-4cef-9a2c-2380f2a562b8,options,source_provided,True,True,"{""C"": ""7"", ""A"": ""5"", ""B"": ""6"", ""D"": ""8""}","{""C"": ""7"", ""A"": ""5"", ""B"": ""6"", ""D"": ""8""}",matched
t160-quality-20261007T012224Z-1f7eeede-03-IMP-TEXT-r3,IMP-TEXT,3,assisted_corrected,1194af49-5301-51bb-a173-0e6f524ac810,33aba56d-152d-4cef-9a2c-2380f2a562b8,reference_answer,source_provided,True,True,C,C,matched
t160-quality-20261007T012224Z-1f7eeede-03-IMP-TEXT-r3,IMP-TEXT,3,assisted_corrected,1194af49-5301-51bb-a173-0e6f524ac810,33aba56d-152d-4cef-9a2c-2380f2a562b8,analysis,source_provided,True,True,2 × 3 + 1 = 7。,2 × 3 + 1 = 7。,matched
t160-quality-20261007T012224Z-1f7eeede-03-IMP-TEXT-r3,IMP-TEXT,3,assisted_corrected,1194af49-5301-51bb-a173-0e6f524ac810,33aba56d-152d-4cef-9a2c-2380f2a562b8,score,source_provided,True,True,2.00,2.00,matched
t160-quality-20261007T012224Z-1f7eeede-03-IMP-TEXT-r3,IMP-TEXT,3,assisted_corrected,1194af49-5301-51bb-a173-0e6f524ac810,33aba56d-152d-4cef-9a2c-2380f2a562b8,scoring_rubric,known_missing,True,True,,,matched
t160-quality-20261007T012224Z-1f7eeede-03-IMP-TEXT-r3,IMP-TEXT,3,assisted_corrected,1194af49-5301-51bb-a173-0e6f524ac810,33aba56d-152d-4cef-9a2c-2380f2a562b8,knowledge_points,known_missing,True,True,[],[],matched
t160-quality-20261007T012224Z-1f7eeede-03-IMP-TEXT-r3,IMP-TEXT,3,assisted_corrected,1194af49-5301-51bb-a173-0e6f524ac810,33aba56d-152d-4cef-9a2c-2380f2a562b8,source_regions,unknown,False,,,,reference_unknown
t160-quality-20261007T012224Z-1f7eeede-03-IMP-TEXT-r3,IMP-TEXT,3,assisted_corrected,1194af49-5301-51bb-a173-0e6f524ac810,33aba56d-152d-4cef-9a2c-2380f2a562b8,assets,source_provided,True,True,[],[],matched
t160-quality-20261007T012224Z-1f7eeede-03-IMP-TEXT-r3,IMP-TEXT,3,assisted_corrected,8e0aecaf-072d-5ed7-9b43-5d33ad202cc1,ee5bec8a-078a-4782-90ab-526387a6f43e,question_number,source_provided,True,True,2,2,matched
t160-quality-20261007T012224Z-1f7eeede-03-IMP-TEXT-r3,IMP-TEXT,3,assisted_corrected,8e0aecaf-072d-5ed7-9b43-5d33ad202cc1,ee5bec8a-078a-4782-90ab-526387a6f43e,order_index,source_provided,True,True,2,2,matched
t160-quality-20261007T012224Z-1f7eeede-03-IMP-TEXT-r3,IMP-TEXT,3,assisted_corrected,8e0aecaf-072d-5ed7-9b43-5d33ad202cc1,ee5bec8a-078a-4782-90ab-526387a6f43e,source_page_numbers,source_provided,True,True,[1],[1],matched
t160-quality-20261007T012224Z-1f7eeede-03-IMP-TEXT-r3,IMP-TEXT,3,assisted_corrected,8e0aecaf-072d-5ed7-9b43-5d33ad202cc1,ee5bec8a-078a-4782-90ab-526387a6f43e,question_type,source_provided,True,True,TRUE_FALSE,TRUE_FALSE,matched
t160-quality-20261007T012224Z-1f7eeede-03-IMP-TEXT-r3,IMP-TEXT,3,assisted_corrected,8e0aecaf-072d-5ed7-9b43-5d33ad202cc1,ee5bec8a-078a-4782-90ab-526387a6f43e,content,source_provided,True,True,右图三角形面积为 24 cm²。,右图三角形面积为 24 cm²。,matched
t160-quality-20261007T012224Z-1f7eeede-03-IMP-TEXT-r3,IMP-TEXT,3,assisted_corrected,8e0aecaf-072d-5ed7-9b43-5d33ad202cc1,ee5bec8a-078a-4782-90ab-526387a6f43e,options,source_provided,True,True,"[""正确"", ""错误""]","[""正确"", ""错误""]",matched
t160-quality-20261007T012224Z-1f7eeede-03-IMP-TEXT-r3,IMP-TEXT,3,assisted_corrected,8e0aecaf-072d-5ed7-9b43-5d33ad202cc1,ee5bec8a-078a-4782-90ab-526387a6f43e,reference_answer,known_missing,True,True,,,matched
t160-quality-20261007T012224Z-1f7eeede-03-IMP-TEXT-r3,IMP-TEXT,3,assisted_corrected,8e0aecaf-072d-5ed7-9b43-5d33ad202cc1,ee5bec8a-078a-4782-90ab-526387a6f43e,analysis,known_missing,True,True,,,matched
t160-quality-20261007T012224Z-1f7eeede-03-IMP-TEXT-r3,IMP-TEXT,3,assisted_corrected,8e0aecaf-072d-5ed7-9b43-5d33ad202cc1,ee5bec8a-078a-4782-90ab-526387a6f43e,score,source_provided,True,True,2.00,2.00,matched
t160-quality-20261007T012224Z-1f7eeede-03-IMP-TEXT-r3,IMP-TEXT,3,assisted_corrected,8e0aecaf-072d-5ed7-9b43-5d33ad202cc1,ee5bec8a-078a-4782-90ab-526387a6f43e,scoring_rubric,known_missing,True,True,,,matched
t160-quality-20261007T012224Z-1f7eeede-03-IMP-TEXT-r3,IMP-TEXT,3,assisted_corrected,8e0aecaf-072d-5ed7-9b43-5d33ad202cc1,ee5bec8a-078a-4782-90ab-526387a6f43e,knowledge_points,known_missing,True,True,[],[],matched
t160-quality-20261007T012224Z-1f7eeede-03-IMP-TEXT-r3,IMP-TEXT,3,assisted_corrected,8e0aecaf-072d-5ed7-9b43-5d33ad202cc1,ee5bec8a-078a-4782-90ab-526387a6f43e,source_regions,unknown,False,,,,reference_unknown
t160-quality-20261007T012224Z-1f7eeede-03-IMP-TEXT-r3,IMP-TEXT,3,assisted_corrected,8e0aecaf-072d-5ed7-9b43-5d33ad202cc1,ee5bec8a-078a-4782-90ab-526387a6f43e,assets,source_provided,True,False,"[{""asset_type"": ""figure"", ""source_page_number"": 1, ""order_index"": 1}]",,matched
t160-quality-20261007T012224Z-1f7eeede-03-IMP-TEXT-r3,IMP-TEXT,3,assisted_corrected,fdef73bd-f984-58d1-8a53-3eea668a9f83,174b150d-af28-4b3f-ab0d-c29d862a45e2,question_number,source_provided,True,True,3,3,matched
t160-quality-20261007T012224Z-1f7eeede-03-IMP-TEXT-r3,IMP-TEXT,3,assisted_corrected,fdef73bd-f984-58d1-8a53-3eea668a9f83,174b150d-af28-4b3f-ab0d-c29d862a45e2,order_index,source_provided,True,True,3,3,matched
t160-quality-20261007T012224Z-1f7eeede-03-IMP-TEXT-r3,IMP-TEXT,3,assisted_corrected,fdef73bd-f984-58d1-8a53-3eea668a9f83,174b150d-af28-4b3f-ab0d-c29d862a45e2,source_page_numbers,source_provided,True,True,[1],[1],matched
t160-quality-20261007T012224Z-1f7eeede-03-IMP-TEXT-r3,IMP-TEXT,3,assisted_corrected,fdef73bd-f984-58d1-8a53-3eea668a9f83,174b150d-af28-4b3f-ab0d-c29d862a45e2,question_type,source_provided,True,True,SHORT_ANSWER,SHORT_ANSWER,matched
t160-quality-20261007T012224Z-1f7eeede-03-IMP-TEXT-r3,IMP-TEXT,3,assisted_corrected,fdef73bd-f984-58d1-8a53-3eea668a9f83,174b150d-af28-4b3f-ab0d-c29d862a45e2,content,source_provided,True,True,根据下表写出 y 关于 x 的关系式。,根据下表写出 y 关于 x 的关系式。,matched
t160-quality-20261007T012224Z-1f7eeede-03-IMP-TEXT-r3,IMP-TEXT,3,assisted_corrected,fdef73bd-f984-58d1-8a53-3eea668a9f83,174b150d-af28-4b3f-ab0d-c29d862a45e2,options,not_applicable,True,True,,,matched
t160-quality-20261007T012224Z-1f7eeede-03-IMP-TEXT-r3,IMP-TEXT,3,assisted_corrected,fdef73bd-f984-58d1-8a53-3eea668a9f83,174b150d-af28-4b3f-ab0d-c29d862a45e2,reference_answer,known_missing,True,True,,,matched
t160-quality-20261007T012224Z-1f7eeede-03-IMP-TEXT-r3,IMP-TEXT,3,assisted_corrected,fdef73bd-f984-58d1-8a53-3eea668a9f83,174b150d-af28-4b3f-ab0d-c29d862a45e2,analysis,known_missing,True,True,,,matched
t160-quality-20261007T012224Z-1f7eeede-03-IMP-TEXT-r3,IMP-TEXT,3,assisted_corrected,fdef73bd-f984-58d1-8a53-3eea668a9f83,174b150d-af28-4b3f-ab0d-c29d862a45e2,score,source_provided,True,True,3.00,3.00,matched
t160-quality-20261007T012224Z-1f7eeede-03-IMP-TEXT-r3,IMP-TEXT,3,assisted_corrected,fdef73bd-f984-58d1-8a53-3eea668a9f83,174b150d-af28-4b3f-ab0d-c29d862a45e2,scoring_rubric,source_provided,True,True,正确关系式 1.00；说明代入过程 2.00。,正确关系式 1.00；说明代入过程 2.00。,matched
t160-quality-20261007T012224Z-1f7eeede-03-IMP-TEXT-r3,IMP-TEXT,3,assisted_corrected,fdef73bd-f984-58d1-8a53-3eea668a9f83,174b150d-af28-4b3f-ab0d-c29d862a45e2,knowledge_points,source_provided,True,True,"[""一次函数"", ""表达与计算""]","[""一次函数"", ""表达与计算""]",matched
t160-quality-20261007T012224Z-1f7eeede-03-IMP-TEXT-r3,IMP-TEXT,3,assisted_corrected,fdef73bd-f984-58d1-8a53-3eea668a9f83,174b150d-af28-4b3f-ab0d-c29d862a45e2,source_regions,unknown,False,,,,reference_unknown
t160-quality-20261007T012224Z-1f7eeede-03-IMP-TEXT-r3,IMP-TEXT,3,assisted_corrected,fdef73bd-f984-58d1-8a53-3eea668a9f83,174b150d-af28-4b3f-ab0d-c29d862a45e2,assets,source_provided,True,False,"[{""asset_type"": ""table"", ""source_page_number"": 1, ""order_index"": 1}]",,matched
t160-quality-20261007T012224Z-1f7eeede-04-IMP-SCAN-r1,IMP-SCAN,1,automatic,74d666eb-fc46-5106-8ea2-ea5c967c6457,a60fd160-4508-4b27-aa77-aa43fb3f0532,question_number,source_provided,True,True,1,1,matched
t160-quality-20261007T012224Z-1f7eeede-04-IMP-SCAN-r1,IMP-SCAN,1,automatic,74d666eb-fc46-5106-8ea2-ea5c967c6457,a60fd160-4508-4b27-aa77-aa43fb3f0532,order_index,source_provided,True,True,1,1,matched
t160-quality-20261007T012224Z-1f7eeede-04-IMP-SCAN-r1,IMP-SCAN,1,automatic,74d666eb-fc46-5106-8ea2-ea5c967c6457,a60fd160-4508-4b27-aa77-aa43fb3f0532,source_page_numbers,source_provided,True,True,[1],[1],matched
t160-quality-20261007T012224Z-1f7eeede-04-IMP-SCAN-r1,IMP-SCAN,1,automatic,74d666eb-fc46-5106-8ea2-ea5c967c6457,a60fd160-4508-4b27-aa77-aa43fb3f0532,question_type,source_provided,True,True,SINGLE_CHOICE,SINGLE_CHOICE,matched
t160-quality-20261007T012224Z-1f7eeede-04-IMP-SCAN-r1,IMP-SCAN,1,automatic,74d666eb-fc46-5106-8ea2-ea5c967c6457,a60fd160-4508-4b27-aa77-aa43fb3f0532,content,source_provided,True,True,y = 2x + 1，x = 3 时 y 为多少？,y = 2x + 1，x = 3 时 y 为多少？,matched
t160-quality-20261007T012224Z-1f7eeede-04-IMP-SCAN-r1,IMP-SCAN,1,automatic,74d666eb-fc46-5106-8ea2-ea5c967c6457,a60fd160-4508-4b27-aa77-aa43fb3f0532,options,source_provided,True,True,"{""C"": ""7"", ""A"": ""5"", ""B"": ""6"", ""D"": ""8""}","{""C"": ""7"", ""A"": ""5"", ""B"": ""6"", ""D"": ""8""}",matched
t160-quality-20261007T012224Z-1f7eeede-04-IMP-SCAN-r1,IMP-SCAN,1,automatic,74d666eb-fc46-5106-8ea2-ea5c967c6457,a60fd160-4508-4b27-aa77-aa43fb3f0532,reference_answer,source_provided,True,True,C,C,matched
t160-quality-20261007T012224Z-1f7eeede-04-IMP-SCAN-r1,IMP-SCAN,1,automatic,74d666eb-fc46-5106-8ea2-ea5c967c6457,a60fd160-4508-4b27-aa77-aa43fb3f0532,analysis,source_provided,True,False,2 × 3 + 1 = 7。,2 × 3 +1=7。,matched
t160-quality-20261007T012224Z-1f7eeede-04-IMP-SCAN-r1,IMP-SCAN,1,automatic,74d666eb-fc46-5106-8ea2-ea5c967c6457,a60fd160-4508-4b27-aa77-aa43fb3f0532,score,source_provided,True,True,2.00,2.00,matched
t160-quality-20261007T012224Z-1f7eeede-04-IMP-SCAN-r1,IMP-SCAN,1,automatic,74d666eb-fc46-5106-8ea2-ea5c967c6457,a60fd160-4508-4b27-aa77-aa43fb3f0532,scoring_rubric,known_missing,True,True,,,matched
t160-quality-20261007T012224Z-1f7eeede-04-IMP-SCAN-r1,IMP-SCAN,1,automatic,74d666eb-fc46-5106-8ea2-ea5c967c6457,a60fd160-4508-4b27-aa77-aa43fb3f0532,knowledge_points,known_missing,True,True,[],[],matched
t160-quality-20261007T012224Z-1f7eeede-04-IMP-SCAN-r1,IMP-SCAN,1,automatic,74d666eb-fc46-5106-8ea2-ea5c967c6457,a60fd160-4508-4b27-aa77-aa43fb3f0532,source_regions,unknown,False,,,,reference_unknown
t160-quality-20261007T012224Z-1f7eeede-04-IMP-SCAN-r1,IMP-SCAN,1,automatic,74d666eb-fc46-5106-8ea2-ea5c967c6457,a60fd160-4508-4b27-aa77-aa43fb3f0532,assets,source_provided,True,False,[],,matched
t160-quality-20261007T012224Z-1f7eeede-04-IMP-SCAN-r1,IMP-SCAN,1,automatic,5f47ee64-edec-5327-9172-bb8454c7640d,d9a9b87d-9ff9-46a1-bffa-806cddc9efb0,question_number,source_provided,True,True,2,2,matched
t160-quality-20261007T012224Z-1f7eeede-04-IMP-SCAN-r1,IMP-SCAN,1,automatic,5f47ee64-edec-5327-9172-bb8454c7640d,d9a9b87d-9ff9-46a1-bffa-806cddc9efb0,order_index,source_provided,True,True,2,2,matched
t160-quality-20261007T012224Z-1f7eeede-04-IMP-SCAN-r1,IMP-SCAN,1,automatic,5f47ee64-edec-5327-9172-bb8454c7640d,d9a9b87d-9ff9-46a1-bffa-806cddc9efb0,source_page_numbers,source_provided,True,True,[1],[1],matched
t160-quality-20261007T012224Z-1f7eeede-04-IMP-SCAN-r1,IMP-SCAN,1,automatic,5f47ee64-edec-5327-9172-bb8454c7640d,d9a9b87d-9ff9-46a1-bffa-806cddc9efb0,question_type,source_provided,True,True,TRUE_FALSE,TRUE_FALSE,matched
t160-quality-20261007T012224Z-1f7eeede-04-IMP-SCAN-r1,IMP-SCAN,1,automatic,5f47ee64-edec-5327-9172-bb8454c7640d,d9a9b87d-9ff9-46a1-bffa-806cddc9efb0,content,source_provided,True,False,右图三角形面积为 24 cm²。,右图三角形面积为 24cm²。,matched
t160-quality-20261007T012224Z-1f7eeede-04-IMP-SCAN-r1,IMP-SCAN,1,automatic,5f47ee64-edec-5327-9172-bb8454c7640d,d9a9b87d-9ff9-46a1-bffa-806cddc9efb0,options,source_provided,True,True,"[""正确"", ""错误""]","[""正确"", ""错误""]",matched
t160-quality-20261007T012224Z-1f7eeede-04-IMP-SCAN-r1,IMP-SCAN,1,automatic,5f47ee64-edec-5327-9172-bb8454c7640d,d9a9b87d-9ff9-46a1-bffa-806cddc9efb0,reference_answer,known_missing,True,True,,,matched
t160-quality-20261007T012224Z-1f7eeede-04-IMP-SCAN-r1,IMP-SCAN,1,automatic,5f47ee64-edec-5327-9172-bb8454c7640d,d9a9b87d-9ff9-46a1-bffa-806cddc9efb0,analysis,known_missing,True,True,,,matched
t160-quality-20261007T012224Z-1f7eeede-04-IMP-SCAN-r1,IMP-SCAN,1,automatic,5f47ee64-edec-5327-9172-bb8454c7640d,d9a9b87d-9ff9-46a1-bffa-806cddc9efb0,score,source_provided,True,True,2.00,2.00,matched
t160-quality-20261007T012224Z-1f7eeede-04-IMP-SCAN-r1,IMP-SCAN,1,automatic,5f47ee64-edec-5327-9172-bb8454c7640d,d9a9b87d-9ff9-46a1-bffa-806cddc9efb0,scoring_rubric,known_missing,True,True,,,matched
t160-quality-20261007T012224Z-1f7eeede-04-IMP-SCAN-r1,IMP-SCAN,1,automatic,5f47ee64-edec-5327-9172-bb8454c7640d,d9a9b87d-9ff9-46a1-bffa-806cddc9efb0,knowledge_points,known_missing,True,True,[],[],matched
t160-quality-20261007T012224Z-1f7eeede-04-IMP-SCAN-r1,IMP-SCAN,1,automatic,5f47ee64-edec-5327-9172-bb8454c7640d,d9a9b87d-9ff9-46a1-bffa-806cddc9efb0,source_regions,unknown,False,,,,reference_unknown
t160-quality-20261007T012224Z-1f7eeede-04-IMP-SCAN-r1,IMP-SCAN,1,automatic,5f47ee64-edec-5327-9172-bb8454c7640d,d9a9b87d-9ff9-46a1-bffa-806cddc9efb0,assets,source_provided,True,False,"[{""asset_type"": ""figure"", ""source_page_number"": 1, ""order_index"": 1}]",,matched
t160-quality-20261007T012224Z-1f7eeede-04-IMP-SCAN-r1,IMP-SCAN,1,automatic,d6acd365-a6d5-5eb8-9b54-66f26a915094,590e6a93-594b-4874-be97-ec5f6d4656a3,question_number,source_provided,True,True,3,3,matched
t160-quality-20261007T012224Z-1f7eeede-04-IMP-SCAN-r1,IMP-SCAN,1,automatic,d6acd365-a6d5-5eb8-9b54-66f26a915094,590e6a93-594b-4874-be97-ec5f6d4656a3,order_index,source_provided,True,True,3,3,matched
t160-quality-20261007T012224Z-1f7eeede-04-IMP-SCAN-r1,IMP-SCAN,1,automatic,d6acd365-a6d5-5eb8-9b54-66f26a915094,590e6a93-594b-4874-be97-ec5f6d4656a3,source_page_numbers,source_provided,True,True,[1],[1],matched
t160-quality-20261007T012224Z-1f7eeede-04-IMP-SCAN-r1,IMP-SCAN,1,automatic,d6acd365-a6d5-5eb8-9b54-66f26a915094,590e6a93-594b-4874-be97-ec5f6d4656a3,question_type,source_provided,True,True,SHORT_ANSWER,SHORT_ANSWER,matched
t160-quality-20261007T012224Z-1f7eeede-04-IMP-SCAN-r1,IMP-SCAN,1,automatic,d6acd365-a6d5-5eb8-9b54-66f26a915094,590e6a93-594b-4874-be97-ec5f6d4656a3,content,source_provided,True,True,根据下表写出 y 关于 x 的关系式。,根据下表写出 y 关于 x 的关系式。,matched
t160-quality-20261007T012224Z-1f7eeede-04-IMP-SCAN-r1,IMP-SCAN,1,automatic,d6acd365-a6d5-5eb8-9b54-66f26a915094,590e6a93-594b-4874-be97-ec5f6d4656a3,options,not_applicable,True,True,,,matched
t160-quality-20261007T012224Z-1f7eeede-04-IMP-SCAN-r1,IMP-SCAN,1,automatic,d6acd365-a6d5-5eb8-9b54-66f26a915094,590e6a93-594b-4874-be97-ec5f6d4656a3,reference_answer,known_missing,True,True,,,matched
t160-quality-20261007T012224Z-1f7eeede-04-IMP-SCAN-r1,IMP-SCAN,1,automatic,d6acd365-a6d5-5eb8-9b54-66f26a915094,590e6a93-594b-4874-be97-ec5f6d4656a3,analysis,known_missing,True,True,,,matched
t160-quality-20261007T012224Z-1f7eeede-04-IMP-SCAN-r1,IMP-SCAN,1,automatic,d6acd365-a6d5-5eb8-9b54-66f26a915094,590e6a93-594b-4874-be97-ec5f6d4656a3,score,source_provided,True,True,3.00,3.00,matched
t160-quality-20261007T012224Z-1f7eeede-04-IMP-SCAN-r1,IMP-SCAN,1,automatic,d6acd365-a6d5-5eb8-9b54-66f26a915094,590e6a93-594b-4874-be97-ec5f6d4656a3,scoring_rubric,source_provided,True,False,正确关系式 1.00；说明代入过程 2.00。,正确关系式1.00；说明代入过程2.00。,matched
t160-quality-20261007T012224Z-1f7eeede-04-IMP-SCAN-r1,IMP-SCAN,1,automatic,d6acd365-a6d5-5eb8-9b54-66f26a915094,590e6a93-594b-4874-be97-ec5f6d4656a3,knowledge_points,source_provided,True,True,"[""一次函数"", ""表达与计算""]","[""一次函数"", ""表达与计算""]",matched
t160-quality-20261007T012224Z-1f7eeede-04-IMP-SCAN-r1,IMP-SCAN,1,automatic,d6acd365-a6d5-5eb8-9b54-66f26a915094,590e6a93-594b-4874-be97-ec5f6d4656a3,source_regions,unknown,False,,,,reference_unknown
t160-quality-20261007T012224Z-1f7eeede-04-IMP-SCAN-r1,IMP-SCAN,1,automatic,d6acd365-a6d5-5eb8-9b54-66f26a915094,590e6a93-594b-4874-be97-ec5f6d4656a3,assets,source_provided,True,False,"[{""asset_type"": ""table"", ""source_page_number"": 1, ""order_index"": 1}]",,matched
t160-quality-20261007T012224Z-1f7eeede-04-IMP-SCAN-r1,IMP-SCAN,1,assisted_corrected,74d666eb-fc46-5106-8ea2-ea5c967c6457,a60fd160-4508-4b27-aa77-aa43fb3f0532,question_number,source_provided,True,True,1,1,matched
t160-quality-20261007T012224Z-1f7eeede-04-IMP-SCAN-r1,IMP-SCAN,1,assisted_corrected,74d666eb-fc46-5106-8ea2-ea5c967c6457,a60fd160-4508-4b27-aa77-aa43fb3f0532,order_index,source_provided,True,True,1,1,matched
t160-quality-20261007T012224Z-1f7eeede-04-IMP-SCAN-r1,IMP-SCAN,1,assisted_corrected,74d666eb-fc46-5106-8ea2-ea5c967c6457,a60fd160-4508-4b27-aa77-aa43fb3f0532,source_page_numbers,source_provided,True,True,[1],[1],matched
t160-quality-20261007T012224Z-1f7eeede-04-IMP-SCAN-r1,IMP-SCAN,1,assisted_corrected,74d666eb-fc46-5106-8ea2-ea5c967c6457,a60fd160-4508-4b27-aa77-aa43fb3f0532,question_type,source_provided,True,True,SINGLE_CHOICE,SINGLE_CHOICE,matched
t160-quality-20261007T012224Z-1f7eeede-04-IMP-SCAN-r1,IMP-SCAN,1,assisted_corrected,74d666eb-fc46-5106-8ea2-ea5c967c6457,a60fd160-4508-4b27-aa77-aa43fb3f0532,content,source_provided,True,True,y = 2x + 1，x = 3 时 y 为多少？,y = 2x + 1，x = 3 时 y 为多少？,matched
t160-quality-20261007T012224Z-1f7eeede-04-IMP-SCAN-r1,IMP-SCAN,1,assisted_corrected,74d666eb-fc46-5106-8ea2-ea5c967c6457,a60fd160-4508-4b27-aa77-aa43fb3f0532,options,source_provided,True,True,"{""C"": ""7"", ""A"": ""5"", ""B"": ""6"", ""D"": ""8""}","{""C"": ""7"", ""A"": ""5"", ""B"": ""6"", ""D"": ""8""}",matched
t160-quality-20261007T012224Z-1f7eeede-04-IMP-SCAN-r1,IMP-SCAN,1,assisted_corrected,74d666eb-fc46-5106-8ea2-ea5c967c6457,a60fd160-4508-4b27-aa77-aa43fb3f0532,reference_answer,source_provided,True,True,C,C,matched
t160-quality-20261007T012224Z-1f7eeede-04-IMP-SCAN-r1,IMP-SCAN,1,assisted_corrected,74d666eb-fc46-5106-8ea2-ea5c967c6457,a60fd160-4508-4b27-aa77-aa43fb3f0532,analysis,source_provided,True,True,2 × 3 + 1 = 7。,2 × 3 + 1 = 7。,matched
t160-quality-20261007T012224Z-1f7eeede-04-IMP-SCAN-r1,IMP-SCAN,1,assisted_corrected,74d666eb-fc46-5106-8ea2-ea5c967c6457,a60fd160-4508-4b27-aa77-aa43fb3f0532,score,source_provided,True,True,2.00,2.00,matched
t160-quality-20261007T012224Z-1f7eeede-04-IMP-SCAN-r1,IMP-SCAN,1,assisted_corrected,74d666eb-fc46-5106-8ea2-ea5c967c6457,a60fd160-4508-4b27-aa77-aa43fb3f0532,scoring_rubric,known_missing,True,True,,,matched
t160-quality-20261007T012224Z-1f7eeede-04-IMP-SCAN-r1,IMP-SCAN,1,assisted_corrected,74d666eb-fc46-5106-8ea2-ea5c967c6457,a60fd160-4508-4b27-aa77-aa43fb3f0532,knowledge_points,known_missing,True,True,[],[],matched
t160-quality-20261007T012224Z-1f7eeede-04-IMP-SCAN-r1,IMP-SCAN,1,assisted_corrected,74d666eb-fc46-5106-8ea2-ea5c967c6457,a60fd160-4508-4b27-aa77-aa43fb3f0532,source_regions,unknown,False,,,,reference_unknown
t160-quality-20261007T012224Z-1f7eeede-04-IMP-SCAN-r1,IMP-SCAN,1,assisted_corrected,74d666eb-fc46-5106-8ea2-ea5c967c6457,a60fd160-4508-4b27-aa77-aa43fb3f0532,assets,source_provided,True,True,[],[],matched
t160-quality-20261007T012224Z-1f7eeede-04-IMP-SCAN-r1,IMP-SCAN,1,assisted_corrected,5f47ee64-edec-5327-9172-bb8454c7640d,d9a9b87d-9ff9-46a1-bffa-806cddc9efb0,question_number,source_provided,True,True,2,2,matched
t160-quality-20261007T012224Z-1f7eeede-04-IMP-SCAN-r1,IMP-SCAN,1,assisted_corrected,5f47ee64-edec-5327-9172-bb8454c7640d,d9a9b87d-9ff9-46a1-bffa-806cddc9efb0,order_index,source_provided,True,True,2,2,matched
t160-quality-20261007T012224Z-1f7eeede-04-IMP-SCAN-r1,IMP-SCAN,1,assisted_corrected,5f47ee64-edec-5327-9172-bb8454c7640d,d9a9b87d-9ff9-46a1-bffa-806cddc9efb0,source_page_numbers,source_provided,True,True,[1],[1],matched
t160-quality-20261007T012224Z-1f7eeede-04-IMP-SCAN-r1,IMP-SCAN,1,assisted_corrected,5f47ee64-edec-5327-9172-bb8454c7640d,d9a9b87d-9ff9-46a1-bffa-806cddc9efb0,question_type,source_provided,True,True,TRUE_FALSE,TRUE_FALSE,matched
t160-quality-20261007T012224Z-1f7eeede-04-IMP-SCAN-r1,IMP-SCAN,1,assisted_corrected,5f47ee64-edec-5327-9172-bb8454c7640d,d9a9b87d-9ff9-46a1-bffa-806cddc9efb0,content,source_provided,True,True,右图三角形面积为 24 cm²。,右图三角形面积为 24 cm²。,matched
t160-quality-20261007T012224Z-1f7eeede-04-IMP-SCAN-r1,IMP-SCAN,1,assisted_corrected,5f47ee64-edec-5327-9172-bb8454c7640d,d9a9b87d-9ff9-46a1-bffa-806cddc9efb0,options,source_provided,True,True,"[""正确"", ""错误""]","[""正确"", ""错误""]",matched
t160-quality-20261007T012224Z-1f7eeede-04-IMP-SCAN-r1,IMP-SCAN,1,assisted_corrected,5f47ee64-edec-5327-9172-bb8454c7640d,d9a9b87d-9ff9-46a1-bffa-806cddc9efb0,reference_answer,known_missing,True,True,,,matched
t160-quality-20261007T012224Z-1f7eeede-04-IMP-SCAN-r1,IMP-SCAN,1,assisted_corrected,5f47ee64-edec-5327-9172-bb8454c7640d,d9a9b87d-9ff9-46a1-bffa-806cddc9efb0,analysis,known_missing,True,True,,,matched
t160-quality-20261007T012224Z-1f7eeede-04-IMP-SCAN-r1,IMP-SCAN,1,assisted_corrected,5f47ee64-edec-5327-9172-bb8454c7640d,d9a9b87d-9ff9-46a1-bffa-806cddc9efb0,score,source_provided,True,True,2.00,2.00,matched
t160-quality-20261007T012224Z-1f7eeede-04-IMP-SCAN-r1,IMP-SCAN,1,assisted_corrected,5f47ee64-edec-5327-9172-bb8454c7640d,d9a9b87d-9ff9-46a1-bffa-806cddc9efb0,scoring_rubric,known_missing,True,True,,,matched
t160-quality-20261007T012224Z-1f7eeede-04-IMP-SCAN-r1,IMP-SCAN,1,assisted_corrected,5f47ee64-edec-5327-9172-bb8454c7640d,d9a9b87d-9ff9-46a1-bffa-806cddc9efb0,knowledge_points,known_missing,True,True,[],[],matched
t160-quality-20261007T012224Z-1f7eeede-04-IMP-SCAN-r1,IMP-SCAN,1,assisted_corrected,5f47ee64-edec-5327-9172-bb8454c7640d,d9a9b87d-9ff9-46a1-bffa-806cddc9efb0,source_regions,unknown,False,,,,reference_unknown
t160-quality-20261007T012224Z-1f7eeede-04-IMP-SCAN-r1,IMP-SCAN,1,assisted_corrected,5f47ee64-edec-5327-9172-bb8454c7640d,d9a9b87d-9ff9-46a1-bffa-806cddc9efb0,assets,source_provided,True,False,"[{""asset_type"": ""figure"", ""source_page_number"": 1, ""order_index"": 1}]",,matched
t160-quality-20261007T012224Z-1f7eeede-04-IMP-SCAN-r1,IMP-SCAN,1,assisted_corrected,d6acd365-a6d5-5eb8-9b54-66f26a915094,590e6a93-594b-4874-be97-ec5f6d4656a3,question_number,source_provided,True,True,3,3,matched
t160-quality-20261007T012224Z-1f7eeede-04-IMP-SCAN-r1,IMP-SCAN,1,assisted_corrected,d6acd365-a6d5-5eb8-9b54-66f26a915094,590e6a93-594b-4874-be97-ec5f6d4656a3,order_index,source_provided,True,True,3,3,matched
t160-quality-20261007T012224Z-1f7eeede-04-IMP-SCAN-r1,IMP-SCAN,1,assisted_corrected,d6acd365-a6d5-5eb8-9b54-66f26a915094,590e6a93-594b-4874-be97-ec5f6d4656a3,source_page_numbers,source_provided,True,True,[1],[1],matched
t160-quality-20261007T012224Z-1f7eeede-04-IMP-SCAN-r1,IMP-SCAN,1,assisted_corrected,d6acd365-a6d5-5eb8-9b54-66f26a915094,590e6a93-594b-4874-be97-ec5f6d4656a3,question_type,source_provided,True,True,SHORT_ANSWER,SHORT_ANSWER,matched
t160-quality-20261007T012224Z-1f7eeede-04-IMP-SCAN-r1,IMP-SCAN,1,assisted_corrected,d6acd365-a6d5-5eb8-9b54-66f26a915094,590e6a93-594b-4874-be97-ec5f6d4656a3,content,source_provided,True,True,根据下表写出 y 关于 x 的关系式。,根据下表写出 y 关于 x 的关系式。,matched
t160-quality-20261007T012224Z-1f7eeede-04-IMP-SCAN-r1,IMP-SCAN,1,assisted_corrected,d6acd365-a6d5-5eb8-9b54-66f26a915094,590e6a93-594b-4874-be97-ec5f6d4656a3,options,not_applicable,True,True,,,matched
t160-quality-20261007T012224Z-1f7eeede-04-IMP-SCAN-r1,IMP-SCAN,1,assisted_corrected,d6acd365-a6d5-5eb8-9b54-66f26a915094,590e6a93-594b-4874-be97-ec5f6d4656a3,reference_answer,known_missing,True,True,,,matched
t160-quality-20261007T012224Z-1f7eeede-04-IMP-SCAN-r1,IMP-SCAN,1,assisted_corrected,d6acd365-a6d5-5eb8-9b54-66f26a915094,590e6a93-594b-4874-be97-ec5f6d4656a3,analysis,known_missing,True,True,,,matched
t160-quality-20261007T012224Z-1f7eeede-04-IMP-SCAN-r1,IMP-SCAN,1,assisted_corrected,d6acd365-a6d5-5eb8-9b54-66f26a915094,590e6a93-594b-4874-be97-ec5f6d4656a3,score,source_provided,True,True,3.00,3.00,matched
t160-quality-20261007T012224Z-1f7eeede-04-IMP-SCAN-r1,IMP-SCAN,1,assisted_corrected,d6acd365-a6d5-5eb8-9b54-66f26a915094,590e6a93-594b-4874-be97-ec5f6d4656a3,scoring_rubric,source_provided,True,True,正确关系式 1.00；说明代入过程 2.00。,正确关系式 1.00；说明代入过程 2.00。,matched
t160-quality-20261007T012224Z-1f7eeede-04-IMP-SCAN-r1,IMP-SCAN,1,assisted_corrected,d6acd365-a6d5-5eb8-9b54-66f26a915094,590e6a93-594b-4874-be97-ec5f6d4656a3,knowledge_points,source_provided,True,True,"[""一次函数"", ""表达与计算""]","[""一次函数"", ""表达与计算""]",matched
t160-quality-20261007T012224Z-1f7eeede-04-IMP-SCAN-r1,IMP-SCAN,1,assisted_corrected,d6acd365-a6d5-5eb8-9b54-66f26a915094,590e6a93-594b-4874-be97-ec5f6d4656a3,source_regions,unknown,False,,,,reference_unknown
t160-quality-20261007T012224Z-1f7eeede-04-IMP-SCAN-r1,IMP-SCAN,1,assisted_corrected,d6acd365-a6d5-5eb8-9b54-66f26a915094,590e6a93-594b-4874-be97-ec5f6d4656a3,assets,source_provided,True,False,"[{""asset_type"": ""table"", ""source_page_number"": 1, ""order_index"": 1}]",,matched
t160-quality-20261007T012224Z-1f7eeede-05-IMP-SCAN-r2,IMP-SCAN,2,automatic,74d666eb-fc46-5106-8ea2-ea5c967c6457,5767751c-e3bf-4aef-bd08-3011d253c96d,question_number,source_provided,True,True,1,1,matched
t160-quality-20261007T012224Z-1f7eeede-05-IMP-SCAN-r2,IMP-SCAN,2,automatic,74d666eb-fc46-5106-8ea2-ea5c967c6457,5767751c-e3bf-4aef-bd08-3011d253c96d,order_index,source_provided,True,True,1,1,matched
t160-quality-20261007T012224Z-1f7eeede-05-IMP-SCAN-r2,IMP-SCAN,2,automatic,74d666eb-fc46-5106-8ea2-ea5c967c6457,5767751c-e3bf-4aef-bd08-3011d253c96d,source_page_numbers,source_provided,True,True,[1],[1],matched
t160-quality-20261007T012224Z-1f7eeede-05-IMP-SCAN-r2,IMP-SCAN,2,automatic,74d666eb-fc46-5106-8ea2-ea5c967c6457,5767751c-e3bf-4aef-bd08-3011d253c96d,question_type,source_provided,True,True,SINGLE_CHOICE,SINGLE_CHOICE,matched
t160-quality-20261007T012224Z-1f7eeede-05-IMP-SCAN-r2,IMP-SCAN,2,automatic,74d666eb-fc46-5106-8ea2-ea5c967c6457,5767751c-e3bf-4aef-bd08-3011d253c96d,content,source_provided,True,True,y = 2x + 1，x = 3 时 y 为多少？,y = 2x + 1，x = 3 时 y 为多少？,matched
t160-quality-20261007T012224Z-1f7eeede-05-IMP-SCAN-r2,IMP-SCAN,2,automatic,74d666eb-fc46-5106-8ea2-ea5c967c6457,5767751c-e3bf-4aef-bd08-3011d253c96d,options,source_provided,True,True,"{""C"": ""7"", ""A"": ""5"", ""B"": ""6"", ""D"": ""8""}","{""C"": ""7"", ""A"": ""5"", ""B"": ""6"", ""D"": ""8""}",matched
t160-quality-20261007T012224Z-1f7eeede-05-IMP-SCAN-r2,IMP-SCAN,2,automatic,74d666eb-fc46-5106-8ea2-ea5c967c6457,5767751c-e3bf-4aef-bd08-3011d253c96d,reference_answer,source_provided,True,True,C,C,matched
t160-quality-20261007T012224Z-1f7eeede-05-IMP-SCAN-r2,IMP-SCAN,2,automatic,74d666eb-fc46-5106-8ea2-ea5c967c6457,5767751c-e3bf-4aef-bd08-3011d253c96d,analysis,source_provided,True,True,2 × 3 + 1 = 7。,2 × 3 + 1 = 7。,matched
t160-quality-20261007T012224Z-1f7eeede-05-IMP-SCAN-r2,IMP-SCAN,2,automatic,74d666eb-fc46-5106-8ea2-ea5c967c6457,5767751c-e3bf-4aef-bd08-3011d253c96d,score,source_provided,True,True,2.00,2.00,matched
t160-quality-20261007T012224Z-1f7eeede-05-IMP-SCAN-r2,IMP-SCAN,2,automatic,74d666eb-fc46-5106-8ea2-ea5c967c6457,5767751c-e3bf-4aef-bd08-3011d253c96d,scoring_rubric,known_missing,True,True,,,matched
t160-quality-20261007T012224Z-1f7eeede-05-IMP-SCAN-r2,IMP-SCAN,2,automatic,74d666eb-fc46-5106-8ea2-ea5c967c6457,5767751c-e3bf-4aef-bd08-3011d253c96d,knowledge_points,known_missing,True,True,[],[],matched
t160-quality-20261007T012224Z-1f7eeede-05-IMP-SCAN-r2,IMP-SCAN,2,automatic,74d666eb-fc46-5106-8ea2-ea5c967c6457,5767751c-e3bf-4aef-bd08-3011d253c96d,source_regions,unknown,False,,,,reference_unknown
t160-quality-20261007T012224Z-1f7eeede-05-IMP-SCAN-r2,IMP-SCAN,2,automatic,74d666eb-fc46-5106-8ea2-ea5c967c6457,5767751c-e3bf-4aef-bd08-3011d253c96d,assets,source_provided,True,False,[],,matched
t160-quality-20261007T012224Z-1f7eeede-05-IMP-SCAN-r2,IMP-SCAN,2,automatic,5f47ee64-edec-5327-9172-bb8454c7640d,a028c8e1-2e53-416e-a91c-f2d64df5e05d,question_number,source_provided,True,True,2,2,matched
t160-quality-20261007T012224Z-1f7eeede-05-IMP-SCAN-r2,IMP-SCAN,2,automatic,5f47ee64-edec-5327-9172-bb8454c7640d,a028c8e1-2e53-416e-a91c-f2d64df5e05d,order_index,source_provided,True,True,2,2,matched
t160-quality-20261007T012224Z-1f7eeede-05-IMP-SCAN-r2,IMP-SCAN,2,automatic,5f47ee64-edec-5327-9172-bb8454c7640d,a028c8e1-2e53-416e-a91c-f2d64df5e05d,source_page_numbers,source_provided,True,True,[1],[1],matched
t160-quality-20261007T012224Z-1f7eeede-05-IMP-SCAN-r2,IMP-SCAN,2,automatic,5f47ee64-edec-5327-9172-bb8454c7640d,a028c8e1-2e53-416e-a91c-f2d64df5e05d,question_type,source_provided,True,True,TRUE_FALSE,TRUE_FALSE,matched
t160-quality-20261007T012224Z-1f7eeede-05-IMP-SCAN-r2,IMP-SCAN,2,automatic,5f47ee64-edec-5327-9172-bb8454c7640d,a028c8e1-2e53-416e-a91c-f2d64df5e05d,content,source_provided,True,True,右图三角形面积为 24 cm²。,右图三角形面积为 24 cm²。,matched
t160-quality-20261007T012224Z-1f7eeede-05-IMP-SCAN-r2,IMP-SCAN,2,automatic,5f47ee64-edec-5327-9172-bb8454c7640d,a028c8e1-2e53-416e-a91c-f2d64df5e05d,options,source_provided,True,True,"[""正确"", ""错误""]","[""正确"", ""错误""]",matched
t160-quality-20261007T012224Z-1f7eeede-05-IMP-SCAN-r2,IMP-SCAN,2,automatic,5f47ee64-edec-5327-9172-bb8454c7640d,a028c8e1-2e53-416e-a91c-f2d64df5e05d,reference_answer,known_missing,True,True,,,matched
t160-quality-20261007T012224Z-1f7eeede-05-IMP-SCAN-r2,IMP-SCAN,2,automatic,5f47ee64-edec-5327-9172-bb8454c7640d,a028c8e1-2e53-416e-a91c-f2d64df5e05d,analysis,known_missing,True,True,,,matched
t160-quality-20261007T012224Z-1f7eeede-05-IMP-SCAN-r2,IMP-SCAN,2,automatic,5f47ee64-edec-5327-9172-bb8454c7640d,a028c8e1-2e53-416e-a91c-f2d64df5e05d,score,source_provided,True,True,2.00,2.00,matched
t160-quality-20261007T012224Z-1f7eeede-05-IMP-SCAN-r2,IMP-SCAN,2,automatic,5f47ee64-edec-5327-9172-bb8454c7640d,a028c8e1-2e53-416e-a91c-f2d64df5e05d,scoring_rubric,known_missing,True,True,,,matched
t160-quality-20261007T012224Z-1f7eeede-05-IMP-SCAN-r2,IMP-SCAN,2,automatic,5f47ee64-edec-5327-9172-bb8454c7640d,a028c8e1-2e53-416e-a91c-f2d64df5e05d,knowledge_points,known_missing,True,True,[],[],matched
t160-quality-20261007T012224Z-1f7eeede-05-IMP-SCAN-r2,IMP-SCAN,2,automatic,5f47ee64-edec-5327-9172-bb8454c7640d,a028c8e1-2e53-416e-a91c-f2d64df5e05d,source_regions,unknown,False,,,,reference_unknown
t160-quality-20261007T012224Z-1f7eeede-05-IMP-SCAN-r2,IMP-SCAN,2,automatic,5f47ee64-edec-5327-9172-bb8454c7640d,a028c8e1-2e53-416e-a91c-f2d64df5e05d,assets,source_provided,True,False,"[{""asset_type"": ""figure"", ""source_page_number"": 1, ""order_index"": 1}]",,matched
t160-quality-20261007T012224Z-1f7eeede-05-IMP-SCAN-r2,IMP-SCAN,2,automatic,d6acd365-a6d5-5eb8-9b54-66f26a915094,bc3ecf62-2998-4a37-8c11-9f8da081604b,question_number,source_provided,True,True,3,3,matched
t160-quality-20261007T012224Z-1f7eeede-05-IMP-SCAN-r2,IMP-SCAN,2,automatic,d6acd365-a6d5-5eb8-9b54-66f26a915094,bc3ecf62-2998-4a37-8c11-9f8da081604b,order_index,source_provided,True,True,3,3,matched
t160-quality-20261007T012224Z-1f7eeede-05-IMP-SCAN-r2,IMP-SCAN,2,automatic,d6acd365-a6d5-5eb8-9b54-66f26a915094,bc3ecf62-2998-4a37-8c11-9f8da081604b,source_page_numbers,source_provided,True,True,[1],[1],matched
t160-quality-20261007T012224Z-1f7eeede-05-IMP-SCAN-r2,IMP-SCAN,2,automatic,d6acd365-a6d5-5eb8-9b54-66f26a915094,bc3ecf62-2998-4a37-8c11-9f8da081604b,question_type,source_provided,True,True,SHORT_ANSWER,SHORT_ANSWER,matched
t160-quality-20261007T012224Z-1f7eeede-05-IMP-SCAN-r2,IMP-SCAN,2,automatic,d6acd365-a6d5-5eb8-9b54-66f26a915094,bc3ecf62-2998-4a37-8c11-9f8da081604b,content,source_provided,True,True,根据下表写出 y 关于 x 的关系式。,根据下表写出 y 关于 x 的关系式。,matched
t160-quality-20261007T012224Z-1f7eeede-05-IMP-SCAN-r2,IMP-SCAN,2,automatic,d6acd365-a6d5-5eb8-9b54-66f26a915094,bc3ecf62-2998-4a37-8c11-9f8da081604b,options,not_applicable,True,True,,,matched
t160-quality-20261007T012224Z-1f7eeede-05-IMP-SCAN-r2,IMP-SCAN,2,automatic,d6acd365-a6d5-5eb8-9b54-66f26a915094,bc3ecf62-2998-4a37-8c11-9f8da081604b,reference_answer,known_missing,True,True,,,matched
t160-quality-20261007T012224Z-1f7eeede-05-IMP-SCAN-r2,IMP-SCAN,2,automatic,d6acd365-a6d5-5eb8-9b54-66f26a915094,bc3ecf62-2998-4a37-8c11-9f8da081604b,analysis,known_missing,True,True,,,matched
t160-quality-20261007T012224Z-1f7eeede-05-IMP-SCAN-r2,IMP-SCAN,2,automatic,d6acd365-a6d5-5eb8-9b54-66f26a915094,bc3ecf62-2998-4a37-8c11-9f8da081604b,score,source_provided,True,True,3.00,3.00,matched
t160-quality-20261007T012224Z-1f7eeede-05-IMP-SCAN-r2,IMP-SCAN,2,automatic,d6acd365-a6d5-5eb8-9b54-66f26a915094,bc3ecf62-2998-4a37-8c11-9f8da081604b,scoring_rubric,source_provided,True,False,正确关系式 1.00；说明代入过程 2.00。,正确关系式1.00；说明代入过程2.00。,matched
t160-quality-20261007T012224Z-1f7eeede-05-IMP-SCAN-r2,IMP-SCAN,2,automatic,d6acd365-a6d5-5eb8-9b54-66f26a915094,bc3ecf62-2998-4a37-8c11-9f8da081604b,knowledge_points,source_provided,True,True,"[""一次函数"", ""表达与计算""]","[""一次函数"", ""表达与计算""]",matched
t160-quality-20261007T012224Z-1f7eeede-05-IMP-SCAN-r2,IMP-SCAN,2,automatic,d6acd365-a6d5-5eb8-9b54-66f26a915094,bc3ecf62-2998-4a37-8c11-9f8da081604b,source_regions,unknown,False,,,,reference_unknown
t160-quality-20261007T012224Z-1f7eeede-05-IMP-SCAN-r2,IMP-SCAN,2,automatic,d6acd365-a6d5-5eb8-9b54-66f26a915094,bc3ecf62-2998-4a37-8c11-9f8da081604b,assets,source_provided,True,False,"[{""asset_type"": ""table"", ""source_page_number"": 1, ""order_index"": 1}]",,matched
t160-quality-20261007T012224Z-1f7eeede-05-IMP-SCAN-r2,IMP-SCAN,2,assisted_corrected,74d666eb-fc46-5106-8ea2-ea5c967c6457,5767751c-e3bf-4aef-bd08-3011d253c96d,question_number,source_provided,True,True,1,1,matched
t160-quality-20261007T012224Z-1f7eeede-05-IMP-SCAN-r2,IMP-SCAN,2,assisted_corrected,74d666eb-fc46-5106-8ea2-ea5c967c6457,5767751c-e3bf-4aef-bd08-3011d253c96d,order_index,source_provided,True,True,1,1,matched
t160-quality-20261007T012224Z-1f7eeede-05-IMP-SCAN-r2,IMP-SCAN,2,assisted_corrected,74d666eb-fc46-5106-8ea2-ea5c967c6457,5767751c-e3bf-4aef-bd08-3011d253c96d,source_page_numbers,source_provided,True,True,[1],[1],matched
t160-quality-20261007T012224Z-1f7eeede-05-IMP-SCAN-r2,IMP-SCAN,2,assisted_corrected,74d666eb-fc46-5106-8ea2-ea5c967c6457,5767751c-e3bf-4aef-bd08-3011d253c96d,question_type,source_provided,True,True,SINGLE_CHOICE,SINGLE_CHOICE,matched
t160-quality-20261007T012224Z-1f7eeede-05-IMP-SCAN-r2,IMP-SCAN,2,assisted_corrected,74d666eb-fc46-5106-8ea2-ea5c967c6457,5767751c-e3bf-4aef-bd08-3011d253c96d,content,source_provided,True,True,y = 2x + 1，x = 3 时 y 为多少？,y = 2x + 1，x = 3 时 y 为多少？,matched
t160-quality-20261007T012224Z-1f7eeede-05-IMP-SCAN-r2,IMP-SCAN,2,assisted_corrected,74d666eb-fc46-5106-8ea2-ea5c967c6457,5767751c-e3bf-4aef-bd08-3011d253c96d,options,source_provided,True,True,"{""C"": ""7"", ""A"": ""5"", ""B"": ""6"", ""D"": ""8""}","{""C"": ""7"", ""A"": ""5"", ""B"": ""6"", ""D"": ""8""}",matched
t160-quality-20261007T012224Z-1f7eeede-05-IMP-SCAN-r2,IMP-SCAN,2,assisted_corrected,74d666eb-fc46-5106-8ea2-ea5c967c6457,5767751c-e3bf-4aef-bd08-3011d253c96d,reference_answer,source_provided,True,True,C,C,matched
t160-quality-20261007T012224Z-1f7eeede-05-IMP-SCAN-r2,IMP-SCAN,2,assisted_corrected,74d666eb-fc46-5106-8ea2-ea5c967c6457,5767751c-e3bf-4aef-bd08-3011d253c96d,analysis,source_provided,True,True,2 × 3 + 1 = 7。,2 × 3 + 1 = 7。,matched
t160-quality-20261007T012224Z-1f7eeede-05-IMP-SCAN-r2,IMP-SCAN,2,assisted_corrected,74d666eb-fc46-5106-8ea2-ea5c967c6457,5767751c-e3bf-4aef-bd08-3011d253c96d,score,source_provided,True,True,2.00,2.00,matched
t160-quality-20261007T012224Z-1f7eeede-05-IMP-SCAN-r2,IMP-SCAN,2,assisted_corrected,74d666eb-fc46-5106-8ea2-ea5c967c6457,5767751c-e3bf-4aef-bd08-3011d253c96d,scoring_rubric,known_missing,True,True,,,matched
t160-quality-20261007T012224Z-1f7eeede-05-IMP-SCAN-r2,IMP-SCAN,2,assisted_corrected,74d666eb-fc46-5106-8ea2-ea5c967c6457,5767751c-e3bf-4aef-bd08-3011d253c96d,knowledge_points,known_missing,True,True,[],[],matched
t160-quality-20261007T012224Z-1f7eeede-05-IMP-SCAN-r2,IMP-SCAN,2,assisted_corrected,74d666eb-fc46-5106-8ea2-ea5c967c6457,5767751c-e3bf-4aef-bd08-3011d253c96d,source_regions,unknown,False,,,,reference_unknown
t160-quality-20261007T012224Z-1f7eeede-05-IMP-SCAN-r2,IMP-SCAN,2,assisted_corrected,74d666eb-fc46-5106-8ea2-ea5c967c6457,5767751c-e3bf-4aef-bd08-3011d253c96d,assets,source_provided,True,True,[],[],matched
t160-quality-20261007T012224Z-1f7eeede-05-IMP-SCAN-r2,IMP-SCAN,2,assisted_corrected,5f47ee64-edec-5327-9172-bb8454c7640d,a028c8e1-2e53-416e-a91c-f2d64df5e05d,question_number,source_provided,True,True,2,2,matched
t160-quality-20261007T012224Z-1f7eeede-05-IMP-SCAN-r2,IMP-SCAN,2,assisted_corrected,5f47ee64-edec-5327-9172-bb8454c7640d,a028c8e1-2e53-416e-a91c-f2d64df5e05d,order_index,source_provided,True,True,2,2,matched
t160-quality-20261007T012224Z-1f7eeede-05-IMP-SCAN-r2,IMP-SCAN,2,assisted_corrected,5f47ee64-edec-5327-9172-bb8454c7640d,a028c8e1-2e53-416e-a91c-f2d64df5e05d,source_page_numbers,source_provided,True,True,[1],[1],matched
t160-quality-20261007T012224Z-1f7eeede-05-IMP-SCAN-r2,IMP-SCAN,2,assisted_corrected,5f47ee64-edec-5327-9172-bb8454c7640d,a028c8e1-2e53-416e-a91c-f2d64df5e05d,question_type,source_provided,True,True,TRUE_FALSE,TRUE_FALSE,matched
t160-quality-20261007T012224Z-1f7eeede-05-IMP-SCAN-r2,IMP-SCAN,2,assisted_corrected,5f47ee64-edec-5327-9172-bb8454c7640d,a028c8e1-2e53-416e-a91c-f2d64df5e05d,content,source_provided,True,True,右图三角形面积为 24 cm²。,右图三角形面积为 24 cm²。,matched
t160-quality-20261007T012224Z-1f7eeede-05-IMP-SCAN-r2,IMP-SCAN,2,assisted_corrected,5f47ee64-edec-5327-9172-bb8454c7640d,a028c8e1-2e53-416e-a91c-f2d64df5e05d,options,source_provided,True,True,"[""正确"", ""错误""]","[""正确"", ""错误""]",matched
t160-quality-20261007T012224Z-1f7eeede-05-IMP-SCAN-r2,IMP-SCAN,2,assisted_corrected,5f47ee64-edec-5327-9172-bb8454c7640d,a028c8e1-2e53-416e-a91c-f2d64df5e05d,reference_answer,known_missing,True,True,,,matched
t160-quality-20261007T012224Z-1f7eeede-05-IMP-SCAN-r2,IMP-SCAN,2,assisted_corrected,5f47ee64-edec-5327-9172-bb8454c7640d,a028c8e1-2e53-416e-a91c-f2d64df5e05d,analysis,known_missing,True,True,,,matched
t160-quality-20261007T012224Z-1f7eeede-05-IMP-SCAN-r2,IMP-SCAN,2,assisted_corrected,5f47ee64-edec-5327-9172-bb8454c7640d,a028c8e1-2e53-416e-a91c-f2d64df5e05d,score,source_provided,True,True,2.00,2.00,matched
t160-quality-20261007T012224Z-1f7eeede-05-IMP-SCAN-r2,IMP-SCAN,2,assisted_corrected,5f47ee64-edec-5327-9172-bb8454c7640d,a028c8e1-2e53-416e-a91c-f2d64df5e05d,scoring_rubric,known_missing,True,True,,,matched
t160-quality-20261007T012224Z-1f7eeede-05-IMP-SCAN-r2,IMP-SCAN,2,assisted_corrected,5f47ee64-edec-5327-9172-bb8454c7640d,a028c8e1-2e53-416e-a91c-f2d64df5e05d,knowledge_points,known_missing,True,True,[],[],matched
t160-quality-20261007T012224Z-1f7eeede-05-IMP-SCAN-r2,IMP-SCAN,2,assisted_corrected,5f47ee64-edec-5327-9172-bb8454c7640d,a028c8e1-2e53-416e-a91c-f2d64df5e05d,source_regions,unknown,False,,,,reference_unknown
t160-quality-20261007T012224Z-1f7eeede-05-IMP-SCAN-r2,IMP-SCAN,2,assisted_corrected,5f47ee64-edec-5327-9172-bb8454c7640d,a028c8e1-2e53-416e-a91c-f2d64df5e05d,assets,source_provided,True,False,"[{""asset_type"": ""figure"", ""source_page_number"": 1, ""order_index"": 1}]",,matched
t160-quality-20261007T012224Z-1f7eeede-05-IMP-SCAN-r2,IMP-SCAN,2,assisted_corrected,d6acd365-a6d5-5eb8-9b54-66f26a915094,bc3ecf62-2998-4a37-8c11-9f8da081604b,question_number,source_provided,True,True,3,3,matched
t160-quality-20261007T012224Z-1f7eeede-05-IMP-SCAN-r2,IMP-SCAN,2,assisted_corrected,d6acd365-a6d5-5eb8-9b54-66f26a915094,bc3ecf62-2998-4a37-8c11-9f8da081604b,order_index,source_provided,True,True,3,3,matched
t160-quality-20261007T012224Z-1f7eeede-05-IMP-SCAN-r2,IMP-SCAN,2,assisted_corrected,d6acd365-a6d5-5eb8-9b54-66f26a915094,bc3ecf62-2998-4a37-8c11-9f8da081604b,source_page_numbers,source_provided,True,True,[1],[1],matched
t160-quality-20261007T012224Z-1f7eeede-05-IMP-SCAN-r2,IMP-SCAN,2,assisted_corrected,d6acd365-a6d5-5eb8-9b54-66f26a915094,bc3ecf62-2998-4a37-8c11-9f8da081604b,question_type,source_provided,True,True,SHORT_ANSWER,SHORT_ANSWER,matched
t160-quality-20261007T012224Z-1f7eeede-05-IMP-SCAN-r2,IMP-SCAN,2,assisted_corrected,d6acd365-a6d5-5eb8-9b54-66f26a915094,bc3ecf62-2998-4a37-8c11-9f8da081604b,content,source_provided,True,True,根据下表写出 y 关于 x 的关系式。,根据下表写出 y 关于 x 的关系式。,matched
t160-quality-20261007T012224Z-1f7eeede-05-IMP-SCAN-r2,IMP-SCAN,2,assisted_corrected,d6acd365-a6d5-5eb8-9b54-66f26a915094,bc3ecf62-2998-4a37-8c11-9f8da081604b,options,not_applicable,True,True,,,matched
t160-quality-20261007T012224Z-1f7eeede-05-IMP-SCAN-r2,IMP-SCAN,2,assisted_corrected,d6acd365-a6d5-5eb8-9b54-66f26a915094,bc3ecf62-2998-4a37-8c11-9f8da081604b,reference_answer,known_missing,True,True,,,matched
t160-quality-20261007T012224Z-1f7eeede-05-IMP-SCAN-r2,IMP-SCAN,2,assisted_corrected,d6acd365-a6d5-5eb8-9b54-66f26a915094,bc3ecf62-2998-4a37-8c11-9f8da081604b,analysis,known_missing,True,True,,,matched
t160-quality-20261007T012224Z-1f7eeede-05-IMP-SCAN-r2,IMP-SCAN,2,assisted_corrected,d6acd365-a6d5-5eb8-9b54-66f26a915094,bc3ecf62-2998-4a37-8c11-9f8da081604b,score,source_provided,True,True,3.00,3.00,matched
t160-quality-20261007T012224Z-1f7eeede-05-IMP-SCAN-r2,IMP-SCAN,2,assisted_corrected,d6acd365-a6d5-5eb8-9b54-66f26a915094,bc3ecf62-2998-4a37-8c11-9f8da081604b,scoring_rubric,source_provided,True,True,正确关系式 1.00；说明代入过程 2.00。,正确关系式 1.00；说明代入过程 2.00。,matched
t160-quality-20261007T012224Z-1f7eeede-05-IMP-SCAN-r2,IMP-SCAN,2,assisted_corrected,d6acd365-a6d5-5eb8-9b54-66f26a915094,bc3ecf62-2998-4a37-8c11-9f8da081604b,knowledge_points,source_provided,True,True,"[""一次函数"", ""表达与计算""]","[""一次函数"", ""表达与计算""]",matched
t160-quality-20261007T012224Z-1f7eeede-05-IMP-SCAN-r2,IMP-SCAN,2,assisted_corrected,d6acd365-a6d5-5eb8-9b54-66f26a915094,bc3ecf62-2998-4a37-8c11-9f8da081604b,source_regions,unknown,False,,,,reference_unknown
t160-quality-20261007T012224Z-1f7eeede-05-IMP-SCAN-r2,IMP-SCAN,2,assisted_corrected,d6acd365-a6d5-5eb8-9b54-66f26a915094,bc3ecf62-2998-4a37-8c11-9f8da081604b,assets,source_provided,True,False,"[{""asset_type"": ""table"", ""source_page_number"": 1, ""order_index"": 1}]",,matched
t160-quality-20261007T012224Z-1f7eeede-06-IMP-SCAN-r3,IMP-SCAN,3,automatic,74d666eb-fc46-5106-8ea2-ea5c967c6457,a7fd39fd-f83b-4f6e-89b2-9cd6608ec61f,question_number,source_provided,True,True,1,1,matched
t160-quality-20261007T012224Z-1f7eeede-06-IMP-SCAN-r3,IMP-SCAN,3,automatic,74d666eb-fc46-5106-8ea2-ea5c967c6457,a7fd39fd-f83b-4f6e-89b2-9cd6608ec61f,order_index,source_provided,True,True,1,1,matched
t160-quality-20261007T012224Z-1f7eeede-06-IMP-SCAN-r3,IMP-SCAN,3,automatic,74d666eb-fc46-5106-8ea2-ea5c967c6457,a7fd39fd-f83b-4f6e-89b2-9cd6608ec61f,source_page_numbers,source_provided,True,True,[1],[1],matched
t160-quality-20261007T012224Z-1f7eeede-06-IMP-SCAN-r3,IMP-SCAN,3,automatic,74d666eb-fc46-5106-8ea2-ea5c967c6457,a7fd39fd-f83b-4f6e-89b2-9cd6608ec61f,question_type,source_provided,True,True,SINGLE_CHOICE,SINGLE_CHOICE,matched
t160-quality-20261007T012224Z-1f7eeede-06-IMP-SCAN-r3,IMP-SCAN,3,automatic,74d666eb-fc46-5106-8ea2-ea5c967c6457,a7fd39fd-f83b-4f6e-89b2-9cd6608ec61f,content,source_provided,True,True,y = 2x + 1，x = 3 时 y 为多少？,y = 2x + 1，x = 3 时 y 为多少？,matched
t160-quality-20261007T012224Z-1f7eeede-06-IMP-SCAN-r3,IMP-SCAN,3,automatic,74d666eb-fc46-5106-8ea2-ea5c967c6457,a7fd39fd-f83b-4f6e-89b2-9cd6608ec61f,options,source_provided,True,True,"{""C"": ""7"", ""A"": ""5"", ""B"": ""6"", ""D"": ""8""}","{""C"": ""7"", ""A"": ""5"", ""B"": ""6"", ""D"": ""8""}",matched
t160-quality-20261007T012224Z-1f7eeede-06-IMP-SCAN-r3,IMP-SCAN,3,automatic,74d666eb-fc46-5106-8ea2-ea5c967c6457,a7fd39fd-f83b-4f6e-89b2-9cd6608ec61f,reference_answer,source_provided,True,True,C,C,matched
t160-quality-20261007T012224Z-1f7eeede-06-IMP-SCAN-r3,IMP-SCAN,3,automatic,74d666eb-fc46-5106-8ea2-ea5c967c6457,a7fd39fd-f83b-4f6e-89b2-9cd6608ec61f,analysis,source_provided,True,True,2 × 3 + 1 = 7。,2 × 3 + 1 = 7。,matched
t160-quality-20261007T012224Z-1f7eeede-06-IMP-SCAN-r3,IMP-SCAN,3,automatic,74d666eb-fc46-5106-8ea2-ea5c967c6457,a7fd39fd-f83b-4f6e-89b2-9cd6608ec61f,score,source_provided,True,True,2.00,2.00,matched
t160-quality-20261007T012224Z-1f7eeede-06-IMP-SCAN-r3,IMP-SCAN,3,automatic,74d666eb-fc46-5106-8ea2-ea5c967c6457,a7fd39fd-f83b-4f6e-89b2-9cd6608ec61f,scoring_rubric,known_missing,True,True,,,matched
t160-quality-20261007T012224Z-1f7eeede-06-IMP-SCAN-r3,IMP-SCAN,3,automatic,74d666eb-fc46-5106-8ea2-ea5c967c6457,a7fd39fd-f83b-4f6e-89b2-9cd6608ec61f,knowledge_points,known_missing,True,True,[],[],matched
t160-quality-20261007T012224Z-1f7eeede-06-IMP-SCAN-r3,IMP-SCAN,3,automatic,74d666eb-fc46-5106-8ea2-ea5c967c6457,a7fd39fd-f83b-4f6e-89b2-9cd6608ec61f,source_regions,unknown,False,,,,reference_unknown
t160-quality-20261007T012224Z-1f7eeede-06-IMP-SCAN-r3,IMP-SCAN,3,automatic,74d666eb-fc46-5106-8ea2-ea5c967c6457,a7fd39fd-f83b-4f6e-89b2-9cd6608ec61f,assets,source_provided,True,False,[],,matched
t160-quality-20261007T012224Z-1f7eeede-06-IMP-SCAN-r3,IMP-SCAN,3,automatic,5f47ee64-edec-5327-9172-bb8454c7640d,ec63ce7d-5b6e-41b6-81d1-af58e9f80def,question_number,source_provided,True,True,2,2,matched
t160-quality-20261007T012224Z-1f7eeede-06-IMP-SCAN-r3,IMP-SCAN,3,automatic,5f47ee64-edec-5327-9172-bb8454c7640d,ec63ce7d-5b6e-41b6-81d1-af58e9f80def,order_index,source_provided,True,True,2,2,matched
t160-quality-20261007T012224Z-1f7eeede-06-IMP-SCAN-r3,IMP-SCAN,3,automatic,5f47ee64-edec-5327-9172-bb8454c7640d,ec63ce7d-5b6e-41b6-81d1-af58e9f80def,source_page_numbers,source_provided,True,True,[1],[1],matched
t160-quality-20261007T012224Z-1f7eeede-06-IMP-SCAN-r3,IMP-SCAN,3,automatic,5f47ee64-edec-5327-9172-bb8454c7640d,ec63ce7d-5b6e-41b6-81d1-af58e9f80def,question_type,source_provided,True,True,TRUE_FALSE,TRUE_FALSE,matched
t160-quality-20261007T012224Z-1f7eeede-06-IMP-SCAN-r3,IMP-SCAN,3,automatic,5f47ee64-edec-5327-9172-bb8454c7640d,ec63ce7d-5b6e-41b6-81d1-af58e9f80def,content,source_provided,True,False,右图三角形面积为 24 cm²。,右图三角形面积为24cm²。,matched
t160-quality-20261007T012224Z-1f7eeede-06-IMP-SCAN-r3,IMP-SCAN,3,automatic,5f47ee64-edec-5327-9172-bb8454c7640d,ec63ce7d-5b6e-41b6-81d1-af58e9f80def,options,source_provided,True,True,"[""正确"", ""错误""]","[""正确"", ""错误""]",matched
t160-quality-20261007T012224Z-1f7eeede-06-IMP-SCAN-r3,IMP-SCAN,3,automatic,5f47ee64-edec-5327-9172-bb8454c7640d,ec63ce7d-5b6e-41b6-81d1-af58e9f80def,reference_answer,known_missing,True,True,,,matched
t160-quality-20261007T012224Z-1f7eeede-06-IMP-SCAN-r3,IMP-SCAN,3,automatic,5f47ee64-edec-5327-9172-bb8454c7640d,ec63ce7d-5b6e-41b6-81d1-af58e9f80def,analysis,known_missing,True,True,,,matched
t160-quality-20261007T012224Z-1f7eeede-06-IMP-SCAN-r3,IMP-SCAN,3,automatic,5f47ee64-edec-5327-9172-bb8454c7640d,ec63ce7d-5b6e-41b6-81d1-af58e9f80def,score,source_provided,True,True,2.00,2.00,matched
t160-quality-20261007T012224Z-1f7eeede-06-IMP-SCAN-r3,IMP-SCAN,3,automatic,5f47ee64-edec-5327-9172-bb8454c7640d,ec63ce7d-5b6e-41b6-81d1-af58e9f80def,scoring_rubric,known_missing,True,True,,,matched
t160-quality-20261007T012224Z-1f7eeede-06-IMP-SCAN-r3,IMP-SCAN,3,automatic,5f47ee64-edec-5327-9172-bb8454c7640d,ec63ce7d-5b6e-41b6-81d1-af58e9f80def,knowledge_points,known_missing,True,True,[],[],matched
t160-quality-20261007T012224Z-1f7eeede-06-IMP-SCAN-r3,IMP-SCAN,3,automatic,5f47ee64-edec-5327-9172-bb8454c7640d,ec63ce7d-5b6e-41b6-81d1-af58e9f80def,source_regions,unknown,False,,,,reference_unknown
t160-quality-20261007T012224Z-1f7eeede-06-IMP-SCAN-r3,IMP-SCAN,3,automatic,5f47ee64-edec-5327-9172-bb8454c7640d,ec63ce7d-5b6e-41b6-81d1-af58e9f80def,assets,source_provided,True,False,"[{""asset_type"": ""figure"", ""source_page_number"": 1, ""order_index"": 1}]",,matched
t160-quality-20261007T012224Z-1f7eeede-06-IMP-SCAN-r3,IMP-SCAN,3,automatic,d6acd365-a6d5-5eb8-9b54-66f26a915094,421fc712-b930-4015-becb-2648c8817352,question_number,source_provided,True,True,3,3,matched
t160-quality-20261007T012224Z-1f7eeede-06-IMP-SCAN-r3,IMP-SCAN,3,automatic,d6acd365-a6d5-5eb8-9b54-66f26a915094,421fc712-b930-4015-becb-2648c8817352,order_index,source_provided,True,True,3,3,matched
t160-quality-20261007T012224Z-1f7eeede-06-IMP-SCAN-r3,IMP-SCAN,3,automatic,d6acd365-a6d5-5eb8-9b54-66f26a915094,421fc712-b930-4015-becb-2648c8817352,source_page_numbers,source_provided,True,True,[1],[1],matched
t160-quality-20261007T012224Z-1f7eeede-06-IMP-SCAN-r3,IMP-SCAN,3,automatic,d6acd365-a6d5-5eb8-9b54-66f26a915094,421fc712-b930-4015-becb-2648c8817352,question_type,source_provided,True,True,SHORT_ANSWER,SHORT_ANSWER,matched
t160-quality-20261007T012224Z-1f7eeede-06-IMP-SCAN-r3,IMP-SCAN,3,automatic,d6acd365-a6d5-5eb8-9b54-66f26a915094,421fc712-b930-4015-becb-2648c8817352,content,source_provided,True,True,根据下表写出 y 关于 x 的关系式。,根据下表写出 y 关于 x 的关系式。,matched
t160-quality-20261007T012224Z-1f7eeede-06-IMP-SCAN-r3,IMP-SCAN,3,automatic,d6acd365-a6d5-5eb8-9b54-66f26a915094,421fc712-b930-4015-becb-2648c8817352,options,not_applicable,True,True,,,matched
t160-quality-20261007T012224Z-1f7eeede-06-IMP-SCAN-r3,IMP-SCAN,3,automatic,d6acd365-a6d5-5eb8-9b54-66f26a915094,421fc712-b930-4015-becb-2648c8817352,reference_answer,known_missing,True,True,,,matched
t160-quality-20261007T012224Z-1f7eeede-06-IMP-SCAN-r3,IMP-SCAN,3,automatic,d6acd365-a6d5-5eb8-9b54-66f26a915094,421fc712-b930-4015-becb-2648c8817352,analysis,known_missing,True,True,,,matched
t160-quality-20261007T012224Z-1f7eeede-06-IMP-SCAN-r3,IMP-SCAN,3,automatic,d6acd365-a6d5-5eb8-9b54-66f26a915094,421fc712-b930-4015-becb-2648c8817352,score,source_provided,True,True,3.00,3.00,matched
t160-quality-20261007T012224Z-1f7eeede-06-IMP-SCAN-r3,IMP-SCAN,3,automatic,d6acd365-a6d5-5eb8-9b54-66f26a915094,421fc712-b930-4015-becb-2648c8817352,scoring_rubric,source_provided,True,False,正确关系式 1.00；说明代入过程 2.00。,正确关系式1.00；说明代入过程2.00。,matched
t160-quality-20261007T012224Z-1f7eeede-06-IMP-SCAN-r3,IMP-SCAN,3,automatic,d6acd365-a6d5-5eb8-9b54-66f26a915094,421fc712-b930-4015-becb-2648c8817352,knowledge_points,source_provided,True,True,"[""一次函数"", ""表达与计算""]","[""一次函数"", ""表达与计算""]",matched
t160-quality-20261007T012224Z-1f7eeede-06-IMP-SCAN-r3,IMP-SCAN,3,automatic,d6acd365-a6d5-5eb8-9b54-66f26a915094,421fc712-b930-4015-becb-2648c8817352,source_regions,unknown,False,,,,reference_unknown
t160-quality-20261007T012224Z-1f7eeede-06-IMP-SCAN-r3,IMP-SCAN,3,automatic,d6acd365-a6d5-5eb8-9b54-66f26a915094,421fc712-b930-4015-becb-2648c8817352,assets,source_provided,True,False,"[{""asset_type"": ""table"", ""source_page_number"": 1, ""order_index"": 1}]",,matched
t160-quality-20261007T012224Z-1f7eeede-06-IMP-SCAN-r3,IMP-SCAN,3,assisted_corrected,74d666eb-fc46-5106-8ea2-ea5c967c6457,a7fd39fd-f83b-4f6e-89b2-9cd6608ec61f,question_number,source_provided,True,True,1,1,matched
t160-quality-20261007T012224Z-1f7eeede-06-IMP-SCAN-r3,IMP-SCAN,3,assisted_corrected,74d666eb-fc46-5106-8ea2-ea5c967c6457,a7fd39fd-f83b-4f6e-89b2-9cd6608ec61f,order_index,source_provided,True,True,1,1,matched
t160-quality-20261007T012224Z-1f7eeede-06-IMP-SCAN-r3,IMP-SCAN,3,assisted_corrected,74d666eb-fc46-5106-8ea2-ea5c967c6457,a7fd39fd-f83b-4f6e-89b2-9cd6608ec61f,source_page_numbers,source_provided,True,True,[1],[1],matched
t160-quality-20261007T012224Z-1f7eeede-06-IMP-SCAN-r3,IMP-SCAN,3,assisted_corrected,74d666eb-fc46-5106-8ea2-ea5c967c6457,a7fd39fd-f83b-4f6e-89b2-9cd6608ec61f,question_type,source_provided,True,True,SINGLE_CHOICE,SINGLE_CHOICE,matched
t160-quality-20261007T012224Z-1f7eeede-06-IMP-SCAN-r3,IMP-SCAN,3,assisted_corrected,74d666eb-fc46-5106-8ea2-ea5c967c6457,a7fd39fd-f83b-4f6e-89b2-9cd6608ec61f,content,source_provided,True,True,y = 2x + 1，x = 3 时 y 为多少？,y = 2x + 1，x = 3 时 y 为多少？,matched
t160-quality-20261007T012224Z-1f7eeede-06-IMP-SCAN-r3,IMP-SCAN,3,assisted_corrected,74d666eb-fc46-5106-8ea2-ea5c967c6457,a7fd39fd-f83b-4f6e-89b2-9cd6608ec61f,options,source_provided,True,True,"{""C"": ""7"", ""A"": ""5"", ""B"": ""6"", ""D"": ""8""}","{""C"": ""7"", ""A"": ""5"", ""B"": ""6"", ""D"": ""8""}",matched
t160-quality-20261007T012224Z-1f7eeede-06-IMP-SCAN-r3,IMP-SCAN,3,assisted_corrected,74d666eb-fc46-5106-8ea2-ea5c967c6457,a7fd39fd-f83b-4f6e-89b2-9cd6608ec61f,reference_answer,source_provided,True,True,C,C,matched
t160-quality-20261007T012224Z-1f7eeede-06-IMP-SCAN-r3,IMP-SCAN,3,assisted_corrected,74d666eb-fc46-5106-8ea2-ea5c967c6457,a7fd39fd-f83b-4f6e-89b2-9cd6608ec61f,analysis,source_provided,True,True,2 × 3 + 1 = 7。,2 × 3 + 1 = 7。,matched
t160-quality-20261007T012224Z-1f7eeede-06-IMP-SCAN-r3,IMP-SCAN,3,assisted_corrected,74d666eb-fc46-5106-8ea2-ea5c967c6457,a7fd39fd-f83b-4f6e-89b2-9cd6608ec61f,score,source_provided,True,True,2.00,2.00,matched
t160-quality-20261007T012224Z-1f7eeede-06-IMP-SCAN-r3,IMP-SCAN,3,assisted_corrected,74d666eb-fc46-5106-8ea2-ea5c967c6457,a7fd39fd-f83b-4f6e-89b2-9cd6608ec61f,scoring_rubric,known_missing,True,True,,,matched
t160-quality-20261007T012224Z-1f7eeede-06-IMP-SCAN-r3,IMP-SCAN,3,assisted_corrected,74d666eb-fc46-5106-8ea2-ea5c967c6457,a7fd39fd-f83b-4f6e-89b2-9cd6608ec61f,knowledge_points,known_missing,True,True,[],[],matched
t160-quality-20261007T012224Z-1f7eeede-06-IMP-SCAN-r3,IMP-SCAN,3,assisted_corrected,74d666eb-fc46-5106-8ea2-ea5c967c6457,a7fd39fd-f83b-4f6e-89b2-9cd6608ec61f,source_regions,unknown,False,,,,reference_unknown
t160-quality-20261007T012224Z-1f7eeede-06-IMP-SCAN-r3,IMP-SCAN,3,assisted_corrected,74d666eb-fc46-5106-8ea2-ea5c967c6457,a7fd39fd-f83b-4f6e-89b2-9cd6608ec61f,assets,source_provided,True,True,[],[],matched
t160-quality-20261007T012224Z-1f7eeede-06-IMP-SCAN-r3,IMP-SCAN,3,assisted_corrected,5f47ee64-edec-5327-9172-bb8454c7640d,ec63ce7d-5b6e-41b6-81d1-af58e9f80def,question_number,source_provided,True,True,2,2,matched
t160-quality-20261007T012224Z-1f7eeede-06-IMP-SCAN-r3,IMP-SCAN,3,assisted_corrected,5f47ee64-edec-5327-9172-bb8454c7640d,ec63ce7d-5b6e-41b6-81d1-af58e9f80def,order_index,source_provided,True,True,2,2,matched
t160-quality-20261007T012224Z-1f7eeede-06-IMP-SCAN-r3,IMP-SCAN,3,assisted_corrected,5f47ee64-edec-5327-9172-bb8454c7640d,ec63ce7d-5b6e-41b6-81d1-af58e9f80def,source_page_numbers,source_provided,True,True,[1],[1],matched
t160-quality-20261007T012224Z-1f7eeede-06-IMP-SCAN-r3,IMP-SCAN,3,assisted_corrected,5f47ee64-edec-5327-9172-bb8454c7640d,ec63ce7d-5b6e-41b6-81d1-af58e9f80def,question_type,source_provided,True,True,TRUE_FALSE,TRUE_FALSE,matched
t160-quality-20261007T012224Z-1f7eeede-06-IMP-SCAN-r3,IMP-SCAN,3,assisted_corrected,5f47ee64-edec-5327-9172-bb8454c7640d,ec63ce7d-5b6e-41b6-81d1-af58e9f80def,content,source_provided,True,True,右图三角形面积为 24 cm²。,右图三角形面积为 24 cm²。,matched
t160-quality-20261007T012224Z-1f7eeede-06-IMP-SCAN-r3,IMP-SCAN,3,assisted_corrected,5f47ee64-edec-5327-9172-bb8454c7640d,ec63ce7d-5b6e-41b6-81d1-af58e9f80def,options,source_provided,True,True,"[""正确"", ""错误""]","[""正确"", ""错误""]",matched
t160-quality-20261007T012224Z-1f7eeede-06-IMP-SCAN-r3,IMP-SCAN,3,assisted_corrected,5f47ee64-edec-5327-9172-bb8454c7640d,ec63ce7d-5b6e-41b6-81d1-af58e9f80def,reference_answer,known_missing,True,True,,,matched
t160-quality-20261007T012224Z-1f7eeede-06-IMP-SCAN-r3,IMP-SCAN,3,assisted_corrected,5f47ee64-edec-5327-9172-bb8454c7640d,ec63ce7d-5b6e-41b6-81d1-af58e9f80def,analysis,known_missing,True,True,,,matched
t160-quality-20261007T012224Z-1f7eeede-06-IMP-SCAN-r3,IMP-SCAN,3,assisted_corrected,5f47ee64-edec-5327-9172-bb8454c7640d,ec63ce7d-5b6e-41b6-81d1-af58e9f80def,score,source_provided,True,True,2.00,2.00,matched
t160-quality-20261007T012224Z-1f7eeede-06-IMP-SCAN-r3,IMP-SCAN,3,assisted_corrected,5f47ee64-edec-5327-9172-bb8454c7640d,ec63ce7d-5b6e-41b6-81d1-af58e9f80def,scoring_rubric,known_missing,True,True,,,matched
t160-quality-20261007T012224Z-1f7eeede-06-IMP-SCAN-r3,IMP-SCAN,3,assisted_corrected,5f47ee64-edec-5327-9172-bb8454c7640d,ec63ce7d-5b6e-41b6-81d1-af58e9f80def,knowledge_points,known_missing,True,True,[],[],matched
t160-quality-20261007T012224Z-1f7eeede-06-IMP-SCAN-r3,IMP-SCAN,3,assisted_corrected,5f47ee64-edec-5327-9172-bb8454c7640d,ec63ce7d-5b6e-41b6-81d1-af58e9f80def,source_regions,unknown,False,,,,reference_unknown
t160-quality-20261007T012224Z-1f7eeede-06-IMP-SCAN-r3,IMP-SCAN,3,assisted_corrected,5f47ee64-edec-5327-9172-bb8454c7640d,ec63ce7d-5b6e-41b6-81d1-af58e9f80def,assets,source_provided,True,False,"[{""asset_type"": ""figure"", ""source_page_number"": 1, ""order_index"": 1}]",,matched
t160-quality-20261007T012224Z-1f7eeede-06-IMP-SCAN-r3,IMP-SCAN,3,assisted_corrected,d6acd365-a6d5-5eb8-9b54-66f26a915094,421fc712-b930-4015-becb-2648c8817352,question_number,source_provided,True,True,3,3,matched
t160-quality-20261007T012224Z-1f7eeede-06-IMP-SCAN-r3,IMP-SCAN,3,assisted_corrected,d6acd365-a6d5-5eb8-9b54-66f26a915094,421fc712-b930-4015-becb-2648c8817352,order_index,source_provided,True,True,3,3,matched
t160-quality-20261007T012224Z-1f7eeede-06-IMP-SCAN-r3,IMP-SCAN,3,assisted_corrected,d6acd365-a6d5-5eb8-9b54-66f26a915094,421fc712-b930-4015-becb-2648c8817352,source_page_numbers,source_provided,True,True,[1],[1],matched
t160-quality-20261007T012224Z-1f7eeede-06-IMP-SCAN-r3,IMP-SCAN,3,assisted_corrected,d6acd365-a6d5-5eb8-9b54-66f26a915094,421fc712-b930-4015-becb-2648c8817352,question_type,source_provided,True,True,SHORT_ANSWER,SHORT_ANSWER,matched
t160-quality-20261007T012224Z-1f7eeede-06-IMP-SCAN-r3,IMP-SCAN,3,assisted_corrected,d6acd365-a6d5-5eb8-9b54-66f26a915094,421fc712-b930-4015-becb-2648c8817352,content,source_provided,True,True,根据下表写出 y 关于 x 的关系式。,根据下表写出 y 关于 x 的关系式。,matched
t160-quality-20261007T012224Z-1f7eeede-06-IMP-SCAN-r3,IMP-SCAN,3,assisted_corrected,d6acd365-a6d5-5eb8-9b54-66f26a915094,421fc712-b930-4015-becb-2648c8817352,options,not_applicable,True,True,,,matched
t160-quality-20261007T012224Z-1f7eeede-06-IMP-SCAN-r3,IMP-SCAN,3,assisted_corrected,d6acd365-a6d5-5eb8-9b54-66f26a915094,421fc712-b930-4015-becb-2648c8817352,reference_answer,known_missing,True,True,,,matched
t160-quality-20261007T012224Z-1f7eeede-06-IMP-SCAN-r3,IMP-SCAN,3,assisted_corrected,d6acd365-a6d5-5eb8-9b54-66f26a915094,421fc712-b930-4015-becb-2648c8817352,analysis,known_missing,True,True,,,matched
t160-quality-20261007T012224Z-1f7eeede-06-IMP-SCAN-r3,IMP-SCAN,3,assisted_corrected,d6acd365-a6d5-5eb8-9b54-66f26a915094,421fc712-b930-4015-becb-2648c8817352,score,source_provided,True,True,3.00,3.00,matched
t160-quality-20261007T012224Z-1f7eeede-06-IMP-SCAN-r3,IMP-SCAN,3,assisted_corrected,d6acd365-a6d5-5eb8-9b54-66f26a915094,421fc712-b930-4015-becb-2648c8817352,scoring_rubric,source_provided,True,True,正确关系式 1.00；说明代入过程 2.00。,正确关系式 1.00；说明代入过程 2.00。,matched
t160-quality-20261007T012224Z-1f7eeede-06-IMP-SCAN-r3,IMP-SCAN,3,assisted_corrected,d6acd365-a6d5-5eb8-9b54-66f26a915094,421fc712-b930-4015-becb-2648c8817352,knowledge_points,source_provided,True,True,"[""一次函数"", ""表达与计算""]","[""一次函数"", ""表达与计算""]",matched
t160-quality-20261007T012224Z-1f7eeede-06-IMP-SCAN-r3,IMP-SCAN,3,assisted_corrected,d6acd365-a6d5-5eb8-9b54-66f26a915094,421fc712-b930-4015-becb-2648c8817352,source_regions,unknown,False,,,,reference_unknown
t160-quality-20261007T012224Z-1f7eeede-06-IMP-SCAN-r3,IMP-SCAN,3,assisted_corrected,d6acd365-a6d5-5eb8-9b54-66f26a915094,421fc712-b930-4015-becb-2648c8817352,assets,source_provided,True,False,"[{""asset_type"": ""table"", ""source_page_number"": 1, ""order_index"": 1}]",,matched
t160-quality-20261007T012224Z-1f7eeede-07-IMP-IMAGE-r1,IMP-IMAGE,1,automatic,c4d750a5-4dc4-5a35-83e2-dee4ca44aca1,ac0120a7-39b8-49f1-85c5-5fce3cc4fe11,question_number,source_provided,True,True,1,1,matched
t160-quality-20261007T012224Z-1f7eeede-07-IMP-IMAGE-r1,IMP-IMAGE,1,automatic,c4d750a5-4dc4-5a35-83e2-dee4ca44aca1,ac0120a7-39b8-49f1-85c5-5fce3cc4fe11,order_index,source_provided,True,True,1,1,matched
t160-quality-20261007T012224Z-1f7eeede-07-IMP-IMAGE-r1,IMP-IMAGE,1,automatic,c4d750a5-4dc4-5a35-83e2-dee4ca44aca1,ac0120a7-39b8-49f1-85c5-5fce3cc4fe11,source_page_numbers,source_provided,True,True,[1],[1],matched
t160-quality-20261007T012224Z-1f7eeede-07-IMP-IMAGE-r1,IMP-IMAGE,1,automatic,c4d750a5-4dc4-5a35-83e2-dee4ca44aca1,ac0120a7-39b8-49f1-85c5-5fce3cc4fe11,question_type,source_provided,True,True,SINGLE_CHOICE,SINGLE_CHOICE,matched
t160-quality-20261007T012224Z-1f7eeede-07-IMP-IMAGE-r1,IMP-IMAGE,1,automatic,c4d750a5-4dc4-5a35-83e2-dee4ca44aca1,ac0120a7-39b8-49f1-85c5-5fce3cc4fe11,content,source_provided,True,True,y = 2x + 1，x = 3 时 y 为多少？,y = 2x + 1，x = 3 时 y 为多少？,matched
t160-quality-20261007T012224Z-1f7eeede-07-IMP-IMAGE-r1,IMP-IMAGE,1,automatic,c4d750a5-4dc4-5a35-83e2-dee4ca44aca1,ac0120a7-39b8-49f1-85c5-5fce3cc4fe11,options,source_provided,True,True,"{""C"": ""7"", ""A"": ""5"", ""B"": ""6"", ""D"": ""8""}","{""C"": ""7"", ""A"": ""5"", ""B"": ""6"", ""D"": ""8""}",matched
t160-quality-20261007T012224Z-1f7eeede-07-IMP-IMAGE-r1,IMP-IMAGE,1,automatic,c4d750a5-4dc4-5a35-83e2-dee4ca44aca1,ac0120a7-39b8-49f1-85c5-5fce3cc4fe11,reference_answer,source_provided,True,True,C,C,matched
t160-quality-20261007T012224Z-1f7eeede-07-IMP-IMAGE-r1,IMP-IMAGE,1,automatic,c4d750a5-4dc4-5a35-83e2-dee4ca44aca1,ac0120a7-39b8-49f1-85c5-5fce3cc4fe11,analysis,source_provided,True,False,2 × 3 + 1 = 7。,2 × 3 +1=7。,matched
t160-quality-20261007T012224Z-1f7eeede-07-IMP-IMAGE-r1,IMP-IMAGE,1,automatic,c4d750a5-4dc4-5a35-83e2-dee4ca44aca1,ac0120a7-39b8-49f1-85c5-5fce3cc4fe11,score,source_provided,True,True,2.00,2.00,matched
t160-quality-20261007T012224Z-1f7eeede-07-IMP-IMAGE-r1,IMP-IMAGE,1,automatic,c4d750a5-4dc4-5a35-83e2-dee4ca44aca1,ac0120a7-39b8-49f1-85c5-5fce3cc4fe11,scoring_rubric,known_missing,True,True,,,matched
t160-quality-20261007T012224Z-1f7eeede-07-IMP-IMAGE-r1,IMP-IMAGE,1,automatic,c4d750a5-4dc4-5a35-83e2-dee4ca44aca1,ac0120a7-39b8-49f1-85c5-5fce3cc4fe11,knowledge_points,known_missing,True,True,[],[],matched
t160-quality-20261007T012224Z-1f7eeede-07-IMP-IMAGE-r1,IMP-IMAGE,1,automatic,c4d750a5-4dc4-5a35-83e2-dee4ca44aca1,ac0120a7-39b8-49f1-85c5-5fce3cc4fe11,source_regions,unknown,False,,,,reference_unknown
t160-quality-20261007T012224Z-1f7eeede-07-IMP-IMAGE-r1,IMP-IMAGE,1,automatic,c4d750a5-4dc4-5a35-83e2-dee4ca44aca1,ac0120a7-39b8-49f1-85c5-5fce3cc4fe11,assets,source_provided,True,False,[],,matched
t160-quality-20261007T012224Z-1f7eeede-07-IMP-IMAGE-r1,IMP-IMAGE,1,automatic,e418791a-1462-52b7-98fe-396ce71b8d48,365bc694-867e-4ea2-a540-71849cc91cc7,question_number,source_provided,True,True,2,2,matched
t160-quality-20261007T012224Z-1f7eeede-07-IMP-IMAGE-r1,IMP-IMAGE,1,automatic,e418791a-1462-52b7-98fe-396ce71b8d48,365bc694-867e-4ea2-a540-71849cc91cc7,order_index,source_provided,True,True,2,2,matched
t160-quality-20261007T012224Z-1f7eeede-07-IMP-IMAGE-r1,IMP-IMAGE,1,automatic,e418791a-1462-52b7-98fe-396ce71b8d48,365bc694-867e-4ea2-a540-71849cc91cc7,source_page_numbers,source_provided,True,True,[1],[1],matched
t160-quality-20261007T012224Z-1f7eeede-07-IMP-IMAGE-r1,IMP-IMAGE,1,automatic,e418791a-1462-52b7-98fe-396ce71b8d48,365bc694-867e-4ea2-a540-71849cc91cc7,question_type,source_provided,True,True,TRUE_FALSE,TRUE_FALSE,matched
t160-quality-20261007T012224Z-1f7eeede-07-IMP-IMAGE-r1,IMP-IMAGE,1,automatic,e418791a-1462-52b7-98fe-396ce71b8d48,365bc694-867e-4ea2-a540-71849cc91cc7,content,source_provided,True,False,右图三角形面积为 24 cm²。,右图三角形面积为24cm²。,matched
t160-quality-20261007T012224Z-1f7eeede-07-IMP-IMAGE-r1,IMP-IMAGE,1,automatic,e418791a-1462-52b7-98fe-396ce71b8d48,365bc694-867e-4ea2-a540-71849cc91cc7,options,source_provided,True,True,"[""正确"", ""错误""]","[""正确"", ""错误""]",matched
t160-quality-20261007T012224Z-1f7eeede-07-IMP-IMAGE-r1,IMP-IMAGE,1,automatic,e418791a-1462-52b7-98fe-396ce71b8d48,365bc694-867e-4ea2-a540-71849cc91cc7,reference_answer,known_missing,True,True,,,matched
t160-quality-20261007T012224Z-1f7eeede-07-IMP-IMAGE-r1,IMP-IMAGE,1,automatic,e418791a-1462-52b7-98fe-396ce71b8d48,365bc694-867e-4ea2-a540-71849cc91cc7,analysis,known_missing,True,True,,,matched
t160-quality-20261007T012224Z-1f7eeede-07-IMP-IMAGE-r1,IMP-IMAGE,1,automatic,e418791a-1462-52b7-98fe-396ce71b8d48,365bc694-867e-4ea2-a540-71849cc91cc7,score,source_provided,True,True,2.00,2.00,matched
t160-quality-20261007T012224Z-1f7eeede-07-IMP-IMAGE-r1,IMP-IMAGE,1,automatic,e418791a-1462-52b7-98fe-396ce71b8d48,365bc694-867e-4ea2-a540-71849cc91cc7,scoring_rubric,known_missing,True,True,,,matched
t160-quality-20261007T012224Z-1f7eeede-07-IMP-IMAGE-r1,IMP-IMAGE,1,automatic,e418791a-1462-52b7-98fe-396ce71b8d48,365bc694-867e-4ea2-a540-71849cc91cc7,knowledge_points,known_missing,True,True,[],[],matched
t160-quality-20261007T012224Z-1f7eeede-07-IMP-IMAGE-r1,IMP-IMAGE,1,automatic,e418791a-1462-52b7-98fe-396ce71b8d48,365bc694-867e-4ea2-a540-71849cc91cc7,source_regions,unknown,False,,,,reference_unknown
t160-quality-20261007T012224Z-1f7eeede-07-IMP-IMAGE-r1,IMP-IMAGE,1,automatic,e418791a-1462-52b7-98fe-396ce71b8d48,365bc694-867e-4ea2-a540-71849cc91cc7,assets,source_provided,True,False,"[{""asset_type"": ""figure"", ""source_page_number"": 1, ""order_index"": 1}]",,matched
t160-quality-20261007T012224Z-1f7eeede-07-IMP-IMAGE-r1,IMP-IMAGE,1,automatic,e5c1555f-e927-575c-b68c-85eb341a3202,6569c3e3-7fdc-458a-be5b-6873dce7f4e1,question_number,source_provided,True,True,3,3,matched
t160-quality-20261007T012224Z-1f7eeede-07-IMP-IMAGE-r1,IMP-IMAGE,1,automatic,e5c1555f-e927-575c-b68c-85eb341a3202,6569c3e3-7fdc-458a-be5b-6873dce7f4e1,order_index,source_provided,True,True,3,3,matched
t160-quality-20261007T012224Z-1f7eeede-07-IMP-IMAGE-r1,IMP-IMAGE,1,automatic,e5c1555f-e927-575c-b68c-85eb341a3202,6569c3e3-7fdc-458a-be5b-6873dce7f4e1,source_page_numbers,source_provided,True,True,[1],[1],matched
t160-quality-20261007T012224Z-1f7eeede-07-IMP-IMAGE-r1,IMP-IMAGE,1,automatic,e5c1555f-e927-575c-b68c-85eb341a3202,6569c3e3-7fdc-458a-be5b-6873dce7f4e1,question_type,source_provided,True,True,SHORT_ANSWER,SHORT_ANSWER,matched
t160-quality-20261007T012224Z-1f7eeede-07-IMP-IMAGE-r1,IMP-IMAGE,1,automatic,e5c1555f-e927-575c-b68c-85eb341a3202,6569c3e3-7fdc-458a-be5b-6873dce7f4e1,content,source_provided,True,False,根据下表写出 y 关于 x 的关系式。,根据下表写出y关于x的关系式。,matched
t160-quality-20261007T012224Z-1f7eeede-07-IMP-IMAGE-r1,IMP-IMAGE,1,automatic,e5c1555f-e927-575c-b68c-85eb341a3202,6569c3e3-7fdc-458a-be5b-6873dce7f4e1,options,not_applicable,True,True,,,matched
t160-quality-20261007T012224Z-1f7eeede-07-IMP-IMAGE-r1,IMP-IMAGE,1,automatic,e5c1555f-e927-575c-b68c-85eb341a3202,6569c3e3-7fdc-458a-be5b-6873dce7f4e1,reference_answer,known_missing,True,True,,,matched
t160-quality-20261007T012224Z-1f7eeede-07-IMP-IMAGE-r1,IMP-IMAGE,1,automatic,e5c1555f-e927-575c-b68c-85eb341a3202,6569c3e3-7fdc-458a-be5b-6873dce7f4e1,analysis,known_missing,True,True,,,matched
t160-quality-20261007T012224Z-1f7eeede-07-IMP-IMAGE-r1,IMP-IMAGE,1,automatic,e5c1555f-e927-575c-b68c-85eb341a3202,6569c3e3-7fdc-458a-be5b-6873dce7f4e1,score,source_provided,True,True,3.00,3.00,matched
t160-quality-20261007T012224Z-1f7eeede-07-IMP-IMAGE-r1,IMP-IMAGE,1,automatic,e5c1555f-e927-575c-b68c-85eb341a3202,6569c3e3-7fdc-458a-be5b-6873dce7f4e1,scoring_rubric,source_provided,True,False,正确关系式 1.00；说明代入过程 2.00。,正确关系式1.00；说明代入过程2.00。,matched
t160-quality-20261007T012224Z-1f7eeede-07-IMP-IMAGE-r1,IMP-IMAGE,1,automatic,e5c1555f-e927-575c-b68c-85eb341a3202,6569c3e3-7fdc-458a-be5b-6873dce7f4e1,knowledge_points,source_provided,True,False,"[""一次函数"", ""表达与计算""]","[""一次函数、表达与计算""]",matched
t160-quality-20261007T012224Z-1f7eeede-07-IMP-IMAGE-r1,IMP-IMAGE,1,automatic,e5c1555f-e927-575c-b68c-85eb341a3202,6569c3e3-7fdc-458a-be5b-6873dce7f4e1,source_regions,unknown,False,,,,reference_unknown
t160-quality-20261007T012224Z-1f7eeede-07-IMP-IMAGE-r1,IMP-IMAGE,1,automatic,e5c1555f-e927-575c-b68c-85eb341a3202,6569c3e3-7fdc-458a-be5b-6873dce7f4e1,assets,source_provided,True,False,"[{""asset_type"": ""table"", ""source_page_number"": 1, ""order_index"": 1}]",,matched
t160-quality-20261007T012224Z-1f7eeede-07-IMP-IMAGE-r1,IMP-IMAGE,1,assisted_corrected,c4d750a5-4dc4-5a35-83e2-dee4ca44aca1,ac0120a7-39b8-49f1-85c5-5fce3cc4fe11,question_number,source_provided,True,True,1,1,matched
t160-quality-20261007T012224Z-1f7eeede-07-IMP-IMAGE-r1,IMP-IMAGE,1,assisted_corrected,c4d750a5-4dc4-5a35-83e2-dee4ca44aca1,ac0120a7-39b8-49f1-85c5-5fce3cc4fe11,order_index,source_provided,True,True,1,1,matched
t160-quality-20261007T012224Z-1f7eeede-07-IMP-IMAGE-r1,IMP-IMAGE,1,assisted_corrected,c4d750a5-4dc4-5a35-83e2-dee4ca44aca1,ac0120a7-39b8-49f1-85c5-5fce3cc4fe11,source_page_numbers,source_provided,True,True,[1],[1],matched
t160-quality-20261007T012224Z-1f7eeede-07-IMP-IMAGE-r1,IMP-IMAGE,1,assisted_corrected,c4d750a5-4dc4-5a35-83e2-dee4ca44aca1,ac0120a7-39b8-49f1-85c5-5fce3cc4fe11,question_type,source_provided,True,True,SINGLE_CHOICE,SINGLE_CHOICE,matched
t160-quality-20261007T012224Z-1f7eeede-07-IMP-IMAGE-r1,IMP-IMAGE,1,assisted_corrected,c4d750a5-4dc4-5a35-83e2-dee4ca44aca1,ac0120a7-39b8-49f1-85c5-5fce3cc4fe11,content,source_provided,True,True,y = 2x + 1，x = 3 时 y 为多少？,y = 2x + 1，x = 3 时 y 为多少？,matched
t160-quality-20261007T012224Z-1f7eeede-07-IMP-IMAGE-r1,IMP-IMAGE,1,assisted_corrected,c4d750a5-4dc4-5a35-83e2-dee4ca44aca1,ac0120a7-39b8-49f1-85c5-5fce3cc4fe11,options,source_provided,True,True,"{""C"": ""7"", ""A"": ""5"", ""B"": ""6"", ""D"": ""8""}","{""C"": ""7"", ""A"": ""5"", ""B"": ""6"", ""D"": ""8""}",matched
t160-quality-20261007T012224Z-1f7eeede-07-IMP-IMAGE-r1,IMP-IMAGE,1,assisted_corrected,c4d750a5-4dc4-5a35-83e2-dee4ca44aca1,ac0120a7-39b8-49f1-85c5-5fce3cc4fe11,reference_answer,source_provided,True,True,C,C,matched
t160-quality-20261007T012224Z-1f7eeede-07-IMP-IMAGE-r1,IMP-IMAGE,1,assisted_corrected,c4d750a5-4dc4-5a35-83e2-dee4ca44aca1,ac0120a7-39b8-49f1-85c5-5fce3cc4fe11,analysis,source_provided,True,True,2 × 3 + 1 = 7。,2 × 3 + 1 = 7。,matched
t160-quality-20261007T012224Z-1f7eeede-07-IMP-IMAGE-r1,IMP-IMAGE,1,assisted_corrected,c4d750a5-4dc4-5a35-83e2-dee4ca44aca1,ac0120a7-39b8-49f1-85c5-5fce3cc4fe11,score,source_provided,True,True,2.00,2.00,matched
t160-quality-20261007T012224Z-1f7eeede-07-IMP-IMAGE-r1,IMP-IMAGE,1,assisted_corrected,c4d750a5-4dc4-5a35-83e2-dee4ca44aca1,ac0120a7-39b8-49f1-85c5-5fce3cc4fe11,scoring_rubric,known_missing,True,True,,,matched
t160-quality-20261007T012224Z-1f7eeede-07-IMP-IMAGE-r1,IMP-IMAGE,1,assisted_corrected,c4d750a5-4dc4-5a35-83e2-dee4ca44aca1,ac0120a7-39b8-49f1-85c5-5fce3cc4fe11,knowledge_points,known_missing,True,True,[],[],matched
t160-quality-20261007T012224Z-1f7eeede-07-IMP-IMAGE-r1,IMP-IMAGE,1,assisted_corrected,c4d750a5-4dc4-5a35-83e2-dee4ca44aca1,ac0120a7-39b8-49f1-85c5-5fce3cc4fe11,source_regions,unknown,False,,,,reference_unknown
t160-quality-20261007T012224Z-1f7eeede-07-IMP-IMAGE-r1,IMP-IMAGE,1,assisted_corrected,c4d750a5-4dc4-5a35-83e2-dee4ca44aca1,ac0120a7-39b8-49f1-85c5-5fce3cc4fe11,assets,source_provided,True,True,[],[],matched
t160-quality-20261007T012224Z-1f7eeede-07-IMP-IMAGE-r1,IMP-IMAGE,1,assisted_corrected,e418791a-1462-52b7-98fe-396ce71b8d48,365bc694-867e-4ea2-a540-71849cc91cc7,question_number,source_provided,True,True,2,2,matched
t160-quality-20261007T012224Z-1f7eeede-07-IMP-IMAGE-r1,IMP-IMAGE,1,assisted_corrected,e418791a-1462-52b7-98fe-396ce71b8d48,365bc694-867e-4ea2-a540-71849cc91cc7,order_index,source_provided,True,True,2,2,matched
t160-quality-20261007T012224Z-1f7eeede-07-IMP-IMAGE-r1,IMP-IMAGE,1,assisted_corrected,e418791a-1462-52b7-98fe-396ce71b8d48,365bc694-867e-4ea2-a540-71849cc91cc7,source_page_numbers,source_provided,True,True,[1],[1],matched
t160-quality-20261007T012224Z-1f7eeede-07-IMP-IMAGE-r1,IMP-IMAGE,1,assisted_corrected,e418791a-1462-52b7-98fe-396ce71b8d48,365bc694-867e-4ea2-a540-71849cc91cc7,question_type,source_provided,True,True,TRUE_FALSE,TRUE_FALSE,matched
t160-quality-20261007T012224Z-1f7eeede-07-IMP-IMAGE-r1,IMP-IMAGE,1,assisted_corrected,e418791a-1462-52b7-98fe-396ce71b8d48,365bc694-867e-4ea2-a540-71849cc91cc7,content,source_provided,True,True,右图三角形面积为 24 cm²。,右图三角形面积为 24 cm²。,matched
t160-quality-20261007T012224Z-1f7eeede-07-IMP-IMAGE-r1,IMP-IMAGE,1,assisted_corrected,e418791a-1462-52b7-98fe-396ce71b8d48,365bc694-867e-4ea2-a540-71849cc91cc7,options,source_provided,True,True,"[""正确"", ""错误""]","[""正确"", ""错误""]",matched
t160-quality-20261007T012224Z-1f7eeede-07-IMP-IMAGE-r1,IMP-IMAGE,1,assisted_corrected,e418791a-1462-52b7-98fe-396ce71b8d48,365bc694-867e-4ea2-a540-71849cc91cc7,reference_answer,known_missing,True,True,,,matched
t160-quality-20261007T012224Z-1f7eeede-07-IMP-IMAGE-r1,IMP-IMAGE,1,assisted_corrected,e418791a-1462-52b7-98fe-396ce71b8d48,365bc694-867e-4ea2-a540-71849cc91cc7,analysis,known_missing,True,True,,,matched
t160-quality-20261007T012224Z-1f7eeede-07-IMP-IMAGE-r1,IMP-IMAGE,1,assisted_corrected,e418791a-1462-52b7-98fe-396ce71b8d48,365bc694-867e-4ea2-a540-71849cc91cc7,score,source_provided,True,True,2.00,2.00,matched
t160-quality-20261007T012224Z-1f7eeede-07-IMP-IMAGE-r1,IMP-IMAGE,1,assisted_corrected,e418791a-1462-52b7-98fe-396ce71b8d48,365bc694-867e-4ea2-a540-71849cc91cc7,scoring_rubric,known_missing,True,True,,,matched
t160-quality-20261007T012224Z-1f7eeede-07-IMP-IMAGE-r1,IMP-IMAGE,1,assisted_corrected,e418791a-1462-52b7-98fe-396ce71b8d48,365bc694-867e-4ea2-a540-71849cc91cc7,knowledge_points,known_missing,True,True,[],[],matched
t160-quality-20261007T012224Z-1f7eeede-07-IMP-IMAGE-r1,IMP-IMAGE,1,assisted_corrected,e418791a-1462-52b7-98fe-396ce71b8d48,365bc694-867e-4ea2-a540-71849cc91cc7,source_regions,unknown,False,,,,reference_unknown
t160-quality-20261007T012224Z-1f7eeede-07-IMP-IMAGE-r1,IMP-IMAGE,1,assisted_corrected,e418791a-1462-52b7-98fe-396ce71b8d48,365bc694-867e-4ea2-a540-71849cc91cc7,assets,source_provided,True,False,"[{""asset_type"": ""figure"", ""source_page_number"": 1, ""order_index"": 1}]",,matched
t160-quality-20261007T012224Z-1f7eeede-07-IMP-IMAGE-r1,IMP-IMAGE,1,assisted_corrected,e5c1555f-e927-575c-b68c-85eb341a3202,6569c3e3-7fdc-458a-be5b-6873dce7f4e1,question_number,source_provided,True,True,3,3,matched
t160-quality-20261007T012224Z-1f7eeede-07-IMP-IMAGE-r1,IMP-IMAGE,1,assisted_corrected,e5c1555f-e927-575c-b68c-85eb341a3202,6569c3e3-7fdc-458a-be5b-6873dce7f4e1,order_index,source_provided,True,True,3,3,matched
t160-quality-20261007T012224Z-1f7eeede-07-IMP-IMAGE-r1,IMP-IMAGE,1,assisted_corrected,e5c1555f-e927-575c-b68c-85eb341a3202,6569c3e3-7fdc-458a-be5b-6873dce7f4e1,source_page_numbers,source_provided,True,True,[1],[1],matched
t160-quality-20261007T012224Z-1f7eeede-07-IMP-IMAGE-r1,IMP-IMAGE,1,assisted_corrected,e5c1555f-e927-575c-b68c-85eb341a3202,6569c3e3-7fdc-458a-be5b-6873dce7f4e1,question_type,source_provided,True,True,SHORT_ANSWER,SHORT_ANSWER,matched
t160-quality-20261007T012224Z-1f7eeede-07-IMP-IMAGE-r1,IMP-IMAGE,1,assisted_corrected,e5c1555f-e927-575c-b68c-85eb341a3202,6569c3e3-7fdc-458a-be5b-6873dce7f4e1,content,source_provided,True,True,根据下表写出 y 关于 x 的关系式。,根据下表写出 y 关于 x 的关系式。,matched
t160-quality-20261007T012224Z-1f7eeede-07-IMP-IMAGE-r1,IMP-IMAGE,1,assisted_corrected,e5c1555f-e927-575c-b68c-85eb341a3202,6569c3e3-7fdc-458a-be5b-6873dce7f4e1,options,not_applicable,True,True,,,matched
t160-quality-20261007T012224Z-1f7eeede-07-IMP-IMAGE-r1,IMP-IMAGE,1,assisted_corrected,e5c1555f-e927-575c-b68c-85eb341a3202,6569c3e3-7fdc-458a-be5b-6873dce7f4e1,reference_answer,known_missing,True,True,,,matched
t160-quality-20261007T012224Z-1f7eeede-07-IMP-IMAGE-r1,IMP-IMAGE,1,assisted_corrected,e5c1555f-e927-575c-b68c-85eb341a3202,6569c3e3-7fdc-458a-be5b-6873dce7f4e1,analysis,known_missing,True,True,,,matched
t160-quality-20261007T012224Z-1f7eeede-07-IMP-IMAGE-r1,IMP-IMAGE,1,assisted_corrected,e5c1555f-e927-575c-b68c-85eb341a3202,6569c3e3-7fdc-458a-be5b-6873dce7f4e1,score,source_provided,True,True,3.00,3.00,matched
t160-quality-20261007T012224Z-1f7eeede-07-IMP-IMAGE-r1,IMP-IMAGE,1,assisted_corrected,e5c1555f-e927-575c-b68c-85eb341a3202,6569c3e3-7fdc-458a-be5b-6873dce7f4e1,scoring_rubric,source_provided,True,True,正确关系式 1.00；说明代入过程 2.00。,正确关系式 1.00；说明代入过程 2.00。,matched
t160-quality-20261007T012224Z-1f7eeede-07-IMP-IMAGE-r1,IMP-IMAGE,1,assisted_corrected,e5c1555f-e927-575c-b68c-85eb341a3202,6569c3e3-7fdc-458a-be5b-6873dce7f4e1,knowledge_points,source_provided,True,True,"[""一次函数"", ""表达与计算""]","[""一次函数"", ""表达与计算""]",matched
t160-quality-20261007T012224Z-1f7eeede-07-IMP-IMAGE-r1,IMP-IMAGE,1,assisted_corrected,e5c1555f-e927-575c-b68c-85eb341a3202,6569c3e3-7fdc-458a-be5b-6873dce7f4e1,source_regions,unknown,False,,,,reference_unknown
t160-quality-20261007T012224Z-1f7eeede-07-IMP-IMAGE-r1,IMP-IMAGE,1,assisted_corrected,e5c1555f-e927-575c-b68c-85eb341a3202,6569c3e3-7fdc-458a-be5b-6873dce7f4e1,assets,source_provided,True,False,"[{""asset_type"": ""table"", ""source_page_number"": 1, ""order_index"": 1}]",,matched
t160-quality-20261007T012224Z-1f7eeede-08-IMP-IMAGE-r2,IMP-IMAGE,2,automatic,c4d750a5-4dc4-5a35-83e2-dee4ca44aca1,f1699312-2a3a-4103-90b6-a63b8c761f1e,question_number,source_provided,True,True,1,1,matched
t160-quality-20261007T012224Z-1f7eeede-08-IMP-IMAGE-r2,IMP-IMAGE,2,automatic,c4d750a5-4dc4-5a35-83e2-dee4ca44aca1,f1699312-2a3a-4103-90b6-a63b8c761f1e,order_index,source_provided,True,True,1,1,matched
t160-quality-20261007T012224Z-1f7eeede-08-IMP-IMAGE-r2,IMP-IMAGE,2,automatic,c4d750a5-4dc4-5a35-83e2-dee4ca44aca1,f1699312-2a3a-4103-90b6-a63b8c761f1e,source_page_numbers,source_provided,True,True,[1],[1],matched
t160-quality-20261007T012224Z-1f7eeede-08-IMP-IMAGE-r2,IMP-IMAGE,2,automatic,c4d750a5-4dc4-5a35-83e2-dee4ca44aca1,f1699312-2a3a-4103-90b6-a63b8c761f1e,question_type,source_provided,True,True,SINGLE_CHOICE,SINGLE_CHOICE,matched
t160-quality-20261007T012224Z-1f7eeede-08-IMP-IMAGE-r2,IMP-IMAGE,2,automatic,c4d750a5-4dc4-5a35-83e2-dee4ca44aca1,f1699312-2a3a-4103-90b6-a63b8c761f1e,content,source_provided,True,True,y = 2x + 1，x = 3 时 y 为多少？,y = 2x + 1，x = 3 时 y 为多少？,matched
t160-quality-20261007T012224Z-1f7eeede-08-IMP-IMAGE-r2,IMP-IMAGE,2,automatic,c4d750a5-4dc4-5a35-83e2-dee4ca44aca1,f1699312-2a3a-4103-90b6-a63b8c761f1e,options,source_provided,True,True,"{""C"": ""7"", ""A"": ""5"", ""B"": ""6"", ""D"": ""8""}","{""C"": ""7"", ""A"": ""5"", ""B"": ""6"", ""D"": ""8""}",matched
t160-quality-20261007T012224Z-1f7eeede-08-IMP-IMAGE-r2,IMP-IMAGE,2,automatic,c4d750a5-4dc4-5a35-83e2-dee4ca44aca1,f1699312-2a3a-4103-90b6-a63b8c761f1e,reference_answer,source_provided,True,True,C,C,matched
t160-quality-20261007T012224Z-1f7eeede-08-IMP-IMAGE-r2,IMP-IMAGE,2,automatic,c4d750a5-4dc4-5a35-83e2-dee4ca44aca1,f1699312-2a3a-4103-90b6-a63b8c761f1e,analysis,source_provided,True,True,2 × 3 + 1 = 7。,2 × 3 + 1 = 7。,matched
t160-quality-20261007T012224Z-1f7eeede-08-IMP-IMAGE-r2,IMP-IMAGE,2,automatic,c4d750a5-4dc4-5a35-83e2-dee4ca44aca1,f1699312-2a3a-4103-90b6-a63b8c761f1e,score,source_provided,True,True,2.00,2.00,matched
t160-quality-20261007T012224Z-1f7eeede-08-IMP-IMAGE-r2,IMP-IMAGE,2,automatic,c4d750a5-4dc4-5a35-83e2-dee4ca44aca1,f1699312-2a3a-4103-90b6-a63b8c761f1e,scoring_rubric,known_missing,True,True,,,matched
t160-quality-20261007T012224Z-1f7eeede-08-IMP-IMAGE-r2,IMP-IMAGE,2,automatic,c4d750a5-4dc4-5a35-83e2-dee4ca44aca1,f1699312-2a3a-4103-90b6-a63b8c761f1e,knowledge_points,known_missing,True,True,[],[],matched
t160-quality-20261007T012224Z-1f7eeede-08-IMP-IMAGE-r2,IMP-IMAGE,2,automatic,c4d750a5-4dc4-5a35-83e2-dee4ca44aca1,f1699312-2a3a-4103-90b6-a63b8c761f1e,source_regions,unknown,False,,,,reference_unknown
t160-quality-20261007T012224Z-1f7eeede-08-IMP-IMAGE-r2,IMP-IMAGE,2,automatic,c4d750a5-4dc4-5a35-83e2-dee4ca44aca1,f1699312-2a3a-4103-90b6-a63b8c761f1e,assets,source_provided,True,False,[],,matched
t160-quality-20261007T012224Z-1f7eeede-08-IMP-IMAGE-r2,IMP-IMAGE,2,automatic,e418791a-1462-52b7-98fe-396ce71b8d48,43451f72-664e-4845-b7da-cdd9daaab57e,question_number,source_provided,True,True,2,2,matched
t160-quality-20261007T012224Z-1f7eeede-08-IMP-IMAGE-r2,IMP-IMAGE,2,automatic,e418791a-1462-52b7-98fe-396ce71b8d48,43451f72-664e-4845-b7da-cdd9daaab57e,order_index,source_provided,True,True,2,2,matched
t160-quality-20261007T012224Z-1f7eeede-08-IMP-IMAGE-r2,IMP-IMAGE,2,automatic,e418791a-1462-52b7-98fe-396ce71b8d48,43451f72-664e-4845-b7da-cdd9daaab57e,source_page_numbers,source_provided,True,True,[1],[1],matched
t160-quality-20261007T012224Z-1f7eeede-08-IMP-IMAGE-r2,IMP-IMAGE,2,automatic,e418791a-1462-52b7-98fe-396ce71b8d48,43451f72-664e-4845-b7da-cdd9daaab57e,question_type,source_provided,True,True,TRUE_FALSE,TRUE_FALSE,matched
t160-quality-20261007T012224Z-1f7eeede-08-IMP-IMAGE-r2,IMP-IMAGE,2,automatic,e418791a-1462-52b7-98fe-396ce71b8d48,43451f72-664e-4845-b7da-cdd9daaab57e,content,source_provided,True,False,右图三角形面积为 24 cm²。,右图三角形面积为24cm²。,matched
t160-quality-20261007T012224Z-1f7eeede-08-IMP-IMAGE-r2,IMP-IMAGE,2,automatic,e418791a-1462-52b7-98fe-396ce71b8d48,43451f72-664e-4845-b7da-cdd9daaab57e,options,source_provided,True,True,"[""正确"", ""错误""]","[""正确"", ""错误""]",matched
t160-quality-20261007T012224Z-1f7eeede-08-IMP-IMAGE-r2,IMP-IMAGE,2,automatic,e418791a-1462-52b7-98fe-396ce71b8d48,43451f72-664e-4845-b7da-cdd9daaab57e,reference_answer,known_missing,True,True,,,matched
t160-quality-20261007T012224Z-1f7eeede-08-IMP-IMAGE-r2,IMP-IMAGE,2,automatic,e418791a-1462-52b7-98fe-396ce71b8d48,43451f72-664e-4845-b7da-cdd9daaab57e,analysis,known_missing,True,True,,,matched
t160-quality-20261007T012224Z-1f7eeede-08-IMP-IMAGE-r2,IMP-IMAGE,2,automatic,e418791a-1462-52b7-98fe-396ce71b8d48,43451f72-664e-4845-b7da-cdd9daaab57e,score,source_provided,True,True,2.00,2.00,matched
t160-quality-20261007T012224Z-1f7eeede-08-IMP-IMAGE-r2,IMP-IMAGE,2,automatic,e418791a-1462-52b7-98fe-396ce71b8d48,43451f72-664e-4845-b7da-cdd9daaab57e,scoring_rubric,known_missing,True,True,,,matched
t160-quality-20261007T012224Z-1f7eeede-08-IMP-IMAGE-r2,IMP-IMAGE,2,automatic,e418791a-1462-52b7-98fe-396ce71b8d48,43451f72-664e-4845-b7da-cdd9daaab57e,knowledge_points,known_missing,True,True,[],[],matched
t160-quality-20261007T012224Z-1f7eeede-08-IMP-IMAGE-r2,IMP-IMAGE,2,automatic,e418791a-1462-52b7-98fe-396ce71b8d48,43451f72-664e-4845-b7da-cdd9daaab57e,source_regions,unknown,False,,,,reference_unknown
t160-quality-20261007T012224Z-1f7eeede-08-IMP-IMAGE-r2,IMP-IMAGE,2,automatic,e418791a-1462-52b7-98fe-396ce71b8d48,43451f72-664e-4845-b7da-cdd9daaab57e,assets,source_provided,True,False,"[{""asset_type"": ""figure"", ""source_page_number"": 1, ""order_index"": 1}]",,matched
t160-quality-20261007T012224Z-1f7eeede-08-IMP-IMAGE-r2,IMP-IMAGE,2,automatic,e5c1555f-e927-575c-b68c-85eb341a3202,a8db0733-70c4-4b5c-a0f4-d895213565bf,question_number,source_provided,True,True,3,3,matched
t160-quality-20261007T012224Z-1f7eeede-08-IMP-IMAGE-r2,IMP-IMAGE,2,automatic,e5c1555f-e927-575c-b68c-85eb341a3202,a8db0733-70c4-4b5c-a0f4-d895213565bf,order_index,source_provided,True,True,3,3,matched
t160-quality-20261007T012224Z-1f7eeede-08-IMP-IMAGE-r2,IMP-IMAGE,2,automatic,e5c1555f-e927-575c-b68c-85eb341a3202,a8db0733-70c4-4b5c-a0f4-d895213565bf,source_page_numbers,source_provided,True,True,[1],[1],matched
t160-quality-20261007T012224Z-1f7eeede-08-IMP-IMAGE-r2,IMP-IMAGE,2,automatic,e5c1555f-e927-575c-b68c-85eb341a3202,a8db0733-70c4-4b5c-a0f4-d895213565bf,question_type,source_provided,True,True,SHORT_ANSWER,SHORT_ANSWER,matched
t160-quality-20261007T012224Z-1f7eeede-08-IMP-IMAGE-r2,IMP-IMAGE,2,automatic,e5c1555f-e927-575c-b68c-85eb341a3202,a8db0733-70c4-4b5c-a0f4-d895213565bf,content,source_provided,True,True,根据下表写出 y 关于 x 的关系式。,根据下表写出 y 关于 x 的关系式。,matched
t160-quality-20261007T012224Z-1f7eeede-08-IMP-IMAGE-r2,IMP-IMAGE,2,automatic,e5c1555f-e927-575c-b68c-85eb341a3202,a8db0733-70c4-4b5c-a0f4-d895213565bf,options,not_applicable,True,True,,,matched
t160-quality-20261007T012224Z-1f7eeede-08-IMP-IMAGE-r2,IMP-IMAGE,2,automatic,e5c1555f-e927-575c-b68c-85eb341a3202,a8db0733-70c4-4b5c-a0f4-d895213565bf,reference_answer,known_missing,True,True,,,matched
t160-quality-20261007T012224Z-1f7eeede-08-IMP-IMAGE-r2,IMP-IMAGE,2,automatic,e5c1555f-e927-575c-b68c-85eb341a3202,a8db0733-70c4-4b5c-a0f4-d895213565bf,analysis,known_missing,True,True,,,matched
t160-quality-20261007T012224Z-1f7eeede-08-IMP-IMAGE-r2,IMP-IMAGE,2,automatic,e5c1555f-e927-575c-b68c-85eb341a3202,a8db0733-70c4-4b5c-a0f4-d895213565bf,score,source_provided,True,True,3.00,3.00,matched
t160-quality-20261007T012224Z-1f7eeede-08-IMP-IMAGE-r2,IMP-IMAGE,2,automatic,e5c1555f-e927-575c-b68c-85eb341a3202,a8db0733-70c4-4b5c-a0f4-d895213565bf,scoring_rubric,source_provided,True,False,正确关系式 1.00；说明代入过程 2.00。,正确关系式1.00；说明代入过程2.00。,matched
t160-quality-20261007T012224Z-1f7eeede-08-IMP-IMAGE-r2,IMP-IMAGE,2,automatic,e5c1555f-e927-575c-b68c-85eb341a3202,a8db0733-70c4-4b5c-a0f4-d895213565bf,knowledge_points,source_provided,True,True,"[""一次函数"", ""表达与计算""]","[""一次函数"", ""表达与计算""]",matched
t160-quality-20261007T012224Z-1f7eeede-08-IMP-IMAGE-r2,IMP-IMAGE,2,automatic,e5c1555f-e927-575c-b68c-85eb341a3202,a8db0733-70c4-4b5c-a0f4-d895213565bf,source_regions,unknown,False,,,,reference_unknown
t160-quality-20261007T012224Z-1f7eeede-08-IMP-IMAGE-r2,IMP-IMAGE,2,automatic,e5c1555f-e927-575c-b68c-85eb341a3202,a8db0733-70c4-4b5c-a0f4-d895213565bf,assets,source_provided,True,False,"[{""asset_type"": ""table"", ""source_page_number"": 1, ""order_index"": 1}]",,matched
t160-quality-20261007T012224Z-1f7eeede-08-IMP-IMAGE-r2,IMP-IMAGE,2,assisted_corrected,c4d750a5-4dc4-5a35-83e2-dee4ca44aca1,f1699312-2a3a-4103-90b6-a63b8c761f1e,question_number,source_provided,True,True,1,1,matched
t160-quality-20261007T012224Z-1f7eeede-08-IMP-IMAGE-r2,IMP-IMAGE,2,assisted_corrected,c4d750a5-4dc4-5a35-83e2-dee4ca44aca1,f1699312-2a3a-4103-90b6-a63b8c761f1e,order_index,source_provided,True,True,1,1,matched
t160-quality-20261007T012224Z-1f7eeede-08-IMP-IMAGE-r2,IMP-IMAGE,2,assisted_corrected,c4d750a5-4dc4-5a35-83e2-dee4ca44aca1,f1699312-2a3a-4103-90b6-a63b8c761f1e,source_page_numbers,source_provided,True,True,[1],[1],matched
t160-quality-20261007T012224Z-1f7eeede-08-IMP-IMAGE-r2,IMP-IMAGE,2,assisted_corrected,c4d750a5-4dc4-5a35-83e2-dee4ca44aca1,f1699312-2a3a-4103-90b6-a63b8c761f1e,question_type,source_provided,True,True,SINGLE_CHOICE,SINGLE_CHOICE,matched
t160-quality-20261007T012224Z-1f7eeede-08-IMP-IMAGE-r2,IMP-IMAGE,2,assisted_corrected,c4d750a5-4dc4-5a35-83e2-dee4ca44aca1,f1699312-2a3a-4103-90b6-a63b8c761f1e,content,source_provided,True,True,y = 2x + 1，x = 3 时 y 为多少？,y = 2x + 1，x = 3 时 y 为多少？,matched
t160-quality-20261007T012224Z-1f7eeede-08-IMP-IMAGE-r2,IMP-IMAGE,2,assisted_corrected,c4d750a5-4dc4-5a35-83e2-dee4ca44aca1,f1699312-2a3a-4103-90b6-a63b8c761f1e,options,source_provided,True,True,"{""C"": ""7"", ""A"": ""5"", ""B"": ""6"", ""D"": ""8""}","{""C"": ""7"", ""A"": ""5"", ""B"": ""6"", ""D"": ""8""}",matched
t160-quality-20261007T012224Z-1f7eeede-08-IMP-IMAGE-r2,IMP-IMAGE,2,assisted_corrected,c4d750a5-4dc4-5a35-83e2-dee4ca44aca1,f1699312-2a3a-4103-90b6-a63b8c761f1e,reference_answer,source_provided,True,True,C,C,matched
t160-quality-20261007T012224Z-1f7eeede-08-IMP-IMAGE-r2,IMP-IMAGE,2,assisted_corrected,c4d750a5-4dc4-5a35-83e2-dee4ca44aca1,f1699312-2a3a-4103-90b6-a63b8c761f1e,analysis,source_provided,True,True,2 × 3 + 1 = 7。,2 × 3 + 1 = 7。,matched
t160-quality-20261007T012224Z-1f7eeede-08-IMP-IMAGE-r2,IMP-IMAGE,2,assisted_corrected,c4d750a5-4dc4-5a35-83e2-dee4ca44aca1,f1699312-2a3a-4103-90b6-a63b8c761f1e,score,source_provided,True,True,2.00,2.00,matched
t160-quality-20261007T012224Z-1f7eeede-08-IMP-IMAGE-r2,IMP-IMAGE,2,assisted_corrected,c4d750a5-4dc4-5a35-83e2-dee4ca44aca1,f1699312-2a3a-4103-90b6-a63b8c761f1e,scoring_rubric,known_missing,True,True,,,matched
t160-quality-20261007T012224Z-1f7eeede-08-IMP-IMAGE-r2,IMP-IMAGE,2,assisted_corrected,c4d750a5-4dc4-5a35-83e2-dee4ca44aca1,f1699312-2a3a-4103-90b6-a63b8c761f1e,knowledge_points,known_missing,True,True,[],[],matched
t160-quality-20261007T012224Z-1f7eeede-08-IMP-IMAGE-r2,IMP-IMAGE,2,assisted_corrected,c4d750a5-4dc4-5a35-83e2-dee4ca44aca1,f1699312-2a3a-4103-90b6-a63b8c761f1e,source_regions,unknown,False,,,,reference_unknown
t160-quality-20261007T012224Z-1f7eeede-08-IMP-IMAGE-r2,IMP-IMAGE,2,assisted_corrected,c4d750a5-4dc4-5a35-83e2-dee4ca44aca1,f1699312-2a3a-4103-90b6-a63b8c761f1e,assets,source_provided,True,True,[],[],matched
t160-quality-20261007T012224Z-1f7eeede-08-IMP-IMAGE-r2,IMP-IMAGE,2,assisted_corrected,e418791a-1462-52b7-98fe-396ce71b8d48,43451f72-664e-4845-b7da-cdd9daaab57e,question_number,source_provided,True,True,2,2,matched
t160-quality-20261007T012224Z-1f7eeede-08-IMP-IMAGE-r2,IMP-IMAGE,2,assisted_corrected,e418791a-1462-52b7-98fe-396ce71b8d48,43451f72-664e-4845-b7da-cdd9daaab57e,order_index,source_provided,True,True,2,2,matched
t160-quality-20261007T012224Z-1f7eeede-08-IMP-IMAGE-r2,IMP-IMAGE,2,assisted_corrected,e418791a-1462-52b7-98fe-396ce71b8d48,43451f72-664e-4845-b7da-cdd9daaab57e,source_page_numbers,source_provided,True,True,[1],[1],matched
t160-quality-20261007T012224Z-1f7eeede-08-IMP-IMAGE-r2,IMP-IMAGE,2,assisted_corrected,e418791a-1462-52b7-98fe-396ce71b8d48,43451f72-664e-4845-b7da-cdd9daaab57e,question_type,source_provided,True,True,TRUE_FALSE,TRUE_FALSE,matched
t160-quality-20261007T012224Z-1f7eeede-08-IMP-IMAGE-r2,IMP-IMAGE,2,assisted_corrected,e418791a-1462-52b7-98fe-396ce71b8d48,43451f72-664e-4845-b7da-cdd9daaab57e,content,source_provided,True,True,右图三角形面积为 24 cm²。,右图三角形面积为 24 cm²。,matched
t160-quality-20261007T012224Z-1f7eeede-08-IMP-IMAGE-r2,IMP-IMAGE,2,assisted_corrected,e418791a-1462-52b7-98fe-396ce71b8d48,43451f72-664e-4845-b7da-cdd9daaab57e,options,source_provided,True,True,"[""正确"", ""错误""]","[""正确"", ""错误""]",matched
t160-quality-20261007T012224Z-1f7eeede-08-IMP-IMAGE-r2,IMP-IMAGE,2,assisted_corrected,e418791a-1462-52b7-98fe-396ce71b8d48,43451f72-664e-4845-b7da-cdd9daaab57e,reference_answer,known_missing,True,True,,,matched
t160-quality-20261007T012224Z-1f7eeede-08-IMP-IMAGE-r2,IMP-IMAGE,2,assisted_corrected,e418791a-1462-52b7-98fe-396ce71b8d48,43451f72-664e-4845-b7da-cdd9daaab57e,analysis,known_missing,True,True,,,matched
t160-quality-20261007T012224Z-1f7eeede-08-IMP-IMAGE-r2,IMP-IMAGE,2,assisted_corrected,e418791a-1462-52b7-98fe-396ce71b8d48,43451f72-664e-4845-b7da-cdd9daaab57e,score,source_provided,True,True,2.00,2.00,matched
t160-quality-20261007T012224Z-1f7eeede-08-IMP-IMAGE-r2,IMP-IMAGE,2,assisted_corrected,e418791a-1462-52b7-98fe-396ce71b8d48,43451f72-664e-4845-b7da-cdd9daaab57e,scoring_rubric,known_missing,True,True,,,matched
t160-quality-20261007T012224Z-1f7eeede-08-IMP-IMAGE-r2,IMP-IMAGE,2,assisted_corrected,e418791a-1462-52b7-98fe-396ce71b8d48,43451f72-664e-4845-b7da-cdd9daaab57e,knowledge_points,known_missing,True,True,[],[],matched
t160-quality-20261007T012224Z-1f7eeede-08-IMP-IMAGE-r2,IMP-IMAGE,2,assisted_corrected,e418791a-1462-52b7-98fe-396ce71b8d48,43451f72-664e-4845-b7da-cdd9daaab57e,source_regions,unknown,False,,,,reference_unknown
t160-quality-20261007T012224Z-1f7eeede-08-IMP-IMAGE-r2,IMP-IMAGE,2,assisted_corrected,e418791a-1462-52b7-98fe-396ce71b8d48,43451f72-664e-4845-b7da-cdd9daaab57e,assets,source_provided,True,False,"[{""asset_type"": ""figure"", ""source_page_number"": 1, ""order_index"": 1}]",,matched
t160-quality-20261007T012224Z-1f7eeede-08-IMP-IMAGE-r2,IMP-IMAGE,2,assisted_corrected,e5c1555f-e927-575c-b68c-85eb341a3202,a8db0733-70c4-4b5c-a0f4-d895213565bf,question_number,source_provided,True,True,3,3,matched
t160-quality-20261007T012224Z-1f7eeede-08-IMP-IMAGE-r2,IMP-IMAGE,2,assisted_corrected,e5c1555f-e927-575c-b68c-85eb341a3202,a8db0733-70c4-4b5c-a0f4-d895213565bf,order_index,source_provided,True,True,3,3,matched
t160-quality-20261007T012224Z-1f7eeede-08-IMP-IMAGE-r2,IMP-IMAGE,2,assisted_corrected,e5c1555f-e927-575c-b68c-85eb341a3202,a8db0733-70c4-4b5c-a0f4-d895213565bf,source_page_numbers,source_provided,True,True,[1],[1],matched
t160-quality-20261007T012224Z-1f7eeede-08-IMP-IMAGE-r2,IMP-IMAGE,2,assisted_corrected,e5c1555f-e927-575c-b68c-85eb341a3202,a8db0733-70c4-4b5c-a0f4-d895213565bf,question_type,source_provided,True,True,SHORT_ANSWER,SHORT_ANSWER,matched
t160-quality-20261007T012224Z-1f7eeede-08-IMP-IMAGE-r2,IMP-IMAGE,2,assisted_corrected,e5c1555f-e927-575c-b68c-85eb341a3202,a8db0733-70c4-4b5c-a0f4-d895213565bf,content,source_provided,True,True,根据下表写出 y 关于 x 的关系式。,根据下表写出 y 关于 x 的关系式。,matched
t160-quality-20261007T012224Z-1f7eeede-08-IMP-IMAGE-r2,IMP-IMAGE,2,assisted_corrected,e5c1555f-e927-575c-b68c-85eb341a3202,a8db0733-70c4-4b5c-a0f4-d895213565bf,options,not_applicable,True,True,,,matched
t160-quality-20261007T012224Z-1f7eeede-08-IMP-IMAGE-r2,IMP-IMAGE,2,assisted_corrected,e5c1555f-e927-575c-b68c-85eb341a3202,a8db0733-70c4-4b5c-a0f4-d895213565bf,reference_answer,known_missing,True,True,,,matched
t160-quality-20261007T012224Z-1f7eeede-08-IMP-IMAGE-r2,IMP-IMAGE,2,assisted_corrected,e5c1555f-e927-575c-b68c-85eb341a3202,a8db0733-70c4-4b5c-a0f4-d895213565bf,analysis,known_missing,True,True,,,matched
t160-quality-20261007T012224Z-1f7eeede-08-IMP-IMAGE-r2,IMP-IMAGE,2,assisted_corrected,e5c1555f-e927-575c-b68c-85eb341a3202,a8db0733-70c4-4b5c-a0f4-d895213565bf,score,source_provided,True,True,3.00,3.00,matched
t160-quality-20261007T012224Z-1f7eeede-08-IMP-IMAGE-r2,IMP-IMAGE,2,assisted_corrected,e5c1555f-e927-575c-b68c-85eb341a3202,a8db0733-70c4-4b5c-a0f4-d895213565bf,scoring_rubric,source_provided,True,True,正确关系式 1.00；说明代入过程 2.00。,正确关系式 1.00；说明代入过程 2.00。,matched
t160-quality-20261007T012224Z-1f7eeede-08-IMP-IMAGE-r2,IMP-IMAGE,2,assisted_corrected,e5c1555f-e927-575c-b68c-85eb341a3202,a8db0733-70c4-4b5c-a0f4-d895213565bf,knowledge_points,source_provided,True,True,"[""一次函数"", ""表达与计算""]","[""一次函数"", ""表达与计算""]",matched
t160-quality-20261007T012224Z-1f7eeede-08-IMP-IMAGE-r2,IMP-IMAGE,2,assisted_corrected,e5c1555f-e927-575c-b68c-85eb341a3202,a8db0733-70c4-4b5c-a0f4-d895213565bf,source_regions,unknown,False,,,,reference_unknown
t160-quality-20261007T012224Z-1f7eeede-08-IMP-IMAGE-r2,IMP-IMAGE,2,assisted_corrected,e5c1555f-e927-575c-b68c-85eb341a3202,a8db0733-70c4-4b5c-a0f4-d895213565bf,assets,source_provided,True,False,"[{""asset_type"": ""table"", ""source_page_number"": 1, ""order_index"": 1}]",,matched
t160-quality-20261007T012224Z-1f7eeede-09-IMP-IMAGE-r3,IMP-IMAGE,3,automatic,c4d750a5-4dc4-5a35-83e2-dee4ca44aca1,20af1fca-6ab5-4750-bede-8d3eebc3d180,question_number,source_provided,True,True,1,1,matched
t160-quality-20261007T012224Z-1f7eeede-09-IMP-IMAGE-r3,IMP-IMAGE,3,automatic,c4d750a5-4dc4-5a35-83e2-dee4ca44aca1,20af1fca-6ab5-4750-bede-8d3eebc3d180,order_index,source_provided,True,True,1,1,matched
t160-quality-20261007T012224Z-1f7eeede-09-IMP-IMAGE-r3,IMP-IMAGE,3,automatic,c4d750a5-4dc4-5a35-83e2-dee4ca44aca1,20af1fca-6ab5-4750-bede-8d3eebc3d180,source_page_numbers,source_provided,True,True,[1],[1],matched
t160-quality-20261007T012224Z-1f7eeede-09-IMP-IMAGE-r3,IMP-IMAGE,3,automatic,c4d750a5-4dc4-5a35-83e2-dee4ca44aca1,20af1fca-6ab5-4750-bede-8d3eebc3d180,question_type,source_provided,True,True,SINGLE_CHOICE,SINGLE_CHOICE,matched
t160-quality-20261007T012224Z-1f7eeede-09-IMP-IMAGE-r3,IMP-IMAGE,3,automatic,c4d750a5-4dc4-5a35-83e2-dee4ca44aca1,20af1fca-6ab5-4750-bede-8d3eebc3d180,content,source_provided,True,True,y = 2x + 1，x = 3 时 y 为多少？,y = 2x + 1，x = 3 时 y 为多少？,matched
t160-quality-20261007T012224Z-1f7eeede-09-IMP-IMAGE-r3,IMP-IMAGE,3,automatic,c4d750a5-4dc4-5a35-83e2-dee4ca44aca1,20af1fca-6ab5-4750-bede-8d3eebc3d180,options,source_provided,True,True,"{""C"": ""7"", ""A"": ""5"", ""B"": ""6"", ""D"": ""8""}","{""C"": ""7"", ""A"": ""5"", ""B"": ""6"", ""D"": ""8""}",matched
t160-quality-20261007T012224Z-1f7eeede-09-IMP-IMAGE-r3,IMP-IMAGE,3,automatic,c4d750a5-4dc4-5a35-83e2-dee4ca44aca1,20af1fca-6ab5-4750-bede-8d3eebc3d180,reference_answer,source_provided,True,True,C,C,matched
t160-quality-20261007T012224Z-1f7eeede-09-IMP-IMAGE-r3,IMP-IMAGE,3,automatic,c4d750a5-4dc4-5a35-83e2-dee4ca44aca1,20af1fca-6ab5-4750-bede-8d3eebc3d180,analysis,source_provided,True,False,2 × 3 + 1 = 7。,2 × 3 +1=7。,matched
t160-quality-20261007T012224Z-1f7eeede-09-IMP-IMAGE-r3,IMP-IMAGE,3,automatic,c4d750a5-4dc4-5a35-83e2-dee4ca44aca1,20af1fca-6ab5-4750-bede-8d3eebc3d180,score,source_provided,True,True,2.00,2.00,matched
t160-quality-20261007T012224Z-1f7eeede-09-IMP-IMAGE-r3,IMP-IMAGE,3,automatic,c4d750a5-4dc4-5a35-83e2-dee4ca44aca1,20af1fca-6ab5-4750-bede-8d3eebc3d180,scoring_rubric,known_missing,True,True,,,matched
t160-quality-20261007T012224Z-1f7eeede-09-IMP-IMAGE-r3,IMP-IMAGE,3,automatic,c4d750a5-4dc4-5a35-83e2-dee4ca44aca1,20af1fca-6ab5-4750-bede-8d3eebc3d180,knowledge_points,known_missing,True,True,[],[],matched
t160-quality-20261007T012224Z-1f7eeede-09-IMP-IMAGE-r3,IMP-IMAGE,3,automatic,c4d750a5-4dc4-5a35-83e2-dee4ca44aca1,20af1fca-6ab5-4750-bede-8d3eebc3d180,source_regions,unknown,False,,,,reference_unknown
t160-quality-20261007T012224Z-1f7eeede-09-IMP-IMAGE-r3,IMP-IMAGE,3,automatic,c4d750a5-4dc4-5a35-83e2-dee4ca44aca1,20af1fca-6ab5-4750-bede-8d3eebc3d180,assets,source_provided,True,False,[],,matched
t160-quality-20261007T012224Z-1f7eeede-09-IMP-IMAGE-r3,IMP-IMAGE,3,automatic,e418791a-1462-52b7-98fe-396ce71b8d48,2fe32801-c289-41ca-b889-924dd87bb16b,question_number,source_provided,True,True,2,2,matched
t160-quality-20261007T012224Z-1f7eeede-09-IMP-IMAGE-r3,IMP-IMAGE,3,automatic,e418791a-1462-52b7-98fe-396ce71b8d48,2fe32801-c289-41ca-b889-924dd87bb16b,order_index,source_provided,True,True,2,2,matched
t160-quality-20261007T012224Z-1f7eeede-09-IMP-IMAGE-r3,IMP-IMAGE,3,automatic,e418791a-1462-52b7-98fe-396ce71b8d48,2fe32801-c289-41ca-b889-924dd87bb16b,source_page_numbers,source_provided,True,True,[1],[1],matched
t160-quality-20261007T012224Z-1f7eeede-09-IMP-IMAGE-r3,IMP-IMAGE,3,automatic,e418791a-1462-52b7-98fe-396ce71b8d48,2fe32801-c289-41ca-b889-924dd87bb16b,question_type,source_provided,True,True,TRUE_FALSE,TRUE_FALSE,matched
t160-quality-20261007T012224Z-1f7eeede-09-IMP-IMAGE-r3,IMP-IMAGE,3,automatic,e418791a-1462-52b7-98fe-396ce71b8d48,2fe32801-c289-41ca-b889-924dd87bb16b,content,source_provided,True,False,右图三角形面积为 24 cm²。,右图三角形面积为 24cm²。,matched
t160-quality-20261007T012224Z-1f7eeede-09-IMP-IMAGE-r3,IMP-IMAGE,3,automatic,e418791a-1462-52b7-98fe-396ce71b8d48,2fe32801-c289-41ca-b889-924dd87bb16b,options,source_provided,True,True,"[""正确"", ""错误""]","[""正确"", ""错误""]",matched
t160-quality-20261007T012224Z-1f7eeede-09-IMP-IMAGE-r3,IMP-IMAGE,3,automatic,e418791a-1462-52b7-98fe-396ce71b8d48,2fe32801-c289-41ca-b889-924dd87bb16b,reference_answer,known_missing,True,True,,,matched
t160-quality-20261007T012224Z-1f7eeede-09-IMP-IMAGE-r3,IMP-IMAGE,3,automatic,e418791a-1462-52b7-98fe-396ce71b8d48,2fe32801-c289-41ca-b889-924dd87bb16b,analysis,known_missing,True,True,,,matched
t160-quality-20261007T012224Z-1f7eeede-09-IMP-IMAGE-r3,IMP-IMAGE,3,automatic,e418791a-1462-52b7-98fe-396ce71b8d48,2fe32801-c289-41ca-b889-924dd87bb16b,score,source_provided,True,True,2.00,2.00,matched
t160-quality-20261007T012224Z-1f7eeede-09-IMP-IMAGE-r3,IMP-IMAGE,3,automatic,e418791a-1462-52b7-98fe-396ce71b8d48,2fe32801-c289-41ca-b889-924dd87bb16b,scoring_rubric,known_missing,True,True,,,matched
t160-quality-20261007T012224Z-1f7eeede-09-IMP-IMAGE-r3,IMP-IMAGE,3,automatic,e418791a-1462-52b7-98fe-396ce71b8d48,2fe32801-c289-41ca-b889-924dd87bb16b,knowledge_points,known_missing,True,True,[],[],matched
t160-quality-20261007T012224Z-1f7eeede-09-IMP-IMAGE-r3,IMP-IMAGE,3,automatic,e418791a-1462-52b7-98fe-396ce71b8d48,2fe32801-c289-41ca-b889-924dd87bb16b,source_regions,unknown,False,,,,reference_unknown
t160-quality-20261007T012224Z-1f7eeede-09-IMP-IMAGE-r3,IMP-IMAGE,3,automatic,e418791a-1462-52b7-98fe-396ce71b8d48,2fe32801-c289-41ca-b889-924dd87bb16b,assets,source_provided,True,False,"[{""asset_type"": ""figure"", ""source_page_number"": 1, ""order_index"": 1}]",,matched
t160-quality-20261007T012224Z-1f7eeede-09-IMP-IMAGE-r3,IMP-IMAGE,3,automatic,e5c1555f-e927-575c-b68c-85eb341a3202,01af1571-52bb-4065-977f-95ebd6c7c5df,question_number,source_provided,True,True,3,3,matched
t160-quality-20261007T012224Z-1f7eeede-09-IMP-IMAGE-r3,IMP-IMAGE,3,automatic,e5c1555f-e927-575c-b68c-85eb341a3202,01af1571-52bb-4065-977f-95ebd6c7c5df,order_index,source_provided,True,True,3,3,matched
t160-quality-20261007T012224Z-1f7eeede-09-IMP-IMAGE-r3,IMP-IMAGE,3,automatic,e5c1555f-e927-575c-b68c-85eb341a3202,01af1571-52bb-4065-977f-95ebd6c7c5df,source_page_numbers,source_provided,True,True,[1],[1],matched
t160-quality-20261007T012224Z-1f7eeede-09-IMP-IMAGE-r3,IMP-IMAGE,3,automatic,e5c1555f-e927-575c-b68c-85eb341a3202,01af1571-52bb-4065-977f-95ebd6c7c5df,question_type,source_provided,True,True,SHORT_ANSWER,SHORT_ANSWER,matched
t160-quality-20261007T012224Z-1f7eeede-09-IMP-IMAGE-r3,IMP-IMAGE,3,automatic,e5c1555f-e927-575c-b68c-85eb341a3202,01af1571-52bb-4065-977f-95ebd6c7c5df,content,source_provided,True,True,根据下表写出 y 关于 x 的关系式。,根据下表写出 y 关于 x 的关系式。,matched
t160-quality-20261007T012224Z-1f7eeede-09-IMP-IMAGE-r3,IMP-IMAGE,3,automatic,e5c1555f-e927-575c-b68c-85eb341a3202,01af1571-52bb-4065-977f-95ebd6c7c5df,options,not_applicable,True,True,,,matched
t160-quality-20261007T012224Z-1f7eeede-09-IMP-IMAGE-r3,IMP-IMAGE,3,automatic,e5c1555f-e927-575c-b68c-85eb341a3202,01af1571-52bb-4065-977f-95ebd6c7c5df,reference_answer,known_missing,True,True,,,matched
t160-quality-20261007T012224Z-1f7eeede-09-IMP-IMAGE-r3,IMP-IMAGE,3,automatic,e5c1555f-e927-575c-b68c-85eb341a3202,01af1571-52bb-4065-977f-95ebd6c7c5df,analysis,known_missing,True,True,,,matched
t160-quality-20261007T012224Z-1f7eeede-09-IMP-IMAGE-r3,IMP-IMAGE,3,automatic,e5c1555f-e927-575c-b68c-85eb341a3202,01af1571-52bb-4065-977f-95ebd6c7c5df,score,source_provided,True,True,3.00,3.00,matched
t160-quality-20261007T012224Z-1f7eeede-09-IMP-IMAGE-r3,IMP-IMAGE,3,automatic,e5c1555f-e927-575c-b68c-85eb341a3202,01af1571-52bb-4065-977f-95ebd6c7c5df,scoring_rubric,source_provided,True,False,正确关系式 1.00；说明代入过程 2.00。,正确关系式1.00；说明代入过程2.00。,matched
t160-quality-20261007T012224Z-1f7eeede-09-IMP-IMAGE-r3,IMP-IMAGE,3,automatic,e5c1555f-e927-575c-b68c-85eb341a3202,01af1571-52bb-4065-977f-95ebd6c7c5df,knowledge_points,source_provided,True,True,"[""一次函数"", ""表达与计算""]","[""一次函数"", ""表达与计算""]",matched
t160-quality-20261007T012224Z-1f7eeede-09-IMP-IMAGE-r3,IMP-IMAGE,3,automatic,e5c1555f-e927-575c-b68c-85eb341a3202,01af1571-52bb-4065-977f-95ebd6c7c5df,source_regions,unknown,False,,,,reference_unknown
t160-quality-20261007T012224Z-1f7eeede-09-IMP-IMAGE-r3,IMP-IMAGE,3,automatic,e5c1555f-e927-575c-b68c-85eb341a3202,01af1571-52bb-4065-977f-95ebd6c7c5df,assets,source_provided,True,False,"[{""asset_type"": ""table"", ""source_page_number"": 1, ""order_index"": 1}]",,matched
t160-quality-20261007T012224Z-1f7eeede-09-IMP-IMAGE-r3,IMP-IMAGE,3,assisted_corrected,c4d750a5-4dc4-5a35-83e2-dee4ca44aca1,20af1fca-6ab5-4750-bede-8d3eebc3d180,question_number,source_provided,True,True,1,1,matched
t160-quality-20261007T012224Z-1f7eeede-09-IMP-IMAGE-r3,IMP-IMAGE,3,assisted_corrected,c4d750a5-4dc4-5a35-83e2-dee4ca44aca1,20af1fca-6ab5-4750-bede-8d3eebc3d180,order_index,source_provided,True,True,1,1,matched
t160-quality-20261007T012224Z-1f7eeede-09-IMP-IMAGE-r3,IMP-IMAGE,3,assisted_corrected,c4d750a5-4dc4-5a35-83e2-dee4ca44aca1,20af1fca-6ab5-4750-bede-8d3eebc3d180,source_page_numbers,source_provided,True,True,[1],[1],matched
t160-quality-20261007T012224Z-1f7eeede-09-IMP-IMAGE-r3,IMP-IMAGE,3,assisted_corrected,c4d750a5-4dc4-5a35-83e2-dee4ca44aca1,20af1fca-6ab5-4750-bede-8d3eebc3d180,question_type,source_provided,True,True,SINGLE_CHOICE,SINGLE_CHOICE,matched
t160-quality-20261007T012224Z-1f7eeede-09-IMP-IMAGE-r3,IMP-IMAGE,3,assisted_corrected,c4d750a5-4dc4-5a35-83e2-dee4ca44aca1,20af1fca-6ab5-4750-bede-8d3eebc3d180,content,source_provided,True,True,y = 2x + 1，x = 3 时 y 为多少？,y = 2x + 1，x = 3 时 y 为多少？,matched
t160-quality-20261007T012224Z-1f7eeede-09-IMP-IMAGE-r3,IMP-IMAGE,3,assisted_corrected,c4d750a5-4dc4-5a35-83e2-dee4ca44aca1,20af1fca-6ab5-4750-bede-8d3eebc3d180,options,source_provided,True,True,"{""C"": ""7"", ""A"": ""5"", ""B"": ""6"", ""D"": ""8""}","{""C"": ""7"", ""A"": ""5"", ""B"": ""6"", ""D"": ""8""}",matched
t160-quality-20261007T012224Z-1f7eeede-09-IMP-IMAGE-r3,IMP-IMAGE,3,assisted_corrected,c4d750a5-4dc4-5a35-83e2-dee4ca44aca1,20af1fca-6ab5-4750-bede-8d3eebc3d180,reference_answer,source_provided,True,True,C,C,matched
t160-quality-20261007T012224Z-1f7eeede-09-IMP-IMAGE-r3,IMP-IMAGE,3,assisted_corrected,c4d750a5-4dc4-5a35-83e2-dee4ca44aca1,20af1fca-6ab5-4750-bede-8d3eebc3d180,analysis,source_provided,True,True,2 × 3 + 1 = 7。,2 × 3 + 1 = 7。,matched
t160-quality-20261007T012224Z-1f7eeede-09-IMP-IMAGE-r3,IMP-IMAGE,3,assisted_corrected,c4d750a5-4dc4-5a35-83e2-dee4ca44aca1,20af1fca-6ab5-4750-bede-8d3eebc3d180,score,source_provided,True,True,2.00,2.00,matched
t160-quality-20261007T012224Z-1f7eeede-09-IMP-IMAGE-r3,IMP-IMAGE,3,assisted_corrected,c4d750a5-4dc4-5a35-83e2-dee4ca44aca1,20af1fca-6ab5-4750-bede-8d3eebc3d180,scoring_rubric,known_missing,True,True,,,matched
t160-quality-20261007T012224Z-1f7eeede-09-IMP-IMAGE-r3,IMP-IMAGE,3,assisted_corrected,c4d750a5-4dc4-5a35-83e2-dee4ca44aca1,20af1fca-6ab5-4750-bede-8d3eebc3d180,knowledge_points,known_missing,True,True,[],[],matched
t160-quality-20261007T012224Z-1f7eeede-09-IMP-IMAGE-r3,IMP-IMAGE,3,assisted_corrected,c4d750a5-4dc4-5a35-83e2-dee4ca44aca1,20af1fca-6ab5-4750-bede-8d3eebc3d180,source_regions,unknown,False,,,,reference_unknown
t160-quality-20261007T012224Z-1f7eeede-09-IMP-IMAGE-r3,IMP-IMAGE,3,assisted_corrected,c4d750a5-4dc4-5a35-83e2-dee4ca44aca1,20af1fca-6ab5-4750-bede-8d3eebc3d180,assets,source_provided,True,True,[],[],matched
t160-quality-20261007T012224Z-1f7eeede-09-IMP-IMAGE-r3,IMP-IMAGE,3,assisted_corrected,e418791a-1462-52b7-98fe-396ce71b8d48,2fe32801-c289-41ca-b889-924dd87bb16b,question_number,source_provided,True,True,2,2,matched
t160-quality-20261007T012224Z-1f7eeede-09-IMP-IMAGE-r3,IMP-IMAGE,3,assisted_corrected,e418791a-1462-52b7-98fe-396ce71b8d48,2fe32801-c289-41ca-b889-924dd87bb16b,order_index,source_provided,True,True,2,2,matched
t160-quality-20261007T012224Z-1f7eeede-09-IMP-IMAGE-r3,IMP-IMAGE,3,assisted_corrected,e418791a-1462-52b7-98fe-396ce71b8d48,2fe32801-c289-41ca-b889-924dd87bb16b,source_page_numbers,source_provided,True,True,[1],[1],matched
t160-quality-20261007T012224Z-1f7eeede-09-IMP-IMAGE-r3,IMP-IMAGE,3,assisted_corrected,e418791a-1462-52b7-98fe-396ce71b8d48,2fe32801-c289-41ca-b889-924dd87bb16b,question_type,source_provided,True,True,TRUE_FALSE,TRUE_FALSE,matched
t160-quality-20261007T012224Z-1f7eeede-09-IMP-IMAGE-r3,IMP-IMAGE,3,assisted_corrected,e418791a-1462-52b7-98fe-396ce71b8d48,2fe32801-c289-41ca-b889-924dd87bb16b,content,source_provided,True,True,右图三角形面积为 24 cm²。,右图三角形面积为 24 cm²。,matched
t160-quality-20261007T012224Z-1f7eeede-09-IMP-IMAGE-r3,IMP-IMAGE,3,assisted_corrected,e418791a-1462-52b7-98fe-396ce71b8d48,2fe32801-c289-41ca-b889-924dd87bb16b,options,source_provided,True,True,"[""正确"", ""错误""]","[""正确"", ""错误""]",matched
t160-quality-20261007T012224Z-1f7eeede-09-IMP-IMAGE-r3,IMP-IMAGE,3,assisted_corrected,e418791a-1462-52b7-98fe-396ce71b8d48,2fe32801-c289-41ca-b889-924dd87bb16b,reference_answer,known_missing,True,True,,,matched
t160-quality-20261007T012224Z-1f7eeede-09-IMP-IMAGE-r3,IMP-IMAGE,3,assisted_corrected,e418791a-1462-52b7-98fe-396ce71b8d48,2fe32801-c289-41ca-b889-924dd87bb16b,analysis,known_missing,True,True,,,matched
t160-quality-20261007T012224Z-1f7eeede-09-IMP-IMAGE-r3,IMP-IMAGE,3,assisted_corrected,e418791a-1462-52b7-98fe-396ce71b8d48,2fe32801-c289-41ca-b889-924dd87bb16b,score,source_provided,True,True,2.00,2.00,matched
t160-quality-20261007T012224Z-1f7eeede-09-IMP-IMAGE-r3,IMP-IMAGE,3,assisted_corrected,e418791a-1462-52b7-98fe-396ce71b8d48,2fe32801-c289-41ca-b889-924dd87bb16b,scoring_rubric,known_missing,True,True,,,matched
t160-quality-20261007T012224Z-1f7eeede-09-IMP-IMAGE-r3,IMP-IMAGE,3,assisted_corrected,e418791a-1462-52b7-98fe-396ce71b8d48,2fe32801-c289-41ca-b889-924dd87bb16b,knowledge_points,known_missing,True,True,[],[],matched
t160-quality-20261007T012224Z-1f7eeede-09-IMP-IMAGE-r3,IMP-IMAGE,3,assisted_corrected,e418791a-1462-52b7-98fe-396ce71b8d48,2fe32801-c289-41ca-b889-924dd87bb16b,source_regions,unknown,False,,,,reference_unknown
t160-quality-20261007T012224Z-1f7eeede-09-IMP-IMAGE-r3,IMP-IMAGE,3,assisted_corrected,e418791a-1462-52b7-98fe-396ce71b8d48,2fe32801-c289-41ca-b889-924dd87bb16b,assets,source_provided,True,False,"[{""asset_type"": ""figure"", ""source_page_number"": 1, ""order_index"": 1}]",,matched
t160-quality-20261007T012224Z-1f7eeede-09-IMP-IMAGE-r3,IMP-IMAGE,3,assisted_corrected,e5c1555f-e927-575c-b68c-85eb341a3202,01af1571-52bb-4065-977f-95ebd6c7c5df,question_number,source_provided,True,True,3,3,matched
t160-quality-20261007T012224Z-1f7eeede-09-IMP-IMAGE-r3,IMP-IMAGE,3,assisted_corrected,e5c1555f-e927-575c-b68c-85eb341a3202,01af1571-52bb-4065-977f-95ebd6c7c5df,order_index,source_provided,True,True,3,3,matched
t160-quality-20261007T012224Z-1f7eeede-09-IMP-IMAGE-r3,IMP-IMAGE,3,assisted_corrected,e5c1555f-e927-575c-b68c-85eb341a3202,01af1571-52bb-4065-977f-95ebd6c7c5df,source_page_numbers,source_provided,True,True,[1],[1],matched
t160-quality-20261007T012224Z-1f7eeede-09-IMP-IMAGE-r3,IMP-IMAGE,3,assisted_corrected,e5c1555f-e927-575c-b68c-85eb341a3202,01af1571-52bb-4065-977f-95ebd6c7c5df,question_type,source_provided,True,True,SHORT_ANSWER,SHORT_ANSWER,matched
t160-quality-20261007T012224Z-1f7eeede-09-IMP-IMAGE-r3,IMP-IMAGE,3,assisted_corrected,e5c1555f-e927-575c-b68c-85eb341a3202,01af1571-52bb-4065-977f-95ebd6c7c5df,content,source_provided,True,True,根据下表写出 y 关于 x 的关系式。,根据下表写出 y 关于 x 的关系式。,matched
t160-quality-20261007T012224Z-1f7eeede-09-IMP-IMAGE-r3,IMP-IMAGE,3,assisted_corrected,e5c1555f-e927-575c-b68c-85eb341a3202,01af1571-52bb-4065-977f-95ebd6c7c5df,options,not_applicable,True,True,,,matched
t160-quality-20261007T012224Z-1f7eeede-09-IMP-IMAGE-r3,IMP-IMAGE,3,assisted_corrected,e5c1555f-e927-575c-b68c-85eb341a3202,01af1571-52bb-4065-977f-95ebd6c7c5df,reference_answer,known_missing,True,True,,,matched
t160-quality-20261007T012224Z-1f7eeede-09-IMP-IMAGE-r3,IMP-IMAGE,3,assisted_corrected,e5c1555f-e927-575c-b68c-85eb341a3202,01af1571-52bb-4065-977f-95ebd6c7c5df,analysis,known_missing,True,True,,,matched
t160-quality-20261007T012224Z-1f7eeede-09-IMP-IMAGE-r3,IMP-IMAGE,3,assisted_corrected,e5c1555f-e927-575c-b68c-85eb341a3202,01af1571-52bb-4065-977f-95ebd6c7c5df,score,source_provided,True,True,3.00,3.00,matched
t160-quality-20261007T012224Z-1f7eeede-09-IMP-IMAGE-r3,IMP-IMAGE,3,assisted_corrected,e5c1555f-e927-575c-b68c-85eb341a3202,01af1571-52bb-4065-977f-95ebd6c7c5df,scoring_rubric,source_provided,True,True,正确关系式 1.00；说明代入过程 2.00。,正确关系式 1.00；说明代入过程 2.00。,matched
t160-quality-20261007T012224Z-1f7eeede-09-IMP-IMAGE-r3,IMP-IMAGE,3,assisted_corrected,e5c1555f-e927-575c-b68c-85eb341a3202,01af1571-52bb-4065-977f-95ebd6c7c5df,knowledge_points,source_provided,True,True,"[""一次函数"", ""表达与计算""]","[""一次函数"", ""表达与计算""]",matched
t160-quality-20261007T012224Z-1f7eeede-09-IMP-IMAGE-r3,IMP-IMAGE,3,assisted_corrected,e5c1555f-e927-575c-b68c-85eb341a3202,01af1571-52bb-4065-977f-95ebd6c7c5df,source_regions,unknown,False,,,,reference_unknown
t160-quality-20261007T012224Z-1f7eeede-09-IMP-IMAGE-r3,IMP-IMAGE,3,assisted_corrected,e5c1555f-e927-575c-b68c-85eb341a3202,01af1571-52bb-4065-977f-95ebd6c7c5df,assets,source_provided,True,False,"[{""asset_type"": ""table"", ""source_page_number"": 1, ""order_index"": 1}]",,matched
t160-quality-20261007T012224Z-1f7eeede-10-IMP-MIXED-r1,IMP-MIXED,1,automatic,1faa8619-84cc-5d65-86ae-244c7f68645e,,question_number,source_provided,True,False,1,,missing_identity
t160-quality-20261007T012224Z-1f7eeede-10-IMP-MIXED-r1,IMP-MIXED,1,automatic,1faa8619-84cc-5d65-86ae-244c7f68645e,,order_index,source_provided,True,False,1,,missing_identity
t160-quality-20261007T012224Z-1f7eeede-10-IMP-MIXED-r1,IMP-MIXED,1,automatic,1faa8619-84cc-5d65-86ae-244c7f68645e,,source_page_numbers,source_provided,True,False,[1],,missing_identity
t160-quality-20261007T012224Z-1f7eeede-10-IMP-MIXED-r1,IMP-MIXED,1,automatic,1faa8619-84cc-5d65-86ae-244c7f68645e,,question_type,source_provided,True,False,SINGLE_CHOICE,,missing_identity
t160-quality-20261007T012224Z-1f7eeede-10-IMP-MIXED-r1,IMP-MIXED,1,automatic,1faa8619-84cc-5d65-86ae-244c7f68645e,,content,source_provided,True,False,y = 2x + 1，x = 3 时 y 为多少？,,missing_identity
t160-quality-20261007T012224Z-1f7eeede-10-IMP-MIXED-r1,IMP-MIXED,1,automatic,1faa8619-84cc-5d65-86ae-244c7f68645e,,options,source_provided,True,False,"{""C"": ""7"", ""A"": ""5"", ""B"": ""6"", ""D"": ""8""}",,missing_identity
t160-quality-20261007T012224Z-1f7eeede-10-IMP-MIXED-r1,IMP-MIXED,1,automatic,1faa8619-84cc-5d65-86ae-244c7f68645e,,reference_answer,source_provided,True,False,C,,missing_identity
t160-quality-20261007T012224Z-1f7eeede-10-IMP-MIXED-r1,IMP-MIXED,1,automatic,1faa8619-84cc-5d65-86ae-244c7f68645e,,analysis,source_provided,True,False,2 × 3 + 1 = 7。,,missing_identity
t160-quality-20261007T012224Z-1f7eeede-10-IMP-MIXED-r1,IMP-MIXED,1,automatic,1faa8619-84cc-5d65-86ae-244c7f68645e,,score,source_provided,True,False,2.00,,missing_identity
t160-quality-20261007T012224Z-1f7eeede-10-IMP-MIXED-r1,IMP-MIXED,1,automatic,1faa8619-84cc-5d65-86ae-244c7f68645e,,scoring_rubric,known_missing,True,False,,,missing_identity
t160-quality-20261007T012224Z-1f7eeede-10-IMP-MIXED-r1,IMP-MIXED,1,automatic,1faa8619-84cc-5d65-86ae-244c7f68645e,,knowledge_points,known_missing,True,False,[],,missing_identity
t160-quality-20261007T012224Z-1f7eeede-10-IMP-MIXED-r1,IMP-MIXED,1,automatic,1faa8619-84cc-5d65-86ae-244c7f68645e,,source_regions,unknown,False,,,,reference_unknown
t160-quality-20261007T012224Z-1f7eeede-10-IMP-MIXED-r1,IMP-MIXED,1,automatic,1faa8619-84cc-5d65-86ae-244c7f68645e,,assets,source_provided,True,False,[],,missing_identity
t160-quality-20261007T012224Z-1f7eeede-10-IMP-MIXED-r1,IMP-MIXED,1,automatic,545de13f-3fe9-524b-a917-7ab04807806f,,question_number,source_provided,True,False,2,,missing_identity
t160-quality-20261007T012224Z-1f7eeede-10-IMP-MIXED-r1,IMP-MIXED,1,automatic,545de13f-3fe9-524b-a917-7ab04807806f,,order_index,source_provided,True,False,2,,missing_identity
t160-quality-20261007T012224Z-1f7eeede-10-IMP-MIXED-r1,IMP-MIXED,1,automatic,545de13f-3fe9-524b-a917-7ab04807806f,,source_page_numbers,source_provided,True,False,[1],,missing_identity
t160-quality-20261007T012224Z-1f7eeede-10-IMP-MIXED-r1,IMP-MIXED,1,automatic,545de13f-3fe9-524b-a917-7ab04807806f,,question_type,source_provided,True,False,TRUE_FALSE,,missing_identity
t160-quality-20261007T012224Z-1f7eeede-10-IMP-MIXED-r1,IMP-MIXED,1,automatic,545de13f-3fe9-524b-a917-7ab04807806f,,content,source_provided,True,False,右图三角形面积为 24 cm²。,,missing_identity
t160-quality-20261007T012224Z-1f7eeede-10-IMP-MIXED-r1,IMP-MIXED,1,automatic,545de13f-3fe9-524b-a917-7ab04807806f,,options,source_provided,True,False,"[""正确"", ""错误""]",,missing_identity
t160-quality-20261007T012224Z-1f7eeede-10-IMP-MIXED-r1,IMP-MIXED,1,automatic,545de13f-3fe9-524b-a917-7ab04807806f,,reference_answer,known_missing,True,False,,,missing_identity
t160-quality-20261007T012224Z-1f7eeede-10-IMP-MIXED-r1,IMP-MIXED,1,automatic,545de13f-3fe9-524b-a917-7ab04807806f,,analysis,known_missing,True,False,,,missing_identity
t160-quality-20261007T012224Z-1f7eeede-10-IMP-MIXED-r1,IMP-MIXED,1,automatic,545de13f-3fe9-524b-a917-7ab04807806f,,score,source_provided,True,False,2.00,,missing_identity
t160-quality-20261007T012224Z-1f7eeede-10-IMP-MIXED-r1,IMP-MIXED,1,automatic,545de13f-3fe9-524b-a917-7ab04807806f,,scoring_rubric,known_missing,True,False,,,missing_identity
t160-quality-20261007T012224Z-1f7eeede-10-IMP-MIXED-r1,IMP-MIXED,1,automatic,545de13f-3fe9-524b-a917-7ab04807806f,,knowledge_points,known_missing,True,False,[],,missing_identity
t160-quality-20261007T012224Z-1f7eeede-10-IMP-MIXED-r1,IMP-MIXED,1,automatic,545de13f-3fe9-524b-a917-7ab04807806f,,source_regions,unknown,False,,,,reference_unknown
t160-quality-20261007T012224Z-1f7eeede-10-IMP-MIXED-r1,IMP-MIXED,1,automatic,545de13f-3fe9-524b-a917-7ab04807806f,,assets,source_provided,True,False,"[{""asset_type"": ""figure"", ""source_page_number"": 1, ""order_index"": 1}]",,missing_identity
t160-quality-20261007T012224Z-1f7eeede-10-IMP-MIXED-r1,IMP-MIXED,1,automatic,85533f46-eb86-5893-8742-33939e77750f,,question_number,source_provided,True,False,3,,missing_identity
t160-quality-20261007T012224Z-1f7eeede-10-IMP-MIXED-r1,IMP-MIXED,1,automatic,85533f46-eb86-5893-8742-33939e77750f,,order_index,source_provided,True,False,3,,missing_identity
t160-quality-20261007T012224Z-1f7eeede-10-IMP-MIXED-r1,IMP-MIXED,1,automatic,85533f46-eb86-5893-8742-33939e77750f,,source_page_numbers,source_provided,True,False,[1],,missing_identity
t160-quality-20261007T012224Z-1f7eeede-10-IMP-MIXED-r1,IMP-MIXED,1,automatic,85533f46-eb86-5893-8742-33939e77750f,,question_type,source_provided,True,False,SHORT_ANSWER,,missing_identity
t160-quality-20261007T012224Z-1f7eeede-10-IMP-MIXED-r1,IMP-MIXED,1,automatic,85533f46-eb86-5893-8742-33939e77750f,,content,source_provided,True,False,根据下表写出 y 关于 x 的关系式。,,missing_identity
t160-quality-20261007T012224Z-1f7eeede-10-IMP-MIXED-r1,IMP-MIXED,1,automatic,85533f46-eb86-5893-8742-33939e77750f,,options,not_applicable,True,False,,,missing_identity
t160-quality-20261007T012224Z-1f7eeede-10-IMP-MIXED-r1,IMP-MIXED,1,automatic,85533f46-eb86-5893-8742-33939e77750f,,reference_answer,known_missing,True,False,,,missing_identity
t160-quality-20261007T012224Z-1f7eeede-10-IMP-MIXED-r1,IMP-MIXED,1,automatic,85533f46-eb86-5893-8742-33939e77750f,,analysis,known_missing,True,False,,,missing_identity
t160-quality-20261007T012224Z-1f7eeede-10-IMP-MIXED-r1,IMP-MIXED,1,automatic,85533f46-eb86-5893-8742-33939e77750f,,score,source_provided,True,False,3.00,,missing_identity
t160-quality-20261007T012224Z-1f7eeede-10-IMP-MIXED-r1,IMP-MIXED,1,automatic,85533f46-eb86-5893-8742-33939e77750f,,scoring_rubric,source_provided,True,False,正确关系式 1.00；说明代入过程 2.00。,,missing_identity
t160-quality-20261007T012224Z-1f7eeede-10-IMP-MIXED-r1,IMP-MIXED,1,automatic,85533f46-eb86-5893-8742-33939e77750f,,knowledge_points,source_provided,True,False,"[""一次函数"", ""表达与计算""]",,missing_identity
t160-quality-20261007T012224Z-1f7eeede-10-IMP-MIXED-r1,IMP-MIXED,1,automatic,85533f46-eb86-5893-8742-33939e77750f,,source_regions,unknown,False,,,,reference_unknown
t160-quality-20261007T012224Z-1f7eeede-10-IMP-MIXED-r1,IMP-MIXED,1,automatic,85533f46-eb86-5893-8742-33939e77750f,,assets,source_provided,True,False,"[{""asset_type"": ""table"", ""source_page_number"": 1, ""order_index"": 1}]",,missing_identity
t160-quality-20261007T012224Z-1f7eeede-10-IMP-MIXED-r1,IMP-MIXED,1,automatic,0fa8d57e-58c2-5aa4-b8cd-e52e96380a38,,question_number,source_provided,True,False,4,,missing_identity
t160-quality-20261007T012224Z-1f7eeede-10-IMP-MIXED-r1,IMP-MIXED,1,automatic,0fa8d57e-58c2-5aa4-b8cd-e52e96380a38,,order_index,source_provided,True,False,4,,missing_identity
t160-quality-20261007T012224Z-1f7eeede-10-IMP-MIXED-r1,IMP-MIXED,1,automatic,0fa8d57e-58c2-5aa4-b8cd-e52e96380a38,,source_page_numbers,source_provided,True,False,[2],,missing_identity
t160-quality-20261007T012224Z-1f7eeede-10-IMP-MIXED-r1,IMP-MIXED,1,automatic,0fa8d57e-58c2-5aa4-b8cd-e52e96380a38,,question_type,source_provided,True,False,SINGLE_CHOICE,,missing_identity
t160-quality-20261007T012224Z-1f7eeede-10-IMP-MIXED-r1,IMP-MIXED,1,automatic,0fa8d57e-58c2-5aa4-b8cd-e52e96380a38,,content,source_provided,True,False,y = 2x + 1，x = 3 时 y 为多少？,,missing_identity
t160-quality-20261007T012224Z-1f7eeede-10-IMP-MIXED-r1,IMP-MIXED,1,automatic,0fa8d57e-58c2-5aa4-b8cd-e52e96380a38,,options,source_provided,True,False,"{""C"": ""7"", ""A"": ""5"", ""B"": ""6"", ""D"": ""8""}",,missing_identity
t160-quality-20261007T012224Z-1f7eeede-10-IMP-MIXED-r1,IMP-MIXED,1,automatic,0fa8d57e-58c2-5aa4-b8cd-e52e96380a38,,reference_answer,source_provided,True,False,C,,missing_identity
t160-quality-20261007T012224Z-1f7eeede-10-IMP-MIXED-r1,IMP-MIXED,1,automatic,0fa8d57e-58c2-5aa4-b8cd-e52e96380a38,,analysis,source_provided,True,False,2 × 3 + 1 = 7。,,missing_identity
t160-quality-20261007T012224Z-1f7eeede-10-IMP-MIXED-r1,IMP-MIXED,1,automatic,0fa8d57e-58c2-5aa4-b8cd-e52e96380a38,,score,source_provided,True,False,2.00,,missing_identity
t160-quality-20261007T012224Z-1f7eeede-10-IMP-MIXED-r1,IMP-MIXED,1,automatic,0fa8d57e-58c2-5aa4-b8cd-e52e96380a38,,scoring_rubric,known_missing,True,False,,,missing_identity
t160-quality-20261007T012224Z-1f7eeede-10-IMP-MIXED-r1,IMP-MIXED,1,automatic,0fa8d57e-58c2-5aa4-b8cd-e52e96380a38,,knowledge_points,known_missing,True,False,[],,missing_identity
t160-quality-20261007T012224Z-1f7eeede-10-IMP-MIXED-r1,IMP-MIXED,1,automatic,0fa8d57e-58c2-5aa4-b8cd-e52e96380a38,,source_regions,unknown,False,,,,reference_unknown
t160-quality-20261007T012224Z-1f7eeede-10-IMP-MIXED-r1,IMP-MIXED,1,automatic,0fa8d57e-58c2-5aa4-b8cd-e52e96380a38,,assets,source_provided,True,False,[],,missing_identity
t160-quality-20261007T012224Z-1f7eeede-10-IMP-MIXED-r1,IMP-MIXED,1,automatic,455720b9-9061-5bce-83af-d6d53c6c84e1,,question_number,source_provided,True,False,5,,missing_identity
t160-quality-20261007T012224Z-1f7eeede-10-IMP-MIXED-r1,IMP-MIXED,1,automatic,455720b9-9061-5bce-83af-d6d53c6c84e1,,order_index,source_provided,True,False,5,,missing_identity
t160-quality-20261007T012224Z-1f7eeede-10-IMP-MIXED-r1,IMP-MIXED,1,automatic,455720b9-9061-5bce-83af-d6d53c6c84e1,,source_page_numbers,source_provided,True,False,[2],,missing_identity
t160-quality-20261007T012224Z-1f7eeede-10-IMP-MIXED-r1,IMP-MIXED,1,automatic,455720b9-9061-5bce-83af-d6d53c6c84e1,,question_type,source_provided,True,False,TRUE_FALSE,,missing_identity
t160-quality-20261007T012224Z-1f7eeede-10-IMP-MIXED-r1,IMP-MIXED,1,automatic,455720b9-9061-5bce-83af-d6d53c6c84e1,,content,source_provided,True,False,右图三角形面积为 24 cm²。,,missing_identity
t160-quality-20261007T012224Z-1f7eeede-10-IMP-MIXED-r1,IMP-MIXED,1,automatic,455720b9-9061-5bce-83af-d6d53c6c84e1,,options,source_provided,True,False,"[""正确"", ""错误""]",,missing_identity
t160-quality-20261007T012224Z-1f7eeede-10-IMP-MIXED-r1,IMP-MIXED,1,automatic,455720b9-9061-5bce-83af-d6d53c6c84e1,,reference_answer,known_missing,True,False,,,missing_identity
t160-quality-20261007T012224Z-1f7eeede-10-IMP-MIXED-r1,IMP-MIXED,1,automatic,455720b9-9061-5bce-83af-d6d53c6c84e1,,analysis,known_missing,True,False,,,missing_identity
t160-quality-20261007T012224Z-1f7eeede-10-IMP-MIXED-r1,IMP-MIXED,1,automatic,455720b9-9061-5bce-83af-d6d53c6c84e1,,score,source_provided,True,False,2.00,,missing_identity
t160-quality-20261007T012224Z-1f7eeede-10-IMP-MIXED-r1,IMP-MIXED,1,automatic,455720b9-9061-5bce-83af-d6d53c6c84e1,,scoring_rubric,known_missing,True,False,,,missing_identity
t160-quality-20261007T012224Z-1f7eeede-10-IMP-MIXED-r1,IMP-MIXED,1,automatic,455720b9-9061-5bce-83af-d6d53c6c84e1,,knowledge_points,known_missing,True,False,[],,missing_identity
t160-quality-20261007T012224Z-1f7eeede-10-IMP-MIXED-r1,IMP-MIXED,1,automatic,455720b9-9061-5bce-83af-d6d53c6c84e1,,source_regions,unknown,False,,,,reference_unknown
t160-quality-20261007T012224Z-1f7eeede-10-IMP-MIXED-r1,IMP-MIXED,1,automatic,455720b9-9061-5bce-83af-d6d53c6c84e1,,assets,source_provided,True,False,"[{""asset_type"": ""figure"", ""source_page_number"": 2, ""order_index"": 1}]",,missing_identity
t160-quality-20261007T012224Z-1f7eeede-10-IMP-MIXED-r1,IMP-MIXED,1,automatic,bf862f8d-df39-5559-bab5-d942fccb2432,,question_number,source_provided,True,False,6,,missing_identity
t160-quality-20261007T012224Z-1f7eeede-10-IMP-MIXED-r1,IMP-MIXED,1,automatic,bf862f8d-df39-5559-bab5-d942fccb2432,,order_index,source_provided,True,False,6,,missing_identity
t160-quality-20261007T012224Z-1f7eeede-10-IMP-MIXED-r1,IMP-MIXED,1,automatic,bf862f8d-df39-5559-bab5-d942fccb2432,,source_page_numbers,source_provided,True,False,[2],,missing_identity
t160-quality-20261007T012224Z-1f7eeede-10-IMP-MIXED-r1,IMP-MIXED,1,automatic,bf862f8d-df39-5559-bab5-d942fccb2432,,question_type,source_provided,True,False,SHORT_ANSWER,,missing_identity
t160-quality-20261007T012224Z-1f7eeede-10-IMP-MIXED-r1,IMP-MIXED,1,automatic,bf862f8d-df39-5559-bab5-d942fccb2432,,content,source_provided,True,False,根据下表写出 y 关于 x 的关系式。,,missing_identity
t160-quality-20261007T012224Z-1f7eeede-10-IMP-MIXED-r1,IMP-MIXED,1,automatic,bf862f8d-df39-5559-bab5-d942fccb2432,,options,not_applicable,True,False,,,missing_identity
t160-quality-20261007T012224Z-1f7eeede-10-IMP-MIXED-r1,IMP-MIXED,1,automatic,bf862f8d-df39-5559-bab5-d942fccb2432,,reference_answer,known_missing,True,False,,,missing_identity
t160-quality-20261007T012224Z-1f7eeede-10-IMP-MIXED-r1,IMP-MIXED,1,automatic,bf862f8d-df39-5559-bab5-d942fccb2432,,analysis,known_missing,True,False,,,missing_identity
t160-quality-20261007T012224Z-1f7eeede-10-IMP-MIXED-r1,IMP-MIXED,1,automatic,bf862f8d-df39-5559-bab5-d942fccb2432,,score,source_provided,True,False,3.00,,missing_identity
t160-quality-20261007T012224Z-1f7eeede-10-IMP-MIXED-r1,IMP-MIXED,1,automatic,bf862f8d-df39-5559-bab5-d942fccb2432,,scoring_rubric,source_provided,True,False,正确关系式 1.00；说明代入过程 2.00。,,missing_identity
t160-quality-20261007T012224Z-1f7eeede-10-IMP-MIXED-r1,IMP-MIXED,1,automatic,bf862f8d-df39-5559-bab5-d942fccb2432,,knowledge_points,source_provided,True,False,"[""一次函数"", ""表达与计算""]",,missing_identity
t160-quality-20261007T012224Z-1f7eeede-10-IMP-MIXED-r1,IMP-MIXED,1,automatic,bf862f8d-df39-5559-bab5-d942fccb2432,,source_regions,unknown,False,,,,reference_unknown
t160-quality-20261007T012224Z-1f7eeede-10-IMP-MIXED-r1,IMP-MIXED,1,automatic,bf862f8d-df39-5559-bab5-d942fccb2432,,assets,source_provided,True,False,"[{""asset_type"": ""table"", ""source_page_number"": 2, ""order_index"": 1}]",,missing_identity
t160-quality-20261007T012224Z-1f7eeede-10-IMP-MIXED-r1,IMP-MIXED,1,assisted_corrected,1faa8619-84cc-5d65-86ae-244c7f68645e,,question_number,source_provided,True,False,1,,not_executed_due_to_import_failure
t160-quality-20261007T012224Z-1f7eeede-10-IMP-MIXED-r1,IMP-MIXED,1,assisted_corrected,1faa8619-84cc-5d65-86ae-244c7f68645e,,order_index,source_provided,True,False,1,,not_executed_due_to_import_failure
t160-quality-20261007T012224Z-1f7eeede-10-IMP-MIXED-r1,IMP-MIXED,1,assisted_corrected,1faa8619-84cc-5d65-86ae-244c7f68645e,,source_page_numbers,source_provided,True,False,[1],,not_executed_due_to_import_failure
t160-quality-20261007T012224Z-1f7eeede-10-IMP-MIXED-r1,IMP-MIXED,1,assisted_corrected,1faa8619-84cc-5d65-86ae-244c7f68645e,,question_type,source_provided,True,False,SINGLE_CHOICE,,not_executed_due_to_import_failure
t160-quality-20261007T012224Z-1f7eeede-10-IMP-MIXED-r1,IMP-MIXED,1,assisted_corrected,1faa8619-84cc-5d65-86ae-244c7f68645e,,content,source_provided,True,False,y = 2x + 1，x = 3 时 y 为多少？,,not_executed_due_to_import_failure
t160-quality-20261007T012224Z-1f7eeede-10-IMP-MIXED-r1,IMP-MIXED,1,assisted_corrected,1faa8619-84cc-5d65-86ae-244c7f68645e,,options,source_provided,True,False,"{""C"": ""7"", ""A"": ""5"", ""B"": ""6"", ""D"": ""8""}",,not_executed_due_to_import_failure
t160-quality-20261007T012224Z-1f7eeede-10-IMP-MIXED-r1,IMP-MIXED,1,assisted_corrected,1faa8619-84cc-5d65-86ae-244c7f68645e,,reference_answer,source_provided,True,False,C,,not_executed_due_to_import_failure
t160-quality-20261007T012224Z-1f7eeede-10-IMP-MIXED-r1,IMP-MIXED,1,assisted_corrected,1faa8619-84cc-5d65-86ae-244c7f68645e,,analysis,source_provided,True,False,2 × 3 + 1 = 7。,,not_executed_due_to_import_failure
t160-quality-20261007T012224Z-1f7eeede-10-IMP-MIXED-r1,IMP-MIXED,1,assisted_corrected,1faa8619-84cc-5d65-86ae-244c7f68645e,,score,source_provided,True,False,2.00,,not_executed_due_to_import_failure
t160-quality-20261007T012224Z-1f7eeede-10-IMP-MIXED-r1,IMP-MIXED,1,assisted_corrected,1faa8619-84cc-5d65-86ae-244c7f68645e,,scoring_rubric,known_missing,True,False,,,not_executed_due_to_import_failure
t160-quality-20261007T012224Z-1f7eeede-10-IMP-MIXED-r1,IMP-MIXED,1,assisted_corrected,1faa8619-84cc-5d65-86ae-244c7f68645e,,knowledge_points,known_missing,True,False,[],,not_executed_due_to_import_failure
t160-quality-20261007T012224Z-1f7eeede-10-IMP-MIXED-r1,IMP-MIXED,1,assisted_corrected,1faa8619-84cc-5d65-86ae-244c7f68645e,,source_regions,unknown,False,,,,not_executed_due_to_import_failure
t160-quality-20261007T012224Z-1f7eeede-10-IMP-MIXED-r1,IMP-MIXED,1,assisted_corrected,1faa8619-84cc-5d65-86ae-244c7f68645e,,assets,source_provided,True,False,[],,not_executed_due_to_import_failure
t160-quality-20261007T012224Z-1f7eeede-10-IMP-MIXED-r1,IMP-MIXED,1,assisted_corrected,545de13f-3fe9-524b-a917-7ab04807806f,,question_number,source_provided,True,False,2,,not_executed_due_to_import_failure
t160-quality-20261007T012224Z-1f7eeede-10-IMP-MIXED-r1,IMP-MIXED,1,assisted_corrected,545de13f-3fe9-524b-a917-7ab04807806f,,order_index,source_provided,True,False,2,,not_executed_due_to_import_failure
t160-quality-20261007T012224Z-1f7eeede-10-IMP-MIXED-r1,IMP-MIXED,1,assisted_corrected,545de13f-3fe9-524b-a917-7ab04807806f,,source_page_numbers,source_provided,True,False,[1],,not_executed_due_to_import_failure
t160-quality-20261007T012224Z-1f7eeede-10-IMP-MIXED-r1,IMP-MIXED,1,assisted_corrected,545de13f-3fe9-524b-a917-7ab04807806f,,question_type,source_provided,True,False,TRUE_FALSE,,not_executed_due_to_import_failure
t160-quality-20261007T012224Z-1f7eeede-10-IMP-MIXED-r1,IMP-MIXED,1,assisted_corrected,545de13f-3fe9-524b-a917-7ab04807806f,,content,source_provided,True,False,右图三角形面积为 24 cm²。,,not_executed_due_to_import_failure
t160-quality-20261007T012224Z-1f7eeede-10-IMP-MIXED-r1,IMP-MIXED,1,assisted_corrected,545de13f-3fe9-524b-a917-7ab04807806f,,options,source_provided,True,False,"[""正确"", ""错误""]",,not_executed_due_to_import_failure
t160-quality-20261007T012224Z-1f7eeede-10-IMP-MIXED-r1,IMP-MIXED,1,assisted_corrected,545de13f-3fe9-524b-a917-7ab04807806f,,reference_answer,known_missing,True,False,,,not_executed_due_to_import_failure
t160-quality-20261007T012224Z-1f7eeede-10-IMP-MIXED-r1,IMP-MIXED,1,assisted_corrected,545de13f-3fe9-524b-a917-7ab04807806f,,analysis,known_missing,True,False,,,not_executed_due_to_import_failure
t160-quality-20261007T012224Z-1f7eeede-10-IMP-MIXED-r1,IMP-MIXED,1,assisted_corrected,545de13f-3fe9-524b-a917-7ab04807806f,,score,source_provided,True,False,2.00,,not_executed_due_to_import_failure
t160-quality-20261007T012224Z-1f7eeede-10-IMP-MIXED-r1,IMP-MIXED,1,assisted_corrected,545de13f-3fe9-524b-a917-7ab04807806f,,scoring_rubric,known_missing,True,False,,,not_executed_due_to_import_failure
t160-quality-20261007T012224Z-1f7eeede-10-IMP-MIXED-r1,IMP-MIXED,1,assisted_corrected,545de13f-3fe9-524b-a917-7ab04807806f,,knowledge_points,known_missing,True,False,[],,not_executed_due_to_import_failure
t160-quality-20261007T012224Z-1f7eeede-10-IMP-MIXED-r1,IMP-MIXED,1,assisted_corrected,545de13f-3fe9-524b-a917-7ab04807806f,,source_regions,unknown,False,,,,not_executed_due_to_import_failure
t160-quality-20261007T012224Z-1f7eeede-10-IMP-MIXED-r1,IMP-MIXED,1,assisted_corrected,545de13f-3fe9-524b-a917-7ab04807806f,,assets,source_provided,True,False,"[{""asset_type"": ""figure"", ""source_page_number"": 1, ""order_index"": 1}]",,not_executed_due_to_import_failure
t160-quality-20261007T012224Z-1f7eeede-10-IMP-MIXED-r1,IMP-MIXED,1,assisted_corrected,85533f46-eb86-5893-8742-33939e77750f,,question_number,source_provided,True,False,3,,not_executed_due_to_import_failure
t160-quality-20261007T012224Z-1f7eeede-10-IMP-MIXED-r1,IMP-MIXED,1,assisted_corrected,85533f46-eb86-5893-8742-33939e77750f,,order_index,source_provided,True,False,3,,not_executed_due_to_import_failure
t160-quality-20261007T012224Z-1f7eeede-10-IMP-MIXED-r1,IMP-MIXED,1,assisted_corrected,85533f46-eb86-5893-8742-33939e77750f,,source_page_numbers,source_provided,True,False,[1],,not_executed_due_to_import_failure
t160-quality-20261007T012224Z-1f7eeede-10-IMP-MIXED-r1,IMP-MIXED,1,assisted_corrected,85533f46-eb86-5893-8742-33939e77750f,,question_type,source_provided,True,False,SHORT_ANSWER,,not_executed_due_to_import_failure
t160-quality-20261007T012224Z-1f7eeede-10-IMP-MIXED-r1,IMP-MIXED,1,assisted_corrected,85533f46-eb86-5893-8742-33939e77750f,,content,source_provided,True,False,根据下表写出 y 关于 x 的关系式。,,not_executed_due_to_import_failure
t160-quality-20261007T012224Z-1f7eeede-10-IMP-MIXED-r1,IMP-MIXED,1,assisted_corrected,85533f46-eb86-5893-8742-33939e77750f,,options,not_applicable,True,False,,,not_executed_due_to_import_failure
t160-quality-20261007T012224Z-1f7eeede-10-IMP-MIXED-r1,IMP-MIXED,1,assisted_corrected,85533f46-eb86-5893-8742-33939e77750f,,reference_answer,known_missing,True,False,,,not_executed_due_to_import_failure
t160-quality-20261007T012224Z-1f7eeede-10-IMP-MIXED-r1,IMP-MIXED,1,assisted_corrected,85533f46-eb86-5893-8742-33939e77750f,,analysis,known_missing,True,False,,,not_executed_due_to_import_failure
t160-quality-20261007T012224Z-1f7eeede-10-IMP-MIXED-r1,IMP-MIXED,1,assisted_corrected,85533f46-eb86-5893-8742-33939e77750f,,score,source_provided,True,False,3.00,,not_executed_due_to_import_failure
t160-quality-20261007T012224Z-1f7eeede-10-IMP-MIXED-r1,IMP-MIXED,1,assisted_corrected,85533f46-eb86-5893-8742-33939e77750f,,scoring_rubric,source_provided,True,False,正确关系式 1.00；说明代入过程 2.00。,,not_executed_due_to_import_failure
t160-quality-20261007T012224Z-1f7eeede-10-IMP-MIXED-r1,IMP-MIXED,1,assisted_corrected,85533f46-eb86-5893-8742-33939e77750f,,knowledge_points,source_provided,True,False,"[""一次函数"", ""表达与计算""]",,not_executed_due_to_import_failure
t160-quality-20261007T012224Z-1f7eeede-10-IMP-MIXED-r1,IMP-MIXED,1,assisted_corrected,85533f46-eb86-5893-8742-33939e77750f,,source_regions,unknown,False,,,,not_executed_due_to_import_failure
t160-quality-20261007T012224Z-1f7eeede-10-IMP-MIXED-r1,IMP-MIXED,1,assisted_corrected,85533f46-eb86-5893-8742-33939e77750f,,assets,source_provided,True,False,"[{""asset_type"": ""table"", ""source_page_number"": 1, ""order_index"": 1}]",,not_executed_due_to_import_failure
t160-quality-20261007T012224Z-1f7eeede-10-IMP-MIXED-r1,IMP-MIXED,1,assisted_corrected,0fa8d57e-58c2-5aa4-b8cd-e52e96380a38,,question_number,source_provided,True,False,4,,not_executed_due_to_import_failure
t160-quality-20261007T012224Z-1f7eeede-10-IMP-MIXED-r1,IMP-MIXED,1,assisted_corrected,0fa8d57e-58c2-5aa4-b8cd-e52e96380a38,,order_index,source_provided,True,False,4,,not_executed_due_to_import_failure
t160-quality-20261007T012224Z-1f7eeede-10-IMP-MIXED-r1,IMP-MIXED,1,assisted_corrected,0fa8d57e-58c2-5aa4-b8cd-e52e96380a38,,source_page_numbers,source_provided,True,False,[2],,not_executed_due_to_import_failure
t160-quality-20261007T012224Z-1f7eeede-10-IMP-MIXED-r1,IMP-MIXED,1,assisted_corrected,0fa8d57e-58c2-5aa4-b8cd-e52e96380a38,,question_type,source_provided,True,False,SINGLE_CHOICE,,not_executed_due_to_import_failure
t160-quality-20261007T012224Z-1f7eeede-10-IMP-MIXED-r1,IMP-MIXED,1,assisted_corrected,0fa8d57e-58c2-5aa4-b8cd-e52e96380a38,,content,source_provided,True,False,y = 2x + 1，x = 3 时 y 为多少？,,not_executed_due_to_import_failure
t160-quality-20261007T012224Z-1f7eeede-10-IMP-MIXED-r1,IMP-MIXED,1,assisted_corrected,0fa8d57e-58c2-5aa4-b8cd-e52e96380a38,,options,source_provided,True,False,"{""C"": ""7"", ""A"": ""5"", ""B"": ""6"", ""D"": ""8""}",,not_executed_due_to_import_failure
t160-quality-20261007T012224Z-1f7eeede-10-IMP-MIXED-r1,IMP-MIXED,1,assisted_corrected,0fa8d57e-58c2-5aa4-b8cd-e52e96380a38,,reference_answer,source_provided,True,False,C,,not_executed_due_to_import_failure
t160-quality-20261007T012224Z-1f7eeede-10-IMP-MIXED-r1,IMP-MIXED,1,assisted_corrected,0fa8d57e-58c2-5aa4-b8cd-e52e96380a38,,analysis,source_provided,True,False,2 × 3 + 1 = 7。,,not_executed_due_to_import_failure
t160-quality-20261007T012224Z-1f7eeede-10-IMP-MIXED-r1,IMP-MIXED,1,assisted_corrected,0fa8d57e-58c2-5aa4-b8cd-e52e96380a38,,score,source_provided,True,False,2.00,,not_executed_due_to_import_failure
t160-quality-20261007T012224Z-1f7eeede-10-IMP-MIXED-r1,IMP-MIXED,1,assisted_corrected,0fa8d57e-58c2-5aa4-b8cd-e52e96380a38,,scoring_rubric,known_missing,True,False,,,not_executed_due_to_import_failure
t160-quality-20261007T012224Z-1f7eeede-10-IMP-MIXED-r1,IMP-MIXED,1,assisted_corrected,0fa8d57e-58c2-5aa4-b8cd-e52e96380a38,,knowledge_points,known_missing,True,False,[],,not_executed_due_to_import_failure
t160-quality-20261007T012224Z-1f7eeede-10-IMP-MIXED-r1,IMP-MIXED,1,assisted_corrected,0fa8d57e-58c2-5aa4-b8cd-e52e96380a38,,source_regions,unknown,False,,,,not_executed_due_to_import_failure
t160-quality-20261007T012224Z-1f7eeede-10-IMP-MIXED-r1,IMP-MIXED,1,assisted_corrected,0fa8d57e-58c2-5aa4-b8cd-e52e96380a38,,assets,source_provided,True,False,[],,not_executed_due_to_import_failure
t160-quality-20261007T012224Z-1f7eeede-10-IMP-MIXED-r1,IMP-MIXED,1,assisted_corrected,455720b9-9061-5bce-83af-d6d53c6c84e1,,question_number,source_provided,True,False,5,,not_executed_due_to_import_failure
t160-quality-20261007T012224Z-1f7eeede-10-IMP-MIXED-r1,IMP-MIXED,1,assisted_corrected,455720b9-9061-5bce-83af-d6d53c6c84e1,,order_index,source_provided,True,False,5,,not_executed_due_to_import_failure
t160-quality-20261007T012224Z-1f7eeede-10-IMP-MIXED-r1,IMP-MIXED,1,assisted_corrected,455720b9-9061-5bce-83af-d6d53c6c84e1,,source_page_numbers,source_provided,True,False,[2],,not_executed_due_to_import_failure
t160-quality-20261007T012224Z-1f7eeede-10-IMP-MIXED-r1,IMP-MIXED,1,assisted_corrected,455720b9-9061-5bce-83af-d6d53c6c84e1,,question_type,source_provided,True,False,TRUE_FALSE,,not_executed_due_to_import_failure
t160-quality-20261007T012224Z-1f7eeede-10-IMP-MIXED-r1,IMP-MIXED,1,assisted_corrected,455720b9-9061-5bce-83af-d6d53c6c84e1,,content,source_provided,True,False,右图三角形面积为 24 cm²。,,not_executed_due_to_import_failure
t160-quality-20261007T012224Z-1f7eeede-10-IMP-MIXED-r1,IMP-MIXED,1,assisted_corrected,455720b9-9061-5bce-83af-d6d53c6c84e1,,options,source_provided,True,False,"[""正确"", ""错误""]",,not_executed_due_to_import_failure
t160-quality-20261007T012224Z-1f7eeede-10-IMP-MIXED-r1,IMP-MIXED,1,assisted_corrected,455720b9-9061-5bce-83af-d6d53c6c84e1,,reference_answer,known_missing,True,False,,,not_executed_due_to_import_failure
t160-quality-20261007T012224Z-1f7eeede-10-IMP-MIXED-r1,IMP-MIXED,1,assisted_corrected,455720b9-9061-5bce-83af-d6d53c6c84e1,,analysis,known_missing,True,False,,,not_executed_due_to_import_failure
t160-quality-20261007T012224Z-1f7eeede-10-IMP-MIXED-r1,IMP-MIXED,1,assisted_corrected,455720b9-9061-5bce-83af-d6d53c6c84e1,,score,source_provided,True,False,2.00,,not_executed_due_to_import_failure
t160-quality-20261007T012224Z-1f7eeede-10-IMP-MIXED-r1,IMP-MIXED,1,assisted_corrected,455720b9-9061-5bce-83af-d6d53c6c84e1,,scoring_rubric,known_missing,True,False,,,not_executed_due_to_import_failure
t160-quality-20261007T012224Z-1f7eeede-10-IMP-MIXED-r1,IMP-MIXED,1,assisted_corrected,455720b9-9061-5bce-83af-d6d53c6c84e1,,knowledge_points,known_missing,True,False,[],,not_executed_due_to_import_failure
t160-quality-20261007T012224Z-1f7eeede-10-IMP-MIXED-r1,IMP-MIXED,1,assisted_corrected,455720b9-9061-5bce-83af-d6d53c6c84e1,,source_regions,unknown,False,,,,not_executed_due_to_import_failure
t160-quality-20261007T012224Z-1f7eeede-10-IMP-MIXED-r1,IMP-MIXED,1,assisted_corrected,455720b9-9061-5bce-83af-d6d53c6c84e1,,assets,source_provided,True,False,"[{""asset_type"": ""figure"", ""source_page_number"": 2, ""order_index"": 1}]",,not_executed_due_to_import_failure
t160-quality-20261007T012224Z-1f7eeede-10-IMP-MIXED-r1,IMP-MIXED,1,assisted_corrected,bf862f8d-df39-5559-bab5-d942fccb2432,,question_number,source_provided,True,False,6,,not_executed_due_to_import_failure
t160-quality-20261007T012224Z-1f7eeede-10-IMP-MIXED-r1,IMP-MIXED,1,assisted_corrected,bf862f8d-df39-5559-bab5-d942fccb2432,,order_index,source_provided,True,False,6,,not_executed_due_to_import_failure
t160-quality-20261007T012224Z-1f7eeede-10-IMP-MIXED-r1,IMP-MIXED,1,assisted_corrected,bf862f8d-df39-5559-bab5-d942fccb2432,,source_page_numbers,source_provided,True,False,[2],,not_executed_due_to_import_failure
t160-quality-20261007T012224Z-1f7eeede-10-IMP-MIXED-r1,IMP-MIXED,1,assisted_corrected,bf862f8d-df39-5559-bab5-d942fccb2432,,question_type,source_provided,True,False,SHORT_ANSWER,,not_executed_due_to_import_failure
t160-quality-20261007T012224Z-1f7eeede-10-IMP-MIXED-r1,IMP-MIXED,1,assisted_corrected,bf862f8d-df39-5559-bab5-d942fccb2432,,content,source_provided,True,False,根据下表写出 y 关于 x 的关系式。,,not_executed_due_to_import_failure
t160-quality-20261007T012224Z-1f7eeede-10-IMP-MIXED-r1,IMP-MIXED,1,assisted_corrected,bf862f8d-df39-5559-bab5-d942fccb2432,,options,not_applicable,True,False,,,not_executed_due_to_import_failure
t160-quality-20261007T012224Z-1f7eeede-10-IMP-MIXED-r1,IMP-MIXED,1,assisted_corrected,bf862f8d-df39-5559-bab5-d942fccb2432,,reference_answer,known_missing,True,False,,,not_executed_due_to_import_failure
t160-quality-20261007T012224Z-1f7eeede-10-IMP-MIXED-r1,IMP-MIXED,1,assisted_corrected,bf862f8d-df39-5559-bab5-d942fccb2432,,analysis,known_missing,True,False,,,not_executed_due_to_import_failure
t160-quality-20261007T012224Z-1f7eeede-10-IMP-MIXED-r1,IMP-MIXED,1,assisted_corrected,bf862f8d-df39-5559-bab5-d942fccb2432,,score,source_provided,True,False,3.00,,not_executed_due_to_import_failure
t160-quality-20261007T012224Z-1f7eeede-10-IMP-MIXED-r1,IMP-MIXED,1,assisted_corrected,bf862f8d-df39-5559-bab5-d942fccb2432,,scoring_rubric,source_provided,True,False,正确关系式 1.00；说明代入过程 2.00。,,not_executed_due_to_import_failure
t160-quality-20261007T012224Z-1f7eeede-10-IMP-MIXED-r1,IMP-MIXED,1,assisted_corrected,bf862f8d-df39-5559-bab5-d942fccb2432,,knowledge_points,source_provided,True,False,"[""一次函数"", ""表达与计算""]",,not_executed_due_to_import_failure
t160-quality-20261007T012224Z-1f7eeede-10-IMP-MIXED-r1,IMP-MIXED,1,assisted_corrected,bf862f8d-df39-5559-bab5-d942fccb2432,,source_regions,unknown,False,,,,not_executed_due_to_import_failure
t160-quality-20261007T012224Z-1f7eeede-10-IMP-MIXED-r1,IMP-MIXED,1,assisted_corrected,bf862f8d-df39-5559-bab5-d942fccb2432,,assets,source_provided,True,False,"[{""asset_type"": ""table"", ""source_page_number"": 2, ""order_index"": 1}]",,not_executed_due_to_import_failure
t160-quality-20261007T012224Z-1f7eeede-11-IMP-MIXED-r2,IMP-MIXED,2,automatic,1faa8619-84cc-5d65-86ae-244c7f68645e,453f2733-6f6c-49ed-a9d7-a999b778cfea,question_number,source_provided,True,True,1,1,matched
t160-quality-20261007T012224Z-1f7eeede-11-IMP-MIXED-r2,IMP-MIXED,2,automatic,1faa8619-84cc-5d65-86ae-244c7f68645e,453f2733-6f6c-49ed-a9d7-a999b778cfea,order_index,source_provided,True,True,1,1,matched
t160-quality-20261007T012224Z-1f7eeede-11-IMP-MIXED-r2,IMP-MIXED,2,automatic,1faa8619-84cc-5d65-86ae-244c7f68645e,453f2733-6f6c-49ed-a9d7-a999b778cfea,source_page_numbers,source_provided,True,True,[1],[1],matched
t160-quality-20261007T012224Z-1f7eeede-11-IMP-MIXED-r2,IMP-MIXED,2,automatic,1faa8619-84cc-5d65-86ae-244c7f68645e,453f2733-6f6c-49ed-a9d7-a999b778cfea,question_type,source_provided,True,True,SINGLE_CHOICE,SINGLE_CHOICE,matched
t160-quality-20261007T012224Z-1f7eeede-11-IMP-MIXED-r2,IMP-MIXED,2,automatic,1faa8619-84cc-5d65-86ae-244c7f68645e,453f2733-6f6c-49ed-a9d7-a999b778cfea,content,source_provided,True,True,y = 2x + 1，x = 3 时 y 为多少？,y = 2x + 1，x = 3 时 y 为多少？,matched
t160-quality-20261007T012224Z-1f7eeede-11-IMP-MIXED-r2,IMP-MIXED,2,automatic,1faa8619-84cc-5d65-86ae-244c7f68645e,453f2733-6f6c-49ed-a9d7-a999b778cfea,options,source_provided,True,True,"{""C"": ""7"", ""A"": ""5"", ""B"": ""6"", ""D"": ""8""}","{""C"": ""7"", ""A"": ""5"", ""B"": ""6"", ""D"": ""8""}",matched
t160-quality-20261007T012224Z-1f7eeede-11-IMP-MIXED-r2,IMP-MIXED,2,automatic,1faa8619-84cc-5d65-86ae-244c7f68645e,453f2733-6f6c-49ed-a9d7-a999b778cfea,reference_answer,source_provided,True,True,C,C,matched
t160-quality-20261007T012224Z-1f7eeede-11-IMP-MIXED-r2,IMP-MIXED,2,automatic,1faa8619-84cc-5d65-86ae-244c7f68645e,453f2733-6f6c-49ed-a9d7-a999b778cfea,analysis,source_provided,True,True,2 × 3 + 1 = 7。,2 × 3 + 1 = 7。,matched
t160-quality-20261007T012224Z-1f7eeede-11-IMP-MIXED-r2,IMP-MIXED,2,automatic,1faa8619-84cc-5d65-86ae-244c7f68645e,453f2733-6f6c-49ed-a9d7-a999b778cfea,score,source_provided,True,True,2.00,2.00,matched
t160-quality-20261007T012224Z-1f7eeede-11-IMP-MIXED-r2,IMP-MIXED,2,automatic,1faa8619-84cc-5d65-86ae-244c7f68645e,453f2733-6f6c-49ed-a9d7-a999b778cfea,scoring_rubric,known_missing,True,True,,,matched
t160-quality-20261007T012224Z-1f7eeede-11-IMP-MIXED-r2,IMP-MIXED,2,automatic,1faa8619-84cc-5d65-86ae-244c7f68645e,453f2733-6f6c-49ed-a9d7-a999b778cfea,knowledge_points,known_missing,True,True,[],[],matched
t160-quality-20261007T012224Z-1f7eeede-11-IMP-MIXED-r2,IMP-MIXED,2,automatic,1faa8619-84cc-5d65-86ae-244c7f68645e,453f2733-6f6c-49ed-a9d7-a999b778cfea,source_regions,unknown,False,,,,reference_unknown
t160-quality-20261007T012224Z-1f7eeede-11-IMP-MIXED-r2,IMP-MIXED,2,automatic,1faa8619-84cc-5d65-86ae-244c7f68645e,453f2733-6f6c-49ed-a9d7-a999b778cfea,assets,source_provided,True,False,[],,matched
t160-quality-20261007T012224Z-1f7eeede-11-IMP-MIXED-r2,IMP-MIXED,2,automatic,545de13f-3fe9-524b-a917-7ab04807806f,5a7c7b25-1fbf-4e8d-9d7e-cdf92e07b702,question_number,source_provided,True,True,2,2,matched
t160-quality-20261007T012224Z-1f7eeede-11-IMP-MIXED-r2,IMP-MIXED,2,automatic,545de13f-3fe9-524b-a917-7ab04807806f,5a7c7b25-1fbf-4e8d-9d7e-cdf92e07b702,order_index,source_provided,True,True,2,2,matched
t160-quality-20261007T012224Z-1f7eeede-11-IMP-MIXED-r2,IMP-MIXED,2,automatic,545de13f-3fe9-524b-a917-7ab04807806f,5a7c7b25-1fbf-4e8d-9d7e-cdf92e07b702,source_page_numbers,source_provided,True,True,[1],[1],matched
t160-quality-20261007T012224Z-1f7eeede-11-IMP-MIXED-r2,IMP-MIXED,2,automatic,545de13f-3fe9-524b-a917-7ab04807806f,5a7c7b25-1fbf-4e8d-9d7e-cdf92e07b702,question_type,source_provided,True,True,TRUE_FALSE,TRUE_FALSE,matched
t160-quality-20261007T012224Z-1f7eeede-11-IMP-MIXED-r2,IMP-MIXED,2,automatic,545de13f-3fe9-524b-a917-7ab04807806f,5a7c7b25-1fbf-4e8d-9d7e-cdf92e07b702,content,source_provided,True,True,右图三角形面积为 24 cm²。,右图三角形面积为 24 cm²。,matched
t160-quality-20261007T012224Z-1f7eeede-11-IMP-MIXED-r2,IMP-MIXED,2,automatic,545de13f-3fe9-524b-a917-7ab04807806f,5a7c7b25-1fbf-4e8d-9d7e-cdf92e07b702,options,source_provided,True,True,"[""正确"", ""错误""]","[""正确"", ""错误""]",matched
t160-quality-20261007T012224Z-1f7eeede-11-IMP-MIXED-r2,IMP-MIXED,2,automatic,545de13f-3fe9-524b-a917-7ab04807806f,5a7c7b25-1fbf-4e8d-9d7e-cdf92e07b702,reference_answer,known_missing,True,True,,,matched
t160-quality-20261007T012224Z-1f7eeede-11-IMP-MIXED-r2,IMP-MIXED,2,automatic,545de13f-3fe9-524b-a917-7ab04807806f,5a7c7b25-1fbf-4e8d-9d7e-cdf92e07b702,analysis,known_missing,True,True,,,matched
t160-quality-20261007T012224Z-1f7eeede-11-IMP-MIXED-r2,IMP-MIXED,2,automatic,545de13f-3fe9-524b-a917-7ab04807806f,5a7c7b25-1fbf-4e8d-9d7e-cdf92e07b702,score,source_provided,True,True,2.00,2.00,matched
t160-quality-20261007T012224Z-1f7eeede-11-IMP-MIXED-r2,IMP-MIXED,2,automatic,545de13f-3fe9-524b-a917-7ab04807806f,5a7c7b25-1fbf-4e8d-9d7e-cdf92e07b702,scoring_rubric,known_missing,True,True,,,matched
t160-quality-20261007T012224Z-1f7eeede-11-IMP-MIXED-r2,IMP-MIXED,2,automatic,545de13f-3fe9-524b-a917-7ab04807806f,5a7c7b25-1fbf-4e8d-9d7e-cdf92e07b702,knowledge_points,known_missing,True,True,[],[],matched
t160-quality-20261007T012224Z-1f7eeede-11-IMP-MIXED-r2,IMP-MIXED,2,automatic,545de13f-3fe9-524b-a917-7ab04807806f,5a7c7b25-1fbf-4e8d-9d7e-cdf92e07b702,source_regions,unknown,False,,,,reference_unknown
t160-quality-20261007T012224Z-1f7eeede-11-IMP-MIXED-r2,IMP-MIXED,2,automatic,545de13f-3fe9-524b-a917-7ab04807806f,5a7c7b25-1fbf-4e8d-9d7e-cdf92e07b702,assets,source_provided,True,False,"[{""asset_type"": ""figure"", ""source_page_number"": 1, ""order_index"": 1}]",,matched
t160-quality-20261007T012224Z-1f7eeede-11-IMP-MIXED-r2,IMP-MIXED,2,automatic,85533f46-eb86-5893-8742-33939e77750f,6eba9fa2-26b0-4ddd-b104-4dfdd55e4cf1,question_number,source_provided,True,True,3,3,matched
t160-quality-20261007T012224Z-1f7eeede-11-IMP-MIXED-r2,IMP-MIXED,2,automatic,85533f46-eb86-5893-8742-33939e77750f,6eba9fa2-26b0-4ddd-b104-4dfdd55e4cf1,order_index,source_provided,True,True,3,3,matched
t160-quality-20261007T012224Z-1f7eeede-11-IMP-MIXED-r2,IMP-MIXED,2,automatic,85533f46-eb86-5893-8742-33939e77750f,6eba9fa2-26b0-4ddd-b104-4dfdd55e4cf1,source_page_numbers,source_provided,True,True,[1],[1],matched
t160-quality-20261007T012224Z-1f7eeede-11-IMP-MIXED-r2,IMP-MIXED,2,automatic,85533f46-eb86-5893-8742-33939e77750f,6eba9fa2-26b0-4ddd-b104-4dfdd55e4cf1,question_type,source_provided,True,True,SHORT_ANSWER,SHORT_ANSWER,matched
t160-quality-20261007T012224Z-1f7eeede-11-IMP-MIXED-r2,IMP-MIXED,2,automatic,85533f46-eb86-5893-8742-33939e77750f,6eba9fa2-26b0-4ddd-b104-4dfdd55e4cf1,content,source_provided,True,True,根据下表写出 y 关于 x 的关系式。,根据下表写出 y 关于 x 的关系式。,matched
t160-quality-20261007T012224Z-1f7eeede-11-IMP-MIXED-r2,IMP-MIXED,2,automatic,85533f46-eb86-5893-8742-33939e77750f,6eba9fa2-26b0-4ddd-b104-4dfdd55e4cf1,options,not_applicable,True,True,,,matched
t160-quality-20261007T012224Z-1f7eeede-11-IMP-MIXED-r2,IMP-MIXED,2,automatic,85533f46-eb86-5893-8742-33939e77750f,6eba9fa2-26b0-4ddd-b104-4dfdd55e4cf1,reference_answer,known_missing,True,True,,,matched
t160-quality-20261007T012224Z-1f7eeede-11-IMP-MIXED-r2,IMP-MIXED,2,automatic,85533f46-eb86-5893-8742-33939e77750f,6eba9fa2-26b0-4ddd-b104-4dfdd55e4cf1,analysis,known_missing,True,True,,,matched
t160-quality-20261007T012224Z-1f7eeede-11-IMP-MIXED-r2,IMP-MIXED,2,automatic,85533f46-eb86-5893-8742-33939e77750f,6eba9fa2-26b0-4ddd-b104-4dfdd55e4cf1,score,source_provided,True,True,3.00,3.00,matched
t160-quality-20261007T012224Z-1f7eeede-11-IMP-MIXED-r2,IMP-MIXED,2,automatic,85533f46-eb86-5893-8742-33939e77750f,6eba9fa2-26b0-4ddd-b104-4dfdd55e4cf1,scoring_rubric,source_provided,True,True,正确关系式 1.00；说明代入过程 2.00。,正确关系式 1.00；说明代入过程 2.00。,matched
t160-quality-20261007T012224Z-1f7eeede-11-IMP-MIXED-r2,IMP-MIXED,2,automatic,85533f46-eb86-5893-8742-33939e77750f,6eba9fa2-26b0-4ddd-b104-4dfdd55e4cf1,knowledge_points,source_provided,True,True,"[""一次函数"", ""表达与计算""]","[""一次函数"", ""表达与计算""]",matched
t160-quality-20261007T012224Z-1f7eeede-11-IMP-MIXED-r2,IMP-MIXED,2,automatic,85533f46-eb86-5893-8742-33939e77750f,6eba9fa2-26b0-4ddd-b104-4dfdd55e4cf1,source_regions,unknown,False,,,,reference_unknown
t160-quality-20261007T012224Z-1f7eeede-11-IMP-MIXED-r2,IMP-MIXED,2,automatic,85533f46-eb86-5893-8742-33939e77750f,6eba9fa2-26b0-4ddd-b104-4dfdd55e4cf1,assets,source_provided,True,False,"[{""asset_type"": ""table"", ""source_page_number"": 1, ""order_index"": 1}]",,matched
t160-quality-20261007T012224Z-1f7eeede-11-IMP-MIXED-r2,IMP-MIXED,2,automatic,0fa8d57e-58c2-5aa4-b8cd-e52e96380a38,e1784b31-acb4-4c2b-949b-69ef65752573,question_number,source_provided,True,True,4,4,matched
t160-quality-20261007T012224Z-1f7eeede-11-IMP-MIXED-r2,IMP-MIXED,2,automatic,0fa8d57e-58c2-5aa4-b8cd-e52e96380a38,e1784b31-acb4-4c2b-949b-69ef65752573,order_index,source_provided,True,True,4,4,matched
t160-quality-20261007T012224Z-1f7eeede-11-IMP-MIXED-r2,IMP-MIXED,2,automatic,0fa8d57e-58c2-5aa4-b8cd-e52e96380a38,e1784b31-acb4-4c2b-949b-69ef65752573,source_page_numbers,source_provided,True,True,[2],[2],matched
t160-quality-20261007T012224Z-1f7eeede-11-IMP-MIXED-r2,IMP-MIXED,2,automatic,0fa8d57e-58c2-5aa4-b8cd-e52e96380a38,e1784b31-acb4-4c2b-949b-69ef65752573,question_type,source_provided,True,True,SINGLE_CHOICE,SINGLE_CHOICE,matched
t160-quality-20261007T012224Z-1f7eeede-11-IMP-MIXED-r2,IMP-MIXED,2,automatic,0fa8d57e-58c2-5aa4-b8cd-e52e96380a38,e1784b31-acb4-4c2b-949b-69ef65752573,content,source_provided,True,True,y = 2x + 1，x = 3 时 y 为多少？,y = 2x + 1，x = 3 时 y 为多少？,matched
t160-quality-20261007T012224Z-1f7eeede-11-IMP-MIXED-r2,IMP-MIXED,2,automatic,0fa8d57e-58c2-5aa4-b8cd-e52e96380a38,e1784b31-acb4-4c2b-949b-69ef65752573,options,source_provided,True,True,"{""C"": ""7"", ""A"": ""5"", ""B"": ""6"", ""D"": ""8""}","{""C"": ""7"", ""A"": ""5"", ""B"": ""6"", ""D"": ""8""}",matched
t160-quality-20261007T012224Z-1f7eeede-11-IMP-MIXED-r2,IMP-MIXED,2,automatic,0fa8d57e-58c2-5aa4-b8cd-e52e96380a38,e1784b31-acb4-4c2b-949b-69ef65752573,reference_answer,source_provided,True,True,C,C,matched
t160-quality-20261007T012224Z-1f7eeede-11-IMP-MIXED-r2,IMP-MIXED,2,automatic,0fa8d57e-58c2-5aa4-b8cd-e52e96380a38,e1784b31-acb4-4c2b-949b-69ef65752573,analysis,source_provided,True,True,2 × 3 + 1 = 7。,2 × 3 + 1 = 7。,matched
t160-quality-20261007T012224Z-1f7eeede-11-IMP-MIXED-r2,IMP-MIXED,2,automatic,0fa8d57e-58c2-5aa4-b8cd-e52e96380a38,e1784b31-acb4-4c2b-949b-69ef65752573,score,source_provided,True,True,2.00,2.00,matched
t160-quality-20261007T012224Z-1f7eeede-11-IMP-MIXED-r2,IMP-MIXED,2,automatic,0fa8d57e-58c2-5aa4-b8cd-e52e96380a38,e1784b31-acb4-4c2b-949b-69ef65752573,scoring_rubric,known_missing,True,True,,,matched
t160-quality-20261007T012224Z-1f7eeede-11-IMP-MIXED-r2,IMP-MIXED,2,automatic,0fa8d57e-58c2-5aa4-b8cd-e52e96380a38,e1784b31-acb4-4c2b-949b-69ef65752573,knowledge_points,known_missing,True,True,[],[],matched
t160-quality-20261007T012224Z-1f7eeede-11-IMP-MIXED-r2,IMP-MIXED,2,automatic,0fa8d57e-58c2-5aa4-b8cd-e52e96380a38,e1784b31-acb4-4c2b-949b-69ef65752573,source_regions,unknown,False,,,,reference_unknown
t160-quality-20261007T012224Z-1f7eeede-11-IMP-MIXED-r2,IMP-MIXED,2,automatic,0fa8d57e-58c2-5aa4-b8cd-e52e96380a38,e1784b31-acb4-4c2b-949b-69ef65752573,assets,source_provided,True,False,[],,matched
t160-quality-20261007T012224Z-1f7eeede-11-IMP-MIXED-r2,IMP-MIXED,2,automatic,455720b9-9061-5bce-83af-d6d53c6c84e1,34661438-b6bf-417b-987a-7fca61c8f762,question_number,source_provided,True,True,5,5,matched
t160-quality-20261007T012224Z-1f7eeede-11-IMP-MIXED-r2,IMP-MIXED,2,automatic,455720b9-9061-5bce-83af-d6d53c6c84e1,34661438-b6bf-417b-987a-7fca61c8f762,order_index,source_provided,True,True,5,5,matched
t160-quality-20261007T012224Z-1f7eeede-11-IMP-MIXED-r2,IMP-MIXED,2,automatic,455720b9-9061-5bce-83af-d6d53c6c84e1,34661438-b6bf-417b-987a-7fca61c8f762,source_page_numbers,source_provided,True,True,[2],[2],matched
t160-quality-20261007T012224Z-1f7eeede-11-IMP-MIXED-r2,IMP-MIXED,2,automatic,455720b9-9061-5bce-83af-d6d53c6c84e1,34661438-b6bf-417b-987a-7fca61c8f762,question_type,source_provided,True,True,TRUE_FALSE,TRUE_FALSE,matched
t160-quality-20261007T012224Z-1f7eeede-11-IMP-MIXED-r2,IMP-MIXED,2,automatic,455720b9-9061-5bce-83af-d6d53c6c84e1,34661438-b6bf-417b-987a-7fca61c8f762,content,source_provided,True,True,右图三角形面积为 24 cm²。,右图三角形面积为 24 cm²。,matched
t160-quality-20261007T012224Z-1f7eeede-11-IMP-MIXED-r2,IMP-MIXED,2,automatic,455720b9-9061-5bce-83af-d6d53c6c84e1,34661438-b6bf-417b-987a-7fca61c8f762,options,source_provided,True,True,"[""正确"", ""错误""]","[""正确"", ""错误""]",matched
t160-quality-20261007T012224Z-1f7eeede-11-IMP-MIXED-r2,IMP-MIXED,2,automatic,455720b9-9061-5bce-83af-d6d53c6c84e1,34661438-b6bf-417b-987a-7fca61c8f762,reference_answer,known_missing,True,True,,,matched
t160-quality-20261007T012224Z-1f7eeede-11-IMP-MIXED-r2,IMP-MIXED,2,automatic,455720b9-9061-5bce-83af-d6d53c6c84e1,34661438-b6bf-417b-987a-7fca61c8f762,analysis,known_missing,True,True,,,matched
t160-quality-20261007T012224Z-1f7eeede-11-IMP-MIXED-r2,IMP-MIXED,2,automatic,455720b9-9061-5bce-83af-d6d53c6c84e1,34661438-b6bf-417b-987a-7fca61c8f762,score,source_provided,True,True,2.00,2.00,matched
t160-quality-20261007T012224Z-1f7eeede-11-IMP-MIXED-r2,IMP-MIXED,2,automatic,455720b9-9061-5bce-83af-d6d53c6c84e1,34661438-b6bf-417b-987a-7fca61c8f762,scoring_rubric,known_missing,True,True,,,matched
t160-quality-20261007T012224Z-1f7eeede-11-IMP-MIXED-r2,IMP-MIXED,2,automatic,455720b9-9061-5bce-83af-d6d53c6c84e1,34661438-b6bf-417b-987a-7fca61c8f762,knowledge_points,known_missing,True,True,[],[],matched
t160-quality-20261007T012224Z-1f7eeede-11-IMP-MIXED-r2,IMP-MIXED,2,automatic,455720b9-9061-5bce-83af-d6d53c6c84e1,34661438-b6bf-417b-987a-7fca61c8f762,source_regions,unknown,False,,,,reference_unknown
t160-quality-20261007T012224Z-1f7eeede-11-IMP-MIXED-r2,IMP-MIXED,2,automatic,455720b9-9061-5bce-83af-d6d53c6c84e1,34661438-b6bf-417b-987a-7fca61c8f762,assets,source_provided,True,False,"[{""asset_type"": ""figure"", ""source_page_number"": 2, ""order_index"": 1}]",,matched
t160-quality-20261007T012224Z-1f7eeede-11-IMP-MIXED-r2,IMP-MIXED,2,automatic,bf862f8d-df39-5559-bab5-d942fccb2432,a569d2ac-9db1-40b9-9211-83eeea3f3ebe,question_number,source_provided,True,True,6,6,matched
t160-quality-20261007T012224Z-1f7eeede-11-IMP-MIXED-r2,IMP-MIXED,2,automatic,bf862f8d-df39-5559-bab5-d942fccb2432,a569d2ac-9db1-40b9-9211-83eeea3f3ebe,order_index,source_provided,True,True,6,6,matched
t160-quality-20261007T012224Z-1f7eeede-11-IMP-MIXED-r2,IMP-MIXED,2,automatic,bf862f8d-df39-5559-bab5-d942fccb2432,a569d2ac-9db1-40b9-9211-83eeea3f3ebe,source_page_numbers,source_provided,True,True,[2],[2],matched
t160-quality-20261007T012224Z-1f7eeede-11-IMP-MIXED-r2,IMP-MIXED,2,automatic,bf862f8d-df39-5559-bab5-d942fccb2432,a569d2ac-9db1-40b9-9211-83eeea3f3ebe,question_type,source_provided,True,True,SHORT_ANSWER,SHORT_ANSWER,matched
t160-quality-20261007T012224Z-1f7eeede-11-IMP-MIXED-r2,IMP-MIXED,2,automatic,bf862f8d-df39-5559-bab5-d942fccb2432,a569d2ac-9db1-40b9-9211-83eeea3f3ebe,content,source_provided,True,True,根据下表写出 y 关于 x 的关系式。,根据下表写出 y 关于 x 的关系式。,matched
t160-quality-20261007T012224Z-1f7eeede-11-IMP-MIXED-r2,IMP-MIXED,2,automatic,bf862f8d-df39-5559-bab5-d942fccb2432,a569d2ac-9db1-40b9-9211-83eeea3f3ebe,options,not_applicable,True,True,,,matched
t160-quality-20261007T012224Z-1f7eeede-11-IMP-MIXED-r2,IMP-MIXED,2,automatic,bf862f8d-df39-5559-bab5-d942fccb2432,a569d2ac-9db1-40b9-9211-83eeea3f3ebe,reference_answer,known_missing,True,True,,,matched
t160-quality-20261007T012224Z-1f7eeede-11-IMP-MIXED-r2,IMP-MIXED,2,automatic,bf862f8d-df39-5559-bab5-d942fccb2432,a569d2ac-9db1-40b9-9211-83eeea3f3ebe,analysis,known_missing,True,True,,,matched
t160-quality-20261007T012224Z-1f7eeede-11-IMP-MIXED-r2,IMP-MIXED,2,automatic,bf862f8d-df39-5559-bab5-d942fccb2432,a569d2ac-9db1-40b9-9211-83eeea3f3ebe,score,source_provided,True,True,3.00,3.00,matched
t160-quality-20261007T012224Z-1f7eeede-11-IMP-MIXED-r2,IMP-MIXED,2,automatic,bf862f8d-df39-5559-bab5-d942fccb2432,a569d2ac-9db1-40b9-9211-83eeea3f3ebe,scoring_rubric,source_provided,True,True,正确关系式 1.00；说明代入过程 2.00。,正确关系式 1.00；说明代入过程 2.00。,matched
t160-quality-20261007T012224Z-1f7eeede-11-IMP-MIXED-r2,IMP-MIXED,2,automatic,bf862f8d-df39-5559-bab5-d942fccb2432,a569d2ac-9db1-40b9-9211-83eeea3f3ebe,knowledge_points,source_provided,True,True,"[""一次函数"", ""表达与计算""]","[""一次函数"", ""表达与计算""]",matched
t160-quality-20261007T012224Z-1f7eeede-11-IMP-MIXED-r2,IMP-MIXED,2,automatic,bf862f8d-df39-5559-bab5-d942fccb2432,a569d2ac-9db1-40b9-9211-83eeea3f3ebe,source_regions,unknown,False,,,,reference_unknown
t160-quality-20261007T012224Z-1f7eeede-11-IMP-MIXED-r2,IMP-MIXED,2,automatic,bf862f8d-df39-5559-bab5-d942fccb2432,a569d2ac-9db1-40b9-9211-83eeea3f3ebe,assets,source_provided,True,False,"[{""asset_type"": ""table"", ""source_page_number"": 2, ""order_index"": 1}]",,matched
t160-quality-20261007T012224Z-1f7eeede-11-IMP-MIXED-r2,IMP-MIXED,2,assisted_corrected,1faa8619-84cc-5d65-86ae-244c7f68645e,453f2733-6f6c-49ed-a9d7-a999b778cfea,question_number,source_provided,True,True,1,1,matched
t160-quality-20261007T012224Z-1f7eeede-11-IMP-MIXED-r2,IMP-MIXED,2,assisted_corrected,1faa8619-84cc-5d65-86ae-244c7f68645e,453f2733-6f6c-49ed-a9d7-a999b778cfea,order_index,source_provided,True,True,1,1,matched
t160-quality-20261007T012224Z-1f7eeede-11-IMP-MIXED-r2,IMP-MIXED,2,assisted_corrected,1faa8619-84cc-5d65-86ae-244c7f68645e,453f2733-6f6c-49ed-a9d7-a999b778cfea,source_page_numbers,source_provided,True,True,[1],[1],matched
t160-quality-20261007T012224Z-1f7eeede-11-IMP-MIXED-r2,IMP-MIXED,2,assisted_corrected,1faa8619-84cc-5d65-86ae-244c7f68645e,453f2733-6f6c-49ed-a9d7-a999b778cfea,question_type,source_provided,True,True,SINGLE_CHOICE,SINGLE_CHOICE,matched
t160-quality-20261007T012224Z-1f7eeede-11-IMP-MIXED-r2,IMP-MIXED,2,assisted_corrected,1faa8619-84cc-5d65-86ae-244c7f68645e,453f2733-6f6c-49ed-a9d7-a999b778cfea,content,source_provided,True,True,y = 2x + 1，x = 3 时 y 为多少？,y = 2x + 1，x = 3 时 y 为多少？,matched
t160-quality-20261007T012224Z-1f7eeede-11-IMP-MIXED-r2,IMP-MIXED,2,assisted_corrected,1faa8619-84cc-5d65-86ae-244c7f68645e,453f2733-6f6c-49ed-a9d7-a999b778cfea,options,source_provided,True,True,"{""C"": ""7"", ""A"": ""5"", ""B"": ""6"", ""D"": ""8""}","{""C"": ""7"", ""A"": ""5"", ""B"": ""6"", ""D"": ""8""}",matched
t160-quality-20261007T012224Z-1f7eeede-11-IMP-MIXED-r2,IMP-MIXED,2,assisted_corrected,1faa8619-84cc-5d65-86ae-244c7f68645e,453f2733-6f6c-49ed-a9d7-a999b778cfea,reference_answer,source_provided,True,True,C,C,matched
t160-quality-20261007T012224Z-1f7eeede-11-IMP-MIXED-r2,IMP-MIXED,2,assisted_corrected,1faa8619-84cc-5d65-86ae-244c7f68645e,453f2733-6f6c-49ed-a9d7-a999b778cfea,analysis,source_provided,True,True,2 × 3 + 1 = 7。,2 × 3 + 1 = 7。,matched
t160-quality-20261007T012224Z-1f7eeede-11-IMP-MIXED-r2,IMP-MIXED,2,assisted_corrected,1faa8619-84cc-5d65-86ae-244c7f68645e,453f2733-6f6c-49ed-a9d7-a999b778cfea,score,source_provided,True,True,2.00,2.00,matched
t160-quality-20261007T012224Z-1f7eeede-11-IMP-MIXED-r2,IMP-MIXED,2,assisted_corrected,1faa8619-84cc-5d65-86ae-244c7f68645e,453f2733-6f6c-49ed-a9d7-a999b778cfea,scoring_rubric,known_missing,True,True,,,matched
t160-quality-20261007T012224Z-1f7eeede-11-IMP-MIXED-r2,IMP-MIXED,2,assisted_corrected,1faa8619-84cc-5d65-86ae-244c7f68645e,453f2733-6f6c-49ed-a9d7-a999b778cfea,knowledge_points,known_missing,True,True,[],[],matched
t160-quality-20261007T012224Z-1f7eeede-11-IMP-MIXED-r2,IMP-MIXED,2,assisted_corrected,1faa8619-84cc-5d65-86ae-244c7f68645e,453f2733-6f6c-49ed-a9d7-a999b778cfea,source_regions,unknown,False,,,,reference_unknown
t160-quality-20261007T012224Z-1f7eeede-11-IMP-MIXED-r2,IMP-MIXED,2,assisted_corrected,1faa8619-84cc-5d65-86ae-244c7f68645e,453f2733-6f6c-49ed-a9d7-a999b778cfea,assets,source_provided,True,True,[],[],matched
t160-quality-20261007T012224Z-1f7eeede-11-IMP-MIXED-r2,IMP-MIXED,2,assisted_corrected,545de13f-3fe9-524b-a917-7ab04807806f,5a7c7b25-1fbf-4e8d-9d7e-cdf92e07b702,question_number,source_provided,True,True,2,2,matched
t160-quality-20261007T012224Z-1f7eeede-11-IMP-MIXED-r2,IMP-MIXED,2,assisted_corrected,545de13f-3fe9-524b-a917-7ab04807806f,5a7c7b25-1fbf-4e8d-9d7e-cdf92e07b702,order_index,source_provided,True,True,2,2,matched
t160-quality-20261007T012224Z-1f7eeede-11-IMP-MIXED-r2,IMP-MIXED,2,assisted_corrected,545de13f-3fe9-524b-a917-7ab04807806f,5a7c7b25-1fbf-4e8d-9d7e-cdf92e07b702,source_page_numbers,source_provided,True,True,[1],[1],matched
t160-quality-20261007T012224Z-1f7eeede-11-IMP-MIXED-r2,IMP-MIXED,2,assisted_corrected,545de13f-3fe9-524b-a917-7ab04807806f,5a7c7b25-1fbf-4e8d-9d7e-cdf92e07b702,question_type,source_provided,True,True,TRUE_FALSE,TRUE_FALSE,matched
t160-quality-20261007T012224Z-1f7eeede-11-IMP-MIXED-r2,IMP-MIXED,2,assisted_corrected,545de13f-3fe9-524b-a917-7ab04807806f,5a7c7b25-1fbf-4e8d-9d7e-cdf92e07b702,content,source_provided,True,True,右图三角形面积为 24 cm²。,右图三角形面积为 24 cm²。,matched
t160-quality-20261007T012224Z-1f7eeede-11-IMP-MIXED-r2,IMP-MIXED,2,assisted_corrected,545de13f-3fe9-524b-a917-7ab04807806f,5a7c7b25-1fbf-4e8d-9d7e-cdf92e07b702,options,source_provided,True,True,"[""正确"", ""错误""]","[""正确"", ""错误""]",matched
t160-quality-20261007T012224Z-1f7eeede-11-IMP-MIXED-r2,IMP-MIXED,2,assisted_corrected,545de13f-3fe9-524b-a917-7ab04807806f,5a7c7b25-1fbf-4e8d-9d7e-cdf92e07b702,reference_answer,known_missing,True,True,,,matched
t160-quality-20261007T012224Z-1f7eeede-11-IMP-MIXED-r2,IMP-MIXED,2,assisted_corrected,545de13f-3fe9-524b-a917-7ab04807806f,5a7c7b25-1fbf-4e8d-9d7e-cdf92e07b702,analysis,known_missing,True,True,,,matched
t160-quality-20261007T012224Z-1f7eeede-11-IMP-MIXED-r2,IMP-MIXED,2,assisted_corrected,545de13f-3fe9-524b-a917-7ab04807806f,5a7c7b25-1fbf-4e8d-9d7e-cdf92e07b702,score,source_provided,True,True,2.00,2.00,matched
t160-quality-20261007T012224Z-1f7eeede-11-IMP-MIXED-r2,IMP-MIXED,2,assisted_corrected,545de13f-3fe9-524b-a917-7ab04807806f,5a7c7b25-1fbf-4e8d-9d7e-cdf92e07b702,scoring_rubric,known_missing,True,True,,,matched
t160-quality-20261007T012224Z-1f7eeede-11-IMP-MIXED-r2,IMP-MIXED,2,assisted_corrected,545de13f-3fe9-524b-a917-7ab04807806f,5a7c7b25-1fbf-4e8d-9d7e-cdf92e07b702,knowledge_points,known_missing,True,True,[],[],matched
t160-quality-20261007T012224Z-1f7eeede-11-IMP-MIXED-r2,IMP-MIXED,2,assisted_corrected,545de13f-3fe9-524b-a917-7ab04807806f,5a7c7b25-1fbf-4e8d-9d7e-cdf92e07b702,source_regions,unknown,False,,,,reference_unknown
t160-quality-20261007T012224Z-1f7eeede-11-IMP-MIXED-r2,IMP-MIXED,2,assisted_corrected,545de13f-3fe9-524b-a917-7ab04807806f,5a7c7b25-1fbf-4e8d-9d7e-cdf92e07b702,assets,source_provided,True,False,"[{""asset_type"": ""figure"", ""source_page_number"": 1, ""order_index"": 1}]",,matched
t160-quality-20261007T012224Z-1f7eeede-11-IMP-MIXED-r2,IMP-MIXED,2,assisted_corrected,85533f46-eb86-5893-8742-33939e77750f,6eba9fa2-26b0-4ddd-b104-4dfdd55e4cf1,question_number,source_provided,True,True,3,3,matched
t160-quality-20261007T012224Z-1f7eeede-11-IMP-MIXED-r2,IMP-MIXED,2,assisted_corrected,85533f46-eb86-5893-8742-33939e77750f,6eba9fa2-26b0-4ddd-b104-4dfdd55e4cf1,order_index,source_provided,True,True,3,3,matched
t160-quality-20261007T012224Z-1f7eeede-11-IMP-MIXED-r2,IMP-MIXED,2,assisted_corrected,85533f46-eb86-5893-8742-33939e77750f,6eba9fa2-26b0-4ddd-b104-4dfdd55e4cf1,source_page_numbers,source_provided,True,True,[1],[1],matched
t160-quality-20261007T012224Z-1f7eeede-11-IMP-MIXED-r2,IMP-MIXED,2,assisted_corrected,85533f46-eb86-5893-8742-33939e77750f,6eba9fa2-26b0-4ddd-b104-4dfdd55e4cf1,question_type,source_provided,True,True,SHORT_ANSWER,SHORT_ANSWER,matched
t160-quality-20261007T012224Z-1f7eeede-11-IMP-MIXED-r2,IMP-MIXED,2,assisted_corrected,85533f46-eb86-5893-8742-33939e77750f,6eba9fa2-26b0-4ddd-b104-4dfdd55e4cf1,content,source_provided,True,True,根据下表写出 y 关于 x 的关系式。,根据下表写出 y 关于 x 的关系式。,matched
t160-quality-20261007T012224Z-1f7eeede-11-IMP-MIXED-r2,IMP-MIXED,2,assisted_corrected,85533f46-eb86-5893-8742-33939e77750f,6eba9fa2-26b0-4ddd-b104-4dfdd55e4cf1,options,not_applicable,True,True,,,matched
t160-quality-20261007T012224Z-1f7eeede-11-IMP-MIXED-r2,IMP-MIXED,2,assisted_corrected,85533f46-eb86-5893-8742-33939e77750f,6eba9fa2-26b0-4ddd-b104-4dfdd55e4cf1,reference_answer,known_missing,True,True,,,matched
t160-quality-20261007T012224Z-1f7eeede-11-IMP-MIXED-r2,IMP-MIXED,2,assisted_corrected,85533f46-eb86-5893-8742-33939e77750f,6eba9fa2-26b0-4ddd-b104-4dfdd55e4cf1,analysis,known_missing,True,True,,,matched
t160-quality-20261007T012224Z-1f7eeede-11-IMP-MIXED-r2,IMP-MIXED,2,assisted_corrected,85533f46-eb86-5893-8742-33939e77750f,6eba9fa2-26b0-4ddd-b104-4dfdd55e4cf1,score,source_provided,True,True,3.00,3.00,matched
t160-quality-20261007T012224Z-1f7eeede-11-IMP-MIXED-r2,IMP-MIXED,2,assisted_corrected,85533f46-eb86-5893-8742-33939e77750f,6eba9fa2-26b0-4ddd-b104-4dfdd55e4cf1,scoring_rubric,source_provided,True,True,正确关系式 1.00；说明代入过程 2.00。,正确关系式 1.00；说明代入过程 2.00。,matched
t160-quality-20261007T012224Z-1f7eeede-11-IMP-MIXED-r2,IMP-MIXED,2,assisted_corrected,85533f46-eb86-5893-8742-33939e77750f,6eba9fa2-26b0-4ddd-b104-4dfdd55e4cf1,knowledge_points,source_provided,True,True,"[""一次函数"", ""表达与计算""]","[""一次函数"", ""表达与计算""]",matched
t160-quality-20261007T012224Z-1f7eeede-11-IMP-MIXED-r2,IMP-MIXED,2,assisted_corrected,85533f46-eb86-5893-8742-33939e77750f,6eba9fa2-26b0-4ddd-b104-4dfdd55e4cf1,source_regions,unknown,False,,,,reference_unknown
t160-quality-20261007T012224Z-1f7eeede-11-IMP-MIXED-r2,IMP-MIXED,2,assisted_corrected,85533f46-eb86-5893-8742-33939e77750f,6eba9fa2-26b0-4ddd-b104-4dfdd55e4cf1,assets,source_provided,True,False,"[{""asset_type"": ""table"", ""source_page_number"": 1, ""order_index"": 1}]",,matched
t160-quality-20261007T012224Z-1f7eeede-11-IMP-MIXED-r2,IMP-MIXED,2,assisted_corrected,0fa8d57e-58c2-5aa4-b8cd-e52e96380a38,e1784b31-acb4-4c2b-949b-69ef65752573,question_number,source_provided,True,True,4,4,matched
t160-quality-20261007T012224Z-1f7eeede-11-IMP-MIXED-r2,IMP-MIXED,2,assisted_corrected,0fa8d57e-58c2-5aa4-b8cd-e52e96380a38,e1784b31-acb4-4c2b-949b-69ef65752573,order_index,source_provided,True,True,4,4,matched
t160-quality-20261007T012224Z-1f7eeede-11-IMP-MIXED-r2,IMP-MIXED,2,assisted_corrected,0fa8d57e-58c2-5aa4-b8cd-e52e96380a38,e1784b31-acb4-4c2b-949b-69ef65752573,source_page_numbers,source_provided,True,True,[2],[2],matched
t160-quality-20261007T012224Z-1f7eeede-11-IMP-MIXED-r2,IMP-MIXED,2,assisted_corrected,0fa8d57e-58c2-5aa4-b8cd-e52e96380a38,e1784b31-acb4-4c2b-949b-69ef65752573,question_type,source_provided,True,True,SINGLE_CHOICE,SINGLE_CHOICE,matched
t160-quality-20261007T012224Z-1f7eeede-11-IMP-MIXED-r2,IMP-MIXED,2,assisted_corrected,0fa8d57e-58c2-5aa4-b8cd-e52e96380a38,e1784b31-acb4-4c2b-949b-69ef65752573,content,source_provided,True,True,y = 2x + 1，x = 3 时 y 为多少？,y = 2x + 1，x = 3 时 y 为多少？,matched
t160-quality-20261007T012224Z-1f7eeede-11-IMP-MIXED-r2,IMP-MIXED,2,assisted_corrected,0fa8d57e-58c2-5aa4-b8cd-e52e96380a38,e1784b31-acb4-4c2b-949b-69ef65752573,options,source_provided,True,True,"{""C"": ""7"", ""A"": ""5"", ""B"": ""6"", ""D"": ""8""}","{""C"": ""7"", ""A"": ""5"", ""B"": ""6"", ""D"": ""8""}",matched
t160-quality-20261007T012224Z-1f7eeede-11-IMP-MIXED-r2,IMP-MIXED,2,assisted_corrected,0fa8d57e-58c2-5aa4-b8cd-e52e96380a38,e1784b31-acb4-4c2b-949b-69ef65752573,reference_answer,source_provided,True,True,C,C,matched
t160-quality-20261007T012224Z-1f7eeede-11-IMP-MIXED-r2,IMP-MIXED,2,assisted_corrected,0fa8d57e-58c2-5aa4-b8cd-e52e96380a38,e1784b31-acb4-4c2b-949b-69ef65752573,analysis,source_provided,True,True,2 × 3 + 1 = 7。,2 × 3 + 1 = 7。,matched
t160-quality-20261007T012224Z-1f7eeede-11-IMP-MIXED-r2,IMP-MIXED,2,assisted_corrected,0fa8d57e-58c2-5aa4-b8cd-e52e96380a38,e1784b31-acb4-4c2b-949b-69ef65752573,score,source_provided,True,True,2.00,2.00,matched
t160-quality-20261007T012224Z-1f7eeede-11-IMP-MIXED-r2,IMP-MIXED,2,assisted_corrected,0fa8d57e-58c2-5aa4-b8cd-e52e96380a38,e1784b31-acb4-4c2b-949b-69ef65752573,scoring_rubric,known_missing,True,True,,,matched
t160-quality-20261007T012224Z-1f7eeede-11-IMP-MIXED-r2,IMP-MIXED,2,assisted_corrected,0fa8d57e-58c2-5aa4-b8cd-e52e96380a38,e1784b31-acb4-4c2b-949b-69ef65752573,knowledge_points,known_missing,True,True,[],[],matched
t160-quality-20261007T012224Z-1f7eeede-11-IMP-MIXED-r2,IMP-MIXED,2,assisted_corrected,0fa8d57e-58c2-5aa4-b8cd-e52e96380a38,e1784b31-acb4-4c2b-949b-69ef65752573,source_regions,unknown,False,,,,reference_unknown
t160-quality-20261007T012224Z-1f7eeede-11-IMP-MIXED-r2,IMP-MIXED,2,assisted_corrected,0fa8d57e-58c2-5aa4-b8cd-e52e96380a38,e1784b31-acb4-4c2b-949b-69ef65752573,assets,source_provided,True,True,[],[],matched
t160-quality-20261007T012224Z-1f7eeede-11-IMP-MIXED-r2,IMP-MIXED,2,assisted_corrected,455720b9-9061-5bce-83af-d6d53c6c84e1,34661438-b6bf-417b-987a-7fca61c8f762,question_number,source_provided,True,True,5,5,matched
t160-quality-20261007T012224Z-1f7eeede-11-IMP-MIXED-r2,IMP-MIXED,2,assisted_corrected,455720b9-9061-5bce-83af-d6d53c6c84e1,34661438-b6bf-417b-987a-7fca61c8f762,order_index,source_provided,True,True,5,5,matched
t160-quality-20261007T012224Z-1f7eeede-11-IMP-MIXED-r2,IMP-MIXED,2,assisted_corrected,455720b9-9061-5bce-83af-d6d53c6c84e1,34661438-b6bf-417b-987a-7fca61c8f762,source_page_numbers,source_provided,True,True,[2],[2],matched
t160-quality-20261007T012224Z-1f7eeede-11-IMP-MIXED-r2,IMP-MIXED,2,assisted_corrected,455720b9-9061-5bce-83af-d6d53c6c84e1,34661438-b6bf-417b-987a-7fca61c8f762,question_type,source_provided,True,True,TRUE_FALSE,TRUE_FALSE,matched
t160-quality-20261007T012224Z-1f7eeede-11-IMP-MIXED-r2,IMP-MIXED,2,assisted_corrected,455720b9-9061-5bce-83af-d6d53c6c84e1,34661438-b6bf-417b-987a-7fca61c8f762,content,source_provided,True,True,右图三角形面积为 24 cm²。,右图三角形面积为 24 cm²。,matched
t160-quality-20261007T012224Z-1f7eeede-11-IMP-MIXED-r2,IMP-MIXED,2,assisted_corrected,455720b9-9061-5bce-83af-d6d53c6c84e1,34661438-b6bf-417b-987a-7fca61c8f762,options,source_provided,True,True,"[""正确"", ""错误""]","[""正确"", ""错误""]",matched
t160-quality-20261007T012224Z-1f7eeede-11-IMP-MIXED-r2,IMP-MIXED,2,assisted_corrected,455720b9-9061-5bce-83af-d6d53c6c84e1,34661438-b6bf-417b-987a-7fca61c8f762,reference_answer,known_missing,True,True,,,matched
t160-quality-20261007T012224Z-1f7eeede-11-IMP-MIXED-r2,IMP-MIXED,2,assisted_corrected,455720b9-9061-5bce-83af-d6d53c6c84e1,34661438-b6bf-417b-987a-7fca61c8f762,analysis,known_missing,True,True,,,matched
t160-quality-20261007T012224Z-1f7eeede-11-IMP-MIXED-r2,IMP-MIXED,2,assisted_corrected,455720b9-9061-5bce-83af-d6d53c6c84e1,34661438-b6bf-417b-987a-7fca61c8f762,score,source_provided,True,True,2.00,2.00,matched
t160-quality-20261007T012224Z-1f7eeede-11-IMP-MIXED-r2,IMP-MIXED,2,assisted_corrected,455720b9-9061-5bce-83af-d6d53c6c84e1,34661438-b6bf-417b-987a-7fca61c8f762,scoring_rubric,known_missing,True,True,,,matched
t160-quality-20261007T012224Z-1f7eeede-11-IMP-MIXED-r2,IMP-MIXED,2,assisted_corrected,455720b9-9061-5bce-83af-d6d53c6c84e1,34661438-b6bf-417b-987a-7fca61c8f762,knowledge_points,known_missing,True,True,[],[],matched
t160-quality-20261007T012224Z-1f7eeede-11-IMP-MIXED-r2,IMP-MIXED,2,assisted_corrected,455720b9-9061-5bce-83af-d6d53c6c84e1,34661438-b6bf-417b-987a-7fca61c8f762,source_regions,unknown,False,,,,reference_unknown
t160-quality-20261007T012224Z-1f7eeede-11-IMP-MIXED-r2,IMP-MIXED,2,assisted_corrected,455720b9-9061-5bce-83af-d6d53c6c84e1,34661438-b6bf-417b-987a-7fca61c8f762,assets,source_provided,True,False,"[{""asset_type"": ""figure"", ""source_page_number"": 2, ""order_index"": 1}]",,matched
t160-quality-20261007T012224Z-1f7eeede-11-IMP-MIXED-r2,IMP-MIXED,2,assisted_corrected,bf862f8d-df39-5559-bab5-d942fccb2432,a569d2ac-9db1-40b9-9211-83eeea3f3ebe,question_number,source_provided,True,True,6,6,matched
t160-quality-20261007T012224Z-1f7eeede-11-IMP-MIXED-r2,IMP-MIXED,2,assisted_corrected,bf862f8d-df39-5559-bab5-d942fccb2432,a569d2ac-9db1-40b9-9211-83eeea3f3ebe,order_index,source_provided,True,True,6,6,matched
t160-quality-20261007T012224Z-1f7eeede-11-IMP-MIXED-r2,IMP-MIXED,2,assisted_corrected,bf862f8d-df39-5559-bab5-d942fccb2432,a569d2ac-9db1-40b9-9211-83eeea3f3ebe,source_page_numbers,source_provided,True,True,[2],[2],matched
t160-quality-20261007T012224Z-1f7eeede-11-IMP-MIXED-r2,IMP-MIXED,2,assisted_corrected,bf862f8d-df39-5559-bab5-d942fccb2432,a569d2ac-9db1-40b9-9211-83eeea3f3ebe,question_type,source_provided,True,True,SHORT_ANSWER,SHORT_ANSWER,matched
t160-quality-20261007T012224Z-1f7eeede-11-IMP-MIXED-r2,IMP-MIXED,2,assisted_corrected,bf862f8d-df39-5559-bab5-d942fccb2432,a569d2ac-9db1-40b9-9211-83eeea3f3ebe,content,source_provided,True,True,根据下表写出 y 关于 x 的关系式。,根据下表写出 y 关于 x 的关系式。,matched
t160-quality-20261007T012224Z-1f7eeede-11-IMP-MIXED-r2,IMP-MIXED,2,assisted_corrected,bf862f8d-df39-5559-bab5-d942fccb2432,a569d2ac-9db1-40b9-9211-83eeea3f3ebe,options,not_applicable,True,True,,,matched
t160-quality-20261007T012224Z-1f7eeede-11-IMP-MIXED-r2,IMP-MIXED,2,assisted_corrected,bf862f8d-df39-5559-bab5-d942fccb2432,a569d2ac-9db1-40b9-9211-83eeea3f3ebe,reference_answer,known_missing,True,True,,,matched
t160-quality-20261007T012224Z-1f7eeede-11-IMP-MIXED-r2,IMP-MIXED,2,assisted_corrected,bf862f8d-df39-5559-bab5-d942fccb2432,a569d2ac-9db1-40b9-9211-83eeea3f3ebe,analysis,known_missing,True,True,,,matched
t160-quality-20261007T012224Z-1f7eeede-11-IMP-MIXED-r2,IMP-MIXED,2,assisted_corrected,bf862f8d-df39-5559-bab5-d942fccb2432,a569d2ac-9db1-40b9-9211-83eeea3f3ebe,score,source_provided,True,True,3.00,3.00,matched
t160-quality-20261007T012224Z-1f7eeede-11-IMP-MIXED-r2,IMP-MIXED,2,assisted_corrected,bf862f8d-df39-5559-bab5-d942fccb2432,a569d2ac-9db1-40b9-9211-83eeea3f3ebe,scoring_rubric,source_provided,True,True,正确关系式 1.00；说明代入过程 2.00。,正确关系式 1.00；说明代入过程 2.00。,matched
t160-quality-20261007T012224Z-1f7eeede-11-IMP-MIXED-r2,IMP-MIXED,2,assisted_corrected,bf862f8d-df39-5559-bab5-d942fccb2432,a569d2ac-9db1-40b9-9211-83eeea3f3ebe,knowledge_points,source_provided,True,True,"[""一次函数"", ""表达与计算""]","[""一次函数"", ""表达与计算""]",matched
t160-quality-20261007T012224Z-1f7eeede-11-IMP-MIXED-r2,IMP-MIXED,2,assisted_corrected,bf862f8d-df39-5559-bab5-d942fccb2432,a569d2ac-9db1-40b9-9211-83eeea3f3ebe,source_regions,unknown,False,,,,reference_unknown
t160-quality-20261007T012224Z-1f7eeede-11-IMP-MIXED-r2,IMP-MIXED,2,assisted_corrected,bf862f8d-df39-5559-bab5-d942fccb2432,a569d2ac-9db1-40b9-9211-83eeea3f3ebe,assets,source_provided,True,False,"[{""asset_type"": ""table"", ""source_page_number"": 2, ""order_index"": 1}]",,matched
t160-quality-20261007T012224Z-1f7eeede-12-IMP-MIXED-r3,IMP-MIXED,3,automatic,1faa8619-84cc-5d65-86ae-244c7f68645e,932475c0-bde3-4e6d-87f8-d0fd4e629b75,question_number,source_provided,True,True,1,1,matched
t160-quality-20261007T012224Z-1f7eeede-12-IMP-MIXED-r3,IMP-MIXED,3,automatic,1faa8619-84cc-5d65-86ae-244c7f68645e,932475c0-bde3-4e6d-87f8-d0fd4e629b75,order_index,source_provided,True,True,1,1,matched
t160-quality-20261007T012224Z-1f7eeede-12-IMP-MIXED-r3,IMP-MIXED,3,automatic,1faa8619-84cc-5d65-86ae-244c7f68645e,932475c0-bde3-4e6d-87f8-d0fd4e629b75,source_page_numbers,source_provided,True,True,[1],[1],matched
t160-quality-20261007T012224Z-1f7eeede-12-IMP-MIXED-r3,IMP-MIXED,3,automatic,1faa8619-84cc-5d65-86ae-244c7f68645e,932475c0-bde3-4e6d-87f8-d0fd4e629b75,question_type,source_provided,True,True,SINGLE_CHOICE,SINGLE_CHOICE,matched
t160-quality-20261007T012224Z-1f7eeede-12-IMP-MIXED-r3,IMP-MIXED,3,automatic,1faa8619-84cc-5d65-86ae-244c7f68645e,932475c0-bde3-4e6d-87f8-d0fd4e629b75,content,source_provided,True,True,y = 2x + 1，x = 3 时 y 为多少？,y = 2x + 1，x = 3 时 y 为多少？,matched
t160-quality-20261007T012224Z-1f7eeede-12-IMP-MIXED-r3,IMP-MIXED,3,automatic,1faa8619-84cc-5d65-86ae-244c7f68645e,932475c0-bde3-4e6d-87f8-d0fd4e629b75,options,source_provided,True,True,"{""C"": ""7"", ""A"": ""5"", ""B"": ""6"", ""D"": ""8""}","{""C"": ""7"", ""A"": ""5"", ""B"": ""6"", ""D"": ""8""}",matched
t160-quality-20261007T012224Z-1f7eeede-12-IMP-MIXED-r3,IMP-MIXED,3,automatic,1faa8619-84cc-5d65-86ae-244c7f68645e,932475c0-bde3-4e6d-87f8-d0fd4e629b75,reference_answer,source_provided,True,True,C,C,matched
t160-quality-20261007T012224Z-1f7eeede-12-IMP-MIXED-r3,IMP-MIXED,3,automatic,1faa8619-84cc-5d65-86ae-244c7f68645e,932475c0-bde3-4e6d-87f8-d0fd4e629b75,analysis,source_provided,True,True,2 × 3 + 1 = 7。,2 × 3 + 1 = 7。,matched
t160-quality-20261007T012224Z-1f7eeede-12-IMP-MIXED-r3,IMP-MIXED,3,automatic,1faa8619-84cc-5d65-86ae-244c7f68645e,932475c0-bde3-4e6d-87f8-d0fd4e629b75,score,source_provided,True,True,2.00,2.00,matched
t160-quality-20261007T012224Z-1f7eeede-12-IMP-MIXED-r3,IMP-MIXED,3,automatic,1faa8619-84cc-5d65-86ae-244c7f68645e,932475c0-bde3-4e6d-87f8-d0fd4e629b75,scoring_rubric,known_missing,True,True,,,matched
t160-quality-20261007T012224Z-1f7eeede-12-IMP-MIXED-r3,IMP-MIXED,3,automatic,1faa8619-84cc-5d65-86ae-244c7f68645e,932475c0-bde3-4e6d-87f8-d0fd4e629b75,knowledge_points,known_missing,True,True,[],[],matched
t160-quality-20261007T012224Z-1f7eeede-12-IMP-MIXED-r3,IMP-MIXED,3,automatic,1faa8619-84cc-5d65-86ae-244c7f68645e,932475c0-bde3-4e6d-87f8-d0fd4e629b75,source_regions,unknown,False,,,,reference_unknown
t160-quality-20261007T012224Z-1f7eeede-12-IMP-MIXED-r3,IMP-MIXED,3,automatic,1faa8619-84cc-5d65-86ae-244c7f68645e,932475c0-bde3-4e6d-87f8-d0fd4e629b75,assets,source_provided,True,False,[],,matched
t160-quality-20261007T012224Z-1f7eeede-12-IMP-MIXED-r3,IMP-MIXED,3,automatic,545de13f-3fe9-524b-a917-7ab04807806f,29ed4126-c175-43f8-828c-de2f6221f350,question_number,source_provided,True,True,2,2,matched
t160-quality-20261007T012224Z-1f7eeede-12-IMP-MIXED-r3,IMP-MIXED,3,automatic,545de13f-3fe9-524b-a917-7ab04807806f,29ed4126-c175-43f8-828c-de2f6221f350,order_index,source_provided,True,True,2,2,matched
t160-quality-20261007T012224Z-1f7eeede-12-IMP-MIXED-r3,IMP-MIXED,3,automatic,545de13f-3fe9-524b-a917-7ab04807806f,29ed4126-c175-43f8-828c-de2f6221f350,source_page_numbers,source_provided,True,True,[1],[1],matched
t160-quality-20261007T012224Z-1f7eeede-12-IMP-MIXED-r3,IMP-MIXED,3,automatic,545de13f-3fe9-524b-a917-7ab04807806f,29ed4126-c175-43f8-828c-de2f6221f350,question_type,source_provided,True,True,TRUE_FALSE,TRUE_FALSE,matched
t160-quality-20261007T012224Z-1f7eeede-12-IMP-MIXED-r3,IMP-MIXED,3,automatic,545de13f-3fe9-524b-a917-7ab04807806f,29ed4126-c175-43f8-828c-de2f6221f350,content,source_provided,True,True,右图三角形面积为 24 cm²。,右图三角形面积为 24 cm²。,matched
t160-quality-20261007T012224Z-1f7eeede-12-IMP-MIXED-r3,IMP-MIXED,3,automatic,545de13f-3fe9-524b-a917-7ab04807806f,29ed4126-c175-43f8-828c-de2f6221f350,options,source_provided,True,True,"[""正确"", ""错误""]","[""正确"", ""错误""]",matched
t160-quality-20261007T012224Z-1f7eeede-12-IMP-MIXED-r3,IMP-MIXED,3,automatic,545de13f-3fe9-524b-a917-7ab04807806f,29ed4126-c175-43f8-828c-de2f6221f350,reference_answer,known_missing,True,True,,,matched
t160-quality-20261007T012224Z-1f7eeede-12-IMP-MIXED-r3,IMP-MIXED,3,automatic,545de13f-3fe9-524b-a917-7ab04807806f,29ed4126-c175-43f8-828c-de2f6221f350,analysis,known_missing,True,True,,,matched
t160-quality-20261007T012224Z-1f7eeede-12-IMP-MIXED-r3,IMP-MIXED,3,automatic,545de13f-3fe9-524b-a917-7ab04807806f,29ed4126-c175-43f8-828c-de2f6221f350,score,source_provided,True,True,2.00,2.00,matched
t160-quality-20261007T012224Z-1f7eeede-12-IMP-MIXED-r3,IMP-MIXED,3,automatic,545de13f-3fe9-524b-a917-7ab04807806f,29ed4126-c175-43f8-828c-de2f6221f350,scoring_rubric,known_missing,True,True,,,matched
t160-quality-20261007T012224Z-1f7eeede-12-IMP-MIXED-r3,IMP-MIXED,3,automatic,545de13f-3fe9-524b-a917-7ab04807806f,29ed4126-c175-43f8-828c-de2f6221f350,knowledge_points,known_missing,True,True,[],[],matched
t160-quality-20261007T012224Z-1f7eeede-12-IMP-MIXED-r3,IMP-MIXED,3,automatic,545de13f-3fe9-524b-a917-7ab04807806f,29ed4126-c175-43f8-828c-de2f6221f350,source_regions,unknown,False,,,,reference_unknown
t160-quality-20261007T012224Z-1f7eeede-12-IMP-MIXED-r3,IMP-MIXED,3,automatic,545de13f-3fe9-524b-a917-7ab04807806f,29ed4126-c175-43f8-828c-de2f6221f350,assets,source_provided,True,False,"[{""asset_type"": ""figure"", ""source_page_number"": 1, ""order_index"": 1}]",,matched
t160-quality-20261007T012224Z-1f7eeede-12-IMP-MIXED-r3,IMP-MIXED,3,automatic,85533f46-eb86-5893-8742-33939e77750f,364cfb94-2631-4553-ac68-789f63b0d113,question_number,source_provided,True,True,3,3,matched
t160-quality-20261007T012224Z-1f7eeede-12-IMP-MIXED-r3,IMP-MIXED,3,automatic,85533f46-eb86-5893-8742-33939e77750f,364cfb94-2631-4553-ac68-789f63b0d113,order_index,source_provided,True,True,3,3,matched
t160-quality-20261007T012224Z-1f7eeede-12-IMP-MIXED-r3,IMP-MIXED,3,automatic,85533f46-eb86-5893-8742-33939e77750f,364cfb94-2631-4553-ac68-789f63b0d113,source_page_numbers,source_provided,True,True,[1],[1],matched
t160-quality-20261007T012224Z-1f7eeede-12-IMP-MIXED-r3,IMP-MIXED,3,automatic,85533f46-eb86-5893-8742-33939e77750f,364cfb94-2631-4553-ac68-789f63b0d113,question_type,source_provided,True,True,SHORT_ANSWER,SHORT_ANSWER,matched
t160-quality-20261007T012224Z-1f7eeede-12-IMP-MIXED-r3,IMP-MIXED,3,automatic,85533f46-eb86-5893-8742-33939e77750f,364cfb94-2631-4553-ac68-789f63b0d113,content,source_provided,True,True,根据下表写出 y 关于 x 的关系式。,根据下表写出 y 关于 x 的关系式。,matched
t160-quality-20261007T012224Z-1f7eeede-12-IMP-MIXED-r3,IMP-MIXED,3,automatic,85533f46-eb86-5893-8742-33939e77750f,364cfb94-2631-4553-ac68-789f63b0d113,options,not_applicable,True,True,,,matched
t160-quality-20261007T012224Z-1f7eeede-12-IMP-MIXED-r3,IMP-MIXED,3,automatic,85533f46-eb86-5893-8742-33939e77750f,364cfb94-2631-4553-ac68-789f63b0d113,reference_answer,known_missing,True,True,,,matched
t160-quality-20261007T012224Z-1f7eeede-12-IMP-MIXED-r3,IMP-MIXED,3,automatic,85533f46-eb86-5893-8742-33939e77750f,364cfb94-2631-4553-ac68-789f63b0d113,analysis,known_missing,True,True,,,matched
t160-quality-20261007T012224Z-1f7eeede-12-IMP-MIXED-r3,IMP-MIXED,3,automatic,85533f46-eb86-5893-8742-33939e77750f,364cfb94-2631-4553-ac68-789f63b0d113,score,source_provided,True,True,3.00,3.00,matched
t160-quality-20261007T012224Z-1f7eeede-12-IMP-MIXED-r3,IMP-MIXED,3,automatic,85533f46-eb86-5893-8742-33939e77750f,364cfb94-2631-4553-ac68-789f63b0d113,scoring_rubric,source_provided,True,True,正确关系式 1.00；说明代入过程 2.00。,正确关系式 1.00；说明代入过程 2.00。,matched
t160-quality-20261007T012224Z-1f7eeede-12-IMP-MIXED-r3,IMP-MIXED,3,automatic,85533f46-eb86-5893-8742-33939e77750f,364cfb94-2631-4553-ac68-789f63b0d113,knowledge_points,source_provided,True,True,"[""一次函数"", ""表达与计算""]","[""一次函数"", ""表达与计算""]",matched
t160-quality-20261007T012224Z-1f7eeede-12-IMP-MIXED-r3,IMP-MIXED,3,automatic,85533f46-eb86-5893-8742-33939e77750f,364cfb94-2631-4553-ac68-789f63b0d113,source_regions,unknown,False,,,,reference_unknown
t160-quality-20261007T012224Z-1f7eeede-12-IMP-MIXED-r3,IMP-MIXED,3,automatic,85533f46-eb86-5893-8742-33939e77750f,364cfb94-2631-4553-ac68-789f63b0d113,assets,source_provided,True,False,"[{""asset_type"": ""table"", ""source_page_number"": 1, ""order_index"": 1}]",,matched
t160-quality-20261007T012224Z-1f7eeede-12-IMP-MIXED-r3,IMP-MIXED,3,automatic,0fa8d57e-58c2-5aa4-b8cd-e52e96380a38,6d9d355c-aa88-494c-9aff-b2759f807aab,question_number,source_provided,True,True,4,4,matched
t160-quality-20261007T012224Z-1f7eeede-12-IMP-MIXED-r3,IMP-MIXED,3,automatic,0fa8d57e-58c2-5aa4-b8cd-e52e96380a38,6d9d355c-aa88-494c-9aff-b2759f807aab,order_index,source_provided,True,True,4,4,matched
t160-quality-20261007T012224Z-1f7eeede-12-IMP-MIXED-r3,IMP-MIXED,3,automatic,0fa8d57e-58c2-5aa4-b8cd-e52e96380a38,6d9d355c-aa88-494c-9aff-b2759f807aab,source_page_numbers,source_provided,True,True,[2],[2],matched
t160-quality-20261007T012224Z-1f7eeede-12-IMP-MIXED-r3,IMP-MIXED,3,automatic,0fa8d57e-58c2-5aa4-b8cd-e52e96380a38,6d9d355c-aa88-494c-9aff-b2759f807aab,question_type,source_provided,True,True,SINGLE_CHOICE,SINGLE_CHOICE,matched
t160-quality-20261007T012224Z-1f7eeede-12-IMP-MIXED-r3,IMP-MIXED,3,automatic,0fa8d57e-58c2-5aa4-b8cd-e52e96380a38,6d9d355c-aa88-494c-9aff-b2759f807aab,content,source_provided,True,True,y = 2x + 1，x = 3 时 y 为多少？,y = 2x + 1，x = 3 时 y 为多少？,matched
t160-quality-20261007T012224Z-1f7eeede-12-IMP-MIXED-r3,IMP-MIXED,3,automatic,0fa8d57e-58c2-5aa4-b8cd-e52e96380a38,6d9d355c-aa88-494c-9aff-b2759f807aab,options,source_provided,True,True,"{""C"": ""7"", ""A"": ""5"", ""B"": ""6"", ""D"": ""8""}","{""C"": ""7"", ""A"": ""5"", ""B"": ""6"", ""D"": ""8""}",matched
t160-quality-20261007T012224Z-1f7eeede-12-IMP-MIXED-r3,IMP-MIXED,3,automatic,0fa8d57e-58c2-5aa4-b8cd-e52e96380a38,6d9d355c-aa88-494c-9aff-b2759f807aab,reference_answer,source_provided,True,True,C,C,matched
t160-quality-20261007T012224Z-1f7eeede-12-IMP-MIXED-r3,IMP-MIXED,3,automatic,0fa8d57e-58c2-5aa4-b8cd-e52e96380a38,6d9d355c-aa88-494c-9aff-b2759f807aab,analysis,source_provided,True,True,2 × 3 + 1 = 7。,2 × 3 + 1 = 7。,matched
t160-quality-20261007T012224Z-1f7eeede-12-IMP-MIXED-r3,IMP-MIXED,3,automatic,0fa8d57e-58c2-5aa4-b8cd-e52e96380a38,6d9d355c-aa88-494c-9aff-b2759f807aab,score,source_provided,True,True,2.00,2.00,matched
t160-quality-20261007T012224Z-1f7eeede-12-IMP-MIXED-r3,IMP-MIXED,3,automatic,0fa8d57e-58c2-5aa4-b8cd-e52e96380a38,6d9d355c-aa88-494c-9aff-b2759f807aab,scoring_rubric,known_missing,True,True,,,matched
t160-quality-20261007T012224Z-1f7eeede-12-IMP-MIXED-r3,IMP-MIXED,3,automatic,0fa8d57e-58c2-5aa4-b8cd-e52e96380a38,6d9d355c-aa88-494c-9aff-b2759f807aab,knowledge_points,known_missing,True,True,[],[],matched
t160-quality-20261007T012224Z-1f7eeede-12-IMP-MIXED-r3,IMP-MIXED,3,automatic,0fa8d57e-58c2-5aa4-b8cd-e52e96380a38,6d9d355c-aa88-494c-9aff-b2759f807aab,source_regions,unknown,False,,,,reference_unknown
t160-quality-20261007T012224Z-1f7eeede-12-IMP-MIXED-r3,IMP-MIXED,3,automatic,0fa8d57e-58c2-5aa4-b8cd-e52e96380a38,6d9d355c-aa88-494c-9aff-b2759f807aab,assets,source_provided,True,False,[],,matched
t160-quality-20261007T012224Z-1f7eeede-12-IMP-MIXED-r3,IMP-MIXED,3,automatic,455720b9-9061-5bce-83af-d6d53c6c84e1,9dc00f82-a1f6-41f2-9a4a-26e7b1ae314c,question_number,source_provided,True,True,5,5,matched
t160-quality-20261007T012224Z-1f7eeede-12-IMP-MIXED-r3,IMP-MIXED,3,automatic,455720b9-9061-5bce-83af-d6d53c6c84e1,9dc00f82-a1f6-41f2-9a4a-26e7b1ae314c,order_index,source_provided,True,True,5,5,matched
t160-quality-20261007T012224Z-1f7eeede-12-IMP-MIXED-r3,IMP-MIXED,3,automatic,455720b9-9061-5bce-83af-d6d53c6c84e1,9dc00f82-a1f6-41f2-9a4a-26e7b1ae314c,source_page_numbers,source_provided,True,True,[2],[2],matched
t160-quality-20261007T012224Z-1f7eeede-12-IMP-MIXED-r3,IMP-MIXED,3,automatic,455720b9-9061-5bce-83af-d6d53c6c84e1,9dc00f82-a1f6-41f2-9a4a-26e7b1ae314c,question_type,source_provided,True,True,TRUE_FALSE,TRUE_FALSE,matched
t160-quality-20261007T012224Z-1f7eeede-12-IMP-MIXED-r3,IMP-MIXED,3,automatic,455720b9-9061-5bce-83af-d6d53c6c84e1,9dc00f82-a1f6-41f2-9a4a-26e7b1ae314c,content,source_provided,True,True,右图三角形面积为 24 cm²。,右图三角形面积为 24 cm²。,matched
t160-quality-20261007T012224Z-1f7eeede-12-IMP-MIXED-r3,IMP-MIXED,3,automatic,455720b9-9061-5bce-83af-d6d53c6c84e1,9dc00f82-a1f6-41f2-9a4a-26e7b1ae314c,options,source_provided,True,True,"[""正确"", ""错误""]","[""正确"", ""错误""]",matched
t160-quality-20261007T012224Z-1f7eeede-12-IMP-MIXED-r3,IMP-MIXED,3,automatic,455720b9-9061-5bce-83af-d6d53c6c84e1,9dc00f82-a1f6-41f2-9a4a-26e7b1ae314c,reference_answer,known_missing,True,True,,,matched
t160-quality-20261007T012224Z-1f7eeede-12-IMP-MIXED-r3,IMP-MIXED,3,automatic,455720b9-9061-5bce-83af-d6d53c6c84e1,9dc00f82-a1f6-41f2-9a4a-26e7b1ae314c,analysis,known_missing,True,True,,,matched
t160-quality-20261007T012224Z-1f7eeede-12-IMP-MIXED-r3,IMP-MIXED,3,automatic,455720b9-9061-5bce-83af-d6d53c6c84e1,9dc00f82-a1f6-41f2-9a4a-26e7b1ae314c,score,source_provided,True,True,2.00,2.00,matched
t160-quality-20261007T012224Z-1f7eeede-12-IMP-MIXED-r3,IMP-MIXED,3,automatic,455720b9-9061-5bce-83af-d6d53c6c84e1,9dc00f82-a1f6-41f2-9a4a-26e7b1ae314c,scoring_rubric,known_missing,True,True,,,matched
t160-quality-20261007T012224Z-1f7eeede-12-IMP-MIXED-r3,IMP-MIXED,3,automatic,455720b9-9061-5bce-83af-d6d53c6c84e1,9dc00f82-a1f6-41f2-9a4a-26e7b1ae314c,knowledge_points,known_missing,True,True,[],[],matched
t160-quality-20261007T012224Z-1f7eeede-12-IMP-MIXED-r3,IMP-MIXED,3,automatic,455720b9-9061-5bce-83af-d6d53c6c84e1,9dc00f82-a1f6-41f2-9a4a-26e7b1ae314c,source_regions,unknown,False,,,,reference_unknown
t160-quality-20261007T012224Z-1f7eeede-12-IMP-MIXED-r3,IMP-MIXED,3,automatic,455720b9-9061-5bce-83af-d6d53c6c84e1,9dc00f82-a1f6-41f2-9a4a-26e7b1ae314c,assets,source_provided,True,False,"[{""asset_type"": ""figure"", ""source_page_number"": 2, ""order_index"": 1}]",,matched
t160-quality-20261007T012224Z-1f7eeede-12-IMP-MIXED-r3,IMP-MIXED,3,automatic,bf862f8d-df39-5559-bab5-d942fccb2432,33a3c0c2-50da-40e9-9406-fc63e170b800,question_number,source_provided,True,True,6,6,matched
t160-quality-20261007T012224Z-1f7eeede-12-IMP-MIXED-r3,IMP-MIXED,3,automatic,bf862f8d-df39-5559-bab5-d942fccb2432,33a3c0c2-50da-40e9-9406-fc63e170b800,order_index,source_provided,True,True,6,6,matched
t160-quality-20261007T012224Z-1f7eeede-12-IMP-MIXED-r3,IMP-MIXED,3,automatic,bf862f8d-df39-5559-bab5-d942fccb2432,33a3c0c2-50da-40e9-9406-fc63e170b800,source_page_numbers,source_provided,True,True,[2],[2],matched
t160-quality-20261007T012224Z-1f7eeede-12-IMP-MIXED-r3,IMP-MIXED,3,automatic,bf862f8d-df39-5559-bab5-d942fccb2432,33a3c0c2-50da-40e9-9406-fc63e170b800,question_type,source_provided,True,True,SHORT_ANSWER,SHORT_ANSWER,matched
t160-quality-20261007T012224Z-1f7eeede-12-IMP-MIXED-r3,IMP-MIXED,3,automatic,bf862f8d-df39-5559-bab5-d942fccb2432,33a3c0c2-50da-40e9-9406-fc63e170b800,content,source_provided,True,True,根据下表写出 y 关于 x 的关系式。,根据下表写出 y 关于 x 的关系式。,matched
t160-quality-20261007T012224Z-1f7eeede-12-IMP-MIXED-r3,IMP-MIXED,3,automatic,bf862f8d-df39-5559-bab5-d942fccb2432,33a3c0c2-50da-40e9-9406-fc63e170b800,options,not_applicable,True,True,,,matched
t160-quality-20261007T012224Z-1f7eeede-12-IMP-MIXED-r3,IMP-MIXED,3,automatic,bf862f8d-df39-5559-bab5-d942fccb2432,33a3c0c2-50da-40e9-9406-fc63e170b800,reference_answer,known_missing,True,True,,,matched
t160-quality-20261007T012224Z-1f7eeede-12-IMP-MIXED-r3,IMP-MIXED,3,automatic,bf862f8d-df39-5559-bab5-d942fccb2432,33a3c0c2-50da-40e9-9406-fc63e170b800,analysis,known_missing,True,True,,,matched
t160-quality-20261007T012224Z-1f7eeede-12-IMP-MIXED-r3,IMP-MIXED,3,automatic,bf862f8d-df39-5559-bab5-d942fccb2432,33a3c0c2-50da-40e9-9406-fc63e170b800,score,source_provided,True,True,3.00,3.00,matched
t160-quality-20261007T012224Z-1f7eeede-12-IMP-MIXED-r3,IMP-MIXED,3,automatic,bf862f8d-df39-5559-bab5-d942fccb2432,33a3c0c2-50da-40e9-9406-fc63e170b800,scoring_rubric,source_provided,True,True,正确关系式 1.00；说明代入过程 2.00。,正确关系式 1.00；说明代入过程 2.00。,matched
t160-quality-20261007T012224Z-1f7eeede-12-IMP-MIXED-r3,IMP-MIXED,3,automatic,bf862f8d-df39-5559-bab5-d942fccb2432,33a3c0c2-50da-40e9-9406-fc63e170b800,knowledge_points,source_provided,True,True,"[""一次函数"", ""表达与计算""]","[""一次函数"", ""表达与计算""]",matched
t160-quality-20261007T012224Z-1f7eeede-12-IMP-MIXED-r3,IMP-MIXED,3,automatic,bf862f8d-df39-5559-bab5-d942fccb2432,33a3c0c2-50da-40e9-9406-fc63e170b800,source_regions,unknown,False,,,,reference_unknown
t160-quality-20261007T012224Z-1f7eeede-12-IMP-MIXED-r3,IMP-MIXED,3,automatic,bf862f8d-df39-5559-bab5-d942fccb2432,33a3c0c2-50da-40e9-9406-fc63e170b800,assets,source_provided,True,False,"[{""asset_type"": ""table"", ""source_page_number"": 2, ""order_index"": 1}]",,matched
t160-quality-20261007T012224Z-1f7eeede-12-IMP-MIXED-r3,IMP-MIXED,3,assisted_corrected,1faa8619-84cc-5d65-86ae-244c7f68645e,932475c0-bde3-4e6d-87f8-d0fd4e629b75,question_number,source_provided,True,True,1,1,matched
t160-quality-20261007T012224Z-1f7eeede-12-IMP-MIXED-r3,IMP-MIXED,3,assisted_corrected,1faa8619-84cc-5d65-86ae-244c7f68645e,932475c0-bde3-4e6d-87f8-d0fd4e629b75,order_index,source_provided,True,True,1,1,matched
t160-quality-20261007T012224Z-1f7eeede-12-IMP-MIXED-r3,IMP-MIXED,3,assisted_corrected,1faa8619-84cc-5d65-86ae-244c7f68645e,932475c0-bde3-4e6d-87f8-d0fd4e629b75,source_page_numbers,source_provided,True,True,[1],[1],matched
t160-quality-20261007T012224Z-1f7eeede-12-IMP-MIXED-r3,IMP-MIXED,3,assisted_corrected,1faa8619-84cc-5d65-86ae-244c7f68645e,932475c0-bde3-4e6d-87f8-d0fd4e629b75,question_type,source_provided,True,True,SINGLE_CHOICE,SINGLE_CHOICE,matched
t160-quality-20261007T012224Z-1f7eeede-12-IMP-MIXED-r3,IMP-MIXED,3,assisted_corrected,1faa8619-84cc-5d65-86ae-244c7f68645e,932475c0-bde3-4e6d-87f8-d0fd4e629b75,content,source_provided,True,True,y = 2x + 1，x = 3 时 y 为多少？,y = 2x + 1，x = 3 时 y 为多少？,matched
t160-quality-20261007T012224Z-1f7eeede-12-IMP-MIXED-r3,IMP-MIXED,3,assisted_corrected,1faa8619-84cc-5d65-86ae-244c7f68645e,932475c0-bde3-4e6d-87f8-d0fd4e629b75,options,source_provided,True,True,"{""C"": ""7"", ""A"": ""5"", ""B"": ""6"", ""D"": ""8""}","{""C"": ""7"", ""A"": ""5"", ""B"": ""6"", ""D"": ""8""}",matched
t160-quality-20261007T012224Z-1f7eeede-12-IMP-MIXED-r3,IMP-MIXED,3,assisted_corrected,1faa8619-84cc-5d65-86ae-244c7f68645e,932475c0-bde3-4e6d-87f8-d0fd4e629b75,reference_answer,source_provided,True,True,C,C,matched
t160-quality-20261007T012224Z-1f7eeede-12-IMP-MIXED-r3,IMP-MIXED,3,assisted_corrected,1faa8619-84cc-5d65-86ae-244c7f68645e,932475c0-bde3-4e6d-87f8-d0fd4e629b75,analysis,source_provided,True,True,2 × 3 + 1 = 7。,2 × 3 + 1 = 7。,matched
t160-quality-20261007T012224Z-1f7eeede-12-IMP-MIXED-r3,IMP-MIXED,3,assisted_corrected,1faa8619-84cc-5d65-86ae-244c7f68645e,932475c0-bde3-4e6d-87f8-d0fd4e629b75,score,source_provided,True,True,2.00,2.00,matched
t160-quality-20261007T012224Z-1f7eeede-12-IMP-MIXED-r3,IMP-MIXED,3,assisted_corrected,1faa8619-84cc-5d65-86ae-244c7f68645e,932475c0-bde3-4e6d-87f8-d0fd4e629b75,scoring_rubric,known_missing,True,True,,,matched
t160-quality-20261007T012224Z-1f7eeede-12-IMP-MIXED-r3,IMP-MIXED,3,assisted_corrected,1faa8619-84cc-5d65-86ae-244c7f68645e,932475c0-bde3-4e6d-87f8-d0fd4e629b75,knowledge_points,known_missing,True,True,[],[],matched
t160-quality-20261007T012224Z-1f7eeede-12-IMP-MIXED-r3,IMP-MIXED,3,assisted_corrected,1faa8619-84cc-5d65-86ae-244c7f68645e,932475c0-bde3-4e6d-87f8-d0fd4e629b75,source_regions,unknown,False,,,,reference_unknown
t160-quality-20261007T012224Z-1f7eeede-12-IMP-MIXED-r3,IMP-MIXED,3,assisted_corrected,1faa8619-84cc-5d65-86ae-244c7f68645e,932475c0-bde3-4e6d-87f8-d0fd4e629b75,assets,source_provided,True,True,[],[],matched
t160-quality-20261007T012224Z-1f7eeede-12-IMP-MIXED-r3,IMP-MIXED,3,assisted_corrected,545de13f-3fe9-524b-a917-7ab04807806f,29ed4126-c175-43f8-828c-de2f6221f350,question_number,source_provided,True,True,2,2,matched
t160-quality-20261007T012224Z-1f7eeede-12-IMP-MIXED-r3,IMP-MIXED,3,assisted_corrected,545de13f-3fe9-524b-a917-7ab04807806f,29ed4126-c175-43f8-828c-de2f6221f350,order_index,source_provided,True,True,2,2,matched
t160-quality-20261007T012224Z-1f7eeede-12-IMP-MIXED-r3,IMP-MIXED,3,assisted_corrected,545de13f-3fe9-524b-a917-7ab04807806f,29ed4126-c175-43f8-828c-de2f6221f350,source_page_numbers,source_provided,True,True,[1],[1],matched
t160-quality-20261007T012224Z-1f7eeede-12-IMP-MIXED-r3,IMP-MIXED,3,assisted_corrected,545de13f-3fe9-524b-a917-7ab04807806f,29ed4126-c175-43f8-828c-de2f6221f350,question_type,source_provided,True,True,TRUE_FALSE,TRUE_FALSE,matched
t160-quality-20261007T012224Z-1f7eeede-12-IMP-MIXED-r3,IMP-MIXED,3,assisted_corrected,545de13f-3fe9-524b-a917-7ab04807806f,29ed4126-c175-43f8-828c-de2f6221f350,content,source_provided,True,True,右图三角形面积为 24 cm²。,右图三角形面积为 24 cm²。,matched
t160-quality-20261007T012224Z-1f7eeede-12-IMP-MIXED-r3,IMP-MIXED,3,assisted_corrected,545de13f-3fe9-524b-a917-7ab04807806f,29ed4126-c175-43f8-828c-de2f6221f350,options,source_provided,True,True,"[""正确"", ""错误""]","[""正确"", ""错误""]",matched
t160-quality-20261007T012224Z-1f7eeede-12-IMP-MIXED-r3,IMP-MIXED,3,assisted_corrected,545de13f-3fe9-524b-a917-7ab04807806f,29ed4126-c175-43f8-828c-de2f6221f350,reference_answer,known_missing,True,True,,,matched
t160-quality-20261007T012224Z-1f7eeede-12-IMP-MIXED-r3,IMP-MIXED,3,assisted_corrected,545de13f-3fe9-524b-a917-7ab04807806f,29ed4126-c175-43f8-828c-de2f6221f350,analysis,known_missing,True,True,,,matched
t160-quality-20261007T012224Z-1f7eeede-12-IMP-MIXED-r3,IMP-MIXED,3,assisted_corrected,545de13f-3fe9-524b-a917-7ab04807806f,29ed4126-c175-43f8-828c-de2f6221f350,score,source_provided,True,True,2.00,2.00,matched
t160-quality-20261007T012224Z-1f7eeede-12-IMP-MIXED-r3,IMP-MIXED,3,assisted_corrected,545de13f-3fe9-524b-a917-7ab04807806f,29ed4126-c175-43f8-828c-de2f6221f350,scoring_rubric,known_missing,True,True,,,matched
t160-quality-20261007T012224Z-1f7eeede-12-IMP-MIXED-r3,IMP-MIXED,3,assisted_corrected,545de13f-3fe9-524b-a917-7ab04807806f,29ed4126-c175-43f8-828c-de2f6221f350,knowledge_points,known_missing,True,True,[],[],matched
t160-quality-20261007T012224Z-1f7eeede-12-IMP-MIXED-r3,IMP-MIXED,3,assisted_corrected,545de13f-3fe9-524b-a917-7ab04807806f,29ed4126-c175-43f8-828c-de2f6221f350,source_regions,unknown,False,,,,reference_unknown
t160-quality-20261007T012224Z-1f7eeede-12-IMP-MIXED-r3,IMP-MIXED,3,assisted_corrected,545de13f-3fe9-524b-a917-7ab04807806f,29ed4126-c175-43f8-828c-de2f6221f350,assets,source_provided,True,False,"[{""asset_type"": ""figure"", ""source_page_number"": 1, ""order_index"": 1}]",,matched
t160-quality-20261007T012224Z-1f7eeede-12-IMP-MIXED-r3,IMP-MIXED,3,assisted_corrected,85533f46-eb86-5893-8742-33939e77750f,364cfb94-2631-4553-ac68-789f63b0d113,question_number,source_provided,True,True,3,3,matched
t160-quality-20261007T012224Z-1f7eeede-12-IMP-MIXED-r3,IMP-MIXED,3,assisted_corrected,85533f46-eb86-5893-8742-33939e77750f,364cfb94-2631-4553-ac68-789f63b0d113,order_index,source_provided,True,True,3,3,matched
t160-quality-20261007T012224Z-1f7eeede-12-IMP-MIXED-r3,IMP-MIXED,3,assisted_corrected,85533f46-eb86-5893-8742-33939e77750f,364cfb94-2631-4553-ac68-789f63b0d113,source_page_numbers,source_provided,True,True,[1],[1],matched
t160-quality-20261007T012224Z-1f7eeede-12-IMP-MIXED-r3,IMP-MIXED,3,assisted_corrected,85533f46-eb86-5893-8742-33939e77750f,364cfb94-2631-4553-ac68-789f63b0d113,question_type,source_provided,True,True,SHORT_ANSWER,SHORT_ANSWER,matched
t160-quality-20261007T012224Z-1f7eeede-12-IMP-MIXED-r3,IMP-MIXED,3,assisted_corrected,85533f46-eb86-5893-8742-33939e77750f,364cfb94-2631-4553-ac68-789f63b0d113,content,source_provided,True,True,根据下表写出 y 关于 x 的关系式。,根据下表写出 y 关于 x 的关系式。,matched
t160-quality-20261007T012224Z-1f7eeede-12-IMP-MIXED-r3,IMP-MIXED,3,assisted_corrected,85533f46-eb86-5893-8742-33939e77750f,364cfb94-2631-4553-ac68-789f63b0d113,options,not_applicable,True,True,,,matched
t160-quality-20261007T012224Z-1f7eeede-12-IMP-MIXED-r3,IMP-MIXED,3,assisted_corrected,85533f46-eb86-5893-8742-33939e77750f,364cfb94-2631-4553-ac68-789f63b0d113,reference_answer,known_missing,True,True,,,matched
t160-quality-20261007T012224Z-1f7eeede-12-IMP-MIXED-r3,IMP-MIXED,3,assisted_corrected,85533f46-eb86-5893-8742-33939e77750f,364cfb94-2631-4553-ac68-789f63b0d113,analysis,known_missing,True,True,,,matched
t160-quality-20261007T012224Z-1f7eeede-12-IMP-MIXED-r3,IMP-MIXED,3,assisted_corrected,85533f46-eb86-5893-8742-33939e77750f,364cfb94-2631-4553-ac68-789f63b0d113,score,source_provided,True,True,3.00,3.00,matched
t160-quality-20261007T012224Z-1f7eeede-12-IMP-MIXED-r3,IMP-MIXED,3,assisted_corrected,85533f46-eb86-5893-8742-33939e77750f,364cfb94-2631-4553-ac68-789f63b0d113,scoring_rubric,source_provided,True,True,正确关系式 1.00；说明代入过程 2.00。,正确关系式 1.00；说明代入过程 2.00。,matched
t160-quality-20261007T012224Z-1f7eeede-12-IMP-MIXED-r3,IMP-MIXED,3,assisted_corrected,85533f46-eb86-5893-8742-33939e77750f,364cfb94-2631-4553-ac68-789f63b0d113,knowledge_points,source_provided,True,True,"[""一次函数"", ""表达与计算""]","[""一次函数"", ""表达与计算""]",matched
t160-quality-20261007T012224Z-1f7eeede-12-IMP-MIXED-r3,IMP-MIXED,3,assisted_corrected,85533f46-eb86-5893-8742-33939e77750f,364cfb94-2631-4553-ac68-789f63b0d113,source_regions,unknown,False,,,,reference_unknown
t160-quality-20261007T012224Z-1f7eeede-12-IMP-MIXED-r3,IMP-MIXED,3,assisted_corrected,85533f46-eb86-5893-8742-33939e77750f,364cfb94-2631-4553-ac68-789f63b0d113,assets,source_provided,True,False,"[{""asset_type"": ""table"", ""source_page_number"": 1, ""order_index"": 1}]",,matched
t160-quality-20261007T012224Z-1f7eeede-12-IMP-MIXED-r3,IMP-MIXED,3,assisted_corrected,0fa8d57e-58c2-5aa4-b8cd-e52e96380a38,6d9d355c-aa88-494c-9aff-b2759f807aab,question_number,source_provided,True,True,4,4,matched
t160-quality-20261007T012224Z-1f7eeede-12-IMP-MIXED-r3,IMP-MIXED,3,assisted_corrected,0fa8d57e-58c2-5aa4-b8cd-e52e96380a38,6d9d355c-aa88-494c-9aff-b2759f807aab,order_index,source_provided,True,True,4,4,matched
t160-quality-20261007T012224Z-1f7eeede-12-IMP-MIXED-r3,IMP-MIXED,3,assisted_corrected,0fa8d57e-58c2-5aa4-b8cd-e52e96380a38,6d9d355c-aa88-494c-9aff-b2759f807aab,source_page_numbers,source_provided,True,True,[2],[2],matched
t160-quality-20261007T012224Z-1f7eeede-12-IMP-MIXED-r3,IMP-MIXED,3,assisted_corrected,0fa8d57e-58c2-5aa4-b8cd-e52e96380a38,6d9d355c-aa88-494c-9aff-b2759f807aab,question_type,source_provided,True,True,SINGLE_CHOICE,SINGLE_CHOICE,matched
t160-quality-20261007T012224Z-1f7eeede-12-IMP-MIXED-r3,IMP-MIXED,3,assisted_corrected,0fa8d57e-58c2-5aa4-b8cd-e52e96380a38,6d9d355c-aa88-494c-9aff-b2759f807aab,content,source_provided,True,True,y = 2x + 1，x = 3 时 y 为多少？,y = 2x + 1，x = 3 时 y 为多少？,matched
t160-quality-20261007T012224Z-1f7eeede-12-IMP-MIXED-r3,IMP-MIXED,3,assisted_corrected,0fa8d57e-58c2-5aa4-b8cd-e52e96380a38,6d9d355c-aa88-494c-9aff-b2759f807aab,options,source_provided,True,True,"{""C"": ""7"", ""A"": ""5"", ""B"": ""6"", ""D"": ""8""}","{""C"": ""7"", ""A"": ""5"", ""B"": ""6"", ""D"": ""8""}",matched
t160-quality-20261007T012224Z-1f7eeede-12-IMP-MIXED-r3,IMP-MIXED,3,assisted_corrected,0fa8d57e-58c2-5aa4-b8cd-e52e96380a38,6d9d355c-aa88-494c-9aff-b2759f807aab,reference_answer,source_provided,True,True,C,C,matched
t160-quality-20261007T012224Z-1f7eeede-12-IMP-MIXED-r3,IMP-MIXED,3,assisted_corrected,0fa8d57e-58c2-5aa4-b8cd-e52e96380a38,6d9d355c-aa88-494c-9aff-b2759f807aab,analysis,source_provided,True,True,2 × 3 + 1 = 7。,2 × 3 + 1 = 7。,matched
t160-quality-20261007T012224Z-1f7eeede-12-IMP-MIXED-r3,IMP-MIXED,3,assisted_corrected,0fa8d57e-58c2-5aa4-b8cd-e52e96380a38,6d9d355c-aa88-494c-9aff-b2759f807aab,score,source_provided,True,True,2.00,2.00,matched
t160-quality-20261007T012224Z-1f7eeede-12-IMP-MIXED-r3,IMP-MIXED,3,assisted_corrected,0fa8d57e-58c2-5aa4-b8cd-e52e96380a38,6d9d355c-aa88-494c-9aff-b2759f807aab,scoring_rubric,known_missing,True,True,,,matched
t160-quality-20261007T012224Z-1f7eeede-12-IMP-MIXED-r3,IMP-MIXED,3,assisted_corrected,0fa8d57e-58c2-5aa4-b8cd-e52e96380a38,6d9d355c-aa88-494c-9aff-b2759f807aab,knowledge_points,known_missing,True,True,[],[],matched
t160-quality-20261007T012224Z-1f7eeede-12-IMP-MIXED-r3,IMP-MIXED,3,assisted_corrected,0fa8d57e-58c2-5aa4-b8cd-e52e96380a38,6d9d355c-aa88-494c-9aff-b2759f807aab,source_regions,unknown,False,,,,reference_unknown
t160-quality-20261007T012224Z-1f7eeede-12-IMP-MIXED-r3,IMP-MIXED,3,assisted_corrected,0fa8d57e-58c2-5aa4-b8cd-e52e96380a38,6d9d355c-aa88-494c-9aff-b2759f807aab,assets,source_provided,True,True,[],[],matched
t160-quality-20261007T012224Z-1f7eeede-12-IMP-MIXED-r3,IMP-MIXED,3,assisted_corrected,455720b9-9061-5bce-83af-d6d53c6c84e1,9dc00f82-a1f6-41f2-9a4a-26e7b1ae314c,question_number,source_provided,True,True,5,5,matched
t160-quality-20261007T012224Z-1f7eeede-12-IMP-MIXED-r3,IMP-MIXED,3,assisted_corrected,455720b9-9061-5bce-83af-d6d53c6c84e1,9dc00f82-a1f6-41f2-9a4a-26e7b1ae314c,order_index,source_provided,True,True,5,5,matched
t160-quality-20261007T012224Z-1f7eeede-12-IMP-MIXED-r3,IMP-MIXED,3,assisted_corrected,455720b9-9061-5bce-83af-d6d53c6c84e1,9dc00f82-a1f6-41f2-9a4a-26e7b1ae314c,source_page_numbers,source_provided,True,True,[2],[2],matched
t160-quality-20261007T012224Z-1f7eeede-12-IMP-MIXED-r3,IMP-MIXED,3,assisted_corrected,455720b9-9061-5bce-83af-d6d53c6c84e1,9dc00f82-a1f6-41f2-9a4a-26e7b1ae314c,question_type,source_provided,True,True,TRUE_FALSE,TRUE_FALSE,matched
t160-quality-20261007T012224Z-1f7eeede-12-IMP-MIXED-r3,IMP-MIXED,3,assisted_corrected,455720b9-9061-5bce-83af-d6d53c6c84e1,9dc00f82-a1f6-41f2-9a4a-26e7b1ae314c,content,source_provided,True,True,右图三角形面积为 24 cm²。,右图三角形面积为 24 cm²。,matched
t160-quality-20261007T012224Z-1f7eeede-12-IMP-MIXED-r3,IMP-MIXED,3,assisted_corrected,455720b9-9061-5bce-83af-d6d53c6c84e1,9dc00f82-a1f6-41f2-9a4a-26e7b1ae314c,options,source_provided,True,True,"[""正确"", ""错误""]","[""正确"", ""错误""]",matched
t160-quality-20261007T012224Z-1f7eeede-12-IMP-MIXED-r3,IMP-MIXED,3,assisted_corrected,455720b9-9061-5bce-83af-d6d53c6c84e1,9dc00f82-a1f6-41f2-9a4a-26e7b1ae314c,reference_answer,known_missing,True,True,,,matched
t160-quality-20261007T012224Z-1f7eeede-12-IMP-MIXED-r3,IMP-MIXED,3,assisted_corrected,455720b9-9061-5bce-83af-d6d53c6c84e1,9dc00f82-a1f6-41f2-9a4a-26e7b1ae314c,analysis,known_missing,True,True,,,matched
t160-quality-20261007T012224Z-1f7eeede-12-IMP-MIXED-r3,IMP-MIXED,3,assisted_corrected,455720b9-9061-5bce-83af-d6d53c6c84e1,9dc00f82-a1f6-41f2-9a4a-26e7b1ae314c,score,source_provided,True,True,2.00,2.00,matched
t160-quality-20261007T012224Z-1f7eeede-12-IMP-MIXED-r3,IMP-MIXED,3,assisted_corrected,455720b9-9061-5bce-83af-d6d53c6c84e1,9dc00f82-a1f6-41f2-9a4a-26e7b1ae314c,scoring_rubric,known_missing,True,True,,,matched
t160-quality-20261007T012224Z-1f7eeede-12-IMP-MIXED-r3,IMP-MIXED,3,assisted_corrected,455720b9-9061-5bce-83af-d6d53c6c84e1,9dc00f82-a1f6-41f2-9a4a-26e7b1ae314c,knowledge_points,known_missing,True,True,[],[],matched
t160-quality-20261007T012224Z-1f7eeede-12-IMP-MIXED-r3,IMP-MIXED,3,assisted_corrected,455720b9-9061-5bce-83af-d6d53c6c84e1,9dc00f82-a1f6-41f2-9a4a-26e7b1ae314c,source_regions,unknown,False,,,,reference_unknown
t160-quality-20261007T012224Z-1f7eeede-12-IMP-MIXED-r3,IMP-MIXED,3,assisted_corrected,455720b9-9061-5bce-83af-d6d53c6c84e1,9dc00f82-a1f6-41f2-9a4a-26e7b1ae314c,assets,source_provided,True,False,"[{""asset_type"": ""figure"", ""source_page_number"": 2, ""order_index"": 1}]",,matched
t160-quality-20261007T012224Z-1f7eeede-12-IMP-MIXED-r3,IMP-MIXED,3,assisted_corrected,bf862f8d-df39-5559-bab5-d942fccb2432,33a3c0c2-50da-40e9-9406-fc63e170b800,question_number,source_provided,True,True,6,6,matched
t160-quality-20261007T012224Z-1f7eeede-12-IMP-MIXED-r3,IMP-MIXED,3,assisted_corrected,bf862f8d-df39-5559-bab5-d942fccb2432,33a3c0c2-50da-40e9-9406-fc63e170b800,order_index,source_provided,True,True,6,6,matched
t160-quality-20261007T012224Z-1f7eeede-12-IMP-MIXED-r3,IMP-MIXED,3,assisted_corrected,bf862f8d-df39-5559-bab5-d942fccb2432,33a3c0c2-50da-40e9-9406-fc63e170b800,source_page_numbers,source_provided,True,True,[2],[2],matched
t160-quality-20261007T012224Z-1f7eeede-12-IMP-MIXED-r3,IMP-MIXED,3,assisted_corrected,bf862f8d-df39-5559-bab5-d942fccb2432,33a3c0c2-50da-40e9-9406-fc63e170b800,question_type,source_provided,True,True,SHORT_ANSWER,SHORT_ANSWER,matched
t160-quality-20261007T012224Z-1f7eeede-12-IMP-MIXED-r3,IMP-MIXED,3,assisted_corrected,bf862f8d-df39-5559-bab5-d942fccb2432,33a3c0c2-50da-40e9-9406-fc63e170b800,content,source_provided,True,True,根据下表写出 y 关于 x 的关系式。,根据下表写出 y 关于 x 的关系式。,matched
t160-quality-20261007T012224Z-1f7eeede-12-IMP-MIXED-r3,IMP-MIXED,3,assisted_corrected,bf862f8d-df39-5559-bab5-d942fccb2432,33a3c0c2-50da-40e9-9406-fc63e170b800,options,not_applicable,True,True,,,matched
t160-quality-20261007T012224Z-1f7eeede-12-IMP-MIXED-r3,IMP-MIXED,3,assisted_corrected,bf862f8d-df39-5559-bab5-d942fccb2432,33a3c0c2-50da-40e9-9406-fc63e170b800,reference_answer,known_missing,True,True,,,matched
t160-quality-20261007T012224Z-1f7eeede-12-IMP-MIXED-r3,IMP-MIXED,3,assisted_corrected,bf862f8d-df39-5559-bab5-d942fccb2432,33a3c0c2-50da-40e9-9406-fc63e170b800,analysis,known_missing,True,True,,,matched
t160-quality-20261007T012224Z-1f7eeede-12-IMP-MIXED-r3,IMP-MIXED,3,assisted_corrected,bf862f8d-df39-5559-bab5-d942fccb2432,33a3c0c2-50da-40e9-9406-fc63e170b800,score,source_provided,True,True,3.00,3.00,matched
t160-quality-20261007T012224Z-1f7eeede-12-IMP-MIXED-r3,IMP-MIXED,3,assisted_corrected,bf862f8d-df39-5559-bab5-d942fccb2432,33a3c0c2-50da-40e9-9406-fc63e170b800,scoring_rubric,source_provided,True,True,正确关系式 1.00；说明代入过程 2.00。,正确关系式 1.00；说明代入过程 2.00。,matched
t160-quality-20261007T012224Z-1f7eeede-12-IMP-MIXED-r3,IMP-MIXED,3,assisted_corrected,bf862f8d-df39-5559-bab5-d942fccb2432,33a3c0c2-50da-40e9-9406-fc63e170b800,knowledge_points,source_provided,True,True,"[""一次函数"", ""表达与计算""]","[""一次函数"", ""表达与计算""]",matched
t160-quality-20261007T012224Z-1f7eeede-12-IMP-MIXED-r3,IMP-MIXED,3,assisted_corrected,bf862f8d-df39-5559-bab5-d942fccb2432,33a3c0c2-50da-40e9-9406-fc63e170b800,source_regions,unknown,False,,,,reference_unknown
t160-quality-20261007T012224Z-1f7eeede-12-IMP-MIXED-r3,IMP-MIXED,3,assisted_corrected,bf862f8d-df39-5559-bab5-d942fccb2432,33a3c0c2-50da-40e9-9406-fc63e170b800,assets,source_provided,True,False,"[{""asset_type"": ""table"", ""source_page_number"": 2, ""order_index"": 1}]",,matched
t160-quality-20261007T012224Z-1f7eeede-13-IMP-CROSS-r1,IMP-CROSS,1,automatic,239d78f4-ab44-59ec-ab7f-e11e454e26f1,29033058-4fac-4715-909b-322735c88d27,question_number,source_provided,True,True,4,4,matched
t160-quality-20261007T012224Z-1f7eeede-13-IMP-CROSS-r1,IMP-CROSS,1,automatic,239d78f4-ab44-59ec-ab7f-e11e454e26f1,29033058-4fac-4715-909b-322735c88d27,order_index,source_provided,True,True,1,1,matched
t160-quality-20261007T012224Z-1f7eeede-13-IMP-CROSS-r1,IMP-CROSS,1,automatic,239d78f4-ab44-59ec-ab7f-e11e454e26f1,29033058-4fac-4715-909b-322735c88d27,source_page_numbers,source_provided,True,True,"[1, 2]","[1, 2]",matched
t160-quality-20261007T012224Z-1f7eeede-13-IMP-CROSS-r1,IMP-CROSS,1,automatic,239d78f4-ab44-59ec-ab7f-e11e454e26f1,29033058-4fac-4715-909b-322735c88d27,question_type,unknown,False,,,SHORT_ANSWER,reference_unknown
t160-quality-20261007T012224Z-1f7eeede-13-IMP-CROSS-r1,IMP-CROSS,1,automatic,239d78f4-ab44-59ec-ab7f-e11e454e26f1,29033058-4fac-4715-909b-322735c88d27,content,source_provided,True,True,"阅读下页流程图：输入 x = 3，计算输出 y。
按下图流程完成计算。","阅读下页流程图：输入 x = 3，计算输出 y。
按下图流程完成计算。",matched
t160-quality-20261007T012224Z-1f7eeede-13-IMP-CROSS-r1,IMP-CROSS,1,automatic,239d78f4-ab44-59ec-ab7f-e11e454e26f1,29033058-4fac-4715-909b-322735c88d27,options,not_applicable,True,True,,,matched
t160-quality-20261007T012224Z-1f7eeede-13-IMP-CROSS-r1,IMP-CROSS,1,automatic,239d78f4-ab44-59ec-ab7f-e11e454e26f1,29033058-4fac-4715-909b-322735c88d27,reference_answer,known_missing,True,True,,,matched
t160-quality-20261007T012224Z-1f7eeede-13-IMP-CROSS-r1,IMP-CROSS,1,automatic,239d78f4-ab44-59ec-ab7f-e11e454e26f1,29033058-4fac-4715-909b-322735c88d27,analysis,known_missing,True,True,,,matched
t160-quality-20261007T012224Z-1f7eeede-13-IMP-CROSS-r1,IMP-CROSS,1,automatic,239d78f4-ab44-59ec-ab7f-e11e454e26f1,29033058-4fac-4715-909b-322735c88d27,score,source_provided,True,True,5.00,5.00,matched
t160-quality-20261007T012224Z-1f7eeede-13-IMP-CROSS-r1,IMP-CROSS,1,automatic,239d78f4-ab44-59ec-ab7f-e11e454e26f1,29033058-4fac-4715-909b-322735c88d27,scoring_rubric,source_provided,True,True,正确中间计算 2.00；最终输出 3.00。,正确中间计算 2.00；最终输出 3.00。,matched
t160-quality-20261007T012224Z-1f7eeede-13-IMP-CROSS-r1,IMP-CROSS,1,automatic,239d78f4-ab44-59ec-ab7f-e11e454e26f1,29033058-4fac-4715-909b-322735c88d27,knowledge_points,known_missing,True,False,[],,matched
t160-quality-20261007T012224Z-1f7eeede-13-IMP-CROSS-r1,IMP-CROSS,1,automatic,239d78f4-ab44-59ec-ab7f-e11e454e26f1,29033058-4fac-4715-909b-322735c88d27,source_regions,unknown,False,,,,reference_unknown
t160-quality-20261007T012224Z-1f7eeede-13-IMP-CROSS-r1,IMP-CROSS,1,automatic,239d78f4-ab44-59ec-ab7f-e11e454e26f1,29033058-4fac-4715-909b-322735c88d27,assets,source_provided,True,False,"[{""asset_type"": ""diagram"", ""source_page_number"": 2, ""order_index"": 1}]",,matched
t160-quality-20261007T012224Z-1f7eeede-13-IMP-CROSS-r1,IMP-CROSS,1,assisted_corrected,239d78f4-ab44-59ec-ab7f-e11e454e26f1,29033058-4fac-4715-909b-322735c88d27,question_number,source_provided,True,True,4,4,matched
t160-quality-20261007T012224Z-1f7eeede-13-IMP-CROSS-r1,IMP-CROSS,1,assisted_corrected,239d78f4-ab44-59ec-ab7f-e11e454e26f1,29033058-4fac-4715-909b-322735c88d27,order_index,source_provided,True,True,1,1,matched
t160-quality-20261007T012224Z-1f7eeede-13-IMP-CROSS-r1,IMP-CROSS,1,assisted_corrected,239d78f4-ab44-59ec-ab7f-e11e454e26f1,29033058-4fac-4715-909b-322735c88d27,source_page_numbers,source_provided,True,True,"[1, 2]","[1, 2]",matched
t160-quality-20261007T012224Z-1f7eeede-13-IMP-CROSS-r1,IMP-CROSS,1,assisted_corrected,239d78f4-ab44-59ec-ab7f-e11e454e26f1,29033058-4fac-4715-909b-322735c88d27,question_type,unknown,False,,,SHORT_ANSWER,reference_unknown
t160-quality-20261007T012224Z-1f7eeede-13-IMP-CROSS-r1,IMP-CROSS,1,assisted_corrected,239d78f4-ab44-59ec-ab7f-e11e454e26f1,29033058-4fac-4715-909b-322735c88d27,content,source_provided,True,True,"阅读下页流程图：输入 x = 3，计算输出 y。
按下图流程完成计算。","阅读下页流程图：输入 x = 3，计算输出 y。
按下图流程完成计算。",matched
t160-quality-20261007T012224Z-1f7eeede-13-IMP-CROSS-r1,IMP-CROSS,1,assisted_corrected,239d78f4-ab44-59ec-ab7f-e11e454e26f1,29033058-4fac-4715-909b-322735c88d27,options,not_applicable,True,True,,,matched
t160-quality-20261007T012224Z-1f7eeede-13-IMP-CROSS-r1,IMP-CROSS,1,assisted_corrected,239d78f4-ab44-59ec-ab7f-e11e454e26f1,29033058-4fac-4715-909b-322735c88d27,reference_answer,known_missing,True,True,,,matched
t160-quality-20261007T012224Z-1f7eeede-13-IMP-CROSS-r1,IMP-CROSS,1,assisted_corrected,239d78f4-ab44-59ec-ab7f-e11e454e26f1,29033058-4fac-4715-909b-322735c88d27,analysis,known_missing,True,True,,,matched
t160-quality-20261007T012224Z-1f7eeede-13-IMP-CROSS-r1,IMP-CROSS,1,assisted_corrected,239d78f4-ab44-59ec-ab7f-e11e454e26f1,29033058-4fac-4715-909b-322735c88d27,score,source_provided,True,True,5.00,5.00,matched
t160-quality-20261007T012224Z-1f7eeede-13-IMP-CROSS-r1,IMP-CROSS,1,assisted_corrected,239d78f4-ab44-59ec-ab7f-e11e454e26f1,29033058-4fac-4715-909b-322735c88d27,scoring_rubric,source_provided,True,True,正确中间计算 2.00；最终输出 3.00。,正确中间计算 2.00；最终输出 3.00。,matched
t160-quality-20261007T012224Z-1f7eeede-13-IMP-CROSS-r1,IMP-CROSS,1,assisted_corrected,239d78f4-ab44-59ec-ab7f-e11e454e26f1,29033058-4fac-4715-909b-322735c88d27,knowledge_points,known_missing,True,True,[],[],matched
t160-quality-20261007T012224Z-1f7eeede-13-IMP-CROSS-r1,IMP-CROSS,1,assisted_corrected,239d78f4-ab44-59ec-ab7f-e11e454e26f1,29033058-4fac-4715-909b-322735c88d27,source_regions,unknown,False,,,,reference_unknown
t160-quality-20261007T012224Z-1f7eeede-13-IMP-CROSS-r1,IMP-CROSS,1,assisted_corrected,239d78f4-ab44-59ec-ab7f-e11e454e26f1,29033058-4fac-4715-909b-322735c88d27,assets,source_provided,True,False,"[{""asset_type"": ""diagram"", ""source_page_number"": 2, ""order_index"": 1}]",,matched
t160-quality-20261007T012224Z-1f7eeede-14-IMP-CROSS-r2,IMP-CROSS,2,automatic,239d78f4-ab44-59ec-ab7f-e11e454e26f1,1837d318-ec3c-453f-a103-b175dd46c785,question_number,source_provided,True,True,4,4,matched
t160-quality-20261007T012224Z-1f7eeede-14-IMP-CROSS-r2,IMP-CROSS,2,automatic,239d78f4-ab44-59ec-ab7f-e11e454e26f1,1837d318-ec3c-453f-a103-b175dd46c785,order_index,source_provided,True,True,1,1,matched
t160-quality-20261007T012224Z-1f7eeede-14-IMP-CROSS-r2,IMP-CROSS,2,automatic,239d78f4-ab44-59ec-ab7f-e11e454e26f1,1837d318-ec3c-453f-a103-b175dd46c785,source_page_numbers,source_provided,True,True,"[1, 2]","[1, 2]",matched
t160-quality-20261007T012224Z-1f7eeede-14-IMP-CROSS-r2,IMP-CROSS,2,automatic,239d78f4-ab44-59ec-ab7f-e11e454e26f1,1837d318-ec3c-453f-a103-b175dd46c785,question_type,unknown,False,,,SHORT_ANSWER,reference_unknown
t160-quality-20261007T012224Z-1f7eeede-14-IMP-CROSS-r2,IMP-CROSS,2,automatic,239d78f4-ab44-59ec-ab7f-e11e454e26f1,1837d318-ec3c-453f-a103-b175dd46c785,content,source_provided,True,True,"阅读下页流程图：输入 x = 3，计算输出 y。
按下图流程完成计算。","阅读下页流程图：输入 x = 3，计算输出 y。
按下图流程完成计算。",matched
t160-quality-20261007T012224Z-1f7eeede-14-IMP-CROSS-r2,IMP-CROSS,2,automatic,239d78f4-ab44-59ec-ab7f-e11e454e26f1,1837d318-ec3c-453f-a103-b175dd46c785,options,not_applicable,True,True,,,matched
t160-quality-20261007T012224Z-1f7eeede-14-IMP-CROSS-r2,IMP-CROSS,2,automatic,239d78f4-ab44-59ec-ab7f-e11e454e26f1,1837d318-ec3c-453f-a103-b175dd46c785,reference_answer,known_missing,True,True,,,matched
t160-quality-20261007T012224Z-1f7eeede-14-IMP-CROSS-r2,IMP-CROSS,2,automatic,239d78f4-ab44-59ec-ab7f-e11e454e26f1,1837d318-ec3c-453f-a103-b175dd46c785,analysis,known_missing,True,True,,,matched
t160-quality-20261007T012224Z-1f7eeede-14-IMP-CROSS-r2,IMP-CROSS,2,automatic,239d78f4-ab44-59ec-ab7f-e11e454e26f1,1837d318-ec3c-453f-a103-b175dd46c785,score,source_provided,True,True,5.00,5.00,matched
t160-quality-20261007T012224Z-1f7eeede-14-IMP-CROSS-r2,IMP-CROSS,2,automatic,239d78f4-ab44-59ec-ab7f-e11e454e26f1,1837d318-ec3c-453f-a103-b175dd46c785,scoring_rubric,source_provided,True,True,正确中间计算 2.00；最终输出 3.00。,正确中间计算 2.00；最终输出 3.00。,matched
t160-quality-20261007T012224Z-1f7eeede-14-IMP-CROSS-r2,IMP-CROSS,2,automatic,239d78f4-ab44-59ec-ab7f-e11e454e26f1,1837d318-ec3c-453f-a103-b175dd46c785,knowledge_points,known_missing,True,True,[],[],matched
t160-quality-20261007T012224Z-1f7eeede-14-IMP-CROSS-r2,IMP-CROSS,2,automatic,239d78f4-ab44-59ec-ab7f-e11e454e26f1,1837d318-ec3c-453f-a103-b175dd46c785,source_regions,unknown,False,,,,reference_unknown
t160-quality-20261007T012224Z-1f7eeede-14-IMP-CROSS-r2,IMP-CROSS,2,automatic,239d78f4-ab44-59ec-ab7f-e11e454e26f1,1837d318-ec3c-453f-a103-b175dd46c785,assets,source_provided,True,False,"[{""asset_type"": ""diagram"", ""source_page_number"": 2, ""order_index"": 1}]",,matched
t160-quality-20261007T012224Z-1f7eeede-14-IMP-CROSS-r2,IMP-CROSS,2,assisted_corrected,239d78f4-ab44-59ec-ab7f-e11e454e26f1,1837d318-ec3c-453f-a103-b175dd46c785,question_number,source_provided,True,True,4,4,matched
t160-quality-20261007T012224Z-1f7eeede-14-IMP-CROSS-r2,IMP-CROSS,2,assisted_corrected,239d78f4-ab44-59ec-ab7f-e11e454e26f1,1837d318-ec3c-453f-a103-b175dd46c785,order_index,source_provided,True,True,1,1,matched
t160-quality-20261007T012224Z-1f7eeede-14-IMP-CROSS-r2,IMP-CROSS,2,assisted_corrected,239d78f4-ab44-59ec-ab7f-e11e454e26f1,1837d318-ec3c-453f-a103-b175dd46c785,source_page_numbers,source_provided,True,True,"[1, 2]","[1, 2]",matched
t160-quality-20261007T012224Z-1f7eeede-14-IMP-CROSS-r2,IMP-CROSS,2,assisted_corrected,239d78f4-ab44-59ec-ab7f-e11e454e26f1,1837d318-ec3c-453f-a103-b175dd46c785,question_type,unknown,False,,,SHORT_ANSWER,reference_unknown
t160-quality-20261007T012224Z-1f7eeede-14-IMP-CROSS-r2,IMP-CROSS,2,assisted_corrected,239d78f4-ab44-59ec-ab7f-e11e454e26f1,1837d318-ec3c-453f-a103-b175dd46c785,content,source_provided,True,True,"阅读下页流程图：输入 x = 3，计算输出 y。
按下图流程完成计算。","阅读下页流程图：输入 x = 3，计算输出 y。
按下图流程完成计算。",matched
t160-quality-20261007T012224Z-1f7eeede-14-IMP-CROSS-r2,IMP-CROSS,2,assisted_corrected,239d78f4-ab44-59ec-ab7f-e11e454e26f1,1837d318-ec3c-453f-a103-b175dd46c785,options,not_applicable,True,True,,,matched
t160-quality-20261007T012224Z-1f7eeede-14-IMP-CROSS-r2,IMP-CROSS,2,assisted_corrected,239d78f4-ab44-59ec-ab7f-e11e454e26f1,1837d318-ec3c-453f-a103-b175dd46c785,reference_answer,known_missing,True,True,,,matched
t160-quality-20261007T012224Z-1f7eeede-14-IMP-CROSS-r2,IMP-CROSS,2,assisted_corrected,239d78f4-ab44-59ec-ab7f-e11e454e26f1,1837d318-ec3c-453f-a103-b175dd46c785,analysis,known_missing,True,True,,,matched
t160-quality-20261007T012224Z-1f7eeede-14-IMP-CROSS-r2,IMP-CROSS,2,assisted_corrected,239d78f4-ab44-59ec-ab7f-e11e454e26f1,1837d318-ec3c-453f-a103-b175dd46c785,score,source_provided,True,True,5.00,5.00,matched
t160-quality-20261007T012224Z-1f7eeede-14-IMP-CROSS-r2,IMP-CROSS,2,assisted_corrected,239d78f4-ab44-59ec-ab7f-e11e454e26f1,1837d318-ec3c-453f-a103-b175dd46c785,scoring_rubric,source_provided,True,True,正确中间计算 2.00；最终输出 3.00。,正确中间计算 2.00；最终输出 3.00。,matched
t160-quality-20261007T012224Z-1f7eeede-14-IMP-CROSS-r2,IMP-CROSS,2,assisted_corrected,239d78f4-ab44-59ec-ab7f-e11e454e26f1,1837d318-ec3c-453f-a103-b175dd46c785,knowledge_points,known_missing,True,True,[],[],matched
t160-quality-20261007T012224Z-1f7eeede-14-IMP-CROSS-r2,IMP-CROSS,2,assisted_corrected,239d78f4-ab44-59ec-ab7f-e11e454e26f1,1837d318-ec3c-453f-a103-b175dd46c785,source_regions,unknown,False,,,,reference_unknown
t160-quality-20261007T012224Z-1f7eeede-14-IMP-CROSS-r2,IMP-CROSS,2,assisted_corrected,239d78f4-ab44-59ec-ab7f-e11e454e26f1,1837d318-ec3c-453f-a103-b175dd46c785,assets,source_provided,True,False,"[{""asset_type"": ""diagram"", ""source_page_number"": 2, ""order_index"": 1}]",,matched
t160-quality-20261007T012224Z-1f7eeede-15-IMP-CROSS-r3,IMP-CROSS,3,automatic,239d78f4-ab44-59ec-ab7f-e11e454e26f1,2621e94c-2169-4d2a-9759-73df8ece0b5b,question_number,source_provided,True,True,4,4,matched
t160-quality-20261007T012224Z-1f7eeede-15-IMP-CROSS-r3,IMP-CROSS,3,automatic,239d78f4-ab44-59ec-ab7f-e11e454e26f1,2621e94c-2169-4d2a-9759-73df8ece0b5b,order_index,source_provided,True,True,1,1,matched
t160-quality-20261007T012224Z-1f7eeede-15-IMP-CROSS-r3,IMP-CROSS,3,automatic,239d78f4-ab44-59ec-ab7f-e11e454e26f1,2621e94c-2169-4d2a-9759-73df8ece0b5b,source_page_numbers,source_provided,True,True,"[1, 2]","[1, 2]",matched
t160-quality-20261007T012224Z-1f7eeede-15-IMP-CROSS-r3,IMP-CROSS,3,automatic,239d78f4-ab44-59ec-ab7f-e11e454e26f1,2621e94c-2169-4d2a-9759-73df8ece0b5b,question_type,unknown,False,,,SHORT_ANSWER,reference_unknown
t160-quality-20261007T012224Z-1f7eeede-15-IMP-CROSS-r3,IMP-CROSS,3,automatic,239d78f4-ab44-59ec-ab7f-e11e454e26f1,2621e94c-2169-4d2a-9759-73df8ece0b5b,content,source_provided,True,False,"阅读下页流程图：输入 x = 3，计算输出 y。
按下图流程完成计算。","阅读下页流程图：输入 x = 3，计算输出 y。
第 4 题续：按下图流程完成计算。",matched
t160-quality-20261007T012224Z-1f7eeede-15-IMP-CROSS-r3,IMP-CROSS,3,automatic,239d78f4-ab44-59ec-ab7f-e11e454e26f1,2621e94c-2169-4d2a-9759-73df8ece0b5b,options,not_applicable,True,True,,,matched
t160-quality-20261007T012224Z-1f7eeede-15-IMP-CROSS-r3,IMP-CROSS,3,automatic,239d78f4-ab44-59ec-ab7f-e11e454e26f1,2621e94c-2169-4d2a-9759-73df8ece0b5b,reference_answer,known_missing,True,True,,,matched
t160-quality-20261007T012224Z-1f7eeede-15-IMP-CROSS-r3,IMP-CROSS,3,automatic,239d78f4-ab44-59ec-ab7f-e11e454e26f1,2621e94c-2169-4d2a-9759-73df8ece0b5b,analysis,known_missing,True,True,,,matched
t160-quality-20261007T012224Z-1f7eeede-15-IMP-CROSS-r3,IMP-CROSS,3,automatic,239d78f4-ab44-59ec-ab7f-e11e454e26f1,2621e94c-2169-4d2a-9759-73df8ece0b5b,score,source_provided,True,True,5.00,5.00,matched
t160-quality-20261007T012224Z-1f7eeede-15-IMP-CROSS-r3,IMP-CROSS,3,automatic,239d78f4-ab44-59ec-ab7f-e11e454e26f1,2621e94c-2169-4d2a-9759-73df8ece0b5b,scoring_rubric,source_provided,True,True,正确中间计算 2.00；最终输出 3.00。,正确中间计算 2.00；最终输出 3.00。,matched
t160-quality-20261007T012224Z-1f7eeede-15-IMP-CROSS-r3,IMP-CROSS,3,automatic,239d78f4-ab44-59ec-ab7f-e11e454e26f1,2621e94c-2169-4d2a-9759-73df8ece0b5b,knowledge_points,known_missing,True,True,[],[],matched
t160-quality-20261007T012224Z-1f7eeede-15-IMP-CROSS-r3,IMP-CROSS,3,automatic,239d78f4-ab44-59ec-ab7f-e11e454e26f1,2621e94c-2169-4d2a-9759-73df8ece0b5b,source_regions,unknown,False,,,,reference_unknown
t160-quality-20261007T012224Z-1f7eeede-15-IMP-CROSS-r3,IMP-CROSS,3,automatic,239d78f4-ab44-59ec-ab7f-e11e454e26f1,2621e94c-2169-4d2a-9759-73df8ece0b5b,assets,source_provided,True,False,"[{""asset_type"": ""diagram"", ""source_page_number"": 2, ""order_index"": 1}]",,matched
t160-quality-20261007T012224Z-1f7eeede-15-IMP-CROSS-r3,IMP-CROSS,3,assisted_corrected,239d78f4-ab44-59ec-ab7f-e11e454e26f1,2621e94c-2169-4d2a-9759-73df8ece0b5b,question_number,source_provided,True,True,4,4,matched
t160-quality-20261007T012224Z-1f7eeede-15-IMP-CROSS-r3,IMP-CROSS,3,assisted_corrected,239d78f4-ab44-59ec-ab7f-e11e454e26f1,2621e94c-2169-4d2a-9759-73df8ece0b5b,order_index,source_provided,True,True,1,1,matched
t160-quality-20261007T012224Z-1f7eeede-15-IMP-CROSS-r3,IMP-CROSS,3,assisted_corrected,239d78f4-ab44-59ec-ab7f-e11e454e26f1,2621e94c-2169-4d2a-9759-73df8ece0b5b,source_page_numbers,source_provided,True,True,"[1, 2]","[1, 2]",matched
t160-quality-20261007T012224Z-1f7eeede-15-IMP-CROSS-r3,IMP-CROSS,3,assisted_corrected,239d78f4-ab44-59ec-ab7f-e11e454e26f1,2621e94c-2169-4d2a-9759-73df8ece0b5b,question_type,unknown,False,,,SHORT_ANSWER,reference_unknown
t160-quality-20261007T012224Z-1f7eeede-15-IMP-CROSS-r3,IMP-CROSS,3,assisted_corrected,239d78f4-ab44-59ec-ab7f-e11e454e26f1,2621e94c-2169-4d2a-9759-73df8ece0b5b,content,source_provided,True,True,"阅读下页流程图：输入 x = 3，计算输出 y。
按下图流程完成计算。","阅读下页流程图：输入 x = 3，计算输出 y。
按下图流程完成计算。",matched
t160-quality-20261007T012224Z-1f7eeede-15-IMP-CROSS-r3,IMP-CROSS,3,assisted_corrected,239d78f4-ab44-59ec-ab7f-e11e454e26f1,2621e94c-2169-4d2a-9759-73df8ece0b5b,options,not_applicable,True,True,,,matched
t160-quality-20261007T012224Z-1f7eeede-15-IMP-CROSS-r3,IMP-CROSS,3,assisted_corrected,239d78f4-ab44-59ec-ab7f-e11e454e26f1,2621e94c-2169-4d2a-9759-73df8ece0b5b,reference_answer,known_missing,True,True,,,matched
t160-quality-20261007T012224Z-1f7eeede-15-IMP-CROSS-r3,IMP-CROSS,3,assisted_corrected,239d78f4-ab44-59ec-ab7f-e11e454e26f1,2621e94c-2169-4d2a-9759-73df8ece0b5b,analysis,known_missing,True,True,,,matched
t160-quality-20261007T012224Z-1f7eeede-15-IMP-CROSS-r3,IMP-CROSS,3,assisted_corrected,239d78f4-ab44-59ec-ab7f-e11e454e26f1,2621e94c-2169-4d2a-9759-73df8ece0b5b,score,source_provided,True,True,5.00,5.00,matched
t160-quality-20261007T012224Z-1f7eeede-15-IMP-CROSS-r3,IMP-CROSS,3,assisted_corrected,239d78f4-ab44-59ec-ab7f-e11e454e26f1,2621e94c-2169-4d2a-9759-73df8ece0b5b,scoring_rubric,source_provided,True,True,正确中间计算 2.00；最终输出 3.00。,正确中间计算 2.00；最终输出 3.00。,matched
t160-quality-20261007T012224Z-1f7eeede-15-IMP-CROSS-r3,IMP-CROSS,3,assisted_corrected,239d78f4-ab44-59ec-ab7f-e11e454e26f1,2621e94c-2169-4d2a-9759-73df8ece0b5b,knowledge_points,known_missing,True,True,[],[],matched
t160-quality-20261007T012224Z-1f7eeede-15-IMP-CROSS-r3,IMP-CROSS,3,assisted_corrected,239d78f4-ab44-59ec-ab7f-e11e454e26f1,2621e94c-2169-4d2a-9759-73df8ece0b5b,source_regions,unknown,False,,,,reference_unknown
t160-quality-20261007T012224Z-1f7eeede-15-IMP-CROSS-r3,IMP-CROSS,3,assisted_corrected,239d78f4-ab44-59ec-ab7f-e11e454e26f1,2621e94c-2169-4d2a-9759-73df8ece0b5b,assets,source_provided,True,False,"[{""asset_type"": ""diagram"", ""source_page_number"": 2, ""order_index"": 1}]",,matched
