run_id,case_id,repeat_index,stage,reference_question_identity,extracted_question_id,modality,field,reference_state,evaluable,correct,expected,actual,reason,evidence_ref
t160-quality-20261007T014124Z-fbbe8ec7-01-IMP-TEXT-r1,IMP-TEXT,1,automatic,1194af49-5301-51bb-a173-0e6f524ac810,6e22ab43-e079-465e-acd4-d36d1dcbbae0,native_text,question_number,source_provided,True,True,1,1,matched,round2-import\t160-quality-20261007T014124Z-fbbe8ec7\runs\t160-quality-20261007T014124Z-fbbe8ec7-01-IMP-TEXT-r1\result.json
t160-quality-20261007T014124Z-fbbe8ec7-01-IMP-TEXT-r1,IMP-TEXT,1,automatic,1194af49-5301-51bb-a173-0e6f524ac810,6e22ab43-e079-465e-acd4-d36d1dcbbae0,native_text,order_index,source_provided,True,True,1,1,matched,round2-import\t160-quality-20261007T014124Z-fbbe8ec7\runs\t160-quality-20261007T014124Z-fbbe8ec7-01-IMP-TEXT-r1\result.json
t160-quality-20261007T014124Z-fbbe8ec7-01-IMP-TEXT-r1,IMP-TEXT,1,automatic,1194af49-5301-51bb-a173-0e6f524ac810,6e22ab43-e079-465e-acd4-d36d1dcbbae0,native_text,source_page_numbers,source_provided,True,True,[1],[1],matched,round2-import\t160-quality-20261007T014124Z-fbbe8ec7\runs\t160-quality-20261007T014124Z-fbbe8ec7-01-IMP-TEXT-r1\result.json
t160-quality-20261007T014124Z-fbbe8ec7-01-IMP-TEXT-r1,IMP-TEXT,1,automatic,1194af49-5301-51bb-a173-0e6f524ac810,6e22ab43-e079-465e-acd4-d36d1dcbbae0,native_text,question_type,source_provided,True,True,SINGLE_CHOICE,SINGLE_CHOICE,matched,round2-import\t160-quality-20261007T014124Z-fbbe8ec7\runs\t160-quality-20261007T014124Z-fbbe8ec7-01-IMP-TEXT-r1\result.json
t160-quality-20261007T014124Z-fbbe8ec7-01-IMP-TEXT-r1,IMP-TEXT,1,automatic,1194af49-5301-51bb-a173-0e6f524ac810,6e22ab43-e079-465e-acd4-d36d1dcbbae0,native_text,content,source_provided,True,True,y = 2x + 1，x = 3 时 y 为多少？,y = 2x + 1，x = 3 时 y 为多少？,matched,round2-import\t160-quality-20261007T014124Z-fbbe8ec7\runs\t160-quality-20261007T014124Z-fbbe8ec7-01-IMP-TEXT-r1\result.json
t160-quality-20261007T014124Z-fbbe8ec7-01-IMP-TEXT-r1,IMP-TEXT,1,automatic,1194af49-5301-51bb-a173-0e6f524ac810,6e22ab43-e079-465e-acd4-d36d1dcbbae0,native_text,options,source_provided,True,True,"{""C"": ""7"", ""A"": ""5"", ""B"": ""6"", ""D"": ""8""}","{""C"": ""7"", ""A"": ""5"", ""B"": ""6"", ""D"": ""8""}",matched,round2-import\t160-quality-20261007T014124Z-fbbe8ec7\runs\t160-quality-20261007T014124Z-fbbe8ec7-01-IMP-TEXT-r1\result.json
t160-quality-20261007T014124Z-fbbe8ec7-01-IMP-TEXT-r1,IMP-TEXT,1,automatic,1194af49-5301-51bb-a173-0e6f524ac810,6e22ab43-e079-465e-acd4-d36d1dcbbae0,native_text,reference_answer,source_provided,True,True,C,C,matched,round2-import\t160-quality-20261007T014124Z-fbbe8ec7\runs\t160-quality-20261007T014124Z-fbbe8ec7-01-IMP-TEXT-r1\result.json
t160-quality-20261007T014124Z-fbbe8ec7-01-IMP-TEXT-r1,IMP-TEXT,1,automatic,1194af49-5301-51bb-a173-0e6f524ac810,6e22ab43-e079-465e-acd4-d36d1dcbbae0,native_text,analysis,source_provided,True,True,2 × 3 + 1 = 7。,2 × 3 + 1 = 7。,matched,round2-import\t160-quality-20261007T014124Z-fbbe8ec7\runs\t160-quality-20261007T014124Z-fbbe8ec7-01-IMP-TEXT-r1\result.json
t160-quality-20261007T014124Z-fbbe8ec7-01-IMP-TEXT-r1,IMP-TEXT,1,automatic,1194af49-5301-51bb-a173-0e6f524ac810,6e22ab43-e079-465e-acd4-d36d1dcbbae0,native_text,score,source_provided,True,True,2.00,2.00,matched,round2-import\t160-quality-20261007T014124Z-fbbe8ec7\runs\t160-quality-20261007T014124Z-fbbe8ec7-01-IMP-TEXT-r1\result.json
t160-quality-20261007T014124Z-fbbe8ec7-01-IMP-TEXT-r1,IMP-TEXT,1,automatic,1194af49-5301-51bb-a173-0e6f524ac810,6e22ab43-e079-465e-acd4-d36d1dcbbae0,native_text,scoring_rubric,known_missing,True,True,,,matched,round2-import\t160-quality-20261007T014124Z-fbbe8ec7\runs\t160-quality-20261007T014124Z-fbbe8ec7-01-IMP-TEXT-r1\result.json
t160-quality-20261007T014124Z-fbbe8ec7-01-IMP-TEXT-r1,IMP-TEXT,1,automatic,1194af49-5301-51bb-a173-0e6f524ac810,6e22ab43-e079-465e-acd4-d36d1dcbbae0,native_text,knowledge_points,known_missing,True,True,[],[],matched,round2-import\t160-quality-20261007T014124Z-fbbe8ec7\runs\t160-quality-20261007T014124Z-fbbe8ec7-01-IMP-TEXT-r1\result.json
t160-quality-20261007T014124Z-fbbe8ec7-01-IMP-TEXT-r1,IMP-TEXT,1,automatic,1194af49-5301-51bb-a173-0e6f524ac810,6e22ab43-e079-465e-acd4-d36d1dcbbae0,native_text,source_regions,unknown,False,,,,reference_unknown,round2-import\t160-quality-20261007T014124Z-fbbe8ec7\runs\t160-quality-20261007T014124Z-fbbe8ec7-01-IMP-TEXT-r1\result.json
t160-quality-20261007T014124Z-fbbe8ec7-01-IMP-TEXT-r1,IMP-TEXT,1,automatic,1194af49-5301-51bb-a173-0e6f524ac810,6e22ab43-e079-465e-acd4-d36d1dcbbae0,native_text,assets,source_provided,True,False,[],,matched,round2-import\t160-quality-20261007T014124Z-fbbe8ec7\runs\t160-quality-20261007T014124Z-fbbe8ec7-01-IMP-TEXT-r1\result.json
t160-quality-20261007T014124Z-fbbe8ec7-01-IMP-TEXT-r1,IMP-TEXT,1,automatic,8e0aecaf-072d-5ed7-9b43-5d33ad202cc1,b2a74906-df0c-4126-ae06-e03e57a96edf,native_text,question_number,source_provided,True,True,2,2,matched,round2-import\t160-quality-20261007T014124Z-fbbe8ec7\runs\t160-quality-20261007T014124Z-fbbe8ec7-01-IMP-TEXT-r1\result.json
t160-quality-20261007T014124Z-fbbe8ec7-01-IMP-TEXT-r1,IMP-TEXT,1,automatic,8e0aecaf-072d-5ed7-9b43-5d33ad202cc1,b2a74906-df0c-4126-ae06-e03e57a96edf,native_text,order_index,source_provided,True,True,2,2,matched,round2-import\t160-quality-20261007T014124Z-fbbe8ec7\runs\t160-quality-20261007T014124Z-fbbe8ec7-01-IMP-TEXT-r1\result.json
t160-quality-20261007T014124Z-fbbe8ec7-01-IMP-TEXT-r1,IMP-TEXT,1,automatic,8e0aecaf-072d-5ed7-9b43-5d33ad202cc1,b2a74906-df0c-4126-ae06-e03e57a96edf,native_text,source_page_numbers,source_provided,True,True,[1],[1],matched,round2-import\t160-quality-20261007T014124Z-fbbe8ec7\runs\t160-quality-20261007T014124Z-fbbe8ec7-01-IMP-TEXT-r1\result.json
t160-quality-20261007T014124Z-fbbe8ec7-01-IMP-TEXT-r1,IMP-TEXT,1,automatic,8e0aecaf-072d-5ed7-9b43-5d33ad202cc1,b2a74906-df0c-4126-ae06-e03e57a96edf,native_text,question_type,source_provided,True,True,TRUE_FALSE,TRUE_FALSE,matched,round2-import\t160-quality-20261007T014124Z-fbbe8ec7\runs\t160-quality-20261007T014124Z-fbbe8ec7-01-IMP-TEXT-r1\result.json
t160-quality-20261007T014124Z-fbbe8ec7-01-IMP-TEXT-r1,IMP-TEXT,1,automatic,8e0aecaf-072d-5ed7-9b43-5d33ad202cc1,b2a74906-df0c-4126-ae06-e03e57a96edf,native_text,content,source_provided,True,True,右图三角形面积为 24 cm²。,右图三角形面积为 24 cm²。,matched,round2-import\t160-quality-20261007T014124Z-fbbe8ec7\runs\t160-quality-20261007T014124Z-fbbe8ec7-01-IMP-TEXT-r1\result.json
t160-quality-20261007T014124Z-fbbe8ec7-01-IMP-TEXT-r1,IMP-TEXT,1,automatic,8e0aecaf-072d-5ed7-9b43-5d33ad202cc1,b2a74906-df0c-4126-ae06-e03e57a96edf,native_text,options,source_provided,True,True,"[""正确"", ""错误""]","[""正确"", ""错误""]",matched,round2-import\t160-quality-20261007T014124Z-fbbe8ec7\runs\t160-quality-20261007T014124Z-fbbe8ec7-01-IMP-TEXT-r1\result.json
t160-quality-20261007T014124Z-fbbe8ec7-01-IMP-TEXT-r1,IMP-TEXT,1,automatic,8e0aecaf-072d-5ed7-9b43-5d33ad202cc1,b2a74906-df0c-4126-ae06-e03e57a96edf,native_text,reference_answer,known_missing,True,True,,,matched,round2-import\t160-quality-20261007T014124Z-fbbe8ec7\runs\t160-quality-20261007T014124Z-fbbe8ec7-01-IMP-TEXT-r1\result.json
t160-quality-20261007T014124Z-fbbe8ec7-01-IMP-TEXT-r1,IMP-TEXT,1,automatic,8e0aecaf-072d-5ed7-9b43-5d33ad202cc1,b2a74906-df0c-4126-ae06-e03e57a96edf,native_text,analysis,known_missing,True,True,,,matched,round2-import\t160-quality-20261007T014124Z-fbbe8ec7\runs\t160-quality-20261007T014124Z-fbbe8ec7-01-IMP-TEXT-r1\result.json
t160-quality-20261007T014124Z-fbbe8ec7-01-IMP-TEXT-r1,IMP-TEXT,1,automatic,8e0aecaf-072d-5ed7-9b43-5d33ad202cc1,b2a74906-df0c-4126-ae06-e03e57a96edf,native_text,score,source_provided,True,True,2.00,2.00,matched,round2-import\t160-quality-20261007T014124Z-fbbe8ec7\runs\t160-quality-20261007T014124Z-fbbe8ec7-01-IMP-TEXT-r1\result.json
t160-quality-20261007T014124Z-fbbe8ec7-01-IMP-TEXT-r1,IMP-TEXT,1,automatic,8e0aecaf-072d-5ed7-9b43-5d33ad202cc1,b2a74906-df0c-4126-ae06-e03e57a96edf,native_text,scoring_rubric,known_missing,True,True,,,matched,round2-import\t160-quality-20261007T014124Z-fbbe8ec7\runs\t160-quality-20261007T014124Z-fbbe8ec7-01-IMP-TEXT-r1\result.json
t160-quality-20261007T014124Z-fbbe8ec7-01-IMP-TEXT-r1,IMP-TEXT,1,automatic,8e0aecaf-072d-5ed7-9b43-5d33ad202cc1,b2a74906-df0c-4126-ae06-e03e57a96edf,native_text,knowledge_points,known_missing,True,True,[],[],matched,round2-import\t160-quality-20261007T014124Z-fbbe8ec7\runs\t160-quality-20261007T014124Z-fbbe8ec7-01-IMP-TEXT-r1\result.json
t160-quality-20261007T014124Z-fbbe8ec7-01-IMP-TEXT-r1,IMP-TEXT,1,automatic,8e0aecaf-072d-5ed7-9b43-5d33ad202cc1,b2a74906-df0c-4126-ae06-e03e57a96edf,native_text,source_regions,unknown,False,,,,reference_unknown,round2-import\t160-quality-20261007T014124Z-fbbe8ec7\runs\t160-quality-20261007T014124Z-fbbe8ec7-01-IMP-TEXT-r1\result.json
t160-quality-20261007T014124Z-fbbe8ec7-01-IMP-TEXT-r1,IMP-TEXT,1,automatic,8e0aecaf-072d-5ed7-9b43-5d33ad202cc1,b2a74906-df0c-4126-ae06-e03e57a96edf,native_text,assets,source_provided,True,False,"[{""asset_type"": ""figure"", ""source_page_number"": 1, ""order_index"": 1}]",,matched,round2-import\t160-quality-20261007T014124Z-fbbe8ec7\runs\t160-quality-20261007T014124Z-fbbe8ec7-01-IMP-TEXT-r1\result.json
t160-quality-20261007T014124Z-fbbe8ec7-01-IMP-TEXT-r1,IMP-TEXT,1,automatic,fdef73bd-f984-58d1-8a53-3eea668a9f83,f3885622-07aa-42a6-8aa9-ad453deeba19,native_text,question_number,source_provided,True,True,3,3,matched,round2-import\t160-quality-20261007T014124Z-fbbe8ec7\runs\t160-quality-20261007T014124Z-fbbe8ec7-01-IMP-TEXT-r1\result.json
t160-quality-20261007T014124Z-fbbe8ec7-01-IMP-TEXT-r1,IMP-TEXT,1,automatic,fdef73bd-f984-58d1-8a53-3eea668a9f83,f3885622-07aa-42a6-8aa9-ad453deeba19,native_text,order_index,source_provided,True,True,3,3,matched,round2-import\t160-quality-20261007T014124Z-fbbe8ec7\runs\t160-quality-20261007T014124Z-fbbe8ec7-01-IMP-TEXT-r1\result.json
t160-quality-20261007T014124Z-fbbe8ec7-01-IMP-TEXT-r1,IMP-TEXT,1,automatic,fdef73bd-f984-58d1-8a53-3eea668a9f83,f3885622-07aa-42a6-8aa9-ad453deeba19,native_text,source_page_numbers,source_provided,True,True,[1],[1],matched,round2-import\t160-quality-20261007T014124Z-fbbe8ec7\runs\t160-quality-20261007T014124Z-fbbe8ec7-01-IMP-TEXT-r1\result.json
t160-quality-20261007T014124Z-fbbe8ec7-01-IMP-TEXT-r1,IMP-TEXT,1,automatic,fdef73bd-f984-58d1-8a53-3eea668a9f83,f3885622-07aa-42a6-8aa9-ad453deeba19,native_text,question_type,source_provided,True,True,SHORT_ANSWER,SHORT_ANSWER,matched,round2-import\t160-quality-20261007T014124Z-fbbe8ec7\runs\t160-quality-20261007T014124Z-fbbe8ec7-01-IMP-TEXT-r1\result.json
t160-quality-20261007T014124Z-fbbe8ec7-01-IMP-TEXT-r1,IMP-TEXT,1,automatic,fdef73bd-f984-58d1-8a53-3eea668a9f83,f3885622-07aa-42a6-8aa9-ad453deeba19,native_text,content,source_provided,True,True,根据下表写出 y 关于 x 的关系式。,根据下表写出 y 关于 x 的关系式。,matched,round2-import\t160-quality-20261007T014124Z-fbbe8ec7\runs\t160-quality-20261007T014124Z-fbbe8ec7-01-IMP-TEXT-r1\result.json
t160-quality-20261007T014124Z-fbbe8ec7-01-IMP-TEXT-r1,IMP-TEXT,1,automatic,fdef73bd-f984-58d1-8a53-3eea668a9f83,f3885622-07aa-42a6-8aa9-ad453deeba19,native_text,options,not_applicable,True,True,,,matched,round2-import\t160-quality-20261007T014124Z-fbbe8ec7\runs\t160-quality-20261007T014124Z-fbbe8ec7-01-IMP-TEXT-r1\result.json
t160-quality-20261007T014124Z-fbbe8ec7-01-IMP-TEXT-r1,IMP-TEXT,1,automatic,fdef73bd-f984-58d1-8a53-3eea668a9f83,f3885622-07aa-42a6-8aa9-ad453deeba19,native_text,reference_answer,known_missing,True,True,,,matched,round2-import\t160-quality-20261007T014124Z-fbbe8ec7\runs\t160-quality-20261007T014124Z-fbbe8ec7-01-IMP-TEXT-r1\result.json
t160-quality-20261007T014124Z-fbbe8ec7-01-IMP-TEXT-r1,IMP-TEXT,1,automatic,fdef73bd-f984-58d1-8a53-3eea668a9f83,f3885622-07aa-42a6-8aa9-ad453deeba19,native_text,analysis,known_missing,True,True,,,matched,round2-import\t160-quality-20261007T014124Z-fbbe8ec7\runs\t160-quality-20261007T014124Z-fbbe8ec7-01-IMP-TEXT-r1\result.json
t160-quality-20261007T014124Z-fbbe8ec7-01-IMP-TEXT-r1,IMP-TEXT,1,automatic,fdef73bd-f984-58d1-8a53-3eea668a9f83,f3885622-07aa-42a6-8aa9-ad453deeba19,native_text,score,source_provided,True,True,3.00,3.00,matched,round2-import\t160-quality-20261007T014124Z-fbbe8ec7\runs\t160-quality-20261007T014124Z-fbbe8ec7-01-IMP-TEXT-r1\result.json
t160-quality-20261007T014124Z-fbbe8ec7-01-IMP-TEXT-r1,IMP-TEXT,1,automatic,fdef73bd-f984-58d1-8a53-3eea668a9f83,f3885622-07aa-42a6-8aa9-ad453deeba19,native_text,scoring_rubric,source_provided,True,True,正确关系式 1.00；说明代入过程 2.00。,正确关系式 1.00；说明代入过程 2.00。,matched,round2-import\t160-quality-20261007T014124Z-fbbe8ec7\runs\t160-quality-20261007T014124Z-fbbe8ec7-01-IMP-TEXT-r1\result.json
t160-quality-20261007T014124Z-fbbe8ec7-01-IMP-TEXT-r1,IMP-TEXT,1,automatic,fdef73bd-f984-58d1-8a53-3eea668a9f83,f3885622-07aa-42a6-8aa9-ad453deeba19,native_text,knowledge_points,source_provided,True,True,"[""一次函数"", ""表达与计算""]","[""一次函数"", ""表达与计算""]",matched,round2-import\t160-quality-20261007T014124Z-fbbe8ec7\runs\t160-quality-20261007T014124Z-fbbe8ec7-01-IMP-TEXT-r1\result.json
t160-quality-20261007T014124Z-fbbe8ec7-01-IMP-TEXT-r1,IMP-TEXT,1,automatic,fdef73bd-f984-58d1-8a53-3eea668a9f83,f3885622-07aa-42a6-8aa9-ad453deeba19,native_text,source_regions,unknown,False,,,,reference_unknown,round2-import\t160-quality-20261007T014124Z-fbbe8ec7\runs\t160-quality-20261007T014124Z-fbbe8ec7-01-IMP-TEXT-r1\result.json
t160-quality-20261007T014124Z-fbbe8ec7-01-IMP-TEXT-r1,IMP-TEXT,1,automatic,fdef73bd-f984-58d1-8a53-3eea668a9f83,f3885622-07aa-42a6-8aa9-ad453deeba19,native_text,assets,source_provided,True,False,"[{""asset_type"": ""table"", ""source_page_number"": 1, ""order_index"": 1}]",,matched,round2-import\t160-quality-20261007T014124Z-fbbe8ec7\runs\t160-quality-20261007T014124Z-fbbe8ec7-01-IMP-TEXT-r1\result.json
t160-quality-20261007T014124Z-fbbe8ec7-02-IMP-TEXT-r2,IMP-TEXT,2,automatic,1194af49-5301-51bb-a173-0e6f524ac810,4f0bcf9c-f6dc-4d21-9b2f-0f202f11bdf5,native_text,question_number,source_provided,True,True,1,1,matched,round2-import\t160-quality-20261007T014124Z-fbbe8ec7\runs\t160-quality-20261007T014124Z-fbbe8ec7-02-IMP-TEXT-r2\result.json
t160-quality-20261007T014124Z-fbbe8ec7-02-IMP-TEXT-r2,IMP-TEXT,2,automatic,1194af49-5301-51bb-a173-0e6f524ac810,4f0bcf9c-f6dc-4d21-9b2f-0f202f11bdf5,native_text,order_index,source_provided,True,True,1,1,matched,round2-import\t160-quality-20261007T014124Z-fbbe8ec7\runs\t160-quality-20261007T014124Z-fbbe8ec7-02-IMP-TEXT-r2\result.json
t160-quality-20261007T014124Z-fbbe8ec7-02-IMP-TEXT-r2,IMP-TEXT,2,automatic,1194af49-5301-51bb-a173-0e6f524ac810,4f0bcf9c-f6dc-4d21-9b2f-0f202f11bdf5,native_text,source_page_numbers,source_provided,True,True,[1],[1],matched,round2-import\t160-quality-20261007T014124Z-fbbe8ec7\runs\t160-quality-20261007T014124Z-fbbe8ec7-02-IMP-TEXT-r2\result.json
t160-quality-20261007T014124Z-fbbe8ec7-02-IMP-TEXT-r2,IMP-TEXT,2,automatic,1194af49-5301-51bb-a173-0e6f524ac810,4f0bcf9c-f6dc-4d21-9b2f-0f202f11bdf5,native_text,question_type,source_provided,True,True,SINGLE_CHOICE,SINGLE_CHOICE,matched,round2-import\t160-quality-20261007T014124Z-fbbe8ec7\runs\t160-quality-20261007T014124Z-fbbe8ec7-02-IMP-TEXT-r2\result.json
t160-quality-20261007T014124Z-fbbe8ec7-02-IMP-TEXT-r2,IMP-TEXT,2,automatic,1194af49-5301-51bb-a173-0e6f524ac810,4f0bcf9c-f6dc-4d21-9b2f-0f202f11bdf5,native_text,content,source_provided,True,True,y = 2x + 1，x = 3 时 y 为多少？,y = 2x + 1，x = 3 时 y 为多少？,matched,round2-import\t160-quality-20261007T014124Z-fbbe8ec7\runs\t160-quality-20261007T014124Z-fbbe8ec7-02-IMP-TEXT-r2\result.json
t160-quality-20261007T014124Z-fbbe8ec7-02-IMP-TEXT-r2,IMP-TEXT,2,automatic,1194af49-5301-51bb-a173-0e6f524ac810,4f0bcf9c-f6dc-4d21-9b2f-0f202f11bdf5,native_text,options,source_provided,True,True,"{""C"": ""7"", ""A"": ""5"", ""B"": ""6"", ""D"": ""8""}","{""C"": ""7"", ""A"": ""5"", ""B"": ""6"", ""D"": ""8""}",matched,round2-import\t160-quality-20261007T014124Z-fbbe8ec7\runs\t160-quality-20261007T014124Z-fbbe8ec7-02-IMP-TEXT-r2\result.json
t160-quality-20261007T014124Z-fbbe8ec7-02-IMP-TEXT-r2,IMP-TEXT,2,automatic,1194af49-5301-51bb-a173-0e6f524ac810,4f0bcf9c-f6dc-4d21-9b2f-0f202f11bdf5,native_text,reference_answer,source_provided,True,True,C,C,matched,round2-import\t160-quality-20261007T014124Z-fbbe8ec7\runs\t160-quality-20261007T014124Z-fbbe8ec7-02-IMP-TEXT-r2\result.json
t160-quality-20261007T014124Z-fbbe8ec7-02-IMP-TEXT-r2,IMP-TEXT,2,automatic,1194af49-5301-51bb-a173-0e6f524ac810,4f0bcf9c-f6dc-4d21-9b2f-0f202f11bdf5,native_text,analysis,source_provided,True,True,2 × 3 + 1 = 7。,2 × 3 + 1 = 7。,matched,round2-import\t160-quality-20261007T014124Z-fbbe8ec7\runs\t160-quality-20261007T014124Z-fbbe8ec7-02-IMP-TEXT-r2\result.json
t160-quality-20261007T014124Z-fbbe8ec7-02-IMP-TEXT-r2,IMP-TEXT,2,automatic,1194af49-5301-51bb-a173-0e6f524ac810,4f0bcf9c-f6dc-4d21-9b2f-0f202f11bdf5,native_text,score,source_provided,True,True,2.00,2.00,matched,round2-import\t160-quality-20261007T014124Z-fbbe8ec7\runs\t160-quality-20261007T014124Z-fbbe8ec7-02-IMP-TEXT-r2\result.json
t160-quality-20261007T014124Z-fbbe8ec7-02-IMP-TEXT-r2,IMP-TEXT,2,automatic,1194af49-5301-51bb-a173-0e6f524ac810,4f0bcf9c-f6dc-4d21-9b2f-0f202f11bdf5,native_text,scoring_rubric,known_missing,True,True,,,matched,round2-import\t160-quality-20261007T014124Z-fbbe8ec7\runs\t160-quality-20261007T014124Z-fbbe8ec7-02-IMP-TEXT-r2\result.json
t160-quality-20261007T014124Z-fbbe8ec7-02-IMP-TEXT-r2,IMP-TEXT,2,automatic,1194af49-5301-51bb-a173-0e6f524ac810,4f0bcf9c-f6dc-4d21-9b2f-0f202f11bdf5,native_text,knowledge_points,known_missing,True,True,[],[],matched,round2-import\t160-quality-20261007T014124Z-fbbe8ec7\runs\t160-quality-20261007T014124Z-fbbe8ec7-02-IMP-TEXT-r2\result.json
t160-quality-20261007T014124Z-fbbe8ec7-02-IMP-TEXT-r2,IMP-TEXT,2,automatic,1194af49-5301-51bb-a173-0e6f524ac810,4f0bcf9c-f6dc-4d21-9b2f-0f202f11bdf5,native_text,source_regions,unknown,False,,,,reference_unknown,round2-import\t160-quality-20261007T014124Z-fbbe8ec7\runs\t160-quality-20261007T014124Z-fbbe8ec7-02-IMP-TEXT-r2\result.json
t160-quality-20261007T014124Z-fbbe8ec7-02-IMP-TEXT-r2,IMP-TEXT,2,automatic,1194af49-5301-51bb-a173-0e6f524ac810,4f0bcf9c-f6dc-4d21-9b2f-0f202f11bdf5,native_text,assets,source_provided,True,False,[],,matched,round2-import\t160-quality-20261007T014124Z-fbbe8ec7\runs\t160-quality-20261007T014124Z-fbbe8ec7-02-IMP-TEXT-r2\result.json
t160-quality-20261007T014124Z-fbbe8ec7-02-IMP-TEXT-r2,IMP-TEXT,2,automatic,8e0aecaf-072d-5ed7-9b43-5d33ad202cc1,c1df263b-1a35-40df-8359-1d0ce310a16b,native_text,question_number,source_provided,True,True,2,2,matched,round2-import\t160-quality-20261007T014124Z-fbbe8ec7\runs\t160-quality-20261007T014124Z-fbbe8ec7-02-IMP-TEXT-r2\result.json
t160-quality-20261007T014124Z-fbbe8ec7-02-IMP-TEXT-r2,IMP-TEXT,2,automatic,8e0aecaf-072d-5ed7-9b43-5d33ad202cc1,c1df263b-1a35-40df-8359-1d0ce310a16b,native_text,order_index,source_provided,True,True,2,2,matched,round2-import\t160-quality-20261007T014124Z-fbbe8ec7\runs\t160-quality-20261007T014124Z-fbbe8ec7-02-IMP-TEXT-r2\result.json
t160-quality-20261007T014124Z-fbbe8ec7-02-IMP-TEXT-r2,IMP-TEXT,2,automatic,8e0aecaf-072d-5ed7-9b43-5d33ad202cc1,c1df263b-1a35-40df-8359-1d0ce310a16b,native_text,source_page_numbers,source_provided,True,True,[1],[1],matched,round2-import\t160-quality-20261007T014124Z-fbbe8ec7\runs\t160-quality-20261007T014124Z-fbbe8ec7-02-IMP-TEXT-r2\result.json
t160-quality-20261007T014124Z-fbbe8ec7-02-IMP-TEXT-r2,IMP-TEXT,2,automatic,8e0aecaf-072d-5ed7-9b43-5d33ad202cc1,c1df263b-1a35-40df-8359-1d0ce310a16b,native_text,question_type,source_provided,True,True,TRUE_FALSE,TRUE_FALSE,matched,round2-import\t160-quality-20261007T014124Z-fbbe8ec7\runs\t160-quality-20261007T014124Z-fbbe8ec7-02-IMP-TEXT-r2\result.json
t160-quality-20261007T014124Z-fbbe8ec7-02-IMP-TEXT-r2,IMP-TEXT,2,automatic,8e0aecaf-072d-5ed7-9b43-5d33ad202cc1,c1df263b-1a35-40df-8359-1d0ce310a16b,native_text,content,source_provided,True,True,右图三角形面积为 24 cm²。,右图三角形面积为 24 cm²。,matched,round2-import\t160-quality-20261007T014124Z-fbbe8ec7\runs\t160-quality-20261007T014124Z-fbbe8ec7-02-IMP-TEXT-r2\result.json
t160-quality-20261007T014124Z-fbbe8ec7-02-IMP-TEXT-r2,IMP-TEXT,2,automatic,8e0aecaf-072d-5ed7-9b43-5d33ad202cc1,c1df263b-1a35-40df-8359-1d0ce310a16b,native_text,options,source_provided,True,True,"[""正确"", ""错误""]","[""正确"", ""错误""]",matched,round2-import\t160-quality-20261007T014124Z-fbbe8ec7\runs\t160-quality-20261007T014124Z-fbbe8ec7-02-IMP-TEXT-r2\result.json
t160-quality-20261007T014124Z-fbbe8ec7-02-IMP-TEXT-r2,IMP-TEXT,2,automatic,8e0aecaf-072d-5ed7-9b43-5d33ad202cc1,c1df263b-1a35-40df-8359-1d0ce310a16b,native_text,reference_answer,known_missing,True,True,,,matched,round2-import\t160-quality-20261007T014124Z-fbbe8ec7\runs\t160-quality-20261007T014124Z-fbbe8ec7-02-IMP-TEXT-r2\result.json
t160-quality-20261007T014124Z-fbbe8ec7-02-IMP-TEXT-r2,IMP-TEXT,2,automatic,8e0aecaf-072d-5ed7-9b43-5d33ad202cc1,c1df263b-1a35-40df-8359-1d0ce310a16b,native_text,analysis,known_missing,True,True,,,matched,round2-import\t160-quality-20261007T014124Z-fbbe8ec7\runs\t160-quality-20261007T014124Z-fbbe8ec7-02-IMP-TEXT-r2\result.json
t160-quality-20261007T014124Z-fbbe8ec7-02-IMP-TEXT-r2,IMP-TEXT,2,automatic,8e0aecaf-072d-5ed7-9b43-5d33ad202cc1,c1df263b-1a35-40df-8359-1d0ce310a16b,native_text,score,source_provided,True,True,2.00,2.00,matched,round2-import\t160-quality-20261007T014124Z-fbbe8ec7\runs\t160-quality-20261007T014124Z-fbbe8ec7-02-IMP-TEXT-r2\result.json
t160-quality-20261007T014124Z-fbbe8ec7-02-IMP-TEXT-r2,IMP-TEXT,2,automatic,8e0aecaf-072d-5ed7-9b43-5d33ad202cc1,c1df263b-1a35-40df-8359-1d0ce310a16b,native_text,scoring_rubric,known_missing,True,True,,,matched,round2-import\t160-quality-20261007T014124Z-fbbe8ec7\runs\t160-quality-20261007T014124Z-fbbe8ec7-02-IMP-TEXT-r2\result.json
t160-quality-20261007T014124Z-fbbe8ec7-02-IMP-TEXT-r2,IMP-TEXT,2,automatic,8e0aecaf-072d-5ed7-9b43-5d33ad202cc1,c1df263b-1a35-40df-8359-1d0ce310a16b,native_text,knowledge_points,known_missing,True,True,[],[],matched,round2-import\t160-quality-20261007T014124Z-fbbe8ec7\runs\t160-quality-20261007T014124Z-fbbe8ec7-02-IMP-TEXT-r2\result.json
t160-quality-20261007T014124Z-fbbe8ec7-02-IMP-TEXT-r2,IMP-TEXT,2,automatic,8e0aecaf-072d-5ed7-9b43-5d33ad202cc1,c1df263b-1a35-40df-8359-1d0ce310a16b,native_text,source_regions,unknown,False,,,,reference_unknown,round2-import\t160-quality-20261007T014124Z-fbbe8ec7\runs\t160-quality-20261007T014124Z-fbbe8ec7-02-IMP-TEXT-r2\result.json
t160-quality-20261007T014124Z-fbbe8ec7-02-IMP-TEXT-r2,IMP-TEXT,2,automatic,8e0aecaf-072d-5ed7-9b43-5d33ad202cc1,c1df263b-1a35-40df-8359-1d0ce310a16b,native_text,assets,source_provided,True,False,"[{""asset_type"": ""figure"", ""source_page_number"": 1, ""order_index"": 1}]",,matched,round2-import\t160-quality-20261007T014124Z-fbbe8ec7\runs\t160-quality-20261007T014124Z-fbbe8ec7-02-IMP-TEXT-r2\result.json
t160-quality-20261007T014124Z-fbbe8ec7-02-IMP-TEXT-r2,IMP-TEXT,2,automatic,fdef73bd-f984-58d1-8a53-3eea668a9f83,de91b896-8786-4ed3-a4b2-25ea39a96be4,native_text,question_number,source_provided,True,True,3,3,matched,round2-import\t160-quality-20261007T014124Z-fbbe8ec7\runs\t160-quality-20261007T014124Z-fbbe8ec7-02-IMP-TEXT-r2\result.json
t160-quality-20261007T014124Z-fbbe8ec7-02-IMP-TEXT-r2,IMP-TEXT,2,automatic,fdef73bd-f984-58d1-8a53-3eea668a9f83,de91b896-8786-4ed3-a4b2-25ea39a96be4,native_text,order_index,source_provided,True,True,3,3,matched,round2-import\t160-quality-20261007T014124Z-fbbe8ec7\runs\t160-quality-20261007T014124Z-fbbe8ec7-02-IMP-TEXT-r2\result.json
t160-quality-20261007T014124Z-fbbe8ec7-02-IMP-TEXT-r2,IMP-TEXT,2,automatic,fdef73bd-f984-58d1-8a53-3eea668a9f83,de91b896-8786-4ed3-a4b2-25ea39a96be4,native_text,source_page_numbers,source_provided,True,True,[1],[1],matched,round2-import\t160-quality-20261007T014124Z-fbbe8ec7\runs\t160-quality-20261007T014124Z-fbbe8ec7-02-IMP-TEXT-r2\result.json
t160-quality-20261007T014124Z-fbbe8ec7-02-IMP-TEXT-r2,IMP-TEXT,2,automatic,fdef73bd-f984-58d1-8a53-3eea668a9f83,de91b896-8786-4ed3-a4b2-25ea39a96be4,native_text,question_type,source_provided,True,True,SHORT_ANSWER,SHORT_ANSWER,matched,round2-import\t160-quality-20261007T014124Z-fbbe8ec7\runs\t160-quality-20261007T014124Z-fbbe8ec7-02-IMP-TEXT-r2\result.json
t160-quality-20261007T014124Z-fbbe8ec7-02-IMP-TEXT-r2,IMP-TEXT,2,automatic,fdef73bd-f984-58d1-8a53-3eea668a9f83,de91b896-8786-4ed3-a4b2-25ea39a96be4,native_text,content,source_provided,True,True,根据下表写出 y 关于 x 的关系式。,根据下表写出 y 关于 x 的关系式。,matched,round2-import\t160-quality-20261007T014124Z-fbbe8ec7\runs\t160-quality-20261007T014124Z-fbbe8ec7-02-IMP-TEXT-r2\result.json
t160-quality-20261007T014124Z-fbbe8ec7-02-IMP-TEXT-r2,IMP-TEXT,2,automatic,fdef73bd-f984-58d1-8a53-3eea668a9f83,de91b896-8786-4ed3-a4b2-25ea39a96be4,native_text,options,not_applicable,True,True,,,matched,round2-import\t160-quality-20261007T014124Z-fbbe8ec7\runs\t160-quality-20261007T014124Z-fbbe8ec7-02-IMP-TEXT-r2\result.json
t160-quality-20261007T014124Z-fbbe8ec7-02-IMP-TEXT-r2,IMP-TEXT,2,automatic,fdef73bd-f984-58d1-8a53-3eea668a9f83,de91b896-8786-4ed3-a4b2-25ea39a96be4,native_text,reference_answer,known_missing,True,True,,,matched,round2-import\t160-quality-20261007T014124Z-fbbe8ec7\runs\t160-quality-20261007T014124Z-fbbe8ec7-02-IMP-TEXT-r2\result.json
t160-quality-20261007T014124Z-fbbe8ec7-02-IMP-TEXT-r2,IMP-TEXT,2,automatic,fdef73bd-f984-58d1-8a53-3eea668a9f83,de91b896-8786-4ed3-a4b2-25ea39a96be4,native_text,analysis,known_missing,True,True,,,matched,round2-import\t160-quality-20261007T014124Z-fbbe8ec7\runs\t160-quality-20261007T014124Z-fbbe8ec7-02-IMP-TEXT-r2\result.json
t160-quality-20261007T014124Z-fbbe8ec7-02-IMP-TEXT-r2,IMP-TEXT,2,automatic,fdef73bd-f984-58d1-8a53-3eea668a9f83,de91b896-8786-4ed3-a4b2-25ea39a96be4,native_text,score,source_provided,True,True,3.00,3.00,matched,round2-import\t160-quality-20261007T014124Z-fbbe8ec7\runs\t160-quality-20261007T014124Z-fbbe8ec7-02-IMP-TEXT-r2\result.json
t160-quality-20261007T014124Z-fbbe8ec7-02-IMP-TEXT-r2,IMP-TEXT,2,automatic,fdef73bd-f984-58d1-8a53-3eea668a9f83,de91b896-8786-4ed3-a4b2-25ea39a96be4,native_text,scoring_rubric,source_provided,True,True,正确关系式 1.00；说明代入过程 2.00。,正确关系式 1.00；说明代入过程 2.00。,matched,round2-import\t160-quality-20261007T014124Z-fbbe8ec7\runs\t160-quality-20261007T014124Z-fbbe8ec7-02-IMP-TEXT-r2\result.json
t160-quality-20261007T014124Z-fbbe8ec7-02-IMP-TEXT-r2,IMP-TEXT,2,automatic,fdef73bd-f984-58d1-8a53-3eea668a9f83,de91b896-8786-4ed3-a4b2-25ea39a96be4,native_text,knowledge_points,source_provided,True,True,"[""一次函数"", ""表达与计算""]","[""一次函数"", ""表达与计算""]",matched,round2-import\t160-quality-20261007T014124Z-fbbe8ec7\runs\t160-quality-20261007T014124Z-fbbe8ec7-02-IMP-TEXT-r2\result.json
t160-quality-20261007T014124Z-fbbe8ec7-02-IMP-TEXT-r2,IMP-TEXT,2,automatic,fdef73bd-f984-58d1-8a53-3eea668a9f83,de91b896-8786-4ed3-a4b2-25ea39a96be4,native_text,source_regions,unknown,False,,,,reference_unknown,round2-import\t160-quality-20261007T014124Z-fbbe8ec7\runs\t160-quality-20261007T014124Z-fbbe8ec7-02-IMP-TEXT-r2\result.json
t160-quality-20261007T014124Z-fbbe8ec7-02-IMP-TEXT-r2,IMP-TEXT,2,automatic,fdef73bd-f984-58d1-8a53-3eea668a9f83,de91b896-8786-4ed3-a4b2-25ea39a96be4,native_text,assets,source_provided,True,False,"[{""asset_type"": ""table"", ""source_page_number"": 1, ""order_index"": 1}]",,matched,round2-import\t160-quality-20261007T014124Z-fbbe8ec7\runs\t160-quality-20261007T014124Z-fbbe8ec7-02-IMP-TEXT-r2\result.json
t160-quality-20261007T014124Z-fbbe8ec7-03-IMP-TEXT-r3,IMP-TEXT,3,automatic,1194af49-5301-51bb-a173-0e6f524ac810,77dbaacd-3912-423f-b3e0-f1f048c3a06b,native_text,question_number,source_provided,True,True,1,1,matched,round2-import\t160-quality-20261007T014124Z-fbbe8ec7\runs\t160-quality-20261007T014124Z-fbbe8ec7-03-IMP-TEXT-r3\result.json
t160-quality-20261007T014124Z-fbbe8ec7-03-IMP-TEXT-r3,IMP-TEXT,3,automatic,1194af49-5301-51bb-a173-0e6f524ac810,77dbaacd-3912-423f-b3e0-f1f048c3a06b,native_text,order_index,source_provided,True,True,1,1,matched,round2-import\t160-quality-20261007T014124Z-fbbe8ec7\runs\t160-quality-20261007T014124Z-fbbe8ec7-03-IMP-TEXT-r3\result.json
t160-quality-20261007T014124Z-fbbe8ec7-03-IMP-TEXT-r3,IMP-TEXT,3,automatic,1194af49-5301-51bb-a173-0e6f524ac810,77dbaacd-3912-423f-b3e0-f1f048c3a06b,native_text,source_page_numbers,source_provided,True,True,[1],[1],matched,round2-import\t160-quality-20261007T014124Z-fbbe8ec7\runs\t160-quality-20261007T014124Z-fbbe8ec7-03-IMP-TEXT-r3\result.json
t160-quality-20261007T014124Z-fbbe8ec7-03-IMP-TEXT-r3,IMP-TEXT,3,automatic,1194af49-5301-51bb-a173-0e6f524ac810,77dbaacd-3912-423f-b3e0-f1f048c3a06b,native_text,question_type,source_provided,True,True,SINGLE_CHOICE,SINGLE_CHOICE,matched,round2-import\t160-quality-20261007T014124Z-fbbe8ec7\runs\t160-quality-20261007T014124Z-fbbe8ec7-03-IMP-TEXT-r3\result.json
t160-quality-20261007T014124Z-fbbe8ec7-03-IMP-TEXT-r3,IMP-TEXT,3,automatic,1194af49-5301-51bb-a173-0e6f524ac810,77dbaacd-3912-423f-b3e0-f1f048c3a06b,native_text,content,source_provided,True,True,y = 2x + 1，x = 3 时 y 为多少？,y = 2x + 1，x = 3 时 y 为多少？,matched,round2-import\t160-quality-20261007T014124Z-fbbe8ec7\runs\t160-quality-20261007T014124Z-fbbe8ec7-03-IMP-TEXT-r3\result.json
t160-quality-20261007T014124Z-fbbe8ec7-03-IMP-TEXT-r3,IMP-TEXT,3,automatic,1194af49-5301-51bb-a173-0e6f524ac810,77dbaacd-3912-423f-b3e0-f1f048c3a06b,native_text,options,source_provided,True,True,"{""C"": ""7"", ""A"": ""5"", ""B"": ""6"", ""D"": ""8""}","{""C"": ""7"", ""A"": ""5"", ""B"": ""6"", ""D"": ""8""}",matched,round2-import\t160-quality-20261007T014124Z-fbbe8ec7\runs\t160-quality-20261007T014124Z-fbbe8ec7-03-IMP-TEXT-r3\result.json
t160-quality-20261007T014124Z-fbbe8ec7-03-IMP-TEXT-r3,IMP-TEXT,3,automatic,1194af49-5301-51bb-a173-0e6f524ac810,77dbaacd-3912-423f-b3e0-f1f048c3a06b,native_text,reference_answer,source_provided,True,True,C,C,matched,round2-import\t160-quality-20261007T014124Z-fbbe8ec7\runs\t160-quality-20261007T014124Z-fbbe8ec7-03-IMP-TEXT-r3\result.json
t160-quality-20261007T014124Z-fbbe8ec7-03-IMP-TEXT-r3,IMP-TEXT,3,automatic,1194af49-5301-51bb-a173-0e6f524ac810,77dbaacd-3912-423f-b3e0-f1f048c3a06b,native_text,analysis,source_provided,True,True,2 × 3 + 1 = 7。,2 × 3 + 1 = 7。,matched,round2-import\t160-quality-20261007T014124Z-fbbe8ec7\runs\t160-quality-20261007T014124Z-fbbe8ec7-03-IMP-TEXT-r3\result.json
t160-quality-20261007T014124Z-fbbe8ec7-03-IMP-TEXT-r3,IMP-TEXT,3,automatic,1194af49-5301-51bb-a173-0e6f524ac810,77dbaacd-3912-423f-b3e0-f1f048c3a06b,native_text,score,source_provided,True,True,2.00,2.00,matched,round2-import\t160-quality-20261007T014124Z-fbbe8ec7\runs\t160-quality-20261007T014124Z-fbbe8ec7-03-IMP-TEXT-r3\result.json
t160-quality-20261007T014124Z-fbbe8ec7-03-IMP-TEXT-r3,IMP-TEXT,3,automatic,1194af49-5301-51bb-a173-0e6f524ac810,77dbaacd-3912-423f-b3e0-f1f048c3a06b,native_text,scoring_rubric,known_missing,True,True,,,matched,round2-import\t160-quality-20261007T014124Z-fbbe8ec7\runs\t160-quality-20261007T014124Z-fbbe8ec7-03-IMP-TEXT-r3\result.json
t160-quality-20261007T014124Z-fbbe8ec7-03-IMP-TEXT-r3,IMP-TEXT,3,automatic,1194af49-5301-51bb-a173-0e6f524ac810,77dbaacd-3912-423f-b3e0-f1f048c3a06b,native_text,knowledge_points,known_missing,True,True,[],[],matched,round2-import\t160-quality-20261007T014124Z-fbbe8ec7\runs\t160-quality-20261007T014124Z-fbbe8ec7-03-IMP-TEXT-r3\result.json
t160-quality-20261007T014124Z-fbbe8ec7-03-IMP-TEXT-r3,IMP-TEXT,3,automatic,1194af49-5301-51bb-a173-0e6f524ac810,77dbaacd-3912-423f-b3e0-f1f048c3a06b,native_text,source_regions,unknown,False,,,,reference_unknown,round2-import\t160-quality-20261007T014124Z-fbbe8ec7\runs\t160-quality-20261007T014124Z-fbbe8ec7-03-IMP-TEXT-r3\result.json
t160-quality-20261007T014124Z-fbbe8ec7-03-IMP-TEXT-r3,IMP-TEXT,3,automatic,1194af49-5301-51bb-a173-0e6f524ac810,77dbaacd-3912-423f-b3e0-f1f048c3a06b,native_text,assets,source_provided,True,False,[],,matched,round2-import\t160-quality-20261007T014124Z-fbbe8ec7\runs\t160-quality-20261007T014124Z-fbbe8ec7-03-IMP-TEXT-r3\result.json
t160-quality-20261007T014124Z-fbbe8ec7-03-IMP-TEXT-r3,IMP-TEXT,3,automatic,8e0aecaf-072d-5ed7-9b43-5d33ad202cc1,5a7bf40c-ca74-4d7e-a06e-64c53ca7f2d9,native_text,question_number,source_provided,True,True,2,2,matched,round2-import\t160-quality-20261007T014124Z-fbbe8ec7\runs\t160-quality-20261007T014124Z-fbbe8ec7-03-IMP-TEXT-r3\result.json
t160-quality-20261007T014124Z-fbbe8ec7-03-IMP-TEXT-r3,IMP-TEXT,3,automatic,8e0aecaf-072d-5ed7-9b43-5d33ad202cc1,5a7bf40c-ca74-4d7e-a06e-64c53ca7f2d9,native_text,order_index,source_provided,True,True,2,2,matched,round2-import\t160-quality-20261007T014124Z-fbbe8ec7\runs\t160-quality-20261007T014124Z-fbbe8ec7-03-IMP-TEXT-r3\result.json
t160-quality-20261007T014124Z-fbbe8ec7-03-IMP-TEXT-r3,IMP-TEXT,3,automatic,8e0aecaf-072d-5ed7-9b43-5d33ad202cc1,5a7bf40c-ca74-4d7e-a06e-64c53ca7f2d9,native_text,source_page_numbers,source_provided,True,True,[1],[1],matched,round2-import\t160-quality-20261007T014124Z-fbbe8ec7\runs\t160-quality-20261007T014124Z-fbbe8ec7-03-IMP-TEXT-r3\result.json
t160-quality-20261007T014124Z-fbbe8ec7-03-IMP-TEXT-r3,IMP-TEXT,3,automatic,8e0aecaf-072d-5ed7-9b43-5d33ad202cc1,5a7bf40c-ca74-4d7e-a06e-64c53ca7f2d9,native_text,question_type,source_provided,True,True,TRUE_FALSE,TRUE_FALSE,matched,round2-import\t160-quality-20261007T014124Z-fbbe8ec7\runs\t160-quality-20261007T014124Z-fbbe8ec7-03-IMP-TEXT-r3\result.json
t160-quality-20261007T014124Z-fbbe8ec7-03-IMP-TEXT-r3,IMP-TEXT,3,automatic,8e0aecaf-072d-5ed7-9b43-5d33ad202cc1,5a7bf40c-ca74-4d7e-a06e-64c53ca7f2d9,native_text,content,source_provided,True,True,右图三角形面积为 24 cm²。,右图三角形面积为 24 cm²。,matched,round2-import\t160-quality-20261007T014124Z-fbbe8ec7\runs\t160-quality-20261007T014124Z-fbbe8ec7-03-IMP-TEXT-r3\result.json
t160-quality-20261007T014124Z-fbbe8ec7-03-IMP-TEXT-r3,IMP-TEXT,3,automatic,8e0aecaf-072d-5ed7-9b43-5d33ad202cc1,5a7bf40c-ca74-4d7e-a06e-64c53ca7f2d9,native_text,options,source_provided,True,True,"[""正确"", ""错误""]","[""正确"", ""错误""]",matched,round2-import\t160-quality-20261007T014124Z-fbbe8ec7\runs\t160-quality-20261007T014124Z-fbbe8ec7-03-IMP-TEXT-r3\result.json
t160-quality-20261007T014124Z-fbbe8ec7-03-IMP-TEXT-r3,IMP-TEXT,3,automatic,8e0aecaf-072d-5ed7-9b43-5d33ad202cc1,5a7bf40c-ca74-4d7e-a06e-64c53ca7f2d9,native_text,reference_answer,known_missing,True,True,,,matched,round2-import\t160-quality-20261007T014124Z-fbbe8ec7\runs\t160-quality-20261007T014124Z-fbbe8ec7-03-IMP-TEXT-r3\result.json
t160-quality-20261007T014124Z-fbbe8ec7-03-IMP-TEXT-r3,IMP-TEXT,3,automatic,8e0aecaf-072d-5ed7-9b43-5d33ad202cc1,5a7bf40c-ca74-4d7e-a06e-64c53ca7f2d9,native_text,analysis,known_missing,True,True,,,matched,round2-import\t160-quality-20261007T014124Z-fbbe8ec7\runs\t160-quality-20261007T014124Z-fbbe8ec7-03-IMP-TEXT-r3\result.json
t160-quality-20261007T014124Z-fbbe8ec7-03-IMP-TEXT-r3,IMP-TEXT,3,automatic,8e0aecaf-072d-5ed7-9b43-5d33ad202cc1,5a7bf40c-ca74-4d7e-a06e-64c53ca7f2d9,native_text,score,source_provided,True,True,2.00,2.00,matched,round2-import\t160-quality-20261007T014124Z-fbbe8ec7\runs\t160-quality-20261007T014124Z-fbbe8ec7-03-IMP-TEXT-r3\result.json
t160-quality-20261007T014124Z-fbbe8ec7-03-IMP-TEXT-r3,IMP-TEXT,3,automatic,8e0aecaf-072d-5ed7-9b43-5d33ad202cc1,5a7bf40c-ca74-4d7e-a06e-64c53ca7f2d9,native_text,scoring_rubric,known_missing,True,True,,,matched,round2-import\t160-quality-20261007T014124Z-fbbe8ec7\runs\t160-quality-20261007T014124Z-fbbe8ec7-03-IMP-TEXT-r3\result.json
t160-quality-20261007T014124Z-fbbe8ec7-03-IMP-TEXT-r3,IMP-TEXT,3,automatic,8e0aecaf-072d-5ed7-9b43-5d33ad202cc1,5a7bf40c-ca74-4d7e-a06e-64c53ca7f2d9,native_text,knowledge_points,known_missing,True,True,[],[],matched,round2-import\t160-quality-20261007T014124Z-fbbe8ec7\runs\t160-quality-20261007T014124Z-fbbe8ec7-03-IMP-TEXT-r3\result.json
t160-quality-20261007T014124Z-fbbe8ec7-03-IMP-TEXT-r3,IMP-TEXT,3,automatic,8e0aecaf-072d-5ed7-9b43-5d33ad202cc1,5a7bf40c-ca74-4d7e-a06e-64c53ca7f2d9,native_text,source_regions,unknown,False,,,,reference_unknown,round2-import\t160-quality-20261007T014124Z-fbbe8ec7\runs\t160-quality-20261007T014124Z-fbbe8ec7-03-IMP-TEXT-r3\result.json
t160-quality-20261007T014124Z-fbbe8ec7-03-IMP-TEXT-r3,IMP-TEXT,3,automatic,8e0aecaf-072d-5ed7-9b43-5d33ad202cc1,5a7bf40c-ca74-4d7e-a06e-64c53ca7f2d9,native_text,assets,source_provided,True,False,"[{""asset_type"": ""figure"", ""source_page_number"": 1, ""order_index"": 1}]",,matched,round2-import\t160-quality-20261007T014124Z-fbbe8ec7\runs\t160-quality-20261007T014124Z-fbbe8ec7-03-IMP-TEXT-r3\result.json
t160-quality-20261007T014124Z-fbbe8ec7-03-IMP-TEXT-r3,IMP-TEXT,3,automatic,fdef73bd-f984-58d1-8a53-3eea668a9f83,0402f5ba-02d8-40d1-960d-a87dff6459df,native_text,question_number,source_provided,True,True,3,3,matched,round2-import\t160-quality-20261007T014124Z-fbbe8ec7\runs\t160-quality-20261007T014124Z-fbbe8ec7-03-IMP-TEXT-r3\result.json
t160-quality-20261007T014124Z-fbbe8ec7-03-IMP-TEXT-r3,IMP-TEXT,3,automatic,fdef73bd-f984-58d1-8a53-3eea668a9f83,0402f5ba-02d8-40d1-960d-a87dff6459df,native_text,order_index,source_provided,True,True,3,3,matched,round2-import\t160-quality-20261007T014124Z-fbbe8ec7\runs\t160-quality-20261007T014124Z-fbbe8ec7-03-IMP-TEXT-r3\result.json
t160-quality-20261007T014124Z-fbbe8ec7-03-IMP-TEXT-r3,IMP-TEXT,3,automatic,fdef73bd-f984-58d1-8a53-3eea668a9f83,0402f5ba-02d8-40d1-960d-a87dff6459df,native_text,source_page_numbers,source_provided,True,True,[1],[1],matched,round2-import\t160-quality-20261007T014124Z-fbbe8ec7\runs\t160-quality-20261007T014124Z-fbbe8ec7-03-IMP-TEXT-r3\result.json
t160-quality-20261007T014124Z-fbbe8ec7-03-IMP-TEXT-r3,IMP-TEXT,3,automatic,fdef73bd-f984-58d1-8a53-3eea668a9f83,0402f5ba-02d8-40d1-960d-a87dff6459df,native_text,question_type,source_provided,True,True,SHORT_ANSWER,SHORT_ANSWER,matched,round2-import\t160-quality-20261007T014124Z-fbbe8ec7\runs\t160-quality-20261007T014124Z-fbbe8ec7-03-IMP-TEXT-r3\result.json
t160-quality-20261007T014124Z-fbbe8ec7-03-IMP-TEXT-r3,IMP-TEXT,3,automatic,fdef73bd-f984-58d1-8a53-3eea668a9f83,0402f5ba-02d8-40d1-960d-a87dff6459df,native_text,content,source_provided,True,True,根据下表写出 y 关于 x 的关系式。,根据下表写出 y 关于 x 的关系式。,matched,round2-import\t160-quality-20261007T014124Z-fbbe8ec7\runs\t160-quality-20261007T014124Z-fbbe8ec7-03-IMP-TEXT-r3\result.json
t160-quality-20261007T014124Z-fbbe8ec7-03-IMP-TEXT-r3,IMP-TEXT,3,automatic,fdef73bd-f984-58d1-8a53-3eea668a9f83,0402f5ba-02d8-40d1-960d-a87dff6459df,native_text,options,not_applicable,True,True,,,matched,round2-import\t160-quality-20261007T014124Z-fbbe8ec7\runs\t160-quality-20261007T014124Z-fbbe8ec7-03-IMP-TEXT-r3\result.json
t160-quality-20261007T014124Z-fbbe8ec7-03-IMP-TEXT-r3,IMP-TEXT,3,automatic,fdef73bd-f984-58d1-8a53-3eea668a9f83,0402f5ba-02d8-40d1-960d-a87dff6459df,native_text,reference_answer,known_missing,True,True,,,matched,round2-import\t160-quality-20261007T014124Z-fbbe8ec7\runs\t160-quality-20261007T014124Z-fbbe8ec7-03-IMP-TEXT-r3\result.json
t160-quality-20261007T014124Z-fbbe8ec7-03-IMP-TEXT-r3,IMP-TEXT,3,automatic,fdef73bd-f984-58d1-8a53-3eea668a9f83,0402f5ba-02d8-40d1-960d-a87dff6459df,native_text,analysis,known_missing,True,True,,,matched,round2-import\t160-quality-20261007T014124Z-fbbe8ec7\runs\t160-quality-20261007T014124Z-fbbe8ec7-03-IMP-TEXT-r3\result.json
t160-quality-20261007T014124Z-fbbe8ec7-03-IMP-TEXT-r3,IMP-TEXT,3,automatic,fdef73bd-f984-58d1-8a53-3eea668a9f83,0402f5ba-02d8-40d1-960d-a87dff6459df,native_text,score,source_provided,True,True,3.00,3.00,matched,round2-import\t160-quality-20261007T014124Z-fbbe8ec7\runs\t160-quality-20261007T014124Z-fbbe8ec7-03-IMP-TEXT-r3\result.json
t160-quality-20261007T014124Z-fbbe8ec7-03-IMP-TEXT-r3,IMP-TEXT,3,automatic,fdef73bd-f984-58d1-8a53-3eea668a9f83,0402f5ba-02d8-40d1-960d-a87dff6459df,native_text,scoring_rubric,source_provided,True,True,正确关系式 1.00；说明代入过程 2.00。,正确关系式 1.00；说明代入过程 2.00。,matched,round2-import\t160-quality-20261007T014124Z-fbbe8ec7\runs\t160-quality-20261007T014124Z-fbbe8ec7-03-IMP-TEXT-r3\result.json
t160-quality-20261007T014124Z-fbbe8ec7-03-IMP-TEXT-r3,IMP-TEXT,3,automatic,fdef73bd-f984-58d1-8a53-3eea668a9f83,0402f5ba-02d8-40d1-960d-a87dff6459df,native_text,knowledge_points,source_provided,True,False,"[""一次函数"", ""表达与计算""]","[""一次函数、表达与计算。""]",matched,round2-import\t160-quality-20261007T014124Z-fbbe8ec7\runs\t160-quality-20261007T014124Z-fbbe8ec7-03-IMP-TEXT-r3\result.json
t160-quality-20261007T014124Z-fbbe8ec7-03-IMP-TEXT-r3,IMP-TEXT,3,automatic,fdef73bd-f984-58d1-8a53-3eea668a9f83,0402f5ba-02d8-40d1-960d-a87dff6459df,native_text,source_regions,unknown,False,,,,reference_unknown,round2-import\t160-quality-20261007T014124Z-fbbe8ec7\runs\t160-quality-20261007T014124Z-fbbe8ec7-03-IMP-TEXT-r3\result.json
t160-quality-20261007T014124Z-fbbe8ec7-03-IMP-TEXT-r3,IMP-TEXT,3,automatic,fdef73bd-f984-58d1-8a53-3eea668a9f83,0402f5ba-02d8-40d1-960d-a87dff6459df,native_text,assets,source_provided,True,False,"[{""asset_type"": ""table"", ""source_page_number"": 1, ""order_index"": 1}]",,matched,round2-import\t160-quality-20261007T014124Z-fbbe8ec7\runs\t160-quality-20261007T014124Z-fbbe8ec7-03-IMP-TEXT-r3\result.json
t160-quality-20261007T014124Z-fbbe8ec7-04-IMP-SCAN-r1,IMP-SCAN,1,automatic,74d666eb-fc46-5106-8ea2-ea5c967c6457,351b8cd0-04f8-4e9b-b4a6-c94058306977,ocr_required,question_number,source_provided,True,True,1,1,matched,round2-import\t160-quality-20261007T014124Z-fbbe8ec7\runs\t160-quality-20261007T014124Z-fbbe8ec7-04-IMP-SCAN-r1\result.json
t160-quality-20261007T014124Z-fbbe8ec7-04-IMP-SCAN-r1,IMP-SCAN,1,automatic,74d666eb-fc46-5106-8ea2-ea5c967c6457,351b8cd0-04f8-4e9b-b4a6-c94058306977,ocr_required,order_index,source_provided,True,True,1,1,matched,round2-import\t160-quality-20261007T014124Z-fbbe8ec7\runs\t160-quality-20261007T014124Z-fbbe8ec7-04-IMP-SCAN-r1\result.json
t160-quality-20261007T014124Z-fbbe8ec7-04-IMP-SCAN-r1,IMP-SCAN,1,automatic,74d666eb-fc46-5106-8ea2-ea5c967c6457,351b8cd0-04f8-4e9b-b4a6-c94058306977,ocr_required,source_page_numbers,source_provided,True,True,[1],[1],matched,round2-import\t160-quality-20261007T014124Z-fbbe8ec7\runs\t160-quality-20261007T014124Z-fbbe8ec7-04-IMP-SCAN-r1\result.json
t160-quality-20261007T014124Z-fbbe8ec7-04-IMP-SCAN-r1,IMP-SCAN,1,automatic,74d666eb-fc46-5106-8ea2-ea5c967c6457,351b8cd0-04f8-4e9b-b4a6-c94058306977,ocr_required,question_type,source_provided,True,True,SINGLE_CHOICE,SINGLE_CHOICE,matched,round2-import\t160-quality-20261007T014124Z-fbbe8ec7\runs\t160-quality-20261007T014124Z-fbbe8ec7-04-IMP-SCAN-r1\result.json
t160-quality-20261007T014124Z-fbbe8ec7-04-IMP-SCAN-r1,IMP-SCAN,1,automatic,74d666eb-fc46-5106-8ea2-ea5c967c6457,351b8cd0-04f8-4e9b-b4a6-c94058306977,ocr_required,content,source_provided,True,False,y = 2x + 1，x = 3 时 y 为多少？,y = 2x +1，x = 3 时 y 为多少？,matched,round2-import\t160-quality-20261007T014124Z-fbbe8ec7\runs\t160-quality-20261007T014124Z-fbbe8ec7-04-IMP-SCAN-r1\result.json
t160-quality-20261007T014124Z-fbbe8ec7-04-IMP-SCAN-r1,IMP-SCAN,1,automatic,74d666eb-fc46-5106-8ea2-ea5c967c6457,351b8cd0-04f8-4e9b-b4a6-c94058306977,ocr_required,options,source_provided,True,True,"{""C"": ""7"", ""A"": ""5"", ""B"": ""6"", ""D"": ""8""}","{""C"": ""7"", ""A"": ""5"", ""B"": ""6"", ""D"": ""8""}",matched,round2-import\t160-quality-20261007T014124Z-fbbe8ec7\runs\t160-quality-20261007T014124Z-fbbe8ec7-04-IMP-SCAN-r1\result.json
t160-quality-20261007T014124Z-fbbe8ec7-04-IMP-SCAN-r1,IMP-SCAN,1,automatic,74d666eb-fc46-5106-8ea2-ea5c967c6457,351b8cd0-04f8-4e9b-b4a6-c94058306977,ocr_required,reference_answer,source_provided,True,True,C,C,matched,round2-import\t160-quality-20261007T014124Z-fbbe8ec7\runs\t160-quality-20261007T014124Z-fbbe8ec7-04-IMP-SCAN-r1\result.json
t160-quality-20261007T014124Z-fbbe8ec7-04-IMP-SCAN-r1,IMP-SCAN,1,automatic,74d666eb-fc46-5106-8ea2-ea5c967c6457,351b8cd0-04f8-4e9b-b4a6-c94058306977,ocr_required,analysis,source_provided,True,False,2 × 3 + 1 = 7。,2 × 3 +1=7。,matched,round2-import\t160-quality-20261007T014124Z-fbbe8ec7\runs\t160-quality-20261007T014124Z-fbbe8ec7-04-IMP-SCAN-r1\result.json
t160-quality-20261007T014124Z-fbbe8ec7-04-IMP-SCAN-r1,IMP-SCAN,1,automatic,74d666eb-fc46-5106-8ea2-ea5c967c6457,351b8cd0-04f8-4e9b-b4a6-c94058306977,ocr_required,score,source_provided,True,True,2.00,2.00,matched,round2-import\t160-quality-20261007T014124Z-fbbe8ec7\runs\t160-quality-20261007T014124Z-fbbe8ec7-04-IMP-SCAN-r1\result.json
t160-quality-20261007T014124Z-fbbe8ec7-04-IMP-SCAN-r1,IMP-SCAN,1,automatic,74d666eb-fc46-5106-8ea2-ea5c967c6457,351b8cd0-04f8-4e9b-b4a6-c94058306977,ocr_required,scoring_rubric,known_missing,True,True,,,matched,round2-import\t160-quality-20261007T014124Z-fbbe8ec7\runs\t160-quality-20261007T014124Z-fbbe8ec7-04-IMP-SCAN-r1\result.json
t160-quality-20261007T014124Z-fbbe8ec7-04-IMP-SCAN-r1,IMP-SCAN,1,automatic,74d666eb-fc46-5106-8ea2-ea5c967c6457,351b8cd0-04f8-4e9b-b4a6-c94058306977,ocr_required,knowledge_points,known_missing,True,True,[],[],matched,round2-import\t160-quality-20261007T014124Z-fbbe8ec7\runs\t160-quality-20261007T014124Z-fbbe8ec7-04-IMP-SCAN-r1\result.json
t160-quality-20261007T014124Z-fbbe8ec7-04-IMP-SCAN-r1,IMP-SCAN,1,automatic,74d666eb-fc46-5106-8ea2-ea5c967c6457,351b8cd0-04f8-4e9b-b4a6-c94058306977,ocr_required,source_regions,unknown,False,,,,reference_unknown,round2-import\t160-quality-20261007T014124Z-fbbe8ec7\runs\t160-quality-20261007T014124Z-fbbe8ec7-04-IMP-SCAN-r1\result.json
t160-quality-20261007T014124Z-fbbe8ec7-04-IMP-SCAN-r1,IMP-SCAN,1,automatic,74d666eb-fc46-5106-8ea2-ea5c967c6457,351b8cd0-04f8-4e9b-b4a6-c94058306977,ocr_required,assets,source_provided,True,False,[],,matched,round2-import\t160-quality-20261007T014124Z-fbbe8ec7\runs\t160-quality-20261007T014124Z-fbbe8ec7-04-IMP-SCAN-r1\result.json
t160-quality-20261007T014124Z-fbbe8ec7-04-IMP-SCAN-r1,IMP-SCAN,1,automatic,5f47ee64-edec-5327-9172-bb8454c7640d,42af5d3c-a1ef-484e-be58-f04e5a5ea3d7,ocr_required,question_number,source_provided,True,True,2,2,matched,round2-import\t160-quality-20261007T014124Z-fbbe8ec7\runs\t160-quality-20261007T014124Z-fbbe8ec7-04-IMP-SCAN-r1\result.json
t160-quality-20261007T014124Z-fbbe8ec7-04-IMP-SCAN-r1,IMP-SCAN,1,automatic,5f47ee64-edec-5327-9172-bb8454c7640d,42af5d3c-a1ef-484e-be58-f04e5a5ea3d7,ocr_required,order_index,source_provided,True,True,2,2,matched,round2-import\t160-quality-20261007T014124Z-fbbe8ec7\runs\t160-quality-20261007T014124Z-fbbe8ec7-04-IMP-SCAN-r1\result.json
t160-quality-20261007T014124Z-fbbe8ec7-04-IMP-SCAN-r1,IMP-SCAN,1,automatic,5f47ee64-edec-5327-9172-bb8454c7640d,42af5d3c-a1ef-484e-be58-f04e5a5ea3d7,ocr_required,source_page_numbers,source_provided,True,True,[1],[1],matched,round2-import\t160-quality-20261007T014124Z-fbbe8ec7\runs\t160-quality-20261007T014124Z-fbbe8ec7-04-IMP-SCAN-r1\result.json
t160-quality-20261007T014124Z-fbbe8ec7-04-IMP-SCAN-r1,IMP-SCAN,1,automatic,5f47ee64-edec-5327-9172-bb8454c7640d,42af5d3c-a1ef-484e-be58-f04e5a5ea3d7,ocr_required,question_type,source_provided,True,True,TRUE_FALSE,TRUE_FALSE,matched,round2-import\t160-quality-20261007T014124Z-fbbe8ec7\runs\t160-quality-20261007T014124Z-fbbe8ec7-04-IMP-SCAN-r1\result.json
t160-quality-20261007T014124Z-fbbe8ec7-04-IMP-SCAN-r1,IMP-SCAN,1,automatic,5f47ee64-edec-5327-9172-bb8454c7640d,42af5d3c-a1ef-484e-be58-f04e5a5ea3d7,ocr_required,content,source_provided,True,False,右图三角形面积为 24 cm²。,右图三角形面积为 24cm²。,matched,round2-import\t160-quality-20261007T014124Z-fbbe8ec7\runs\t160-quality-20261007T014124Z-fbbe8ec7-04-IMP-SCAN-r1\result.json
t160-quality-20261007T014124Z-fbbe8ec7-04-IMP-SCAN-r1,IMP-SCAN,1,automatic,5f47ee64-edec-5327-9172-bb8454c7640d,42af5d3c-a1ef-484e-be58-f04e5a5ea3d7,ocr_required,options,source_provided,True,True,"[""正确"", ""错误""]","[""正确"", ""错误""]",matched,round2-import\t160-quality-20261007T014124Z-fbbe8ec7\runs\t160-quality-20261007T014124Z-fbbe8ec7-04-IMP-SCAN-r1\result.json
t160-quality-20261007T014124Z-fbbe8ec7-04-IMP-SCAN-r1,IMP-SCAN,1,automatic,5f47ee64-edec-5327-9172-bb8454c7640d,42af5d3c-a1ef-484e-be58-f04e5a5ea3d7,ocr_required,reference_answer,known_missing,True,True,,,matched,round2-import\t160-quality-20261007T014124Z-fbbe8ec7\runs\t160-quality-20261007T014124Z-fbbe8ec7-04-IMP-SCAN-r1\result.json
t160-quality-20261007T014124Z-fbbe8ec7-04-IMP-SCAN-r1,IMP-SCAN,1,automatic,5f47ee64-edec-5327-9172-bb8454c7640d,42af5d3c-a1ef-484e-be58-f04e5a5ea3d7,ocr_required,analysis,known_missing,True,True,,,matched,round2-import\t160-quality-20261007T014124Z-fbbe8ec7\runs\t160-quality-20261007T014124Z-fbbe8ec7-04-IMP-SCAN-r1\result.json
t160-quality-20261007T014124Z-fbbe8ec7-04-IMP-SCAN-r1,IMP-SCAN,1,automatic,5f47ee64-edec-5327-9172-bb8454c7640d,42af5d3c-a1ef-484e-be58-f04e5a5ea3d7,ocr_required,score,source_provided,True,True,2.00,2.00,matched,round2-import\t160-quality-20261007T014124Z-fbbe8ec7\runs\t160-quality-20261007T014124Z-fbbe8ec7-04-IMP-SCAN-r1\result.json
t160-quality-20261007T014124Z-fbbe8ec7-04-IMP-SCAN-r1,IMP-SCAN,1,automatic,5f47ee64-edec-5327-9172-bb8454c7640d,42af5d3c-a1ef-484e-be58-f04e5a5ea3d7,ocr_required,scoring_rubric,known_missing,True,True,,,matched,round2-import\t160-quality-20261007T014124Z-fbbe8ec7\runs\t160-quality-20261007T014124Z-fbbe8ec7-04-IMP-SCAN-r1\result.json
t160-quality-20261007T014124Z-fbbe8ec7-04-IMP-SCAN-r1,IMP-SCAN,1,automatic,5f47ee64-edec-5327-9172-bb8454c7640d,42af5d3c-a1ef-484e-be58-f04e5a5ea3d7,ocr_required,knowledge_points,known_missing,True,True,[],[],matched,round2-import\t160-quality-20261007T014124Z-fbbe8ec7\runs\t160-quality-20261007T014124Z-fbbe8ec7-04-IMP-SCAN-r1\result.json
t160-quality-20261007T014124Z-fbbe8ec7-04-IMP-SCAN-r1,IMP-SCAN,1,automatic,5f47ee64-edec-5327-9172-bb8454c7640d,42af5d3c-a1ef-484e-be58-f04e5a5ea3d7,ocr_required,source_regions,unknown,False,,,,reference_unknown,round2-import\t160-quality-20261007T014124Z-fbbe8ec7\runs\t160-quality-20261007T014124Z-fbbe8ec7-04-IMP-SCAN-r1\result.json
t160-quality-20261007T014124Z-fbbe8ec7-04-IMP-SCAN-r1,IMP-SCAN,1,automatic,5f47ee64-edec-5327-9172-bb8454c7640d,42af5d3c-a1ef-484e-be58-f04e5a5ea3d7,ocr_required,assets,source_provided,True,False,"[{""asset_type"": ""figure"", ""source_page_number"": 1, ""order_index"": 1}]",,matched,round2-import\t160-quality-20261007T014124Z-fbbe8ec7\runs\t160-quality-20261007T014124Z-fbbe8ec7-04-IMP-SCAN-r1\result.json
t160-quality-20261007T014124Z-fbbe8ec7-04-IMP-SCAN-r1,IMP-SCAN,1,automatic,d6acd365-a6d5-5eb8-9b54-66f26a915094,bd486b2d-78c0-4ba8-addb-bdae00843da6,ocr_required,question_number,source_provided,True,True,3,3,matched,round2-import\t160-quality-20261007T014124Z-fbbe8ec7\runs\t160-quality-20261007T014124Z-fbbe8ec7-04-IMP-SCAN-r1\result.json
t160-quality-20261007T014124Z-fbbe8ec7-04-IMP-SCAN-r1,IMP-SCAN,1,automatic,d6acd365-a6d5-5eb8-9b54-66f26a915094,bd486b2d-78c0-4ba8-addb-bdae00843da6,ocr_required,order_index,source_provided,True,True,3,3,matched,round2-import\t160-quality-20261007T014124Z-fbbe8ec7\runs\t160-quality-20261007T014124Z-fbbe8ec7-04-IMP-SCAN-r1\result.json
t160-quality-20261007T014124Z-fbbe8ec7-04-IMP-SCAN-r1,IMP-SCAN,1,automatic,d6acd365-a6d5-5eb8-9b54-66f26a915094,bd486b2d-78c0-4ba8-addb-bdae00843da6,ocr_required,source_page_numbers,source_provided,True,True,[1],[1],matched,round2-import\t160-quality-20261007T014124Z-fbbe8ec7\runs\t160-quality-20261007T014124Z-fbbe8ec7-04-IMP-SCAN-r1\result.json
t160-quality-20261007T014124Z-fbbe8ec7-04-IMP-SCAN-r1,IMP-SCAN,1,automatic,d6acd365-a6d5-5eb8-9b54-66f26a915094,bd486b2d-78c0-4ba8-addb-bdae00843da6,ocr_required,question_type,source_provided,True,True,SHORT_ANSWER,SHORT_ANSWER,matched,round2-import\t160-quality-20261007T014124Z-fbbe8ec7\runs\t160-quality-20261007T014124Z-fbbe8ec7-04-IMP-SCAN-r1\result.json
t160-quality-20261007T014124Z-fbbe8ec7-04-IMP-SCAN-r1,IMP-SCAN,1,automatic,d6acd365-a6d5-5eb8-9b54-66f26a915094,bd486b2d-78c0-4ba8-addb-bdae00843da6,ocr_required,content,source_provided,True,True,根据下表写出 y 关于 x 的关系式。,根据下表写出 y 关于 x 的关系式。,matched,round2-import\t160-quality-20261007T014124Z-fbbe8ec7\runs\t160-quality-20261007T014124Z-fbbe8ec7-04-IMP-SCAN-r1\result.json
t160-quality-20261007T014124Z-fbbe8ec7-04-IMP-SCAN-r1,IMP-SCAN,1,automatic,d6acd365-a6d5-5eb8-9b54-66f26a915094,bd486b2d-78c0-4ba8-addb-bdae00843da6,ocr_required,options,not_applicable,True,True,,,matched,round2-import\t160-quality-20261007T014124Z-fbbe8ec7\runs\t160-quality-20261007T014124Z-fbbe8ec7-04-IMP-SCAN-r1\result.json
t160-quality-20261007T014124Z-fbbe8ec7-04-IMP-SCAN-r1,IMP-SCAN,1,automatic,d6acd365-a6d5-5eb8-9b54-66f26a915094,bd486b2d-78c0-4ba8-addb-bdae00843da6,ocr_required,reference_answer,known_missing,True,True,,,matched,round2-import\t160-quality-20261007T014124Z-fbbe8ec7\runs\t160-quality-20261007T014124Z-fbbe8ec7-04-IMP-SCAN-r1\result.json
t160-quality-20261007T014124Z-fbbe8ec7-04-IMP-SCAN-r1,IMP-SCAN,1,automatic,d6acd365-a6d5-5eb8-9b54-66f26a915094,bd486b2d-78c0-4ba8-addb-bdae00843da6,ocr_required,analysis,known_missing,True,True,,,matched,round2-import\t160-quality-20261007T014124Z-fbbe8ec7\runs\t160-quality-20261007T014124Z-fbbe8ec7-04-IMP-SCAN-r1\result.json
t160-quality-20261007T014124Z-fbbe8ec7-04-IMP-SCAN-r1,IMP-SCAN,1,automatic,d6acd365-a6d5-5eb8-9b54-66f26a915094,bd486b2d-78c0-4ba8-addb-bdae00843da6,ocr_required,score,source_provided,True,True,3.00,3.00,matched,round2-import\t160-quality-20261007T014124Z-fbbe8ec7\runs\t160-quality-20261007T014124Z-fbbe8ec7-04-IMP-SCAN-r1\result.json
t160-quality-20261007T014124Z-fbbe8ec7-04-IMP-SCAN-r1,IMP-SCAN,1,automatic,d6acd365-a6d5-5eb8-9b54-66f26a915094,bd486b2d-78c0-4ba8-addb-bdae00843da6,ocr_required,scoring_rubric,source_provided,True,False,正确关系式 1.00；说明代入过程 2.00。,正确关系式1.00；说明代入过程2.00。,matched,round2-import\t160-quality-20261007T014124Z-fbbe8ec7\runs\t160-quality-20261007T014124Z-fbbe8ec7-04-IMP-SCAN-r1\result.json
t160-quality-20261007T014124Z-fbbe8ec7-04-IMP-SCAN-r1,IMP-SCAN,1,automatic,d6acd365-a6d5-5eb8-9b54-66f26a915094,bd486b2d-78c0-4ba8-addb-bdae00843da6,ocr_required,knowledge_points,source_provided,True,False,"[""一次函数"", ""表达与计算""]","[""一次函数、表达与计算""]",matched,round2-import\t160-quality-20261007T014124Z-fbbe8ec7\runs\t160-quality-20261007T014124Z-fbbe8ec7-04-IMP-SCAN-r1\result.json
t160-quality-20261007T014124Z-fbbe8ec7-04-IMP-SCAN-r1,IMP-SCAN,1,automatic,d6acd365-a6d5-5eb8-9b54-66f26a915094,bd486b2d-78c0-4ba8-addb-bdae00843da6,ocr_required,source_regions,unknown,False,,,,reference_unknown,round2-import\t160-quality-20261007T014124Z-fbbe8ec7\runs\t160-quality-20261007T014124Z-fbbe8ec7-04-IMP-SCAN-r1\result.json
t160-quality-20261007T014124Z-fbbe8ec7-04-IMP-SCAN-r1,IMP-SCAN,1,automatic,d6acd365-a6d5-5eb8-9b54-66f26a915094,bd486b2d-78c0-4ba8-addb-bdae00843da6,ocr_required,assets,source_provided,True,False,"[{""asset_type"": ""table"", ""source_page_number"": 1, ""order_index"": 1}]",,matched,round2-import\t160-quality-20261007T014124Z-fbbe8ec7\runs\t160-quality-20261007T014124Z-fbbe8ec7-04-IMP-SCAN-r1\result.json
t160-quality-20261007T014124Z-fbbe8ec7-05-IMP-SCAN-r2,IMP-SCAN,2,automatic,74d666eb-fc46-5106-8ea2-ea5c967c6457,882a5f3c-e592-4898-8dcd-5e3af0f8746e,ocr_required,question_number,source_provided,True,True,1,1,matched,round2-import\t160-quality-20261007T014124Z-fbbe8ec7\runs\t160-quality-20261007T014124Z-fbbe8ec7-05-IMP-SCAN-r2\result.json
t160-quality-20261007T014124Z-fbbe8ec7-05-IMP-SCAN-r2,IMP-SCAN,2,automatic,74d666eb-fc46-5106-8ea2-ea5c967c6457,882a5f3c-e592-4898-8dcd-5e3af0f8746e,ocr_required,order_index,source_provided,True,True,1,1,matched,round2-import\t160-quality-20261007T014124Z-fbbe8ec7\runs\t160-quality-20261007T014124Z-fbbe8ec7-05-IMP-SCAN-r2\result.json
t160-quality-20261007T014124Z-fbbe8ec7-05-IMP-SCAN-r2,IMP-SCAN,2,automatic,74d666eb-fc46-5106-8ea2-ea5c967c6457,882a5f3c-e592-4898-8dcd-5e3af0f8746e,ocr_required,source_page_numbers,source_provided,True,True,[1],[1],matched,round2-import\t160-quality-20261007T014124Z-fbbe8ec7\runs\t160-quality-20261007T014124Z-fbbe8ec7-05-IMP-SCAN-r2\result.json
t160-quality-20261007T014124Z-fbbe8ec7-05-IMP-SCAN-r2,IMP-SCAN,2,automatic,74d666eb-fc46-5106-8ea2-ea5c967c6457,882a5f3c-e592-4898-8dcd-5e3af0f8746e,ocr_required,question_type,source_provided,True,True,SINGLE_CHOICE,SINGLE_CHOICE,matched,round2-import\t160-quality-20261007T014124Z-fbbe8ec7\runs\t160-quality-20261007T014124Z-fbbe8ec7-05-IMP-SCAN-r2\result.json
t160-quality-20261007T014124Z-fbbe8ec7-05-IMP-SCAN-r2,IMP-SCAN,2,automatic,74d666eb-fc46-5106-8ea2-ea5c967c6457,882a5f3c-e592-4898-8dcd-5e3af0f8746e,ocr_required,content,source_provided,True,True,y = 2x + 1，x = 3 时 y 为多少？,y = 2x + 1，x = 3 时 y 为多少？,matched,round2-import\t160-quality-20261007T014124Z-fbbe8ec7\runs\t160-quality-20261007T014124Z-fbbe8ec7-05-IMP-SCAN-r2\result.json
t160-quality-20261007T014124Z-fbbe8ec7-05-IMP-SCAN-r2,IMP-SCAN,2,automatic,74d666eb-fc46-5106-8ea2-ea5c967c6457,882a5f3c-e592-4898-8dcd-5e3af0f8746e,ocr_required,options,source_provided,True,True,"{""C"": ""7"", ""A"": ""5"", ""B"": ""6"", ""D"": ""8""}","{""C"": ""7"", ""A"": ""5"", ""B"": ""6"", ""D"": ""8""}",matched,round2-import\t160-quality-20261007T014124Z-fbbe8ec7\runs\t160-quality-20261007T014124Z-fbbe8ec7-05-IMP-SCAN-r2\result.json
t160-quality-20261007T014124Z-fbbe8ec7-05-IMP-SCAN-r2,IMP-SCAN,2,automatic,74d666eb-fc46-5106-8ea2-ea5c967c6457,882a5f3c-e592-4898-8dcd-5e3af0f8746e,ocr_required,reference_answer,source_provided,True,True,C,C,matched,round2-import\t160-quality-20261007T014124Z-fbbe8ec7\runs\t160-quality-20261007T014124Z-fbbe8ec7-05-IMP-SCAN-r2\result.json
t160-quality-20261007T014124Z-fbbe8ec7-05-IMP-SCAN-r2,IMP-SCAN,2,automatic,74d666eb-fc46-5106-8ea2-ea5c967c6457,882a5f3c-e592-4898-8dcd-5e3af0f8746e,ocr_required,analysis,source_provided,True,False,2 × 3 + 1 = 7。,2 × 3 +1=7。,matched,round2-import\t160-quality-20261007T014124Z-fbbe8ec7\runs\t160-quality-20261007T014124Z-fbbe8ec7-05-IMP-SCAN-r2\result.json
t160-quality-20261007T014124Z-fbbe8ec7-05-IMP-SCAN-r2,IMP-SCAN,2,automatic,74d666eb-fc46-5106-8ea2-ea5c967c6457,882a5f3c-e592-4898-8dcd-5e3af0f8746e,ocr_required,score,source_provided,True,True,2.00,2.00,matched,round2-import\t160-quality-20261007T014124Z-fbbe8ec7\runs\t160-quality-20261007T014124Z-fbbe8ec7-05-IMP-SCAN-r2\result.json
t160-quality-20261007T014124Z-fbbe8ec7-05-IMP-SCAN-r2,IMP-SCAN,2,automatic,74d666eb-fc46-5106-8ea2-ea5c967c6457,882a5f3c-e592-4898-8dcd-5e3af0f8746e,ocr_required,scoring_rubric,known_missing,True,True,,,matched,round2-import\t160-quality-20261007T014124Z-fbbe8ec7\runs\t160-quality-20261007T014124Z-fbbe8ec7-05-IMP-SCAN-r2\result.json
t160-quality-20261007T014124Z-fbbe8ec7-05-IMP-SCAN-r2,IMP-SCAN,2,automatic,74d666eb-fc46-5106-8ea2-ea5c967c6457,882a5f3c-e592-4898-8dcd-5e3af0f8746e,ocr_required,knowledge_points,known_missing,True,True,[],[],matched,round2-import\t160-quality-20261007T014124Z-fbbe8ec7\runs\t160-quality-20261007T014124Z-fbbe8ec7-05-IMP-SCAN-r2\result.json
t160-quality-20261007T014124Z-fbbe8ec7-05-IMP-SCAN-r2,IMP-SCAN,2,automatic,74d666eb-fc46-5106-8ea2-ea5c967c6457,882a5f3c-e592-4898-8dcd-5e3af0f8746e,ocr_required,source_regions,unknown,False,,,,reference_unknown,round2-import\t160-quality-20261007T014124Z-fbbe8ec7\runs\t160-quality-20261007T014124Z-fbbe8ec7-05-IMP-SCAN-r2\result.json
t160-quality-20261007T014124Z-fbbe8ec7-05-IMP-SCAN-r2,IMP-SCAN,2,automatic,74d666eb-fc46-5106-8ea2-ea5c967c6457,882a5f3c-e592-4898-8dcd-5e3af0f8746e,ocr_required,assets,source_provided,True,False,[],,matched,round2-import\t160-quality-20261007T014124Z-fbbe8ec7\runs\t160-quality-20261007T014124Z-fbbe8ec7-05-IMP-SCAN-r2\result.json
t160-quality-20261007T014124Z-fbbe8ec7-05-IMP-SCAN-r2,IMP-SCAN,2,automatic,5f47ee64-edec-5327-9172-bb8454c7640d,9511d80d-ca4b-4dc6-95c7-52df40741635,ocr_required,question_number,source_provided,True,True,2,2,matched,round2-import\t160-quality-20261007T014124Z-fbbe8ec7\runs\t160-quality-20261007T014124Z-fbbe8ec7-05-IMP-SCAN-r2\result.json
t160-quality-20261007T014124Z-fbbe8ec7-05-IMP-SCAN-r2,IMP-SCAN,2,automatic,5f47ee64-edec-5327-9172-bb8454c7640d,9511d80d-ca4b-4dc6-95c7-52df40741635,ocr_required,order_index,source_provided,True,True,2,2,matched,round2-import\t160-quality-20261007T014124Z-fbbe8ec7\runs\t160-quality-20261007T014124Z-fbbe8ec7-05-IMP-SCAN-r2\result.json
t160-quality-20261007T014124Z-fbbe8ec7-05-IMP-SCAN-r2,IMP-SCAN,2,automatic,5f47ee64-edec-5327-9172-bb8454c7640d,9511d80d-ca4b-4dc6-95c7-52df40741635,ocr_required,source_page_numbers,source_provided,True,True,[1],[1],matched,round2-import\t160-quality-20261007T014124Z-fbbe8ec7\runs\t160-quality-20261007T014124Z-fbbe8ec7-05-IMP-SCAN-r2\result.json
t160-quality-20261007T014124Z-fbbe8ec7-05-IMP-SCAN-r2,IMP-SCAN,2,automatic,5f47ee64-edec-5327-9172-bb8454c7640d,9511d80d-ca4b-4dc6-95c7-52df40741635,ocr_required,question_type,source_provided,True,True,TRUE_FALSE,TRUE_FALSE,matched,round2-import\t160-quality-20261007T014124Z-fbbe8ec7\runs\t160-quality-20261007T014124Z-fbbe8ec7-05-IMP-SCAN-r2\result.json
t160-quality-20261007T014124Z-fbbe8ec7-05-IMP-SCAN-r2,IMP-SCAN,2,automatic,5f47ee64-edec-5327-9172-bb8454c7640d,9511d80d-ca4b-4dc6-95c7-52df40741635,ocr_required,content,source_provided,True,False,右图三角形面积为 24 cm²。,右图三角形面积为 24cm²。,matched,round2-import\t160-quality-20261007T014124Z-fbbe8ec7\runs\t160-quality-20261007T014124Z-fbbe8ec7-05-IMP-SCAN-r2\result.json
t160-quality-20261007T014124Z-fbbe8ec7-05-IMP-SCAN-r2,IMP-SCAN,2,automatic,5f47ee64-edec-5327-9172-bb8454c7640d,9511d80d-ca4b-4dc6-95c7-52df40741635,ocr_required,options,source_provided,True,True,"[""正确"", ""错误""]","[""正确"", ""错误""]",matched,round2-import\t160-quality-20261007T014124Z-fbbe8ec7\runs\t160-quality-20261007T014124Z-fbbe8ec7-05-IMP-SCAN-r2\result.json
t160-quality-20261007T014124Z-fbbe8ec7-05-IMP-SCAN-r2,IMP-SCAN,2,automatic,5f47ee64-edec-5327-9172-bb8454c7640d,9511d80d-ca4b-4dc6-95c7-52df40741635,ocr_required,reference_answer,known_missing,True,True,,,matched,round2-import\t160-quality-20261007T014124Z-fbbe8ec7\runs\t160-quality-20261007T014124Z-fbbe8ec7-05-IMP-SCAN-r2\result.json
t160-quality-20261007T014124Z-fbbe8ec7-05-IMP-SCAN-r2,IMP-SCAN,2,automatic,5f47ee64-edec-5327-9172-bb8454c7640d,9511d80d-ca4b-4dc6-95c7-52df40741635,ocr_required,analysis,known_missing,True,True,,,matched,round2-import\t160-quality-20261007T014124Z-fbbe8ec7\runs\t160-quality-20261007T014124Z-fbbe8ec7-05-IMP-SCAN-r2\result.json
t160-quality-20261007T014124Z-fbbe8ec7-05-IMP-SCAN-r2,IMP-SCAN,2,automatic,5f47ee64-edec-5327-9172-bb8454c7640d,9511d80d-ca4b-4dc6-95c7-52df40741635,ocr_required,score,source_provided,True,True,2.00,2.00,matched,round2-import\t160-quality-20261007T014124Z-fbbe8ec7\runs\t160-quality-20261007T014124Z-fbbe8ec7-05-IMP-SCAN-r2\result.json
t160-quality-20261007T014124Z-fbbe8ec7-05-IMP-SCAN-r2,IMP-SCAN,2,automatic,5f47ee64-edec-5327-9172-bb8454c7640d,9511d80d-ca4b-4dc6-95c7-52df40741635,ocr_required,scoring_rubric,known_missing,True,True,,,matched,round2-import\t160-quality-20261007T014124Z-fbbe8ec7\runs\t160-quality-20261007T014124Z-fbbe8ec7-05-IMP-SCAN-r2\result.json
t160-quality-20261007T014124Z-fbbe8ec7-05-IMP-SCAN-r2,IMP-SCAN,2,automatic,5f47ee64-edec-5327-9172-bb8454c7640d,9511d80d-ca4b-4dc6-95c7-52df40741635,ocr_required,knowledge_points,known_missing,True,True,[],[],matched,round2-import\t160-quality-20261007T014124Z-fbbe8ec7\runs\t160-quality-20261007T014124Z-fbbe8ec7-05-IMP-SCAN-r2\result.json
t160-quality-20261007T014124Z-fbbe8ec7-05-IMP-SCAN-r2,IMP-SCAN,2,automatic,5f47ee64-edec-5327-9172-bb8454c7640d,9511d80d-ca4b-4dc6-95c7-52df40741635,ocr_required,source_regions,unknown,False,,,,reference_unknown,round2-import\t160-quality-20261007T014124Z-fbbe8ec7\runs\t160-quality-20261007T014124Z-fbbe8ec7-05-IMP-SCAN-r2\result.json
t160-quality-20261007T014124Z-fbbe8ec7-05-IMP-SCAN-r2,IMP-SCAN,2,automatic,5f47ee64-edec-5327-9172-bb8454c7640d,9511d80d-ca4b-4dc6-95c7-52df40741635,ocr_required,assets,source_provided,True,False,"[{""asset_type"": ""figure"", ""source_page_number"": 1, ""order_index"": 1}]",,matched,round2-import\t160-quality-20261007T014124Z-fbbe8ec7\runs\t160-quality-20261007T014124Z-fbbe8ec7-05-IMP-SCAN-r2\result.json
t160-quality-20261007T014124Z-fbbe8ec7-05-IMP-SCAN-r2,IMP-SCAN,2,automatic,d6acd365-a6d5-5eb8-9b54-66f26a915094,2d353677-9fa3-489f-bf27-102f42e8e702,ocr_required,question_number,source_provided,True,True,3,3,matched,round2-import\t160-quality-20261007T014124Z-fbbe8ec7\runs\t160-quality-20261007T014124Z-fbbe8ec7-05-IMP-SCAN-r2\result.json
t160-quality-20261007T014124Z-fbbe8ec7-05-IMP-SCAN-r2,IMP-SCAN,2,automatic,d6acd365-a6d5-5eb8-9b54-66f26a915094,2d353677-9fa3-489f-bf27-102f42e8e702,ocr_required,order_index,source_provided,True,True,3,3,matched,round2-import\t160-quality-20261007T014124Z-fbbe8ec7\runs\t160-quality-20261007T014124Z-fbbe8ec7-05-IMP-SCAN-r2\result.json
t160-quality-20261007T014124Z-fbbe8ec7-05-IMP-SCAN-r2,IMP-SCAN,2,automatic,d6acd365-a6d5-5eb8-9b54-66f26a915094,2d353677-9fa3-489f-bf27-102f42e8e702,ocr_required,source_page_numbers,source_provided,True,True,[1],[1],matched,round2-import\t160-quality-20261007T014124Z-fbbe8ec7\runs\t160-quality-20261007T014124Z-fbbe8ec7-05-IMP-SCAN-r2\result.json
t160-quality-20261007T014124Z-fbbe8ec7-05-IMP-SCAN-r2,IMP-SCAN,2,automatic,d6acd365-a6d5-5eb8-9b54-66f26a915094,2d353677-9fa3-489f-bf27-102f42e8e702,ocr_required,question_type,source_provided,True,True,SHORT_ANSWER,SHORT_ANSWER,matched,round2-import\t160-quality-20261007T014124Z-fbbe8ec7\runs\t160-quality-20261007T014124Z-fbbe8ec7-05-IMP-SCAN-r2\result.json
t160-quality-20261007T014124Z-fbbe8ec7-05-IMP-SCAN-r2,IMP-SCAN,2,automatic,d6acd365-a6d5-5eb8-9b54-66f26a915094,2d353677-9fa3-489f-bf27-102f42e8e702,ocr_required,content,source_provided,True,True,根据下表写出 y 关于 x 的关系式。,根据下表写出 y 关于 x 的关系式。,matched,round2-import\t160-quality-20261007T014124Z-fbbe8ec7\runs\t160-quality-20261007T014124Z-fbbe8ec7-05-IMP-SCAN-r2\result.json
t160-quality-20261007T014124Z-fbbe8ec7-05-IMP-SCAN-r2,IMP-SCAN,2,automatic,d6acd365-a6d5-5eb8-9b54-66f26a915094,2d353677-9fa3-489f-bf27-102f42e8e702,ocr_required,options,not_applicable,True,True,,,matched,round2-import\t160-quality-20261007T014124Z-fbbe8ec7\runs\t160-quality-20261007T014124Z-fbbe8ec7-05-IMP-SCAN-r2\result.json
t160-quality-20261007T014124Z-fbbe8ec7-05-IMP-SCAN-r2,IMP-SCAN,2,automatic,d6acd365-a6d5-5eb8-9b54-66f26a915094,2d353677-9fa3-489f-bf27-102f42e8e702,ocr_required,reference_answer,known_missing,True,True,,,matched,round2-import\t160-quality-20261007T014124Z-fbbe8ec7\runs\t160-quality-20261007T014124Z-fbbe8ec7-05-IMP-SCAN-r2\result.json
t160-quality-20261007T014124Z-fbbe8ec7-05-IMP-SCAN-r2,IMP-SCAN,2,automatic,d6acd365-a6d5-5eb8-9b54-66f26a915094,2d353677-9fa3-489f-bf27-102f42e8e702,ocr_required,analysis,known_missing,True,True,,,matched,round2-import\t160-quality-20261007T014124Z-fbbe8ec7\runs\t160-quality-20261007T014124Z-fbbe8ec7-05-IMP-SCAN-r2\result.json
t160-quality-20261007T014124Z-fbbe8ec7-05-IMP-SCAN-r2,IMP-SCAN,2,automatic,d6acd365-a6d5-5eb8-9b54-66f26a915094,2d353677-9fa3-489f-bf27-102f42e8e702,ocr_required,score,source_provided,True,True,3.00,3.00,matched,round2-import\t160-quality-20261007T014124Z-fbbe8ec7\runs\t160-quality-20261007T014124Z-fbbe8ec7-05-IMP-SCAN-r2\result.json
t160-quality-20261007T014124Z-fbbe8ec7-05-IMP-SCAN-r2,IMP-SCAN,2,automatic,d6acd365-a6d5-5eb8-9b54-66f26a915094,2d353677-9fa3-489f-bf27-102f42e8e702,ocr_required,scoring_rubric,source_provided,True,False,正确关系式 1.00；说明代入过程 2.00。,正确关系式1.00；说明代入过程2.00。,matched,round2-import\t160-quality-20261007T014124Z-fbbe8ec7\runs\t160-quality-20261007T014124Z-fbbe8ec7-05-IMP-SCAN-r2\result.json
t160-quality-20261007T014124Z-fbbe8ec7-05-IMP-SCAN-r2,IMP-SCAN,2,automatic,d6acd365-a6d5-5eb8-9b54-66f26a915094,2d353677-9fa3-489f-bf27-102f42e8e702,ocr_required,knowledge_points,source_provided,True,True,"[""一次函数"", ""表达与计算""]","[""一次函数"", ""表达与计算""]",matched,round2-import\t160-quality-20261007T014124Z-fbbe8ec7\runs\t160-quality-20261007T014124Z-fbbe8ec7-05-IMP-SCAN-r2\result.json
t160-quality-20261007T014124Z-fbbe8ec7-05-IMP-SCAN-r2,IMP-SCAN,2,automatic,d6acd365-a6d5-5eb8-9b54-66f26a915094,2d353677-9fa3-489f-bf27-102f42e8e702,ocr_required,source_regions,unknown,False,,,,reference_unknown,round2-import\t160-quality-20261007T014124Z-fbbe8ec7\runs\t160-quality-20261007T014124Z-fbbe8ec7-05-IMP-SCAN-r2\result.json
t160-quality-20261007T014124Z-fbbe8ec7-05-IMP-SCAN-r2,IMP-SCAN,2,automatic,d6acd365-a6d5-5eb8-9b54-66f26a915094,2d353677-9fa3-489f-bf27-102f42e8e702,ocr_required,assets,source_provided,True,False,"[{""asset_type"": ""table"", ""source_page_number"": 1, ""order_index"": 1}]",,matched,round2-import\t160-quality-20261007T014124Z-fbbe8ec7\runs\t160-quality-20261007T014124Z-fbbe8ec7-05-IMP-SCAN-r2\result.json
t160-quality-20261007T014124Z-fbbe8ec7-06-IMP-SCAN-r3,IMP-SCAN,3,automatic,74d666eb-fc46-5106-8ea2-ea5c967c6457,6f8645a2-dd55-40b1-8ffb-234e9b76233d,ocr_required,question_number,source_provided,True,True,1,1,matched,round2-import\t160-quality-20261007T014124Z-fbbe8ec7\runs\t160-quality-20261007T014124Z-fbbe8ec7-06-IMP-SCAN-r3\result.json
t160-quality-20261007T014124Z-fbbe8ec7-06-IMP-SCAN-r3,IMP-SCAN,3,automatic,74d666eb-fc46-5106-8ea2-ea5c967c6457,6f8645a2-dd55-40b1-8ffb-234e9b76233d,ocr_required,order_index,source_provided,True,True,1,1,matched,round2-import\t160-quality-20261007T014124Z-fbbe8ec7\runs\t160-quality-20261007T014124Z-fbbe8ec7-06-IMP-SCAN-r3\result.json
t160-quality-20261007T014124Z-fbbe8ec7-06-IMP-SCAN-r3,IMP-SCAN,3,automatic,74d666eb-fc46-5106-8ea2-ea5c967c6457,6f8645a2-dd55-40b1-8ffb-234e9b76233d,ocr_required,source_page_numbers,source_provided,True,True,[1],[1],matched,round2-import\t160-quality-20261007T014124Z-fbbe8ec7\runs\t160-quality-20261007T014124Z-fbbe8ec7-06-IMP-SCAN-r3\result.json
t160-quality-20261007T014124Z-fbbe8ec7-06-IMP-SCAN-r3,IMP-SCAN,3,automatic,74d666eb-fc46-5106-8ea2-ea5c967c6457,6f8645a2-dd55-40b1-8ffb-234e9b76233d,ocr_required,question_type,source_provided,True,True,SINGLE_CHOICE,SINGLE_CHOICE,matched,round2-import\t160-quality-20261007T014124Z-fbbe8ec7\runs\t160-quality-20261007T014124Z-fbbe8ec7-06-IMP-SCAN-r3\result.json
t160-quality-20261007T014124Z-fbbe8ec7-06-IMP-SCAN-r3,IMP-SCAN,3,automatic,74d666eb-fc46-5106-8ea2-ea5c967c6457,6f8645a2-dd55-40b1-8ffb-234e9b76233d,ocr_required,content,source_provided,True,True,y = 2x + 1，x = 3 时 y 为多少？,y = 2x + 1，x = 3 时 y 为多少？,matched,round2-import\t160-quality-20261007T014124Z-fbbe8ec7\runs\t160-quality-20261007T014124Z-fbbe8ec7-06-IMP-SCAN-r3\result.json
t160-quality-20261007T014124Z-fbbe8ec7-06-IMP-SCAN-r3,IMP-SCAN,3,automatic,74d666eb-fc46-5106-8ea2-ea5c967c6457,6f8645a2-dd55-40b1-8ffb-234e9b76233d,ocr_required,options,source_provided,True,True,"{""C"": ""7"", ""A"": ""5"", ""B"": ""6"", ""D"": ""8""}","{""C"": ""7"", ""A"": ""5"", ""B"": ""6"", ""D"": ""8""}",matched,round2-import\t160-quality-20261007T014124Z-fbbe8ec7\runs\t160-quality-20261007T014124Z-fbbe8ec7-06-IMP-SCAN-r3\result.json
t160-quality-20261007T014124Z-fbbe8ec7-06-IMP-SCAN-r3,IMP-SCAN,3,automatic,74d666eb-fc46-5106-8ea2-ea5c967c6457,6f8645a2-dd55-40b1-8ffb-234e9b76233d,ocr_required,reference_answer,source_provided,True,True,C,C,matched,round2-import\t160-quality-20261007T014124Z-fbbe8ec7\runs\t160-quality-20261007T014124Z-fbbe8ec7-06-IMP-SCAN-r3\result.json
t160-quality-20261007T014124Z-fbbe8ec7-06-IMP-SCAN-r3,IMP-SCAN,3,automatic,74d666eb-fc46-5106-8ea2-ea5c967c6457,6f8645a2-dd55-40b1-8ffb-234e9b76233d,ocr_required,analysis,source_provided,True,False,2 × 3 + 1 = 7。,2 × 3 +1=7。,matched,round2-import\t160-quality-20261007T014124Z-fbbe8ec7\runs\t160-quality-20261007T014124Z-fbbe8ec7-06-IMP-SCAN-r3\result.json
t160-quality-20261007T014124Z-fbbe8ec7-06-IMP-SCAN-r3,IMP-SCAN,3,automatic,74d666eb-fc46-5106-8ea2-ea5c967c6457,6f8645a2-dd55-40b1-8ffb-234e9b76233d,ocr_required,score,source_provided,True,True,2.00,2.00,matched,round2-import\t160-quality-20261007T014124Z-fbbe8ec7\runs\t160-quality-20261007T014124Z-fbbe8ec7-06-IMP-SCAN-r3\result.json
t160-quality-20261007T014124Z-fbbe8ec7-06-IMP-SCAN-r3,IMP-SCAN,3,automatic,74d666eb-fc46-5106-8ea2-ea5c967c6457,6f8645a2-dd55-40b1-8ffb-234e9b76233d,ocr_required,scoring_rubric,known_missing,True,True,,,matched,round2-import\t160-quality-20261007T014124Z-fbbe8ec7\runs\t160-quality-20261007T014124Z-fbbe8ec7-06-IMP-SCAN-r3\result.json
t160-quality-20261007T014124Z-fbbe8ec7-06-IMP-SCAN-r3,IMP-SCAN,3,automatic,74d666eb-fc46-5106-8ea2-ea5c967c6457,6f8645a2-dd55-40b1-8ffb-234e9b76233d,ocr_required,knowledge_points,known_missing,True,True,[],[],matched,round2-import\t160-quality-20261007T014124Z-fbbe8ec7\runs\t160-quality-20261007T014124Z-fbbe8ec7-06-IMP-SCAN-r3\result.json
t160-quality-20261007T014124Z-fbbe8ec7-06-IMP-SCAN-r3,IMP-SCAN,3,automatic,74d666eb-fc46-5106-8ea2-ea5c967c6457,6f8645a2-dd55-40b1-8ffb-234e9b76233d,ocr_required,source_regions,unknown,False,,,,reference_unknown,round2-import\t160-quality-20261007T014124Z-fbbe8ec7\runs\t160-quality-20261007T014124Z-fbbe8ec7-06-IMP-SCAN-r3\result.json
t160-quality-20261007T014124Z-fbbe8ec7-06-IMP-SCAN-r3,IMP-SCAN,3,automatic,74d666eb-fc46-5106-8ea2-ea5c967c6457,6f8645a2-dd55-40b1-8ffb-234e9b76233d,ocr_required,assets,source_provided,True,False,[],,matched,round2-import\t160-quality-20261007T014124Z-fbbe8ec7\runs\t160-quality-20261007T014124Z-fbbe8ec7-06-IMP-SCAN-r3\result.json
t160-quality-20261007T014124Z-fbbe8ec7-06-IMP-SCAN-r3,IMP-SCAN,3,automatic,5f47ee64-edec-5327-9172-bb8454c7640d,53b1a3b6-6a39-4d81-9b1d-68ff58e89d6d,ocr_required,question_number,source_provided,True,True,2,2,matched,round2-import\t160-quality-20261007T014124Z-fbbe8ec7\runs\t160-quality-20261007T014124Z-fbbe8ec7-06-IMP-SCAN-r3\result.json
t160-quality-20261007T014124Z-fbbe8ec7-06-IMP-SCAN-r3,IMP-SCAN,3,automatic,5f47ee64-edec-5327-9172-bb8454c7640d,53b1a3b6-6a39-4d81-9b1d-68ff58e89d6d,ocr_required,order_index,source_provided,True,True,2,2,matched,round2-import\t160-quality-20261007T014124Z-fbbe8ec7\runs\t160-quality-20261007T014124Z-fbbe8ec7-06-IMP-SCAN-r3\result.json
t160-quality-20261007T014124Z-fbbe8ec7-06-IMP-SCAN-r3,IMP-SCAN,3,automatic,5f47ee64-edec-5327-9172-bb8454c7640d,53b1a3b6-6a39-4d81-9b1d-68ff58e89d6d,ocr_required,source_page_numbers,source_provided,True,True,[1],[1],matched,round2-import\t160-quality-20261007T014124Z-fbbe8ec7\runs\t160-quality-20261007T014124Z-fbbe8ec7-06-IMP-SCAN-r3\result.json
t160-quality-20261007T014124Z-fbbe8ec7-06-IMP-SCAN-r3,IMP-SCAN,3,automatic,5f47ee64-edec-5327-9172-bb8454c7640d,53b1a3b6-6a39-4d81-9b1d-68ff58e89d6d,ocr_required,question_type,source_provided,True,True,TRUE_FALSE,TRUE_FALSE,matched,round2-import\t160-quality-20261007T014124Z-fbbe8ec7\runs\t160-quality-20261007T014124Z-fbbe8ec7-06-IMP-SCAN-r3\result.json
t160-quality-20261007T014124Z-fbbe8ec7-06-IMP-SCAN-r3,IMP-SCAN,3,automatic,5f47ee64-edec-5327-9172-bb8454c7640d,53b1a3b6-6a39-4d81-9b1d-68ff58e89d6d,ocr_required,content,source_provided,True,False,右图三角形面积为 24 cm²。,右图三角形面积为 24cm²。,matched,round2-import\t160-quality-20261007T014124Z-fbbe8ec7\runs\t160-quality-20261007T014124Z-fbbe8ec7-06-IMP-SCAN-r3\result.json
t160-quality-20261007T014124Z-fbbe8ec7-06-IMP-SCAN-r3,IMP-SCAN,3,automatic,5f47ee64-edec-5327-9172-bb8454c7640d,53b1a3b6-6a39-4d81-9b1d-68ff58e89d6d,ocr_required,options,source_provided,True,True,"[""正确"", ""错误""]","[""正确"", ""错误""]",matched,round2-import\t160-quality-20261007T014124Z-fbbe8ec7\runs\t160-quality-20261007T014124Z-fbbe8ec7-06-IMP-SCAN-r3\result.json
t160-quality-20261007T014124Z-fbbe8ec7-06-IMP-SCAN-r3,IMP-SCAN,3,automatic,5f47ee64-edec-5327-9172-bb8454c7640d,53b1a3b6-6a39-4d81-9b1d-68ff58e89d6d,ocr_required,reference_answer,known_missing,True,True,,,matched,round2-import\t160-quality-20261007T014124Z-fbbe8ec7\runs\t160-quality-20261007T014124Z-fbbe8ec7-06-IMP-SCAN-r3\result.json
t160-quality-20261007T014124Z-fbbe8ec7-06-IMP-SCAN-r3,IMP-SCAN,3,automatic,5f47ee64-edec-5327-9172-bb8454c7640d,53b1a3b6-6a39-4d81-9b1d-68ff58e89d6d,ocr_required,analysis,known_missing,True,True,,,matched,round2-import\t160-quality-20261007T014124Z-fbbe8ec7\runs\t160-quality-20261007T014124Z-fbbe8ec7-06-IMP-SCAN-r3\result.json
t160-quality-20261007T014124Z-fbbe8ec7-06-IMP-SCAN-r3,IMP-SCAN,3,automatic,5f47ee64-edec-5327-9172-bb8454c7640d,53b1a3b6-6a39-4d81-9b1d-68ff58e89d6d,ocr_required,score,source_provided,True,True,2.00,2.00,matched,round2-import\t160-quality-20261007T014124Z-fbbe8ec7\runs\t160-quality-20261007T014124Z-fbbe8ec7-06-IMP-SCAN-r3\result.json
t160-quality-20261007T014124Z-fbbe8ec7-06-IMP-SCAN-r3,IMP-SCAN,3,automatic,5f47ee64-edec-5327-9172-bb8454c7640d,53b1a3b6-6a39-4d81-9b1d-68ff58e89d6d,ocr_required,scoring_rubric,known_missing,True,True,,,matched,round2-import\t160-quality-20261007T014124Z-fbbe8ec7\runs\t160-quality-20261007T014124Z-fbbe8ec7-06-IMP-SCAN-r3\result.json
t160-quality-20261007T014124Z-fbbe8ec7-06-IMP-SCAN-r3,IMP-SCAN,3,automatic,5f47ee64-edec-5327-9172-bb8454c7640d,53b1a3b6-6a39-4d81-9b1d-68ff58e89d6d,ocr_required,knowledge_points,known_missing,True,True,[],[],matched,round2-import\t160-quality-20261007T014124Z-fbbe8ec7\runs\t160-quality-20261007T014124Z-fbbe8ec7-06-IMP-SCAN-r3\result.json
t160-quality-20261007T014124Z-fbbe8ec7-06-IMP-SCAN-r3,IMP-SCAN,3,automatic,5f47ee64-edec-5327-9172-bb8454c7640d,53b1a3b6-6a39-4d81-9b1d-68ff58e89d6d,ocr_required,source_regions,unknown,False,,,,reference_unknown,round2-import\t160-quality-20261007T014124Z-fbbe8ec7\runs\t160-quality-20261007T014124Z-fbbe8ec7-06-IMP-SCAN-r3\result.json
t160-quality-20261007T014124Z-fbbe8ec7-06-IMP-SCAN-r3,IMP-SCAN,3,automatic,5f47ee64-edec-5327-9172-bb8454c7640d,53b1a3b6-6a39-4d81-9b1d-68ff58e89d6d,ocr_required,assets,source_provided,True,False,"[{""asset_type"": ""figure"", ""source_page_number"": 1, ""order_index"": 1}]",,matched,round2-import\t160-quality-20261007T014124Z-fbbe8ec7\runs\t160-quality-20261007T014124Z-fbbe8ec7-06-IMP-SCAN-r3\result.json
t160-quality-20261007T014124Z-fbbe8ec7-06-IMP-SCAN-r3,IMP-SCAN,3,automatic,d6acd365-a6d5-5eb8-9b54-66f26a915094,518be708-406a-41c9-89df-2d324699283c,ocr_required,question_number,source_provided,True,True,3,3,matched,round2-import\t160-quality-20261007T014124Z-fbbe8ec7\runs\t160-quality-20261007T014124Z-fbbe8ec7-06-IMP-SCAN-r3\result.json
t160-quality-20261007T014124Z-fbbe8ec7-06-IMP-SCAN-r3,IMP-SCAN,3,automatic,d6acd365-a6d5-5eb8-9b54-66f26a915094,518be708-406a-41c9-89df-2d324699283c,ocr_required,order_index,source_provided,True,True,3,3,matched,round2-import\t160-quality-20261007T014124Z-fbbe8ec7\runs\t160-quality-20261007T014124Z-fbbe8ec7-06-IMP-SCAN-r3\result.json
t160-quality-20261007T014124Z-fbbe8ec7-06-IMP-SCAN-r3,IMP-SCAN,3,automatic,d6acd365-a6d5-5eb8-9b54-66f26a915094,518be708-406a-41c9-89df-2d324699283c,ocr_required,source_page_numbers,source_provided,True,True,[1],[1],matched,round2-import\t160-quality-20261007T014124Z-fbbe8ec7\runs\t160-quality-20261007T014124Z-fbbe8ec7-06-IMP-SCAN-r3\result.json
t160-quality-20261007T014124Z-fbbe8ec7-06-IMP-SCAN-r3,IMP-SCAN,3,automatic,d6acd365-a6d5-5eb8-9b54-66f26a915094,518be708-406a-41c9-89df-2d324699283c,ocr_required,question_type,source_provided,True,True,SHORT_ANSWER,SHORT_ANSWER,matched,round2-import\t160-quality-20261007T014124Z-fbbe8ec7\runs\t160-quality-20261007T014124Z-fbbe8ec7-06-IMP-SCAN-r3\result.json
t160-quality-20261007T014124Z-fbbe8ec7-06-IMP-SCAN-r3,IMP-SCAN,3,automatic,d6acd365-a6d5-5eb8-9b54-66f26a915094,518be708-406a-41c9-89df-2d324699283c,ocr_required,content,source_provided,True,True,根据下表写出 y 关于 x 的关系式。,根据下表写出 y 关于 x 的关系式。,matched,round2-import\t160-quality-20261007T014124Z-fbbe8ec7\runs\t160-quality-20261007T014124Z-fbbe8ec7-06-IMP-SCAN-r3\result.json
t160-quality-20261007T014124Z-fbbe8ec7-06-IMP-SCAN-r3,IMP-SCAN,3,automatic,d6acd365-a6d5-5eb8-9b54-66f26a915094,518be708-406a-41c9-89df-2d324699283c,ocr_required,options,not_applicable,True,True,,,matched,round2-import\t160-quality-20261007T014124Z-fbbe8ec7\runs\t160-quality-20261007T014124Z-fbbe8ec7-06-IMP-SCAN-r3\result.json
t160-quality-20261007T014124Z-fbbe8ec7-06-IMP-SCAN-r3,IMP-SCAN,3,automatic,d6acd365-a6d5-5eb8-9b54-66f26a915094,518be708-406a-41c9-89df-2d324699283c,ocr_required,reference_answer,known_missing,True,True,,,matched,round2-import\t160-quality-20261007T014124Z-fbbe8ec7\runs\t160-quality-20261007T014124Z-fbbe8ec7-06-IMP-SCAN-r3\result.json
t160-quality-20261007T014124Z-fbbe8ec7-06-IMP-SCAN-r3,IMP-SCAN,3,automatic,d6acd365-a6d5-5eb8-9b54-66f26a915094,518be708-406a-41c9-89df-2d324699283c,ocr_required,analysis,known_missing,True,True,,,matched,round2-import\t160-quality-20261007T014124Z-fbbe8ec7\runs\t160-quality-20261007T014124Z-fbbe8ec7-06-IMP-SCAN-r3\result.json
t160-quality-20261007T014124Z-fbbe8ec7-06-IMP-SCAN-r3,IMP-SCAN,3,automatic,d6acd365-a6d5-5eb8-9b54-66f26a915094,518be708-406a-41c9-89df-2d324699283c,ocr_required,score,source_provided,True,True,3.00,3.00,matched,round2-import\t160-quality-20261007T014124Z-fbbe8ec7\runs\t160-quality-20261007T014124Z-fbbe8ec7-06-IMP-SCAN-r3\result.json
t160-quality-20261007T014124Z-fbbe8ec7-06-IMP-SCAN-r3,IMP-SCAN,3,automatic,d6acd365-a6d5-5eb8-9b54-66f26a915094,518be708-406a-41c9-89df-2d324699283c,ocr_required,scoring_rubric,source_provided,True,False,正确关系式 1.00；说明代入过程 2.00。,正确关系式1.00；说明代入过程2.00。,matched,round2-import\t160-quality-20261007T014124Z-fbbe8ec7\runs\t160-quality-20261007T014124Z-fbbe8ec7-06-IMP-SCAN-r3\result.json
t160-quality-20261007T014124Z-fbbe8ec7-06-IMP-SCAN-r3,IMP-SCAN,3,automatic,d6acd365-a6d5-5eb8-9b54-66f26a915094,518be708-406a-41c9-89df-2d324699283c,ocr_required,knowledge_points,source_provided,True,True,"[""一次函数"", ""表达与计算""]","[""一次函数"", ""表达与计算""]",matched,round2-import\t160-quality-20261007T014124Z-fbbe8ec7\runs\t160-quality-20261007T014124Z-fbbe8ec7-06-IMP-SCAN-r3\result.json
t160-quality-20261007T014124Z-fbbe8ec7-06-IMP-SCAN-r3,IMP-SCAN,3,automatic,d6acd365-a6d5-5eb8-9b54-66f26a915094,518be708-406a-41c9-89df-2d324699283c,ocr_required,source_regions,unknown,False,,,,reference_unknown,round2-import\t160-quality-20261007T014124Z-fbbe8ec7\runs\t160-quality-20261007T014124Z-fbbe8ec7-06-IMP-SCAN-r3\result.json
t160-quality-20261007T014124Z-fbbe8ec7-06-IMP-SCAN-r3,IMP-SCAN,3,automatic,d6acd365-a6d5-5eb8-9b54-66f26a915094,518be708-406a-41c9-89df-2d324699283c,ocr_required,assets,source_provided,True,False,"[{""asset_type"": ""table"", ""source_page_number"": 1, ""order_index"": 1}]",,matched,round2-import\t160-quality-20261007T014124Z-fbbe8ec7\runs\t160-quality-20261007T014124Z-fbbe8ec7-06-IMP-SCAN-r3\result.json
t160-quality-20261007T014124Z-fbbe8ec7-07-IMP-IMAGE-r1,IMP-IMAGE,1,automatic,c4d750a5-4dc4-5a35-83e2-dee4ca44aca1,104362a8-a0ac-4657-a806-a68b8288025f,ocr_required,question_number,source_provided,True,True,1,1,matched,round2-import\t160-quality-20261007T014124Z-fbbe8ec7\runs\t160-quality-20261007T014124Z-fbbe8ec7-07-IMP-IMAGE-r1\result.json
t160-quality-20261007T014124Z-fbbe8ec7-07-IMP-IMAGE-r1,IMP-IMAGE,1,automatic,c4d750a5-4dc4-5a35-83e2-dee4ca44aca1,104362a8-a0ac-4657-a806-a68b8288025f,ocr_required,order_index,source_provided,True,True,1,1,matched,round2-import\t160-quality-20261007T014124Z-fbbe8ec7\runs\t160-quality-20261007T014124Z-fbbe8ec7-07-IMP-IMAGE-r1\result.json
t160-quality-20261007T014124Z-fbbe8ec7-07-IMP-IMAGE-r1,IMP-IMAGE,1,automatic,c4d750a5-4dc4-5a35-83e2-dee4ca44aca1,104362a8-a0ac-4657-a806-a68b8288025f,ocr_required,source_page_numbers,source_provided,True,True,[1],[1],matched,round2-import\t160-quality-20261007T014124Z-fbbe8ec7\runs\t160-quality-20261007T014124Z-fbbe8ec7-07-IMP-IMAGE-r1\result.json
t160-quality-20261007T014124Z-fbbe8ec7-07-IMP-IMAGE-r1,IMP-IMAGE,1,automatic,c4d750a5-4dc4-5a35-83e2-dee4ca44aca1,104362a8-a0ac-4657-a806-a68b8288025f,ocr_required,question_type,source_provided,True,True,SINGLE_CHOICE,SINGLE_CHOICE,matched,round2-import\t160-quality-20261007T014124Z-fbbe8ec7\runs\t160-quality-20261007T014124Z-fbbe8ec7-07-IMP-IMAGE-r1\result.json
t160-quality-20261007T014124Z-fbbe8ec7-07-IMP-IMAGE-r1,IMP-IMAGE,1,automatic,c4d750a5-4dc4-5a35-83e2-dee4ca44aca1,104362a8-a0ac-4657-a806-a68b8288025f,ocr_required,content,source_provided,True,True,y = 2x + 1，x = 3 时 y 为多少？,y = 2x + 1，x = 3 时 y 为多少？,matched,round2-import\t160-quality-20261007T014124Z-fbbe8ec7\runs\t160-quality-20261007T014124Z-fbbe8ec7-07-IMP-IMAGE-r1\result.json
t160-quality-20261007T014124Z-fbbe8ec7-07-IMP-IMAGE-r1,IMP-IMAGE,1,automatic,c4d750a5-4dc4-5a35-83e2-dee4ca44aca1,104362a8-a0ac-4657-a806-a68b8288025f,ocr_required,options,source_provided,True,True,"{""C"": ""7"", ""A"": ""5"", ""B"": ""6"", ""D"": ""8""}","{""C"": ""7"", ""A"": ""5"", ""B"": ""6"", ""D"": ""8""}",matched,round2-import\t160-quality-20261007T014124Z-fbbe8ec7\runs\t160-quality-20261007T014124Z-fbbe8ec7-07-IMP-IMAGE-r1\result.json
t160-quality-20261007T014124Z-fbbe8ec7-07-IMP-IMAGE-r1,IMP-IMAGE,1,automatic,c4d750a5-4dc4-5a35-83e2-dee4ca44aca1,104362a8-a0ac-4657-a806-a68b8288025f,ocr_required,reference_answer,source_provided,True,True,C,C,matched,round2-import\t160-quality-20261007T014124Z-fbbe8ec7\runs\t160-quality-20261007T014124Z-fbbe8ec7-07-IMP-IMAGE-r1\result.json
t160-quality-20261007T014124Z-fbbe8ec7-07-IMP-IMAGE-r1,IMP-IMAGE,1,automatic,c4d750a5-4dc4-5a35-83e2-dee4ca44aca1,104362a8-a0ac-4657-a806-a68b8288025f,ocr_required,analysis,source_provided,True,False,2 × 3 + 1 = 7。,2 × 3 +1=7。,matched,round2-import\t160-quality-20261007T014124Z-fbbe8ec7\runs\t160-quality-20261007T014124Z-fbbe8ec7-07-IMP-IMAGE-r1\result.json
t160-quality-20261007T014124Z-fbbe8ec7-07-IMP-IMAGE-r1,IMP-IMAGE,1,automatic,c4d750a5-4dc4-5a35-83e2-dee4ca44aca1,104362a8-a0ac-4657-a806-a68b8288025f,ocr_required,score,source_provided,True,True,2.00,2.00,matched,round2-import\t160-quality-20261007T014124Z-fbbe8ec7\runs\t160-quality-20261007T014124Z-fbbe8ec7-07-IMP-IMAGE-r1\result.json
t160-quality-20261007T014124Z-fbbe8ec7-07-IMP-IMAGE-r1,IMP-IMAGE,1,automatic,c4d750a5-4dc4-5a35-83e2-dee4ca44aca1,104362a8-a0ac-4657-a806-a68b8288025f,ocr_required,scoring_rubric,known_missing,True,True,,,matched,round2-import\t160-quality-20261007T014124Z-fbbe8ec7\runs\t160-quality-20261007T014124Z-fbbe8ec7-07-IMP-IMAGE-r1\result.json
t160-quality-20261007T014124Z-fbbe8ec7-07-IMP-IMAGE-r1,IMP-IMAGE,1,automatic,c4d750a5-4dc4-5a35-83e2-dee4ca44aca1,104362a8-a0ac-4657-a806-a68b8288025f,ocr_required,knowledge_points,known_missing,True,True,[],[],matched,round2-import\t160-quality-20261007T014124Z-fbbe8ec7\runs\t160-quality-20261007T014124Z-fbbe8ec7-07-IMP-IMAGE-r1\result.json
t160-quality-20261007T014124Z-fbbe8ec7-07-IMP-IMAGE-r1,IMP-IMAGE,1,automatic,c4d750a5-4dc4-5a35-83e2-dee4ca44aca1,104362a8-a0ac-4657-a806-a68b8288025f,ocr_required,source_regions,unknown,False,,,,reference_unknown,round2-import\t160-quality-20261007T014124Z-fbbe8ec7\runs\t160-quality-20261007T014124Z-fbbe8ec7-07-IMP-IMAGE-r1\result.json
t160-quality-20261007T014124Z-fbbe8ec7-07-IMP-IMAGE-r1,IMP-IMAGE,1,automatic,c4d750a5-4dc4-5a35-83e2-dee4ca44aca1,104362a8-a0ac-4657-a806-a68b8288025f,ocr_required,assets,source_provided,True,False,[],,matched,round2-import\t160-quality-20261007T014124Z-fbbe8ec7\runs\t160-quality-20261007T014124Z-fbbe8ec7-07-IMP-IMAGE-r1\result.json
t160-quality-20261007T014124Z-fbbe8ec7-07-IMP-IMAGE-r1,IMP-IMAGE,1,automatic,e418791a-1462-52b7-98fe-396ce71b8d48,b6b9a998-de7c-4244-852b-b53f23ab38e7,ocr_required,question_number,source_provided,True,True,2,2,matched,round2-import\t160-quality-20261007T014124Z-fbbe8ec7\runs\t160-quality-20261007T014124Z-fbbe8ec7-07-IMP-IMAGE-r1\result.json
t160-quality-20261007T014124Z-fbbe8ec7-07-IMP-IMAGE-r1,IMP-IMAGE,1,automatic,e418791a-1462-52b7-98fe-396ce71b8d48,b6b9a998-de7c-4244-852b-b53f23ab38e7,ocr_required,order_index,source_provided,True,True,2,2,matched,round2-import\t160-quality-20261007T014124Z-fbbe8ec7\runs\t160-quality-20261007T014124Z-fbbe8ec7-07-IMP-IMAGE-r1\result.json
t160-quality-20261007T014124Z-fbbe8ec7-07-IMP-IMAGE-r1,IMP-IMAGE,1,automatic,e418791a-1462-52b7-98fe-396ce71b8d48,b6b9a998-de7c-4244-852b-b53f23ab38e7,ocr_required,source_page_numbers,source_provided,True,True,[1],[1],matched,round2-import\t160-quality-20261007T014124Z-fbbe8ec7\runs\t160-quality-20261007T014124Z-fbbe8ec7-07-IMP-IMAGE-r1\result.json
t160-quality-20261007T014124Z-fbbe8ec7-07-IMP-IMAGE-r1,IMP-IMAGE,1,automatic,e418791a-1462-52b7-98fe-396ce71b8d48,b6b9a998-de7c-4244-852b-b53f23ab38e7,ocr_required,question_type,source_provided,True,True,TRUE_FALSE,TRUE_FALSE,matched,round2-import\t160-quality-20261007T014124Z-fbbe8ec7\runs\t160-quality-20261007T014124Z-fbbe8ec7-07-IMP-IMAGE-r1\result.json
t160-quality-20261007T014124Z-fbbe8ec7-07-IMP-IMAGE-r1,IMP-IMAGE,1,automatic,e418791a-1462-52b7-98fe-396ce71b8d48,b6b9a998-de7c-4244-852b-b53f23ab38e7,ocr_required,content,source_provided,True,False,右图三角形面积为 24 cm²。,右图三角形面积为 24cm²。,matched,round2-import\t160-quality-20261007T014124Z-fbbe8ec7\runs\t160-quality-20261007T014124Z-fbbe8ec7-07-IMP-IMAGE-r1\result.json
t160-quality-20261007T014124Z-fbbe8ec7-07-IMP-IMAGE-r1,IMP-IMAGE,1,automatic,e418791a-1462-52b7-98fe-396ce71b8d48,b6b9a998-de7c-4244-852b-b53f23ab38e7,ocr_required,options,source_provided,True,True,"[""正确"", ""错误""]","[""正确"", ""错误""]",matched,round2-import\t160-quality-20261007T014124Z-fbbe8ec7\runs\t160-quality-20261007T014124Z-fbbe8ec7-07-IMP-IMAGE-r1\result.json
t160-quality-20261007T014124Z-fbbe8ec7-07-IMP-IMAGE-r1,IMP-IMAGE,1,automatic,e418791a-1462-52b7-98fe-396ce71b8d48,b6b9a998-de7c-4244-852b-b53f23ab38e7,ocr_required,reference_answer,known_missing,True,True,,,matched,round2-import\t160-quality-20261007T014124Z-fbbe8ec7\runs\t160-quality-20261007T014124Z-fbbe8ec7-07-IMP-IMAGE-r1\result.json
t160-quality-20261007T014124Z-fbbe8ec7-07-IMP-IMAGE-r1,IMP-IMAGE,1,automatic,e418791a-1462-52b7-98fe-396ce71b8d48,b6b9a998-de7c-4244-852b-b53f23ab38e7,ocr_required,analysis,known_missing,True,True,,,matched,round2-import\t160-quality-20261007T014124Z-fbbe8ec7\runs\t160-quality-20261007T014124Z-fbbe8ec7-07-IMP-IMAGE-r1\result.json
t160-quality-20261007T014124Z-fbbe8ec7-07-IMP-IMAGE-r1,IMP-IMAGE,1,automatic,e418791a-1462-52b7-98fe-396ce71b8d48,b6b9a998-de7c-4244-852b-b53f23ab38e7,ocr_required,score,source_provided,True,True,2.00,2.00,matched,round2-import\t160-quality-20261007T014124Z-fbbe8ec7\runs\t160-quality-20261007T014124Z-fbbe8ec7-07-IMP-IMAGE-r1\result.json
t160-quality-20261007T014124Z-fbbe8ec7-07-IMP-IMAGE-r1,IMP-IMAGE,1,automatic,e418791a-1462-52b7-98fe-396ce71b8d48,b6b9a998-de7c-4244-852b-b53f23ab38e7,ocr_required,scoring_rubric,known_missing,True,True,,,matched,round2-import\t160-quality-20261007T014124Z-fbbe8ec7\runs\t160-quality-20261007T014124Z-fbbe8ec7-07-IMP-IMAGE-r1\result.json
t160-quality-20261007T014124Z-fbbe8ec7-07-IMP-IMAGE-r1,IMP-IMAGE,1,automatic,e418791a-1462-52b7-98fe-396ce71b8d48,b6b9a998-de7c-4244-852b-b53f23ab38e7,ocr_required,knowledge_points,known_missing,True,True,[],[],matched,round2-import\t160-quality-20261007T014124Z-fbbe8ec7\runs\t160-quality-20261007T014124Z-fbbe8ec7-07-IMP-IMAGE-r1\result.json
t160-quality-20261007T014124Z-fbbe8ec7-07-IMP-IMAGE-r1,IMP-IMAGE,1,automatic,e418791a-1462-52b7-98fe-396ce71b8d48,b6b9a998-de7c-4244-852b-b53f23ab38e7,ocr_required,source_regions,unknown,False,,,,reference_unknown,round2-import\t160-quality-20261007T014124Z-fbbe8ec7\runs\t160-quality-20261007T014124Z-fbbe8ec7-07-IMP-IMAGE-r1\result.json
t160-quality-20261007T014124Z-fbbe8ec7-07-IMP-IMAGE-r1,IMP-IMAGE,1,automatic,e418791a-1462-52b7-98fe-396ce71b8d48,b6b9a998-de7c-4244-852b-b53f23ab38e7,ocr_required,assets,source_provided,True,False,"[{""asset_type"": ""figure"", ""source_page_number"": 1, ""order_index"": 1}]",,matched,round2-import\t160-quality-20261007T014124Z-fbbe8ec7\runs\t160-quality-20261007T014124Z-fbbe8ec7-07-IMP-IMAGE-r1\result.json
t160-quality-20261007T014124Z-fbbe8ec7-07-IMP-IMAGE-r1,IMP-IMAGE,1,automatic,e5c1555f-e927-575c-b68c-85eb341a3202,0aa15e92-c22e-4a71-9376-777ff8b0b9fb,ocr_required,question_number,source_provided,True,True,3,3,matched,round2-import\t160-quality-20261007T014124Z-fbbe8ec7\runs\t160-quality-20261007T014124Z-fbbe8ec7-07-IMP-IMAGE-r1\result.json
t160-quality-20261007T014124Z-fbbe8ec7-07-IMP-IMAGE-r1,IMP-IMAGE,1,automatic,e5c1555f-e927-575c-b68c-85eb341a3202,0aa15e92-c22e-4a71-9376-777ff8b0b9fb,ocr_required,order_index,source_provided,True,True,3,3,matched,round2-import\t160-quality-20261007T014124Z-fbbe8ec7\runs\t160-quality-20261007T014124Z-fbbe8ec7-07-IMP-IMAGE-r1\result.json
t160-quality-20261007T014124Z-fbbe8ec7-07-IMP-IMAGE-r1,IMP-IMAGE,1,automatic,e5c1555f-e927-575c-b68c-85eb341a3202,0aa15e92-c22e-4a71-9376-777ff8b0b9fb,ocr_required,source_page_numbers,source_provided,True,True,[1],[1],matched,round2-import\t160-quality-20261007T014124Z-fbbe8ec7\runs\t160-quality-20261007T014124Z-fbbe8ec7-07-IMP-IMAGE-r1\result.json
t160-quality-20261007T014124Z-fbbe8ec7-07-IMP-IMAGE-r1,IMP-IMAGE,1,automatic,e5c1555f-e927-575c-b68c-85eb341a3202,0aa15e92-c22e-4a71-9376-777ff8b0b9fb,ocr_required,question_type,source_provided,True,True,SHORT_ANSWER,SHORT_ANSWER,matched,round2-import\t160-quality-20261007T014124Z-fbbe8ec7\runs\t160-quality-20261007T014124Z-fbbe8ec7-07-IMP-IMAGE-r1\result.json
t160-quality-20261007T014124Z-fbbe8ec7-07-IMP-IMAGE-r1,IMP-IMAGE,1,automatic,e5c1555f-e927-575c-b68c-85eb341a3202,0aa15e92-c22e-4a71-9376-777ff8b0b9fb,ocr_required,content,source_provided,True,True,根据下表写出 y 关于 x 的关系式。,根据下表写出 y 关于 x 的关系式。,matched,round2-import\t160-quality-20261007T014124Z-fbbe8ec7\runs\t160-quality-20261007T014124Z-fbbe8ec7-07-IMP-IMAGE-r1\result.json
t160-quality-20261007T014124Z-fbbe8ec7-07-IMP-IMAGE-r1,IMP-IMAGE,1,automatic,e5c1555f-e927-575c-b68c-85eb341a3202,0aa15e92-c22e-4a71-9376-777ff8b0b9fb,ocr_required,options,not_applicable,True,True,,,matched,round2-import\t160-quality-20261007T014124Z-fbbe8ec7\runs\t160-quality-20261007T014124Z-fbbe8ec7-07-IMP-IMAGE-r1\result.json
t160-quality-20261007T014124Z-fbbe8ec7-07-IMP-IMAGE-r1,IMP-IMAGE,1,automatic,e5c1555f-e927-575c-b68c-85eb341a3202,0aa15e92-c22e-4a71-9376-777ff8b0b9fb,ocr_required,reference_answer,known_missing,True,True,,,matched,round2-import\t160-quality-20261007T014124Z-fbbe8ec7\runs\t160-quality-20261007T014124Z-fbbe8ec7-07-IMP-IMAGE-r1\result.json
t160-quality-20261007T014124Z-fbbe8ec7-07-IMP-IMAGE-r1,IMP-IMAGE,1,automatic,e5c1555f-e927-575c-b68c-85eb341a3202,0aa15e92-c22e-4a71-9376-777ff8b0b9fb,ocr_required,analysis,known_missing,True,True,,,matched,round2-import\t160-quality-20261007T014124Z-fbbe8ec7\runs\t160-quality-20261007T014124Z-fbbe8ec7-07-IMP-IMAGE-r1\result.json
t160-quality-20261007T014124Z-fbbe8ec7-07-IMP-IMAGE-r1,IMP-IMAGE,1,automatic,e5c1555f-e927-575c-b68c-85eb341a3202,0aa15e92-c22e-4a71-9376-777ff8b0b9fb,ocr_required,score,source_provided,True,True,3.00,3.00,matched,round2-import\t160-quality-20261007T014124Z-fbbe8ec7\runs\t160-quality-20261007T014124Z-fbbe8ec7-07-IMP-IMAGE-r1\result.json
t160-quality-20261007T014124Z-fbbe8ec7-07-IMP-IMAGE-r1,IMP-IMAGE,1,automatic,e5c1555f-e927-575c-b68c-85eb341a3202,0aa15e92-c22e-4a71-9376-777ff8b0b9fb,ocr_required,scoring_rubric,source_provided,True,False,正确关系式 1.00；说明代入过程 2.00。,正确关系式1.00；说明代入过程2.00。,matched,round2-import\t160-quality-20261007T014124Z-fbbe8ec7\runs\t160-quality-20261007T014124Z-fbbe8ec7-07-IMP-IMAGE-r1\result.json
t160-quality-20261007T014124Z-fbbe8ec7-07-IMP-IMAGE-r1,IMP-IMAGE,1,automatic,e5c1555f-e927-575c-b68c-85eb341a3202,0aa15e92-c22e-4a71-9376-777ff8b0b9fb,ocr_required,knowledge_points,source_provided,True,True,"[""一次函数"", ""表达与计算""]","[""一次函数"", ""表达与计算""]",matched,round2-import\t160-quality-20261007T014124Z-fbbe8ec7\runs\t160-quality-20261007T014124Z-fbbe8ec7-07-IMP-IMAGE-r1\result.json
t160-quality-20261007T014124Z-fbbe8ec7-07-IMP-IMAGE-r1,IMP-IMAGE,1,automatic,e5c1555f-e927-575c-b68c-85eb341a3202,0aa15e92-c22e-4a71-9376-777ff8b0b9fb,ocr_required,source_regions,unknown,False,,,,reference_unknown,round2-import\t160-quality-20261007T014124Z-fbbe8ec7\runs\t160-quality-20261007T014124Z-fbbe8ec7-07-IMP-IMAGE-r1\result.json
t160-quality-20261007T014124Z-fbbe8ec7-07-IMP-IMAGE-r1,IMP-IMAGE,1,automatic,e5c1555f-e927-575c-b68c-85eb341a3202,0aa15e92-c22e-4a71-9376-777ff8b0b9fb,ocr_required,assets,source_provided,True,False,"[{""asset_type"": ""table"", ""source_page_number"": 1, ""order_index"": 1}]",,matched,round2-import\t160-quality-20261007T014124Z-fbbe8ec7\runs\t160-quality-20261007T014124Z-fbbe8ec7-07-IMP-IMAGE-r1\result.json
t160-quality-20261007T014124Z-fbbe8ec7-08-IMP-IMAGE-r2,IMP-IMAGE,2,automatic,c4d750a5-4dc4-5a35-83e2-dee4ca44aca1,72418332-b528-471b-b587-895e2d16ecb5,ocr_required,question_number,source_provided,True,True,1,1,matched,round2-import\t160-quality-20261007T014124Z-fbbe8ec7\runs\t160-quality-20261007T014124Z-fbbe8ec7-08-IMP-IMAGE-r2\result.json
t160-quality-20261007T014124Z-fbbe8ec7-08-IMP-IMAGE-r2,IMP-IMAGE,2,automatic,c4d750a5-4dc4-5a35-83e2-dee4ca44aca1,72418332-b528-471b-b587-895e2d16ecb5,ocr_required,order_index,source_provided,True,True,1,1,matched,round2-import\t160-quality-20261007T014124Z-fbbe8ec7\runs\t160-quality-20261007T014124Z-fbbe8ec7-08-IMP-IMAGE-r2\result.json
t160-quality-20261007T014124Z-fbbe8ec7-08-IMP-IMAGE-r2,IMP-IMAGE,2,automatic,c4d750a5-4dc4-5a35-83e2-dee4ca44aca1,72418332-b528-471b-b587-895e2d16ecb5,ocr_required,source_page_numbers,source_provided,True,True,[1],[1],matched,round2-import\t160-quality-20261007T014124Z-fbbe8ec7\runs\t160-quality-20261007T014124Z-fbbe8ec7-08-IMP-IMAGE-r2\result.json
t160-quality-20261007T014124Z-fbbe8ec7-08-IMP-IMAGE-r2,IMP-IMAGE,2,automatic,c4d750a5-4dc4-5a35-83e2-dee4ca44aca1,72418332-b528-471b-b587-895e2d16ecb5,ocr_required,question_type,source_provided,True,True,SINGLE_CHOICE,SINGLE_CHOICE,matched,round2-import\t160-quality-20261007T014124Z-fbbe8ec7\runs\t160-quality-20261007T014124Z-fbbe8ec7-08-IMP-IMAGE-r2\result.json
t160-quality-20261007T014124Z-fbbe8ec7-08-IMP-IMAGE-r2,IMP-IMAGE,2,automatic,c4d750a5-4dc4-5a35-83e2-dee4ca44aca1,72418332-b528-471b-b587-895e2d16ecb5,ocr_required,content,source_provided,True,True,y = 2x + 1，x = 3 时 y 为多少？,y = 2x + 1，x = 3 时 y 为多少？,matched,round2-import\t160-quality-20261007T014124Z-fbbe8ec7\runs\t160-quality-20261007T014124Z-fbbe8ec7-08-IMP-IMAGE-r2\result.json
t160-quality-20261007T014124Z-fbbe8ec7-08-IMP-IMAGE-r2,IMP-IMAGE,2,automatic,c4d750a5-4dc4-5a35-83e2-dee4ca44aca1,72418332-b528-471b-b587-895e2d16ecb5,ocr_required,options,source_provided,True,True,"{""C"": ""7"", ""A"": ""5"", ""B"": ""6"", ""D"": ""8""}","{""C"": ""7"", ""A"": ""5"", ""B"": ""6"", ""D"": ""8""}",matched,round2-import\t160-quality-20261007T014124Z-fbbe8ec7\runs\t160-quality-20261007T014124Z-fbbe8ec7-08-IMP-IMAGE-r2\result.json
t160-quality-20261007T014124Z-fbbe8ec7-08-IMP-IMAGE-r2,IMP-IMAGE,2,automatic,c4d750a5-4dc4-5a35-83e2-dee4ca44aca1,72418332-b528-471b-b587-895e2d16ecb5,ocr_required,reference_answer,source_provided,True,True,C,C,matched,round2-import\t160-quality-20261007T014124Z-fbbe8ec7\runs\t160-quality-20261007T014124Z-fbbe8ec7-08-IMP-IMAGE-r2\result.json
t160-quality-20261007T014124Z-fbbe8ec7-08-IMP-IMAGE-r2,IMP-IMAGE,2,automatic,c4d750a5-4dc4-5a35-83e2-dee4ca44aca1,72418332-b528-471b-b587-895e2d16ecb5,ocr_required,analysis,source_provided,True,False,2 × 3 + 1 = 7。,2 × 3 +1=7。,matched,round2-import\t160-quality-20261007T014124Z-fbbe8ec7\runs\t160-quality-20261007T014124Z-fbbe8ec7-08-IMP-IMAGE-r2\result.json
t160-quality-20261007T014124Z-fbbe8ec7-08-IMP-IMAGE-r2,IMP-IMAGE,2,automatic,c4d750a5-4dc4-5a35-83e2-dee4ca44aca1,72418332-b528-471b-b587-895e2d16ecb5,ocr_required,score,source_provided,True,True,2.00,2.00,matched,round2-import\t160-quality-20261007T014124Z-fbbe8ec7\runs\t160-quality-20261007T014124Z-fbbe8ec7-08-IMP-IMAGE-r2\result.json
t160-quality-20261007T014124Z-fbbe8ec7-08-IMP-IMAGE-r2,IMP-IMAGE,2,automatic,c4d750a5-4dc4-5a35-83e2-dee4ca44aca1,72418332-b528-471b-b587-895e2d16ecb5,ocr_required,scoring_rubric,known_missing,True,True,,,matched,round2-import\t160-quality-20261007T014124Z-fbbe8ec7\runs\t160-quality-20261007T014124Z-fbbe8ec7-08-IMP-IMAGE-r2\result.json
t160-quality-20261007T014124Z-fbbe8ec7-08-IMP-IMAGE-r2,IMP-IMAGE,2,automatic,c4d750a5-4dc4-5a35-83e2-dee4ca44aca1,72418332-b528-471b-b587-895e2d16ecb5,ocr_required,knowledge_points,known_missing,True,True,[],[],matched,round2-import\t160-quality-20261007T014124Z-fbbe8ec7\runs\t160-quality-20261007T014124Z-fbbe8ec7-08-IMP-IMAGE-r2\result.json
t160-quality-20261007T014124Z-fbbe8ec7-08-IMP-IMAGE-r2,IMP-IMAGE,2,automatic,c4d750a5-4dc4-5a35-83e2-dee4ca44aca1,72418332-b528-471b-b587-895e2d16ecb5,ocr_required,source_regions,unknown,False,,,,reference_unknown,round2-import\t160-quality-20261007T014124Z-fbbe8ec7\runs\t160-quality-20261007T014124Z-fbbe8ec7-08-IMP-IMAGE-r2\result.json
t160-quality-20261007T014124Z-fbbe8ec7-08-IMP-IMAGE-r2,IMP-IMAGE,2,automatic,c4d750a5-4dc4-5a35-83e2-dee4ca44aca1,72418332-b528-471b-b587-895e2d16ecb5,ocr_required,assets,source_provided,True,False,[],,matched,round2-import\t160-quality-20261007T014124Z-fbbe8ec7\runs\t160-quality-20261007T014124Z-fbbe8ec7-08-IMP-IMAGE-r2\result.json
t160-quality-20261007T014124Z-fbbe8ec7-08-IMP-IMAGE-r2,IMP-IMAGE,2,automatic,e418791a-1462-52b7-98fe-396ce71b8d48,fe288c87-5e59-43b3-a4a2-24e6d53cc118,ocr_required,question_number,source_provided,True,True,2,2,matched,round2-import\t160-quality-20261007T014124Z-fbbe8ec7\runs\t160-quality-20261007T014124Z-fbbe8ec7-08-IMP-IMAGE-r2\result.json
t160-quality-20261007T014124Z-fbbe8ec7-08-IMP-IMAGE-r2,IMP-IMAGE,2,automatic,e418791a-1462-52b7-98fe-396ce71b8d48,fe288c87-5e59-43b3-a4a2-24e6d53cc118,ocr_required,order_index,source_provided,True,True,2,2,matched,round2-import\t160-quality-20261007T014124Z-fbbe8ec7\runs\t160-quality-20261007T014124Z-fbbe8ec7-08-IMP-IMAGE-r2\result.json
t160-quality-20261007T014124Z-fbbe8ec7-08-IMP-IMAGE-r2,IMP-IMAGE,2,automatic,e418791a-1462-52b7-98fe-396ce71b8d48,fe288c87-5e59-43b3-a4a2-24e6d53cc118,ocr_required,source_page_numbers,source_provided,True,True,[1],[1],matched,round2-import\t160-quality-20261007T014124Z-fbbe8ec7\runs\t160-quality-20261007T014124Z-fbbe8ec7-08-IMP-IMAGE-r2\result.json
t160-quality-20261007T014124Z-fbbe8ec7-08-IMP-IMAGE-r2,IMP-IMAGE,2,automatic,e418791a-1462-52b7-98fe-396ce71b8d48,fe288c87-5e59-43b3-a4a2-24e6d53cc118,ocr_required,question_type,source_provided,True,True,TRUE_FALSE,TRUE_FALSE,matched,round2-import\t160-quality-20261007T014124Z-fbbe8ec7\runs\t160-quality-20261007T014124Z-fbbe8ec7-08-IMP-IMAGE-r2\result.json
t160-quality-20261007T014124Z-fbbe8ec7-08-IMP-IMAGE-r2,IMP-IMAGE,2,automatic,e418791a-1462-52b7-98fe-396ce71b8d48,fe288c87-5e59-43b3-a4a2-24e6d53cc118,ocr_required,content,source_provided,True,False,右图三角形面积为 24 cm²。,右图三角形面积为 24cm²。,matched,round2-import\t160-quality-20261007T014124Z-fbbe8ec7\runs\t160-quality-20261007T014124Z-fbbe8ec7-08-IMP-IMAGE-r2\result.json
t160-quality-20261007T014124Z-fbbe8ec7-08-IMP-IMAGE-r2,IMP-IMAGE,2,automatic,e418791a-1462-52b7-98fe-396ce71b8d48,fe288c87-5e59-43b3-a4a2-24e6d53cc118,ocr_required,options,source_provided,True,True,"[""正确"", ""错误""]","[""正确"", ""错误""]",matched,round2-import\t160-quality-20261007T014124Z-fbbe8ec7\runs\t160-quality-20261007T014124Z-fbbe8ec7-08-IMP-IMAGE-r2\result.json
t160-quality-20261007T014124Z-fbbe8ec7-08-IMP-IMAGE-r2,IMP-IMAGE,2,automatic,e418791a-1462-52b7-98fe-396ce71b8d48,fe288c87-5e59-43b3-a4a2-24e6d53cc118,ocr_required,reference_answer,known_missing,True,True,,,matched,round2-import\t160-quality-20261007T014124Z-fbbe8ec7\runs\t160-quality-20261007T014124Z-fbbe8ec7-08-IMP-IMAGE-r2\result.json
t160-quality-20261007T014124Z-fbbe8ec7-08-IMP-IMAGE-r2,IMP-IMAGE,2,automatic,e418791a-1462-52b7-98fe-396ce71b8d48,fe288c87-5e59-43b3-a4a2-24e6d53cc118,ocr_required,analysis,known_missing,True,True,,,matched,round2-import\t160-quality-20261007T014124Z-fbbe8ec7\runs\t160-quality-20261007T014124Z-fbbe8ec7-08-IMP-IMAGE-r2\result.json
t160-quality-20261007T014124Z-fbbe8ec7-08-IMP-IMAGE-r2,IMP-IMAGE,2,automatic,e418791a-1462-52b7-98fe-396ce71b8d48,fe288c87-5e59-43b3-a4a2-24e6d53cc118,ocr_required,score,source_provided,True,True,2.00,2.00,matched,round2-import\t160-quality-20261007T014124Z-fbbe8ec7\runs\t160-quality-20261007T014124Z-fbbe8ec7-08-IMP-IMAGE-r2\result.json
t160-quality-20261007T014124Z-fbbe8ec7-08-IMP-IMAGE-r2,IMP-IMAGE,2,automatic,e418791a-1462-52b7-98fe-396ce71b8d48,fe288c87-5e59-43b3-a4a2-24e6d53cc118,ocr_required,scoring_rubric,known_missing,True,True,,,matched,round2-import\t160-quality-20261007T014124Z-fbbe8ec7\runs\t160-quality-20261007T014124Z-fbbe8ec7-08-IMP-IMAGE-r2\result.json
t160-quality-20261007T014124Z-fbbe8ec7-08-IMP-IMAGE-r2,IMP-IMAGE,2,automatic,e418791a-1462-52b7-98fe-396ce71b8d48,fe288c87-5e59-43b3-a4a2-24e6d53cc118,ocr_required,knowledge_points,known_missing,True,True,[],[],matched,round2-import\t160-quality-20261007T014124Z-fbbe8ec7\runs\t160-quality-20261007T014124Z-fbbe8ec7-08-IMP-IMAGE-r2\result.json
t160-quality-20261007T014124Z-fbbe8ec7-08-IMP-IMAGE-r2,IMP-IMAGE,2,automatic,e418791a-1462-52b7-98fe-396ce71b8d48,fe288c87-5e59-43b3-a4a2-24e6d53cc118,ocr_required,source_regions,unknown,False,,,,reference_unknown,round2-import\t160-quality-20261007T014124Z-fbbe8ec7\runs\t160-quality-20261007T014124Z-fbbe8ec7-08-IMP-IMAGE-r2\result.json
t160-quality-20261007T014124Z-fbbe8ec7-08-IMP-IMAGE-r2,IMP-IMAGE,2,automatic,e418791a-1462-52b7-98fe-396ce71b8d48,fe288c87-5e59-43b3-a4a2-24e6d53cc118,ocr_required,assets,source_provided,True,False,"[{""asset_type"": ""figure"", ""source_page_number"": 1, ""order_index"": 1}]",,matched,round2-import\t160-quality-20261007T014124Z-fbbe8ec7\runs\t160-quality-20261007T014124Z-fbbe8ec7-08-IMP-IMAGE-r2\result.json
t160-quality-20261007T014124Z-fbbe8ec7-08-IMP-IMAGE-r2,IMP-IMAGE,2,automatic,e5c1555f-e927-575c-b68c-85eb341a3202,23fe2089-951b-4cc9-934a-726ebed5dace,ocr_required,question_number,source_provided,True,True,3,3,matched,round2-import\t160-quality-20261007T014124Z-fbbe8ec7\runs\t160-quality-20261007T014124Z-fbbe8ec7-08-IMP-IMAGE-r2\result.json
t160-quality-20261007T014124Z-fbbe8ec7-08-IMP-IMAGE-r2,IMP-IMAGE,2,automatic,e5c1555f-e927-575c-b68c-85eb341a3202,23fe2089-951b-4cc9-934a-726ebed5dace,ocr_required,order_index,source_provided,True,True,3,3,matched,round2-import\t160-quality-20261007T014124Z-fbbe8ec7\runs\t160-quality-20261007T014124Z-fbbe8ec7-08-IMP-IMAGE-r2\result.json
t160-quality-20261007T014124Z-fbbe8ec7-08-IMP-IMAGE-r2,IMP-IMAGE,2,automatic,e5c1555f-e927-575c-b68c-85eb341a3202,23fe2089-951b-4cc9-934a-726ebed5dace,ocr_required,source_page_numbers,source_provided,True,True,[1],[1],matched,round2-import\t160-quality-20261007T014124Z-fbbe8ec7\runs\t160-quality-20261007T014124Z-fbbe8ec7-08-IMP-IMAGE-r2\result.json
t160-quality-20261007T014124Z-fbbe8ec7-08-IMP-IMAGE-r2,IMP-IMAGE,2,automatic,e5c1555f-e927-575c-b68c-85eb341a3202,23fe2089-951b-4cc9-934a-726ebed5dace,ocr_required,question_type,source_provided,True,True,SHORT_ANSWER,SHORT_ANSWER,matched,round2-import\t160-quality-20261007T014124Z-fbbe8ec7\runs\t160-quality-20261007T014124Z-fbbe8ec7-08-IMP-IMAGE-r2\result.json
t160-quality-20261007T014124Z-fbbe8ec7-08-IMP-IMAGE-r2,IMP-IMAGE,2,automatic,e5c1555f-e927-575c-b68c-85eb341a3202,23fe2089-951b-4cc9-934a-726ebed5dace,ocr_required,content,source_provided,True,False,根据下表写出 y 关于 x 的关系式。,"根据下表写出 y 关于 x 的关系式。
说明
X
y
1
3
第一行
2
5
第二行
3
7
第三行",matched,round2-import\t160-quality-20261007T014124Z-fbbe8ec7\runs\t160-quality-20261007T014124Z-fbbe8ec7-08-IMP-IMAGE-r2\result.json
t160-quality-20261007T014124Z-fbbe8ec7-08-IMP-IMAGE-r2,IMP-IMAGE,2,automatic,e5c1555f-e927-575c-b68c-85eb341a3202,23fe2089-951b-4cc9-934a-726ebed5dace,ocr_required,options,not_applicable,True,True,,,matched,round2-import\t160-quality-20261007T014124Z-fbbe8ec7\runs\t160-quality-20261007T014124Z-fbbe8ec7-08-IMP-IMAGE-r2\result.json
t160-quality-20261007T014124Z-fbbe8ec7-08-IMP-IMAGE-r2,IMP-IMAGE,2,automatic,e5c1555f-e927-575c-b68c-85eb341a3202,23fe2089-951b-4cc9-934a-726ebed5dace,ocr_required,reference_answer,known_missing,True,True,,,matched,round2-import\t160-quality-20261007T014124Z-fbbe8ec7\runs\t160-quality-20261007T014124Z-fbbe8ec7-08-IMP-IMAGE-r2\result.json
t160-quality-20261007T014124Z-fbbe8ec7-08-IMP-IMAGE-r2,IMP-IMAGE,2,automatic,e5c1555f-e927-575c-b68c-85eb341a3202,23fe2089-951b-4cc9-934a-726ebed5dace,ocr_required,analysis,known_missing,True,True,,,matched,round2-import\t160-quality-20261007T014124Z-fbbe8ec7\runs\t160-quality-20261007T014124Z-fbbe8ec7-08-IMP-IMAGE-r2\result.json
t160-quality-20261007T014124Z-fbbe8ec7-08-IMP-IMAGE-r2,IMP-IMAGE,2,automatic,e5c1555f-e927-575c-b68c-85eb341a3202,23fe2089-951b-4cc9-934a-726ebed5dace,ocr_required,score,source_provided,True,True,3.00,3.00,matched,round2-import\t160-quality-20261007T014124Z-fbbe8ec7\runs\t160-quality-20261007T014124Z-fbbe8ec7-08-IMP-IMAGE-r2\result.json
t160-quality-20261007T014124Z-fbbe8ec7-08-IMP-IMAGE-r2,IMP-IMAGE,2,automatic,e5c1555f-e927-575c-b68c-85eb341a3202,23fe2089-951b-4cc9-934a-726ebed5dace,ocr_required,scoring_rubric,source_provided,True,False,正确关系式 1.00；说明代入过程 2.00。,正确关系式1.00；说明代入过程2.00。,matched,round2-import\t160-quality-20261007T014124Z-fbbe8ec7\runs\t160-quality-20261007T014124Z-fbbe8ec7-08-IMP-IMAGE-r2\result.json
t160-quality-20261007T014124Z-fbbe8ec7-08-IMP-IMAGE-r2,IMP-IMAGE,2,automatic,e5c1555f-e927-575c-b68c-85eb341a3202,23fe2089-951b-4cc9-934a-726ebed5dace,ocr_required,knowledge_points,source_provided,True,True,"[""一次函数"", ""表达与计算""]","[""一次函数"", ""表达与计算""]",matched,round2-import\t160-quality-20261007T014124Z-fbbe8ec7\runs\t160-quality-20261007T014124Z-fbbe8ec7-08-IMP-IMAGE-r2\result.json
t160-quality-20261007T014124Z-fbbe8ec7-08-IMP-IMAGE-r2,IMP-IMAGE,2,automatic,e5c1555f-e927-575c-b68c-85eb341a3202,23fe2089-951b-4cc9-934a-726ebed5dace,ocr_required,source_regions,unknown,False,,,,reference_unknown,round2-import\t160-quality-20261007T014124Z-fbbe8ec7\runs\t160-quality-20261007T014124Z-fbbe8ec7-08-IMP-IMAGE-r2\result.json
t160-quality-20261007T014124Z-fbbe8ec7-08-IMP-IMAGE-r2,IMP-IMAGE,2,automatic,e5c1555f-e927-575c-b68c-85eb341a3202,23fe2089-951b-4cc9-934a-726ebed5dace,ocr_required,assets,source_provided,True,False,"[{""asset_type"": ""table"", ""source_page_number"": 1, ""order_index"": 1}]",,matched,round2-import\t160-quality-20261007T014124Z-fbbe8ec7\runs\t160-quality-20261007T014124Z-fbbe8ec7-08-IMP-IMAGE-r2\result.json
t160-quality-20261007T014124Z-fbbe8ec7-09-IMP-IMAGE-r3,IMP-IMAGE,3,automatic,c4d750a5-4dc4-5a35-83e2-dee4ca44aca1,34af1298-1881-438b-a77f-822dccbd8af7,ocr_required,question_number,source_provided,True,True,1,1,matched,round2-import\t160-quality-20261007T014124Z-fbbe8ec7\runs\t160-quality-20261007T014124Z-fbbe8ec7-09-IMP-IMAGE-r3\result.json
t160-quality-20261007T014124Z-fbbe8ec7-09-IMP-IMAGE-r3,IMP-IMAGE,3,automatic,c4d750a5-4dc4-5a35-83e2-dee4ca44aca1,34af1298-1881-438b-a77f-822dccbd8af7,ocr_required,order_index,source_provided,True,True,1,1,matched,round2-import\t160-quality-20261007T014124Z-fbbe8ec7\runs\t160-quality-20261007T014124Z-fbbe8ec7-09-IMP-IMAGE-r3\result.json
t160-quality-20261007T014124Z-fbbe8ec7-09-IMP-IMAGE-r3,IMP-IMAGE,3,automatic,c4d750a5-4dc4-5a35-83e2-dee4ca44aca1,34af1298-1881-438b-a77f-822dccbd8af7,ocr_required,source_page_numbers,source_provided,True,True,[1],[1],matched,round2-import\t160-quality-20261007T014124Z-fbbe8ec7\runs\t160-quality-20261007T014124Z-fbbe8ec7-09-IMP-IMAGE-r3\result.json
t160-quality-20261007T014124Z-fbbe8ec7-09-IMP-IMAGE-r3,IMP-IMAGE,3,automatic,c4d750a5-4dc4-5a35-83e2-dee4ca44aca1,34af1298-1881-438b-a77f-822dccbd8af7,ocr_required,question_type,source_provided,True,True,SINGLE_CHOICE,SINGLE_CHOICE,matched,round2-import\t160-quality-20261007T014124Z-fbbe8ec7\runs\t160-quality-20261007T014124Z-fbbe8ec7-09-IMP-IMAGE-r3\result.json
t160-quality-20261007T014124Z-fbbe8ec7-09-IMP-IMAGE-r3,IMP-IMAGE,3,automatic,c4d750a5-4dc4-5a35-83e2-dee4ca44aca1,34af1298-1881-438b-a77f-822dccbd8af7,ocr_required,content,source_provided,True,True,y = 2x + 1，x = 3 时 y 为多少？,y = 2x + 1，x = 3 时 y 为多少？,matched,round2-import\t160-quality-20261007T014124Z-fbbe8ec7\runs\t160-quality-20261007T014124Z-fbbe8ec7-09-IMP-IMAGE-r3\result.json
t160-quality-20261007T014124Z-fbbe8ec7-09-IMP-IMAGE-r3,IMP-IMAGE,3,automatic,c4d750a5-4dc4-5a35-83e2-dee4ca44aca1,34af1298-1881-438b-a77f-822dccbd8af7,ocr_required,options,source_provided,True,True,"{""C"": ""7"", ""A"": ""5"", ""B"": ""6"", ""D"": ""8""}","{""C"": ""7"", ""A"": ""5"", ""B"": ""6"", ""D"": ""8""}",matched,round2-import\t160-quality-20261007T014124Z-fbbe8ec7\runs\t160-quality-20261007T014124Z-fbbe8ec7-09-IMP-IMAGE-r3\result.json
t160-quality-20261007T014124Z-fbbe8ec7-09-IMP-IMAGE-r3,IMP-IMAGE,3,automatic,c4d750a5-4dc4-5a35-83e2-dee4ca44aca1,34af1298-1881-438b-a77f-822dccbd8af7,ocr_required,reference_answer,source_provided,True,True,C,C,matched,round2-import\t160-quality-20261007T014124Z-fbbe8ec7\runs\t160-quality-20261007T014124Z-fbbe8ec7-09-IMP-IMAGE-r3\result.json
t160-quality-20261007T014124Z-fbbe8ec7-09-IMP-IMAGE-r3,IMP-IMAGE,3,automatic,c4d750a5-4dc4-5a35-83e2-dee4ca44aca1,34af1298-1881-438b-a77f-822dccbd8af7,ocr_required,analysis,source_provided,True,False,2 × 3 + 1 = 7。,2 × 3 +1=7。,matched,round2-import\t160-quality-20261007T014124Z-fbbe8ec7\runs\t160-quality-20261007T014124Z-fbbe8ec7-09-IMP-IMAGE-r3\result.json
t160-quality-20261007T014124Z-fbbe8ec7-09-IMP-IMAGE-r3,IMP-IMAGE,3,automatic,c4d750a5-4dc4-5a35-83e2-dee4ca44aca1,34af1298-1881-438b-a77f-822dccbd8af7,ocr_required,score,source_provided,True,True,2.00,2.00,matched,round2-import\t160-quality-20261007T014124Z-fbbe8ec7\runs\t160-quality-20261007T014124Z-fbbe8ec7-09-IMP-IMAGE-r3\result.json
t160-quality-20261007T014124Z-fbbe8ec7-09-IMP-IMAGE-r3,IMP-IMAGE,3,automatic,c4d750a5-4dc4-5a35-83e2-dee4ca44aca1,34af1298-1881-438b-a77f-822dccbd8af7,ocr_required,scoring_rubric,known_missing,True,True,,,matched,round2-import\t160-quality-20261007T014124Z-fbbe8ec7\runs\t160-quality-20261007T014124Z-fbbe8ec7-09-IMP-IMAGE-r3\result.json
t160-quality-20261007T014124Z-fbbe8ec7-09-IMP-IMAGE-r3,IMP-IMAGE,3,automatic,c4d750a5-4dc4-5a35-83e2-dee4ca44aca1,34af1298-1881-438b-a77f-822dccbd8af7,ocr_required,knowledge_points,known_missing,True,True,[],[],matched,round2-import\t160-quality-20261007T014124Z-fbbe8ec7\runs\t160-quality-20261007T014124Z-fbbe8ec7-09-IMP-IMAGE-r3\result.json
t160-quality-20261007T014124Z-fbbe8ec7-09-IMP-IMAGE-r3,IMP-IMAGE,3,automatic,c4d750a5-4dc4-5a35-83e2-dee4ca44aca1,34af1298-1881-438b-a77f-822dccbd8af7,ocr_required,source_regions,unknown,False,,,,reference_unknown,round2-import\t160-quality-20261007T014124Z-fbbe8ec7\runs\t160-quality-20261007T014124Z-fbbe8ec7-09-IMP-IMAGE-r3\result.json
t160-quality-20261007T014124Z-fbbe8ec7-09-IMP-IMAGE-r3,IMP-IMAGE,3,automatic,c4d750a5-4dc4-5a35-83e2-dee4ca44aca1,34af1298-1881-438b-a77f-822dccbd8af7,ocr_required,assets,source_provided,True,False,[],,matched,round2-import\t160-quality-20261007T014124Z-fbbe8ec7\runs\t160-quality-20261007T014124Z-fbbe8ec7-09-IMP-IMAGE-r3\result.json
t160-quality-20261007T014124Z-fbbe8ec7-09-IMP-IMAGE-r3,IMP-IMAGE,3,automatic,e418791a-1462-52b7-98fe-396ce71b8d48,a57dd9f7-5fd0-4acd-a37a-8aa581100f57,ocr_required,question_number,source_provided,True,True,2,2,matched,round2-import\t160-quality-20261007T014124Z-fbbe8ec7\runs\t160-quality-20261007T014124Z-fbbe8ec7-09-IMP-IMAGE-r3\result.json
t160-quality-20261007T014124Z-fbbe8ec7-09-IMP-IMAGE-r3,IMP-IMAGE,3,automatic,e418791a-1462-52b7-98fe-396ce71b8d48,a57dd9f7-5fd0-4acd-a37a-8aa581100f57,ocr_required,order_index,source_provided,True,True,2,2,matched,round2-import\t160-quality-20261007T014124Z-fbbe8ec7\runs\t160-quality-20261007T014124Z-fbbe8ec7-09-IMP-IMAGE-r3\result.json
t160-quality-20261007T014124Z-fbbe8ec7-09-IMP-IMAGE-r3,IMP-IMAGE,3,automatic,e418791a-1462-52b7-98fe-396ce71b8d48,a57dd9f7-5fd0-4acd-a37a-8aa581100f57,ocr_required,source_page_numbers,source_provided,True,True,[1],[1],matched,round2-import\t160-quality-20261007T014124Z-fbbe8ec7\runs\t160-quality-20261007T014124Z-fbbe8ec7-09-IMP-IMAGE-r3\result.json
t160-quality-20261007T014124Z-fbbe8ec7-09-IMP-IMAGE-r3,IMP-IMAGE,3,automatic,e418791a-1462-52b7-98fe-396ce71b8d48,a57dd9f7-5fd0-4acd-a37a-8aa581100f57,ocr_required,question_type,source_provided,True,True,TRUE_FALSE,TRUE_FALSE,matched,round2-import\t160-quality-20261007T014124Z-fbbe8ec7\runs\t160-quality-20261007T014124Z-fbbe8ec7-09-IMP-IMAGE-r3\result.json
t160-quality-20261007T014124Z-fbbe8ec7-09-IMP-IMAGE-r3,IMP-IMAGE,3,automatic,e418791a-1462-52b7-98fe-396ce71b8d48,a57dd9f7-5fd0-4acd-a37a-8aa581100f57,ocr_required,content,source_provided,True,False,右图三角形面积为 24 cm²。,右图三角形面积为24cm²。,matched,round2-import\t160-quality-20261007T014124Z-fbbe8ec7\runs\t160-quality-20261007T014124Z-fbbe8ec7-09-IMP-IMAGE-r3\result.json
t160-quality-20261007T014124Z-fbbe8ec7-09-IMP-IMAGE-r3,IMP-IMAGE,3,automatic,e418791a-1462-52b7-98fe-396ce71b8d48,a57dd9f7-5fd0-4acd-a37a-8aa581100f57,ocr_required,options,source_provided,True,True,"[""正确"", ""错误""]","[""正确"", ""错误""]",matched,round2-import\t160-quality-20261007T014124Z-fbbe8ec7\runs\t160-quality-20261007T014124Z-fbbe8ec7-09-IMP-IMAGE-r3\result.json
t160-quality-20261007T014124Z-fbbe8ec7-09-IMP-IMAGE-r3,IMP-IMAGE,3,automatic,e418791a-1462-52b7-98fe-396ce71b8d48,a57dd9f7-5fd0-4acd-a37a-8aa581100f57,ocr_required,reference_answer,known_missing,True,True,,,matched,round2-import\t160-quality-20261007T014124Z-fbbe8ec7\runs\t160-quality-20261007T014124Z-fbbe8ec7-09-IMP-IMAGE-r3\result.json
t160-quality-20261007T014124Z-fbbe8ec7-09-IMP-IMAGE-r3,IMP-IMAGE,3,automatic,e418791a-1462-52b7-98fe-396ce71b8d48,a57dd9f7-5fd0-4acd-a37a-8aa581100f57,ocr_required,analysis,known_missing,True,True,,,matched,round2-import\t160-quality-20261007T014124Z-fbbe8ec7\runs\t160-quality-20261007T014124Z-fbbe8ec7-09-IMP-IMAGE-r3\result.json
t160-quality-20261007T014124Z-fbbe8ec7-09-IMP-IMAGE-r3,IMP-IMAGE,3,automatic,e418791a-1462-52b7-98fe-396ce71b8d48,a57dd9f7-5fd0-4acd-a37a-8aa581100f57,ocr_required,score,source_provided,True,True,2.00,2.00,matched,round2-import\t160-quality-20261007T014124Z-fbbe8ec7\runs\t160-quality-20261007T014124Z-fbbe8ec7-09-IMP-IMAGE-r3\result.json
t160-quality-20261007T014124Z-fbbe8ec7-09-IMP-IMAGE-r3,IMP-IMAGE,3,automatic,e418791a-1462-52b7-98fe-396ce71b8d48,a57dd9f7-5fd0-4acd-a37a-8aa581100f57,ocr_required,scoring_rubric,known_missing,True,True,,,matched,round2-import\t160-quality-20261007T014124Z-fbbe8ec7\runs\t160-quality-20261007T014124Z-fbbe8ec7-09-IMP-IMAGE-r3\result.json
t160-quality-20261007T014124Z-fbbe8ec7-09-IMP-IMAGE-r3,IMP-IMAGE,3,automatic,e418791a-1462-52b7-98fe-396ce71b8d48,a57dd9f7-5fd0-4acd-a37a-8aa581100f57,ocr_required,knowledge_points,known_missing,True,True,[],[],matched,round2-import\t160-quality-20261007T014124Z-fbbe8ec7\runs\t160-quality-20261007T014124Z-fbbe8ec7-09-IMP-IMAGE-r3\result.json
t160-quality-20261007T014124Z-fbbe8ec7-09-IMP-IMAGE-r3,IMP-IMAGE,3,automatic,e418791a-1462-52b7-98fe-396ce71b8d48,a57dd9f7-5fd0-4acd-a37a-8aa581100f57,ocr_required,source_regions,unknown,False,,,,reference_unknown,round2-import\t160-quality-20261007T014124Z-fbbe8ec7\runs\t160-quality-20261007T014124Z-fbbe8ec7-09-IMP-IMAGE-r3\result.json
t160-quality-20261007T014124Z-fbbe8ec7-09-IMP-IMAGE-r3,IMP-IMAGE,3,automatic,e418791a-1462-52b7-98fe-396ce71b8d48,a57dd9f7-5fd0-4acd-a37a-8aa581100f57,ocr_required,assets,source_provided,True,False,"[{""asset_type"": ""figure"", ""source_page_number"": 1, ""order_index"": 1}]",,matched,round2-import\t160-quality-20261007T014124Z-fbbe8ec7\runs\t160-quality-20261007T014124Z-fbbe8ec7-09-IMP-IMAGE-r3\result.json
t160-quality-20261007T014124Z-fbbe8ec7-09-IMP-IMAGE-r3,IMP-IMAGE,3,automatic,e5c1555f-e927-575c-b68c-85eb341a3202,619eff39-85e8-4e41-8cc8-bbe72422431e,ocr_required,question_number,source_provided,True,True,3,3,matched,round2-import\t160-quality-20261007T014124Z-fbbe8ec7\runs\t160-quality-20261007T014124Z-fbbe8ec7-09-IMP-IMAGE-r3\result.json
t160-quality-20261007T014124Z-fbbe8ec7-09-IMP-IMAGE-r3,IMP-IMAGE,3,automatic,e5c1555f-e927-575c-b68c-85eb341a3202,619eff39-85e8-4e41-8cc8-bbe72422431e,ocr_required,order_index,source_provided,True,True,3,3,matched,round2-import\t160-quality-20261007T014124Z-fbbe8ec7\runs\t160-quality-20261007T014124Z-fbbe8ec7-09-IMP-IMAGE-r3\result.json
t160-quality-20261007T014124Z-fbbe8ec7-09-IMP-IMAGE-r3,IMP-IMAGE,3,automatic,e5c1555f-e927-575c-b68c-85eb341a3202,619eff39-85e8-4e41-8cc8-bbe72422431e,ocr_required,source_page_numbers,source_provided,True,True,[1],[1],matched,round2-import\t160-quality-20261007T014124Z-fbbe8ec7\runs\t160-quality-20261007T014124Z-fbbe8ec7-09-IMP-IMAGE-r3\result.json
t160-quality-20261007T014124Z-fbbe8ec7-09-IMP-IMAGE-r3,IMP-IMAGE,3,automatic,e5c1555f-e927-575c-b68c-85eb341a3202,619eff39-85e8-4e41-8cc8-bbe72422431e,ocr_required,question_type,source_provided,True,True,SHORT_ANSWER,SHORT_ANSWER,matched,round2-import\t160-quality-20261007T014124Z-fbbe8ec7\runs\t160-quality-20261007T014124Z-fbbe8ec7-09-IMP-IMAGE-r3\result.json
t160-quality-20261007T014124Z-fbbe8ec7-09-IMP-IMAGE-r3,IMP-IMAGE,3,automatic,e5c1555f-e927-575c-b68c-85eb341a3202,619eff39-85e8-4e41-8cc8-bbe72422431e,ocr_required,content,source_provided,True,True,根据下表写出 y 关于 x 的关系式。,根据下表写出 y 关于 x 的关系式。,matched,round2-import\t160-quality-20261007T014124Z-fbbe8ec7\runs\t160-quality-20261007T014124Z-fbbe8ec7-09-IMP-IMAGE-r3\result.json
t160-quality-20261007T014124Z-fbbe8ec7-09-IMP-IMAGE-r3,IMP-IMAGE,3,automatic,e5c1555f-e927-575c-b68c-85eb341a3202,619eff39-85e8-4e41-8cc8-bbe72422431e,ocr_required,options,not_applicable,True,True,,,matched,round2-import\t160-quality-20261007T014124Z-fbbe8ec7\runs\t160-quality-20261007T014124Z-fbbe8ec7-09-IMP-IMAGE-r3\result.json
t160-quality-20261007T014124Z-fbbe8ec7-09-IMP-IMAGE-r3,IMP-IMAGE,3,automatic,e5c1555f-e927-575c-b68c-85eb341a3202,619eff39-85e8-4e41-8cc8-bbe72422431e,ocr_required,reference_answer,known_missing,True,True,,,matched,round2-import\t160-quality-20261007T014124Z-fbbe8ec7\runs\t160-quality-20261007T014124Z-fbbe8ec7-09-IMP-IMAGE-r3\result.json
t160-quality-20261007T014124Z-fbbe8ec7-09-IMP-IMAGE-r3,IMP-IMAGE,3,automatic,e5c1555f-e927-575c-b68c-85eb341a3202,619eff39-85e8-4e41-8cc8-bbe72422431e,ocr_required,analysis,known_missing,True,True,,,matched,round2-import\t160-quality-20261007T014124Z-fbbe8ec7\runs\t160-quality-20261007T014124Z-fbbe8ec7-09-IMP-IMAGE-r3\result.json
t160-quality-20261007T014124Z-fbbe8ec7-09-IMP-IMAGE-r3,IMP-IMAGE,3,automatic,e5c1555f-e927-575c-b68c-85eb341a3202,619eff39-85e8-4e41-8cc8-bbe72422431e,ocr_required,score,source_provided,True,True,3.00,3.00,matched,round2-import\t160-quality-20261007T014124Z-fbbe8ec7\runs\t160-quality-20261007T014124Z-fbbe8ec7-09-IMP-IMAGE-r3\result.json
t160-quality-20261007T014124Z-fbbe8ec7-09-IMP-IMAGE-r3,IMP-IMAGE,3,automatic,e5c1555f-e927-575c-b68c-85eb341a3202,619eff39-85e8-4e41-8cc8-bbe72422431e,ocr_required,scoring_rubric,source_provided,True,False,正确关系式 1.00；说明代入过程 2.00。,正确关系式1.00；说明代入过程2.00。,matched,round2-import\t160-quality-20261007T014124Z-fbbe8ec7\runs\t160-quality-20261007T014124Z-fbbe8ec7-09-IMP-IMAGE-r3\result.json
t160-quality-20261007T014124Z-fbbe8ec7-09-IMP-IMAGE-r3,IMP-IMAGE,3,automatic,e5c1555f-e927-575c-b68c-85eb341a3202,619eff39-85e8-4e41-8cc8-bbe72422431e,ocr_required,knowledge_points,source_provided,True,False,"[""一次函数"", ""表达与计算""]","[""一次函数、表达与计算""]",matched,round2-import\t160-quality-20261007T014124Z-fbbe8ec7\runs\t160-quality-20261007T014124Z-fbbe8ec7-09-IMP-IMAGE-r3\result.json
t160-quality-20261007T014124Z-fbbe8ec7-09-IMP-IMAGE-r3,IMP-IMAGE,3,automatic,e5c1555f-e927-575c-b68c-85eb341a3202,619eff39-85e8-4e41-8cc8-bbe72422431e,ocr_required,source_regions,unknown,False,,,,reference_unknown,round2-import\t160-quality-20261007T014124Z-fbbe8ec7\runs\t160-quality-20261007T014124Z-fbbe8ec7-09-IMP-IMAGE-r3\result.json
t160-quality-20261007T014124Z-fbbe8ec7-09-IMP-IMAGE-r3,IMP-IMAGE,3,automatic,e5c1555f-e927-575c-b68c-85eb341a3202,619eff39-85e8-4e41-8cc8-bbe72422431e,ocr_required,assets,source_provided,True,False,"[{""asset_type"": ""table"", ""source_page_number"": 1, ""order_index"": 1}]",,matched,round2-import\t160-quality-20261007T014124Z-fbbe8ec7\runs\t160-quality-20261007T014124Z-fbbe8ec7-09-IMP-IMAGE-r3\result.json
t160-quality-20261007T014124Z-fbbe8ec7-10-IMP-MIXED-r1,IMP-MIXED,1,automatic,1faa8619-84cc-5d65-86ae-244c7f68645e,ac2b28d6-bc48-487b-b885-0d9643c110ce,native_text,question_number,source_provided,True,True,1,1,matched,round2-import\t160-quality-20261007T014124Z-fbbe8ec7\runs\t160-quality-20261007T014124Z-fbbe8ec7-10-IMP-MIXED-r1\result.json
t160-quality-20261007T014124Z-fbbe8ec7-10-IMP-MIXED-r1,IMP-MIXED,1,automatic,1faa8619-84cc-5d65-86ae-244c7f68645e,ac2b28d6-bc48-487b-b885-0d9643c110ce,native_text,order_index,source_provided,True,True,1,1,matched,round2-import\t160-quality-20261007T014124Z-fbbe8ec7\runs\t160-quality-20261007T014124Z-fbbe8ec7-10-IMP-MIXED-r1\result.json
t160-quality-20261007T014124Z-fbbe8ec7-10-IMP-MIXED-r1,IMP-MIXED,1,automatic,1faa8619-84cc-5d65-86ae-244c7f68645e,ac2b28d6-bc48-487b-b885-0d9643c110ce,native_text,source_page_numbers,source_provided,True,True,[1],[1],matched,round2-import\t160-quality-20261007T014124Z-fbbe8ec7\runs\t160-quality-20261007T014124Z-fbbe8ec7-10-IMP-MIXED-r1\result.json
t160-quality-20261007T014124Z-fbbe8ec7-10-IMP-MIXED-r1,IMP-MIXED,1,automatic,1faa8619-84cc-5d65-86ae-244c7f68645e,ac2b28d6-bc48-487b-b885-0d9643c110ce,native_text,question_type,source_provided,True,True,SINGLE_CHOICE,SINGLE_CHOICE,matched,round2-import\t160-quality-20261007T014124Z-fbbe8ec7\runs\t160-quality-20261007T014124Z-fbbe8ec7-10-IMP-MIXED-r1\result.json
t160-quality-20261007T014124Z-fbbe8ec7-10-IMP-MIXED-r1,IMP-MIXED,1,automatic,1faa8619-84cc-5d65-86ae-244c7f68645e,ac2b28d6-bc48-487b-b885-0d9643c110ce,native_text,content,source_provided,True,True,y = 2x + 1，x = 3 时 y 为多少？,y = 2x + 1，x = 3 时 y 为多少？,matched,round2-import\t160-quality-20261007T014124Z-fbbe8ec7\runs\t160-quality-20261007T014124Z-fbbe8ec7-10-IMP-MIXED-r1\result.json
t160-quality-20261007T014124Z-fbbe8ec7-10-IMP-MIXED-r1,IMP-MIXED,1,automatic,1faa8619-84cc-5d65-86ae-244c7f68645e,ac2b28d6-bc48-487b-b885-0d9643c110ce,native_text,options,source_provided,True,True,"{""C"": ""7"", ""A"": ""5"", ""B"": ""6"", ""D"": ""8""}","{""C"": ""7"", ""A"": ""5"", ""B"": ""6"", ""D"": ""8""}",matched,round2-import\t160-quality-20261007T014124Z-fbbe8ec7\runs\t160-quality-20261007T014124Z-fbbe8ec7-10-IMP-MIXED-r1\result.json
t160-quality-20261007T014124Z-fbbe8ec7-10-IMP-MIXED-r1,IMP-MIXED,1,automatic,1faa8619-84cc-5d65-86ae-244c7f68645e,ac2b28d6-bc48-487b-b885-0d9643c110ce,native_text,reference_answer,source_provided,True,True,C,C,matched,round2-import\t160-quality-20261007T014124Z-fbbe8ec7\runs\t160-quality-20261007T014124Z-fbbe8ec7-10-IMP-MIXED-r1\result.json
t160-quality-20261007T014124Z-fbbe8ec7-10-IMP-MIXED-r1,IMP-MIXED,1,automatic,1faa8619-84cc-5d65-86ae-244c7f68645e,ac2b28d6-bc48-487b-b885-0d9643c110ce,native_text,analysis,source_provided,True,True,2 × 3 + 1 = 7。,2 × 3 + 1 = 7。,matched,round2-import\t160-quality-20261007T014124Z-fbbe8ec7\runs\t160-quality-20261007T014124Z-fbbe8ec7-10-IMP-MIXED-r1\result.json
t160-quality-20261007T014124Z-fbbe8ec7-10-IMP-MIXED-r1,IMP-MIXED,1,automatic,1faa8619-84cc-5d65-86ae-244c7f68645e,ac2b28d6-bc48-487b-b885-0d9643c110ce,native_text,score,source_provided,True,True,2.00,2.00,matched,round2-import\t160-quality-20261007T014124Z-fbbe8ec7\runs\t160-quality-20261007T014124Z-fbbe8ec7-10-IMP-MIXED-r1\result.json
t160-quality-20261007T014124Z-fbbe8ec7-10-IMP-MIXED-r1,IMP-MIXED,1,automatic,1faa8619-84cc-5d65-86ae-244c7f68645e,ac2b28d6-bc48-487b-b885-0d9643c110ce,native_text,scoring_rubric,known_missing,True,True,,,matched,round2-import\t160-quality-20261007T014124Z-fbbe8ec7\runs\t160-quality-20261007T014124Z-fbbe8ec7-10-IMP-MIXED-r1\result.json
t160-quality-20261007T014124Z-fbbe8ec7-10-IMP-MIXED-r1,IMP-MIXED,1,automatic,1faa8619-84cc-5d65-86ae-244c7f68645e,ac2b28d6-bc48-487b-b885-0d9643c110ce,native_text,knowledge_points,known_missing,True,True,[],[],matched,round2-import\t160-quality-20261007T014124Z-fbbe8ec7\runs\t160-quality-20261007T014124Z-fbbe8ec7-10-IMP-MIXED-r1\result.json
t160-quality-20261007T014124Z-fbbe8ec7-10-IMP-MIXED-r1,IMP-MIXED,1,automatic,1faa8619-84cc-5d65-86ae-244c7f68645e,ac2b28d6-bc48-487b-b885-0d9643c110ce,native_text,source_regions,unknown,False,,,,reference_unknown,round2-import\t160-quality-20261007T014124Z-fbbe8ec7\runs\t160-quality-20261007T014124Z-fbbe8ec7-10-IMP-MIXED-r1\result.json
t160-quality-20261007T014124Z-fbbe8ec7-10-IMP-MIXED-r1,IMP-MIXED,1,automatic,1faa8619-84cc-5d65-86ae-244c7f68645e,ac2b28d6-bc48-487b-b885-0d9643c110ce,native_text,assets,source_provided,True,False,[],,matched,round2-import\t160-quality-20261007T014124Z-fbbe8ec7\runs\t160-quality-20261007T014124Z-fbbe8ec7-10-IMP-MIXED-r1\result.json
t160-quality-20261007T014124Z-fbbe8ec7-10-IMP-MIXED-r1,IMP-MIXED,1,automatic,545de13f-3fe9-524b-a917-7ab04807806f,ee962b62-3880-4b7f-b20d-d5e268840886,native_text,question_number,source_provided,True,True,2,2,matched,round2-import\t160-quality-20261007T014124Z-fbbe8ec7\runs\t160-quality-20261007T014124Z-fbbe8ec7-10-IMP-MIXED-r1\result.json
t160-quality-20261007T014124Z-fbbe8ec7-10-IMP-MIXED-r1,IMP-MIXED,1,automatic,545de13f-3fe9-524b-a917-7ab04807806f,ee962b62-3880-4b7f-b20d-d5e268840886,native_text,order_index,source_provided,True,True,2,2,matched,round2-import\t160-quality-20261007T014124Z-fbbe8ec7\runs\t160-quality-20261007T014124Z-fbbe8ec7-10-IMP-MIXED-r1\result.json
t160-quality-20261007T014124Z-fbbe8ec7-10-IMP-MIXED-r1,IMP-MIXED,1,automatic,545de13f-3fe9-524b-a917-7ab04807806f,ee962b62-3880-4b7f-b20d-d5e268840886,native_text,source_page_numbers,source_provided,True,True,[1],[1],matched,round2-import\t160-quality-20261007T014124Z-fbbe8ec7\runs\t160-quality-20261007T014124Z-fbbe8ec7-10-IMP-MIXED-r1\result.json
t160-quality-20261007T014124Z-fbbe8ec7-10-IMP-MIXED-r1,IMP-MIXED,1,automatic,545de13f-3fe9-524b-a917-7ab04807806f,ee962b62-3880-4b7f-b20d-d5e268840886,native_text,question_type,source_provided,True,True,TRUE_FALSE,TRUE_FALSE,matched,round2-import\t160-quality-20261007T014124Z-fbbe8ec7\runs\t160-quality-20261007T014124Z-fbbe8ec7-10-IMP-MIXED-r1\result.json
t160-quality-20261007T014124Z-fbbe8ec7-10-IMP-MIXED-r1,IMP-MIXED,1,automatic,545de13f-3fe9-524b-a917-7ab04807806f,ee962b62-3880-4b7f-b20d-d5e268840886,native_text,content,source_provided,True,True,右图三角形面积为 24 cm²。,右图三角形面积为 24 cm²。,matched,round2-import\t160-quality-20261007T014124Z-fbbe8ec7\runs\t160-quality-20261007T014124Z-fbbe8ec7-10-IMP-MIXED-r1\result.json
t160-quality-20261007T014124Z-fbbe8ec7-10-IMP-MIXED-r1,IMP-MIXED,1,automatic,545de13f-3fe9-524b-a917-7ab04807806f,ee962b62-3880-4b7f-b20d-d5e268840886,native_text,options,source_provided,True,True,"[""正确"", ""错误""]","[""正确"", ""错误""]",matched,round2-import\t160-quality-20261007T014124Z-fbbe8ec7\runs\t160-quality-20261007T014124Z-fbbe8ec7-10-IMP-MIXED-r1\result.json
t160-quality-20261007T014124Z-fbbe8ec7-10-IMP-MIXED-r1,IMP-MIXED,1,automatic,545de13f-3fe9-524b-a917-7ab04807806f,ee962b62-3880-4b7f-b20d-d5e268840886,native_text,reference_answer,known_missing,True,True,,,matched,round2-import\t160-quality-20261007T014124Z-fbbe8ec7\runs\t160-quality-20261007T014124Z-fbbe8ec7-10-IMP-MIXED-r1\result.json
t160-quality-20261007T014124Z-fbbe8ec7-10-IMP-MIXED-r1,IMP-MIXED,1,automatic,545de13f-3fe9-524b-a917-7ab04807806f,ee962b62-3880-4b7f-b20d-d5e268840886,native_text,analysis,known_missing,True,True,,,matched,round2-import\t160-quality-20261007T014124Z-fbbe8ec7\runs\t160-quality-20261007T014124Z-fbbe8ec7-10-IMP-MIXED-r1\result.json
t160-quality-20261007T014124Z-fbbe8ec7-10-IMP-MIXED-r1,IMP-MIXED,1,automatic,545de13f-3fe9-524b-a917-7ab04807806f,ee962b62-3880-4b7f-b20d-d5e268840886,native_text,score,source_provided,True,True,2.00,2.00,matched,round2-import\t160-quality-20261007T014124Z-fbbe8ec7\runs\t160-quality-20261007T014124Z-fbbe8ec7-10-IMP-MIXED-r1\result.json
t160-quality-20261007T014124Z-fbbe8ec7-10-IMP-MIXED-r1,IMP-MIXED,1,automatic,545de13f-3fe9-524b-a917-7ab04807806f,ee962b62-3880-4b7f-b20d-d5e268840886,native_text,scoring_rubric,known_missing,True,True,,,matched,round2-import\t160-quality-20261007T014124Z-fbbe8ec7\runs\t160-quality-20261007T014124Z-fbbe8ec7-10-IMP-MIXED-r1\result.json
t160-quality-20261007T014124Z-fbbe8ec7-10-IMP-MIXED-r1,IMP-MIXED,1,automatic,545de13f-3fe9-524b-a917-7ab04807806f,ee962b62-3880-4b7f-b20d-d5e268840886,native_text,knowledge_points,known_missing,True,True,[],[],matched,round2-import\t160-quality-20261007T014124Z-fbbe8ec7\runs\t160-quality-20261007T014124Z-fbbe8ec7-10-IMP-MIXED-r1\result.json
t160-quality-20261007T014124Z-fbbe8ec7-10-IMP-MIXED-r1,IMP-MIXED,1,automatic,545de13f-3fe9-524b-a917-7ab04807806f,ee962b62-3880-4b7f-b20d-d5e268840886,native_text,source_regions,unknown,False,,,,reference_unknown,round2-import\t160-quality-20261007T014124Z-fbbe8ec7\runs\t160-quality-20261007T014124Z-fbbe8ec7-10-IMP-MIXED-r1\result.json
t160-quality-20261007T014124Z-fbbe8ec7-10-IMP-MIXED-r1,IMP-MIXED,1,automatic,545de13f-3fe9-524b-a917-7ab04807806f,ee962b62-3880-4b7f-b20d-d5e268840886,native_text,assets,source_provided,True,False,"[{""asset_type"": ""figure"", ""source_page_number"": 1, ""order_index"": 1}]",,matched,round2-import\t160-quality-20261007T014124Z-fbbe8ec7\runs\t160-quality-20261007T014124Z-fbbe8ec7-10-IMP-MIXED-r1\result.json
t160-quality-20261007T014124Z-fbbe8ec7-10-IMP-MIXED-r1,IMP-MIXED,1,automatic,85533f46-eb86-5893-8742-33939e77750f,1a081e19-3f28-43a5-a83f-89e3259b738a,native_text,question_number,source_provided,True,True,3,3,matched,round2-import\t160-quality-20261007T014124Z-fbbe8ec7\runs\t160-quality-20261007T014124Z-fbbe8ec7-10-IMP-MIXED-r1\result.json
t160-quality-20261007T014124Z-fbbe8ec7-10-IMP-MIXED-r1,IMP-MIXED,1,automatic,85533f46-eb86-5893-8742-33939e77750f,1a081e19-3f28-43a5-a83f-89e3259b738a,native_text,order_index,source_provided,True,True,3,3,matched,round2-import\t160-quality-20261007T014124Z-fbbe8ec7\runs\t160-quality-20261007T014124Z-fbbe8ec7-10-IMP-MIXED-r1\result.json
t160-quality-20261007T014124Z-fbbe8ec7-10-IMP-MIXED-r1,IMP-MIXED,1,automatic,85533f46-eb86-5893-8742-33939e77750f,1a081e19-3f28-43a5-a83f-89e3259b738a,native_text,source_page_numbers,source_provided,True,True,[1],[1],matched,round2-import\t160-quality-20261007T014124Z-fbbe8ec7\runs\t160-quality-20261007T014124Z-fbbe8ec7-10-IMP-MIXED-r1\result.json
t160-quality-20261007T014124Z-fbbe8ec7-10-IMP-MIXED-r1,IMP-MIXED,1,automatic,85533f46-eb86-5893-8742-33939e77750f,1a081e19-3f28-43a5-a83f-89e3259b738a,native_text,question_type,source_provided,True,True,SHORT_ANSWER,SHORT_ANSWER,matched,round2-import\t160-quality-20261007T014124Z-fbbe8ec7\runs\t160-quality-20261007T014124Z-fbbe8ec7-10-IMP-MIXED-r1\result.json
t160-quality-20261007T014124Z-fbbe8ec7-10-IMP-MIXED-r1,IMP-MIXED,1,automatic,85533f46-eb86-5893-8742-33939e77750f,1a081e19-3f28-43a5-a83f-89e3259b738a,native_text,content,source_provided,True,True,根据下表写出 y 关于 x 的关系式。,根据下表写出 y 关于 x 的关系式。,matched,round2-import\t160-quality-20261007T014124Z-fbbe8ec7\runs\t160-quality-20261007T014124Z-fbbe8ec7-10-IMP-MIXED-r1\result.json
t160-quality-20261007T014124Z-fbbe8ec7-10-IMP-MIXED-r1,IMP-MIXED,1,automatic,85533f46-eb86-5893-8742-33939e77750f,1a081e19-3f28-43a5-a83f-89e3259b738a,native_text,options,not_applicable,True,True,,,matched,round2-import\t160-quality-20261007T014124Z-fbbe8ec7\runs\t160-quality-20261007T014124Z-fbbe8ec7-10-IMP-MIXED-r1\result.json
t160-quality-20261007T014124Z-fbbe8ec7-10-IMP-MIXED-r1,IMP-MIXED,1,automatic,85533f46-eb86-5893-8742-33939e77750f,1a081e19-3f28-43a5-a83f-89e3259b738a,native_text,reference_answer,known_missing,True,True,,,matched,round2-import\t160-quality-20261007T014124Z-fbbe8ec7\runs\t160-quality-20261007T014124Z-fbbe8ec7-10-IMP-MIXED-r1\result.json
t160-quality-20261007T014124Z-fbbe8ec7-10-IMP-MIXED-r1,IMP-MIXED,1,automatic,85533f46-eb86-5893-8742-33939e77750f,1a081e19-3f28-43a5-a83f-89e3259b738a,native_text,analysis,known_missing,True,True,,,matched,round2-import\t160-quality-20261007T014124Z-fbbe8ec7\runs\t160-quality-20261007T014124Z-fbbe8ec7-10-IMP-MIXED-r1\result.json
t160-quality-20261007T014124Z-fbbe8ec7-10-IMP-MIXED-r1,IMP-MIXED,1,automatic,85533f46-eb86-5893-8742-33939e77750f,1a081e19-3f28-43a5-a83f-89e3259b738a,native_text,score,source_provided,True,True,3.00,3.00,matched,round2-import\t160-quality-20261007T014124Z-fbbe8ec7\runs\t160-quality-20261007T014124Z-fbbe8ec7-10-IMP-MIXED-r1\result.json
t160-quality-20261007T014124Z-fbbe8ec7-10-IMP-MIXED-r1,IMP-MIXED,1,automatic,85533f46-eb86-5893-8742-33939e77750f,1a081e19-3f28-43a5-a83f-89e3259b738a,native_text,scoring_rubric,source_provided,True,True,正确关系式 1.00；说明代入过程 2.00。,正确关系式 1.00；说明代入过程 2.00。,matched,round2-import\t160-quality-20261007T014124Z-fbbe8ec7\runs\t160-quality-20261007T014124Z-fbbe8ec7-10-IMP-MIXED-r1\result.json
t160-quality-20261007T014124Z-fbbe8ec7-10-IMP-MIXED-r1,IMP-MIXED,1,automatic,85533f46-eb86-5893-8742-33939e77750f,1a081e19-3f28-43a5-a83f-89e3259b738a,native_text,knowledge_points,source_provided,True,True,"[""一次函数"", ""表达与计算""]","[""一次函数"", ""表达与计算""]",matched,round2-import\t160-quality-20261007T014124Z-fbbe8ec7\runs\t160-quality-20261007T014124Z-fbbe8ec7-10-IMP-MIXED-r1\result.json
t160-quality-20261007T014124Z-fbbe8ec7-10-IMP-MIXED-r1,IMP-MIXED,1,automatic,85533f46-eb86-5893-8742-33939e77750f,1a081e19-3f28-43a5-a83f-89e3259b738a,native_text,source_regions,unknown,False,,,,reference_unknown,round2-import\t160-quality-20261007T014124Z-fbbe8ec7\runs\t160-quality-20261007T014124Z-fbbe8ec7-10-IMP-MIXED-r1\result.json
t160-quality-20261007T014124Z-fbbe8ec7-10-IMP-MIXED-r1,IMP-MIXED,1,automatic,85533f46-eb86-5893-8742-33939e77750f,1a081e19-3f28-43a5-a83f-89e3259b738a,native_text,assets,source_provided,True,False,"[{""asset_type"": ""table"", ""source_page_number"": 1, ""order_index"": 1}]",,matched,round2-import\t160-quality-20261007T014124Z-fbbe8ec7\runs\t160-quality-20261007T014124Z-fbbe8ec7-10-IMP-MIXED-r1\result.json
t160-quality-20261007T014124Z-fbbe8ec7-10-IMP-MIXED-r1,IMP-MIXED,1,automatic,0fa8d57e-58c2-5aa4-b8cd-e52e96380a38,65464876-7002-4e81-a045-e88b8d27318d,ocr_required,question_number,source_provided,True,True,4,4,matched,round2-import\t160-quality-20261007T014124Z-fbbe8ec7\runs\t160-quality-20261007T014124Z-fbbe8ec7-10-IMP-MIXED-r1\result.json
t160-quality-20261007T014124Z-fbbe8ec7-10-IMP-MIXED-r1,IMP-MIXED,1,automatic,0fa8d57e-58c2-5aa4-b8cd-e52e96380a38,65464876-7002-4e81-a045-e88b8d27318d,ocr_required,order_index,source_provided,True,True,4,4,matched,round2-import\t160-quality-20261007T014124Z-fbbe8ec7\runs\t160-quality-20261007T014124Z-fbbe8ec7-10-IMP-MIXED-r1\result.json
t160-quality-20261007T014124Z-fbbe8ec7-10-IMP-MIXED-r1,IMP-MIXED,1,automatic,0fa8d57e-58c2-5aa4-b8cd-e52e96380a38,65464876-7002-4e81-a045-e88b8d27318d,ocr_required,source_page_numbers,source_provided,True,True,[2],[2],matched,round2-import\t160-quality-20261007T014124Z-fbbe8ec7\runs\t160-quality-20261007T014124Z-fbbe8ec7-10-IMP-MIXED-r1\result.json
t160-quality-20261007T014124Z-fbbe8ec7-10-IMP-MIXED-r1,IMP-MIXED,1,automatic,0fa8d57e-58c2-5aa4-b8cd-e52e96380a38,65464876-7002-4e81-a045-e88b8d27318d,ocr_required,question_type,source_provided,True,True,SINGLE_CHOICE,SINGLE_CHOICE,matched,round2-import\t160-quality-20261007T014124Z-fbbe8ec7\runs\t160-quality-20261007T014124Z-fbbe8ec7-10-IMP-MIXED-r1\result.json
t160-quality-20261007T014124Z-fbbe8ec7-10-IMP-MIXED-r1,IMP-MIXED,1,automatic,0fa8d57e-58c2-5aa4-b8cd-e52e96380a38,65464876-7002-4e81-a045-e88b8d27318d,ocr_required,content,source_provided,True,True,y = 2x + 1，x = 3 时 y 为多少？,y = 2x + 1，x = 3 时 y 为多少？,matched,round2-import\t160-quality-20261007T014124Z-fbbe8ec7\runs\t160-quality-20261007T014124Z-fbbe8ec7-10-IMP-MIXED-r1\result.json
t160-quality-20261007T014124Z-fbbe8ec7-10-IMP-MIXED-r1,IMP-MIXED,1,automatic,0fa8d57e-58c2-5aa4-b8cd-e52e96380a38,65464876-7002-4e81-a045-e88b8d27318d,ocr_required,options,source_provided,True,True,"{""C"": ""7"", ""A"": ""5"", ""B"": ""6"", ""D"": ""8""}","{""C"": ""7"", ""A"": ""5"", ""B"": ""6"", ""D"": ""8""}",matched,round2-import\t160-quality-20261007T014124Z-fbbe8ec7\runs\t160-quality-20261007T014124Z-fbbe8ec7-10-IMP-MIXED-r1\result.json
t160-quality-20261007T014124Z-fbbe8ec7-10-IMP-MIXED-r1,IMP-MIXED,1,automatic,0fa8d57e-58c2-5aa4-b8cd-e52e96380a38,65464876-7002-4e81-a045-e88b8d27318d,ocr_required,reference_answer,source_provided,True,True,C,C,matched,round2-import\t160-quality-20261007T014124Z-fbbe8ec7\runs\t160-quality-20261007T014124Z-fbbe8ec7-10-IMP-MIXED-r1\result.json
t160-quality-20261007T014124Z-fbbe8ec7-10-IMP-MIXED-r1,IMP-MIXED,1,automatic,0fa8d57e-58c2-5aa4-b8cd-e52e96380a38,65464876-7002-4e81-a045-e88b8d27318d,ocr_required,analysis,source_provided,True,True,2 × 3 + 1 = 7。,2 × 3 + 1 = 7。,matched,round2-import\t160-quality-20261007T014124Z-fbbe8ec7\runs\t160-quality-20261007T014124Z-fbbe8ec7-10-IMP-MIXED-r1\result.json
t160-quality-20261007T014124Z-fbbe8ec7-10-IMP-MIXED-r1,IMP-MIXED,1,automatic,0fa8d57e-58c2-5aa4-b8cd-e52e96380a38,65464876-7002-4e81-a045-e88b8d27318d,ocr_required,score,source_provided,True,True,2.00,2.00,matched,round2-import\t160-quality-20261007T014124Z-fbbe8ec7\runs\t160-quality-20261007T014124Z-fbbe8ec7-10-IMP-MIXED-r1\result.json
t160-quality-20261007T014124Z-fbbe8ec7-10-IMP-MIXED-r1,IMP-MIXED,1,automatic,0fa8d57e-58c2-5aa4-b8cd-e52e96380a38,65464876-7002-4e81-a045-e88b8d27318d,ocr_required,scoring_rubric,known_missing,True,True,,,matched,round2-import\t160-quality-20261007T014124Z-fbbe8ec7\runs\t160-quality-20261007T014124Z-fbbe8ec7-10-IMP-MIXED-r1\result.json
t160-quality-20261007T014124Z-fbbe8ec7-10-IMP-MIXED-r1,IMP-MIXED,1,automatic,0fa8d57e-58c2-5aa4-b8cd-e52e96380a38,65464876-7002-4e81-a045-e88b8d27318d,ocr_required,knowledge_points,known_missing,True,True,[],[],matched,round2-import\t160-quality-20261007T014124Z-fbbe8ec7\runs\t160-quality-20261007T014124Z-fbbe8ec7-10-IMP-MIXED-r1\result.json
t160-quality-20261007T014124Z-fbbe8ec7-10-IMP-MIXED-r1,IMP-MIXED,1,automatic,0fa8d57e-58c2-5aa4-b8cd-e52e96380a38,65464876-7002-4e81-a045-e88b8d27318d,ocr_required,source_regions,unknown,False,,,,reference_unknown,round2-import\t160-quality-20261007T014124Z-fbbe8ec7\runs\t160-quality-20261007T014124Z-fbbe8ec7-10-IMP-MIXED-r1\result.json
t160-quality-20261007T014124Z-fbbe8ec7-10-IMP-MIXED-r1,IMP-MIXED,1,automatic,0fa8d57e-58c2-5aa4-b8cd-e52e96380a38,65464876-7002-4e81-a045-e88b8d27318d,ocr_required,assets,source_provided,True,False,[],,matched,round2-import\t160-quality-20261007T014124Z-fbbe8ec7\runs\t160-quality-20261007T014124Z-fbbe8ec7-10-IMP-MIXED-r1\result.json
t160-quality-20261007T014124Z-fbbe8ec7-10-IMP-MIXED-r1,IMP-MIXED,1,automatic,455720b9-9061-5bce-83af-d6d53c6c84e1,62757c33-cd3d-458c-8725-4321afe5a423,ocr_required,question_number,source_provided,True,True,5,5,matched,round2-import\t160-quality-20261007T014124Z-fbbe8ec7\runs\t160-quality-20261007T014124Z-fbbe8ec7-10-IMP-MIXED-r1\result.json
t160-quality-20261007T014124Z-fbbe8ec7-10-IMP-MIXED-r1,IMP-MIXED,1,automatic,455720b9-9061-5bce-83af-d6d53c6c84e1,62757c33-cd3d-458c-8725-4321afe5a423,ocr_required,order_index,source_provided,True,True,5,5,matched,round2-import\t160-quality-20261007T014124Z-fbbe8ec7\runs\t160-quality-20261007T014124Z-fbbe8ec7-10-IMP-MIXED-r1\result.json
t160-quality-20261007T014124Z-fbbe8ec7-10-IMP-MIXED-r1,IMP-MIXED,1,automatic,455720b9-9061-5bce-83af-d6d53c6c84e1,62757c33-cd3d-458c-8725-4321afe5a423,ocr_required,source_page_numbers,source_provided,True,True,[2],[2],matched,round2-import\t160-quality-20261007T014124Z-fbbe8ec7\runs\t160-quality-20261007T014124Z-fbbe8ec7-10-IMP-MIXED-r1\result.json
t160-quality-20261007T014124Z-fbbe8ec7-10-IMP-MIXED-r1,IMP-MIXED,1,automatic,455720b9-9061-5bce-83af-d6d53c6c84e1,62757c33-cd3d-458c-8725-4321afe5a423,ocr_required,question_type,source_provided,True,True,TRUE_FALSE,TRUE_FALSE,matched,round2-import\t160-quality-20261007T014124Z-fbbe8ec7\runs\t160-quality-20261007T014124Z-fbbe8ec7-10-IMP-MIXED-r1\result.json
t160-quality-20261007T014124Z-fbbe8ec7-10-IMP-MIXED-r1,IMP-MIXED,1,automatic,455720b9-9061-5bce-83af-d6d53c6c84e1,62757c33-cd3d-458c-8725-4321afe5a423,ocr_required,content,source_provided,True,True,右图三角形面积为 24 cm²。,右图三角形面积为 24 cm²。,matched,round2-import\t160-quality-20261007T014124Z-fbbe8ec7\runs\t160-quality-20261007T014124Z-fbbe8ec7-10-IMP-MIXED-r1\result.json
t160-quality-20261007T014124Z-fbbe8ec7-10-IMP-MIXED-r1,IMP-MIXED,1,automatic,455720b9-9061-5bce-83af-d6d53c6c84e1,62757c33-cd3d-458c-8725-4321afe5a423,ocr_required,options,source_provided,True,True,"[""正确"", ""错误""]","[""正确"", ""错误""]",matched,round2-import\t160-quality-20261007T014124Z-fbbe8ec7\runs\t160-quality-20261007T014124Z-fbbe8ec7-10-IMP-MIXED-r1\result.json
t160-quality-20261007T014124Z-fbbe8ec7-10-IMP-MIXED-r1,IMP-MIXED,1,automatic,455720b9-9061-5bce-83af-d6d53c6c84e1,62757c33-cd3d-458c-8725-4321afe5a423,ocr_required,reference_answer,known_missing,True,True,,,matched,round2-import\t160-quality-20261007T014124Z-fbbe8ec7\runs\t160-quality-20261007T014124Z-fbbe8ec7-10-IMP-MIXED-r1\result.json
t160-quality-20261007T014124Z-fbbe8ec7-10-IMP-MIXED-r1,IMP-MIXED,1,automatic,455720b9-9061-5bce-83af-d6d53c6c84e1,62757c33-cd3d-458c-8725-4321afe5a423,ocr_required,analysis,known_missing,True,True,,,matched,round2-import\t160-quality-20261007T014124Z-fbbe8ec7\runs\t160-quality-20261007T014124Z-fbbe8ec7-10-IMP-MIXED-r1\result.json
t160-quality-20261007T014124Z-fbbe8ec7-10-IMP-MIXED-r1,IMP-MIXED,1,automatic,455720b9-9061-5bce-83af-d6d53c6c84e1,62757c33-cd3d-458c-8725-4321afe5a423,ocr_required,score,source_provided,True,True,2.00,2.00,matched,round2-import\t160-quality-20261007T014124Z-fbbe8ec7\runs\t160-quality-20261007T014124Z-fbbe8ec7-10-IMP-MIXED-r1\result.json
t160-quality-20261007T014124Z-fbbe8ec7-10-IMP-MIXED-r1,IMP-MIXED,1,automatic,455720b9-9061-5bce-83af-d6d53c6c84e1,62757c33-cd3d-458c-8725-4321afe5a423,ocr_required,scoring_rubric,known_missing,True,True,,,matched,round2-import\t160-quality-20261007T014124Z-fbbe8ec7\runs\t160-quality-20261007T014124Z-fbbe8ec7-10-IMP-MIXED-r1\result.json
t160-quality-20261007T014124Z-fbbe8ec7-10-IMP-MIXED-r1,IMP-MIXED,1,automatic,455720b9-9061-5bce-83af-d6d53c6c84e1,62757c33-cd3d-458c-8725-4321afe5a423,ocr_required,knowledge_points,known_missing,True,True,[],[],matched,round2-import\t160-quality-20261007T014124Z-fbbe8ec7\runs\t160-quality-20261007T014124Z-fbbe8ec7-10-IMP-MIXED-r1\result.json
t160-quality-20261007T014124Z-fbbe8ec7-10-IMP-MIXED-r1,IMP-MIXED,1,automatic,455720b9-9061-5bce-83af-d6d53c6c84e1,62757c33-cd3d-458c-8725-4321afe5a423,ocr_required,source_regions,unknown,False,,,,reference_unknown,round2-import\t160-quality-20261007T014124Z-fbbe8ec7\runs\t160-quality-20261007T014124Z-fbbe8ec7-10-IMP-MIXED-r1\result.json
t160-quality-20261007T014124Z-fbbe8ec7-10-IMP-MIXED-r1,IMP-MIXED,1,automatic,455720b9-9061-5bce-83af-d6d53c6c84e1,62757c33-cd3d-458c-8725-4321afe5a423,ocr_required,assets,source_provided,True,False,"[{""asset_type"": ""figure"", ""source_page_number"": 2, ""order_index"": 1}]",,matched,round2-import\t160-quality-20261007T014124Z-fbbe8ec7\runs\t160-quality-20261007T014124Z-fbbe8ec7-10-IMP-MIXED-r1\result.json
t160-quality-20261007T014124Z-fbbe8ec7-10-IMP-MIXED-r1,IMP-MIXED,1,automatic,bf862f8d-df39-5559-bab5-d942fccb2432,4ee472b2-2cf5-4f7e-87f7-2bc7499d44eb,ocr_required,question_number,source_provided,True,True,6,6,matched,round2-import\t160-quality-20261007T014124Z-fbbe8ec7\runs\t160-quality-20261007T014124Z-fbbe8ec7-10-IMP-MIXED-r1\result.json
t160-quality-20261007T014124Z-fbbe8ec7-10-IMP-MIXED-r1,IMP-MIXED,1,automatic,bf862f8d-df39-5559-bab5-d942fccb2432,4ee472b2-2cf5-4f7e-87f7-2bc7499d44eb,ocr_required,order_index,source_provided,True,True,6,6,matched,round2-import\t160-quality-20261007T014124Z-fbbe8ec7\runs\t160-quality-20261007T014124Z-fbbe8ec7-10-IMP-MIXED-r1\result.json
t160-quality-20261007T014124Z-fbbe8ec7-10-IMP-MIXED-r1,IMP-MIXED,1,automatic,bf862f8d-df39-5559-bab5-d942fccb2432,4ee472b2-2cf5-4f7e-87f7-2bc7499d44eb,ocr_required,source_page_numbers,source_provided,True,True,[2],[2],matched,round2-import\t160-quality-20261007T014124Z-fbbe8ec7\runs\t160-quality-20261007T014124Z-fbbe8ec7-10-IMP-MIXED-r1\result.json
t160-quality-20261007T014124Z-fbbe8ec7-10-IMP-MIXED-r1,IMP-MIXED,1,automatic,bf862f8d-df39-5559-bab5-d942fccb2432,4ee472b2-2cf5-4f7e-87f7-2bc7499d44eb,ocr_required,question_type,source_provided,True,True,SHORT_ANSWER,SHORT_ANSWER,matched,round2-import\t160-quality-20261007T014124Z-fbbe8ec7\runs\t160-quality-20261007T014124Z-fbbe8ec7-10-IMP-MIXED-r1\result.json
t160-quality-20261007T014124Z-fbbe8ec7-10-IMP-MIXED-r1,IMP-MIXED,1,automatic,bf862f8d-df39-5559-bab5-d942fccb2432,4ee472b2-2cf5-4f7e-87f7-2bc7499d44eb,ocr_required,content,source_provided,True,True,根据下表写出 y 关于 x 的关系式。,根据下表写出 y 关于 x 的关系式。,matched,round2-import\t160-quality-20261007T014124Z-fbbe8ec7\runs\t160-quality-20261007T014124Z-fbbe8ec7-10-IMP-MIXED-r1\result.json
t160-quality-20261007T014124Z-fbbe8ec7-10-IMP-MIXED-r1,IMP-MIXED,1,automatic,bf862f8d-df39-5559-bab5-d942fccb2432,4ee472b2-2cf5-4f7e-87f7-2bc7499d44eb,ocr_required,options,not_applicable,True,True,,,matched,round2-import\t160-quality-20261007T014124Z-fbbe8ec7\runs\t160-quality-20261007T014124Z-fbbe8ec7-10-IMP-MIXED-r1\result.json
t160-quality-20261007T014124Z-fbbe8ec7-10-IMP-MIXED-r1,IMP-MIXED,1,automatic,bf862f8d-df39-5559-bab5-d942fccb2432,4ee472b2-2cf5-4f7e-87f7-2bc7499d44eb,ocr_required,reference_answer,known_missing,True,True,,,matched,round2-import\t160-quality-20261007T014124Z-fbbe8ec7\runs\t160-quality-20261007T014124Z-fbbe8ec7-10-IMP-MIXED-r1\result.json
t160-quality-20261007T014124Z-fbbe8ec7-10-IMP-MIXED-r1,IMP-MIXED,1,automatic,bf862f8d-df39-5559-bab5-d942fccb2432,4ee472b2-2cf5-4f7e-87f7-2bc7499d44eb,ocr_required,analysis,known_missing,True,True,,,matched,round2-import\t160-quality-20261007T014124Z-fbbe8ec7\runs\t160-quality-20261007T014124Z-fbbe8ec7-10-IMP-MIXED-r1\result.json
t160-quality-20261007T014124Z-fbbe8ec7-10-IMP-MIXED-r1,IMP-MIXED,1,automatic,bf862f8d-df39-5559-bab5-d942fccb2432,4ee472b2-2cf5-4f7e-87f7-2bc7499d44eb,ocr_required,score,source_provided,True,True,3.00,3.00,matched,round2-import\t160-quality-20261007T014124Z-fbbe8ec7\runs\t160-quality-20261007T014124Z-fbbe8ec7-10-IMP-MIXED-r1\result.json
t160-quality-20261007T014124Z-fbbe8ec7-10-IMP-MIXED-r1,IMP-MIXED,1,automatic,bf862f8d-df39-5559-bab5-d942fccb2432,4ee472b2-2cf5-4f7e-87f7-2bc7499d44eb,ocr_required,scoring_rubric,source_provided,True,True,正确关系式 1.00；说明代入过程 2.00。,正确关系式 1.00；说明代入过程 2.00。,matched,round2-import\t160-quality-20261007T014124Z-fbbe8ec7\runs\t160-quality-20261007T014124Z-fbbe8ec7-10-IMP-MIXED-r1\result.json
t160-quality-20261007T014124Z-fbbe8ec7-10-IMP-MIXED-r1,IMP-MIXED,1,automatic,bf862f8d-df39-5559-bab5-d942fccb2432,4ee472b2-2cf5-4f7e-87f7-2bc7499d44eb,ocr_required,knowledge_points,source_provided,True,True,"[""一次函数"", ""表达与计算""]","[""一次函数"", ""表达与计算""]",matched,round2-import\t160-quality-20261007T014124Z-fbbe8ec7\runs\t160-quality-20261007T014124Z-fbbe8ec7-10-IMP-MIXED-r1\result.json
t160-quality-20261007T014124Z-fbbe8ec7-10-IMP-MIXED-r1,IMP-MIXED,1,automatic,bf862f8d-df39-5559-bab5-d942fccb2432,4ee472b2-2cf5-4f7e-87f7-2bc7499d44eb,ocr_required,source_regions,unknown,False,,,,reference_unknown,round2-import\t160-quality-20261007T014124Z-fbbe8ec7\runs\t160-quality-20261007T014124Z-fbbe8ec7-10-IMP-MIXED-r1\result.json
t160-quality-20261007T014124Z-fbbe8ec7-10-IMP-MIXED-r1,IMP-MIXED,1,automatic,bf862f8d-df39-5559-bab5-d942fccb2432,4ee472b2-2cf5-4f7e-87f7-2bc7499d44eb,ocr_required,assets,source_provided,True,False,"[{""asset_type"": ""table"", ""source_page_number"": 2, ""order_index"": 1}]",,matched,round2-import\t160-quality-20261007T014124Z-fbbe8ec7\runs\t160-quality-20261007T014124Z-fbbe8ec7-10-IMP-MIXED-r1\result.json
t160-quality-20261007T014124Z-fbbe8ec7-11-IMP-MIXED-r2,IMP-MIXED,2,automatic,1faa8619-84cc-5d65-86ae-244c7f68645e,6f1ac883-968f-4ea9-9df9-0d3abe27da02,native_text,question_number,source_provided,True,True,1,1,matched,round2-import\t160-quality-20261007T014124Z-fbbe8ec7\runs\t160-quality-20261007T014124Z-fbbe8ec7-11-IMP-MIXED-r2\result.json
t160-quality-20261007T014124Z-fbbe8ec7-11-IMP-MIXED-r2,IMP-MIXED,2,automatic,1faa8619-84cc-5d65-86ae-244c7f68645e,6f1ac883-968f-4ea9-9df9-0d3abe27da02,native_text,order_index,source_provided,True,True,1,1,matched,round2-import\t160-quality-20261007T014124Z-fbbe8ec7\runs\t160-quality-20261007T014124Z-fbbe8ec7-11-IMP-MIXED-r2\result.json
t160-quality-20261007T014124Z-fbbe8ec7-11-IMP-MIXED-r2,IMP-MIXED,2,automatic,1faa8619-84cc-5d65-86ae-244c7f68645e,6f1ac883-968f-4ea9-9df9-0d3abe27da02,native_text,source_page_numbers,source_provided,True,True,[1],[1],matched,round2-import\t160-quality-20261007T014124Z-fbbe8ec7\runs\t160-quality-20261007T014124Z-fbbe8ec7-11-IMP-MIXED-r2\result.json
t160-quality-20261007T014124Z-fbbe8ec7-11-IMP-MIXED-r2,IMP-MIXED,2,automatic,1faa8619-84cc-5d65-86ae-244c7f68645e,6f1ac883-968f-4ea9-9df9-0d3abe27da02,native_text,question_type,source_provided,True,True,SINGLE_CHOICE,SINGLE_CHOICE,matched,round2-import\t160-quality-20261007T014124Z-fbbe8ec7\runs\t160-quality-20261007T014124Z-fbbe8ec7-11-IMP-MIXED-r2\result.json
t160-quality-20261007T014124Z-fbbe8ec7-11-IMP-MIXED-r2,IMP-MIXED,2,automatic,1faa8619-84cc-5d65-86ae-244c7f68645e,6f1ac883-968f-4ea9-9df9-0d3abe27da02,native_text,content,source_provided,True,True,y = 2x + 1，x = 3 时 y 为多少？,y = 2x + 1，x = 3 时 y 为多少？,matched,round2-import\t160-quality-20261007T014124Z-fbbe8ec7\runs\t160-quality-20261007T014124Z-fbbe8ec7-11-IMP-MIXED-r2\result.json
t160-quality-20261007T014124Z-fbbe8ec7-11-IMP-MIXED-r2,IMP-MIXED,2,automatic,1faa8619-84cc-5d65-86ae-244c7f68645e,6f1ac883-968f-4ea9-9df9-0d3abe27da02,native_text,options,source_provided,True,True,"{""C"": ""7"", ""A"": ""5"", ""B"": ""6"", ""D"": ""8""}","{""C"": ""7"", ""A"": ""5"", ""B"": ""6"", ""D"": ""8""}",matched,round2-import\t160-quality-20261007T014124Z-fbbe8ec7\runs\t160-quality-20261007T014124Z-fbbe8ec7-11-IMP-MIXED-r2\result.json
t160-quality-20261007T014124Z-fbbe8ec7-11-IMP-MIXED-r2,IMP-MIXED,2,automatic,1faa8619-84cc-5d65-86ae-244c7f68645e,6f1ac883-968f-4ea9-9df9-0d3abe27da02,native_text,reference_answer,source_provided,True,True,C,C,matched,round2-import\t160-quality-20261007T014124Z-fbbe8ec7\runs\t160-quality-20261007T014124Z-fbbe8ec7-11-IMP-MIXED-r2\result.json
t160-quality-20261007T014124Z-fbbe8ec7-11-IMP-MIXED-r2,IMP-MIXED,2,automatic,1faa8619-84cc-5d65-86ae-244c7f68645e,6f1ac883-968f-4ea9-9df9-0d3abe27da02,native_text,analysis,source_provided,True,True,2 × 3 + 1 = 7。,2 × 3 + 1 = 7。,matched,round2-import\t160-quality-20261007T014124Z-fbbe8ec7\runs\t160-quality-20261007T014124Z-fbbe8ec7-11-IMP-MIXED-r2\result.json
t160-quality-20261007T014124Z-fbbe8ec7-11-IMP-MIXED-r2,IMP-MIXED,2,automatic,1faa8619-84cc-5d65-86ae-244c7f68645e,6f1ac883-968f-4ea9-9df9-0d3abe27da02,native_text,score,source_provided,True,True,2.00,2.00,matched,round2-import\t160-quality-20261007T014124Z-fbbe8ec7\runs\t160-quality-20261007T014124Z-fbbe8ec7-11-IMP-MIXED-r2\result.json
t160-quality-20261007T014124Z-fbbe8ec7-11-IMP-MIXED-r2,IMP-MIXED,2,automatic,1faa8619-84cc-5d65-86ae-244c7f68645e,6f1ac883-968f-4ea9-9df9-0d3abe27da02,native_text,scoring_rubric,known_missing,True,True,,,matched,round2-import\t160-quality-20261007T014124Z-fbbe8ec7\runs\t160-quality-20261007T014124Z-fbbe8ec7-11-IMP-MIXED-r2\result.json
t160-quality-20261007T014124Z-fbbe8ec7-11-IMP-MIXED-r2,IMP-MIXED,2,automatic,1faa8619-84cc-5d65-86ae-244c7f68645e,6f1ac883-968f-4ea9-9df9-0d3abe27da02,native_text,knowledge_points,known_missing,True,True,[],[],matched,round2-import\t160-quality-20261007T014124Z-fbbe8ec7\runs\t160-quality-20261007T014124Z-fbbe8ec7-11-IMP-MIXED-r2\result.json
t160-quality-20261007T014124Z-fbbe8ec7-11-IMP-MIXED-r2,IMP-MIXED,2,automatic,1faa8619-84cc-5d65-86ae-244c7f68645e,6f1ac883-968f-4ea9-9df9-0d3abe27da02,native_text,source_regions,unknown,False,,,,reference_unknown,round2-import\t160-quality-20261007T014124Z-fbbe8ec7\runs\t160-quality-20261007T014124Z-fbbe8ec7-11-IMP-MIXED-r2\result.json
t160-quality-20261007T014124Z-fbbe8ec7-11-IMP-MIXED-r2,IMP-MIXED,2,automatic,1faa8619-84cc-5d65-86ae-244c7f68645e,6f1ac883-968f-4ea9-9df9-0d3abe27da02,native_text,assets,source_provided,True,False,[],,matched,round2-import\t160-quality-20261007T014124Z-fbbe8ec7\runs\t160-quality-20261007T014124Z-fbbe8ec7-11-IMP-MIXED-r2\result.json
t160-quality-20261007T014124Z-fbbe8ec7-11-IMP-MIXED-r2,IMP-MIXED,2,automatic,545de13f-3fe9-524b-a917-7ab04807806f,2679d9e9-e027-444f-a267-305030efef24,native_text,question_number,source_provided,True,True,2,2,matched,round2-import\t160-quality-20261007T014124Z-fbbe8ec7\runs\t160-quality-20261007T014124Z-fbbe8ec7-11-IMP-MIXED-r2\result.json
t160-quality-20261007T014124Z-fbbe8ec7-11-IMP-MIXED-r2,IMP-MIXED,2,automatic,545de13f-3fe9-524b-a917-7ab04807806f,2679d9e9-e027-444f-a267-305030efef24,native_text,order_index,source_provided,True,True,2,2,matched,round2-import\t160-quality-20261007T014124Z-fbbe8ec7\runs\t160-quality-20261007T014124Z-fbbe8ec7-11-IMP-MIXED-r2\result.json
t160-quality-20261007T014124Z-fbbe8ec7-11-IMP-MIXED-r2,IMP-MIXED,2,automatic,545de13f-3fe9-524b-a917-7ab04807806f,2679d9e9-e027-444f-a267-305030efef24,native_text,source_page_numbers,source_provided,True,True,[1],[1],matched,round2-import\t160-quality-20261007T014124Z-fbbe8ec7\runs\t160-quality-20261007T014124Z-fbbe8ec7-11-IMP-MIXED-r2\result.json
t160-quality-20261007T014124Z-fbbe8ec7-11-IMP-MIXED-r2,IMP-MIXED,2,automatic,545de13f-3fe9-524b-a917-7ab04807806f,2679d9e9-e027-444f-a267-305030efef24,native_text,question_type,source_provided,True,True,TRUE_FALSE,TRUE_FALSE,matched,round2-import\t160-quality-20261007T014124Z-fbbe8ec7\runs\t160-quality-20261007T014124Z-fbbe8ec7-11-IMP-MIXED-r2\result.json
t160-quality-20261007T014124Z-fbbe8ec7-11-IMP-MIXED-r2,IMP-MIXED,2,automatic,545de13f-3fe9-524b-a917-7ab04807806f,2679d9e9-e027-444f-a267-305030efef24,native_text,content,source_provided,True,True,右图三角形面积为 24 cm²。,右图三角形面积为 24 cm²。,matched,round2-import\t160-quality-20261007T014124Z-fbbe8ec7\runs\t160-quality-20261007T014124Z-fbbe8ec7-11-IMP-MIXED-r2\result.json
t160-quality-20261007T014124Z-fbbe8ec7-11-IMP-MIXED-r2,IMP-MIXED,2,automatic,545de13f-3fe9-524b-a917-7ab04807806f,2679d9e9-e027-444f-a267-305030efef24,native_text,options,source_provided,True,True,"[""正确"", ""错误""]","[""正确"", ""错误""]",matched,round2-import\t160-quality-20261007T014124Z-fbbe8ec7\runs\t160-quality-20261007T014124Z-fbbe8ec7-11-IMP-MIXED-r2\result.json
t160-quality-20261007T014124Z-fbbe8ec7-11-IMP-MIXED-r2,IMP-MIXED,2,automatic,545de13f-3fe9-524b-a917-7ab04807806f,2679d9e9-e027-444f-a267-305030efef24,native_text,reference_answer,known_missing,True,True,,,matched,round2-import\t160-quality-20261007T014124Z-fbbe8ec7\runs\t160-quality-20261007T014124Z-fbbe8ec7-11-IMP-MIXED-r2\result.json
t160-quality-20261007T014124Z-fbbe8ec7-11-IMP-MIXED-r2,IMP-MIXED,2,automatic,545de13f-3fe9-524b-a917-7ab04807806f,2679d9e9-e027-444f-a267-305030efef24,native_text,analysis,known_missing,True,True,,,matched,round2-import\t160-quality-20261007T014124Z-fbbe8ec7\runs\t160-quality-20261007T014124Z-fbbe8ec7-11-IMP-MIXED-r2\result.json
t160-quality-20261007T014124Z-fbbe8ec7-11-IMP-MIXED-r2,IMP-MIXED,2,automatic,545de13f-3fe9-524b-a917-7ab04807806f,2679d9e9-e027-444f-a267-305030efef24,native_text,score,source_provided,True,True,2.00,2.00,matched,round2-import\t160-quality-20261007T014124Z-fbbe8ec7\runs\t160-quality-20261007T014124Z-fbbe8ec7-11-IMP-MIXED-r2\result.json
t160-quality-20261007T014124Z-fbbe8ec7-11-IMP-MIXED-r2,IMP-MIXED,2,automatic,545de13f-3fe9-524b-a917-7ab04807806f,2679d9e9-e027-444f-a267-305030efef24,native_text,scoring_rubric,known_missing,True,True,,,matched,round2-import\t160-quality-20261007T014124Z-fbbe8ec7\runs\t160-quality-20261007T014124Z-fbbe8ec7-11-IMP-MIXED-r2\result.json
t160-quality-20261007T014124Z-fbbe8ec7-11-IMP-MIXED-r2,IMP-MIXED,2,automatic,545de13f-3fe9-524b-a917-7ab04807806f,2679d9e9-e027-444f-a267-305030efef24,native_text,knowledge_points,known_missing,True,True,[],[],matched,round2-import\t160-quality-20261007T014124Z-fbbe8ec7\runs\t160-quality-20261007T014124Z-fbbe8ec7-11-IMP-MIXED-r2\result.json
t160-quality-20261007T014124Z-fbbe8ec7-11-IMP-MIXED-r2,IMP-MIXED,2,automatic,545de13f-3fe9-524b-a917-7ab04807806f,2679d9e9-e027-444f-a267-305030efef24,native_text,source_regions,unknown,False,,,,reference_unknown,round2-import\t160-quality-20261007T014124Z-fbbe8ec7\runs\t160-quality-20261007T014124Z-fbbe8ec7-11-IMP-MIXED-r2\result.json
t160-quality-20261007T014124Z-fbbe8ec7-11-IMP-MIXED-r2,IMP-MIXED,2,automatic,545de13f-3fe9-524b-a917-7ab04807806f,2679d9e9-e027-444f-a267-305030efef24,native_text,assets,source_provided,True,False,"[{""asset_type"": ""figure"", ""source_page_number"": 1, ""order_index"": 1}]",,matched,round2-import\t160-quality-20261007T014124Z-fbbe8ec7\runs\t160-quality-20261007T014124Z-fbbe8ec7-11-IMP-MIXED-r2\result.json
t160-quality-20261007T014124Z-fbbe8ec7-11-IMP-MIXED-r2,IMP-MIXED,2,automatic,85533f46-eb86-5893-8742-33939e77750f,9063bc21-9839-4d32-9bab-4b27c70720c1,native_text,question_number,source_provided,True,True,3,3,matched,round2-import\t160-quality-20261007T014124Z-fbbe8ec7\runs\t160-quality-20261007T014124Z-fbbe8ec7-11-IMP-MIXED-r2\result.json
t160-quality-20261007T014124Z-fbbe8ec7-11-IMP-MIXED-r2,IMP-MIXED,2,automatic,85533f46-eb86-5893-8742-33939e77750f,9063bc21-9839-4d32-9bab-4b27c70720c1,native_text,order_index,source_provided,True,True,3,3,matched,round2-import\t160-quality-20261007T014124Z-fbbe8ec7\runs\t160-quality-20261007T014124Z-fbbe8ec7-11-IMP-MIXED-r2\result.json
t160-quality-20261007T014124Z-fbbe8ec7-11-IMP-MIXED-r2,IMP-MIXED,2,automatic,85533f46-eb86-5893-8742-33939e77750f,9063bc21-9839-4d32-9bab-4b27c70720c1,native_text,source_page_numbers,source_provided,True,True,[1],[1],matched,round2-import\t160-quality-20261007T014124Z-fbbe8ec7\runs\t160-quality-20261007T014124Z-fbbe8ec7-11-IMP-MIXED-r2\result.json
t160-quality-20261007T014124Z-fbbe8ec7-11-IMP-MIXED-r2,IMP-MIXED,2,automatic,85533f46-eb86-5893-8742-33939e77750f,9063bc21-9839-4d32-9bab-4b27c70720c1,native_text,question_type,source_provided,True,True,SHORT_ANSWER,SHORT_ANSWER,matched,round2-import\t160-quality-20261007T014124Z-fbbe8ec7\runs\t160-quality-20261007T014124Z-fbbe8ec7-11-IMP-MIXED-r2\result.json
t160-quality-20261007T014124Z-fbbe8ec7-11-IMP-MIXED-r2,IMP-MIXED,2,automatic,85533f46-eb86-5893-8742-33939e77750f,9063bc21-9839-4d32-9bab-4b27c70720c1,native_text,content,source_provided,True,True,根据下表写出 y 关于 x 的关系式。,根据下表写出 y 关于 x 的关系式。,matched,round2-import\t160-quality-20261007T014124Z-fbbe8ec7\runs\t160-quality-20261007T014124Z-fbbe8ec7-11-IMP-MIXED-r2\result.json
t160-quality-20261007T014124Z-fbbe8ec7-11-IMP-MIXED-r2,IMP-MIXED,2,automatic,85533f46-eb86-5893-8742-33939e77750f,9063bc21-9839-4d32-9bab-4b27c70720c1,native_text,options,not_applicable,True,True,,,matched,round2-import\t160-quality-20261007T014124Z-fbbe8ec7\runs\t160-quality-20261007T014124Z-fbbe8ec7-11-IMP-MIXED-r2\result.json
t160-quality-20261007T014124Z-fbbe8ec7-11-IMP-MIXED-r2,IMP-MIXED,2,automatic,85533f46-eb86-5893-8742-33939e77750f,9063bc21-9839-4d32-9bab-4b27c70720c1,native_text,reference_answer,known_missing,True,True,,,matched,round2-import\t160-quality-20261007T014124Z-fbbe8ec7\runs\t160-quality-20261007T014124Z-fbbe8ec7-11-IMP-MIXED-r2\result.json
t160-quality-20261007T014124Z-fbbe8ec7-11-IMP-MIXED-r2,IMP-MIXED,2,automatic,85533f46-eb86-5893-8742-33939e77750f,9063bc21-9839-4d32-9bab-4b27c70720c1,native_text,analysis,known_missing,True,True,,,matched,round2-import\t160-quality-20261007T014124Z-fbbe8ec7\runs\t160-quality-20261007T014124Z-fbbe8ec7-11-IMP-MIXED-r2\result.json
t160-quality-20261007T014124Z-fbbe8ec7-11-IMP-MIXED-r2,IMP-MIXED,2,automatic,85533f46-eb86-5893-8742-33939e77750f,9063bc21-9839-4d32-9bab-4b27c70720c1,native_text,score,source_provided,True,True,3.00,3.00,matched,round2-import\t160-quality-20261007T014124Z-fbbe8ec7\runs\t160-quality-20261007T014124Z-fbbe8ec7-11-IMP-MIXED-r2\result.json
t160-quality-20261007T014124Z-fbbe8ec7-11-IMP-MIXED-r2,IMP-MIXED,2,automatic,85533f46-eb86-5893-8742-33939e77750f,9063bc21-9839-4d32-9bab-4b27c70720c1,native_text,scoring_rubric,source_provided,True,True,正确关系式 1.00；说明代入过程 2.00。,正确关系式 1.00；说明代入过程 2.00。,matched,round2-import\t160-quality-20261007T014124Z-fbbe8ec7\runs\t160-quality-20261007T014124Z-fbbe8ec7-11-IMP-MIXED-r2\result.json
t160-quality-20261007T014124Z-fbbe8ec7-11-IMP-MIXED-r2,IMP-MIXED,2,automatic,85533f46-eb86-5893-8742-33939e77750f,9063bc21-9839-4d32-9bab-4b27c70720c1,native_text,knowledge_points,source_provided,True,True,"[""一次函数"", ""表达与计算""]","[""一次函数"", ""表达与计算""]",matched,round2-import\t160-quality-20261007T014124Z-fbbe8ec7\runs\t160-quality-20261007T014124Z-fbbe8ec7-11-IMP-MIXED-r2\result.json
t160-quality-20261007T014124Z-fbbe8ec7-11-IMP-MIXED-r2,IMP-MIXED,2,automatic,85533f46-eb86-5893-8742-33939e77750f,9063bc21-9839-4d32-9bab-4b27c70720c1,native_text,source_regions,unknown,False,,,,reference_unknown,round2-import\t160-quality-20261007T014124Z-fbbe8ec7\runs\t160-quality-20261007T014124Z-fbbe8ec7-11-IMP-MIXED-r2\result.json
t160-quality-20261007T014124Z-fbbe8ec7-11-IMP-MIXED-r2,IMP-MIXED,2,automatic,85533f46-eb86-5893-8742-33939e77750f,9063bc21-9839-4d32-9bab-4b27c70720c1,native_text,assets,source_provided,True,False,"[{""asset_type"": ""table"", ""source_page_number"": 1, ""order_index"": 1}]",,matched,round2-import\t160-quality-20261007T014124Z-fbbe8ec7\runs\t160-quality-20261007T014124Z-fbbe8ec7-11-IMP-MIXED-r2\result.json
t160-quality-20261007T014124Z-fbbe8ec7-11-IMP-MIXED-r2,IMP-MIXED,2,automatic,0fa8d57e-58c2-5aa4-b8cd-e52e96380a38,622740dd-cdbc-46a4-ac33-d05fa00266d9,ocr_required,question_number,source_provided,True,True,4,4,matched,round2-import\t160-quality-20261007T014124Z-fbbe8ec7\runs\t160-quality-20261007T014124Z-fbbe8ec7-11-IMP-MIXED-r2\result.json
t160-quality-20261007T014124Z-fbbe8ec7-11-IMP-MIXED-r2,IMP-MIXED,2,automatic,0fa8d57e-58c2-5aa4-b8cd-e52e96380a38,622740dd-cdbc-46a4-ac33-d05fa00266d9,ocr_required,order_index,source_provided,True,True,4,4,matched,round2-import\t160-quality-20261007T014124Z-fbbe8ec7\runs\t160-quality-20261007T014124Z-fbbe8ec7-11-IMP-MIXED-r2\result.json
t160-quality-20261007T014124Z-fbbe8ec7-11-IMP-MIXED-r2,IMP-MIXED,2,automatic,0fa8d57e-58c2-5aa4-b8cd-e52e96380a38,622740dd-cdbc-46a4-ac33-d05fa00266d9,ocr_required,source_page_numbers,source_provided,True,True,[2],[2],matched,round2-import\t160-quality-20261007T014124Z-fbbe8ec7\runs\t160-quality-20261007T014124Z-fbbe8ec7-11-IMP-MIXED-r2\result.json
t160-quality-20261007T014124Z-fbbe8ec7-11-IMP-MIXED-r2,IMP-MIXED,2,automatic,0fa8d57e-58c2-5aa4-b8cd-e52e96380a38,622740dd-cdbc-46a4-ac33-d05fa00266d9,ocr_required,question_type,source_provided,True,True,SINGLE_CHOICE,SINGLE_CHOICE,matched,round2-import\t160-quality-20261007T014124Z-fbbe8ec7\runs\t160-quality-20261007T014124Z-fbbe8ec7-11-IMP-MIXED-r2\result.json
t160-quality-20261007T014124Z-fbbe8ec7-11-IMP-MIXED-r2,IMP-MIXED,2,automatic,0fa8d57e-58c2-5aa4-b8cd-e52e96380a38,622740dd-cdbc-46a4-ac33-d05fa00266d9,ocr_required,content,source_provided,True,True,y = 2x + 1，x = 3 时 y 为多少？,y = 2x + 1，x = 3 时 y 为多少？,matched,round2-import\t160-quality-20261007T014124Z-fbbe8ec7\runs\t160-quality-20261007T014124Z-fbbe8ec7-11-IMP-MIXED-r2\result.json
t160-quality-20261007T014124Z-fbbe8ec7-11-IMP-MIXED-r2,IMP-MIXED,2,automatic,0fa8d57e-58c2-5aa4-b8cd-e52e96380a38,622740dd-cdbc-46a4-ac33-d05fa00266d9,ocr_required,options,source_provided,True,True,"{""C"": ""7"", ""A"": ""5"", ""B"": ""6"", ""D"": ""8""}","{""C"": ""7"", ""A"": ""5"", ""B"": ""6"", ""D"": ""8""}",matched,round2-import\t160-quality-20261007T014124Z-fbbe8ec7\runs\t160-quality-20261007T014124Z-fbbe8ec7-11-IMP-MIXED-r2\result.json
t160-quality-20261007T014124Z-fbbe8ec7-11-IMP-MIXED-r2,IMP-MIXED,2,automatic,0fa8d57e-58c2-5aa4-b8cd-e52e96380a38,622740dd-cdbc-46a4-ac33-d05fa00266d9,ocr_required,reference_answer,source_provided,True,True,C,C,matched,round2-import\t160-quality-20261007T014124Z-fbbe8ec7\runs\t160-quality-20261007T014124Z-fbbe8ec7-11-IMP-MIXED-r2\result.json
t160-quality-20261007T014124Z-fbbe8ec7-11-IMP-MIXED-r2,IMP-MIXED,2,automatic,0fa8d57e-58c2-5aa4-b8cd-e52e96380a38,622740dd-cdbc-46a4-ac33-d05fa00266d9,ocr_required,analysis,source_provided,True,False,2 × 3 + 1 = 7。,2 × 3 +1=7。,matched,round2-import\t160-quality-20261007T014124Z-fbbe8ec7\runs\t160-quality-20261007T014124Z-fbbe8ec7-11-IMP-MIXED-r2\result.json
t160-quality-20261007T014124Z-fbbe8ec7-11-IMP-MIXED-r2,IMP-MIXED,2,automatic,0fa8d57e-58c2-5aa4-b8cd-e52e96380a38,622740dd-cdbc-46a4-ac33-d05fa00266d9,ocr_required,score,source_provided,True,True,2.00,2.00,matched,round2-import\t160-quality-20261007T014124Z-fbbe8ec7\runs\t160-quality-20261007T014124Z-fbbe8ec7-11-IMP-MIXED-r2\result.json
t160-quality-20261007T014124Z-fbbe8ec7-11-IMP-MIXED-r2,IMP-MIXED,2,automatic,0fa8d57e-58c2-5aa4-b8cd-e52e96380a38,622740dd-cdbc-46a4-ac33-d05fa00266d9,ocr_required,scoring_rubric,known_missing,True,True,,,matched,round2-import\t160-quality-20261007T014124Z-fbbe8ec7\runs\t160-quality-20261007T014124Z-fbbe8ec7-11-IMP-MIXED-r2\result.json
t160-quality-20261007T014124Z-fbbe8ec7-11-IMP-MIXED-r2,IMP-MIXED,2,automatic,0fa8d57e-58c2-5aa4-b8cd-e52e96380a38,622740dd-cdbc-46a4-ac33-d05fa00266d9,ocr_required,knowledge_points,known_missing,True,True,[],[],matched,round2-import\t160-quality-20261007T014124Z-fbbe8ec7\runs\t160-quality-20261007T014124Z-fbbe8ec7-11-IMP-MIXED-r2\result.json
t160-quality-20261007T014124Z-fbbe8ec7-11-IMP-MIXED-r2,IMP-MIXED,2,automatic,0fa8d57e-58c2-5aa4-b8cd-e52e96380a38,622740dd-cdbc-46a4-ac33-d05fa00266d9,ocr_required,source_regions,unknown,False,,,,reference_unknown,round2-import\t160-quality-20261007T014124Z-fbbe8ec7\runs\t160-quality-20261007T014124Z-fbbe8ec7-11-IMP-MIXED-r2\result.json
t160-quality-20261007T014124Z-fbbe8ec7-11-IMP-MIXED-r2,IMP-MIXED,2,automatic,0fa8d57e-58c2-5aa4-b8cd-e52e96380a38,622740dd-cdbc-46a4-ac33-d05fa00266d9,ocr_required,assets,source_provided,True,False,[],,matched,round2-import\t160-quality-20261007T014124Z-fbbe8ec7\runs\t160-quality-20261007T014124Z-fbbe8ec7-11-IMP-MIXED-r2\result.json
t160-quality-20261007T014124Z-fbbe8ec7-11-IMP-MIXED-r2,IMP-MIXED,2,automatic,455720b9-9061-5bce-83af-d6d53c6c84e1,7dfad851-db1b-498d-8c02-4289d2b1a5a4,ocr_required,question_number,source_provided,True,True,5,5,matched,round2-import\t160-quality-20261007T014124Z-fbbe8ec7\runs\t160-quality-20261007T014124Z-fbbe8ec7-11-IMP-MIXED-r2\result.json
t160-quality-20261007T014124Z-fbbe8ec7-11-IMP-MIXED-r2,IMP-MIXED,2,automatic,455720b9-9061-5bce-83af-d6d53c6c84e1,7dfad851-db1b-498d-8c02-4289d2b1a5a4,ocr_required,order_index,source_provided,True,True,5,5,matched,round2-import\t160-quality-20261007T014124Z-fbbe8ec7\runs\t160-quality-20261007T014124Z-fbbe8ec7-11-IMP-MIXED-r2\result.json
t160-quality-20261007T014124Z-fbbe8ec7-11-IMP-MIXED-r2,IMP-MIXED,2,automatic,455720b9-9061-5bce-83af-d6d53c6c84e1,7dfad851-db1b-498d-8c02-4289d2b1a5a4,ocr_required,source_page_numbers,source_provided,True,True,[2],[2],matched,round2-import\t160-quality-20261007T014124Z-fbbe8ec7\runs\t160-quality-20261007T014124Z-fbbe8ec7-11-IMP-MIXED-r2\result.json
t160-quality-20261007T014124Z-fbbe8ec7-11-IMP-MIXED-r2,IMP-MIXED,2,automatic,455720b9-9061-5bce-83af-d6d53c6c84e1,7dfad851-db1b-498d-8c02-4289d2b1a5a4,ocr_required,question_type,source_provided,True,True,TRUE_FALSE,TRUE_FALSE,matched,round2-import\t160-quality-20261007T014124Z-fbbe8ec7\runs\t160-quality-20261007T014124Z-fbbe8ec7-11-IMP-MIXED-r2\result.json
t160-quality-20261007T014124Z-fbbe8ec7-11-IMP-MIXED-r2,IMP-MIXED,2,automatic,455720b9-9061-5bce-83af-d6d53c6c84e1,7dfad851-db1b-498d-8c02-4289d2b1a5a4,ocr_required,content,source_provided,True,True,右图三角形面积为 24 cm²。,右图三角形面积为 24 cm²。,matched,round2-import\t160-quality-20261007T014124Z-fbbe8ec7\runs\t160-quality-20261007T014124Z-fbbe8ec7-11-IMP-MIXED-r2\result.json
t160-quality-20261007T014124Z-fbbe8ec7-11-IMP-MIXED-r2,IMP-MIXED,2,automatic,455720b9-9061-5bce-83af-d6d53c6c84e1,7dfad851-db1b-498d-8c02-4289d2b1a5a4,ocr_required,options,source_provided,True,True,"[""正确"", ""错误""]","[""正确"", ""错误""]",matched,round2-import\t160-quality-20261007T014124Z-fbbe8ec7\runs\t160-quality-20261007T014124Z-fbbe8ec7-11-IMP-MIXED-r2\result.json
t160-quality-20261007T014124Z-fbbe8ec7-11-IMP-MIXED-r2,IMP-MIXED,2,automatic,455720b9-9061-5bce-83af-d6d53c6c84e1,7dfad851-db1b-498d-8c02-4289d2b1a5a4,ocr_required,reference_answer,known_missing,True,True,,,matched,round2-import\t160-quality-20261007T014124Z-fbbe8ec7\runs\t160-quality-20261007T014124Z-fbbe8ec7-11-IMP-MIXED-r2\result.json
t160-quality-20261007T014124Z-fbbe8ec7-11-IMP-MIXED-r2,IMP-MIXED,2,automatic,455720b9-9061-5bce-83af-d6d53c6c84e1,7dfad851-db1b-498d-8c02-4289d2b1a5a4,ocr_required,analysis,known_missing,True,True,,,matched,round2-import\t160-quality-20261007T014124Z-fbbe8ec7\runs\t160-quality-20261007T014124Z-fbbe8ec7-11-IMP-MIXED-r2\result.json
t160-quality-20261007T014124Z-fbbe8ec7-11-IMP-MIXED-r2,IMP-MIXED,2,automatic,455720b9-9061-5bce-83af-d6d53c6c84e1,7dfad851-db1b-498d-8c02-4289d2b1a5a4,ocr_required,score,source_provided,True,True,2.00,2.00,matched,round2-import\t160-quality-20261007T014124Z-fbbe8ec7\runs\t160-quality-20261007T014124Z-fbbe8ec7-11-IMP-MIXED-r2\result.json
t160-quality-20261007T014124Z-fbbe8ec7-11-IMP-MIXED-r2,IMP-MIXED,2,automatic,455720b9-9061-5bce-83af-d6d53c6c84e1,7dfad851-db1b-498d-8c02-4289d2b1a5a4,ocr_required,scoring_rubric,known_missing,True,True,,,matched,round2-import\t160-quality-20261007T014124Z-fbbe8ec7\runs\t160-quality-20261007T014124Z-fbbe8ec7-11-IMP-MIXED-r2\result.json
t160-quality-20261007T014124Z-fbbe8ec7-11-IMP-MIXED-r2,IMP-MIXED,2,automatic,455720b9-9061-5bce-83af-d6d53c6c84e1,7dfad851-db1b-498d-8c02-4289d2b1a5a4,ocr_required,knowledge_points,known_missing,True,True,[],[],matched,round2-import\t160-quality-20261007T014124Z-fbbe8ec7\runs\t160-quality-20261007T014124Z-fbbe8ec7-11-IMP-MIXED-r2\result.json
t160-quality-20261007T014124Z-fbbe8ec7-11-IMP-MIXED-r2,IMP-MIXED,2,automatic,455720b9-9061-5bce-83af-d6d53c6c84e1,7dfad851-db1b-498d-8c02-4289d2b1a5a4,ocr_required,source_regions,unknown,False,,,,reference_unknown,round2-import\t160-quality-20261007T014124Z-fbbe8ec7\runs\t160-quality-20261007T014124Z-fbbe8ec7-11-IMP-MIXED-r2\result.json
t160-quality-20261007T014124Z-fbbe8ec7-11-IMP-MIXED-r2,IMP-MIXED,2,automatic,455720b9-9061-5bce-83af-d6d53c6c84e1,7dfad851-db1b-498d-8c02-4289d2b1a5a4,ocr_required,assets,source_provided,True,False,"[{""asset_type"": ""figure"", ""source_page_number"": 2, ""order_index"": 1}]",,matched,round2-import\t160-quality-20261007T014124Z-fbbe8ec7\runs\t160-quality-20261007T014124Z-fbbe8ec7-11-IMP-MIXED-r2\result.json
t160-quality-20261007T014124Z-fbbe8ec7-11-IMP-MIXED-r2,IMP-MIXED,2,automatic,bf862f8d-df39-5559-bab5-d942fccb2432,6624a49d-e825-4e7a-af0e-a6b3da890cf8,ocr_required,question_number,source_provided,True,True,6,6,matched,round2-import\t160-quality-20261007T014124Z-fbbe8ec7\runs\t160-quality-20261007T014124Z-fbbe8ec7-11-IMP-MIXED-r2\result.json
t160-quality-20261007T014124Z-fbbe8ec7-11-IMP-MIXED-r2,IMP-MIXED,2,automatic,bf862f8d-df39-5559-bab5-d942fccb2432,6624a49d-e825-4e7a-af0e-a6b3da890cf8,ocr_required,order_index,source_provided,True,True,6,6,matched,round2-import\t160-quality-20261007T014124Z-fbbe8ec7\runs\t160-quality-20261007T014124Z-fbbe8ec7-11-IMP-MIXED-r2\result.json
t160-quality-20261007T014124Z-fbbe8ec7-11-IMP-MIXED-r2,IMP-MIXED,2,automatic,bf862f8d-df39-5559-bab5-d942fccb2432,6624a49d-e825-4e7a-af0e-a6b3da890cf8,ocr_required,source_page_numbers,source_provided,True,True,[2],[2],matched,round2-import\t160-quality-20261007T014124Z-fbbe8ec7\runs\t160-quality-20261007T014124Z-fbbe8ec7-11-IMP-MIXED-r2\result.json
t160-quality-20261007T014124Z-fbbe8ec7-11-IMP-MIXED-r2,IMP-MIXED,2,automatic,bf862f8d-df39-5559-bab5-d942fccb2432,6624a49d-e825-4e7a-af0e-a6b3da890cf8,ocr_required,question_type,source_provided,True,True,SHORT_ANSWER,SHORT_ANSWER,matched,round2-import\t160-quality-20261007T014124Z-fbbe8ec7\runs\t160-quality-20261007T014124Z-fbbe8ec7-11-IMP-MIXED-r2\result.json
t160-quality-20261007T014124Z-fbbe8ec7-11-IMP-MIXED-r2,IMP-MIXED,2,automatic,bf862f8d-df39-5559-bab5-d942fccb2432,6624a49d-e825-4e7a-af0e-a6b3da890cf8,ocr_required,content,source_provided,True,True,根据下表写出 y 关于 x 的关系式。,根据下表写出 y 关于 x 的关系式。,matched,round2-import\t160-quality-20261007T014124Z-fbbe8ec7\runs\t160-quality-20261007T014124Z-fbbe8ec7-11-IMP-MIXED-r2\result.json
t160-quality-20261007T014124Z-fbbe8ec7-11-IMP-MIXED-r2,IMP-MIXED,2,automatic,bf862f8d-df39-5559-bab5-d942fccb2432,6624a49d-e825-4e7a-af0e-a6b3da890cf8,ocr_required,options,not_applicable,True,True,,,matched,round2-import\t160-quality-20261007T014124Z-fbbe8ec7\runs\t160-quality-20261007T014124Z-fbbe8ec7-11-IMP-MIXED-r2\result.json
t160-quality-20261007T014124Z-fbbe8ec7-11-IMP-MIXED-r2,IMP-MIXED,2,automatic,bf862f8d-df39-5559-bab5-d942fccb2432,6624a49d-e825-4e7a-af0e-a6b3da890cf8,ocr_required,reference_answer,known_missing,True,True,,,matched,round2-import\t160-quality-20261007T014124Z-fbbe8ec7\runs\t160-quality-20261007T014124Z-fbbe8ec7-11-IMP-MIXED-r2\result.json
t160-quality-20261007T014124Z-fbbe8ec7-11-IMP-MIXED-r2,IMP-MIXED,2,automatic,bf862f8d-df39-5559-bab5-d942fccb2432,6624a49d-e825-4e7a-af0e-a6b3da890cf8,ocr_required,analysis,known_missing,True,True,,,matched,round2-import\t160-quality-20261007T014124Z-fbbe8ec7\runs\t160-quality-20261007T014124Z-fbbe8ec7-11-IMP-MIXED-r2\result.json
t160-quality-20261007T014124Z-fbbe8ec7-11-IMP-MIXED-r2,IMP-MIXED,2,automatic,bf862f8d-df39-5559-bab5-d942fccb2432,6624a49d-e825-4e7a-af0e-a6b3da890cf8,ocr_required,score,source_provided,True,True,3.00,3.00,matched,round2-import\t160-quality-20261007T014124Z-fbbe8ec7\runs\t160-quality-20261007T014124Z-fbbe8ec7-11-IMP-MIXED-r2\result.json
t160-quality-20261007T014124Z-fbbe8ec7-11-IMP-MIXED-r2,IMP-MIXED,2,automatic,bf862f8d-df39-5559-bab5-d942fccb2432,6624a49d-e825-4e7a-af0e-a6b3da890cf8,ocr_required,scoring_rubric,source_provided,True,True,正确关系式 1.00；说明代入过程 2.00。,正确关系式 1.00；说明代入过程 2.00。,matched,round2-import\t160-quality-20261007T014124Z-fbbe8ec7\runs\t160-quality-20261007T014124Z-fbbe8ec7-11-IMP-MIXED-r2\result.json
t160-quality-20261007T014124Z-fbbe8ec7-11-IMP-MIXED-r2,IMP-MIXED,2,automatic,bf862f8d-df39-5559-bab5-d942fccb2432,6624a49d-e825-4e7a-af0e-a6b3da890cf8,ocr_required,knowledge_points,source_provided,True,True,"[""一次函数"", ""表达与计算""]","[""一次函数"", ""表达与计算""]",matched,round2-import\t160-quality-20261007T014124Z-fbbe8ec7\runs\t160-quality-20261007T014124Z-fbbe8ec7-11-IMP-MIXED-r2\result.json
t160-quality-20261007T014124Z-fbbe8ec7-11-IMP-MIXED-r2,IMP-MIXED,2,automatic,bf862f8d-df39-5559-bab5-d942fccb2432,6624a49d-e825-4e7a-af0e-a6b3da890cf8,ocr_required,source_regions,unknown,False,,,,reference_unknown,round2-import\t160-quality-20261007T014124Z-fbbe8ec7\runs\t160-quality-20261007T014124Z-fbbe8ec7-11-IMP-MIXED-r2\result.json
t160-quality-20261007T014124Z-fbbe8ec7-11-IMP-MIXED-r2,IMP-MIXED,2,automatic,bf862f8d-df39-5559-bab5-d942fccb2432,6624a49d-e825-4e7a-af0e-a6b3da890cf8,ocr_required,assets,source_provided,True,False,"[{""asset_type"": ""table"", ""source_page_number"": 2, ""order_index"": 1}]",,matched,round2-import\t160-quality-20261007T014124Z-fbbe8ec7\runs\t160-quality-20261007T014124Z-fbbe8ec7-11-IMP-MIXED-r2\result.json
t160-quality-20261007T014124Z-fbbe8ec7-12-IMP-MIXED-r3,IMP-MIXED,3,automatic,1faa8619-84cc-5d65-86ae-244c7f68645e,c92788b7-5046-4456-84d6-7618a22ab060,native_text,question_number,source_provided,True,True,1,1,matched,round2-import\t160-quality-20261007T014124Z-fbbe8ec7\runs\t160-quality-20261007T014124Z-fbbe8ec7-12-IMP-MIXED-r3\result.json
t160-quality-20261007T014124Z-fbbe8ec7-12-IMP-MIXED-r3,IMP-MIXED,3,automatic,1faa8619-84cc-5d65-86ae-244c7f68645e,c92788b7-5046-4456-84d6-7618a22ab060,native_text,order_index,source_provided,True,True,1,1,matched,round2-import\t160-quality-20261007T014124Z-fbbe8ec7\runs\t160-quality-20261007T014124Z-fbbe8ec7-12-IMP-MIXED-r3\result.json
t160-quality-20261007T014124Z-fbbe8ec7-12-IMP-MIXED-r3,IMP-MIXED,3,automatic,1faa8619-84cc-5d65-86ae-244c7f68645e,c92788b7-5046-4456-84d6-7618a22ab060,native_text,source_page_numbers,source_provided,True,True,[1],[1],matched,round2-import\t160-quality-20261007T014124Z-fbbe8ec7\runs\t160-quality-20261007T014124Z-fbbe8ec7-12-IMP-MIXED-r3\result.json
t160-quality-20261007T014124Z-fbbe8ec7-12-IMP-MIXED-r3,IMP-MIXED,3,automatic,1faa8619-84cc-5d65-86ae-244c7f68645e,c92788b7-5046-4456-84d6-7618a22ab060,native_text,question_type,source_provided,True,True,SINGLE_CHOICE,SINGLE_CHOICE,matched,round2-import\t160-quality-20261007T014124Z-fbbe8ec7\runs\t160-quality-20261007T014124Z-fbbe8ec7-12-IMP-MIXED-r3\result.json
t160-quality-20261007T014124Z-fbbe8ec7-12-IMP-MIXED-r3,IMP-MIXED,3,automatic,1faa8619-84cc-5d65-86ae-244c7f68645e,c92788b7-5046-4456-84d6-7618a22ab060,native_text,content,source_provided,True,True,y = 2x + 1，x = 3 时 y 为多少？,y = 2x + 1，x = 3 时 y 为多少？,matched,round2-import\t160-quality-20261007T014124Z-fbbe8ec7\runs\t160-quality-20261007T014124Z-fbbe8ec7-12-IMP-MIXED-r3\result.json
t160-quality-20261007T014124Z-fbbe8ec7-12-IMP-MIXED-r3,IMP-MIXED,3,automatic,1faa8619-84cc-5d65-86ae-244c7f68645e,c92788b7-5046-4456-84d6-7618a22ab060,native_text,options,source_provided,True,True,"{""C"": ""7"", ""A"": ""5"", ""B"": ""6"", ""D"": ""8""}","{""C"": ""7"", ""A"": ""5"", ""B"": ""6"", ""D"": ""8""}",matched,round2-import\t160-quality-20261007T014124Z-fbbe8ec7\runs\t160-quality-20261007T014124Z-fbbe8ec7-12-IMP-MIXED-r3\result.json
t160-quality-20261007T014124Z-fbbe8ec7-12-IMP-MIXED-r3,IMP-MIXED,3,automatic,1faa8619-84cc-5d65-86ae-244c7f68645e,c92788b7-5046-4456-84d6-7618a22ab060,native_text,reference_answer,source_provided,True,True,C,C,matched,round2-import\t160-quality-20261007T014124Z-fbbe8ec7\runs\t160-quality-20261007T014124Z-fbbe8ec7-12-IMP-MIXED-r3\result.json
t160-quality-20261007T014124Z-fbbe8ec7-12-IMP-MIXED-r3,IMP-MIXED,3,automatic,1faa8619-84cc-5d65-86ae-244c7f68645e,c92788b7-5046-4456-84d6-7618a22ab060,native_text,analysis,source_provided,True,True,2 × 3 + 1 = 7。,2 × 3 + 1 = 7。,matched,round2-import\t160-quality-20261007T014124Z-fbbe8ec7\runs\t160-quality-20261007T014124Z-fbbe8ec7-12-IMP-MIXED-r3\result.json
t160-quality-20261007T014124Z-fbbe8ec7-12-IMP-MIXED-r3,IMP-MIXED,3,automatic,1faa8619-84cc-5d65-86ae-244c7f68645e,c92788b7-5046-4456-84d6-7618a22ab060,native_text,score,source_provided,True,True,2.00,2.00,matched,round2-import\t160-quality-20261007T014124Z-fbbe8ec7\runs\t160-quality-20261007T014124Z-fbbe8ec7-12-IMP-MIXED-r3\result.json
t160-quality-20261007T014124Z-fbbe8ec7-12-IMP-MIXED-r3,IMP-MIXED,3,automatic,1faa8619-84cc-5d65-86ae-244c7f68645e,c92788b7-5046-4456-84d6-7618a22ab060,native_text,scoring_rubric,known_missing,True,True,,,matched,round2-import\t160-quality-20261007T014124Z-fbbe8ec7\runs\t160-quality-20261007T014124Z-fbbe8ec7-12-IMP-MIXED-r3\result.json
t160-quality-20261007T014124Z-fbbe8ec7-12-IMP-MIXED-r3,IMP-MIXED,3,automatic,1faa8619-84cc-5d65-86ae-244c7f68645e,c92788b7-5046-4456-84d6-7618a22ab060,native_text,knowledge_points,known_missing,True,True,[],[],matched,round2-import\t160-quality-20261007T014124Z-fbbe8ec7\runs\t160-quality-20261007T014124Z-fbbe8ec7-12-IMP-MIXED-r3\result.json
t160-quality-20261007T014124Z-fbbe8ec7-12-IMP-MIXED-r3,IMP-MIXED,3,automatic,1faa8619-84cc-5d65-86ae-244c7f68645e,c92788b7-5046-4456-84d6-7618a22ab060,native_text,source_regions,unknown,False,,,,reference_unknown,round2-import\t160-quality-20261007T014124Z-fbbe8ec7\runs\t160-quality-20261007T014124Z-fbbe8ec7-12-IMP-MIXED-r3\result.json
t160-quality-20261007T014124Z-fbbe8ec7-12-IMP-MIXED-r3,IMP-MIXED,3,automatic,1faa8619-84cc-5d65-86ae-244c7f68645e,c92788b7-5046-4456-84d6-7618a22ab060,native_text,assets,source_provided,True,False,[],,matched,round2-import\t160-quality-20261007T014124Z-fbbe8ec7\runs\t160-quality-20261007T014124Z-fbbe8ec7-12-IMP-MIXED-r3\result.json
t160-quality-20261007T014124Z-fbbe8ec7-12-IMP-MIXED-r3,IMP-MIXED,3,automatic,545de13f-3fe9-524b-a917-7ab04807806f,663a41e1-d9ef-4b58-a09d-dd2ccb5be2b6,native_text,question_number,source_provided,True,True,2,2,matched,round2-import\t160-quality-20261007T014124Z-fbbe8ec7\runs\t160-quality-20261007T014124Z-fbbe8ec7-12-IMP-MIXED-r3\result.json
t160-quality-20261007T014124Z-fbbe8ec7-12-IMP-MIXED-r3,IMP-MIXED,3,automatic,545de13f-3fe9-524b-a917-7ab04807806f,663a41e1-d9ef-4b58-a09d-dd2ccb5be2b6,native_text,order_index,source_provided,True,True,2,2,matched,round2-import\t160-quality-20261007T014124Z-fbbe8ec7\runs\t160-quality-20261007T014124Z-fbbe8ec7-12-IMP-MIXED-r3\result.json
t160-quality-20261007T014124Z-fbbe8ec7-12-IMP-MIXED-r3,IMP-MIXED,3,automatic,545de13f-3fe9-524b-a917-7ab04807806f,663a41e1-d9ef-4b58-a09d-dd2ccb5be2b6,native_text,source_page_numbers,source_provided,True,True,[1],[1],matched,round2-import\t160-quality-20261007T014124Z-fbbe8ec7\runs\t160-quality-20261007T014124Z-fbbe8ec7-12-IMP-MIXED-r3\result.json
t160-quality-20261007T014124Z-fbbe8ec7-12-IMP-MIXED-r3,IMP-MIXED,3,automatic,545de13f-3fe9-524b-a917-7ab04807806f,663a41e1-d9ef-4b58-a09d-dd2ccb5be2b6,native_text,question_type,source_provided,True,True,TRUE_FALSE,TRUE_FALSE,matched,round2-import\t160-quality-20261007T014124Z-fbbe8ec7\runs\t160-quality-20261007T014124Z-fbbe8ec7-12-IMP-MIXED-r3\result.json
t160-quality-20261007T014124Z-fbbe8ec7-12-IMP-MIXED-r3,IMP-MIXED,3,automatic,545de13f-3fe9-524b-a917-7ab04807806f,663a41e1-d9ef-4b58-a09d-dd2ccb5be2b6,native_text,content,source_provided,True,True,右图三角形面积为 24 cm²。,右图三角形面积为 24 cm²。,matched,round2-import\t160-quality-20261007T014124Z-fbbe8ec7\runs\t160-quality-20261007T014124Z-fbbe8ec7-12-IMP-MIXED-r3\result.json
t160-quality-20261007T014124Z-fbbe8ec7-12-IMP-MIXED-r3,IMP-MIXED,3,automatic,545de13f-3fe9-524b-a917-7ab04807806f,663a41e1-d9ef-4b58-a09d-dd2ccb5be2b6,native_text,options,source_provided,True,True,"[""正确"", ""错误""]","[""正确"", ""错误""]",matched,round2-import\t160-quality-20261007T014124Z-fbbe8ec7\runs\t160-quality-20261007T014124Z-fbbe8ec7-12-IMP-MIXED-r3\result.json
t160-quality-20261007T014124Z-fbbe8ec7-12-IMP-MIXED-r3,IMP-MIXED,3,automatic,545de13f-3fe9-524b-a917-7ab04807806f,663a41e1-d9ef-4b58-a09d-dd2ccb5be2b6,native_text,reference_answer,known_missing,True,True,,,matched,round2-import\t160-quality-20261007T014124Z-fbbe8ec7\runs\t160-quality-20261007T014124Z-fbbe8ec7-12-IMP-MIXED-r3\result.json
t160-quality-20261007T014124Z-fbbe8ec7-12-IMP-MIXED-r3,IMP-MIXED,3,automatic,545de13f-3fe9-524b-a917-7ab04807806f,663a41e1-d9ef-4b58-a09d-dd2ccb5be2b6,native_text,analysis,known_missing,True,True,,,matched,round2-import\t160-quality-20261007T014124Z-fbbe8ec7\runs\t160-quality-20261007T014124Z-fbbe8ec7-12-IMP-MIXED-r3\result.json
t160-quality-20261007T014124Z-fbbe8ec7-12-IMP-MIXED-r3,IMP-MIXED,3,automatic,545de13f-3fe9-524b-a917-7ab04807806f,663a41e1-d9ef-4b58-a09d-dd2ccb5be2b6,native_text,score,source_provided,True,True,2.00,2.00,matched,round2-import\t160-quality-20261007T014124Z-fbbe8ec7\runs\t160-quality-20261007T014124Z-fbbe8ec7-12-IMP-MIXED-r3\result.json
t160-quality-20261007T014124Z-fbbe8ec7-12-IMP-MIXED-r3,IMP-MIXED,3,automatic,545de13f-3fe9-524b-a917-7ab04807806f,663a41e1-d9ef-4b58-a09d-dd2ccb5be2b6,native_text,scoring_rubric,known_missing,True,True,,,matched,round2-import\t160-quality-20261007T014124Z-fbbe8ec7\runs\t160-quality-20261007T014124Z-fbbe8ec7-12-IMP-MIXED-r3\result.json
t160-quality-20261007T014124Z-fbbe8ec7-12-IMP-MIXED-r3,IMP-MIXED,3,automatic,545de13f-3fe9-524b-a917-7ab04807806f,663a41e1-d9ef-4b58-a09d-dd2ccb5be2b6,native_text,knowledge_points,known_missing,True,True,[],[],matched,round2-import\t160-quality-20261007T014124Z-fbbe8ec7\runs\t160-quality-20261007T014124Z-fbbe8ec7-12-IMP-MIXED-r3\result.json
t160-quality-20261007T014124Z-fbbe8ec7-12-IMP-MIXED-r3,IMP-MIXED,3,automatic,545de13f-3fe9-524b-a917-7ab04807806f,663a41e1-d9ef-4b58-a09d-dd2ccb5be2b6,native_text,source_regions,unknown,False,,,,reference_unknown,round2-import\t160-quality-20261007T014124Z-fbbe8ec7\runs\t160-quality-20261007T014124Z-fbbe8ec7-12-IMP-MIXED-r3\result.json
t160-quality-20261007T014124Z-fbbe8ec7-12-IMP-MIXED-r3,IMP-MIXED,3,automatic,545de13f-3fe9-524b-a917-7ab04807806f,663a41e1-d9ef-4b58-a09d-dd2ccb5be2b6,native_text,assets,source_provided,True,False,"[{""asset_type"": ""figure"", ""source_page_number"": 1, ""order_index"": 1}]",,matched,round2-import\t160-quality-20261007T014124Z-fbbe8ec7\runs\t160-quality-20261007T014124Z-fbbe8ec7-12-IMP-MIXED-r3\result.json
t160-quality-20261007T014124Z-fbbe8ec7-12-IMP-MIXED-r3,IMP-MIXED,3,automatic,85533f46-eb86-5893-8742-33939e77750f,2bbcada7-73d3-4dc3-85f7-c6389ac6618f,native_text,question_number,source_provided,True,True,3,3,matched,round2-import\t160-quality-20261007T014124Z-fbbe8ec7\runs\t160-quality-20261007T014124Z-fbbe8ec7-12-IMP-MIXED-r3\result.json
t160-quality-20261007T014124Z-fbbe8ec7-12-IMP-MIXED-r3,IMP-MIXED,3,automatic,85533f46-eb86-5893-8742-33939e77750f,2bbcada7-73d3-4dc3-85f7-c6389ac6618f,native_text,order_index,source_provided,True,True,3,3,matched,round2-import\t160-quality-20261007T014124Z-fbbe8ec7\runs\t160-quality-20261007T014124Z-fbbe8ec7-12-IMP-MIXED-r3\result.json
t160-quality-20261007T014124Z-fbbe8ec7-12-IMP-MIXED-r3,IMP-MIXED,3,automatic,85533f46-eb86-5893-8742-33939e77750f,2bbcada7-73d3-4dc3-85f7-c6389ac6618f,native_text,source_page_numbers,source_provided,True,True,[1],[1],matched,round2-import\t160-quality-20261007T014124Z-fbbe8ec7\runs\t160-quality-20261007T014124Z-fbbe8ec7-12-IMP-MIXED-r3\result.json
t160-quality-20261007T014124Z-fbbe8ec7-12-IMP-MIXED-r3,IMP-MIXED,3,automatic,85533f46-eb86-5893-8742-33939e77750f,2bbcada7-73d3-4dc3-85f7-c6389ac6618f,native_text,question_type,source_provided,True,True,SHORT_ANSWER,SHORT_ANSWER,matched,round2-import\t160-quality-20261007T014124Z-fbbe8ec7\runs\t160-quality-20261007T014124Z-fbbe8ec7-12-IMP-MIXED-r3\result.json
t160-quality-20261007T014124Z-fbbe8ec7-12-IMP-MIXED-r3,IMP-MIXED,3,automatic,85533f46-eb86-5893-8742-33939e77750f,2bbcada7-73d3-4dc3-85f7-c6389ac6618f,native_text,content,source_provided,True,True,根据下表写出 y 关于 x 的关系式。,根据下表写出 y 关于 x 的关系式。,matched,round2-import\t160-quality-20261007T014124Z-fbbe8ec7\runs\t160-quality-20261007T014124Z-fbbe8ec7-12-IMP-MIXED-r3\result.json
t160-quality-20261007T014124Z-fbbe8ec7-12-IMP-MIXED-r3,IMP-MIXED,3,automatic,85533f46-eb86-5893-8742-33939e77750f,2bbcada7-73d3-4dc3-85f7-c6389ac6618f,native_text,options,not_applicable,True,True,,,matched,round2-import\t160-quality-20261007T014124Z-fbbe8ec7\runs\t160-quality-20261007T014124Z-fbbe8ec7-12-IMP-MIXED-r3\result.json
t160-quality-20261007T014124Z-fbbe8ec7-12-IMP-MIXED-r3,IMP-MIXED,3,automatic,85533f46-eb86-5893-8742-33939e77750f,2bbcada7-73d3-4dc3-85f7-c6389ac6618f,native_text,reference_answer,known_missing,True,True,,,matched,round2-import\t160-quality-20261007T014124Z-fbbe8ec7\runs\t160-quality-20261007T014124Z-fbbe8ec7-12-IMP-MIXED-r3\result.json
t160-quality-20261007T014124Z-fbbe8ec7-12-IMP-MIXED-r3,IMP-MIXED,3,automatic,85533f46-eb86-5893-8742-33939e77750f,2bbcada7-73d3-4dc3-85f7-c6389ac6618f,native_text,analysis,known_missing,True,True,,,matched,round2-import\t160-quality-20261007T014124Z-fbbe8ec7\runs\t160-quality-20261007T014124Z-fbbe8ec7-12-IMP-MIXED-r3\result.json
t160-quality-20261007T014124Z-fbbe8ec7-12-IMP-MIXED-r3,IMP-MIXED,3,automatic,85533f46-eb86-5893-8742-33939e77750f,2bbcada7-73d3-4dc3-85f7-c6389ac6618f,native_text,score,source_provided,True,True,3.00,3.00,matched,round2-import\t160-quality-20261007T014124Z-fbbe8ec7\runs\t160-quality-20261007T014124Z-fbbe8ec7-12-IMP-MIXED-r3\result.json
t160-quality-20261007T014124Z-fbbe8ec7-12-IMP-MIXED-r3,IMP-MIXED,3,automatic,85533f46-eb86-5893-8742-33939e77750f,2bbcada7-73d3-4dc3-85f7-c6389ac6618f,native_text,scoring_rubric,source_provided,True,True,正确关系式 1.00；说明代入过程 2.00。,正确关系式 1.00；说明代入过程 2.00。,matched,round2-import\t160-quality-20261007T014124Z-fbbe8ec7\runs\t160-quality-20261007T014124Z-fbbe8ec7-12-IMP-MIXED-r3\result.json
t160-quality-20261007T014124Z-fbbe8ec7-12-IMP-MIXED-r3,IMP-MIXED,3,automatic,85533f46-eb86-5893-8742-33939e77750f,2bbcada7-73d3-4dc3-85f7-c6389ac6618f,native_text,knowledge_points,source_provided,True,True,"[""一次函数"", ""表达与计算""]","[""一次函数"", ""表达与计算""]",matched,round2-import\t160-quality-20261007T014124Z-fbbe8ec7\runs\t160-quality-20261007T014124Z-fbbe8ec7-12-IMP-MIXED-r3\result.json
t160-quality-20261007T014124Z-fbbe8ec7-12-IMP-MIXED-r3,IMP-MIXED,3,automatic,85533f46-eb86-5893-8742-33939e77750f,2bbcada7-73d3-4dc3-85f7-c6389ac6618f,native_text,source_regions,unknown,False,,,,reference_unknown,round2-import\t160-quality-20261007T014124Z-fbbe8ec7\runs\t160-quality-20261007T014124Z-fbbe8ec7-12-IMP-MIXED-r3\result.json
t160-quality-20261007T014124Z-fbbe8ec7-12-IMP-MIXED-r3,IMP-MIXED,3,automatic,85533f46-eb86-5893-8742-33939e77750f,2bbcada7-73d3-4dc3-85f7-c6389ac6618f,native_text,assets,source_provided,True,False,"[{""asset_type"": ""table"", ""source_page_number"": 1, ""order_index"": 1}]",,matched,round2-import\t160-quality-20261007T014124Z-fbbe8ec7\runs\t160-quality-20261007T014124Z-fbbe8ec7-12-IMP-MIXED-r3\result.json
t160-quality-20261007T014124Z-fbbe8ec7-12-IMP-MIXED-r3,IMP-MIXED,3,automatic,0fa8d57e-58c2-5aa4-b8cd-e52e96380a38,e83b233a-0dce-4dcb-aac2-4d680eeffeb2,ocr_required,question_number,source_provided,True,True,4,4,matched,round2-import\t160-quality-20261007T014124Z-fbbe8ec7\runs\t160-quality-20261007T014124Z-fbbe8ec7-12-IMP-MIXED-r3\result.json
t160-quality-20261007T014124Z-fbbe8ec7-12-IMP-MIXED-r3,IMP-MIXED,3,automatic,0fa8d57e-58c2-5aa4-b8cd-e52e96380a38,e83b233a-0dce-4dcb-aac2-4d680eeffeb2,ocr_required,order_index,source_provided,True,True,4,4,matched,round2-import\t160-quality-20261007T014124Z-fbbe8ec7\runs\t160-quality-20261007T014124Z-fbbe8ec7-12-IMP-MIXED-r3\result.json
t160-quality-20261007T014124Z-fbbe8ec7-12-IMP-MIXED-r3,IMP-MIXED,3,automatic,0fa8d57e-58c2-5aa4-b8cd-e52e96380a38,e83b233a-0dce-4dcb-aac2-4d680eeffeb2,ocr_required,source_page_numbers,source_provided,True,True,[2],[2],matched,round2-import\t160-quality-20261007T014124Z-fbbe8ec7\runs\t160-quality-20261007T014124Z-fbbe8ec7-12-IMP-MIXED-r3\result.json
t160-quality-20261007T014124Z-fbbe8ec7-12-IMP-MIXED-r3,IMP-MIXED,3,automatic,0fa8d57e-58c2-5aa4-b8cd-e52e96380a38,e83b233a-0dce-4dcb-aac2-4d680eeffeb2,ocr_required,question_type,source_provided,True,True,SINGLE_CHOICE,SINGLE_CHOICE,matched,round2-import\t160-quality-20261007T014124Z-fbbe8ec7\runs\t160-quality-20261007T014124Z-fbbe8ec7-12-IMP-MIXED-r3\result.json
t160-quality-20261007T014124Z-fbbe8ec7-12-IMP-MIXED-r3,IMP-MIXED,3,automatic,0fa8d57e-58c2-5aa4-b8cd-e52e96380a38,e83b233a-0dce-4dcb-aac2-4d680eeffeb2,ocr_required,content,source_provided,True,True,y = 2x + 1，x = 3 时 y 为多少？,y = 2x + 1，x = 3 时 y 为多少？,matched,round2-import\t160-quality-20261007T014124Z-fbbe8ec7\runs\t160-quality-20261007T014124Z-fbbe8ec7-12-IMP-MIXED-r3\result.json
t160-quality-20261007T014124Z-fbbe8ec7-12-IMP-MIXED-r3,IMP-MIXED,3,automatic,0fa8d57e-58c2-5aa4-b8cd-e52e96380a38,e83b233a-0dce-4dcb-aac2-4d680eeffeb2,ocr_required,options,source_provided,True,True,"{""C"": ""7"", ""A"": ""5"", ""B"": ""6"", ""D"": ""8""}","{""C"": ""7"", ""A"": ""5"", ""B"": ""6"", ""D"": ""8""}",matched,round2-import\t160-quality-20261007T014124Z-fbbe8ec7\runs\t160-quality-20261007T014124Z-fbbe8ec7-12-IMP-MIXED-r3\result.json
t160-quality-20261007T014124Z-fbbe8ec7-12-IMP-MIXED-r3,IMP-MIXED,3,automatic,0fa8d57e-58c2-5aa4-b8cd-e52e96380a38,e83b233a-0dce-4dcb-aac2-4d680eeffeb2,ocr_required,reference_answer,source_provided,True,True,C,C,matched,round2-import\t160-quality-20261007T014124Z-fbbe8ec7\runs\t160-quality-20261007T014124Z-fbbe8ec7-12-IMP-MIXED-r3\result.json
t160-quality-20261007T014124Z-fbbe8ec7-12-IMP-MIXED-r3,IMP-MIXED,3,automatic,0fa8d57e-58c2-5aa4-b8cd-e52e96380a38,e83b233a-0dce-4dcb-aac2-4d680eeffeb2,ocr_required,analysis,source_provided,True,True,2 × 3 + 1 = 7。,2 × 3 + 1 = 7。,matched,round2-import\t160-quality-20261007T014124Z-fbbe8ec7\runs\t160-quality-20261007T014124Z-fbbe8ec7-12-IMP-MIXED-r3\result.json
t160-quality-20261007T014124Z-fbbe8ec7-12-IMP-MIXED-r3,IMP-MIXED,3,automatic,0fa8d57e-58c2-5aa4-b8cd-e52e96380a38,e83b233a-0dce-4dcb-aac2-4d680eeffeb2,ocr_required,score,source_provided,True,True,2.00,2.00,matched,round2-import\t160-quality-20261007T014124Z-fbbe8ec7\runs\t160-quality-20261007T014124Z-fbbe8ec7-12-IMP-MIXED-r3\result.json
t160-quality-20261007T014124Z-fbbe8ec7-12-IMP-MIXED-r3,IMP-MIXED,3,automatic,0fa8d57e-58c2-5aa4-b8cd-e52e96380a38,e83b233a-0dce-4dcb-aac2-4d680eeffeb2,ocr_required,scoring_rubric,known_missing,True,True,,,matched,round2-import\t160-quality-20261007T014124Z-fbbe8ec7\runs\t160-quality-20261007T014124Z-fbbe8ec7-12-IMP-MIXED-r3\result.json
t160-quality-20261007T014124Z-fbbe8ec7-12-IMP-MIXED-r3,IMP-MIXED,3,automatic,0fa8d57e-58c2-5aa4-b8cd-e52e96380a38,e83b233a-0dce-4dcb-aac2-4d680eeffeb2,ocr_required,knowledge_points,known_missing,True,True,[],[],matched,round2-import\t160-quality-20261007T014124Z-fbbe8ec7\runs\t160-quality-20261007T014124Z-fbbe8ec7-12-IMP-MIXED-r3\result.json
t160-quality-20261007T014124Z-fbbe8ec7-12-IMP-MIXED-r3,IMP-MIXED,3,automatic,0fa8d57e-58c2-5aa4-b8cd-e52e96380a38,e83b233a-0dce-4dcb-aac2-4d680eeffeb2,ocr_required,source_regions,unknown,False,,,,reference_unknown,round2-import\t160-quality-20261007T014124Z-fbbe8ec7\runs\t160-quality-20261007T014124Z-fbbe8ec7-12-IMP-MIXED-r3\result.json
t160-quality-20261007T014124Z-fbbe8ec7-12-IMP-MIXED-r3,IMP-MIXED,3,automatic,0fa8d57e-58c2-5aa4-b8cd-e52e96380a38,e83b233a-0dce-4dcb-aac2-4d680eeffeb2,ocr_required,assets,source_provided,True,False,[],,matched,round2-import\t160-quality-20261007T014124Z-fbbe8ec7\runs\t160-quality-20261007T014124Z-fbbe8ec7-12-IMP-MIXED-r3\result.json
t160-quality-20261007T014124Z-fbbe8ec7-12-IMP-MIXED-r3,IMP-MIXED,3,automatic,455720b9-9061-5bce-83af-d6d53c6c84e1,3752e4bb-4761-4dfb-81f9-0afd8b3d640f,ocr_required,question_number,source_provided,True,True,5,5,matched,round2-import\t160-quality-20261007T014124Z-fbbe8ec7\runs\t160-quality-20261007T014124Z-fbbe8ec7-12-IMP-MIXED-r3\result.json
t160-quality-20261007T014124Z-fbbe8ec7-12-IMP-MIXED-r3,IMP-MIXED,3,automatic,455720b9-9061-5bce-83af-d6d53c6c84e1,3752e4bb-4761-4dfb-81f9-0afd8b3d640f,ocr_required,order_index,source_provided,True,True,5,5,matched,round2-import\t160-quality-20261007T014124Z-fbbe8ec7\runs\t160-quality-20261007T014124Z-fbbe8ec7-12-IMP-MIXED-r3\result.json
t160-quality-20261007T014124Z-fbbe8ec7-12-IMP-MIXED-r3,IMP-MIXED,3,automatic,455720b9-9061-5bce-83af-d6d53c6c84e1,3752e4bb-4761-4dfb-81f9-0afd8b3d640f,ocr_required,source_page_numbers,source_provided,True,True,[2],[2],matched,round2-import\t160-quality-20261007T014124Z-fbbe8ec7\runs\t160-quality-20261007T014124Z-fbbe8ec7-12-IMP-MIXED-r3\result.json
t160-quality-20261007T014124Z-fbbe8ec7-12-IMP-MIXED-r3,IMP-MIXED,3,automatic,455720b9-9061-5bce-83af-d6d53c6c84e1,3752e4bb-4761-4dfb-81f9-0afd8b3d640f,ocr_required,question_type,source_provided,True,True,TRUE_FALSE,TRUE_FALSE,matched,round2-import\t160-quality-20261007T014124Z-fbbe8ec7\runs\t160-quality-20261007T014124Z-fbbe8ec7-12-IMP-MIXED-r3\result.json
t160-quality-20261007T014124Z-fbbe8ec7-12-IMP-MIXED-r3,IMP-MIXED,3,automatic,455720b9-9061-5bce-83af-d6d53c6c84e1,3752e4bb-4761-4dfb-81f9-0afd8b3d640f,ocr_required,content,source_provided,True,True,右图三角形面积为 24 cm²。,右图三角形面积为 24 cm²。,matched,round2-import\t160-quality-20261007T014124Z-fbbe8ec7\runs\t160-quality-20261007T014124Z-fbbe8ec7-12-IMP-MIXED-r3\result.json
t160-quality-20261007T014124Z-fbbe8ec7-12-IMP-MIXED-r3,IMP-MIXED,3,automatic,455720b9-9061-5bce-83af-d6d53c6c84e1,3752e4bb-4761-4dfb-81f9-0afd8b3d640f,ocr_required,options,source_provided,True,True,"[""正确"", ""错误""]","[""正确"", ""错误""]",matched,round2-import\t160-quality-20261007T014124Z-fbbe8ec7\runs\t160-quality-20261007T014124Z-fbbe8ec7-12-IMP-MIXED-r3\result.json
t160-quality-20261007T014124Z-fbbe8ec7-12-IMP-MIXED-r3,IMP-MIXED,3,automatic,455720b9-9061-5bce-83af-d6d53c6c84e1,3752e4bb-4761-4dfb-81f9-0afd8b3d640f,ocr_required,reference_answer,known_missing,True,True,,,matched,round2-import\t160-quality-20261007T014124Z-fbbe8ec7\runs\t160-quality-20261007T014124Z-fbbe8ec7-12-IMP-MIXED-r3\result.json
t160-quality-20261007T014124Z-fbbe8ec7-12-IMP-MIXED-r3,IMP-MIXED,3,automatic,455720b9-9061-5bce-83af-d6d53c6c84e1,3752e4bb-4761-4dfb-81f9-0afd8b3d640f,ocr_required,analysis,known_missing,True,True,,,matched,round2-import\t160-quality-20261007T014124Z-fbbe8ec7\runs\t160-quality-20261007T014124Z-fbbe8ec7-12-IMP-MIXED-r3\result.json
t160-quality-20261007T014124Z-fbbe8ec7-12-IMP-MIXED-r3,IMP-MIXED,3,automatic,455720b9-9061-5bce-83af-d6d53c6c84e1,3752e4bb-4761-4dfb-81f9-0afd8b3d640f,ocr_required,score,source_provided,True,True,2.00,2.00,matched,round2-import\t160-quality-20261007T014124Z-fbbe8ec7\runs\t160-quality-20261007T014124Z-fbbe8ec7-12-IMP-MIXED-r3\result.json
t160-quality-20261007T014124Z-fbbe8ec7-12-IMP-MIXED-r3,IMP-MIXED,3,automatic,455720b9-9061-5bce-83af-d6d53c6c84e1,3752e4bb-4761-4dfb-81f9-0afd8b3d640f,ocr_required,scoring_rubric,known_missing,True,True,,,matched,round2-import\t160-quality-20261007T014124Z-fbbe8ec7\runs\t160-quality-20261007T014124Z-fbbe8ec7-12-IMP-MIXED-r3\result.json
t160-quality-20261007T014124Z-fbbe8ec7-12-IMP-MIXED-r3,IMP-MIXED,3,automatic,455720b9-9061-5bce-83af-d6d53c6c84e1,3752e4bb-4761-4dfb-81f9-0afd8b3d640f,ocr_required,knowledge_points,known_missing,True,True,[],[],matched,round2-import\t160-quality-20261007T014124Z-fbbe8ec7\runs\t160-quality-20261007T014124Z-fbbe8ec7-12-IMP-MIXED-r3\result.json
t160-quality-20261007T014124Z-fbbe8ec7-12-IMP-MIXED-r3,IMP-MIXED,3,automatic,455720b9-9061-5bce-83af-d6d53c6c84e1,3752e4bb-4761-4dfb-81f9-0afd8b3d640f,ocr_required,source_regions,unknown,False,,,,reference_unknown,round2-import\t160-quality-20261007T014124Z-fbbe8ec7\runs\t160-quality-20261007T014124Z-fbbe8ec7-12-IMP-MIXED-r3\result.json
t160-quality-20261007T014124Z-fbbe8ec7-12-IMP-MIXED-r3,IMP-MIXED,3,automatic,455720b9-9061-5bce-83af-d6d53c6c84e1,3752e4bb-4761-4dfb-81f9-0afd8b3d640f,ocr_required,assets,source_provided,True,False,"[{""asset_type"": ""figure"", ""source_page_number"": 2, ""order_index"": 1}]",,matched,round2-import\t160-quality-20261007T014124Z-fbbe8ec7\runs\t160-quality-20261007T014124Z-fbbe8ec7-12-IMP-MIXED-r3\result.json
t160-quality-20261007T014124Z-fbbe8ec7-12-IMP-MIXED-r3,IMP-MIXED,3,automatic,bf862f8d-df39-5559-bab5-d942fccb2432,03057925-e921-4b3c-9b93-530e79a4e129,ocr_required,question_number,source_provided,True,True,6,6,matched,round2-import\t160-quality-20261007T014124Z-fbbe8ec7\runs\t160-quality-20261007T014124Z-fbbe8ec7-12-IMP-MIXED-r3\result.json
t160-quality-20261007T014124Z-fbbe8ec7-12-IMP-MIXED-r3,IMP-MIXED,3,automatic,bf862f8d-df39-5559-bab5-d942fccb2432,03057925-e921-4b3c-9b93-530e79a4e129,ocr_required,order_index,source_provided,True,True,6,6,matched,round2-import\t160-quality-20261007T014124Z-fbbe8ec7\runs\t160-quality-20261007T014124Z-fbbe8ec7-12-IMP-MIXED-r3\result.json
t160-quality-20261007T014124Z-fbbe8ec7-12-IMP-MIXED-r3,IMP-MIXED,3,automatic,bf862f8d-df39-5559-bab5-d942fccb2432,03057925-e921-4b3c-9b93-530e79a4e129,ocr_required,source_page_numbers,source_provided,True,True,[2],[2],matched,round2-import\t160-quality-20261007T014124Z-fbbe8ec7\runs\t160-quality-20261007T014124Z-fbbe8ec7-12-IMP-MIXED-r3\result.json
t160-quality-20261007T014124Z-fbbe8ec7-12-IMP-MIXED-r3,IMP-MIXED,3,automatic,bf862f8d-df39-5559-bab5-d942fccb2432,03057925-e921-4b3c-9b93-530e79a4e129,ocr_required,question_type,source_provided,True,True,SHORT_ANSWER,SHORT_ANSWER,matched,round2-import\t160-quality-20261007T014124Z-fbbe8ec7\runs\t160-quality-20261007T014124Z-fbbe8ec7-12-IMP-MIXED-r3\result.json
t160-quality-20261007T014124Z-fbbe8ec7-12-IMP-MIXED-r3,IMP-MIXED,3,automatic,bf862f8d-df39-5559-bab5-d942fccb2432,03057925-e921-4b3c-9b93-530e79a4e129,ocr_required,content,source_provided,True,True,根据下表写出 y 关于 x 的关系式。,根据下表写出 y 关于 x 的关系式。,matched,round2-import\t160-quality-20261007T014124Z-fbbe8ec7\runs\t160-quality-20261007T014124Z-fbbe8ec7-12-IMP-MIXED-r3\result.json
t160-quality-20261007T014124Z-fbbe8ec7-12-IMP-MIXED-r3,IMP-MIXED,3,automatic,bf862f8d-df39-5559-bab5-d942fccb2432,03057925-e921-4b3c-9b93-530e79a4e129,ocr_required,options,not_applicable,True,True,,,matched,round2-import\t160-quality-20261007T014124Z-fbbe8ec7\runs\t160-quality-20261007T014124Z-fbbe8ec7-12-IMP-MIXED-r3\result.json
t160-quality-20261007T014124Z-fbbe8ec7-12-IMP-MIXED-r3,IMP-MIXED,3,automatic,bf862f8d-df39-5559-bab5-d942fccb2432,03057925-e921-4b3c-9b93-530e79a4e129,ocr_required,reference_answer,known_missing,True,True,,,matched,round2-import\t160-quality-20261007T014124Z-fbbe8ec7\runs\t160-quality-20261007T014124Z-fbbe8ec7-12-IMP-MIXED-r3\result.json
t160-quality-20261007T014124Z-fbbe8ec7-12-IMP-MIXED-r3,IMP-MIXED,3,automatic,bf862f8d-df39-5559-bab5-d942fccb2432,03057925-e921-4b3c-9b93-530e79a4e129,ocr_required,analysis,known_missing,True,True,,,matched,round2-import\t160-quality-20261007T014124Z-fbbe8ec7\runs\t160-quality-20261007T014124Z-fbbe8ec7-12-IMP-MIXED-r3\result.json
t160-quality-20261007T014124Z-fbbe8ec7-12-IMP-MIXED-r3,IMP-MIXED,3,automatic,bf862f8d-df39-5559-bab5-d942fccb2432,03057925-e921-4b3c-9b93-530e79a4e129,ocr_required,score,source_provided,True,True,3.00,3.00,matched,round2-import\t160-quality-20261007T014124Z-fbbe8ec7\runs\t160-quality-20261007T014124Z-fbbe8ec7-12-IMP-MIXED-r3\result.json
t160-quality-20261007T014124Z-fbbe8ec7-12-IMP-MIXED-r3,IMP-MIXED,3,automatic,bf862f8d-df39-5559-bab5-d942fccb2432,03057925-e921-4b3c-9b93-530e79a4e129,ocr_required,scoring_rubric,source_provided,True,True,正确关系式 1.00；说明代入过程 2.00。,正确关系式 1.00；说明代入过程 2.00。,matched,round2-import\t160-quality-20261007T014124Z-fbbe8ec7\runs\t160-quality-20261007T014124Z-fbbe8ec7-12-IMP-MIXED-r3\result.json
t160-quality-20261007T014124Z-fbbe8ec7-12-IMP-MIXED-r3,IMP-MIXED,3,automatic,bf862f8d-df39-5559-bab5-d942fccb2432,03057925-e921-4b3c-9b93-530e79a4e129,ocr_required,knowledge_points,source_provided,True,True,"[""一次函数"", ""表达与计算""]","[""一次函数"", ""表达与计算""]",matched,round2-import\t160-quality-20261007T014124Z-fbbe8ec7\runs\t160-quality-20261007T014124Z-fbbe8ec7-12-IMP-MIXED-r3\result.json
t160-quality-20261007T014124Z-fbbe8ec7-12-IMP-MIXED-r3,IMP-MIXED,3,automatic,bf862f8d-df39-5559-bab5-d942fccb2432,03057925-e921-4b3c-9b93-530e79a4e129,ocr_required,source_regions,unknown,False,,,,reference_unknown,round2-import\t160-quality-20261007T014124Z-fbbe8ec7\runs\t160-quality-20261007T014124Z-fbbe8ec7-12-IMP-MIXED-r3\result.json
t160-quality-20261007T014124Z-fbbe8ec7-12-IMP-MIXED-r3,IMP-MIXED,3,automatic,bf862f8d-df39-5559-bab5-d942fccb2432,03057925-e921-4b3c-9b93-530e79a4e129,ocr_required,assets,source_provided,True,False,"[{""asset_type"": ""table"", ""source_page_number"": 2, ""order_index"": 1}]",,matched,round2-import\t160-quality-20261007T014124Z-fbbe8ec7\runs\t160-quality-20261007T014124Z-fbbe8ec7-12-IMP-MIXED-r3\result.json
t160-quality-20261007T014124Z-fbbe8ec7-13-IMP-CROSS-r1,IMP-CROSS,1,automatic,239d78f4-ab44-59ec-ab7f-e11e454e26f1,5e04f711-234a-400d-8dab-ac6c0536d64a,native_text,question_number,source_provided,True,True,4,4,matched,round2-import\t160-quality-20261007T014124Z-fbbe8ec7\runs\t160-quality-20261007T014124Z-fbbe8ec7-13-IMP-CROSS-r1\result.json
t160-quality-20261007T014124Z-fbbe8ec7-13-IMP-CROSS-r1,IMP-CROSS,1,automatic,239d78f4-ab44-59ec-ab7f-e11e454e26f1,5e04f711-234a-400d-8dab-ac6c0536d64a,native_text,order_index,source_provided,True,True,1,1,matched,round2-import\t160-quality-20261007T014124Z-fbbe8ec7\runs\t160-quality-20261007T014124Z-fbbe8ec7-13-IMP-CROSS-r1\result.json
t160-quality-20261007T014124Z-fbbe8ec7-13-IMP-CROSS-r1,IMP-CROSS,1,automatic,239d78f4-ab44-59ec-ab7f-e11e454e26f1,5e04f711-234a-400d-8dab-ac6c0536d64a,native_text,source_page_numbers,source_provided,True,True,"[1, 2]","[1, 2]",matched,round2-import\t160-quality-20261007T014124Z-fbbe8ec7\runs\t160-quality-20261007T014124Z-fbbe8ec7-13-IMP-CROSS-r1\result.json
t160-quality-20261007T014124Z-fbbe8ec7-13-IMP-CROSS-r1,IMP-CROSS,1,automatic,239d78f4-ab44-59ec-ab7f-e11e454e26f1,5e04f711-234a-400d-8dab-ac6c0536d64a,native_text,question_type,unknown,False,,,,reference_unknown,round2-import\t160-quality-20261007T014124Z-fbbe8ec7\runs\t160-quality-20261007T014124Z-fbbe8ec7-13-IMP-CROSS-r1\result.json
t160-quality-20261007T014124Z-fbbe8ec7-13-IMP-CROSS-r1,IMP-CROSS,1,automatic,239d78f4-ab44-59ec-ab7f-e11e454e26f1,5e04f711-234a-400d-8dab-ac6c0536d64a,native_text,content,source_provided,True,True,"阅读下页流程图：输入 x = 3，计算输出 y。
按下图流程完成计算。","阅读下页流程图：输入 x = 3，计算输出 y。
按下图流程完成计算。",matched,round2-import\t160-quality-20261007T014124Z-fbbe8ec7\runs\t160-quality-20261007T014124Z-fbbe8ec7-13-IMP-CROSS-r1\result.json
t160-quality-20261007T014124Z-fbbe8ec7-13-IMP-CROSS-r1,IMP-CROSS,1,automatic,239d78f4-ab44-59ec-ab7f-e11e454e26f1,5e04f711-234a-400d-8dab-ac6c0536d64a,native_text,options,not_applicable,True,True,,,matched,round2-import\t160-quality-20261007T014124Z-fbbe8ec7\runs\t160-quality-20261007T014124Z-fbbe8ec7-13-IMP-CROSS-r1\result.json
t160-quality-20261007T014124Z-fbbe8ec7-13-IMP-CROSS-r1,IMP-CROSS,1,automatic,239d78f4-ab44-59ec-ab7f-e11e454e26f1,5e04f711-234a-400d-8dab-ac6c0536d64a,native_text,reference_answer,known_missing,True,True,,,matched,round2-import\t160-quality-20261007T014124Z-fbbe8ec7\runs\t160-quality-20261007T014124Z-fbbe8ec7-13-IMP-CROSS-r1\result.json
t160-quality-20261007T014124Z-fbbe8ec7-13-IMP-CROSS-r1,IMP-CROSS,1,automatic,239d78f4-ab44-59ec-ab7f-e11e454e26f1,5e04f711-234a-400d-8dab-ac6c0536d64a,native_text,analysis,known_missing,True,True,,,matched,round2-import\t160-quality-20261007T014124Z-fbbe8ec7\runs\t160-quality-20261007T014124Z-fbbe8ec7-13-IMP-CROSS-r1\result.json
t160-quality-20261007T014124Z-fbbe8ec7-13-IMP-CROSS-r1,IMP-CROSS,1,automatic,239d78f4-ab44-59ec-ab7f-e11e454e26f1,5e04f711-234a-400d-8dab-ac6c0536d64a,native_text,score,source_provided,True,True,5.00,5.00,matched,round2-import\t160-quality-20261007T014124Z-fbbe8ec7\runs\t160-quality-20261007T014124Z-fbbe8ec7-13-IMP-CROSS-r1\result.json
t160-quality-20261007T014124Z-fbbe8ec7-13-IMP-CROSS-r1,IMP-CROSS,1,automatic,239d78f4-ab44-59ec-ab7f-e11e454e26f1,5e04f711-234a-400d-8dab-ac6c0536d64a,native_text,scoring_rubric,source_provided,True,True,正确中间计算 2.00；最终输出 3.00。,正确中间计算 2.00；最终输出 3.00。,matched,round2-import\t160-quality-20261007T014124Z-fbbe8ec7\runs\t160-quality-20261007T014124Z-fbbe8ec7-13-IMP-CROSS-r1\result.json
t160-quality-20261007T014124Z-fbbe8ec7-13-IMP-CROSS-r1,IMP-CROSS,1,automatic,239d78f4-ab44-59ec-ab7f-e11e454e26f1,5e04f711-234a-400d-8dab-ac6c0536d64a,native_text,knowledge_points,known_missing,True,True,[],[],matched,round2-import\t160-quality-20261007T014124Z-fbbe8ec7\runs\t160-quality-20261007T014124Z-fbbe8ec7-13-IMP-CROSS-r1\result.json
t160-quality-20261007T014124Z-fbbe8ec7-13-IMP-CROSS-r1,IMP-CROSS,1,automatic,239d78f4-ab44-59ec-ab7f-e11e454e26f1,5e04f711-234a-400d-8dab-ac6c0536d64a,native_text,source_regions,unknown,False,,,,reference_unknown,round2-import\t160-quality-20261007T014124Z-fbbe8ec7\runs\t160-quality-20261007T014124Z-fbbe8ec7-13-IMP-CROSS-r1\result.json
t160-quality-20261007T014124Z-fbbe8ec7-13-IMP-CROSS-r1,IMP-CROSS,1,automatic,239d78f4-ab44-59ec-ab7f-e11e454e26f1,5e04f711-234a-400d-8dab-ac6c0536d64a,native_text,assets,source_provided,True,False,"[{""asset_type"": ""diagram"", ""source_page_number"": 2, ""order_index"": 1}]",,matched,round2-import\t160-quality-20261007T014124Z-fbbe8ec7\runs\t160-quality-20261007T014124Z-fbbe8ec7-13-IMP-CROSS-r1\result.json
t160-quality-20261007T014124Z-fbbe8ec7-14-IMP-CROSS-r2,IMP-CROSS,2,automatic,239d78f4-ab44-59ec-ab7f-e11e454e26f1,f43fc52c-bd77-4f00-83dc-b06301f8cf62,native_text,question_number,source_provided,True,True,4,4,matched,round2-import\t160-quality-20261007T014124Z-fbbe8ec7\runs\t160-quality-20261007T014124Z-fbbe8ec7-14-IMP-CROSS-r2\result.json
t160-quality-20261007T014124Z-fbbe8ec7-14-IMP-CROSS-r2,IMP-CROSS,2,automatic,239d78f4-ab44-59ec-ab7f-e11e454e26f1,f43fc52c-bd77-4f00-83dc-b06301f8cf62,native_text,order_index,source_provided,True,True,1,1,matched,round2-import\t160-quality-20261007T014124Z-fbbe8ec7\runs\t160-quality-20261007T014124Z-fbbe8ec7-14-IMP-CROSS-r2\result.json
t160-quality-20261007T014124Z-fbbe8ec7-14-IMP-CROSS-r2,IMP-CROSS,2,automatic,239d78f4-ab44-59ec-ab7f-e11e454e26f1,f43fc52c-bd77-4f00-83dc-b06301f8cf62,native_text,source_page_numbers,source_provided,True,True,"[1, 2]","[1, 2]",matched,round2-import\t160-quality-20261007T014124Z-fbbe8ec7\runs\t160-quality-20261007T014124Z-fbbe8ec7-14-IMP-CROSS-r2\result.json
t160-quality-20261007T014124Z-fbbe8ec7-14-IMP-CROSS-r2,IMP-CROSS,2,automatic,239d78f4-ab44-59ec-ab7f-e11e454e26f1,f43fc52c-bd77-4f00-83dc-b06301f8cf62,native_text,question_type,unknown,False,,,,reference_unknown,round2-import\t160-quality-20261007T014124Z-fbbe8ec7\runs\t160-quality-20261007T014124Z-fbbe8ec7-14-IMP-CROSS-r2\result.json
t160-quality-20261007T014124Z-fbbe8ec7-14-IMP-CROSS-r2,IMP-CROSS,2,automatic,239d78f4-ab44-59ec-ab7f-e11e454e26f1,f43fc52c-bd77-4f00-83dc-b06301f8cf62,native_text,content,source_provided,True,True,"阅读下页流程图：输入 x = 3，计算输出 y。
按下图流程完成计算。","阅读下页流程图：输入 x = 3，计算输出 y。
按下图流程完成计算。",matched,round2-import\t160-quality-20261007T014124Z-fbbe8ec7\runs\t160-quality-20261007T014124Z-fbbe8ec7-14-IMP-CROSS-r2\result.json
t160-quality-20261007T014124Z-fbbe8ec7-14-IMP-CROSS-r2,IMP-CROSS,2,automatic,239d78f4-ab44-59ec-ab7f-e11e454e26f1,f43fc52c-bd77-4f00-83dc-b06301f8cf62,native_text,options,not_applicable,True,True,,,matched,round2-import\t160-quality-20261007T014124Z-fbbe8ec7\runs\t160-quality-20261007T014124Z-fbbe8ec7-14-IMP-CROSS-r2\result.json
t160-quality-20261007T014124Z-fbbe8ec7-14-IMP-CROSS-r2,IMP-CROSS,2,automatic,239d78f4-ab44-59ec-ab7f-e11e454e26f1,f43fc52c-bd77-4f00-83dc-b06301f8cf62,native_text,reference_answer,known_missing,True,True,,,matched,round2-import\t160-quality-20261007T014124Z-fbbe8ec7\runs\t160-quality-20261007T014124Z-fbbe8ec7-14-IMP-CROSS-r2\result.json
t160-quality-20261007T014124Z-fbbe8ec7-14-IMP-CROSS-r2,IMP-CROSS,2,automatic,239d78f4-ab44-59ec-ab7f-e11e454e26f1,f43fc52c-bd77-4f00-83dc-b06301f8cf62,native_text,analysis,known_missing,True,True,,,matched,round2-import\t160-quality-20261007T014124Z-fbbe8ec7\runs\t160-quality-20261007T014124Z-fbbe8ec7-14-IMP-CROSS-r2\result.json
t160-quality-20261007T014124Z-fbbe8ec7-14-IMP-CROSS-r2,IMP-CROSS,2,automatic,239d78f4-ab44-59ec-ab7f-e11e454e26f1,f43fc52c-bd77-4f00-83dc-b06301f8cf62,native_text,score,source_provided,True,True,5.00,5.00,matched,round2-import\t160-quality-20261007T014124Z-fbbe8ec7\runs\t160-quality-20261007T014124Z-fbbe8ec7-14-IMP-CROSS-r2\result.json
t160-quality-20261007T014124Z-fbbe8ec7-14-IMP-CROSS-r2,IMP-CROSS,2,automatic,239d78f4-ab44-59ec-ab7f-e11e454e26f1,f43fc52c-bd77-4f00-83dc-b06301f8cf62,native_text,scoring_rubric,source_provided,True,True,正确中间计算 2.00；最终输出 3.00。,正确中间计算 2.00；最终输出 3.00。,matched,round2-import\t160-quality-20261007T014124Z-fbbe8ec7\runs\t160-quality-20261007T014124Z-fbbe8ec7-14-IMP-CROSS-r2\result.json
t160-quality-20261007T014124Z-fbbe8ec7-14-IMP-CROSS-r2,IMP-CROSS,2,automatic,239d78f4-ab44-59ec-ab7f-e11e454e26f1,f43fc52c-bd77-4f00-83dc-b06301f8cf62,native_text,knowledge_points,known_missing,True,False,[],,matched,round2-import\t160-quality-20261007T014124Z-fbbe8ec7\runs\t160-quality-20261007T014124Z-fbbe8ec7-14-IMP-CROSS-r2\result.json
t160-quality-20261007T014124Z-fbbe8ec7-14-IMP-CROSS-r2,IMP-CROSS,2,automatic,239d78f4-ab44-59ec-ab7f-e11e454e26f1,f43fc52c-bd77-4f00-83dc-b06301f8cf62,native_text,source_regions,unknown,False,,,,reference_unknown,round2-import\t160-quality-20261007T014124Z-fbbe8ec7\runs\t160-quality-20261007T014124Z-fbbe8ec7-14-IMP-CROSS-r2\result.json
t160-quality-20261007T014124Z-fbbe8ec7-14-IMP-CROSS-r2,IMP-CROSS,2,automatic,239d78f4-ab44-59ec-ab7f-e11e454e26f1,f43fc52c-bd77-4f00-83dc-b06301f8cf62,native_text,assets,source_provided,True,False,"[{""asset_type"": ""diagram"", ""source_page_number"": 2, ""order_index"": 1}]",,matched,round2-import\t160-quality-20261007T014124Z-fbbe8ec7\runs\t160-quality-20261007T014124Z-fbbe8ec7-14-IMP-CROSS-r2\result.json
t160-quality-20261007T014124Z-fbbe8ec7-15-IMP-CROSS-r3,IMP-CROSS,3,automatic,239d78f4-ab44-59ec-ab7f-e11e454e26f1,61bb6881-c0ca-4ec0-ab95-bce3608d220f,native_text,question_number,source_provided,True,True,4,4,matched,round2-import\t160-quality-20261007T014124Z-fbbe8ec7\runs\t160-quality-20261007T014124Z-fbbe8ec7-15-IMP-CROSS-r3\result.json
t160-quality-20261007T014124Z-fbbe8ec7-15-IMP-CROSS-r3,IMP-CROSS,3,automatic,239d78f4-ab44-59ec-ab7f-e11e454e26f1,61bb6881-c0ca-4ec0-ab95-bce3608d220f,native_text,order_index,source_provided,True,True,1,1,matched,round2-import\t160-quality-20261007T014124Z-fbbe8ec7\runs\t160-quality-20261007T014124Z-fbbe8ec7-15-IMP-CROSS-r3\result.json
t160-quality-20261007T014124Z-fbbe8ec7-15-IMP-CROSS-r3,IMP-CROSS,3,automatic,239d78f4-ab44-59ec-ab7f-e11e454e26f1,61bb6881-c0ca-4ec0-ab95-bce3608d220f,native_text,source_page_numbers,source_provided,True,True,"[1, 2]","[1, 2]",matched,round2-import\t160-quality-20261007T014124Z-fbbe8ec7\runs\t160-quality-20261007T014124Z-fbbe8ec7-15-IMP-CROSS-r3\result.json
t160-quality-20261007T014124Z-fbbe8ec7-15-IMP-CROSS-r3,IMP-CROSS,3,automatic,239d78f4-ab44-59ec-ab7f-e11e454e26f1,61bb6881-c0ca-4ec0-ab95-bce3608d220f,native_text,question_type,unknown,False,,,,reference_unknown,round2-import\t160-quality-20261007T014124Z-fbbe8ec7\runs\t160-quality-20261007T014124Z-fbbe8ec7-15-IMP-CROSS-r3\result.json
t160-quality-20261007T014124Z-fbbe8ec7-15-IMP-CROSS-r3,IMP-CROSS,3,automatic,239d78f4-ab44-59ec-ab7f-e11e454e26f1,61bb6881-c0ca-4ec0-ab95-bce3608d220f,native_text,content,source_provided,True,True,"阅读下页流程图：输入 x = 3，计算输出 y。
按下图流程完成计算。","阅读下页流程图：输入 x = 3，计算输出 y。
按下图流程完成计算。",matched,round2-import\t160-quality-20261007T014124Z-fbbe8ec7\runs\t160-quality-20261007T014124Z-fbbe8ec7-15-IMP-CROSS-r3\result.json
t160-quality-20261007T014124Z-fbbe8ec7-15-IMP-CROSS-r3,IMP-CROSS,3,automatic,239d78f4-ab44-59ec-ab7f-e11e454e26f1,61bb6881-c0ca-4ec0-ab95-bce3608d220f,native_text,options,not_applicable,True,True,,,matched,round2-import\t160-quality-20261007T014124Z-fbbe8ec7\runs\t160-quality-20261007T014124Z-fbbe8ec7-15-IMP-CROSS-r3\result.json
t160-quality-20261007T014124Z-fbbe8ec7-15-IMP-CROSS-r3,IMP-CROSS,3,automatic,239d78f4-ab44-59ec-ab7f-e11e454e26f1,61bb6881-c0ca-4ec0-ab95-bce3608d220f,native_text,reference_answer,known_missing,True,True,,,matched,round2-import\t160-quality-20261007T014124Z-fbbe8ec7\runs\t160-quality-20261007T014124Z-fbbe8ec7-15-IMP-CROSS-r3\result.json
t160-quality-20261007T014124Z-fbbe8ec7-15-IMP-CROSS-r3,IMP-CROSS,3,automatic,239d78f4-ab44-59ec-ab7f-e11e454e26f1,61bb6881-c0ca-4ec0-ab95-bce3608d220f,native_text,analysis,known_missing,True,True,,,matched,round2-import\t160-quality-20261007T014124Z-fbbe8ec7\runs\t160-quality-20261007T014124Z-fbbe8ec7-15-IMP-CROSS-r3\result.json
t160-quality-20261007T014124Z-fbbe8ec7-15-IMP-CROSS-r3,IMP-CROSS,3,automatic,239d78f4-ab44-59ec-ab7f-e11e454e26f1,61bb6881-c0ca-4ec0-ab95-bce3608d220f,native_text,score,source_provided,True,True,5.00,5.00,matched,round2-import\t160-quality-20261007T014124Z-fbbe8ec7\runs\t160-quality-20261007T014124Z-fbbe8ec7-15-IMP-CROSS-r3\result.json
t160-quality-20261007T014124Z-fbbe8ec7-15-IMP-CROSS-r3,IMP-CROSS,3,automatic,239d78f4-ab44-59ec-ab7f-e11e454e26f1,61bb6881-c0ca-4ec0-ab95-bce3608d220f,native_text,scoring_rubric,source_provided,True,True,正确中间计算 2.00；最终输出 3.00。,正确中间计算 2.00；最终输出 3.00。,matched,round2-import\t160-quality-20261007T014124Z-fbbe8ec7\runs\t160-quality-20261007T014124Z-fbbe8ec7-15-IMP-CROSS-r3\result.json
t160-quality-20261007T014124Z-fbbe8ec7-15-IMP-CROSS-r3,IMP-CROSS,3,automatic,239d78f4-ab44-59ec-ab7f-e11e454e26f1,61bb6881-c0ca-4ec0-ab95-bce3608d220f,native_text,knowledge_points,known_missing,True,False,[],,matched,round2-import\t160-quality-20261007T014124Z-fbbe8ec7\runs\t160-quality-20261007T014124Z-fbbe8ec7-15-IMP-CROSS-r3\result.json
t160-quality-20261007T014124Z-fbbe8ec7-15-IMP-CROSS-r3,IMP-CROSS,3,automatic,239d78f4-ab44-59ec-ab7f-e11e454e26f1,61bb6881-c0ca-4ec0-ab95-bce3608d220f,native_text,source_regions,unknown,False,,,,reference_unknown,round2-import\t160-quality-20261007T014124Z-fbbe8ec7\runs\t160-quality-20261007T014124Z-fbbe8ec7-15-IMP-CROSS-r3\result.json
t160-quality-20261007T014124Z-fbbe8ec7-15-IMP-CROSS-r3,IMP-CROSS,3,automatic,239d78f4-ab44-59ec-ab7f-e11e454e26f1,61bb6881-c0ca-4ec0-ab95-bce3608d220f,native_text,assets,source_provided,True,False,"[{""asset_type"": ""diagram"", ""source_page_number"": 2, ""order_index"": 1}]",,matched,round2-import\t160-quality-20261007T014124Z-fbbe8ec7\runs\t160-quality-20261007T014124Z-fbbe8ec7-15-IMP-CROSS-r3\result.json
