run_id,case_id,repeat_index,stage,reference_question_identity,extracted_question_id,modality,field,reference_state,evaluable,correct,expected,actual,reason,evidence_ref
t160-quality-20261006T132638Z-80ad8d90-01-IMP-TEXT-r1,IMP-TEXT,1,automatic,1194af49-5301-51bb-a173-0e6f524ac810,b605f444-c9e4-4132-b542-65a4e26fd90c,native_text,question_number,source_provided,True,True,1,1,matched,import-execution-v5\t160-quality-20261006T132638Z-80ad8d90\runs\t160-quality-20261006T132638Z-80ad8d90-01-IMP-TEXT-r1\result.json
t160-quality-20261006T132638Z-80ad8d90-01-IMP-TEXT-r1,IMP-TEXT,1,automatic,1194af49-5301-51bb-a173-0e6f524ac810,b605f444-c9e4-4132-b542-65a4e26fd90c,native_text,order_index,source_provided,True,True,1,1,matched,import-execution-v5\t160-quality-20261006T132638Z-80ad8d90\runs\t160-quality-20261006T132638Z-80ad8d90-01-IMP-TEXT-r1\result.json
t160-quality-20261006T132638Z-80ad8d90-01-IMP-TEXT-r1,IMP-TEXT,1,automatic,1194af49-5301-51bb-a173-0e6f524ac810,b605f444-c9e4-4132-b542-65a4e26fd90c,native_text,source_page_numbers,source_provided,True,True,[1],[1],matched,import-execution-v5\t160-quality-20261006T132638Z-80ad8d90\runs\t160-quality-20261006T132638Z-80ad8d90-01-IMP-TEXT-r1\result.json
t160-quality-20261006T132638Z-80ad8d90-01-IMP-TEXT-r1,IMP-TEXT,1,automatic,1194af49-5301-51bb-a173-0e6f524ac810,b605f444-c9e4-4132-b542-65a4e26fd90c,native_text,question_type,source_provided,True,True,SINGLE_CHOICE,SINGLE_CHOICE,matched,import-execution-v5\t160-quality-20261006T132638Z-80ad8d90\runs\t160-quality-20261006T132638Z-80ad8d90-01-IMP-TEXT-r1\result.json
t160-quality-20261006T132638Z-80ad8d90-01-IMP-TEXT-r1,IMP-TEXT,1,automatic,1194af49-5301-51bb-a173-0e6f524ac810,b605f444-c9e4-4132-b542-65a4e26fd90c,native_text,content,source_provided,True,True,y = 2x + 1，x = 3 时 y 为多少？,y = 2x + 1，x = 3 时 y 为多少？,matched,import-execution-v5\t160-quality-20261006T132638Z-80ad8d90\runs\t160-quality-20261006T132638Z-80ad8d90-01-IMP-TEXT-r1\result.json
t160-quality-20261006T132638Z-80ad8d90-01-IMP-TEXT-r1,IMP-TEXT,1,automatic,1194af49-5301-51bb-a173-0e6f524ac810,b605f444-c9e4-4132-b542-65a4e26fd90c,native_text,options,source_provided,True,True,"{""C"": ""7"", ""A"": ""5"", ""B"": ""6"", ""D"": ""8""}","{""C"": ""7"", ""A"": ""5"", ""B"": ""6"", ""D"": ""8""}",matched,import-execution-v5\t160-quality-20261006T132638Z-80ad8d90\runs\t160-quality-20261006T132638Z-80ad8d90-01-IMP-TEXT-r1\result.json
t160-quality-20261006T132638Z-80ad8d90-01-IMP-TEXT-r1,IMP-TEXT,1,automatic,1194af49-5301-51bb-a173-0e6f524ac810,b605f444-c9e4-4132-b542-65a4e26fd90c,native_text,reference_answer,source_provided,True,True,C,C,matched,import-execution-v5\t160-quality-20261006T132638Z-80ad8d90\runs\t160-quality-20261006T132638Z-80ad8d90-01-IMP-TEXT-r1\result.json
t160-quality-20261006T132638Z-80ad8d90-01-IMP-TEXT-r1,IMP-TEXT,1,automatic,1194af49-5301-51bb-a173-0e6f524ac810,b605f444-c9e4-4132-b542-65a4e26fd90c,native_text,analysis,source_provided,True,True,2 × 3 + 1 = 7。,2 × 3 + 1 = 7。,matched,import-execution-v5\t160-quality-20261006T132638Z-80ad8d90\runs\t160-quality-20261006T132638Z-80ad8d90-01-IMP-TEXT-r1\result.json
t160-quality-20261006T132638Z-80ad8d90-01-IMP-TEXT-r1,IMP-TEXT,1,automatic,1194af49-5301-51bb-a173-0e6f524ac810,b605f444-c9e4-4132-b542-65a4e26fd90c,native_text,score,source_provided,True,True,2.00,2.00,matched,import-execution-v5\t160-quality-20261006T132638Z-80ad8d90\runs\t160-quality-20261006T132638Z-80ad8d90-01-IMP-TEXT-r1\result.json
t160-quality-20261006T132638Z-80ad8d90-01-IMP-TEXT-r1,IMP-TEXT,1,automatic,1194af49-5301-51bb-a173-0e6f524ac810,b605f444-c9e4-4132-b542-65a4e26fd90c,native_text,scoring_rubric,known_missing,True,True,,,matched,import-execution-v5\t160-quality-20261006T132638Z-80ad8d90\runs\t160-quality-20261006T132638Z-80ad8d90-01-IMP-TEXT-r1\result.json
t160-quality-20261006T132638Z-80ad8d90-01-IMP-TEXT-r1,IMP-TEXT,1,automatic,1194af49-5301-51bb-a173-0e6f524ac810,b605f444-c9e4-4132-b542-65a4e26fd90c,native_text,knowledge_points,known_missing,True,False,[],,matched,import-execution-v5\t160-quality-20261006T132638Z-80ad8d90\runs\t160-quality-20261006T132638Z-80ad8d90-01-IMP-TEXT-r1\result.json
t160-quality-20261006T132638Z-80ad8d90-01-IMP-TEXT-r1,IMP-TEXT,1,automatic,1194af49-5301-51bb-a173-0e6f524ac810,b605f444-c9e4-4132-b542-65a4e26fd90c,native_text,source_regions,unknown,False,,,,reference_unknown,import-execution-v5\t160-quality-20261006T132638Z-80ad8d90\runs\t160-quality-20261006T132638Z-80ad8d90-01-IMP-TEXT-r1\result.json
t160-quality-20261006T132638Z-80ad8d90-01-IMP-TEXT-r1,IMP-TEXT,1,automatic,1194af49-5301-51bb-a173-0e6f524ac810,b605f444-c9e4-4132-b542-65a4e26fd90c,native_text,assets,source_provided,True,False,[],,matched,import-execution-v5\t160-quality-20261006T132638Z-80ad8d90\runs\t160-quality-20261006T132638Z-80ad8d90-01-IMP-TEXT-r1\result.json
t160-quality-20261006T132638Z-80ad8d90-01-IMP-TEXT-r1,IMP-TEXT,1,automatic,8e0aecaf-072d-5ed7-9b43-5d33ad202cc1,42a1242b-a901-429a-8ca8-636f17bc8dfc,native_text,question_number,source_provided,True,True,2,2,matched,import-execution-v5\t160-quality-20261006T132638Z-80ad8d90\runs\t160-quality-20261006T132638Z-80ad8d90-01-IMP-TEXT-r1\result.json
t160-quality-20261006T132638Z-80ad8d90-01-IMP-TEXT-r1,IMP-TEXT,1,automatic,8e0aecaf-072d-5ed7-9b43-5d33ad202cc1,42a1242b-a901-429a-8ca8-636f17bc8dfc,native_text,order_index,source_provided,True,True,2,2,matched,import-execution-v5\t160-quality-20261006T132638Z-80ad8d90\runs\t160-quality-20261006T132638Z-80ad8d90-01-IMP-TEXT-r1\result.json
t160-quality-20261006T132638Z-80ad8d90-01-IMP-TEXT-r1,IMP-TEXT,1,automatic,8e0aecaf-072d-5ed7-9b43-5d33ad202cc1,42a1242b-a901-429a-8ca8-636f17bc8dfc,native_text,source_page_numbers,source_provided,True,True,[1],[1],matched,import-execution-v5\t160-quality-20261006T132638Z-80ad8d90\runs\t160-quality-20261006T132638Z-80ad8d90-01-IMP-TEXT-r1\result.json
t160-quality-20261006T132638Z-80ad8d90-01-IMP-TEXT-r1,IMP-TEXT,1,automatic,8e0aecaf-072d-5ed7-9b43-5d33ad202cc1,42a1242b-a901-429a-8ca8-636f17bc8dfc,native_text,question_type,source_provided,True,True,TRUE_FALSE,TRUE_FALSE,matched,import-execution-v5\t160-quality-20261006T132638Z-80ad8d90\runs\t160-quality-20261006T132638Z-80ad8d90-01-IMP-TEXT-r1\result.json
t160-quality-20261006T132638Z-80ad8d90-01-IMP-TEXT-r1,IMP-TEXT,1,automatic,8e0aecaf-072d-5ed7-9b43-5d33ad202cc1,42a1242b-a901-429a-8ca8-636f17bc8dfc,native_text,content,source_provided,True,True,右图三角形面积为 24 cm²。,右图三角形面积为 24 cm²。,matched,import-execution-v5\t160-quality-20261006T132638Z-80ad8d90\runs\t160-quality-20261006T132638Z-80ad8d90-01-IMP-TEXT-r1\result.json
t160-quality-20261006T132638Z-80ad8d90-01-IMP-TEXT-r1,IMP-TEXT,1,automatic,8e0aecaf-072d-5ed7-9b43-5d33ad202cc1,42a1242b-a901-429a-8ca8-636f17bc8dfc,native_text,options,source_provided,True,True,"[""正确"", ""错误""]","[""正确"", ""错误""]",matched,import-execution-v5\t160-quality-20261006T132638Z-80ad8d90\runs\t160-quality-20261006T132638Z-80ad8d90-01-IMP-TEXT-r1\result.json
t160-quality-20261006T132638Z-80ad8d90-01-IMP-TEXT-r1,IMP-TEXT,1,automatic,8e0aecaf-072d-5ed7-9b43-5d33ad202cc1,42a1242b-a901-429a-8ca8-636f17bc8dfc,native_text,reference_answer,known_missing,True,True,,,matched,import-execution-v5\t160-quality-20261006T132638Z-80ad8d90\runs\t160-quality-20261006T132638Z-80ad8d90-01-IMP-TEXT-r1\result.json
t160-quality-20261006T132638Z-80ad8d90-01-IMP-TEXT-r1,IMP-TEXT,1,automatic,8e0aecaf-072d-5ed7-9b43-5d33ad202cc1,42a1242b-a901-429a-8ca8-636f17bc8dfc,native_text,analysis,known_missing,True,True,,,matched,import-execution-v5\t160-quality-20261006T132638Z-80ad8d90\runs\t160-quality-20261006T132638Z-80ad8d90-01-IMP-TEXT-r1\result.json
t160-quality-20261006T132638Z-80ad8d90-01-IMP-TEXT-r1,IMP-TEXT,1,automatic,8e0aecaf-072d-5ed7-9b43-5d33ad202cc1,42a1242b-a901-429a-8ca8-636f17bc8dfc,native_text,score,source_provided,True,True,2.00,2.00,matched,import-execution-v5\t160-quality-20261006T132638Z-80ad8d90\runs\t160-quality-20261006T132638Z-80ad8d90-01-IMP-TEXT-r1\result.json
t160-quality-20261006T132638Z-80ad8d90-01-IMP-TEXT-r1,IMP-TEXT,1,automatic,8e0aecaf-072d-5ed7-9b43-5d33ad202cc1,42a1242b-a901-429a-8ca8-636f17bc8dfc,native_text,scoring_rubric,known_missing,True,True,,,matched,import-execution-v5\t160-quality-20261006T132638Z-80ad8d90\runs\t160-quality-20261006T132638Z-80ad8d90-01-IMP-TEXT-r1\result.json
t160-quality-20261006T132638Z-80ad8d90-01-IMP-TEXT-r1,IMP-TEXT,1,automatic,8e0aecaf-072d-5ed7-9b43-5d33ad202cc1,42a1242b-a901-429a-8ca8-636f17bc8dfc,native_text,knowledge_points,known_missing,True,False,[],,matched,import-execution-v5\t160-quality-20261006T132638Z-80ad8d90\runs\t160-quality-20261006T132638Z-80ad8d90-01-IMP-TEXT-r1\result.json
t160-quality-20261006T132638Z-80ad8d90-01-IMP-TEXT-r1,IMP-TEXT,1,automatic,8e0aecaf-072d-5ed7-9b43-5d33ad202cc1,42a1242b-a901-429a-8ca8-636f17bc8dfc,native_text,source_regions,unknown,False,,,,reference_unknown,import-execution-v5\t160-quality-20261006T132638Z-80ad8d90\runs\t160-quality-20261006T132638Z-80ad8d90-01-IMP-TEXT-r1\result.json
t160-quality-20261006T132638Z-80ad8d90-01-IMP-TEXT-r1,IMP-TEXT,1,automatic,8e0aecaf-072d-5ed7-9b43-5d33ad202cc1,42a1242b-a901-429a-8ca8-636f17bc8dfc,native_text,assets,source_provided,True,False,"[{""asset_type"": ""figure"", ""source_page_number"": 1, ""order_index"": 1}]",,matched,import-execution-v5\t160-quality-20261006T132638Z-80ad8d90\runs\t160-quality-20261006T132638Z-80ad8d90-01-IMP-TEXT-r1\result.json
t160-quality-20261006T132638Z-80ad8d90-01-IMP-TEXT-r1,IMP-TEXT,1,automatic,fdef73bd-f984-58d1-8a53-3eea668a9f83,2b2495fa-00a0-4be0-a22e-9a8a866f18a8,native_text,question_number,source_provided,True,True,3,3,matched,import-execution-v5\t160-quality-20261006T132638Z-80ad8d90\runs\t160-quality-20261006T132638Z-80ad8d90-01-IMP-TEXT-r1\result.json
t160-quality-20261006T132638Z-80ad8d90-01-IMP-TEXT-r1,IMP-TEXT,1,automatic,fdef73bd-f984-58d1-8a53-3eea668a9f83,2b2495fa-00a0-4be0-a22e-9a8a866f18a8,native_text,order_index,source_provided,True,True,3,3,matched,import-execution-v5\t160-quality-20261006T132638Z-80ad8d90\runs\t160-quality-20261006T132638Z-80ad8d90-01-IMP-TEXT-r1\result.json
t160-quality-20261006T132638Z-80ad8d90-01-IMP-TEXT-r1,IMP-TEXT,1,automatic,fdef73bd-f984-58d1-8a53-3eea668a9f83,2b2495fa-00a0-4be0-a22e-9a8a866f18a8,native_text,source_page_numbers,source_provided,True,True,[1],[1],matched,import-execution-v5\t160-quality-20261006T132638Z-80ad8d90\runs\t160-quality-20261006T132638Z-80ad8d90-01-IMP-TEXT-r1\result.json
t160-quality-20261006T132638Z-80ad8d90-01-IMP-TEXT-r1,IMP-TEXT,1,automatic,fdef73bd-f984-58d1-8a53-3eea668a9f83,2b2495fa-00a0-4be0-a22e-9a8a866f18a8,native_text,question_type,source_provided,True,True,SHORT_ANSWER,SHORT_ANSWER,matched,import-execution-v5\t160-quality-20261006T132638Z-80ad8d90\runs\t160-quality-20261006T132638Z-80ad8d90-01-IMP-TEXT-r1\result.json
t160-quality-20261006T132638Z-80ad8d90-01-IMP-TEXT-r1,IMP-TEXT,1,automatic,fdef73bd-f984-58d1-8a53-3eea668a9f83,2b2495fa-00a0-4be0-a22e-9a8a866f18a8,native_text,content,source_provided,True,True,根据下表写出 y 关于 x 的关系式。,根据下表写出 y 关于 x 的关系式。,matched,import-execution-v5\t160-quality-20261006T132638Z-80ad8d90\runs\t160-quality-20261006T132638Z-80ad8d90-01-IMP-TEXT-r1\result.json
t160-quality-20261006T132638Z-80ad8d90-01-IMP-TEXT-r1,IMP-TEXT,1,automatic,fdef73bd-f984-58d1-8a53-3eea668a9f83,2b2495fa-00a0-4be0-a22e-9a8a866f18a8,native_text,options,not_applicable,True,True,,,matched,import-execution-v5\t160-quality-20261006T132638Z-80ad8d90\runs\t160-quality-20261006T132638Z-80ad8d90-01-IMP-TEXT-r1\result.json
t160-quality-20261006T132638Z-80ad8d90-01-IMP-TEXT-r1,IMP-TEXT,1,automatic,fdef73bd-f984-58d1-8a53-3eea668a9f83,2b2495fa-00a0-4be0-a22e-9a8a866f18a8,native_text,reference_answer,known_missing,True,True,,,matched,import-execution-v5\t160-quality-20261006T132638Z-80ad8d90\runs\t160-quality-20261006T132638Z-80ad8d90-01-IMP-TEXT-r1\result.json
t160-quality-20261006T132638Z-80ad8d90-01-IMP-TEXT-r1,IMP-TEXT,1,automatic,fdef73bd-f984-58d1-8a53-3eea668a9f83,2b2495fa-00a0-4be0-a22e-9a8a866f18a8,native_text,analysis,known_missing,True,True,,,matched,import-execution-v5\t160-quality-20261006T132638Z-80ad8d90\runs\t160-quality-20261006T132638Z-80ad8d90-01-IMP-TEXT-r1\result.json
t160-quality-20261006T132638Z-80ad8d90-01-IMP-TEXT-r1,IMP-TEXT,1,automatic,fdef73bd-f984-58d1-8a53-3eea668a9f83,2b2495fa-00a0-4be0-a22e-9a8a866f18a8,native_text,score,source_provided,True,True,3.00,3.00,matched,import-execution-v5\t160-quality-20261006T132638Z-80ad8d90\runs\t160-quality-20261006T132638Z-80ad8d90-01-IMP-TEXT-r1\result.json
t160-quality-20261006T132638Z-80ad8d90-01-IMP-TEXT-r1,IMP-TEXT,1,automatic,fdef73bd-f984-58d1-8a53-3eea668a9f83,2b2495fa-00a0-4be0-a22e-9a8a866f18a8,native_text,scoring_rubric,source_provided,True,True,正确关系式 1.00；说明代入过程 2.00。,正确关系式 1.00；说明代入过程 2.00。,matched,import-execution-v5\t160-quality-20261006T132638Z-80ad8d90\runs\t160-quality-20261006T132638Z-80ad8d90-01-IMP-TEXT-r1\result.json
t160-quality-20261006T132638Z-80ad8d90-01-IMP-TEXT-r1,IMP-TEXT,1,automatic,fdef73bd-f984-58d1-8a53-3eea668a9f83,2b2495fa-00a0-4be0-a22e-9a8a866f18a8,native_text,knowledge_points,source_provided,True,True,"[""一次函数"", ""表达与计算""]","[""一次函数"", ""表达与计算""]",matched,import-execution-v5\t160-quality-20261006T132638Z-80ad8d90\runs\t160-quality-20261006T132638Z-80ad8d90-01-IMP-TEXT-r1\result.json
t160-quality-20261006T132638Z-80ad8d90-01-IMP-TEXT-r1,IMP-TEXT,1,automatic,fdef73bd-f984-58d1-8a53-3eea668a9f83,2b2495fa-00a0-4be0-a22e-9a8a866f18a8,native_text,source_regions,unknown,False,,,,reference_unknown,import-execution-v5\t160-quality-20261006T132638Z-80ad8d90\runs\t160-quality-20261006T132638Z-80ad8d90-01-IMP-TEXT-r1\result.json
t160-quality-20261006T132638Z-80ad8d90-01-IMP-TEXT-r1,IMP-TEXT,1,automatic,fdef73bd-f984-58d1-8a53-3eea668a9f83,2b2495fa-00a0-4be0-a22e-9a8a866f18a8,native_text,assets,source_provided,True,False,"[{""asset_type"": ""table"", ""source_page_number"": 1, ""order_index"": 1}]",,matched,import-execution-v5\t160-quality-20261006T132638Z-80ad8d90\runs\t160-quality-20261006T132638Z-80ad8d90-01-IMP-TEXT-r1\result.json
t160-quality-20261006T132638Z-80ad8d90-01-IMP-TEXT-r1,IMP-TEXT,1,assisted_corrected,1194af49-5301-51bb-a173-0e6f524ac810,b605f444-c9e4-4132-b542-65a4e26fd90c,native_text,question_number,source_provided,True,True,1,1,matched,import-execution-v5\t160-quality-20261006T132638Z-80ad8d90\runs\t160-quality-20261006T132638Z-80ad8d90-01-IMP-TEXT-r1\result.json
t160-quality-20261006T132638Z-80ad8d90-01-IMP-TEXT-r1,IMP-TEXT,1,assisted_corrected,1194af49-5301-51bb-a173-0e6f524ac810,b605f444-c9e4-4132-b542-65a4e26fd90c,native_text,order_index,source_provided,True,True,1,1,matched,import-execution-v5\t160-quality-20261006T132638Z-80ad8d90\runs\t160-quality-20261006T132638Z-80ad8d90-01-IMP-TEXT-r1\result.json
t160-quality-20261006T132638Z-80ad8d90-01-IMP-TEXT-r1,IMP-TEXT,1,assisted_corrected,1194af49-5301-51bb-a173-0e6f524ac810,b605f444-c9e4-4132-b542-65a4e26fd90c,native_text,source_page_numbers,source_provided,True,True,[1],[1],matched,import-execution-v5\t160-quality-20261006T132638Z-80ad8d90\runs\t160-quality-20261006T132638Z-80ad8d90-01-IMP-TEXT-r1\result.json
t160-quality-20261006T132638Z-80ad8d90-01-IMP-TEXT-r1,IMP-TEXT,1,assisted_corrected,1194af49-5301-51bb-a173-0e6f524ac810,b605f444-c9e4-4132-b542-65a4e26fd90c,native_text,question_type,source_provided,True,True,SINGLE_CHOICE,SINGLE_CHOICE,matched,import-execution-v5\t160-quality-20261006T132638Z-80ad8d90\runs\t160-quality-20261006T132638Z-80ad8d90-01-IMP-TEXT-r1\result.json
t160-quality-20261006T132638Z-80ad8d90-01-IMP-TEXT-r1,IMP-TEXT,1,assisted_corrected,1194af49-5301-51bb-a173-0e6f524ac810,b605f444-c9e4-4132-b542-65a4e26fd90c,native_text,content,source_provided,True,True,y = 2x + 1，x = 3 时 y 为多少？,y = 2x + 1，x = 3 时 y 为多少？,matched,import-execution-v5\t160-quality-20261006T132638Z-80ad8d90\runs\t160-quality-20261006T132638Z-80ad8d90-01-IMP-TEXT-r1\result.json
t160-quality-20261006T132638Z-80ad8d90-01-IMP-TEXT-r1,IMP-TEXT,1,assisted_corrected,1194af49-5301-51bb-a173-0e6f524ac810,b605f444-c9e4-4132-b542-65a4e26fd90c,native_text,options,source_provided,True,True,"{""C"": ""7"", ""A"": ""5"", ""B"": ""6"", ""D"": ""8""}","{""C"": ""7"", ""A"": ""5"", ""B"": ""6"", ""D"": ""8""}",matched,import-execution-v5\t160-quality-20261006T132638Z-80ad8d90\runs\t160-quality-20261006T132638Z-80ad8d90-01-IMP-TEXT-r1\result.json
t160-quality-20261006T132638Z-80ad8d90-01-IMP-TEXT-r1,IMP-TEXT,1,assisted_corrected,1194af49-5301-51bb-a173-0e6f524ac810,b605f444-c9e4-4132-b542-65a4e26fd90c,native_text,reference_answer,source_provided,True,True,C,C,matched,import-execution-v5\t160-quality-20261006T132638Z-80ad8d90\runs\t160-quality-20261006T132638Z-80ad8d90-01-IMP-TEXT-r1\result.json
t160-quality-20261006T132638Z-80ad8d90-01-IMP-TEXT-r1,IMP-TEXT,1,assisted_corrected,1194af49-5301-51bb-a173-0e6f524ac810,b605f444-c9e4-4132-b542-65a4e26fd90c,native_text,analysis,source_provided,True,True,2 × 3 + 1 = 7。,2 × 3 + 1 = 7。,matched,import-execution-v5\t160-quality-20261006T132638Z-80ad8d90\runs\t160-quality-20261006T132638Z-80ad8d90-01-IMP-TEXT-r1\result.json
t160-quality-20261006T132638Z-80ad8d90-01-IMP-TEXT-r1,IMP-TEXT,1,assisted_corrected,1194af49-5301-51bb-a173-0e6f524ac810,b605f444-c9e4-4132-b542-65a4e26fd90c,native_text,score,source_provided,True,True,2.00,2.00,matched,import-execution-v5\t160-quality-20261006T132638Z-80ad8d90\runs\t160-quality-20261006T132638Z-80ad8d90-01-IMP-TEXT-r1\result.json
t160-quality-20261006T132638Z-80ad8d90-01-IMP-TEXT-r1,IMP-TEXT,1,assisted_corrected,1194af49-5301-51bb-a173-0e6f524ac810,b605f444-c9e4-4132-b542-65a4e26fd90c,native_text,scoring_rubric,known_missing,True,True,,,matched,import-execution-v5\t160-quality-20261006T132638Z-80ad8d90\runs\t160-quality-20261006T132638Z-80ad8d90-01-IMP-TEXT-r1\result.json
t160-quality-20261006T132638Z-80ad8d90-01-IMP-TEXT-r1,IMP-TEXT,1,assisted_corrected,1194af49-5301-51bb-a173-0e6f524ac810,b605f444-c9e4-4132-b542-65a4e26fd90c,native_text,knowledge_points,known_missing,True,True,[],[],matched,import-execution-v5\t160-quality-20261006T132638Z-80ad8d90\runs\t160-quality-20261006T132638Z-80ad8d90-01-IMP-TEXT-r1\result.json
t160-quality-20261006T132638Z-80ad8d90-01-IMP-TEXT-r1,IMP-TEXT,1,assisted_corrected,1194af49-5301-51bb-a173-0e6f524ac810,b605f444-c9e4-4132-b542-65a4e26fd90c,native_text,source_regions,unknown,False,,,,reference_unknown,import-execution-v5\t160-quality-20261006T132638Z-80ad8d90\runs\t160-quality-20261006T132638Z-80ad8d90-01-IMP-TEXT-r1\result.json
t160-quality-20261006T132638Z-80ad8d90-01-IMP-TEXT-r1,IMP-TEXT,1,assisted_corrected,1194af49-5301-51bb-a173-0e6f524ac810,b605f444-c9e4-4132-b542-65a4e26fd90c,native_text,assets,source_provided,True,True,[],[],matched,import-execution-v5\t160-quality-20261006T132638Z-80ad8d90\runs\t160-quality-20261006T132638Z-80ad8d90-01-IMP-TEXT-r1\result.json
t160-quality-20261006T132638Z-80ad8d90-01-IMP-TEXT-r1,IMP-TEXT,1,assisted_corrected,8e0aecaf-072d-5ed7-9b43-5d33ad202cc1,42a1242b-a901-429a-8ca8-636f17bc8dfc,native_text,question_number,source_provided,True,True,2,2,matched,import-execution-v5\t160-quality-20261006T132638Z-80ad8d90\runs\t160-quality-20261006T132638Z-80ad8d90-01-IMP-TEXT-r1\result.json
t160-quality-20261006T132638Z-80ad8d90-01-IMP-TEXT-r1,IMP-TEXT,1,assisted_corrected,8e0aecaf-072d-5ed7-9b43-5d33ad202cc1,42a1242b-a901-429a-8ca8-636f17bc8dfc,native_text,order_index,source_provided,True,True,2,2,matched,import-execution-v5\t160-quality-20261006T132638Z-80ad8d90\runs\t160-quality-20261006T132638Z-80ad8d90-01-IMP-TEXT-r1\result.json
t160-quality-20261006T132638Z-80ad8d90-01-IMP-TEXT-r1,IMP-TEXT,1,assisted_corrected,8e0aecaf-072d-5ed7-9b43-5d33ad202cc1,42a1242b-a901-429a-8ca8-636f17bc8dfc,native_text,source_page_numbers,source_provided,True,True,[1],[1],matched,import-execution-v5\t160-quality-20261006T132638Z-80ad8d90\runs\t160-quality-20261006T132638Z-80ad8d90-01-IMP-TEXT-r1\result.json
t160-quality-20261006T132638Z-80ad8d90-01-IMP-TEXT-r1,IMP-TEXT,1,assisted_corrected,8e0aecaf-072d-5ed7-9b43-5d33ad202cc1,42a1242b-a901-429a-8ca8-636f17bc8dfc,native_text,question_type,source_provided,True,True,TRUE_FALSE,TRUE_FALSE,matched,import-execution-v5\t160-quality-20261006T132638Z-80ad8d90\runs\t160-quality-20261006T132638Z-80ad8d90-01-IMP-TEXT-r1\result.json
t160-quality-20261006T132638Z-80ad8d90-01-IMP-TEXT-r1,IMP-TEXT,1,assisted_corrected,8e0aecaf-072d-5ed7-9b43-5d33ad202cc1,42a1242b-a901-429a-8ca8-636f17bc8dfc,native_text,content,source_provided,True,True,右图三角形面积为 24 cm²。,右图三角形面积为 24 cm²。,matched,import-execution-v5\t160-quality-20261006T132638Z-80ad8d90\runs\t160-quality-20261006T132638Z-80ad8d90-01-IMP-TEXT-r1\result.json
t160-quality-20261006T132638Z-80ad8d90-01-IMP-TEXT-r1,IMP-TEXT,1,assisted_corrected,8e0aecaf-072d-5ed7-9b43-5d33ad202cc1,42a1242b-a901-429a-8ca8-636f17bc8dfc,native_text,options,source_provided,True,True,"[""正确"", ""错误""]","[""正确"", ""错误""]",matched,import-execution-v5\t160-quality-20261006T132638Z-80ad8d90\runs\t160-quality-20261006T132638Z-80ad8d90-01-IMP-TEXT-r1\result.json
t160-quality-20261006T132638Z-80ad8d90-01-IMP-TEXT-r1,IMP-TEXT,1,assisted_corrected,8e0aecaf-072d-5ed7-9b43-5d33ad202cc1,42a1242b-a901-429a-8ca8-636f17bc8dfc,native_text,reference_answer,known_missing,True,True,,,matched,import-execution-v5\t160-quality-20261006T132638Z-80ad8d90\runs\t160-quality-20261006T132638Z-80ad8d90-01-IMP-TEXT-r1\result.json
t160-quality-20261006T132638Z-80ad8d90-01-IMP-TEXT-r1,IMP-TEXT,1,assisted_corrected,8e0aecaf-072d-5ed7-9b43-5d33ad202cc1,42a1242b-a901-429a-8ca8-636f17bc8dfc,native_text,analysis,known_missing,True,True,,,matched,import-execution-v5\t160-quality-20261006T132638Z-80ad8d90\runs\t160-quality-20261006T132638Z-80ad8d90-01-IMP-TEXT-r1\result.json
t160-quality-20261006T132638Z-80ad8d90-01-IMP-TEXT-r1,IMP-TEXT,1,assisted_corrected,8e0aecaf-072d-5ed7-9b43-5d33ad202cc1,42a1242b-a901-429a-8ca8-636f17bc8dfc,native_text,score,source_provided,True,True,2.00,2.00,matched,import-execution-v5\t160-quality-20261006T132638Z-80ad8d90\runs\t160-quality-20261006T132638Z-80ad8d90-01-IMP-TEXT-r1\result.json
t160-quality-20261006T132638Z-80ad8d90-01-IMP-TEXT-r1,IMP-TEXT,1,assisted_corrected,8e0aecaf-072d-5ed7-9b43-5d33ad202cc1,42a1242b-a901-429a-8ca8-636f17bc8dfc,native_text,scoring_rubric,known_missing,True,True,,,matched,import-execution-v5\t160-quality-20261006T132638Z-80ad8d90\runs\t160-quality-20261006T132638Z-80ad8d90-01-IMP-TEXT-r1\result.json
t160-quality-20261006T132638Z-80ad8d90-01-IMP-TEXT-r1,IMP-TEXT,1,assisted_corrected,8e0aecaf-072d-5ed7-9b43-5d33ad202cc1,42a1242b-a901-429a-8ca8-636f17bc8dfc,native_text,knowledge_points,known_missing,True,True,[],[],matched,import-execution-v5\t160-quality-20261006T132638Z-80ad8d90\runs\t160-quality-20261006T132638Z-80ad8d90-01-IMP-TEXT-r1\result.json
t160-quality-20261006T132638Z-80ad8d90-01-IMP-TEXT-r1,IMP-TEXT,1,assisted_corrected,8e0aecaf-072d-5ed7-9b43-5d33ad202cc1,42a1242b-a901-429a-8ca8-636f17bc8dfc,native_text,source_regions,unknown,False,,,,reference_unknown,import-execution-v5\t160-quality-20261006T132638Z-80ad8d90\runs\t160-quality-20261006T132638Z-80ad8d90-01-IMP-TEXT-r1\result.json
t160-quality-20261006T132638Z-80ad8d90-01-IMP-TEXT-r1,IMP-TEXT,1,assisted_corrected,8e0aecaf-072d-5ed7-9b43-5d33ad202cc1,42a1242b-a901-429a-8ca8-636f17bc8dfc,native_text,assets,source_provided,True,False,"[{""asset_type"": ""figure"", ""source_page_number"": 1, ""order_index"": 1}]",,matched,import-execution-v5\t160-quality-20261006T132638Z-80ad8d90\runs\t160-quality-20261006T132638Z-80ad8d90-01-IMP-TEXT-r1\result.json
t160-quality-20261006T132638Z-80ad8d90-01-IMP-TEXT-r1,IMP-TEXT,1,assisted_corrected,fdef73bd-f984-58d1-8a53-3eea668a9f83,2b2495fa-00a0-4be0-a22e-9a8a866f18a8,native_text,question_number,source_provided,True,True,3,3,matched,import-execution-v5\t160-quality-20261006T132638Z-80ad8d90\runs\t160-quality-20261006T132638Z-80ad8d90-01-IMP-TEXT-r1\result.json
t160-quality-20261006T132638Z-80ad8d90-01-IMP-TEXT-r1,IMP-TEXT,1,assisted_corrected,fdef73bd-f984-58d1-8a53-3eea668a9f83,2b2495fa-00a0-4be0-a22e-9a8a866f18a8,native_text,order_index,source_provided,True,True,3,3,matched,import-execution-v5\t160-quality-20261006T132638Z-80ad8d90\runs\t160-quality-20261006T132638Z-80ad8d90-01-IMP-TEXT-r1\result.json
t160-quality-20261006T132638Z-80ad8d90-01-IMP-TEXT-r1,IMP-TEXT,1,assisted_corrected,fdef73bd-f984-58d1-8a53-3eea668a9f83,2b2495fa-00a0-4be0-a22e-9a8a866f18a8,native_text,source_page_numbers,source_provided,True,True,[1],[1],matched,import-execution-v5\t160-quality-20261006T132638Z-80ad8d90\runs\t160-quality-20261006T132638Z-80ad8d90-01-IMP-TEXT-r1\result.json
t160-quality-20261006T132638Z-80ad8d90-01-IMP-TEXT-r1,IMP-TEXT,1,assisted_corrected,fdef73bd-f984-58d1-8a53-3eea668a9f83,2b2495fa-00a0-4be0-a22e-9a8a866f18a8,native_text,question_type,source_provided,True,True,SHORT_ANSWER,SHORT_ANSWER,matched,import-execution-v5\t160-quality-20261006T132638Z-80ad8d90\runs\t160-quality-20261006T132638Z-80ad8d90-01-IMP-TEXT-r1\result.json
t160-quality-20261006T132638Z-80ad8d90-01-IMP-TEXT-r1,IMP-TEXT,1,assisted_corrected,fdef73bd-f984-58d1-8a53-3eea668a9f83,2b2495fa-00a0-4be0-a22e-9a8a866f18a8,native_text,content,source_provided,True,True,根据下表写出 y 关于 x 的关系式。,根据下表写出 y 关于 x 的关系式。,matched,import-execution-v5\t160-quality-20261006T132638Z-80ad8d90\runs\t160-quality-20261006T132638Z-80ad8d90-01-IMP-TEXT-r1\result.json
t160-quality-20261006T132638Z-80ad8d90-01-IMP-TEXT-r1,IMP-TEXT,1,assisted_corrected,fdef73bd-f984-58d1-8a53-3eea668a9f83,2b2495fa-00a0-4be0-a22e-9a8a866f18a8,native_text,options,not_applicable,True,True,,,matched,import-execution-v5\t160-quality-20261006T132638Z-80ad8d90\runs\t160-quality-20261006T132638Z-80ad8d90-01-IMP-TEXT-r1\result.json
t160-quality-20261006T132638Z-80ad8d90-01-IMP-TEXT-r1,IMP-TEXT,1,assisted_corrected,fdef73bd-f984-58d1-8a53-3eea668a9f83,2b2495fa-00a0-4be0-a22e-9a8a866f18a8,native_text,reference_answer,known_missing,True,True,,,matched,import-execution-v5\t160-quality-20261006T132638Z-80ad8d90\runs\t160-quality-20261006T132638Z-80ad8d90-01-IMP-TEXT-r1\result.json
t160-quality-20261006T132638Z-80ad8d90-01-IMP-TEXT-r1,IMP-TEXT,1,assisted_corrected,fdef73bd-f984-58d1-8a53-3eea668a9f83,2b2495fa-00a0-4be0-a22e-9a8a866f18a8,native_text,analysis,known_missing,True,True,,,matched,import-execution-v5\t160-quality-20261006T132638Z-80ad8d90\runs\t160-quality-20261006T132638Z-80ad8d90-01-IMP-TEXT-r1\result.json
t160-quality-20261006T132638Z-80ad8d90-01-IMP-TEXT-r1,IMP-TEXT,1,assisted_corrected,fdef73bd-f984-58d1-8a53-3eea668a9f83,2b2495fa-00a0-4be0-a22e-9a8a866f18a8,native_text,score,source_provided,True,True,3.00,3.00,matched,import-execution-v5\t160-quality-20261006T132638Z-80ad8d90\runs\t160-quality-20261006T132638Z-80ad8d90-01-IMP-TEXT-r1\result.json
t160-quality-20261006T132638Z-80ad8d90-01-IMP-TEXT-r1,IMP-TEXT,1,assisted_corrected,fdef73bd-f984-58d1-8a53-3eea668a9f83,2b2495fa-00a0-4be0-a22e-9a8a866f18a8,native_text,scoring_rubric,source_provided,True,True,正确关系式 1.00；说明代入过程 2.00。,正确关系式 1.00；说明代入过程 2.00。,matched,import-execution-v5\t160-quality-20261006T132638Z-80ad8d90\runs\t160-quality-20261006T132638Z-80ad8d90-01-IMP-TEXT-r1\result.json
t160-quality-20261006T132638Z-80ad8d90-01-IMP-TEXT-r1,IMP-TEXT,1,assisted_corrected,fdef73bd-f984-58d1-8a53-3eea668a9f83,2b2495fa-00a0-4be0-a22e-9a8a866f18a8,native_text,knowledge_points,source_provided,True,True,"[""一次函数"", ""表达与计算""]","[""一次函数"", ""表达与计算""]",matched,import-execution-v5\t160-quality-20261006T132638Z-80ad8d90\runs\t160-quality-20261006T132638Z-80ad8d90-01-IMP-TEXT-r1\result.json
t160-quality-20261006T132638Z-80ad8d90-01-IMP-TEXT-r1,IMP-TEXT,1,assisted_corrected,fdef73bd-f984-58d1-8a53-3eea668a9f83,2b2495fa-00a0-4be0-a22e-9a8a866f18a8,native_text,source_regions,unknown,False,,,,reference_unknown,import-execution-v5\t160-quality-20261006T132638Z-80ad8d90\runs\t160-quality-20261006T132638Z-80ad8d90-01-IMP-TEXT-r1\result.json
t160-quality-20261006T132638Z-80ad8d90-01-IMP-TEXT-r1,IMP-TEXT,1,assisted_corrected,fdef73bd-f984-58d1-8a53-3eea668a9f83,2b2495fa-00a0-4be0-a22e-9a8a866f18a8,native_text,assets,source_provided,True,False,"[{""asset_type"": ""table"", ""source_page_number"": 1, ""order_index"": 1}]",,matched,import-execution-v5\t160-quality-20261006T132638Z-80ad8d90\runs\t160-quality-20261006T132638Z-80ad8d90-01-IMP-TEXT-r1\result.json
t160-quality-20261006T132638Z-80ad8d90-02-IMP-TEXT-r2,IMP-TEXT,2,automatic,1194af49-5301-51bb-a173-0e6f524ac810,a7df55ec-9938-48eb-8aa4-919b9aaf8ee0,native_text,question_number,source_provided,True,True,1,1,matched,import-execution-v5\t160-quality-20261006T132638Z-80ad8d90\runs\t160-quality-20261006T132638Z-80ad8d90-02-IMP-TEXT-r2\result.json
t160-quality-20261006T132638Z-80ad8d90-02-IMP-TEXT-r2,IMP-TEXT,2,automatic,1194af49-5301-51bb-a173-0e6f524ac810,a7df55ec-9938-48eb-8aa4-919b9aaf8ee0,native_text,order_index,source_provided,True,True,1,1,matched,import-execution-v5\t160-quality-20261006T132638Z-80ad8d90\runs\t160-quality-20261006T132638Z-80ad8d90-02-IMP-TEXT-r2\result.json
t160-quality-20261006T132638Z-80ad8d90-02-IMP-TEXT-r2,IMP-TEXT,2,automatic,1194af49-5301-51bb-a173-0e6f524ac810,a7df55ec-9938-48eb-8aa4-919b9aaf8ee0,native_text,source_page_numbers,source_provided,True,True,[1],[1],matched,import-execution-v5\t160-quality-20261006T132638Z-80ad8d90\runs\t160-quality-20261006T132638Z-80ad8d90-02-IMP-TEXT-r2\result.json
t160-quality-20261006T132638Z-80ad8d90-02-IMP-TEXT-r2,IMP-TEXT,2,automatic,1194af49-5301-51bb-a173-0e6f524ac810,a7df55ec-9938-48eb-8aa4-919b9aaf8ee0,native_text,question_type,source_provided,True,True,SINGLE_CHOICE,SINGLE_CHOICE,matched,import-execution-v5\t160-quality-20261006T132638Z-80ad8d90\runs\t160-quality-20261006T132638Z-80ad8d90-02-IMP-TEXT-r2\result.json
t160-quality-20261006T132638Z-80ad8d90-02-IMP-TEXT-r2,IMP-TEXT,2,automatic,1194af49-5301-51bb-a173-0e6f524ac810,a7df55ec-9938-48eb-8aa4-919b9aaf8ee0,native_text,content,source_provided,True,True,y = 2x + 1，x = 3 时 y 为多少？,y = 2x + 1，x = 3 时 y 为多少？,matched,import-execution-v5\t160-quality-20261006T132638Z-80ad8d90\runs\t160-quality-20261006T132638Z-80ad8d90-02-IMP-TEXT-r2\result.json
t160-quality-20261006T132638Z-80ad8d90-02-IMP-TEXT-r2,IMP-TEXT,2,automatic,1194af49-5301-51bb-a173-0e6f524ac810,a7df55ec-9938-48eb-8aa4-919b9aaf8ee0,native_text,options,source_provided,True,True,"{""C"": ""7"", ""A"": ""5"", ""B"": ""6"", ""D"": ""8""}","{""C"": ""7"", ""A"": ""5"", ""B"": ""6"", ""D"": ""8""}",matched,import-execution-v5\t160-quality-20261006T132638Z-80ad8d90\runs\t160-quality-20261006T132638Z-80ad8d90-02-IMP-TEXT-r2\result.json
t160-quality-20261006T132638Z-80ad8d90-02-IMP-TEXT-r2,IMP-TEXT,2,automatic,1194af49-5301-51bb-a173-0e6f524ac810,a7df55ec-9938-48eb-8aa4-919b9aaf8ee0,native_text,reference_answer,source_provided,True,True,C,C,matched,import-execution-v5\t160-quality-20261006T132638Z-80ad8d90\runs\t160-quality-20261006T132638Z-80ad8d90-02-IMP-TEXT-r2\result.json
t160-quality-20261006T132638Z-80ad8d90-02-IMP-TEXT-r2,IMP-TEXT,2,automatic,1194af49-5301-51bb-a173-0e6f524ac810,a7df55ec-9938-48eb-8aa4-919b9aaf8ee0,native_text,analysis,source_provided,True,True,2 × 3 + 1 = 7。,2 × 3 + 1 = 7。,matched,import-execution-v5\t160-quality-20261006T132638Z-80ad8d90\runs\t160-quality-20261006T132638Z-80ad8d90-02-IMP-TEXT-r2\result.json
t160-quality-20261006T132638Z-80ad8d90-02-IMP-TEXT-r2,IMP-TEXT,2,automatic,1194af49-5301-51bb-a173-0e6f524ac810,a7df55ec-9938-48eb-8aa4-919b9aaf8ee0,native_text,score,source_provided,True,True,2.00,2.00,matched,import-execution-v5\t160-quality-20261006T132638Z-80ad8d90\runs\t160-quality-20261006T132638Z-80ad8d90-02-IMP-TEXT-r2\result.json
t160-quality-20261006T132638Z-80ad8d90-02-IMP-TEXT-r2,IMP-TEXT,2,automatic,1194af49-5301-51bb-a173-0e6f524ac810,a7df55ec-9938-48eb-8aa4-919b9aaf8ee0,native_text,scoring_rubric,known_missing,True,True,,,matched,import-execution-v5\t160-quality-20261006T132638Z-80ad8d90\runs\t160-quality-20261006T132638Z-80ad8d90-02-IMP-TEXT-r2\result.json
t160-quality-20261006T132638Z-80ad8d90-02-IMP-TEXT-r2,IMP-TEXT,2,automatic,1194af49-5301-51bb-a173-0e6f524ac810,a7df55ec-9938-48eb-8aa4-919b9aaf8ee0,native_text,knowledge_points,known_missing,True,False,[],,matched,import-execution-v5\t160-quality-20261006T132638Z-80ad8d90\runs\t160-quality-20261006T132638Z-80ad8d90-02-IMP-TEXT-r2\result.json
t160-quality-20261006T132638Z-80ad8d90-02-IMP-TEXT-r2,IMP-TEXT,2,automatic,1194af49-5301-51bb-a173-0e6f524ac810,a7df55ec-9938-48eb-8aa4-919b9aaf8ee0,native_text,source_regions,unknown,False,,,,reference_unknown,import-execution-v5\t160-quality-20261006T132638Z-80ad8d90\runs\t160-quality-20261006T132638Z-80ad8d90-02-IMP-TEXT-r2\result.json
t160-quality-20261006T132638Z-80ad8d90-02-IMP-TEXT-r2,IMP-TEXT,2,automatic,1194af49-5301-51bb-a173-0e6f524ac810,a7df55ec-9938-48eb-8aa4-919b9aaf8ee0,native_text,assets,source_provided,True,False,[],,matched,import-execution-v5\t160-quality-20261006T132638Z-80ad8d90\runs\t160-quality-20261006T132638Z-80ad8d90-02-IMP-TEXT-r2\result.json
t160-quality-20261006T132638Z-80ad8d90-02-IMP-TEXT-r2,IMP-TEXT,2,automatic,8e0aecaf-072d-5ed7-9b43-5d33ad202cc1,c02a6025-bc91-46c2-a19f-cf6cb41709fd,native_text,question_number,source_provided,True,True,2,2,matched,import-execution-v5\t160-quality-20261006T132638Z-80ad8d90\runs\t160-quality-20261006T132638Z-80ad8d90-02-IMP-TEXT-r2\result.json
t160-quality-20261006T132638Z-80ad8d90-02-IMP-TEXT-r2,IMP-TEXT,2,automatic,8e0aecaf-072d-5ed7-9b43-5d33ad202cc1,c02a6025-bc91-46c2-a19f-cf6cb41709fd,native_text,order_index,source_provided,True,True,2,2,matched,import-execution-v5\t160-quality-20261006T132638Z-80ad8d90\runs\t160-quality-20261006T132638Z-80ad8d90-02-IMP-TEXT-r2\result.json
t160-quality-20261006T132638Z-80ad8d90-02-IMP-TEXT-r2,IMP-TEXT,2,automatic,8e0aecaf-072d-5ed7-9b43-5d33ad202cc1,c02a6025-bc91-46c2-a19f-cf6cb41709fd,native_text,source_page_numbers,source_provided,True,True,[1],[1],matched,import-execution-v5\t160-quality-20261006T132638Z-80ad8d90\runs\t160-quality-20261006T132638Z-80ad8d90-02-IMP-TEXT-r2\result.json
t160-quality-20261006T132638Z-80ad8d90-02-IMP-TEXT-r2,IMP-TEXT,2,automatic,8e0aecaf-072d-5ed7-9b43-5d33ad202cc1,c02a6025-bc91-46c2-a19f-cf6cb41709fd,native_text,question_type,source_provided,True,True,TRUE_FALSE,TRUE_FALSE,matched,import-execution-v5\t160-quality-20261006T132638Z-80ad8d90\runs\t160-quality-20261006T132638Z-80ad8d90-02-IMP-TEXT-r2\result.json
t160-quality-20261006T132638Z-80ad8d90-02-IMP-TEXT-r2,IMP-TEXT,2,automatic,8e0aecaf-072d-5ed7-9b43-5d33ad202cc1,c02a6025-bc91-46c2-a19f-cf6cb41709fd,native_text,content,source_provided,True,True,右图三角形面积为 24 cm²。,右图三角形面积为 24 cm²。,matched,import-execution-v5\t160-quality-20261006T132638Z-80ad8d90\runs\t160-quality-20261006T132638Z-80ad8d90-02-IMP-TEXT-r2\result.json
t160-quality-20261006T132638Z-80ad8d90-02-IMP-TEXT-r2,IMP-TEXT,2,automatic,8e0aecaf-072d-5ed7-9b43-5d33ad202cc1,c02a6025-bc91-46c2-a19f-cf6cb41709fd,native_text,options,source_provided,True,True,"[""正确"", ""错误""]","[""正确"", ""错误""]",matched,import-execution-v5\t160-quality-20261006T132638Z-80ad8d90\runs\t160-quality-20261006T132638Z-80ad8d90-02-IMP-TEXT-r2\result.json
t160-quality-20261006T132638Z-80ad8d90-02-IMP-TEXT-r2,IMP-TEXT,2,automatic,8e0aecaf-072d-5ed7-9b43-5d33ad202cc1,c02a6025-bc91-46c2-a19f-cf6cb41709fd,native_text,reference_answer,known_missing,True,True,,,matched,import-execution-v5\t160-quality-20261006T132638Z-80ad8d90\runs\t160-quality-20261006T132638Z-80ad8d90-02-IMP-TEXT-r2\result.json
t160-quality-20261006T132638Z-80ad8d90-02-IMP-TEXT-r2,IMP-TEXT,2,automatic,8e0aecaf-072d-5ed7-9b43-5d33ad202cc1,c02a6025-bc91-46c2-a19f-cf6cb41709fd,native_text,analysis,known_missing,True,True,,,matched,import-execution-v5\t160-quality-20261006T132638Z-80ad8d90\runs\t160-quality-20261006T132638Z-80ad8d90-02-IMP-TEXT-r2\result.json
t160-quality-20261006T132638Z-80ad8d90-02-IMP-TEXT-r2,IMP-TEXT,2,automatic,8e0aecaf-072d-5ed7-9b43-5d33ad202cc1,c02a6025-bc91-46c2-a19f-cf6cb41709fd,native_text,score,source_provided,True,True,2.00,2.00,matched,import-execution-v5\t160-quality-20261006T132638Z-80ad8d90\runs\t160-quality-20261006T132638Z-80ad8d90-02-IMP-TEXT-r2\result.json
t160-quality-20261006T132638Z-80ad8d90-02-IMP-TEXT-r2,IMP-TEXT,2,automatic,8e0aecaf-072d-5ed7-9b43-5d33ad202cc1,c02a6025-bc91-46c2-a19f-cf6cb41709fd,native_text,scoring_rubric,known_missing,True,True,,,matched,import-execution-v5\t160-quality-20261006T132638Z-80ad8d90\runs\t160-quality-20261006T132638Z-80ad8d90-02-IMP-TEXT-r2\result.json
t160-quality-20261006T132638Z-80ad8d90-02-IMP-TEXT-r2,IMP-TEXT,2,automatic,8e0aecaf-072d-5ed7-9b43-5d33ad202cc1,c02a6025-bc91-46c2-a19f-cf6cb41709fd,native_text,knowledge_points,known_missing,True,False,[],,matched,import-execution-v5\t160-quality-20261006T132638Z-80ad8d90\runs\t160-quality-20261006T132638Z-80ad8d90-02-IMP-TEXT-r2\result.json
t160-quality-20261006T132638Z-80ad8d90-02-IMP-TEXT-r2,IMP-TEXT,2,automatic,8e0aecaf-072d-5ed7-9b43-5d33ad202cc1,c02a6025-bc91-46c2-a19f-cf6cb41709fd,native_text,source_regions,unknown,False,,,,reference_unknown,import-execution-v5\t160-quality-20261006T132638Z-80ad8d90\runs\t160-quality-20261006T132638Z-80ad8d90-02-IMP-TEXT-r2\result.json
t160-quality-20261006T132638Z-80ad8d90-02-IMP-TEXT-r2,IMP-TEXT,2,automatic,8e0aecaf-072d-5ed7-9b43-5d33ad202cc1,c02a6025-bc91-46c2-a19f-cf6cb41709fd,native_text,assets,source_provided,True,False,"[{""asset_type"": ""figure"", ""source_page_number"": 1, ""order_index"": 1}]",,matched,import-execution-v5\t160-quality-20261006T132638Z-80ad8d90\runs\t160-quality-20261006T132638Z-80ad8d90-02-IMP-TEXT-r2\result.json
t160-quality-20261006T132638Z-80ad8d90-02-IMP-TEXT-r2,IMP-TEXT,2,automatic,fdef73bd-f984-58d1-8a53-3eea668a9f83,7b99d7f4-7693-4631-b26a-ecbeaf85f77c,native_text,question_number,source_provided,True,True,3,3,matched,import-execution-v5\t160-quality-20261006T132638Z-80ad8d90\runs\t160-quality-20261006T132638Z-80ad8d90-02-IMP-TEXT-r2\result.json
t160-quality-20261006T132638Z-80ad8d90-02-IMP-TEXT-r2,IMP-TEXT,2,automatic,fdef73bd-f984-58d1-8a53-3eea668a9f83,7b99d7f4-7693-4631-b26a-ecbeaf85f77c,native_text,order_index,source_provided,True,True,3,3,matched,import-execution-v5\t160-quality-20261006T132638Z-80ad8d90\runs\t160-quality-20261006T132638Z-80ad8d90-02-IMP-TEXT-r2\result.json
t160-quality-20261006T132638Z-80ad8d90-02-IMP-TEXT-r2,IMP-TEXT,2,automatic,fdef73bd-f984-58d1-8a53-3eea668a9f83,7b99d7f4-7693-4631-b26a-ecbeaf85f77c,native_text,source_page_numbers,source_provided,True,True,[1],[1],matched,import-execution-v5\t160-quality-20261006T132638Z-80ad8d90\runs\t160-quality-20261006T132638Z-80ad8d90-02-IMP-TEXT-r2\result.json
t160-quality-20261006T132638Z-80ad8d90-02-IMP-TEXT-r2,IMP-TEXT,2,automatic,fdef73bd-f984-58d1-8a53-3eea668a9f83,7b99d7f4-7693-4631-b26a-ecbeaf85f77c,native_text,question_type,source_provided,True,True,SHORT_ANSWER,SHORT_ANSWER,matched,import-execution-v5\t160-quality-20261006T132638Z-80ad8d90\runs\t160-quality-20261006T132638Z-80ad8d90-02-IMP-TEXT-r2\result.json
t160-quality-20261006T132638Z-80ad8d90-02-IMP-TEXT-r2,IMP-TEXT,2,automatic,fdef73bd-f984-58d1-8a53-3eea668a9f83,7b99d7f4-7693-4631-b26a-ecbeaf85f77c,native_text,content,source_provided,True,True,根据下表写出 y 关于 x 的关系式。,根据下表写出 y 关于 x 的关系式。,matched,import-execution-v5\t160-quality-20261006T132638Z-80ad8d90\runs\t160-quality-20261006T132638Z-80ad8d90-02-IMP-TEXT-r2\result.json
t160-quality-20261006T132638Z-80ad8d90-02-IMP-TEXT-r2,IMP-TEXT,2,automatic,fdef73bd-f984-58d1-8a53-3eea668a9f83,7b99d7f4-7693-4631-b26a-ecbeaf85f77c,native_text,options,not_applicable,True,True,,,matched,import-execution-v5\t160-quality-20261006T132638Z-80ad8d90\runs\t160-quality-20261006T132638Z-80ad8d90-02-IMP-TEXT-r2\result.json
t160-quality-20261006T132638Z-80ad8d90-02-IMP-TEXT-r2,IMP-TEXT,2,automatic,fdef73bd-f984-58d1-8a53-3eea668a9f83,7b99d7f4-7693-4631-b26a-ecbeaf85f77c,native_text,reference_answer,known_missing,True,True,,,matched,import-execution-v5\t160-quality-20261006T132638Z-80ad8d90\runs\t160-quality-20261006T132638Z-80ad8d90-02-IMP-TEXT-r2\result.json
t160-quality-20261006T132638Z-80ad8d90-02-IMP-TEXT-r2,IMP-TEXT,2,automatic,fdef73bd-f984-58d1-8a53-3eea668a9f83,7b99d7f4-7693-4631-b26a-ecbeaf85f77c,native_text,analysis,known_missing,True,True,,,matched,import-execution-v5\t160-quality-20261006T132638Z-80ad8d90\runs\t160-quality-20261006T132638Z-80ad8d90-02-IMP-TEXT-r2\result.json
t160-quality-20261006T132638Z-80ad8d90-02-IMP-TEXT-r2,IMP-TEXT,2,automatic,fdef73bd-f984-58d1-8a53-3eea668a9f83,7b99d7f4-7693-4631-b26a-ecbeaf85f77c,native_text,score,source_provided,True,True,3.00,3.00,matched,import-execution-v5\t160-quality-20261006T132638Z-80ad8d90\runs\t160-quality-20261006T132638Z-80ad8d90-02-IMP-TEXT-r2\result.json
t160-quality-20261006T132638Z-80ad8d90-02-IMP-TEXT-r2,IMP-TEXT,2,automatic,fdef73bd-f984-58d1-8a53-3eea668a9f83,7b99d7f4-7693-4631-b26a-ecbeaf85f77c,native_text,scoring_rubric,source_provided,True,True,正确关系式 1.00；说明代入过程 2.00。,正确关系式 1.00；说明代入过程 2.00。,matched,import-execution-v5\t160-quality-20261006T132638Z-80ad8d90\runs\t160-quality-20261006T132638Z-80ad8d90-02-IMP-TEXT-r2\result.json
t160-quality-20261006T132638Z-80ad8d90-02-IMP-TEXT-r2,IMP-TEXT,2,automatic,fdef73bd-f984-58d1-8a53-3eea668a9f83,7b99d7f4-7693-4631-b26a-ecbeaf85f77c,native_text,knowledge_points,source_provided,True,True,"[""一次函数"", ""表达与计算""]","[""一次函数"", ""表达与计算""]",matched,import-execution-v5\t160-quality-20261006T132638Z-80ad8d90\runs\t160-quality-20261006T132638Z-80ad8d90-02-IMP-TEXT-r2\result.json
t160-quality-20261006T132638Z-80ad8d90-02-IMP-TEXT-r2,IMP-TEXT,2,automatic,fdef73bd-f984-58d1-8a53-3eea668a9f83,7b99d7f4-7693-4631-b26a-ecbeaf85f77c,native_text,source_regions,unknown,False,,,,reference_unknown,import-execution-v5\t160-quality-20261006T132638Z-80ad8d90\runs\t160-quality-20261006T132638Z-80ad8d90-02-IMP-TEXT-r2\result.json
t160-quality-20261006T132638Z-80ad8d90-02-IMP-TEXT-r2,IMP-TEXT,2,automatic,fdef73bd-f984-58d1-8a53-3eea668a9f83,7b99d7f4-7693-4631-b26a-ecbeaf85f77c,native_text,assets,source_provided,True,False,"[{""asset_type"": ""table"", ""source_page_number"": 1, ""order_index"": 1}]",,matched,import-execution-v5\t160-quality-20261006T132638Z-80ad8d90\runs\t160-quality-20261006T132638Z-80ad8d90-02-IMP-TEXT-r2\result.json
t160-quality-20261006T132638Z-80ad8d90-02-IMP-TEXT-r2,IMP-TEXT,2,assisted_corrected,1194af49-5301-51bb-a173-0e6f524ac810,a7df55ec-9938-48eb-8aa4-919b9aaf8ee0,native_text,question_number,source_provided,True,True,1,1,matched,import-execution-v5\t160-quality-20261006T132638Z-80ad8d90\runs\t160-quality-20261006T132638Z-80ad8d90-02-IMP-TEXT-r2\result.json
t160-quality-20261006T132638Z-80ad8d90-02-IMP-TEXT-r2,IMP-TEXT,2,assisted_corrected,1194af49-5301-51bb-a173-0e6f524ac810,a7df55ec-9938-48eb-8aa4-919b9aaf8ee0,native_text,order_index,source_provided,True,True,1,1,matched,import-execution-v5\t160-quality-20261006T132638Z-80ad8d90\runs\t160-quality-20261006T132638Z-80ad8d90-02-IMP-TEXT-r2\result.json
t160-quality-20261006T132638Z-80ad8d90-02-IMP-TEXT-r2,IMP-TEXT,2,assisted_corrected,1194af49-5301-51bb-a173-0e6f524ac810,a7df55ec-9938-48eb-8aa4-919b9aaf8ee0,native_text,source_page_numbers,source_provided,True,True,[1],[1],matched,import-execution-v5\t160-quality-20261006T132638Z-80ad8d90\runs\t160-quality-20261006T132638Z-80ad8d90-02-IMP-TEXT-r2\result.json
t160-quality-20261006T132638Z-80ad8d90-02-IMP-TEXT-r2,IMP-TEXT,2,assisted_corrected,1194af49-5301-51bb-a173-0e6f524ac810,a7df55ec-9938-48eb-8aa4-919b9aaf8ee0,native_text,question_type,source_provided,True,True,SINGLE_CHOICE,SINGLE_CHOICE,matched,import-execution-v5\t160-quality-20261006T132638Z-80ad8d90\runs\t160-quality-20261006T132638Z-80ad8d90-02-IMP-TEXT-r2\result.json
t160-quality-20261006T132638Z-80ad8d90-02-IMP-TEXT-r2,IMP-TEXT,2,assisted_corrected,1194af49-5301-51bb-a173-0e6f524ac810,a7df55ec-9938-48eb-8aa4-919b9aaf8ee0,native_text,content,source_provided,True,True,y = 2x + 1，x = 3 时 y 为多少？,y = 2x + 1，x = 3 时 y 为多少？,matched,import-execution-v5\t160-quality-20261006T132638Z-80ad8d90\runs\t160-quality-20261006T132638Z-80ad8d90-02-IMP-TEXT-r2\result.json
t160-quality-20261006T132638Z-80ad8d90-02-IMP-TEXT-r2,IMP-TEXT,2,assisted_corrected,1194af49-5301-51bb-a173-0e6f524ac810,a7df55ec-9938-48eb-8aa4-919b9aaf8ee0,native_text,options,source_provided,True,True,"{""C"": ""7"", ""A"": ""5"", ""B"": ""6"", ""D"": ""8""}","{""C"": ""7"", ""A"": ""5"", ""B"": ""6"", ""D"": ""8""}",matched,import-execution-v5\t160-quality-20261006T132638Z-80ad8d90\runs\t160-quality-20261006T132638Z-80ad8d90-02-IMP-TEXT-r2\result.json
t160-quality-20261006T132638Z-80ad8d90-02-IMP-TEXT-r2,IMP-TEXT,2,assisted_corrected,1194af49-5301-51bb-a173-0e6f524ac810,a7df55ec-9938-48eb-8aa4-919b9aaf8ee0,native_text,reference_answer,source_provided,True,True,C,C,matched,import-execution-v5\t160-quality-20261006T132638Z-80ad8d90\runs\t160-quality-20261006T132638Z-80ad8d90-02-IMP-TEXT-r2\result.json
t160-quality-20261006T132638Z-80ad8d90-02-IMP-TEXT-r2,IMP-TEXT,2,assisted_corrected,1194af49-5301-51bb-a173-0e6f524ac810,a7df55ec-9938-48eb-8aa4-919b9aaf8ee0,native_text,analysis,source_provided,True,True,2 × 3 + 1 = 7。,2 × 3 + 1 = 7。,matched,import-execution-v5\t160-quality-20261006T132638Z-80ad8d90\runs\t160-quality-20261006T132638Z-80ad8d90-02-IMP-TEXT-r2\result.json
t160-quality-20261006T132638Z-80ad8d90-02-IMP-TEXT-r2,IMP-TEXT,2,assisted_corrected,1194af49-5301-51bb-a173-0e6f524ac810,a7df55ec-9938-48eb-8aa4-919b9aaf8ee0,native_text,score,source_provided,True,True,2.00,2.00,matched,import-execution-v5\t160-quality-20261006T132638Z-80ad8d90\runs\t160-quality-20261006T132638Z-80ad8d90-02-IMP-TEXT-r2\result.json
t160-quality-20261006T132638Z-80ad8d90-02-IMP-TEXT-r2,IMP-TEXT,2,assisted_corrected,1194af49-5301-51bb-a173-0e6f524ac810,a7df55ec-9938-48eb-8aa4-919b9aaf8ee0,native_text,scoring_rubric,known_missing,True,True,,,matched,import-execution-v5\t160-quality-20261006T132638Z-80ad8d90\runs\t160-quality-20261006T132638Z-80ad8d90-02-IMP-TEXT-r2\result.json
t160-quality-20261006T132638Z-80ad8d90-02-IMP-TEXT-r2,IMP-TEXT,2,assisted_corrected,1194af49-5301-51bb-a173-0e6f524ac810,a7df55ec-9938-48eb-8aa4-919b9aaf8ee0,native_text,knowledge_points,known_missing,True,True,[],[],matched,import-execution-v5\t160-quality-20261006T132638Z-80ad8d90\runs\t160-quality-20261006T132638Z-80ad8d90-02-IMP-TEXT-r2\result.json
t160-quality-20261006T132638Z-80ad8d90-02-IMP-TEXT-r2,IMP-TEXT,2,assisted_corrected,1194af49-5301-51bb-a173-0e6f524ac810,a7df55ec-9938-48eb-8aa4-919b9aaf8ee0,native_text,source_regions,unknown,False,,,,reference_unknown,import-execution-v5\t160-quality-20261006T132638Z-80ad8d90\runs\t160-quality-20261006T132638Z-80ad8d90-02-IMP-TEXT-r2\result.json
t160-quality-20261006T132638Z-80ad8d90-02-IMP-TEXT-r2,IMP-TEXT,2,assisted_corrected,1194af49-5301-51bb-a173-0e6f524ac810,a7df55ec-9938-48eb-8aa4-919b9aaf8ee0,native_text,assets,source_provided,True,True,[],[],matched,import-execution-v5\t160-quality-20261006T132638Z-80ad8d90\runs\t160-quality-20261006T132638Z-80ad8d90-02-IMP-TEXT-r2\result.json
t160-quality-20261006T132638Z-80ad8d90-02-IMP-TEXT-r2,IMP-TEXT,2,assisted_corrected,8e0aecaf-072d-5ed7-9b43-5d33ad202cc1,c02a6025-bc91-46c2-a19f-cf6cb41709fd,native_text,question_number,source_provided,True,True,2,2,matched,import-execution-v5\t160-quality-20261006T132638Z-80ad8d90\runs\t160-quality-20261006T132638Z-80ad8d90-02-IMP-TEXT-r2\result.json
t160-quality-20261006T132638Z-80ad8d90-02-IMP-TEXT-r2,IMP-TEXT,2,assisted_corrected,8e0aecaf-072d-5ed7-9b43-5d33ad202cc1,c02a6025-bc91-46c2-a19f-cf6cb41709fd,native_text,order_index,source_provided,True,True,2,2,matched,import-execution-v5\t160-quality-20261006T132638Z-80ad8d90\runs\t160-quality-20261006T132638Z-80ad8d90-02-IMP-TEXT-r2\result.json
t160-quality-20261006T132638Z-80ad8d90-02-IMP-TEXT-r2,IMP-TEXT,2,assisted_corrected,8e0aecaf-072d-5ed7-9b43-5d33ad202cc1,c02a6025-bc91-46c2-a19f-cf6cb41709fd,native_text,source_page_numbers,source_provided,True,True,[1],[1],matched,import-execution-v5\t160-quality-20261006T132638Z-80ad8d90\runs\t160-quality-20261006T132638Z-80ad8d90-02-IMP-TEXT-r2\result.json
t160-quality-20261006T132638Z-80ad8d90-02-IMP-TEXT-r2,IMP-TEXT,2,assisted_corrected,8e0aecaf-072d-5ed7-9b43-5d33ad202cc1,c02a6025-bc91-46c2-a19f-cf6cb41709fd,native_text,question_type,source_provided,True,True,TRUE_FALSE,TRUE_FALSE,matched,import-execution-v5\t160-quality-20261006T132638Z-80ad8d90\runs\t160-quality-20261006T132638Z-80ad8d90-02-IMP-TEXT-r2\result.json
t160-quality-20261006T132638Z-80ad8d90-02-IMP-TEXT-r2,IMP-TEXT,2,assisted_corrected,8e0aecaf-072d-5ed7-9b43-5d33ad202cc1,c02a6025-bc91-46c2-a19f-cf6cb41709fd,native_text,content,source_provided,True,True,右图三角形面积为 24 cm²。,右图三角形面积为 24 cm²。,matched,import-execution-v5\t160-quality-20261006T132638Z-80ad8d90\runs\t160-quality-20261006T132638Z-80ad8d90-02-IMP-TEXT-r2\result.json
t160-quality-20261006T132638Z-80ad8d90-02-IMP-TEXT-r2,IMP-TEXT,2,assisted_corrected,8e0aecaf-072d-5ed7-9b43-5d33ad202cc1,c02a6025-bc91-46c2-a19f-cf6cb41709fd,native_text,options,source_provided,True,True,"[""正确"", ""错误""]","[""正确"", ""错误""]",matched,import-execution-v5\t160-quality-20261006T132638Z-80ad8d90\runs\t160-quality-20261006T132638Z-80ad8d90-02-IMP-TEXT-r2\result.json
t160-quality-20261006T132638Z-80ad8d90-02-IMP-TEXT-r2,IMP-TEXT,2,assisted_corrected,8e0aecaf-072d-5ed7-9b43-5d33ad202cc1,c02a6025-bc91-46c2-a19f-cf6cb41709fd,native_text,reference_answer,known_missing,True,True,,,matched,import-execution-v5\t160-quality-20261006T132638Z-80ad8d90\runs\t160-quality-20261006T132638Z-80ad8d90-02-IMP-TEXT-r2\result.json
t160-quality-20261006T132638Z-80ad8d90-02-IMP-TEXT-r2,IMP-TEXT,2,assisted_corrected,8e0aecaf-072d-5ed7-9b43-5d33ad202cc1,c02a6025-bc91-46c2-a19f-cf6cb41709fd,native_text,analysis,known_missing,True,True,,,matched,import-execution-v5\t160-quality-20261006T132638Z-80ad8d90\runs\t160-quality-20261006T132638Z-80ad8d90-02-IMP-TEXT-r2\result.json
t160-quality-20261006T132638Z-80ad8d90-02-IMP-TEXT-r2,IMP-TEXT,2,assisted_corrected,8e0aecaf-072d-5ed7-9b43-5d33ad202cc1,c02a6025-bc91-46c2-a19f-cf6cb41709fd,native_text,score,source_provided,True,True,2.00,2.00,matched,import-execution-v5\t160-quality-20261006T132638Z-80ad8d90\runs\t160-quality-20261006T132638Z-80ad8d90-02-IMP-TEXT-r2\result.json
t160-quality-20261006T132638Z-80ad8d90-02-IMP-TEXT-r2,IMP-TEXT,2,assisted_corrected,8e0aecaf-072d-5ed7-9b43-5d33ad202cc1,c02a6025-bc91-46c2-a19f-cf6cb41709fd,native_text,scoring_rubric,known_missing,True,True,,,matched,import-execution-v5\t160-quality-20261006T132638Z-80ad8d90\runs\t160-quality-20261006T132638Z-80ad8d90-02-IMP-TEXT-r2\result.json
t160-quality-20261006T132638Z-80ad8d90-02-IMP-TEXT-r2,IMP-TEXT,2,assisted_corrected,8e0aecaf-072d-5ed7-9b43-5d33ad202cc1,c02a6025-bc91-46c2-a19f-cf6cb41709fd,native_text,knowledge_points,known_missing,True,True,[],[],matched,import-execution-v5\t160-quality-20261006T132638Z-80ad8d90\runs\t160-quality-20261006T132638Z-80ad8d90-02-IMP-TEXT-r2\result.json
t160-quality-20261006T132638Z-80ad8d90-02-IMP-TEXT-r2,IMP-TEXT,2,assisted_corrected,8e0aecaf-072d-5ed7-9b43-5d33ad202cc1,c02a6025-bc91-46c2-a19f-cf6cb41709fd,native_text,source_regions,unknown,False,,,,reference_unknown,import-execution-v5\t160-quality-20261006T132638Z-80ad8d90\runs\t160-quality-20261006T132638Z-80ad8d90-02-IMP-TEXT-r2\result.json
t160-quality-20261006T132638Z-80ad8d90-02-IMP-TEXT-r2,IMP-TEXT,2,assisted_corrected,8e0aecaf-072d-5ed7-9b43-5d33ad202cc1,c02a6025-bc91-46c2-a19f-cf6cb41709fd,native_text,assets,source_provided,True,False,"[{""asset_type"": ""figure"", ""source_page_number"": 1, ""order_index"": 1}]",,matched,import-execution-v5\t160-quality-20261006T132638Z-80ad8d90\runs\t160-quality-20261006T132638Z-80ad8d90-02-IMP-TEXT-r2\result.json
t160-quality-20261006T132638Z-80ad8d90-02-IMP-TEXT-r2,IMP-TEXT,2,assisted_corrected,fdef73bd-f984-58d1-8a53-3eea668a9f83,7b99d7f4-7693-4631-b26a-ecbeaf85f77c,native_text,question_number,source_provided,True,True,3,3,matched,import-execution-v5\t160-quality-20261006T132638Z-80ad8d90\runs\t160-quality-20261006T132638Z-80ad8d90-02-IMP-TEXT-r2\result.json
t160-quality-20261006T132638Z-80ad8d90-02-IMP-TEXT-r2,IMP-TEXT,2,assisted_corrected,fdef73bd-f984-58d1-8a53-3eea668a9f83,7b99d7f4-7693-4631-b26a-ecbeaf85f77c,native_text,order_index,source_provided,True,True,3,3,matched,import-execution-v5\t160-quality-20261006T132638Z-80ad8d90\runs\t160-quality-20261006T132638Z-80ad8d90-02-IMP-TEXT-r2\result.json
t160-quality-20261006T132638Z-80ad8d90-02-IMP-TEXT-r2,IMP-TEXT,2,assisted_corrected,fdef73bd-f984-58d1-8a53-3eea668a9f83,7b99d7f4-7693-4631-b26a-ecbeaf85f77c,native_text,source_page_numbers,source_provided,True,True,[1],[1],matched,import-execution-v5\t160-quality-20261006T132638Z-80ad8d90\runs\t160-quality-20261006T132638Z-80ad8d90-02-IMP-TEXT-r2\result.json
t160-quality-20261006T132638Z-80ad8d90-02-IMP-TEXT-r2,IMP-TEXT,2,assisted_corrected,fdef73bd-f984-58d1-8a53-3eea668a9f83,7b99d7f4-7693-4631-b26a-ecbeaf85f77c,native_text,question_type,source_provided,True,True,SHORT_ANSWER,SHORT_ANSWER,matched,import-execution-v5\t160-quality-20261006T132638Z-80ad8d90\runs\t160-quality-20261006T132638Z-80ad8d90-02-IMP-TEXT-r2\result.json
t160-quality-20261006T132638Z-80ad8d90-02-IMP-TEXT-r2,IMP-TEXT,2,assisted_corrected,fdef73bd-f984-58d1-8a53-3eea668a9f83,7b99d7f4-7693-4631-b26a-ecbeaf85f77c,native_text,content,source_provided,True,True,根据下表写出 y 关于 x 的关系式。,根据下表写出 y 关于 x 的关系式。,matched,import-execution-v5\t160-quality-20261006T132638Z-80ad8d90\runs\t160-quality-20261006T132638Z-80ad8d90-02-IMP-TEXT-r2\result.json
t160-quality-20261006T132638Z-80ad8d90-02-IMP-TEXT-r2,IMP-TEXT,2,assisted_corrected,fdef73bd-f984-58d1-8a53-3eea668a9f83,7b99d7f4-7693-4631-b26a-ecbeaf85f77c,native_text,options,not_applicable,True,True,,,matched,import-execution-v5\t160-quality-20261006T132638Z-80ad8d90\runs\t160-quality-20261006T132638Z-80ad8d90-02-IMP-TEXT-r2\result.json
t160-quality-20261006T132638Z-80ad8d90-02-IMP-TEXT-r2,IMP-TEXT,2,assisted_corrected,fdef73bd-f984-58d1-8a53-3eea668a9f83,7b99d7f4-7693-4631-b26a-ecbeaf85f77c,native_text,reference_answer,known_missing,True,True,,,matched,import-execution-v5\t160-quality-20261006T132638Z-80ad8d90\runs\t160-quality-20261006T132638Z-80ad8d90-02-IMP-TEXT-r2\result.json
t160-quality-20261006T132638Z-80ad8d90-02-IMP-TEXT-r2,IMP-TEXT,2,assisted_corrected,fdef73bd-f984-58d1-8a53-3eea668a9f83,7b99d7f4-7693-4631-b26a-ecbeaf85f77c,native_text,analysis,known_missing,True,True,,,matched,import-execution-v5\t160-quality-20261006T132638Z-80ad8d90\runs\t160-quality-20261006T132638Z-80ad8d90-02-IMP-TEXT-r2\result.json
t160-quality-20261006T132638Z-80ad8d90-02-IMP-TEXT-r2,IMP-TEXT,2,assisted_corrected,fdef73bd-f984-58d1-8a53-3eea668a9f83,7b99d7f4-7693-4631-b26a-ecbeaf85f77c,native_text,score,source_provided,True,True,3.00,3.00,matched,import-execution-v5\t160-quality-20261006T132638Z-80ad8d90\runs\t160-quality-20261006T132638Z-80ad8d90-02-IMP-TEXT-r2\result.json
t160-quality-20261006T132638Z-80ad8d90-02-IMP-TEXT-r2,IMP-TEXT,2,assisted_corrected,fdef73bd-f984-58d1-8a53-3eea668a9f83,7b99d7f4-7693-4631-b26a-ecbeaf85f77c,native_text,scoring_rubric,source_provided,True,True,正确关系式 1.00；说明代入过程 2.00。,正确关系式 1.00；说明代入过程 2.00。,matched,import-execution-v5\t160-quality-20261006T132638Z-80ad8d90\runs\t160-quality-20261006T132638Z-80ad8d90-02-IMP-TEXT-r2\result.json
t160-quality-20261006T132638Z-80ad8d90-02-IMP-TEXT-r2,IMP-TEXT,2,assisted_corrected,fdef73bd-f984-58d1-8a53-3eea668a9f83,7b99d7f4-7693-4631-b26a-ecbeaf85f77c,native_text,knowledge_points,source_provided,True,True,"[""一次函数"", ""表达与计算""]","[""一次函数"", ""表达与计算""]",matched,import-execution-v5\t160-quality-20261006T132638Z-80ad8d90\runs\t160-quality-20261006T132638Z-80ad8d90-02-IMP-TEXT-r2\result.json
t160-quality-20261006T132638Z-80ad8d90-02-IMP-TEXT-r2,IMP-TEXT,2,assisted_corrected,fdef73bd-f984-58d1-8a53-3eea668a9f83,7b99d7f4-7693-4631-b26a-ecbeaf85f77c,native_text,source_regions,unknown,False,,,,reference_unknown,import-execution-v5\t160-quality-20261006T132638Z-80ad8d90\runs\t160-quality-20261006T132638Z-80ad8d90-02-IMP-TEXT-r2\result.json
t160-quality-20261006T132638Z-80ad8d90-02-IMP-TEXT-r2,IMP-TEXT,2,assisted_corrected,fdef73bd-f984-58d1-8a53-3eea668a9f83,7b99d7f4-7693-4631-b26a-ecbeaf85f77c,native_text,assets,source_provided,True,False,"[{""asset_type"": ""table"", ""source_page_number"": 1, ""order_index"": 1}]",,matched,import-execution-v5\t160-quality-20261006T132638Z-80ad8d90\runs\t160-quality-20261006T132638Z-80ad8d90-02-IMP-TEXT-r2\result.json
t160-quality-20261006T132638Z-80ad8d90-03-IMP-TEXT-r3,IMP-TEXT,3,automatic,1194af49-5301-51bb-a173-0e6f524ac810,65c6f3a5-d50e-4230-a577-6e11c05afd03,native_text,question_number,source_provided,True,True,1,1,matched,import-execution-v5\t160-quality-20261006T132638Z-80ad8d90\runs\t160-quality-20261006T132638Z-80ad8d90-03-IMP-TEXT-r3\result.json
t160-quality-20261006T132638Z-80ad8d90-03-IMP-TEXT-r3,IMP-TEXT,3,automatic,1194af49-5301-51bb-a173-0e6f524ac810,65c6f3a5-d50e-4230-a577-6e11c05afd03,native_text,order_index,source_provided,True,True,1,1,matched,import-execution-v5\t160-quality-20261006T132638Z-80ad8d90\runs\t160-quality-20261006T132638Z-80ad8d90-03-IMP-TEXT-r3\result.json
t160-quality-20261006T132638Z-80ad8d90-03-IMP-TEXT-r3,IMP-TEXT,3,automatic,1194af49-5301-51bb-a173-0e6f524ac810,65c6f3a5-d50e-4230-a577-6e11c05afd03,native_text,source_page_numbers,source_provided,True,True,[1],[1],matched,import-execution-v5\t160-quality-20261006T132638Z-80ad8d90\runs\t160-quality-20261006T132638Z-80ad8d90-03-IMP-TEXT-r3\result.json
t160-quality-20261006T132638Z-80ad8d90-03-IMP-TEXT-r3,IMP-TEXT,3,automatic,1194af49-5301-51bb-a173-0e6f524ac810,65c6f3a5-d50e-4230-a577-6e11c05afd03,native_text,question_type,source_provided,True,True,SINGLE_CHOICE,SINGLE_CHOICE,matched,import-execution-v5\t160-quality-20261006T132638Z-80ad8d90\runs\t160-quality-20261006T132638Z-80ad8d90-03-IMP-TEXT-r3\result.json
t160-quality-20261006T132638Z-80ad8d90-03-IMP-TEXT-r3,IMP-TEXT,3,automatic,1194af49-5301-51bb-a173-0e6f524ac810,65c6f3a5-d50e-4230-a577-6e11c05afd03,native_text,content,source_provided,True,True,y = 2x + 1，x = 3 时 y 为多少？,y = 2x + 1，x = 3 时 y 为多少？,matched,import-execution-v5\t160-quality-20261006T132638Z-80ad8d90\runs\t160-quality-20261006T132638Z-80ad8d90-03-IMP-TEXT-r3\result.json
t160-quality-20261006T132638Z-80ad8d90-03-IMP-TEXT-r3,IMP-TEXT,3,automatic,1194af49-5301-51bb-a173-0e6f524ac810,65c6f3a5-d50e-4230-a577-6e11c05afd03,native_text,options,source_provided,True,True,"{""C"": ""7"", ""A"": ""5"", ""B"": ""6"", ""D"": ""8""}","{""C"": ""7"", ""A"": ""5"", ""B"": ""6"", ""D"": ""8""}",matched,import-execution-v5\t160-quality-20261006T132638Z-80ad8d90\runs\t160-quality-20261006T132638Z-80ad8d90-03-IMP-TEXT-r3\result.json
t160-quality-20261006T132638Z-80ad8d90-03-IMP-TEXT-r3,IMP-TEXT,3,automatic,1194af49-5301-51bb-a173-0e6f524ac810,65c6f3a5-d50e-4230-a577-6e11c05afd03,native_text,reference_answer,source_provided,True,True,C,C,matched,import-execution-v5\t160-quality-20261006T132638Z-80ad8d90\runs\t160-quality-20261006T132638Z-80ad8d90-03-IMP-TEXT-r3\result.json
t160-quality-20261006T132638Z-80ad8d90-03-IMP-TEXT-r3,IMP-TEXT,3,automatic,1194af49-5301-51bb-a173-0e6f524ac810,65c6f3a5-d50e-4230-a577-6e11c05afd03,native_text,analysis,source_provided,True,True,2 × 3 + 1 = 7。,2 × 3 + 1 = 7。,matched,import-execution-v5\t160-quality-20261006T132638Z-80ad8d90\runs\t160-quality-20261006T132638Z-80ad8d90-03-IMP-TEXT-r3\result.json
t160-quality-20261006T132638Z-80ad8d90-03-IMP-TEXT-r3,IMP-TEXT,3,automatic,1194af49-5301-51bb-a173-0e6f524ac810,65c6f3a5-d50e-4230-a577-6e11c05afd03,native_text,score,source_provided,True,True,2.00,2.00,matched,import-execution-v5\t160-quality-20261006T132638Z-80ad8d90\runs\t160-quality-20261006T132638Z-80ad8d90-03-IMP-TEXT-r3\result.json
t160-quality-20261006T132638Z-80ad8d90-03-IMP-TEXT-r3,IMP-TEXT,3,automatic,1194af49-5301-51bb-a173-0e6f524ac810,65c6f3a5-d50e-4230-a577-6e11c05afd03,native_text,scoring_rubric,known_missing,True,True,,,matched,import-execution-v5\t160-quality-20261006T132638Z-80ad8d90\runs\t160-quality-20261006T132638Z-80ad8d90-03-IMP-TEXT-r3\result.json
t160-quality-20261006T132638Z-80ad8d90-03-IMP-TEXT-r3,IMP-TEXT,3,automatic,1194af49-5301-51bb-a173-0e6f524ac810,65c6f3a5-d50e-4230-a577-6e11c05afd03,native_text,knowledge_points,known_missing,True,False,[],,matched,import-execution-v5\t160-quality-20261006T132638Z-80ad8d90\runs\t160-quality-20261006T132638Z-80ad8d90-03-IMP-TEXT-r3\result.json
t160-quality-20261006T132638Z-80ad8d90-03-IMP-TEXT-r3,IMP-TEXT,3,automatic,1194af49-5301-51bb-a173-0e6f524ac810,65c6f3a5-d50e-4230-a577-6e11c05afd03,native_text,source_regions,unknown,False,,,,reference_unknown,import-execution-v5\t160-quality-20261006T132638Z-80ad8d90\runs\t160-quality-20261006T132638Z-80ad8d90-03-IMP-TEXT-r3\result.json
t160-quality-20261006T132638Z-80ad8d90-03-IMP-TEXT-r3,IMP-TEXT,3,automatic,1194af49-5301-51bb-a173-0e6f524ac810,65c6f3a5-d50e-4230-a577-6e11c05afd03,native_text,assets,source_provided,True,False,[],,matched,import-execution-v5\t160-quality-20261006T132638Z-80ad8d90\runs\t160-quality-20261006T132638Z-80ad8d90-03-IMP-TEXT-r3\result.json
t160-quality-20261006T132638Z-80ad8d90-03-IMP-TEXT-r3,IMP-TEXT,3,automatic,8e0aecaf-072d-5ed7-9b43-5d33ad202cc1,05307df7-9e4f-41cd-bab6-f907f311fd53,native_text,question_number,source_provided,True,True,2,2,matched,import-execution-v5\t160-quality-20261006T132638Z-80ad8d90\runs\t160-quality-20261006T132638Z-80ad8d90-03-IMP-TEXT-r3\result.json
t160-quality-20261006T132638Z-80ad8d90-03-IMP-TEXT-r3,IMP-TEXT,3,automatic,8e0aecaf-072d-5ed7-9b43-5d33ad202cc1,05307df7-9e4f-41cd-bab6-f907f311fd53,native_text,order_index,source_provided,True,True,2,2,matched,import-execution-v5\t160-quality-20261006T132638Z-80ad8d90\runs\t160-quality-20261006T132638Z-80ad8d90-03-IMP-TEXT-r3\result.json
t160-quality-20261006T132638Z-80ad8d90-03-IMP-TEXT-r3,IMP-TEXT,3,automatic,8e0aecaf-072d-5ed7-9b43-5d33ad202cc1,05307df7-9e4f-41cd-bab6-f907f311fd53,native_text,source_page_numbers,source_provided,True,True,[1],[1],matched,import-execution-v5\t160-quality-20261006T132638Z-80ad8d90\runs\t160-quality-20261006T132638Z-80ad8d90-03-IMP-TEXT-r3\result.json
t160-quality-20261006T132638Z-80ad8d90-03-IMP-TEXT-r3,IMP-TEXT,3,automatic,8e0aecaf-072d-5ed7-9b43-5d33ad202cc1,05307df7-9e4f-41cd-bab6-f907f311fd53,native_text,question_type,source_provided,True,True,TRUE_FALSE,TRUE_FALSE,matched,import-execution-v5\t160-quality-20261006T132638Z-80ad8d90\runs\t160-quality-20261006T132638Z-80ad8d90-03-IMP-TEXT-r3\result.json
t160-quality-20261006T132638Z-80ad8d90-03-IMP-TEXT-r3,IMP-TEXT,3,automatic,8e0aecaf-072d-5ed7-9b43-5d33ad202cc1,05307df7-9e4f-41cd-bab6-f907f311fd53,native_text,content,source_provided,True,True,右图三角形面积为 24 cm²。,右图三角形面积为 24 cm²。,matched,import-execution-v5\t160-quality-20261006T132638Z-80ad8d90\runs\t160-quality-20261006T132638Z-80ad8d90-03-IMP-TEXT-r3\result.json
t160-quality-20261006T132638Z-80ad8d90-03-IMP-TEXT-r3,IMP-TEXT,3,automatic,8e0aecaf-072d-5ed7-9b43-5d33ad202cc1,05307df7-9e4f-41cd-bab6-f907f311fd53,native_text,options,source_provided,True,True,"[""正确"", ""错误""]","[""正确"", ""错误""]",matched,import-execution-v5\t160-quality-20261006T132638Z-80ad8d90\runs\t160-quality-20261006T132638Z-80ad8d90-03-IMP-TEXT-r3\result.json
t160-quality-20261006T132638Z-80ad8d90-03-IMP-TEXT-r3,IMP-TEXT,3,automatic,8e0aecaf-072d-5ed7-9b43-5d33ad202cc1,05307df7-9e4f-41cd-bab6-f907f311fd53,native_text,reference_answer,known_missing,True,True,,,matched,import-execution-v5\t160-quality-20261006T132638Z-80ad8d90\runs\t160-quality-20261006T132638Z-80ad8d90-03-IMP-TEXT-r3\result.json
t160-quality-20261006T132638Z-80ad8d90-03-IMP-TEXT-r3,IMP-TEXT,3,automatic,8e0aecaf-072d-5ed7-9b43-5d33ad202cc1,05307df7-9e4f-41cd-bab6-f907f311fd53,native_text,analysis,known_missing,True,True,,,matched,import-execution-v5\t160-quality-20261006T132638Z-80ad8d90\runs\t160-quality-20261006T132638Z-80ad8d90-03-IMP-TEXT-r3\result.json
t160-quality-20261006T132638Z-80ad8d90-03-IMP-TEXT-r3,IMP-TEXT,3,automatic,8e0aecaf-072d-5ed7-9b43-5d33ad202cc1,05307df7-9e4f-41cd-bab6-f907f311fd53,native_text,score,source_provided,True,True,2.00,2.00,matched,import-execution-v5\t160-quality-20261006T132638Z-80ad8d90\runs\t160-quality-20261006T132638Z-80ad8d90-03-IMP-TEXT-r3\result.json
t160-quality-20261006T132638Z-80ad8d90-03-IMP-TEXT-r3,IMP-TEXT,3,automatic,8e0aecaf-072d-5ed7-9b43-5d33ad202cc1,05307df7-9e4f-41cd-bab6-f907f311fd53,native_text,scoring_rubric,known_missing,True,True,,,matched,import-execution-v5\t160-quality-20261006T132638Z-80ad8d90\runs\t160-quality-20261006T132638Z-80ad8d90-03-IMP-TEXT-r3\result.json
t160-quality-20261006T132638Z-80ad8d90-03-IMP-TEXT-r3,IMP-TEXT,3,automatic,8e0aecaf-072d-5ed7-9b43-5d33ad202cc1,05307df7-9e4f-41cd-bab6-f907f311fd53,native_text,knowledge_points,known_missing,True,False,[],,matched,import-execution-v5\t160-quality-20261006T132638Z-80ad8d90\runs\t160-quality-20261006T132638Z-80ad8d90-03-IMP-TEXT-r3\result.json
t160-quality-20261006T132638Z-80ad8d90-03-IMP-TEXT-r3,IMP-TEXT,3,automatic,8e0aecaf-072d-5ed7-9b43-5d33ad202cc1,05307df7-9e4f-41cd-bab6-f907f311fd53,native_text,source_regions,unknown,False,,,,reference_unknown,import-execution-v5\t160-quality-20261006T132638Z-80ad8d90\runs\t160-quality-20261006T132638Z-80ad8d90-03-IMP-TEXT-r3\result.json
t160-quality-20261006T132638Z-80ad8d90-03-IMP-TEXT-r3,IMP-TEXT,3,automatic,8e0aecaf-072d-5ed7-9b43-5d33ad202cc1,05307df7-9e4f-41cd-bab6-f907f311fd53,native_text,assets,source_provided,True,False,"[{""asset_type"": ""figure"", ""source_page_number"": 1, ""order_index"": 1}]",,matched,import-execution-v5\t160-quality-20261006T132638Z-80ad8d90\runs\t160-quality-20261006T132638Z-80ad8d90-03-IMP-TEXT-r3\result.json
t160-quality-20261006T132638Z-80ad8d90-03-IMP-TEXT-r3,IMP-TEXT,3,automatic,fdef73bd-f984-58d1-8a53-3eea668a9f83,66ca37a8-b388-4a25-aba8-52cf103d94cd,native_text,question_number,source_provided,True,True,3,3,matched,import-execution-v5\t160-quality-20261006T132638Z-80ad8d90\runs\t160-quality-20261006T132638Z-80ad8d90-03-IMP-TEXT-r3\result.json
t160-quality-20261006T132638Z-80ad8d90-03-IMP-TEXT-r3,IMP-TEXT,3,automatic,fdef73bd-f984-58d1-8a53-3eea668a9f83,66ca37a8-b388-4a25-aba8-52cf103d94cd,native_text,order_index,source_provided,True,True,3,3,matched,import-execution-v5\t160-quality-20261006T132638Z-80ad8d90\runs\t160-quality-20261006T132638Z-80ad8d90-03-IMP-TEXT-r3\result.json
t160-quality-20261006T132638Z-80ad8d90-03-IMP-TEXT-r3,IMP-TEXT,3,automatic,fdef73bd-f984-58d1-8a53-3eea668a9f83,66ca37a8-b388-4a25-aba8-52cf103d94cd,native_text,source_page_numbers,source_provided,True,True,[1],[1],matched,import-execution-v5\t160-quality-20261006T132638Z-80ad8d90\runs\t160-quality-20261006T132638Z-80ad8d90-03-IMP-TEXT-r3\result.json
t160-quality-20261006T132638Z-80ad8d90-03-IMP-TEXT-r3,IMP-TEXT,3,automatic,fdef73bd-f984-58d1-8a53-3eea668a9f83,66ca37a8-b388-4a25-aba8-52cf103d94cd,native_text,question_type,source_provided,True,True,SHORT_ANSWER,SHORT_ANSWER,matched,import-execution-v5\t160-quality-20261006T132638Z-80ad8d90\runs\t160-quality-20261006T132638Z-80ad8d90-03-IMP-TEXT-r3\result.json
t160-quality-20261006T132638Z-80ad8d90-03-IMP-TEXT-r3,IMP-TEXT,3,automatic,fdef73bd-f984-58d1-8a53-3eea668a9f83,66ca37a8-b388-4a25-aba8-52cf103d94cd,native_text,content,source_provided,True,True,根据下表写出 y 关于 x 的关系式。,根据下表写出 y 关于 x 的关系式。,matched,import-execution-v5\t160-quality-20261006T132638Z-80ad8d90\runs\t160-quality-20261006T132638Z-80ad8d90-03-IMP-TEXT-r3\result.json
t160-quality-20261006T132638Z-80ad8d90-03-IMP-TEXT-r3,IMP-TEXT,3,automatic,fdef73bd-f984-58d1-8a53-3eea668a9f83,66ca37a8-b388-4a25-aba8-52cf103d94cd,native_text,options,not_applicable,True,True,,,matched,import-execution-v5\t160-quality-20261006T132638Z-80ad8d90\runs\t160-quality-20261006T132638Z-80ad8d90-03-IMP-TEXT-r3\result.json
t160-quality-20261006T132638Z-80ad8d90-03-IMP-TEXT-r3,IMP-TEXT,3,automatic,fdef73bd-f984-58d1-8a53-3eea668a9f83,66ca37a8-b388-4a25-aba8-52cf103d94cd,native_text,reference_answer,known_missing,True,True,,,matched,import-execution-v5\t160-quality-20261006T132638Z-80ad8d90\runs\t160-quality-20261006T132638Z-80ad8d90-03-IMP-TEXT-r3\result.json
t160-quality-20261006T132638Z-80ad8d90-03-IMP-TEXT-r3,IMP-TEXT,3,automatic,fdef73bd-f984-58d1-8a53-3eea668a9f83,66ca37a8-b388-4a25-aba8-52cf103d94cd,native_text,analysis,known_missing,True,True,,,matched,import-execution-v5\t160-quality-20261006T132638Z-80ad8d90\runs\t160-quality-20261006T132638Z-80ad8d90-03-IMP-TEXT-r3\result.json
t160-quality-20261006T132638Z-80ad8d90-03-IMP-TEXT-r3,IMP-TEXT,3,automatic,fdef73bd-f984-58d1-8a53-3eea668a9f83,66ca37a8-b388-4a25-aba8-52cf103d94cd,native_text,score,source_provided,True,True,3.00,3.00,matched,import-execution-v5\t160-quality-20261006T132638Z-80ad8d90\runs\t160-quality-20261006T132638Z-80ad8d90-03-IMP-TEXT-r3\result.json
t160-quality-20261006T132638Z-80ad8d90-03-IMP-TEXT-r3,IMP-TEXT,3,automatic,fdef73bd-f984-58d1-8a53-3eea668a9f83,66ca37a8-b388-4a25-aba8-52cf103d94cd,native_text,scoring_rubric,source_provided,True,True,正确关系式 1.00；说明代入过程 2.00。,正确关系式 1.00；说明代入过程 2.00。,matched,import-execution-v5\t160-quality-20261006T132638Z-80ad8d90\runs\t160-quality-20261006T132638Z-80ad8d90-03-IMP-TEXT-r3\result.json
t160-quality-20261006T132638Z-80ad8d90-03-IMP-TEXT-r3,IMP-TEXT,3,automatic,fdef73bd-f984-58d1-8a53-3eea668a9f83,66ca37a8-b388-4a25-aba8-52cf103d94cd,native_text,knowledge_points,source_provided,True,True,"[""一次函数"", ""表达与计算""]","[""一次函数"", ""表达与计算""]",matched,import-execution-v5\t160-quality-20261006T132638Z-80ad8d90\runs\t160-quality-20261006T132638Z-80ad8d90-03-IMP-TEXT-r3\result.json
t160-quality-20261006T132638Z-80ad8d90-03-IMP-TEXT-r3,IMP-TEXT,3,automatic,fdef73bd-f984-58d1-8a53-3eea668a9f83,66ca37a8-b388-4a25-aba8-52cf103d94cd,native_text,source_regions,unknown,False,,,,reference_unknown,import-execution-v5\t160-quality-20261006T132638Z-80ad8d90\runs\t160-quality-20261006T132638Z-80ad8d90-03-IMP-TEXT-r3\result.json
t160-quality-20261006T132638Z-80ad8d90-03-IMP-TEXT-r3,IMP-TEXT,3,automatic,fdef73bd-f984-58d1-8a53-3eea668a9f83,66ca37a8-b388-4a25-aba8-52cf103d94cd,native_text,assets,source_provided,True,False,"[{""asset_type"": ""table"", ""source_page_number"": 1, ""order_index"": 1}]",,matched,import-execution-v5\t160-quality-20261006T132638Z-80ad8d90\runs\t160-quality-20261006T132638Z-80ad8d90-03-IMP-TEXT-r3\result.json
t160-quality-20261006T132638Z-80ad8d90-03-IMP-TEXT-r3,IMP-TEXT,3,assisted_corrected,1194af49-5301-51bb-a173-0e6f524ac810,65c6f3a5-d50e-4230-a577-6e11c05afd03,native_text,question_number,source_provided,True,True,1,1,matched,import-execution-v5\t160-quality-20261006T132638Z-80ad8d90\runs\t160-quality-20261006T132638Z-80ad8d90-03-IMP-TEXT-r3\result.json
t160-quality-20261006T132638Z-80ad8d90-03-IMP-TEXT-r3,IMP-TEXT,3,assisted_corrected,1194af49-5301-51bb-a173-0e6f524ac810,65c6f3a5-d50e-4230-a577-6e11c05afd03,native_text,order_index,source_provided,True,True,1,1,matched,import-execution-v5\t160-quality-20261006T132638Z-80ad8d90\runs\t160-quality-20261006T132638Z-80ad8d90-03-IMP-TEXT-r3\result.json
t160-quality-20261006T132638Z-80ad8d90-03-IMP-TEXT-r3,IMP-TEXT,3,assisted_corrected,1194af49-5301-51bb-a173-0e6f524ac810,65c6f3a5-d50e-4230-a577-6e11c05afd03,native_text,source_page_numbers,source_provided,True,True,[1],[1],matched,import-execution-v5\t160-quality-20261006T132638Z-80ad8d90\runs\t160-quality-20261006T132638Z-80ad8d90-03-IMP-TEXT-r3\result.json
t160-quality-20261006T132638Z-80ad8d90-03-IMP-TEXT-r3,IMP-TEXT,3,assisted_corrected,1194af49-5301-51bb-a173-0e6f524ac810,65c6f3a5-d50e-4230-a577-6e11c05afd03,native_text,question_type,source_provided,True,True,SINGLE_CHOICE,SINGLE_CHOICE,matched,import-execution-v5\t160-quality-20261006T132638Z-80ad8d90\runs\t160-quality-20261006T132638Z-80ad8d90-03-IMP-TEXT-r3\result.json
t160-quality-20261006T132638Z-80ad8d90-03-IMP-TEXT-r3,IMP-TEXT,3,assisted_corrected,1194af49-5301-51bb-a173-0e6f524ac810,65c6f3a5-d50e-4230-a577-6e11c05afd03,native_text,content,source_provided,True,True,y = 2x + 1，x = 3 时 y 为多少？,y = 2x + 1，x = 3 时 y 为多少？,matched,import-execution-v5\t160-quality-20261006T132638Z-80ad8d90\runs\t160-quality-20261006T132638Z-80ad8d90-03-IMP-TEXT-r3\result.json
t160-quality-20261006T132638Z-80ad8d90-03-IMP-TEXT-r3,IMP-TEXT,3,assisted_corrected,1194af49-5301-51bb-a173-0e6f524ac810,65c6f3a5-d50e-4230-a577-6e11c05afd03,native_text,options,source_provided,True,True,"{""C"": ""7"", ""A"": ""5"", ""B"": ""6"", ""D"": ""8""}","{""C"": ""7"", ""A"": ""5"", ""B"": ""6"", ""D"": ""8""}",matched,import-execution-v5\t160-quality-20261006T132638Z-80ad8d90\runs\t160-quality-20261006T132638Z-80ad8d90-03-IMP-TEXT-r3\result.json
t160-quality-20261006T132638Z-80ad8d90-03-IMP-TEXT-r3,IMP-TEXT,3,assisted_corrected,1194af49-5301-51bb-a173-0e6f524ac810,65c6f3a5-d50e-4230-a577-6e11c05afd03,native_text,reference_answer,source_provided,True,True,C,C,matched,import-execution-v5\t160-quality-20261006T132638Z-80ad8d90\runs\t160-quality-20261006T132638Z-80ad8d90-03-IMP-TEXT-r3\result.json
t160-quality-20261006T132638Z-80ad8d90-03-IMP-TEXT-r3,IMP-TEXT,3,assisted_corrected,1194af49-5301-51bb-a173-0e6f524ac810,65c6f3a5-d50e-4230-a577-6e11c05afd03,native_text,analysis,source_provided,True,True,2 × 3 + 1 = 7。,2 × 3 + 1 = 7。,matched,import-execution-v5\t160-quality-20261006T132638Z-80ad8d90\runs\t160-quality-20261006T132638Z-80ad8d90-03-IMP-TEXT-r3\result.json
t160-quality-20261006T132638Z-80ad8d90-03-IMP-TEXT-r3,IMP-TEXT,3,assisted_corrected,1194af49-5301-51bb-a173-0e6f524ac810,65c6f3a5-d50e-4230-a577-6e11c05afd03,native_text,score,source_provided,True,True,2.00,2.00,matched,import-execution-v5\t160-quality-20261006T132638Z-80ad8d90\runs\t160-quality-20261006T132638Z-80ad8d90-03-IMP-TEXT-r3\result.json
t160-quality-20261006T132638Z-80ad8d90-03-IMP-TEXT-r3,IMP-TEXT,3,assisted_corrected,1194af49-5301-51bb-a173-0e6f524ac810,65c6f3a5-d50e-4230-a577-6e11c05afd03,native_text,scoring_rubric,known_missing,True,True,,,matched,import-execution-v5\t160-quality-20261006T132638Z-80ad8d90\runs\t160-quality-20261006T132638Z-80ad8d90-03-IMP-TEXT-r3\result.json
t160-quality-20261006T132638Z-80ad8d90-03-IMP-TEXT-r3,IMP-TEXT,3,assisted_corrected,1194af49-5301-51bb-a173-0e6f524ac810,65c6f3a5-d50e-4230-a577-6e11c05afd03,native_text,knowledge_points,known_missing,True,True,[],[],matched,import-execution-v5\t160-quality-20261006T132638Z-80ad8d90\runs\t160-quality-20261006T132638Z-80ad8d90-03-IMP-TEXT-r3\result.json
t160-quality-20261006T132638Z-80ad8d90-03-IMP-TEXT-r3,IMP-TEXT,3,assisted_corrected,1194af49-5301-51bb-a173-0e6f524ac810,65c6f3a5-d50e-4230-a577-6e11c05afd03,native_text,source_regions,unknown,False,,,,reference_unknown,import-execution-v5\t160-quality-20261006T132638Z-80ad8d90\runs\t160-quality-20261006T132638Z-80ad8d90-03-IMP-TEXT-r3\result.json
t160-quality-20261006T132638Z-80ad8d90-03-IMP-TEXT-r3,IMP-TEXT,3,assisted_corrected,1194af49-5301-51bb-a173-0e6f524ac810,65c6f3a5-d50e-4230-a577-6e11c05afd03,native_text,assets,source_provided,True,True,[],[],matched,import-execution-v5\t160-quality-20261006T132638Z-80ad8d90\runs\t160-quality-20261006T132638Z-80ad8d90-03-IMP-TEXT-r3\result.json
t160-quality-20261006T132638Z-80ad8d90-03-IMP-TEXT-r3,IMP-TEXT,3,assisted_corrected,8e0aecaf-072d-5ed7-9b43-5d33ad202cc1,05307df7-9e4f-41cd-bab6-f907f311fd53,native_text,question_number,source_provided,True,True,2,2,matched,import-execution-v5\t160-quality-20261006T132638Z-80ad8d90\runs\t160-quality-20261006T132638Z-80ad8d90-03-IMP-TEXT-r3\result.json
t160-quality-20261006T132638Z-80ad8d90-03-IMP-TEXT-r3,IMP-TEXT,3,assisted_corrected,8e0aecaf-072d-5ed7-9b43-5d33ad202cc1,05307df7-9e4f-41cd-bab6-f907f311fd53,native_text,order_index,source_provided,True,True,2,2,matched,import-execution-v5\t160-quality-20261006T132638Z-80ad8d90\runs\t160-quality-20261006T132638Z-80ad8d90-03-IMP-TEXT-r3\result.json
t160-quality-20261006T132638Z-80ad8d90-03-IMP-TEXT-r3,IMP-TEXT,3,assisted_corrected,8e0aecaf-072d-5ed7-9b43-5d33ad202cc1,05307df7-9e4f-41cd-bab6-f907f311fd53,native_text,source_page_numbers,source_provided,True,True,[1],[1],matched,import-execution-v5\t160-quality-20261006T132638Z-80ad8d90\runs\t160-quality-20261006T132638Z-80ad8d90-03-IMP-TEXT-r3\result.json
t160-quality-20261006T132638Z-80ad8d90-03-IMP-TEXT-r3,IMP-TEXT,3,assisted_corrected,8e0aecaf-072d-5ed7-9b43-5d33ad202cc1,05307df7-9e4f-41cd-bab6-f907f311fd53,native_text,question_type,source_provided,True,True,TRUE_FALSE,TRUE_FALSE,matched,import-execution-v5\t160-quality-20261006T132638Z-80ad8d90\runs\t160-quality-20261006T132638Z-80ad8d90-03-IMP-TEXT-r3\result.json
t160-quality-20261006T132638Z-80ad8d90-03-IMP-TEXT-r3,IMP-TEXT,3,assisted_corrected,8e0aecaf-072d-5ed7-9b43-5d33ad202cc1,05307df7-9e4f-41cd-bab6-f907f311fd53,native_text,content,source_provided,True,True,右图三角形面积为 24 cm²。,右图三角形面积为 24 cm²。,matched,import-execution-v5\t160-quality-20261006T132638Z-80ad8d90\runs\t160-quality-20261006T132638Z-80ad8d90-03-IMP-TEXT-r3\result.json
t160-quality-20261006T132638Z-80ad8d90-03-IMP-TEXT-r3,IMP-TEXT,3,assisted_corrected,8e0aecaf-072d-5ed7-9b43-5d33ad202cc1,05307df7-9e4f-41cd-bab6-f907f311fd53,native_text,options,source_provided,True,True,"[""正确"", ""错误""]","[""正确"", ""错误""]",matched,import-execution-v5\t160-quality-20261006T132638Z-80ad8d90\runs\t160-quality-20261006T132638Z-80ad8d90-03-IMP-TEXT-r3\result.json
t160-quality-20261006T132638Z-80ad8d90-03-IMP-TEXT-r3,IMP-TEXT,3,assisted_corrected,8e0aecaf-072d-5ed7-9b43-5d33ad202cc1,05307df7-9e4f-41cd-bab6-f907f311fd53,native_text,reference_answer,known_missing,True,True,,,matched,import-execution-v5\t160-quality-20261006T132638Z-80ad8d90\runs\t160-quality-20261006T132638Z-80ad8d90-03-IMP-TEXT-r3\result.json
t160-quality-20261006T132638Z-80ad8d90-03-IMP-TEXT-r3,IMP-TEXT,3,assisted_corrected,8e0aecaf-072d-5ed7-9b43-5d33ad202cc1,05307df7-9e4f-41cd-bab6-f907f311fd53,native_text,analysis,known_missing,True,True,,,matched,import-execution-v5\t160-quality-20261006T132638Z-80ad8d90\runs\t160-quality-20261006T132638Z-80ad8d90-03-IMP-TEXT-r3\result.json
t160-quality-20261006T132638Z-80ad8d90-03-IMP-TEXT-r3,IMP-TEXT,3,assisted_corrected,8e0aecaf-072d-5ed7-9b43-5d33ad202cc1,05307df7-9e4f-41cd-bab6-f907f311fd53,native_text,score,source_provided,True,True,2.00,2.00,matched,import-execution-v5\t160-quality-20261006T132638Z-80ad8d90\runs\t160-quality-20261006T132638Z-80ad8d90-03-IMP-TEXT-r3\result.json
t160-quality-20261006T132638Z-80ad8d90-03-IMP-TEXT-r3,IMP-TEXT,3,assisted_corrected,8e0aecaf-072d-5ed7-9b43-5d33ad202cc1,05307df7-9e4f-41cd-bab6-f907f311fd53,native_text,scoring_rubric,known_missing,True,True,,,matched,import-execution-v5\t160-quality-20261006T132638Z-80ad8d90\runs\t160-quality-20261006T132638Z-80ad8d90-03-IMP-TEXT-r3\result.json
t160-quality-20261006T132638Z-80ad8d90-03-IMP-TEXT-r3,IMP-TEXT,3,assisted_corrected,8e0aecaf-072d-5ed7-9b43-5d33ad202cc1,05307df7-9e4f-41cd-bab6-f907f311fd53,native_text,knowledge_points,known_missing,True,True,[],[],matched,import-execution-v5\t160-quality-20261006T132638Z-80ad8d90\runs\t160-quality-20261006T132638Z-80ad8d90-03-IMP-TEXT-r3\result.json
t160-quality-20261006T132638Z-80ad8d90-03-IMP-TEXT-r3,IMP-TEXT,3,assisted_corrected,8e0aecaf-072d-5ed7-9b43-5d33ad202cc1,05307df7-9e4f-41cd-bab6-f907f311fd53,native_text,source_regions,unknown,False,,,,reference_unknown,import-execution-v5\t160-quality-20261006T132638Z-80ad8d90\runs\t160-quality-20261006T132638Z-80ad8d90-03-IMP-TEXT-r3\result.json
t160-quality-20261006T132638Z-80ad8d90-03-IMP-TEXT-r3,IMP-TEXT,3,assisted_corrected,8e0aecaf-072d-5ed7-9b43-5d33ad202cc1,05307df7-9e4f-41cd-bab6-f907f311fd53,native_text,assets,source_provided,True,False,"[{""asset_type"": ""figure"", ""source_page_number"": 1, ""order_index"": 1}]",,matched,import-execution-v5\t160-quality-20261006T132638Z-80ad8d90\runs\t160-quality-20261006T132638Z-80ad8d90-03-IMP-TEXT-r3\result.json
t160-quality-20261006T132638Z-80ad8d90-03-IMP-TEXT-r3,IMP-TEXT,3,assisted_corrected,fdef73bd-f984-58d1-8a53-3eea668a9f83,66ca37a8-b388-4a25-aba8-52cf103d94cd,native_text,question_number,source_provided,True,True,3,3,matched,import-execution-v5\t160-quality-20261006T132638Z-80ad8d90\runs\t160-quality-20261006T132638Z-80ad8d90-03-IMP-TEXT-r3\result.json
t160-quality-20261006T132638Z-80ad8d90-03-IMP-TEXT-r3,IMP-TEXT,3,assisted_corrected,fdef73bd-f984-58d1-8a53-3eea668a9f83,66ca37a8-b388-4a25-aba8-52cf103d94cd,native_text,order_index,source_provided,True,True,3,3,matched,import-execution-v5\t160-quality-20261006T132638Z-80ad8d90\runs\t160-quality-20261006T132638Z-80ad8d90-03-IMP-TEXT-r3\result.json
t160-quality-20261006T132638Z-80ad8d90-03-IMP-TEXT-r3,IMP-TEXT,3,assisted_corrected,fdef73bd-f984-58d1-8a53-3eea668a9f83,66ca37a8-b388-4a25-aba8-52cf103d94cd,native_text,source_page_numbers,source_provided,True,True,[1],[1],matched,import-execution-v5\t160-quality-20261006T132638Z-80ad8d90\runs\t160-quality-20261006T132638Z-80ad8d90-03-IMP-TEXT-r3\result.json
t160-quality-20261006T132638Z-80ad8d90-03-IMP-TEXT-r3,IMP-TEXT,3,assisted_corrected,fdef73bd-f984-58d1-8a53-3eea668a9f83,66ca37a8-b388-4a25-aba8-52cf103d94cd,native_text,question_type,source_provided,True,True,SHORT_ANSWER,SHORT_ANSWER,matched,import-execution-v5\t160-quality-20261006T132638Z-80ad8d90\runs\t160-quality-20261006T132638Z-80ad8d90-03-IMP-TEXT-r3\result.json
t160-quality-20261006T132638Z-80ad8d90-03-IMP-TEXT-r3,IMP-TEXT,3,assisted_corrected,fdef73bd-f984-58d1-8a53-3eea668a9f83,66ca37a8-b388-4a25-aba8-52cf103d94cd,native_text,content,source_provided,True,True,根据下表写出 y 关于 x 的关系式。,根据下表写出 y 关于 x 的关系式。,matched,import-execution-v5\t160-quality-20261006T132638Z-80ad8d90\runs\t160-quality-20261006T132638Z-80ad8d90-03-IMP-TEXT-r3\result.json
t160-quality-20261006T132638Z-80ad8d90-03-IMP-TEXT-r3,IMP-TEXT,3,assisted_corrected,fdef73bd-f984-58d1-8a53-3eea668a9f83,66ca37a8-b388-4a25-aba8-52cf103d94cd,native_text,options,not_applicable,True,True,,,matched,import-execution-v5\t160-quality-20261006T132638Z-80ad8d90\runs\t160-quality-20261006T132638Z-80ad8d90-03-IMP-TEXT-r3\result.json
t160-quality-20261006T132638Z-80ad8d90-03-IMP-TEXT-r3,IMP-TEXT,3,assisted_corrected,fdef73bd-f984-58d1-8a53-3eea668a9f83,66ca37a8-b388-4a25-aba8-52cf103d94cd,native_text,reference_answer,known_missing,True,True,,,matched,import-execution-v5\t160-quality-20261006T132638Z-80ad8d90\runs\t160-quality-20261006T132638Z-80ad8d90-03-IMP-TEXT-r3\result.json
t160-quality-20261006T132638Z-80ad8d90-03-IMP-TEXT-r3,IMP-TEXT,3,assisted_corrected,fdef73bd-f984-58d1-8a53-3eea668a9f83,66ca37a8-b388-4a25-aba8-52cf103d94cd,native_text,analysis,known_missing,True,True,,,matched,import-execution-v5\t160-quality-20261006T132638Z-80ad8d90\runs\t160-quality-20261006T132638Z-80ad8d90-03-IMP-TEXT-r3\result.json
t160-quality-20261006T132638Z-80ad8d90-03-IMP-TEXT-r3,IMP-TEXT,3,assisted_corrected,fdef73bd-f984-58d1-8a53-3eea668a9f83,66ca37a8-b388-4a25-aba8-52cf103d94cd,native_text,score,source_provided,True,True,3.00,3.00,matched,import-execution-v5\t160-quality-20261006T132638Z-80ad8d90\runs\t160-quality-20261006T132638Z-80ad8d90-03-IMP-TEXT-r3\result.json
t160-quality-20261006T132638Z-80ad8d90-03-IMP-TEXT-r3,IMP-TEXT,3,assisted_corrected,fdef73bd-f984-58d1-8a53-3eea668a9f83,66ca37a8-b388-4a25-aba8-52cf103d94cd,native_text,scoring_rubric,source_provided,True,True,正确关系式 1.00；说明代入过程 2.00。,正确关系式 1.00；说明代入过程 2.00。,matched,import-execution-v5\t160-quality-20261006T132638Z-80ad8d90\runs\t160-quality-20261006T132638Z-80ad8d90-03-IMP-TEXT-r3\result.json
t160-quality-20261006T132638Z-80ad8d90-03-IMP-TEXT-r3,IMP-TEXT,3,assisted_corrected,fdef73bd-f984-58d1-8a53-3eea668a9f83,66ca37a8-b388-4a25-aba8-52cf103d94cd,native_text,knowledge_points,source_provided,True,True,"[""一次函数"", ""表达与计算""]","[""一次函数"", ""表达与计算""]",matched,import-execution-v5\t160-quality-20261006T132638Z-80ad8d90\runs\t160-quality-20261006T132638Z-80ad8d90-03-IMP-TEXT-r3\result.json
t160-quality-20261006T132638Z-80ad8d90-03-IMP-TEXT-r3,IMP-TEXT,3,assisted_corrected,fdef73bd-f984-58d1-8a53-3eea668a9f83,66ca37a8-b388-4a25-aba8-52cf103d94cd,native_text,source_regions,unknown,False,,,,reference_unknown,import-execution-v5\t160-quality-20261006T132638Z-80ad8d90\runs\t160-quality-20261006T132638Z-80ad8d90-03-IMP-TEXT-r3\result.json
t160-quality-20261006T132638Z-80ad8d90-03-IMP-TEXT-r3,IMP-TEXT,3,assisted_corrected,fdef73bd-f984-58d1-8a53-3eea668a9f83,66ca37a8-b388-4a25-aba8-52cf103d94cd,native_text,assets,source_provided,True,False,"[{""asset_type"": ""table"", ""source_page_number"": 1, ""order_index"": 1}]",,matched,import-execution-v5\t160-quality-20261006T132638Z-80ad8d90\runs\t160-quality-20261006T132638Z-80ad8d90-03-IMP-TEXT-r3\result.json
t160-quality-20261006T132638Z-80ad8d90-04-IMP-SCAN-r1,IMP-SCAN,1,automatic,74d666eb-fc46-5106-8ea2-ea5c967c6457,92da6533-27c3-4818-b3c6-6623808c2b52,ocr_required,question_number,source_provided,True,True,1,1,matched,import-execution-v5\t160-quality-20261006T132638Z-80ad8d90\runs\t160-quality-20261006T132638Z-80ad8d90-04-IMP-SCAN-r1\result.json
t160-quality-20261006T132638Z-80ad8d90-04-IMP-SCAN-r1,IMP-SCAN,1,automatic,74d666eb-fc46-5106-8ea2-ea5c967c6457,92da6533-27c3-4818-b3c6-6623808c2b52,ocr_required,order_index,source_provided,True,True,1,1,matched,import-execution-v5\t160-quality-20261006T132638Z-80ad8d90\runs\t160-quality-20261006T132638Z-80ad8d90-04-IMP-SCAN-r1\result.json
t160-quality-20261006T132638Z-80ad8d90-04-IMP-SCAN-r1,IMP-SCAN,1,automatic,74d666eb-fc46-5106-8ea2-ea5c967c6457,92da6533-27c3-4818-b3c6-6623808c2b52,ocr_required,source_page_numbers,source_provided,True,True,[1],[1],matched,import-execution-v5\t160-quality-20261006T132638Z-80ad8d90\runs\t160-quality-20261006T132638Z-80ad8d90-04-IMP-SCAN-r1\result.json
t160-quality-20261006T132638Z-80ad8d90-04-IMP-SCAN-r1,IMP-SCAN,1,automatic,74d666eb-fc46-5106-8ea2-ea5c967c6457,92da6533-27c3-4818-b3c6-6623808c2b52,ocr_required,question_type,source_provided,True,True,SINGLE_CHOICE,SINGLE_CHOICE,matched,import-execution-v5\t160-quality-20261006T132638Z-80ad8d90\runs\t160-quality-20261006T132638Z-80ad8d90-04-IMP-SCAN-r1\result.json
t160-quality-20261006T132638Z-80ad8d90-04-IMP-SCAN-r1,IMP-SCAN,1,automatic,74d666eb-fc46-5106-8ea2-ea5c967c6457,92da6533-27c3-4818-b3c6-6623808c2b52,ocr_required,content,source_provided,True,False,y = 2x + 1，x = 3 时 y 为多少？,y = 2x +1，x = 3 时y 为多少？,matched,import-execution-v5\t160-quality-20261006T132638Z-80ad8d90\runs\t160-quality-20261006T132638Z-80ad8d90-04-IMP-SCAN-r1\result.json
t160-quality-20261006T132638Z-80ad8d90-04-IMP-SCAN-r1,IMP-SCAN,1,automatic,74d666eb-fc46-5106-8ea2-ea5c967c6457,92da6533-27c3-4818-b3c6-6623808c2b52,ocr_required,options,source_provided,True,True,"{""C"": ""7"", ""A"": ""5"", ""B"": ""6"", ""D"": ""8""}","{""C"": ""7"", ""A"": ""5"", ""B"": ""6"", ""D"": ""8""}",matched,import-execution-v5\t160-quality-20261006T132638Z-80ad8d90\runs\t160-quality-20261006T132638Z-80ad8d90-04-IMP-SCAN-r1\result.json
t160-quality-20261006T132638Z-80ad8d90-04-IMP-SCAN-r1,IMP-SCAN,1,automatic,74d666eb-fc46-5106-8ea2-ea5c967c6457,92da6533-27c3-4818-b3c6-6623808c2b52,ocr_required,reference_answer,source_provided,True,True,C,C,matched,import-execution-v5\t160-quality-20261006T132638Z-80ad8d90\runs\t160-quality-20261006T132638Z-80ad8d90-04-IMP-SCAN-r1\result.json
t160-quality-20261006T132638Z-80ad8d90-04-IMP-SCAN-r1,IMP-SCAN,1,automatic,74d666eb-fc46-5106-8ea2-ea5c967c6457,92da6533-27c3-4818-b3c6-6623808c2b52,ocr_required,analysis,source_provided,True,False,2 × 3 + 1 = 7。,2 × 3 +1=7。,matched,import-execution-v5\t160-quality-20261006T132638Z-80ad8d90\runs\t160-quality-20261006T132638Z-80ad8d90-04-IMP-SCAN-r1\result.json
t160-quality-20261006T132638Z-80ad8d90-04-IMP-SCAN-r1,IMP-SCAN,1,automatic,74d666eb-fc46-5106-8ea2-ea5c967c6457,92da6533-27c3-4818-b3c6-6623808c2b52,ocr_required,score,source_provided,True,True,2.00,2.00,matched,import-execution-v5\t160-quality-20261006T132638Z-80ad8d90\runs\t160-quality-20261006T132638Z-80ad8d90-04-IMP-SCAN-r1\result.json
t160-quality-20261006T132638Z-80ad8d90-04-IMP-SCAN-r1,IMP-SCAN,1,automatic,74d666eb-fc46-5106-8ea2-ea5c967c6457,92da6533-27c3-4818-b3c6-6623808c2b52,ocr_required,scoring_rubric,known_missing,True,True,,,matched,import-execution-v5\t160-quality-20261006T132638Z-80ad8d90\runs\t160-quality-20261006T132638Z-80ad8d90-04-IMP-SCAN-r1\result.json
t160-quality-20261006T132638Z-80ad8d90-04-IMP-SCAN-r1,IMP-SCAN,1,automatic,74d666eb-fc46-5106-8ea2-ea5c967c6457,92da6533-27c3-4818-b3c6-6623808c2b52,ocr_required,knowledge_points,known_missing,True,False,[],,matched,import-execution-v5\t160-quality-20261006T132638Z-80ad8d90\runs\t160-quality-20261006T132638Z-80ad8d90-04-IMP-SCAN-r1\result.json
t160-quality-20261006T132638Z-80ad8d90-04-IMP-SCAN-r1,IMP-SCAN,1,automatic,74d666eb-fc46-5106-8ea2-ea5c967c6457,92da6533-27c3-4818-b3c6-6623808c2b52,ocr_required,source_regions,unknown,False,,,,reference_unknown,import-execution-v5\t160-quality-20261006T132638Z-80ad8d90\runs\t160-quality-20261006T132638Z-80ad8d90-04-IMP-SCAN-r1\result.json
t160-quality-20261006T132638Z-80ad8d90-04-IMP-SCAN-r1,IMP-SCAN,1,automatic,74d666eb-fc46-5106-8ea2-ea5c967c6457,92da6533-27c3-4818-b3c6-6623808c2b52,ocr_required,assets,source_provided,True,False,[],,matched,import-execution-v5\t160-quality-20261006T132638Z-80ad8d90\runs\t160-quality-20261006T132638Z-80ad8d90-04-IMP-SCAN-r1\result.json
t160-quality-20261006T132638Z-80ad8d90-04-IMP-SCAN-r1,IMP-SCAN,1,automatic,5f47ee64-edec-5327-9172-bb8454c7640d,de4fc399-9c2d-41e6-8120-e61cc5611f52,ocr_required,question_number,source_provided,True,True,2,2,matched,import-execution-v5\t160-quality-20261006T132638Z-80ad8d90\runs\t160-quality-20261006T132638Z-80ad8d90-04-IMP-SCAN-r1\result.json
t160-quality-20261006T132638Z-80ad8d90-04-IMP-SCAN-r1,IMP-SCAN,1,automatic,5f47ee64-edec-5327-9172-bb8454c7640d,de4fc399-9c2d-41e6-8120-e61cc5611f52,ocr_required,order_index,source_provided,True,True,2,2,matched,import-execution-v5\t160-quality-20261006T132638Z-80ad8d90\runs\t160-quality-20261006T132638Z-80ad8d90-04-IMP-SCAN-r1\result.json
t160-quality-20261006T132638Z-80ad8d90-04-IMP-SCAN-r1,IMP-SCAN,1,automatic,5f47ee64-edec-5327-9172-bb8454c7640d,de4fc399-9c2d-41e6-8120-e61cc5611f52,ocr_required,source_page_numbers,source_provided,True,True,[1],[1],matched,import-execution-v5\t160-quality-20261006T132638Z-80ad8d90\runs\t160-quality-20261006T132638Z-80ad8d90-04-IMP-SCAN-r1\result.json
t160-quality-20261006T132638Z-80ad8d90-04-IMP-SCAN-r1,IMP-SCAN,1,automatic,5f47ee64-edec-5327-9172-bb8454c7640d,de4fc399-9c2d-41e6-8120-e61cc5611f52,ocr_required,question_type,source_provided,True,True,TRUE_FALSE,TRUE_FALSE,matched,import-execution-v5\t160-quality-20261006T132638Z-80ad8d90\runs\t160-quality-20261006T132638Z-80ad8d90-04-IMP-SCAN-r1\result.json
t160-quality-20261006T132638Z-80ad8d90-04-IMP-SCAN-r1,IMP-SCAN,1,automatic,5f47ee64-edec-5327-9172-bb8454c7640d,de4fc399-9c2d-41e6-8120-e61cc5611f52,ocr_required,content,source_provided,True,False,右图三角形面积为 24 cm²。,右图三角形面积为24cm²。,matched,import-execution-v5\t160-quality-20261006T132638Z-80ad8d90\runs\t160-quality-20261006T132638Z-80ad8d90-04-IMP-SCAN-r1\result.json
t160-quality-20261006T132638Z-80ad8d90-04-IMP-SCAN-r1,IMP-SCAN,1,automatic,5f47ee64-edec-5327-9172-bb8454c7640d,de4fc399-9c2d-41e6-8120-e61cc5611f52,ocr_required,options,source_provided,True,True,"[""正确"", ""错误""]","[""正确"", ""错误""]",matched,import-execution-v5\t160-quality-20261006T132638Z-80ad8d90\runs\t160-quality-20261006T132638Z-80ad8d90-04-IMP-SCAN-r1\result.json
t160-quality-20261006T132638Z-80ad8d90-04-IMP-SCAN-r1,IMP-SCAN,1,automatic,5f47ee64-edec-5327-9172-bb8454c7640d,de4fc399-9c2d-41e6-8120-e61cc5611f52,ocr_required,reference_answer,known_missing,True,True,,,matched,import-execution-v5\t160-quality-20261006T132638Z-80ad8d90\runs\t160-quality-20261006T132638Z-80ad8d90-04-IMP-SCAN-r1\result.json
t160-quality-20261006T132638Z-80ad8d90-04-IMP-SCAN-r1,IMP-SCAN,1,automatic,5f47ee64-edec-5327-9172-bb8454c7640d,de4fc399-9c2d-41e6-8120-e61cc5611f52,ocr_required,analysis,known_missing,True,True,,,matched,import-execution-v5\t160-quality-20261006T132638Z-80ad8d90\runs\t160-quality-20261006T132638Z-80ad8d90-04-IMP-SCAN-r1\result.json
t160-quality-20261006T132638Z-80ad8d90-04-IMP-SCAN-r1,IMP-SCAN,1,automatic,5f47ee64-edec-5327-9172-bb8454c7640d,de4fc399-9c2d-41e6-8120-e61cc5611f52,ocr_required,score,source_provided,True,True,2.00,2.00,matched,import-execution-v5\t160-quality-20261006T132638Z-80ad8d90\runs\t160-quality-20261006T132638Z-80ad8d90-04-IMP-SCAN-r1\result.json
t160-quality-20261006T132638Z-80ad8d90-04-IMP-SCAN-r1,IMP-SCAN,1,automatic,5f47ee64-edec-5327-9172-bb8454c7640d,de4fc399-9c2d-41e6-8120-e61cc5611f52,ocr_required,scoring_rubric,known_missing,True,True,,,matched,import-execution-v5\t160-quality-20261006T132638Z-80ad8d90\runs\t160-quality-20261006T132638Z-80ad8d90-04-IMP-SCAN-r1\result.json
t160-quality-20261006T132638Z-80ad8d90-04-IMP-SCAN-r1,IMP-SCAN,1,automatic,5f47ee64-edec-5327-9172-bb8454c7640d,de4fc399-9c2d-41e6-8120-e61cc5611f52,ocr_required,knowledge_points,known_missing,True,False,[],,matched,import-execution-v5\t160-quality-20261006T132638Z-80ad8d90\runs\t160-quality-20261006T132638Z-80ad8d90-04-IMP-SCAN-r1\result.json
t160-quality-20261006T132638Z-80ad8d90-04-IMP-SCAN-r1,IMP-SCAN,1,automatic,5f47ee64-edec-5327-9172-bb8454c7640d,de4fc399-9c2d-41e6-8120-e61cc5611f52,ocr_required,source_regions,unknown,False,,,,reference_unknown,import-execution-v5\t160-quality-20261006T132638Z-80ad8d90\runs\t160-quality-20261006T132638Z-80ad8d90-04-IMP-SCAN-r1\result.json
t160-quality-20261006T132638Z-80ad8d90-04-IMP-SCAN-r1,IMP-SCAN,1,automatic,5f47ee64-edec-5327-9172-bb8454c7640d,de4fc399-9c2d-41e6-8120-e61cc5611f52,ocr_required,assets,source_provided,True,False,"[{""asset_type"": ""figure"", ""source_page_number"": 1, ""order_index"": 1}]",,matched,import-execution-v5\t160-quality-20261006T132638Z-80ad8d90\runs\t160-quality-20261006T132638Z-80ad8d90-04-IMP-SCAN-r1\result.json
t160-quality-20261006T132638Z-80ad8d90-04-IMP-SCAN-r1,IMP-SCAN,1,automatic,d6acd365-a6d5-5eb8-9b54-66f26a915094,7dc02076-faed-47b5-928f-8105ce1655ac,ocr_required,question_number,source_provided,True,True,3,3,matched,import-execution-v5\t160-quality-20261006T132638Z-80ad8d90\runs\t160-quality-20261006T132638Z-80ad8d90-04-IMP-SCAN-r1\result.json
t160-quality-20261006T132638Z-80ad8d90-04-IMP-SCAN-r1,IMP-SCAN,1,automatic,d6acd365-a6d5-5eb8-9b54-66f26a915094,7dc02076-faed-47b5-928f-8105ce1655ac,ocr_required,order_index,source_provided,True,True,3,3,matched,import-execution-v5\t160-quality-20261006T132638Z-80ad8d90\runs\t160-quality-20261006T132638Z-80ad8d90-04-IMP-SCAN-r1\result.json
t160-quality-20261006T132638Z-80ad8d90-04-IMP-SCAN-r1,IMP-SCAN,1,automatic,d6acd365-a6d5-5eb8-9b54-66f26a915094,7dc02076-faed-47b5-928f-8105ce1655ac,ocr_required,source_page_numbers,source_provided,True,True,[1],[1],matched,import-execution-v5\t160-quality-20261006T132638Z-80ad8d90\runs\t160-quality-20261006T132638Z-80ad8d90-04-IMP-SCAN-r1\result.json
t160-quality-20261006T132638Z-80ad8d90-04-IMP-SCAN-r1,IMP-SCAN,1,automatic,d6acd365-a6d5-5eb8-9b54-66f26a915094,7dc02076-faed-47b5-928f-8105ce1655ac,ocr_required,question_type,source_provided,True,True,SHORT_ANSWER,SHORT_ANSWER,matched,import-execution-v5\t160-quality-20261006T132638Z-80ad8d90\runs\t160-quality-20261006T132638Z-80ad8d90-04-IMP-SCAN-r1\result.json
t160-quality-20261006T132638Z-80ad8d90-04-IMP-SCAN-r1,IMP-SCAN,1,automatic,d6acd365-a6d5-5eb8-9b54-66f26a915094,7dc02076-faed-47b5-928f-8105ce1655ac,ocr_required,content,source_provided,True,False,根据下表写出 y 关于 x 的关系式。,根据下表写出y关于x的关系式。,matched,import-execution-v5\t160-quality-20261006T132638Z-80ad8d90\runs\t160-quality-20261006T132638Z-80ad8d90-04-IMP-SCAN-r1\result.json
t160-quality-20261006T132638Z-80ad8d90-04-IMP-SCAN-r1,IMP-SCAN,1,automatic,d6acd365-a6d5-5eb8-9b54-66f26a915094,7dc02076-faed-47b5-928f-8105ce1655ac,ocr_required,options,not_applicable,True,True,,,matched,import-execution-v5\t160-quality-20261006T132638Z-80ad8d90\runs\t160-quality-20261006T132638Z-80ad8d90-04-IMP-SCAN-r1\result.json
t160-quality-20261006T132638Z-80ad8d90-04-IMP-SCAN-r1,IMP-SCAN,1,automatic,d6acd365-a6d5-5eb8-9b54-66f26a915094,7dc02076-faed-47b5-928f-8105ce1655ac,ocr_required,reference_answer,known_missing,True,True,,,matched,import-execution-v5\t160-quality-20261006T132638Z-80ad8d90\runs\t160-quality-20261006T132638Z-80ad8d90-04-IMP-SCAN-r1\result.json
t160-quality-20261006T132638Z-80ad8d90-04-IMP-SCAN-r1,IMP-SCAN,1,automatic,d6acd365-a6d5-5eb8-9b54-66f26a915094,7dc02076-faed-47b5-928f-8105ce1655ac,ocr_required,analysis,known_missing,True,True,,,matched,import-execution-v5\t160-quality-20261006T132638Z-80ad8d90\runs\t160-quality-20261006T132638Z-80ad8d90-04-IMP-SCAN-r1\result.json
t160-quality-20261006T132638Z-80ad8d90-04-IMP-SCAN-r1,IMP-SCAN,1,automatic,d6acd365-a6d5-5eb8-9b54-66f26a915094,7dc02076-faed-47b5-928f-8105ce1655ac,ocr_required,score,source_provided,True,True,3.00,3.00,matched,import-execution-v5\t160-quality-20261006T132638Z-80ad8d90\runs\t160-quality-20261006T132638Z-80ad8d90-04-IMP-SCAN-r1\result.json
t160-quality-20261006T132638Z-80ad8d90-04-IMP-SCAN-r1,IMP-SCAN,1,automatic,d6acd365-a6d5-5eb8-9b54-66f26a915094,7dc02076-faed-47b5-928f-8105ce1655ac,ocr_required,scoring_rubric,source_provided,True,False,正确关系式 1.00；说明代入过程 2.00。,正确关系式1.00；说明代入过程2.00。,matched,import-execution-v5\t160-quality-20261006T132638Z-80ad8d90\runs\t160-quality-20261006T132638Z-80ad8d90-04-IMP-SCAN-r1\result.json
t160-quality-20261006T132638Z-80ad8d90-04-IMP-SCAN-r1,IMP-SCAN,1,automatic,d6acd365-a6d5-5eb8-9b54-66f26a915094,7dc02076-faed-47b5-928f-8105ce1655ac,ocr_required,knowledge_points,source_provided,True,True,"[""一次函数"", ""表达与计算""]","[""一次函数"", ""表达与计算""]",matched,import-execution-v5\t160-quality-20261006T132638Z-80ad8d90\runs\t160-quality-20261006T132638Z-80ad8d90-04-IMP-SCAN-r1\result.json
t160-quality-20261006T132638Z-80ad8d90-04-IMP-SCAN-r1,IMP-SCAN,1,automatic,d6acd365-a6d5-5eb8-9b54-66f26a915094,7dc02076-faed-47b5-928f-8105ce1655ac,ocr_required,source_regions,unknown,False,,,,reference_unknown,import-execution-v5\t160-quality-20261006T132638Z-80ad8d90\runs\t160-quality-20261006T132638Z-80ad8d90-04-IMP-SCAN-r1\result.json
t160-quality-20261006T132638Z-80ad8d90-04-IMP-SCAN-r1,IMP-SCAN,1,automatic,d6acd365-a6d5-5eb8-9b54-66f26a915094,7dc02076-faed-47b5-928f-8105ce1655ac,ocr_required,assets,source_provided,True,False,"[{""asset_type"": ""table"", ""source_page_number"": 1, ""order_index"": 1}]",,matched,import-execution-v5\t160-quality-20261006T132638Z-80ad8d90\runs\t160-quality-20261006T132638Z-80ad8d90-04-IMP-SCAN-r1\result.json
t160-quality-20261006T132638Z-80ad8d90-04-IMP-SCAN-r1,IMP-SCAN,1,assisted_corrected,74d666eb-fc46-5106-8ea2-ea5c967c6457,92da6533-27c3-4818-b3c6-6623808c2b52,ocr_required,question_number,source_provided,True,True,1,1,matched,import-execution-v5\t160-quality-20261006T132638Z-80ad8d90\runs\t160-quality-20261006T132638Z-80ad8d90-04-IMP-SCAN-r1\result.json
t160-quality-20261006T132638Z-80ad8d90-04-IMP-SCAN-r1,IMP-SCAN,1,assisted_corrected,74d666eb-fc46-5106-8ea2-ea5c967c6457,92da6533-27c3-4818-b3c6-6623808c2b52,ocr_required,order_index,source_provided,True,True,1,1,matched,import-execution-v5\t160-quality-20261006T132638Z-80ad8d90\runs\t160-quality-20261006T132638Z-80ad8d90-04-IMP-SCAN-r1\result.json
t160-quality-20261006T132638Z-80ad8d90-04-IMP-SCAN-r1,IMP-SCAN,1,assisted_corrected,74d666eb-fc46-5106-8ea2-ea5c967c6457,92da6533-27c3-4818-b3c6-6623808c2b52,ocr_required,source_page_numbers,source_provided,True,True,[1],[1],matched,import-execution-v5\t160-quality-20261006T132638Z-80ad8d90\runs\t160-quality-20261006T132638Z-80ad8d90-04-IMP-SCAN-r1\result.json
t160-quality-20261006T132638Z-80ad8d90-04-IMP-SCAN-r1,IMP-SCAN,1,assisted_corrected,74d666eb-fc46-5106-8ea2-ea5c967c6457,92da6533-27c3-4818-b3c6-6623808c2b52,ocr_required,question_type,source_provided,True,True,SINGLE_CHOICE,SINGLE_CHOICE,matched,import-execution-v5\t160-quality-20261006T132638Z-80ad8d90\runs\t160-quality-20261006T132638Z-80ad8d90-04-IMP-SCAN-r1\result.json
t160-quality-20261006T132638Z-80ad8d90-04-IMP-SCAN-r1,IMP-SCAN,1,assisted_corrected,74d666eb-fc46-5106-8ea2-ea5c967c6457,92da6533-27c3-4818-b3c6-6623808c2b52,ocr_required,content,source_provided,True,True,y = 2x + 1，x = 3 时 y 为多少？,y = 2x + 1，x = 3 时 y 为多少？,matched,import-execution-v5\t160-quality-20261006T132638Z-80ad8d90\runs\t160-quality-20261006T132638Z-80ad8d90-04-IMP-SCAN-r1\result.json
t160-quality-20261006T132638Z-80ad8d90-04-IMP-SCAN-r1,IMP-SCAN,1,assisted_corrected,74d666eb-fc46-5106-8ea2-ea5c967c6457,92da6533-27c3-4818-b3c6-6623808c2b52,ocr_required,options,source_provided,True,True,"{""C"": ""7"", ""A"": ""5"", ""B"": ""6"", ""D"": ""8""}","{""C"": ""7"", ""A"": ""5"", ""B"": ""6"", ""D"": ""8""}",matched,import-execution-v5\t160-quality-20261006T132638Z-80ad8d90\runs\t160-quality-20261006T132638Z-80ad8d90-04-IMP-SCAN-r1\result.json
t160-quality-20261006T132638Z-80ad8d90-04-IMP-SCAN-r1,IMP-SCAN,1,assisted_corrected,74d666eb-fc46-5106-8ea2-ea5c967c6457,92da6533-27c3-4818-b3c6-6623808c2b52,ocr_required,reference_answer,source_provided,True,True,C,C,matched,import-execution-v5\t160-quality-20261006T132638Z-80ad8d90\runs\t160-quality-20261006T132638Z-80ad8d90-04-IMP-SCAN-r1\result.json
t160-quality-20261006T132638Z-80ad8d90-04-IMP-SCAN-r1,IMP-SCAN,1,assisted_corrected,74d666eb-fc46-5106-8ea2-ea5c967c6457,92da6533-27c3-4818-b3c6-6623808c2b52,ocr_required,analysis,source_provided,True,True,2 × 3 + 1 = 7。,2 × 3 + 1 = 7。,matched,import-execution-v5\t160-quality-20261006T132638Z-80ad8d90\runs\t160-quality-20261006T132638Z-80ad8d90-04-IMP-SCAN-r1\result.json
t160-quality-20261006T132638Z-80ad8d90-04-IMP-SCAN-r1,IMP-SCAN,1,assisted_corrected,74d666eb-fc46-5106-8ea2-ea5c967c6457,92da6533-27c3-4818-b3c6-6623808c2b52,ocr_required,score,source_provided,True,True,2.00,2.00,matched,import-execution-v5\t160-quality-20261006T132638Z-80ad8d90\runs\t160-quality-20261006T132638Z-80ad8d90-04-IMP-SCAN-r1\result.json
t160-quality-20261006T132638Z-80ad8d90-04-IMP-SCAN-r1,IMP-SCAN,1,assisted_corrected,74d666eb-fc46-5106-8ea2-ea5c967c6457,92da6533-27c3-4818-b3c6-6623808c2b52,ocr_required,scoring_rubric,known_missing,True,True,,,matched,import-execution-v5\t160-quality-20261006T132638Z-80ad8d90\runs\t160-quality-20261006T132638Z-80ad8d90-04-IMP-SCAN-r1\result.json
t160-quality-20261006T132638Z-80ad8d90-04-IMP-SCAN-r1,IMP-SCAN,1,assisted_corrected,74d666eb-fc46-5106-8ea2-ea5c967c6457,92da6533-27c3-4818-b3c6-6623808c2b52,ocr_required,knowledge_points,known_missing,True,True,[],[],matched,import-execution-v5\t160-quality-20261006T132638Z-80ad8d90\runs\t160-quality-20261006T132638Z-80ad8d90-04-IMP-SCAN-r1\result.json
t160-quality-20261006T132638Z-80ad8d90-04-IMP-SCAN-r1,IMP-SCAN,1,assisted_corrected,74d666eb-fc46-5106-8ea2-ea5c967c6457,92da6533-27c3-4818-b3c6-6623808c2b52,ocr_required,source_regions,unknown,False,,,,reference_unknown,import-execution-v5\t160-quality-20261006T132638Z-80ad8d90\runs\t160-quality-20261006T132638Z-80ad8d90-04-IMP-SCAN-r1\result.json
t160-quality-20261006T132638Z-80ad8d90-04-IMP-SCAN-r1,IMP-SCAN,1,assisted_corrected,74d666eb-fc46-5106-8ea2-ea5c967c6457,92da6533-27c3-4818-b3c6-6623808c2b52,ocr_required,assets,source_provided,True,True,[],[],matched,import-execution-v5\t160-quality-20261006T132638Z-80ad8d90\runs\t160-quality-20261006T132638Z-80ad8d90-04-IMP-SCAN-r1\result.json
t160-quality-20261006T132638Z-80ad8d90-04-IMP-SCAN-r1,IMP-SCAN,1,assisted_corrected,5f47ee64-edec-5327-9172-bb8454c7640d,de4fc399-9c2d-41e6-8120-e61cc5611f52,ocr_required,question_number,source_provided,True,True,2,2,matched,import-execution-v5\t160-quality-20261006T132638Z-80ad8d90\runs\t160-quality-20261006T132638Z-80ad8d90-04-IMP-SCAN-r1\result.json
t160-quality-20261006T132638Z-80ad8d90-04-IMP-SCAN-r1,IMP-SCAN,1,assisted_corrected,5f47ee64-edec-5327-9172-bb8454c7640d,de4fc399-9c2d-41e6-8120-e61cc5611f52,ocr_required,order_index,source_provided,True,True,2,2,matched,import-execution-v5\t160-quality-20261006T132638Z-80ad8d90\runs\t160-quality-20261006T132638Z-80ad8d90-04-IMP-SCAN-r1\result.json
t160-quality-20261006T132638Z-80ad8d90-04-IMP-SCAN-r1,IMP-SCAN,1,assisted_corrected,5f47ee64-edec-5327-9172-bb8454c7640d,de4fc399-9c2d-41e6-8120-e61cc5611f52,ocr_required,source_page_numbers,source_provided,True,True,[1],[1],matched,import-execution-v5\t160-quality-20261006T132638Z-80ad8d90\runs\t160-quality-20261006T132638Z-80ad8d90-04-IMP-SCAN-r1\result.json
t160-quality-20261006T132638Z-80ad8d90-04-IMP-SCAN-r1,IMP-SCAN,1,assisted_corrected,5f47ee64-edec-5327-9172-bb8454c7640d,de4fc399-9c2d-41e6-8120-e61cc5611f52,ocr_required,question_type,source_provided,True,True,TRUE_FALSE,TRUE_FALSE,matched,import-execution-v5\t160-quality-20261006T132638Z-80ad8d90\runs\t160-quality-20261006T132638Z-80ad8d90-04-IMP-SCAN-r1\result.json
t160-quality-20261006T132638Z-80ad8d90-04-IMP-SCAN-r1,IMP-SCAN,1,assisted_corrected,5f47ee64-edec-5327-9172-bb8454c7640d,de4fc399-9c2d-41e6-8120-e61cc5611f52,ocr_required,content,source_provided,True,True,右图三角形面积为 24 cm²。,右图三角形面积为 24 cm²。,matched,import-execution-v5\t160-quality-20261006T132638Z-80ad8d90\runs\t160-quality-20261006T132638Z-80ad8d90-04-IMP-SCAN-r1\result.json
t160-quality-20261006T132638Z-80ad8d90-04-IMP-SCAN-r1,IMP-SCAN,1,assisted_corrected,5f47ee64-edec-5327-9172-bb8454c7640d,de4fc399-9c2d-41e6-8120-e61cc5611f52,ocr_required,options,source_provided,True,True,"[""正确"", ""错误""]","[""正确"", ""错误""]",matched,import-execution-v5\t160-quality-20261006T132638Z-80ad8d90\runs\t160-quality-20261006T132638Z-80ad8d90-04-IMP-SCAN-r1\result.json
t160-quality-20261006T132638Z-80ad8d90-04-IMP-SCAN-r1,IMP-SCAN,1,assisted_corrected,5f47ee64-edec-5327-9172-bb8454c7640d,de4fc399-9c2d-41e6-8120-e61cc5611f52,ocr_required,reference_answer,known_missing,True,True,,,matched,import-execution-v5\t160-quality-20261006T132638Z-80ad8d90\runs\t160-quality-20261006T132638Z-80ad8d90-04-IMP-SCAN-r1\result.json
t160-quality-20261006T132638Z-80ad8d90-04-IMP-SCAN-r1,IMP-SCAN,1,assisted_corrected,5f47ee64-edec-5327-9172-bb8454c7640d,de4fc399-9c2d-41e6-8120-e61cc5611f52,ocr_required,analysis,known_missing,True,True,,,matched,import-execution-v5\t160-quality-20261006T132638Z-80ad8d90\runs\t160-quality-20261006T132638Z-80ad8d90-04-IMP-SCAN-r1\result.json
t160-quality-20261006T132638Z-80ad8d90-04-IMP-SCAN-r1,IMP-SCAN,1,assisted_corrected,5f47ee64-edec-5327-9172-bb8454c7640d,de4fc399-9c2d-41e6-8120-e61cc5611f52,ocr_required,score,source_provided,True,True,2.00,2.00,matched,import-execution-v5\t160-quality-20261006T132638Z-80ad8d90\runs\t160-quality-20261006T132638Z-80ad8d90-04-IMP-SCAN-r1\result.json
t160-quality-20261006T132638Z-80ad8d90-04-IMP-SCAN-r1,IMP-SCAN,1,assisted_corrected,5f47ee64-edec-5327-9172-bb8454c7640d,de4fc399-9c2d-41e6-8120-e61cc5611f52,ocr_required,scoring_rubric,known_missing,True,True,,,matched,import-execution-v5\t160-quality-20261006T132638Z-80ad8d90\runs\t160-quality-20261006T132638Z-80ad8d90-04-IMP-SCAN-r1\result.json
t160-quality-20261006T132638Z-80ad8d90-04-IMP-SCAN-r1,IMP-SCAN,1,assisted_corrected,5f47ee64-edec-5327-9172-bb8454c7640d,de4fc399-9c2d-41e6-8120-e61cc5611f52,ocr_required,knowledge_points,known_missing,True,True,[],[],matched,import-execution-v5\t160-quality-20261006T132638Z-80ad8d90\runs\t160-quality-20261006T132638Z-80ad8d90-04-IMP-SCAN-r1\result.json
t160-quality-20261006T132638Z-80ad8d90-04-IMP-SCAN-r1,IMP-SCAN,1,assisted_corrected,5f47ee64-edec-5327-9172-bb8454c7640d,de4fc399-9c2d-41e6-8120-e61cc5611f52,ocr_required,source_regions,unknown,False,,,,reference_unknown,import-execution-v5\t160-quality-20261006T132638Z-80ad8d90\runs\t160-quality-20261006T132638Z-80ad8d90-04-IMP-SCAN-r1\result.json
t160-quality-20261006T132638Z-80ad8d90-04-IMP-SCAN-r1,IMP-SCAN,1,assisted_corrected,5f47ee64-edec-5327-9172-bb8454c7640d,de4fc399-9c2d-41e6-8120-e61cc5611f52,ocr_required,assets,source_provided,True,False,"[{""asset_type"": ""figure"", ""source_page_number"": 1, ""order_index"": 1}]",,matched,import-execution-v5\t160-quality-20261006T132638Z-80ad8d90\runs\t160-quality-20261006T132638Z-80ad8d90-04-IMP-SCAN-r1\result.json
t160-quality-20261006T132638Z-80ad8d90-04-IMP-SCAN-r1,IMP-SCAN,1,assisted_corrected,d6acd365-a6d5-5eb8-9b54-66f26a915094,7dc02076-faed-47b5-928f-8105ce1655ac,ocr_required,question_number,source_provided,True,True,3,3,matched,import-execution-v5\t160-quality-20261006T132638Z-80ad8d90\runs\t160-quality-20261006T132638Z-80ad8d90-04-IMP-SCAN-r1\result.json
t160-quality-20261006T132638Z-80ad8d90-04-IMP-SCAN-r1,IMP-SCAN,1,assisted_corrected,d6acd365-a6d5-5eb8-9b54-66f26a915094,7dc02076-faed-47b5-928f-8105ce1655ac,ocr_required,order_index,source_provided,True,True,3,3,matched,import-execution-v5\t160-quality-20261006T132638Z-80ad8d90\runs\t160-quality-20261006T132638Z-80ad8d90-04-IMP-SCAN-r1\result.json
t160-quality-20261006T132638Z-80ad8d90-04-IMP-SCAN-r1,IMP-SCAN,1,assisted_corrected,d6acd365-a6d5-5eb8-9b54-66f26a915094,7dc02076-faed-47b5-928f-8105ce1655ac,ocr_required,source_page_numbers,source_provided,True,True,[1],[1],matched,import-execution-v5\t160-quality-20261006T132638Z-80ad8d90\runs\t160-quality-20261006T132638Z-80ad8d90-04-IMP-SCAN-r1\result.json
t160-quality-20261006T132638Z-80ad8d90-04-IMP-SCAN-r1,IMP-SCAN,1,assisted_corrected,d6acd365-a6d5-5eb8-9b54-66f26a915094,7dc02076-faed-47b5-928f-8105ce1655ac,ocr_required,question_type,source_provided,True,True,SHORT_ANSWER,SHORT_ANSWER,matched,import-execution-v5\t160-quality-20261006T132638Z-80ad8d90\runs\t160-quality-20261006T132638Z-80ad8d90-04-IMP-SCAN-r1\result.json
t160-quality-20261006T132638Z-80ad8d90-04-IMP-SCAN-r1,IMP-SCAN,1,assisted_corrected,d6acd365-a6d5-5eb8-9b54-66f26a915094,7dc02076-faed-47b5-928f-8105ce1655ac,ocr_required,content,source_provided,True,True,根据下表写出 y 关于 x 的关系式。,根据下表写出 y 关于 x 的关系式。,matched,import-execution-v5\t160-quality-20261006T132638Z-80ad8d90\runs\t160-quality-20261006T132638Z-80ad8d90-04-IMP-SCAN-r1\result.json
t160-quality-20261006T132638Z-80ad8d90-04-IMP-SCAN-r1,IMP-SCAN,1,assisted_corrected,d6acd365-a6d5-5eb8-9b54-66f26a915094,7dc02076-faed-47b5-928f-8105ce1655ac,ocr_required,options,not_applicable,True,True,,,matched,import-execution-v5\t160-quality-20261006T132638Z-80ad8d90\runs\t160-quality-20261006T132638Z-80ad8d90-04-IMP-SCAN-r1\result.json
t160-quality-20261006T132638Z-80ad8d90-04-IMP-SCAN-r1,IMP-SCAN,1,assisted_corrected,d6acd365-a6d5-5eb8-9b54-66f26a915094,7dc02076-faed-47b5-928f-8105ce1655ac,ocr_required,reference_answer,known_missing,True,True,,,matched,import-execution-v5\t160-quality-20261006T132638Z-80ad8d90\runs\t160-quality-20261006T132638Z-80ad8d90-04-IMP-SCAN-r1\result.json
t160-quality-20261006T132638Z-80ad8d90-04-IMP-SCAN-r1,IMP-SCAN,1,assisted_corrected,d6acd365-a6d5-5eb8-9b54-66f26a915094,7dc02076-faed-47b5-928f-8105ce1655ac,ocr_required,analysis,known_missing,True,True,,,matched,import-execution-v5\t160-quality-20261006T132638Z-80ad8d90\runs\t160-quality-20261006T132638Z-80ad8d90-04-IMP-SCAN-r1\result.json
t160-quality-20261006T132638Z-80ad8d90-04-IMP-SCAN-r1,IMP-SCAN,1,assisted_corrected,d6acd365-a6d5-5eb8-9b54-66f26a915094,7dc02076-faed-47b5-928f-8105ce1655ac,ocr_required,score,source_provided,True,True,3.00,3.00,matched,import-execution-v5\t160-quality-20261006T132638Z-80ad8d90\runs\t160-quality-20261006T132638Z-80ad8d90-04-IMP-SCAN-r1\result.json
t160-quality-20261006T132638Z-80ad8d90-04-IMP-SCAN-r1,IMP-SCAN,1,assisted_corrected,d6acd365-a6d5-5eb8-9b54-66f26a915094,7dc02076-faed-47b5-928f-8105ce1655ac,ocr_required,scoring_rubric,source_provided,True,True,正确关系式 1.00；说明代入过程 2.00。,正确关系式 1.00；说明代入过程 2.00。,matched,import-execution-v5\t160-quality-20261006T132638Z-80ad8d90\runs\t160-quality-20261006T132638Z-80ad8d90-04-IMP-SCAN-r1\result.json
t160-quality-20261006T132638Z-80ad8d90-04-IMP-SCAN-r1,IMP-SCAN,1,assisted_corrected,d6acd365-a6d5-5eb8-9b54-66f26a915094,7dc02076-faed-47b5-928f-8105ce1655ac,ocr_required,knowledge_points,source_provided,True,True,"[""一次函数"", ""表达与计算""]","[""一次函数"", ""表达与计算""]",matched,import-execution-v5\t160-quality-20261006T132638Z-80ad8d90\runs\t160-quality-20261006T132638Z-80ad8d90-04-IMP-SCAN-r1\result.json
t160-quality-20261006T132638Z-80ad8d90-04-IMP-SCAN-r1,IMP-SCAN,1,assisted_corrected,d6acd365-a6d5-5eb8-9b54-66f26a915094,7dc02076-faed-47b5-928f-8105ce1655ac,ocr_required,source_regions,unknown,False,,,,reference_unknown,import-execution-v5\t160-quality-20261006T132638Z-80ad8d90\runs\t160-quality-20261006T132638Z-80ad8d90-04-IMP-SCAN-r1\result.json
t160-quality-20261006T132638Z-80ad8d90-04-IMP-SCAN-r1,IMP-SCAN,1,assisted_corrected,d6acd365-a6d5-5eb8-9b54-66f26a915094,7dc02076-faed-47b5-928f-8105ce1655ac,ocr_required,assets,source_provided,True,False,"[{""asset_type"": ""table"", ""source_page_number"": 1, ""order_index"": 1}]",,matched,import-execution-v5\t160-quality-20261006T132638Z-80ad8d90\runs\t160-quality-20261006T132638Z-80ad8d90-04-IMP-SCAN-r1\result.json
t160-quality-20261006T132638Z-80ad8d90-05-IMP-SCAN-r2,IMP-SCAN,2,automatic,74d666eb-fc46-5106-8ea2-ea5c967c6457,ef540b98-c2db-4a55-a6c9-6a23d4c1429a,ocr_required,question_number,source_provided,True,True,1,1,matched,import-execution-v5\t160-quality-20261006T132638Z-80ad8d90\runs\t160-quality-20261006T132638Z-80ad8d90-05-IMP-SCAN-r2\result.json
t160-quality-20261006T132638Z-80ad8d90-05-IMP-SCAN-r2,IMP-SCAN,2,automatic,74d666eb-fc46-5106-8ea2-ea5c967c6457,ef540b98-c2db-4a55-a6c9-6a23d4c1429a,ocr_required,order_index,source_provided,True,True,1,1,matched,import-execution-v5\t160-quality-20261006T132638Z-80ad8d90\runs\t160-quality-20261006T132638Z-80ad8d90-05-IMP-SCAN-r2\result.json
t160-quality-20261006T132638Z-80ad8d90-05-IMP-SCAN-r2,IMP-SCAN,2,automatic,74d666eb-fc46-5106-8ea2-ea5c967c6457,ef540b98-c2db-4a55-a6c9-6a23d4c1429a,ocr_required,source_page_numbers,source_provided,True,True,[1],[1],matched,import-execution-v5\t160-quality-20261006T132638Z-80ad8d90\runs\t160-quality-20261006T132638Z-80ad8d90-05-IMP-SCAN-r2\result.json
t160-quality-20261006T132638Z-80ad8d90-05-IMP-SCAN-r2,IMP-SCAN,2,automatic,74d666eb-fc46-5106-8ea2-ea5c967c6457,ef540b98-c2db-4a55-a6c9-6a23d4c1429a,ocr_required,question_type,source_provided,True,True,SINGLE_CHOICE,SINGLE_CHOICE,matched,import-execution-v5\t160-quality-20261006T132638Z-80ad8d90\runs\t160-quality-20261006T132638Z-80ad8d90-05-IMP-SCAN-r2\result.json
t160-quality-20261006T132638Z-80ad8d90-05-IMP-SCAN-r2,IMP-SCAN,2,automatic,74d666eb-fc46-5106-8ea2-ea5c967c6457,ef540b98-c2db-4a55-a6c9-6a23d4c1429a,ocr_required,content,source_provided,True,False,y = 2x + 1，x = 3 时 y 为多少？,y = 2x +1，x = 3 时y 为多少？,matched,import-execution-v5\t160-quality-20261006T132638Z-80ad8d90\runs\t160-quality-20261006T132638Z-80ad8d90-05-IMP-SCAN-r2\result.json
t160-quality-20261006T132638Z-80ad8d90-05-IMP-SCAN-r2,IMP-SCAN,2,automatic,74d666eb-fc46-5106-8ea2-ea5c967c6457,ef540b98-c2db-4a55-a6c9-6a23d4c1429a,ocr_required,options,source_provided,True,True,"{""C"": ""7"", ""A"": ""5"", ""B"": ""6"", ""D"": ""8""}","{""C"": ""7"", ""A"": ""5"", ""B"": ""6"", ""D"": ""8""}",matched,import-execution-v5\t160-quality-20261006T132638Z-80ad8d90\runs\t160-quality-20261006T132638Z-80ad8d90-05-IMP-SCAN-r2\result.json
t160-quality-20261006T132638Z-80ad8d90-05-IMP-SCAN-r2,IMP-SCAN,2,automatic,74d666eb-fc46-5106-8ea2-ea5c967c6457,ef540b98-c2db-4a55-a6c9-6a23d4c1429a,ocr_required,reference_answer,source_provided,True,True,C,C,matched,import-execution-v5\t160-quality-20261006T132638Z-80ad8d90\runs\t160-quality-20261006T132638Z-80ad8d90-05-IMP-SCAN-r2\result.json
t160-quality-20261006T132638Z-80ad8d90-05-IMP-SCAN-r2,IMP-SCAN,2,automatic,74d666eb-fc46-5106-8ea2-ea5c967c6457,ef540b98-c2db-4a55-a6c9-6a23d4c1429a,ocr_required,analysis,source_provided,True,False,2 × 3 + 1 = 7。,2 × 3 +1=7。,matched,import-execution-v5\t160-quality-20261006T132638Z-80ad8d90\runs\t160-quality-20261006T132638Z-80ad8d90-05-IMP-SCAN-r2\result.json
t160-quality-20261006T132638Z-80ad8d90-05-IMP-SCAN-r2,IMP-SCAN,2,automatic,74d666eb-fc46-5106-8ea2-ea5c967c6457,ef540b98-c2db-4a55-a6c9-6a23d4c1429a,ocr_required,score,source_provided,True,True,2.00,2.00,matched,import-execution-v5\t160-quality-20261006T132638Z-80ad8d90\runs\t160-quality-20261006T132638Z-80ad8d90-05-IMP-SCAN-r2\result.json
t160-quality-20261006T132638Z-80ad8d90-05-IMP-SCAN-r2,IMP-SCAN,2,automatic,74d666eb-fc46-5106-8ea2-ea5c967c6457,ef540b98-c2db-4a55-a6c9-6a23d4c1429a,ocr_required,scoring_rubric,known_missing,True,True,,,matched,import-execution-v5\t160-quality-20261006T132638Z-80ad8d90\runs\t160-quality-20261006T132638Z-80ad8d90-05-IMP-SCAN-r2\result.json
t160-quality-20261006T132638Z-80ad8d90-05-IMP-SCAN-r2,IMP-SCAN,2,automatic,74d666eb-fc46-5106-8ea2-ea5c967c6457,ef540b98-c2db-4a55-a6c9-6a23d4c1429a,ocr_required,knowledge_points,known_missing,True,False,[],,matched,import-execution-v5\t160-quality-20261006T132638Z-80ad8d90\runs\t160-quality-20261006T132638Z-80ad8d90-05-IMP-SCAN-r2\result.json
t160-quality-20261006T132638Z-80ad8d90-05-IMP-SCAN-r2,IMP-SCAN,2,automatic,74d666eb-fc46-5106-8ea2-ea5c967c6457,ef540b98-c2db-4a55-a6c9-6a23d4c1429a,ocr_required,source_regions,unknown,False,,,,reference_unknown,import-execution-v5\t160-quality-20261006T132638Z-80ad8d90\runs\t160-quality-20261006T132638Z-80ad8d90-05-IMP-SCAN-r2\result.json
t160-quality-20261006T132638Z-80ad8d90-05-IMP-SCAN-r2,IMP-SCAN,2,automatic,74d666eb-fc46-5106-8ea2-ea5c967c6457,ef540b98-c2db-4a55-a6c9-6a23d4c1429a,ocr_required,assets,source_provided,True,False,[],,matched,import-execution-v5\t160-quality-20261006T132638Z-80ad8d90\runs\t160-quality-20261006T132638Z-80ad8d90-05-IMP-SCAN-r2\result.json
t160-quality-20261006T132638Z-80ad8d90-05-IMP-SCAN-r2,IMP-SCAN,2,automatic,5f47ee64-edec-5327-9172-bb8454c7640d,603aba3c-e7ef-4f2c-b09b-5f5d605c516c,ocr_required,question_number,source_provided,True,True,2,2,matched,import-execution-v5\t160-quality-20261006T132638Z-80ad8d90\runs\t160-quality-20261006T132638Z-80ad8d90-05-IMP-SCAN-r2\result.json
t160-quality-20261006T132638Z-80ad8d90-05-IMP-SCAN-r2,IMP-SCAN,2,automatic,5f47ee64-edec-5327-9172-bb8454c7640d,603aba3c-e7ef-4f2c-b09b-5f5d605c516c,ocr_required,order_index,source_provided,True,True,2,2,matched,import-execution-v5\t160-quality-20261006T132638Z-80ad8d90\runs\t160-quality-20261006T132638Z-80ad8d90-05-IMP-SCAN-r2\result.json
t160-quality-20261006T132638Z-80ad8d90-05-IMP-SCAN-r2,IMP-SCAN,2,automatic,5f47ee64-edec-5327-9172-bb8454c7640d,603aba3c-e7ef-4f2c-b09b-5f5d605c516c,ocr_required,source_page_numbers,source_provided,True,True,[1],[1],matched,import-execution-v5\t160-quality-20261006T132638Z-80ad8d90\runs\t160-quality-20261006T132638Z-80ad8d90-05-IMP-SCAN-r2\result.json
t160-quality-20261006T132638Z-80ad8d90-05-IMP-SCAN-r2,IMP-SCAN,2,automatic,5f47ee64-edec-5327-9172-bb8454c7640d,603aba3c-e7ef-4f2c-b09b-5f5d605c516c,ocr_required,question_type,source_provided,True,True,TRUE_FALSE,TRUE_FALSE,matched,import-execution-v5\t160-quality-20261006T132638Z-80ad8d90\runs\t160-quality-20261006T132638Z-80ad8d90-05-IMP-SCAN-r2\result.json
t160-quality-20261006T132638Z-80ad8d90-05-IMP-SCAN-r2,IMP-SCAN,2,automatic,5f47ee64-edec-5327-9172-bb8454c7640d,603aba3c-e7ef-4f2c-b09b-5f5d605c516c,ocr_required,content,source_provided,True,False,右图三角形面积为 24 cm²。,右图三角形面积为24cm²。,matched,import-execution-v5\t160-quality-20261006T132638Z-80ad8d90\runs\t160-quality-20261006T132638Z-80ad8d90-05-IMP-SCAN-r2\result.json
t160-quality-20261006T132638Z-80ad8d90-05-IMP-SCAN-r2,IMP-SCAN,2,automatic,5f47ee64-edec-5327-9172-bb8454c7640d,603aba3c-e7ef-4f2c-b09b-5f5d605c516c,ocr_required,options,source_provided,True,True,"[""正确"", ""错误""]","[""正确"", ""错误""]",matched,import-execution-v5\t160-quality-20261006T132638Z-80ad8d90\runs\t160-quality-20261006T132638Z-80ad8d90-05-IMP-SCAN-r2\result.json
t160-quality-20261006T132638Z-80ad8d90-05-IMP-SCAN-r2,IMP-SCAN,2,automatic,5f47ee64-edec-5327-9172-bb8454c7640d,603aba3c-e7ef-4f2c-b09b-5f5d605c516c,ocr_required,reference_answer,known_missing,True,True,,,matched,import-execution-v5\t160-quality-20261006T132638Z-80ad8d90\runs\t160-quality-20261006T132638Z-80ad8d90-05-IMP-SCAN-r2\result.json
t160-quality-20261006T132638Z-80ad8d90-05-IMP-SCAN-r2,IMP-SCAN,2,automatic,5f47ee64-edec-5327-9172-bb8454c7640d,603aba3c-e7ef-4f2c-b09b-5f5d605c516c,ocr_required,analysis,known_missing,True,True,,,matched,import-execution-v5\t160-quality-20261006T132638Z-80ad8d90\runs\t160-quality-20261006T132638Z-80ad8d90-05-IMP-SCAN-r2\result.json
t160-quality-20261006T132638Z-80ad8d90-05-IMP-SCAN-r2,IMP-SCAN,2,automatic,5f47ee64-edec-5327-9172-bb8454c7640d,603aba3c-e7ef-4f2c-b09b-5f5d605c516c,ocr_required,score,source_provided,True,True,2.00,2.00,matched,import-execution-v5\t160-quality-20261006T132638Z-80ad8d90\runs\t160-quality-20261006T132638Z-80ad8d90-05-IMP-SCAN-r2\result.json
t160-quality-20261006T132638Z-80ad8d90-05-IMP-SCAN-r2,IMP-SCAN,2,automatic,5f47ee64-edec-5327-9172-bb8454c7640d,603aba3c-e7ef-4f2c-b09b-5f5d605c516c,ocr_required,scoring_rubric,known_missing,True,True,,,matched,import-execution-v5\t160-quality-20261006T132638Z-80ad8d90\runs\t160-quality-20261006T132638Z-80ad8d90-05-IMP-SCAN-r2\result.json
t160-quality-20261006T132638Z-80ad8d90-05-IMP-SCAN-r2,IMP-SCAN,2,automatic,5f47ee64-edec-5327-9172-bb8454c7640d,603aba3c-e7ef-4f2c-b09b-5f5d605c516c,ocr_required,knowledge_points,known_missing,True,False,[],,matched,import-execution-v5\t160-quality-20261006T132638Z-80ad8d90\runs\t160-quality-20261006T132638Z-80ad8d90-05-IMP-SCAN-r2\result.json
t160-quality-20261006T132638Z-80ad8d90-05-IMP-SCAN-r2,IMP-SCAN,2,automatic,5f47ee64-edec-5327-9172-bb8454c7640d,603aba3c-e7ef-4f2c-b09b-5f5d605c516c,ocr_required,source_regions,unknown,False,,,,reference_unknown,import-execution-v5\t160-quality-20261006T132638Z-80ad8d90\runs\t160-quality-20261006T132638Z-80ad8d90-05-IMP-SCAN-r2\result.json
t160-quality-20261006T132638Z-80ad8d90-05-IMP-SCAN-r2,IMP-SCAN,2,automatic,5f47ee64-edec-5327-9172-bb8454c7640d,603aba3c-e7ef-4f2c-b09b-5f5d605c516c,ocr_required,assets,source_provided,True,False,"[{""asset_type"": ""figure"", ""source_page_number"": 1, ""order_index"": 1}]",,matched,import-execution-v5\t160-quality-20261006T132638Z-80ad8d90\runs\t160-quality-20261006T132638Z-80ad8d90-05-IMP-SCAN-r2\result.json
t160-quality-20261006T132638Z-80ad8d90-05-IMP-SCAN-r2,IMP-SCAN,2,automatic,d6acd365-a6d5-5eb8-9b54-66f26a915094,02adf82e-e44f-448b-8900-b006de5d7c46,ocr_required,question_number,source_provided,True,True,3,3,matched,import-execution-v5\t160-quality-20261006T132638Z-80ad8d90\runs\t160-quality-20261006T132638Z-80ad8d90-05-IMP-SCAN-r2\result.json
t160-quality-20261006T132638Z-80ad8d90-05-IMP-SCAN-r2,IMP-SCAN,2,automatic,d6acd365-a6d5-5eb8-9b54-66f26a915094,02adf82e-e44f-448b-8900-b006de5d7c46,ocr_required,order_index,source_provided,True,True,3,3,matched,import-execution-v5\t160-quality-20261006T132638Z-80ad8d90\runs\t160-quality-20261006T132638Z-80ad8d90-05-IMP-SCAN-r2\result.json
t160-quality-20261006T132638Z-80ad8d90-05-IMP-SCAN-r2,IMP-SCAN,2,automatic,d6acd365-a6d5-5eb8-9b54-66f26a915094,02adf82e-e44f-448b-8900-b006de5d7c46,ocr_required,source_page_numbers,source_provided,True,True,[1],[1],matched,import-execution-v5\t160-quality-20261006T132638Z-80ad8d90\runs\t160-quality-20261006T132638Z-80ad8d90-05-IMP-SCAN-r2\result.json
t160-quality-20261006T132638Z-80ad8d90-05-IMP-SCAN-r2,IMP-SCAN,2,automatic,d6acd365-a6d5-5eb8-9b54-66f26a915094,02adf82e-e44f-448b-8900-b006de5d7c46,ocr_required,question_type,source_provided,True,True,SHORT_ANSWER,SHORT_ANSWER,matched,import-execution-v5\t160-quality-20261006T132638Z-80ad8d90\runs\t160-quality-20261006T132638Z-80ad8d90-05-IMP-SCAN-r2\result.json
t160-quality-20261006T132638Z-80ad8d90-05-IMP-SCAN-r2,IMP-SCAN,2,automatic,d6acd365-a6d5-5eb8-9b54-66f26a915094,02adf82e-e44f-448b-8900-b006de5d7c46,ocr_required,content,source_provided,True,False,根据下表写出 y 关于 x 的关系式。,根据下表写出y关于x的关系式。,matched,import-execution-v5\t160-quality-20261006T132638Z-80ad8d90\runs\t160-quality-20261006T132638Z-80ad8d90-05-IMP-SCAN-r2\result.json
t160-quality-20261006T132638Z-80ad8d90-05-IMP-SCAN-r2,IMP-SCAN,2,automatic,d6acd365-a6d5-5eb8-9b54-66f26a915094,02adf82e-e44f-448b-8900-b006de5d7c46,ocr_required,options,not_applicable,True,True,,,matched,import-execution-v5\t160-quality-20261006T132638Z-80ad8d90\runs\t160-quality-20261006T132638Z-80ad8d90-05-IMP-SCAN-r2\result.json
t160-quality-20261006T132638Z-80ad8d90-05-IMP-SCAN-r2,IMP-SCAN,2,automatic,d6acd365-a6d5-5eb8-9b54-66f26a915094,02adf82e-e44f-448b-8900-b006de5d7c46,ocr_required,reference_answer,known_missing,True,True,,,matched,import-execution-v5\t160-quality-20261006T132638Z-80ad8d90\runs\t160-quality-20261006T132638Z-80ad8d90-05-IMP-SCAN-r2\result.json
t160-quality-20261006T132638Z-80ad8d90-05-IMP-SCAN-r2,IMP-SCAN,2,automatic,d6acd365-a6d5-5eb8-9b54-66f26a915094,02adf82e-e44f-448b-8900-b006de5d7c46,ocr_required,analysis,known_missing,True,True,,,matched,import-execution-v5\t160-quality-20261006T132638Z-80ad8d90\runs\t160-quality-20261006T132638Z-80ad8d90-05-IMP-SCAN-r2\result.json
t160-quality-20261006T132638Z-80ad8d90-05-IMP-SCAN-r2,IMP-SCAN,2,automatic,d6acd365-a6d5-5eb8-9b54-66f26a915094,02adf82e-e44f-448b-8900-b006de5d7c46,ocr_required,score,source_provided,True,True,3.00,3.00,matched,import-execution-v5\t160-quality-20261006T132638Z-80ad8d90\runs\t160-quality-20261006T132638Z-80ad8d90-05-IMP-SCAN-r2\result.json
t160-quality-20261006T132638Z-80ad8d90-05-IMP-SCAN-r2,IMP-SCAN,2,automatic,d6acd365-a6d5-5eb8-9b54-66f26a915094,02adf82e-e44f-448b-8900-b006de5d7c46,ocr_required,scoring_rubric,source_provided,True,False,正确关系式 1.00；说明代入过程 2.00。,正确关系式1.00；说明代入过程2.00。,matched,import-execution-v5\t160-quality-20261006T132638Z-80ad8d90\runs\t160-quality-20261006T132638Z-80ad8d90-05-IMP-SCAN-r2\result.json
t160-quality-20261006T132638Z-80ad8d90-05-IMP-SCAN-r2,IMP-SCAN,2,automatic,d6acd365-a6d5-5eb8-9b54-66f26a915094,02adf82e-e44f-448b-8900-b006de5d7c46,ocr_required,knowledge_points,source_provided,True,True,"[""一次函数"", ""表达与计算""]","[""一次函数"", ""表达与计算""]",matched,import-execution-v5\t160-quality-20261006T132638Z-80ad8d90\runs\t160-quality-20261006T132638Z-80ad8d90-05-IMP-SCAN-r2\result.json
t160-quality-20261006T132638Z-80ad8d90-05-IMP-SCAN-r2,IMP-SCAN,2,automatic,d6acd365-a6d5-5eb8-9b54-66f26a915094,02adf82e-e44f-448b-8900-b006de5d7c46,ocr_required,source_regions,unknown,False,,,,reference_unknown,import-execution-v5\t160-quality-20261006T132638Z-80ad8d90\runs\t160-quality-20261006T132638Z-80ad8d90-05-IMP-SCAN-r2\result.json
t160-quality-20261006T132638Z-80ad8d90-05-IMP-SCAN-r2,IMP-SCAN,2,automatic,d6acd365-a6d5-5eb8-9b54-66f26a915094,02adf82e-e44f-448b-8900-b006de5d7c46,ocr_required,assets,source_provided,True,False,"[{""asset_type"": ""table"", ""source_page_number"": 1, ""order_index"": 1}]",,matched,import-execution-v5\t160-quality-20261006T132638Z-80ad8d90\runs\t160-quality-20261006T132638Z-80ad8d90-05-IMP-SCAN-r2\result.json
t160-quality-20261006T132638Z-80ad8d90-05-IMP-SCAN-r2,IMP-SCAN,2,assisted_corrected,74d666eb-fc46-5106-8ea2-ea5c967c6457,ef540b98-c2db-4a55-a6c9-6a23d4c1429a,ocr_required,question_number,source_provided,True,True,1,1,matched,import-execution-v5\t160-quality-20261006T132638Z-80ad8d90\runs\t160-quality-20261006T132638Z-80ad8d90-05-IMP-SCAN-r2\result.json
t160-quality-20261006T132638Z-80ad8d90-05-IMP-SCAN-r2,IMP-SCAN,2,assisted_corrected,74d666eb-fc46-5106-8ea2-ea5c967c6457,ef540b98-c2db-4a55-a6c9-6a23d4c1429a,ocr_required,order_index,source_provided,True,True,1,1,matched,import-execution-v5\t160-quality-20261006T132638Z-80ad8d90\runs\t160-quality-20261006T132638Z-80ad8d90-05-IMP-SCAN-r2\result.json
t160-quality-20261006T132638Z-80ad8d90-05-IMP-SCAN-r2,IMP-SCAN,2,assisted_corrected,74d666eb-fc46-5106-8ea2-ea5c967c6457,ef540b98-c2db-4a55-a6c9-6a23d4c1429a,ocr_required,source_page_numbers,source_provided,True,True,[1],[1],matched,import-execution-v5\t160-quality-20261006T132638Z-80ad8d90\runs\t160-quality-20261006T132638Z-80ad8d90-05-IMP-SCAN-r2\result.json
t160-quality-20261006T132638Z-80ad8d90-05-IMP-SCAN-r2,IMP-SCAN,2,assisted_corrected,74d666eb-fc46-5106-8ea2-ea5c967c6457,ef540b98-c2db-4a55-a6c9-6a23d4c1429a,ocr_required,question_type,source_provided,True,True,SINGLE_CHOICE,SINGLE_CHOICE,matched,import-execution-v5\t160-quality-20261006T132638Z-80ad8d90\runs\t160-quality-20261006T132638Z-80ad8d90-05-IMP-SCAN-r2\result.json
t160-quality-20261006T132638Z-80ad8d90-05-IMP-SCAN-r2,IMP-SCAN,2,assisted_corrected,74d666eb-fc46-5106-8ea2-ea5c967c6457,ef540b98-c2db-4a55-a6c9-6a23d4c1429a,ocr_required,content,source_provided,True,True,y = 2x + 1，x = 3 时 y 为多少？,y = 2x + 1，x = 3 时 y 为多少？,matched,import-execution-v5\t160-quality-20261006T132638Z-80ad8d90\runs\t160-quality-20261006T132638Z-80ad8d90-05-IMP-SCAN-r2\result.json
t160-quality-20261006T132638Z-80ad8d90-05-IMP-SCAN-r2,IMP-SCAN,2,assisted_corrected,74d666eb-fc46-5106-8ea2-ea5c967c6457,ef540b98-c2db-4a55-a6c9-6a23d4c1429a,ocr_required,options,source_provided,True,True,"{""C"": ""7"", ""A"": ""5"", ""B"": ""6"", ""D"": ""8""}","{""C"": ""7"", ""A"": ""5"", ""B"": ""6"", ""D"": ""8""}",matched,import-execution-v5\t160-quality-20261006T132638Z-80ad8d90\runs\t160-quality-20261006T132638Z-80ad8d90-05-IMP-SCAN-r2\result.json
t160-quality-20261006T132638Z-80ad8d90-05-IMP-SCAN-r2,IMP-SCAN,2,assisted_corrected,74d666eb-fc46-5106-8ea2-ea5c967c6457,ef540b98-c2db-4a55-a6c9-6a23d4c1429a,ocr_required,reference_answer,source_provided,True,True,C,C,matched,import-execution-v5\t160-quality-20261006T132638Z-80ad8d90\runs\t160-quality-20261006T132638Z-80ad8d90-05-IMP-SCAN-r2\result.json
t160-quality-20261006T132638Z-80ad8d90-05-IMP-SCAN-r2,IMP-SCAN,2,assisted_corrected,74d666eb-fc46-5106-8ea2-ea5c967c6457,ef540b98-c2db-4a55-a6c9-6a23d4c1429a,ocr_required,analysis,source_provided,True,True,2 × 3 + 1 = 7。,2 × 3 + 1 = 7。,matched,import-execution-v5\t160-quality-20261006T132638Z-80ad8d90\runs\t160-quality-20261006T132638Z-80ad8d90-05-IMP-SCAN-r2\result.json
t160-quality-20261006T132638Z-80ad8d90-05-IMP-SCAN-r2,IMP-SCAN,2,assisted_corrected,74d666eb-fc46-5106-8ea2-ea5c967c6457,ef540b98-c2db-4a55-a6c9-6a23d4c1429a,ocr_required,score,source_provided,True,True,2.00,2.00,matched,import-execution-v5\t160-quality-20261006T132638Z-80ad8d90\runs\t160-quality-20261006T132638Z-80ad8d90-05-IMP-SCAN-r2\result.json
t160-quality-20261006T132638Z-80ad8d90-05-IMP-SCAN-r2,IMP-SCAN,2,assisted_corrected,74d666eb-fc46-5106-8ea2-ea5c967c6457,ef540b98-c2db-4a55-a6c9-6a23d4c1429a,ocr_required,scoring_rubric,known_missing,True,True,,,matched,import-execution-v5\t160-quality-20261006T132638Z-80ad8d90\runs\t160-quality-20261006T132638Z-80ad8d90-05-IMP-SCAN-r2\result.json
t160-quality-20261006T132638Z-80ad8d90-05-IMP-SCAN-r2,IMP-SCAN,2,assisted_corrected,74d666eb-fc46-5106-8ea2-ea5c967c6457,ef540b98-c2db-4a55-a6c9-6a23d4c1429a,ocr_required,knowledge_points,known_missing,True,True,[],[],matched,import-execution-v5\t160-quality-20261006T132638Z-80ad8d90\runs\t160-quality-20261006T132638Z-80ad8d90-05-IMP-SCAN-r2\result.json
t160-quality-20261006T132638Z-80ad8d90-05-IMP-SCAN-r2,IMP-SCAN,2,assisted_corrected,74d666eb-fc46-5106-8ea2-ea5c967c6457,ef540b98-c2db-4a55-a6c9-6a23d4c1429a,ocr_required,source_regions,unknown,False,,,,reference_unknown,import-execution-v5\t160-quality-20261006T132638Z-80ad8d90\runs\t160-quality-20261006T132638Z-80ad8d90-05-IMP-SCAN-r2\result.json
t160-quality-20261006T132638Z-80ad8d90-05-IMP-SCAN-r2,IMP-SCAN,2,assisted_corrected,74d666eb-fc46-5106-8ea2-ea5c967c6457,ef540b98-c2db-4a55-a6c9-6a23d4c1429a,ocr_required,assets,source_provided,True,True,[],[],matched,import-execution-v5\t160-quality-20261006T132638Z-80ad8d90\runs\t160-quality-20261006T132638Z-80ad8d90-05-IMP-SCAN-r2\result.json
t160-quality-20261006T132638Z-80ad8d90-05-IMP-SCAN-r2,IMP-SCAN,2,assisted_corrected,5f47ee64-edec-5327-9172-bb8454c7640d,603aba3c-e7ef-4f2c-b09b-5f5d605c516c,ocr_required,question_number,source_provided,True,True,2,2,matched,import-execution-v5\t160-quality-20261006T132638Z-80ad8d90\runs\t160-quality-20261006T132638Z-80ad8d90-05-IMP-SCAN-r2\result.json
t160-quality-20261006T132638Z-80ad8d90-05-IMP-SCAN-r2,IMP-SCAN,2,assisted_corrected,5f47ee64-edec-5327-9172-bb8454c7640d,603aba3c-e7ef-4f2c-b09b-5f5d605c516c,ocr_required,order_index,source_provided,True,True,2,2,matched,import-execution-v5\t160-quality-20261006T132638Z-80ad8d90\runs\t160-quality-20261006T132638Z-80ad8d90-05-IMP-SCAN-r2\result.json
t160-quality-20261006T132638Z-80ad8d90-05-IMP-SCAN-r2,IMP-SCAN,2,assisted_corrected,5f47ee64-edec-5327-9172-bb8454c7640d,603aba3c-e7ef-4f2c-b09b-5f5d605c516c,ocr_required,source_page_numbers,source_provided,True,True,[1],[1],matched,import-execution-v5\t160-quality-20261006T132638Z-80ad8d90\runs\t160-quality-20261006T132638Z-80ad8d90-05-IMP-SCAN-r2\result.json
t160-quality-20261006T132638Z-80ad8d90-05-IMP-SCAN-r2,IMP-SCAN,2,assisted_corrected,5f47ee64-edec-5327-9172-bb8454c7640d,603aba3c-e7ef-4f2c-b09b-5f5d605c516c,ocr_required,question_type,source_provided,True,True,TRUE_FALSE,TRUE_FALSE,matched,import-execution-v5\t160-quality-20261006T132638Z-80ad8d90\runs\t160-quality-20261006T132638Z-80ad8d90-05-IMP-SCAN-r2\result.json
t160-quality-20261006T132638Z-80ad8d90-05-IMP-SCAN-r2,IMP-SCAN,2,assisted_corrected,5f47ee64-edec-5327-9172-bb8454c7640d,603aba3c-e7ef-4f2c-b09b-5f5d605c516c,ocr_required,content,source_provided,True,True,右图三角形面积为 24 cm²。,右图三角形面积为 24 cm²。,matched,import-execution-v5\t160-quality-20261006T132638Z-80ad8d90\runs\t160-quality-20261006T132638Z-80ad8d90-05-IMP-SCAN-r2\result.json
t160-quality-20261006T132638Z-80ad8d90-05-IMP-SCAN-r2,IMP-SCAN,2,assisted_corrected,5f47ee64-edec-5327-9172-bb8454c7640d,603aba3c-e7ef-4f2c-b09b-5f5d605c516c,ocr_required,options,source_provided,True,True,"[""正确"", ""错误""]","[""正确"", ""错误""]",matched,import-execution-v5\t160-quality-20261006T132638Z-80ad8d90\runs\t160-quality-20261006T132638Z-80ad8d90-05-IMP-SCAN-r2\result.json
t160-quality-20261006T132638Z-80ad8d90-05-IMP-SCAN-r2,IMP-SCAN,2,assisted_corrected,5f47ee64-edec-5327-9172-bb8454c7640d,603aba3c-e7ef-4f2c-b09b-5f5d605c516c,ocr_required,reference_answer,known_missing,True,True,,,matched,import-execution-v5\t160-quality-20261006T132638Z-80ad8d90\runs\t160-quality-20261006T132638Z-80ad8d90-05-IMP-SCAN-r2\result.json
t160-quality-20261006T132638Z-80ad8d90-05-IMP-SCAN-r2,IMP-SCAN,2,assisted_corrected,5f47ee64-edec-5327-9172-bb8454c7640d,603aba3c-e7ef-4f2c-b09b-5f5d605c516c,ocr_required,analysis,known_missing,True,True,,,matched,import-execution-v5\t160-quality-20261006T132638Z-80ad8d90\runs\t160-quality-20261006T132638Z-80ad8d90-05-IMP-SCAN-r2\result.json
t160-quality-20261006T132638Z-80ad8d90-05-IMP-SCAN-r2,IMP-SCAN,2,assisted_corrected,5f47ee64-edec-5327-9172-bb8454c7640d,603aba3c-e7ef-4f2c-b09b-5f5d605c516c,ocr_required,score,source_provided,True,True,2.00,2.00,matched,import-execution-v5\t160-quality-20261006T132638Z-80ad8d90\runs\t160-quality-20261006T132638Z-80ad8d90-05-IMP-SCAN-r2\result.json
t160-quality-20261006T132638Z-80ad8d90-05-IMP-SCAN-r2,IMP-SCAN,2,assisted_corrected,5f47ee64-edec-5327-9172-bb8454c7640d,603aba3c-e7ef-4f2c-b09b-5f5d605c516c,ocr_required,scoring_rubric,known_missing,True,True,,,matched,import-execution-v5\t160-quality-20261006T132638Z-80ad8d90\runs\t160-quality-20261006T132638Z-80ad8d90-05-IMP-SCAN-r2\result.json
t160-quality-20261006T132638Z-80ad8d90-05-IMP-SCAN-r2,IMP-SCAN,2,assisted_corrected,5f47ee64-edec-5327-9172-bb8454c7640d,603aba3c-e7ef-4f2c-b09b-5f5d605c516c,ocr_required,knowledge_points,known_missing,True,True,[],[],matched,import-execution-v5\t160-quality-20261006T132638Z-80ad8d90\runs\t160-quality-20261006T132638Z-80ad8d90-05-IMP-SCAN-r2\result.json
t160-quality-20261006T132638Z-80ad8d90-05-IMP-SCAN-r2,IMP-SCAN,2,assisted_corrected,5f47ee64-edec-5327-9172-bb8454c7640d,603aba3c-e7ef-4f2c-b09b-5f5d605c516c,ocr_required,source_regions,unknown,False,,,,reference_unknown,import-execution-v5\t160-quality-20261006T132638Z-80ad8d90\runs\t160-quality-20261006T132638Z-80ad8d90-05-IMP-SCAN-r2\result.json
t160-quality-20261006T132638Z-80ad8d90-05-IMP-SCAN-r2,IMP-SCAN,2,assisted_corrected,5f47ee64-edec-5327-9172-bb8454c7640d,603aba3c-e7ef-4f2c-b09b-5f5d605c516c,ocr_required,assets,source_provided,True,False,"[{""asset_type"": ""figure"", ""source_page_number"": 1, ""order_index"": 1}]",,matched,import-execution-v5\t160-quality-20261006T132638Z-80ad8d90\runs\t160-quality-20261006T132638Z-80ad8d90-05-IMP-SCAN-r2\result.json
t160-quality-20261006T132638Z-80ad8d90-05-IMP-SCAN-r2,IMP-SCAN,2,assisted_corrected,d6acd365-a6d5-5eb8-9b54-66f26a915094,02adf82e-e44f-448b-8900-b006de5d7c46,ocr_required,question_number,source_provided,True,True,3,3,matched,import-execution-v5\t160-quality-20261006T132638Z-80ad8d90\runs\t160-quality-20261006T132638Z-80ad8d90-05-IMP-SCAN-r2\result.json
t160-quality-20261006T132638Z-80ad8d90-05-IMP-SCAN-r2,IMP-SCAN,2,assisted_corrected,d6acd365-a6d5-5eb8-9b54-66f26a915094,02adf82e-e44f-448b-8900-b006de5d7c46,ocr_required,order_index,source_provided,True,True,3,3,matched,import-execution-v5\t160-quality-20261006T132638Z-80ad8d90\runs\t160-quality-20261006T132638Z-80ad8d90-05-IMP-SCAN-r2\result.json
t160-quality-20261006T132638Z-80ad8d90-05-IMP-SCAN-r2,IMP-SCAN,2,assisted_corrected,d6acd365-a6d5-5eb8-9b54-66f26a915094,02adf82e-e44f-448b-8900-b006de5d7c46,ocr_required,source_page_numbers,source_provided,True,True,[1],[1],matched,import-execution-v5\t160-quality-20261006T132638Z-80ad8d90\runs\t160-quality-20261006T132638Z-80ad8d90-05-IMP-SCAN-r2\result.json
t160-quality-20261006T132638Z-80ad8d90-05-IMP-SCAN-r2,IMP-SCAN,2,assisted_corrected,d6acd365-a6d5-5eb8-9b54-66f26a915094,02adf82e-e44f-448b-8900-b006de5d7c46,ocr_required,question_type,source_provided,True,True,SHORT_ANSWER,SHORT_ANSWER,matched,import-execution-v5\t160-quality-20261006T132638Z-80ad8d90\runs\t160-quality-20261006T132638Z-80ad8d90-05-IMP-SCAN-r2\result.json
t160-quality-20261006T132638Z-80ad8d90-05-IMP-SCAN-r2,IMP-SCAN,2,assisted_corrected,d6acd365-a6d5-5eb8-9b54-66f26a915094,02adf82e-e44f-448b-8900-b006de5d7c46,ocr_required,content,source_provided,True,True,根据下表写出 y 关于 x 的关系式。,根据下表写出 y 关于 x 的关系式。,matched,import-execution-v5\t160-quality-20261006T132638Z-80ad8d90\runs\t160-quality-20261006T132638Z-80ad8d90-05-IMP-SCAN-r2\result.json
t160-quality-20261006T132638Z-80ad8d90-05-IMP-SCAN-r2,IMP-SCAN,2,assisted_corrected,d6acd365-a6d5-5eb8-9b54-66f26a915094,02adf82e-e44f-448b-8900-b006de5d7c46,ocr_required,options,not_applicable,True,True,,,matched,import-execution-v5\t160-quality-20261006T132638Z-80ad8d90\runs\t160-quality-20261006T132638Z-80ad8d90-05-IMP-SCAN-r2\result.json
t160-quality-20261006T132638Z-80ad8d90-05-IMP-SCAN-r2,IMP-SCAN,2,assisted_corrected,d6acd365-a6d5-5eb8-9b54-66f26a915094,02adf82e-e44f-448b-8900-b006de5d7c46,ocr_required,reference_answer,known_missing,True,True,,,matched,import-execution-v5\t160-quality-20261006T132638Z-80ad8d90\runs\t160-quality-20261006T132638Z-80ad8d90-05-IMP-SCAN-r2\result.json
t160-quality-20261006T132638Z-80ad8d90-05-IMP-SCAN-r2,IMP-SCAN,2,assisted_corrected,d6acd365-a6d5-5eb8-9b54-66f26a915094,02adf82e-e44f-448b-8900-b006de5d7c46,ocr_required,analysis,known_missing,True,True,,,matched,import-execution-v5\t160-quality-20261006T132638Z-80ad8d90\runs\t160-quality-20261006T132638Z-80ad8d90-05-IMP-SCAN-r2\result.json
t160-quality-20261006T132638Z-80ad8d90-05-IMP-SCAN-r2,IMP-SCAN,2,assisted_corrected,d6acd365-a6d5-5eb8-9b54-66f26a915094,02adf82e-e44f-448b-8900-b006de5d7c46,ocr_required,score,source_provided,True,True,3.00,3.00,matched,import-execution-v5\t160-quality-20261006T132638Z-80ad8d90\runs\t160-quality-20261006T132638Z-80ad8d90-05-IMP-SCAN-r2\result.json
t160-quality-20261006T132638Z-80ad8d90-05-IMP-SCAN-r2,IMP-SCAN,2,assisted_corrected,d6acd365-a6d5-5eb8-9b54-66f26a915094,02adf82e-e44f-448b-8900-b006de5d7c46,ocr_required,scoring_rubric,source_provided,True,True,正确关系式 1.00；说明代入过程 2.00。,正确关系式 1.00；说明代入过程 2.00。,matched,import-execution-v5\t160-quality-20261006T132638Z-80ad8d90\runs\t160-quality-20261006T132638Z-80ad8d90-05-IMP-SCAN-r2\result.json
t160-quality-20261006T132638Z-80ad8d90-05-IMP-SCAN-r2,IMP-SCAN,2,assisted_corrected,d6acd365-a6d5-5eb8-9b54-66f26a915094,02adf82e-e44f-448b-8900-b006de5d7c46,ocr_required,knowledge_points,source_provided,True,True,"[""一次函数"", ""表达与计算""]","[""一次函数"", ""表达与计算""]",matched,import-execution-v5\t160-quality-20261006T132638Z-80ad8d90\runs\t160-quality-20261006T132638Z-80ad8d90-05-IMP-SCAN-r2\result.json
t160-quality-20261006T132638Z-80ad8d90-05-IMP-SCAN-r2,IMP-SCAN,2,assisted_corrected,d6acd365-a6d5-5eb8-9b54-66f26a915094,02adf82e-e44f-448b-8900-b006de5d7c46,ocr_required,source_regions,unknown,False,,,,reference_unknown,import-execution-v5\t160-quality-20261006T132638Z-80ad8d90\runs\t160-quality-20261006T132638Z-80ad8d90-05-IMP-SCAN-r2\result.json
t160-quality-20261006T132638Z-80ad8d90-05-IMP-SCAN-r2,IMP-SCAN,2,assisted_corrected,d6acd365-a6d5-5eb8-9b54-66f26a915094,02adf82e-e44f-448b-8900-b006de5d7c46,ocr_required,assets,source_provided,True,False,"[{""asset_type"": ""table"", ""source_page_number"": 1, ""order_index"": 1}]",,matched,import-execution-v5\t160-quality-20261006T132638Z-80ad8d90\runs\t160-quality-20261006T132638Z-80ad8d90-05-IMP-SCAN-r2\result.json
t160-quality-20261006T132638Z-80ad8d90-06-IMP-SCAN-r3,IMP-SCAN,3,automatic,74d666eb-fc46-5106-8ea2-ea5c967c6457,af30feff-7323-4e77-aac4-62597208b00b,ocr_required,question_number,source_provided,True,True,1,1,matched,import-execution-v5\t160-quality-20261006T132638Z-80ad8d90\runs\t160-quality-20261006T132638Z-80ad8d90-06-IMP-SCAN-r3\result.json
t160-quality-20261006T132638Z-80ad8d90-06-IMP-SCAN-r3,IMP-SCAN,3,automatic,74d666eb-fc46-5106-8ea2-ea5c967c6457,af30feff-7323-4e77-aac4-62597208b00b,ocr_required,order_index,source_provided,True,True,1,1,matched,import-execution-v5\t160-quality-20261006T132638Z-80ad8d90\runs\t160-quality-20261006T132638Z-80ad8d90-06-IMP-SCAN-r3\result.json
t160-quality-20261006T132638Z-80ad8d90-06-IMP-SCAN-r3,IMP-SCAN,3,automatic,74d666eb-fc46-5106-8ea2-ea5c967c6457,af30feff-7323-4e77-aac4-62597208b00b,ocr_required,source_page_numbers,source_provided,True,True,[1],[1],matched,import-execution-v5\t160-quality-20261006T132638Z-80ad8d90\runs\t160-quality-20261006T132638Z-80ad8d90-06-IMP-SCAN-r3\result.json
t160-quality-20261006T132638Z-80ad8d90-06-IMP-SCAN-r3,IMP-SCAN,3,automatic,74d666eb-fc46-5106-8ea2-ea5c967c6457,af30feff-7323-4e77-aac4-62597208b00b,ocr_required,question_type,source_provided,True,True,SINGLE_CHOICE,SINGLE_CHOICE,matched,import-execution-v5\t160-quality-20261006T132638Z-80ad8d90\runs\t160-quality-20261006T132638Z-80ad8d90-06-IMP-SCAN-r3\result.json
t160-quality-20261006T132638Z-80ad8d90-06-IMP-SCAN-r3,IMP-SCAN,3,automatic,74d666eb-fc46-5106-8ea2-ea5c967c6457,af30feff-7323-4e77-aac4-62597208b00b,ocr_required,content,source_provided,True,False,y = 2x + 1，x = 3 时 y 为多少？,y = 2x +1，x = 3 时y 为多少？,matched,import-execution-v5\t160-quality-20261006T132638Z-80ad8d90\runs\t160-quality-20261006T132638Z-80ad8d90-06-IMP-SCAN-r3\result.json
t160-quality-20261006T132638Z-80ad8d90-06-IMP-SCAN-r3,IMP-SCAN,3,automatic,74d666eb-fc46-5106-8ea2-ea5c967c6457,af30feff-7323-4e77-aac4-62597208b00b,ocr_required,options,source_provided,True,True,"{""C"": ""7"", ""A"": ""5"", ""B"": ""6"", ""D"": ""8""}","{""C"": ""7"", ""A"": ""5"", ""B"": ""6"", ""D"": ""8""}",matched,import-execution-v5\t160-quality-20261006T132638Z-80ad8d90\runs\t160-quality-20261006T132638Z-80ad8d90-06-IMP-SCAN-r3\result.json
t160-quality-20261006T132638Z-80ad8d90-06-IMP-SCAN-r3,IMP-SCAN,3,automatic,74d666eb-fc46-5106-8ea2-ea5c967c6457,af30feff-7323-4e77-aac4-62597208b00b,ocr_required,reference_answer,source_provided,True,True,C,C,matched,import-execution-v5\t160-quality-20261006T132638Z-80ad8d90\runs\t160-quality-20261006T132638Z-80ad8d90-06-IMP-SCAN-r3\result.json
t160-quality-20261006T132638Z-80ad8d90-06-IMP-SCAN-r3,IMP-SCAN,3,automatic,74d666eb-fc46-5106-8ea2-ea5c967c6457,af30feff-7323-4e77-aac4-62597208b00b,ocr_required,analysis,source_provided,True,False,2 × 3 + 1 = 7。,2 × 3 +1=7。,matched,import-execution-v5\t160-quality-20261006T132638Z-80ad8d90\runs\t160-quality-20261006T132638Z-80ad8d90-06-IMP-SCAN-r3\result.json
t160-quality-20261006T132638Z-80ad8d90-06-IMP-SCAN-r3,IMP-SCAN,3,automatic,74d666eb-fc46-5106-8ea2-ea5c967c6457,af30feff-7323-4e77-aac4-62597208b00b,ocr_required,score,source_provided,True,True,2.00,2.00,matched,import-execution-v5\t160-quality-20261006T132638Z-80ad8d90\runs\t160-quality-20261006T132638Z-80ad8d90-06-IMP-SCAN-r3\result.json
t160-quality-20261006T132638Z-80ad8d90-06-IMP-SCAN-r3,IMP-SCAN,3,automatic,74d666eb-fc46-5106-8ea2-ea5c967c6457,af30feff-7323-4e77-aac4-62597208b00b,ocr_required,scoring_rubric,known_missing,True,True,,,matched,import-execution-v5\t160-quality-20261006T132638Z-80ad8d90\runs\t160-quality-20261006T132638Z-80ad8d90-06-IMP-SCAN-r3\result.json
t160-quality-20261006T132638Z-80ad8d90-06-IMP-SCAN-r3,IMP-SCAN,3,automatic,74d666eb-fc46-5106-8ea2-ea5c967c6457,af30feff-7323-4e77-aac4-62597208b00b,ocr_required,knowledge_points,known_missing,True,False,[],,matched,import-execution-v5\t160-quality-20261006T132638Z-80ad8d90\runs\t160-quality-20261006T132638Z-80ad8d90-06-IMP-SCAN-r3\result.json
t160-quality-20261006T132638Z-80ad8d90-06-IMP-SCAN-r3,IMP-SCAN,3,automatic,74d666eb-fc46-5106-8ea2-ea5c967c6457,af30feff-7323-4e77-aac4-62597208b00b,ocr_required,source_regions,unknown,False,,,,reference_unknown,import-execution-v5\t160-quality-20261006T132638Z-80ad8d90\runs\t160-quality-20261006T132638Z-80ad8d90-06-IMP-SCAN-r3\result.json
t160-quality-20261006T132638Z-80ad8d90-06-IMP-SCAN-r3,IMP-SCAN,3,automatic,74d666eb-fc46-5106-8ea2-ea5c967c6457,af30feff-7323-4e77-aac4-62597208b00b,ocr_required,assets,source_provided,True,False,[],,matched,import-execution-v5\t160-quality-20261006T132638Z-80ad8d90\runs\t160-quality-20261006T132638Z-80ad8d90-06-IMP-SCAN-r3\result.json
t160-quality-20261006T132638Z-80ad8d90-06-IMP-SCAN-r3,IMP-SCAN,3,automatic,5f47ee64-edec-5327-9172-bb8454c7640d,3c2f97eb-72ac-4279-8888-f80f6d3d6fe3,ocr_required,question_number,source_provided,True,True,2,2,matched,import-execution-v5\t160-quality-20261006T132638Z-80ad8d90\runs\t160-quality-20261006T132638Z-80ad8d90-06-IMP-SCAN-r3\result.json
t160-quality-20261006T132638Z-80ad8d90-06-IMP-SCAN-r3,IMP-SCAN,3,automatic,5f47ee64-edec-5327-9172-bb8454c7640d,3c2f97eb-72ac-4279-8888-f80f6d3d6fe3,ocr_required,order_index,source_provided,True,True,2,2,matched,import-execution-v5\t160-quality-20261006T132638Z-80ad8d90\runs\t160-quality-20261006T132638Z-80ad8d90-06-IMP-SCAN-r3\result.json
t160-quality-20261006T132638Z-80ad8d90-06-IMP-SCAN-r3,IMP-SCAN,3,automatic,5f47ee64-edec-5327-9172-bb8454c7640d,3c2f97eb-72ac-4279-8888-f80f6d3d6fe3,ocr_required,source_page_numbers,source_provided,True,True,[1],[1],matched,import-execution-v5\t160-quality-20261006T132638Z-80ad8d90\runs\t160-quality-20261006T132638Z-80ad8d90-06-IMP-SCAN-r3\result.json
t160-quality-20261006T132638Z-80ad8d90-06-IMP-SCAN-r3,IMP-SCAN,3,automatic,5f47ee64-edec-5327-9172-bb8454c7640d,3c2f97eb-72ac-4279-8888-f80f6d3d6fe3,ocr_required,question_type,source_provided,True,True,TRUE_FALSE,TRUE_FALSE,matched,import-execution-v5\t160-quality-20261006T132638Z-80ad8d90\runs\t160-quality-20261006T132638Z-80ad8d90-06-IMP-SCAN-r3\result.json
t160-quality-20261006T132638Z-80ad8d90-06-IMP-SCAN-r3,IMP-SCAN,3,automatic,5f47ee64-edec-5327-9172-bb8454c7640d,3c2f97eb-72ac-4279-8888-f80f6d3d6fe3,ocr_required,content,source_provided,True,False,右图三角形面积为 24 cm²。,右图三角形面积为24cm²。,matched,import-execution-v5\t160-quality-20261006T132638Z-80ad8d90\runs\t160-quality-20261006T132638Z-80ad8d90-06-IMP-SCAN-r3\result.json
t160-quality-20261006T132638Z-80ad8d90-06-IMP-SCAN-r3,IMP-SCAN,3,automatic,5f47ee64-edec-5327-9172-bb8454c7640d,3c2f97eb-72ac-4279-8888-f80f6d3d6fe3,ocr_required,options,source_provided,True,True,"[""正确"", ""错误""]","[""正确"", ""错误""]",matched,import-execution-v5\t160-quality-20261006T132638Z-80ad8d90\runs\t160-quality-20261006T132638Z-80ad8d90-06-IMP-SCAN-r3\result.json
t160-quality-20261006T132638Z-80ad8d90-06-IMP-SCAN-r3,IMP-SCAN,3,automatic,5f47ee64-edec-5327-9172-bb8454c7640d,3c2f97eb-72ac-4279-8888-f80f6d3d6fe3,ocr_required,reference_answer,known_missing,True,True,,,matched,import-execution-v5\t160-quality-20261006T132638Z-80ad8d90\runs\t160-quality-20261006T132638Z-80ad8d90-06-IMP-SCAN-r3\result.json
t160-quality-20261006T132638Z-80ad8d90-06-IMP-SCAN-r3,IMP-SCAN,3,automatic,5f47ee64-edec-5327-9172-bb8454c7640d,3c2f97eb-72ac-4279-8888-f80f6d3d6fe3,ocr_required,analysis,known_missing,True,True,,,matched,import-execution-v5\t160-quality-20261006T132638Z-80ad8d90\runs\t160-quality-20261006T132638Z-80ad8d90-06-IMP-SCAN-r3\result.json
t160-quality-20261006T132638Z-80ad8d90-06-IMP-SCAN-r3,IMP-SCAN,3,automatic,5f47ee64-edec-5327-9172-bb8454c7640d,3c2f97eb-72ac-4279-8888-f80f6d3d6fe3,ocr_required,score,source_provided,True,True,2.00,2.00,matched,import-execution-v5\t160-quality-20261006T132638Z-80ad8d90\runs\t160-quality-20261006T132638Z-80ad8d90-06-IMP-SCAN-r3\result.json
t160-quality-20261006T132638Z-80ad8d90-06-IMP-SCAN-r3,IMP-SCAN,3,automatic,5f47ee64-edec-5327-9172-bb8454c7640d,3c2f97eb-72ac-4279-8888-f80f6d3d6fe3,ocr_required,scoring_rubric,known_missing,True,True,,,matched,import-execution-v5\t160-quality-20261006T132638Z-80ad8d90\runs\t160-quality-20261006T132638Z-80ad8d90-06-IMP-SCAN-r3\result.json
t160-quality-20261006T132638Z-80ad8d90-06-IMP-SCAN-r3,IMP-SCAN,3,automatic,5f47ee64-edec-5327-9172-bb8454c7640d,3c2f97eb-72ac-4279-8888-f80f6d3d6fe3,ocr_required,knowledge_points,known_missing,True,False,[],,matched,import-execution-v5\t160-quality-20261006T132638Z-80ad8d90\runs\t160-quality-20261006T132638Z-80ad8d90-06-IMP-SCAN-r3\result.json
t160-quality-20261006T132638Z-80ad8d90-06-IMP-SCAN-r3,IMP-SCAN,3,automatic,5f47ee64-edec-5327-9172-bb8454c7640d,3c2f97eb-72ac-4279-8888-f80f6d3d6fe3,ocr_required,source_regions,unknown,False,,,,reference_unknown,import-execution-v5\t160-quality-20261006T132638Z-80ad8d90\runs\t160-quality-20261006T132638Z-80ad8d90-06-IMP-SCAN-r3\result.json
t160-quality-20261006T132638Z-80ad8d90-06-IMP-SCAN-r3,IMP-SCAN,3,automatic,5f47ee64-edec-5327-9172-bb8454c7640d,3c2f97eb-72ac-4279-8888-f80f6d3d6fe3,ocr_required,assets,source_provided,True,False,"[{""asset_type"": ""figure"", ""source_page_number"": 1, ""order_index"": 1}]",,matched,import-execution-v5\t160-quality-20261006T132638Z-80ad8d90\runs\t160-quality-20261006T132638Z-80ad8d90-06-IMP-SCAN-r3\result.json
t160-quality-20261006T132638Z-80ad8d90-06-IMP-SCAN-r3,IMP-SCAN,3,automatic,d6acd365-a6d5-5eb8-9b54-66f26a915094,caa788f8-a05f-4a91-9564-b06a399ee614,ocr_required,question_number,source_provided,True,True,3,3,matched,import-execution-v5\t160-quality-20261006T132638Z-80ad8d90\runs\t160-quality-20261006T132638Z-80ad8d90-06-IMP-SCAN-r3\result.json
t160-quality-20261006T132638Z-80ad8d90-06-IMP-SCAN-r3,IMP-SCAN,3,automatic,d6acd365-a6d5-5eb8-9b54-66f26a915094,caa788f8-a05f-4a91-9564-b06a399ee614,ocr_required,order_index,source_provided,True,True,3,3,matched,import-execution-v5\t160-quality-20261006T132638Z-80ad8d90\runs\t160-quality-20261006T132638Z-80ad8d90-06-IMP-SCAN-r3\result.json
t160-quality-20261006T132638Z-80ad8d90-06-IMP-SCAN-r3,IMP-SCAN,3,automatic,d6acd365-a6d5-5eb8-9b54-66f26a915094,caa788f8-a05f-4a91-9564-b06a399ee614,ocr_required,source_page_numbers,source_provided,True,True,[1],[1],matched,import-execution-v5\t160-quality-20261006T132638Z-80ad8d90\runs\t160-quality-20261006T132638Z-80ad8d90-06-IMP-SCAN-r3\result.json
t160-quality-20261006T132638Z-80ad8d90-06-IMP-SCAN-r3,IMP-SCAN,3,automatic,d6acd365-a6d5-5eb8-9b54-66f26a915094,caa788f8-a05f-4a91-9564-b06a399ee614,ocr_required,question_type,source_provided,True,True,SHORT_ANSWER,SHORT_ANSWER,matched,import-execution-v5\t160-quality-20261006T132638Z-80ad8d90\runs\t160-quality-20261006T132638Z-80ad8d90-06-IMP-SCAN-r3\result.json
t160-quality-20261006T132638Z-80ad8d90-06-IMP-SCAN-r3,IMP-SCAN,3,automatic,d6acd365-a6d5-5eb8-9b54-66f26a915094,caa788f8-a05f-4a91-9564-b06a399ee614,ocr_required,content,source_provided,True,False,根据下表写出 y 关于 x 的关系式。,根据下表写出y关于x的关系式。,matched,import-execution-v5\t160-quality-20261006T132638Z-80ad8d90\runs\t160-quality-20261006T132638Z-80ad8d90-06-IMP-SCAN-r3\result.json
t160-quality-20261006T132638Z-80ad8d90-06-IMP-SCAN-r3,IMP-SCAN,3,automatic,d6acd365-a6d5-5eb8-9b54-66f26a915094,caa788f8-a05f-4a91-9564-b06a399ee614,ocr_required,options,not_applicable,True,True,,,matched,import-execution-v5\t160-quality-20261006T132638Z-80ad8d90\runs\t160-quality-20261006T132638Z-80ad8d90-06-IMP-SCAN-r3\result.json
t160-quality-20261006T132638Z-80ad8d90-06-IMP-SCAN-r3,IMP-SCAN,3,automatic,d6acd365-a6d5-5eb8-9b54-66f26a915094,caa788f8-a05f-4a91-9564-b06a399ee614,ocr_required,reference_answer,known_missing,True,True,,,matched,import-execution-v5\t160-quality-20261006T132638Z-80ad8d90\runs\t160-quality-20261006T132638Z-80ad8d90-06-IMP-SCAN-r3\result.json
t160-quality-20261006T132638Z-80ad8d90-06-IMP-SCAN-r3,IMP-SCAN,3,automatic,d6acd365-a6d5-5eb8-9b54-66f26a915094,caa788f8-a05f-4a91-9564-b06a399ee614,ocr_required,analysis,known_missing,True,True,,,matched,import-execution-v5\t160-quality-20261006T132638Z-80ad8d90\runs\t160-quality-20261006T132638Z-80ad8d90-06-IMP-SCAN-r3\result.json
t160-quality-20261006T132638Z-80ad8d90-06-IMP-SCAN-r3,IMP-SCAN,3,automatic,d6acd365-a6d5-5eb8-9b54-66f26a915094,caa788f8-a05f-4a91-9564-b06a399ee614,ocr_required,score,source_provided,True,True,3.00,3.00,matched,import-execution-v5\t160-quality-20261006T132638Z-80ad8d90\runs\t160-quality-20261006T132638Z-80ad8d90-06-IMP-SCAN-r3\result.json
t160-quality-20261006T132638Z-80ad8d90-06-IMP-SCAN-r3,IMP-SCAN,3,automatic,d6acd365-a6d5-5eb8-9b54-66f26a915094,caa788f8-a05f-4a91-9564-b06a399ee614,ocr_required,scoring_rubric,source_provided,True,False,正确关系式 1.00；说明代入过程 2.00。,正确关系式1.00；说明代入过程2.00。,matched,import-execution-v5\t160-quality-20261006T132638Z-80ad8d90\runs\t160-quality-20261006T132638Z-80ad8d90-06-IMP-SCAN-r3\result.json
t160-quality-20261006T132638Z-80ad8d90-06-IMP-SCAN-r3,IMP-SCAN,3,automatic,d6acd365-a6d5-5eb8-9b54-66f26a915094,caa788f8-a05f-4a91-9564-b06a399ee614,ocr_required,knowledge_points,source_provided,True,True,"[""一次函数"", ""表达与计算""]","[""一次函数"", ""表达与计算""]",matched,import-execution-v5\t160-quality-20261006T132638Z-80ad8d90\runs\t160-quality-20261006T132638Z-80ad8d90-06-IMP-SCAN-r3\result.json
t160-quality-20261006T132638Z-80ad8d90-06-IMP-SCAN-r3,IMP-SCAN,3,automatic,d6acd365-a6d5-5eb8-9b54-66f26a915094,caa788f8-a05f-4a91-9564-b06a399ee614,ocr_required,source_regions,unknown,False,,,,reference_unknown,import-execution-v5\t160-quality-20261006T132638Z-80ad8d90\runs\t160-quality-20261006T132638Z-80ad8d90-06-IMP-SCAN-r3\result.json
t160-quality-20261006T132638Z-80ad8d90-06-IMP-SCAN-r3,IMP-SCAN,3,automatic,d6acd365-a6d5-5eb8-9b54-66f26a915094,caa788f8-a05f-4a91-9564-b06a399ee614,ocr_required,assets,source_provided,True,False,"[{""asset_type"": ""table"", ""source_page_number"": 1, ""order_index"": 1}]",,matched,import-execution-v5\t160-quality-20261006T132638Z-80ad8d90\runs\t160-quality-20261006T132638Z-80ad8d90-06-IMP-SCAN-r3\result.json
t160-quality-20261006T132638Z-80ad8d90-06-IMP-SCAN-r3,IMP-SCAN,3,assisted_corrected,74d666eb-fc46-5106-8ea2-ea5c967c6457,af30feff-7323-4e77-aac4-62597208b00b,ocr_required,question_number,source_provided,True,True,1,1,matched,import-execution-v5\t160-quality-20261006T132638Z-80ad8d90\runs\t160-quality-20261006T132638Z-80ad8d90-06-IMP-SCAN-r3\result.json
t160-quality-20261006T132638Z-80ad8d90-06-IMP-SCAN-r3,IMP-SCAN,3,assisted_corrected,74d666eb-fc46-5106-8ea2-ea5c967c6457,af30feff-7323-4e77-aac4-62597208b00b,ocr_required,order_index,source_provided,True,True,1,1,matched,import-execution-v5\t160-quality-20261006T132638Z-80ad8d90\runs\t160-quality-20261006T132638Z-80ad8d90-06-IMP-SCAN-r3\result.json
t160-quality-20261006T132638Z-80ad8d90-06-IMP-SCAN-r3,IMP-SCAN,3,assisted_corrected,74d666eb-fc46-5106-8ea2-ea5c967c6457,af30feff-7323-4e77-aac4-62597208b00b,ocr_required,source_page_numbers,source_provided,True,True,[1],[1],matched,import-execution-v5\t160-quality-20261006T132638Z-80ad8d90\runs\t160-quality-20261006T132638Z-80ad8d90-06-IMP-SCAN-r3\result.json
t160-quality-20261006T132638Z-80ad8d90-06-IMP-SCAN-r3,IMP-SCAN,3,assisted_corrected,74d666eb-fc46-5106-8ea2-ea5c967c6457,af30feff-7323-4e77-aac4-62597208b00b,ocr_required,question_type,source_provided,True,True,SINGLE_CHOICE,SINGLE_CHOICE,matched,import-execution-v5\t160-quality-20261006T132638Z-80ad8d90\runs\t160-quality-20261006T132638Z-80ad8d90-06-IMP-SCAN-r3\result.json
t160-quality-20261006T132638Z-80ad8d90-06-IMP-SCAN-r3,IMP-SCAN,3,assisted_corrected,74d666eb-fc46-5106-8ea2-ea5c967c6457,af30feff-7323-4e77-aac4-62597208b00b,ocr_required,content,source_provided,True,True,y = 2x + 1，x = 3 时 y 为多少？,y = 2x + 1，x = 3 时 y 为多少？,matched,import-execution-v5\t160-quality-20261006T132638Z-80ad8d90\runs\t160-quality-20261006T132638Z-80ad8d90-06-IMP-SCAN-r3\result.json
t160-quality-20261006T132638Z-80ad8d90-06-IMP-SCAN-r3,IMP-SCAN,3,assisted_corrected,74d666eb-fc46-5106-8ea2-ea5c967c6457,af30feff-7323-4e77-aac4-62597208b00b,ocr_required,options,source_provided,True,True,"{""C"": ""7"", ""A"": ""5"", ""B"": ""6"", ""D"": ""8""}","{""C"": ""7"", ""A"": ""5"", ""B"": ""6"", ""D"": ""8""}",matched,import-execution-v5\t160-quality-20261006T132638Z-80ad8d90\runs\t160-quality-20261006T132638Z-80ad8d90-06-IMP-SCAN-r3\result.json
t160-quality-20261006T132638Z-80ad8d90-06-IMP-SCAN-r3,IMP-SCAN,3,assisted_corrected,74d666eb-fc46-5106-8ea2-ea5c967c6457,af30feff-7323-4e77-aac4-62597208b00b,ocr_required,reference_answer,source_provided,True,True,C,C,matched,import-execution-v5\t160-quality-20261006T132638Z-80ad8d90\runs\t160-quality-20261006T132638Z-80ad8d90-06-IMP-SCAN-r3\result.json
t160-quality-20261006T132638Z-80ad8d90-06-IMP-SCAN-r3,IMP-SCAN,3,assisted_corrected,74d666eb-fc46-5106-8ea2-ea5c967c6457,af30feff-7323-4e77-aac4-62597208b00b,ocr_required,analysis,source_provided,True,True,2 × 3 + 1 = 7。,2 × 3 + 1 = 7。,matched,import-execution-v5\t160-quality-20261006T132638Z-80ad8d90\runs\t160-quality-20261006T132638Z-80ad8d90-06-IMP-SCAN-r3\result.json
t160-quality-20261006T132638Z-80ad8d90-06-IMP-SCAN-r3,IMP-SCAN,3,assisted_corrected,74d666eb-fc46-5106-8ea2-ea5c967c6457,af30feff-7323-4e77-aac4-62597208b00b,ocr_required,score,source_provided,True,True,2.00,2.00,matched,import-execution-v5\t160-quality-20261006T132638Z-80ad8d90\runs\t160-quality-20261006T132638Z-80ad8d90-06-IMP-SCAN-r3\result.json
t160-quality-20261006T132638Z-80ad8d90-06-IMP-SCAN-r3,IMP-SCAN,3,assisted_corrected,74d666eb-fc46-5106-8ea2-ea5c967c6457,af30feff-7323-4e77-aac4-62597208b00b,ocr_required,scoring_rubric,known_missing,True,True,,,matched,import-execution-v5\t160-quality-20261006T132638Z-80ad8d90\runs\t160-quality-20261006T132638Z-80ad8d90-06-IMP-SCAN-r3\result.json
t160-quality-20261006T132638Z-80ad8d90-06-IMP-SCAN-r3,IMP-SCAN,3,assisted_corrected,74d666eb-fc46-5106-8ea2-ea5c967c6457,af30feff-7323-4e77-aac4-62597208b00b,ocr_required,knowledge_points,known_missing,True,True,[],[],matched,import-execution-v5\t160-quality-20261006T132638Z-80ad8d90\runs\t160-quality-20261006T132638Z-80ad8d90-06-IMP-SCAN-r3\result.json
t160-quality-20261006T132638Z-80ad8d90-06-IMP-SCAN-r3,IMP-SCAN,3,assisted_corrected,74d666eb-fc46-5106-8ea2-ea5c967c6457,af30feff-7323-4e77-aac4-62597208b00b,ocr_required,source_regions,unknown,False,,,,reference_unknown,import-execution-v5\t160-quality-20261006T132638Z-80ad8d90\runs\t160-quality-20261006T132638Z-80ad8d90-06-IMP-SCAN-r3\result.json
t160-quality-20261006T132638Z-80ad8d90-06-IMP-SCAN-r3,IMP-SCAN,3,assisted_corrected,74d666eb-fc46-5106-8ea2-ea5c967c6457,af30feff-7323-4e77-aac4-62597208b00b,ocr_required,assets,source_provided,True,True,[],[],matched,import-execution-v5\t160-quality-20261006T132638Z-80ad8d90\runs\t160-quality-20261006T132638Z-80ad8d90-06-IMP-SCAN-r3\result.json
t160-quality-20261006T132638Z-80ad8d90-06-IMP-SCAN-r3,IMP-SCAN,3,assisted_corrected,5f47ee64-edec-5327-9172-bb8454c7640d,3c2f97eb-72ac-4279-8888-f80f6d3d6fe3,ocr_required,question_number,source_provided,True,True,2,2,matched,import-execution-v5\t160-quality-20261006T132638Z-80ad8d90\runs\t160-quality-20261006T132638Z-80ad8d90-06-IMP-SCAN-r3\result.json
t160-quality-20261006T132638Z-80ad8d90-06-IMP-SCAN-r3,IMP-SCAN,3,assisted_corrected,5f47ee64-edec-5327-9172-bb8454c7640d,3c2f97eb-72ac-4279-8888-f80f6d3d6fe3,ocr_required,order_index,source_provided,True,True,2,2,matched,import-execution-v5\t160-quality-20261006T132638Z-80ad8d90\runs\t160-quality-20261006T132638Z-80ad8d90-06-IMP-SCAN-r3\result.json
t160-quality-20261006T132638Z-80ad8d90-06-IMP-SCAN-r3,IMP-SCAN,3,assisted_corrected,5f47ee64-edec-5327-9172-bb8454c7640d,3c2f97eb-72ac-4279-8888-f80f6d3d6fe3,ocr_required,source_page_numbers,source_provided,True,True,[1],[1],matched,import-execution-v5\t160-quality-20261006T132638Z-80ad8d90\runs\t160-quality-20261006T132638Z-80ad8d90-06-IMP-SCAN-r3\result.json
t160-quality-20261006T132638Z-80ad8d90-06-IMP-SCAN-r3,IMP-SCAN,3,assisted_corrected,5f47ee64-edec-5327-9172-bb8454c7640d,3c2f97eb-72ac-4279-8888-f80f6d3d6fe3,ocr_required,question_type,source_provided,True,True,TRUE_FALSE,TRUE_FALSE,matched,import-execution-v5\t160-quality-20261006T132638Z-80ad8d90\runs\t160-quality-20261006T132638Z-80ad8d90-06-IMP-SCAN-r3\result.json
t160-quality-20261006T132638Z-80ad8d90-06-IMP-SCAN-r3,IMP-SCAN,3,assisted_corrected,5f47ee64-edec-5327-9172-bb8454c7640d,3c2f97eb-72ac-4279-8888-f80f6d3d6fe3,ocr_required,content,source_provided,True,True,右图三角形面积为 24 cm²。,右图三角形面积为 24 cm²。,matched,import-execution-v5\t160-quality-20261006T132638Z-80ad8d90\runs\t160-quality-20261006T132638Z-80ad8d90-06-IMP-SCAN-r3\result.json
t160-quality-20261006T132638Z-80ad8d90-06-IMP-SCAN-r3,IMP-SCAN,3,assisted_corrected,5f47ee64-edec-5327-9172-bb8454c7640d,3c2f97eb-72ac-4279-8888-f80f6d3d6fe3,ocr_required,options,source_provided,True,True,"[""正确"", ""错误""]","[""正确"", ""错误""]",matched,import-execution-v5\t160-quality-20261006T132638Z-80ad8d90\runs\t160-quality-20261006T132638Z-80ad8d90-06-IMP-SCAN-r3\result.json
t160-quality-20261006T132638Z-80ad8d90-06-IMP-SCAN-r3,IMP-SCAN,3,assisted_corrected,5f47ee64-edec-5327-9172-bb8454c7640d,3c2f97eb-72ac-4279-8888-f80f6d3d6fe3,ocr_required,reference_answer,known_missing,True,True,,,matched,import-execution-v5\t160-quality-20261006T132638Z-80ad8d90\runs\t160-quality-20261006T132638Z-80ad8d90-06-IMP-SCAN-r3\result.json
t160-quality-20261006T132638Z-80ad8d90-06-IMP-SCAN-r3,IMP-SCAN,3,assisted_corrected,5f47ee64-edec-5327-9172-bb8454c7640d,3c2f97eb-72ac-4279-8888-f80f6d3d6fe3,ocr_required,analysis,known_missing,True,True,,,matched,import-execution-v5\t160-quality-20261006T132638Z-80ad8d90\runs\t160-quality-20261006T132638Z-80ad8d90-06-IMP-SCAN-r3\result.json
t160-quality-20261006T132638Z-80ad8d90-06-IMP-SCAN-r3,IMP-SCAN,3,assisted_corrected,5f47ee64-edec-5327-9172-bb8454c7640d,3c2f97eb-72ac-4279-8888-f80f6d3d6fe3,ocr_required,score,source_provided,True,True,2.00,2.00,matched,import-execution-v5\t160-quality-20261006T132638Z-80ad8d90\runs\t160-quality-20261006T132638Z-80ad8d90-06-IMP-SCAN-r3\result.json
t160-quality-20261006T132638Z-80ad8d90-06-IMP-SCAN-r3,IMP-SCAN,3,assisted_corrected,5f47ee64-edec-5327-9172-bb8454c7640d,3c2f97eb-72ac-4279-8888-f80f6d3d6fe3,ocr_required,scoring_rubric,known_missing,True,True,,,matched,import-execution-v5\t160-quality-20261006T132638Z-80ad8d90\runs\t160-quality-20261006T132638Z-80ad8d90-06-IMP-SCAN-r3\result.json
t160-quality-20261006T132638Z-80ad8d90-06-IMP-SCAN-r3,IMP-SCAN,3,assisted_corrected,5f47ee64-edec-5327-9172-bb8454c7640d,3c2f97eb-72ac-4279-8888-f80f6d3d6fe3,ocr_required,knowledge_points,known_missing,True,True,[],[],matched,import-execution-v5\t160-quality-20261006T132638Z-80ad8d90\runs\t160-quality-20261006T132638Z-80ad8d90-06-IMP-SCAN-r3\result.json
t160-quality-20261006T132638Z-80ad8d90-06-IMP-SCAN-r3,IMP-SCAN,3,assisted_corrected,5f47ee64-edec-5327-9172-bb8454c7640d,3c2f97eb-72ac-4279-8888-f80f6d3d6fe3,ocr_required,source_regions,unknown,False,,,,reference_unknown,import-execution-v5\t160-quality-20261006T132638Z-80ad8d90\runs\t160-quality-20261006T132638Z-80ad8d90-06-IMP-SCAN-r3\result.json
t160-quality-20261006T132638Z-80ad8d90-06-IMP-SCAN-r3,IMP-SCAN,3,assisted_corrected,5f47ee64-edec-5327-9172-bb8454c7640d,3c2f97eb-72ac-4279-8888-f80f6d3d6fe3,ocr_required,assets,source_provided,True,False,"[{""asset_type"": ""figure"", ""source_page_number"": 1, ""order_index"": 1}]",,matched,import-execution-v5\t160-quality-20261006T132638Z-80ad8d90\runs\t160-quality-20261006T132638Z-80ad8d90-06-IMP-SCAN-r3\result.json
t160-quality-20261006T132638Z-80ad8d90-06-IMP-SCAN-r3,IMP-SCAN,3,assisted_corrected,d6acd365-a6d5-5eb8-9b54-66f26a915094,caa788f8-a05f-4a91-9564-b06a399ee614,ocr_required,question_number,source_provided,True,True,3,3,matched,import-execution-v5\t160-quality-20261006T132638Z-80ad8d90\runs\t160-quality-20261006T132638Z-80ad8d90-06-IMP-SCAN-r3\result.json
t160-quality-20261006T132638Z-80ad8d90-06-IMP-SCAN-r3,IMP-SCAN,3,assisted_corrected,d6acd365-a6d5-5eb8-9b54-66f26a915094,caa788f8-a05f-4a91-9564-b06a399ee614,ocr_required,order_index,source_provided,True,True,3,3,matched,import-execution-v5\t160-quality-20261006T132638Z-80ad8d90\runs\t160-quality-20261006T132638Z-80ad8d90-06-IMP-SCAN-r3\result.json
t160-quality-20261006T132638Z-80ad8d90-06-IMP-SCAN-r3,IMP-SCAN,3,assisted_corrected,d6acd365-a6d5-5eb8-9b54-66f26a915094,caa788f8-a05f-4a91-9564-b06a399ee614,ocr_required,source_page_numbers,source_provided,True,True,[1],[1],matched,import-execution-v5\t160-quality-20261006T132638Z-80ad8d90\runs\t160-quality-20261006T132638Z-80ad8d90-06-IMP-SCAN-r3\result.json
t160-quality-20261006T132638Z-80ad8d90-06-IMP-SCAN-r3,IMP-SCAN,3,assisted_corrected,d6acd365-a6d5-5eb8-9b54-66f26a915094,caa788f8-a05f-4a91-9564-b06a399ee614,ocr_required,question_type,source_provided,True,True,SHORT_ANSWER,SHORT_ANSWER,matched,import-execution-v5\t160-quality-20261006T132638Z-80ad8d90\runs\t160-quality-20261006T132638Z-80ad8d90-06-IMP-SCAN-r3\result.json
t160-quality-20261006T132638Z-80ad8d90-06-IMP-SCAN-r3,IMP-SCAN,3,assisted_corrected,d6acd365-a6d5-5eb8-9b54-66f26a915094,caa788f8-a05f-4a91-9564-b06a399ee614,ocr_required,content,source_provided,True,True,根据下表写出 y 关于 x 的关系式。,根据下表写出 y 关于 x 的关系式。,matched,import-execution-v5\t160-quality-20261006T132638Z-80ad8d90\runs\t160-quality-20261006T132638Z-80ad8d90-06-IMP-SCAN-r3\result.json
t160-quality-20261006T132638Z-80ad8d90-06-IMP-SCAN-r3,IMP-SCAN,3,assisted_corrected,d6acd365-a6d5-5eb8-9b54-66f26a915094,caa788f8-a05f-4a91-9564-b06a399ee614,ocr_required,options,not_applicable,True,True,,,matched,import-execution-v5\t160-quality-20261006T132638Z-80ad8d90\runs\t160-quality-20261006T132638Z-80ad8d90-06-IMP-SCAN-r3\result.json
t160-quality-20261006T132638Z-80ad8d90-06-IMP-SCAN-r3,IMP-SCAN,3,assisted_corrected,d6acd365-a6d5-5eb8-9b54-66f26a915094,caa788f8-a05f-4a91-9564-b06a399ee614,ocr_required,reference_answer,known_missing,True,True,,,matched,import-execution-v5\t160-quality-20261006T132638Z-80ad8d90\runs\t160-quality-20261006T132638Z-80ad8d90-06-IMP-SCAN-r3\result.json
t160-quality-20261006T132638Z-80ad8d90-06-IMP-SCAN-r3,IMP-SCAN,3,assisted_corrected,d6acd365-a6d5-5eb8-9b54-66f26a915094,caa788f8-a05f-4a91-9564-b06a399ee614,ocr_required,analysis,known_missing,True,True,,,matched,import-execution-v5\t160-quality-20261006T132638Z-80ad8d90\runs\t160-quality-20261006T132638Z-80ad8d90-06-IMP-SCAN-r3\result.json
t160-quality-20261006T132638Z-80ad8d90-06-IMP-SCAN-r3,IMP-SCAN,3,assisted_corrected,d6acd365-a6d5-5eb8-9b54-66f26a915094,caa788f8-a05f-4a91-9564-b06a399ee614,ocr_required,score,source_provided,True,True,3.00,3.00,matched,import-execution-v5\t160-quality-20261006T132638Z-80ad8d90\runs\t160-quality-20261006T132638Z-80ad8d90-06-IMP-SCAN-r3\result.json
t160-quality-20261006T132638Z-80ad8d90-06-IMP-SCAN-r3,IMP-SCAN,3,assisted_corrected,d6acd365-a6d5-5eb8-9b54-66f26a915094,caa788f8-a05f-4a91-9564-b06a399ee614,ocr_required,scoring_rubric,source_provided,True,True,正确关系式 1.00；说明代入过程 2.00。,正确关系式 1.00；说明代入过程 2.00。,matched,import-execution-v5\t160-quality-20261006T132638Z-80ad8d90\runs\t160-quality-20261006T132638Z-80ad8d90-06-IMP-SCAN-r3\result.json
t160-quality-20261006T132638Z-80ad8d90-06-IMP-SCAN-r3,IMP-SCAN,3,assisted_corrected,d6acd365-a6d5-5eb8-9b54-66f26a915094,caa788f8-a05f-4a91-9564-b06a399ee614,ocr_required,knowledge_points,source_provided,True,True,"[""一次函数"", ""表达与计算""]","[""一次函数"", ""表达与计算""]",matched,import-execution-v5\t160-quality-20261006T132638Z-80ad8d90\runs\t160-quality-20261006T132638Z-80ad8d90-06-IMP-SCAN-r3\result.json
t160-quality-20261006T132638Z-80ad8d90-06-IMP-SCAN-r3,IMP-SCAN,3,assisted_corrected,d6acd365-a6d5-5eb8-9b54-66f26a915094,caa788f8-a05f-4a91-9564-b06a399ee614,ocr_required,source_regions,unknown,False,,,,reference_unknown,import-execution-v5\t160-quality-20261006T132638Z-80ad8d90\runs\t160-quality-20261006T132638Z-80ad8d90-06-IMP-SCAN-r3\result.json
t160-quality-20261006T132638Z-80ad8d90-06-IMP-SCAN-r3,IMP-SCAN,3,assisted_corrected,d6acd365-a6d5-5eb8-9b54-66f26a915094,caa788f8-a05f-4a91-9564-b06a399ee614,ocr_required,assets,source_provided,True,False,"[{""asset_type"": ""table"", ""source_page_number"": 1, ""order_index"": 1}]",,matched,import-execution-v5\t160-quality-20261006T132638Z-80ad8d90\runs\t160-quality-20261006T132638Z-80ad8d90-06-IMP-SCAN-r3\result.json
t160-quality-20261006T132638Z-80ad8d90-07-IMP-IMAGE-r1,IMP-IMAGE,1,automatic,c4d750a5-4dc4-5a35-83e2-dee4ca44aca1,5fdbb72a-6743-465b-bd0f-36b0164c8f92,ocr_required,question_number,source_provided,True,True,1,1,matched,import-execution-v5\t160-quality-20261006T132638Z-80ad8d90\runs\t160-quality-20261006T132638Z-80ad8d90-07-IMP-IMAGE-r1\result.json
t160-quality-20261006T132638Z-80ad8d90-07-IMP-IMAGE-r1,IMP-IMAGE,1,automatic,c4d750a5-4dc4-5a35-83e2-dee4ca44aca1,5fdbb72a-6743-465b-bd0f-36b0164c8f92,ocr_required,order_index,source_provided,True,True,1,1,matched,import-execution-v5\t160-quality-20261006T132638Z-80ad8d90\runs\t160-quality-20261006T132638Z-80ad8d90-07-IMP-IMAGE-r1\result.json
t160-quality-20261006T132638Z-80ad8d90-07-IMP-IMAGE-r1,IMP-IMAGE,1,automatic,c4d750a5-4dc4-5a35-83e2-dee4ca44aca1,5fdbb72a-6743-465b-bd0f-36b0164c8f92,ocr_required,source_page_numbers,source_provided,True,True,[1],[1],matched,import-execution-v5\t160-quality-20261006T132638Z-80ad8d90\runs\t160-quality-20261006T132638Z-80ad8d90-07-IMP-IMAGE-r1\result.json
t160-quality-20261006T132638Z-80ad8d90-07-IMP-IMAGE-r1,IMP-IMAGE,1,automatic,c4d750a5-4dc4-5a35-83e2-dee4ca44aca1,5fdbb72a-6743-465b-bd0f-36b0164c8f92,ocr_required,question_type,source_provided,True,True,SINGLE_CHOICE,SINGLE_CHOICE,matched,import-execution-v5\t160-quality-20261006T132638Z-80ad8d90\runs\t160-quality-20261006T132638Z-80ad8d90-07-IMP-IMAGE-r1\result.json
t160-quality-20261006T132638Z-80ad8d90-07-IMP-IMAGE-r1,IMP-IMAGE,1,automatic,c4d750a5-4dc4-5a35-83e2-dee4ca44aca1,5fdbb72a-6743-465b-bd0f-36b0164c8f92,ocr_required,content,source_provided,True,False,y = 2x + 1，x = 3 时 y 为多少？,y = 2x +1，x = 3 时y 为多少？,matched,import-execution-v5\t160-quality-20261006T132638Z-80ad8d90\runs\t160-quality-20261006T132638Z-80ad8d90-07-IMP-IMAGE-r1\result.json
t160-quality-20261006T132638Z-80ad8d90-07-IMP-IMAGE-r1,IMP-IMAGE,1,automatic,c4d750a5-4dc4-5a35-83e2-dee4ca44aca1,5fdbb72a-6743-465b-bd0f-36b0164c8f92,ocr_required,options,source_provided,True,True,"{""C"": ""7"", ""A"": ""5"", ""B"": ""6"", ""D"": ""8""}","{""C"": ""7"", ""A"": ""5"", ""B"": ""6"", ""D"": ""8""}",matched,import-execution-v5\t160-quality-20261006T132638Z-80ad8d90\runs\t160-quality-20261006T132638Z-80ad8d90-07-IMP-IMAGE-r1\result.json
t160-quality-20261006T132638Z-80ad8d90-07-IMP-IMAGE-r1,IMP-IMAGE,1,automatic,c4d750a5-4dc4-5a35-83e2-dee4ca44aca1,5fdbb72a-6743-465b-bd0f-36b0164c8f92,ocr_required,reference_answer,source_provided,True,True,C,C,matched,import-execution-v5\t160-quality-20261006T132638Z-80ad8d90\runs\t160-quality-20261006T132638Z-80ad8d90-07-IMP-IMAGE-r1\result.json
t160-quality-20261006T132638Z-80ad8d90-07-IMP-IMAGE-r1,IMP-IMAGE,1,automatic,c4d750a5-4dc4-5a35-83e2-dee4ca44aca1,5fdbb72a-6743-465b-bd0f-36b0164c8f92,ocr_required,analysis,source_provided,True,False,2 × 3 + 1 = 7。,2 × 3 +1=7。,matched,import-execution-v5\t160-quality-20261006T132638Z-80ad8d90\runs\t160-quality-20261006T132638Z-80ad8d90-07-IMP-IMAGE-r1\result.json
t160-quality-20261006T132638Z-80ad8d90-07-IMP-IMAGE-r1,IMP-IMAGE,1,automatic,c4d750a5-4dc4-5a35-83e2-dee4ca44aca1,5fdbb72a-6743-465b-bd0f-36b0164c8f92,ocr_required,score,source_provided,True,True,2.00,2.00,matched,import-execution-v5\t160-quality-20261006T132638Z-80ad8d90\runs\t160-quality-20261006T132638Z-80ad8d90-07-IMP-IMAGE-r1\result.json
t160-quality-20261006T132638Z-80ad8d90-07-IMP-IMAGE-r1,IMP-IMAGE,1,automatic,c4d750a5-4dc4-5a35-83e2-dee4ca44aca1,5fdbb72a-6743-465b-bd0f-36b0164c8f92,ocr_required,scoring_rubric,known_missing,True,True,,,matched,import-execution-v5\t160-quality-20261006T132638Z-80ad8d90\runs\t160-quality-20261006T132638Z-80ad8d90-07-IMP-IMAGE-r1\result.json
t160-quality-20261006T132638Z-80ad8d90-07-IMP-IMAGE-r1,IMP-IMAGE,1,automatic,c4d750a5-4dc4-5a35-83e2-dee4ca44aca1,5fdbb72a-6743-465b-bd0f-36b0164c8f92,ocr_required,knowledge_points,known_missing,True,False,[],,matched,import-execution-v5\t160-quality-20261006T132638Z-80ad8d90\runs\t160-quality-20261006T132638Z-80ad8d90-07-IMP-IMAGE-r1\result.json
t160-quality-20261006T132638Z-80ad8d90-07-IMP-IMAGE-r1,IMP-IMAGE,1,automatic,c4d750a5-4dc4-5a35-83e2-dee4ca44aca1,5fdbb72a-6743-465b-bd0f-36b0164c8f92,ocr_required,source_regions,unknown,False,,,,reference_unknown,import-execution-v5\t160-quality-20261006T132638Z-80ad8d90\runs\t160-quality-20261006T132638Z-80ad8d90-07-IMP-IMAGE-r1\result.json
t160-quality-20261006T132638Z-80ad8d90-07-IMP-IMAGE-r1,IMP-IMAGE,1,automatic,c4d750a5-4dc4-5a35-83e2-dee4ca44aca1,5fdbb72a-6743-465b-bd0f-36b0164c8f92,ocr_required,assets,source_provided,True,False,[],,matched,import-execution-v5\t160-quality-20261006T132638Z-80ad8d90\runs\t160-quality-20261006T132638Z-80ad8d90-07-IMP-IMAGE-r1\result.json
t160-quality-20261006T132638Z-80ad8d90-07-IMP-IMAGE-r1,IMP-IMAGE,1,automatic,e418791a-1462-52b7-98fe-396ce71b8d48,9a496d79-c4a4-41f8-a533-ee75fcc255dd,ocr_required,question_number,source_provided,True,True,2,2,matched,import-execution-v5\t160-quality-20261006T132638Z-80ad8d90\runs\t160-quality-20261006T132638Z-80ad8d90-07-IMP-IMAGE-r1\result.json
t160-quality-20261006T132638Z-80ad8d90-07-IMP-IMAGE-r1,IMP-IMAGE,1,automatic,e418791a-1462-52b7-98fe-396ce71b8d48,9a496d79-c4a4-41f8-a533-ee75fcc255dd,ocr_required,order_index,source_provided,True,True,2,2,matched,import-execution-v5\t160-quality-20261006T132638Z-80ad8d90\runs\t160-quality-20261006T132638Z-80ad8d90-07-IMP-IMAGE-r1\result.json
t160-quality-20261006T132638Z-80ad8d90-07-IMP-IMAGE-r1,IMP-IMAGE,1,automatic,e418791a-1462-52b7-98fe-396ce71b8d48,9a496d79-c4a4-41f8-a533-ee75fcc255dd,ocr_required,source_page_numbers,source_provided,True,True,[1],[1],matched,import-execution-v5\t160-quality-20261006T132638Z-80ad8d90\runs\t160-quality-20261006T132638Z-80ad8d90-07-IMP-IMAGE-r1\result.json
t160-quality-20261006T132638Z-80ad8d90-07-IMP-IMAGE-r1,IMP-IMAGE,1,automatic,e418791a-1462-52b7-98fe-396ce71b8d48,9a496d79-c4a4-41f8-a533-ee75fcc255dd,ocr_required,question_type,source_provided,True,True,TRUE_FALSE,TRUE_FALSE,matched,import-execution-v5\t160-quality-20261006T132638Z-80ad8d90\runs\t160-quality-20261006T132638Z-80ad8d90-07-IMP-IMAGE-r1\result.json
t160-quality-20261006T132638Z-80ad8d90-07-IMP-IMAGE-r1,IMP-IMAGE,1,automatic,e418791a-1462-52b7-98fe-396ce71b8d48,9a496d79-c4a4-41f8-a533-ee75fcc255dd,ocr_required,content,source_provided,True,False,右图三角形面积为 24 cm²。,右图三角形面积为24cm²。,matched,import-execution-v5\t160-quality-20261006T132638Z-80ad8d90\runs\t160-quality-20261006T132638Z-80ad8d90-07-IMP-IMAGE-r1\result.json
t160-quality-20261006T132638Z-80ad8d90-07-IMP-IMAGE-r1,IMP-IMAGE,1,automatic,e418791a-1462-52b7-98fe-396ce71b8d48,9a496d79-c4a4-41f8-a533-ee75fcc255dd,ocr_required,options,source_provided,True,True,"[""正确"", ""错误""]","[""正确"", ""错误""]",matched,import-execution-v5\t160-quality-20261006T132638Z-80ad8d90\runs\t160-quality-20261006T132638Z-80ad8d90-07-IMP-IMAGE-r1\result.json
t160-quality-20261006T132638Z-80ad8d90-07-IMP-IMAGE-r1,IMP-IMAGE,1,automatic,e418791a-1462-52b7-98fe-396ce71b8d48,9a496d79-c4a4-41f8-a533-ee75fcc255dd,ocr_required,reference_answer,known_missing,True,True,,,matched,import-execution-v5\t160-quality-20261006T132638Z-80ad8d90\runs\t160-quality-20261006T132638Z-80ad8d90-07-IMP-IMAGE-r1\result.json
t160-quality-20261006T132638Z-80ad8d90-07-IMP-IMAGE-r1,IMP-IMAGE,1,automatic,e418791a-1462-52b7-98fe-396ce71b8d48,9a496d79-c4a4-41f8-a533-ee75fcc255dd,ocr_required,analysis,known_missing,True,True,,,matched,import-execution-v5\t160-quality-20261006T132638Z-80ad8d90\runs\t160-quality-20261006T132638Z-80ad8d90-07-IMP-IMAGE-r1\result.json
t160-quality-20261006T132638Z-80ad8d90-07-IMP-IMAGE-r1,IMP-IMAGE,1,automatic,e418791a-1462-52b7-98fe-396ce71b8d48,9a496d79-c4a4-41f8-a533-ee75fcc255dd,ocr_required,score,source_provided,True,True,2.00,2.00,matched,import-execution-v5\t160-quality-20261006T132638Z-80ad8d90\runs\t160-quality-20261006T132638Z-80ad8d90-07-IMP-IMAGE-r1\result.json
t160-quality-20261006T132638Z-80ad8d90-07-IMP-IMAGE-r1,IMP-IMAGE,1,automatic,e418791a-1462-52b7-98fe-396ce71b8d48,9a496d79-c4a4-41f8-a533-ee75fcc255dd,ocr_required,scoring_rubric,known_missing,True,True,,,matched,import-execution-v5\t160-quality-20261006T132638Z-80ad8d90\runs\t160-quality-20261006T132638Z-80ad8d90-07-IMP-IMAGE-r1\result.json
t160-quality-20261006T132638Z-80ad8d90-07-IMP-IMAGE-r1,IMP-IMAGE,1,automatic,e418791a-1462-52b7-98fe-396ce71b8d48,9a496d79-c4a4-41f8-a533-ee75fcc255dd,ocr_required,knowledge_points,known_missing,True,False,[],,matched,import-execution-v5\t160-quality-20261006T132638Z-80ad8d90\runs\t160-quality-20261006T132638Z-80ad8d90-07-IMP-IMAGE-r1\result.json
t160-quality-20261006T132638Z-80ad8d90-07-IMP-IMAGE-r1,IMP-IMAGE,1,automatic,e418791a-1462-52b7-98fe-396ce71b8d48,9a496d79-c4a4-41f8-a533-ee75fcc255dd,ocr_required,source_regions,unknown,False,,,,reference_unknown,import-execution-v5\t160-quality-20261006T132638Z-80ad8d90\runs\t160-quality-20261006T132638Z-80ad8d90-07-IMP-IMAGE-r1\result.json
t160-quality-20261006T132638Z-80ad8d90-07-IMP-IMAGE-r1,IMP-IMAGE,1,automatic,e418791a-1462-52b7-98fe-396ce71b8d48,9a496d79-c4a4-41f8-a533-ee75fcc255dd,ocr_required,assets,source_provided,True,False,"[{""asset_type"": ""figure"", ""source_page_number"": 1, ""order_index"": 1}]",,matched,import-execution-v5\t160-quality-20261006T132638Z-80ad8d90\runs\t160-quality-20261006T132638Z-80ad8d90-07-IMP-IMAGE-r1\result.json
t160-quality-20261006T132638Z-80ad8d90-07-IMP-IMAGE-r1,IMP-IMAGE,1,automatic,e5c1555f-e927-575c-b68c-85eb341a3202,28f023ee-328a-4edc-bc26-352765e2883e,ocr_required,question_number,source_provided,True,True,3,3,matched,import-execution-v5\t160-quality-20261006T132638Z-80ad8d90\runs\t160-quality-20261006T132638Z-80ad8d90-07-IMP-IMAGE-r1\result.json
t160-quality-20261006T132638Z-80ad8d90-07-IMP-IMAGE-r1,IMP-IMAGE,1,automatic,e5c1555f-e927-575c-b68c-85eb341a3202,28f023ee-328a-4edc-bc26-352765e2883e,ocr_required,order_index,source_provided,True,True,3,3,matched,import-execution-v5\t160-quality-20261006T132638Z-80ad8d90\runs\t160-quality-20261006T132638Z-80ad8d90-07-IMP-IMAGE-r1\result.json
t160-quality-20261006T132638Z-80ad8d90-07-IMP-IMAGE-r1,IMP-IMAGE,1,automatic,e5c1555f-e927-575c-b68c-85eb341a3202,28f023ee-328a-4edc-bc26-352765e2883e,ocr_required,source_page_numbers,source_provided,True,True,[1],[1],matched,import-execution-v5\t160-quality-20261006T132638Z-80ad8d90\runs\t160-quality-20261006T132638Z-80ad8d90-07-IMP-IMAGE-r1\result.json
t160-quality-20261006T132638Z-80ad8d90-07-IMP-IMAGE-r1,IMP-IMAGE,1,automatic,e5c1555f-e927-575c-b68c-85eb341a3202,28f023ee-328a-4edc-bc26-352765e2883e,ocr_required,question_type,source_provided,True,True,SHORT_ANSWER,SHORT_ANSWER,matched,import-execution-v5\t160-quality-20261006T132638Z-80ad8d90\runs\t160-quality-20261006T132638Z-80ad8d90-07-IMP-IMAGE-r1\result.json
t160-quality-20261006T132638Z-80ad8d90-07-IMP-IMAGE-r1,IMP-IMAGE,1,automatic,e5c1555f-e927-575c-b68c-85eb341a3202,28f023ee-328a-4edc-bc26-352765e2883e,ocr_required,content,source_provided,True,False,根据下表写出 y 关于 x 的关系式。,根据下表写出y关于x的关系式。,matched,import-execution-v5\t160-quality-20261006T132638Z-80ad8d90\runs\t160-quality-20261006T132638Z-80ad8d90-07-IMP-IMAGE-r1\result.json
t160-quality-20261006T132638Z-80ad8d90-07-IMP-IMAGE-r1,IMP-IMAGE,1,automatic,e5c1555f-e927-575c-b68c-85eb341a3202,28f023ee-328a-4edc-bc26-352765e2883e,ocr_required,options,not_applicable,True,True,,,matched,import-execution-v5\t160-quality-20261006T132638Z-80ad8d90\runs\t160-quality-20261006T132638Z-80ad8d90-07-IMP-IMAGE-r1\result.json
t160-quality-20261006T132638Z-80ad8d90-07-IMP-IMAGE-r1,IMP-IMAGE,1,automatic,e5c1555f-e927-575c-b68c-85eb341a3202,28f023ee-328a-4edc-bc26-352765e2883e,ocr_required,reference_answer,known_missing,True,True,,,matched,import-execution-v5\t160-quality-20261006T132638Z-80ad8d90\runs\t160-quality-20261006T132638Z-80ad8d90-07-IMP-IMAGE-r1\result.json
t160-quality-20261006T132638Z-80ad8d90-07-IMP-IMAGE-r1,IMP-IMAGE,1,automatic,e5c1555f-e927-575c-b68c-85eb341a3202,28f023ee-328a-4edc-bc26-352765e2883e,ocr_required,analysis,known_missing,True,True,,,matched,import-execution-v5\t160-quality-20261006T132638Z-80ad8d90\runs\t160-quality-20261006T132638Z-80ad8d90-07-IMP-IMAGE-r1\result.json
t160-quality-20261006T132638Z-80ad8d90-07-IMP-IMAGE-r1,IMP-IMAGE,1,automatic,e5c1555f-e927-575c-b68c-85eb341a3202,28f023ee-328a-4edc-bc26-352765e2883e,ocr_required,score,source_provided,True,True,3.00,3.00,matched,import-execution-v5\t160-quality-20261006T132638Z-80ad8d90\runs\t160-quality-20261006T132638Z-80ad8d90-07-IMP-IMAGE-r1\result.json
t160-quality-20261006T132638Z-80ad8d90-07-IMP-IMAGE-r1,IMP-IMAGE,1,automatic,e5c1555f-e927-575c-b68c-85eb341a3202,28f023ee-328a-4edc-bc26-352765e2883e,ocr_required,scoring_rubric,source_provided,True,False,正确关系式 1.00；说明代入过程 2.00。,正确关系式1.00；说明代入过程2.00。,matched,import-execution-v5\t160-quality-20261006T132638Z-80ad8d90\runs\t160-quality-20261006T132638Z-80ad8d90-07-IMP-IMAGE-r1\result.json
t160-quality-20261006T132638Z-80ad8d90-07-IMP-IMAGE-r1,IMP-IMAGE,1,automatic,e5c1555f-e927-575c-b68c-85eb341a3202,28f023ee-328a-4edc-bc26-352765e2883e,ocr_required,knowledge_points,source_provided,True,True,"[""一次函数"", ""表达与计算""]","[""一次函数"", ""表达与计算""]",matched,import-execution-v5\t160-quality-20261006T132638Z-80ad8d90\runs\t160-quality-20261006T132638Z-80ad8d90-07-IMP-IMAGE-r1\result.json
t160-quality-20261006T132638Z-80ad8d90-07-IMP-IMAGE-r1,IMP-IMAGE,1,automatic,e5c1555f-e927-575c-b68c-85eb341a3202,28f023ee-328a-4edc-bc26-352765e2883e,ocr_required,source_regions,unknown,False,,,,reference_unknown,import-execution-v5\t160-quality-20261006T132638Z-80ad8d90\runs\t160-quality-20261006T132638Z-80ad8d90-07-IMP-IMAGE-r1\result.json
t160-quality-20261006T132638Z-80ad8d90-07-IMP-IMAGE-r1,IMP-IMAGE,1,automatic,e5c1555f-e927-575c-b68c-85eb341a3202,28f023ee-328a-4edc-bc26-352765e2883e,ocr_required,assets,source_provided,True,False,"[{""asset_type"": ""table"", ""source_page_number"": 1, ""order_index"": 1}]",,matched,import-execution-v5\t160-quality-20261006T132638Z-80ad8d90\runs\t160-quality-20261006T132638Z-80ad8d90-07-IMP-IMAGE-r1\result.json
t160-quality-20261006T132638Z-80ad8d90-07-IMP-IMAGE-r1,IMP-IMAGE,1,assisted_corrected,c4d750a5-4dc4-5a35-83e2-dee4ca44aca1,5fdbb72a-6743-465b-bd0f-36b0164c8f92,ocr_required,question_number,source_provided,True,True,1,1,matched,import-execution-v5\t160-quality-20261006T132638Z-80ad8d90\runs\t160-quality-20261006T132638Z-80ad8d90-07-IMP-IMAGE-r1\result.json
t160-quality-20261006T132638Z-80ad8d90-07-IMP-IMAGE-r1,IMP-IMAGE,1,assisted_corrected,c4d750a5-4dc4-5a35-83e2-dee4ca44aca1,5fdbb72a-6743-465b-bd0f-36b0164c8f92,ocr_required,order_index,source_provided,True,True,1,1,matched,import-execution-v5\t160-quality-20261006T132638Z-80ad8d90\runs\t160-quality-20261006T132638Z-80ad8d90-07-IMP-IMAGE-r1\result.json
t160-quality-20261006T132638Z-80ad8d90-07-IMP-IMAGE-r1,IMP-IMAGE,1,assisted_corrected,c4d750a5-4dc4-5a35-83e2-dee4ca44aca1,5fdbb72a-6743-465b-bd0f-36b0164c8f92,ocr_required,source_page_numbers,source_provided,True,True,[1],[1],matched,import-execution-v5\t160-quality-20261006T132638Z-80ad8d90\runs\t160-quality-20261006T132638Z-80ad8d90-07-IMP-IMAGE-r1\result.json
t160-quality-20261006T132638Z-80ad8d90-07-IMP-IMAGE-r1,IMP-IMAGE,1,assisted_corrected,c4d750a5-4dc4-5a35-83e2-dee4ca44aca1,5fdbb72a-6743-465b-bd0f-36b0164c8f92,ocr_required,question_type,source_provided,True,True,SINGLE_CHOICE,SINGLE_CHOICE,matched,import-execution-v5\t160-quality-20261006T132638Z-80ad8d90\runs\t160-quality-20261006T132638Z-80ad8d90-07-IMP-IMAGE-r1\result.json
t160-quality-20261006T132638Z-80ad8d90-07-IMP-IMAGE-r1,IMP-IMAGE,1,assisted_corrected,c4d750a5-4dc4-5a35-83e2-dee4ca44aca1,5fdbb72a-6743-465b-bd0f-36b0164c8f92,ocr_required,content,source_provided,True,True,y = 2x + 1，x = 3 时 y 为多少？,y = 2x + 1，x = 3 时 y 为多少？,matched,import-execution-v5\t160-quality-20261006T132638Z-80ad8d90\runs\t160-quality-20261006T132638Z-80ad8d90-07-IMP-IMAGE-r1\result.json
t160-quality-20261006T132638Z-80ad8d90-07-IMP-IMAGE-r1,IMP-IMAGE,1,assisted_corrected,c4d750a5-4dc4-5a35-83e2-dee4ca44aca1,5fdbb72a-6743-465b-bd0f-36b0164c8f92,ocr_required,options,source_provided,True,True,"{""C"": ""7"", ""A"": ""5"", ""B"": ""6"", ""D"": ""8""}","{""C"": ""7"", ""A"": ""5"", ""B"": ""6"", ""D"": ""8""}",matched,import-execution-v5\t160-quality-20261006T132638Z-80ad8d90\runs\t160-quality-20261006T132638Z-80ad8d90-07-IMP-IMAGE-r1\result.json
t160-quality-20261006T132638Z-80ad8d90-07-IMP-IMAGE-r1,IMP-IMAGE,1,assisted_corrected,c4d750a5-4dc4-5a35-83e2-dee4ca44aca1,5fdbb72a-6743-465b-bd0f-36b0164c8f92,ocr_required,reference_answer,source_provided,True,True,C,C,matched,import-execution-v5\t160-quality-20261006T132638Z-80ad8d90\runs\t160-quality-20261006T132638Z-80ad8d90-07-IMP-IMAGE-r1\result.json
t160-quality-20261006T132638Z-80ad8d90-07-IMP-IMAGE-r1,IMP-IMAGE,1,assisted_corrected,c4d750a5-4dc4-5a35-83e2-dee4ca44aca1,5fdbb72a-6743-465b-bd0f-36b0164c8f92,ocr_required,analysis,source_provided,True,True,2 × 3 + 1 = 7。,2 × 3 + 1 = 7。,matched,import-execution-v5\t160-quality-20261006T132638Z-80ad8d90\runs\t160-quality-20261006T132638Z-80ad8d90-07-IMP-IMAGE-r1\result.json
t160-quality-20261006T132638Z-80ad8d90-07-IMP-IMAGE-r1,IMP-IMAGE,1,assisted_corrected,c4d750a5-4dc4-5a35-83e2-dee4ca44aca1,5fdbb72a-6743-465b-bd0f-36b0164c8f92,ocr_required,score,source_provided,True,True,2.00,2.00,matched,import-execution-v5\t160-quality-20261006T132638Z-80ad8d90\runs\t160-quality-20261006T132638Z-80ad8d90-07-IMP-IMAGE-r1\result.json
t160-quality-20261006T132638Z-80ad8d90-07-IMP-IMAGE-r1,IMP-IMAGE,1,assisted_corrected,c4d750a5-4dc4-5a35-83e2-dee4ca44aca1,5fdbb72a-6743-465b-bd0f-36b0164c8f92,ocr_required,scoring_rubric,known_missing,True,True,,,matched,import-execution-v5\t160-quality-20261006T132638Z-80ad8d90\runs\t160-quality-20261006T132638Z-80ad8d90-07-IMP-IMAGE-r1\result.json
t160-quality-20261006T132638Z-80ad8d90-07-IMP-IMAGE-r1,IMP-IMAGE,1,assisted_corrected,c4d750a5-4dc4-5a35-83e2-dee4ca44aca1,5fdbb72a-6743-465b-bd0f-36b0164c8f92,ocr_required,knowledge_points,known_missing,True,True,[],[],matched,import-execution-v5\t160-quality-20261006T132638Z-80ad8d90\runs\t160-quality-20261006T132638Z-80ad8d90-07-IMP-IMAGE-r1\result.json
t160-quality-20261006T132638Z-80ad8d90-07-IMP-IMAGE-r1,IMP-IMAGE,1,assisted_corrected,c4d750a5-4dc4-5a35-83e2-dee4ca44aca1,5fdbb72a-6743-465b-bd0f-36b0164c8f92,ocr_required,source_regions,unknown,False,,,,reference_unknown,import-execution-v5\t160-quality-20261006T132638Z-80ad8d90\runs\t160-quality-20261006T132638Z-80ad8d90-07-IMP-IMAGE-r1\result.json
t160-quality-20261006T132638Z-80ad8d90-07-IMP-IMAGE-r1,IMP-IMAGE,1,assisted_corrected,c4d750a5-4dc4-5a35-83e2-dee4ca44aca1,5fdbb72a-6743-465b-bd0f-36b0164c8f92,ocr_required,assets,source_provided,True,True,[],[],matched,import-execution-v5\t160-quality-20261006T132638Z-80ad8d90\runs\t160-quality-20261006T132638Z-80ad8d90-07-IMP-IMAGE-r1\result.json
t160-quality-20261006T132638Z-80ad8d90-07-IMP-IMAGE-r1,IMP-IMAGE,1,assisted_corrected,e418791a-1462-52b7-98fe-396ce71b8d48,9a496d79-c4a4-41f8-a533-ee75fcc255dd,ocr_required,question_number,source_provided,True,True,2,2,matched,import-execution-v5\t160-quality-20261006T132638Z-80ad8d90\runs\t160-quality-20261006T132638Z-80ad8d90-07-IMP-IMAGE-r1\result.json
t160-quality-20261006T132638Z-80ad8d90-07-IMP-IMAGE-r1,IMP-IMAGE,1,assisted_corrected,e418791a-1462-52b7-98fe-396ce71b8d48,9a496d79-c4a4-41f8-a533-ee75fcc255dd,ocr_required,order_index,source_provided,True,True,2,2,matched,import-execution-v5\t160-quality-20261006T132638Z-80ad8d90\runs\t160-quality-20261006T132638Z-80ad8d90-07-IMP-IMAGE-r1\result.json
t160-quality-20261006T132638Z-80ad8d90-07-IMP-IMAGE-r1,IMP-IMAGE,1,assisted_corrected,e418791a-1462-52b7-98fe-396ce71b8d48,9a496d79-c4a4-41f8-a533-ee75fcc255dd,ocr_required,source_page_numbers,source_provided,True,True,[1],[1],matched,import-execution-v5\t160-quality-20261006T132638Z-80ad8d90\runs\t160-quality-20261006T132638Z-80ad8d90-07-IMP-IMAGE-r1\result.json
t160-quality-20261006T132638Z-80ad8d90-07-IMP-IMAGE-r1,IMP-IMAGE,1,assisted_corrected,e418791a-1462-52b7-98fe-396ce71b8d48,9a496d79-c4a4-41f8-a533-ee75fcc255dd,ocr_required,question_type,source_provided,True,True,TRUE_FALSE,TRUE_FALSE,matched,import-execution-v5\t160-quality-20261006T132638Z-80ad8d90\runs\t160-quality-20261006T132638Z-80ad8d90-07-IMP-IMAGE-r1\result.json
t160-quality-20261006T132638Z-80ad8d90-07-IMP-IMAGE-r1,IMP-IMAGE,1,assisted_corrected,e418791a-1462-52b7-98fe-396ce71b8d48,9a496d79-c4a4-41f8-a533-ee75fcc255dd,ocr_required,content,source_provided,True,True,右图三角形面积为 24 cm²。,右图三角形面积为 24 cm²。,matched,import-execution-v5\t160-quality-20261006T132638Z-80ad8d90\runs\t160-quality-20261006T132638Z-80ad8d90-07-IMP-IMAGE-r1\result.json
t160-quality-20261006T132638Z-80ad8d90-07-IMP-IMAGE-r1,IMP-IMAGE,1,assisted_corrected,e418791a-1462-52b7-98fe-396ce71b8d48,9a496d79-c4a4-41f8-a533-ee75fcc255dd,ocr_required,options,source_provided,True,True,"[""正确"", ""错误""]","[""正确"", ""错误""]",matched,import-execution-v5\t160-quality-20261006T132638Z-80ad8d90\runs\t160-quality-20261006T132638Z-80ad8d90-07-IMP-IMAGE-r1\result.json
t160-quality-20261006T132638Z-80ad8d90-07-IMP-IMAGE-r1,IMP-IMAGE,1,assisted_corrected,e418791a-1462-52b7-98fe-396ce71b8d48,9a496d79-c4a4-41f8-a533-ee75fcc255dd,ocr_required,reference_answer,known_missing,True,True,,,matched,import-execution-v5\t160-quality-20261006T132638Z-80ad8d90\runs\t160-quality-20261006T132638Z-80ad8d90-07-IMP-IMAGE-r1\result.json
t160-quality-20261006T132638Z-80ad8d90-07-IMP-IMAGE-r1,IMP-IMAGE,1,assisted_corrected,e418791a-1462-52b7-98fe-396ce71b8d48,9a496d79-c4a4-41f8-a533-ee75fcc255dd,ocr_required,analysis,known_missing,True,True,,,matched,import-execution-v5\t160-quality-20261006T132638Z-80ad8d90\runs\t160-quality-20261006T132638Z-80ad8d90-07-IMP-IMAGE-r1\result.json
t160-quality-20261006T132638Z-80ad8d90-07-IMP-IMAGE-r1,IMP-IMAGE,1,assisted_corrected,e418791a-1462-52b7-98fe-396ce71b8d48,9a496d79-c4a4-41f8-a533-ee75fcc255dd,ocr_required,score,source_provided,True,True,2.00,2.00,matched,import-execution-v5\t160-quality-20261006T132638Z-80ad8d90\runs\t160-quality-20261006T132638Z-80ad8d90-07-IMP-IMAGE-r1\result.json
t160-quality-20261006T132638Z-80ad8d90-07-IMP-IMAGE-r1,IMP-IMAGE,1,assisted_corrected,e418791a-1462-52b7-98fe-396ce71b8d48,9a496d79-c4a4-41f8-a533-ee75fcc255dd,ocr_required,scoring_rubric,known_missing,True,True,,,matched,import-execution-v5\t160-quality-20261006T132638Z-80ad8d90\runs\t160-quality-20261006T132638Z-80ad8d90-07-IMP-IMAGE-r1\result.json
t160-quality-20261006T132638Z-80ad8d90-07-IMP-IMAGE-r1,IMP-IMAGE,1,assisted_corrected,e418791a-1462-52b7-98fe-396ce71b8d48,9a496d79-c4a4-41f8-a533-ee75fcc255dd,ocr_required,knowledge_points,known_missing,True,True,[],[],matched,import-execution-v5\t160-quality-20261006T132638Z-80ad8d90\runs\t160-quality-20261006T132638Z-80ad8d90-07-IMP-IMAGE-r1\result.json
t160-quality-20261006T132638Z-80ad8d90-07-IMP-IMAGE-r1,IMP-IMAGE,1,assisted_corrected,e418791a-1462-52b7-98fe-396ce71b8d48,9a496d79-c4a4-41f8-a533-ee75fcc255dd,ocr_required,source_regions,unknown,False,,,,reference_unknown,import-execution-v5\t160-quality-20261006T132638Z-80ad8d90\runs\t160-quality-20261006T132638Z-80ad8d90-07-IMP-IMAGE-r1\result.json
t160-quality-20261006T132638Z-80ad8d90-07-IMP-IMAGE-r1,IMP-IMAGE,1,assisted_corrected,e418791a-1462-52b7-98fe-396ce71b8d48,9a496d79-c4a4-41f8-a533-ee75fcc255dd,ocr_required,assets,source_provided,True,False,"[{""asset_type"": ""figure"", ""source_page_number"": 1, ""order_index"": 1}]",,matched,import-execution-v5\t160-quality-20261006T132638Z-80ad8d90\runs\t160-quality-20261006T132638Z-80ad8d90-07-IMP-IMAGE-r1\result.json
t160-quality-20261006T132638Z-80ad8d90-07-IMP-IMAGE-r1,IMP-IMAGE,1,assisted_corrected,e5c1555f-e927-575c-b68c-85eb341a3202,28f023ee-328a-4edc-bc26-352765e2883e,ocr_required,question_number,source_provided,True,True,3,3,matched,import-execution-v5\t160-quality-20261006T132638Z-80ad8d90\runs\t160-quality-20261006T132638Z-80ad8d90-07-IMP-IMAGE-r1\result.json
t160-quality-20261006T132638Z-80ad8d90-07-IMP-IMAGE-r1,IMP-IMAGE,1,assisted_corrected,e5c1555f-e927-575c-b68c-85eb341a3202,28f023ee-328a-4edc-bc26-352765e2883e,ocr_required,order_index,source_provided,True,True,3,3,matched,import-execution-v5\t160-quality-20261006T132638Z-80ad8d90\runs\t160-quality-20261006T132638Z-80ad8d90-07-IMP-IMAGE-r1\result.json
t160-quality-20261006T132638Z-80ad8d90-07-IMP-IMAGE-r1,IMP-IMAGE,1,assisted_corrected,e5c1555f-e927-575c-b68c-85eb341a3202,28f023ee-328a-4edc-bc26-352765e2883e,ocr_required,source_page_numbers,source_provided,True,True,[1],[1],matched,import-execution-v5\t160-quality-20261006T132638Z-80ad8d90\runs\t160-quality-20261006T132638Z-80ad8d90-07-IMP-IMAGE-r1\result.json
t160-quality-20261006T132638Z-80ad8d90-07-IMP-IMAGE-r1,IMP-IMAGE,1,assisted_corrected,e5c1555f-e927-575c-b68c-85eb341a3202,28f023ee-328a-4edc-bc26-352765e2883e,ocr_required,question_type,source_provided,True,True,SHORT_ANSWER,SHORT_ANSWER,matched,import-execution-v5\t160-quality-20261006T132638Z-80ad8d90\runs\t160-quality-20261006T132638Z-80ad8d90-07-IMP-IMAGE-r1\result.json
t160-quality-20261006T132638Z-80ad8d90-07-IMP-IMAGE-r1,IMP-IMAGE,1,assisted_corrected,e5c1555f-e927-575c-b68c-85eb341a3202,28f023ee-328a-4edc-bc26-352765e2883e,ocr_required,content,source_provided,True,True,根据下表写出 y 关于 x 的关系式。,根据下表写出 y 关于 x 的关系式。,matched,import-execution-v5\t160-quality-20261006T132638Z-80ad8d90\runs\t160-quality-20261006T132638Z-80ad8d90-07-IMP-IMAGE-r1\result.json
t160-quality-20261006T132638Z-80ad8d90-07-IMP-IMAGE-r1,IMP-IMAGE,1,assisted_corrected,e5c1555f-e927-575c-b68c-85eb341a3202,28f023ee-328a-4edc-bc26-352765e2883e,ocr_required,options,not_applicable,True,True,,,matched,import-execution-v5\t160-quality-20261006T132638Z-80ad8d90\runs\t160-quality-20261006T132638Z-80ad8d90-07-IMP-IMAGE-r1\result.json
t160-quality-20261006T132638Z-80ad8d90-07-IMP-IMAGE-r1,IMP-IMAGE,1,assisted_corrected,e5c1555f-e927-575c-b68c-85eb341a3202,28f023ee-328a-4edc-bc26-352765e2883e,ocr_required,reference_answer,known_missing,True,True,,,matched,import-execution-v5\t160-quality-20261006T132638Z-80ad8d90\runs\t160-quality-20261006T132638Z-80ad8d90-07-IMP-IMAGE-r1\result.json
t160-quality-20261006T132638Z-80ad8d90-07-IMP-IMAGE-r1,IMP-IMAGE,1,assisted_corrected,e5c1555f-e927-575c-b68c-85eb341a3202,28f023ee-328a-4edc-bc26-352765e2883e,ocr_required,analysis,known_missing,True,True,,,matched,import-execution-v5\t160-quality-20261006T132638Z-80ad8d90\runs\t160-quality-20261006T132638Z-80ad8d90-07-IMP-IMAGE-r1\result.json
t160-quality-20261006T132638Z-80ad8d90-07-IMP-IMAGE-r1,IMP-IMAGE,1,assisted_corrected,e5c1555f-e927-575c-b68c-85eb341a3202,28f023ee-328a-4edc-bc26-352765e2883e,ocr_required,score,source_provided,True,True,3.00,3.00,matched,import-execution-v5\t160-quality-20261006T132638Z-80ad8d90\runs\t160-quality-20261006T132638Z-80ad8d90-07-IMP-IMAGE-r1\result.json
t160-quality-20261006T132638Z-80ad8d90-07-IMP-IMAGE-r1,IMP-IMAGE,1,assisted_corrected,e5c1555f-e927-575c-b68c-85eb341a3202,28f023ee-328a-4edc-bc26-352765e2883e,ocr_required,scoring_rubric,source_provided,True,True,正确关系式 1.00；说明代入过程 2.00。,正确关系式 1.00；说明代入过程 2.00。,matched,import-execution-v5\t160-quality-20261006T132638Z-80ad8d90\runs\t160-quality-20261006T132638Z-80ad8d90-07-IMP-IMAGE-r1\result.json
t160-quality-20261006T132638Z-80ad8d90-07-IMP-IMAGE-r1,IMP-IMAGE,1,assisted_corrected,e5c1555f-e927-575c-b68c-85eb341a3202,28f023ee-328a-4edc-bc26-352765e2883e,ocr_required,knowledge_points,source_provided,True,True,"[""一次函数"", ""表达与计算""]","[""一次函数"", ""表达与计算""]",matched,import-execution-v5\t160-quality-20261006T132638Z-80ad8d90\runs\t160-quality-20261006T132638Z-80ad8d90-07-IMP-IMAGE-r1\result.json
t160-quality-20261006T132638Z-80ad8d90-07-IMP-IMAGE-r1,IMP-IMAGE,1,assisted_corrected,e5c1555f-e927-575c-b68c-85eb341a3202,28f023ee-328a-4edc-bc26-352765e2883e,ocr_required,source_regions,unknown,False,,,,reference_unknown,import-execution-v5\t160-quality-20261006T132638Z-80ad8d90\runs\t160-quality-20261006T132638Z-80ad8d90-07-IMP-IMAGE-r1\result.json
t160-quality-20261006T132638Z-80ad8d90-07-IMP-IMAGE-r1,IMP-IMAGE,1,assisted_corrected,e5c1555f-e927-575c-b68c-85eb341a3202,28f023ee-328a-4edc-bc26-352765e2883e,ocr_required,assets,source_provided,True,False,"[{""asset_type"": ""table"", ""source_page_number"": 1, ""order_index"": 1}]",,matched,import-execution-v5\t160-quality-20261006T132638Z-80ad8d90\runs\t160-quality-20261006T132638Z-80ad8d90-07-IMP-IMAGE-r1\result.json
t160-quality-20261006T132638Z-80ad8d90-08-IMP-IMAGE-r2,IMP-IMAGE,2,automatic,c4d750a5-4dc4-5a35-83e2-dee4ca44aca1,3eb2d4e4-c633-47ff-b823-3706ce25366f,ocr_required,question_number,source_provided,True,True,1,1,matched,import-execution-v5\t160-quality-20261006T132638Z-80ad8d90\runs\t160-quality-20261006T132638Z-80ad8d90-08-IMP-IMAGE-r2\result.json
t160-quality-20261006T132638Z-80ad8d90-08-IMP-IMAGE-r2,IMP-IMAGE,2,automatic,c4d750a5-4dc4-5a35-83e2-dee4ca44aca1,3eb2d4e4-c633-47ff-b823-3706ce25366f,ocr_required,order_index,source_provided,True,True,1,1,matched,import-execution-v5\t160-quality-20261006T132638Z-80ad8d90\runs\t160-quality-20261006T132638Z-80ad8d90-08-IMP-IMAGE-r2\result.json
t160-quality-20261006T132638Z-80ad8d90-08-IMP-IMAGE-r2,IMP-IMAGE,2,automatic,c4d750a5-4dc4-5a35-83e2-dee4ca44aca1,3eb2d4e4-c633-47ff-b823-3706ce25366f,ocr_required,source_page_numbers,source_provided,True,True,[1],[1],matched,import-execution-v5\t160-quality-20261006T132638Z-80ad8d90\runs\t160-quality-20261006T132638Z-80ad8d90-08-IMP-IMAGE-r2\result.json
t160-quality-20261006T132638Z-80ad8d90-08-IMP-IMAGE-r2,IMP-IMAGE,2,automatic,c4d750a5-4dc4-5a35-83e2-dee4ca44aca1,3eb2d4e4-c633-47ff-b823-3706ce25366f,ocr_required,question_type,source_provided,True,True,SINGLE_CHOICE,SINGLE_CHOICE,matched,import-execution-v5\t160-quality-20261006T132638Z-80ad8d90\runs\t160-quality-20261006T132638Z-80ad8d90-08-IMP-IMAGE-r2\result.json
t160-quality-20261006T132638Z-80ad8d90-08-IMP-IMAGE-r2,IMP-IMAGE,2,automatic,c4d750a5-4dc4-5a35-83e2-dee4ca44aca1,3eb2d4e4-c633-47ff-b823-3706ce25366f,ocr_required,content,source_provided,True,False,y = 2x + 1，x = 3 时 y 为多少？,y = 2x +1，x = 3 时y 为多少？,matched,import-execution-v5\t160-quality-20261006T132638Z-80ad8d90\runs\t160-quality-20261006T132638Z-80ad8d90-08-IMP-IMAGE-r2\result.json
t160-quality-20261006T132638Z-80ad8d90-08-IMP-IMAGE-r2,IMP-IMAGE,2,automatic,c4d750a5-4dc4-5a35-83e2-dee4ca44aca1,3eb2d4e4-c633-47ff-b823-3706ce25366f,ocr_required,options,source_provided,True,True,"{""C"": ""7"", ""A"": ""5"", ""B"": ""6"", ""D"": ""8""}","{""C"": ""7"", ""A"": ""5"", ""B"": ""6"", ""D"": ""8""}",matched,import-execution-v5\t160-quality-20261006T132638Z-80ad8d90\runs\t160-quality-20261006T132638Z-80ad8d90-08-IMP-IMAGE-r2\result.json
t160-quality-20261006T132638Z-80ad8d90-08-IMP-IMAGE-r2,IMP-IMAGE,2,automatic,c4d750a5-4dc4-5a35-83e2-dee4ca44aca1,3eb2d4e4-c633-47ff-b823-3706ce25366f,ocr_required,reference_answer,source_provided,True,True,C,C,matched,import-execution-v5\t160-quality-20261006T132638Z-80ad8d90\runs\t160-quality-20261006T132638Z-80ad8d90-08-IMP-IMAGE-r2\result.json
t160-quality-20261006T132638Z-80ad8d90-08-IMP-IMAGE-r2,IMP-IMAGE,2,automatic,c4d750a5-4dc4-5a35-83e2-dee4ca44aca1,3eb2d4e4-c633-47ff-b823-3706ce25366f,ocr_required,analysis,source_provided,True,False,2 × 3 + 1 = 7。,2 × 3 +1=7。,matched,import-execution-v5\t160-quality-20261006T132638Z-80ad8d90\runs\t160-quality-20261006T132638Z-80ad8d90-08-IMP-IMAGE-r2\result.json
t160-quality-20261006T132638Z-80ad8d90-08-IMP-IMAGE-r2,IMP-IMAGE,2,automatic,c4d750a5-4dc4-5a35-83e2-dee4ca44aca1,3eb2d4e4-c633-47ff-b823-3706ce25366f,ocr_required,score,source_provided,True,True,2.00,2.00,matched,import-execution-v5\t160-quality-20261006T132638Z-80ad8d90\runs\t160-quality-20261006T132638Z-80ad8d90-08-IMP-IMAGE-r2\result.json
t160-quality-20261006T132638Z-80ad8d90-08-IMP-IMAGE-r2,IMP-IMAGE,2,automatic,c4d750a5-4dc4-5a35-83e2-dee4ca44aca1,3eb2d4e4-c633-47ff-b823-3706ce25366f,ocr_required,scoring_rubric,known_missing,True,True,,,matched,import-execution-v5\t160-quality-20261006T132638Z-80ad8d90\runs\t160-quality-20261006T132638Z-80ad8d90-08-IMP-IMAGE-r2\result.json
t160-quality-20261006T132638Z-80ad8d90-08-IMP-IMAGE-r2,IMP-IMAGE,2,automatic,c4d750a5-4dc4-5a35-83e2-dee4ca44aca1,3eb2d4e4-c633-47ff-b823-3706ce25366f,ocr_required,knowledge_points,known_missing,True,False,[],,matched,import-execution-v5\t160-quality-20261006T132638Z-80ad8d90\runs\t160-quality-20261006T132638Z-80ad8d90-08-IMP-IMAGE-r2\result.json
t160-quality-20261006T132638Z-80ad8d90-08-IMP-IMAGE-r2,IMP-IMAGE,2,automatic,c4d750a5-4dc4-5a35-83e2-dee4ca44aca1,3eb2d4e4-c633-47ff-b823-3706ce25366f,ocr_required,source_regions,unknown,False,,,,reference_unknown,import-execution-v5\t160-quality-20261006T132638Z-80ad8d90\runs\t160-quality-20261006T132638Z-80ad8d90-08-IMP-IMAGE-r2\result.json
t160-quality-20261006T132638Z-80ad8d90-08-IMP-IMAGE-r2,IMP-IMAGE,2,automatic,c4d750a5-4dc4-5a35-83e2-dee4ca44aca1,3eb2d4e4-c633-47ff-b823-3706ce25366f,ocr_required,assets,source_provided,True,False,[],,matched,import-execution-v5\t160-quality-20261006T132638Z-80ad8d90\runs\t160-quality-20261006T132638Z-80ad8d90-08-IMP-IMAGE-r2\result.json
t160-quality-20261006T132638Z-80ad8d90-08-IMP-IMAGE-r2,IMP-IMAGE,2,automatic,e418791a-1462-52b7-98fe-396ce71b8d48,14a41559-9361-4ddc-ab1f-e82c54d83dfd,ocr_required,question_number,source_provided,True,True,2,2,matched,import-execution-v5\t160-quality-20261006T132638Z-80ad8d90\runs\t160-quality-20261006T132638Z-80ad8d90-08-IMP-IMAGE-r2\result.json
t160-quality-20261006T132638Z-80ad8d90-08-IMP-IMAGE-r2,IMP-IMAGE,2,automatic,e418791a-1462-52b7-98fe-396ce71b8d48,14a41559-9361-4ddc-ab1f-e82c54d83dfd,ocr_required,order_index,source_provided,True,True,2,2,matched,import-execution-v5\t160-quality-20261006T132638Z-80ad8d90\runs\t160-quality-20261006T132638Z-80ad8d90-08-IMP-IMAGE-r2\result.json
t160-quality-20261006T132638Z-80ad8d90-08-IMP-IMAGE-r2,IMP-IMAGE,2,automatic,e418791a-1462-52b7-98fe-396ce71b8d48,14a41559-9361-4ddc-ab1f-e82c54d83dfd,ocr_required,source_page_numbers,source_provided,True,True,[1],[1],matched,import-execution-v5\t160-quality-20261006T132638Z-80ad8d90\runs\t160-quality-20261006T132638Z-80ad8d90-08-IMP-IMAGE-r2\result.json
t160-quality-20261006T132638Z-80ad8d90-08-IMP-IMAGE-r2,IMP-IMAGE,2,automatic,e418791a-1462-52b7-98fe-396ce71b8d48,14a41559-9361-4ddc-ab1f-e82c54d83dfd,ocr_required,question_type,source_provided,True,True,TRUE_FALSE,TRUE_FALSE,matched,import-execution-v5\t160-quality-20261006T132638Z-80ad8d90\runs\t160-quality-20261006T132638Z-80ad8d90-08-IMP-IMAGE-r2\result.json
t160-quality-20261006T132638Z-80ad8d90-08-IMP-IMAGE-r2,IMP-IMAGE,2,automatic,e418791a-1462-52b7-98fe-396ce71b8d48,14a41559-9361-4ddc-ab1f-e82c54d83dfd,ocr_required,content,source_provided,True,False,右图三角形面积为 24 cm²。,右图三角形面积为24cm²。,matched,import-execution-v5\t160-quality-20261006T132638Z-80ad8d90\runs\t160-quality-20261006T132638Z-80ad8d90-08-IMP-IMAGE-r2\result.json
t160-quality-20261006T132638Z-80ad8d90-08-IMP-IMAGE-r2,IMP-IMAGE,2,automatic,e418791a-1462-52b7-98fe-396ce71b8d48,14a41559-9361-4ddc-ab1f-e82c54d83dfd,ocr_required,options,source_provided,True,True,"[""正确"", ""错误""]","[""正确"", ""错误""]",matched,import-execution-v5\t160-quality-20261006T132638Z-80ad8d90\runs\t160-quality-20261006T132638Z-80ad8d90-08-IMP-IMAGE-r2\result.json
t160-quality-20261006T132638Z-80ad8d90-08-IMP-IMAGE-r2,IMP-IMAGE,2,automatic,e418791a-1462-52b7-98fe-396ce71b8d48,14a41559-9361-4ddc-ab1f-e82c54d83dfd,ocr_required,reference_answer,known_missing,True,True,,,matched,import-execution-v5\t160-quality-20261006T132638Z-80ad8d90\runs\t160-quality-20261006T132638Z-80ad8d90-08-IMP-IMAGE-r2\result.json
t160-quality-20261006T132638Z-80ad8d90-08-IMP-IMAGE-r2,IMP-IMAGE,2,automatic,e418791a-1462-52b7-98fe-396ce71b8d48,14a41559-9361-4ddc-ab1f-e82c54d83dfd,ocr_required,analysis,known_missing,True,True,,,matched,import-execution-v5\t160-quality-20261006T132638Z-80ad8d90\runs\t160-quality-20261006T132638Z-80ad8d90-08-IMP-IMAGE-r2\result.json
t160-quality-20261006T132638Z-80ad8d90-08-IMP-IMAGE-r2,IMP-IMAGE,2,automatic,e418791a-1462-52b7-98fe-396ce71b8d48,14a41559-9361-4ddc-ab1f-e82c54d83dfd,ocr_required,score,source_provided,True,True,2.00,2.00,matched,import-execution-v5\t160-quality-20261006T132638Z-80ad8d90\runs\t160-quality-20261006T132638Z-80ad8d90-08-IMP-IMAGE-r2\result.json
t160-quality-20261006T132638Z-80ad8d90-08-IMP-IMAGE-r2,IMP-IMAGE,2,automatic,e418791a-1462-52b7-98fe-396ce71b8d48,14a41559-9361-4ddc-ab1f-e82c54d83dfd,ocr_required,scoring_rubric,known_missing,True,True,,,matched,import-execution-v5\t160-quality-20261006T132638Z-80ad8d90\runs\t160-quality-20261006T132638Z-80ad8d90-08-IMP-IMAGE-r2\result.json
t160-quality-20261006T132638Z-80ad8d90-08-IMP-IMAGE-r2,IMP-IMAGE,2,automatic,e418791a-1462-52b7-98fe-396ce71b8d48,14a41559-9361-4ddc-ab1f-e82c54d83dfd,ocr_required,knowledge_points,known_missing,True,False,[],,matched,import-execution-v5\t160-quality-20261006T132638Z-80ad8d90\runs\t160-quality-20261006T132638Z-80ad8d90-08-IMP-IMAGE-r2\result.json
t160-quality-20261006T132638Z-80ad8d90-08-IMP-IMAGE-r2,IMP-IMAGE,2,automatic,e418791a-1462-52b7-98fe-396ce71b8d48,14a41559-9361-4ddc-ab1f-e82c54d83dfd,ocr_required,source_regions,unknown,False,,,,reference_unknown,import-execution-v5\t160-quality-20261006T132638Z-80ad8d90\runs\t160-quality-20261006T132638Z-80ad8d90-08-IMP-IMAGE-r2\result.json
t160-quality-20261006T132638Z-80ad8d90-08-IMP-IMAGE-r2,IMP-IMAGE,2,automatic,e418791a-1462-52b7-98fe-396ce71b8d48,14a41559-9361-4ddc-ab1f-e82c54d83dfd,ocr_required,assets,source_provided,True,False,"[{""asset_type"": ""figure"", ""source_page_number"": 1, ""order_index"": 1}]",,matched,import-execution-v5\t160-quality-20261006T132638Z-80ad8d90\runs\t160-quality-20261006T132638Z-80ad8d90-08-IMP-IMAGE-r2\result.json
t160-quality-20261006T132638Z-80ad8d90-08-IMP-IMAGE-r2,IMP-IMAGE,2,automatic,e5c1555f-e927-575c-b68c-85eb341a3202,9c58b97a-af23-42e9-b939-3028111b1482,ocr_required,question_number,source_provided,True,True,3,3,matched,import-execution-v5\t160-quality-20261006T132638Z-80ad8d90\runs\t160-quality-20261006T132638Z-80ad8d90-08-IMP-IMAGE-r2\result.json
t160-quality-20261006T132638Z-80ad8d90-08-IMP-IMAGE-r2,IMP-IMAGE,2,automatic,e5c1555f-e927-575c-b68c-85eb341a3202,9c58b97a-af23-42e9-b939-3028111b1482,ocr_required,order_index,source_provided,True,True,3,3,matched,import-execution-v5\t160-quality-20261006T132638Z-80ad8d90\runs\t160-quality-20261006T132638Z-80ad8d90-08-IMP-IMAGE-r2\result.json
t160-quality-20261006T132638Z-80ad8d90-08-IMP-IMAGE-r2,IMP-IMAGE,2,automatic,e5c1555f-e927-575c-b68c-85eb341a3202,9c58b97a-af23-42e9-b939-3028111b1482,ocr_required,source_page_numbers,source_provided,True,True,[1],[1],matched,import-execution-v5\t160-quality-20261006T132638Z-80ad8d90\runs\t160-quality-20261006T132638Z-80ad8d90-08-IMP-IMAGE-r2\result.json
t160-quality-20261006T132638Z-80ad8d90-08-IMP-IMAGE-r2,IMP-IMAGE,2,automatic,e5c1555f-e927-575c-b68c-85eb341a3202,9c58b97a-af23-42e9-b939-3028111b1482,ocr_required,question_type,source_provided,True,True,SHORT_ANSWER,SHORT_ANSWER,matched,import-execution-v5\t160-quality-20261006T132638Z-80ad8d90\runs\t160-quality-20261006T132638Z-80ad8d90-08-IMP-IMAGE-r2\result.json
t160-quality-20261006T132638Z-80ad8d90-08-IMP-IMAGE-r2,IMP-IMAGE,2,automatic,e5c1555f-e927-575c-b68c-85eb341a3202,9c58b97a-af23-42e9-b939-3028111b1482,ocr_required,content,source_provided,True,False,根据下表写出 y 关于 x 的关系式。,根据下表写出y关于x的关系式。,matched,import-execution-v5\t160-quality-20261006T132638Z-80ad8d90\runs\t160-quality-20261006T132638Z-80ad8d90-08-IMP-IMAGE-r2\result.json
t160-quality-20261006T132638Z-80ad8d90-08-IMP-IMAGE-r2,IMP-IMAGE,2,automatic,e5c1555f-e927-575c-b68c-85eb341a3202,9c58b97a-af23-42e9-b939-3028111b1482,ocr_required,options,not_applicable,True,True,,,matched,import-execution-v5\t160-quality-20261006T132638Z-80ad8d90\runs\t160-quality-20261006T132638Z-80ad8d90-08-IMP-IMAGE-r2\result.json
t160-quality-20261006T132638Z-80ad8d90-08-IMP-IMAGE-r2,IMP-IMAGE,2,automatic,e5c1555f-e927-575c-b68c-85eb341a3202,9c58b97a-af23-42e9-b939-3028111b1482,ocr_required,reference_answer,known_missing,True,True,,,matched,import-execution-v5\t160-quality-20261006T132638Z-80ad8d90\runs\t160-quality-20261006T132638Z-80ad8d90-08-IMP-IMAGE-r2\result.json
t160-quality-20261006T132638Z-80ad8d90-08-IMP-IMAGE-r2,IMP-IMAGE,2,automatic,e5c1555f-e927-575c-b68c-85eb341a3202,9c58b97a-af23-42e9-b939-3028111b1482,ocr_required,analysis,known_missing,True,True,,,matched,import-execution-v5\t160-quality-20261006T132638Z-80ad8d90\runs\t160-quality-20261006T132638Z-80ad8d90-08-IMP-IMAGE-r2\result.json
t160-quality-20261006T132638Z-80ad8d90-08-IMP-IMAGE-r2,IMP-IMAGE,2,automatic,e5c1555f-e927-575c-b68c-85eb341a3202,9c58b97a-af23-42e9-b939-3028111b1482,ocr_required,score,source_provided,True,True,3.00,3.00,matched,import-execution-v5\t160-quality-20261006T132638Z-80ad8d90\runs\t160-quality-20261006T132638Z-80ad8d90-08-IMP-IMAGE-r2\result.json
t160-quality-20261006T132638Z-80ad8d90-08-IMP-IMAGE-r2,IMP-IMAGE,2,automatic,e5c1555f-e927-575c-b68c-85eb341a3202,9c58b97a-af23-42e9-b939-3028111b1482,ocr_required,scoring_rubric,source_provided,True,False,正确关系式 1.00；说明代入过程 2.00。,正确关系式1.00；说明代入过程2.00。,matched,import-execution-v5\t160-quality-20261006T132638Z-80ad8d90\runs\t160-quality-20261006T132638Z-80ad8d90-08-IMP-IMAGE-r2\result.json
t160-quality-20261006T132638Z-80ad8d90-08-IMP-IMAGE-r2,IMP-IMAGE,2,automatic,e5c1555f-e927-575c-b68c-85eb341a3202,9c58b97a-af23-42e9-b939-3028111b1482,ocr_required,knowledge_points,source_provided,True,True,"[""一次函数"", ""表达与计算""]","[""一次函数"", ""表达与计算""]",matched,import-execution-v5\t160-quality-20261006T132638Z-80ad8d90\runs\t160-quality-20261006T132638Z-80ad8d90-08-IMP-IMAGE-r2\result.json
t160-quality-20261006T132638Z-80ad8d90-08-IMP-IMAGE-r2,IMP-IMAGE,2,automatic,e5c1555f-e927-575c-b68c-85eb341a3202,9c58b97a-af23-42e9-b939-3028111b1482,ocr_required,source_regions,unknown,False,,,,reference_unknown,import-execution-v5\t160-quality-20261006T132638Z-80ad8d90\runs\t160-quality-20261006T132638Z-80ad8d90-08-IMP-IMAGE-r2\result.json
t160-quality-20261006T132638Z-80ad8d90-08-IMP-IMAGE-r2,IMP-IMAGE,2,automatic,e5c1555f-e927-575c-b68c-85eb341a3202,9c58b97a-af23-42e9-b939-3028111b1482,ocr_required,assets,source_provided,True,False,"[{""asset_type"": ""table"", ""source_page_number"": 1, ""order_index"": 1}]",,matched,import-execution-v5\t160-quality-20261006T132638Z-80ad8d90\runs\t160-quality-20261006T132638Z-80ad8d90-08-IMP-IMAGE-r2\result.json
t160-quality-20261006T132638Z-80ad8d90-08-IMP-IMAGE-r2,IMP-IMAGE,2,assisted_corrected,c4d750a5-4dc4-5a35-83e2-dee4ca44aca1,3eb2d4e4-c633-47ff-b823-3706ce25366f,ocr_required,question_number,source_provided,True,True,1,1,matched,import-execution-v5\t160-quality-20261006T132638Z-80ad8d90\runs\t160-quality-20261006T132638Z-80ad8d90-08-IMP-IMAGE-r2\result.json
t160-quality-20261006T132638Z-80ad8d90-08-IMP-IMAGE-r2,IMP-IMAGE,2,assisted_corrected,c4d750a5-4dc4-5a35-83e2-dee4ca44aca1,3eb2d4e4-c633-47ff-b823-3706ce25366f,ocr_required,order_index,source_provided,True,True,1,1,matched,import-execution-v5\t160-quality-20261006T132638Z-80ad8d90\runs\t160-quality-20261006T132638Z-80ad8d90-08-IMP-IMAGE-r2\result.json
t160-quality-20261006T132638Z-80ad8d90-08-IMP-IMAGE-r2,IMP-IMAGE,2,assisted_corrected,c4d750a5-4dc4-5a35-83e2-dee4ca44aca1,3eb2d4e4-c633-47ff-b823-3706ce25366f,ocr_required,source_page_numbers,source_provided,True,True,[1],[1],matched,import-execution-v5\t160-quality-20261006T132638Z-80ad8d90\runs\t160-quality-20261006T132638Z-80ad8d90-08-IMP-IMAGE-r2\result.json
t160-quality-20261006T132638Z-80ad8d90-08-IMP-IMAGE-r2,IMP-IMAGE,2,assisted_corrected,c4d750a5-4dc4-5a35-83e2-dee4ca44aca1,3eb2d4e4-c633-47ff-b823-3706ce25366f,ocr_required,question_type,source_provided,True,True,SINGLE_CHOICE,SINGLE_CHOICE,matched,import-execution-v5\t160-quality-20261006T132638Z-80ad8d90\runs\t160-quality-20261006T132638Z-80ad8d90-08-IMP-IMAGE-r2\result.json
t160-quality-20261006T132638Z-80ad8d90-08-IMP-IMAGE-r2,IMP-IMAGE,2,assisted_corrected,c4d750a5-4dc4-5a35-83e2-dee4ca44aca1,3eb2d4e4-c633-47ff-b823-3706ce25366f,ocr_required,content,source_provided,True,True,y = 2x + 1，x = 3 时 y 为多少？,y = 2x + 1，x = 3 时 y 为多少？,matched,import-execution-v5\t160-quality-20261006T132638Z-80ad8d90\runs\t160-quality-20261006T132638Z-80ad8d90-08-IMP-IMAGE-r2\result.json
t160-quality-20261006T132638Z-80ad8d90-08-IMP-IMAGE-r2,IMP-IMAGE,2,assisted_corrected,c4d750a5-4dc4-5a35-83e2-dee4ca44aca1,3eb2d4e4-c633-47ff-b823-3706ce25366f,ocr_required,options,source_provided,True,True,"{""C"": ""7"", ""A"": ""5"", ""B"": ""6"", ""D"": ""8""}","{""C"": ""7"", ""A"": ""5"", ""B"": ""6"", ""D"": ""8""}",matched,import-execution-v5\t160-quality-20261006T132638Z-80ad8d90\runs\t160-quality-20261006T132638Z-80ad8d90-08-IMP-IMAGE-r2\result.json
t160-quality-20261006T132638Z-80ad8d90-08-IMP-IMAGE-r2,IMP-IMAGE,2,assisted_corrected,c4d750a5-4dc4-5a35-83e2-dee4ca44aca1,3eb2d4e4-c633-47ff-b823-3706ce25366f,ocr_required,reference_answer,source_provided,True,True,C,C,matched,import-execution-v5\t160-quality-20261006T132638Z-80ad8d90\runs\t160-quality-20261006T132638Z-80ad8d90-08-IMP-IMAGE-r2\result.json
t160-quality-20261006T132638Z-80ad8d90-08-IMP-IMAGE-r2,IMP-IMAGE,2,assisted_corrected,c4d750a5-4dc4-5a35-83e2-dee4ca44aca1,3eb2d4e4-c633-47ff-b823-3706ce25366f,ocr_required,analysis,source_provided,True,True,2 × 3 + 1 = 7。,2 × 3 + 1 = 7。,matched,import-execution-v5\t160-quality-20261006T132638Z-80ad8d90\runs\t160-quality-20261006T132638Z-80ad8d90-08-IMP-IMAGE-r2\result.json
t160-quality-20261006T132638Z-80ad8d90-08-IMP-IMAGE-r2,IMP-IMAGE,2,assisted_corrected,c4d750a5-4dc4-5a35-83e2-dee4ca44aca1,3eb2d4e4-c633-47ff-b823-3706ce25366f,ocr_required,score,source_provided,True,True,2.00,2.00,matched,import-execution-v5\t160-quality-20261006T132638Z-80ad8d90\runs\t160-quality-20261006T132638Z-80ad8d90-08-IMP-IMAGE-r2\result.json
t160-quality-20261006T132638Z-80ad8d90-08-IMP-IMAGE-r2,IMP-IMAGE,2,assisted_corrected,c4d750a5-4dc4-5a35-83e2-dee4ca44aca1,3eb2d4e4-c633-47ff-b823-3706ce25366f,ocr_required,scoring_rubric,known_missing,True,True,,,matched,import-execution-v5\t160-quality-20261006T132638Z-80ad8d90\runs\t160-quality-20261006T132638Z-80ad8d90-08-IMP-IMAGE-r2\result.json
t160-quality-20261006T132638Z-80ad8d90-08-IMP-IMAGE-r2,IMP-IMAGE,2,assisted_corrected,c4d750a5-4dc4-5a35-83e2-dee4ca44aca1,3eb2d4e4-c633-47ff-b823-3706ce25366f,ocr_required,knowledge_points,known_missing,True,True,[],[],matched,import-execution-v5\t160-quality-20261006T132638Z-80ad8d90\runs\t160-quality-20261006T132638Z-80ad8d90-08-IMP-IMAGE-r2\result.json
t160-quality-20261006T132638Z-80ad8d90-08-IMP-IMAGE-r2,IMP-IMAGE,2,assisted_corrected,c4d750a5-4dc4-5a35-83e2-dee4ca44aca1,3eb2d4e4-c633-47ff-b823-3706ce25366f,ocr_required,source_regions,unknown,False,,,,reference_unknown,import-execution-v5\t160-quality-20261006T132638Z-80ad8d90\runs\t160-quality-20261006T132638Z-80ad8d90-08-IMP-IMAGE-r2\result.json
t160-quality-20261006T132638Z-80ad8d90-08-IMP-IMAGE-r2,IMP-IMAGE,2,assisted_corrected,c4d750a5-4dc4-5a35-83e2-dee4ca44aca1,3eb2d4e4-c633-47ff-b823-3706ce25366f,ocr_required,assets,source_provided,True,True,[],[],matched,import-execution-v5\t160-quality-20261006T132638Z-80ad8d90\runs\t160-quality-20261006T132638Z-80ad8d90-08-IMP-IMAGE-r2\result.json
t160-quality-20261006T132638Z-80ad8d90-08-IMP-IMAGE-r2,IMP-IMAGE,2,assisted_corrected,e418791a-1462-52b7-98fe-396ce71b8d48,14a41559-9361-4ddc-ab1f-e82c54d83dfd,ocr_required,question_number,source_provided,True,True,2,2,matched,import-execution-v5\t160-quality-20261006T132638Z-80ad8d90\runs\t160-quality-20261006T132638Z-80ad8d90-08-IMP-IMAGE-r2\result.json
t160-quality-20261006T132638Z-80ad8d90-08-IMP-IMAGE-r2,IMP-IMAGE,2,assisted_corrected,e418791a-1462-52b7-98fe-396ce71b8d48,14a41559-9361-4ddc-ab1f-e82c54d83dfd,ocr_required,order_index,source_provided,True,True,2,2,matched,import-execution-v5\t160-quality-20261006T132638Z-80ad8d90\runs\t160-quality-20261006T132638Z-80ad8d90-08-IMP-IMAGE-r2\result.json
t160-quality-20261006T132638Z-80ad8d90-08-IMP-IMAGE-r2,IMP-IMAGE,2,assisted_corrected,e418791a-1462-52b7-98fe-396ce71b8d48,14a41559-9361-4ddc-ab1f-e82c54d83dfd,ocr_required,source_page_numbers,source_provided,True,True,[1],[1],matched,import-execution-v5\t160-quality-20261006T132638Z-80ad8d90\runs\t160-quality-20261006T132638Z-80ad8d90-08-IMP-IMAGE-r2\result.json
t160-quality-20261006T132638Z-80ad8d90-08-IMP-IMAGE-r2,IMP-IMAGE,2,assisted_corrected,e418791a-1462-52b7-98fe-396ce71b8d48,14a41559-9361-4ddc-ab1f-e82c54d83dfd,ocr_required,question_type,source_provided,True,True,TRUE_FALSE,TRUE_FALSE,matched,import-execution-v5\t160-quality-20261006T132638Z-80ad8d90\runs\t160-quality-20261006T132638Z-80ad8d90-08-IMP-IMAGE-r2\result.json
t160-quality-20261006T132638Z-80ad8d90-08-IMP-IMAGE-r2,IMP-IMAGE,2,assisted_corrected,e418791a-1462-52b7-98fe-396ce71b8d48,14a41559-9361-4ddc-ab1f-e82c54d83dfd,ocr_required,content,source_provided,True,True,右图三角形面积为 24 cm²。,右图三角形面积为 24 cm²。,matched,import-execution-v5\t160-quality-20261006T132638Z-80ad8d90\runs\t160-quality-20261006T132638Z-80ad8d90-08-IMP-IMAGE-r2\result.json
t160-quality-20261006T132638Z-80ad8d90-08-IMP-IMAGE-r2,IMP-IMAGE,2,assisted_corrected,e418791a-1462-52b7-98fe-396ce71b8d48,14a41559-9361-4ddc-ab1f-e82c54d83dfd,ocr_required,options,source_provided,True,True,"[""正确"", ""错误""]","[""正确"", ""错误""]",matched,import-execution-v5\t160-quality-20261006T132638Z-80ad8d90\runs\t160-quality-20261006T132638Z-80ad8d90-08-IMP-IMAGE-r2\result.json
t160-quality-20261006T132638Z-80ad8d90-08-IMP-IMAGE-r2,IMP-IMAGE,2,assisted_corrected,e418791a-1462-52b7-98fe-396ce71b8d48,14a41559-9361-4ddc-ab1f-e82c54d83dfd,ocr_required,reference_answer,known_missing,True,True,,,matched,import-execution-v5\t160-quality-20261006T132638Z-80ad8d90\runs\t160-quality-20261006T132638Z-80ad8d90-08-IMP-IMAGE-r2\result.json
t160-quality-20261006T132638Z-80ad8d90-08-IMP-IMAGE-r2,IMP-IMAGE,2,assisted_corrected,e418791a-1462-52b7-98fe-396ce71b8d48,14a41559-9361-4ddc-ab1f-e82c54d83dfd,ocr_required,analysis,known_missing,True,True,,,matched,import-execution-v5\t160-quality-20261006T132638Z-80ad8d90\runs\t160-quality-20261006T132638Z-80ad8d90-08-IMP-IMAGE-r2\result.json
t160-quality-20261006T132638Z-80ad8d90-08-IMP-IMAGE-r2,IMP-IMAGE,2,assisted_corrected,e418791a-1462-52b7-98fe-396ce71b8d48,14a41559-9361-4ddc-ab1f-e82c54d83dfd,ocr_required,score,source_provided,True,True,2.00,2.00,matched,import-execution-v5\t160-quality-20261006T132638Z-80ad8d90\runs\t160-quality-20261006T132638Z-80ad8d90-08-IMP-IMAGE-r2\result.json
t160-quality-20261006T132638Z-80ad8d90-08-IMP-IMAGE-r2,IMP-IMAGE,2,assisted_corrected,e418791a-1462-52b7-98fe-396ce71b8d48,14a41559-9361-4ddc-ab1f-e82c54d83dfd,ocr_required,scoring_rubric,known_missing,True,True,,,matched,import-execution-v5\t160-quality-20261006T132638Z-80ad8d90\runs\t160-quality-20261006T132638Z-80ad8d90-08-IMP-IMAGE-r2\result.json
t160-quality-20261006T132638Z-80ad8d90-08-IMP-IMAGE-r2,IMP-IMAGE,2,assisted_corrected,e418791a-1462-52b7-98fe-396ce71b8d48,14a41559-9361-4ddc-ab1f-e82c54d83dfd,ocr_required,knowledge_points,known_missing,True,True,[],[],matched,import-execution-v5\t160-quality-20261006T132638Z-80ad8d90\runs\t160-quality-20261006T132638Z-80ad8d90-08-IMP-IMAGE-r2\result.json
t160-quality-20261006T132638Z-80ad8d90-08-IMP-IMAGE-r2,IMP-IMAGE,2,assisted_corrected,e418791a-1462-52b7-98fe-396ce71b8d48,14a41559-9361-4ddc-ab1f-e82c54d83dfd,ocr_required,source_regions,unknown,False,,,,reference_unknown,import-execution-v5\t160-quality-20261006T132638Z-80ad8d90\runs\t160-quality-20261006T132638Z-80ad8d90-08-IMP-IMAGE-r2\result.json
t160-quality-20261006T132638Z-80ad8d90-08-IMP-IMAGE-r2,IMP-IMAGE,2,assisted_corrected,e418791a-1462-52b7-98fe-396ce71b8d48,14a41559-9361-4ddc-ab1f-e82c54d83dfd,ocr_required,assets,source_provided,True,False,"[{""asset_type"": ""figure"", ""source_page_number"": 1, ""order_index"": 1}]",,matched,import-execution-v5\t160-quality-20261006T132638Z-80ad8d90\runs\t160-quality-20261006T132638Z-80ad8d90-08-IMP-IMAGE-r2\result.json
t160-quality-20261006T132638Z-80ad8d90-08-IMP-IMAGE-r2,IMP-IMAGE,2,assisted_corrected,e5c1555f-e927-575c-b68c-85eb341a3202,9c58b97a-af23-42e9-b939-3028111b1482,ocr_required,question_number,source_provided,True,True,3,3,matched,import-execution-v5\t160-quality-20261006T132638Z-80ad8d90\runs\t160-quality-20261006T132638Z-80ad8d90-08-IMP-IMAGE-r2\result.json
t160-quality-20261006T132638Z-80ad8d90-08-IMP-IMAGE-r2,IMP-IMAGE,2,assisted_corrected,e5c1555f-e927-575c-b68c-85eb341a3202,9c58b97a-af23-42e9-b939-3028111b1482,ocr_required,order_index,source_provided,True,True,3,3,matched,import-execution-v5\t160-quality-20261006T132638Z-80ad8d90\runs\t160-quality-20261006T132638Z-80ad8d90-08-IMP-IMAGE-r2\result.json
t160-quality-20261006T132638Z-80ad8d90-08-IMP-IMAGE-r2,IMP-IMAGE,2,assisted_corrected,e5c1555f-e927-575c-b68c-85eb341a3202,9c58b97a-af23-42e9-b939-3028111b1482,ocr_required,source_page_numbers,source_provided,True,True,[1],[1],matched,import-execution-v5\t160-quality-20261006T132638Z-80ad8d90\runs\t160-quality-20261006T132638Z-80ad8d90-08-IMP-IMAGE-r2\result.json
t160-quality-20261006T132638Z-80ad8d90-08-IMP-IMAGE-r2,IMP-IMAGE,2,assisted_corrected,e5c1555f-e927-575c-b68c-85eb341a3202,9c58b97a-af23-42e9-b939-3028111b1482,ocr_required,question_type,source_provided,True,True,SHORT_ANSWER,SHORT_ANSWER,matched,import-execution-v5\t160-quality-20261006T132638Z-80ad8d90\runs\t160-quality-20261006T132638Z-80ad8d90-08-IMP-IMAGE-r2\result.json
t160-quality-20261006T132638Z-80ad8d90-08-IMP-IMAGE-r2,IMP-IMAGE,2,assisted_corrected,e5c1555f-e927-575c-b68c-85eb341a3202,9c58b97a-af23-42e9-b939-3028111b1482,ocr_required,content,source_provided,True,True,根据下表写出 y 关于 x 的关系式。,根据下表写出 y 关于 x 的关系式。,matched,import-execution-v5\t160-quality-20261006T132638Z-80ad8d90\runs\t160-quality-20261006T132638Z-80ad8d90-08-IMP-IMAGE-r2\result.json
t160-quality-20261006T132638Z-80ad8d90-08-IMP-IMAGE-r2,IMP-IMAGE,2,assisted_corrected,e5c1555f-e927-575c-b68c-85eb341a3202,9c58b97a-af23-42e9-b939-3028111b1482,ocr_required,options,not_applicable,True,True,,,matched,import-execution-v5\t160-quality-20261006T132638Z-80ad8d90\runs\t160-quality-20261006T132638Z-80ad8d90-08-IMP-IMAGE-r2\result.json
t160-quality-20261006T132638Z-80ad8d90-08-IMP-IMAGE-r2,IMP-IMAGE,2,assisted_corrected,e5c1555f-e927-575c-b68c-85eb341a3202,9c58b97a-af23-42e9-b939-3028111b1482,ocr_required,reference_answer,known_missing,True,True,,,matched,import-execution-v5\t160-quality-20261006T132638Z-80ad8d90\runs\t160-quality-20261006T132638Z-80ad8d90-08-IMP-IMAGE-r2\result.json
t160-quality-20261006T132638Z-80ad8d90-08-IMP-IMAGE-r2,IMP-IMAGE,2,assisted_corrected,e5c1555f-e927-575c-b68c-85eb341a3202,9c58b97a-af23-42e9-b939-3028111b1482,ocr_required,analysis,known_missing,True,True,,,matched,import-execution-v5\t160-quality-20261006T132638Z-80ad8d90\runs\t160-quality-20261006T132638Z-80ad8d90-08-IMP-IMAGE-r2\result.json
t160-quality-20261006T132638Z-80ad8d90-08-IMP-IMAGE-r2,IMP-IMAGE,2,assisted_corrected,e5c1555f-e927-575c-b68c-85eb341a3202,9c58b97a-af23-42e9-b939-3028111b1482,ocr_required,score,source_provided,True,True,3.00,3.00,matched,import-execution-v5\t160-quality-20261006T132638Z-80ad8d90\runs\t160-quality-20261006T132638Z-80ad8d90-08-IMP-IMAGE-r2\result.json
t160-quality-20261006T132638Z-80ad8d90-08-IMP-IMAGE-r2,IMP-IMAGE,2,assisted_corrected,e5c1555f-e927-575c-b68c-85eb341a3202,9c58b97a-af23-42e9-b939-3028111b1482,ocr_required,scoring_rubric,source_provided,True,True,正确关系式 1.00；说明代入过程 2.00。,正确关系式 1.00；说明代入过程 2.00。,matched,import-execution-v5\t160-quality-20261006T132638Z-80ad8d90\runs\t160-quality-20261006T132638Z-80ad8d90-08-IMP-IMAGE-r2\result.json
t160-quality-20261006T132638Z-80ad8d90-08-IMP-IMAGE-r2,IMP-IMAGE,2,assisted_corrected,e5c1555f-e927-575c-b68c-85eb341a3202,9c58b97a-af23-42e9-b939-3028111b1482,ocr_required,knowledge_points,source_provided,True,True,"[""一次函数"", ""表达与计算""]","[""一次函数"", ""表达与计算""]",matched,import-execution-v5\t160-quality-20261006T132638Z-80ad8d90\runs\t160-quality-20261006T132638Z-80ad8d90-08-IMP-IMAGE-r2\result.json
t160-quality-20261006T132638Z-80ad8d90-08-IMP-IMAGE-r2,IMP-IMAGE,2,assisted_corrected,e5c1555f-e927-575c-b68c-85eb341a3202,9c58b97a-af23-42e9-b939-3028111b1482,ocr_required,source_regions,unknown,False,,,,reference_unknown,import-execution-v5\t160-quality-20261006T132638Z-80ad8d90\runs\t160-quality-20261006T132638Z-80ad8d90-08-IMP-IMAGE-r2\result.json
t160-quality-20261006T132638Z-80ad8d90-08-IMP-IMAGE-r2,IMP-IMAGE,2,assisted_corrected,e5c1555f-e927-575c-b68c-85eb341a3202,9c58b97a-af23-42e9-b939-3028111b1482,ocr_required,assets,source_provided,True,False,"[{""asset_type"": ""table"", ""source_page_number"": 1, ""order_index"": 1}]",,matched,import-execution-v5\t160-quality-20261006T132638Z-80ad8d90\runs\t160-quality-20261006T132638Z-80ad8d90-08-IMP-IMAGE-r2\result.json
t160-quality-20261006T132638Z-80ad8d90-09-IMP-IMAGE-r3,IMP-IMAGE,3,automatic,c4d750a5-4dc4-5a35-83e2-dee4ca44aca1,6f4f3959-c629-4ec4-a651-2c318378ade8,ocr_required,question_number,source_provided,True,True,1,1,matched,import-execution-v5\t160-quality-20261006T132638Z-80ad8d90\runs\t160-quality-20261006T132638Z-80ad8d90-09-IMP-IMAGE-r3\result.json
t160-quality-20261006T132638Z-80ad8d90-09-IMP-IMAGE-r3,IMP-IMAGE,3,automatic,c4d750a5-4dc4-5a35-83e2-dee4ca44aca1,6f4f3959-c629-4ec4-a651-2c318378ade8,ocr_required,order_index,source_provided,True,True,1,1,matched,import-execution-v5\t160-quality-20261006T132638Z-80ad8d90\runs\t160-quality-20261006T132638Z-80ad8d90-09-IMP-IMAGE-r3\result.json
t160-quality-20261006T132638Z-80ad8d90-09-IMP-IMAGE-r3,IMP-IMAGE,3,automatic,c4d750a5-4dc4-5a35-83e2-dee4ca44aca1,6f4f3959-c629-4ec4-a651-2c318378ade8,ocr_required,source_page_numbers,source_provided,True,True,[1],[1],matched,import-execution-v5\t160-quality-20261006T132638Z-80ad8d90\runs\t160-quality-20261006T132638Z-80ad8d90-09-IMP-IMAGE-r3\result.json
t160-quality-20261006T132638Z-80ad8d90-09-IMP-IMAGE-r3,IMP-IMAGE,3,automatic,c4d750a5-4dc4-5a35-83e2-dee4ca44aca1,6f4f3959-c629-4ec4-a651-2c318378ade8,ocr_required,question_type,source_provided,True,True,SINGLE_CHOICE,SINGLE_CHOICE,matched,import-execution-v5\t160-quality-20261006T132638Z-80ad8d90\runs\t160-quality-20261006T132638Z-80ad8d90-09-IMP-IMAGE-r3\result.json
t160-quality-20261006T132638Z-80ad8d90-09-IMP-IMAGE-r3,IMP-IMAGE,3,automatic,c4d750a5-4dc4-5a35-83e2-dee4ca44aca1,6f4f3959-c629-4ec4-a651-2c318378ade8,ocr_required,content,source_provided,True,False,y = 2x + 1，x = 3 时 y 为多少？,y = 2x +1，x = 3 时y 为多少？,matched,import-execution-v5\t160-quality-20261006T132638Z-80ad8d90\runs\t160-quality-20261006T132638Z-80ad8d90-09-IMP-IMAGE-r3\result.json
t160-quality-20261006T132638Z-80ad8d90-09-IMP-IMAGE-r3,IMP-IMAGE,3,automatic,c4d750a5-4dc4-5a35-83e2-dee4ca44aca1,6f4f3959-c629-4ec4-a651-2c318378ade8,ocr_required,options,source_provided,True,True,"{""C"": ""7"", ""A"": ""5"", ""B"": ""6"", ""D"": ""8""}","{""C"": ""7"", ""A"": ""5"", ""B"": ""6"", ""D"": ""8""}",matched,import-execution-v5\t160-quality-20261006T132638Z-80ad8d90\runs\t160-quality-20261006T132638Z-80ad8d90-09-IMP-IMAGE-r3\result.json
t160-quality-20261006T132638Z-80ad8d90-09-IMP-IMAGE-r3,IMP-IMAGE,3,automatic,c4d750a5-4dc4-5a35-83e2-dee4ca44aca1,6f4f3959-c629-4ec4-a651-2c318378ade8,ocr_required,reference_answer,source_provided,True,True,C,C,matched,import-execution-v5\t160-quality-20261006T132638Z-80ad8d90\runs\t160-quality-20261006T132638Z-80ad8d90-09-IMP-IMAGE-r3\result.json
t160-quality-20261006T132638Z-80ad8d90-09-IMP-IMAGE-r3,IMP-IMAGE,3,automatic,c4d750a5-4dc4-5a35-83e2-dee4ca44aca1,6f4f3959-c629-4ec4-a651-2c318378ade8,ocr_required,analysis,source_provided,True,False,2 × 3 + 1 = 7。,2 × 3 +1=7。,matched,import-execution-v5\t160-quality-20261006T132638Z-80ad8d90\runs\t160-quality-20261006T132638Z-80ad8d90-09-IMP-IMAGE-r3\result.json
t160-quality-20261006T132638Z-80ad8d90-09-IMP-IMAGE-r3,IMP-IMAGE,3,automatic,c4d750a5-4dc4-5a35-83e2-dee4ca44aca1,6f4f3959-c629-4ec4-a651-2c318378ade8,ocr_required,score,source_provided,True,True,2.00,2.00,matched,import-execution-v5\t160-quality-20261006T132638Z-80ad8d90\runs\t160-quality-20261006T132638Z-80ad8d90-09-IMP-IMAGE-r3\result.json
t160-quality-20261006T132638Z-80ad8d90-09-IMP-IMAGE-r3,IMP-IMAGE,3,automatic,c4d750a5-4dc4-5a35-83e2-dee4ca44aca1,6f4f3959-c629-4ec4-a651-2c318378ade8,ocr_required,scoring_rubric,known_missing,True,True,,,matched,import-execution-v5\t160-quality-20261006T132638Z-80ad8d90\runs\t160-quality-20261006T132638Z-80ad8d90-09-IMP-IMAGE-r3\result.json
t160-quality-20261006T132638Z-80ad8d90-09-IMP-IMAGE-r3,IMP-IMAGE,3,automatic,c4d750a5-4dc4-5a35-83e2-dee4ca44aca1,6f4f3959-c629-4ec4-a651-2c318378ade8,ocr_required,knowledge_points,known_missing,True,False,[],,matched,import-execution-v5\t160-quality-20261006T132638Z-80ad8d90\runs\t160-quality-20261006T132638Z-80ad8d90-09-IMP-IMAGE-r3\result.json
t160-quality-20261006T132638Z-80ad8d90-09-IMP-IMAGE-r3,IMP-IMAGE,3,automatic,c4d750a5-4dc4-5a35-83e2-dee4ca44aca1,6f4f3959-c629-4ec4-a651-2c318378ade8,ocr_required,source_regions,unknown,False,,,,reference_unknown,import-execution-v5\t160-quality-20261006T132638Z-80ad8d90\runs\t160-quality-20261006T132638Z-80ad8d90-09-IMP-IMAGE-r3\result.json
t160-quality-20261006T132638Z-80ad8d90-09-IMP-IMAGE-r3,IMP-IMAGE,3,automatic,c4d750a5-4dc4-5a35-83e2-dee4ca44aca1,6f4f3959-c629-4ec4-a651-2c318378ade8,ocr_required,assets,source_provided,True,False,[],,matched,import-execution-v5\t160-quality-20261006T132638Z-80ad8d90\runs\t160-quality-20261006T132638Z-80ad8d90-09-IMP-IMAGE-r3\result.json
t160-quality-20261006T132638Z-80ad8d90-09-IMP-IMAGE-r3,IMP-IMAGE,3,automatic,e418791a-1462-52b7-98fe-396ce71b8d48,8466da10-0b73-4405-9f5c-78b52671ab24,ocr_required,question_number,source_provided,True,True,2,2,matched,import-execution-v5\t160-quality-20261006T132638Z-80ad8d90\runs\t160-quality-20261006T132638Z-80ad8d90-09-IMP-IMAGE-r3\result.json
t160-quality-20261006T132638Z-80ad8d90-09-IMP-IMAGE-r3,IMP-IMAGE,3,automatic,e418791a-1462-52b7-98fe-396ce71b8d48,8466da10-0b73-4405-9f5c-78b52671ab24,ocr_required,order_index,source_provided,True,True,2,2,matched,import-execution-v5\t160-quality-20261006T132638Z-80ad8d90\runs\t160-quality-20261006T132638Z-80ad8d90-09-IMP-IMAGE-r3\result.json
t160-quality-20261006T132638Z-80ad8d90-09-IMP-IMAGE-r3,IMP-IMAGE,3,automatic,e418791a-1462-52b7-98fe-396ce71b8d48,8466da10-0b73-4405-9f5c-78b52671ab24,ocr_required,source_page_numbers,source_provided,True,True,[1],[1],matched,import-execution-v5\t160-quality-20261006T132638Z-80ad8d90\runs\t160-quality-20261006T132638Z-80ad8d90-09-IMP-IMAGE-r3\result.json
t160-quality-20261006T132638Z-80ad8d90-09-IMP-IMAGE-r3,IMP-IMAGE,3,automatic,e418791a-1462-52b7-98fe-396ce71b8d48,8466da10-0b73-4405-9f5c-78b52671ab24,ocr_required,question_type,source_provided,True,True,TRUE_FALSE,TRUE_FALSE,matched,import-execution-v5\t160-quality-20261006T132638Z-80ad8d90\runs\t160-quality-20261006T132638Z-80ad8d90-09-IMP-IMAGE-r3\result.json
t160-quality-20261006T132638Z-80ad8d90-09-IMP-IMAGE-r3,IMP-IMAGE,3,automatic,e418791a-1462-52b7-98fe-396ce71b8d48,8466da10-0b73-4405-9f5c-78b52671ab24,ocr_required,content,source_provided,True,False,右图三角形面积为 24 cm²。,右图三角形面积为24cm²。,matched,import-execution-v5\t160-quality-20261006T132638Z-80ad8d90\runs\t160-quality-20261006T132638Z-80ad8d90-09-IMP-IMAGE-r3\result.json
t160-quality-20261006T132638Z-80ad8d90-09-IMP-IMAGE-r3,IMP-IMAGE,3,automatic,e418791a-1462-52b7-98fe-396ce71b8d48,8466da10-0b73-4405-9f5c-78b52671ab24,ocr_required,options,source_provided,True,True,"[""正确"", ""错误""]","[""正确"", ""错误""]",matched,import-execution-v5\t160-quality-20261006T132638Z-80ad8d90\runs\t160-quality-20261006T132638Z-80ad8d90-09-IMP-IMAGE-r3\result.json
t160-quality-20261006T132638Z-80ad8d90-09-IMP-IMAGE-r3,IMP-IMAGE,3,automatic,e418791a-1462-52b7-98fe-396ce71b8d48,8466da10-0b73-4405-9f5c-78b52671ab24,ocr_required,reference_answer,known_missing,True,True,,,matched,import-execution-v5\t160-quality-20261006T132638Z-80ad8d90\runs\t160-quality-20261006T132638Z-80ad8d90-09-IMP-IMAGE-r3\result.json
t160-quality-20261006T132638Z-80ad8d90-09-IMP-IMAGE-r3,IMP-IMAGE,3,automatic,e418791a-1462-52b7-98fe-396ce71b8d48,8466da10-0b73-4405-9f5c-78b52671ab24,ocr_required,analysis,known_missing,True,True,,,matched,import-execution-v5\t160-quality-20261006T132638Z-80ad8d90\runs\t160-quality-20261006T132638Z-80ad8d90-09-IMP-IMAGE-r3\result.json
t160-quality-20261006T132638Z-80ad8d90-09-IMP-IMAGE-r3,IMP-IMAGE,3,automatic,e418791a-1462-52b7-98fe-396ce71b8d48,8466da10-0b73-4405-9f5c-78b52671ab24,ocr_required,score,source_provided,True,True,2.00,2.00,matched,import-execution-v5\t160-quality-20261006T132638Z-80ad8d90\runs\t160-quality-20261006T132638Z-80ad8d90-09-IMP-IMAGE-r3\result.json
t160-quality-20261006T132638Z-80ad8d90-09-IMP-IMAGE-r3,IMP-IMAGE,3,automatic,e418791a-1462-52b7-98fe-396ce71b8d48,8466da10-0b73-4405-9f5c-78b52671ab24,ocr_required,scoring_rubric,known_missing,True,True,,,matched,import-execution-v5\t160-quality-20261006T132638Z-80ad8d90\runs\t160-quality-20261006T132638Z-80ad8d90-09-IMP-IMAGE-r3\result.json
t160-quality-20261006T132638Z-80ad8d90-09-IMP-IMAGE-r3,IMP-IMAGE,3,automatic,e418791a-1462-52b7-98fe-396ce71b8d48,8466da10-0b73-4405-9f5c-78b52671ab24,ocr_required,knowledge_points,known_missing,True,False,[],,matched,import-execution-v5\t160-quality-20261006T132638Z-80ad8d90\runs\t160-quality-20261006T132638Z-80ad8d90-09-IMP-IMAGE-r3\result.json
t160-quality-20261006T132638Z-80ad8d90-09-IMP-IMAGE-r3,IMP-IMAGE,3,automatic,e418791a-1462-52b7-98fe-396ce71b8d48,8466da10-0b73-4405-9f5c-78b52671ab24,ocr_required,source_regions,unknown,False,,,,reference_unknown,import-execution-v5\t160-quality-20261006T132638Z-80ad8d90\runs\t160-quality-20261006T132638Z-80ad8d90-09-IMP-IMAGE-r3\result.json
t160-quality-20261006T132638Z-80ad8d90-09-IMP-IMAGE-r3,IMP-IMAGE,3,automatic,e418791a-1462-52b7-98fe-396ce71b8d48,8466da10-0b73-4405-9f5c-78b52671ab24,ocr_required,assets,source_provided,True,False,"[{""asset_type"": ""figure"", ""source_page_number"": 1, ""order_index"": 1}]",,matched,import-execution-v5\t160-quality-20261006T132638Z-80ad8d90\runs\t160-quality-20261006T132638Z-80ad8d90-09-IMP-IMAGE-r3\result.json
t160-quality-20261006T132638Z-80ad8d90-09-IMP-IMAGE-r3,IMP-IMAGE,3,automatic,e5c1555f-e927-575c-b68c-85eb341a3202,bbb4bf5c-5720-453a-a6e6-4aceece1661b,ocr_required,question_number,source_provided,True,True,3,3,matched,import-execution-v5\t160-quality-20261006T132638Z-80ad8d90\runs\t160-quality-20261006T132638Z-80ad8d90-09-IMP-IMAGE-r3\result.json
t160-quality-20261006T132638Z-80ad8d90-09-IMP-IMAGE-r3,IMP-IMAGE,3,automatic,e5c1555f-e927-575c-b68c-85eb341a3202,bbb4bf5c-5720-453a-a6e6-4aceece1661b,ocr_required,order_index,source_provided,True,True,3,3,matched,import-execution-v5\t160-quality-20261006T132638Z-80ad8d90\runs\t160-quality-20261006T132638Z-80ad8d90-09-IMP-IMAGE-r3\result.json
t160-quality-20261006T132638Z-80ad8d90-09-IMP-IMAGE-r3,IMP-IMAGE,3,automatic,e5c1555f-e927-575c-b68c-85eb341a3202,bbb4bf5c-5720-453a-a6e6-4aceece1661b,ocr_required,source_page_numbers,source_provided,True,True,[1],[1],matched,import-execution-v5\t160-quality-20261006T132638Z-80ad8d90\runs\t160-quality-20261006T132638Z-80ad8d90-09-IMP-IMAGE-r3\result.json
t160-quality-20261006T132638Z-80ad8d90-09-IMP-IMAGE-r3,IMP-IMAGE,3,automatic,e5c1555f-e927-575c-b68c-85eb341a3202,bbb4bf5c-5720-453a-a6e6-4aceece1661b,ocr_required,question_type,source_provided,True,True,SHORT_ANSWER,SHORT_ANSWER,matched,import-execution-v5\t160-quality-20261006T132638Z-80ad8d90\runs\t160-quality-20261006T132638Z-80ad8d90-09-IMP-IMAGE-r3\result.json
t160-quality-20261006T132638Z-80ad8d90-09-IMP-IMAGE-r3,IMP-IMAGE,3,automatic,e5c1555f-e927-575c-b68c-85eb341a3202,bbb4bf5c-5720-453a-a6e6-4aceece1661b,ocr_required,content,source_provided,True,False,根据下表写出 y 关于 x 的关系式。,根据下表写出y关于x的关系式。,matched,import-execution-v5\t160-quality-20261006T132638Z-80ad8d90\runs\t160-quality-20261006T132638Z-80ad8d90-09-IMP-IMAGE-r3\result.json
t160-quality-20261006T132638Z-80ad8d90-09-IMP-IMAGE-r3,IMP-IMAGE,3,automatic,e5c1555f-e927-575c-b68c-85eb341a3202,bbb4bf5c-5720-453a-a6e6-4aceece1661b,ocr_required,options,not_applicable,True,True,,,matched,import-execution-v5\t160-quality-20261006T132638Z-80ad8d90\runs\t160-quality-20261006T132638Z-80ad8d90-09-IMP-IMAGE-r3\result.json
t160-quality-20261006T132638Z-80ad8d90-09-IMP-IMAGE-r3,IMP-IMAGE,3,automatic,e5c1555f-e927-575c-b68c-85eb341a3202,bbb4bf5c-5720-453a-a6e6-4aceece1661b,ocr_required,reference_answer,known_missing,True,True,,,matched,import-execution-v5\t160-quality-20261006T132638Z-80ad8d90\runs\t160-quality-20261006T132638Z-80ad8d90-09-IMP-IMAGE-r3\result.json
t160-quality-20261006T132638Z-80ad8d90-09-IMP-IMAGE-r3,IMP-IMAGE,3,automatic,e5c1555f-e927-575c-b68c-85eb341a3202,bbb4bf5c-5720-453a-a6e6-4aceece1661b,ocr_required,analysis,known_missing,True,True,,,matched,import-execution-v5\t160-quality-20261006T132638Z-80ad8d90\runs\t160-quality-20261006T132638Z-80ad8d90-09-IMP-IMAGE-r3\result.json
t160-quality-20261006T132638Z-80ad8d90-09-IMP-IMAGE-r3,IMP-IMAGE,3,automatic,e5c1555f-e927-575c-b68c-85eb341a3202,bbb4bf5c-5720-453a-a6e6-4aceece1661b,ocr_required,score,source_provided,True,True,3.00,3.00,matched,import-execution-v5\t160-quality-20261006T132638Z-80ad8d90\runs\t160-quality-20261006T132638Z-80ad8d90-09-IMP-IMAGE-r3\result.json
t160-quality-20261006T132638Z-80ad8d90-09-IMP-IMAGE-r3,IMP-IMAGE,3,automatic,e5c1555f-e927-575c-b68c-85eb341a3202,bbb4bf5c-5720-453a-a6e6-4aceece1661b,ocr_required,scoring_rubric,source_provided,True,False,正确关系式 1.00；说明代入过程 2.00。,正确关系式1.00；说明代入过程2.00。,matched,import-execution-v5\t160-quality-20261006T132638Z-80ad8d90\runs\t160-quality-20261006T132638Z-80ad8d90-09-IMP-IMAGE-r3\result.json
t160-quality-20261006T132638Z-80ad8d90-09-IMP-IMAGE-r3,IMP-IMAGE,3,automatic,e5c1555f-e927-575c-b68c-85eb341a3202,bbb4bf5c-5720-453a-a6e6-4aceece1661b,ocr_required,knowledge_points,source_provided,True,True,"[""一次函数"", ""表达与计算""]","[""一次函数"", ""表达与计算""]",matched,import-execution-v5\t160-quality-20261006T132638Z-80ad8d90\runs\t160-quality-20261006T132638Z-80ad8d90-09-IMP-IMAGE-r3\result.json
t160-quality-20261006T132638Z-80ad8d90-09-IMP-IMAGE-r3,IMP-IMAGE,3,automatic,e5c1555f-e927-575c-b68c-85eb341a3202,bbb4bf5c-5720-453a-a6e6-4aceece1661b,ocr_required,source_regions,unknown,False,,,,reference_unknown,import-execution-v5\t160-quality-20261006T132638Z-80ad8d90\runs\t160-quality-20261006T132638Z-80ad8d90-09-IMP-IMAGE-r3\result.json
t160-quality-20261006T132638Z-80ad8d90-09-IMP-IMAGE-r3,IMP-IMAGE,3,automatic,e5c1555f-e927-575c-b68c-85eb341a3202,bbb4bf5c-5720-453a-a6e6-4aceece1661b,ocr_required,assets,source_provided,True,False,"[{""asset_type"": ""table"", ""source_page_number"": 1, ""order_index"": 1}]",,matched,import-execution-v5\t160-quality-20261006T132638Z-80ad8d90\runs\t160-quality-20261006T132638Z-80ad8d90-09-IMP-IMAGE-r3\result.json
t160-quality-20261006T132638Z-80ad8d90-09-IMP-IMAGE-r3,IMP-IMAGE,3,assisted_corrected,c4d750a5-4dc4-5a35-83e2-dee4ca44aca1,6f4f3959-c629-4ec4-a651-2c318378ade8,ocr_required,question_number,source_provided,True,True,1,1,matched,import-execution-v5\t160-quality-20261006T132638Z-80ad8d90\runs\t160-quality-20261006T132638Z-80ad8d90-09-IMP-IMAGE-r3\result.json
t160-quality-20261006T132638Z-80ad8d90-09-IMP-IMAGE-r3,IMP-IMAGE,3,assisted_corrected,c4d750a5-4dc4-5a35-83e2-dee4ca44aca1,6f4f3959-c629-4ec4-a651-2c318378ade8,ocr_required,order_index,source_provided,True,True,1,1,matched,import-execution-v5\t160-quality-20261006T132638Z-80ad8d90\runs\t160-quality-20261006T132638Z-80ad8d90-09-IMP-IMAGE-r3\result.json
t160-quality-20261006T132638Z-80ad8d90-09-IMP-IMAGE-r3,IMP-IMAGE,3,assisted_corrected,c4d750a5-4dc4-5a35-83e2-dee4ca44aca1,6f4f3959-c629-4ec4-a651-2c318378ade8,ocr_required,source_page_numbers,source_provided,True,True,[1],[1],matched,import-execution-v5\t160-quality-20261006T132638Z-80ad8d90\runs\t160-quality-20261006T132638Z-80ad8d90-09-IMP-IMAGE-r3\result.json
t160-quality-20261006T132638Z-80ad8d90-09-IMP-IMAGE-r3,IMP-IMAGE,3,assisted_corrected,c4d750a5-4dc4-5a35-83e2-dee4ca44aca1,6f4f3959-c629-4ec4-a651-2c318378ade8,ocr_required,question_type,source_provided,True,True,SINGLE_CHOICE,SINGLE_CHOICE,matched,import-execution-v5\t160-quality-20261006T132638Z-80ad8d90\runs\t160-quality-20261006T132638Z-80ad8d90-09-IMP-IMAGE-r3\result.json
t160-quality-20261006T132638Z-80ad8d90-09-IMP-IMAGE-r3,IMP-IMAGE,3,assisted_corrected,c4d750a5-4dc4-5a35-83e2-dee4ca44aca1,6f4f3959-c629-4ec4-a651-2c318378ade8,ocr_required,content,source_provided,True,True,y = 2x + 1，x = 3 时 y 为多少？,y = 2x + 1，x = 3 时 y 为多少？,matched,import-execution-v5\t160-quality-20261006T132638Z-80ad8d90\runs\t160-quality-20261006T132638Z-80ad8d90-09-IMP-IMAGE-r3\result.json
t160-quality-20261006T132638Z-80ad8d90-09-IMP-IMAGE-r3,IMP-IMAGE,3,assisted_corrected,c4d750a5-4dc4-5a35-83e2-dee4ca44aca1,6f4f3959-c629-4ec4-a651-2c318378ade8,ocr_required,options,source_provided,True,True,"{""C"": ""7"", ""A"": ""5"", ""B"": ""6"", ""D"": ""8""}","{""C"": ""7"", ""A"": ""5"", ""B"": ""6"", ""D"": ""8""}",matched,import-execution-v5\t160-quality-20261006T132638Z-80ad8d90\runs\t160-quality-20261006T132638Z-80ad8d90-09-IMP-IMAGE-r3\result.json
t160-quality-20261006T132638Z-80ad8d90-09-IMP-IMAGE-r3,IMP-IMAGE,3,assisted_corrected,c4d750a5-4dc4-5a35-83e2-dee4ca44aca1,6f4f3959-c629-4ec4-a651-2c318378ade8,ocr_required,reference_answer,source_provided,True,True,C,C,matched,import-execution-v5\t160-quality-20261006T132638Z-80ad8d90\runs\t160-quality-20261006T132638Z-80ad8d90-09-IMP-IMAGE-r3\result.json
t160-quality-20261006T132638Z-80ad8d90-09-IMP-IMAGE-r3,IMP-IMAGE,3,assisted_corrected,c4d750a5-4dc4-5a35-83e2-dee4ca44aca1,6f4f3959-c629-4ec4-a651-2c318378ade8,ocr_required,analysis,source_provided,True,True,2 × 3 + 1 = 7。,2 × 3 + 1 = 7。,matched,import-execution-v5\t160-quality-20261006T132638Z-80ad8d90\runs\t160-quality-20261006T132638Z-80ad8d90-09-IMP-IMAGE-r3\result.json
t160-quality-20261006T132638Z-80ad8d90-09-IMP-IMAGE-r3,IMP-IMAGE,3,assisted_corrected,c4d750a5-4dc4-5a35-83e2-dee4ca44aca1,6f4f3959-c629-4ec4-a651-2c318378ade8,ocr_required,score,source_provided,True,True,2.00,2.00,matched,import-execution-v5\t160-quality-20261006T132638Z-80ad8d90\runs\t160-quality-20261006T132638Z-80ad8d90-09-IMP-IMAGE-r3\result.json
t160-quality-20261006T132638Z-80ad8d90-09-IMP-IMAGE-r3,IMP-IMAGE,3,assisted_corrected,c4d750a5-4dc4-5a35-83e2-dee4ca44aca1,6f4f3959-c629-4ec4-a651-2c318378ade8,ocr_required,scoring_rubric,known_missing,True,True,,,matched,import-execution-v5\t160-quality-20261006T132638Z-80ad8d90\runs\t160-quality-20261006T132638Z-80ad8d90-09-IMP-IMAGE-r3\result.json
t160-quality-20261006T132638Z-80ad8d90-09-IMP-IMAGE-r3,IMP-IMAGE,3,assisted_corrected,c4d750a5-4dc4-5a35-83e2-dee4ca44aca1,6f4f3959-c629-4ec4-a651-2c318378ade8,ocr_required,knowledge_points,known_missing,True,True,[],[],matched,import-execution-v5\t160-quality-20261006T132638Z-80ad8d90\runs\t160-quality-20261006T132638Z-80ad8d90-09-IMP-IMAGE-r3\result.json
t160-quality-20261006T132638Z-80ad8d90-09-IMP-IMAGE-r3,IMP-IMAGE,3,assisted_corrected,c4d750a5-4dc4-5a35-83e2-dee4ca44aca1,6f4f3959-c629-4ec4-a651-2c318378ade8,ocr_required,source_regions,unknown,False,,,,reference_unknown,import-execution-v5\t160-quality-20261006T132638Z-80ad8d90\runs\t160-quality-20261006T132638Z-80ad8d90-09-IMP-IMAGE-r3\result.json
t160-quality-20261006T132638Z-80ad8d90-09-IMP-IMAGE-r3,IMP-IMAGE,3,assisted_corrected,c4d750a5-4dc4-5a35-83e2-dee4ca44aca1,6f4f3959-c629-4ec4-a651-2c318378ade8,ocr_required,assets,source_provided,True,True,[],[],matched,import-execution-v5\t160-quality-20261006T132638Z-80ad8d90\runs\t160-quality-20261006T132638Z-80ad8d90-09-IMP-IMAGE-r3\result.json
t160-quality-20261006T132638Z-80ad8d90-09-IMP-IMAGE-r3,IMP-IMAGE,3,assisted_corrected,e418791a-1462-52b7-98fe-396ce71b8d48,8466da10-0b73-4405-9f5c-78b52671ab24,ocr_required,question_number,source_provided,True,True,2,2,matched,import-execution-v5\t160-quality-20261006T132638Z-80ad8d90\runs\t160-quality-20261006T132638Z-80ad8d90-09-IMP-IMAGE-r3\result.json
t160-quality-20261006T132638Z-80ad8d90-09-IMP-IMAGE-r3,IMP-IMAGE,3,assisted_corrected,e418791a-1462-52b7-98fe-396ce71b8d48,8466da10-0b73-4405-9f5c-78b52671ab24,ocr_required,order_index,source_provided,True,True,2,2,matched,import-execution-v5\t160-quality-20261006T132638Z-80ad8d90\runs\t160-quality-20261006T132638Z-80ad8d90-09-IMP-IMAGE-r3\result.json
t160-quality-20261006T132638Z-80ad8d90-09-IMP-IMAGE-r3,IMP-IMAGE,3,assisted_corrected,e418791a-1462-52b7-98fe-396ce71b8d48,8466da10-0b73-4405-9f5c-78b52671ab24,ocr_required,source_page_numbers,source_provided,True,True,[1],[1],matched,import-execution-v5\t160-quality-20261006T132638Z-80ad8d90\runs\t160-quality-20261006T132638Z-80ad8d90-09-IMP-IMAGE-r3\result.json
t160-quality-20261006T132638Z-80ad8d90-09-IMP-IMAGE-r3,IMP-IMAGE,3,assisted_corrected,e418791a-1462-52b7-98fe-396ce71b8d48,8466da10-0b73-4405-9f5c-78b52671ab24,ocr_required,question_type,source_provided,True,True,TRUE_FALSE,TRUE_FALSE,matched,import-execution-v5\t160-quality-20261006T132638Z-80ad8d90\runs\t160-quality-20261006T132638Z-80ad8d90-09-IMP-IMAGE-r3\result.json
t160-quality-20261006T132638Z-80ad8d90-09-IMP-IMAGE-r3,IMP-IMAGE,3,assisted_corrected,e418791a-1462-52b7-98fe-396ce71b8d48,8466da10-0b73-4405-9f5c-78b52671ab24,ocr_required,content,source_provided,True,True,右图三角形面积为 24 cm²。,右图三角形面积为 24 cm²。,matched,import-execution-v5\t160-quality-20261006T132638Z-80ad8d90\runs\t160-quality-20261006T132638Z-80ad8d90-09-IMP-IMAGE-r3\result.json
t160-quality-20261006T132638Z-80ad8d90-09-IMP-IMAGE-r3,IMP-IMAGE,3,assisted_corrected,e418791a-1462-52b7-98fe-396ce71b8d48,8466da10-0b73-4405-9f5c-78b52671ab24,ocr_required,options,source_provided,True,True,"[""正确"", ""错误""]","[""正确"", ""错误""]",matched,import-execution-v5\t160-quality-20261006T132638Z-80ad8d90\runs\t160-quality-20261006T132638Z-80ad8d90-09-IMP-IMAGE-r3\result.json
t160-quality-20261006T132638Z-80ad8d90-09-IMP-IMAGE-r3,IMP-IMAGE,3,assisted_corrected,e418791a-1462-52b7-98fe-396ce71b8d48,8466da10-0b73-4405-9f5c-78b52671ab24,ocr_required,reference_answer,known_missing,True,True,,,matched,import-execution-v5\t160-quality-20261006T132638Z-80ad8d90\runs\t160-quality-20261006T132638Z-80ad8d90-09-IMP-IMAGE-r3\result.json
t160-quality-20261006T132638Z-80ad8d90-09-IMP-IMAGE-r3,IMP-IMAGE,3,assisted_corrected,e418791a-1462-52b7-98fe-396ce71b8d48,8466da10-0b73-4405-9f5c-78b52671ab24,ocr_required,analysis,known_missing,True,True,,,matched,import-execution-v5\t160-quality-20261006T132638Z-80ad8d90\runs\t160-quality-20261006T132638Z-80ad8d90-09-IMP-IMAGE-r3\result.json
t160-quality-20261006T132638Z-80ad8d90-09-IMP-IMAGE-r3,IMP-IMAGE,3,assisted_corrected,e418791a-1462-52b7-98fe-396ce71b8d48,8466da10-0b73-4405-9f5c-78b52671ab24,ocr_required,score,source_provided,True,True,2.00,2.00,matched,import-execution-v5\t160-quality-20261006T132638Z-80ad8d90\runs\t160-quality-20261006T132638Z-80ad8d90-09-IMP-IMAGE-r3\result.json
t160-quality-20261006T132638Z-80ad8d90-09-IMP-IMAGE-r3,IMP-IMAGE,3,assisted_corrected,e418791a-1462-52b7-98fe-396ce71b8d48,8466da10-0b73-4405-9f5c-78b52671ab24,ocr_required,scoring_rubric,known_missing,True,True,,,matched,import-execution-v5\t160-quality-20261006T132638Z-80ad8d90\runs\t160-quality-20261006T132638Z-80ad8d90-09-IMP-IMAGE-r3\result.json
t160-quality-20261006T132638Z-80ad8d90-09-IMP-IMAGE-r3,IMP-IMAGE,3,assisted_corrected,e418791a-1462-52b7-98fe-396ce71b8d48,8466da10-0b73-4405-9f5c-78b52671ab24,ocr_required,knowledge_points,known_missing,True,True,[],[],matched,import-execution-v5\t160-quality-20261006T132638Z-80ad8d90\runs\t160-quality-20261006T132638Z-80ad8d90-09-IMP-IMAGE-r3\result.json
t160-quality-20261006T132638Z-80ad8d90-09-IMP-IMAGE-r3,IMP-IMAGE,3,assisted_corrected,e418791a-1462-52b7-98fe-396ce71b8d48,8466da10-0b73-4405-9f5c-78b52671ab24,ocr_required,source_regions,unknown,False,,,,reference_unknown,import-execution-v5\t160-quality-20261006T132638Z-80ad8d90\runs\t160-quality-20261006T132638Z-80ad8d90-09-IMP-IMAGE-r3\result.json
t160-quality-20261006T132638Z-80ad8d90-09-IMP-IMAGE-r3,IMP-IMAGE,3,assisted_corrected,e418791a-1462-52b7-98fe-396ce71b8d48,8466da10-0b73-4405-9f5c-78b52671ab24,ocr_required,assets,source_provided,True,False,"[{""asset_type"": ""figure"", ""source_page_number"": 1, ""order_index"": 1}]",,matched,import-execution-v5\t160-quality-20261006T132638Z-80ad8d90\runs\t160-quality-20261006T132638Z-80ad8d90-09-IMP-IMAGE-r3\result.json
t160-quality-20261006T132638Z-80ad8d90-09-IMP-IMAGE-r3,IMP-IMAGE,3,assisted_corrected,e5c1555f-e927-575c-b68c-85eb341a3202,bbb4bf5c-5720-453a-a6e6-4aceece1661b,ocr_required,question_number,source_provided,True,True,3,3,matched,import-execution-v5\t160-quality-20261006T132638Z-80ad8d90\runs\t160-quality-20261006T132638Z-80ad8d90-09-IMP-IMAGE-r3\result.json
t160-quality-20261006T132638Z-80ad8d90-09-IMP-IMAGE-r3,IMP-IMAGE,3,assisted_corrected,e5c1555f-e927-575c-b68c-85eb341a3202,bbb4bf5c-5720-453a-a6e6-4aceece1661b,ocr_required,order_index,source_provided,True,True,3,3,matched,import-execution-v5\t160-quality-20261006T132638Z-80ad8d90\runs\t160-quality-20261006T132638Z-80ad8d90-09-IMP-IMAGE-r3\result.json
t160-quality-20261006T132638Z-80ad8d90-09-IMP-IMAGE-r3,IMP-IMAGE,3,assisted_corrected,e5c1555f-e927-575c-b68c-85eb341a3202,bbb4bf5c-5720-453a-a6e6-4aceece1661b,ocr_required,source_page_numbers,source_provided,True,True,[1],[1],matched,import-execution-v5\t160-quality-20261006T132638Z-80ad8d90\runs\t160-quality-20261006T132638Z-80ad8d90-09-IMP-IMAGE-r3\result.json
t160-quality-20261006T132638Z-80ad8d90-09-IMP-IMAGE-r3,IMP-IMAGE,3,assisted_corrected,e5c1555f-e927-575c-b68c-85eb341a3202,bbb4bf5c-5720-453a-a6e6-4aceece1661b,ocr_required,question_type,source_provided,True,True,SHORT_ANSWER,SHORT_ANSWER,matched,import-execution-v5\t160-quality-20261006T132638Z-80ad8d90\runs\t160-quality-20261006T132638Z-80ad8d90-09-IMP-IMAGE-r3\result.json
t160-quality-20261006T132638Z-80ad8d90-09-IMP-IMAGE-r3,IMP-IMAGE,3,assisted_corrected,e5c1555f-e927-575c-b68c-85eb341a3202,bbb4bf5c-5720-453a-a6e6-4aceece1661b,ocr_required,content,source_provided,True,True,根据下表写出 y 关于 x 的关系式。,根据下表写出 y 关于 x 的关系式。,matched,import-execution-v5\t160-quality-20261006T132638Z-80ad8d90\runs\t160-quality-20261006T132638Z-80ad8d90-09-IMP-IMAGE-r3\result.json
t160-quality-20261006T132638Z-80ad8d90-09-IMP-IMAGE-r3,IMP-IMAGE,3,assisted_corrected,e5c1555f-e927-575c-b68c-85eb341a3202,bbb4bf5c-5720-453a-a6e6-4aceece1661b,ocr_required,options,not_applicable,True,True,,,matched,import-execution-v5\t160-quality-20261006T132638Z-80ad8d90\runs\t160-quality-20261006T132638Z-80ad8d90-09-IMP-IMAGE-r3\result.json
t160-quality-20261006T132638Z-80ad8d90-09-IMP-IMAGE-r3,IMP-IMAGE,3,assisted_corrected,e5c1555f-e927-575c-b68c-85eb341a3202,bbb4bf5c-5720-453a-a6e6-4aceece1661b,ocr_required,reference_answer,known_missing,True,True,,,matched,import-execution-v5\t160-quality-20261006T132638Z-80ad8d90\runs\t160-quality-20261006T132638Z-80ad8d90-09-IMP-IMAGE-r3\result.json
t160-quality-20261006T132638Z-80ad8d90-09-IMP-IMAGE-r3,IMP-IMAGE,3,assisted_corrected,e5c1555f-e927-575c-b68c-85eb341a3202,bbb4bf5c-5720-453a-a6e6-4aceece1661b,ocr_required,analysis,known_missing,True,True,,,matched,import-execution-v5\t160-quality-20261006T132638Z-80ad8d90\runs\t160-quality-20261006T132638Z-80ad8d90-09-IMP-IMAGE-r3\result.json
t160-quality-20261006T132638Z-80ad8d90-09-IMP-IMAGE-r3,IMP-IMAGE,3,assisted_corrected,e5c1555f-e927-575c-b68c-85eb341a3202,bbb4bf5c-5720-453a-a6e6-4aceece1661b,ocr_required,score,source_provided,True,True,3.00,3.00,matched,import-execution-v5\t160-quality-20261006T132638Z-80ad8d90\runs\t160-quality-20261006T132638Z-80ad8d90-09-IMP-IMAGE-r3\result.json
t160-quality-20261006T132638Z-80ad8d90-09-IMP-IMAGE-r3,IMP-IMAGE,3,assisted_corrected,e5c1555f-e927-575c-b68c-85eb341a3202,bbb4bf5c-5720-453a-a6e6-4aceece1661b,ocr_required,scoring_rubric,source_provided,True,True,正确关系式 1.00；说明代入过程 2.00。,正确关系式 1.00；说明代入过程 2.00。,matched,import-execution-v5\t160-quality-20261006T132638Z-80ad8d90\runs\t160-quality-20261006T132638Z-80ad8d90-09-IMP-IMAGE-r3\result.json
t160-quality-20261006T132638Z-80ad8d90-09-IMP-IMAGE-r3,IMP-IMAGE,3,assisted_corrected,e5c1555f-e927-575c-b68c-85eb341a3202,bbb4bf5c-5720-453a-a6e6-4aceece1661b,ocr_required,knowledge_points,source_provided,True,True,"[""一次函数"", ""表达与计算""]","[""一次函数"", ""表达与计算""]",matched,import-execution-v5\t160-quality-20261006T132638Z-80ad8d90\runs\t160-quality-20261006T132638Z-80ad8d90-09-IMP-IMAGE-r3\result.json
t160-quality-20261006T132638Z-80ad8d90-09-IMP-IMAGE-r3,IMP-IMAGE,3,assisted_corrected,e5c1555f-e927-575c-b68c-85eb341a3202,bbb4bf5c-5720-453a-a6e6-4aceece1661b,ocr_required,source_regions,unknown,False,,,,reference_unknown,import-execution-v5\t160-quality-20261006T132638Z-80ad8d90\runs\t160-quality-20261006T132638Z-80ad8d90-09-IMP-IMAGE-r3\result.json
t160-quality-20261006T132638Z-80ad8d90-09-IMP-IMAGE-r3,IMP-IMAGE,3,assisted_corrected,e5c1555f-e927-575c-b68c-85eb341a3202,bbb4bf5c-5720-453a-a6e6-4aceece1661b,ocr_required,assets,source_provided,True,False,"[{""asset_type"": ""table"", ""source_page_number"": 1, ""order_index"": 1}]",,matched,import-execution-v5\t160-quality-20261006T132638Z-80ad8d90\runs\t160-quality-20261006T132638Z-80ad8d90-09-IMP-IMAGE-r3\result.json
t160-quality-20261006T132638Z-80ad8d90-10-IMP-MIXED-r1,IMP-MIXED,1,automatic,1faa8619-84cc-5d65-86ae-244c7f68645e,d6e1160d-1335-48c2-88ab-9f16ab9c24ce,native_text,question_number,source_provided,True,True,1,1,matched,import-execution-v5\t160-quality-20261006T132638Z-80ad8d90\runs\t160-quality-20261006T132638Z-80ad8d90-10-IMP-MIXED-r1\result.json
t160-quality-20261006T132638Z-80ad8d90-10-IMP-MIXED-r1,IMP-MIXED,1,automatic,1faa8619-84cc-5d65-86ae-244c7f68645e,d6e1160d-1335-48c2-88ab-9f16ab9c24ce,native_text,order_index,source_provided,True,True,1,1,matched,import-execution-v5\t160-quality-20261006T132638Z-80ad8d90\runs\t160-quality-20261006T132638Z-80ad8d90-10-IMP-MIXED-r1\result.json
t160-quality-20261006T132638Z-80ad8d90-10-IMP-MIXED-r1,IMP-MIXED,1,automatic,1faa8619-84cc-5d65-86ae-244c7f68645e,d6e1160d-1335-48c2-88ab-9f16ab9c24ce,native_text,source_page_numbers,source_provided,True,True,[1],[1],matched,import-execution-v5\t160-quality-20261006T132638Z-80ad8d90\runs\t160-quality-20261006T132638Z-80ad8d90-10-IMP-MIXED-r1\result.json
t160-quality-20261006T132638Z-80ad8d90-10-IMP-MIXED-r1,IMP-MIXED,1,automatic,1faa8619-84cc-5d65-86ae-244c7f68645e,d6e1160d-1335-48c2-88ab-9f16ab9c24ce,native_text,question_type,source_provided,True,True,SINGLE_CHOICE,SINGLE_CHOICE,matched,import-execution-v5\t160-quality-20261006T132638Z-80ad8d90\runs\t160-quality-20261006T132638Z-80ad8d90-10-IMP-MIXED-r1\result.json
t160-quality-20261006T132638Z-80ad8d90-10-IMP-MIXED-r1,IMP-MIXED,1,automatic,1faa8619-84cc-5d65-86ae-244c7f68645e,d6e1160d-1335-48c2-88ab-9f16ab9c24ce,native_text,content,source_provided,True,True,y = 2x + 1，x = 3 时 y 为多少？,y = 2x + 1，x = 3 时 y 为多少？,matched,import-execution-v5\t160-quality-20261006T132638Z-80ad8d90\runs\t160-quality-20261006T132638Z-80ad8d90-10-IMP-MIXED-r1\result.json
t160-quality-20261006T132638Z-80ad8d90-10-IMP-MIXED-r1,IMP-MIXED,1,automatic,1faa8619-84cc-5d65-86ae-244c7f68645e,d6e1160d-1335-48c2-88ab-9f16ab9c24ce,native_text,options,source_provided,True,True,"{""C"": ""7"", ""A"": ""5"", ""B"": ""6"", ""D"": ""8""}","{""C"": ""7"", ""A"": ""5"", ""B"": ""6"", ""D"": ""8""}",matched,import-execution-v5\t160-quality-20261006T132638Z-80ad8d90\runs\t160-quality-20261006T132638Z-80ad8d90-10-IMP-MIXED-r1\result.json
t160-quality-20261006T132638Z-80ad8d90-10-IMP-MIXED-r1,IMP-MIXED,1,automatic,1faa8619-84cc-5d65-86ae-244c7f68645e,d6e1160d-1335-48c2-88ab-9f16ab9c24ce,native_text,reference_answer,source_provided,True,True,C,C,matched,import-execution-v5\t160-quality-20261006T132638Z-80ad8d90\runs\t160-quality-20261006T132638Z-80ad8d90-10-IMP-MIXED-r1\result.json
t160-quality-20261006T132638Z-80ad8d90-10-IMP-MIXED-r1,IMP-MIXED,1,automatic,1faa8619-84cc-5d65-86ae-244c7f68645e,d6e1160d-1335-48c2-88ab-9f16ab9c24ce,native_text,analysis,source_provided,True,True,2 × 3 + 1 = 7。,2 × 3 + 1 = 7。,matched,import-execution-v5\t160-quality-20261006T132638Z-80ad8d90\runs\t160-quality-20261006T132638Z-80ad8d90-10-IMP-MIXED-r1\result.json
t160-quality-20261006T132638Z-80ad8d90-10-IMP-MIXED-r1,IMP-MIXED,1,automatic,1faa8619-84cc-5d65-86ae-244c7f68645e,d6e1160d-1335-48c2-88ab-9f16ab9c24ce,native_text,score,source_provided,True,True,2.00,2.00,matched,import-execution-v5\t160-quality-20261006T132638Z-80ad8d90\runs\t160-quality-20261006T132638Z-80ad8d90-10-IMP-MIXED-r1\result.json
t160-quality-20261006T132638Z-80ad8d90-10-IMP-MIXED-r1,IMP-MIXED,1,automatic,1faa8619-84cc-5d65-86ae-244c7f68645e,d6e1160d-1335-48c2-88ab-9f16ab9c24ce,native_text,scoring_rubric,known_missing,True,True,,,matched,import-execution-v5\t160-quality-20261006T132638Z-80ad8d90\runs\t160-quality-20261006T132638Z-80ad8d90-10-IMP-MIXED-r1\result.json
t160-quality-20261006T132638Z-80ad8d90-10-IMP-MIXED-r1,IMP-MIXED,1,automatic,1faa8619-84cc-5d65-86ae-244c7f68645e,d6e1160d-1335-48c2-88ab-9f16ab9c24ce,native_text,knowledge_points,known_missing,True,False,[],,matched,import-execution-v5\t160-quality-20261006T132638Z-80ad8d90\runs\t160-quality-20261006T132638Z-80ad8d90-10-IMP-MIXED-r1\result.json
t160-quality-20261006T132638Z-80ad8d90-10-IMP-MIXED-r1,IMP-MIXED,1,automatic,1faa8619-84cc-5d65-86ae-244c7f68645e,d6e1160d-1335-48c2-88ab-9f16ab9c24ce,native_text,source_regions,unknown,False,,,,reference_unknown,import-execution-v5\t160-quality-20261006T132638Z-80ad8d90\runs\t160-quality-20261006T132638Z-80ad8d90-10-IMP-MIXED-r1\result.json
t160-quality-20261006T132638Z-80ad8d90-10-IMP-MIXED-r1,IMP-MIXED,1,automatic,1faa8619-84cc-5d65-86ae-244c7f68645e,d6e1160d-1335-48c2-88ab-9f16ab9c24ce,native_text,assets,source_provided,True,False,[],,matched,import-execution-v5\t160-quality-20261006T132638Z-80ad8d90\runs\t160-quality-20261006T132638Z-80ad8d90-10-IMP-MIXED-r1\result.json
t160-quality-20261006T132638Z-80ad8d90-10-IMP-MIXED-r1,IMP-MIXED,1,automatic,545de13f-3fe9-524b-a917-7ab04807806f,c9be69c0-ace2-47d1-8698-aaf328c9a1d8,native_text,question_number,source_provided,True,True,2,2,matched,import-execution-v5\t160-quality-20261006T132638Z-80ad8d90\runs\t160-quality-20261006T132638Z-80ad8d90-10-IMP-MIXED-r1\result.json
t160-quality-20261006T132638Z-80ad8d90-10-IMP-MIXED-r1,IMP-MIXED,1,automatic,545de13f-3fe9-524b-a917-7ab04807806f,c9be69c0-ace2-47d1-8698-aaf328c9a1d8,native_text,order_index,source_provided,True,True,2,2,matched,import-execution-v5\t160-quality-20261006T132638Z-80ad8d90\runs\t160-quality-20261006T132638Z-80ad8d90-10-IMP-MIXED-r1\result.json
t160-quality-20261006T132638Z-80ad8d90-10-IMP-MIXED-r1,IMP-MIXED,1,automatic,545de13f-3fe9-524b-a917-7ab04807806f,c9be69c0-ace2-47d1-8698-aaf328c9a1d8,native_text,source_page_numbers,source_provided,True,True,[1],[1],matched,import-execution-v5\t160-quality-20261006T132638Z-80ad8d90\runs\t160-quality-20261006T132638Z-80ad8d90-10-IMP-MIXED-r1\result.json
t160-quality-20261006T132638Z-80ad8d90-10-IMP-MIXED-r1,IMP-MIXED,1,automatic,545de13f-3fe9-524b-a917-7ab04807806f,c9be69c0-ace2-47d1-8698-aaf328c9a1d8,native_text,question_type,source_provided,True,True,TRUE_FALSE,TRUE_FALSE,matched,import-execution-v5\t160-quality-20261006T132638Z-80ad8d90\runs\t160-quality-20261006T132638Z-80ad8d90-10-IMP-MIXED-r1\result.json
t160-quality-20261006T132638Z-80ad8d90-10-IMP-MIXED-r1,IMP-MIXED,1,automatic,545de13f-3fe9-524b-a917-7ab04807806f,c9be69c0-ace2-47d1-8698-aaf328c9a1d8,native_text,content,source_provided,True,True,右图三角形面积为 24 cm²。,右图三角形面积为 24 cm²。,matched,import-execution-v5\t160-quality-20261006T132638Z-80ad8d90\runs\t160-quality-20261006T132638Z-80ad8d90-10-IMP-MIXED-r1\result.json
t160-quality-20261006T132638Z-80ad8d90-10-IMP-MIXED-r1,IMP-MIXED,1,automatic,545de13f-3fe9-524b-a917-7ab04807806f,c9be69c0-ace2-47d1-8698-aaf328c9a1d8,native_text,options,source_provided,True,True,"[""正确"", ""错误""]","[""正确"", ""错误""]",matched,import-execution-v5\t160-quality-20261006T132638Z-80ad8d90\runs\t160-quality-20261006T132638Z-80ad8d90-10-IMP-MIXED-r1\result.json
t160-quality-20261006T132638Z-80ad8d90-10-IMP-MIXED-r1,IMP-MIXED,1,automatic,545de13f-3fe9-524b-a917-7ab04807806f,c9be69c0-ace2-47d1-8698-aaf328c9a1d8,native_text,reference_answer,known_missing,True,True,,,matched,import-execution-v5\t160-quality-20261006T132638Z-80ad8d90\runs\t160-quality-20261006T132638Z-80ad8d90-10-IMP-MIXED-r1\result.json
t160-quality-20261006T132638Z-80ad8d90-10-IMP-MIXED-r1,IMP-MIXED,1,automatic,545de13f-3fe9-524b-a917-7ab04807806f,c9be69c0-ace2-47d1-8698-aaf328c9a1d8,native_text,analysis,known_missing,True,True,,,matched,import-execution-v5\t160-quality-20261006T132638Z-80ad8d90\runs\t160-quality-20261006T132638Z-80ad8d90-10-IMP-MIXED-r1\result.json
t160-quality-20261006T132638Z-80ad8d90-10-IMP-MIXED-r1,IMP-MIXED,1,automatic,545de13f-3fe9-524b-a917-7ab04807806f,c9be69c0-ace2-47d1-8698-aaf328c9a1d8,native_text,score,source_provided,True,True,2.00,2.00,matched,import-execution-v5\t160-quality-20261006T132638Z-80ad8d90\runs\t160-quality-20261006T132638Z-80ad8d90-10-IMP-MIXED-r1\result.json
t160-quality-20261006T132638Z-80ad8d90-10-IMP-MIXED-r1,IMP-MIXED,1,automatic,545de13f-3fe9-524b-a917-7ab04807806f,c9be69c0-ace2-47d1-8698-aaf328c9a1d8,native_text,scoring_rubric,known_missing,True,True,,,matched,import-execution-v5\t160-quality-20261006T132638Z-80ad8d90\runs\t160-quality-20261006T132638Z-80ad8d90-10-IMP-MIXED-r1\result.json
t160-quality-20261006T132638Z-80ad8d90-10-IMP-MIXED-r1,IMP-MIXED,1,automatic,545de13f-3fe9-524b-a917-7ab04807806f,c9be69c0-ace2-47d1-8698-aaf328c9a1d8,native_text,knowledge_points,known_missing,True,False,[],,matched,import-execution-v5\t160-quality-20261006T132638Z-80ad8d90\runs\t160-quality-20261006T132638Z-80ad8d90-10-IMP-MIXED-r1\result.json
t160-quality-20261006T132638Z-80ad8d90-10-IMP-MIXED-r1,IMP-MIXED,1,automatic,545de13f-3fe9-524b-a917-7ab04807806f,c9be69c0-ace2-47d1-8698-aaf328c9a1d8,native_text,source_regions,unknown,False,,,,reference_unknown,import-execution-v5\t160-quality-20261006T132638Z-80ad8d90\runs\t160-quality-20261006T132638Z-80ad8d90-10-IMP-MIXED-r1\result.json
t160-quality-20261006T132638Z-80ad8d90-10-IMP-MIXED-r1,IMP-MIXED,1,automatic,545de13f-3fe9-524b-a917-7ab04807806f,c9be69c0-ace2-47d1-8698-aaf328c9a1d8,native_text,assets,source_provided,True,False,"[{""asset_type"": ""figure"", ""source_page_number"": 1, ""order_index"": 1}]",,matched,import-execution-v5\t160-quality-20261006T132638Z-80ad8d90\runs\t160-quality-20261006T132638Z-80ad8d90-10-IMP-MIXED-r1\result.json
t160-quality-20261006T132638Z-80ad8d90-10-IMP-MIXED-r1,IMP-MIXED,1,automatic,85533f46-eb86-5893-8742-33939e77750f,c73d5b76-92ab-475f-a0d4-4b1a8f0080b5,native_text,question_number,source_provided,True,True,3,3,matched,import-execution-v5\t160-quality-20261006T132638Z-80ad8d90\runs\t160-quality-20261006T132638Z-80ad8d90-10-IMP-MIXED-r1\result.json
t160-quality-20261006T132638Z-80ad8d90-10-IMP-MIXED-r1,IMP-MIXED,1,automatic,85533f46-eb86-5893-8742-33939e77750f,c73d5b76-92ab-475f-a0d4-4b1a8f0080b5,native_text,order_index,source_provided,True,True,3,3,matched,import-execution-v5\t160-quality-20261006T132638Z-80ad8d90\runs\t160-quality-20261006T132638Z-80ad8d90-10-IMP-MIXED-r1\result.json
t160-quality-20261006T132638Z-80ad8d90-10-IMP-MIXED-r1,IMP-MIXED,1,automatic,85533f46-eb86-5893-8742-33939e77750f,c73d5b76-92ab-475f-a0d4-4b1a8f0080b5,native_text,source_page_numbers,source_provided,True,True,[1],[1],matched,import-execution-v5\t160-quality-20261006T132638Z-80ad8d90\runs\t160-quality-20261006T132638Z-80ad8d90-10-IMP-MIXED-r1\result.json
t160-quality-20261006T132638Z-80ad8d90-10-IMP-MIXED-r1,IMP-MIXED,1,automatic,85533f46-eb86-5893-8742-33939e77750f,c73d5b76-92ab-475f-a0d4-4b1a8f0080b5,native_text,question_type,source_provided,True,True,SHORT_ANSWER,SHORT_ANSWER,matched,import-execution-v5\t160-quality-20261006T132638Z-80ad8d90\runs\t160-quality-20261006T132638Z-80ad8d90-10-IMP-MIXED-r1\result.json
t160-quality-20261006T132638Z-80ad8d90-10-IMP-MIXED-r1,IMP-MIXED,1,automatic,85533f46-eb86-5893-8742-33939e77750f,c73d5b76-92ab-475f-a0d4-4b1a8f0080b5,native_text,content,source_provided,True,True,根据下表写出 y 关于 x 的关系式。,根据下表写出 y 关于 x 的关系式。,matched,import-execution-v5\t160-quality-20261006T132638Z-80ad8d90\runs\t160-quality-20261006T132638Z-80ad8d90-10-IMP-MIXED-r1\result.json
t160-quality-20261006T132638Z-80ad8d90-10-IMP-MIXED-r1,IMP-MIXED,1,automatic,85533f46-eb86-5893-8742-33939e77750f,c73d5b76-92ab-475f-a0d4-4b1a8f0080b5,native_text,options,not_applicable,True,True,,,matched,import-execution-v5\t160-quality-20261006T132638Z-80ad8d90\runs\t160-quality-20261006T132638Z-80ad8d90-10-IMP-MIXED-r1\result.json
t160-quality-20261006T132638Z-80ad8d90-10-IMP-MIXED-r1,IMP-MIXED,1,automatic,85533f46-eb86-5893-8742-33939e77750f,c73d5b76-92ab-475f-a0d4-4b1a8f0080b5,native_text,reference_answer,known_missing,True,True,,,matched,import-execution-v5\t160-quality-20261006T132638Z-80ad8d90\runs\t160-quality-20261006T132638Z-80ad8d90-10-IMP-MIXED-r1\result.json
t160-quality-20261006T132638Z-80ad8d90-10-IMP-MIXED-r1,IMP-MIXED,1,automatic,85533f46-eb86-5893-8742-33939e77750f,c73d5b76-92ab-475f-a0d4-4b1a8f0080b5,native_text,analysis,known_missing,True,True,,,matched,import-execution-v5\t160-quality-20261006T132638Z-80ad8d90\runs\t160-quality-20261006T132638Z-80ad8d90-10-IMP-MIXED-r1\result.json
t160-quality-20261006T132638Z-80ad8d90-10-IMP-MIXED-r1,IMP-MIXED,1,automatic,85533f46-eb86-5893-8742-33939e77750f,c73d5b76-92ab-475f-a0d4-4b1a8f0080b5,native_text,score,source_provided,True,True,3.00,3.00,matched,import-execution-v5\t160-quality-20261006T132638Z-80ad8d90\runs\t160-quality-20261006T132638Z-80ad8d90-10-IMP-MIXED-r1\result.json
t160-quality-20261006T132638Z-80ad8d90-10-IMP-MIXED-r1,IMP-MIXED,1,automatic,85533f46-eb86-5893-8742-33939e77750f,c73d5b76-92ab-475f-a0d4-4b1a8f0080b5,native_text,scoring_rubric,source_provided,True,True,正确关系式 1.00；说明代入过程 2.00。,正确关系式 1.00；说明代入过程 2.00。,matched,import-execution-v5\t160-quality-20261006T132638Z-80ad8d90\runs\t160-quality-20261006T132638Z-80ad8d90-10-IMP-MIXED-r1\result.json
t160-quality-20261006T132638Z-80ad8d90-10-IMP-MIXED-r1,IMP-MIXED,1,automatic,85533f46-eb86-5893-8742-33939e77750f,c73d5b76-92ab-475f-a0d4-4b1a8f0080b5,native_text,knowledge_points,source_provided,True,True,"[""一次函数"", ""表达与计算""]","[""一次函数"", ""表达与计算""]",matched,import-execution-v5\t160-quality-20261006T132638Z-80ad8d90\runs\t160-quality-20261006T132638Z-80ad8d90-10-IMP-MIXED-r1\result.json
t160-quality-20261006T132638Z-80ad8d90-10-IMP-MIXED-r1,IMP-MIXED,1,automatic,85533f46-eb86-5893-8742-33939e77750f,c73d5b76-92ab-475f-a0d4-4b1a8f0080b5,native_text,source_regions,unknown,False,,,,reference_unknown,import-execution-v5\t160-quality-20261006T132638Z-80ad8d90\runs\t160-quality-20261006T132638Z-80ad8d90-10-IMP-MIXED-r1\result.json
t160-quality-20261006T132638Z-80ad8d90-10-IMP-MIXED-r1,IMP-MIXED,1,automatic,85533f46-eb86-5893-8742-33939e77750f,c73d5b76-92ab-475f-a0d4-4b1a8f0080b5,native_text,assets,source_provided,True,False,"[{""asset_type"": ""table"", ""source_page_number"": 1, ""order_index"": 1}]",,matched,import-execution-v5\t160-quality-20261006T132638Z-80ad8d90\runs\t160-quality-20261006T132638Z-80ad8d90-10-IMP-MIXED-r1\result.json
t160-quality-20261006T132638Z-80ad8d90-10-IMP-MIXED-r1,IMP-MIXED,1,automatic,0fa8d57e-58c2-5aa4-b8cd-e52e96380a38,7288b12f-6ca3-448b-a2f5-83c51037c631,ocr_required,question_number,source_provided,True,True,4,4,matched,import-execution-v5\t160-quality-20261006T132638Z-80ad8d90\runs\t160-quality-20261006T132638Z-80ad8d90-10-IMP-MIXED-r1\result.json
t160-quality-20261006T132638Z-80ad8d90-10-IMP-MIXED-r1,IMP-MIXED,1,automatic,0fa8d57e-58c2-5aa4-b8cd-e52e96380a38,7288b12f-6ca3-448b-a2f5-83c51037c631,ocr_required,order_index,source_provided,True,True,4,4,matched,import-execution-v5\t160-quality-20261006T132638Z-80ad8d90\runs\t160-quality-20261006T132638Z-80ad8d90-10-IMP-MIXED-r1\result.json
t160-quality-20261006T132638Z-80ad8d90-10-IMP-MIXED-r1,IMP-MIXED,1,automatic,0fa8d57e-58c2-5aa4-b8cd-e52e96380a38,7288b12f-6ca3-448b-a2f5-83c51037c631,ocr_required,source_page_numbers,source_provided,True,True,[2],[2],matched,import-execution-v5\t160-quality-20261006T132638Z-80ad8d90\runs\t160-quality-20261006T132638Z-80ad8d90-10-IMP-MIXED-r1\result.json
t160-quality-20261006T132638Z-80ad8d90-10-IMP-MIXED-r1,IMP-MIXED,1,automatic,0fa8d57e-58c2-5aa4-b8cd-e52e96380a38,7288b12f-6ca3-448b-a2f5-83c51037c631,ocr_required,question_type,source_provided,True,True,SINGLE_CHOICE,SINGLE_CHOICE,matched,import-execution-v5\t160-quality-20261006T132638Z-80ad8d90\runs\t160-quality-20261006T132638Z-80ad8d90-10-IMP-MIXED-r1\result.json
t160-quality-20261006T132638Z-80ad8d90-10-IMP-MIXED-r1,IMP-MIXED,1,automatic,0fa8d57e-58c2-5aa4-b8cd-e52e96380a38,7288b12f-6ca3-448b-a2f5-83c51037c631,ocr_required,content,source_provided,True,False,y = 2x + 1，x = 3 时 y 为多少？,y= 2x +1，x = 3 时y为多少？,matched,import-execution-v5\t160-quality-20261006T132638Z-80ad8d90\runs\t160-quality-20261006T132638Z-80ad8d90-10-IMP-MIXED-r1\result.json
t160-quality-20261006T132638Z-80ad8d90-10-IMP-MIXED-r1,IMP-MIXED,1,automatic,0fa8d57e-58c2-5aa4-b8cd-e52e96380a38,7288b12f-6ca3-448b-a2f5-83c51037c631,ocr_required,options,source_provided,True,True,"{""C"": ""7"", ""A"": ""5"", ""B"": ""6"", ""D"": ""8""}","{""C"": ""7"", ""A"": ""5"", ""B"": ""6"", ""D"": ""8""}",matched,import-execution-v5\t160-quality-20261006T132638Z-80ad8d90\runs\t160-quality-20261006T132638Z-80ad8d90-10-IMP-MIXED-r1\result.json
t160-quality-20261006T132638Z-80ad8d90-10-IMP-MIXED-r1,IMP-MIXED,1,automatic,0fa8d57e-58c2-5aa4-b8cd-e52e96380a38,7288b12f-6ca3-448b-a2f5-83c51037c631,ocr_required,reference_answer,source_provided,True,True,C,C,matched,import-execution-v5\t160-quality-20261006T132638Z-80ad8d90\runs\t160-quality-20261006T132638Z-80ad8d90-10-IMP-MIXED-r1\result.json
t160-quality-20261006T132638Z-80ad8d90-10-IMP-MIXED-r1,IMP-MIXED,1,automatic,0fa8d57e-58c2-5aa4-b8cd-e52e96380a38,7288b12f-6ca3-448b-a2f5-83c51037c631,ocr_required,analysis,source_provided,True,False,2 × 3 + 1 = 7。,2 × 3 +1=7。,matched,import-execution-v5\t160-quality-20261006T132638Z-80ad8d90\runs\t160-quality-20261006T132638Z-80ad8d90-10-IMP-MIXED-r1\result.json
t160-quality-20261006T132638Z-80ad8d90-10-IMP-MIXED-r1,IMP-MIXED,1,automatic,0fa8d57e-58c2-5aa4-b8cd-e52e96380a38,7288b12f-6ca3-448b-a2f5-83c51037c631,ocr_required,score,source_provided,True,True,2.00,2.00,matched,import-execution-v5\t160-quality-20261006T132638Z-80ad8d90\runs\t160-quality-20261006T132638Z-80ad8d90-10-IMP-MIXED-r1\result.json
t160-quality-20261006T132638Z-80ad8d90-10-IMP-MIXED-r1,IMP-MIXED,1,automatic,0fa8d57e-58c2-5aa4-b8cd-e52e96380a38,7288b12f-6ca3-448b-a2f5-83c51037c631,ocr_required,scoring_rubric,known_missing,True,True,,,matched,import-execution-v5\t160-quality-20261006T132638Z-80ad8d90\runs\t160-quality-20261006T132638Z-80ad8d90-10-IMP-MIXED-r1\result.json
t160-quality-20261006T132638Z-80ad8d90-10-IMP-MIXED-r1,IMP-MIXED,1,automatic,0fa8d57e-58c2-5aa4-b8cd-e52e96380a38,7288b12f-6ca3-448b-a2f5-83c51037c631,ocr_required,knowledge_points,known_missing,True,False,[],,matched,import-execution-v5\t160-quality-20261006T132638Z-80ad8d90\runs\t160-quality-20261006T132638Z-80ad8d90-10-IMP-MIXED-r1\result.json
t160-quality-20261006T132638Z-80ad8d90-10-IMP-MIXED-r1,IMP-MIXED,1,automatic,0fa8d57e-58c2-5aa4-b8cd-e52e96380a38,7288b12f-6ca3-448b-a2f5-83c51037c631,ocr_required,source_regions,unknown,False,,,,reference_unknown,import-execution-v5\t160-quality-20261006T132638Z-80ad8d90\runs\t160-quality-20261006T132638Z-80ad8d90-10-IMP-MIXED-r1\result.json
t160-quality-20261006T132638Z-80ad8d90-10-IMP-MIXED-r1,IMP-MIXED,1,automatic,0fa8d57e-58c2-5aa4-b8cd-e52e96380a38,7288b12f-6ca3-448b-a2f5-83c51037c631,ocr_required,assets,source_provided,True,False,[],,matched,import-execution-v5\t160-quality-20261006T132638Z-80ad8d90\runs\t160-quality-20261006T132638Z-80ad8d90-10-IMP-MIXED-r1\result.json
t160-quality-20261006T132638Z-80ad8d90-10-IMP-MIXED-r1,IMP-MIXED,1,automatic,455720b9-9061-5bce-83af-d6d53c6c84e1,3ed18fe0-5605-4bf1-ae7c-f463083bfefa,ocr_required,question_number,source_provided,True,True,5,5,matched,import-execution-v5\t160-quality-20261006T132638Z-80ad8d90\runs\t160-quality-20261006T132638Z-80ad8d90-10-IMP-MIXED-r1\result.json
t160-quality-20261006T132638Z-80ad8d90-10-IMP-MIXED-r1,IMP-MIXED,1,automatic,455720b9-9061-5bce-83af-d6d53c6c84e1,3ed18fe0-5605-4bf1-ae7c-f463083bfefa,ocr_required,order_index,source_provided,True,True,5,5,matched,import-execution-v5\t160-quality-20261006T132638Z-80ad8d90\runs\t160-quality-20261006T132638Z-80ad8d90-10-IMP-MIXED-r1\result.json
t160-quality-20261006T132638Z-80ad8d90-10-IMP-MIXED-r1,IMP-MIXED,1,automatic,455720b9-9061-5bce-83af-d6d53c6c84e1,3ed18fe0-5605-4bf1-ae7c-f463083bfefa,ocr_required,source_page_numbers,source_provided,True,True,[2],[2],matched,import-execution-v5\t160-quality-20261006T132638Z-80ad8d90\runs\t160-quality-20261006T132638Z-80ad8d90-10-IMP-MIXED-r1\result.json
t160-quality-20261006T132638Z-80ad8d90-10-IMP-MIXED-r1,IMP-MIXED,1,automatic,455720b9-9061-5bce-83af-d6d53c6c84e1,3ed18fe0-5605-4bf1-ae7c-f463083bfefa,ocr_required,question_type,source_provided,True,True,TRUE_FALSE,TRUE_FALSE,matched,import-execution-v5\t160-quality-20261006T132638Z-80ad8d90\runs\t160-quality-20261006T132638Z-80ad8d90-10-IMP-MIXED-r1\result.json
t160-quality-20261006T132638Z-80ad8d90-10-IMP-MIXED-r1,IMP-MIXED,1,automatic,455720b9-9061-5bce-83af-d6d53c6c84e1,3ed18fe0-5605-4bf1-ae7c-f463083bfefa,ocr_required,content,source_provided,True,False,右图三角形面积为 24 cm²。,右图三角形面积为24cm2。,matched,import-execution-v5\t160-quality-20261006T132638Z-80ad8d90\runs\t160-quality-20261006T132638Z-80ad8d90-10-IMP-MIXED-r1\result.json
t160-quality-20261006T132638Z-80ad8d90-10-IMP-MIXED-r1,IMP-MIXED,1,automatic,455720b9-9061-5bce-83af-d6d53c6c84e1,3ed18fe0-5605-4bf1-ae7c-f463083bfefa,ocr_required,options,source_provided,True,True,"[""正确"", ""错误""]","[""正确"", ""错误""]",matched,import-execution-v5\t160-quality-20261006T132638Z-80ad8d90\runs\t160-quality-20261006T132638Z-80ad8d90-10-IMP-MIXED-r1\result.json
t160-quality-20261006T132638Z-80ad8d90-10-IMP-MIXED-r1,IMP-MIXED,1,automatic,455720b9-9061-5bce-83af-d6d53c6c84e1,3ed18fe0-5605-4bf1-ae7c-f463083bfefa,ocr_required,reference_answer,known_missing,True,True,,,matched,import-execution-v5\t160-quality-20261006T132638Z-80ad8d90\runs\t160-quality-20261006T132638Z-80ad8d90-10-IMP-MIXED-r1\result.json
t160-quality-20261006T132638Z-80ad8d90-10-IMP-MIXED-r1,IMP-MIXED,1,automatic,455720b9-9061-5bce-83af-d6d53c6c84e1,3ed18fe0-5605-4bf1-ae7c-f463083bfefa,ocr_required,analysis,known_missing,True,True,,,matched,import-execution-v5\t160-quality-20261006T132638Z-80ad8d90\runs\t160-quality-20261006T132638Z-80ad8d90-10-IMP-MIXED-r1\result.json
t160-quality-20261006T132638Z-80ad8d90-10-IMP-MIXED-r1,IMP-MIXED,1,automatic,455720b9-9061-5bce-83af-d6d53c6c84e1,3ed18fe0-5605-4bf1-ae7c-f463083bfefa,ocr_required,score,source_provided,True,True,2.00,2.00,matched,import-execution-v5\t160-quality-20261006T132638Z-80ad8d90\runs\t160-quality-20261006T132638Z-80ad8d90-10-IMP-MIXED-r1\result.json
t160-quality-20261006T132638Z-80ad8d90-10-IMP-MIXED-r1,IMP-MIXED,1,automatic,455720b9-9061-5bce-83af-d6d53c6c84e1,3ed18fe0-5605-4bf1-ae7c-f463083bfefa,ocr_required,scoring_rubric,known_missing,True,True,,,matched,import-execution-v5\t160-quality-20261006T132638Z-80ad8d90\runs\t160-quality-20261006T132638Z-80ad8d90-10-IMP-MIXED-r1\result.json
t160-quality-20261006T132638Z-80ad8d90-10-IMP-MIXED-r1,IMP-MIXED,1,automatic,455720b9-9061-5bce-83af-d6d53c6c84e1,3ed18fe0-5605-4bf1-ae7c-f463083bfefa,ocr_required,knowledge_points,known_missing,True,False,[],,matched,import-execution-v5\t160-quality-20261006T132638Z-80ad8d90\runs\t160-quality-20261006T132638Z-80ad8d90-10-IMP-MIXED-r1\result.json
t160-quality-20261006T132638Z-80ad8d90-10-IMP-MIXED-r1,IMP-MIXED,1,automatic,455720b9-9061-5bce-83af-d6d53c6c84e1,3ed18fe0-5605-4bf1-ae7c-f463083bfefa,ocr_required,source_regions,unknown,False,,,,reference_unknown,import-execution-v5\t160-quality-20261006T132638Z-80ad8d90\runs\t160-quality-20261006T132638Z-80ad8d90-10-IMP-MIXED-r1\result.json
t160-quality-20261006T132638Z-80ad8d90-10-IMP-MIXED-r1,IMP-MIXED,1,automatic,455720b9-9061-5bce-83af-d6d53c6c84e1,3ed18fe0-5605-4bf1-ae7c-f463083bfefa,ocr_required,assets,source_provided,True,False,"[{""asset_type"": ""figure"", ""source_page_number"": 2, ""order_index"": 1}]",,matched,import-execution-v5\t160-quality-20261006T132638Z-80ad8d90\runs\t160-quality-20261006T132638Z-80ad8d90-10-IMP-MIXED-r1\result.json
t160-quality-20261006T132638Z-80ad8d90-10-IMP-MIXED-r1,IMP-MIXED,1,automatic,bf862f8d-df39-5559-bab5-d942fccb2432,37c8c715-8193-4deb-bcf8-cba2babfc94d,ocr_required,question_number,source_provided,True,True,6,6,matched,import-execution-v5\t160-quality-20261006T132638Z-80ad8d90\runs\t160-quality-20261006T132638Z-80ad8d90-10-IMP-MIXED-r1\result.json
t160-quality-20261006T132638Z-80ad8d90-10-IMP-MIXED-r1,IMP-MIXED,1,automatic,bf862f8d-df39-5559-bab5-d942fccb2432,37c8c715-8193-4deb-bcf8-cba2babfc94d,ocr_required,order_index,source_provided,True,True,6,6,matched,import-execution-v5\t160-quality-20261006T132638Z-80ad8d90\runs\t160-quality-20261006T132638Z-80ad8d90-10-IMP-MIXED-r1\result.json
t160-quality-20261006T132638Z-80ad8d90-10-IMP-MIXED-r1,IMP-MIXED,1,automatic,bf862f8d-df39-5559-bab5-d942fccb2432,37c8c715-8193-4deb-bcf8-cba2babfc94d,ocr_required,source_page_numbers,source_provided,True,True,[2],[2],matched,import-execution-v5\t160-quality-20261006T132638Z-80ad8d90\runs\t160-quality-20261006T132638Z-80ad8d90-10-IMP-MIXED-r1\result.json
t160-quality-20261006T132638Z-80ad8d90-10-IMP-MIXED-r1,IMP-MIXED,1,automatic,bf862f8d-df39-5559-bab5-d942fccb2432,37c8c715-8193-4deb-bcf8-cba2babfc94d,ocr_required,question_type,source_provided,True,True,SHORT_ANSWER,SHORT_ANSWER,matched,import-execution-v5\t160-quality-20261006T132638Z-80ad8d90\runs\t160-quality-20261006T132638Z-80ad8d90-10-IMP-MIXED-r1\result.json
t160-quality-20261006T132638Z-80ad8d90-10-IMP-MIXED-r1,IMP-MIXED,1,automatic,bf862f8d-df39-5559-bab5-d942fccb2432,37c8c715-8193-4deb-bcf8-cba2babfc94d,ocr_required,content,source_provided,True,False,根据下表写出 y 关于 x 的关系式。,根据下表写出y关于x的关系式。,matched,import-execution-v5\t160-quality-20261006T132638Z-80ad8d90\runs\t160-quality-20261006T132638Z-80ad8d90-10-IMP-MIXED-r1\result.json
t160-quality-20261006T132638Z-80ad8d90-10-IMP-MIXED-r1,IMP-MIXED,1,automatic,bf862f8d-df39-5559-bab5-d942fccb2432,37c8c715-8193-4deb-bcf8-cba2babfc94d,ocr_required,options,not_applicable,True,True,,,matched,import-execution-v5\t160-quality-20261006T132638Z-80ad8d90\runs\t160-quality-20261006T132638Z-80ad8d90-10-IMP-MIXED-r1\result.json
t160-quality-20261006T132638Z-80ad8d90-10-IMP-MIXED-r1,IMP-MIXED,1,automatic,bf862f8d-df39-5559-bab5-d942fccb2432,37c8c715-8193-4deb-bcf8-cba2babfc94d,ocr_required,reference_answer,known_missing,True,True,,,matched,import-execution-v5\t160-quality-20261006T132638Z-80ad8d90\runs\t160-quality-20261006T132638Z-80ad8d90-10-IMP-MIXED-r1\result.json
t160-quality-20261006T132638Z-80ad8d90-10-IMP-MIXED-r1,IMP-MIXED,1,automatic,bf862f8d-df39-5559-bab5-d942fccb2432,37c8c715-8193-4deb-bcf8-cba2babfc94d,ocr_required,analysis,known_missing,True,True,,,matched,import-execution-v5\t160-quality-20261006T132638Z-80ad8d90\runs\t160-quality-20261006T132638Z-80ad8d90-10-IMP-MIXED-r1\result.json
t160-quality-20261006T132638Z-80ad8d90-10-IMP-MIXED-r1,IMP-MIXED,1,automatic,bf862f8d-df39-5559-bab5-d942fccb2432,37c8c715-8193-4deb-bcf8-cba2babfc94d,ocr_required,score,source_provided,True,True,3.00,3.00,matched,import-execution-v5\t160-quality-20261006T132638Z-80ad8d90\runs\t160-quality-20261006T132638Z-80ad8d90-10-IMP-MIXED-r1\result.json
t160-quality-20261006T132638Z-80ad8d90-10-IMP-MIXED-r1,IMP-MIXED,1,automatic,bf862f8d-df39-5559-bab5-d942fccb2432,37c8c715-8193-4deb-bcf8-cba2babfc94d,ocr_required,scoring_rubric,source_provided,True,False,正确关系式 1.00；说明代入过程 2.00。,正确关系式1.00；说明代入过程2.00。,matched,import-execution-v5\t160-quality-20261006T132638Z-80ad8d90\runs\t160-quality-20261006T132638Z-80ad8d90-10-IMP-MIXED-r1\result.json
t160-quality-20261006T132638Z-80ad8d90-10-IMP-MIXED-r1,IMP-MIXED,1,automatic,bf862f8d-df39-5559-bab5-d942fccb2432,37c8c715-8193-4deb-bcf8-cba2babfc94d,ocr_required,knowledge_points,source_provided,True,True,"[""一次函数"", ""表达与计算""]","[""一次函数"", ""表达与计算""]",matched,import-execution-v5\t160-quality-20261006T132638Z-80ad8d90\runs\t160-quality-20261006T132638Z-80ad8d90-10-IMP-MIXED-r1\result.json
t160-quality-20261006T132638Z-80ad8d90-10-IMP-MIXED-r1,IMP-MIXED,1,automatic,bf862f8d-df39-5559-bab5-d942fccb2432,37c8c715-8193-4deb-bcf8-cba2babfc94d,ocr_required,source_regions,unknown,False,,,,reference_unknown,import-execution-v5\t160-quality-20261006T132638Z-80ad8d90\runs\t160-quality-20261006T132638Z-80ad8d90-10-IMP-MIXED-r1\result.json
t160-quality-20261006T132638Z-80ad8d90-10-IMP-MIXED-r1,IMP-MIXED,1,automatic,bf862f8d-df39-5559-bab5-d942fccb2432,37c8c715-8193-4deb-bcf8-cba2babfc94d,ocr_required,assets,source_provided,True,False,"[{""asset_type"": ""table"", ""source_page_number"": 2, ""order_index"": 1}]",,matched,import-execution-v5\t160-quality-20261006T132638Z-80ad8d90\runs\t160-quality-20261006T132638Z-80ad8d90-10-IMP-MIXED-r1\result.json
t160-quality-20261006T132638Z-80ad8d90-10-IMP-MIXED-r1,IMP-MIXED,1,assisted_corrected,1faa8619-84cc-5d65-86ae-244c7f68645e,d6e1160d-1335-48c2-88ab-9f16ab9c24ce,native_text,question_number,source_provided,True,True,1,1,matched,import-execution-v5\t160-quality-20261006T132638Z-80ad8d90\runs\t160-quality-20261006T132638Z-80ad8d90-10-IMP-MIXED-r1\result.json
t160-quality-20261006T132638Z-80ad8d90-10-IMP-MIXED-r1,IMP-MIXED,1,assisted_corrected,1faa8619-84cc-5d65-86ae-244c7f68645e,d6e1160d-1335-48c2-88ab-9f16ab9c24ce,native_text,order_index,source_provided,True,True,1,1,matched,import-execution-v5\t160-quality-20261006T132638Z-80ad8d90\runs\t160-quality-20261006T132638Z-80ad8d90-10-IMP-MIXED-r1\result.json
t160-quality-20261006T132638Z-80ad8d90-10-IMP-MIXED-r1,IMP-MIXED,1,assisted_corrected,1faa8619-84cc-5d65-86ae-244c7f68645e,d6e1160d-1335-48c2-88ab-9f16ab9c24ce,native_text,source_page_numbers,source_provided,True,True,[1],[1],matched,import-execution-v5\t160-quality-20261006T132638Z-80ad8d90\runs\t160-quality-20261006T132638Z-80ad8d90-10-IMP-MIXED-r1\result.json
t160-quality-20261006T132638Z-80ad8d90-10-IMP-MIXED-r1,IMP-MIXED,1,assisted_corrected,1faa8619-84cc-5d65-86ae-244c7f68645e,d6e1160d-1335-48c2-88ab-9f16ab9c24ce,native_text,question_type,source_provided,True,True,SINGLE_CHOICE,SINGLE_CHOICE,matched,import-execution-v5\t160-quality-20261006T132638Z-80ad8d90\runs\t160-quality-20261006T132638Z-80ad8d90-10-IMP-MIXED-r1\result.json
t160-quality-20261006T132638Z-80ad8d90-10-IMP-MIXED-r1,IMP-MIXED,1,assisted_corrected,1faa8619-84cc-5d65-86ae-244c7f68645e,d6e1160d-1335-48c2-88ab-9f16ab9c24ce,native_text,content,source_provided,True,True,y = 2x + 1，x = 3 时 y 为多少？,y = 2x + 1，x = 3 时 y 为多少？,matched,import-execution-v5\t160-quality-20261006T132638Z-80ad8d90\runs\t160-quality-20261006T132638Z-80ad8d90-10-IMP-MIXED-r1\result.json
t160-quality-20261006T132638Z-80ad8d90-10-IMP-MIXED-r1,IMP-MIXED,1,assisted_corrected,1faa8619-84cc-5d65-86ae-244c7f68645e,d6e1160d-1335-48c2-88ab-9f16ab9c24ce,native_text,options,source_provided,True,True,"{""C"": ""7"", ""A"": ""5"", ""B"": ""6"", ""D"": ""8""}","{""C"": ""7"", ""A"": ""5"", ""B"": ""6"", ""D"": ""8""}",matched,import-execution-v5\t160-quality-20261006T132638Z-80ad8d90\runs\t160-quality-20261006T132638Z-80ad8d90-10-IMP-MIXED-r1\result.json
t160-quality-20261006T132638Z-80ad8d90-10-IMP-MIXED-r1,IMP-MIXED,1,assisted_corrected,1faa8619-84cc-5d65-86ae-244c7f68645e,d6e1160d-1335-48c2-88ab-9f16ab9c24ce,native_text,reference_answer,source_provided,True,True,C,C,matched,import-execution-v5\t160-quality-20261006T132638Z-80ad8d90\runs\t160-quality-20261006T132638Z-80ad8d90-10-IMP-MIXED-r1\result.json
t160-quality-20261006T132638Z-80ad8d90-10-IMP-MIXED-r1,IMP-MIXED,1,assisted_corrected,1faa8619-84cc-5d65-86ae-244c7f68645e,d6e1160d-1335-48c2-88ab-9f16ab9c24ce,native_text,analysis,source_provided,True,True,2 × 3 + 1 = 7。,2 × 3 + 1 = 7。,matched,import-execution-v5\t160-quality-20261006T132638Z-80ad8d90\runs\t160-quality-20261006T132638Z-80ad8d90-10-IMP-MIXED-r1\result.json
t160-quality-20261006T132638Z-80ad8d90-10-IMP-MIXED-r1,IMP-MIXED,1,assisted_corrected,1faa8619-84cc-5d65-86ae-244c7f68645e,d6e1160d-1335-48c2-88ab-9f16ab9c24ce,native_text,score,source_provided,True,True,2.00,2.00,matched,import-execution-v5\t160-quality-20261006T132638Z-80ad8d90\runs\t160-quality-20261006T132638Z-80ad8d90-10-IMP-MIXED-r1\result.json
t160-quality-20261006T132638Z-80ad8d90-10-IMP-MIXED-r1,IMP-MIXED,1,assisted_corrected,1faa8619-84cc-5d65-86ae-244c7f68645e,d6e1160d-1335-48c2-88ab-9f16ab9c24ce,native_text,scoring_rubric,known_missing,True,True,,,matched,import-execution-v5\t160-quality-20261006T132638Z-80ad8d90\runs\t160-quality-20261006T132638Z-80ad8d90-10-IMP-MIXED-r1\result.json
t160-quality-20261006T132638Z-80ad8d90-10-IMP-MIXED-r1,IMP-MIXED,1,assisted_corrected,1faa8619-84cc-5d65-86ae-244c7f68645e,d6e1160d-1335-48c2-88ab-9f16ab9c24ce,native_text,knowledge_points,known_missing,True,True,[],[],matched,import-execution-v5\t160-quality-20261006T132638Z-80ad8d90\runs\t160-quality-20261006T132638Z-80ad8d90-10-IMP-MIXED-r1\result.json
t160-quality-20261006T132638Z-80ad8d90-10-IMP-MIXED-r1,IMP-MIXED,1,assisted_corrected,1faa8619-84cc-5d65-86ae-244c7f68645e,d6e1160d-1335-48c2-88ab-9f16ab9c24ce,native_text,source_regions,unknown,False,,,,reference_unknown,import-execution-v5\t160-quality-20261006T132638Z-80ad8d90\runs\t160-quality-20261006T132638Z-80ad8d90-10-IMP-MIXED-r1\result.json
t160-quality-20261006T132638Z-80ad8d90-10-IMP-MIXED-r1,IMP-MIXED,1,assisted_corrected,1faa8619-84cc-5d65-86ae-244c7f68645e,d6e1160d-1335-48c2-88ab-9f16ab9c24ce,native_text,assets,source_provided,True,True,[],[],matched,import-execution-v5\t160-quality-20261006T132638Z-80ad8d90\runs\t160-quality-20261006T132638Z-80ad8d90-10-IMP-MIXED-r1\result.json
t160-quality-20261006T132638Z-80ad8d90-10-IMP-MIXED-r1,IMP-MIXED,1,assisted_corrected,545de13f-3fe9-524b-a917-7ab04807806f,c9be69c0-ace2-47d1-8698-aaf328c9a1d8,native_text,question_number,source_provided,True,True,2,2,matched,import-execution-v5\t160-quality-20261006T132638Z-80ad8d90\runs\t160-quality-20261006T132638Z-80ad8d90-10-IMP-MIXED-r1\result.json
t160-quality-20261006T132638Z-80ad8d90-10-IMP-MIXED-r1,IMP-MIXED,1,assisted_corrected,545de13f-3fe9-524b-a917-7ab04807806f,c9be69c0-ace2-47d1-8698-aaf328c9a1d8,native_text,order_index,source_provided,True,True,2,2,matched,import-execution-v5\t160-quality-20261006T132638Z-80ad8d90\runs\t160-quality-20261006T132638Z-80ad8d90-10-IMP-MIXED-r1\result.json
t160-quality-20261006T132638Z-80ad8d90-10-IMP-MIXED-r1,IMP-MIXED,1,assisted_corrected,545de13f-3fe9-524b-a917-7ab04807806f,c9be69c0-ace2-47d1-8698-aaf328c9a1d8,native_text,source_page_numbers,source_provided,True,True,[1],[1],matched,import-execution-v5\t160-quality-20261006T132638Z-80ad8d90\runs\t160-quality-20261006T132638Z-80ad8d90-10-IMP-MIXED-r1\result.json
t160-quality-20261006T132638Z-80ad8d90-10-IMP-MIXED-r1,IMP-MIXED,1,assisted_corrected,545de13f-3fe9-524b-a917-7ab04807806f,c9be69c0-ace2-47d1-8698-aaf328c9a1d8,native_text,question_type,source_provided,True,True,TRUE_FALSE,TRUE_FALSE,matched,import-execution-v5\t160-quality-20261006T132638Z-80ad8d90\runs\t160-quality-20261006T132638Z-80ad8d90-10-IMP-MIXED-r1\result.json
t160-quality-20261006T132638Z-80ad8d90-10-IMP-MIXED-r1,IMP-MIXED,1,assisted_corrected,545de13f-3fe9-524b-a917-7ab04807806f,c9be69c0-ace2-47d1-8698-aaf328c9a1d8,native_text,content,source_provided,True,True,右图三角形面积为 24 cm²。,右图三角形面积为 24 cm²。,matched,import-execution-v5\t160-quality-20261006T132638Z-80ad8d90\runs\t160-quality-20261006T132638Z-80ad8d90-10-IMP-MIXED-r1\result.json
t160-quality-20261006T132638Z-80ad8d90-10-IMP-MIXED-r1,IMP-MIXED,1,assisted_corrected,545de13f-3fe9-524b-a917-7ab04807806f,c9be69c0-ace2-47d1-8698-aaf328c9a1d8,native_text,options,source_provided,True,True,"[""正确"", ""错误""]","[""正确"", ""错误""]",matched,import-execution-v5\t160-quality-20261006T132638Z-80ad8d90\runs\t160-quality-20261006T132638Z-80ad8d90-10-IMP-MIXED-r1\result.json
t160-quality-20261006T132638Z-80ad8d90-10-IMP-MIXED-r1,IMP-MIXED,1,assisted_corrected,545de13f-3fe9-524b-a917-7ab04807806f,c9be69c0-ace2-47d1-8698-aaf328c9a1d8,native_text,reference_answer,known_missing,True,True,,,matched,import-execution-v5\t160-quality-20261006T132638Z-80ad8d90\runs\t160-quality-20261006T132638Z-80ad8d90-10-IMP-MIXED-r1\result.json
t160-quality-20261006T132638Z-80ad8d90-10-IMP-MIXED-r1,IMP-MIXED,1,assisted_corrected,545de13f-3fe9-524b-a917-7ab04807806f,c9be69c0-ace2-47d1-8698-aaf328c9a1d8,native_text,analysis,known_missing,True,True,,,matched,import-execution-v5\t160-quality-20261006T132638Z-80ad8d90\runs\t160-quality-20261006T132638Z-80ad8d90-10-IMP-MIXED-r1\result.json
t160-quality-20261006T132638Z-80ad8d90-10-IMP-MIXED-r1,IMP-MIXED,1,assisted_corrected,545de13f-3fe9-524b-a917-7ab04807806f,c9be69c0-ace2-47d1-8698-aaf328c9a1d8,native_text,score,source_provided,True,True,2.00,2.00,matched,import-execution-v5\t160-quality-20261006T132638Z-80ad8d90\runs\t160-quality-20261006T132638Z-80ad8d90-10-IMP-MIXED-r1\result.json
t160-quality-20261006T132638Z-80ad8d90-10-IMP-MIXED-r1,IMP-MIXED,1,assisted_corrected,545de13f-3fe9-524b-a917-7ab04807806f,c9be69c0-ace2-47d1-8698-aaf328c9a1d8,native_text,scoring_rubric,known_missing,True,True,,,matched,import-execution-v5\t160-quality-20261006T132638Z-80ad8d90\runs\t160-quality-20261006T132638Z-80ad8d90-10-IMP-MIXED-r1\result.json
t160-quality-20261006T132638Z-80ad8d90-10-IMP-MIXED-r1,IMP-MIXED,1,assisted_corrected,545de13f-3fe9-524b-a917-7ab04807806f,c9be69c0-ace2-47d1-8698-aaf328c9a1d8,native_text,knowledge_points,known_missing,True,True,[],[],matched,import-execution-v5\t160-quality-20261006T132638Z-80ad8d90\runs\t160-quality-20261006T132638Z-80ad8d90-10-IMP-MIXED-r1\result.json
t160-quality-20261006T132638Z-80ad8d90-10-IMP-MIXED-r1,IMP-MIXED,1,assisted_corrected,545de13f-3fe9-524b-a917-7ab04807806f,c9be69c0-ace2-47d1-8698-aaf328c9a1d8,native_text,source_regions,unknown,False,,,,reference_unknown,import-execution-v5\t160-quality-20261006T132638Z-80ad8d90\runs\t160-quality-20261006T132638Z-80ad8d90-10-IMP-MIXED-r1\result.json
t160-quality-20261006T132638Z-80ad8d90-10-IMP-MIXED-r1,IMP-MIXED,1,assisted_corrected,545de13f-3fe9-524b-a917-7ab04807806f,c9be69c0-ace2-47d1-8698-aaf328c9a1d8,native_text,assets,source_provided,True,False,"[{""asset_type"": ""figure"", ""source_page_number"": 1, ""order_index"": 1}]",,matched,import-execution-v5\t160-quality-20261006T132638Z-80ad8d90\runs\t160-quality-20261006T132638Z-80ad8d90-10-IMP-MIXED-r1\result.json
t160-quality-20261006T132638Z-80ad8d90-10-IMP-MIXED-r1,IMP-MIXED,1,assisted_corrected,85533f46-eb86-5893-8742-33939e77750f,c73d5b76-92ab-475f-a0d4-4b1a8f0080b5,native_text,question_number,source_provided,True,True,3,3,matched,import-execution-v5\t160-quality-20261006T132638Z-80ad8d90\runs\t160-quality-20261006T132638Z-80ad8d90-10-IMP-MIXED-r1\result.json
t160-quality-20261006T132638Z-80ad8d90-10-IMP-MIXED-r1,IMP-MIXED,1,assisted_corrected,85533f46-eb86-5893-8742-33939e77750f,c73d5b76-92ab-475f-a0d4-4b1a8f0080b5,native_text,order_index,source_provided,True,True,3,3,matched,import-execution-v5\t160-quality-20261006T132638Z-80ad8d90\runs\t160-quality-20261006T132638Z-80ad8d90-10-IMP-MIXED-r1\result.json
t160-quality-20261006T132638Z-80ad8d90-10-IMP-MIXED-r1,IMP-MIXED,1,assisted_corrected,85533f46-eb86-5893-8742-33939e77750f,c73d5b76-92ab-475f-a0d4-4b1a8f0080b5,native_text,source_page_numbers,source_provided,True,True,[1],[1],matched,import-execution-v5\t160-quality-20261006T132638Z-80ad8d90\runs\t160-quality-20261006T132638Z-80ad8d90-10-IMP-MIXED-r1\result.json
t160-quality-20261006T132638Z-80ad8d90-10-IMP-MIXED-r1,IMP-MIXED,1,assisted_corrected,85533f46-eb86-5893-8742-33939e77750f,c73d5b76-92ab-475f-a0d4-4b1a8f0080b5,native_text,question_type,source_provided,True,True,SHORT_ANSWER,SHORT_ANSWER,matched,import-execution-v5\t160-quality-20261006T132638Z-80ad8d90\runs\t160-quality-20261006T132638Z-80ad8d90-10-IMP-MIXED-r1\result.json
t160-quality-20261006T132638Z-80ad8d90-10-IMP-MIXED-r1,IMP-MIXED,1,assisted_corrected,85533f46-eb86-5893-8742-33939e77750f,c73d5b76-92ab-475f-a0d4-4b1a8f0080b5,native_text,content,source_provided,True,True,根据下表写出 y 关于 x 的关系式。,根据下表写出 y 关于 x 的关系式。,matched,import-execution-v5\t160-quality-20261006T132638Z-80ad8d90\runs\t160-quality-20261006T132638Z-80ad8d90-10-IMP-MIXED-r1\result.json
t160-quality-20261006T132638Z-80ad8d90-10-IMP-MIXED-r1,IMP-MIXED,1,assisted_corrected,85533f46-eb86-5893-8742-33939e77750f,c73d5b76-92ab-475f-a0d4-4b1a8f0080b5,native_text,options,not_applicable,True,True,,,matched,import-execution-v5\t160-quality-20261006T132638Z-80ad8d90\runs\t160-quality-20261006T132638Z-80ad8d90-10-IMP-MIXED-r1\result.json
t160-quality-20261006T132638Z-80ad8d90-10-IMP-MIXED-r1,IMP-MIXED,1,assisted_corrected,85533f46-eb86-5893-8742-33939e77750f,c73d5b76-92ab-475f-a0d4-4b1a8f0080b5,native_text,reference_answer,known_missing,True,True,,,matched,import-execution-v5\t160-quality-20261006T132638Z-80ad8d90\runs\t160-quality-20261006T132638Z-80ad8d90-10-IMP-MIXED-r1\result.json
t160-quality-20261006T132638Z-80ad8d90-10-IMP-MIXED-r1,IMP-MIXED,1,assisted_corrected,85533f46-eb86-5893-8742-33939e77750f,c73d5b76-92ab-475f-a0d4-4b1a8f0080b5,native_text,analysis,known_missing,True,True,,,matched,import-execution-v5\t160-quality-20261006T132638Z-80ad8d90\runs\t160-quality-20261006T132638Z-80ad8d90-10-IMP-MIXED-r1\result.json
t160-quality-20261006T132638Z-80ad8d90-10-IMP-MIXED-r1,IMP-MIXED,1,assisted_corrected,85533f46-eb86-5893-8742-33939e77750f,c73d5b76-92ab-475f-a0d4-4b1a8f0080b5,native_text,score,source_provided,True,True,3.00,3.00,matched,import-execution-v5\t160-quality-20261006T132638Z-80ad8d90\runs\t160-quality-20261006T132638Z-80ad8d90-10-IMP-MIXED-r1\result.json
t160-quality-20261006T132638Z-80ad8d90-10-IMP-MIXED-r1,IMP-MIXED,1,assisted_corrected,85533f46-eb86-5893-8742-33939e77750f,c73d5b76-92ab-475f-a0d4-4b1a8f0080b5,native_text,scoring_rubric,source_provided,True,True,正确关系式 1.00；说明代入过程 2.00。,正确关系式 1.00；说明代入过程 2.00。,matched,import-execution-v5\t160-quality-20261006T132638Z-80ad8d90\runs\t160-quality-20261006T132638Z-80ad8d90-10-IMP-MIXED-r1\result.json
t160-quality-20261006T132638Z-80ad8d90-10-IMP-MIXED-r1,IMP-MIXED,1,assisted_corrected,85533f46-eb86-5893-8742-33939e77750f,c73d5b76-92ab-475f-a0d4-4b1a8f0080b5,native_text,knowledge_points,source_provided,True,True,"[""一次函数"", ""表达与计算""]","[""一次函数"", ""表达与计算""]",matched,import-execution-v5\t160-quality-20261006T132638Z-80ad8d90\runs\t160-quality-20261006T132638Z-80ad8d90-10-IMP-MIXED-r1\result.json
t160-quality-20261006T132638Z-80ad8d90-10-IMP-MIXED-r1,IMP-MIXED,1,assisted_corrected,85533f46-eb86-5893-8742-33939e77750f,c73d5b76-92ab-475f-a0d4-4b1a8f0080b5,native_text,source_regions,unknown,False,,,,reference_unknown,import-execution-v5\t160-quality-20261006T132638Z-80ad8d90\runs\t160-quality-20261006T132638Z-80ad8d90-10-IMP-MIXED-r1\result.json
t160-quality-20261006T132638Z-80ad8d90-10-IMP-MIXED-r1,IMP-MIXED,1,assisted_corrected,85533f46-eb86-5893-8742-33939e77750f,c73d5b76-92ab-475f-a0d4-4b1a8f0080b5,native_text,assets,source_provided,True,False,"[{""asset_type"": ""table"", ""source_page_number"": 1, ""order_index"": 1}]",,matched,import-execution-v5\t160-quality-20261006T132638Z-80ad8d90\runs\t160-quality-20261006T132638Z-80ad8d90-10-IMP-MIXED-r1\result.json
t160-quality-20261006T132638Z-80ad8d90-10-IMP-MIXED-r1,IMP-MIXED,1,assisted_corrected,0fa8d57e-58c2-5aa4-b8cd-e52e96380a38,7288b12f-6ca3-448b-a2f5-83c51037c631,ocr_required,question_number,source_provided,True,True,4,4,matched,import-execution-v5\t160-quality-20261006T132638Z-80ad8d90\runs\t160-quality-20261006T132638Z-80ad8d90-10-IMP-MIXED-r1\result.json
t160-quality-20261006T132638Z-80ad8d90-10-IMP-MIXED-r1,IMP-MIXED,1,assisted_corrected,0fa8d57e-58c2-5aa4-b8cd-e52e96380a38,7288b12f-6ca3-448b-a2f5-83c51037c631,ocr_required,order_index,source_provided,True,True,4,4,matched,import-execution-v5\t160-quality-20261006T132638Z-80ad8d90\runs\t160-quality-20261006T132638Z-80ad8d90-10-IMP-MIXED-r1\result.json
t160-quality-20261006T132638Z-80ad8d90-10-IMP-MIXED-r1,IMP-MIXED,1,assisted_corrected,0fa8d57e-58c2-5aa4-b8cd-e52e96380a38,7288b12f-6ca3-448b-a2f5-83c51037c631,ocr_required,source_page_numbers,source_provided,True,True,[2],[2],matched,import-execution-v5\t160-quality-20261006T132638Z-80ad8d90\runs\t160-quality-20261006T132638Z-80ad8d90-10-IMP-MIXED-r1\result.json
t160-quality-20261006T132638Z-80ad8d90-10-IMP-MIXED-r1,IMP-MIXED,1,assisted_corrected,0fa8d57e-58c2-5aa4-b8cd-e52e96380a38,7288b12f-6ca3-448b-a2f5-83c51037c631,ocr_required,question_type,source_provided,True,True,SINGLE_CHOICE,SINGLE_CHOICE,matched,import-execution-v5\t160-quality-20261006T132638Z-80ad8d90\runs\t160-quality-20261006T132638Z-80ad8d90-10-IMP-MIXED-r1\result.json
t160-quality-20261006T132638Z-80ad8d90-10-IMP-MIXED-r1,IMP-MIXED,1,assisted_corrected,0fa8d57e-58c2-5aa4-b8cd-e52e96380a38,7288b12f-6ca3-448b-a2f5-83c51037c631,ocr_required,content,source_provided,True,True,y = 2x + 1，x = 3 时 y 为多少？,y = 2x + 1，x = 3 时 y 为多少？,matched,import-execution-v5\t160-quality-20261006T132638Z-80ad8d90\runs\t160-quality-20261006T132638Z-80ad8d90-10-IMP-MIXED-r1\result.json
t160-quality-20261006T132638Z-80ad8d90-10-IMP-MIXED-r1,IMP-MIXED,1,assisted_corrected,0fa8d57e-58c2-5aa4-b8cd-e52e96380a38,7288b12f-6ca3-448b-a2f5-83c51037c631,ocr_required,options,source_provided,True,True,"{""C"": ""7"", ""A"": ""5"", ""B"": ""6"", ""D"": ""8""}","{""C"": ""7"", ""A"": ""5"", ""B"": ""6"", ""D"": ""8""}",matched,import-execution-v5\t160-quality-20261006T132638Z-80ad8d90\runs\t160-quality-20261006T132638Z-80ad8d90-10-IMP-MIXED-r1\result.json
t160-quality-20261006T132638Z-80ad8d90-10-IMP-MIXED-r1,IMP-MIXED,1,assisted_corrected,0fa8d57e-58c2-5aa4-b8cd-e52e96380a38,7288b12f-6ca3-448b-a2f5-83c51037c631,ocr_required,reference_answer,source_provided,True,True,C,C,matched,import-execution-v5\t160-quality-20261006T132638Z-80ad8d90\runs\t160-quality-20261006T132638Z-80ad8d90-10-IMP-MIXED-r1\result.json
t160-quality-20261006T132638Z-80ad8d90-10-IMP-MIXED-r1,IMP-MIXED,1,assisted_corrected,0fa8d57e-58c2-5aa4-b8cd-e52e96380a38,7288b12f-6ca3-448b-a2f5-83c51037c631,ocr_required,analysis,source_provided,True,True,2 × 3 + 1 = 7。,2 × 3 + 1 = 7。,matched,import-execution-v5\t160-quality-20261006T132638Z-80ad8d90\runs\t160-quality-20261006T132638Z-80ad8d90-10-IMP-MIXED-r1\result.json
t160-quality-20261006T132638Z-80ad8d90-10-IMP-MIXED-r1,IMP-MIXED,1,assisted_corrected,0fa8d57e-58c2-5aa4-b8cd-e52e96380a38,7288b12f-6ca3-448b-a2f5-83c51037c631,ocr_required,score,source_provided,True,True,2.00,2.00,matched,import-execution-v5\t160-quality-20261006T132638Z-80ad8d90\runs\t160-quality-20261006T132638Z-80ad8d90-10-IMP-MIXED-r1\result.json
t160-quality-20261006T132638Z-80ad8d90-10-IMP-MIXED-r1,IMP-MIXED,1,assisted_corrected,0fa8d57e-58c2-5aa4-b8cd-e52e96380a38,7288b12f-6ca3-448b-a2f5-83c51037c631,ocr_required,scoring_rubric,known_missing,True,True,,,matched,import-execution-v5\t160-quality-20261006T132638Z-80ad8d90\runs\t160-quality-20261006T132638Z-80ad8d90-10-IMP-MIXED-r1\result.json
t160-quality-20261006T132638Z-80ad8d90-10-IMP-MIXED-r1,IMP-MIXED,1,assisted_corrected,0fa8d57e-58c2-5aa4-b8cd-e52e96380a38,7288b12f-6ca3-448b-a2f5-83c51037c631,ocr_required,knowledge_points,known_missing,True,True,[],[],matched,import-execution-v5\t160-quality-20261006T132638Z-80ad8d90\runs\t160-quality-20261006T132638Z-80ad8d90-10-IMP-MIXED-r1\result.json
t160-quality-20261006T132638Z-80ad8d90-10-IMP-MIXED-r1,IMP-MIXED,1,assisted_corrected,0fa8d57e-58c2-5aa4-b8cd-e52e96380a38,7288b12f-6ca3-448b-a2f5-83c51037c631,ocr_required,source_regions,unknown,False,,,,reference_unknown,import-execution-v5\t160-quality-20261006T132638Z-80ad8d90\runs\t160-quality-20261006T132638Z-80ad8d90-10-IMP-MIXED-r1\result.json
t160-quality-20261006T132638Z-80ad8d90-10-IMP-MIXED-r1,IMP-MIXED,1,assisted_corrected,0fa8d57e-58c2-5aa4-b8cd-e52e96380a38,7288b12f-6ca3-448b-a2f5-83c51037c631,ocr_required,assets,source_provided,True,True,[],[],matched,import-execution-v5\t160-quality-20261006T132638Z-80ad8d90\runs\t160-quality-20261006T132638Z-80ad8d90-10-IMP-MIXED-r1\result.json
t160-quality-20261006T132638Z-80ad8d90-10-IMP-MIXED-r1,IMP-MIXED,1,assisted_corrected,455720b9-9061-5bce-83af-d6d53c6c84e1,3ed18fe0-5605-4bf1-ae7c-f463083bfefa,ocr_required,question_number,source_provided,True,True,5,5,matched,import-execution-v5\t160-quality-20261006T132638Z-80ad8d90\runs\t160-quality-20261006T132638Z-80ad8d90-10-IMP-MIXED-r1\result.json
t160-quality-20261006T132638Z-80ad8d90-10-IMP-MIXED-r1,IMP-MIXED,1,assisted_corrected,455720b9-9061-5bce-83af-d6d53c6c84e1,3ed18fe0-5605-4bf1-ae7c-f463083bfefa,ocr_required,order_index,source_provided,True,True,5,5,matched,import-execution-v5\t160-quality-20261006T132638Z-80ad8d90\runs\t160-quality-20261006T132638Z-80ad8d90-10-IMP-MIXED-r1\result.json
t160-quality-20261006T132638Z-80ad8d90-10-IMP-MIXED-r1,IMP-MIXED,1,assisted_corrected,455720b9-9061-5bce-83af-d6d53c6c84e1,3ed18fe0-5605-4bf1-ae7c-f463083bfefa,ocr_required,source_page_numbers,source_provided,True,True,[2],[2],matched,import-execution-v5\t160-quality-20261006T132638Z-80ad8d90\runs\t160-quality-20261006T132638Z-80ad8d90-10-IMP-MIXED-r1\result.json
t160-quality-20261006T132638Z-80ad8d90-10-IMP-MIXED-r1,IMP-MIXED,1,assisted_corrected,455720b9-9061-5bce-83af-d6d53c6c84e1,3ed18fe0-5605-4bf1-ae7c-f463083bfefa,ocr_required,question_type,source_provided,True,True,TRUE_FALSE,TRUE_FALSE,matched,import-execution-v5\t160-quality-20261006T132638Z-80ad8d90\runs\t160-quality-20261006T132638Z-80ad8d90-10-IMP-MIXED-r1\result.json
t160-quality-20261006T132638Z-80ad8d90-10-IMP-MIXED-r1,IMP-MIXED,1,assisted_corrected,455720b9-9061-5bce-83af-d6d53c6c84e1,3ed18fe0-5605-4bf1-ae7c-f463083bfefa,ocr_required,content,source_provided,True,True,右图三角形面积为 24 cm²。,右图三角形面积为 24 cm²。,matched,import-execution-v5\t160-quality-20261006T132638Z-80ad8d90\runs\t160-quality-20261006T132638Z-80ad8d90-10-IMP-MIXED-r1\result.json
t160-quality-20261006T132638Z-80ad8d90-10-IMP-MIXED-r1,IMP-MIXED,1,assisted_corrected,455720b9-9061-5bce-83af-d6d53c6c84e1,3ed18fe0-5605-4bf1-ae7c-f463083bfefa,ocr_required,options,source_provided,True,True,"[""正确"", ""错误""]","[""正确"", ""错误""]",matched,import-execution-v5\t160-quality-20261006T132638Z-80ad8d90\runs\t160-quality-20261006T132638Z-80ad8d90-10-IMP-MIXED-r1\result.json
t160-quality-20261006T132638Z-80ad8d90-10-IMP-MIXED-r1,IMP-MIXED,1,assisted_corrected,455720b9-9061-5bce-83af-d6d53c6c84e1,3ed18fe0-5605-4bf1-ae7c-f463083bfefa,ocr_required,reference_answer,known_missing,True,True,,,matched,import-execution-v5\t160-quality-20261006T132638Z-80ad8d90\runs\t160-quality-20261006T132638Z-80ad8d90-10-IMP-MIXED-r1\result.json
t160-quality-20261006T132638Z-80ad8d90-10-IMP-MIXED-r1,IMP-MIXED,1,assisted_corrected,455720b9-9061-5bce-83af-d6d53c6c84e1,3ed18fe0-5605-4bf1-ae7c-f463083bfefa,ocr_required,analysis,known_missing,True,True,,,matched,import-execution-v5\t160-quality-20261006T132638Z-80ad8d90\runs\t160-quality-20261006T132638Z-80ad8d90-10-IMP-MIXED-r1\result.json
t160-quality-20261006T132638Z-80ad8d90-10-IMP-MIXED-r1,IMP-MIXED,1,assisted_corrected,455720b9-9061-5bce-83af-d6d53c6c84e1,3ed18fe0-5605-4bf1-ae7c-f463083bfefa,ocr_required,score,source_provided,True,True,2.00,2.00,matched,import-execution-v5\t160-quality-20261006T132638Z-80ad8d90\runs\t160-quality-20261006T132638Z-80ad8d90-10-IMP-MIXED-r1\result.json
t160-quality-20261006T132638Z-80ad8d90-10-IMP-MIXED-r1,IMP-MIXED,1,assisted_corrected,455720b9-9061-5bce-83af-d6d53c6c84e1,3ed18fe0-5605-4bf1-ae7c-f463083bfefa,ocr_required,scoring_rubric,known_missing,True,True,,,matched,import-execution-v5\t160-quality-20261006T132638Z-80ad8d90\runs\t160-quality-20261006T132638Z-80ad8d90-10-IMP-MIXED-r1\result.json
t160-quality-20261006T132638Z-80ad8d90-10-IMP-MIXED-r1,IMP-MIXED,1,assisted_corrected,455720b9-9061-5bce-83af-d6d53c6c84e1,3ed18fe0-5605-4bf1-ae7c-f463083bfefa,ocr_required,knowledge_points,known_missing,True,True,[],[],matched,import-execution-v5\t160-quality-20261006T132638Z-80ad8d90\runs\t160-quality-20261006T132638Z-80ad8d90-10-IMP-MIXED-r1\result.json
t160-quality-20261006T132638Z-80ad8d90-10-IMP-MIXED-r1,IMP-MIXED,1,assisted_corrected,455720b9-9061-5bce-83af-d6d53c6c84e1,3ed18fe0-5605-4bf1-ae7c-f463083bfefa,ocr_required,source_regions,unknown,False,,,,reference_unknown,import-execution-v5\t160-quality-20261006T132638Z-80ad8d90\runs\t160-quality-20261006T132638Z-80ad8d90-10-IMP-MIXED-r1\result.json
t160-quality-20261006T132638Z-80ad8d90-10-IMP-MIXED-r1,IMP-MIXED,1,assisted_corrected,455720b9-9061-5bce-83af-d6d53c6c84e1,3ed18fe0-5605-4bf1-ae7c-f463083bfefa,ocr_required,assets,source_provided,True,False,"[{""asset_type"": ""figure"", ""source_page_number"": 2, ""order_index"": 1}]",,matched,import-execution-v5\t160-quality-20261006T132638Z-80ad8d90\runs\t160-quality-20261006T132638Z-80ad8d90-10-IMP-MIXED-r1\result.json
t160-quality-20261006T132638Z-80ad8d90-10-IMP-MIXED-r1,IMP-MIXED,1,assisted_corrected,bf862f8d-df39-5559-bab5-d942fccb2432,37c8c715-8193-4deb-bcf8-cba2babfc94d,ocr_required,question_number,source_provided,True,True,6,6,matched,import-execution-v5\t160-quality-20261006T132638Z-80ad8d90\runs\t160-quality-20261006T132638Z-80ad8d90-10-IMP-MIXED-r1\result.json
t160-quality-20261006T132638Z-80ad8d90-10-IMP-MIXED-r1,IMP-MIXED,1,assisted_corrected,bf862f8d-df39-5559-bab5-d942fccb2432,37c8c715-8193-4deb-bcf8-cba2babfc94d,ocr_required,order_index,source_provided,True,True,6,6,matched,import-execution-v5\t160-quality-20261006T132638Z-80ad8d90\runs\t160-quality-20261006T132638Z-80ad8d90-10-IMP-MIXED-r1\result.json
t160-quality-20261006T132638Z-80ad8d90-10-IMP-MIXED-r1,IMP-MIXED,1,assisted_corrected,bf862f8d-df39-5559-bab5-d942fccb2432,37c8c715-8193-4deb-bcf8-cba2babfc94d,ocr_required,source_page_numbers,source_provided,True,True,[2],[2],matched,import-execution-v5\t160-quality-20261006T132638Z-80ad8d90\runs\t160-quality-20261006T132638Z-80ad8d90-10-IMP-MIXED-r1\result.json
t160-quality-20261006T132638Z-80ad8d90-10-IMP-MIXED-r1,IMP-MIXED,1,assisted_corrected,bf862f8d-df39-5559-bab5-d942fccb2432,37c8c715-8193-4deb-bcf8-cba2babfc94d,ocr_required,question_type,source_provided,True,True,SHORT_ANSWER,SHORT_ANSWER,matched,import-execution-v5\t160-quality-20261006T132638Z-80ad8d90\runs\t160-quality-20261006T132638Z-80ad8d90-10-IMP-MIXED-r1\result.json
t160-quality-20261006T132638Z-80ad8d90-10-IMP-MIXED-r1,IMP-MIXED,1,assisted_corrected,bf862f8d-df39-5559-bab5-d942fccb2432,37c8c715-8193-4deb-bcf8-cba2babfc94d,ocr_required,content,source_provided,True,True,根据下表写出 y 关于 x 的关系式。,根据下表写出 y 关于 x 的关系式。,matched,import-execution-v5\t160-quality-20261006T132638Z-80ad8d90\runs\t160-quality-20261006T132638Z-80ad8d90-10-IMP-MIXED-r1\result.json
t160-quality-20261006T132638Z-80ad8d90-10-IMP-MIXED-r1,IMP-MIXED,1,assisted_corrected,bf862f8d-df39-5559-bab5-d942fccb2432,37c8c715-8193-4deb-bcf8-cba2babfc94d,ocr_required,options,not_applicable,True,True,,,matched,import-execution-v5\t160-quality-20261006T132638Z-80ad8d90\runs\t160-quality-20261006T132638Z-80ad8d90-10-IMP-MIXED-r1\result.json
t160-quality-20261006T132638Z-80ad8d90-10-IMP-MIXED-r1,IMP-MIXED,1,assisted_corrected,bf862f8d-df39-5559-bab5-d942fccb2432,37c8c715-8193-4deb-bcf8-cba2babfc94d,ocr_required,reference_answer,known_missing,True,True,,,matched,import-execution-v5\t160-quality-20261006T132638Z-80ad8d90\runs\t160-quality-20261006T132638Z-80ad8d90-10-IMP-MIXED-r1\result.json
t160-quality-20261006T132638Z-80ad8d90-10-IMP-MIXED-r1,IMP-MIXED,1,assisted_corrected,bf862f8d-df39-5559-bab5-d942fccb2432,37c8c715-8193-4deb-bcf8-cba2babfc94d,ocr_required,analysis,known_missing,True,True,,,matched,import-execution-v5\t160-quality-20261006T132638Z-80ad8d90\runs\t160-quality-20261006T132638Z-80ad8d90-10-IMP-MIXED-r1\result.json
t160-quality-20261006T132638Z-80ad8d90-10-IMP-MIXED-r1,IMP-MIXED,1,assisted_corrected,bf862f8d-df39-5559-bab5-d942fccb2432,37c8c715-8193-4deb-bcf8-cba2babfc94d,ocr_required,score,source_provided,True,True,3.00,3.00,matched,import-execution-v5\t160-quality-20261006T132638Z-80ad8d90\runs\t160-quality-20261006T132638Z-80ad8d90-10-IMP-MIXED-r1\result.json
t160-quality-20261006T132638Z-80ad8d90-10-IMP-MIXED-r1,IMP-MIXED,1,assisted_corrected,bf862f8d-df39-5559-bab5-d942fccb2432,37c8c715-8193-4deb-bcf8-cba2babfc94d,ocr_required,scoring_rubric,source_provided,True,True,正确关系式 1.00；说明代入过程 2.00。,正确关系式 1.00；说明代入过程 2.00。,matched,import-execution-v5\t160-quality-20261006T132638Z-80ad8d90\runs\t160-quality-20261006T132638Z-80ad8d90-10-IMP-MIXED-r1\result.json
t160-quality-20261006T132638Z-80ad8d90-10-IMP-MIXED-r1,IMP-MIXED,1,assisted_corrected,bf862f8d-df39-5559-bab5-d942fccb2432,37c8c715-8193-4deb-bcf8-cba2babfc94d,ocr_required,knowledge_points,source_provided,True,True,"[""一次函数"", ""表达与计算""]","[""一次函数"", ""表达与计算""]",matched,import-execution-v5\t160-quality-20261006T132638Z-80ad8d90\runs\t160-quality-20261006T132638Z-80ad8d90-10-IMP-MIXED-r1\result.json
t160-quality-20261006T132638Z-80ad8d90-10-IMP-MIXED-r1,IMP-MIXED,1,assisted_corrected,bf862f8d-df39-5559-bab5-d942fccb2432,37c8c715-8193-4deb-bcf8-cba2babfc94d,ocr_required,source_regions,unknown,False,,,,reference_unknown,import-execution-v5\t160-quality-20261006T132638Z-80ad8d90\runs\t160-quality-20261006T132638Z-80ad8d90-10-IMP-MIXED-r1\result.json
t160-quality-20261006T132638Z-80ad8d90-10-IMP-MIXED-r1,IMP-MIXED,1,assisted_corrected,bf862f8d-df39-5559-bab5-d942fccb2432,37c8c715-8193-4deb-bcf8-cba2babfc94d,ocr_required,assets,source_provided,True,False,"[{""asset_type"": ""table"", ""source_page_number"": 2, ""order_index"": 1}]",,matched,import-execution-v5\t160-quality-20261006T132638Z-80ad8d90\runs\t160-quality-20261006T132638Z-80ad8d90-10-IMP-MIXED-r1\result.json
t160-quality-20261006T132638Z-80ad8d90-11-IMP-MIXED-r2,IMP-MIXED,2,automatic,1faa8619-84cc-5d65-86ae-244c7f68645e,a56334a3-74ab-4138-8e95-fb66cdbe1df0,native_text,question_number,source_provided,True,True,1,1,matched,import-execution-v5\t160-quality-20261006T132638Z-80ad8d90\runs\t160-quality-20261006T132638Z-80ad8d90-11-IMP-MIXED-r2\result.json
t160-quality-20261006T132638Z-80ad8d90-11-IMP-MIXED-r2,IMP-MIXED,2,automatic,1faa8619-84cc-5d65-86ae-244c7f68645e,a56334a3-74ab-4138-8e95-fb66cdbe1df0,native_text,order_index,source_provided,True,True,1,1,matched,import-execution-v5\t160-quality-20261006T132638Z-80ad8d90\runs\t160-quality-20261006T132638Z-80ad8d90-11-IMP-MIXED-r2\result.json
t160-quality-20261006T132638Z-80ad8d90-11-IMP-MIXED-r2,IMP-MIXED,2,automatic,1faa8619-84cc-5d65-86ae-244c7f68645e,a56334a3-74ab-4138-8e95-fb66cdbe1df0,native_text,source_page_numbers,source_provided,True,True,[1],[1],matched,import-execution-v5\t160-quality-20261006T132638Z-80ad8d90\runs\t160-quality-20261006T132638Z-80ad8d90-11-IMP-MIXED-r2\result.json
t160-quality-20261006T132638Z-80ad8d90-11-IMP-MIXED-r2,IMP-MIXED,2,automatic,1faa8619-84cc-5d65-86ae-244c7f68645e,a56334a3-74ab-4138-8e95-fb66cdbe1df0,native_text,question_type,source_provided,True,True,SINGLE_CHOICE,SINGLE_CHOICE,matched,import-execution-v5\t160-quality-20261006T132638Z-80ad8d90\runs\t160-quality-20261006T132638Z-80ad8d90-11-IMP-MIXED-r2\result.json
t160-quality-20261006T132638Z-80ad8d90-11-IMP-MIXED-r2,IMP-MIXED,2,automatic,1faa8619-84cc-5d65-86ae-244c7f68645e,a56334a3-74ab-4138-8e95-fb66cdbe1df0,native_text,content,source_provided,True,True,y = 2x + 1，x = 3 时 y 为多少？,y = 2x + 1，x = 3 时 y 为多少？,matched,import-execution-v5\t160-quality-20261006T132638Z-80ad8d90\runs\t160-quality-20261006T132638Z-80ad8d90-11-IMP-MIXED-r2\result.json
t160-quality-20261006T132638Z-80ad8d90-11-IMP-MIXED-r2,IMP-MIXED,2,automatic,1faa8619-84cc-5d65-86ae-244c7f68645e,a56334a3-74ab-4138-8e95-fb66cdbe1df0,native_text,options,source_provided,True,True,"{""C"": ""7"", ""A"": ""5"", ""B"": ""6"", ""D"": ""8""}","{""C"": ""7"", ""A"": ""5"", ""B"": ""6"", ""D"": ""8""}",matched,import-execution-v5\t160-quality-20261006T132638Z-80ad8d90\runs\t160-quality-20261006T132638Z-80ad8d90-11-IMP-MIXED-r2\result.json
t160-quality-20261006T132638Z-80ad8d90-11-IMP-MIXED-r2,IMP-MIXED,2,automatic,1faa8619-84cc-5d65-86ae-244c7f68645e,a56334a3-74ab-4138-8e95-fb66cdbe1df0,native_text,reference_answer,source_provided,True,True,C,C,matched,import-execution-v5\t160-quality-20261006T132638Z-80ad8d90\runs\t160-quality-20261006T132638Z-80ad8d90-11-IMP-MIXED-r2\result.json
t160-quality-20261006T132638Z-80ad8d90-11-IMP-MIXED-r2,IMP-MIXED,2,automatic,1faa8619-84cc-5d65-86ae-244c7f68645e,a56334a3-74ab-4138-8e95-fb66cdbe1df0,native_text,analysis,source_provided,True,True,2 × 3 + 1 = 7。,2 × 3 + 1 = 7。,matched,import-execution-v5\t160-quality-20261006T132638Z-80ad8d90\runs\t160-quality-20261006T132638Z-80ad8d90-11-IMP-MIXED-r2\result.json
t160-quality-20261006T132638Z-80ad8d90-11-IMP-MIXED-r2,IMP-MIXED,2,automatic,1faa8619-84cc-5d65-86ae-244c7f68645e,a56334a3-74ab-4138-8e95-fb66cdbe1df0,native_text,score,source_provided,True,True,2.00,2.00,matched,import-execution-v5\t160-quality-20261006T132638Z-80ad8d90\runs\t160-quality-20261006T132638Z-80ad8d90-11-IMP-MIXED-r2\result.json
t160-quality-20261006T132638Z-80ad8d90-11-IMP-MIXED-r2,IMP-MIXED,2,automatic,1faa8619-84cc-5d65-86ae-244c7f68645e,a56334a3-74ab-4138-8e95-fb66cdbe1df0,native_text,scoring_rubric,known_missing,True,True,,,matched,import-execution-v5\t160-quality-20261006T132638Z-80ad8d90\runs\t160-quality-20261006T132638Z-80ad8d90-11-IMP-MIXED-r2\result.json
t160-quality-20261006T132638Z-80ad8d90-11-IMP-MIXED-r2,IMP-MIXED,2,automatic,1faa8619-84cc-5d65-86ae-244c7f68645e,a56334a3-74ab-4138-8e95-fb66cdbe1df0,native_text,knowledge_points,known_missing,True,False,[],,matched,import-execution-v5\t160-quality-20261006T132638Z-80ad8d90\runs\t160-quality-20261006T132638Z-80ad8d90-11-IMP-MIXED-r2\result.json
t160-quality-20261006T132638Z-80ad8d90-11-IMP-MIXED-r2,IMP-MIXED,2,automatic,1faa8619-84cc-5d65-86ae-244c7f68645e,a56334a3-74ab-4138-8e95-fb66cdbe1df0,native_text,source_regions,unknown,False,,,,reference_unknown,import-execution-v5\t160-quality-20261006T132638Z-80ad8d90\runs\t160-quality-20261006T132638Z-80ad8d90-11-IMP-MIXED-r2\result.json
t160-quality-20261006T132638Z-80ad8d90-11-IMP-MIXED-r2,IMP-MIXED,2,automatic,1faa8619-84cc-5d65-86ae-244c7f68645e,a56334a3-74ab-4138-8e95-fb66cdbe1df0,native_text,assets,source_provided,True,False,[],,matched,import-execution-v5\t160-quality-20261006T132638Z-80ad8d90\runs\t160-quality-20261006T132638Z-80ad8d90-11-IMP-MIXED-r2\result.json
t160-quality-20261006T132638Z-80ad8d90-11-IMP-MIXED-r2,IMP-MIXED,2,automatic,545de13f-3fe9-524b-a917-7ab04807806f,eb940c90-c427-486b-9997-9fa4038169a2,native_text,question_number,source_provided,True,True,2,2,matched,import-execution-v5\t160-quality-20261006T132638Z-80ad8d90\runs\t160-quality-20261006T132638Z-80ad8d90-11-IMP-MIXED-r2\result.json
t160-quality-20261006T132638Z-80ad8d90-11-IMP-MIXED-r2,IMP-MIXED,2,automatic,545de13f-3fe9-524b-a917-7ab04807806f,eb940c90-c427-486b-9997-9fa4038169a2,native_text,order_index,source_provided,True,True,2,2,matched,import-execution-v5\t160-quality-20261006T132638Z-80ad8d90\runs\t160-quality-20261006T132638Z-80ad8d90-11-IMP-MIXED-r2\result.json
t160-quality-20261006T132638Z-80ad8d90-11-IMP-MIXED-r2,IMP-MIXED,2,automatic,545de13f-3fe9-524b-a917-7ab04807806f,eb940c90-c427-486b-9997-9fa4038169a2,native_text,source_page_numbers,source_provided,True,True,[1],[1],matched,import-execution-v5\t160-quality-20261006T132638Z-80ad8d90\runs\t160-quality-20261006T132638Z-80ad8d90-11-IMP-MIXED-r2\result.json
t160-quality-20261006T132638Z-80ad8d90-11-IMP-MIXED-r2,IMP-MIXED,2,automatic,545de13f-3fe9-524b-a917-7ab04807806f,eb940c90-c427-486b-9997-9fa4038169a2,native_text,question_type,source_provided,True,True,TRUE_FALSE,TRUE_FALSE,matched,import-execution-v5\t160-quality-20261006T132638Z-80ad8d90\runs\t160-quality-20261006T132638Z-80ad8d90-11-IMP-MIXED-r2\result.json
t160-quality-20261006T132638Z-80ad8d90-11-IMP-MIXED-r2,IMP-MIXED,2,automatic,545de13f-3fe9-524b-a917-7ab04807806f,eb940c90-c427-486b-9997-9fa4038169a2,native_text,content,source_provided,True,True,右图三角形面积为 24 cm²。,右图三角形面积为 24 cm²。,matched,import-execution-v5\t160-quality-20261006T132638Z-80ad8d90\runs\t160-quality-20261006T132638Z-80ad8d90-11-IMP-MIXED-r2\result.json
t160-quality-20261006T132638Z-80ad8d90-11-IMP-MIXED-r2,IMP-MIXED,2,automatic,545de13f-3fe9-524b-a917-7ab04807806f,eb940c90-c427-486b-9997-9fa4038169a2,native_text,options,source_provided,True,True,"[""正确"", ""错误""]","[""正确"", ""错误""]",matched,import-execution-v5\t160-quality-20261006T132638Z-80ad8d90\runs\t160-quality-20261006T132638Z-80ad8d90-11-IMP-MIXED-r2\result.json
t160-quality-20261006T132638Z-80ad8d90-11-IMP-MIXED-r2,IMP-MIXED,2,automatic,545de13f-3fe9-524b-a917-7ab04807806f,eb940c90-c427-486b-9997-9fa4038169a2,native_text,reference_answer,known_missing,True,True,,,matched,import-execution-v5\t160-quality-20261006T132638Z-80ad8d90\runs\t160-quality-20261006T132638Z-80ad8d90-11-IMP-MIXED-r2\result.json
t160-quality-20261006T132638Z-80ad8d90-11-IMP-MIXED-r2,IMP-MIXED,2,automatic,545de13f-3fe9-524b-a917-7ab04807806f,eb940c90-c427-486b-9997-9fa4038169a2,native_text,analysis,known_missing,True,True,,,matched,import-execution-v5\t160-quality-20261006T132638Z-80ad8d90\runs\t160-quality-20261006T132638Z-80ad8d90-11-IMP-MIXED-r2\result.json
t160-quality-20261006T132638Z-80ad8d90-11-IMP-MIXED-r2,IMP-MIXED,2,automatic,545de13f-3fe9-524b-a917-7ab04807806f,eb940c90-c427-486b-9997-9fa4038169a2,native_text,score,source_provided,True,True,2.00,2.00,matched,import-execution-v5\t160-quality-20261006T132638Z-80ad8d90\runs\t160-quality-20261006T132638Z-80ad8d90-11-IMP-MIXED-r2\result.json
t160-quality-20261006T132638Z-80ad8d90-11-IMP-MIXED-r2,IMP-MIXED,2,automatic,545de13f-3fe9-524b-a917-7ab04807806f,eb940c90-c427-486b-9997-9fa4038169a2,native_text,scoring_rubric,known_missing,True,True,,,matched,import-execution-v5\t160-quality-20261006T132638Z-80ad8d90\runs\t160-quality-20261006T132638Z-80ad8d90-11-IMP-MIXED-r2\result.json
t160-quality-20261006T132638Z-80ad8d90-11-IMP-MIXED-r2,IMP-MIXED,2,automatic,545de13f-3fe9-524b-a917-7ab04807806f,eb940c90-c427-486b-9997-9fa4038169a2,native_text,knowledge_points,known_missing,True,False,[],,matched,import-execution-v5\t160-quality-20261006T132638Z-80ad8d90\runs\t160-quality-20261006T132638Z-80ad8d90-11-IMP-MIXED-r2\result.json
t160-quality-20261006T132638Z-80ad8d90-11-IMP-MIXED-r2,IMP-MIXED,2,automatic,545de13f-3fe9-524b-a917-7ab04807806f,eb940c90-c427-486b-9997-9fa4038169a2,native_text,source_regions,unknown,False,,,,reference_unknown,import-execution-v5\t160-quality-20261006T132638Z-80ad8d90\runs\t160-quality-20261006T132638Z-80ad8d90-11-IMP-MIXED-r2\result.json
t160-quality-20261006T132638Z-80ad8d90-11-IMP-MIXED-r2,IMP-MIXED,2,automatic,545de13f-3fe9-524b-a917-7ab04807806f,eb940c90-c427-486b-9997-9fa4038169a2,native_text,assets,source_provided,True,False,"[{""asset_type"": ""figure"", ""source_page_number"": 1, ""order_index"": 1}]",,matched,import-execution-v5\t160-quality-20261006T132638Z-80ad8d90\runs\t160-quality-20261006T132638Z-80ad8d90-11-IMP-MIXED-r2\result.json
t160-quality-20261006T132638Z-80ad8d90-11-IMP-MIXED-r2,IMP-MIXED,2,automatic,85533f46-eb86-5893-8742-33939e77750f,8da44d1f-6a15-404e-abc0-83ae8d3b7c05,native_text,question_number,source_provided,True,True,3,3,matched,import-execution-v5\t160-quality-20261006T132638Z-80ad8d90\runs\t160-quality-20261006T132638Z-80ad8d90-11-IMP-MIXED-r2\result.json
t160-quality-20261006T132638Z-80ad8d90-11-IMP-MIXED-r2,IMP-MIXED,2,automatic,85533f46-eb86-5893-8742-33939e77750f,8da44d1f-6a15-404e-abc0-83ae8d3b7c05,native_text,order_index,source_provided,True,True,3,3,matched,import-execution-v5\t160-quality-20261006T132638Z-80ad8d90\runs\t160-quality-20261006T132638Z-80ad8d90-11-IMP-MIXED-r2\result.json
t160-quality-20261006T132638Z-80ad8d90-11-IMP-MIXED-r2,IMP-MIXED,2,automatic,85533f46-eb86-5893-8742-33939e77750f,8da44d1f-6a15-404e-abc0-83ae8d3b7c05,native_text,source_page_numbers,source_provided,True,True,[1],[1],matched,import-execution-v5\t160-quality-20261006T132638Z-80ad8d90\runs\t160-quality-20261006T132638Z-80ad8d90-11-IMP-MIXED-r2\result.json
t160-quality-20261006T132638Z-80ad8d90-11-IMP-MIXED-r2,IMP-MIXED,2,automatic,85533f46-eb86-5893-8742-33939e77750f,8da44d1f-6a15-404e-abc0-83ae8d3b7c05,native_text,question_type,source_provided,True,True,SHORT_ANSWER,SHORT_ANSWER,matched,import-execution-v5\t160-quality-20261006T132638Z-80ad8d90\runs\t160-quality-20261006T132638Z-80ad8d90-11-IMP-MIXED-r2\result.json
t160-quality-20261006T132638Z-80ad8d90-11-IMP-MIXED-r2,IMP-MIXED,2,automatic,85533f46-eb86-5893-8742-33939e77750f,8da44d1f-6a15-404e-abc0-83ae8d3b7c05,native_text,content,source_provided,True,True,根据下表写出 y 关于 x 的关系式。,根据下表写出 y 关于 x 的关系式。,matched,import-execution-v5\t160-quality-20261006T132638Z-80ad8d90\runs\t160-quality-20261006T132638Z-80ad8d90-11-IMP-MIXED-r2\result.json
t160-quality-20261006T132638Z-80ad8d90-11-IMP-MIXED-r2,IMP-MIXED,2,automatic,85533f46-eb86-5893-8742-33939e77750f,8da44d1f-6a15-404e-abc0-83ae8d3b7c05,native_text,options,not_applicable,True,True,,,matched,import-execution-v5\t160-quality-20261006T132638Z-80ad8d90\runs\t160-quality-20261006T132638Z-80ad8d90-11-IMP-MIXED-r2\result.json
t160-quality-20261006T132638Z-80ad8d90-11-IMP-MIXED-r2,IMP-MIXED,2,automatic,85533f46-eb86-5893-8742-33939e77750f,8da44d1f-6a15-404e-abc0-83ae8d3b7c05,native_text,reference_answer,known_missing,True,True,,,matched,import-execution-v5\t160-quality-20261006T132638Z-80ad8d90\runs\t160-quality-20261006T132638Z-80ad8d90-11-IMP-MIXED-r2\result.json
t160-quality-20261006T132638Z-80ad8d90-11-IMP-MIXED-r2,IMP-MIXED,2,automatic,85533f46-eb86-5893-8742-33939e77750f,8da44d1f-6a15-404e-abc0-83ae8d3b7c05,native_text,analysis,known_missing,True,True,,,matched,import-execution-v5\t160-quality-20261006T132638Z-80ad8d90\runs\t160-quality-20261006T132638Z-80ad8d90-11-IMP-MIXED-r2\result.json
t160-quality-20261006T132638Z-80ad8d90-11-IMP-MIXED-r2,IMP-MIXED,2,automatic,85533f46-eb86-5893-8742-33939e77750f,8da44d1f-6a15-404e-abc0-83ae8d3b7c05,native_text,score,source_provided,True,True,3.00,3.00,matched,import-execution-v5\t160-quality-20261006T132638Z-80ad8d90\runs\t160-quality-20261006T132638Z-80ad8d90-11-IMP-MIXED-r2\result.json
t160-quality-20261006T132638Z-80ad8d90-11-IMP-MIXED-r2,IMP-MIXED,2,automatic,85533f46-eb86-5893-8742-33939e77750f,8da44d1f-6a15-404e-abc0-83ae8d3b7c05,native_text,scoring_rubric,source_provided,True,True,正确关系式 1.00；说明代入过程 2.00。,正确关系式 1.00；说明代入过程 2.00。,matched,import-execution-v5\t160-quality-20261006T132638Z-80ad8d90\runs\t160-quality-20261006T132638Z-80ad8d90-11-IMP-MIXED-r2\result.json
t160-quality-20261006T132638Z-80ad8d90-11-IMP-MIXED-r2,IMP-MIXED,2,automatic,85533f46-eb86-5893-8742-33939e77750f,8da44d1f-6a15-404e-abc0-83ae8d3b7c05,native_text,knowledge_points,source_provided,True,True,"[""一次函数"", ""表达与计算""]","[""一次函数"", ""表达与计算""]",matched,import-execution-v5\t160-quality-20261006T132638Z-80ad8d90\runs\t160-quality-20261006T132638Z-80ad8d90-11-IMP-MIXED-r2\result.json
t160-quality-20261006T132638Z-80ad8d90-11-IMP-MIXED-r2,IMP-MIXED,2,automatic,85533f46-eb86-5893-8742-33939e77750f,8da44d1f-6a15-404e-abc0-83ae8d3b7c05,native_text,source_regions,unknown,False,,,,reference_unknown,import-execution-v5\t160-quality-20261006T132638Z-80ad8d90\runs\t160-quality-20261006T132638Z-80ad8d90-11-IMP-MIXED-r2\result.json
t160-quality-20261006T132638Z-80ad8d90-11-IMP-MIXED-r2,IMP-MIXED,2,automatic,85533f46-eb86-5893-8742-33939e77750f,8da44d1f-6a15-404e-abc0-83ae8d3b7c05,native_text,assets,source_provided,True,False,"[{""asset_type"": ""table"", ""source_page_number"": 1, ""order_index"": 1}]",,matched,import-execution-v5\t160-quality-20261006T132638Z-80ad8d90\runs\t160-quality-20261006T132638Z-80ad8d90-11-IMP-MIXED-r2\result.json
t160-quality-20261006T132638Z-80ad8d90-11-IMP-MIXED-r2,IMP-MIXED,2,automatic,0fa8d57e-58c2-5aa4-b8cd-e52e96380a38,e58a85ac-8737-494f-a261-ac17933fffe2,ocr_required,question_number,source_provided,True,True,4,4,matched,import-execution-v5\t160-quality-20261006T132638Z-80ad8d90\runs\t160-quality-20261006T132638Z-80ad8d90-11-IMP-MIXED-r2\result.json
t160-quality-20261006T132638Z-80ad8d90-11-IMP-MIXED-r2,IMP-MIXED,2,automatic,0fa8d57e-58c2-5aa4-b8cd-e52e96380a38,e58a85ac-8737-494f-a261-ac17933fffe2,ocr_required,order_index,source_provided,True,True,4,4,matched,import-execution-v5\t160-quality-20261006T132638Z-80ad8d90\runs\t160-quality-20261006T132638Z-80ad8d90-11-IMP-MIXED-r2\result.json
t160-quality-20261006T132638Z-80ad8d90-11-IMP-MIXED-r2,IMP-MIXED,2,automatic,0fa8d57e-58c2-5aa4-b8cd-e52e96380a38,e58a85ac-8737-494f-a261-ac17933fffe2,ocr_required,source_page_numbers,source_provided,True,True,[2],[2],matched,import-execution-v5\t160-quality-20261006T132638Z-80ad8d90\runs\t160-quality-20261006T132638Z-80ad8d90-11-IMP-MIXED-r2\result.json
t160-quality-20261006T132638Z-80ad8d90-11-IMP-MIXED-r2,IMP-MIXED,2,automatic,0fa8d57e-58c2-5aa4-b8cd-e52e96380a38,e58a85ac-8737-494f-a261-ac17933fffe2,ocr_required,question_type,source_provided,True,True,SINGLE_CHOICE,SINGLE_CHOICE,matched,import-execution-v5\t160-quality-20261006T132638Z-80ad8d90\runs\t160-quality-20261006T132638Z-80ad8d90-11-IMP-MIXED-r2\result.json
t160-quality-20261006T132638Z-80ad8d90-11-IMP-MIXED-r2,IMP-MIXED,2,automatic,0fa8d57e-58c2-5aa4-b8cd-e52e96380a38,e58a85ac-8737-494f-a261-ac17933fffe2,ocr_required,content,source_provided,True,False,y = 2x + 1，x = 3 时 y 为多少？,y= 2x +1，x = 3 时y为多少？,matched,import-execution-v5\t160-quality-20261006T132638Z-80ad8d90\runs\t160-quality-20261006T132638Z-80ad8d90-11-IMP-MIXED-r2\result.json
t160-quality-20261006T132638Z-80ad8d90-11-IMP-MIXED-r2,IMP-MIXED,2,automatic,0fa8d57e-58c2-5aa4-b8cd-e52e96380a38,e58a85ac-8737-494f-a261-ac17933fffe2,ocr_required,options,source_provided,True,True,"{""C"": ""7"", ""A"": ""5"", ""B"": ""6"", ""D"": ""8""}","{""C"": ""7"", ""A"": ""5"", ""B"": ""6"", ""D"": ""8""}",matched,import-execution-v5\t160-quality-20261006T132638Z-80ad8d90\runs\t160-quality-20261006T132638Z-80ad8d90-11-IMP-MIXED-r2\result.json
t160-quality-20261006T132638Z-80ad8d90-11-IMP-MIXED-r2,IMP-MIXED,2,automatic,0fa8d57e-58c2-5aa4-b8cd-e52e96380a38,e58a85ac-8737-494f-a261-ac17933fffe2,ocr_required,reference_answer,source_provided,True,True,C,C,matched,import-execution-v5\t160-quality-20261006T132638Z-80ad8d90\runs\t160-quality-20261006T132638Z-80ad8d90-11-IMP-MIXED-r2\result.json
t160-quality-20261006T132638Z-80ad8d90-11-IMP-MIXED-r2,IMP-MIXED,2,automatic,0fa8d57e-58c2-5aa4-b8cd-e52e96380a38,e58a85ac-8737-494f-a261-ac17933fffe2,ocr_required,analysis,source_provided,True,False,2 × 3 + 1 = 7。,2 × 3 +1=7。,matched,import-execution-v5\t160-quality-20261006T132638Z-80ad8d90\runs\t160-quality-20261006T132638Z-80ad8d90-11-IMP-MIXED-r2\result.json
t160-quality-20261006T132638Z-80ad8d90-11-IMP-MIXED-r2,IMP-MIXED,2,automatic,0fa8d57e-58c2-5aa4-b8cd-e52e96380a38,e58a85ac-8737-494f-a261-ac17933fffe2,ocr_required,score,source_provided,True,True,2.00,2.00,matched,import-execution-v5\t160-quality-20261006T132638Z-80ad8d90\runs\t160-quality-20261006T132638Z-80ad8d90-11-IMP-MIXED-r2\result.json
t160-quality-20261006T132638Z-80ad8d90-11-IMP-MIXED-r2,IMP-MIXED,2,automatic,0fa8d57e-58c2-5aa4-b8cd-e52e96380a38,e58a85ac-8737-494f-a261-ac17933fffe2,ocr_required,scoring_rubric,known_missing,True,True,,,matched,import-execution-v5\t160-quality-20261006T132638Z-80ad8d90\runs\t160-quality-20261006T132638Z-80ad8d90-11-IMP-MIXED-r2\result.json
t160-quality-20261006T132638Z-80ad8d90-11-IMP-MIXED-r2,IMP-MIXED,2,automatic,0fa8d57e-58c2-5aa4-b8cd-e52e96380a38,e58a85ac-8737-494f-a261-ac17933fffe2,ocr_required,knowledge_points,known_missing,True,False,[],,matched,import-execution-v5\t160-quality-20261006T132638Z-80ad8d90\runs\t160-quality-20261006T132638Z-80ad8d90-11-IMP-MIXED-r2\result.json
t160-quality-20261006T132638Z-80ad8d90-11-IMP-MIXED-r2,IMP-MIXED,2,automatic,0fa8d57e-58c2-5aa4-b8cd-e52e96380a38,e58a85ac-8737-494f-a261-ac17933fffe2,ocr_required,source_regions,unknown,False,,,,reference_unknown,import-execution-v5\t160-quality-20261006T132638Z-80ad8d90\runs\t160-quality-20261006T132638Z-80ad8d90-11-IMP-MIXED-r2\result.json
t160-quality-20261006T132638Z-80ad8d90-11-IMP-MIXED-r2,IMP-MIXED,2,automatic,0fa8d57e-58c2-5aa4-b8cd-e52e96380a38,e58a85ac-8737-494f-a261-ac17933fffe2,ocr_required,assets,source_provided,True,False,[],,matched,import-execution-v5\t160-quality-20261006T132638Z-80ad8d90\runs\t160-quality-20261006T132638Z-80ad8d90-11-IMP-MIXED-r2\result.json
t160-quality-20261006T132638Z-80ad8d90-11-IMP-MIXED-r2,IMP-MIXED,2,automatic,455720b9-9061-5bce-83af-d6d53c6c84e1,8f19618e-f5fc-47ad-8f71-c535884e4118,ocr_required,question_number,source_provided,True,True,5,5,matched,import-execution-v5\t160-quality-20261006T132638Z-80ad8d90\runs\t160-quality-20261006T132638Z-80ad8d90-11-IMP-MIXED-r2\result.json
t160-quality-20261006T132638Z-80ad8d90-11-IMP-MIXED-r2,IMP-MIXED,2,automatic,455720b9-9061-5bce-83af-d6d53c6c84e1,8f19618e-f5fc-47ad-8f71-c535884e4118,ocr_required,order_index,source_provided,True,True,5,5,matched,import-execution-v5\t160-quality-20261006T132638Z-80ad8d90\runs\t160-quality-20261006T132638Z-80ad8d90-11-IMP-MIXED-r2\result.json
t160-quality-20261006T132638Z-80ad8d90-11-IMP-MIXED-r2,IMP-MIXED,2,automatic,455720b9-9061-5bce-83af-d6d53c6c84e1,8f19618e-f5fc-47ad-8f71-c535884e4118,ocr_required,source_page_numbers,source_provided,True,True,[2],[2],matched,import-execution-v5\t160-quality-20261006T132638Z-80ad8d90\runs\t160-quality-20261006T132638Z-80ad8d90-11-IMP-MIXED-r2\result.json
t160-quality-20261006T132638Z-80ad8d90-11-IMP-MIXED-r2,IMP-MIXED,2,automatic,455720b9-9061-5bce-83af-d6d53c6c84e1,8f19618e-f5fc-47ad-8f71-c535884e4118,ocr_required,question_type,source_provided,True,True,TRUE_FALSE,TRUE_FALSE,matched,import-execution-v5\t160-quality-20261006T132638Z-80ad8d90\runs\t160-quality-20261006T132638Z-80ad8d90-11-IMP-MIXED-r2\result.json
t160-quality-20261006T132638Z-80ad8d90-11-IMP-MIXED-r2,IMP-MIXED,2,automatic,455720b9-9061-5bce-83af-d6d53c6c84e1,8f19618e-f5fc-47ad-8f71-c535884e4118,ocr_required,content,source_provided,True,False,右图三角形面积为 24 cm²。,右图三角形面积为24cm2。,matched,import-execution-v5\t160-quality-20261006T132638Z-80ad8d90\runs\t160-quality-20261006T132638Z-80ad8d90-11-IMP-MIXED-r2\result.json
t160-quality-20261006T132638Z-80ad8d90-11-IMP-MIXED-r2,IMP-MIXED,2,automatic,455720b9-9061-5bce-83af-d6d53c6c84e1,8f19618e-f5fc-47ad-8f71-c535884e4118,ocr_required,options,source_provided,True,True,"[""正确"", ""错误""]","[""正确"", ""错误""]",matched,import-execution-v5\t160-quality-20261006T132638Z-80ad8d90\runs\t160-quality-20261006T132638Z-80ad8d90-11-IMP-MIXED-r2\result.json
t160-quality-20261006T132638Z-80ad8d90-11-IMP-MIXED-r2,IMP-MIXED,2,automatic,455720b9-9061-5bce-83af-d6d53c6c84e1,8f19618e-f5fc-47ad-8f71-c535884e4118,ocr_required,reference_answer,known_missing,True,True,,,matched,import-execution-v5\t160-quality-20261006T132638Z-80ad8d90\runs\t160-quality-20261006T132638Z-80ad8d90-11-IMP-MIXED-r2\result.json
t160-quality-20261006T132638Z-80ad8d90-11-IMP-MIXED-r2,IMP-MIXED,2,automatic,455720b9-9061-5bce-83af-d6d53c6c84e1,8f19618e-f5fc-47ad-8f71-c535884e4118,ocr_required,analysis,known_missing,True,True,,,matched,import-execution-v5\t160-quality-20261006T132638Z-80ad8d90\runs\t160-quality-20261006T132638Z-80ad8d90-11-IMP-MIXED-r2\result.json
t160-quality-20261006T132638Z-80ad8d90-11-IMP-MIXED-r2,IMP-MIXED,2,automatic,455720b9-9061-5bce-83af-d6d53c6c84e1,8f19618e-f5fc-47ad-8f71-c535884e4118,ocr_required,score,source_provided,True,True,2.00,2.00,matched,import-execution-v5\t160-quality-20261006T132638Z-80ad8d90\runs\t160-quality-20261006T132638Z-80ad8d90-11-IMP-MIXED-r2\result.json
t160-quality-20261006T132638Z-80ad8d90-11-IMP-MIXED-r2,IMP-MIXED,2,automatic,455720b9-9061-5bce-83af-d6d53c6c84e1,8f19618e-f5fc-47ad-8f71-c535884e4118,ocr_required,scoring_rubric,known_missing,True,True,,,matched,import-execution-v5\t160-quality-20261006T132638Z-80ad8d90\runs\t160-quality-20261006T132638Z-80ad8d90-11-IMP-MIXED-r2\result.json
t160-quality-20261006T132638Z-80ad8d90-11-IMP-MIXED-r2,IMP-MIXED,2,automatic,455720b9-9061-5bce-83af-d6d53c6c84e1,8f19618e-f5fc-47ad-8f71-c535884e4118,ocr_required,knowledge_points,known_missing,True,False,[],,matched,import-execution-v5\t160-quality-20261006T132638Z-80ad8d90\runs\t160-quality-20261006T132638Z-80ad8d90-11-IMP-MIXED-r2\result.json
t160-quality-20261006T132638Z-80ad8d90-11-IMP-MIXED-r2,IMP-MIXED,2,automatic,455720b9-9061-5bce-83af-d6d53c6c84e1,8f19618e-f5fc-47ad-8f71-c535884e4118,ocr_required,source_regions,unknown,False,,,,reference_unknown,import-execution-v5\t160-quality-20261006T132638Z-80ad8d90\runs\t160-quality-20261006T132638Z-80ad8d90-11-IMP-MIXED-r2\result.json
t160-quality-20261006T132638Z-80ad8d90-11-IMP-MIXED-r2,IMP-MIXED,2,automatic,455720b9-9061-5bce-83af-d6d53c6c84e1,8f19618e-f5fc-47ad-8f71-c535884e4118,ocr_required,assets,source_provided,True,False,"[{""asset_type"": ""figure"", ""source_page_number"": 2, ""order_index"": 1}]",,matched,import-execution-v5\t160-quality-20261006T132638Z-80ad8d90\runs\t160-quality-20261006T132638Z-80ad8d90-11-IMP-MIXED-r2\result.json
t160-quality-20261006T132638Z-80ad8d90-11-IMP-MIXED-r2,IMP-MIXED,2,automatic,bf862f8d-df39-5559-bab5-d942fccb2432,2d8fd1f5-e501-4a0c-81cb-4748f4db8dcd,ocr_required,question_number,source_provided,True,True,6,6,matched,import-execution-v5\t160-quality-20261006T132638Z-80ad8d90\runs\t160-quality-20261006T132638Z-80ad8d90-11-IMP-MIXED-r2\result.json
t160-quality-20261006T132638Z-80ad8d90-11-IMP-MIXED-r2,IMP-MIXED,2,automatic,bf862f8d-df39-5559-bab5-d942fccb2432,2d8fd1f5-e501-4a0c-81cb-4748f4db8dcd,ocr_required,order_index,source_provided,True,True,6,6,matched,import-execution-v5\t160-quality-20261006T132638Z-80ad8d90\runs\t160-quality-20261006T132638Z-80ad8d90-11-IMP-MIXED-r2\result.json
t160-quality-20261006T132638Z-80ad8d90-11-IMP-MIXED-r2,IMP-MIXED,2,automatic,bf862f8d-df39-5559-bab5-d942fccb2432,2d8fd1f5-e501-4a0c-81cb-4748f4db8dcd,ocr_required,source_page_numbers,source_provided,True,True,[2],[2],matched,import-execution-v5\t160-quality-20261006T132638Z-80ad8d90\runs\t160-quality-20261006T132638Z-80ad8d90-11-IMP-MIXED-r2\result.json
t160-quality-20261006T132638Z-80ad8d90-11-IMP-MIXED-r2,IMP-MIXED,2,automatic,bf862f8d-df39-5559-bab5-d942fccb2432,2d8fd1f5-e501-4a0c-81cb-4748f4db8dcd,ocr_required,question_type,source_provided,True,True,SHORT_ANSWER,SHORT_ANSWER,matched,import-execution-v5\t160-quality-20261006T132638Z-80ad8d90\runs\t160-quality-20261006T132638Z-80ad8d90-11-IMP-MIXED-r2\result.json
t160-quality-20261006T132638Z-80ad8d90-11-IMP-MIXED-r2,IMP-MIXED,2,automatic,bf862f8d-df39-5559-bab5-d942fccb2432,2d8fd1f5-e501-4a0c-81cb-4748f4db8dcd,ocr_required,content,source_provided,True,False,根据下表写出 y 关于 x 的关系式。,根据下表写出y关于x的关系式。,matched,import-execution-v5\t160-quality-20261006T132638Z-80ad8d90\runs\t160-quality-20261006T132638Z-80ad8d90-11-IMP-MIXED-r2\result.json
t160-quality-20261006T132638Z-80ad8d90-11-IMP-MIXED-r2,IMP-MIXED,2,automatic,bf862f8d-df39-5559-bab5-d942fccb2432,2d8fd1f5-e501-4a0c-81cb-4748f4db8dcd,ocr_required,options,not_applicable,True,True,,,matched,import-execution-v5\t160-quality-20261006T132638Z-80ad8d90\runs\t160-quality-20261006T132638Z-80ad8d90-11-IMP-MIXED-r2\result.json
t160-quality-20261006T132638Z-80ad8d90-11-IMP-MIXED-r2,IMP-MIXED,2,automatic,bf862f8d-df39-5559-bab5-d942fccb2432,2d8fd1f5-e501-4a0c-81cb-4748f4db8dcd,ocr_required,reference_answer,known_missing,True,True,,,matched,import-execution-v5\t160-quality-20261006T132638Z-80ad8d90\runs\t160-quality-20261006T132638Z-80ad8d90-11-IMP-MIXED-r2\result.json
t160-quality-20261006T132638Z-80ad8d90-11-IMP-MIXED-r2,IMP-MIXED,2,automatic,bf862f8d-df39-5559-bab5-d942fccb2432,2d8fd1f5-e501-4a0c-81cb-4748f4db8dcd,ocr_required,analysis,known_missing,True,True,,,matched,import-execution-v5\t160-quality-20261006T132638Z-80ad8d90\runs\t160-quality-20261006T132638Z-80ad8d90-11-IMP-MIXED-r2\result.json
t160-quality-20261006T132638Z-80ad8d90-11-IMP-MIXED-r2,IMP-MIXED,2,automatic,bf862f8d-df39-5559-bab5-d942fccb2432,2d8fd1f5-e501-4a0c-81cb-4748f4db8dcd,ocr_required,score,source_provided,True,True,3.00,3.00,matched,import-execution-v5\t160-quality-20261006T132638Z-80ad8d90\runs\t160-quality-20261006T132638Z-80ad8d90-11-IMP-MIXED-r2\result.json
t160-quality-20261006T132638Z-80ad8d90-11-IMP-MIXED-r2,IMP-MIXED,2,automatic,bf862f8d-df39-5559-bab5-d942fccb2432,2d8fd1f5-e501-4a0c-81cb-4748f4db8dcd,ocr_required,scoring_rubric,source_provided,True,False,正确关系式 1.00；说明代入过程 2.00。,正确关系式1.00；说明代入过程2.00。,matched,import-execution-v5\t160-quality-20261006T132638Z-80ad8d90\runs\t160-quality-20261006T132638Z-80ad8d90-11-IMP-MIXED-r2\result.json
t160-quality-20261006T132638Z-80ad8d90-11-IMP-MIXED-r2,IMP-MIXED,2,automatic,bf862f8d-df39-5559-bab5-d942fccb2432,2d8fd1f5-e501-4a0c-81cb-4748f4db8dcd,ocr_required,knowledge_points,source_provided,True,True,"[""一次函数"", ""表达与计算""]","[""一次函数"", ""表达与计算""]",matched,import-execution-v5\t160-quality-20261006T132638Z-80ad8d90\runs\t160-quality-20261006T132638Z-80ad8d90-11-IMP-MIXED-r2\result.json
t160-quality-20261006T132638Z-80ad8d90-11-IMP-MIXED-r2,IMP-MIXED,2,automatic,bf862f8d-df39-5559-bab5-d942fccb2432,2d8fd1f5-e501-4a0c-81cb-4748f4db8dcd,ocr_required,source_regions,unknown,False,,,,reference_unknown,import-execution-v5\t160-quality-20261006T132638Z-80ad8d90\runs\t160-quality-20261006T132638Z-80ad8d90-11-IMP-MIXED-r2\result.json
t160-quality-20261006T132638Z-80ad8d90-11-IMP-MIXED-r2,IMP-MIXED,2,automatic,bf862f8d-df39-5559-bab5-d942fccb2432,2d8fd1f5-e501-4a0c-81cb-4748f4db8dcd,ocr_required,assets,source_provided,True,False,"[{""asset_type"": ""table"", ""source_page_number"": 2, ""order_index"": 1}]",,matched,import-execution-v5\t160-quality-20261006T132638Z-80ad8d90\runs\t160-quality-20261006T132638Z-80ad8d90-11-IMP-MIXED-r2\result.json
t160-quality-20261006T132638Z-80ad8d90-11-IMP-MIXED-r2,IMP-MIXED,2,assisted_corrected,1faa8619-84cc-5d65-86ae-244c7f68645e,a56334a3-74ab-4138-8e95-fb66cdbe1df0,native_text,question_number,source_provided,True,True,1,1,matched,import-execution-v5\t160-quality-20261006T132638Z-80ad8d90\runs\t160-quality-20261006T132638Z-80ad8d90-11-IMP-MIXED-r2\result.json
t160-quality-20261006T132638Z-80ad8d90-11-IMP-MIXED-r2,IMP-MIXED,2,assisted_corrected,1faa8619-84cc-5d65-86ae-244c7f68645e,a56334a3-74ab-4138-8e95-fb66cdbe1df0,native_text,order_index,source_provided,True,True,1,1,matched,import-execution-v5\t160-quality-20261006T132638Z-80ad8d90\runs\t160-quality-20261006T132638Z-80ad8d90-11-IMP-MIXED-r2\result.json
t160-quality-20261006T132638Z-80ad8d90-11-IMP-MIXED-r2,IMP-MIXED,2,assisted_corrected,1faa8619-84cc-5d65-86ae-244c7f68645e,a56334a3-74ab-4138-8e95-fb66cdbe1df0,native_text,source_page_numbers,source_provided,True,True,[1],[1],matched,import-execution-v5\t160-quality-20261006T132638Z-80ad8d90\runs\t160-quality-20261006T132638Z-80ad8d90-11-IMP-MIXED-r2\result.json
t160-quality-20261006T132638Z-80ad8d90-11-IMP-MIXED-r2,IMP-MIXED,2,assisted_corrected,1faa8619-84cc-5d65-86ae-244c7f68645e,a56334a3-74ab-4138-8e95-fb66cdbe1df0,native_text,question_type,source_provided,True,True,SINGLE_CHOICE,SINGLE_CHOICE,matched,import-execution-v5\t160-quality-20261006T132638Z-80ad8d90\runs\t160-quality-20261006T132638Z-80ad8d90-11-IMP-MIXED-r2\result.json
t160-quality-20261006T132638Z-80ad8d90-11-IMP-MIXED-r2,IMP-MIXED,2,assisted_corrected,1faa8619-84cc-5d65-86ae-244c7f68645e,a56334a3-74ab-4138-8e95-fb66cdbe1df0,native_text,content,source_provided,True,True,y = 2x + 1，x = 3 时 y 为多少？,y = 2x + 1，x = 3 时 y 为多少？,matched,import-execution-v5\t160-quality-20261006T132638Z-80ad8d90\runs\t160-quality-20261006T132638Z-80ad8d90-11-IMP-MIXED-r2\result.json
t160-quality-20261006T132638Z-80ad8d90-11-IMP-MIXED-r2,IMP-MIXED,2,assisted_corrected,1faa8619-84cc-5d65-86ae-244c7f68645e,a56334a3-74ab-4138-8e95-fb66cdbe1df0,native_text,options,source_provided,True,True,"{""C"": ""7"", ""A"": ""5"", ""B"": ""6"", ""D"": ""8""}","{""C"": ""7"", ""A"": ""5"", ""B"": ""6"", ""D"": ""8""}",matched,import-execution-v5\t160-quality-20261006T132638Z-80ad8d90\runs\t160-quality-20261006T132638Z-80ad8d90-11-IMP-MIXED-r2\result.json
t160-quality-20261006T132638Z-80ad8d90-11-IMP-MIXED-r2,IMP-MIXED,2,assisted_corrected,1faa8619-84cc-5d65-86ae-244c7f68645e,a56334a3-74ab-4138-8e95-fb66cdbe1df0,native_text,reference_answer,source_provided,True,True,C,C,matched,import-execution-v5\t160-quality-20261006T132638Z-80ad8d90\runs\t160-quality-20261006T132638Z-80ad8d90-11-IMP-MIXED-r2\result.json
t160-quality-20261006T132638Z-80ad8d90-11-IMP-MIXED-r2,IMP-MIXED,2,assisted_corrected,1faa8619-84cc-5d65-86ae-244c7f68645e,a56334a3-74ab-4138-8e95-fb66cdbe1df0,native_text,analysis,source_provided,True,True,2 × 3 + 1 = 7。,2 × 3 + 1 = 7。,matched,import-execution-v5\t160-quality-20261006T132638Z-80ad8d90\runs\t160-quality-20261006T132638Z-80ad8d90-11-IMP-MIXED-r2\result.json
t160-quality-20261006T132638Z-80ad8d90-11-IMP-MIXED-r2,IMP-MIXED,2,assisted_corrected,1faa8619-84cc-5d65-86ae-244c7f68645e,a56334a3-74ab-4138-8e95-fb66cdbe1df0,native_text,score,source_provided,True,True,2.00,2.00,matched,import-execution-v5\t160-quality-20261006T132638Z-80ad8d90\runs\t160-quality-20261006T132638Z-80ad8d90-11-IMP-MIXED-r2\result.json
t160-quality-20261006T132638Z-80ad8d90-11-IMP-MIXED-r2,IMP-MIXED,2,assisted_corrected,1faa8619-84cc-5d65-86ae-244c7f68645e,a56334a3-74ab-4138-8e95-fb66cdbe1df0,native_text,scoring_rubric,known_missing,True,True,,,matched,import-execution-v5\t160-quality-20261006T132638Z-80ad8d90\runs\t160-quality-20261006T132638Z-80ad8d90-11-IMP-MIXED-r2\result.json
t160-quality-20261006T132638Z-80ad8d90-11-IMP-MIXED-r2,IMP-MIXED,2,assisted_corrected,1faa8619-84cc-5d65-86ae-244c7f68645e,a56334a3-74ab-4138-8e95-fb66cdbe1df0,native_text,knowledge_points,known_missing,True,True,[],[],matched,import-execution-v5\t160-quality-20261006T132638Z-80ad8d90\runs\t160-quality-20261006T132638Z-80ad8d90-11-IMP-MIXED-r2\result.json
t160-quality-20261006T132638Z-80ad8d90-11-IMP-MIXED-r2,IMP-MIXED,2,assisted_corrected,1faa8619-84cc-5d65-86ae-244c7f68645e,a56334a3-74ab-4138-8e95-fb66cdbe1df0,native_text,source_regions,unknown,False,,,,reference_unknown,import-execution-v5\t160-quality-20261006T132638Z-80ad8d90\runs\t160-quality-20261006T132638Z-80ad8d90-11-IMP-MIXED-r2\result.json
t160-quality-20261006T132638Z-80ad8d90-11-IMP-MIXED-r2,IMP-MIXED,2,assisted_corrected,1faa8619-84cc-5d65-86ae-244c7f68645e,a56334a3-74ab-4138-8e95-fb66cdbe1df0,native_text,assets,source_provided,True,True,[],[],matched,import-execution-v5\t160-quality-20261006T132638Z-80ad8d90\runs\t160-quality-20261006T132638Z-80ad8d90-11-IMP-MIXED-r2\result.json
t160-quality-20261006T132638Z-80ad8d90-11-IMP-MIXED-r2,IMP-MIXED,2,assisted_corrected,545de13f-3fe9-524b-a917-7ab04807806f,eb940c90-c427-486b-9997-9fa4038169a2,native_text,question_number,source_provided,True,True,2,2,matched,import-execution-v5\t160-quality-20261006T132638Z-80ad8d90\runs\t160-quality-20261006T132638Z-80ad8d90-11-IMP-MIXED-r2\result.json
t160-quality-20261006T132638Z-80ad8d90-11-IMP-MIXED-r2,IMP-MIXED,2,assisted_corrected,545de13f-3fe9-524b-a917-7ab04807806f,eb940c90-c427-486b-9997-9fa4038169a2,native_text,order_index,source_provided,True,True,2,2,matched,import-execution-v5\t160-quality-20261006T132638Z-80ad8d90\runs\t160-quality-20261006T132638Z-80ad8d90-11-IMP-MIXED-r2\result.json
t160-quality-20261006T132638Z-80ad8d90-11-IMP-MIXED-r2,IMP-MIXED,2,assisted_corrected,545de13f-3fe9-524b-a917-7ab04807806f,eb940c90-c427-486b-9997-9fa4038169a2,native_text,source_page_numbers,source_provided,True,True,[1],[1],matched,import-execution-v5\t160-quality-20261006T132638Z-80ad8d90\runs\t160-quality-20261006T132638Z-80ad8d90-11-IMP-MIXED-r2\result.json
t160-quality-20261006T132638Z-80ad8d90-11-IMP-MIXED-r2,IMP-MIXED,2,assisted_corrected,545de13f-3fe9-524b-a917-7ab04807806f,eb940c90-c427-486b-9997-9fa4038169a2,native_text,question_type,source_provided,True,True,TRUE_FALSE,TRUE_FALSE,matched,import-execution-v5\t160-quality-20261006T132638Z-80ad8d90\runs\t160-quality-20261006T132638Z-80ad8d90-11-IMP-MIXED-r2\result.json
t160-quality-20261006T132638Z-80ad8d90-11-IMP-MIXED-r2,IMP-MIXED,2,assisted_corrected,545de13f-3fe9-524b-a917-7ab04807806f,eb940c90-c427-486b-9997-9fa4038169a2,native_text,content,source_provided,True,True,右图三角形面积为 24 cm²。,右图三角形面积为 24 cm²。,matched,import-execution-v5\t160-quality-20261006T132638Z-80ad8d90\runs\t160-quality-20261006T132638Z-80ad8d90-11-IMP-MIXED-r2\result.json
t160-quality-20261006T132638Z-80ad8d90-11-IMP-MIXED-r2,IMP-MIXED,2,assisted_corrected,545de13f-3fe9-524b-a917-7ab04807806f,eb940c90-c427-486b-9997-9fa4038169a2,native_text,options,source_provided,True,True,"[""正确"", ""错误""]","[""正确"", ""错误""]",matched,import-execution-v5\t160-quality-20261006T132638Z-80ad8d90\runs\t160-quality-20261006T132638Z-80ad8d90-11-IMP-MIXED-r2\result.json
t160-quality-20261006T132638Z-80ad8d90-11-IMP-MIXED-r2,IMP-MIXED,2,assisted_corrected,545de13f-3fe9-524b-a917-7ab04807806f,eb940c90-c427-486b-9997-9fa4038169a2,native_text,reference_answer,known_missing,True,True,,,matched,import-execution-v5\t160-quality-20261006T132638Z-80ad8d90\runs\t160-quality-20261006T132638Z-80ad8d90-11-IMP-MIXED-r2\result.json
t160-quality-20261006T132638Z-80ad8d90-11-IMP-MIXED-r2,IMP-MIXED,2,assisted_corrected,545de13f-3fe9-524b-a917-7ab04807806f,eb940c90-c427-486b-9997-9fa4038169a2,native_text,analysis,known_missing,True,True,,,matched,import-execution-v5\t160-quality-20261006T132638Z-80ad8d90\runs\t160-quality-20261006T132638Z-80ad8d90-11-IMP-MIXED-r2\result.json
t160-quality-20261006T132638Z-80ad8d90-11-IMP-MIXED-r2,IMP-MIXED,2,assisted_corrected,545de13f-3fe9-524b-a917-7ab04807806f,eb940c90-c427-486b-9997-9fa4038169a2,native_text,score,source_provided,True,True,2.00,2.00,matched,import-execution-v5\t160-quality-20261006T132638Z-80ad8d90\runs\t160-quality-20261006T132638Z-80ad8d90-11-IMP-MIXED-r2\result.json
t160-quality-20261006T132638Z-80ad8d90-11-IMP-MIXED-r2,IMP-MIXED,2,assisted_corrected,545de13f-3fe9-524b-a917-7ab04807806f,eb940c90-c427-486b-9997-9fa4038169a2,native_text,scoring_rubric,known_missing,True,True,,,matched,import-execution-v5\t160-quality-20261006T132638Z-80ad8d90\runs\t160-quality-20261006T132638Z-80ad8d90-11-IMP-MIXED-r2\result.json
t160-quality-20261006T132638Z-80ad8d90-11-IMP-MIXED-r2,IMP-MIXED,2,assisted_corrected,545de13f-3fe9-524b-a917-7ab04807806f,eb940c90-c427-486b-9997-9fa4038169a2,native_text,knowledge_points,known_missing,True,True,[],[],matched,import-execution-v5\t160-quality-20261006T132638Z-80ad8d90\runs\t160-quality-20261006T132638Z-80ad8d90-11-IMP-MIXED-r2\result.json
t160-quality-20261006T132638Z-80ad8d90-11-IMP-MIXED-r2,IMP-MIXED,2,assisted_corrected,545de13f-3fe9-524b-a917-7ab04807806f,eb940c90-c427-486b-9997-9fa4038169a2,native_text,source_regions,unknown,False,,,,reference_unknown,import-execution-v5\t160-quality-20261006T132638Z-80ad8d90\runs\t160-quality-20261006T132638Z-80ad8d90-11-IMP-MIXED-r2\result.json
t160-quality-20261006T132638Z-80ad8d90-11-IMP-MIXED-r2,IMP-MIXED,2,assisted_corrected,545de13f-3fe9-524b-a917-7ab04807806f,eb940c90-c427-486b-9997-9fa4038169a2,native_text,assets,source_provided,True,False,"[{""asset_type"": ""figure"", ""source_page_number"": 1, ""order_index"": 1}]",,matched,import-execution-v5\t160-quality-20261006T132638Z-80ad8d90\runs\t160-quality-20261006T132638Z-80ad8d90-11-IMP-MIXED-r2\result.json
t160-quality-20261006T132638Z-80ad8d90-11-IMP-MIXED-r2,IMP-MIXED,2,assisted_corrected,85533f46-eb86-5893-8742-33939e77750f,8da44d1f-6a15-404e-abc0-83ae8d3b7c05,native_text,question_number,source_provided,True,True,3,3,matched,import-execution-v5\t160-quality-20261006T132638Z-80ad8d90\runs\t160-quality-20261006T132638Z-80ad8d90-11-IMP-MIXED-r2\result.json
t160-quality-20261006T132638Z-80ad8d90-11-IMP-MIXED-r2,IMP-MIXED,2,assisted_corrected,85533f46-eb86-5893-8742-33939e77750f,8da44d1f-6a15-404e-abc0-83ae8d3b7c05,native_text,order_index,source_provided,True,True,3,3,matched,import-execution-v5\t160-quality-20261006T132638Z-80ad8d90\runs\t160-quality-20261006T132638Z-80ad8d90-11-IMP-MIXED-r2\result.json
t160-quality-20261006T132638Z-80ad8d90-11-IMP-MIXED-r2,IMP-MIXED,2,assisted_corrected,85533f46-eb86-5893-8742-33939e77750f,8da44d1f-6a15-404e-abc0-83ae8d3b7c05,native_text,source_page_numbers,source_provided,True,True,[1],[1],matched,import-execution-v5\t160-quality-20261006T132638Z-80ad8d90\runs\t160-quality-20261006T132638Z-80ad8d90-11-IMP-MIXED-r2\result.json
t160-quality-20261006T132638Z-80ad8d90-11-IMP-MIXED-r2,IMP-MIXED,2,assisted_corrected,85533f46-eb86-5893-8742-33939e77750f,8da44d1f-6a15-404e-abc0-83ae8d3b7c05,native_text,question_type,source_provided,True,True,SHORT_ANSWER,SHORT_ANSWER,matched,import-execution-v5\t160-quality-20261006T132638Z-80ad8d90\runs\t160-quality-20261006T132638Z-80ad8d90-11-IMP-MIXED-r2\result.json
t160-quality-20261006T132638Z-80ad8d90-11-IMP-MIXED-r2,IMP-MIXED,2,assisted_corrected,85533f46-eb86-5893-8742-33939e77750f,8da44d1f-6a15-404e-abc0-83ae8d3b7c05,native_text,content,source_provided,True,True,根据下表写出 y 关于 x 的关系式。,根据下表写出 y 关于 x 的关系式。,matched,import-execution-v5\t160-quality-20261006T132638Z-80ad8d90\runs\t160-quality-20261006T132638Z-80ad8d90-11-IMP-MIXED-r2\result.json
t160-quality-20261006T132638Z-80ad8d90-11-IMP-MIXED-r2,IMP-MIXED,2,assisted_corrected,85533f46-eb86-5893-8742-33939e77750f,8da44d1f-6a15-404e-abc0-83ae8d3b7c05,native_text,options,not_applicable,True,True,,,matched,import-execution-v5\t160-quality-20261006T132638Z-80ad8d90\runs\t160-quality-20261006T132638Z-80ad8d90-11-IMP-MIXED-r2\result.json
t160-quality-20261006T132638Z-80ad8d90-11-IMP-MIXED-r2,IMP-MIXED,2,assisted_corrected,85533f46-eb86-5893-8742-33939e77750f,8da44d1f-6a15-404e-abc0-83ae8d3b7c05,native_text,reference_answer,known_missing,True,True,,,matched,import-execution-v5\t160-quality-20261006T132638Z-80ad8d90\runs\t160-quality-20261006T132638Z-80ad8d90-11-IMP-MIXED-r2\result.json
t160-quality-20261006T132638Z-80ad8d90-11-IMP-MIXED-r2,IMP-MIXED,2,assisted_corrected,85533f46-eb86-5893-8742-33939e77750f,8da44d1f-6a15-404e-abc0-83ae8d3b7c05,native_text,analysis,known_missing,True,True,,,matched,import-execution-v5\t160-quality-20261006T132638Z-80ad8d90\runs\t160-quality-20261006T132638Z-80ad8d90-11-IMP-MIXED-r2\result.json
t160-quality-20261006T132638Z-80ad8d90-11-IMP-MIXED-r2,IMP-MIXED,2,assisted_corrected,85533f46-eb86-5893-8742-33939e77750f,8da44d1f-6a15-404e-abc0-83ae8d3b7c05,native_text,score,source_provided,True,True,3.00,3.00,matched,import-execution-v5\t160-quality-20261006T132638Z-80ad8d90\runs\t160-quality-20261006T132638Z-80ad8d90-11-IMP-MIXED-r2\result.json
t160-quality-20261006T132638Z-80ad8d90-11-IMP-MIXED-r2,IMP-MIXED,2,assisted_corrected,85533f46-eb86-5893-8742-33939e77750f,8da44d1f-6a15-404e-abc0-83ae8d3b7c05,native_text,scoring_rubric,source_provided,True,True,正确关系式 1.00；说明代入过程 2.00。,正确关系式 1.00；说明代入过程 2.00。,matched,import-execution-v5\t160-quality-20261006T132638Z-80ad8d90\runs\t160-quality-20261006T132638Z-80ad8d90-11-IMP-MIXED-r2\result.json
t160-quality-20261006T132638Z-80ad8d90-11-IMP-MIXED-r2,IMP-MIXED,2,assisted_corrected,85533f46-eb86-5893-8742-33939e77750f,8da44d1f-6a15-404e-abc0-83ae8d3b7c05,native_text,knowledge_points,source_provided,True,True,"[""一次函数"", ""表达与计算""]","[""一次函数"", ""表达与计算""]",matched,import-execution-v5\t160-quality-20261006T132638Z-80ad8d90\runs\t160-quality-20261006T132638Z-80ad8d90-11-IMP-MIXED-r2\result.json
t160-quality-20261006T132638Z-80ad8d90-11-IMP-MIXED-r2,IMP-MIXED,2,assisted_corrected,85533f46-eb86-5893-8742-33939e77750f,8da44d1f-6a15-404e-abc0-83ae8d3b7c05,native_text,source_regions,unknown,False,,,,reference_unknown,import-execution-v5\t160-quality-20261006T132638Z-80ad8d90\runs\t160-quality-20261006T132638Z-80ad8d90-11-IMP-MIXED-r2\result.json
t160-quality-20261006T132638Z-80ad8d90-11-IMP-MIXED-r2,IMP-MIXED,2,assisted_corrected,85533f46-eb86-5893-8742-33939e77750f,8da44d1f-6a15-404e-abc0-83ae8d3b7c05,native_text,assets,source_provided,True,False,"[{""asset_type"": ""table"", ""source_page_number"": 1, ""order_index"": 1}]",,matched,import-execution-v5\t160-quality-20261006T132638Z-80ad8d90\runs\t160-quality-20261006T132638Z-80ad8d90-11-IMP-MIXED-r2\result.json
t160-quality-20261006T132638Z-80ad8d90-11-IMP-MIXED-r2,IMP-MIXED,2,assisted_corrected,0fa8d57e-58c2-5aa4-b8cd-e52e96380a38,e58a85ac-8737-494f-a261-ac17933fffe2,ocr_required,question_number,source_provided,True,True,4,4,matched,import-execution-v5\t160-quality-20261006T132638Z-80ad8d90\runs\t160-quality-20261006T132638Z-80ad8d90-11-IMP-MIXED-r2\result.json
t160-quality-20261006T132638Z-80ad8d90-11-IMP-MIXED-r2,IMP-MIXED,2,assisted_corrected,0fa8d57e-58c2-5aa4-b8cd-e52e96380a38,e58a85ac-8737-494f-a261-ac17933fffe2,ocr_required,order_index,source_provided,True,True,4,4,matched,import-execution-v5\t160-quality-20261006T132638Z-80ad8d90\runs\t160-quality-20261006T132638Z-80ad8d90-11-IMP-MIXED-r2\result.json
t160-quality-20261006T132638Z-80ad8d90-11-IMP-MIXED-r2,IMP-MIXED,2,assisted_corrected,0fa8d57e-58c2-5aa4-b8cd-e52e96380a38,e58a85ac-8737-494f-a261-ac17933fffe2,ocr_required,source_page_numbers,source_provided,True,True,[2],[2],matched,import-execution-v5\t160-quality-20261006T132638Z-80ad8d90\runs\t160-quality-20261006T132638Z-80ad8d90-11-IMP-MIXED-r2\result.json
t160-quality-20261006T132638Z-80ad8d90-11-IMP-MIXED-r2,IMP-MIXED,2,assisted_corrected,0fa8d57e-58c2-5aa4-b8cd-e52e96380a38,e58a85ac-8737-494f-a261-ac17933fffe2,ocr_required,question_type,source_provided,True,True,SINGLE_CHOICE,SINGLE_CHOICE,matched,import-execution-v5\t160-quality-20261006T132638Z-80ad8d90\runs\t160-quality-20261006T132638Z-80ad8d90-11-IMP-MIXED-r2\result.json
t160-quality-20261006T132638Z-80ad8d90-11-IMP-MIXED-r2,IMP-MIXED,2,assisted_corrected,0fa8d57e-58c2-5aa4-b8cd-e52e96380a38,e58a85ac-8737-494f-a261-ac17933fffe2,ocr_required,content,source_provided,True,True,y = 2x + 1，x = 3 时 y 为多少？,y = 2x + 1，x = 3 时 y 为多少？,matched,import-execution-v5\t160-quality-20261006T132638Z-80ad8d90\runs\t160-quality-20261006T132638Z-80ad8d90-11-IMP-MIXED-r2\result.json
t160-quality-20261006T132638Z-80ad8d90-11-IMP-MIXED-r2,IMP-MIXED,2,assisted_corrected,0fa8d57e-58c2-5aa4-b8cd-e52e96380a38,e58a85ac-8737-494f-a261-ac17933fffe2,ocr_required,options,source_provided,True,True,"{""C"": ""7"", ""A"": ""5"", ""B"": ""6"", ""D"": ""8""}","{""C"": ""7"", ""A"": ""5"", ""B"": ""6"", ""D"": ""8""}",matched,import-execution-v5\t160-quality-20261006T132638Z-80ad8d90\runs\t160-quality-20261006T132638Z-80ad8d90-11-IMP-MIXED-r2\result.json
t160-quality-20261006T132638Z-80ad8d90-11-IMP-MIXED-r2,IMP-MIXED,2,assisted_corrected,0fa8d57e-58c2-5aa4-b8cd-e52e96380a38,e58a85ac-8737-494f-a261-ac17933fffe2,ocr_required,reference_answer,source_provided,True,True,C,C,matched,import-execution-v5\t160-quality-20261006T132638Z-80ad8d90\runs\t160-quality-20261006T132638Z-80ad8d90-11-IMP-MIXED-r2\result.json
t160-quality-20261006T132638Z-80ad8d90-11-IMP-MIXED-r2,IMP-MIXED,2,assisted_corrected,0fa8d57e-58c2-5aa4-b8cd-e52e96380a38,e58a85ac-8737-494f-a261-ac17933fffe2,ocr_required,analysis,source_provided,True,True,2 × 3 + 1 = 7。,2 × 3 + 1 = 7。,matched,import-execution-v5\t160-quality-20261006T132638Z-80ad8d90\runs\t160-quality-20261006T132638Z-80ad8d90-11-IMP-MIXED-r2\result.json
t160-quality-20261006T132638Z-80ad8d90-11-IMP-MIXED-r2,IMP-MIXED,2,assisted_corrected,0fa8d57e-58c2-5aa4-b8cd-e52e96380a38,e58a85ac-8737-494f-a261-ac17933fffe2,ocr_required,score,source_provided,True,True,2.00,2.00,matched,import-execution-v5\t160-quality-20261006T132638Z-80ad8d90\runs\t160-quality-20261006T132638Z-80ad8d90-11-IMP-MIXED-r2\result.json
t160-quality-20261006T132638Z-80ad8d90-11-IMP-MIXED-r2,IMP-MIXED,2,assisted_corrected,0fa8d57e-58c2-5aa4-b8cd-e52e96380a38,e58a85ac-8737-494f-a261-ac17933fffe2,ocr_required,scoring_rubric,known_missing,True,True,,,matched,import-execution-v5\t160-quality-20261006T132638Z-80ad8d90\runs\t160-quality-20261006T132638Z-80ad8d90-11-IMP-MIXED-r2\result.json
t160-quality-20261006T132638Z-80ad8d90-11-IMP-MIXED-r2,IMP-MIXED,2,assisted_corrected,0fa8d57e-58c2-5aa4-b8cd-e52e96380a38,e58a85ac-8737-494f-a261-ac17933fffe2,ocr_required,knowledge_points,known_missing,True,True,[],[],matched,import-execution-v5\t160-quality-20261006T132638Z-80ad8d90\runs\t160-quality-20261006T132638Z-80ad8d90-11-IMP-MIXED-r2\result.json
t160-quality-20261006T132638Z-80ad8d90-11-IMP-MIXED-r2,IMP-MIXED,2,assisted_corrected,0fa8d57e-58c2-5aa4-b8cd-e52e96380a38,e58a85ac-8737-494f-a261-ac17933fffe2,ocr_required,source_regions,unknown,False,,,,reference_unknown,import-execution-v5\t160-quality-20261006T132638Z-80ad8d90\runs\t160-quality-20261006T132638Z-80ad8d90-11-IMP-MIXED-r2\result.json
t160-quality-20261006T132638Z-80ad8d90-11-IMP-MIXED-r2,IMP-MIXED,2,assisted_corrected,0fa8d57e-58c2-5aa4-b8cd-e52e96380a38,e58a85ac-8737-494f-a261-ac17933fffe2,ocr_required,assets,source_provided,True,True,[],[],matched,import-execution-v5\t160-quality-20261006T132638Z-80ad8d90\runs\t160-quality-20261006T132638Z-80ad8d90-11-IMP-MIXED-r2\result.json
t160-quality-20261006T132638Z-80ad8d90-11-IMP-MIXED-r2,IMP-MIXED,2,assisted_corrected,455720b9-9061-5bce-83af-d6d53c6c84e1,8f19618e-f5fc-47ad-8f71-c535884e4118,ocr_required,question_number,source_provided,True,True,5,5,matched,import-execution-v5\t160-quality-20261006T132638Z-80ad8d90\runs\t160-quality-20261006T132638Z-80ad8d90-11-IMP-MIXED-r2\result.json
t160-quality-20261006T132638Z-80ad8d90-11-IMP-MIXED-r2,IMP-MIXED,2,assisted_corrected,455720b9-9061-5bce-83af-d6d53c6c84e1,8f19618e-f5fc-47ad-8f71-c535884e4118,ocr_required,order_index,source_provided,True,True,5,5,matched,import-execution-v5\t160-quality-20261006T132638Z-80ad8d90\runs\t160-quality-20261006T132638Z-80ad8d90-11-IMP-MIXED-r2\result.json
t160-quality-20261006T132638Z-80ad8d90-11-IMP-MIXED-r2,IMP-MIXED,2,assisted_corrected,455720b9-9061-5bce-83af-d6d53c6c84e1,8f19618e-f5fc-47ad-8f71-c535884e4118,ocr_required,source_page_numbers,source_provided,True,True,[2],[2],matched,import-execution-v5\t160-quality-20261006T132638Z-80ad8d90\runs\t160-quality-20261006T132638Z-80ad8d90-11-IMP-MIXED-r2\result.json
t160-quality-20261006T132638Z-80ad8d90-11-IMP-MIXED-r2,IMP-MIXED,2,assisted_corrected,455720b9-9061-5bce-83af-d6d53c6c84e1,8f19618e-f5fc-47ad-8f71-c535884e4118,ocr_required,question_type,source_provided,True,True,TRUE_FALSE,TRUE_FALSE,matched,import-execution-v5\t160-quality-20261006T132638Z-80ad8d90\runs\t160-quality-20261006T132638Z-80ad8d90-11-IMP-MIXED-r2\result.json
t160-quality-20261006T132638Z-80ad8d90-11-IMP-MIXED-r2,IMP-MIXED,2,assisted_corrected,455720b9-9061-5bce-83af-d6d53c6c84e1,8f19618e-f5fc-47ad-8f71-c535884e4118,ocr_required,content,source_provided,True,True,右图三角形面积为 24 cm²。,右图三角形面积为 24 cm²。,matched,import-execution-v5\t160-quality-20261006T132638Z-80ad8d90\runs\t160-quality-20261006T132638Z-80ad8d90-11-IMP-MIXED-r2\result.json
t160-quality-20261006T132638Z-80ad8d90-11-IMP-MIXED-r2,IMP-MIXED,2,assisted_corrected,455720b9-9061-5bce-83af-d6d53c6c84e1,8f19618e-f5fc-47ad-8f71-c535884e4118,ocr_required,options,source_provided,True,True,"[""正确"", ""错误""]","[""正确"", ""错误""]",matched,import-execution-v5\t160-quality-20261006T132638Z-80ad8d90\runs\t160-quality-20261006T132638Z-80ad8d90-11-IMP-MIXED-r2\result.json
t160-quality-20261006T132638Z-80ad8d90-11-IMP-MIXED-r2,IMP-MIXED,2,assisted_corrected,455720b9-9061-5bce-83af-d6d53c6c84e1,8f19618e-f5fc-47ad-8f71-c535884e4118,ocr_required,reference_answer,known_missing,True,True,,,matched,import-execution-v5\t160-quality-20261006T132638Z-80ad8d90\runs\t160-quality-20261006T132638Z-80ad8d90-11-IMP-MIXED-r2\result.json
t160-quality-20261006T132638Z-80ad8d90-11-IMP-MIXED-r2,IMP-MIXED,2,assisted_corrected,455720b9-9061-5bce-83af-d6d53c6c84e1,8f19618e-f5fc-47ad-8f71-c535884e4118,ocr_required,analysis,known_missing,True,True,,,matched,import-execution-v5\t160-quality-20261006T132638Z-80ad8d90\runs\t160-quality-20261006T132638Z-80ad8d90-11-IMP-MIXED-r2\result.json
t160-quality-20261006T132638Z-80ad8d90-11-IMP-MIXED-r2,IMP-MIXED,2,assisted_corrected,455720b9-9061-5bce-83af-d6d53c6c84e1,8f19618e-f5fc-47ad-8f71-c535884e4118,ocr_required,score,source_provided,True,True,2.00,2.00,matched,import-execution-v5\t160-quality-20261006T132638Z-80ad8d90\runs\t160-quality-20261006T132638Z-80ad8d90-11-IMP-MIXED-r2\result.json
t160-quality-20261006T132638Z-80ad8d90-11-IMP-MIXED-r2,IMP-MIXED,2,assisted_corrected,455720b9-9061-5bce-83af-d6d53c6c84e1,8f19618e-f5fc-47ad-8f71-c535884e4118,ocr_required,scoring_rubric,known_missing,True,True,,,matched,import-execution-v5\t160-quality-20261006T132638Z-80ad8d90\runs\t160-quality-20261006T132638Z-80ad8d90-11-IMP-MIXED-r2\result.json
t160-quality-20261006T132638Z-80ad8d90-11-IMP-MIXED-r2,IMP-MIXED,2,assisted_corrected,455720b9-9061-5bce-83af-d6d53c6c84e1,8f19618e-f5fc-47ad-8f71-c535884e4118,ocr_required,knowledge_points,known_missing,True,True,[],[],matched,import-execution-v5\t160-quality-20261006T132638Z-80ad8d90\runs\t160-quality-20261006T132638Z-80ad8d90-11-IMP-MIXED-r2\result.json
t160-quality-20261006T132638Z-80ad8d90-11-IMP-MIXED-r2,IMP-MIXED,2,assisted_corrected,455720b9-9061-5bce-83af-d6d53c6c84e1,8f19618e-f5fc-47ad-8f71-c535884e4118,ocr_required,source_regions,unknown,False,,,,reference_unknown,import-execution-v5\t160-quality-20261006T132638Z-80ad8d90\runs\t160-quality-20261006T132638Z-80ad8d90-11-IMP-MIXED-r2\result.json
t160-quality-20261006T132638Z-80ad8d90-11-IMP-MIXED-r2,IMP-MIXED,2,assisted_corrected,455720b9-9061-5bce-83af-d6d53c6c84e1,8f19618e-f5fc-47ad-8f71-c535884e4118,ocr_required,assets,source_provided,True,False,"[{""asset_type"": ""figure"", ""source_page_number"": 2, ""order_index"": 1}]",,matched,import-execution-v5\t160-quality-20261006T132638Z-80ad8d90\runs\t160-quality-20261006T132638Z-80ad8d90-11-IMP-MIXED-r2\result.json
t160-quality-20261006T132638Z-80ad8d90-11-IMP-MIXED-r2,IMP-MIXED,2,assisted_corrected,bf862f8d-df39-5559-bab5-d942fccb2432,2d8fd1f5-e501-4a0c-81cb-4748f4db8dcd,ocr_required,question_number,source_provided,True,True,6,6,matched,import-execution-v5\t160-quality-20261006T132638Z-80ad8d90\runs\t160-quality-20261006T132638Z-80ad8d90-11-IMP-MIXED-r2\result.json
t160-quality-20261006T132638Z-80ad8d90-11-IMP-MIXED-r2,IMP-MIXED,2,assisted_corrected,bf862f8d-df39-5559-bab5-d942fccb2432,2d8fd1f5-e501-4a0c-81cb-4748f4db8dcd,ocr_required,order_index,source_provided,True,True,6,6,matched,import-execution-v5\t160-quality-20261006T132638Z-80ad8d90\runs\t160-quality-20261006T132638Z-80ad8d90-11-IMP-MIXED-r2\result.json
t160-quality-20261006T132638Z-80ad8d90-11-IMP-MIXED-r2,IMP-MIXED,2,assisted_corrected,bf862f8d-df39-5559-bab5-d942fccb2432,2d8fd1f5-e501-4a0c-81cb-4748f4db8dcd,ocr_required,source_page_numbers,source_provided,True,True,[2],[2],matched,import-execution-v5\t160-quality-20261006T132638Z-80ad8d90\runs\t160-quality-20261006T132638Z-80ad8d90-11-IMP-MIXED-r2\result.json
t160-quality-20261006T132638Z-80ad8d90-11-IMP-MIXED-r2,IMP-MIXED,2,assisted_corrected,bf862f8d-df39-5559-bab5-d942fccb2432,2d8fd1f5-e501-4a0c-81cb-4748f4db8dcd,ocr_required,question_type,source_provided,True,True,SHORT_ANSWER,SHORT_ANSWER,matched,import-execution-v5\t160-quality-20261006T132638Z-80ad8d90\runs\t160-quality-20261006T132638Z-80ad8d90-11-IMP-MIXED-r2\result.json
t160-quality-20261006T132638Z-80ad8d90-11-IMP-MIXED-r2,IMP-MIXED,2,assisted_corrected,bf862f8d-df39-5559-bab5-d942fccb2432,2d8fd1f5-e501-4a0c-81cb-4748f4db8dcd,ocr_required,content,source_provided,True,True,根据下表写出 y 关于 x 的关系式。,根据下表写出 y 关于 x 的关系式。,matched,import-execution-v5\t160-quality-20261006T132638Z-80ad8d90\runs\t160-quality-20261006T132638Z-80ad8d90-11-IMP-MIXED-r2\result.json
t160-quality-20261006T132638Z-80ad8d90-11-IMP-MIXED-r2,IMP-MIXED,2,assisted_corrected,bf862f8d-df39-5559-bab5-d942fccb2432,2d8fd1f5-e501-4a0c-81cb-4748f4db8dcd,ocr_required,options,not_applicable,True,True,,,matched,import-execution-v5\t160-quality-20261006T132638Z-80ad8d90\runs\t160-quality-20261006T132638Z-80ad8d90-11-IMP-MIXED-r2\result.json
t160-quality-20261006T132638Z-80ad8d90-11-IMP-MIXED-r2,IMP-MIXED,2,assisted_corrected,bf862f8d-df39-5559-bab5-d942fccb2432,2d8fd1f5-e501-4a0c-81cb-4748f4db8dcd,ocr_required,reference_answer,known_missing,True,True,,,matched,import-execution-v5\t160-quality-20261006T132638Z-80ad8d90\runs\t160-quality-20261006T132638Z-80ad8d90-11-IMP-MIXED-r2\result.json
t160-quality-20261006T132638Z-80ad8d90-11-IMP-MIXED-r2,IMP-MIXED,2,assisted_corrected,bf862f8d-df39-5559-bab5-d942fccb2432,2d8fd1f5-e501-4a0c-81cb-4748f4db8dcd,ocr_required,analysis,known_missing,True,True,,,matched,import-execution-v5\t160-quality-20261006T132638Z-80ad8d90\runs\t160-quality-20261006T132638Z-80ad8d90-11-IMP-MIXED-r2\result.json
t160-quality-20261006T132638Z-80ad8d90-11-IMP-MIXED-r2,IMP-MIXED,2,assisted_corrected,bf862f8d-df39-5559-bab5-d942fccb2432,2d8fd1f5-e501-4a0c-81cb-4748f4db8dcd,ocr_required,score,source_provided,True,True,3.00,3.00,matched,import-execution-v5\t160-quality-20261006T132638Z-80ad8d90\runs\t160-quality-20261006T132638Z-80ad8d90-11-IMP-MIXED-r2\result.json
t160-quality-20261006T132638Z-80ad8d90-11-IMP-MIXED-r2,IMP-MIXED,2,assisted_corrected,bf862f8d-df39-5559-bab5-d942fccb2432,2d8fd1f5-e501-4a0c-81cb-4748f4db8dcd,ocr_required,scoring_rubric,source_provided,True,True,正确关系式 1.00；说明代入过程 2.00。,正确关系式 1.00；说明代入过程 2.00。,matched,import-execution-v5\t160-quality-20261006T132638Z-80ad8d90\runs\t160-quality-20261006T132638Z-80ad8d90-11-IMP-MIXED-r2\result.json
t160-quality-20261006T132638Z-80ad8d90-11-IMP-MIXED-r2,IMP-MIXED,2,assisted_corrected,bf862f8d-df39-5559-bab5-d942fccb2432,2d8fd1f5-e501-4a0c-81cb-4748f4db8dcd,ocr_required,knowledge_points,source_provided,True,True,"[""一次函数"", ""表达与计算""]","[""一次函数"", ""表达与计算""]",matched,import-execution-v5\t160-quality-20261006T132638Z-80ad8d90\runs\t160-quality-20261006T132638Z-80ad8d90-11-IMP-MIXED-r2\result.json
t160-quality-20261006T132638Z-80ad8d90-11-IMP-MIXED-r2,IMP-MIXED,2,assisted_corrected,bf862f8d-df39-5559-bab5-d942fccb2432,2d8fd1f5-e501-4a0c-81cb-4748f4db8dcd,ocr_required,source_regions,unknown,False,,,,reference_unknown,import-execution-v5\t160-quality-20261006T132638Z-80ad8d90\runs\t160-quality-20261006T132638Z-80ad8d90-11-IMP-MIXED-r2\result.json
t160-quality-20261006T132638Z-80ad8d90-11-IMP-MIXED-r2,IMP-MIXED,2,assisted_corrected,bf862f8d-df39-5559-bab5-d942fccb2432,2d8fd1f5-e501-4a0c-81cb-4748f4db8dcd,ocr_required,assets,source_provided,True,False,"[{""asset_type"": ""table"", ""source_page_number"": 2, ""order_index"": 1}]",,matched,import-execution-v5\t160-quality-20261006T132638Z-80ad8d90\runs\t160-quality-20261006T132638Z-80ad8d90-11-IMP-MIXED-r2\result.json
t160-quality-20261006T132638Z-80ad8d90-12-IMP-MIXED-r3,IMP-MIXED,3,automatic,1faa8619-84cc-5d65-86ae-244c7f68645e,41969d4e-8828-432f-9b7e-0761cb51dec9,native_text,question_number,source_provided,True,True,1,1,matched,import-execution-v5\t160-quality-20261006T132638Z-80ad8d90\runs\t160-quality-20261006T132638Z-80ad8d90-12-IMP-MIXED-r3\result.json
t160-quality-20261006T132638Z-80ad8d90-12-IMP-MIXED-r3,IMP-MIXED,3,automatic,1faa8619-84cc-5d65-86ae-244c7f68645e,41969d4e-8828-432f-9b7e-0761cb51dec9,native_text,order_index,source_provided,True,True,1,1,matched,import-execution-v5\t160-quality-20261006T132638Z-80ad8d90\runs\t160-quality-20261006T132638Z-80ad8d90-12-IMP-MIXED-r3\result.json
t160-quality-20261006T132638Z-80ad8d90-12-IMP-MIXED-r3,IMP-MIXED,3,automatic,1faa8619-84cc-5d65-86ae-244c7f68645e,41969d4e-8828-432f-9b7e-0761cb51dec9,native_text,source_page_numbers,source_provided,True,True,[1],[1],matched,import-execution-v5\t160-quality-20261006T132638Z-80ad8d90\runs\t160-quality-20261006T132638Z-80ad8d90-12-IMP-MIXED-r3\result.json
t160-quality-20261006T132638Z-80ad8d90-12-IMP-MIXED-r3,IMP-MIXED,3,automatic,1faa8619-84cc-5d65-86ae-244c7f68645e,41969d4e-8828-432f-9b7e-0761cb51dec9,native_text,question_type,source_provided,True,True,SINGLE_CHOICE,SINGLE_CHOICE,matched,import-execution-v5\t160-quality-20261006T132638Z-80ad8d90\runs\t160-quality-20261006T132638Z-80ad8d90-12-IMP-MIXED-r3\result.json
t160-quality-20261006T132638Z-80ad8d90-12-IMP-MIXED-r3,IMP-MIXED,3,automatic,1faa8619-84cc-5d65-86ae-244c7f68645e,41969d4e-8828-432f-9b7e-0761cb51dec9,native_text,content,source_provided,True,True,y = 2x + 1，x = 3 时 y 为多少？,y = 2x + 1，x = 3 时 y 为多少？,matched,import-execution-v5\t160-quality-20261006T132638Z-80ad8d90\runs\t160-quality-20261006T132638Z-80ad8d90-12-IMP-MIXED-r3\result.json
t160-quality-20261006T132638Z-80ad8d90-12-IMP-MIXED-r3,IMP-MIXED,3,automatic,1faa8619-84cc-5d65-86ae-244c7f68645e,41969d4e-8828-432f-9b7e-0761cb51dec9,native_text,options,source_provided,True,True,"{""C"": ""7"", ""A"": ""5"", ""B"": ""6"", ""D"": ""8""}","{""C"": ""7"", ""A"": ""5"", ""B"": ""6"", ""D"": ""8""}",matched,import-execution-v5\t160-quality-20261006T132638Z-80ad8d90\runs\t160-quality-20261006T132638Z-80ad8d90-12-IMP-MIXED-r3\result.json
t160-quality-20261006T132638Z-80ad8d90-12-IMP-MIXED-r3,IMP-MIXED,3,automatic,1faa8619-84cc-5d65-86ae-244c7f68645e,41969d4e-8828-432f-9b7e-0761cb51dec9,native_text,reference_answer,source_provided,True,True,C,C,matched,import-execution-v5\t160-quality-20261006T132638Z-80ad8d90\runs\t160-quality-20261006T132638Z-80ad8d90-12-IMP-MIXED-r3\result.json
t160-quality-20261006T132638Z-80ad8d90-12-IMP-MIXED-r3,IMP-MIXED,3,automatic,1faa8619-84cc-5d65-86ae-244c7f68645e,41969d4e-8828-432f-9b7e-0761cb51dec9,native_text,analysis,source_provided,True,True,2 × 3 + 1 = 7。,2 × 3 + 1 = 7。,matched,import-execution-v5\t160-quality-20261006T132638Z-80ad8d90\runs\t160-quality-20261006T132638Z-80ad8d90-12-IMP-MIXED-r3\result.json
t160-quality-20261006T132638Z-80ad8d90-12-IMP-MIXED-r3,IMP-MIXED,3,automatic,1faa8619-84cc-5d65-86ae-244c7f68645e,41969d4e-8828-432f-9b7e-0761cb51dec9,native_text,score,source_provided,True,True,2.00,2.00,matched,import-execution-v5\t160-quality-20261006T132638Z-80ad8d90\runs\t160-quality-20261006T132638Z-80ad8d90-12-IMP-MIXED-r3\result.json
t160-quality-20261006T132638Z-80ad8d90-12-IMP-MIXED-r3,IMP-MIXED,3,automatic,1faa8619-84cc-5d65-86ae-244c7f68645e,41969d4e-8828-432f-9b7e-0761cb51dec9,native_text,scoring_rubric,known_missing,True,True,,,matched,import-execution-v5\t160-quality-20261006T132638Z-80ad8d90\runs\t160-quality-20261006T132638Z-80ad8d90-12-IMP-MIXED-r3\result.json
t160-quality-20261006T132638Z-80ad8d90-12-IMP-MIXED-r3,IMP-MIXED,3,automatic,1faa8619-84cc-5d65-86ae-244c7f68645e,41969d4e-8828-432f-9b7e-0761cb51dec9,native_text,knowledge_points,known_missing,True,False,[],,matched,import-execution-v5\t160-quality-20261006T132638Z-80ad8d90\runs\t160-quality-20261006T132638Z-80ad8d90-12-IMP-MIXED-r3\result.json
t160-quality-20261006T132638Z-80ad8d90-12-IMP-MIXED-r3,IMP-MIXED,3,automatic,1faa8619-84cc-5d65-86ae-244c7f68645e,41969d4e-8828-432f-9b7e-0761cb51dec9,native_text,source_regions,unknown,False,,,,reference_unknown,import-execution-v5\t160-quality-20261006T132638Z-80ad8d90\runs\t160-quality-20261006T132638Z-80ad8d90-12-IMP-MIXED-r3\result.json
t160-quality-20261006T132638Z-80ad8d90-12-IMP-MIXED-r3,IMP-MIXED,3,automatic,1faa8619-84cc-5d65-86ae-244c7f68645e,41969d4e-8828-432f-9b7e-0761cb51dec9,native_text,assets,source_provided,True,False,[],,matched,import-execution-v5\t160-quality-20261006T132638Z-80ad8d90\runs\t160-quality-20261006T132638Z-80ad8d90-12-IMP-MIXED-r3\result.json
t160-quality-20261006T132638Z-80ad8d90-12-IMP-MIXED-r3,IMP-MIXED,3,automatic,545de13f-3fe9-524b-a917-7ab04807806f,3ad3352f-97e5-440d-a220-95cdd62f5308,native_text,question_number,source_provided,True,True,2,2,matched,import-execution-v5\t160-quality-20261006T132638Z-80ad8d90\runs\t160-quality-20261006T132638Z-80ad8d90-12-IMP-MIXED-r3\result.json
t160-quality-20261006T132638Z-80ad8d90-12-IMP-MIXED-r3,IMP-MIXED,3,automatic,545de13f-3fe9-524b-a917-7ab04807806f,3ad3352f-97e5-440d-a220-95cdd62f5308,native_text,order_index,source_provided,True,True,2,2,matched,import-execution-v5\t160-quality-20261006T132638Z-80ad8d90\runs\t160-quality-20261006T132638Z-80ad8d90-12-IMP-MIXED-r3\result.json
t160-quality-20261006T132638Z-80ad8d90-12-IMP-MIXED-r3,IMP-MIXED,3,automatic,545de13f-3fe9-524b-a917-7ab04807806f,3ad3352f-97e5-440d-a220-95cdd62f5308,native_text,source_page_numbers,source_provided,True,True,[1],[1],matched,import-execution-v5\t160-quality-20261006T132638Z-80ad8d90\runs\t160-quality-20261006T132638Z-80ad8d90-12-IMP-MIXED-r3\result.json
t160-quality-20261006T132638Z-80ad8d90-12-IMP-MIXED-r3,IMP-MIXED,3,automatic,545de13f-3fe9-524b-a917-7ab04807806f,3ad3352f-97e5-440d-a220-95cdd62f5308,native_text,question_type,source_provided,True,True,TRUE_FALSE,TRUE_FALSE,matched,import-execution-v5\t160-quality-20261006T132638Z-80ad8d90\runs\t160-quality-20261006T132638Z-80ad8d90-12-IMP-MIXED-r3\result.json
t160-quality-20261006T132638Z-80ad8d90-12-IMP-MIXED-r3,IMP-MIXED,3,automatic,545de13f-3fe9-524b-a917-7ab04807806f,3ad3352f-97e5-440d-a220-95cdd62f5308,native_text,content,source_provided,True,True,右图三角形面积为 24 cm²。,右图三角形面积为 24 cm²。,matched,import-execution-v5\t160-quality-20261006T132638Z-80ad8d90\runs\t160-quality-20261006T132638Z-80ad8d90-12-IMP-MIXED-r3\result.json
t160-quality-20261006T132638Z-80ad8d90-12-IMP-MIXED-r3,IMP-MIXED,3,automatic,545de13f-3fe9-524b-a917-7ab04807806f,3ad3352f-97e5-440d-a220-95cdd62f5308,native_text,options,source_provided,True,True,"[""正确"", ""错误""]","[""正确"", ""错误""]",matched,import-execution-v5\t160-quality-20261006T132638Z-80ad8d90\runs\t160-quality-20261006T132638Z-80ad8d90-12-IMP-MIXED-r3\result.json
t160-quality-20261006T132638Z-80ad8d90-12-IMP-MIXED-r3,IMP-MIXED,3,automatic,545de13f-3fe9-524b-a917-7ab04807806f,3ad3352f-97e5-440d-a220-95cdd62f5308,native_text,reference_answer,known_missing,True,True,,,matched,import-execution-v5\t160-quality-20261006T132638Z-80ad8d90\runs\t160-quality-20261006T132638Z-80ad8d90-12-IMP-MIXED-r3\result.json
t160-quality-20261006T132638Z-80ad8d90-12-IMP-MIXED-r3,IMP-MIXED,3,automatic,545de13f-3fe9-524b-a917-7ab04807806f,3ad3352f-97e5-440d-a220-95cdd62f5308,native_text,analysis,known_missing,True,True,,,matched,import-execution-v5\t160-quality-20261006T132638Z-80ad8d90\runs\t160-quality-20261006T132638Z-80ad8d90-12-IMP-MIXED-r3\result.json
t160-quality-20261006T132638Z-80ad8d90-12-IMP-MIXED-r3,IMP-MIXED,3,automatic,545de13f-3fe9-524b-a917-7ab04807806f,3ad3352f-97e5-440d-a220-95cdd62f5308,native_text,score,source_provided,True,True,2.00,2.00,matched,import-execution-v5\t160-quality-20261006T132638Z-80ad8d90\runs\t160-quality-20261006T132638Z-80ad8d90-12-IMP-MIXED-r3\result.json
t160-quality-20261006T132638Z-80ad8d90-12-IMP-MIXED-r3,IMP-MIXED,3,automatic,545de13f-3fe9-524b-a917-7ab04807806f,3ad3352f-97e5-440d-a220-95cdd62f5308,native_text,scoring_rubric,known_missing,True,True,,,matched,import-execution-v5\t160-quality-20261006T132638Z-80ad8d90\runs\t160-quality-20261006T132638Z-80ad8d90-12-IMP-MIXED-r3\result.json
t160-quality-20261006T132638Z-80ad8d90-12-IMP-MIXED-r3,IMP-MIXED,3,automatic,545de13f-3fe9-524b-a917-7ab04807806f,3ad3352f-97e5-440d-a220-95cdd62f5308,native_text,knowledge_points,known_missing,True,False,[],,matched,import-execution-v5\t160-quality-20261006T132638Z-80ad8d90\runs\t160-quality-20261006T132638Z-80ad8d90-12-IMP-MIXED-r3\result.json
t160-quality-20261006T132638Z-80ad8d90-12-IMP-MIXED-r3,IMP-MIXED,3,automatic,545de13f-3fe9-524b-a917-7ab04807806f,3ad3352f-97e5-440d-a220-95cdd62f5308,native_text,source_regions,unknown,False,,,,reference_unknown,import-execution-v5\t160-quality-20261006T132638Z-80ad8d90\runs\t160-quality-20261006T132638Z-80ad8d90-12-IMP-MIXED-r3\result.json
t160-quality-20261006T132638Z-80ad8d90-12-IMP-MIXED-r3,IMP-MIXED,3,automatic,545de13f-3fe9-524b-a917-7ab04807806f,3ad3352f-97e5-440d-a220-95cdd62f5308,native_text,assets,source_provided,True,False,"[{""asset_type"": ""figure"", ""source_page_number"": 1, ""order_index"": 1}]",,matched,import-execution-v5\t160-quality-20261006T132638Z-80ad8d90\runs\t160-quality-20261006T132638Z-80ad8d90-12-IMP-MIXED-r3\result.json
t160-quality-20261006T132638Z-80ad8d90-12-IMP-MIXED-r3,IMP-MIXED,3,automatic,85533f46-eb86-5893-8742-33939e77750f,38bc0257-55c1-49ea-88a8-708aad7c85e8,native_text,question_number,source_provided,True,True,3,3,matched,import-execution-v5\t160-quality-20261006T132638Z-80ad8d90\runs\t160-quality-20261006T132638Z-80ad8d90-12-IMP-MIXED-r3\result.json
t160-quality-20261006T132638Z-80ad8d90-12-IMP-MIXED-r3,IMP-MIXED,3,automatic,85533f46-eb86-5893-8742-33939e77750f,38bc0257-55c1-49ea-88a8-708aad7c85e8,native_text,order_index,source_provided,True,True,3,3,matched,import-execution-v5\t160-quality-20261006T132638Z-80ad8d90\runs\t160-quality-20261006T132638Z-80ad8d90-12-IMP-MIXED-r3\result.json
t160-quality-20261006T132638Z-80ad8d90-12-IMP-MIXED-r3,IMP-MIXED,3,automatic,85533f46-eb86-5893-8742-33939e77750f,38bc0257-55c1-49ea-88a8-708aad7c85e8,native_text,source_page_numbers,source_provided,True,True,[1],[1],matched,import-execution-v5\t160-quality-20261006T132638Z-80ad8d90\runs\t160-quality-20261006T132638Z-80ad8d90-12-IMP-MIXED-r3\result.json
t160-quality-20261006T132638Z-80ad8d90-12-IMP-MIXED-r3,IMP-MIXED,3,automatic,85533f46-eb86-5893-8742-33939e77750f,38bc0257-55c1-49ea-88a8-708aad7c85e8,native_text,question_type,source_provided,True,True,SHORT_ANSWER,SHORT_ANSWER,matched,import-execution-v5\t160-quality-20261006T132638Z-80ad8d90\runs\t160-quality-20261006T132638Z-80ad8d90-12-IMP-MIXED-r3\result.json
t160-quality-20261006T132638Z-80ad8d90-12-IMP-MIXED-r3,IMP-MIXED,3,automatic,85533f46-eb86-5893-8742-33939e77750f,38bc0257-55c1-49ea-88a8-708aad7c85e8,native_text,content,source_provided,True,True,根据下表写出 y 关于 x 的关系式。,根据下表写出 y 关于 x 的关系式。,matched,import-execution-v5\t160-quality-20261006T132638Z-80ad8d90\runs\t160-quality-20261006T132638Z-80ad8d90-12-IMP-MIXED-r3\result.json
t160-quality-20261006T132638Z-80ad8d90-12-IMP-MIXED-r3,IMP-MIXED,3,automatic,85533f46-eb86-5893-8742-33939e77750f,38bc0257-55c1-49ea-88a8-708aad7c85e8,native_text,options,not_applicable,True,True,,,matched,import-execution-v5\t160-quality-20261006T132638Z-80ad8d90\runs\t160-quality-20261006T132638Z-80ad8d90-12-IMP-MIXED-r3\result.json
t160-quality-20261006T132638Z-80ad8d90-12-IMP-MIXED-r3,IMP-MIXED,3,automatic,85533f46-eb86-5893-8742-33939e77750f,38bc0257-55c1-49ea-88a8-708aad7c85e8,native_text,reference_answer,known_missing,True,True,,,matched,import-execution-v5\t160-quality-20261006T132638Z-80ad8d90\runs\t160-quality-20261006T132638Z-80ad8d90-12-IMP-MIXED-r3\result.json
t160-quality-20261006T132638Z-80ad8d90-12-IMP-MIXED-r3,IMP-MIXED,3,automatic,85533f46-eb86-5893-8742-33939e77750f,38bc0257-55c1-49ea-88a8-708aad7c85e8,native_text,analysis,known_missing,True,True,,,matched,import-execution-v5\t160-quality-20261006T132638Z-80ad8d90\runs\t160-quality-20261006T132638Z-80ad8d90-12-IMP-MIXED-r3\result.json
t160-quality-20261006T132638Z-80ad8d90-12-IMP-MIXED-r3,IMP-MIXED,3,automatic,85533f46-eb86-5893-8742-33939e77750f,38bc0257-55c1-49ea-88a8-708aad7c85e8,native_text,score,source_provided,True,True,3.00,3.00,matched,import-execution-v5\t160-quality-20261006T132638Z-80ad8d90\runs\t160-quality-20261006T132638Z-80ad8d90-12-IMP-MIXED-r3\result.json
t160-quality-20261006T132638Z-80ad8d90-12-IMP-MIXED-r3,IMP-MIXED,3,automatic,85533f46-eb86-5893-8742-33939e77750f,38bc0257-55c1-49ea-88a8-708aad7c85e8,native_text,scoring_rubric,source_provided,True,False,正确关系式 1.00；说明代入过程 2.00。,评分要点：正确关系式 1.00；说明代入过程 2.00。,matched,import-execution-v5\t160-quality-20261006T132638Z-80ad8d90\runs\t160-quality-20261006T132638Z-80ad8d90-12-IMP-MIXED-r3\result.json
t160-quality-20261006T132638Z-80ad8d90-12-IMP-MIXED-r3,IMP-MIXED,3,automatic,85533f46-eb86-5893-8742-33939e77750f,38bc0257-55c1-49ea-88a8-708aad7c85e8,native_text,knowledge_points,source_provided,True,True,"[""一次函数"", ""表达与计算""]","[""一次函数"", ""表达与计算""]",matched,import-execution-v5\t160-quality-20261006T132638Z-80ad8d90\runs\t160-quality-20261006T132638Z-80ad8d90-12-IMP-MIXED-r3\result.json
t160-quality-20261006T132638Z-80ad8d90-12-IMP-MIXED-r3,IMP-MIXED,3,automatic,85533f46-eb86-5893-8742-33939e77750f,38bc0257-55c1-49ea-88a8-708aad7c85e8,native_text,source_regions,unknown,False,,,,reference_unknown,import-execution-v5\t160-quality-20261006T132638Z-80ad8d90\runs\t160-quality-20261006T132638Z-80ad8d90-12-IMP-MIXED-r3\result.json
t160-quality-20261006T132638Z-80ad8d90-12-IMP-MIXED-r3,IMP-MIXED,3,automatic,85533f46-eb86-5893-8742-33939e77750f,38bc0257-55c1-49ea-88a8-708aad7c85e8,native_text,assets,source_provided,True,False,"[{""asset_type"": ""table"", ""source_page_number"": 1, ""order_index"": 1}]",,matched,import-execution-v5\t160-quality-20261006T132638Z-80ad8d90\runs\t160-quality-20261006T132638Z-80ad8d90-12-IMP-MIXED-r3\result.json
t160-quality-20261006T132638Z-80ad8d90-12-IMP-MIXED-r3,IMP-MIXED,3,automatic,0fa8d57e-58c2-5aa4-b8cd-e52e96380a38,bc0e0a59-7b8f-4c4d-8d89-35ebe5c13bff,ocr_required,question_number,source_provided,True,True,4,4,matched,import-execution-v5\t160-quality-20261006T132638Z-80ad8d90\runs\t160-quality-20261006T132638Z-80ad8d90-12-IMP-MIXED-r3\result.json
t160-quality-20261006T132638Z-80ad8d90-12-IMP-MIXED-r3,IMP-MIXED,3,automatic,0fa8d57e-58c2-5aa4-b8cd-e52e96380a38,bc0e0a59-7b8f-4c4d-8d89-35ebe5c13bff,ocr_required,order_index,source_provided,True,True,4,4,matched,import-execution-v5\t160-quality-20261006T132638Z-80ad8d90\runs\t160-quality-20261006T132638Z-80ad8d90-12-IMP-MIXED-r3\result.json
t160-quality-20261006T132638Z-80ad8d90-12-IMP-MIXED-r3,IMP-MIXED,3,automatic,0fa8d57e-58c2-5aa4-b8cd-e52e96380a38,bc0e0a59-7b8f-4c4d-8d89-35ebe5c13bff,ocr_required,source_page_numbers,source_provided,True,True,[2],[2],matched,import-execution-v5\t160-quality-20261006T132638Z-80ad8d90\runs\t160-quality-20261006T132638Z-80ad8d90-12-IMP-MIXED-r3\result.json
t160-quality-20261006T132638Z-80ad8d90-12-IMP-MIXED-r3,IMP-MIXED,3,automatic,0fa8d57e-58c2-5aa4-b8cd-e52e96380a38,bc0e0a59-7b8f-4c4d-8d89-35ebe5c13bff,ocr_required,question_type,source_provided,True,True,SINGLE_CHOICE,SINGLE_CHOICE,matched,import-execution-v5\t160-quality-20261006T132638Z-80ad8d90\runs\t160-quality-20261006T132638Z-80ad8d90-12-IMP-MIXED-r3\result.json
t160-quality-20261006T132638Z-80ad8d90-12-IMP-MIXED-r3,IMP-MIXED,3,automatic,0fa8d57e-58c2-5aa4-b8cd-e52e96380a38,bc0e0a59-7b8f-4c4d-8d89-35ebe5c13bff,ocr_required,content,source_provided,True,False,y = 2x + 1，x = 3 时 y 为多少？,y= 2x +1，x = 3 时y为多少？,matched,import-execution-v5\t160-quality-20261006T132638Z-80ad8d90\runs\t160-quality-20261006T132638Z-80ad8d90-12-IMP-MIXED-r3\result.json
t160-quality-20261006T132638Z-80ad8d90-12-IMP-MIXED-r3,IMP-MIXED,3,automatic,0fa8d57e-58c2-5aa4-b8cd-e52e96380a38,bc0e0a59-7b8f-4c4d-8d89-35ebe5c13bff,ocr_required,options,source_provided,True,True,"{""C"": ""7"", ""A"": ""5"", ""B"": ""6"", ""D"": ""8""}","{""C"": ""7"", ""A"": ""5"", ""B"": ""6"", ""D"": ""8""}",matched,import-execution-v5\t160-quality-20261006T132638Z-80ad8d90\runs\t160-quality-20261006T132638Z-80ad8d90-12-IMP-MIXED-r3\result.json
t160-quality-20261006T132638Z-80ad8d90-12-IMP-MIXED-r3,IMP-MIXED,3,automatic,0fa8d57e-58c2-5aa4-b8cd-e52e96380a38,bc0e0a59-7b8f-4c4d-8d89-35ebe5c13bff,ocr_required,reference_answer,source_provided,True,True,C,C,matched,import-execution-v5\t160-quality-20261006T132638Z-80ad8d90\runs\t160-quality-20261006T132638Z-80ad8d90-12-IMP-MIXED-r3\result.json
t160-quality-20261006T132638Z-80ad8d90-12-IMP-MIXED-r3,IMP-MIXED,3,automatic,0fa8d57e-58c2-5aa4-b8cd-e52e96380a38,bc0e0a59-7b8f-4c4d-8d89-35ebe5c13bff,ocr_required,analysis,source_provided,True,False,2 × 3 + 1 = 7。,2 × 3 +1=7。,matched,import-execution-v5\t160-quality-20261006T132638Z-80ad8d90\runs\t160-quality-20261006T132638Z-80ad8d90-12-IMP-MIXED-r3\result.json
t160-quality-20261006T132638Z-80ad8d90-12-IMP-MIXED-r3,IMP-MIXED,3,automatic,0fa8d57e-58c2-5aa4-b8cd-e52e96380a38,bc0e0a59-7b8f-4c4d-8d89-35ebe5c13bff,ocr_required,score,source_provided,True,True,2.00,2.00,matched,import-execution-v5\t160-quality-20261006T132638Z-80ad8d90\runs\t160-quality-20261006T132638Z-80ad8d90-12-IMP-MIXED-r3\result.json
t160-quality-20261006T132638Z-80ad8d90-12-IMP-MIXED-r3,IMP-MIXED,3,automatic,0fa8d57e-58c2-5aa4-b8cd-e52e96380a38,bc0e0a59-7b8f-4c4d-8d89-35ebe5c13bff,ocr_required,scoring_rubric,known_missing,True,True,,,matched,import-execution-v5\t160-quality-20261006T132638Z-80ad8d90\runs\t160-quality-20261006T132638Z-80ad8d90-12-IMP-MIXED-r3\result.json
t160-quality-20261006T132638Z-80ad8d90-12-IMP-MIXED-r3,IMP-MIXED,3,automatic,0fa8d57e-58c2-5aa4-b8cd-e52e96380a38,bc0e0a59-7b8f-4c4d-8d89-35ebe5c13bff,ocr_required,knowledge_points,known_missing,True,False,[],,matched,import-execution-v5\t160-quality-20261006T132638Z-80ad8d90\runs\t160-quality-20261006T132638Z-80ad8d90-12-IMP-MIXED-r3\result.json
t160-quality-20261006T132638Z-80ad8d90-12-IMP-MIXED-r3,IMP-MIXED,3,automatic,0fa8d57e-58c2-5aa4-b8cd-e52e96380a38,bc0e0a59-7b8f-4c4d-8d89-35ebe5c13bff,ocr_required,source_regions,unknown,False,,,,reference_unknown,import-execution-v5\t160-quality-20261006T132638Z-80ad8d90\runs\t160-quality-20261006T132638Z-80ad8d90-12-IMP-MIXED-r3\result.json
t160-quality-20261006T132638Z-80ad8d90-12-IMP-MIXED-r3,IMP-MIXED,3,automatic,0fa8d57e-58c2-5aa4-b8cd-e52e96380a38,bc0e0a59-7b8f-4c4d-8d89-35ebe5c13bff,ocr_required,assets,source_provided,True,False,[],,matched,import-execution-v5\t160-quality-20261006T132638Z-80ad8d90\runs\t160-quality-20261006T132638Z-80ad8d90-12-IMP-MIXED-r3\result.json
t160-quality-20261006T132638Z-80ad8d90-12-IMP-MIXED-r3,IMP-MIXED,3,automatic,455720b9-9061-5bce-83af-d6d53c6c84e1,46ebf8f1-4564-4316-a85a-63577f064043,ocr_required,question_number,source_provided,True,True,5,5,matched,import-execution-v5\t160-quality-20261006T132638Z-80ad8d90\runs\t160-quality-20261006T132638Z-80ad8d90-12-IMP-MIXED-r3\result.json
t160-quality-20261006T132638Z-80ad8d90-12-IMP-MIXED-r3,IMP-MIXED,3,automatic,455720b9-9061-5bce-83af-d6d53c6c84e1,46ebf8f1-4564-4316-a85a-63577f064043,ocr_required,order_index,source_provided,True,True,5,5,matched,import-execution-v5\t160-quality-20261006T132638Z-80ad8d90\runs\t160-quality-20261006T132638Z-80ad8d90-12-IMP-MIXED-r3\result.json
t160-quality-20261006T132638Z-80ad8d90-12-IMP-MIXED-r3,IMP-MIXED,3,automatic,455720b9-9061-5bce-83af-d6d53c6c84e1,46ebf8f1-4564-4316-a85a-63577f064043,ocr_required,source_page_numbers,source_provided,True,True,[2],[2],matched,import-execution-v5\t160-quality-20261006T132638Z-80ad8d90\runs\t160-quality-20261006T132638Z-80ad8d90-12-IMP-MIXED-r3\result.json
t160-quality-20261006T132638Z-80ad8d90-12-IMP-MIXED-r3,IMP-MIXED,3,automatic,455720b9-9061-5bce-83af-d6d53c6c84e1,46ebf8f1-4564-4316-a85a-63577f064043,ocr_required,question_type,source_provided,True,True,TRUE_FALSE,TRUE_FALSE,matched,import-execution-v5\t160-quality-20261006T132638Z-80ad8d90\runs\t160-quality-20261006T132638Z-80ad8d90-12-IMP-MIXED-r3\result.json
t160-quality-20261006T132638Z-80ad8d90-12-IMP-MIXED-r3,IMP-MIXED,3,automatic,455720b9-9061-5bce-83af-d6d53c6c84e1,46ebf8f1-4564-4316-a85a-63577f064043,ocr_required,content,source_provided,True,False,右图三角形面积为 24 cm²。,右图三角形面积为24cm2。,matched,import-execution-v5\t160-quality-20261006T132638Z-80ad8d90\runs\t160-quality-20261006T132638Z-80ad8d90-12-IMP-MIXED-r3\result.json
t160-quality-20261006T132638Z-80ad8d90-12-IMP-MIXED-r3,IMP-MIXED,3,automatic,455720b9-9061-5bce-83af-d6d53c6c84e1,46ebf8f1-4564-4316-a85a-63577f064043,ocr_required,options,source_provided,True,True,"[""正确"", ""错误""]","[""正确"", ""错误""]",matched,import-execution-v5\t160-quality-20261006T132638Z-80ad8d90\runs\t160-quality-20261006T132638Z-80ad8d90-12-IMP-MIXED-r3\result.json
t160-quality-20261006T132638Z-80ad8d90-12-IMP-MIXED-r3,IMP-MIXED,3,automatic,455720b9-9061-5bce-83af-d6d53c6c84e1,46ebf8f1-4564-4316-a85a-63577f064043,ocr_required,reference_answer,known_missing,True,True,,,matched,import-execution-v5\t160-quality-20261006T132638Z-80ad8d90\runs\t160-quality-20261006T132638Z-80ad8d90-12-IMP-MIXED-r3\result.json
t160-quality-20261006T132638Z-80ad8d90-12-IMP-MIXED-r3,IMP-MIXED,3,automatic,455720b9-9061-5bce-83af-d6d53c6c84e1,46ebf8f1-4564-4316-a85a-63577f064043,ocr_required,analysis,known_missing,True,True,,,matched,import-execution-v5\t160-quality-20261006T132638Z-80ad8d90\runs\t160-quality-20261006T132638Z-80ad8d90-12-IMP-MIXED-r3\result.json
t160-quality-20261006T132638Z-80ad8d90-12-IMP-MIXED-r3,IMP-MIXED,3,automatic,455720b9-9061-5bce-83af-d6d53c6c84e1,46ebf8f1-4564-4316-a85a-63577f064043,ocr_required,score,source_provided,True,True,2.00,2.00,matched,import-execution-v5\t160-quality-20261006T132638Z-80ad8d90\runs\t160-quality-20261006T132638Z-80ad8d90-12-IMP-MIXED-r3\result.json
t160-quality-20261006T132638Z-80ad8d90-12-IMP-MIXED-r3,IMP-MIXED,3,automatic,455720b9-9061-5bce-83af-d6d53c6c84e1,46ebf8f1-4564-4316-a85a-63577f064043,ocr_required,scoring_rubric,known_missing,True,True,,,matched,import-execution-v5\t160-quality-20261006T132638Z-80ad8d90\runs\t160-quality-20261006T132638Z-80ad8d90-12-IMP-MIXED-r3\result.json
t160-quality-20261006T132638Z-80ad8d90-12-IMP-MIXED-r3,IMP-MIXED,3,automatic,455720b9-9061-5bce-83af-d6d53c6c84e1,46ebf8f1-4564-4316-a85a-63577f064043,ocr_required,knowledge_points,known_missing,True,False,[],,matched,import-execution-v5\t160-quality-20261006T132638Z-80ad8d90\runs\t160-quality-20261006T132638Z-80ad8d90-12-IMP-MIXED-r3\result.json
t160-quality-20261006T132638Z-80ad8d90-12-IMP-MIXED-r3,IMP-MIXED,3,automatic,455720b9-9061-5bce-83af-d6d53c6c84e1,46ebf8f1-4564-4316-a85a-63577f064043,ocr_required,source_regions,unknown,False,,,,reference_unknown,import-execution-v5\t160-quality-20261006T132638Z-80ad8d90\runs\t160-quality-20261006T132638Z-80ad8d90-12-IMP-MIXED-r3\result.json
t160-quality-20261006T132638Z-80ad8d90-12-IMP-MIXED-r3,IMP-MIXED,3,automatic,455720b9-9061-5bce-83af-d6d53c6c84e1,46ebf8f1-4564-4316-a85a-63577f064043,ocr_required,assets,source_provided,True,False,"[{""asset_type"": ""figure"", ""source_page_number"": 2, ""order_index"": 1}]",,matched,import-execution-v5\t160-quality-20261006T132638Z-80ad8d90\runs\t160-quality-20261006T132638Z-80ad8d90-12-IMP-MIXED-r3\result.json
t160-quality-20261006T132638Z-80ad8d90-12-IMP-MIXED-r3,IMP-MIXED,3,automatic,bf862f8d-df39-5559-bab5-d942fccb2432,19472ae7-656f-4781-b1d4-f5e800396ddb,ocr_required,question_number,source_provided,True,True,6,6,matched,import-execution-v5\t160-quality-20261006T132638Z-80ad8d90\runs\t160-quality-20261006T132638Z-80ad8d90-12-IMP-MIXED-r3\result.json
t160-quality-20261006T132638Z-80ad8d90-12-IMP-MIXED-r3,IMP-MIXED,3,automatic,bf862f8d-df39-5559-bab5-d942fccb2432,19472ae7-656f-4781-b1d4-f5e800396ddb,ocr_required,order_index,source_provided,True,True,6,6,matched,import-execution-v5\t160-quality-20261006T132638Z-80ad8d90\runs\t160-quality-20261006T132638Z-80ad8d90-12-IMP-MIXED-r3\result.json
t160-quality-20261006T132638Z-80ad8d90-12-IMP-MIXED-r3,IMP-MIXED,3,automatic,bf862f8d-df39-5559-bab5-d942fccb2432,19472ae7-656f-4781-b1d4-f5e800396ddb,ocr_required,source_page_numbers,source_provided,True,True,[2],[2],matched,import-execution-v5\t160-quality-20261006T132638Z-80ad8d90\runs\t160-quality-20261006T132638Z-80ad8d90-12-IMP-MIXED-r3\result.json
t160-quality-20261006T132638Z-80ad8d90-12-IMP-MIXED-r3,IMP-MIXED,3,automatic,bf862f8d-df39-5559-bab5-d942fccb2432,19472ae7-656f-4781-b1d4-f5e800396ddb,ocr_required,question_type,source_provided,True,True,SHORT_ANSWER,SHORT_ANSWER,matched,import-execution-v5\t160-quality-20261006T132638Z-80ad8d90\runs\t160-quality-20261006T132638Z-80ad8d90-12-IMP-MIXED-r3\result.json
t160-quality-20261006T132638Z-80ad8d90-12-IMP-MIXED-r3,IMP-MIXED,3,automatic,bf862f8d-df39-5559-bab5-d942fccb2432,19472ae7-656f-4781-b1d4-f5e800396ddb,ocr_required,content,source_provided,True,False,根据下表写出 y 关于 x 的关系式。,根据下表写出y关于x的关系式。,matched,import-execution-v5\t160-quality-20261006T132638Z-80ad8d90\runs\t160-quality-20261006T132638Z-80ad8d90-12-IMP-MIXED-r3\result.json
t160-quality-20261006T132638Z-80ad8d90-12-IMP-MIXED-r3,IMP-MIXED,3,automatic,bf862f8d-df39-5559-bab5-d942fccb2432,19472ae7-656f-4781-b1d4-f5e800396ddb,ocr_required,options,not_applicable,True,True,,,matched,import-execution-v5\t160-quality-20261006T132638Z-80ad8d90\runs\t160-quality-20261006T132638Z-80ad8d90-12-IMP-MIXED-r3\result.json
t160-quality-20261006T132638Z-80ad8d90-12-IMP-MIXED-r3,IMP-MIXED,3,automatic,bf862f8d-df39-5559-bab5-d942fccb2432,19472ae7-656f-4781-b1d4-f5e800396ddb,ocr_required,reference_answer,known_missing,True,True,,,matched,import-execution-v5\t160-quality-20261006T132638Z-80ad8d90\runs\t160-quality-20261006T132638Z-80ad8d90-12-IMP-MIXED-r3\result.json
t160-quality-20261006T132638Z-80ad8d90-12-IMP-MIXED-r3,IMP-MIXED,3,automatic,bf862f8d-df39-5559-bab5-d942fccb2432,19472ae7-656f-4781-b1d4-f5e800396ddb,ocr_required,analysis,known_missing,True,True,,,matched,import-execution-v5\t160-quality-20261006T132638Z-80ad8d90\runs\t160-quality-20261006T132638Z-80ad8d90-12-IMP-MIXED-r3\result.json
t160-quality-20261006T132638Z-80ad8d90-12-IMP-MIXED-r3,IMP-MIXED,3,automatic,bf862f8d-df39-5559-bab5-d942fccb2432,19472ae7-656f-4781-b1d4-f5e800396ddb,ocr_required,score,source_provided,True,True,3.00,3.00,matched,import-execution-v5\t160-quality-20261006T132638Z-80ad8d90\runs\t160-quality-20261006T132638Z-80ad8d90-12-IMP-MIXED-r3\result.json
t160-quality-20261006T132638Z-80ad8d90-12-IMP-MIXED-r3,IMP-MIXED,3,automatic,bf862f8d-df39-5559-bab5-d942fccb2432,19472ae7-656f-4781-b1d4-f5e800396ddb,ocr_required,scoring_rubric,source_provided,True,False,正确关系式 1.00；说明代入过程 2.00。,评分要点：正确关系式1.00；说明代入过程2.00。,matched,import-execution-v5\t160-quality-20261006T132638Z-80ad8d90\runs\t160-quality-20261006T132638Z-80ad8d90-12-IMP-MIXED-r3\result.json
t160-quality-20261006T132638Z-80ad8d90-12-IMP-MIXED-r3,IMP-MIXED,3,automatic,bf862f8d-df39-5559-bab5-d942fccb2432,19472ae7-656f-4781-b1d4-f5e800396ddb,ocr_required,knowledge_points,source_provided,True,True,"[""一次函数"", ""表达与计算""]","[""一次函数"", ""表达与计算""]",matched,import-execution-v5\t160-quality-20261006T132638Z-80ad8d90\runs\t160-quality-20261006T132638Z-80ad8d90-12-IMP-MIXED-r3\result.json
t160-quality-20261006T132638Z-80ad8d90-12-IMP-MIXED-r3,IMP-MIXED,3,automatic,bf862f8d-df39-5559-bab5-d942fccb2432,19472ae7-656f-4781-b1d4-f5e800396ddb,ocr_required,source_regions,unknown,False,,,,reference_unknown,import-execution-v5\t160-quality-20261006T132638Z-80ad8d90\runs\t160-quality-20261006T132638Z-80ad8d90-12-IMP-MIXED-r3\result.json
t160-quality-20261006T132638Z-80ad8d90-12-IMP-MIXED-r3,IMP-MIXED,3,automatic,bf862f8d-df39-5559-bab5-d942fccb2432,19472ae7-656f-4781-b1d4-f5e800396ddb,ocr_required,assets,source_provided,True,False,"[{""asset_type"": ""table"", ""source_page_number"": 2, ""order_index"": 1}]",,matched,import-execution-v5\t160-quality-20261006T132638Z-80ad8d90\runs\t160-quality-20261006T132638Z-80ad8d90-12-IMP-MIXED-r3\result.json
t160-quality-20261006T132638Z-80ad8d90-12-IMP-MIXED-r3,IMP-MIXED,3,assisted_corrected,1faa8619-84cc-5d65-86ae-244c7f68645e,41969d4e-8828-432f-9b7e-0761cb51dec9,native_text,question_number,source_provided,True,True,1,1,matched,import-execution-v5\t160-quality-20261006T132638Z-80ad8d90\runs\t160-quality-20261006T132638Z-80ad8d90-12-IMP-MIXED-r3\result.json
t160-quality-20261006T132638Z-80ad8d90-12-IMP-MIXED-r3,IMP-MIXED,3,assisted_corrected,1faa8619-84cc-5d65-86ae-244c7f68645e,41969d4e-8828-432f-9b7e-0761cb51dec9,native_text,order_index,source_provided,True,True,1,1,matched,import-execution-v5\t160-quality-20261006T132638Z-80ad8d90\runs\t160-quality-20261006T132638Z-80ad8d90-12-IMP-MIXED-r3\result.json
t160-quality-20261006T132638Z-80ad8d90-12-IMP-MIXED-r3,IMP-MIXED,3,assisted_corrected,1faa8619-84cc-5d65-86ae-244c7f68645e,41969d4e-8828-432f-9b7e-0761cb51dec9,native_text,source_page_numbers,source_provided,True,True,[1],[1],matched,import-execution-v5\t160-quality-20261006T132638Z-80ad8d90\runs\t160-quality-20261006T132638Z-80ad8d90-12-IMP-MIXED-r3\result.json
t160-quality-20261006T132638Z-80ad8d90-12-IMP-MIXED-r3,IMP-MIXED,3,assisted_corrected,1faa8619-84cc-5d65-86ae-244c7f68645e,41969d4e-8828-432f-9b7e-0761cb51dec9,native_text,question_type,source_provided,True,True,SINGLE_CHOICE,SINGLE_CHOICE,matched,import-execution-v5\t160-quality-20261006T132638Z-80ad8d90\runs\t160-quality-20261006T132638Z-80ad8d90-12-IMP-MIXED-r3\result.json
t160-quality-20261006T132638Z-80ad8d90-12-IMP-MIXED-r3,IMP-MIXED,3,assisted_corrected,1faa8619-84cc-5d65-86ae-244c7f68645e,41969d4e-8828-432f-9b7e-0761cb51dec9,native_text,content,source_provided,True,True,y = 2x + 1，x = 3 时 y 为多少？,y = 2x + 1，x = 3 时 y 为多少？,matched,import-execution-v5\t160-quality-20261006T132638Z-80ad8d90\runs\t160-quality-20261006T132638Z-80ad8d90-12-IMP-MIXED-r3\result.json
t160-quality-20261006T132638Z-80ad8d90-12-IMP-MIXED-r3,IMP-MIXED,3,assisted_corrected,1faa8619-84cc-5d65-86ae-244c7f68645e,41969d4e-8828-432f-9b7e-0761cb51dec9,native_text,options,source_provided,True,True,"{""C"": ""7"", ""A"": ""5"", ""B"": ""6"", ""D"": ""8""}","{""C"": ""7"", ""A"": ""5"", ""B"": ""6"", ""D"": ""8""}",matched,import-execution-v5\t160-quality-20261006T132638Z-80ad8d90\runs\t160-quality-20261006T132638Z-80ad8d90-12-IMP-MIXED-r3\result.json
t160-quality-20261006T132638Z-80ad8d90-12-IMP-MIXED-r3,IMP-MIXED,3,assisted_corrected,1faa8619-84cc-5d65-86ae-244c7f68645e,41969d4e-8828-432f-9b7e-0761cb51dec9,native_text,reference_answer,source_provided,True,True,C,C,matched,import-execution-v5\t160-quality-20261006T132638Z-80ad8d90\runs\t160-quality-20261006T132638Z-80ad8d90-12-IMP-MIXED-r3\result.json
t160-quality-20261006T132638Z-80ad8d90-12-IMP-MIXED-r3,IMP-MIXED,3,assisted_corrected,1faa8619-84cc-5d65-86ae-244c7f68645e,41969d4e-8828-432f-9b7e-0761cb51dec9,native_text,analysis,source_provided,True,True,2 × 3 + 1 = 7。,2 × 3 + 1 = 7。,matched,import-execution-v5\t160-quality-20261006T132638Z-80ad8d90\runs\t160-quality-20261006T132638Z-80ad8d90-12-IMP-MIXED-r3\result.json
t160-quality-20261006T132638Z-80ad8d90-12-IMP-MIXED-r3,IMP-MIXED,3,assisted_corrected,1faa8619-84cc-5d65-86ae-244c7f68645e,41969d4e-8828-432f-9b7e-0761cb51dec9,native_text,score,source_provided,True,True,2.00,2.00,matched,import-execution-v5\t160-quality-20261006T132638Z-80ad8d90\runs\t160-quality-20261006T132638Z-80ad8d90-12-IMP-MIXED-r3\result.json
t160-quality-20261006T132638Z-80ad8d90-12-IMP-MIXED-r3,IMP-MIXED,3,assisted_corrected,1faa8619-84cc-5d65-86ae-244c7f68645e,41969d4e-8828-432f-9b7e-0761cb51dec9,native_text,scoring_rubric,known_missing,True,True,,,matched,import-execution-v5\t160-quality-20261006T132638Z-80ad8d90\runs\t160-quality-20261006T132638Z-80ad8d90-12-IMP-MIXED-r3\result.json
t160-quality-20261006T132638Z-80ad8d90-12-IMP-MIXED-r3,IMP-MIXED,3,assisted_corrected,1faa8619-84cc-5d65-86ae-244c7f68645e,41969d4e-8828-432f-9b7e-0761cb51dec9,native_text,knowledge_points,known_missing,True,True,[],[],matched,import-execution-v5\t160-quality-20261006T132638Z-80ad8d90\runs\t160-quality-20261006T132638Z-80ad8d90-12-IMP-MIXED-r3\result.json
t160-quality-20261006T132638Z-80ad8d90-12-IMP-MIXED-r3,IMP-MIXED,3,assisted_corrected,1faa8619-84cc-5d65-86ae-244c7f68645e,41969d4e-8828-432f-9b7e-0761cb51dec9,native_text,source_regions,unknown,False,,,,reference_unknown,import-execution-v5\t160-quality-20261006T132638Z-80ad8d90\runs\t160-quality-20261006T132638Z-80ad8d90-12-IMP-MIXED-r3\result.json
t160-quality-20261006T132638Z-80ad8d90-12-IMP-MIXED-r3,IMP-MIXED,3,assisted_corrected,1faa8619-84cc-5d65-86ae-244c7f68645e,41969d4e-8828-432f-9b7e-0761cb51dec9,native_text,assets,source_provided,True,True,[],[],matched,import-execution-v5\t160-quality-20261006T132638Z-80ad8d90\runs\t160-quality-20261006T132638Z-80ad8d90-12-IMP-MIXED-r3\result.json
t160-quality-20261006T132638Z-80ad8d90-12-IMP-MIXED-r3,IMP-MIXED,3,assisted_corrected,545de13f-3fe9-524b-a917-7ab04807806f,3ad3352f-97e5-440d-a220-95cdd62f5308,native_text,question_number,source_provided,True,True,2,2,matched,import-execution-v5\t160-quality-20261006T132638Z-80ad8d90\runs\t160-quality-20261006T132638Z-80ad8d90-12-IMP-MIXED-r3\result.json
t160-quality-20261006T132638Z-80ad8d90-12-IMP-MIXED-r3,IMP-MIXED,3,assisted_corrected,545de13f-3fe9-524b-a917-7ab04807806f,3ad3352f-97e5-440d-a220-95cdd62f5308,native_text,order_index,source_provided,True,True,2,2,matched,import-execution-v5\t160-quality-20261006T132638Z-80ad8d90\runs\t160-quality-20261006T132638Z-80ad8d90-12-IMP-MIXED-r3\result.json
t160-quality-20261006T132638Z-80ad8d90-12-IMP-MIXED-r3,IMP-MIXED,3,assisted_corrected,545de13f-3fe9-524b-a917-7ab04807806f,3ad3352f-97e5-440d-a220-95cdd62f5308,native_text,source_page_numbers,source_provided,True,True,[1],[1],matched,import-execution-v5\t160-quality-20261006T132638Z-80ad8d90\runs\t160-quality-20261006T132638Z-80ad8d90-12-IMP-MIXED-r3\result.json
t160-quality-20261006T132638Z-80ad8d90-12-IMP-MIXED-r3,IMP-MIXED,3,assisted_corrected,545de13f-3fe9-524b-a917-7ab04807806f,3ad3352f-97e5-440d-a220-95cdd62f5308,native_text,question_type,source_provided,True,True,TRUE_FALSE,TRUE_FALSE,matched,import-execution-v5\t160-quality-20261006T132638Z-80ad8d90\runs\t160-quality-20261006T132638Z-80ad8d90-12-IMP-MIXED-r3\result.json
t160-quality-20261006T132638Z-80ad8d90-12-IMP-MIXED-r3,IMP-MIXED,3,assisted_corrected,545de13f-3fe9-524b-a917-7ab04807806f,3ad3352f-97e5-440d-a220-95cdd62f5308,native_text,content,source_provided,True,True,右图三角形面积为 24 cm²。,右图三角形面积为 24 cm²。,matched,import-execution-v5\t160-quality-20261006T132638Z-80ad8d90\runs\t160-quality-20261006T132638Z-80ad8d90-12-IMP-MIXED-r3\result.json
t160-quality-20261006T132638Z-80ad8d90-12-IMP-MIXED-r3,IMP-MIXED,3,assisted_corrected,545de13f-3fe9-524b-a917-7ab04807806f,3ad3352f-97e5-440d-a220-95cdd62f5308,native_text,options,source_provided,True,True,"[""正确"", ""错误""]","[""正确"", ""错误""]",matched,import-execution-v5\t160-quality-20261006T132638Z-80ad8d90\runs\t160-quality-20261006T132638Z-80ad8d90-12-IMP-MIXED-r3\result.json
t160-quality-20261006T132638Z-80ad8d90-12-IMP-MIXED-r3,IMP-MIXED,3,assisted_corrected,545de13f-3fe9-524b-a917-7ab04807806f,3ad3352f-97e5-440d-a220-95cdd62f5308,native_text,reference_answer,known_missing,True,True,,,matched,import-execution-v5\t160-quality-20261006T132638Z-80ad8d90\runs\t160-quality-20261006T132638Z-80ad8d90-12-IMP-MIXED-r3\result.json
t160-quality-20261006T132638Z-80ad8d90-12-IMP-MIXED-r3,IMP-MIXED,3,assisted_corrected,545de13f-3fe9-524b-a917-7ab04807806f,3ad3352f-97e5-440d-a220-95cdd62f5308,native_text,analysis,known_missing,True,True,,,matched,import-execution-v5\t160-quality-20261006T132638Z-80ad8d90\runs\t160-quality-20261006T132638Z-80ad8d90-12-IMP-MIXED-r3\result.json
t160-quality-20261006T132638Z-80ad8d90-12-IMP-MIXED-r3,IMP-MIXED,3,assisted_corrected,545de13f-3fe9-524b-a917-7ab04807806f,3ad3352f-97e5-440d-a220-95cdd62f5308,native_text,score,source_provided,True,True,2.00,2.00,matched,import-execution-v5\t160-quality-20261006T132638Z-80ad8d90\runs\t160-quality-20261006T132638Z-80ad8d90-12-IMP-MIXED-r3\result.json
t160-quality-20261006T132638Z-80ad8d90-12-IMP-MIXED-r3,IMP-MIXED,3,assisted_corrected,545de13f-3fe9-524b-a917-7ab04807806f,3ad3352f-97e5-440d-a220-95cdd62f5308,native_text,scoring_rubric,known_missing,True,True,,,matched,import-execution-v5\t160-quality-20261006T132638Z-80ad8d90\runs\t160-quality-20261006T132638Z-80ad8d90-12-IMP-MIXED-r3\result.json
t160-quality-20261006T132638Z-80ad8d90-12-IMP-MIXED-r3,IMP-MIXED,3,assisted_corrected,545de13f-3fe9-524b-a917-7ab04807806f,3ad3352f-97e5-440d-a220-95cdd62f5308,native_text,knowledge_points,known_missing,True,True,[],[],matched,import-execution-v5\t160-quality-20261006T132638Z-80ad8d90\runs\t160-quality-20261006T132638Z-80ad8d90-12-IMP-MIXED-r3\result.json
t160-quality-20261006T132638Z-80ad8d90-12-IMP-MIXED-r3,IMP-MIXED,3,assisted_corrected,545de13f-3fe9-524b-a917-7ab04807806f,3ad3352f-97e5-440d-a220-95cdd62f5308,native_text,source_regions,unknown,False,,,,reference_unknown,import-execution-v5\t160-quality-20261006T132638Z-80ad8d90\runs\t160-quality-20261006T132638Z-80ad8d90-12-IMP-MIXED-r3\result.json
t160-quality-20261006T132638Z-80ad8d90-12-IMP-MIXED-r3,IMP-MIXED,3,assisted_corrected,545de13f-3fe9-524b-a917-7ab04807806f,3ad3352f-97e5-440d-a220-95cdd62f5308,native_text,assets,source_provided,True,False,"[{""asset_type"": ""figure"", ""source_page_number"": 1, ""order_index"": 1}]",,matched,import-execution-v5\t160-quality-20261006T132638Z-80ad8d90\runs\t160-quality-20261006T132638Z-80ad8d90-12-IMP-MIXED-r3\result.json
t160-quality-20261006T132638Z-80ad8d90-12-IMP-MIXED-r3,IMP-MIXED,3,assisted_corrected,85533f46-eb86-5893-8742-33939e77750f,38bc0257-55c1-49ea-88a8-708aad7c85e8,native_text,question_number,source_provided,True,True,3,3,matched,import-execution-v5\t160-quality-20261006T132638Z-80ad8d90\runs\t160-quality-20261006T132638Z-80ad8d90-12-IMP-MIXED-r3\result.json
t160-quality-20261006T132638Z-80ad8d90-12-IMP-MIXED-r3,IMP-MIXED,3,assisted_corrected,85533f46-eb86-5893-8742-33939e77750f,38bc0257-55c1-49ea-88a8-708aad7c85e8,native_text,order_index,source_provided,True,True,3,3,matched,import-execution-v5\t160-quality-20261006T132638Z-80ad8d90\runs\t160-quality-20261006T132638Z-80ad8d90-12-IMP-MIXED-r3\result.json
t160-quality-20261006T132638Z-80ad8d90-12-IMP-MIXED-r3,IMP-MIXED,3,assisted_corrected,85533f46-eb86-5893-8742-33939e77750f,38bc0257-55c1-49ea-88a8-708aad7c85e8,native_text,source_page_numbers,source_provided,True,True,[1],[1],matched,import-execution-v5\t160-quality-20261006T132638Z-80ad8d90\runs\t160-quality-20261006T132638Z-80ad8d90-12-IMP-MIXED-r3\result.json
t160-quality-20261006T132638Z-80ad8d90-12-IMP-MIXED-r3,IMP-MIXED,3,assisted_corrected,85533f46-eb86-5893-8742-33939e77750f,38bc0257-55c1-49ea-88a8-708aad7c85e8,native_text,question_type,source_provided,True,True,SHORT_ANSWER,SHORT_ANSWER,matched,import-execution-v5\t160-quality-20261006T132638Z-80ad8d90\runs\t160-quality-20261006T132638Z-80ad8d90-12-IMP-MIXED-r3\result.json
t160-quality-20261006T132638Z-80ad8d90-12-IMP-MIXED-r3,IMP-MIXED,3,assisted_corrected,85533f46-eb86-5893-8742-33939e77750f,38bc0257-55c1-49ea-88a8-708aad7c85e8,native_text,content,source_provided,True,True,根据下表写出 y 关于 x 的关系式。,根据下表写出 y 关于 x 的关系式。,matched,import-execution-v5\t160-quality-20261006T132638Z-80ad8d90\runs\t160-quality-20261006T132638Z-80ad8d90-12-IMP-MIXED-r3\result.json
t160-quality-20261006T132638Z-80ad8d90-12-IMP-MIXED-r3,IMP-MIXED,3,assisted_corrected,85533f46-eb86-5893-8742-33939e77750f,38bc0257-55c1-49ea-88a8-708aad7c85e8,native_text,options,not_applicable,True,True,,,matched,import-execution-v5\t160-quality-20261006T132638Z-80ad8d90\runs\t160-quality-20261006T132638Z-80ad8d90-12-IMP-MIXED-r3\result.json
t160-quality-20261006T132638Z-80ad8d90-12-IMP-MIXED-r3,IMP-MIXED,3,assisted_corrected,85533f46-eb86-5893-8742-33939e77750f,38bc0257-55c1-49ea-88a8-708aad7c85e8,native_text,reference_answer,known_missing,True,True,,,matched,import-execution-v5\t160-quality-20261006T132638Z-80ad8d90\runs\t160-quality-20261006T132638Z-80ad8d90-12-IMP-MIXED-r3\result.json
t160-quality-20261006T132638Z-80ad8d90-12-IMP-MIXED-r3,IMP-MIXED,3,assisted_corrected,85533f46-eb86-5893-8742-33939e77750f,38bc0257-55c1-49ea-88a8-708aad7c85e8,native_text,analysis,known_missing,True,True,,,matched,import-execution-v5\t160-quality-20261006T132638Z-80ad8d90\runs\t160-quality-20261006T132638Z-80ad8d90-12-IMP-MIXED-r3\result.json
t160-quality-20261006T132638Z-80ad8d90-12-IMP-MIXED-r3,IMP-MIXED,3,assisted_corrected,85533f46-eb86-5893-8742-33939e77750f,38bc0257-55c1-49ea-88a8-708aad7c85e8,native_text,score,source_provided,True,True,3.00,3.00,matched,import-execution-v5\t160-quality-20261006T132638Z-80ad8d90\runs\t160-quality-20261006T132638Z-80ad8d90-12-IMP-MIXED-r3\result.json
t160-quality-20261006T132638Z-80ad8d90-12-IMP-MIXED-r3,IMP-MIXED,3,assisted_corrected,85533f46-eb86-5893-8742-33939e77750f,38bc0257-55c1-49ea-88a8-708aad7c85e8,native_text,scoring_rubric,source_provided,True,True,正确关系式 1.00；说明代入过程 2.00。,正确关系式 1.00；说明代入过程 2.00。,matched,import-execution-v5\t160-quality-20261006T132638Z-80ad8d90\runs\t160-quality-20261006T132638Z-80ad8d90-12-IMP-MIXED-r3\result.json
t160-quality-20261006T132638Z-80ad8d90-12-IMP-MIXED-r3,IMP-MIXED,3,assisted_corrected,85533f46-eb86-5893-8742-33939e77750f,38bc0257-55c1-49ea-88a8-708aad7c85e8,native_text,knowledge_points,source_provided,True,True,"[""一次函数"", ""表达与计算""]","[""一次函数"", ""表达与计算""]",matched,import-execution-v5\t160-quality-20261006T132638Z-80ad8d90\runs\t160-quality-20261006T132638Z-80ad8d90-12-IMP-MIXED-r3\result.json
t160-quality-20261006T132638Z-80ad8d90-12-IMP-MIXED-r3,IMP-MIXED,3,assisted_corrected,85533f46-eb86-5893-8742-33939e77750f,38bc0257-55c1-49ea-88a8-708aad7c85e8,native_text,source_regions,unknown,False,,,,reference_unknown,import-execution-v5\t160-quality-20261006T132638Z-80ad8d90\runs\t160-quality-20261006T132638Z-80ad8d90-12-IMP-MIXED-r3\result.json
t160-quality-20261006T132638Z-80ad8d90-12-IMP-MIXED-r3,IMP-MIXED,3,assisted_corrected,85533f46-eb86-5893-8742-33939e77750f,38bc0257-55c1-49ea-88a8-708aad7c85e8,native_text,assets,source_provided,True,False,"[{""asset_type"": ""table"", ""source_page_number"": 1, ""order_index"": 1}]",,matched,import-execution-v5\t160-quality-20261006T132638Z-80ad8d90\runs\t160-quality-20261006T132638Z-80ad8d90-12-IMP-MIXED-r3\result.json
t160-quality-20261006T132638Z-80ad8d90-12-IMP-MIXED-r3,IMP-MIXED,3,assisted_corrected,0fa8d57e-58c2-5aa4-b8cd-e52e96380a38,bc0e0a59-7b8f-4c4d-8d89-35ebe5c13bff,ocr_required,question_number,source_provided,True,True,4,4,matched,import-execution-v5\t160-quality-20261006T132638Z-80ad8d90\runs\t160-quality-20261006T132638Z-80ad8d90-12-IMP-MIXED-r3\result.json
t160-quality-20261006T132638Z-80ad8d90-12-IMP-MIXED-r3,IMP-MIXED,3,assisted_corrected,0fa8d57e-58c2-5aa4-b8cd-e52e96380a38,bc0e0a59-7b8f-4c4d-8d89-35ebe5c13bff,ocr_required,order_index,source_provided,True,True,4,4,matched,import-execution-v5\t160-quality-20261006T132638Z-80ad8d90\runs\t160-quality-20261006T132638Z-80ad8d90-12-IMP-MIXED-r3\result.json
t160-quality-20261006T132638Z-80ad8d90-12-IMP-MIXED-r3,IMP-MIXED,3,assisted_corrected,0fa8d57e-58c2-5aa4-b8cd-e52e96380a38,bc0e0a59-7b8f-4c4d-8d89-35ebe5c13bff,ocr_required,source_page_numbers,source_provided,True,True,[2],[2],matched,import-execution-v5\t160-quality-20261006T132638Z-80ad8d90\runs\t160-quality-20261006T132638Z-80ad8d90-12-IMP-MIXED-r3\result.json
t160-quality-20261006T132638Z-80ad8d90-12-IMP-MIXED-r3,IMP-MIXED,3,assisted_corrected,0fa8d57e-58c2-5aa4-b8cd-e52e96380a38,bc0e0a59-7b8f-4c4d-8d89-35ebe5c13bff,ocr_required,question_type,source_provided,True,True,SINGLE_CHOICE,SINGLE_CHOICE,matched,import-execution-v5\t160-quality-20261006T132638Z-80ad8d90\runs\t160-quality-20261006T132638Z-80ad8d90-12-IMP-MIXED-r3\result.json
t160-quality-20261006T132638Z-80ad8d90-12-IMP-MIXED-r3,IMP-MIXED,3,assisted_corrected,0fa8d57e-58c2-5aa4-b8cd-e52e96380a38,bc0e0a59-7b8f-4c4d-8d89-35ebe5c13bff,ocr_required,content,source_provided,True,True,y = 2x + 1，x = 3 时 y 为多少？,y = 2x + 1，x = 3 时 y 为多少？,matched,import-execution-v5\t160-quality-20261006T132638Z-80ad8d90\runs\t160-quality-20261006T132638Z-80ad8d90-12-IMP-MIXED-r3\result.json
t160-quality-20261006T132638Z-80ad8d90-12-IMP-MIXED-r3,IMP-MIXED,3,assisted_corrected,0fa8d57e-58c2-5aa4-b8cd-e52e96380a38,bc0e0a59-7b8f-4c4d-8d89-35ebe5c13bff,ocr_required,options,source_provided,True,True,"{""C"": ""7"", ""A"": ""5"", ""B"": ""6"", ""D"": ""8""}","{""C"": ""7"", ""A"": ""5"", ""B"": ""6"", ""D"": ""8""}",matched,import-execution-v5\t160-quality-20261006T132638Z-80ad8d90\runs\t160-quality-20261006T132638Z-80ad8d90-12-IMP-MIXED-r3\result.json
t160-quality-20261006T132638Z-80ad8d90-12-IMP-MIXED-r3,IMP-MIXED,3,assisted_corrected,0fa8d57e-58c2-5aa4-b8cd-e52e96380a38,bc0e0a59-7b8f-4c4d-8d89-35ebe5c13bff,ocr_required,reference_answer,source_provided,True,True,C,C,matched,import-execution-v5\t160-quality-20261006T132638Z-80ad8d90\runs\t160-quality-20261006T132638Z-80ad8d90-12-IMP-MIXED-r3\result.json
t160-quality-20261006T132638Z-80ad8d90-12-IMP-MIXED-r3,IMP-MIXED,3,assisted_corrected,0fa8d57e-58c2-5aa4-b8cd-e52e96380a38,bc0e0a59-7b8f-4c4d-8d89-35ebe5c13bff,ocr_required,analysis,source_provided,True,True,2 × 3 + 1 = 7。,2 × 3 + 1 = 7。,matched,import-execution-v5\t160-quality-20261006T132638Z-80ad8d90\runs\t160-quality-20261006T132638Z-80ad8d90-12-IMP-MIXED-r3\result.json
t160-quality-20261006T132638Z-80ad8d90-12-IMP-MIXED-r3,IMP-MIXED,3,assisted_corrected,0fa8d57e-58c2-5aa4-b8cd-e52e96380a38,bc0e0a59-7b8f-4c4d-8d89-35ebe5c13bff,ocr_required,score,source_provided,True,True,2.00,2.00,matched,import-execution-v5\t160-quality-20261006T132638Z-80ad8d90\runs\t160-quality-20261006T132638Z-80ad8d90-12-IMP-MIXED-r3\result.json
t160-quality-20261006T132638Z-80ad8d90-12-IMP-MIXED-r3,IMP-MIXED,3,assisted_corrected,0fa8d57e-58c2-5aa4-b8cd-e52e96380a38,bc0e0a59-7b8f-4c4d-8d89-35ebe5c13bff,ocr_required,scoring_rubric,known_missing,True,True,,,matched,import-execution-v5\t160-quality-20261006T132638Z-80ad8d90\runs\t160-quality-20261006T132638Z-80ad8d90-12-IMP-MIXED-r3\result.json
t160-quality-20261006T132638Z-80ad8d90-12-IMP-MIXED-r3,IMP-MIXED,3,assisted_corrected,0fa8d57e-58c2-5aa4-b8cd-e52e96380a38,bc0e0a59-7b8f-4c4d-8d89-35ebe5c13bff,ocr_required,knowledge_points,known_missing,True,True,[],[],matched,import-execution-v5\t160-quality-20261006T132638Z-80ad8d90\runs\t160-quality-20261006T132638Z-80ad8d90-12-IMP-MIXED-r3\result.json
t160-quality-20261006T132638Z-80ad8d90-12-IMP-MIXED-r3,IMP-MIXED,3,assisted_corrected,0fa8d57e-58c2-5aa4-b8cd-e52e96380a38,bc0e0a59-7b8f-4c4d-8d89-35ebe5c13bff,ocr_required,source_regions,unknown,False,,,,reference_unknown,import-execution-v5\t160-quality-20261006T132638Z-80ad8d90\runs\t160-quality-20261006T132638Z-80ad8d90-12-IMP-MIXED-r3\result.json
t160-quality-20261006T132638Z-80ad8d90-12-IMP-MIXED-r3,IMP-MIXED,3,assisted_corrected,0fa8d57e-58c2-5aa4-b8cd-e52e96380a38,bc0e0a59-7b8f-4c4d-8d89-35ebe5c13bff,ocr_required,assets,source_provided,True,True,[],[],matched,import-execution-v5\t160-quality-20261006T132638Z-80ad8d90\runs\t160-quality-20261006T132638Z-80ad8d90-12-IMP-MIXED-r3\result.json
t160-quality-20261006T132638Z-80ad8d90-12-IMP-MIXED-r3,IMP-MIXED,3,assisted_corrected,455720b9-9061-5bce-83af-d6d53c6c84e1,46ebf8f1-4564-4316-a85a-63577f064043,ocr_required,question_number,source_provided,True,True,5,5,matched,import-execution-v5\t160-quality-20261006T132638Z-80ad8d90\runs\t160-quality-20261006T132638Z-80ad8d90-12-IMP-MIXED-r3\result.json
t160-quality-20261006T132638Z-80ad8d90-12-IMP-MIXED-r3,IMP-MIXED,3,assisted_corrected,455720b9-9061-5bce-83af-d6d53c6c84e1,46ebf8f1-4564-4316-a85a-63577f064043,ocr_required,order_index,source_provided,True,True,5,5,matched,import-execution-v5\t160-quality-20261006T132638Z-80ad8d90\runs\t160-quality-20261006T132638Z-80ad8d90-12-IMP-MIXED-r3\result.json
t160-quality-20261006T132638Z-80ad8d90-12-IMP-MIXED-r3,IMP-MIXED,3,assisted_corrected,455720b9-9061-5bce-83af-d6d53c6c84e1,46ebf8f1-4564-4316-a85a-63577f064043,ocr_required,source_page_numbers,source_provided,True,True,[2],[2],matched,import-execution-v5\t160-quality-20261006T132638Z-80ad8d90\runs\t160-quality-20261006T132638Z-80ad8d90-12-IMP-MIXED-r3\result.json
t160-quality-20261006T132638Z-80ad8d90-12-IMP-MIXED-r3,IMP-MIXED,3,assisted_corrected,455720b9-9061-5bce-83af-d6d53c6c84e1,46ebf8f1-4564-4316-a85a-63577f064043,ocr_required,question_type,source_provided,True,True,TRUE_FALSE,TRUE_FALSE,matched,import-execution-v5\t160-quality-20261006T132638Z-80ad8d90\runs\t160-quality-20261006T132638Z-80ad8d90-12-IMP-MIXED-r3\result.json
t160-quality-20261006T132638Z-80ad8d90-12-IMP-MIXED-r3,IMP-MIXED,3,assisted_corrected,455720b9-9061-5bce-83af-d6d53c6c84e1,46ebf8f1-4564-4316-a85a-63577f064043,ocr_required,content,source_provided,True,True,右图三角形面积为 24 cm²。,右图三角形面积为 24 cm²。,matched,import-execution-v5\t160-quality-20261006T132638Z-80ad8d90\runs\t160-quality-20261006T132638Z-80ad8d90-12-IMP-MIXED-r3\result.json
t160-quality-20261006T132638Z-80ad8d90-12-IMP-MIXED-r3,IMP-MIXED,3,assisted_corrected,455720b9-9061-5bce-83af-d6d53c6c84e1,46ebf8f1-4564-4316-a85a-63577f064043,ocr_required,options,source_provided,True,True,"[""正确"", ""错误""]","[""正确"", ""错误""]",matched,import-execution-v5\t160-quality-20261006T132638Z-80ad8d90\runs\t160-quality-20261006T132638Z-80ad8d90-12-IMP-MIXED-r3\result.json
t160-quality-20261006T132638Z-80ad8d90-12-IMP-MIXED-r3,IMP-MIXED,3,assisted_corrected,455720b9-9061-5bce-83af-d6d53c6c84e1,46ebf8f1-4564-4316-a85a-63577f064043,ocr_required,reference_answer,known_missing,True,True,,,matched,import-execution-v5\t160-quality-20261006T132638Z-80ad8d90\runs\t160-quality-20261006T132638Z-80ad8d90-12-IMP-MIXED-r3\result.json
t160-quality-20261006T132638Z-80ad8d90-12-IMP-MIXED-r3,IMP-MIXED,3,assisted_corrected,455720b9-9061-5bce-83af-d6d53c6c84e1,46ebf8f1-4564-4316-a85a-63577f064043,ocr_required,analysis,known_missing,True,True,,,matched,import-execution-v5\t160-quality-20261006T132638Z-80ad8d90\runs\t160-quality-20261006T132638Z-80ad8d90-12-IMP-MIXED-r3\result.json
t160-quality-20261006T132638Z-80ad8d90-12-IMP-MIXED-r3,IMP-MIXED,3,assisted_corrected,455720b9-9061-5bce-83af-d6d53c6c84e1,46ebf8f1-4564-4316-a85a-63577f064043,ocr_required,score,source_provided,True,True,2.00,2.00,matched,import-execution-v5\t160-quality-20261006T132638Z-80ad8d90\runs\t160-quality-20261006T132638Z-80ad8d90-12-IMP-MIXED-r3\result.json
t160-quality-20261006T132638Z-80ad8d90-12-IMP-MIXED-r3,IMP-MIXED,3,assisted_corrected,455720b9-9061-5bce-83af-d6d53c6c84e1,46ebf8f1-4564-4316-a85a-63577f064043,ocr_required,scoring_rubric,known_missing,True,True,,,matched,import-execution-v5\t160-quality-20261006T132638Z-80ad8d90\runs\t160-quality-20261006T132638Z-80ad8d90-12-IMP-MIXED-r3\result.json
t160-quality-20261006T132638Z-80ad8d90-12-IMP-MIXED-r3,IMP-MIXED,3,assisted_corrected,455720b9-9061-5bce-83af-d6d53c6c84e1,46ebf8f1-4564-4316-a85a-63577f064043,ocr_required,knowledge_points,known_missing,True,True,[],[],matched,import-execution-v5\t160-quality-20261006T132638Z-80ad8d90\runs\t160-quality-20261006T132638Z-80ad8d90-12-IMP-MIXED-r3\result.json
t160-quality-20261006T132638Z-80ad8d90-12-IMP-MIXED-r3,IMP-MIXED,3,assisted_corrected,455720b9-9061-5bce-83af-d6d53c6c84e1,46ebf8f1-4564-4316-a85a-63577f064043,ocr_required,source_regions,unknown,False,,,,reference_unknown,import-execution-v5\t160-quality-20261006T132638Z-80ad8d90\runs\t160-quality-20261006T132638Z-80ad8d90-12-IMP-MIXED-r3\result.json
t160-quality-20261006T132638Z-80ad8d90-12-IMP-MIXED-r3,IMP-MIXED,3,assisted_corrected,455720b9-9061-5bce-83af-d6d53c6c84e1,46ebf8f1-4564-4316-a85a-63577f064043,ocr_required,assets,source_provided,True,False,"[{""asset_type"": ""figure"", ""source_page_number"": 2, ""order_index"": 1}]",,matched,import-execution-v5\t160-quality-20261006T132638Z-80ad8d90\runs\t160-quality-20261006T132638Z-80ad8d90-12-IMP-MIXED-r3\result.json
t160-quality-20261006T132638Z-80ad8d90-12-IMP-MIXED-r3,IMP-MIXED,3,assisted_corrected,bf862f8d-df39-5559-bab5-d942fccb2432,19472ae7-656f-4781-b1d4-f5e800396ddb,ocr_required,question_number,source_provided,True,True,6,6,matched,import-execution-v5\t160-quality-20261006T132638Z-80ad8d90\runs\t160-quality-20261006T132638Z-80ad8d90-12-IMP-MIXED-r3\result.json
t160-quality-20261006T132638Z-80ad8d90-12-IMP-MIXED-r3,IMP-MIXED,3,assisted_corrected,bf862f8d-df39-5559-bab5-d942fccb2432,19472ae7-656f-4781-b1d4-f5e800396ddb,ocr_required,order_index,source_provided,True,True,6,6,matched,import-execution-v5\t160-quality-20261006T132638Z-80ad8d90\runs\t160-quality-20261006T132638Z-80ad8d90-12-IMP-MIXED-r3\result.json
t160-quality-20261006T132638Z-80ad8d90-12-IMP-MIXED-r3,IMP-MIXED,3,assisted_corrected,bf862f8d-df39-5559-bab5-d942fccb2432,19472ae7-656f-4781-b1d4-f5e800396ddb,ocr_required,source_page_numbers,source_provided,True,True,[2],[2],matched,import-execution-v5\t160-quality-20261006T132638Z-80ad8d90\runs\t160-quality-20261006T132638Z-80ad8d90-12-IMP-MIXED-r3\result.json
t160-quality-20261006T132638Z-80ad8d90-12-IMP-MIXED-r3,IMP-MIXED,3,assisted_corrected,bf862f8d-df39-5559-bab5-d942fccb2432,19472ae7-656f-4781-b1d4-f5e800396ddb,ocr_required,question_type,source_provided,True,True,SHORT_ANSWER,SHORT_ANSWER,matched,import-execution-v5\t160-quality-20261006T132638Z-80ad8d90\runs\t160-quality-20261006T132638Z-80ad8d90-12-IMP-MIXED-r3\result.json
t160-quality-20261006T132638Z-80ad8d90-12-IMP-MIXED-r3,IMP-MIXED,3,assisted_corrected,bf862f8d-df39-5559-bab5-d942fccb2432,19472ae7-656f-4781-b1d4-f5e800396ddb,ocr_required,content,source_provided,True,True,根据下表写出 y 关于 x 的关系式。,根据下表写出 y 关于 x 的关系式。,matched,import-execution-v5\t160-quality-20261006T132638Z-80ad8d90\runs\t160-quality-20261006T132638Z-80ad8d90-12-IMP-MIXED-r3\result.json
t160-quality-20261006T132638Z-80ad8d90-12-IMP-MIXED-r3,IMP-MIXED,3,assisted_corrected,bf862f8d-df39-5559-bab5-d942fccb2432,19472ae7-656f-4781-b1d4-f5e800396ddb,ocr_required,options,not_applicable,True,True,,,matched,import-execution-v5\t160-quality-20261006T132638Z-80ad8d90\runs\t160-quality-20261006T132638Z-80ad8d90-12-IMP-MIXED-r3\result.json
t160-quality-20261006T132638Z-80ad8d90-12-IMP-MIXED-r3,IMP-MIXED,3,assisted_corrected,bf862f8d-df39-5559-bab5-d942fccb2432,19472ae7-656f-4781-b1d4-f5e800396ddb,ocr_required,reference_answer,known_missing,True,True,,,matched,import-execution-v5\t160-quality-20261006T132638Z-80ad8d90\runs\t160-quality-20261006T132638Z-80ad8d90-12-IMP-MIXED-r3\result.json
t160-quality-20261006T132638Z-80ad8d90-12-IMP-MIXED-r3,IMP-MIXED,3,assisted_corrected,bf862f8d-df39-5559-bab5-d942fccb2432,19472ae7-656f-4781-b1d4-f5e800396ddb,ocr_required,analysis,known_missing,True,True,,,matched,import-execution-v5\t160-quality-20261006T132638Z-80ad8d90\runs\t160-quality-20261006T132638Z-80ad8d90-12-IMP-MIXED-r3\result.json
t160-quality-20261006T132638Z-80ad8d90-12-IMP-MIXED-r3,IMP-MIXED,3,assisted_corrected,bf862f8d-df39-5559-bab5-d942fccb2432,19472ae7-656f-4781-b1d4-f5e800396ddb,ocr_required,score,source_provided,True,True,3.00,3.00,matched,import-execution-v5\t160-quality-20261006T132638Z-80ad8d90\runs\t160-quality-20261006T132638Z-80ad8d90-12-IMP-MIXED-r3\result.json
t160-quality-20261006T132638Z-80ad8d90-12-IMP-MIXED-r3,IMP-MIXED,3,assisted_corrected,bf862f8d-df39-5559-bab5-d942fccb2432,19472ae7-656f-4781-b1d4-f5e800396ddb,ocr_required,scoring_rubric,source_provided,True,True,正确关系式 1.00；说明代入过程 2.00。,正确关系式 1.00；说明代入过程 2.00。,matched,import-execution-v5\t160-quality-20261006T132638Z-80ad8d90\runs\t160-quality-20261006T132638Z-80ad8d90-12-IMP-MIXED-r3\result.json
t160-quality-20261006T132638Z-80ad8d90-12-IMP-MIXED-r3,IMP-MIXED,3,assisted_corrected,bf862f8d-df39-5559-bab5-d942fccb2432,19472ae7-656f-4781-b1d4-f5e800396ddb,ocr_required,knowledge_points,source_provided,True,True,"[""一次函数"", ""表达与计算""]","[""一次函数"", ""表达与计算""]",matched,import-execution-v5\t160-quality-20261006T132638Z-80ad8d90\runs\t160-quality-20261006T132638Z-80ad8d90-12-IMP-MIXED-r3\result.json
t160-quality-20261006T132638Z-80ad8d90-12-IMP-MIXED-r3,IMP-MIXED,3,assisted_corrected,bf862f8d-df39-5559-bab5-d942fccb2432,19472ae7-656f-4781-b1d4-f5e800396ddb,ocr_required,source_regions,unknown,False,,,,reference_unknown,import-execution-v5\t160-quality-20261006T132638Z-80ad8d90\runs\t160-quality-20261006T132638Z-80ad8d90-12-IMP-MIXED-r3\result.json
t160-quality-20261006T132638Z-80ad8d90-12-IMP-MIXED-r3,IMP-MIXED,3,assisted_corrected,bf862f8d-df39-5559-bab5-d942fccb2432,19472ae7-656f-4781-b1d4-f5e800396ddb,ocr_required,assets,source_provided,True,False,"[{""asset_type"": ""table"", ""source_page_number"": 2, ""order_index"": 1}]",,matched,import-execution-v5\t160-quality-20261006T132638Z-80ad8d90\runs\t160-quality-20261006T132638Z-80ad8d90-12-IMP-MIXED-r3\result.json
t160-quality-20261006T132638Z-80ad8d90-13-IMP-CROSS-r1,IMP-CROSS,1,automatic,239d78f4-ab44-59ec-ab7f-e11e454e26f1,2ade3894-d390-4a97-a36e-11c0f74e21c5,native_text,question_number,source_provided,True,True,4,4,matched,import-execution-v5\t160-quality-20261006T132638Z-80ad8d90\runs\t160-quality-20261006T132638Z-80ad8d90-13-IMP-CROSS-r1\result.json
t160-quality-20261006T132638Z-80ad8d90-13-IMP-CROSS-r1,IMP-CROSS,1,automatic,239d78f4-ab44-59ec-ab7f-e11e454e26f1,2ade3894-d390-4a97-a36e-11c0f74e21c5,native_text,order_index,source_provided,True,True,1,1,matched,import-execution-v5\t160-quality-20261006T132638Z-80ad8d90\runs\t160-quality-20261006T132638Z-80ad8d90-13-IMP-CROSS-r1\result.json
t160-quality-20261006T132638Z-80ad8d90-13-IMP-CROSS-r1,IMP-CROSS,1,automatic,239d78f4-ab44-59ec-ab7f-e11e454e26f1,2ade3894-d390-4a97-a36e-11c0f74e21c5,native_text,source_page_numbers,source_provided,True,True,"[1, 2]","[1, 2]",matched,import-execution-v5\t160-quality-20261006T132638Z-80ad8d90\runs\t160-quality-20261006T132638Z-80ad8d90-13-IMP-CROSS-r1\result.json
t160-quality-20261006T132638Z-80ad8d90-13-IMP-CROSS-r1,IMP-CROSS,1,automatic,239d78f4-ab44-59ec-ab7f-e11e454e26f1,2ade3894-d390-4a97-a36e-11c0f74e21c5,native_text,question_type,unknown,False,,,SHORT_ANSWER,reference_unknown,import-execution-v5\t160-quality-20261006T132638Z-80ad8d90\runs\t160-quality-20261006T132638Z-80ad8d90-13-IMP-CROSS-r1\result.json
t160-quality-20261006T132638Z-80ad8d90-13-IMP-CROSS-r1,IMP-CROSS,1,automatic,239d78f4-ab44-59ec-ab7f-e11e454e26f1,2ade3894-d390-4a97-a36e-11c0f74e21c5,native_text,content,source_provided,True,False,"阅读下页流程图：输入 x = 3，计算输出 y。
按下图流程完成计算。",阅读下页流程图：输入 x = 3，计算输出 y。,matched,import-execution-v5\t160-quality-20261006T132638Z-80ad8d90\runs\t160-quality-20261006T132638Z-80ad8d90-13-IMP-CROSS-r1\result.json
t160-quality-20261006T132638Z-80ad8d90-13-IMP-CROSS-r1,IMP-CROSS,1,automatic,239d78f4-ab44-59ec-ab7f-e11e454e26f1,2ade3894-d390-4a97-a36e-11c0f74e21c5,native_text,options,not_applicable,True,True,,,matched,import-execution-v5\t160-quality-20261006T132638Z-80ad8d90\runs\t160-quality-20261006T132638Z-80ad8d90-13-IMP-CROSS-r1\result.json
t160-quality-20261006T132638Z-80ad8d90-13-IMP-CROSS-r1,IMP-CROSS,1,automatic,239d78f4-ab44-59ec-ab7f-e11e454e26f1,2ade3894-d390-4a97-a36e-11c0f74e21c5,native_text,reference_answer,known_missing,True,True,,,matched,import-execution-v5\t160-quality-20261006T132638Z-80ad8d90\runs\t160-quality-20261006T132638Z-80ad8d90-13-IMP-CROSS-r1\result.json
t160-quality-20261006T132638Z-80ad8d90-13-IMP-CROSS-r1,IMP-CROSS,1,automatic,239d78f4-ab44-59ec-ab7f-e11e454e26f1,2ade3894-d390-4a97-a36e-11c0f74e21c5,native_text,analysis,known_missing,True,True,,,matched,import-execution-v5\t160-quality-20261006T132638Z-80ad8d90\runs\t160-quality-20261006T132638Z-80ad8d90-13-IMP-CROSS-r1\result.json
t160-quality-20261006T132638Z-80ad8d90-13-IMP-CROSS-r1,IMP-CROSS,1,automatic,239d78f4-ab44-59ec-ab7f-e11e454e26f1,2ade3894-d390-4a97-a36e-11c0f74e21c5,native_text,score,source_provided,True,True,5.00,5.00,matched,import-execution-v5\t160-quality-20261006T132638Z-80ad8d90\runs\t160-quality-20261006T132638Z-80ad8d90-13-IMP-CROSS-r1\result.json
t160-quality-20261006T132638Z-80ad8d90-13-IMP-CROSS-r1,IMP-CROSS,1,automatic,239d78f4-ab44-59ec-ab7f-e11e454e26f1,2ade3894-d390-4a97-a36e-11c0f74e21c5,native_text,scoring_rubric,source_provided,True,True,正确中间计算 2.00；最终输出 3.00。,正确中间计算 2.00；最终输出 3.00。,matched,import-execution-v5\t160-quality-20261006T132638Z-80ad8d90\runs\t160-quality-20261006T132638Z-80ad8d90-13-IMP-CROSS-r1\result.json
t160-quality-20261006T132638Z-80ad8d90-13-IMP-CROSS-r1,IMP-CROSS,1,automatic,239d78f4-ab44-59ec-ab7f-e11e454e26f1,2ade3894-d390-4a97-a36e-11c0f74e21c5,native_text,knowledge_points,known_missing,True,False,[],,matched,import-execution-v5\t160-quality-20261006T132638Z-80ad8d90\runs\t160-quality-20261006T132638Z-80ad8d90-13-IMP-CROSS-r1\result.json
t160-quality-20261006T132638Z-80ad8d90-13-IMP-CROSS-r1,IMP-CROSS,1,automatic,239d78f4-ab44-59ec-ab7f-e11e454e26f1,2ade3894-d390-4a97-a36e-11c0f74e21c5,native_text,source_regions,unknown,False,,,,reference_unknown,import-execution-v5\t160-quality-20261006T132638Z-80ad8d90\runs\t160-quality-20261006T132638Z-80ad8d90-13-IMP-CROSS-r1\result.json
t160-quality-20261006T132638Z-80ad8d90-13-IMP-CROSS-r1,IMP-CROSS,1,automatic,239d78f4-ab44-59ec-ab7f-e11e454e26f1,2ade3894-d390-4a97-a36e-11c0f74e21c5,native_text,assets,source_provided,True,False,"[{""asset_type"": ""diagram"", ""source_page_number"": 2, ""order_index"": 1}]",,matched,import-execution-v5\t160-quality-20261006T132638Z-80ad8d90\runs\t160-quality-20261006T132638Z-80ad8d90-13-IMP-CROSS-r1\result.json
t160-quality-20261006T132638Z-80ad8d90-13-IMP-CROSS-r1,IMP-CROSS,1,assisted_corrected,239d78f4-ab44-59ec-ab7f-e11e454e26f1,2ade3894-d390-4a97-a36e-11c0f74e21c5,native_text,question_number,source_provided,True,True,4,4,matched,import-execution-v5\t160-quality-20261006T132638Z-80ad8d90\runs\t160-quality-20261006T132638Z-80ad8d90-13-IMP-CROSS-r1\result.json
t160-quality-20261006T132638Z-80ad8d90-13-IMP-CROSS-r1,IMP-CROSS,1,assisted_corrected,239d78f4-ab44-59ec-ab7f-e11e454e26f1,2ade3894-d390-4a97-a36e-11c0f74e21c5,native_text,order_index,source_provided,True,True,1,1,matched,import-execution-v5\t160-quality-20261006T132638Z-80ad8d90\runs\t160-quality-20261006T132638Z-80ad8d90-13-IMP-CROSS-r1\result.json
t160-quality-20261006T132638Z-80ad8d90-13-IMP-CROSS-r1,IMP-CROSS,1,assisted_corrected,239d78f4-ab44-59ec-ab7f-e11e454e26f1,2ade3894-d390-4a97-a36e-11c0f74e21c5,native_text,source_page_numbers,source_provided,True,True,"[1, 2]","[1, 2]",matched,import-execution-v5\t160-quality-20261006T132638Z-80ad8d90\runs\t160-quality-20261006T132638Z-80ad8d90-13-IMP-CROSS-r1\result.json
t160-quality-20261006T132638Z-80ad8d90-13-IMP-CROSS-r1,IMP-CROSS,1,assisted_corrected,239d78f4-ab44-59ec-ab7f-e11e454e26f1,2ade3894-d390-4a97-a36e-11c0f74e21c5,native_text,question_type,unknown,False,,,SHORT_ANSWER,reference_unknown,import-execution-v5\t160-quality-20261006T132638Z-80ad8d90\runs\t160-quality-20261006T132638Z-80ad8d90-13-IMP-CROSS-r1\result.json
t160-quality-20261006T132638Z-80ad8d90-13-IMP-CROSS-r1,IMP-CROSS,1,assisted_corrected,239d78f4-ab44-59ec-ab7f-e11e454e26f1,2ade3894-d390-4a97-a36e-11c0f74e21c5,native_text,content,source_provided,True,True,"阅读下页流程图：输入 x = 3，计算输出 y。
按下图流程完成计算。","阅读下页流程图：输入 x = 3，计算输出 y。
按下图流程完成计算。",matched,import-execution-v5\t160-quality-20261006T132638Z-80ad8d90\runs\t160-quality-20261006T132638Z-80ad8d90-13-IMP-CROSS-r1\result.json
t160-quality-20261006T132638Z-80ad8d90-13-IMP-CROSS-r1,IMP-CROSS,1,assisted_corrected,239d78f4-ab44-59ec-ab7f-e11e454e26f1,2ade3894-d390-4a97-a36e-11c0f74e21c5,native_text,options,not_applicable,True,True,,,matched,import-execution-v5\t160-quality-20261006T132638Z-80ad8d90\runs\t160-quality-20261006T132638Z-80ad8d90-13-IMP-CROSS-r1\result.json
t160-quality-20261006T132638Z-80ad8d90-13-IMP-CROSS-r1,IMP-CROSS,1,assisted_corrected,239d78f4-ab44-59ec-ab7f-e11e454e26f1,2ade3894-d390-4a97-a36e-11c0f74e21c5,native_text,reference_answer,known_missing,True,True,,,matched,import-execution-v5\t160-quality-20261006T132638Z-80ad8d90\runs\t160-quality-20261006T132638Z-80ad8d90-13-IMP-CROSS-r1\result.json
t160-quality-20261006T132638Z-80ad8d90-13-IMP-CROSS-r1,IMP-CROSS,1,assisted_corrected,239d78f4-ab44-59ec-ab7f-e11e454e26f1,2ade3894-d390-4a97-a36e-11c0f74e21c5,native_text,analysis,known_missing,True,True,,,matched,import-execution-v5\t160-quality-20261006T132638Z-80ad8d90\runs\t160-quality-20261006T132638Z-80ad8d90-13-IMP-CROSS-r1\result.json
t160-quality-20261006T132638Z-80ad8d90-13-IMP-CROSS-r1,IMP-CROSS,1,assisted_corrected,239d78f4-ab44-59ec-ab7f-e11e454e26f1,2ade3894-d390-4a97-a36e-11c0f74e21c5,native_text,score,source_provided,True,True,5.00,5.00,matched,import-execution-v5\t160-quality-20261006T132638Z-80ad8d90\runs\t160-quality-20261006T132638Z-80ad8d90-13-IMP-CROSS-r1\result.json
t160-quality-20261006T132638Z-80ad8d90-13-IMP-CROSS-r1,IMP-CROSS,1,assisted_corrected,239d78f4-ab44-59ec-ab7f-e11e454e26f1,2ade3894-d390-4a97-a36e-11c0f74e21c5,native_text,scoring_rubric,source_provided,True,True,正确中间计算 2.00；最终输出 3.00。,正确中间计算 2.00；最终输出 3.00。,matched,import-execution-v5\t160-quality-20261006T132638Z-80ad8d90\runs\t160-quality-20261006T132638Z-80ad8d90-13-IMP-CROSS-r1\result.json
t160-quality-20261006T132638Z-80ad8d90-13-IMP-CROSS-r1,IMP-CROSS,1,assisted_corrected,239d78f4-ab44-59ec-ab7f-e11e454e26f1,2ade3894-d390-4a97-a36e-11c0f74e21c5,native_text,knowledge_points,known_missing,True,True,[],[],matched,import-execution-v5\t160-quality-20261006T132638Z-80ad8d90\runs\t160-quality-20261006T132638Z-80ad8d90-13-IMP-CROSS-r1\result.json
t160-quality-20261006T132638Z-80ad8d90-13-IMP-CROSS-r1,IMP-CROSS,1,assisted_corrected,239d78f4-ab44-59ec-ab7f-e11e454e26f1,2ade3894-d390-4a97-a36e-11c0f74e21c5,native_text,source_regions,unknown,False,,,,reference_unknown,import-execution-v5\t160-quality-20261006T132638Z-80ad8d90\runs\t160-quality-20261006T132638Z-80ad8d90-13-IMP-CROSS-r1\result.json
t160-quality-20261006T132638Z-80ad8d90-13-IMP-CROSS-r1,IMP-CROSS,1,assisted_corrected,239d78f4-ab44-59ec-ab7f-e11e454e26f1,2ade3894-d390-4a97-a36e-11c0f74e21c5,native_text,assets,source_provided,True,False,"[{""asset_type"": ""diagram"", ""source_page_number"": 2, ""order_index"": 1}]",,matched,import-execution-v5\t160-quality-20261006T132638Z-80ad8d90\runs\t160-quality-20261006T132638Z-80ad8d90-13-IMP-CROSS-r1\result.json
t160-quality-20261006T132638Z-80ad8d90-14-IMP-CROSS-r2,IMP-CROSS,2,automatic,239d78f4-ab44-59ec-ab7f-e11e454e26f1,39a03a11-d265-4155-a7c0-b4273fc035c9,native_text,question_number,source_provided,True,True,4,4,matched,import-execution-v5\t160-quality-20261006T132638Z-80ad8d90\runs\t160-quality-20261006T132638Z-80ad8d90-14-IMP-CROSS-r2\result.json
t160-quality-20261006T132638Z-80ad8d90-14-IMP-CROSS-r2,IMP-CROSS,2,automatic,239d78f4-ab44-59ec-ab7f-e11e454e26f1,39a03a11-d265-4155-a7c0-b4273fc035c9,native_text,order_index,source_provided,True,True,1,1,matched,import-execution-v5\t160-quality-20261006T132638Z-80ad8d90\runs\t160-quality-20261006T132638Z-80ad8d90-14-IMP-CROSS-r2\result.json
t160-quality-20261006T132638Z-80ad8d90-14-IMP-CROSS-r2,IMP-CROSS,2,automatic,239d78f4-ab44-59ec-ab7f-e11e454e26f1,39a03a11-d265-4155-a7c0-b4273fc035c9,native_text,source_page_numbers,source_provided,True,True,"[1, 2]","[1, 2]",matched,import-execution-v5\t160-quality-20261006T132638Z-80ad8d90\runs\t160-quality-20261006T132638Z-80ad8d90-14-IMP-CROSS-r2\result.json
t160-quality-20261006T132638Z-80ad8d90-14-IMP-CROSS-r2,IMP-CROSS,2,automatic,239d78f4-ab44-59ec-ab7f-e11e454e26f1,39a03a11-d265-4155-a7c0-b4273fc035c9,native_text,question_type,unknown,False,,,SHORT_ANSWER,reference_unknown,import-execution-v5\t160-quality-20261006T132638Z-80ad8d90\runs\t160-quality-20261006T132638Z-80ad8d90-14-IMP-CROSS-r2\result.json
t160-quality-20261006T132638Z-80ad8d90-14-IMP-CROSS-r2,IMP-CROSS,2,automatic,239d78f4-ab44-59ec-ab7f-e11e454e26f1,39a03a11-d265-4155-a7c0-b4273fc035c9,native_text,content,source_provided,True,False,"阅读下页流程图：输入 x = 3，计算输出 y。
按下图流程完成计算。","阅读下页流程图：输入 x = 3，计算输出 y。
题干起点在本页，流程图与本题续文在第 2 页。
不要把跨页续文当作新题；本卷未附参考答案。",matched,import-execution-v5\t160-quality-20261006T132638Z-80ad8d90\runs\t160-quality-20261006T132638Z-80ad8d90-14-IMP-CROSS-r2\result.json
t160-quality-20261006T132638Z-80ad8d90-14-IMP-CROSS-r2,IMP-CROSS,2,automatic,239d78f4-ab44-59ec-ab7f-e11e454e26f1,39a03a11-d265-4155-a7c0-b4273fc035c9,native_text,options,not_applicable,True,True,,,matched,import-execution-v5\t160-quality-20261006T132638Z-80ad8d90\runs\t160-quality-20261006T132638Z-80ad8d90-14-IMP-CROSS-r2\result.json
t160-quality-20261006T132638Z-80ad8d90-14-IMP-CROSS-r2,IMP-CROSS,2,automatic,239d78f4-ab44-59ec-ab7f-e11e454e26f1,39a03a11-d265-4155-a7c0-b4273fc035c9,native_text,reference_answer,known_missing,True,True,,,matched,import-execution-v5\t160-quality-20261006T132638Z-80ad8d90\runs\t160-quality-20261006T132638Z-80ad8d90-14-IMP-CROSS-r2\result.json
t160-quality-20261006T132638Z-80ad8d90-14-IMP-CROSS-r2,IMP-CROSS,2,automatic,239d78f4-ab44-59ec-ab7f-e11e454e26f1,39a03a11-d265-4155-a7c0-b4273fc035c9,native_text,analysis,known_missing,True,True,,,matched,import-execution-v5\t160-quality-20261006T132638Z-80ad8d90\runs\t160-quality-20261006T132638Z-80ad8d90-14-IMP-CROSS-r2\result.json
t160-quality-20261006T132638Z-80ad8d90-14-IMP-CROSS-r2,IMP-CROSS,2,automatic,239d78f4-ab44-59ec-ab7f-e11e454e26f1,39a03a11-d265-4155-a7c0-b4273fc035c9,native_text,score,source_provided,True,True,5.00,5.00,matched,import-execution-v5\t160-quality-20261006T132638Z-80ad8d90\runs\t160-quality-20261006T132638Z-80ad8d90-14-IMP-CROSS-r2\result.json
t160-quality-20261006T132638Z-80ad8d90-14-IMP-CROSS-r2,IMP-CROSS,2,automatic,239d78f4-ab44-59ec-ab7f-e11e454e26f1,39a03a11-d265-4155-a7c0-b4273fc035c9,native_text,scoring_rubric,source_provided,True,True,正确中间计算 2.00；最终输出 3.00。,正确中间计算 2.00；最终输出 3.00。,matched,import-execution-v5\t160-quality-20261006T132638Z-80ad8d90\runs\t160-quality-20261006T132638Z-80ad8d90-14-IMP-CROSS-r2\result.json
t160-quality-20261006T132638Z-80ad8d90-14-IMP-CROSS-r2,IMP-CROSS,2,automatic,239d78f4-ab44-59ec-ab7f-e11e454e26f1,39a03a11-d265-4155-a7c0-b4273fc035c9,native_text,knowledge_points,known_missing,True,False,[],,matched,import-execution-v5\t160-quality-20261006T132638Z-80ad8d90\runs\t160-quality-20261006T132638Z-80ad8d90-14-IMP-CROSS-r2\result.json
t160-quality-20261006T132638Z-80ad8d90-14-IMP-CROSS-r2,IMP-CROSS,2,automatic,239d78f4-ab44-59ec-ab7f-e11e454e26f1,39a03a11-d265-4155-a7c0-b4273fc035c9,native_text,source_regions,unknown,False,,,,reference_unknown,import-execution-v5\t160-quality-20261006T132638Z-80ad8d90\runs\t160-quality-20261006T132638Z-80ad8d90-14-IMP-CROSS-r2\result.json
t160-quality-20261006T132638Z-80ad8d90-14-IMP-CROSS-r2,IMP-CROSS,2,automatic,239d78f4-ab44-59ec-ab7f-e11e454e26f1,39a03a11-d265-4155-a7c0-b4273fc035c9,native_text,assets,source_provided,True,False,"[{""asset_type"": ""diagram"", ""source_page_number"": 2, ""order_index"": 1}]",,matched,import-execution-v5\t160-quality-20261006T132638Z-80ad8d90\runs\t160-quality-20261006T132638Z-80ad8d90-14-IMP-CROSS-r2\result.json
t160-quality-20261006T132638Z-80ad8d90-14-IMP-CROSS-r2,IMP-CROSS,2,assisted_corrected,239d78f4-ab44-59ec-ab7f-e11e454e26f1,39a03a11-d265-4155-a7c0-b4273fc035c9,native_text,question_number,source_provided,True,True,4,4,matched,import-execution-v5\t160-quality-20261006T132638Z-80ad8d90\runs\t160-quality-20261006T132638Z-80ad8d90-14-IMP-CROSS-r2\result.json
t160-quality-20261006T132638Z-80ad8d90-14-IMP-CROSS-r2,IMP-CROSS,2,assisted_corrected,239d78f4-ab44-59ec-ab7f-e11e454e26f1,39a03a11-d265-4155-a7c0-b4273fc035c9,native_text,order_index,source_provided,True,True,1,1,matched,import-execution-v5\t160-quality-20261006T132638Z-80ad8d90\runs\t160-quality-20261006T132638Z-80ad8d90-14-IMP-CROSS-r2\result.json
t160-quality-20261006T132638Z-80ad8d90-14-IMP-CROSS-r2,IMP-CROSS,2,assisted_corrected,239d78f4-ab44-59ec-ab7f-e11e454e26f1,39a03a11-d265-4155-a7c0-b4273fc035c9,native_text,source_page_numbers,source_provided,True,True,"[1, 2]","[1, 2]",matched,import-execution-v5\t160-quality-20261006T132638Z-80ad8d90\runs\t160-quality-20261006T132638Z-80ad8d90-14-IMP-CROSS-r2\result.json
t160-quality-20261006T132638Z-80ad8d90-14-IMP-CROSS-r2,IMP-CROSS,2,assisted_corrected,239d78f4-ab44-59ec-ab7f-e11e454e26f1,39a03a11-d265-4155-a7c0-b4273fc035c9,native_text,question_type,unknown,False,,,SHORT_ANSWER,reference_unknown,import-execution-v5\t160-quality-20261006T132638Z-80ad8d90\runs\t160-quality-20261006T132638Z-80ad8d90-14-IMP-CROSS-r2\result.json
t160-quality-20261006T132638Z-80ad8d90-14-IMP-CROSS-r2,IMP-CROSS,2,assisted_corrected,239d78f4-ab44-59ec-ab7f-e11e454e26f1,39a03a11-d265-4155-a7c0-b4273fc035c9,native_text,content,source_provided,True,True,"阅读下页流程图：输入 x = 3，计算输出 y。
按下图流程完成计算。","阅读下页流程图：输入 x = 3，计算输出 y。
按下图流程完成计算。",matched,import-execution-v5\t160-quality-20261006T132638Z-80ad8d90\runs\t160-quality-20261006T132638Z-80ad8d90-14-IMP-CROSS-r2\result.json
t160-quality-20261006T132638Z-80ad8d90-14-IMP-CROSS-r2,IMP-CROSS,2,assisted_corrected,239d78f4-ab44-59ec-ab7f-e11e454e26f1,39a03a11-d265-4155-a7c0-b4273fc035c9,native_text,options,not_applicable,True,True,,,matched,import-execution-v5\t160-quality-20261006T132638Z-80ad8d90\runs\t160-quality-20261006T132638Z-80ad8d90-14-IMP-CROSS-r2\result.json
t160-quality-20261006T132638Z-80ad8d90-14-IMP-CROSS-r2,IMP-CROSS,2,assisted_corrected,239d78f4-ab44-59ec-ab7f-e11e454e26f1,39a03a11-d265-4155-a7c0-b4273fc035c9,native_text,reference_answer,known_missing,True,True,,,matched,import-execution-v5\t160-quality-20261006T132638Z-80ad8d90\runs\t160-quality-20261006T132638Z-80ad8d90-14-IMP-CROSS-r2\result.json
t160-quality-20261006T132638Z-80ad8d90-14-IMP-CROSS-r2,IMP-CROSS,2,assisted_corrected,239d78f4-ab44-59ec-ab7f-e11e454e26f1,39a03a11-d265-4155-a7c0-b4273fc035c9,native_text,analysis,known_missing,True,True,,,matched,import-execution-v5\t160-quality-20261006T132638Z-80ad8d90\runs\t160-quality-20261006T132638Z-80ad8d90-14-IMP-CROSS-r2\result.json
t160-quality-20261006T132638Z-80ad8d90-14-IMP-CROSS-r2,IMP-CROSS,2,assisted_corrected,239d78f4-ab44-59ec-ab7f-e11e454e26f1,39a03a11-d265-4155-a7c0-b4273fc035c9,native_text,score,source_provided,True,True,5.00,5.00,matched,import-execution-v5\t160-quality-20261006T132638Z-80ad8d90\runs\t160-quality-20261006T132638Z-80ad8d90-14-IMP-CROSS-r2\result.json
t160-quality-20261006T132638Z-80ad8d90-14-IMP-CROSS-r2,IMP-CROSS,2,assisted_corrected,239d78f4-ab44-59ec-ab7f-e11e454e26f1,39a03a11-d265-4155-a7c0-b4273fc035c9,native_text,scoring_rubric,source_provided,True,True,正确中间计算 2.00；最终输出 3.00。,正确中间计算 2.00；最终输出 3.00。,matched,import-execution-v5\t160-quality-20261006T132638Z-80ad8d90\runs\t160-quality-20261006T132638Z-80ad8d90-14-IMP-CROSS-r2\result.json
t160-quality-20261006T132638Z-80ad8d90-14-IMP-CROSS-r2,IMP-CROSS,2,assisted_corrected,239d78f4-ab44-59ec-ab7f-e11e454e26f1,39a03a11-d265-4155-a7c0-b4273fc035c9,native_text,knowledge_points,known_missing,True,True,[],[],matched,import-execution-v5\t160-quality-20261006T132638Z-80ad8d90\runs\t160-quality-20261006T132638Z-80ad8d90-14-IMP-CROSS-r2\result.json
t160-quality-20261006T132638Z-80ad8d90-14-IMP-CROSS-r2,IMP-CROSS,2,assisted_corrected,239d78f4-ab44-59ec-ab7f-e11e454e26f1,39a03a11-d265-4155-a7c0-b4273fc035c9,native_text,source_regions,unknown,False,,,,reference_unknown,import-execution-v5\t160-quality-20261006T132638Z-80ad8d90\runs\t160-quality-20261006T132638Z-80ad8d90-14-IMP-CROSS-r2\result.json
t160-quality-20261006T132638Z-80ad8d90-14-IMP-CROSS-r2,IMP-CROSS,2,assisted_corrected,239d78f4-ab44-59ec-ab7f-e11e454e26f1,39a03a11-d265-4155-a7c0-b4273fc035c9,native_text,assets,source_provided,True,False,"[{""asset_type"": ""diagram"", ""source_page_number"": 2, ""order_index"": 1}]",,matched,import-execution-v5\t160-quality-20261006T132638Z-80ad8d90\runs\t160-quality-20261006T132638Z-80ad8d90-14-IMP-CROSS-r2\result.json
t160-quality-20261006T132638Z-80ad8d90-15-IMP-CROSS-r3,IMP-CROSS,3,automatic,239d78f4-ab44-59ec-ab7f-e11e454e26f1,49bcdbd2-1bc8-4e77-81c7-324126a4628b,native_text,question_number,source_provided,True,True,4,4,matched,import-execution-v5\t160-quality-20261006T132638Z-80ad8d90\runs\t160-quality-20261006T132638Z-80ad8d90-15-IMP-CROSS-r3\result.json
t160-quality-20261006T132638Z-80ad8d90-15-IMP-CROSS-r3,IMP-CROSS,3,automatic,239d78f4-ab44-59ec-ab7f-e11e454e26f1,49bcdbd2-1bc8-4e77-81c7-324126a4628b,native_text,order_index,source_provided,True,True,1,1,matched,import-execution-v5\t160-quality-20261006T132638Z-80ad8d90\runs\t160-quality-20261006T132638Z-80ad8d90-15-IMP-CROSS-r3\result.json
t160-quality-20261006T132638Z-80ad8d90-15-IMP-CROSS-r3,IMP-CROSS,3,automatic,239d78f4-ab44-59ec-ab7f-e11e454e26f1,49bcdbd2-1bc8-4e77-81c7-324126a4628b,native_text,source_page_numbers,source_provided,True,True,"[1, 2]","[1, 2]",matched,import-execution-v5\t160-quality-20261006T132638Z-80ad8d90\runs\t160-quality-20261006T132638Z-80ad8d90-15-IMP-CROSS-r3\result.json
t160-quality-20261006T132638Z-80ad8d90-15-IMP-CROSS-r3,IMP-CROSS,3,automatic,239d78f4-ab44-59ec-ab7f-e11e454e26f1,49bcdbd2-1bc8-4e77-81c7-324126a4628b,native_text,question_type,unknown,False,,,SHORT_ANSWER,reference_unknown,import-execution-v5\t160-quality-20261006T132638Z-80ad8d90\runs\t160-quality-20261006T132638Z-80ad8d90-15-IMP-CROSS-r3\result.json
t160-quality-20261006T132638Z-80ad8d90-15-IMP-CROSS-r3,IMP-CROSS,3,automatic,239d78f4-ab44-59ec-ab7f-e11e454e26f1,49bcdbd2-1bc8-4e77-81c7-324126a4628b,native_text,content,source_provided,True,False,"阅读下页流程图：输入 x = 3，计算输出 y。
按下图流程完成计算。","阅读下页流程图：输入 x = 3，计算输出 y。
第 4 题续：按下图流程完成计算。",matched,import-execution-v5\t160-quality-20261006T132638Z-80ad8d90\runs\t160-quality-20261006T132638Z-80ad8d90-15-IMP-CROSS-r3\result.json
t160-quality-20261006T132638Z-80ad8d90-15-IMP-CROSS-r3,IMP-CROSS,3,automatic,239d78f4-ab44-59ec-ab7f-e11e454e26f1,49bcdbd2-1bc8-4e77-81c7-324126a4628b,native_text,options,not_applicable,True,True,,,matched,import-execution-v5\t160-quality-20261006T132638Z-80ad8d90\runs\t160-quality-20261006T132638Z-80ad8d90-15-IMP-CROSS-r3\result.json
t160-quality-20261006T132638Z-80ad8d90-15-IMP-CROSS-r3,IMP-CROSS,3,automatic,239d78f4-ab44-59ec-ab7f-e11e454e26f1,49bcdbd2-1bc8-4e77-81c7-324126a4628b,native_text,reference_answer,known_missing,True,True,,,matched,import-execution-v5\t160-quality-20261006T132638Z-80ad8d90\runs\t160-quality-20261006T132638Z-80ad8d90-15-IMP-CROSS-r3\result.json
t160-quality-20261006T132638Z-80ad8d90-15-IMP-CROSS-r3,IMP-CROSS,3,automatic,239d78f4-ab44-59ec-ab7f-e11e454e26f1,49bcdbd2-1bc8-4e77-81c7-324126a4628b,native_text,analysis,known_missing,True,True,,,matched,import-execution-v5\t160-quality-20261006T132638Z-80ad8d90\runs\t160-quality-20261006T132638Z-80ad8d90-15-IMP-CROSS-r3\result.json
t160-quality-20261006T132638Z-80ad8d90-15-IMP-CROSS-r3,IMP-CROSS,3,automatic,239d78f4-ab44-59ec-ab7f-e11e454e26f1,49bcdbd2-1bc8-4e77-81c7-324126a4628b,native_text,score,source_provided,True,True,5.00,5.00,matched,import-execution-v5\t160-quality-20261006T132638Z-80ad8d90\runs\t160-quality-20261006T132638Z-80ad8d90-15-IMP-CROSS-r3\result.json
t160-quality-20261006T132638Z-80ad8d90-15-IMP-CROSS-r3,IMP-CROSS,3,automatic,239d78f4-ab44-59ec-ab7f-e11e454e26f1,49bcdbd2-1bc8-4e77-81c7-324126a4628b,native_text,scoring_rubric,source_provided,True,True,正确中间计算 2.00；最终输出 3.00。,正确中间计算 2.00；最终输出 3.00。,matched,import-execution-v5\t160-quality-20261006T132638Z-80ad8d90\runs\t160-quality-20261006T132638Z-80ad8d90-15-IMP-CROSS-r3\result.json
t160-quality-20261006T132638Z-80ad8d90-15-IMP-CROSS-r3,IMP-CROSS,3,automatic,239d78f4-ab44-59ec-ab7f-e11e454e26f1,49bcdbd2-1bc8-4e77-81c7-324126a4628b,native_text,knowledge_points,known_missing,True,False,[],,matched,import-execution-v5\t160-quality-20261006T132638Z-80ad8d90\runs\t160-quality-20261006T132638Z-80ad8d90-15-IMP-CROSS-r3\result.json
t160-quality-20261006T132638Z-80ad8d90-15-IMP-CROSS-r3,IMP-CROSS,3,automatic,239d78f4-ab44-59ec-ab7f-e11e454e26f1,49bcdbd2-1bc8-4e77-81c7-324126a4628b,native_text,source_regions,unknown,False,,,,reference_unknown,import-execution-v5\t160-quality-20261006T132638Z-80ad8d90\runs\t160-quality-20261006T132638Z-80ad8d90-15-IMP-CROSS-r3\result.json
t160-quality-20261006T132638Z-80ad8d90-15-IMP-CROSS-r3,IMP-CROSS,3,automatic,239d78f4-ab44-59ec-ab7f-e11e454e26f1,49bcdbd2-1bc8-4e77-81c7-324126a4628b,native_text,assets,source_provided,True,False,"[{""asset_type"": ""diagram"", ""source_page_number"": 2, ""order_index"": 1}]",,matched,import-execution-v5\t160-quality-20261006T132638Z-80ad8d90\runs\t160-quality-20261006T132638Z-80ad8d90-15-IMP-CROSS-r3\result.json
t160-quality-20261006T132638Z-80ad8d90-15-IMP-CROSS-r3,IMP-CROSS,3,assisted_corrected,239d78f4-ab44-59ec-ab7f-e11e454e26f1,49bcdbd2-1bc8-4e77-81c7-324126a4628b,native_text,question_number,source_provided,True,True,4,4,matched,import-execution-v5\t160-quality-20261006T132638Z-80ad8d90\runs\t160-quality-20261006T132638Z-80ad8d90-15-IMP-CROSS-r3\result.json
t160-quality-20261006T132638Z-80ad8d90-15-IMP-CROSS-r3,IMP-CROSS,3,assisted_corrected,239d78f4-ab44-59ec-ab7f-e11e454e26f1,49bcdbd2-1bc8-4e77-81c7-324126a4628b,native_text,order_index,source_provided,True,True,1,1,matched,import-execution-v5\t160-quality-20261006T132638Z-80ad8d90\runs\t160-quality-20261006T132638Z-80ad8d90-15-IMP-CROSS-r3\result.json
t160-quality-20261006T132638Z-80ad8d90-15-IMP-CROSS-r3,IMP-CROSS,3,assisted_corrected,239d78f4-ab44-59ec-ab7f-e11e454e26f1,49bcdbd2-1bc8-4e77-81c7-324126a4628b,native_text,source_page_numbers,source_provided,True,True,"[1, 2]","[1, 2]",matched,import-execution-v5\t160-quality-20261006T132638Z-80ad8d90\runs\t160-quality-20261006T132638Z-80ad8d90-15-IMP-CROSS-r3\result.json
t160-quality-20261006T132638Z-80ad8d90-15-IMP-CROSS-r3,IMP-CROSS,3,assisted_corrected,239d78f4-ab44-59ec-ab7f-e11e454e26f1,49bcdbd2-1bc8-4e77-81c7-324126a4628b,native_text,question_type,unknown,False,,,SHORT_ANSWER,reference_unknown,import-execution-v5\t160-quality-20261006T132638Z-80ad8d90\runs\t160-quality-20261006T132638Z-80ad8d90-15-IMP-CROSS-r3\result.json
t160-quality-20261006T132638Z-80ad8d90-15-IMP-CROSS-r3,IMP-CROSS,3,assisted_corrected,239d78f4-ab44-59ec-ab7f-e11e454e26f1,49bcdbd2-1bc8-4e77-81c7-324126a4628b,native_text,content,source_provided,True,True,"阅读下页流程图：输入 x = 3，计算输出 y。
按下图流程完成计算。","阅读下页流程图：输入 x = 3，计算输出 y。
按下图流程完成计算。",matched,import-execution-v5\t160-quality-20261006T132638Z-80ad8d90\runs\t160-quality-20261006T132638Z-80ad8d90-15-IMP-CROSS-r3\result.json
t160-quality-20261006T132638Z-80ad8d90-15-IMP-CROSS-r3,IMP-CROSS,3,assisted_corrected,239d78f4-ab44-59ec-ab7f-e11e454e26f1,49bcdbd2-1bc8-4e77-81c7-324126a4628b,native_text,options,not_applicable,True,True,,,matched,import-execution-v5\t160-quality-20261006T132638Z-80ad8d90\runs\t160-quality-20261006T132638Z-80ad8d90-15-IMP-CROSS-r3\result.json
t160-quality-20261006T132638Z-80ad8d90-15-IMP-CROSS-r3,IMP-CROSS,3,assisted_corrected,239d78f4-ab44-59ec-ab7f-e11e454e26f1,49bcdbd2-1bc8-4e77-81c7-324126a4628b,native_text,reference_answer,known_missing,True,True,,,matched,import-execution-v5\t160-quality-20261006T132638Z-80ad8d90\runs\t160-quality-20261006T132638Z-80ad8d90-15-IMP-CROSS-r3\result.json
t160-quality-20261006T132638Z-80ad8d90-15-IMP-CROSS-r3,IMP-CROSS,3,assisted_corrected,239d78f4-ab44-59ec-ab7f-e11e454e26f1,49bcdbd2-1bc8-4e77-81c7-324126a4628b,native_text,analysis,known_missing,True,True,,,matched,import-execution-v5\t160-quality-20261006T132638Z-80ad8d90\runs\t160-quality-20261006T132638Z-80ad8d90-15-IMP-CROSS-r3\result.json
t160-quality-20261006T132638Z-80ad8d90-15-IMP-CROSS-r3,IMP-CROSS,3,assisted_corrected,239d78f4-ab44-59ec-ab7f-e11e454e26f1,49bcdbd2-1bc8-4e77-81c7-324126a4628b,native_text,score,source_provided,True,True,5.00,5.00,matched,import-execution-v5\t160-quality-20261006T132638Z-80ad8d90\runs\t160-quality-20261006T132638Z-80ad8d90-15-IMP-CROSS-r3\result.json
t160-quality-20261006T132638Z-80ad8d90-15-IMP-CROSS-r3,IMP-CROSS,3,assisted_corrected,239d78f4-ab44-59ec-ab7f-e11e454e26f1,49bcdbd2-1bc8-4e77-81c7-324126a4628b,native_text,scoring_rubric,source_provided,True,True,正确中间计算 2.00；最终输出 3.00。,正确中间计算 2.00；最终输出 3.00。,matched,import-execution-v5\t160-quality-20261006T132638Z-80ad8d90\runs\t160-quality-20261006T132638Z-80ad8d90-15-IMP-CROSS-r3\result.json
t160-quality-20261006T132638Z-80ad8d90-15-IMP-CROSS-r3,IMP-CROSS,3,assisted_corrected,239d78f4-ab44-59ec-ab7f-e11e454e26f1,49bcdbd2-1bc8-4e77-81c7-324126a4628b,native_text,knowledge_points,known_missing,True,True,[],[],matched,import-execution-v5\t160-quality-20261006T132638Z-80ad8d90\runs\t160-quality-20261006T132638Z-80ad8d90-15-IMP-CROSS-r3\result.json
t160-quality-20261006T132638Z-80ad8d90-15-IMP-CROSS-r3,IMP-CROSS,3,assisted_corrected,239d78f4-ab44-59ec-ab7f-e11e454e26f1,49bcdbd2-1bc8-4e77-81c7-324126a4628b,native_text,source_regions,unknown,False,,,,reference_unknown,import-execution-v5\t160-quality-20261006T132638Z-80ad8d90\runs\t160-quality-20261006T132638Z-80ad8d90-15-IMP-CROSS-r3\result.json
t160-quality-20261006T132638Z-80ad8d90-15-IMP-CROSS-r3,IMP-CROSS,3,assisted_corrected,239d78f4-ab44-59ec-ab7f-e11e454e26f1,49bcdbd2-1bc8-4e77-81c7-324126a4628b,native_text,assets,source_provided,True,False,"[{""asset_type"": ""diagram"", ""source_page_number"": 2, ""order_index"": 1}]",,matched,import-execution-v5\t160-quality-20261006T132638Z-80ad8d90\runs\t160-quality-20261006T132638Z-80ad8d90-15-IMP-CROSS-r3\result.json
