run_id,case_id,repeat_index,stage,reference_question_identity,extracted_question_id,field,reference_state,evaluable,correct,expected,actual,reason
t160-quality-20261006T131153Z-f8d86b26-01-IMP-TEXT-r1,IMP-TEXT,1,automatic,1194af49-5301-51bb-a173-0e6f524ac810,,question_number,source_provided,True,False,1,,missing_identity
t160-quality-20261006T131153Z-f8d86b26-01-IMP-TEXT-r1,IMP-TEXT,1,automatic,1194af49-5301-51bb-a173-0e6f524ac810,,order_index,source_provided,True,False,1,,missing_identity
t160-quality-20261006T131153Z-f8d86b26-01-IMP-TEXT-r1,IMP-TEXT,1,automatic,1194af49-5301-51bb-a173-0e6f524ac810,,source_page_numbers,source_provided,True,False,[1],,missing_identity
t160-quality-20261006T131153Z-f8d86b26-01-IMP-TEXT-r1,IMP-TEXT,1,automatic,1194af49-5301-51bb-a173-0e6f524ac810,,question_type,source_provided,True,False,SINGLE_CHOICE,,missing_identity
t160-quality-20261006T131153Z-f8d86b26-01-IMP-TEXT-r1,IMP-TEXT,1,automatic,1194af49-5301-51bb-a173-0e6f524ac810,,content,source_provided,True,False,y = 2x + 1，x = 3 时 y 为多少？,,missing_identity
t160-quality-20261006T131153Z-f8d86b26-01-IMP-TEXT-r1,IMP-TEXT,1,automatic,1194af49-5301-51bb-a173-0e6f524ac810,,options,source_provided,True,False,"{""C"": ""7"", ""A"": ""5"", ""B"": ""6"", ""D"": ""8""}",,missing_identity
t160-quality-20261006T131153Z-f8d86b26-01-IMP-TEXT-r1,IMP-TEXT,1,automatic,1194af49-5301-51bb-a173-0e6f524ac810,,reference_answer,source_provided,True,False,C,,missing_identity
t160-quality-20261006T131153Z-f8d86b26-01-IMP-TEXT-r1,IMP-TEXT,1,automatic,1194af49-5301-51bb-a173-0e6f524ac810,,analysis,source_provided,True,False,2 × 3 + 1 = 7。,,missing_identity
t160-quality-20261006T131153Z-f8d86b26-01-IMP-TEXT-r1,IMP-TEXT,1,automatic,1194af49-5301-51bb-a173-0e6f524ac810,,score,source_provided,True,False,2.00,,missing_identity
t160-quality-20261006T131153Z-f8d86b26-01-IMP-TEXT-r1,IMP-TEXT,1,automatic,1194af49-5301-51bb-a173-0e6f524ac810,,scoring_rubric,known_missing,True,False,,,missing_identity
t160-quality-20261006T131153Z-f8d86b26-01-IMP-TEXT-r1,IMP-TEXT,1,automatic,1194af49-5301-51bb-a173-0e6f524ac810,,knowledge_points,known_missing,True,False,[],,missing_identity
t160-quality-20261006T131153Z-f8d86b26-01-IMP-TEXT-r1,IMP-TEXT,1,automatic,1194af49-5301-51bb-a173-0e6f524ac810,,source_regions,unknown,False,,,,reference_unknown
t160-quality-20261006T131153Z-f8d86b26-01-IMP-TEXT-r1,IMP-TEXT,1,automatic,1194af49-5301-51bb-a173-0e6f524ac810,,assets,source_provided,True,False,[],,missing_identity
t160-quality-20261006T131153Z-f8d86b26-01-IMP-TEXT-r1,IMP-TEXT,1,automatic,8e0aecaf-072d-5ed7-9b43-5d33ad202cc1,,question_number,source_provided,True,False,2,,missing_identity
t160-quality-20261006T131153Z-f8d86b26-01-IMP-TEXT-r1,IMP-TEXT,1,automatic,8e0aecaf-072d-5ed7-9b43-5d33ad202cc1,,order_index,source_provided,True,False,2,,missing_identity
t160-quality-20261006T131153Z-f8d86b26-01-IMP-TEXT-r1,IMP-TEXT,1,automatic,8e0aecaf-072d-5ed7-9b43-5d33ad202cc1,,source_page_numbers,source_provided,True,False,[1],,missing_identity
t160-quality-20261006T131153Z-f8d86b26-01-IMP-TEXT-r1,IMP-TEXT,1,automatic,8e0aecaf-072d-5ed7-9b43-5d33ad202cc1,,question_type,source_provided,True,False,TRUE_FALSE,,missing_identity
t160-quality-20261006T131153Z-f8d86b26-01-IMP-TEXT-r1,IMP-TEXT,1,automatic,8e0aecaf-072d-5ed7-9b43-5d33ad202cc1,,content,source_provided,True,False,右图三角形面积为 24 cm²。,,missing_identity
t160-quality-20261006T131153Z-f8d86b26-01-IMP-TEXT-r1,IMP-TEXT,1,automatic,8e0aecaf-072d-5ed7-9b43-5d33ad202cc1,,options,source_provided,True,False,"[""正确"", ""错误""]",,missing_identity
t160-quality-20261006T131153Z-f8d86b26-01-IMP-TEXT-r1,IMP-TEXT,1,automatic,8e0aecaf-072d-5ed7-9b43-5d33ad202cc1,,reference_answer,known_missing,True,False,,,missing_identity
t160-quality-20261006T131153Z-f8d86b26-01-IMP-TEXT-r1,IMP-TEXT,1,automatic,8e0aecaf-072d-5ed7-9b43-5d33ad202cc1,,analysis,known_missing,True,False,,,missing_identity
t160-quality-20261006T131153Z-f8d86b26-01-IMP-TEXT-r1,IMP-TEXT,1,automatic,8e0aecaf-072d-5ed7-9b43-5d33ad202cc1,,score,source_provided,True,False,2.00,,missing_identity
t160-quality-20261006T131153Z-f8d86b26-01-IMP-TEXT-r1,IMP-TEXT,1,automatic,8e0aecaf-072d-5ed7-9b43-5d33ad202cc1,,scoring_rubric,known_missing,True,False,,,missing_identity
t160-quality-20261006T131153Z-f8d86b26-01-IMP-TEXT-r1,IMP-TEXT,1,automatic,8e0aecaf-072d-5ed7-9b43-5d33ad202cc1,,knowledge_points,known_missing,True,False,[],,missing_identity
t160-quality-20261006T131153Z-f8d86b26-01-IMP-TEXT-r1,IMP-TEXT,1,automatic,8e0aecaf-072d-5ed7-9b43-5d33ad202cc1,,source_regions,unknown,False,,,,reference_unknown
t160-quality-20261006T131153Z-f8d86b26-01-IMP-TEXT-r1,IMP-TEXT,1,automatic,8e0aecaf-072d-5ed7-9b43-5d33ad202cc1,,assets,source_provided,True,False,"[{""asset_type"": ""figure"", ""source_page_number"": 1, ""order_index"": 1}]",,missing_identity
t160-quality-20261006T131153Z-f8d86b26-01-IMP-TEXT-r1,IMP-TEXT,1,automatic,fdef73bd-f984-58d1-8a53-3eea668a9f83,,question_number,source_provided,True,False,3,,missing_identity
t160-quality-20261006T131153Z-f8d86b26-01-IMP-TEXT-r1,IMP-TEXT,1,automatic,fdef73bd-f984-58d1-8a53-3eea668a9f83,,order_index,source_provided,True,False,3,,missing_identity
t160-quality-20261006T131153Z-f8d86b26-01-IMP-TEXT-r1,IMP-TEXT,1,automatic,fdef73bd-f984-58d1-8a53-3eea668a9f83,,source_page_numbers,source_provided,True,False,[1],,missing_identity
t160-quality-20261006T131153Z-f8d86b26-01-IMP-TEXT-r1,IMP-TEXT,1,automatic,fdef73bd-f984-58d1-8a53-3eea668a9f83,,question_type,source_provided,True,False,SHORT_ANSWER,,missing_identity
t160-quality-20261006T131153Z-f8d86b26-01-IMP-TEXT-r1,IMP-TEXT,1,automatic,fdef73bd-f984-58d1-8a53-3eea668a9f83,,content,source_provided,True,False,根据下表写出 y 关于 x 的关系式。,,missing_identity
t160-quality-20261006T131153Z-f8d86b26-01-IMP-TEXT-r1,IMP-TEXT,1,automatic,fdef73bd-f984-58d1-8a53-3eea668a9f83,,options,not_applicable,True,False,,,missing_identity
t160-quality-20261006T131153Z-f8d86b26-01-IMP-TEXT-r1,IMP-TEXT,1,automatic,fdef73bd-f984-58d1-8a53-3eea668a9f83,,reference_answer,known_missing,True,False,,,missing_identity
t160-quality-20261006T131153Z-f8d86b26-01-IMP-TEXT-r1,IMP-TEXT,1,automatic,fdef73bd-f984-58d1-8a53-3eea668a9f83,,analysis,known_missing,True,False,,,missing_identity
t160-quality-20261006T131153Z-f8d86b26-01-IMP-TEXT-r1,IMP-TEXT,1,automatic,fdef73bd-f984-58d1-8a53-3eea668a9f83,,score,source_provided,True,False,3.00,,missing_identity
t160-quality-20261006T131153Z-f8d86b26-01-IMP-TEXT-r1,IMP-TEXT,1,automatic,fdef73bd-f984-58d1-8a53-3eea668a9f83,,scoring_rubric,source_provided,True,False,正确关系式 1.00；说明代入过程 2.00。,,missing_identity
t160-quality-20261006T131153Z-f8d86b26-01-IMP-TEXT-r1,IMP-TEXT,1,automatic,fdef73bd-f984-58d1-8a53-3eea668a9f83,,knowledge_points,source_provided,True,False,"[""一次函数"", ""表达与计算""]",,missing_identity
t160-quality-20261006T131153Z-f8d86b26-01-IMP-TEXT-r1,IMP-TEXT,1,automatic,fdef73bd-f984-58d1-8a53-3eea668a9f83,,source_regions,unknown,False,,,,reference_unknown
t160-quality-20261006T131153Z-f8d86b26-01-IMP-TEXT-r1,IMP-TEXT,1,automatic,fdef73bd-f984-58d1-8a53-3eea668a9f83,,assets,source_provided,True,False,"[{""asset_type"": ""table"", ""source_page_number"": 1, ""order_index"": 1}]",,missing_identity
t160-quality-20261006T131153Z-f8d86b26-01-IMP-TEXT-r1,IMP-TEXT,1,assisted_corrected,1194af49-5301-51bb-a173-0e6f524ac810,,question_number,source_provided,True,False,1,,not_executed_due_to_import_failure
t160-quality-20261006T131153Z-f8d86b26-01-IMP-TEXT-r1,IMP-TEXT,1,assisted_corrected,1194af49-5301-51bb-a173-0e6f524ac810,,order_index,source_provided,True,False,1,,not_executed_due_to_import_failure
t160-quality-20261006T131153Z-f8d86b26-01-IMP-TEXT-r1,IMP-TEXT,1,assisted_corrected,1194af49-5301-51bb-a173-0e6f524ac810,,source_page_numbers,source_provided,True,False,[1],,not_executed_due_to_import_failure
t160-quality-20261006T131153Z-f8d86b26-01-IMP-TEXT-r1,IMP-TEXT,1,assisted_corrected,1194af49-5301-51bb-a173-0e6f524ac810,,question_type,source_provided,True,False,SINGLE_CHOICE,,not_executed_due_to_import_failure
t160-quality-20261006T131153Z-f8d86b26-01-IMP-TEXT-r1,IMP-TEXT,1,assisted_corrected,1194af49-5301-51bb-a173-0e6f524ac810,,content,source_provided,True,False,y = 2x + 1，x = 3 时 y 为多少？,,not_executed_due_to_import_failure
t160-quality-20261006T131153Z-f8d86b26-01-IMP-TEXT-r1,IMP-TEXT,1,assisted_corrected,1194af49-5301-51bb-a173-0e6f524ac810,,options,source_provided,True,False,"{""C"": ""7"", ""A"": ""5"", ""B"": ""6"", ""D"": ""8""}",,not_executed_due_to_import_failure
t160-quality-20261006T131153Z-f8d86b26-01-IMP-TEXT-r1,IMP-TEXT,1,assisted_corrected,1194af49-5301-51bb-a173-0e6f524ac810,,reference_answer,source_provided,True,False,C,,not_executed_due_to_import_failure
t160-quality-20261006T131153Z-f8d86b26-01-IMP-TEXT-r1,IMP-TEXT,1,assisted_corrected,1194af49-5301-51bb-a173-0e6f524ac810,,analysis,source_provided,True,False,2 × 3 + 1 = 7。,,not_executed_due_to_import_failure
t160-quality-20261006T131153Z-f8d86b26-01-IMP-TEXT-r1,IMP-TEXT,1,assisted_corrected,1194af49-5301-51bb-a173-0e6f524ac810,,score,source_provided,True,False,2.00,,not_executed_due_to_import_failure
t160-quality-20261006T131153Z-f8d86b26-01-IMP-TEXT-r1,IMP-TEXT,1,assisted_corrected,1194af49-5301-51bb-a173-0e6f524ac810,,scoring_rubric,known_missing,True,False,,,not_executed_due_to_import_failure
t160-quality-20261006T131153Z-f8d86b26-01-IMP-TEXT-r1,IMP-TEXT,1,assisted_corrected,1194af49-5301-51bb-a173-0e6f524ac810,,knowledge_points,known_missing,True,False,[],,not_executed_due_to_import_failure
t160-quality-20261006T131153Z-f8d86b26-01-IMP-TEXT-r1,IMP-TEXT,1,assisted_corrected,1194af49-5301-51bb-a173-0e6f524ac810,,source_regions,unknown,False,,,,not_executed_due_to_import_failure
t160-quality-20261006T131153Z-f8d86b26-01-IMP-TEXT-r1,IMP-TEXT,1,assisted_corrected,1194af49-5301-51bb-a173-0e6f524ac810,,assets,source_provided,True,False,[],,not_executed_due_to_import_failure
t160-quality-20261006T131153Z-f8d86b26-01-IMP-TEXT-r1,IMP-TEXT,1,assisted_corrected,8e0aecaf-072d-5ed7-9b43-5d33ad202cc1,,question_number,source_provided,True,False,2,,not_executed_due_to_import_failure
t160-quality-20261006T131153Z-f8d86b26-01-IMP-TEXT-r1,IMP-TEXT,1,assisted_corrected,8e0aecaf-072d-5ed7-9b43-5d33ad202cc1,,order_index,source_provided,True,False,2,,not_executed_due_to_import_failure
t160-quality-20261006T131153Z-f8d86b26-01-IMP-TEXT-r1,IMP-TEXT,1,assisted_corrected,8e0aecaf-072d-5ed7-9b43-5d33ad202cc1,,source_page_numbers,source_provided,True,False,[1],,not_executed_due_to_import_failure
t160-quality-20261006T131153Z-f8d86b26-01-IMP-TEXT-r1,IMP-TEXT,1,assisted_corrected,8e0aecaf-072d-5ed7-9b43-5d33ad202cc1,,question_type,source_provided,True,False,TRUE_FALSE,,not_executed_due_to_import_failure
t160-quality-20261006T131153Z-f8d86b26-01-IMP-TEXT-r1,IMP-TEXT,1,assisted_corrected,8e0aecaf-072d-5ed7-9b43-5d33ad202cc1,,content,source_provided,True,False,右图三角形面积为 24 cm²。,,not_executed_due_to_import_failure
t160-quality-20261006T131153Z-f8d86b26-01-IMP-TEXT-r1,IMP-TEXT,1,assisted_corrected,8e0aecaf-072d-5ed7-9b43-5d33ad202cc1,,options,source_provided,True,False,"[""正确"", ""错误""]",,not_executed_due_to_import_failure
t160-quality-20261006T131153Z-f8d86b26-01-IMP-TEXT-r1,IMP-TEXT,1,assisted_corrected,8e0aecaf-072d-5ed7-9b43-5d33ad202cc1,,reference_answer,known_missing,True,False,,,not_executed_due_to_import_failure
t160-quality-20261006T131153Z-f8d86b26-01-IMP-TEXT-r1,IMP-TEXT,1,assisted_corrected,8e0aecaf-072d-5ed7-9b43-5d33ad202cc1,,analysis,known_missing,True,False,,,not_executed_due_to_import_failure
t160-quality-20261006T131153Z-f8d86b26-01-IMP-TEXT-r1,IMP-TEXT,1,assisted_corrected,8e0aecaf-072d-5ed7-9b43-5d33ad202cc1,,score,source_provided,True,False,2.00,,not_executed_due_to_import_failure
t160-quality-20261006T131153Z-f8d86b26-01-IMP-TEXT-r1,IMP-TEXT,1,assisted_corrected,8e0aecaf-072d-5ed7-9b43-5d33ad202cc1,,scoring_rubric,known_missing,True,False,,,not_executed_due_to_import_failure
t160-quality-20261006T131153Z-f8d86b26-01-IMP-TEXT-r1,IMP-TEXT,1,assisted_corrected,8e0aecaf-072d-5ed7-9b43-5d33ad202cc1,,knowledge_points,known_missing,True,False,[],,not_executed_due_to_import_failure
t160-quality-20261006T131153Z-f8d86b26-01-IMP-TEXT-r1,IMP-TEXT,1,assisted_corrected,8e0aecaf-072d-5ed7-9b43-5d33ad202cc1,,source_regions,unknown,False,,,,not_executed_due_to_import_failure
t160-quality-20261006T131153Z-f8d86b26-01-IMP-TEXT-r1,IMP-TEXT,1,assisted_corrected,8e0aecaf-072d-5ed7-9b43-5d33ad202cc1,,assets,source_provided,True,False,"[{""asset_type"": ""figure"", ""source_page_number"": 1, ""order_index"": 1}]",,not_executed_due_to_import_failure
t160-quality-20261006T131153Z-f8d86b26-01-IMP-TEXT-r1,IMP-TEXT,1,assisted_corrected,fdef73bd-f984-58d1-8a53-3eea668a9f83,,question_number,source_provided,True,False,3,,not_executed_due_to_import_failure
t160-quality-20261006T131153Z-f8d86b26-01-IMP-TEXT-r1,IMP-TEXT,1,assisted_corrected,fdef73bd-f984-58d1-8a53-3eea668a9f83,,order_index,source_provided,True,False,3,,not_executed_due_to_import_failure
t160-quality-20261006T131153Z-f8d86b26-01-IMP-TEXT-r1,IMP-TEXT,1,assisted_corrected,fdef73bd-f984-58d1-8a53-3eea668a9f83,,source_page_numbers,source_provided,True,False,[1],,not_executed_due_to_import_failure
t160-quality-20261006T131153Z-f8d86b26-01-IMP-TEXT-r1,IMP-TEXT,1,assisted_corrected,fdef73bd-f984-58d1-8a53-3eea668a9f83,,question_type,source_provided,True,False,SHORT_ANSWER,,not_executed_due_to_import_failure
t160-quality-20261006T131153Z-f8d86b26-01-IMP-TEXT-r1,IMP-TEXT,1,assisted_corrected,fdef73bd-f984-58d1-8a53-3eea668a9f83,,content,source_provided,True,False,根据下表写出 y 关于 x 的关系式。,,not_executed_due_to_import_failure
t160-quality-20261006T131153Z-f8d86b26-01-IMP-TEXT-r1,IMP-TEXT,1,assisted_corrected,fdef73bd-f984-58d1-8a53-3eea668a9f83,,options,not_applicable,True,False,,,not_executed_due_to_import_failure
t160-quality-20261006T131153Z-f8d86b26-01-IMP-TEXT-r1,IMP-TEXT,1,assisted_corrected,fdef73bd-f984-58d1-8a53-3eea668a9f83,,reference_answer,known_missing,True,False,,,not_executed_due_to_import_failure
t160-quality-20261006T131153Z-f8d86b26-01-IMP-TEXT-r1,IMP-TEXT,1,assisted_corrected,fdef73bd-f984-58d1-8a53-3eea668a9f83,,analysis,known_missing,True,False,,,not_executed_due_to_import_failure
t160-quality-20261006T131153Z-f8d86b26-01-IMP-TEXT-r1,IMP-TEXT,1,assisted_corrected,fdef73bd-f984-58d1-8a53-3eea668a9f83,,score,source_provided,True,False,3.00,,not_executed_due_to_import_failure
t160-quality-20261006T131153Z-f8d86b26-01-IMP-TEXT-r1,IMP-TEXT,1,assisted_corrected,fdef73bd-f984-58d1-8a53-3eea668a9f83,,scoring_rubric,source_provided,True,False,正确关系式 1.00；说明代入过程 2.00。,,not_executed_due_to_import_failure
t160-quality-20261006T131153Z-f8d86b26-01-IMP-TEXT-r1,IMP-TEXT,1,assisted_corrected,fdef73bd-f984-58d1-8a53-3eea668a9f83,,knowledge_points,source_provided,True,False,"[""一次函数"", ""表达与计算""]",,not_executed_due_to_import_failure
t160-quality-20261006T131153Z-f8d86b26-01-IMP-TEXT-r1,IMP-TEXT,1,assisted_corrected,fdef73bd-f984-58d1-8a53-3eea668a9f83,,source_regions,unknown,False,,,,not_executed_due_to_import_failure
t160-quality-20261006T131153Z-f8d86b26-01-IMP-TEXT-r1,IMP-TEXT,1,assisted_corrected,fdef73bd-f984-58d1-8a53-3eea668a9f83,,assets,source_provided,True,False,"[{""asset_type"": ""table"", ""source_page_number"": 1, ""order_index"": 1}]",,not_executed_due_to_import_failure
t160-quality-20261006T131153Z-f8d86b26-02-IMP-TEXT-r2,IMP-TEXT,2,automatic,1194af49-5301-51bb-a173-0e6f524ac810,,question_number,source_provided,True,False,1,,missing_identity
t160-quality-20261006T131153Z-f8d86b26-02-IMP-TEXT-r2,IMP-TEXT,2,automatic,1194af49-5301-51bb-a173-0e6f524ac810,,order_index,source_provided,True,False,1,,missing_identity
t160-quality-20261006T131153Z-f8d86b26-02-IMP-TEXT-r2,IMP-TEXT,2,automatic,1194af49-5301-51bb-a173-0e6f524ac810,,source_page_numbers,source_provided,True,False,[1],,missing_identity
t160-quality-20261006T131153Z-f8d86b26-02-IMP-TEXT-r2,IMP-TEXT,2,automatic,1194af49-5301-51bb-a173-0e6f524ac810,,question_type,source_provided,True,False,SINGLE_CHOICE,,missing_identity
t160-quality-20261006T131153Z-f8d86b26-02-IMP-TEXT-r2,IMP-TEXT,2,automatic,1194af49-5301-51bb-a173-0e6f524ac810,,content,source_provided,True,False,y = 2x + 1，x = 3 时 y 为多少？,,missing_identity
t160-quality-20261006T131153Z-f8d86b26-02-IMP-TEXT-r2,IMP-TEXT,2,automatic,1194af49-5301-51bb-a173-0e6f524ac810,,options,source_provided,True,False,"{""C"": ""7"", ""A"": ""5"", ""B"": ""6"", ""D"": ""8""}",,missing_identity
t160-quality-20261006T131153Z-f8d86b26-02-IMP-TEXT-r2,IMP-TEXT,2,automatic,1194af49-5301-51bb-a173-0e6f524ac810,,reference_answer,source_provided,True,False,C,,missing_identity
t160-quality-20261006T131153Z-f8d86b26-02-IMP-TEXT-r2,IMP-TEXT,2,automatic,1194af49-5301-51bb-a173-0e6f524ac810,,analysis,source_provided,True,False,2 × 3 + 1 = 7。,,missing_identity
t160-quality-20261006T131153Z-f8d86b26-02-IMP-TEXT-r2,IMP-TEXT,2,automatic,1194af49-5301-51bb-a173-0e6f524ac810,,score,source_provided,True,False,2.00,,missing_identity
t160-quality-20261006T131153Z-f8d86b26-02-IMP-TEXT-r2,IMP-TEXT,2,automatic,1194af49-5301-51bb-a173-0e6f524ac810,,scoring_rubric,known_missing,True,False,,,missing_identity
t160-quality-20261006T131153Z-f8d86b26-02-IMP-TEXT-r2,IMP-TEXT,2,automatic,1194af49-5301-51bb-a173-0e6f524ac810,,knowledge_points,known_missing,True,False,[],,missing_identity
t160-quality-20261006T131153Z-f8d86b26-02-IMP-TEXT-r2,IMP-TEXT,2,automatic,1194af49-5301-51bb-a173-0e6f524ac810,,source_regions,unknown,False,,,,reference_unknown
t160-quality-20261006T131153Z-f8d86b26-02-IMP-TEXT-r2,IMP-TEXT,2,automatic,1194af49-5301-51bb-a173-0e6f524ac810,,assets,source_provided,True,False,[],,missing_identity
t160-quality-20261006T131153Z-f8d86b26-02-IMP-TEXT-r2,IMP-TEXT,2,automatic,8e0aecaf-072d-5ed7-9b43-5d33ad202cc1,,question_number,source_provided,True,False,2,,missing_identity
t160-quality-20261006T131153Z-f8d86b26-02-IMP-TEXT-r2,IMP-TEXT,2,automatic,8e0aecaf-072d-5ed7-9b43-5d33ad202cc1,,order_index,source_provided,True,False,2,,missing_identity
t160-quality-20261006T131153Z-f8d86b26-02-IMP-TEXT-r2,IMP-TEXT,2,automatic,8e0aecaf-072d-5ed7-9b43-5d33ad202cc1,,source_page_numbers,source_provided,True,False,[1],,missing_identity
t160-quality-20261006T131153Z-f8d86b26-02-IMP-TEXT-r2,IMP-TEXT,2,automatic,8e0aecaf-072d-5ed7-9b43-5d33ad202cc1,,question_type,source_provided,True,False,TRUE_FALSE,,missing_identity
t160-quality-20261006T131153Z-f8d86b26-02-IMP-TEXT-r2,IMP-TEXT,2,automatic,8e0aecaf-072d-5ed7-9b43-5d33ad202cc1,,content,source_provided,True,False,右图三角形面积为 24 cm²。,,missing_identity
t160-quality-20261006T131153Z-f8d86b26-02-IMP-TEXT-r2,IMP-TEXT,2,automatic,8e0aecaf-072d-5ed7-9b43-5d33ad202cc1,,options,source_provided,True,False,"[""正确"", ""错误""]",,missing_identity
t160-quality-20261006T131153Z-f8d86b26-02-IMP-TEXT-r2,IMP-TEXT,2,automatic,8e0aecaf-072d-5ed7-9b43-5d33ad202cc1,,reference_answer,known_missing,True,False,,,missing_identity
t160-quality-20261006T131153Z-f8d86b26-02-IMP-TEXT-r2,IMP-TEXT,2,automatic,8e0aecaf-072d-5ed7-9b43-5d33ad202cc1,,analysis,known_missing,True,False,,,missing_identity
t160-quality-20261006T131153Z-f8d86b26-02-IMP-TEXT-r2,IMP-TEXT,2,automatic,8e0aecaf-072d-5ed7-9b43-5d33ad202cc1,,score,source_provided,True,False,2.00,,missing_identity
t160-quality-20261006T131153Z-f8d86b26-02-IMP-TEXT-r2,IMP-TEXT,2,automatic,8e0aecaf-072d-5ed7-9b43-5d33ad202cc1,,scoring_rubric,known_missing,True,False,,,missing_identity
t160-quality-20261006T131153Z-f8d86b26-02-IMP-TEXT-r2,IMP-TEXT,2,automatic,8e0aecaf-072d-5ed7-9b43-5d33ad202cc1,,knowledge_points,known_missing,True,False,[],,missing_identity
t160-quality-20261006T131153Z-f8d86b26-02-IMP-TEXT-r2,IMP-TEXT,2,automatic,8e0aecaf-072d-5ed7-9b43-5d33ad202cc1,,source_regions,unknown,False,,,,reference_unknown
t160-quality-20261006T131153Z-f8d86b26-02-IMP-TEXT-r2,IMP-TEXT,2,automatic,8e0aecaf-072d-5ed7-9b43-5d33ad202cc1,,assets,source_provided,True,False,"[{""asset_type"": ""figure"", ""source_page_number"": 1, ""order_index"": 1}]",,missing_identity
t160-quality-20261006T131153Z-f8d86b26-02-IMP-TEXT-r2,IMP-TEXT,2,automatic,fdef73bd-f984-58d1-8a53-3eea668a9f83,,question_number,source_provided,True,False,3,,missing_identity
t160-quality-20261006T131153Z-f8d86b26-02-IMP-TEXT-r2,IMP-TEXT,2,automatic,fdef73bd-f984-58d1-8a53-3eea668a9f83,,order_index,source_provided,True,False,3,,missing_identity
t160-quality-20261006T131153Z-f8d86b26-02-IMP-TEXT-r2,IMP-TEXT,2,automatic,fdef73bd-f984-58d1-8a53-3eea668a9f83,,source_page_numbers,source_provided,True,False,[1],,missing_identity
t160-quality-20261006T131153Z-f8d86b26-02-IMP-TEXT-r2,IMP-TEXT,2,automatic,fdef73bd-f984-58d1-8a53-3eea668a9f83,,question_type,source_provided,True,False,SHORT_ANSWER,,missing_identity
t160-quality-20261006T131153Z-f8d86b26-02-IMP-TEXT-r2,IMP-TEXT,2,automatic,fdef73bd-f984-58d1-8a53-3eea668a9f83,,content,source_provided,True,False,根据下表写出 y 关于 x 的关系式。,,missing_identity
t160-quality-20261006T131153Z-f8d86b26-02-IMP-TEXT-r2,IMP-TEXT,2,automatic,fdef73bd-f984-58d1-8a53-3eea668a9f83,,options,not_applicable,True,False,,,missing_identity
t160-quality-20261006T131153Z-f8d86b26-02-IMP-TEXT-r2,IMP-TEXT,2,automatic,fdef73bd-f984-58d1-8a53-3eea668a9f83,,reference_answer,known_missing,True,False,,,missing_identity
t160-quality-20261006T131153Z-f8d86b26-02-IMP-TEXT-r2,IMP-TEXT,2,automatic,fdef73bd-f984-58d1-8a53-3eea668a9f83,,analysis,known_missing,True,False,,,missing_identity
t160-quality-20261006T131153Z-f8d86b26-02-IMP-TEXT-r2,IMP-TEXT,2,automatic,fdef73bd-f984-58d1-8a53-3eea668a9f83,,score,source_provided,True,False,3.00,,missing_identity
t160-quality-20261006T131153Z-f8d86b26-02-IMP-TEXT-r2,IMP-TEXT,2,automatic,fdef73bd-f984-58d1-8a53-3eea668a9f83,,scoring_rubric,source_provided,True,False,正确关系式 1.00；说明代入过程 2.00。,,missing_identity
t160-quality-20261006T131153Z-f8d86b26-02-IMP-TEXT-r2,IMP-TEXT,2,automatic,fdef73bd-f984-58d1-8a53-3eea668a9f83,,knowledge_points,source_provided,True,False,"[""一次函数"", ""表达与计算""]",,missing_identity
t160-quality-20261006T131153Z-f8d86b26-02-IMP-TEXT-r2,IMP-TEXT,2,automatic,fdef73bd-f984-58d1-8a53-3eea668a9f83,,source_regions,unknown,False,,,,reference_unknown
t160-quality-20261006T131153Z-f8d86b26-02-IMP-TEXT-r2,IMP-TEXT,2,automatic,fdef73bd-f984-58d1-8a53-3eea668a9f83,,assets,source_provided,True,False,"[{""asset_type"": ""table"", ""source_page_number"": 1, ""order_index"": 1}]",,missing_identity
t160-quality-20261006T131153Z-f8d86b26-02-IMP-TEXT-r2,IMP-TEXT,2,assisted_corrected,1194af49-5301-51bb-a173-0e6f524ac810,,question_number,source_provided,True,False,1,,not_executed_due_to_import_failure
t160-quality-20261006T131153Z-f8d86b26-02-IMP-TEXT-r2,IMP-TEXT,2,assisted_corrected,1194af49-5301-51bb-a173-0e6f524ac810,,order_index,source_provided,True,False,1,,not_executed_due_to_import_failure
t160-quality-20261006T131153Z-f8d86b26-02-IMP-TEXT-r2,IMP-TEXT,2,assisted_corrected,1194af49-5301-51bb-a173-0e6f524ac810,,source_page_numbers,source_provided,True,False,[1],,not_executed_due_to_import_failure
t160-quality-20261006T131153Z-f8d86b26-02-IMP-TEXT-r2,IMP-TEXT,2,assisted_corrected,1194af49-5301-51bb-a173-0e6f524ac810,,question_type,source_provided,True,False,SINGLE_CHOICE,,not_executed_due_to_import_failure
t160-quality-20261006T131153Z-f8d86b26-02-IMP-TEXT-r2,IMP-TEXT,2,assisted_corrected,1194af49-5301-51bb-a173-0e6f524ac810,,content,source_provided,True,False,y = 2x + 1，x = 3 时 y 为多少？,,not_executed_due_to_import_failure
t160-quality-20261006T131153Z-f8d86b26-02-IMP-TEXT-r2,IMP-TEXT,2,assisted_corrected,1194af49-5301-51bb-a173-0e6f524ac810,,options,source_provided,True,False,"{""C"": ""7"", ""A"": ""5"", ""B"": ""6"", ""D"": ""8""}",,not_executed_due_to_import_failure
t160-quality-20261006T131153Z-f8d86b26-02-IMP-TEXT-r2,IMP-TEXT,2,assisted_corrected,1194af49-5301-51bb-a173-0e6f524ac810,,reference_answer,source_provided,True,False,C,,not_executed_due_to_import_failure
t160-quality-20261006T131153Z-f8d86b26-02-IMP-TEXT-r2,IMP-TEXT,2,assisted_corrected,1194af49-5301-51bb-a173-0e6f524ac810,,analysis,source_provided,True,False,2 × 3 + 1 = 7。,,not_executed_due_to_import_failure
t160-quality-20261006T131153Z-f8d86b26-02-IMP-TEXT-r2,IMP-TEXT,2,assisted_corrected,1194af49-5301-51bb-a173-0e6f524ac810,,score,source_provided,True,False,2.00,,not_executed_due_to_import_failure
t160-quality-20261006T131153Z-f8d86b26-02-IMP-TEXT-r2,IMP-TEXT,2,assisted_corrected,1194af49-5301-51bb-a173-0e6f524ac810,,scoring_rubric,known_missing,True,False,,,not_executed_due_to_import_failure
t160-quality-20261006T131153Z-f8d86b26-02-IMP-TEXT-r2,IMP-TEXT,2,assisted_corrected,1194af49-5301-51bb-a173-0e6f524ac810,,knowledge_points,known_missing,True,False,[],,not_executed_due_to_import_failure
t160-quality-20261006T131153Z-f8d86b26-02-IMP-TEXT-r2,IMP-TEXT,2,assisted_corrected,1194af49-5301-51bb-a173-0e6f524ac810,,source_regions,unknown,False,,,,not_executed_due_to_import_failure
t160-quality-20261006T131153Z-f8d86b26-02-IMP-TEXT-r2,IMP-TEXT,2,assisted_corrected,1194af49-5301-51bb-a173-0e6f524ac810,,assets,source_provided,True,False,[],,not_executed_due_to_import_failure
t160-quality-20261006T131153Z-f8d86b26-02-IMP-TEXT-r2,IMP-TEXT,2,assisted_corrected,8e0aecaf-072d-5ed7-9b43-5d33ad202cc1,,question_number,source_provided,True,False,2,,not_executed_due_to_import_failure
t160-quality-20261006T131153Z-f8d86b26-02-IMP-TEXT-r2,IMP-TEXT,2,assisted_corrected,8e0aecaf-072d-5ed7-9b43-5d33ad202cc1,,order_index,source_provided,True,False,2,,not_executed_due_to_import_failure
t160-quality-20261006T131153Z-f8d86b26-02-IMP-TEXT-r2,IMP-TEXT,2,assisted_corrected,8e0aecaf-072d-5ed7-9b43-5d33ad202cc1,,source_page_numbers,source_provided,True,False,[1],,not_executed_due_to_import_failure
t160-quality-20261006T131153Z-f8d86b26-02-IMP-TEXT-r2,IMP-TEXT,2,assisted_corrected,8e0aecaf-072d-5ed7-9b43-5d33ad202cc1,,question_type,source_provided,True,False,TRUE_FALSE,,not_executed_due_to_import_failure
t160-quality-20261006T131153Z-f8d86b26-02-IMP-TEXT-r2,IMP-TEXT,2,assisted_corrected,8e0aecaf-072d-5ed7-9b43-5d33ad202cc1,,content,source_provided,True,False,右图三角形面积为 24 cm²。,,not_executed_due_to_import_failure
t160-quality-20261006T131153Z-f8d86b26-02-IMP-TEXT-r2,IMP-TEXT,2,assisted_corrected,8e0aecaf-072d-5ed7-9b43-5d33ad202cc1,,options,source_provided,True,False,"[""正确"", ""错误""]",,not_executed_due_to_import_failure
t160-quality-20261006T131153Z-f8d86b26-02-IMP-TEXT-r2,IMP-TEXT,2,assisted_corrected,8e0aecaf-072d-5ed7-9b43-5d33ad202cc1,,reference_answer,known_missing,True,False,,,not_executed_due_to_import_failure
t160-quality-20261006T131153Z-f8d86b26-02-IMP-TEXT-r2,IMP-TEXT,2,assisted_corrected,8e0aecaf-072d-5ed7-9b43-5d33ad202cc1,,analysis,known_missing,True,False,,,not_executed_due_to_import_failure
t160-quality-20261006T131153Z-f8d86b26-02-IMP-TEXT-r2,IMP-TEXT,2,assisted_corrected,8e0aecaf-072d-5ed7-9b43-5d33ad202cc1,,score,source_provided,True,False,2.00,,not_executed_due_to_import_failure
t160-quality-20261006T131153Z-f8d86b26-02-IMP-TEXT-r2,IMP-TEXT,2,assisted_corrected,8e0aecaf-072d-5ed7-9b43-5d33ad202cc1,,scoring_rubric,known_missing,True,False,,,not_executed_due_to_import_failure
t160-quality-20261006T131153Z-f8d86b26-02-IMP-TEXT-r2,IMP-TEXT,2,assisted_corrected,8e0aecaf-072d-5ed7-9b43-5d33ad202cc1,,knowledge_points,known_missing,True,False,[],,not_executed_due_to_import_failure
t160-quality-20261006T131153Z-f8d86b26-02-IMP-TEXT-r2,IMP-TEXT,2,assisted_corrected,8e0aecaf-072d-5ed7-9b43-5d33ad202cc1,,source_regions,unknown,False,,,,not_executed_due_to_import_failure
t160-quality-20261006T131153Z-f8d86b26-02-IMP-TEXT-r2,IMP-TEXT,2,assisted_corrected,8e0aecaf-072d-5ed7-9b43-5d33ad202cc1,,assets,source_provided,True,False,"[{""asset_type"": ""figure"", ""source_page_number"": 1, ""order_index"": 1}]",,not_executed_due_to_import_failure
t160-quality-20261006T131153Z-f8d86b26-02-IMP-TEXT-r2,IMP-TEXT,2,assisted_corrected,fdef73bd-f984-58d1-8a53-3eea668a9f83,,question_number,source_provided,True,False,3,,not_executed_due_to_import_failure
t160-quality-20261006T131153Z-f8d86b26-02-IMP-TEXT-r2,IMP-TEXT,2,assisted_corrected,fdef73bd-f984-58d1-8a53-3eea668a9f83,,order_index,source_provided,True,False,3,,not_executed_due_to_import_failure
t160-quality-20261006T131153Z-f8d86b26-02-IMP-TEXT-r2,IMP-TEXT,2,assisted_corrected,fdef73bd-f984-58d1-8a53-3eea668a9f83,,source_page_numbers,source_provided,True,False,[1],,not_executed_due_to_import_failure
t160-quality-20261006T131153Z-f8d86b26-02-IMP-TEXT-r2,IMP-TEXT,2,assisted_corrected,fdef73bd-f984-58d1-8a53-3eea668a9f83,,question_type,source_provided,True,False,SHORT_ANSWER,,not_executed_due_to_import_failure
t160-quality-20261006T131153Z-f8d86b26-02-IMP-TEXT-r2,IMP-TEXT,2,assisted_corrected,fdef73bd-f984-58d1-8a53-3eea668a9f83,,content,source_provided,True,False,根据下表写出 y 关于 x 的关系式。,,not_executed_due_to_import_failure
t160-quality-20261006T131153Z-f8d86b26-02-IMP-TEXT-r2,IMP-TEXT,2,assisted_corrected,fdef73bd-f984-58d1-8a53-3eea668a9f83,,options,not_applicable,True,False,,,not_executed_due_to_import_failure
t160-quality-20261006T131153Z-f8d86b26-02-IMP-TEXT-r2,IMP-TEXT,2,assisted_corrected,fdef73bd-f984-58d1-8a53-3eea668a9f83,,reference_answer,known_missing,True,False,,,not_executed_due_to_import_failure
t160-quality-20261006T131153Z-f8d86b26-02-IMP-TEXT-r2,IMP-TEXT,2,assisted_corrected,fdef73bd-f984-58d1-8a53-3eea668a9f83,,analysis,known_missing,True,False,,,not_executed_due_to_import_failure
t160-quality-20261006T131153Z-f8d86b26-02-IMP-TEXT-r2,IMP-TEXT,2,assisted_corrected,fdef73bd-f984-58d1-8a53-3eea668a9f83,,score,source_provided,True,False,3.00,,not_executed_due_to_import_failure
t160-quality-20261006T131153Z-f8d86b26-02-IMP-TEXT-r2,IMP-TEXT,2,assisted_corrected,fdef73bd-f984-58d1-8a53-3eea668a9f83,,scoring_rubric,source_provided,True,False,正确关系式 1.00；说明代入过程 2.00。,,not_executed_due_to_import_failure
t160-quality-20261006T131153Z-f8d86b26-02-IMP-TEXT-r2,IMP-TEXT,2,assisted_corrected,fdef73bd-f984-58d1-8a53-3eea668a9f83,,knowledge_points,source_provided,True,False,"[""一次函数"", ""表达与计算""]",,not_executed_due_to_import_failure
t160-quality-20261006T131153Z-f8d86b26-02-IMP-TEXT-r2,IMP-TEXT,2,assisted_corrected,fdef73bd-f984-58d1-8a53-3eea668a9f83,,source_regions,unknown,False,,,,not_executed_due_to_import_failure
t160-quality-20261006T131153Z-f8d86b26-02-IMP-TEXT-r2,IMP-TEXT,2,assisted_corrected,fdef73bd-f984-58d1-8a53-3eea668a9f83,,assets,source_provided,True,False,"[{""asset_type"": ""table"", ""source_page_number"": 1, ""order_index"": 1}]",,not_executed_due_to_import_failure
t160-quality-20261006T131153Z-f8d86b26-03-IMP-TEXT-r3,IMP-TEXT,3,automatic,1194af49-5301-51bb-a173-0e6f524ac810,,question_number,source_provided,True,False,1,,missing_identity
t160-quality-20261006T131153Z-f8d86b26-03-IMP-TEXT-r3,IMP-TEXT,3,automatic,1194af49-5301-51bb-a173-0e6f524ac810,,order_index,source_provided,True,False,1,,missing_identity
t160-quality-20261006T131153Z-f8d86b26-03-IMP-TEXT-r3,IMP-TEXT,3,automatic,1194af49-5301-51bb-a173-0e6f524ac810,,source_page_numbers,source_provided,True,False,[1],,missing_identity
t160-quality-20261006T131153Z-f8d86b26-03-IMP-TEXT-r3,IMP-TEXT,3,automatic,1194af49-5301-51bb-a173-0e6f524ac810,,question_type,source_provided,True,False,SINGLE_CHOICE,,missing_identity
t160-quality-20261006T131153Z-f8d86b26-03-IMP-TEXT-r3,IMP-TEXT,3,automatic,1194af49-5301-51bb-a173-0e6f524ac810,,content,source_provided,True,False,y = 2x + 1，x = 3 时 y 为多少？,,missing_identity
t160-quality-20261006T131153Z-f8d86b26-03-IMP-TEXT-r3,IMP-TEXT,3,automatic,1194af49-5301-51bb-a173-0e6f524ac810,,options,source_provided,True,False,"{""C"": ""7"", ""A"": ""5"", ""B"": ""6"", ""D"": ""8""}",,missing_identity
t160-quality-20261006T131153Z-f8d86b26-03-IMP-TEXT-r3,IMP-TEXT,3,automatic,1194af49-5301-51bb-a173-0e6f524ac810,,reference_answer,source_provided,True,False,C,,missing_identity
t160-quality-20261006T131153Z-f8d86b26-03-IMP-TEXT-r3,IMP-TEXT,3,automatic,1194af49-5301-51bb-a173-0e6f524ac810,,analysis,source_provided,True,False,2 × 3 + 1 = 7。,,missing_identity
t160-quality-20261006T131153Z-f8d86b26-03-IMP-TEXT-r3,IMP-TEXT,3,automatic,1194af49-5301-51bb-a173-0e6f524ac810,,score,source_provided,True,False,2.00,,missing_identity
t160-quality-20261006T131153Z-f8d86b26-03-IMP-TEXT-r3,IMP-TEXT,3,automatic,1194af49-5301-51bb-a173-0e6f524ac810,,scoring_rubric,known_missing,True,False,,,missing_identity
t160-quality-20261006T131153Z-f8d86b26-03-IMP-TEXT-r3,IMP-TEXT,3,automatic,1194af49-5301-51bb-a173-0e6f524ac810,,knowledge_points,known_missing,True,False,[],,missing_identity
t160-quality-20261006T131153Z-f8d86b26-03-IMP-TEXT-r3,IMP-TEXT,3,automatic,1194af49-5301-51bb-a173-0e6f524ac810,,source_regions,unknown,False,,,,reference_unknown
t160-quality-20261006T131153Z-f8d86b26-03-IMP-TEXT-r3,IMP-TEXT,3,automatic,1194af49-5301-51bb-a173-0e6f524ac810,,assets,source_provided,True,False,[],,missing_identity
t160-quality-20261006T131153Z-f8d86b26-03-IMP-TEXT-r3,IMP-TEXT,3,automatic,8e0aecaf-072d-5ed7-9b43-5d33ad202cc1,,question_number,source_provided,True,False,2,,missing_identity
t160-quality-20261006T131153Z-f8d86b26-03-IMP-TEXT-r3,IMP-TEXT,3,automatic,8e0aecaf-072d-5ed7-9b43-5d33ad202cc1,,order_index,source_provided,True,False,2,,missing_identity
t160-quality-20261006T131153Z-f8d86b26-03-IMP-TEXT-r3,IMP-TEXT,3,automatic,8e0aecaf-072d-5ed7-9b43-5d33ad202cc1,,source_page_numbers,source_provided,True,False,[1],,missing_identity
t160-quality-20261006T131153Z-f8d86b26-03-IMP-TEXT-r3,IMP-TEXT,3,automatic,8e0aecaf-072d-5ed7-9b43-5d33ad202cc1,,question_type,source_provided,True,False,TRUE_FALSE,,missing_identity
t160-quality-20261006T131153Z-f8d86b26-03-IMP-TEXT-r3,IMP-TEXT,3,automatic,8e0aecaf-072d-5ed7-9b43-5d33ad202cc1,,content,source_provided,True,False,右图三角形面积为 24 cm²。,,missing_identity
t160-quality-20261006T131153Z-f8d86b26-03-IMP-TEXT-r3,IMP-TEXT,3,automatic,8e0aecaf-072d-5ed7-9b43-5d33ad202cc1,,options,source_provided,True,False,"[""正确"", ""错误""]",,missing_identity
t160-quality-20261006T131153Z-f8d86b26-03-IMP-TEXT-r3,IMP-TEXT,3,automatic,8e0aecaf-072d-5ed7-9b43-5d33ad202cc1,,reference_answer,known_missing,True,False,,,missing_identity
t160-quality-20261006T131153Z-f8d86b26-03-IMP-TEXT-r3,IMP-TEXT,3,automatic,8e0aecaf-072d-5ed7-9b43-5d33ad202cc1,,analysis,known_missing,True,False,,,missing_identity
t160-quality-20261006T131153Z-f8d86b26-03-IMP-TEXT-r3,IMP-TEXT,3,automatic,8e0aecaf-072d-5ed7-9b43-5d33ad202cc1,,score,source_provided,True,False,2.00,,missing_identity
t160-quality-20261006T131153Z-f8d86b26-03-IMP-TEXT-r3,IMP-TEXT,3,automatic,8e0aecaf-072d-5ed7-9b43-5d33ad202cc1,,scoring_rubric,known_missing,True,False,,,missing_identity
t160-quality-20261006T131153Z-f8d86b26-03-IMP-TEXT-r3,IMP-TEXT,3,automatic,8e0aecaf-072d-5ed7-9b43-5d33ad202cc1,,knowledge_points,known_missing,True,False,[],,missing_identity
t160-quality-20261006T131153Z-f8d86b26-03-IMP-TEXT-r3,IMP-TEXT,3,automatic,8e0aecaf-072d-5ed7-9b43-5d33ad202cc1,,source_regions,unknown,False,,,,reference_unknown
t160-quality-20261006T131153Z-f8d86b26-03-IMP-TEXT-r3,IMP-TEXT,3,automatic,8e0aecaf-072d-5ed7-9b43-5d33ad202cc1,,assets,source_provided,True,False,"[{""asset_type"": ""figure"", ""source_page_number"": 1, ""order_index"": 1}]",,missing_identity
t160-quality-20261006T131153Z-f8d86b26-03-IMP-TEXT-r3,IMP-TEXT,3,automatic,fdef73bd-f984-58d1-8a53-3eea668a9f83,,question_number,source_provided,True,False,3,,missing_identity
t160-quality-20261006T131153Z-f8d86b26-03-IMP-TEXT-r3,IMP-TEXT,3,automatic,fdef73bd-f984-58d1-8a53-3eea668a9f83,,order_index,source_provided,True,False,3,,missing_identity
t160-quality-20261006T131153Z-f8d86b26-03-IMP-TEXT-r3,IMP-TEXT,3,automatic,fdef73bd-f984-58d1-8a53-3eea668a9f83,,source_page_numbers,source_provided,True,False,[1],,missing_identity
t160-quality-20261006T131153Z-f8d86b26-03-IMP-TEXT-r3,IMP-TEXT,3,automatic,fdef73bd-f984-58d1-8a53-3eea668a9f83,,question_type,source_provided,True,False,SHORT_ANSWER,,missing_identity
t160-quality-20261006T131153Z-f8d86b26-03-IMP-TEXT-r3,IMP-TEXT,3,automatic,fdef73bd-f984-58d1-8a53-3eea668a9f83,,content,source_provided,True,False,根据下表写出 y 关于 x 的关系式。,,missing_identity
t160-quality-20261006T131153Z-f8d86b26-03-IMP-TEXT-r3,IMP-TEXT,3,automatic,fdef73bd-f984-58d1-8a53-3eea668a9f83,,options,not_applicable,True,False,,,missing_identity
t160-quality-20261006T131153Z-f8d86b26-03-IMP-TEXT-r3,IMP-TEXT,3,automatic,fdef73bd-f984-58d1-8a53-3eea668a9f83,,reference_answer,known_missing,True,False,,,missing_identity
t160-quality-20261006T131153Z-f8d86b26-03-IMP-TEXT-r3,IMP-TEXT,3,automatic,fdef73bd-f984-58d1-8a53-3eea668a9f83,,analysis,known_missing,True,False,,,missing_identity
t160-quality-20261006T131153Z-f8d86b26-03-IMP-TEXT-r3,IMP-TEXT,3,automatic,fdef73bd-f984-58d1-8a53-3eea668a9f83,,score,source_provided,True,False,3.00,,missing_identity
t160-quality-20261006T131153Z-f8d86b26-03-IMP-TEXT-r3,IMP-TEXT,3,automatic,fdef73bd-f984-58d1-8a53-3eea668a9f83,,scoring_rubric,source_provided,True,False,正确关系式 1.00；说明代入过程 2.00。,,missing_identity
t160-quality-20261006T131153Z-f8d86b26-03-IMP-TEXT-r3,IMP-TEXT,3,automatic,fdef73bd-f984-58d1-8a53-3eea668a9f83,,knowledge_points,source_provided,True,False,"[""一次函数"", ""表达与计算""]",,missing_identity
t160-quality-20261006T131153Z-f8d86b26-03-IMP-TEXT-r3,IMP-TEXT,3,automatic,fdef73bd-f984-58d1-8a53-3eea668a9f83,,source_regions,unknown,False,,,,reference_unknown
t160-quality-20261006T131153Z-f8d86b26-03-IMP-TEXT-r3,IMP-TEXT,3,automatic,fdef73bd-f984-58d1-8a53-3eea668a9f83,,assets,source_provided,True,False,"[{""asset_type"": ""table"", ""source_page_number"": 1, ""order_index"": 1}]",,missing_identity
t160-quality-20261006T131153Z-f8d86b26-03-IMP-TEXT-r3,IMP-TEXT,3,assisted_corrected,1194af49-5301-51bb-a173-0e6f524ac810,,question_number,source_provided,True,False,1,,not_executed_due_to_import_failure
t160-quality-20261006T131153Z-f8d86b26-03-IMP-TEXT-r3,IMP-TEXT,3,assisted_corrected,1194af49-5301-51bb-a173-0e6f524ac810,,order_index,source_provided,True,False,1,,not_executed_due_to_import_failure
t160-quality-20261006T131153Z-f8d86b26-03-IMP-TEXT-r3,IMP-TEXT,3,assisted_corrected,1194af49-5301-51bb-a173-0e6f524ac810,,source_page_numbers,source_provided,True,False,[1],,not_executed_due_to_import_failure
t160-quality-20261006T131153Z-f8d86b26-03-IMP-TEXT-r3,IMP-TEXT,3,assisted_corrected,1194af49-5301-51bb-a173-0e6f524ac810,,question_type,source_provided,True,False,SINGLE_CHOICE,,not_executed_due_to_import_failure
t160-quality-20261006T131153Z-f8d86b26-03-IMP-TEXT-r3,IMP-TEXT,3,assisted_corrected,1194af49-5301-51bb-a173-0e6f524ac810,,content,source_provided,True,False,y = 2x + 1，x = 3 时 y 为多少？,,not_executed_due_to_import_failure
t160-quality-20261006T131153Z-f8d86b26-03-IMP-TEXT-r3,IMP-TEXT,3,assisted_corrected,1194af49-5301-51bb-a173-0e6f524ac810,,options,source_provided,True,False,"{""C"": ""7"", ""A"": ""5"", ""B"": ""6"", ""D"": ""8""}",,not_executed_due_to_import_failure
t160-quality-20261006T131153Z-f8d86b26-03-IMP-TEXT-r3,IMP-TEXT,3,assisted_corrected,1194af49-5301-51bb-a173-0e6f524ac810,,reference_answer,source_provided,True,False,C,,not_executed_due_to_import_failure
t160-quality-20261006T131153Z-f8d86b26-03-IMP-TEXT-r3,IMP-TEXT,3,assisted_corrected,1194af49-5301-51bb-a173-0e6f524ac810,,analysis,source_provided,True,False,2 × 3 + 1 = 7。,,not_executed_due_to_import_failure
t160-quality-20261006T131153Z-f8d86b26-03-IMP-TEXT-r3,IMP-TEXT,3,assisted_corrected,1194af49-5301-51bb-a173-0e6f524ac810,,score,source_provided,True,False,2.00,,not_executed_due_to_import_failure
t160-quality-20261006T131153Z-f8d86b26-03-IMP-TEXT-r3,IMP-TEXT,3,assisted_corrected,1194af49-5301-51bb-a173-0e6f524ac810,,scoring_rubric,known_missing,True,False,,,not_executed_due_to_import_failure
t160-quality-20261006T131153Z-f8d86b26-03-IMP-TEXT-r3,IMP-TEXT,3,assisted_corrected,1194af49-5301-51bb-a173-0e6f524ac810,,knowledge_points,known_missing,True,False,[],,not_executed_due_to_import_failure
t160-quality-20261006T131153Z-f8d86b26-03-IMP-TEXT-r3,IMP-TEXT,3,assisted_corrected,1194af49-5301-51bb-a173-0e6f524ac810,,source_regions,unknown,False,,,,not_executed_due_to_import_failure
t160-quality-20261006T131153Z-f8d86b26-03-IMP-TEXT-r3,IMP-TEXT,3,assisted_corrected,1194af49-5301-51bb-a173-0e6f524ac810,,assets,source_provided,True,False,[],,not_executed_due_to_import_failure
t160-quality-20261006T131153Z-f8d86b26-03-IMP-TEXT-r3,IMP-TEXT,3,assisted_corrected,8e0aecaf-072d-5ed7-9b43-5d33ad202cc1,,question_number,source_provided,True,False,2,,not_executed_due_to_import_failure
t160-quality-20261006T131153Z-f8d86b26-03-IMP-TEXT-r3,IMP-TEXT,3,assisted_corrected,8e0aecaf-072d-5ed7-9b43-5d33ad202cc1,,order_index,source_provided,True,False,2,,not_executed_due_to_import_failure
t160-quality-20261006T131153Z-f8d86b26-03-IMP-TEXT-r3,IMP-TEXT,3,assisted_corrected,8e0aecaf-072d-5ed7-9b43-5d33ad202cc1,,source_page_numbers,source_provided,True,False,[1],,not_executed_due_to_import_failure
t160-quality-20261006T131153Z-f8d86b26-03-IMP-TEXT-r3,IMP-TEXT,3,assisted_corrected,8e0aecaf-072d-5ed7-9b43-5d33ad202cc1,,question_type,source_provided,True,False,TRUE_FALSE,,not_executed_due_to_import_failure
t160-quality-20261006T131153Z-f8d86b26-03-IMP-TEXT-r3,IMP-TEXT,3,assisted_corrected,8e0aecaf-072d-5ed7-9b43-5d33ad202cc1,,content,source_provided,True,False,右图三角形面积为 24 cm²。,,not_executed_due_to_import_failure
t160-quality-20261006T131153Z-f8d86b26-03-IMP-TEXT-r3,IMP-TEXT,3,assisted_corrected,8e0aecaf-072d-5ed7-9b43-5d33ad202cc1,,options,source_provided,True,False,"[""正确"", ""错误""]",,not_executed_due_to_import_failure
t160-quality-20261006T131153Z-f8d86b26-03-IMP-TEXT-r3,IMP-TEXT,3,assisted_corrected,8e0aecaf-072d-5ed7-9b43-5d33ad202cc1,,reference_answer,known_missing,True,False,,,not_executed_due_to_import_failure
t160-quality-20261006T131153Z-f8d86b26-03-IMP-TEXT-r3,IMP-TEXT,3,assisted_corrected,8e0aecaf-072d-5ed7-9b43-5d33ad202cc1,,analysis,known_missing,True,False,,,not_executed_due_to_import_failure
t160-quality-20261006T131153Z-f8d86b26-03-IMP-TEXT-r3,IMP-TEXT,3,assisted_corrected,8e0aecaf-072d-5ed7-9b43-5d33ad202cc1,,score,source_provided,True,False,2.00,,not_executed_due_to_import_failure
t160-quality-20261006T131153Z-f8d86b26-03-IMP-TEXT-r3,IMP-TEXT,3,assisted_corrected,8e0aecaf-072d-5ed7-9b43-5d33ad202cc1,,scoring_rubric,known_missing,True,False,,,not_executed_due_to_import_failure
t160-quality-20261006T131153Z-f8d86b26-03-IMP-TEXT-r3,IMP-TEXT,3,assisted_corrected,8e0aecaf-072d-5ed7-9b43-5d33ad202cc1,,knowledge_points,known_missing,True,False,[],,not_executed_due_to_import_failure
t160-quality-20261006T131153Z-f8d86b26-03-IMP-TEXT-r3,IMP-TEXT,3,assisted_corrected,8e0aecaf-072d-5ed7-9b43-5d33ad202cc1,,source_regions,unknown,False,,,,not_executed_due_to_import_failure
t160-quality-20261006T131153Z-f8d86b26-03-IMP-TEXT-r3,IMP-TEXT,3,assisted_corrected,8e0aecaf-072d-5ed7-9b43-5d33ad202cc1,,assets,source_provided,True,False,"[{""asset_type"": ""figure"", ""source_page_number"": 1, ""order_index"": 1}]",,not_executed_due_to_import_failure
t160-quality-20261006T131153Z-f8d86b26-03-IMP-TEXT-r3,IMP-TEXT,3,assisted_corrected,fdef73bd-f984-58d1-8a53-3eea668a9f83,,question_number,source_provided,True,False,3,,not_executed_due_to_import_failure
t160-quality-20261006T131153Z-f8d86b26-03-IMP-TEXT-r3,IMP-TEXT,3,assisted_corrected,fdef73bd-f984-58d1-8a53-3eea668a9f83,,order_index,source_provided,True,False,3,,not_executed_due_to_import_failure
t160-quality-20261006T131153Z-f8d86b26-03-IMP-TEXT-r3,IMP-TEXT,3,assisted_corrected,fdef73bd-f984-58d1-8a53-3eea668a9f83,,source_page_numbers,source_provided,True,False,[1],,not_executed_due_to_import_failure
t160-quality-20261006T131153Z-f8d86b26-03-IMP-TEXT-r3,IMP-TEXT,3,assisted_corrected,fdef73bd-f984-58d1-8a53-3eea668a9f83,,question_type,source_provided,True,False,SHORT_ANSWER,,not_executed_due_to_import_failure
t160-quality-20261006T131153Z-f8d86b26-03-IMP-TEXT-r3,IMP-TEXT,3,assisted_corrected,fdef73bd-f984-58d1-8a53-3eea668a9f83,,content,source_provided,True,False,根据下表写出 y 关于 x 的关系式。,,not_executed_due_to_import_failure
t160-quality-20261006T131153Z-f8d86b26-03-IMP-TEXT-r3,IMP-TEXT,3,assisted_corrected,fdef73bd-f984-58d1-8a53-3eea668a9f83,,options,not_applicable,True,False,,,not_executed_due_to_import_failure
t160-quality-20261006T131153Z-f8d86b26-03-IMP-TEXT-r3,IMP-TEXT,3,assisted_corrected,fdef73bd-f984-58d1-8a53-3eea668a9f83,,reference_answer,known_missing,True,False,,,not_executed_due_to_import_failure
t160-quality-20261006T131153Z-f8d86b26-03-IMP-TEXT-r3,IMP-TEXT,3,assisted_corrected,fdef73bd-f984-58d1-8a53-3eea668a9f83,,analysis,known_missing,True,False,,,not_executed_due_to_import_failure
t160-quality-20261006T131153Z-f8d86b26-03-IMP-TEXT-r3,IMP-TEXT,3,assisted_corrected,fdef73bd-f984-58d1-8a53-3eea668a9f83,,score,source_provided,True,False,3.00,,not_executed_due_to_import_failure
t160-quality-20261006T131153Z-f8d86b26-03-IMP-TEXT-r3,IMP-TEXT,3,assisted_corrected,fdef73bd-f984-58d1-8a53-3eea668a9f83,,scoring_rubric,source_provided,True,False,正确关系式 1.00；说明代入过程 2.00。,,not_executed_due_to_import_failure
t160-quality-20261006T131153Z-f8d86b26-03-IMP-TEXT-r3,IMP-TEXT,3,assisted_corrected,fdef73bd-f984-58d1-8a53-3eea668a9f83,,knowledge_points,source_provided,True,False,"[""一次函数"", ""表达与计算""]",,not_executed_due_to_import_failure
t160-quality-20261006T131153Z-f8d86b26-03-IMP-TEXT-r3,IMP-TEXT,3,assisted_corrected,fdef73bd-f984-58d1-8a53-3eea668a9f83,,source_regions,unknown,False,,,,not_executed_due_to_import_failure
t160-quality-20261006T131153Z-f8d86b26-03-IMP-TEXT-r3,IMP-TEXT,3,assisted_corrected,fdef73bd-f984-58d1-8a53-3eea668a9f83,,assets,source_provided,True,False,"[{""asset_type"": ""table"", ""source_page_number"": 1, ""order_index"": 1}]",,not_executed_due_to_import_failure
t160-quality-20261006T131153Z-f8d86b26-04-IMP-SCAN-r1,IMP-SCAN,1,automatic,74d666eb-fc46-5106-8ea2-ea5c967c6457,,question_number,source_provided,True,False,1,,missing_identity
t160-quality-20261006T131153Z-f8d86b26-04-IMP-SCAN-r1,IMP-SCAN,1,automatic,74d666eb-fc46-5106-8ea2-ea5c967c6457,,order_index,source_provided,True,False,1,,missing_identity
t160-quality-20261006T131153Z-f8d86b26-04-IMP-SCAN-r1,IMP-SCAN,1,automatic,74d666eb-fc46-5106-8ea2-ea5c967c6457,,source_page_numbers,source_provided,True,False,[1],,missing_identity
t160-quality-20261006T131153Z-f8d86b26-04-IMP-SCAN-r1,IMP-SCAN,1,automatic,74d666eb-fc46-5106-8ea2-ea5c967c6457,,question_type,source_provided,True,False,SINGLE_CHOICE,,missing_identity
t160-quality-20261006T131153Z-f8d86b26-04-IMP-SCAN-r1,IMP-SCAN,1,automatic,74d666eb-fc46-5106-8ea2-ea5c967c6457,,content,source_provided,True,False,y = 2x + 1，x = 3 时 y 为多少？,,missing_identity
t160-quality-20261006T131153Z-f8d86b26-04-IMP-SCAN-r1,IMP-SCAN,1,automatic,74d666eb-fc46-5106-8ea2-ea5c967c6457,,options,source_provided,True,False,"{""C"": ""7"", ""A"": ""5"", ""B"": ""6"", ""D"": ""8""}",,missing_identity
t160-quality-20261006T131153Z-f8d86b26-04-IMP-SCAN-r1,IMP-SCAN,1,automatic,74d666eb-fc46-5106-8ea2-ea5c967c6457,,reference_answer,source_provided,True,False,C,,missing_identity
t160-quality-20261006T131153Z-f8d86b26-04-IMP-SCAN-r1,IMP-SCAN,1,automatic,74d666eb-fc46-5106-8ea2-ea5c967c6457,,analysis,source_provided,True,False,2 × 3 + 1 = 7。,,missing_identity
t160-quality-20261006T131153Z-f8d86b26-04-IMP-SCAN-r1,IMP-SCAN,1,automatic,74d666eb-fc46-5106-8ea2-ea5c967c6457,,score,source_provided,True,False,2.00,,missing_identity
t160-quality-20261006T131153Z-f8d86b26-04-IMP-SCAN-r1,IMP-SCAN,1,automatic,74d666eb-fc46-5106-8ea2-ea5c967c6457,,scoring_rubric,known_missing,True,False,,,missing_identity
t160-quality-20261006T131153Z-f8d86b26-04-IMP-SCAN-r1,IMP-SCAN,1,automatic,74d666eb-fc46-5106-8ea2-ea5c967c6457,,knowledge_points,known_missing,True,False,[],,missing_identity
t160-quality-20261006T131153Z-f8d86b26-04-IMP-SCAN-r1,IMP-SCAN,1,automatic,74d666eb-fc46-5106-8ea2-ea5c967c6457,,source_regions,unknown,False,,,,reference_unknown
t160-quality-20261006T131153Z-f8d86b26-04-IMP-SCAN-r1,IMP-SCAN,1,automatic,74d666eb-fc46-5106-8ea2-ea5c967c6457,,assets,source_provided,True,False,[],,missing_identity
t160-quality-20261006T131153Z-f8d86b26-04-IMP-SCAN-r1,IMP-SCAN,1,automatic,5f47ee64-edec-5327-9172-bb8454c7640d,,question_number,source_provided,True,False,2,,missing_identity
t160-quality-20261006T131153Z-f8d86b26-04-IMP-SCAN-r1,IMP-SCAN,1,automatic,5f47ee64-edec-5327-9172-bb8454c7640d,,order_index,source_provided,True,False,2,,missing_identity
t160-quality-20261006T131153Z-f8d86b26-04-IMP-SCAN-r1,IMP-SCAN,1,automatic,5f47ee64-edec-5327-9172-bb8454c7640d,,source_page_numbers,source_provided,True,False,[1],,missing_identity
t160-quality-20261006T131153Z-f8d86b26-04-IMP-SCAN-r1,IMP-SCAN,1,automatic,5f47ee64-edec-5327-9172-bb8454c7640d,,question_type,source_provided,True,False,TRUE_FALSE,,missing_identity
t160-quality-20261006T131153Z-f8d86b26-04-IMP-SCAN-r1,IMP-SCAN,1,automatic,5f47ee64-edec-5327-9172-bb8454c7640d,,content,source_provided,True,False,右图三角形面积为 24 cm²。,,missing_identity
t160-quality-20261006T131153Z-f8d86b26-04-IMP-SCAN-r1,IMP-SCAN,1,automatic,5f47ee64-edec-5327-9172-bb8454c7640d,,options,source_provided,True,False,"[""正确"", ""错误""]",,missing_identity
t160-quality-20261006T131153Z-f8d86b26-04-IMP-SCAN-r1,IMP-SCAN,1,automatic,5f47ee64-edec-5327-9172-bb8454c7640d,,reference_answer,known_missing,True,False,,,missing_identity
t160-quality-20261006T131153Z-f8d86b26-04-IMP-SCAN-r1,IMP-SCAN,1,automatic,5f47ee64-edec-5327-9172-bb8454c7640d,,analysis,known_missing,True,False,,,missing_identity
t160-quality-20261006T131153Z-f8d86b26-04-IMP-SCAN-r1,IMP-SCAN,1,automatic,5f47ee64-edec-5327-9172-bb8454c7640d,,score,source_provided,True,False,2.00,,missing_identity
t160-quality-20261006T131153Z-f8d86b26-04-IMP-SCAN-r1,IMP-SCAN,1,automatic,5f47ee64-edec-5327-9172-bb8454c7640d,,scoring_rubric,known_missing,True,False,,,missing_identity
t160-quality-20261006T131153Z-f8d86b26-04-IMP-SCAN-r1,IMP-SCAN,1,automatic,5f47ee64-edec-5327-9172-bb8454c7640d,,knowledge_points,known_missing,True,False,[],,missing_identity
t160-quality-20261006T131153Z-f8d86b26-04-IMP-SCAN-r1,IMP-SCAN,1,automatic,5f47ee64-edec-5327-9172-bb8454c7640d,,source_regions,unknown,False,,,,reference_unknown
t160-quality-20261006T131153Z-f8d86b26-04-IMP-SCAN-r1,IMP-SCAN,1,automatic,5f47ee64-edec-5327-9172-bb8454c7640d,,assets,source_provided,True,False,"[{""asset_type"": ""figure"", ""source_page_number"": 1, ""order_index"": 1}]",,missing_identity
t160-quality-20261006T131153Z-f8d86b26-04-IMP-SCAN-r1,IMP-SCAN,1,automatic,d6acd365-a6d5-5eb8-9b54-66f26a915094,,question_number,source_provided,True,False,3,,missing_identity
t160-quality-20261006T131153Z-f8d86b26-04-IMP-SCAN-r1,IMP-SCAN,1,automatic,d6acd365-a6d5-5eb8-9b54-66f26a915094,,order_index,source_provided,True,False,3,,missing_identity
t160-quality-20261006T131153Z-f8d86b26-04-IMP-SCAN-r1,IMP-SCAN,1,automatic,d6acd365-a6d5-5eb8-9b54-66f26a915094,,source_page_numbers,source_provided,True,False,[1],,missing_identity
t160-quality-20261006T131153Z-f8d86b26-04-IMP-SCAN-r1,IMP-SCAN,1,automatic,d6acd365-a6d5-5eb8-9b54-66f26a915094,,question_type,source_provided,True,False,SHORT_ANSWER,,missing_identity
t160-quality-20261006T131153Z-f8d86b26-04-IMP-SCAN-r1,IMP-SCAN,1,automatic,d6acd365-a6d5-5eb8-9b54-66f26a915094,,content,source_provided,True,False,根据下表写出 y 关于 x 的关系式。,,missing_identity
t160-quality-20261006T131153Z-f8d86b26-04-IMP-SCAN-r1,IMP-SCAN,1,automatic,d6acd365-a6d5-5eb8-9b54-66f26a915094,,options,not_applicable,True,False,,,missing_identity
t160-quality-20261006T131153Z-f8d86b26-04-IMP-SCAN-r1,IMP-SCAN,1,automatic,d6acd365-a6d5-5eb8-9b54-66f26a915094,,reference_answer,known_missing,True,False,,,missing_identity
t160-quality-20261006T131153Z-f8d86b26-04-IMP-SCAN-r1,IMP-SCAN,1,automatic,d6acd365-a6d5-5eb8-9b54-66f26a915094,,analysis,known_missing,True,False,,,missing_identity
t160-quality-20261006T131153Z-f8d86b26-04-IMP-SCAN-r1,IMP-SCAN,1,automatic,d6acd365-a6d5-5eb8-9b54-66f26a915094,,score,source_provided,True,False,3.00,,missing_identity
t160-quality-20261006T131153Z-f8d86b26-04-IMP-SCAN-r1,IMP-SCAN,1,automatic,d6acd365-a6d5-5eb8-9b54-66f26a915094,,scoring_rubric,source_provided,True,False,正确关系式 1.00；说明代入过程 2.00。,,missing_identity
t160-quality-20261006T131153Z-f8d86b26-04-IMP-SCAN-r1,IMP-SCAN,1,automatic,d6acd365-a6d5-5eb8-9b54-66f26a915094,,knowledge_points,source_provided,True,False,"[""一次函数"", ""表达与计算""]",,missing_identity
t160-quality-20261006T131153Z-f8d86b26-04-IMP-SCAN-r1,IMP-SCAN,1,automatic,d6acd365-a6d5-5eb8-9b54-66f26a915094,,source_regions,unknown,False,,,,reference_unknown
t160-quality-20261006T131153Z-f8d86b26-04-IMP-SCAN-r1,IMP-SCAN,1,automatic,d6acd365-a6d5-5eb8-9b54-66f26a915094,,assets,source_provided,True,False,"[{""asset_type"": ""table"", ""source_page_number"": 1, ""order_index"": 1}]",,missing_identity
t160-quality-20261006T131153Z-f8d86b26-04-IMP-SCAN-r1,IMP-SCAN,1,assisted_corrected,74d666eb-fc46-5106-8ea2-ea5c967c6457,,question_number,source_provided,True,False,1,,not_executed_due_to_import_failure
t160-quality-20261006T131153Z-f8d86b26-04-IMP-SCAN-r1,IMP-SCAN,1,assisted_corrected,74d666eb-fc46-5106-8ea2-ea5c967c6457,,order_index,source_provided,True,False,1,,not_executed_due_to_import_failure
t160-quality-20261006T131153Z-f8d86b26-04-IMP-SCAN-r1,IMP-SCAN,1,assisted_corrected,74d666eb-fc46-5106-8ea2-ea5c967c6457,,source_page_numbers,source_provided,True,False,[1],,not_executed_due_to_import_failure
t160-quality-20261006T131153Z-f8d86b26-04-IMP-SCAN-r1,IMP-SCAN,1,assisted_corrected,74d666eb-fc46-5106-8ea2-ea5c967c6457,,question_type,source_provided,True,False,SINGLE_CHOICE,,not_executed_due_to_import_failure
t160-quality-20261006T131153Z-f8d86b26-04-IMP-SCAN-r1,IMP-SCAN,1,assisted_corrected,74d666eb-fc46-5106-8ea2-ea5c967c6457,,content,source_provided,True,False,y = 2x + 1，x = 3 时 y 为多少？,,not_executed_due_to_import_failure
t160-quality-20261006T131153Z-f8d86b26-04-IMP-SCAN-r1,IMP-SCAN,1,assisted_corrected,74d666eb-fc46-5106-8ea2-ea5c967c6457,,options,source_provided,True,False,"{""C"": ""7"", ""A"": ""5"", ""B"": ""6"", ""D"": ""8""}",,not_executed_due_to_import_failure
t160-quality-20261006T131153Z-f8d86b26-04-IMP-SCAN-r1,IMP-SCAN,1,assisted_corrected,74d666eb-fc46-5106-8ea2-ea5c967c6457,,reference_answer,source_provided,True,False,C,,not_executed_due_to_import_failure
t160-quality-20261006T131153Z-f8d86b26-04-IMP-SCAN-r1,IMP-SCAN,1,assisted_corrected,74d666eb-fc46-5106-8ea2-ea5c967c6457,,analysis,source_provided,True,False,2 × 3 + 1 = 7。,,not_executed_due_to_import_failure
t160-quality-20261006T131153Z-f8d86b26-04-IMP-SCAN-r1,IMP-SCAN,1,assisted_corrected,74d666eb-fc46-5106-8ea2-ea5c967c6457,,score,source_provided,True,False,2.00,,not_executed_due_to_import_failure
t160-quality-20261006T131153Z-f8d86b26-04-IMP-SCAN-r1,IMP-SCAN,1,assisted_corrected,74d666eb-fc46-5106-8ea2-ea5c967c6457,,scoring_rubric,known_missing,True,False,,,not_executed_due_to_import_failure
t160-quality-20261006T131153Z-f8d86b26-04-IMP-SCAN-r1,IMP-SCAN,1,assisted_corrected,74d666eb-fc46-5106-8ea2-ea5c967c6457,,knowledge_points,known_missing,True,False,[],,not_executed_due_to_import_failure
t160-quality-20261006T131153Z-f8d86b26-04-IMP-SCAN-r1,IMP-SCAN,1,assisted_corrected,74d666eb-fc46-5106-8ea2-ea5c967c6457,,source_regions,unknown,False,,,,not_executed_due_to_import_failure
t160-quality-20261006T131153Z-f8d86b26-04-IMP-SCAN-r1,IMP-SCAN,1,assisted_corrected,74d666eb-fc46-5106-8ea2-ea5c967c6457,,assets,source_provided,True,False,[],,not_executed_due_to_import_failure
t160-quality-20261006T131153Z-f8d86b26-04-IMP-SCAN-r1,IMP-SCAN,1,assisted_corrected,5f47ee64-edec-5327-9172-bb8454c7640d,,question_number,source_provided,True,False,2,,not_executed_due_to_import_failure
t160-quality-20261006T131153Z-f8d86b26-04-IMP-SCAN-r1,IMP-SCAN,1,assisted_corrected,5f47ee64-edec-5327-9172-bb8454c7640d,,order_index,source_provided,True,False,2,,not_executed_due_to_import_failure
t160-quality-20261006T131153Z-f8d86b26-04-IMP-SCAN-r1,IMP-SCAN,1,assisted_corrected,5f47ee64-edec-5327-9172-bb8454c7640d,,source_page_numbers,source_provided,True,False,[1],,not_executed_due_to_import_failure
t160-quality-20261006T131153Z-f8d86b26-04-IMP-SCAN-r1,IMP-SCAN,1,assisted_corrected,5f47ee64-edec-5327-9172-bb8454c7640d,,question_type,source_provided,True,False,TRUE_FALSE,,not_executed_due_to_import_failure
t160-quality-20261006T131153Z-f8d86b26-04-IMP-SCAN-r1,IMP-SCAN,1,assisted_corrected,5f47ee64-edec-5327-9172-bb8454c7640d,,content,source_provided,True,False,右图三角形面积为 24 cm²。,,not_executed_due_to_import_failure
t160-quality-20261006T131153Z-f8d86b26-04-IMP-SCAN-r1,IMP-SCAN,1,assisted_corrected,5f47ee64-edec-5327-9172-bb8454c7640d,,options,source_provided,True,False,"[""正确"", ""错误""]",,not_executed_due_to_import_failure
t160-quality-20261006T131153Z-f8d86b26-04-IMP-SCAN-r1,IMP-SCAN,1,assisted_corrected,5f47ee64-edec-5327-9172-bb8454c7640d,,reference_answer,known_missing,True,False,,,not_executed_due_to_import_failure
t160-quality-20261006T131153Z-f8d86b26-04-IMP-SCAN-r1,IMP-SCAN,1,assisted_corrected,5f47ee64-edec-5327-9172-bb8454c7640d,,analysis,known_missing,True,False,,,not_executed_due_to_import_failure
t160-quality-20261006T131153Z-f8d86b26-04-IMP-SCAN-r1,IMP-SCAN,1,assisted_corrected,5f47ee64-edec-5327-9172-bb8454c7640d,,score,source_provided,True,False,2.00,,not_executed_due_to_import_failure
t160-quality-20261006T131153Z-f8d86b26-04-IMP-SCAN-r1,IMP-SCAN,1,assisted_corrected,5f47ee64-edec-5327-9172-bb8454c7640d,,scoring_rubric,known_missing,True,False,,,not_executed_due_to_import_failure
t160-quality-20261006T131153Z-f8d86b26-04-IMP-SCAN-r1,IMP-SCAN,1,assisted_corrected,5f47ee64-edec-5327-9172-bb8454c7640d,,knowledge_points,known_missing,True,False,[],,not_executed_due_to_import_failure
t160-quality-20261006T131153Z-f8d86b26-04-IMP-SCAN-r1,IMP-SCAN,1,assisted_corrected,5f47ee64-edec-5327-9172-bb8454c7640d,,source_regions,unknown,False,,,,not_executed_due_to_import_failure
t160-quality-20261006T131153Z-f8d86b26-04-IMP-SCAN-r1,IMP-SCAN,1,assisted_corrected,5f47ee64-edec-5327-9172-bb8454c7640d,,assets,source_provided,True,False,"[{""asset_type"": ""figure"", ""source_page_number"": 1, ""order_index"": 1}]",,not_executed_due_to_import_failure
t160-quality-20261006T131153Z-f8d86b26-04-IMP-SCAN-r1,IMP-SCAN,1,assisted_corrected,d6acd365-a6d5-5eb8-9b54-66f26a915094,,question_number,source_provided,True,False,3,,not_executed_due_to_import_failure
t160-quality-20261006T131153Z-f8d86b26-04-IMP-SCAN-r1,IMP-SCAN,1,assisted_corrected,d6acd365-a6d5-5eb8-9b54-66f26a915094,,order_index,source_provided,True,False,3,,not_executed_due_to_import_failure
t160-quality-20261006T131153Z-f8d86b26-04-IMP-SCAN-r1,IMP-SCAN,1,assisted_corrected,d6acd365-a6d5-5eb8-9b54-66f26a915094,,source_page_numbers,source_provided,True,False,[1],,not_executed_due_to_import_failure
t160-quality-20261006T131153Z-f8d86b26-04-IMP-SCAN-r1,IMP-SCAN,1,assisted_corrected,d6acd365-a6d5-5eb8-9b54-66f26a915094,,question_type,source_provided,True,False,SHORT_ANSWER,,not_executed_due_to_import_failure
t160-quality-20261006T131153Z-f8d86b26-04-IMP-SCAN-r1,IMP-SCAN,1,assisted_corrected,d6acd365-a6d5-5eb8-9b54-66f26a915094,,content,source_provided,True,False,根据下表写出 y 关于 x 的关系式。,,not_executed_due_to_import_failure
t160-quality-20261006T131153Z-f8d86b26-04-IMP-SCAN-r1,IMP-SCAN,1,assisted_corrected,d6acd365-a6d5-5eb8-9b54-66f26a915094,,options,not_applicable,True,False,,,not_executed_due_to_import_failure
t160-quality-20261006T131153Z-f8d86b26-04-IMP-SCAN-r1,IMP-SCAN,1,assisted_corrected,d6acd365-a6d5-5eb8-9b54-66f26a915094,,reference_answer,known_missing,True,False,,,not_executed_due_to_import_failure
t160-quality-20261006T131153Z-f8d86b26-04-IMP-SCAN-r1,IMP-SCAN,1,assisted_corrected,d6acd365-a6d5-5eb8-9b54-66f26a915094,,analysis,known_missing,True,False,,,not_executed_due_to_import_failure
t160-quality-20261006T131153Z-f8d86b26-04-IMP-SCAN-r1,IMP-SCAN,1,assisted_corrected,d6acd365-a6d5-5eb8-9b54-66f26a915094,,score,source_provided,True,False,3.00,,not_executed_due_to_import_failure
t160-quality-20261006T131153Z-f8d86b26-04-IMP-SCAN-r1,IMP-SCAN,1,assisted_corrected,d6acd365-a6d5-5eb8-9b54-66f26a915094,,scoring_rubric,source_provided,True,False,正确关系式 1.00；说明代入过程 2.00。,,not_executed_due_to_import_failure
t160-quality-20261006T131153Z-f8d86b26-04-IMP-SCAN-r1,IMP-SCAN,1,assisted_corrected,d6acd365-a6d5-5eb8-9b54-66f26a915094,,knowledge_points,source_provided,True,False,"[""一次函数"", ""表达与计算""]",,not_executed_due_to_import_failure
t160-quality-20261006T131153Z-f8d86b26-04-IMP-SCAN-r1,IMP-SCAN,1,assisted_corrected,d6acd365-a6d5-5eb8-9b54-66f26a915094,,source_regions,unknown,False,,,,not_executed_due_to_import_failure
t160-quality-20261006T131153Z-f8d86b26-04-IMP-SCAN-r1,IMP-SCAN,1,assisted_corrected,d6acd365-a6d5-5eb8-9b54-66f26a915094,,assets,source_provided,True,False,"[{""asset_type"": ""table"", ""source_page_number"": 1, ""order_index"": 1}]",,not_executed_due_to_import_failure
t160-quality-20261006T131153Z-f8d86b26-05-IMP-SCAN-r2,IMP-SCAN,2,automatic,74d666eb-fc46-5106-8ea2-ea5c967c6457,,question_number,source_provided,True,False,1,,missing_identity
t160-quality-20261006T131153Z-f8d86b26-05-IMP-SCAN-r2,IMP-SCAN,2,automatic,74d666eb-fc46-5106-8ea2-ea5c967c6457,,order_index,source_provided,True,False,1,,missing_identity
t160-quality-20261006T131153Z-f8d86b26-05-IMP-SCAN-r2,IMP-SCAN,2,automatic,74d666eb-fc46-5106-8ea2-ea5c967c6457,,source_page_numbers,source_provided,True,False,[1],,missing_identity
t160-quality-20261006T131153Z-f8d86b26-05-IMP-SCAN-r2,IMP-SCAN,2,automatic,74d666eb-fc46-5106-8ea2-ea5c967c6457,,question_type,source_provided,True,False,SINGLE_CHOICE,,missing_identity
t160-quality-20261006T131153Z-f8d86b26-05-IMP-SCAN-r2,IMP-SCAN,2,automatic,74d666eb-fc46-5106-8ea2-ea5c967c6457,,content,source_provided,True,False,y = 2x + 1，x = 3 时 y 为多少？,,missing_identity
t160-quality-20261006T131153Z-f8d86b26-05-IMP-SCAN-r2,IMP-SCAN,2,automatic,74d666eb-fc46-5106-8ea2-ea5c967c6457,,options,source_provided,True,False,"{""C"": ""7"", ""A"": ""5"", ""B"": ""6"", ""D"": ""8""}",,missing_identity
t160-quality-20261006T131153Z-f8d86b26-05-IMP-SCAN-r2,IMP-SCAN,2,automatic,74d666eb-fc46-5106-8ea2-ea5c967c6457,,reference_answer,source_provided,True,False,C,,missing_identity
t160-quality-20261006T131153Z-f8d86b26-05-IMP-SCAN-r2,IMP-SCAN,2,automatic,74d666eb-fc46-5106-8ea2-ea5c967c6457,,analysis,source_provided,True,False,2 × 3 + 1 = 7。,,missing_identity
t160-quality-20261006T131153Z-f8d86b26-05-IMP-SCAN-r2,IMP-SCAN,2,automatic,74d666eb-fc46-5106-8ea2-ea5c967c6457,,score,source_provided,True,False,2.00,,missing_identity
t160-quality-20261006T131153Z-f8d86b26-05-IMP-SCAN-r2,IMP-SCAN,2,automatic,74d666eb-fc46-5106-8ea2-ea5c967c6457,,scoring_rubric,known_missing,True,False,,,missing_identity
t160-quality-20261006T131153Z-f8d86b26-05-IMP-SCAN-r2,IMP-SCAN,2,automatic,74d666eb-fc46-5106-8ea2-ea5c967c6457,,knowledge_points,known_missing,True,False,[],,missing_identity
t160-quality-20261006T131153Z-f8d86b26-05-IMP-SCAN-r2,IMP-SCAN,2,automatic,74d666eb-fc46-5106-8ea2-ea5c967c6457,,source_regions,unknown,False,,,,reference_unknown
t160-quality-20261006T131153Z-f8d86b26-05-IMP-SCAN-r2,IMP-SCAN,2,automatic,74d666eb-fc46-5106-8ea2-ea5c967c6457,,assets,source_provided,True,False,[],,missing_identity
t160-quality-20261006T131153Z-f8d86b26-05-IMP-SCAN-r2,IMP-SCAN,2,automatic,5f47ee64-edec-5327-9172-bb8454c7640d,,question_number,source_provided,True,False,2,,missing_identity
t160-quality-20261006T131153Z-f8d86b26-05-IMP-SCAN-r2,IMP-SCAN,2,automatic,5f47ee64-edec-5327-9172-bb8454c7640d,,order_index,source_provided,True,False,2,,missing_identity
t160-quality-20261006T131153Z-f8d86b26-05-IMP-SCAN-r2,IMP-SCAN,2,automatic,5f47ee64-edec-5327-9172-bb8454c7640d,,source_page_numbers,source_provided,True,False,[1],,missing_identity
t160-quality-20261006T131153Z-f8d86b26-05-IMP-SCAN-r2,IMP-SCAN,2,automatic,5f47ee64-edec-5327-9172-bb8454c7640d,,question_type,source_provided,True,False,TRUE_FALSE,,missing_identity
t160-quality-20261006T131153Z-f8d86b26-05-IMP-SCAN-r2,IMP-SCAN,2,automatic,5f47ee64-edec-5327-9172-bb8454c7640d,,content,source_provided,True,False,右图三角形面积为 24 cm²。,,missing_identity
t160-quality-20261006T131153Z-f8d86b26-05-IMP-SCAN-r2,IMP-SCAN,2,automatic,5f47ee64-edec-5327-9172-bb8454c7640d,,options,source_provided,True,False,"[""正确"", ""错误""]",,missing_identity
t160-quality-20261006T131153Z-f8d86b26-05-IMP-SCAN-r2,IMP-SCAN,2,automatic,5f47ee64-edec-5327-9172-bb8454c7640d,,reference_answer,known_missing,True,False,,,missing_identity
t160-quality-20261006T131153Z-f8d86b26-05-IMP-SCAN-r2,IMP-SCAN,2,automatic,5f47ee64-edec-5327-9172-bb8454c7640d,,analysis,known_missing,True,False,,,missing_identity
t160-quality-20261006T131153Z-f8d86b26-05-IMP-SCAN-r2,IMP-SCAN,2,automatic,5f47ee64-edec-5327-9172-bb8454c7640d,,score,source_provided,True,False,2.00,,missing_identity
t160-quality-20261006T131153Z-f8d86b26-05-IMP-SCAN-r2,IMP-SCAN,2,automatic,5f47ee64-edec-5327-9172-bb8454c7640d,,scoring_rubric,known_missing,True,False,,,missing_identity
t160-quality-20261006T131153Z-f8d86b26-05-IMP-SCAN-r2,IMP-SCAN,2,automatic,5f47ee64-edec-5327-9172-bb8454c7640d,,knowledge_points,known_missing,True,False,[],,missing_identity
t160-quality-20261006T131153Z-f8d86b26-05-IMP-SCAN-r2,IMP-SCAN,2,automatic,5f47ee64-edec-5327-9172-bb8454c7640d,,source_regions,unknown,False,,,,reference_unknown
t160-quality-20261006T131153Z-f8d86b26-05-IMP-SCAN-r2,IMP-SCAN,2,automatic,5f47ee64-edec-5327-9172-bb8454c7640d,,assets,source_provided,True,False,"[{""asset_type"": ""figure"", ""source_page_number"": 1, ""order_index"": 1}]",,missing_identity
t160-quality-20261006T131153Z-f8d86b26-05-IMP-SCAN-r2,IMP-SCAN,2,automatic,d6acd365-a6d5-5eb8-9b54-66f26a915094,,question_number,source_provided,True,False,3,,missing_identity
t160-quality-20261006T131153Z-f8d86b26-05-IMP-SCAN-r2,IMP-SCAN,2,automatic,d6acd365-a6d5-5eb8-9b54-66f26a915094,,order_index,source_provided,True,False,3,,missing_identity
t160-quality-20261006T131153Z-f8d86b26-05-IMP-SCAN-r2,IMP-SCAN,2,automatic,d6acd365-a6d5-5eb8-9b54-66f26a915094,,source_page_numbers,source_provided,True,False,[1],,missing_identity
t160-quality-20261006T131153Z-f8d86b26-05-IMP-SCAN-r2,IMP-SCAN,2,automatic,d6acd365-a6d5-5eb8-9b54-66f26a915094,,question_type,source_provided,True,False,SHORT_ANSWER,,missing_identity
t160-quality-20261006T131153Z-f8d86b26-05-IMP-SCAN-r2,IMP-SCAN,2,automatic,d6acd365-a6d5-5eb8-9b54-66f26a915094,,content,source_provided,True,False,根据下表写出 y 关于 x 的关系式。,,missing_identity
t160-quality-20261006T131153Z-f8d86b26-05-IMP-SCAN-r2,IMP-SCAN,2,automatic,d6acd365-a6d5-5eb8-9b54-66f26a915094,,options,not_applicable,True,False,,,missing_identity
t160-quality-20261006T131153Z-f8d86b26-05-IMP-SCAN-r2,IMP-SCAN,2,automatic,d6acd365-a6d5-5eb8-9b54-66f26a915094,,reference_answer,known_missing,True,False,,,missing_identity
t160-quality-20261006T131153Z-f8d86b26-05-IMP-SCAN-r2,IMP-SCAN,2,automatic,d6acd365-a6d5-5eb8-9b54-66f26a915094,,analysis,known_missing,True,False,,,missing_identity
t160-quality-20261006T131153Z-f8d86b26-05-IMP-SCAN-r2,IMP-SCAN,2,automatic,d6acd365-a6d5-5eb8-9b54-66f26a915094,,score,source_provided,True,False,3.00,,missing_identity
t160-quality-20261006T131153Z-f8d86b26-05-IMP-SCAN-r2,IMP-SCAN,2,automatic,d6acd365-a6d5-5eb8-9b54-66f26a915094,,scoring_rubric,source_provided,True,False,正确关系式 1.00；说明代入过程 2.00。,,missing_identity
t160-quality-20261006T131153Z-f8d86b26-05-IMP-SCAN-r2,IMP-SCAN,2,automatic,d6acd365-a6d5-5eb8-9b54-66f26a915094,,knowledge_points,source_provided,True,False,"[""一次函数"", ""表达与计算""]",,missing_identity
t160-quality-20261006T131153Z-f8d86b26-05-IMP-SCAN-r2,IMP-SCAN,2,automatic,d6acd365-a6d5-5eb8-9b54-66f26a915094,,source_regions,unknown,False,,,,reference_unknown
t160-quality-20261006T131153Z-f8d86b26-05-IMP-SCAN-r2,IMP-SCAN,2,automatic,d6acd365-a6d5-5eb8-9b54-66f26a915094,,assets,source_provided,True,False,"[{""asset_type"": ""table"", ""source_page_number"": 1, ""order_index"": 1}]",,missing_identity
t160-quality-20261006T131153Z-f8d86b26-05-IMP-SCAN-r2,IMP-SCAN,2,assisted_corrected,74d666eb-fc46-5106-8ea2-ea5c967c6457,,question_number,source_provided,True,False,1,,not_executed_due_to_import_failure
t160-quality-20261006T131153Z-f8d86b26-05-IMP-SCAN-r2,IMP-SCAN,2,assisted_corrected,74d666eb-fc46-5106-8ea2-ea5c967c6457,,order_index,source_provided,True,False,1,,not_executed_due_to_import_failure
t160-quality-20261006T131153Z-f8d86b26-05-IMP-SCAN-r2,IMP-SCAN,2,assisted_corrected,74d666eb-fc46-5106-8ea2-ea5c967c6457,,source_page_numbers,source_provided,True,False,[1],,not_executed_due_to_import_failure
t160-quality-20261006T131153Z-f8d86b26-05-IMP-SCAN-r2,IMP-SCAN,2,assisted_corrected,74d666eb-fc46-5106-8ea2-ea5c967c6457,,question_type,source_provided,True,False,SINGLE_CHOICE,,not_executed_due_to_import_failure
t160-quality-20261006T131153Z-f8d86b26-05-IMP-SCAN-r2,IMP-SCAN,2,assisted_corrected,74d666eb-fc46-5106-8ea2-ea5c967c6457,,content,source_provided,True,False,y = 2x + 1，x = 3 时 y 为多少？,,not_executed_due_to_import_failure
t160-quality-20261006T131153Z-f8d86b26-05-IMP-SCAN-r2,IMP-SCAN,2,assisted_corrected,74d666eb-fc46-5106-8ea2-ea5c967c6457,,options,source_provided,True,False,"{""C"": ""7"", ""A"": ""5"", ""B"": ""6"", ""D"": ""8""}",,not_executed_due_to_import_failure
t160-quality-20261006T131153Z-f8d86b26-05-IMP-SCAN-r2,IMP-SCAN,2,assisted_corrected,74d666eb-fc46-5106-8ea2-ea5c967c6457,,reference_answer,source_provided,True,False,C,,not_executed_due_to_import_failure
t160-quality-20261006T131153Z-f8d86b26-05-IMP-SCAN-r2,IMP-SCAN,2,assisted_corrected,74d666eb-fc46-5106-8ea2-ea5c967c6457,,analysis,source_provided,True,False,2 × 3 + 1 = 7。,,not_executed_due_to_import_failure
t160-quality-20261006T131153Z-f8d86b26-05-IMP-SCAN-r2,IMP-SCAN,2,assisted_corrected,74d666eb-fc46-5106-8ea2-ea5c967c6457,,score,source_provided,True,False,2.00,,not_executed_due_to_import_failure
t160-quality-20261006T131153Z-f8d86b26-05-IMP-SCAN-r2,IMP-SCAN,2,assisted_corrected,74d666eb-fc46-5106-8ea2-ea5c967c6457,,scoring_rubric,known_missing,True,False,,,not_executed_due_to_import_failure
t160-quality-20261006T131153Z-f8d86b26-05-IMP-SCAN-r2,IMP-SCAN,2,assisted_corrected,74d666eb-fc46-5106-8ea2-ea5c967c6457,,knowledge_points,known_missing,True,False,[],,not_executed_due_to_import_failure
t160-quality-20261006T131153Z-f8d86b26-05-IMP-SCAN-r2,IMP-SCAN,2,assisted_corrected,74d666eb-fc46-5106-8ea2-ea5c967c6457,,source_regions,unknown,False,,,,not_executed_due_to_import_failure
t160-quality-20261006T131153Z-f8d86b26-05-IMP-SCAN-r2,IMP-SCAN,2,assisted_corrected,74d666eb-fc46-5106-8ea2-ea5c967c6457,,assets,source_provided,True,False,[],,not_executed_due_to_import_failure
t160-quality-20261006T131153Z-f8d86b26-05-IMP-SCAN-r2,IMP-SCAN,2,assisted_corrected,5f47ee64-edec-5327-9172-bb8454c7640d,,question_number,source_provided,True,False,2,,not_executed_due_to_import_failure
t160-quality-20261006T131153Z-f8d86b26-05-IMP-SCAN-r2,IMP-SCAN,2,assisted_corrected,5f47ee64-edec-5327-9172-bb8454c7640d,,order_index,source_provided,True,False,2,,not_executed_due_to_import_failure
t160-quality-20261006T131153Z-f8d86b26-05-IMP-SCAN-r2,IMP-SCAN,2,assisted_corrected,5f47ee64-edec-5327-9172-bb8454c7640d,,source_page_numbers,source_provided,True,False,[1],,not_executed_due_to_import_failure
t160-quality-20261006T131153Z-f8d86b26-05-IMP-SCAN-r2,IMP-SCAN,2,assisted_corrected,5f47ee64-edec-5327-9172-bb8454c7640d,,question_type,source_provided,True,False,TRUE_FALSE,,not_executed_due_to_import_failure
t160-quality-20261006T131153Z-f8d86b26-05-IMP-SCAN-r2,IMP-SCAN,2,assisted_corrected,5f47ee64-edec-5327-9172-bb8454c7640d,,content,source_provided,True,False,右图三角形面积为 24 cm²。,,not_executed_due_to_import_failure
t160-quality-20261006T131153Z-f8d86b26-05-IMP-SCAN-r2,IMP-SCAN,2,assisted_corrected,5f47ee64-edec-5327-9172-bb8454c7640d,,options,source_provided,True,False,"[""正确"", ""错误""]",,not_executed_due_to_import_failure
t160-quality-20261006T131153Z-f8d86b26-05-IMP-SCAN-r2,IMP-SCAN,2,assisted_corrected,5f47ee64-edec-5327-9172-bb8454c7640d,,reference_answer,known_missing,True,False,,,not_executed_due_to_import_failure
t160-quality-20261006T131153Z-f8d86b26-05-IMP-SCAN-r2,IMP-SCAN,2,assisted_corrected,5f47ee64-edec-5327-9172-bb8454c7640d,,analysis,known_missing,True,False,,,not_executed_due_to_import_failure
t160-quality-20261006T131153Z-f8d86b26-05-IMP-SCAN-r2,IMP-SCAN,2,assisted_corrected,5f47ee64-edec-5327-9172-bb8454c7640d,,score,source_provided,True,False,2.00,,not_executed_due_to_import_failure
t160-quality-20261006T131153Z-f8d86b26-05-IMP-SCAN-r2,IMP-SCAN,2,assisted_corrected,5f47ee64-edec-5327-9172-bb8454c7640d,,scoring_rubric,known_missing,True,False,,,not_executed_due_to_import_failure
t160-quality-20261006T131153Z-f8d86b26-05-IMP-SCAN-r2,IMP-SCAN,2,assisted_corrected,5f47ee64-edec-5327-9172-bb8454c7640d,,knowledge_points,known_missing,True,False,[],,not_executed_due_to_import_failure
t160-quality-20261006T131153Z-f8d86b26-05-IMP-SCAN-r2,IMP-SCAN,2,assisted_corrected,5f47ee64-edec-5327-9172-bb8454c7640d,,source_regions,unknown,False,,,,not_executed_due_to_import_failure
t160-quality-20261006T131153Z-f8d86b26-05-IMP-SCAN-r2,IMP-SCAN,2,assisted_corrected,5f47ee64-edec-5327-9172-bb8454c7640d,,assets,source_provided,True,False,"[{""asset_type"": ""figure"", ""source_page_number"": 1, ""order_index"": 1}]",,not_executed_due_to_import_failure
t160-quality-20261006T131153Z-f8d86b26-05-IMP-SCAN-r2,IMP-SCAN,2,assisted_corrected,d6acd365-a6d5-5eb8-9b54-66f26a915094,,question_number,source_provided,True,False,3,,not_executed_due_to_import_failure
t160-quality-20261006T131153Z-f8d86b26-05-IMP-SCAN-r2,IMP-SCAN,2,assisted_corrected,d6acd365-a6d5-5eb8-9b54-66f26a915094,,order_index,source_provided,True,False,3,,not_executed_due_to_import_failure
t160-quality-20261006T131153Z-f8d86b26-05-IMP-SCAN-r2,IMP-SCAN,2,assisted_corrected,d6acd365-a6d5-5eb8-9b54-66f26a915094,,source_page_numbers,source_provided,True,False,[1],,not_executed_due_to_import_failure
t160-quality-20261006T131153Z-f8d86b26-05-IMP-SCAN-r2,IMP-SCAN,2,assisted_corrected,d6acd365-a6d5-5eb8-9b54-66f26a915094,,question_type,source_provided,True,False,SHORT_ANSWER,,not_executed_due_to_import_failure
t160-quality-20261006T131153Z-f8d86b26-05-IMP-SCAN-r2,IMP-SCAN,2,assisted_corrected,d6acd365-a6d5-5eb8-9b54-66f26a915094,,content,source_provided,True,False,根据下表写出 y 关于 x 的关系式。,,not_executed_due_to_import_failure
t160-quality-20261006T131153Z-f8d86b26-05-IMP-SCAN-r2,IMP-SCAN,2,assisted_corrected,d6acd365-a6d5-5eb8-9b54-66f26a915094,,options,not_applicable,True,False,,,not_executed_due_to_import_failure
t160-quality-20261006T131153Z-f8d86b26-05-IMP-SCAN-r2,IMP-SCAN,2,assisted_corrected,d6acd365-a6d5-5eb8-9b54-66f26a915094,,reference_answer,known_missing,True,False,,,not_executed_due_to_import_failure
t160-quality-20261006T131153Z-f8d86b26-05-IMP-SCAN-r2,IMP-SCAN,2,assisted_corrected,d6acd365-a6d5-5eb8-9b54-66f26a915094,,analysis,known_missing,True,False,,,not_executed_due_to_import_failure
t160-quality-20261006T131153Z-f8d86b26-05-IMP-SCAN-r2,IMP-SCAN,2,assisted_corrected,d6acd365-a6d5-5eb8-9b54-66f26a915094,,score,source_provided,True,False,3.00,,not_executed_due_to_import_failure
t160-quality-20261006T131153Z-f8d86b26-05-IMP-SCAN-r2,IMP-SCAN,2,assisted_corrected,d6acd365-a6d5-5eb8-9b54-66f26a915094,,scoring_rubric,source_provided,True,False,正确关系式 1.00；说明代入过程 2.00。,,not_executed_due_to_import_failure
t160-quality-20261006T131153Z-f8d86b26-05-IMP-SCAN-r2,IMP-SCAN,2,assisted_corrected,d6acd365-a6d5-5eb8-9b54-66f26a915094,,knowledge_points,source_provided,True,False,"[""一次函数"", ""表达与计算""]",,not_executed_due_to_import_failure
t160-quality-20261006T131153Z-f8d86b26-05-IMP-SCAN-r2,IMP-SCAN,2,assisted_corrected,d6acd365-a6d5-5eb8-9b54-66f26a915094,,source_regions,unknown,False,,,,not_executed_due_to_import_failure
t160-quality-20261006T131153Z-f8d86b26-05-IMP-SCAN-r2,IMP-SCAN,2,assisted_corrected,d6acd365-a6d5-5eb8-9b54-66f26a915094,,assets,source_provided,True,False,"[{""asset_type"": ""table"", ""source_page_number"": 1, ""order_index"": 1}]",,not_executed_due_to_import_failure
t160-quality-20261006T131153Z-f8d86b26-06-IMP-SCAN-r3,IMP-SCAN,3,automatic,74d666eb-fc46-5106-8ea2-ea5c967c6457,,question_number,source_provided,True,False,1,,missing_identity
t160-quality-20261006T131153Z-f8d86b26-06-IMP-SCAN-r3,IMP-SCAN,3,automatic,74d666eb-fc46-5106-8ea2-ea5c967c6457,,order_index,source_provided,True,False,1,,missing_identity
t160-quality-20261006T131153Z-f8d86b26-06-IMP-SCAN-r3,IMP-SCAN,3,automatic,74d666eb-fc46-5106-8ea2-ea5c967c6457,,source_page_numbers,source_provided,True,False,[1],,missing_identity
t160-quality-20261006T131153Z-f8d86b26-06-IMP-SCAN-r3,IMP-SCAN,3,automatic,74d666eb-fc46-5106-8ea2-ea5c967c6457,,question_type,source_provided,True,False,SINGLE_CHOICE,,missing_identity
t160-quality-20261006T131153Z-f8d86b26-06-IMP-SCAN-r3,IMP-SCAN,3,automatic,74d666eb-fc46-5106-8ea2-ea5c967c6457,,content,source_provided,True,False,y = 2x + 1，x = 3 时 y 为多少？,,missing_identity
t160-quality-20261006T131153Z-f8d86b26-06-IMP-SCAN-r3,IMP-SCAN,3,automatic,74d666eb-fc46-5106-8ea2-ea5c967c6457,,options,source_provided,True,False,"{""C"": ""7"", ""A"": ""5"", ""B"": ""6"", ""D"": ""8""}",,missing_identity
t160-quality-20261006T131153Z-f8d86b26-06-IMP-SCAN-r3,IMP-SCAN,3,automatic,74d666eb-fc46-5106-8ea2-ea5c967c6457,,reference_answer,source_provided,True,False,C,,missing_identity
t160-quality-20261006T131153Z-f8d86b26-06-IMP-SCAN-r3,IMP-SCAN,3,automatic,74d666eb-fc46-5106-8ea2-ea5c967c6457,,analysis,source_provided,True,False,2 × 3 + 1 = 7。,,missing_identity
t160-quality-20261006T131153Z-f8d86b26-06-IMP-SCAN-r3,IMP-SCAN,3,automatic,74d666eb-fc46-5106-8ea2-ea5c967c6457,,score,source_provided,True,False,2.00,,missing_identity
t160-quality-20261006T131153Z-f8d86b26-06-IMP-SCAN-r3,IMP-SCAN,3,automatic,74d666eb-fc46-5106-8ea2-ea5c967c6457,,scoring_rubric,known_missing,True,False,,,missing_identity
t160-quality-20261006T131153Z-f8d86b26-06-IMP-SCAN-r3,IMP-SCAN,3,automatic,74d666eb-fc46-5106-8ea2-ea5c967c6457,,knowledge_points,known_missing,True,False,[],,missing_identity
t160-quality-20261006T131153Z-f8d86b26-06-IMP-SCAN-r3,IMP-SCAN,3,automatic,74d666eb-fc46-5106-8ea2-ea5c967c6457,,source_regions,unknown,False,,,,reference_unknown
t160-quality-20261006T131153Z-f8d86b26-06-IMP-SCAN-r3,IMP-SCAN,3,automatic,74d666eb-fc46-5106-8ea2-ea5c967c6457,,assets,source_provided,True,False,[],,missing_identity
t160-quality-20261006T131153Z-f8d86b26-06-IMP-SCAN-r3,IMP-SCAN,3,automatic,5f47ee64-edec-5327-9172-bb8454c7640d,,question_number,source_provided,True,False,2,,missing_identity
t160-quality-20261006T131153Z-f8d86b26-06-IMP-SCAN-r3,IMP-SCAN,3,automatic,5f47ee64-edec-5327-9172-bb8454c7640d,,order_index,source_provided,True,False,2,,missing_identity
t160-quality-20261006T131153Z-f8d86b26-06-IMP-SCAN-r3,IMP-SCAN,3,automatic,5f47ee64-edec-5327-9172-bb8454c7640d,,source_page_numbers,source_provided,True,False,[1],,missing_identity
t160-quality-20261006T131153Z-f8d86b26-06-IMP-SCAN-r3,IMP-SCAN,3,automatic,5f47ee64-edec-5327-9172-bb8454c7640d,,question_type,source_provided,True,False,TRUE_FALSE,,missing_identity
t160-quality-20261006T131153Z-f8d86b26-06-IMP-SCAN-r3,IMP-SCAN,3,automatic,5f47ee64-edec-5327-9172-bb8454c7640d,,content,source_provided,True,False,右图三角形面积为 24 cm²。,,missing_identity
t160-quality-20261006T131153Z-f8d86b26-06-IMP-SCAN-r3,IMP-SCAN,3,automatic,5f47ee64-edec-5327-9172-bb8454c7640d,,options,source_provided,True,False,"[""正确"", ""错误""]",,missing_identity
t160-quality-20261006T131153Z-f8d86b26-06-IMP-SCAN-r3,IMP-SCAN,3,automatic,5f47ee64-edec-5327-9172-bb8454c7640d,,reference_answer,known_missing,True,False,,,missing_identity
t160-quality-20261006T131153Z-f8d86b26-06-IMP-SCAN-r3,IMP-SCAN,3,automatic,5f47ee64-edec-5327-9172-bb8454c7640d,,analysis,known_missing,True,False,,,missing_identity
t160-quality-20261006T131153Z-f8d86b26-06-IMP-SCAN-r3,IMP-SCAN,3,automatic,5f47ee64-edec-5327-9172-bb8454c7640d,,score,source_provided,True,False,2.00,,missing_identity
t160-quality-20261006T131153Z-f8d86b26-06-IMP-SCAN-r3,IMP-SCAN,3,automatic,5f47ee64-edec-5327-9172-bb8454c7640d,,scoring_rubric,known_missing,True,False,,,missing_identity
t160-quality-20261006T131153Z-f8d86b26-06-IMP-SCAN-r3,IMP-SCAN,3,automatic,5f47ee64-edec-5327-9172-bb8454c7640d,,knowledge_points,known_missing,True,False,[],,missing_identity
t160-quality-20261006T131153Z-f8d86b26-06-IMP-SCAN-r3,IMP-SCAN,3,automatic,5f47ee64-edec-5327-9172-bb8454c7640d,,source_regions,unknown,False,,,,reference_unknown
t160-quality-20261006T131153Z-f8d86b26-06-IMP-SCAN-r3,IMP-SCAN,3,automatic,5f47ee64-edec-5327-9172-bb8454c7640d,,assets,source_provided,True,False,"[{""asset_type"": ""figure"", ""source_page_number"": 1, ""order_index"": 1}]",,missing_identity
t160-quality-20261006T131153Z-f8d86b26-06-IMP-SCAN-r3,IMP-SCAN,3,automatic,d6acd365-a6d5-5eb8-9b54-66f26a915094,,question_number,source_provided,True,False,3,,missing_identity
t160-quality-20261006T131153Z-f8d86b26-06-IMP-SCAN-r3,IMP-SCAN,3,automatic,d6acd365-a6d5-5eb8-9b54-66f26a915094,,order_index,source_provided,True,False,3,,missing_identity
t160-quality-20261006T131153Z-f8d86b26-06-IMP-SCAN-r3,IMP-SCAN,3,automatic,d6acd365-a6d5-5eb8-9b54-66f26a915094,,source_page_numbers,source_provided,True,False,[1],,missing_identity
t160-quality-20261006T131153Z-f8d86b26-06-IMP-SCAN-r3,IMP-SCAN,3,automatic,d6acd365-a6d5-5eb8-9b54-66f26a915094,,question_type,source_provided,True,False,SHORT_ANSWER,,missing_identity
t160-quality-20261006T131153Z-f8d86b26-06-IMP-SCAN-r3,IMP-SCAN,3,automatic,d6acd365-a6d5-5eb8-9b54-66f26a915094,,content,source_provided,True,False,根据下表写出 y 关于 x 的关系式。,,missing_identity
t160-quality-20261006T131153Z-f8d86b26-06-IMP-SCAN-r3,IMP-SCAN,3,automatic,d6acd365-a6d5-5eb8-9b54-66f26a915094,,options,not_applicable,True,False,,,missing_identity
t160-quality-20261006T131153Z-f8d86b26-06-IMP-SCAN-r3,IMP-SCAN,3,automatic,d6acd365-a6d5-5eb8-9b54-66f26a915094,,reference_answer,known_missing,True,False,,,missing_identity
t160-quality-20261006T131153Z-f8d86b26-06-IMP-SCAN-r3,IMP-SCAN,3,automatic,d6acd365-a6d5-5eb8-9b54-66f26a915094,,analysis,known_missing,True,False,,,missing_identity
t160-quality-20261006T131153Z-f8d86b26-06-IMP-SCAN-r3,IMP-SCAN,3,automatic,d6acd365-a6d5-5eb8-9b54-66f26a915094,,score,source_provided,True,False,3.00,,missing_identity
t160-quality-20261006T131153Z-f8d86b26-06-IMP-SCAN-r3,IMP-SCAN,3,automatic,d6acd365-a6d5-5eb8-9b54-66f26a915094,,scoring_rubric,source_provided,True,False,正确关系式 1.00；说明代入过程 2.00。,,missing_identity
t160-quality-20261006T131153Z-f8d86b26-06-IMP-SCAN-r3,IMP-SCAN,3,automatic,d6acd365-a6d5-5eb8-9b54-66f26a915094,,knowledge_points,source_provided,True,False,"[""一次函数"", ""表达与计算""]",,missing_identity
t160-quality-20261006T131153Z-f8d86b26-06-IMP-SCAN-r3,IMP-SCAN,3,automatic,d6acd365-a6d5-5eb8-9b54-66f26a915094,,source_regions,unknown,False,,,,reference_unknown
t160-quality-20261006T131153Z-f8d86b26-06-IMP-SCAN-r3,IMP-SCAN,3,automatic,d6acd365-a6d5-5eb8-9b54-66f26a915094,,assets,source_provided,True,False,"[{""asset_type"": ""table"", ""source_page_number"": 1, ""order_index"": 1}]",,missing_identity
t160-quality-20261006T131153Z-f8d86b26-06-IMP-SCAN-r3,IMP-SCAN,3,assisted_corrected,74d666eb-fc46-5106-8ea2-ea5c967c6457,,question_number,source_provided,True,False,1,,not_executed_due_to_import_failure
t160-quality-20261006T131153Z-f8d86b26-06-IMP-SCAN-r3,IMP-SCAN,3,assisted_corrected,74d666eb-fc46-5106-8ea2-ea5c967c6457,,order_index,source_provided,True,False,1,,not_executed_due_to_import_failure
t160-quality-20261006T131153Z-f8d86b26-06-IMP-SCAN-r3,IMP-SCAN,3,assisted_corrected,74d666eb-fc46-5106-8ea2-ea5c967c6457,,source_page_numbers,source_provided,True,False,[1],,not_executed_due_to_import_failure
t160-quality-20261006T131153Z-f8d86b26-06-IMP-SCAN-r3,IMP-SCAN,3,assisted_corrected,74d666eb-fc46-5106-8ea2-ea5c967c6457,,question_type,source_provided,True,False,SINGLE_CHOICE,,not_executed_due_to_import_failure
t160-quality-20261006T131153Z-f8d86b26-06-IMP-SCAN-r3,IMP-SCAN,3,assisted_corrected,74d666eb-fc46-5106-8ea2-ea5c967c6457,,content,source_provided,True,False,y = 2x + 1，x = 3 时 y 为多少？,,not_executed_due_to_import_failure
t160-quality-20261006T131153Z-f8d86b26-06-IMP-SCAN-r3,IMP-SCAN,3,assisted_corrected,74d666eb-fc46-5106-8ea2-ea5c967c6457,,options,source_provided,True,False,"{""C"": ""7"", ""A"": ""5"", ""B"": ""6"", ""D"": ""8""}",,not_executed_due_to_import_failure
t160-quality-20261006T131153Z-f8d86b26-06-IMP-SCAN-r3,IMP-SCAN,3,assisted_corrected,74d666eb-fc46-5106-8ea2-ea5c967c6457,,reference_answer,source_provided,True,False,C,,not_executed_due_to_import_failure
t160-quality-20261006T131153Z-f8d86b26-06-IMP-SCAN-r3,IMP-SCAN,3,assisted_corrected,74d666eb-fc46-5106-8ea2-ea5c967c6457,,analysis,source_provided,True,False,2 × 3 + 1 = 7。,,not_executed_due_to_import_failure
t160-quality-20261006T131153Z-f8d86b26-06-IMP-SCAN-r3,IMP-SCAN,3,assisted_corrected,74d666eb-fc46-5106-8ea2-ea5c967c6457,,score,source_provided,True,False,2.00,,not_executed_due_to_import_failure
t160-quality-20261006T131153Z-f8d86b26-06-IMP-SCAN-r3,IMP-SCAN,3,assisted_corrected,74d666eb-fc46-5106-8ea2-ea5c967c6457,,scoring_rubric,known_missing,True,False,,,not_executed_due_to_import_failure
t160-quality-20261006T131153Z-f8d86b26-06-IMP-SCAN-r3,IMP-SCAN,3,assisted_corrected,74d666eb-fc46-5106-8ea2-ea5c967c6457,,knowledge_points,known_missing,True,False,[],,not_executed_due_to_import_failure
t160-quality-20261006T131153Z-f8d86b26-06-IMP-SCAN-r3,IMP-SCAN,3,assisted_corrected,74d666eb-fc46-5106-8ea2-ea5c967c6457,,source_regions,unknown,False,,,,not_executed_due_to_import_failure
t160-quality-20261006T131153Z-f8d86b26-06-IMP-SCAN-r3,IMP-SCAN,3,assisted_corrected,74d666eb-fc46-5106-8ea2-ea5c967c6457,,assets,source_provided,True,False,[],,not_executed_due_to_import_failure
t160-quality-20261006T131153Z-f8d86b26-06-IMP-SCAN-r3,IMP-SCAN,3,assisted_corrected,5f47ee64-edec-5327-9172-bb8454c7640d,,question_number,source_provided,True,False,2,,not_executed_due_to_import_failure
t160-quality-20261006T131153Z-f8d86b26-06-IMP-SCAN-r3,IMP-SCAN,3,assisted_corrected,5f47ee64-edec-5327-9172-bb8454c7640d,,order_index,source_provided,True,False,2,,not_executed_due_to_import_failure
t160-quality-20261006T131153Z-f8d86b26-06-IMP-SCAN-r3,IMP-SCAN,3,assisted_corrected,5f47ee64-edec-5327-9172-bb8454c7640d,,source_page_numbers,source_provided,True,False,[1],,not_executed_due_to_import_failure
t160-quality-20261006T131153Z-f8d86b26-06-IMP-SCAN-r3,IMP-SCAN,3,assisted_corrected,5f47ee64-edec-5327-9172-bb8454c7640d,,question_type,source_provided,True,False,TRUE_FALSE,,not_executed_due_to_import_failure
t160-quality-20261006T131153Z-f8d86b26-06-IMP-SCAN-r3,IMP-SCAN,3,assisted_corrected,5f47ee64-edec-5327-9172-bb8454c7640d,,content,source_provided,True,False,右图三角形面积为 24 cm²。,,not_executed_due_to_import_failure
t160-quality-20261006T131153Z-f8d86b26-06-IMP-SCAN-r3,IMP-SCAN,3,assisted_corrected,5f47ee64-edec-5327-9172-bb8454c7640d,,options,source_provided,True,False,"[""正确"", ""错误""]",,not_executed_due_to_import_failure
t160-quality-20261006T131153Z-f8d86b26-06-IMP-SCAN-r3,IMP-SCAN,3,assisted_corrected,5f47ee64-edec-5327-9172-bb8454c7640d,,reference_answer,known_missing,True,False,,,not_executed_due_to_import_failure
t160-quality-20261006T131153Z-f8d86b26-06-IMP-SCAN-r3,IMP-SCAN,3,assisted_corrected,5f47ee64-edec-5327-9172-bb8454c7640d,,analysis,known_missing,True,False,,,not_executed_due_to_import_failure
t160-quality-20261006T131153Z-f8d86b26-06-IMP-SCAN-r3,IMP-SCAN,3,assisted_corrected,5f47ee64-edec-5327-9172-bb8454c7640d,,score,source_provided,True,False,2.00,,not_executed_due_to_import_failure
t160-quality-20261006T131153Z-f8d86b26-06-IMP-SCAN-r3,IMP-SCAN,3,assisted_corrected,5f47ee64-edec-5327-9172-bb8454c7640d,,scoring_rubric,known_missing,True,False,,,not_executed_due_to_import_failure
t160-quality-20261006T131153Z-f8d86b26-06-IMP-SCAN-r3,IMP-SCAN,3,assisted_corrected,5f47ee64-edec-5327-9172-bb8454c7640d,,knowledge_points,known_missing,True,False,[],,not_executed_due_to_import_failure
t160-quality-20261006T131153Z-f8d86b26-06-IMP-SCAN-r3,IMP-SCAN,3,assisted_corrected,5f47ee64-edec-5327-9172-bb8454c7640d,,source_regions,unknown,False,,,,not_executed_due_to_import_failure
t160-quality-20261006T131153Z-f8d86b26-06-IMP-SCAN-r3,IMP-SCAN,3,assisted_corrected,5f47ee64-edec-5327-9172-bb8454c7640d,,assets,source_provided,True,False,"[{""asset_type"": ""figure"", ""source_page_number"": 1, ""order_index"": 1}]",,not_executed_due_to_import_failure
t160-quality-20261006T131153Z-f8d86b26-06-IMP-SCAN-r3,IMP-SCAN,3,assisted_corrected,d6acd365-a6d5-5eb8-9b54-66f26a915094,,question_number,source_provided,True,False,3,,not_executed_due_to_import_failure
t160-quality-20261006T131153Z-f8d86b26-06-IMP-SCAN-r3,IMP-SCAN,3,assisted_corrected,d6acd365-a6d5-5eb8-9b54-66f26a915094,,order_index,source_provided,True,False,3,,not_executed_due_to_import_failure
t160-quality-20261006T131153Z-f8d86b26-06-IMP-SCAN-r3,IMP-SCAN,3,assisted_corrected,d6acd365-a6d5-5eb8-9b54-66f26a915094,,source_page_numbers,source_provided,True,False,[1],,not_executed_due_to_import_failure
t160-quality-20261006T131153Z-f8d86b26-06-IMP-SCAN-r3,IMP-SCAN,3,assisted_corrected,d6acd365-a6d5-5eb8-9b54-66f26a915094,,question_type,source_provided,True,False,SHORT_ANSWER,,not_executed_due_to_import_failure
t160-quality-20261006T131153Z-f8d86b26-06-IMP-SCAN-r3,IMP-SCAN,3,assisted_corrected,d6acd365-a6d5-5eb8-9b54-66f26a915094,,content,source_provided,True,False,根据下表写出 y 关于 x 的关系式。,,not_executed_due_to_import_failure
t160-quality-20261006T131153Z-f8d86b26-06-IMP-SCAN-r3,IMP-SCAN,3,assisted_corrected,d6acd365-a6d5-5eb8-9b54-66f26a915094,,options,not_applicable,True,False,,,not_executed_due_to_import_failure
t160-quality-20261006T131153Z-f8d86b26-06-IMP-SCAN-r3,IMP-SCAN,3,assisted_corrected,d6acd365-a6d5-5eb8-9b54-66f26a915094,,reference_answer,known_missing,True,False,,,not_executed_due_to_import_failure
t160-quality-20261006T131153Z-f8d86b26-06-IMP-SCAN-r3,IMP-SCAN,3,assisted_corrected,d6acd365-a6d5-5eb8-9b54-66f26a915094,,analysis,known_missing,True,False,,,not_executed_due_to_import_failure
t160-quality-20261006T131153Z-f8d86b26-06-IMP-SCAN-r3,IMP-SCAN,3,assisted_corrected,d6acd365-a6d5-5eb8-9b54-66f26a915094,,score,source_provided,True,False,3.00,,not_executed_due_to_import_failure
t160-quality-20261006T131153Z-f8d86b26-06-IMP-SCAN-r3,IMP-SCAN,3,assisted_corrected,d6acd365-a6d5-5eb8-9b54-66f26a915094,,scoring_rubric,source_provided,True,False,正确关系式 1.00；说明代入过程 2.00。,,not_executed_due_to_import_failure
t160-quality-20261006T131153Z-f8d86b26-06-IMP-SCAN-r3,IMP-SCAN,3,assisted_corrected,d6acd365-a6d5-5eb8-9b54-66f26a915094,,knowledge_points,source_provided,True,False,"[""一次函数"", ""表达与计算""]",,not_executed_due_to_import_failure
t160-quality-20261006T131153Z-f8d86b26-06-IMP-SCAN-r3,IMP-SCAN,3,assisted_corrected,d6acd365-a6d5-5eb8-9b54-66f26a915094,,source_regions,unknown,False,,,,not_executed_due_to_import_failure
t160-quality-20261006T131153Z-f8d86b26-06-IMP-SCAN-r3,IMP-SCAN,3,assisted_corrected,d6acd365-a6d5-5eb8-9b54-66f26a915094,,assets,source_provided,True,False,"[{""asset_type"": ""table"", ""source_page_number"": 1, ""order_index"": 1}]",,not_executed_due_to_import_failure
t160-quality-20261006T131153Z-f8d86b26-07-IMP-IMAGE-r1,IMP-IMAGE,1,automatic,c4d750a5-4dc4-5a35-83e2-dee4ca44aca1,,question_number,source_provided,True,False,1,,missing_identity
t160-quality-20261006T131153Z-f8d86b26-07-IMP-IMAGE-r1,IMP-IMAGE,1,automatic,c4d750a5-4dc4-5a35-83e2-dee4ca44aca1,,order_index,source_provided,True,False,1,,missing_identity
t160-quality-20261006T131153Z-f8d86b26-07-IMP-IMAGE-r1,IMP-IMAGE,1,automatic,c4d750a5-4dc4-5a35-83e2-dee4ca44aca1,,source_page_numbers,source_provided,True,False,[1],,missing_identity
t160-quality-20261006T131153Z-f8d86b26-07-IMP-IMAGE-r1,IMP-IMAGE,1,automatic,c4d750a5-4dc4-5a35-83e2-dee4ca44aca1,,question_type,source_provided,True,False,SINGLE_CHOICE,,missing_identity
t160-quality-20261006T131153Z-f8d86b26-07-IMP-IMAGE-r1,IMP-IMAGE,1,automatic,c4d750a5-4dc4-5a35-83e2-dee4ca44aca1,,content,source_provided,True,False,y = 2x + 1，x = 3 时 y 为多少？,,missing_identity
t160-quality-20261006T131153Z-f8d86b26-07-IMP-IMAGE-r1,IMP-IMAGE,1,automatic,c4d750a5-4dc4-5a35-83e2-dee4ca44aca1,,options,source_provided,True,False,"{""C"": ""7"", ""A"": ""5"", ""B"": ""6"", ""D"": ""8""}",,missing_identity
t160-quality-20261006T131153Z-f8d86b26-07-IMP-IMAGE-r1,IMP-IMAGE,1,automatic,c4d750a5-4dc4-5a35-83e2-dee4ca44aca1,,reference_answer,source_provided,True,False,C,,missing_identity
t160-quality-20261006T131153Z-f8d86b26-07-IMP-IMAGE-r1,IMP-IMAGE,1,automatic,c4d750a5-4dc4-5a35-83e2-dee4ca44aca1,,analysis,source_provided,True,False,2 × 3 + 1 = 7。,,missing_identity
t160-quality-20261006T131153Z-f8d86b26-07-IMP-IMAGE-r1,IMP-IMAGE,1,automatic,c4d750a5-4dc4-5a35-83e2-dee4ca44aca1,,score,source_provided,True,False,2.00,,missing_identity
t160-quality-20261006T131153Z-f8d86b26-07-IMP-IMAGE-r1,IMP-IMAGE,1,automatic,c4d750a5-4dc4-5a35-83e2-dee4ca44aca1,,scoring_rubric,known_missing,True,False,,,missing_identity
t160-quality-20261006T131153Z-f8d86b26-07-IMP-IMAGE-r1,IMP-IMAGE,1,automatic,c4d750a5-4dc4-5a35-83e2-dee4ca44aca1,,knowledge_points,known_missing,True,False,[],,missing_identity
t160-quality-20261006T131153Z-f8d86b26-07-IMP-IMAGE-r1,IMP-IMAGE,1,automatic,c4d750a5-4dc4-5a35-83e2-dee4ca44aca1,,source_regions,unknown,False,,,,reference_unknown
t160-quality-20261006T131153Z-f8d86b26-07-IMP-IMAGE-r1,IMP-IMAGE,1,automatic,c4d750a5-4dc4-5a35-83e2-dee4ca44aca1,,assets,source_provided,True,False,[],,missing_identity
t160-quality-20261006T131153Z-f8d86b26-07-IMP-IMAGE-r1,IMP-IMAGE,1,automatic,e418791a-1462-52b7-98fe-396ce71b8d48,,question_number,source_provided,True,False,2,,missing_identity
t160-quality-20261006T131153Z-f8d86b26-07-IMP-IMAGE-r1,IMP-IMAGE,1,automatic,e418791a-1462-52b7-98fe-396ce71b8d48,,order_index,source_provided,True,False,2,,missing_identity
t160-quality-20261006T131153Z-f8d86b26-07-IMP-IMAGE-r1,IMP-IMAGE,1,automatic,e418791a-1462-52b7-98fe-396ce71b8d48,,source_page_numbers,source_provided,True,False,[1],,missing_identity
t160-quality-20261006T131153Z-f8d86b26-07-IMP-IMAGE-r1,IMP-IMAGE,1,automatic,e418791a-1462-52b7-98fe-396ce71b8d48,,question_type,source_provided,True,False,TRUE_FALSE,,missing_identity
t160-quality-20261006T131153Z-f8d86b26-07-IMP-IMAGE-r1,IMP-IMAGE,1,automatic,e418791a-1462-52b7-98fe-396ce71b8d48,,content,source_provided,True,False,右图三角形面积为 24 cm²。,,missing_identity
t160-quality-20261006T131153Z-f8d86b26-07-IMP-IMAGE-r1,IMP-IMAGE,1,automatic,e418791a-1462-52b7-98fe-396ce71b8d48,,options,source_provided,True,False,"[""正确"", ""错误""]",,missing_identity
t160-quality-20261006T131153Z-f8d86b26-07-IMP-IMAGE-r1,IMP-IMAGE,1,automatic,e418791a-1462-52b7-98fe-396ce71b8d48,,reference_answer,known_missing,True,False,,,missing_identity
t160-quality-20261006T131153Z-f8d86b26-07-IMP-IMAGE-r1,IMP-IMAGE,1,automatic,e418791a-1462-52b7-98fe-396ce71b8d48,,analysis,known_missing,True,False,,,missing_identity
t160-quality-20261006T131153Z-f8d86b26-07-IMP-IMAGE-r1,IMP-IMAGE,1,automatic,e418791a-1462-52b7-98fe-396ce71b8d48,,score,source_provided,True,False,2.00,,missing_identity
t160-quality-20261006T131153Z-f8d86b26-07-IMP-IMAGE-r1,IMP-IMAGE,1,automatic,e418791a-1462-52b7-98fe-396ce71b8d48,,scoring_rubric,known_missing,True,False,,,missing_identity
t160-quality-20261006T131153Z-f8d86b26-07-IMP-IMAGE-r1,IMP-IMAGE,1,automatic,e418791a-1462-52b7-98fe-396ce71b8d48,,knowledge_points,known_missing,True,False,[],,missing_identity
t160-quality-20261006T131153Z-f8d86b26-07-IMP-IMAGE-r1,IMP-IMAGE,1,automatic,e418791a-1462-52b7-98fe-396ce71b8d48,,source_regions,unknown,False,,,,reference_unknown
t160-quality-20261006T131153Z-f8d86b26-07-IMP-IMAGE-r1,IMP-IMAGE,1,automatic,e418791a-1462-52b7-98fe-396ce71b8d48,,assets,source_provided,True,False,"[{""asset_type"": ""figure"", ""source_page_number"": 1, ""order_index"": 1}]",,missing_identity
t160-quality-20261006T131153Z-f8d86b26-07-IMP-IMAGE-r1,IMP-IMAGE,1,automatic,e5c1555f-e927-575c-b68c-85eb341a3202,,question_number,source_provided,True,False,3,,missing_identity
t160-quality-20261006T131153Z-f8d86b26-07-IMP-IMAGE-r1,IMP-IMAGE,1,automatic,e5c1555f-e927-575c-b68c-85eb341a3202,,order_index,source_provided,True,False,3,,missing_identity
t160-quality-20261006T131153Z-f8d86b26-07-IMP-IMAGE-r1,IMP-IMAGE,1,automatic,e5c1555f-e927-575c-b68c-85eb341a3202,,source_page_numbers,source_provided,True,False,[1],,missing_identity
t160-quality-20261006T131153Z-f8d86b26-07-IMP-IMAGE-r1,IMP-IMAGE,1,automatic,e5c1555f-e927-575c-b68c-85eb341a3202,,question_type,source_provided,True,False,SHORT_ANSWER,,missing_identity
t160-quality-20261006T131153Z-f8d86b26-07-IMP-IMAGE-r1,IMP-IMAGE,1,automatic,e5c1555f-e927-575c-b68c-85eb341a3202,,content,source_provided,True,False,根据下表写出 y 关于 x 的关系式。,,missing_identity
t160-quality-20261006T131153Z-f8d86b26-07-IMP-IMAGE-r1,IMP-IMAGE,1,automatic,e5c1555f-e927-575c-b68c-85eb341a3202,,options,not_applicable,True,False,,,missing_identity
t160-quality-20261006T131153Z-f8d86b26-07-IMP-IMAGE-r1,IMP-IMAGE,1,automatic,e5c1555f-e927-575c-b68c-85eb341a3202,,reference_answer,known_missing,True,False,,,missing_identity
t160-quality-20261006T131153Z-f8d86b26-07-IMP-IMAGE-r1,IMP-IMAGE,1,automatic,e5c1555f-e927-575c-b68c-85eb341a3202,,analysis,known_missing,True,False,,,missing_identity
t160-quality-20261006T131153Z-f8d86b26-07-IMP-IMAGE-r1,IMP-IMAGE,1,automatic,e5c1555f-e927-575c-b68c-85eb341a3202,,score,source_provided,True,False,3.00,,missing_identity
t160-quality-20261006T131153Z-f8d86b26-07-IMP-IMAGE-r1,IMP-IMAGE,1,automatic,e5c1555f-e927-575c-b68c-85eb341a3202,,scoring_rubric,source_provided,True,False,正确关系式 1.00；说明代入过程 2.00。,,missing_identity
t160-quality-20261006T131153Z-f8d86b26-07-IMP-IMAGE-r1,IMP-IMAGE,1,automatic,e5c1555f-e927-575c-b68c-85eb341a3202,,knowledge_points,source_provided,True,False,"[""一次函数"", ""表达与计算""]",,missing_identity
t160-quality-20261006T131153Z-f8d86b26-07-IMP-IMAGE-r1,IMP-IMAGE,1,automatic,e5c1555f-e927-575c-b68c-85eb341a3202,,source_regions,unknown,False,,,,reference_unknown
t160-quality-20261006T131153Z-f8d86b26-07-IMP-IMAGE-r1,IMP-IMAGE,1,automatic,e5c1555f-e927-575c-b68c-85eb341a3202,,assets,source_provided,True,False,"[{""asset_type"": ""table"", ""source_page_number"": 1, ""order_index"": 1}]",,missing_identity
t160-quality-20261006T131153Z-f8d86b26-07-IMP-IMAGE-r1,IMP-IMAGE,1,assisted_corrected,c4d750a5-4dc4-5a35-83e2-dee4ca44aca1,,question_number,source_provided,True,False,1,,not_executed_due_to_import_failure
t160-quality-20261006T131153Z-f8d86b26-07-IMP-IMAGE-r1,IMP-IMAGE,1,assisted_corrected,c4d750a5-4dc4-5a35-83e2-dee4ca44aca1,,order_index,source_provided,True,False,1,,not_executed_due_to_import_failure
t160-quality-20261006T131153Z-f8d86b26-07-IMP-IMAGE-r1,IMP-IMAGE,1,assisted_corrected,c4d750a5-4dc4-5a35-83e2-dee4ca44aca1,,source_page_numbers,source_provided,True,False,[1],,not_executed_due_to_import_failure
t160-quality-20261006T131153Z-f8d86b26-07-IMP-IMAGE-r1,IMP-IMAGE,1,assisted_corrected,c4d750a5-4dc4-5a35-83e2-dee4ca44aca1,,question_type,source_provided,True,False,SINGLE_CHOICE,,not_executed_due_to_import_failure
t160-quality-20261006T131153Z-f8d86b26-07-IMP-IMAGE-r1,IMP-IMAGE,1,assisted_corrected,c4d750a5-4dc4-5a35-83e2-dee4ca44aca1,,content,source_provided,True,False,y = 2x + 1，x = 3 时 y 为多少？,,not_executed_due_to_import_failure
t160-quality-20261006T131153Z-f8d86b26-07-IMP-IMAGE-r1,IMP-IMAGE,1,assisted_corrected,c4d750a5-4dc4-5a35-83e2-dee4ca44aca1,,options,source_provided,True,False,"{""C"": ""7"", ""A"": ""5"", ""B"": ""6"", ""D"": ""8""}",,not_executed_due_to_import_failure
t160-quality-20261006T131153Z-f8d86b26-07-IMP-IMAGE-r1,IMP-IMAGE,1,assisted_corrected,c4d750a5-4dc4-5a35-83e2-dee4ca44aca1,,reference_answer,source_provided,True,False,C,,not_executed_due_to_import_failure
t160-quality-20261006T131153Z-f8d86b26-07-IMP-IMAGE-r1,IMP-IMAGE,1,assisted_corrected,c4d750a5-4dc4-5a35-83e2-dee4ca44aca1,,analysis,source_provided,True,False,2 × 3 + 1 = 7。,,not_executed_due_to_import_failure
t160-quality-20261006T131153Z-f8d86b26-07-IMP-IMAGE-r1,IMP-IMAGE,1,assisted_corrected,c4d750a5-4dc4-5a35-83e2-dee4ca44aca1,,score,source_provided,True,False,2.00,,not_executed_due_to_import_failure
t160-quality-20261006T131153Z-f8d86b26-07-IMP-IMAGE-r1,IMP-IMAGE,1,assisted_corrected,c4d750a5-4dc4-5a35-83e2-dee4ca44aca1,,scoring_rubric,known_missing,True,False,,,not_executed_due_to_import_failure
t160-quality-20261006T131153Z-f8d86b26-07-IMP-IMAGE-r1,IMP-IMAGE,1,assisted_corrected,c4d750a5-4dc4-5a35-83e2-dee4ca44aca1,,knowledge_points,known_missing,True,False,[],,not_executed_due_to_import_failure
t160-quality-20261006T131153Z-f8d86b26-07-IMP-IMAGE-r1,IMP-IMAGE,1,assisted_corrected,c4d750a5-4dc4-5a35-83e2-dee4ca44aca1,,source_regions,unknown,False,,,,not_executed_due_to_import_failure
t160-quality-20261006T131153Z-f8d86b26-07-IMP-IMAGE-r1,IMP-IMAGE,1,assisted_corrected,c4d750a5-4dc4-5a35-83e2-dee4ca44aca1,,assets,source_provided,True,False,[],,not_executed_due_to_import_failure
t160-quality-20261006T131153Z-f8d86b26-07-IMP-IMAGE-r1,IMP-IMAGE,1,assisted_corrected,e418791a-1462-52b7-98fe-396ce71b8d48,,question_number,source_provided,True,False,2,,not_executed_due_to_import_failure
t160-quality-20261006T131153Z-f8d86b26-07-IMP-IMAGE-r1,IMP-IMAGE,1,assisted_corrected,e418791a-1462-52b7-98fe-396ce71b8d48,,order_index,source_provided,True,False,2,,not_executed_due_to_import_failure
t160-quality-20261006T131153Z-f8d86b26-07-IMP-IMAGE-r1,IMP-IMAGE,1,assisted_corrected,e418791a-1462-52b7-98fe-396ce71b8d48,,source_page_numbers,source_provided,True,False,[1],,not_executed_due_to_import_failure
t160-quality-20261006T131153Z-f8d86b26-07-IMP-IMAGE-r1,IMP-IMAGE,1,assisted_corrected,e418791a-1462-52b7-98fe-396ce71b8d48,,question_type,source_provided,True,False,TRUE_FALSE,,not_executed_due_to_import_failure
t160-quality-20261006T131153Z-f8d86b26-07-IMP-IMAGE-r1,IMP-IMAGE,1,assisted_corrected,e418791a-1462-52b7-98fe-396ce71b8d48,,content,source_provided,True,False,右图三角形面积为 24 cm²。,,not_executed_due_to_import_failure
t160-quality-20261006T131153Z-f8d86b26-07-IMP-IMAGE-r1,IMP-IMAGE,1,assisted_corrected,e418791a-1462-52b7-98fe-396ce71b8d48,,options,source_provided,True,False,"[""正确"", ""错误""]",,not_executed_due_to_import_failure
t160-quality-20261006T131153Z-f8d86b26-07-IMP-IMAGE-r1,IMP-IMAGE,1,assisted_corrected,e418791a-1462-52b7-98fe-396ce71b8d48,,reference_answer,known_missing,True,False,,,not_executed_due_to_import_failure
t160-quality-20261006T131153Z-f8d86b26-07-IMP-IMAGE-r1,IMP-IMAGE,1,assisted_corrected,e418791a-1462-52b7-98fe-396ce71b8d48,,analysis,known_missing,True,False,,,not_executed_due_to_import_failure
t160-quality-20261006T131153Z-f8d86b26-07-IMP-IMAGE-r1,IMP-IMAGE,1,assisted_corrected,e418791a-1462-52b7-98fe-396ce71b8d48,,score,source_provided,True,False,2.00,,not_executed_due_to_import_failure
t160-quality-20261006T131153Z-f8d86b26-07-IMP-IMAGE-r1,IMP-IMAGE,1,assisted_corrected,e418791a-1462-52b7-98fe-396ce71b8d48,,scoring_rubric,known_missing,True,False,,,not_executed_due_to_import_failure
t160-quality-20261006T131153Z-f8d86b26-07-IMP-IMAGE-r1,IMP-IMAGE,1,assisted_corrected,e418791a-1462-52b7-98fe-396ce71b8d48,,knowledge_points,known_missing,True,False,[],,not_executed_due_to_import_failure
t160-quality-20261006T131153Z-f8d86b26-07-IMP-IMAGE-r1,IMP-IMAGE,1,assisted_corrected,e418791a-1462-52b7-98fe-396ce71b8d48,,source_regions,unknown,False,,,,not_executed_due_to_import_failure
t160-quality-20261006T131153Z-f8d86b26-07-IMP-IMAGE-r1,IMP-IMAGE,1,assisted_corrected,e418791a-1462-52b7-98fe-396ce71b8d48,,assets,source_provided,True,False,"[{""asset_type"": ""figure"", ""source_page_number"": 1, ""order_index"": 1}]",,not_executed_due_to_import_failure
t160-quality-20261006T131153Z-f8d86b26-07-IMP-IMAGE-r1,IMP-IMAGE,1,assisted_corrected,e5c1555f-e927-575c-b68c-85eb341a3202,,question_number,source_provided,True,False,3,,not_executed_due_to_import_failure
t160-quality-20261006T131153Z-f8d86b26-07-IMP-IMAGE-r1,IMP-IMAGE,1,assisted_corrected,e5c1555f-e927-575c-b68c-85eb341a3202,,order_index,source_provided,True,False,3,,not_executed_due_to_import_failure
t160-quality-20261006T131153Z-f8d86b26-07-IMP-IMAGE-r1,IMP-IMAGE,1,assisted_corrected,e5c1555f-e927-575c-b68c-85eb341a3202,,source_page_numbers,source_provided,True,False,[1],,not_executed_due_to_import_failure
t160-quality-20261006T131153Z-f8d86b26-07-IMP-IMAGE-r1,IMP-IMAGE,1,assisted_corrected,e5c1555f-e927-575c-b68c-85eb341a3202,,question_type,source_provided,True,False,SHORT_ANSWER,,not_executed_due_to_import_failure
t160-quality-20261006T131153Z-f8d86b26-07-IMP-IMAGE-r1,IMP-IMAGE,1,assisted_corrected,e5c1555f-e927-575c-b68c-85eb341a3202,,content,source_provided,True,False,根据下表写出 y 关于 x 的关系式。,,not_executed_due_to_import_failure
t160-quality-20261006T131153Z-f8d86b26-07-IMP-IMAGE-r1,IMP-IMAGE,1,assisted_corrected,e5c1555f-e927-575c-b68c-85eb341a3202,,options,not_applicable,True,False,,,not_executed_due_to_import_failure
t160-quality-20261006T131153Z-f8d86b26-07-IMP-IMAGE-r1,IMP-IMAGE,1,assisted_corrected,e5c1555f-e927-575c-b68c-85eb341a3202,,reference_answer,known_missing,True,False,,,not_executed_due_to_import_failure
t160-quality-20261006T131153Z-f8d86b26-07-IMP-IMAGE-r1,IMP-IMAGE,1,assisted_corrected,e5c1555f-e927-575c-b68c-85eb341a3202,,analysis,known_missing,True,False,,,not_executed_due_to_import_failure
t160-quality-20261006T131153Z-f8d86b26-07-IMP-IMAGE-r1,IMP-IMAGE,1,assisted_corrected,e5c1555f-e927-575c-b68c-85eb341a3202,,score,source_provided,True,False,3.00,,not_executed_due_to_import_failure
t160-quality-20261006T131153Z-f8d86b26-07-IMP-IMAGE-r1,IMP-IMAGE,1,assisted_corrected,e5c1555f-e927-575c-b68c-85eb341a3202,,scoring_rubric,source_provided,True,False,正确关系式 1.00；说明代入过程 2.00。,,not_executed_due_to_import_failure
t160-quality-20261006T131153Z-f8d86b26-07-IMP-IMAGE-r1,IMP-IMAGE,1,assisted_corrected,e5c1555f-e927-575c-b68c-85eb341a3202,,knowledge_points,source_provided,True,False,"[""一次函数"", ""表达与计算""]",,not_executed_due_to_import_failure
t160-quality-20261006T131153Z-f8d86b26-07-IMP-IMAGE-r1,IMP-IMAGE,1,assisted_corrected,e5c1555f-e927-575c-b68c-85eb341a3202,,source_regions,unknown,False,,,,not_executed_due_to_import_failure
t160-quality-20261006T131153Z-f8d86b26-07-IMP-IMAGE-r1,IMP-IMAGE,1,assisted_corrected,e5c1555f-e927-575c-b68c-85eb341a3202,,assets,source_provided,True,False,"[{""asset_type"": ""table"", ""source_page_number"": 1, ""order_index"": 1}]",,not_executed_due_to_import_failure
t160-quality-20261006T131153Z-f8d86b26-08-IMP-IMAGE-r2,IMP-IMAGE,2,automatic,c4d750a5-4dc4-5a35-83e2-dee4ca44aca1,,question_number,source_provided,True,False,1,,missing_identity
t160-quality-20261006T131153Z-f8d86b26-08-IMP-IMAGE-r2,IMP-IMAGE,2,automatic,c4d750a5-4dc4-5a35-83e2-dee4ca44aca1,,order_index,source_provided,True,False,1,,missing_identity
t160-quality-20261006T131153Z-f8d86b26-08-IMP-IMAGE-r2,IMP-IMAGE,2,automatic,c4d750a5-4dc4-5a35-83e2-dee4ca44aca1,,source_page_numbers,source_provided,True,False,[1],,missing_identity
t160-quality-20261006T131153Z-f8d86b26-08-IMP-IMAGE-r2,IMP-IMAGE,2,automatic,c4d750a5-4dc4-5a35-83e2-dee4ca44aca1,,question_type,source_provided,True,False,SINGLE_CHOICE,,missing_identity
t160-quality-20261006T131153Z-f8d86b26-08-IMP-IMAGE-r2,IMP-IMAGE,2,automatic,c4d750a5-4dc4-5a35-83e2-dee4ca44aca1,,content,source_provided,True,False,y = 2x + 1，x = 3 时 y 为多少？,,missing_identity
t160-quality-20261006T131153Z-f8d86b26-08-IMP-IMAGE-r2,IMP-IMAGE,2,automatic,c4d750a5-4dc4-5a35-83e2-dee4ca44aca1,,options,source_provided,True,False,"{""C"": ""7"", ""A"": ""5"", ""B"": ""6"", ""D"": ""8""}",,missing_identity
t160-quality-20261006T131153Z-f8d86b26-08-IMP-IMAGE-r2,IMP-IMAGE,2,automatic,c4d750a5-4dc4-5a35-83e2-dee4ca44aca1,,reference_answer,source_provided,True,False,C,,missing_identity
t160-quality-20261006T131153Z-f8d86b26-08-IMP-IMAGE-r2,IMP-IMAGE,2,automatic,c4d750a5-4dc4-5a35-83e2-dee4ca44aca1,,analysis,source_provided,True,False,2 × 3 + 1 = 7。,,missing_identity
t160-quality-20261006T131153Z-f8d86b26-08-IMP-IMAGE-r2,IMP-IMAGE,2,automatic,c4d750a5-4dc4-5a35-83e2-dee4ca44aca1,,score,source_provided,True,False,2.00,,missing_identity
t160-quality-20261006T131153Z-f8d86b26-08-IMP-IMAGE-r2,IMP-IMAGE,2,automatic,c4d750a5-4dc4-5a35-83e2-dee4ca44aca1,,scoring_rubric,known_missing,True,False,,,missing_identity
t160-quality-20261006T131153Z-f8d86b26-08-IMP-IMAGE-r2,IMP-IMAGE,2,automatic,c4d750a5-4dc4-5a35-83e2-dee4ca44aca1,,knowledge_points,known_missing,True,False,[],,missing_identity
t160-quality-20261006T131153Z-f8d86b26-08-IMP-IMAGE-r2,IMP-IMAGE,2,automatic,c4d750a5-4dc4-5a35-83e2-dee4ca44aca1,,source_regions,unknown,False,,,,reference_unknown
t160-quality-20261006T131153Z-f8d86b26-08-IMP-IMAGE-r2,IMP-IMAGE,2,automatic,c4d750a5-4dc4-5a35-83e2-dee4ca44aca1,,assets,source_provided,True,False,[],,missing_identity
t160-quality-20261006T131153Z-f8d86b26-08-IMP-IMAGE-r2,IMP-IMAGE,2,automatic,e418791a-1462-52b7-98fe-396ce71b8d48,,question_number,source_provided,True,False,2,,missing_identity
t160-quality-20261006T131153Z-f8d86b26-08-IMP-IMAGE-r2,IMP-IMAGE,2,automatic,e418791a-1462-52b7-98fe-396ce71b8d48,,order_index,source_provided,True,False,2,,missing_identity
t160-quality-20261006T131153Z-f8d86b26-08-IMP-IMAGE-r2,IMP-IMAGE,2,automatic,e418791a-1462-52b7-98fe-396ce71b8d48,,source_page_numbers,source_provided,True,False,[1],,missing_identity
t160-quality-20261006T131153Z-f8d86b26-08-IMP-IMAGE-r2,IMP-IMAGE,2,automatic,e418791a-1462-52b7-98fe-396ce71b8d48,,question_type,source_provided,True,False,TRUE_FALSE,,missing_identity
t160-quality-20261006T131153Z-f8d86b26-08-IMP-IMAGE-r2,IMP-IMAGE,2,automatic,e418791a-1462-52b7-98fe-396ce71b8d48,,content,source_provided,True,False,右图三角形面积为 24 cm²。,,missing_identity
t160-quality-20261006T131153Z-f8d86b26-08-IMP-IMAGE-r2,IMP-IMAGE,2,automatic,e418791a-1462-52b7-98fe-396ce71b8d48,,options,source_provided,True,False,"[""正确"", ""错误""]",,missing_identity
t160-quality-20261006T131153Z-f8d86b26-08-IMP-IMAGE-r2,IMP-IMAGE,2,automatic,e418791a-1462-52b7-98fe-396ce71b8d48,,reference_answer,known_missing,True,False,,,missing_identity
t160-quality-20261006T131153Z-f8d86b26-08-IMP-IMAGE-r2,IMP-IMAGE,2,automatic,e418791a-1462-52b7-98fe-396ce71b8d48,,analysis,known_missing,True,False,,,missing_identity
t160-quality-20261006T131153Z-f8d86b26-08-IMP-IMAGE-r2,IMP-IMAGE,2,automatic,e418791a-1462-52b7-98fe-396ce71b8d48,,score,source_provided,True,False,2.00,,missing_identity
t160-quality-20261006T131153Z-f8d86b26-08-IMP-IMAGE-r2,IMP-IMAGE,2,automatic,e418791a-1462-52b7-98fe-396ce71b8d48,,scoring_rubric,known_missing,True,False,,,missing_identity
t160-quality-20261006T131153Z-f8d86b26-08-IMP-IMAGE-r2,IMP-IMAGE,2,automatic,e418791a-1462-52b7-98fe-396ce71b8d48,,knowledge_points,known_missing,True,False,[],,missing_identity
t160-quality-20261006T131153Z-f8d86b26-08-IMP-IMAGE-r2,IMP-IMAGE,2,automatic,e418791a-1462-52b7-98fe-396ce71b8d48,,source_regions,unknown,False,,,,reference_unknown
t160-quality-20261006T131153Z-f8d86b26-08-IMP-IMAGE-r2,IMP-IMAGE,2,automatic,e418791a-1462-52b7-98fe-396ce71b8d48,,assets,source_provided,True,False,"[{""asset_type"": ""figure"", ""source_page_number"": 1, ""order_index"": 1}]",,missing_identity
t160-quality-20261006T131153Z-f8d86b26-08-IMP-IMAGE-r2,IMP-IMAGE,2,automatic,e5c1555f-e927-575c-b68c-85eb341a3202,,question_number,source_provided,True,False,3,,missing_identity
t160-quality-20261006T131153Z-f8d86b26-08-IMP-IMAGE-r2,IMP-IMAGE,2,automatic,e5c1555f-e927-575c-b68c-85eb341a3202,,order_index,source_provided,True,False,3,,missing_identity
t160-quality-20261006T131153Z-f8d86b26-08-IMP-IMAGE-r2,IMP-IMAGE,2,automatic,e5c1555f-e927-575c-b68c-85eb341a3202,,source_page_numbers,source_provided,True,False,[1],,missing_identity
t160-quality-20261006T131153Z-f8d86b26-08-IMP-IMAGE-r2,IMP-IMAGE,2,automatic,e5c1555f-e927-575c-b68c-85eb341a3202,,question_type,source_provided,True,False,SHORT_ANSWER,,missing_identity
t160-quality-20261006T131153Z-f8d86b26-08-IMP-IMAGE-r2,IMP-IMAGE,2,automatic,e5c1555f-e927-575c-b68c-85eb341a3202,,content,source_provided,True,False,根据下表写出 y 关于 x 的关系式。,,missing_identity
t160-quality-20261006T131153Z-f8d86b26-08-IMP-IMAGE-r2,IMP-IMAGE,2,automatic,e5c1555f-e927-575c-b68c-85eb341a3202,,options,not_applicable,True,False,,,missing_identity
t160-quality-20261006T131153Z-f8d86b26-08-IMP-IMAGE-r2,IMP-IMAGE,2,automatic,e5c1555f-e927-575c-b68c-85eb341a3202,,reference_answer,known_missing,True,False,,,missing_identity
t160-quality-20261006T131153Z-f8d86b26-08-IMP-IMAGE-r2,IMP-IMAGE,2,automatic,e5c1555f-e927-575c-b68c-85eb341a3202,,analysis,known_missing,True,False,,,missing_identity
t160-quality-20261006T131153Z-f8d86b26-08-IMP-IMAGE-r2,IMP-IMAGE,2,automatic,e5c1555f-e927-575c-b68c-85eb341a3202,,score,source_provided,True,False,3.00,,missing_identity
t160-quality-20261006T131153Z-f8d86b26-08-IMP-IMAGE-r2,IMP-IMAGE,2,automatic,e5c1555f-e927-575c-b68c-85eb341a3202,,scoring_rubric,source_provided,True,False,正确关系式 1.00；说明代入过程 2.00。,,missing_identity
t160-quality-20261006T131153Z-f8d86b26-08-IMP-IMAGE-r2,IMP-IMAGE,2,automatic,e5c1555f-e927-575c-b68c-85eb341a3202,,knowledge_points,source_provided,True,False,"[""一次函数"", ""表达与计算""]",,missing_identity
t160-quality-20261006T131153Z-f8d86b26-08-IMP-IMAGE-r2,IMP-IMAGE,2,automatic,e5c1555f-e927-575c-b68c-85eb341a3202,,source_regions,unknown,False,,,,reference_unknown
t160-quality-20261006T131153Z-f8d86b26-08-IMP-IMAGE-r2,IMP-IMAGE,2,automatic,e5c1555f-e927-575c-b68c-85eb341a3202,,assets,source_provided,True,False,"[{""asset_type"": ""table"", ""source_page_number"": 1, ""order_index"": 1}]",,missing_identity
t160-quality-20261006T131153Z-f8d86b26-08-IMP-IMAGE-r2,IMP-IMAGE,2,assisted_corrected,c4d750a5-4dc4-5a35-83e2-dee4ca44aca1,,question_number,source_provided,True,False,1,,not_executed_due_to_import_failure
t160-quality-20261006T131153Z-f8d86b26-08-IMP-IMAGE-r2,IMP-IMAGE,2,assisted_corrected,c4d750a5-4dc4-5a35-83e2-dee4ca44aca1,,order_index,source_provided,True,False,1,,not_executed_due_to_import_failure
t160-quality-20261006T131153Z-f8d86b26-08-IMP-IMAGE-r2,IMP-IMAGE,2,assisted_corrected,c4d750a5-4dc4-5a35-83e2-dee4ca44aca1,,source_page_numbers,source_provided,True,False,[1],,not_executed_due_to_import_failure
t160-quality-20261006T131153Z-f8d86b26-08-IMP-IMAGE-r2,IMP-IMAGE,2,assisted_corrected,c4d750a5-4dc4-5a35-83e2-dee4ca44aca1,,question_type,source_provided,True,False,SINGLE_CHOICE,,not_executed_due_to_import_failure
t160-quality-20261006T131153Z-f8d86b26-08-IMP-IMAGE-r2,IMP-IMAGE,2,assisted_corrected,c4d750a5-4dc4-5a35-83e2-dee4ca44aca1,,content,source_provided,True,False,y = 2x + 1，x = 3 时 y 为多少？,,not_executed_due_to_import_failure
t160-quality-20261006T131153Z-f8d86b26-08-IMP-IMAGE-r2,IMP-IMAGE,2,assisted_corrected,c4d750a5-4dc4-5a35-83e2-dee4ca44aca1,,options,source_provided,True,False,"{""C"": ""7"", ""A"": ""5"", ""B"": ""6"", ""D"": ""8""}",,not_executed_due_to_import_failure
t160-quality-20261006T131153Z-f8d86b26-08-IMP-IMAGE-r2,IMP-IMAGE,2,assisted_corrected,c4d750a5-4dc4-5a35-83e2-dee4ca44aca1,,reference_answer,source_provided,True,False,C,,not_executed_due_to_import_failure
t160-quality-20261006T131153Z-f8d86b26-08-IMP-IMAGE-r2,IMP-IMAGE,2,assisted_corrected,c4d750a5-4dc4-5a35-83e2-dee4ca44aca1,,analysis,source_provided,True,False,2 × 3 + 1 = 7。,,not_executed_due_to_import_failure
t160-quality-20261006T131153Z-f8d86b26-08-IMP-IMAGE-r2,IMP-IMAGE,2,assisted_corrected,c4d750a5-4dc4-5a35-83e2-dee4ca44aca1,,score,source_provided,True,False,2.00,,not_executed_due_to_import_failure
t160-quality-20261006T131153Z-f8d86b26-08-IMP-IMAGE-r2,IMP-IMAGE,2,assisted_corrected,c4d750a5-4dc4-5a35-83e2-dee4ca44aca1,,scoring_rubric,known_missing,True,False,,,not_executed_due_to_import_failure
t160-quality-20261006T131153Z-f8d86b26-08-IMP-IMAGE-r2,IMP-IMAGE,2,assisted_corrected,c4d750a5-4dc4-5a35-83e2-dee4ca44aca1,,knowledge_points,known_missing,True,False,[],,not_executed_due_to_import_failure
t160-quality-20261006T131153Z-f8d86b26-08-IMP-IMAGE-r2,IMP-IMAGE,2,assisted_corrected,c4d750a5-4dc4-5a35-83e2-dee4ca44aca1,,source_regions,unknown,False,,,,not_executed_due_to_import_failure
t160-quality-20261006T131153Z-f8d86b26-08-IMP-IMAGE-r2,IMP-IMAGE,2,assisted_corrected,c4d750a5-4dc4-5a35-83e2-dee4ca44aca1,,assets,source_provided,True,False,[],,not_executed_due_to_import_failure
t160-quality-20261006T131153Z-f8d86b26-08-IMP-IMAGE-r2,IMP-IMAGE,2,assisted_corrected,e418791a-1462-52b7-98fe-396ce71b8d48,,question_number,source_provided,True,False,2,,not_executed_due_to_import_failure
t160-quality-20261006T131153Z-f8d86b26-08-IMP-IMAGE-r2,IMP-IMAGE,2,assisted_corrected,e418791a-1462-52b7-98fe-396ce71b8d48,,order_index,source_provided,True,False,2,,not_executed_due_to_import_failure
t160-quality-20261006T131153Z-f8d86b26-08-IMP-IMAGE-r2,IMP-IMAGE,2,assisted_corrected,e418791a-1462-52b7-98fe-396ce71b8d48,,source_page_numbers,source_provided,True,False,[1],,not_executed_due_to_import_failure
t160-quality-20261006T131153Z-f8d86b26-08-IMP-IMAGE-r2,IMP-IMAGE,2,assisted_corrected,e418791a-1462-52b7-98fe-396ce71b8d48,,question_type,source_provided,True,False,TRUE_FALSE,,not_executed_due_to_import_failure
t160-quality-20261006T131153Z-f8d86b26-08-IMP-IMAGE-r2,IMP-IMAGE,2,assisted_corrected,e418791a-1462-52b7-98fe-396ce71b8d48,,content,source_provided,True,False,右图三角形面积为 24 cm²。,,not_executed_due_to_import_failure
t160-quality-20261006T131153Z-f8d86b26-08-IMP-IMAGE-r2,IMP-IMAGE,2,assisted_corrected,e418791a-1462-52b7-98fe-396ce71b8d48,,options,source_provided,True,False,"[""正确"", ""错误""]",,not_executed_due_to_import_failure
t160-quality-20261006T131153Z-f8d86b26-08-IMP-IMAGE-r2,IMP-IMAGE,2,assisted_corrected,e418791a-1462-52b7-98fe-396ce71b8d48,,reference_answer,known_missing,True,False,,,not_executed_due_to_import_failure
t160-quality-20261006T131153Z-f8d86b26-08-IMP-IMAGE-r2,IMP-IMAGE,2,assisted_corrected,e418791a-1462-52b7-98fe-396ce71b8d48,,analysis,known_missing,True,False,,,not_executed_due_to_import_failure
t160-quality-20261006T131153Z-f8d86b26-08-IMP-IMAGE-r2,IMP-IMAGE,2,assisted_corrected,e418791a-1462-52b7-98fe-396ce71b8d48,,score,source_provided,True,False,2.00,,not_executed_due_to_import_failure
t160-quality-20261006T131153Z-f8d86b26-08-IMP-IMAGE-r2,IMP-IMAGE,2,assisted_corrected,e418791a-1462-52b7-98fe-396ce71b8d48,,scoring_rubric,known_missing,True,False,,,not_executed_due_to_import_failure
t160-quality-20261006T131153Z-f8d86b26-08-IMP-IMAGE-r2,IMP-IMAGE,2,assisted_corrected,e418791a-1462-52b7-98fe-396ce71b8d48,,knowledge_points,known_missing,True,False,[],,not_executed_due_to_import_failure
t160-quality-20261006T131153Z-f8d86b26-08-IMP-IMAGE-r2,IMP-IMAGE,2,assisted_corrected,e418791a-1462-52b7-98fe-396ce71b8d48,,source_regions,unknown,False,,,,not_executed_due_to_import_failure
t160-quality-20261006T131153Z-f8d86b26-08-IMP-IMAGE-r2,IMP-IMAGE,2,assisted_corrected,e418791a-1462-52b7-98fe-396ce71b8d48,,assets,source_provided,True,False,"[{""asset_type"": ""figure"", ""source_page_number"": 1, ""order_index"": 1}]",,not_executed_due_to_import_failure
t160-quality-20261006T131153Z-f8d86b26-08-IMP-IMAGE-r2,IMP-IMAGE,2,assisted_corrected,e5c1555f-e927-575c-b68c-85eb341a3202,,question_number,source_provided,True,False,3,,not_executed_due_to_import_failure
t160-quality-20261006T131153Z-f8d86b26-08-IMP-IMAGE-r2,IMP-IMAGE,2,assisted_corrected,e5c1555f-e927-575c-b68c-85eb341a3202,,order_index,source_provided,True,False,3,,not_executed_due_to_import_failure
t160-quality-20261006T131153Z-f8d86b26-08-IMP-IMAGE-r2,IMP-IMAGE,2,assisted_corrected,e5c1555f-e927-575c-b68c-85eb341a3202,,source_page_numbers,source_provided,True,False,[1],,not_executed_due_to_import_failure
t160-quality-20261006T131153Z-f8d86b26-08-IMP-IMAGE-r2,IMP-IMAGE,2,assisted_corrected,e5c1555f-e927-575c-b68c-85eb341a3202,,question_type,source_provided,True,False,SHORT_ANSWER,,not_executed_due_to_import_failure
t160-quality-20261006T131153Z-f8d86b26-08-IMP-IMAGE-r2,IMP-IMAGE,2,assisted_corrected,e5c1555f-e927-575c-b68c-85eb341a3202,,content,source_provided,True,False,根据下表写出 y 关于 x 的关系式。,,not_executed_due_to_import_failure
t160-quality-20261006T131153Z-f8d86b26-08-IMP-IMAGE-r2,IMP-IMAGE,2,assisted_corrected,e5c1555f-e927-575c-b68c-85eb341a3202,,options,not_applicable,True,False,,,not_executed_due_to_import_failure
t160-quality-20261006T131153Z-f8d86b26-08-IMP-IMAGE-r2,IMP-IMAGE,2,assisted_corrected,e5c1555f-e927-575c-b68c-85eb341a3202,,reference_answer,known_missing,True,False,,,not_executed_due_to_import_failure
t160-quality-20261006T131153Z-f8d86b26-08-IMP-IMAGE-r2,IMP-IMAGE,2,assisted_corrected,e5c1555f-e927-575c-b68c-85eb341a3202,,analysis,known_missing,True,False,,,not_executed_due_to_import_failure
t160-quality-20261006T131153Z-f8d86b26-08-IMP-IMAGE-r2,IMP-IMAGE,2,assisted_corrected,e5c1555f-e927-575c-b68c-85eb341a3202,,score,source_provided,True,False,3.00,,not_executed_due_to_import_failure
t160-quality-20261006T131153Z-f8d86b26-08-IMP-IMAGE-r2,IMP-IMAGE,2,assisted_corrected,e5c1555f-e927-575c-b68c-85eb341a3202,,scoring_rubric,source_provided,True,False,正确关系式 1.00；说明代入过程 2.00。,,not_executed_due_to_import_failure
t160-quality-20261006T131153Z-f8d86b26-08-IMP-IMAGE-r2,IMP-IMAGE,2,assisted_corrected,e5c1555f-e927-575c-b68c-85eb341a3202,,knowledge_points,source_provided,True,False,"[""一次函数"", ""表达与计算""]",,not_executed_due_to_import_failure
t160-quality-20261006T131153Z-f8d86b26-08-IMP-IMAGE-r2,IMP-IMAGE,2,assisted_corrected,e5c1555f-e927-575c-b68c-85eb341a3202,,source_regions,unknown,False,,,,not_executed_due_to_import_failure
t160-quality-20261006T131153Z-f8d86b26-08-IMP-IMAGE-r2,IMP-IMAGE,2,assisted_corrected,e5c1555f-e927-575c-b68c-85eb341a3202,,assets,source_provided,True,False,"[{""asset_type"": ""table"", ""source_page_number"": 1, ""order_index"": 1}]",,not_executed_due_to_import_failure
t160-quality-20261006T131153Z-f8d86b26-09-IMP-IMAGE-r3,IMP-IMAGE,3,automatic,c4d750a5-4dc4-5a35-83e2-dee4ca44aca1,,question_number,source_provided,True,False,1,,missing_identity
t160-quality-20261006T131153Z-f8d86b26-09-IMP-IMAGE-r3,IMP-IMAGE,3,automatic,c4d750a5-4dc4-5a35-83e2-dee4ca44aca1,,order_index,source_provided,True,False,1,,missing_identity
t160-quality-20261006T131153Z-f8d86b26-09-IMP-IMAGE-r3,IMP-IMAGE,3,automatic,c4d750a5-4dc4-5a35-83e2-dee4ca44aca1,,source_page_numbers,source_provided,True,False,[1],,missing_identity
t160-quality-20261006T131153Z-f8d86b26-09-IMP-IMAGE-r3,IMP-IMAGE,3,automatic,c4d750a5-4dc4-5a35-83e2-dee4ca44aca1,,question_type,source_provided,True,False,SINGLE_CHOICE,,missing_identity
t160-quality-20261006T131153Z-f8d86b26-09-IMP-IMAGE-r3,IMP-IMAGE,3,automatic,c4d750a5-4dc4-5a35-83e2-dee4ca44aca1,,content,source_provided,True,False,y = 2x + 1，x = 3 时 y 为多少？,,missing_identity
t160-quality-20261006T131153Z-f8d86b26-09-IMP-IMAGE-r3,IMP-IMAGE,3,automatic,c4d750a5-4dc4-5a35-83e2-dee4ca44aca1,,options,source_provided,True,False,"{""C"": ""7"", ""A"": ""5"", ""B"": ""6"", ""D"": ""8""}",,missing_identity
t160-quality-20261006T131153Z-f8d86b26-09-IMP-IMAGE-r3,IMP-IMAGE,3,automatic,c4d750a5-4dc4-5a35-83e2-dee4ca44aca1,,reference_answer,source_provided,True,False,C,,missing_identity
t160-quality-20261006T131153Z-f8d86b26-09-IMP-IMAGE-r3,IMP-IMAGE,3,automatic,c4d750a5-4dc4-5a35-83e2-dee4ca44aca1,,analysis,source_provided,True,False,2 × 3 + 1 = 7。,,missing_identity
t160-quality-20261006T131153Z-f8d86b26-09-IMP-IMAGE-r3,IMP-IMAGE,3,automatic,c4d750a5-4dc4-5a35-83e2-dee4ca44aca1,,score,source_provided,True,False,2.00,,missing_identity
t160-quality-20261006T131153Z-f8d86b26-09-IMP-IMAGE-r3,IMP-IMAGE,3,automatic,c4d750a5-4dc4-5a35-83e2-dee4ca44aca1,,scoring_rubric,known_missing,True,False,,,missing_identity
t160-quality-20261006T131153Z-f8d86b26-09-IMP-IMAGE-r3,IMP-IMAGE,3,automatic,c4d750a5-4dc4-5a35-83e2-dee4ca44aca1,,knowledge_points,known_missing,True,False,[],,missing_identity
t160-quality-20261006T131153Z-f8d86b26-09-IMP-IMAGE-r3,IMP-IMAGE,3,automatic,c4d750a5-4dc4-5a35-83e2-dee4ca44aca1,,source_regions,unknown,False,,,,reference_unknown
t160-quality-20261006T131153Z-f8d86b26-09-IMP-IMAGE-r3,IMP-IMAGE,3,automatic,c4d750a5-4dc4-5a35-83e2-dee4ca44aca1,,assets,source_provided,True,False,[],,missing_identity
t160-quality-20261006T131153Z-f8d86b26-09-IMP-IMAGE-r3,IMP-IMAGE,3,automatic,e418791a-1462-52b7-98fe-396ce71b8d48,,question_number,source_provided,True,False,2,,missing_identity
t160-quality-20261006T131153Z-f8d86b26-09-IMP-IMAGE-r3,IMP-IMAGE,3,automatic,e418791a-1462-52b7-98fe-396ce71b8d48,,order_index,source_provided,True,False,2,,missing_identity
t160-quality-20261006T131153Z-f8d86b26-09-IMP-IMAGE-r3,IMP-IMAGE,3,automatic,e418791a-1462-52b7-98fe-396ce71b8d48,,source_page_numbers,source_provided,True,False,[1],,missing_identity
t160-quality-20261006T131153Z-f8d86b26-09-IMP-IMAGE-r3,IMP-IMAGE,3,automatic,e418791a-1462-52b7-98fe-396ce71b8d48,,question_type,source_provided,True,False,TRUE_FALSE,,missing_identity
t160-quality-20261006T131153Z-f8d86b26-09-IMP-IMAGE-r3,IMP-IMAGE,3,automatic,e418791a-1462-52b7-98fe-396ce71b8d48,,content,source_provided,True,False,右图三角形面积为 24 cm²。,,missing_identity
t160-quality-20261006T131153Z-f8d86b26-09-IMP-IMAGE-r3,IMP-IMAGE,3,automatic,e418791a-1462-52b7-98fe-396ce71b8d48,,options,source_provided,True,False,"[""正确"", ""错误""]",,missing_identity
t160-quality-20261006T131153Z-f8d86b26-09-IMP-IMAGE-r3,IMP-IMAGE,3,automatic,e418791a-1462-52b7-98fe-396ce71b8d48,,reference_answer,known_missing,True,False,,,missing_identity
t160-quality-20261006T131153Z-f8d86b26-09-IMP-IMAGE-r3,IMP-IMAGE,3,automatic,e418791a-1462-52b7-98fe-396ce71b8d48,,analysis,known_missing,True,False,,,missing_identity
t160-quality-20261006T131153Z-f8d86b26-09-IMP-IMAGE-r3,IMP-IMAGE,3,automatic,e418791a-1462-52b7-98fe-396ce71b8d48,,score,source_provided,True,False,2.00,,missing_identity
t160-quality-20261006T131153Z-f8d86b26-09-IMP-IMAGE-r3,IMP-IMAGE,3,automatic,e418791a-1462-52b7-98fe-396ce71b8d48,,scoring_rubric,known_missing,True,False,,,missing_identity
t160-quality-20261006T131153Z-f8d86b26-09-IMP-IMAGE-r3,IMP-IMAGE,3,automatic,e418791a-1462-52b7-98fe-396ce71b8d48,,knowledge_points,known_missing,True,False,[],,missing_identity
t160-quality-20261006T131153Z-f8d86b26-09-IMP-IMAGE-r3,IMP-IMAGE,3,automatic,e418791a-1462-52b7-98fe-396ce71b8d48,,source_regions,unknown,False,,,,reference_unknown
t160-quality-20261006T131153Z-f8d86b26-09-IMP-IMAGE-r3,IMP-IMAGE,3,automatic,e418791a-1462-52b7-98fe-396ce71b8d48,,assets,source_provided,True,False,"[{""asset_type"": ""figure"", ""source_page_number"": 1, ""order_index"": 1}]",,missing_identity
t160-quality-20261006T131153Z-f8d86b26-09-IMP-IMAGE-r3,IMP-IMAGE,3,automatic,e5c1555f-e927-575c-b68c-85eb341a3202,,question_number,source_provided,True,False,3,,missing_identity
t160-quality-20261006T131153Z-f8d86b26-09-IMP-IMAGE-r3,IMP-IMAGE,3,automatic,e5c1555f-e927-575c-b68c-85eb341a3202,,order_index,source_provided,True,False,3,,missing_identity
t160-quality-20261006T131153Z-f8d86b26-09-IMP-IMAGE-r3,IMP-IMAGE,3,automatic,e5c1555f-e927-575c-b68c-85eb341a3202,,source_page_numbers,source_provided,True,False,[1],,missing_identity
t160-quality-20261006T131153Z-f8d86b26-09-IMP-IMAGE-r3,IMP-IMAGE,3,automatic,e5c1555f-e927-575c-b68c-85eb341a3202,,question_type,source_provided,True,False,SHORT_ANSWER,,missing_identity
t160-quality-20261006T131153Z-f8d86b26-09-IMP-IMAGE-r3,IMP-IMAGE,3,automatic,e5c1555f-e927-575c-b68c-85eb341a3202,,content,source_provided,True,False,根据下表写出 y 关于 x 的关系式。,,missing_identity
t160-quality-20261006T131153Z-f8d86b26-09-IMP-IMAGE-r3,IMP-IMAGE,3,automatic,e5c1555f-e927-575c-b68c-85eb341a3202,,options,not_applicable,True,False,,,missing_identity
t160-quality-20261006T131153Z-f8d86b26-09-IMP-IMAGE-r3,IMP-IMAGE,3,automatic,e5c1555f-e927-575c-b68c-85eb341a3202,,reference_answer,known_missing,True,False,,,missing_identity
t160-quality-20261006T131153Z-f8d86b26-09-IMP-IMAGE-r3,IMP-IMAGE,3,automatic,e5c1555f-e927-575c-b68c-85eb341a3202,,analysis,known_missing,True,False,,,missing_identity
t160-quality-20261006T131153Z-f8d86b26-09-IMP-IMAGE-r3,IMP-IMAGE,3,automatic,e5c1555f-e927-575c-b68c-85eb341a3202,,score,source_provided,True,False,3.00,,missing_identity
t160-quality-20261006T131153Z-f8d86b26-09-IMP-IMAGE-r3,IMP-IMAGE,3,automatic,e5c1555f-e927-575c-b68c-85eb341a3202,,scoring_rubric,source_provided,True,False,正确关系式 1.00；说明代入过程 2.00。,,missing_identity
t160-quality-20261006T131153Z-f8d86b26-09-IMP-IMAGE-r3,IMP-IMAGE,3,automatic,e5c1555f-e927-575c-b68c-85eb341a3202,,knowledge_points,source_provided,True,False,"[""一次函数"", ""表达与计算""]",,missing_identity
t160-quality-20261006T131153Z-f8d86b26-09-IMP-IMAGE-r3,IMP-IMAGE,3,automatic,e5c1555f-e927-575c-b68c-85eb341a3202,,source_regions,unknown,False,,,,reference_unknown
t160-quality-20261006T131153Z-f8d86b26-09-IMP-IMAGE-r3,IMP-IMAGE,3,automatic,e5c1555f-e927-575c-b68c-85eb341a3202,,assets,source_provided,True,False,"[{""asset_type"": ""table"", ""source_page_number"": 1, ""order_index"": 1}]",,missing_identity
t160-quality-20261006T131153Z-f8d86b26-09-IMP-IMAGE-r3,IMP-IMAGE,3,assisted_corrected,c4d750a5-4dc4-5a35-83e2-dee4ca44aca1,,question_number,source_provided,True,False,1,,not_executed_due_to_import_failure
t160-quality-20261006T131153Z-f8d86b26-09-IMP-IMAGE-r3,IMP-IMAGE,3,assisted_corrected,c4d750a5-4dc4-5a35-83e2-dee4ca44aca1,,order_index,source_provided,True,False,1,,not_executed_due_to_import_failure
t160-quality-20261006T131153Z-f8d86b26-09-IMP-IMAGE-r3,IMP-IMAGE,3,assisted_corrected,c4d750a5-4dc4-5a35-83e2-dee4ca44aca1,,source_page_numbers,source_provided,True,False,[1],,not_executed_due_to_import_failure
t160-quality-20261006T131153Z-f8d86b26-09-IMP-IMAGE-r3,IMP-IMAGE,3,assisted_corrected,c4d750a5-4dc4-5a35-83e2-dee4ca44aca1,,question_type,source_provided,True,False,SINGLE_CHOICE,,not_executed_due_to_import_failure
t160-quality-20261006T131153Z-f8d86b26-09-IMP-IMAGE-r3,IMP-IMAGE,3,assisted_corrected,c4d750a5-4dc4-5a35-83e2-dee4ca44aca1,,content,source_provided,True,False,y = 2x + 1，x = 3 时 y 为多少？,,not_executed_due_to_import_failure
t160-quality-20261006T131153Z-f8d86b26-09-IMP-IMAGE-r3,IMP-IMAGE,3,assisted_corrected,c4d750a5-4dc4-5a35-83e2-dee4ca44aca1,,options,source_provided,True,False,"{""C"": ""7"", ""A"": ""5"", ""B"": ""6"", ""D"": ""8""}",,not_executed_due_to_import_failure
t160-quality-20261006T131153Z-f8d86b26-09-IMP-IMAGE-r3,IMP-IMAGE,3,assisted_corrected,c4d750a5-4dc4-5a35-83e2-dee4ca44aca1,,reference_answer,source_provided,True,False,C,,not_executed_due_to_import_failure
t160-quality-20261006T131153Z-f8d86b26-09-IMP-IMAGE-r3,IMP-IMAGE,3,assisted_corrected,c4d750a5-4dc4-5a35-83e2-dee4ca44aca1,,analysis,source_provided,True,False,2 × 3 + 1 = 7。,,not_executed_due_to_import_failure
t160-quality-20261006T131153Z-f8d86b26-09-IMP-IMAGE-r3,IMP-IMAGE,3,assisted_corrected,c4d750a5-4dc4-5a35-83e2-dee4ca44aca1,,score,source_provided,True,False,2.00,,not_executed_due_to_import_failure
t160-quality-20261006T131153Z-f8d86b26-09-IMP-IMAGE-r3,IMP-IMAGE,3,assisted_corrected,c4d750a5-4dc4-5a35-83e2-dee4ca44aca1,,scoring_rubric,known_missing,True,False,,,not_executed_due_to_import_failure
t160-quality-20261006T131153Z-f8d86b26-09-IMP-IMAGE-r3,IMP-IMAGE,3,assisted_corrected,c4d750a5-4dc4-5a35-83e2-dee4ca44aca1,,knowledge_points,known_missing,True,False,[],,not_executed_due_to_import_failure
t160-quality-20261006T131153Z-f8d86b26-09-IMP-IMAGE-r3,IMP-IMAGE,3,assisted_corrected,c4d750a5-4dc4-5a35-83e2-dee4ca44aca1,,source_regions,unknown,False,,,,not_executed_due_to_import_failure
t160-quality-20261006T131153Z-f8d86b26-09-IMP-IMAGE-r3,IMP-IMAGE,3,assisted_corrected,c4d750a5-4dc4-5a35-83e2-dee4ca44aca1,,assets,source_provided,True,False,[],,not_executed_due_to_import_failure
t160-quality-20261006T131153Z-f8d86b26-09-IMP-IMAGE-r3,IMP-IMAGE,3,assisted_corrected,e418791a-1462-52b7-98fe-396ce71b8d48,,question_number,source_provided,True,False,2,,not_executed_due_to_import_failure
t160-quality-20261006T131153Z-f8d86b26-09-IMP-IMAGE-r3,IMP-IMAGE,3,assisted_corrected,e418791a-1462-52b7-98fe-396ce71b8d48,,order_index,source_provided,True,False,2,,not_executed_due_to_import_failure
t160-quality-20261006T131153Z-f8d86b26-09-IMP-IMAGE-r3,IMP-IMAGE,3,assisted_corrected,e418791a-1462-52b7-98fe-396ce71b8d48,,source_page_numbers,source_provided,True,False,[1],,not_executed_due_to_import_failure
t160-quality-20261006T131153Z-f8d86b26-09-IMP-IMAGE-r3,IMP-IMAGE,3,assisted_corrected,e418791a-1462-52b7-98fe-396ce71b8d48,,question_type,source_provided,True,False,TRUE_FALSE,,not_executed_due_to_import_failure
t160-quality-20261006T131153Z-f8d86b26-09-IMP-IMAGE-r3,IMP-IMAGE,3,assisted_corrected,e418791a-1462-52b7-98fe-396ce71b8d48,,content,source_provided,True,False,右图三角形面积为 24 cm²。,,not_executed_due_to_import_failure
t160-quality-20261006T131153Z-f8d86b26-09-IMP-IMAGE-r3,IMP-IMAGE,3,assisted_corrected,e418791a-1462-52b7-98fe-396ce71b8d48,,options,source_provided,True,False,"[""正确"", ""错误""]",,not_executed_due_to_import_failure
t160-quality-20261006T131153Z-f8d86b26-09-IMP-IMAGE-r3,IMP-IMAGE,3,assisted_corrected,e418791a-1462-52b7-98fe-396ce71b8d48,,reference_answer,known_missing,True,False,,,not_executed_due_to_import_failure
t160-quality-20261006T131153Z-f8d86b26-09-IMP-IMAGE-r3,IMP-IMAGE,3,assisted_corrected,e418791a-1462-52b7-98fe-396ce71b8d48,,analysis,known_missing,True,False,,,not_executed_due_to_import_failure
t160-quality-20261006T131153Z-f8d86b26-09-IMP-IMAGE-r3,IMP-IMAGE,3,assisted_corrected,e418791a-1462-52b7-98fe-396ce71b8d48,,score,source_provided,True,False,2.00,,not_executed_due_to_import_failure
t160-quality-20261006T131153Z-f8d86b26-09-IMP-IMAGE-r3,IMP-IMAGE,3,assisted_corrected,e418791a-1462-52b7-98fe-396ce71b8d48,,scoring_rubric,known_missing,True,False,,,not_executed_due_to_import_failure
t160-quality-20261006T131153Z-f8d86b26-09-IMP-IMAGE-r3,IMP-IMAGE,3,assisted_corrected,e418791a-1462-52b7-98fe-396ce71b8d48,,knowledge_points,known_missing,True,False,[],,not_executed_due_to_import_failure
t160-quality-20261006T131153Z-f8d86b26-09-IMP-IMAGE-r3,IMP-IMAGE,3,assisted_corrected,e418791a-1462-52b7-98fe-396ce71b8d48,,source_regions,unknown,False,,,,not_executed_due_to_import_failure
t160-quality-20261006T131153Z-f8d86b26-09-IMP-IMAGE-r3,IMP-IMAGE,3,assisted_corrected,e418791a-1462-52b7-98fe-396ce71b8d48,,assets,source_provided,True,False,"[{""asset_type"": ""figure"", ""source_page_number"": 1, ""order_index"": 1}]",,not_executed_due_to_import_failure
t160-quality-20261006T131153Z-f8d86b26-09-IMP-IMAGE-r3,IMP-IMAGE,3,assisted_corrected,e5c1555f-e927-575c-b68c-85eb341a3202,,question_number,source_provided,True,False,3,,not_executed_due_to_import_failure
t160-quality-20261006T131153Z-f8d86b26-09-IMP-IMAGE-r3,IMP-IMAGE,3,assisted_corrected,e5c1555f-e927-575c-b68c-85eb341a3202,,order_index,source_provided,True,False,3,,not_executed_due_to_import_failure
t160-quality-20261006T131153Z-f8d86b26-09-IMP-IMAGE-r3,IMP-IMAGE,3,assisted_corrected,e5c1555f-e927-575c-b68c-85eb341a3202,,source_page_numbers,source_provided,True,False,[1],,not_executed_due_to_import_failure
t160-quality-20261006T131153Z-f8d86b26-09-IMP-IMAGE-r3,IMP-IMAGE,3,assisted_corrected,e5c1555f-e927-575c-b68c-85eb341a3202,,question_type,source_provided,True,False,SHORT_ANSWER,,not_executed_due_to_import_failure
t160-quality-20261006T131153Z-f8d86b26-09-IMP-IMAGE-r3,IMP-IMAGE,3,assisted_corrected,e5c1555f-e927-575c-b68c-85eb341a3202,,content,source_provided,True,False,根据下表写出 y 关于 x 的关系式。,,not_executed_due_to_import_failure
t160-quality-20261006T131153Z-f8d86b26-09-IMP-IMAGE-r3,IMP-IMAGE,3,assisted_corrected,e5c1555f-e927-575c-b68c-85eb341a3202,,options,not_applicable,True,False,,,not_executed_due_to_import_failure
t160-quality-20261006T131153Z-f8d86b26-09-IMP-IMAGE-r3,IMP-IMAGE,3,assisted_corrected,e5c1555f-e927-575c-b68c-85eb341a3202,,reference_answer,known_missing,True,False,,,not_executed_due_to_import_failure
t160-quality-20261006T131153Z-f8d86b26-09-IMP-IMAGE-r3,IMP-IMAGE,3,assisted_corrected,e5c1555f-e927-575c-b68c-85eb341a3202,,analysis,known_missing,True,False,,,not_executed_due_to_import_failure
t160-quality-20261006T131153Z-f8d86b26-09-IMP-IMAGE-r3,IMP-IMAGE,3,assisted_corrected,e5c1555f-e927-575c-b68c-85eb341a3202,,score,source_provided,True,False,3.00,,not_executed_due_to_import_failure
t160-quality-20261006T131153Z-f8d86b26-09-IMP-IMAGE-r3,IMP-IMAGE,3,assisted_corrected,e5c1555f-e927-575c-b68c-85eb341a3202,,scoring_rubric,source_provided,True,False,正确关系式 1.00；说明代入过程 2.00。,,not_executed_due_to_import_failure
t160-quality-20261006T131153Z-f8d86b26-09-IMP-IMAGE-r3,IMP-IMAGE,3,assisted_corrected,e5c1555f-e927-575c-b68c-85eb341a3202,,knowledge_points,source_provided,True,False,"[""一次函数"", ""表达与计算""]",,not_executed_due_to_import_failure
t160-quality-20261006T131153Z-f8d86b26-09-IMP-IMAGE-r3,IMP-IMAGE,3,assisted_corrected,e5c1555f-e927-575c-b68c-85eb341a3202,,source_regions,unknown,False,,,,not_executed_due_to_import_failure
t160-quality-20261006T131153Z-f8d86b26-09-IMP-IMAGE-r3,IMP-IMAGE,3,assisted_corrected,e5c1555f-e927-575c-b68c-85eb341a3202,,assets,source_provided,True,False,"[{""asset_type"": ""table"", ""source_page_number"": 1, ""order_index"": 1}]",,not_executed_due_to_import_failure
t160-quality-20261006T131153Z-f8d86b26-10-IMP-MIXED-r1,IMP-MIXED,1,automatic,1faa8619-84cc-5d65-86ae-244c7f68645e,,question_number,source_provided,True,False,1,,missing_identity
t160-quality-20261006T131153Z-f8d86b26-10-IMP-MIXED-r1,IMP-MIXED,1,automatic,1faa8619-84cc-5d65-86ae-244c7f68645e,,order_index,source_provided,True,False,1,,missing_identity
t160-quality-20261006T131153Z-f8d86b26-10-IMP-MIXED-r1,IMP-MIXED,1,automatic,1faa8619-84cc-5d65-86ae-244c7f68645e,,source_page_numbers,source_provided,True,False,[1],,missing_identity
t160-quality-20261006T131153Z-f8d86b26-10-IMP-MIXED-r1,IMP-MIXED,1,automatic,1faa8619-84cc-5d65-86ae-244c7f68645e,,question_type,source_provided,True,False,SINGLE_CHOICE,,missing_identity
t160-quality-20261006T131153Z-f8d86b26-10-IMP-MIXED-r1,IMP-MIXED,1,automatic,1faa8619-84cc-5d65-86ae-244c7f68645e,,content,source_provided,True,False,y = 2x + 1，x = 3 时 y 为多少？,,missing_identity
t160-quality-20261006T131153Z-f8d86b26-10-IMP-MIXED-r1,IMP-MIXED,1,automatic,1faa8619-84cc-5d65-86ae-244c7f68645e,,options,source_provided,True,False,"{""C"": ""7"", ""A"": ""5"", ""B"": ""6"", ""D"": ""8""}",,missing_identity
t160-quality-20261006T131153Z-f8d86b26-10-IMP-MIXED-r1,IMP-MIXED,1,automatic,1faa8619-84cc-5d65-86ae-244c7f68645e,,reference_answer,source_provided,True,False,C,,missing_identity
t160-quality-20261006T131153Z-f8d86b26-10-IMP-MIXED-r1,IMP-MIXED,1,automatic,1faa8619-84cc-5d65-86ae-244c7f68645e,,analysis,source_provided,True,False,2 × 3 + 1 = 7。,,missing_identity
t160-quality-20261006T131153Z-f8d86b26-10-IMP-MIXED-r1,IMP-MIXED,1,automatic,1faa8619-84cc-5d65-86ae-244c7f68645e,,score,source_provided,True,False,2.00,,missing_identity
t160-quality-20261006T131153Z-f8d86b26-10-IMP-MIXED-r1,IMP-MIXED,1,automatic,1faa8619-84cc-5d65-86ae-244c7f68645e,,scoring_rubric,known_missing,True,False,,,missing_identity
t160-quality-20261006T131153Z-f8d86b26-10-IMP-MIXED-r1,IMP-MIXED,1,automatic,1faa8619-84cc-5d65-86ae-244c7f68645e,,knowledge_points,known_missing,True,False,[],,missing_identity
t160-quality-20261006T131153Z-f8d86b26-10-IMP-MIXED-r1,IMP-MIXED,1,automatic,1faa8619-84cc-5d65-86ae-244c7f68645e,,source_regions,unknown,False,,,,reference_unknown
t160-quality-20261006T131153Z-f8d86b26-10-IMP-MIXED-r1,IMP-MIXED,1,automatic,1faa8619-84cc-5d65-86ae-244c7f68645e,,assets,source_provided,True,False,[],,missing_identity
t160-quality-20261006T131153Z-f8d86b26-10-IMP-MIXED-r1,IMP-MIXED,1,automatic,545de13f-3fe9-524b-a917-7ab04807806f,,question_number,source_provided,True,False,2,,missing_identity
t160-quality-20261006T131153Z-f8d86b26-10-IMP-MIXED-r1,IMP-MIXED,1,automatic,545de13f-3fe9-524b-a917-7ab04807806f,,order_index,source_provided,True,False,2,,missing_identity
t160-quality-20261006T131153Z-f8d86b26-10-IMP-MIXED-r1,IMP-MIXED,1,automatic,545de13f-3fe9-524b-a917-7ab04807806f,,source_page_numbers,source_provided,True,False,[1],,missing_identity
t160-quality-20261006T131153Z-f8d86b26-10-IMP-MIXED-r1,IMP-MIXED,1,automatic,545de13f-3fe9-524b-a917-7ab04807806f,,question_type,source_provided,True,False,TRUE_FALSE,,missing_identity
t160-quality-20261006T131153Z-f8d86b26-10-IMP-MIXED-r1,IMP-MIXED,1,automatic,545de13f-3fe9-524b-a917-7ab04807806f,,content,source_provided,True,False,右图三角形面积为 24 cm²。,,missing_identity
t160-quality-20261006T131153Z-f8d86b26-10-IMP-MIXED-r1,IMP-MIXED,1,automatic,545de13f-3fe9-524b-a917-7ab04807806f,,options,source_provided,True,False,"[""正确"", ""错误""]",,missing_identity
t160-quality-20261006T131153Z-f8d86b26-10-IMP-MIXED-r1,IMP-MIXED,1,automatic,545de13f-3fe9-524b-a917-7ab04807806f,,reference_answer,known_missing,True,False,,,missing_identity
t160-quality-20261006T131153Z-f8d86b26-10-IMP-MIXED-r1,IMP-MIXED,1,automatic,545de13f-3fe9-524b-a917-7ab04807806f,,analysis,known_missing,True,False,,,missing_identity
t160-quality-20261006T131153Z-f8d86b26-10-IMP-MIXED-r1,IMP-MIXED,1,automatic,545de13f-3fe9-524b-a917-7ab04807806f,,score,source_provided,True,False,2.00,,missing_identity
t160-quality-20261006T131153Z-f8d86b26-10-IMP-MIXED-r1,IMP-MIXED,1,automatic,545de13f-3fe9-524b-a917-7ab04807806f,,scoring_rubric,known_missing,True,False,,,missing_identity
t160-quality-20261006T131153Z-f8d86b26-10-IMP-MIXED-r1,IMP-MIXED,1,automatic,545de13f-3fe9-524b-a917-7ab04807806f,,knowledge_points,known_missing,True,False,[],,missing_identity
t160-quality-20261006T131153Z-f8d86b26-10-IMP-MIXED-r1,IMP-MIXED,1,automatic,545de13f-3fe9-524b-a917-7ab04807806f,,source_regions,unknown,False,,,,reference_unknown
t160-quality-20261006T131153Z-f8d86b26-10-IMP-MIXED-r1,IMP-MIXED,1,automatic,545de13f-3fe9-524b-a917-7ab04807806f,,assets,source_provided,True,False,"[{""asset_type"": ""figure"", ""source_page_number"": 1, ""order_index"": 1}]",,missing_identity
t160-quality-20261006T131153Z-f8d86b26-10-IMP-MIXED-r1,IMP-MIXED,1,automatic,85533f46-eb86-5893-8742-33939e77750f,,question_number,source_provided,True,False,3,,missing_identity
t160-quality-20261006T131153Z-f8d86b26-10-IMP-MIXED-r1,IMP-MIXED,1,automatic,85533f46-eb86-5893-8742-33939e77750f,,order_index,source_provided,True,False,3,,missing_identity
t160-quality-20261006T131153Z-f8d86b26-10-IMP-MIXED-r1,IMP-MIXED,1,automatic,85533f46-eb86-5893-8742-33939e77750f,,source_page_numbers,source_provided,True,False,[1],,missing_identity
t160-quality-20261006T131153Z-f8d86b26-10-IMP-MIXED-r1,IMP-MIXED,1,automatic,85533f46-eb86-5893-8742-33939e77750f,,question_type,source_provided,True,False,SHORT_ANSWER,,missing_identity
t160-quality-20261006T131153Z-f8d86b26-10-IMP-MIXED-r1,IMP-MIXED,1,automatic,85533f46-eb86-5893-8742-33939e77750f,,content,source_provided,True,False,根据下表写出 y 关于 x 的关系式。,,missing_identity
t160-quality-20261006T131153Z-f8d86b26-10-IMP-MIXED-r1,IMP-MIXED,1,automatic,85533f46-eb86-5893-8742-33939e77750f,,options,not_applicable,True,False,,,missing_identity
t160-quality-20261006T131153Z-f8d86b26-10-IMP-MIXED-r1,IMP-MIXED,1,automatic,85533f46-eb86-5893-8742-33939e77750f,,reference_answer,known_missing,True,False,,,missing_identity
t160-quality-20261006T131153Z-f8d86b26-10-IMP-MIXED-r1,IMP-MIXED,1,automatic,85533f46-eb86-5893-8742-33939e77750f,,analysis,known_missing,True,False,,,missing_identity
t160-quality-20261006T131153Z-f8d86b26-10-IMP-MIXED-r1,IMP-MIXED,1,automatic,85533f46-eb86-5893-8742-33939e77750f,,score,source_provided,True,False,3.00,,missing_identity
t160-quality-20261006T131153Z-f8d86b26-10-IMP-MIXED-r1,IMP-MIXED,1,automatic,85533f46-eb86-5893-8742-33939e77750f,,scoring_rubric,source_provided,True,False,正确关系式 1.00；说明代入过程 2.00。,,missing_identity
t160-quality-20261006T131153Z-f8d86b26-10-IMP-MIXED-r1,IMP-MIXED,1,automatic,85533f46-eb86-5893-8742-33939e77750f,,knowledge_points,source_provided,True,False,"[""一次函数"", ""表达与计算""]",,missing_identity
t160-quality-20261006T131153Z-f8d86b26-10-IMP-MIXED-r1,IMP-MIXED,1,automatic,85533f46-eb86-5893-8742-33939e77750f,,source_regions,unknown,False,,,,reference_unknown
t160-quality-20261006T131153Z-f8d86b26-10-IMP-MIXED-r1,IMP-MIXED,1,automatic,85533f46-eb86-5893-8742-33939e77750f,,assets,source_provided,True,False,"[{""asset_type"": ""table"", ""source_page_number"": 1, ""order_index"": 1}]",,missing_identity
t160-quality-20261006T131153Z-f8d86b26-10-IMP-MIXED-r1,IMP-MIXED,1,automatic,0fa8d57e-58c2-5aa4-b8cd-e52e96380a38,,question_number,source_provided,True,False,4,,missing_identity
t160-quality-20261006T131153Z-f8d86b26-10-IMP-MIXED-r1,IMP-MIXED,1,automatic,0fa8d57e-58c2-5aa4-b8cd-e52e96380a38,,order_index,source_provided,True,False,4,,missing_identity
t160-quality-20261006T131153Z-f8d86b26-10-IMP-MIXED-r1,IMP-MIXED,1,automatic,0fa8d57e-58c2-5aa4-b8cd-e52e96380a38,,source_page_numbers,source_provided,True,False,[2],,missing_identity
t160-quality-20261006T131153Z-f8d86b26-10-IMP-MIXED-r1,IMP-MIXED,1,automatic,0fa8d57e-58c2-5aa4-b8cd-e52e96380a38,,question_type,source_provided,True,False,SINGLE_CHOICE,,missing_identity
t160-quality-20261006T131153Z-f8d86b26-10-IMP-MIXED-r1,IMP-MIXED,1,automatic,0fa8d57e-58c2-5aa4-b8cd-e52e96380a38,,content,source_provided,True,False,y = 2x + 1，x = 3 时 y 为多少？,,missing_identity
t160-quality-20261006T131153Z-f8d86b26-10-IMP-MIXED-r1,IMP-MIXED,1,automatic,0fa8d57e-58c2-5aa4-b8cd-e52e96380a38,,options,source_provided,True,False,"{""C"": ""7"", ""A"": ""5"", ""B"": ""6"", ""D"": ""8""}",,missing_identity
t160-quality-20261006T131153Z-f8d86b26-10-IMP-MIXED-r1,IMP-MIXED,1,automatic,0fa8d57e-58c2-5aa4-b8cd-e52e96380a38,,reference_answer,source_provided,True,False,C,,missing_identity
t160-quality-20261006T131153Z-f8d86b26-10-IMP-MIXED-r1,IMP-MIXED,1,automatic,0fa8d57e-58c2-5aa4-b8cd-e52e96380a38,,analysis,source_provided,True,False,2 × 3 + 1 = 7。,,missing_identity
t160-quality-20261006T131153Z-f8d86b26-10-IMP-MIXED-r1,IMP-MIXED,1,automatic,0fa8d57e-58c2-5aa4-b8cd-e52e96380a38,,score,source_provided,True,False,2.00,,missing_identity
t160-quality-20261006T131153Z-f8d86b26-10-IMP-MIXED-r1,IMP-MIXED,1,automatic,0fa8d57e-58c2-5aa4-b8cd-e52e96380a38,,scoring_rubric,known_missing,True,False,,,missing_identity
t160-quality-20261006T131153Z-f8d86b26-10-IMP-MIXED-r1,IMP-MIXED,1,automatic,0fa8d57e-58c2-5aa4-b8cd-e52e96380a38,,knowledge_points,known_missing,True,False,[],,missing_identity
t160-quality-20261006T131153Z-f8d86b26-10-IMP-MIXED-r1,IMP-MIXED,1,automatic,0fa8d57e-58c2-5aa4-b8cd-e52e96380a38,,source_regions,unknown,False,,,,reference_unknown
t160-quality-20261006T131153Z-f8d86b26-10-IMP-MIXED-r1,IMP-MIXED,1,automatic,0fa8d57e-58c2-5aa4-b8cd-e52e96380a38,,assets,source_provided,True,False,[],,missing_identity
t160-quality-20261006T131153Z-f8d86b26-10-IMP-MIXED-r1,IMP-MIXED,1,automatic,455720b9-9061-5bce-83af-d6d53c6c84e1,,question_number,source_provided,True,False,5,,missing_identity
t160-quality-20261006T131153Z-f8d86b26-10-IMP-MIXED-r1,IMP-MIXED,1,automatic,455720b9-9061-5bce-83af-d6d53c6c84e1,,order_index,source_provided,True,False,5,,missing_identity
t160-quality-20261006T131153Z-f8d86b26-10-IMP-MIXED-r1,IMP-MIXED,1,automatic,455720b9-9061-5bce-83af-d6d53c6c84e1,,source_page_numbers,source_provided,True,False,[2],,missing_identity
t160-quality-20261006T131153Z-f8d86b26-10-IMP-MIXED-r1,IMP-MIXED,1,automatic,455720b9-9061-5bce-83af-d6d53c6c84e1,,question_type,source_provided,True,False,TRUE_FALSE,,missing_identity
t160-quality-20261006T131153Z-f8d86b26-10-IMP-MIXED-r1,IMP-MIXED,1,automatic,455720b9-9061-5bce-83af-d6d53c6c84e1,,content,source_provided,True,False,右图三角形面积为 24 cm²。,,missing_identity
t160-quality-20261006T131153Z-f8d86b26-10-IMP-MIXED-r1,IMP-MIXED,1,automatic,455720b9-9061-5bce-83af-d6d53c6c84e1,,options,source_provided,True,False,"[""正确"", ""错误""]",,missing_identity
t160-quality-20261006T131153Z-f8d86b26-10-IMP-MIXED-r1,IMP-MIXED,1,automatic,455720b9-9061-5bce-83af-d6d53c6c84e1,,reference_answer,known_missing,True,False,,,missing_identity
t160-quality-20261006T131153Z-f8d86b26-10-IMP-MIXED-r1,IMP-MIXED,1,automatic,455720b9-9061-5bce-83af-d6d53c6c84e1,,analysis,known_missing,True,False,,,missing_identity
t160-quality-20261006T131153Z-f8d86b26-10-IMP-MIXED-r1,IMP-MIXED,1,automatic,455720b9-9061-5bce-83af-d6d53c6c84e1,,score,source_provided,True,False,2.00,,missing_identity
t160-quality-20261006T131153Z-f8d86b26-10-IMP-MIXED-r1,IMP-MIXED,1,automatic,455720b9-9061-5bce-83af-d6d53c6c84e1,,scoring_rubric,known_missing,True,False,,,missing_identity
t160-quality-20261006T131153Z-f8d86b26-10-IMP-MIXED-r1,IMP-MIXED,1,automatic,455720b9-9061-5bce-83af-d6d53c6c84e1,,knowledge_points,known_missing,True,False,[],,missing_identity
t160-quality-20261006T131153Z-f8d86b26-10-IMP-MIXED-r1,IMP-MIXED,1,automatic,455720b9-9061-5bce-83af-d6d53c6c84e1,,source_regions,unknown,False,,,,reference_unknown
t160-quality-20261006T131153Z-f8d86b26-10-IMP-MIXED-r1,IMP-MIXED,1,automatic,455720b9-9061-5bce-83af-d6d53c6c84e1,,assets,source_provided,True,False,"[{""asset_type"": ""figure"", ""source_page_number"": 2, ""order_index"": 1}]",,missing_identity
t160-quality-20261006T131153Z-f8d86b26-10-IMP-MIXED-r1,IMP-MIXED,1,automatic,bf862f8d-df39-5559-bab5-d942fccb2432,,question_number,source_provided,True,False,6,,missing_identity
t160-quality-20261006T131153Z-f8d86b26-10-IMP-MIXED-r1,IMP-MIXED,1,automatic,bf862f8d-df39-5559-bab5-d942fccb2432,,order_index,source_provided,True,False,6,,missing_identity
t160-quality-20261006T131153Z-f8d86b26-10-IMP-MIXED-r1,IMP-MIXED,1,automatic,bf862f8d-df39-5559-bab5-d942fccb2432,,source_page_numbers,source_provided,True,False,[2],,missing_identity
t160-quality-20261006T131153Z-f8d86b26-10-IMP-MIXED-r1,IMP-MIXED,1,automatic,bf862f8d-df39-5559-bab5-d942fccb2432,,question_type,source_provided,True,False,SHORT_ANSWER,,missing_identity
t160-quality-20261006T131153Z-f8d86b26-10-IMP-MIXED-r1,IMP-MIXED,1,automatic,bf862f8d-df39-5559-bab5-d942fccb2432,,content,source_provided,True,False,根据下表写出 y 关于 x 的关系式。,,missing_identity
t160-quality-20261006T131153Z-f8d86b26-10-IMP-MIXED-r1,IMP-MIXED,1,automatic,bf862f8d-df39-5559-bab5-d942fccb2432,,options,not_applicable,True,False,,,missing_identity
t160-quality-20261006T131153Z-f8d86b26-10-IMP-MIXED-r1,IMP-MIXED,1,automatic,bf862f8d-df39-5559-bab5-d942fccb2432,,reference_answer,known_missing,True,False,,,missing_identity
t160-quality-20261006T131153Z-f8d86b26-10-IMP-MIXED-r1,IMP-MIXED,1,automatic,bf862f8d-df39-5559-bab5-d942fccb2432,,analysis,known_missing,True,False,,,missing_identity
t160-quality-20261006T131153Z-f8d86b26-10-IMP-MIXED-r1,IMP-MIXED,1,automatic,bf862f8d-df39-5559-bab5-d942fccb2432,,score,source_provided,True,False,3.00,,missing_identity
t160-quality-20261006T131153Z-f8d86b26-10-IMP-MIXED-r1,IMP-MIXED,1,automatic,bf862f8d-df39-5559-bab5-d942fccb2432,,scoring_rubric,source_provided,True,False,正确关系式 1.00；说明代入过程 2.00。,,missing_identity
t160-quality-20261006T131153Z-f8d86b26-10-IMP-MIXED-r1,IMP-MIXED,1,automatic,bf862f8d-df39-5559-bab5-d942fccb2432,,knowledge_points,source_provided,True,False,"[""一次函数"", ""表达与计算""]",,missing_identity
t160-quality-20261006T131153Z-f8d86b26-10-IMP-MIXED-r1,IMP-MIXED,1,automatic,bf862f8d-df39-5559-bab5-d942fccb2432,,source_regions,unknown,False,,,,reference_unknown
t160-quality-20261006T131153Z-f8d86b26-10-IMP-MIXED-r1,IMP-MIXED,1,automatic,bf862f8d-df39-5559-bab5-d942fccb2432,,assets,source_provided,True,False,"[{""asset_type"": ""table"", ""source_page_number"": 2, ""order_index"": 1}]",,missing_identity
t160-quality-20261006T131153Z-f8d86b26-10-IMP-MIXED-r1,IMP-MIXED,1,assisted_corrected,1faa8619-84cc-5d65-86ae-244c7f68645e,,question_number,source_provided,True,False,1,,not_executed_due_to_import_failure
t160-quality-20261006T131153Z-f8d86b26-10-IMP-MIXED-r1,IMP-MIXED,1,assisted_corrected,1faa8619-84cc-5d65-86ae-244c7f68645e,,order_index,source_provided,True,False,1,,not_executed_due_to_import_failure
t160-quality-20261006T131153Z-f8d86b26-10-IMP-MIXED-r1,IMP-MIXED,1,assisted_corrected,1faa8619-84cc-5d65-86ae-244c7f68645e,,source_page_numbers,source_provided,True,False,[1],,not_executed_due_to_import_failure
t160-quality-20261006T131153Z-f8d86b26-10-IMP-MIXED-r1,IMP-MIXED,1,assisted_corrected,1faa8619-84cc-5d65-86ae-244c7f68645e,,question_type,source_provided,True,False,SINGLE_CHOICE,,not_executed_due_to_import_failure
t160-quality-20261006T131153Z-f8d86b26-10-IMP-MIXED-r1,IMP-MIXED,1,assisted_corrected,1faa8619-84cc-5d65-86ae-244c7f68645e,,content,source_provided,True,False,y = 2x + 1，x = 3 时 y 为多少？,,not_executed_due_to_import_failure
t160-quality-20261006T131153Z-f8d86b26-10-IMP-MIXED-r1,IMP-MIXED,1,assisted_corrected,1faa8619-84cc-5d65-86ae-244c7f68645e,,options,source_provided,True,False,"{""C"": ""7"", ""A"": ""5"", ""B"": ""6"", ""D"": ""8""}",,not_executed_due_to_import_failure
t160-quality-20261006T131153Z-f8d86b26-10-IMP-MIXED-r1,IMP-MIXED,1,assisted_corrected,1faa8619-84cc-5d65-86ae-244c7f68645e,,reference_answer,source_provided,True,False,C,,not_executed_due_to_import_failure
t160-quality-20261006T131153Z-f8d86b26-10-IMP-MIXED-r1,IMP-MIXED,1,assisted_corrected,1faa8619-84cc-5d65-86ae-244c7f68645e,,analysis,source_provided,True,False,2 × 3 + 1 = 7。,,not_executed_due_to_import_failure
t160-quality-20261006T131153Z-f8d86b26-10-IMP-MIXED-r1,IMP-MIXED,1,assisted_corrected,1faa8619-84cc-5d65-86ae-244c7f68645e,,score,source_provided,True,False,2.00,,not_executed_due_to_import_failure
t160-quality-20261006T131153Z-f8d86b26-10-IMP-MIXED-r1,IMP-MIXED,1,assisted_corrected,1faa8619-84cc-5d65-86ae-244c7f68645e,,scoring_rubric,known_missing,True,False,,,not_executed_due_to_import_failure
t160-quality-20261006T131153Z-f8d86b26-10-IMP-MIXED-r1,IMP-MIXED,1,assisted_corrected,1faa8619-84cc-5d65-86ae-244c7f68645e,,knowledge_points,known_missing,True,False,[],,not_executed_due_to_import_failure
t160-quality-20261006T131153Z-f8d86b26-10-IMP-MIXED-r1,IMP-MIXED,1,assisted_corrected,1faa8619-84cc-5d65-86ae-244c7f68645e,,source_regions,unknown,False,,,,not_executed_due_to_import_failure
t160-quality-20261006T131153Z-f8d86b26-10-IMP-MIXED-r1,IMP-MIXED,1,assisted_corrected,1faa8619-84cc-5d65-86ae-244c7f68645e,,assets,source_provided,True,False,[],,not_executed_due_to_import_failure
t160-quality-20261006T131153Z-f8d86b26-10-IMP-MIXED-r1,IMP-MIXED,1,assisted_corrected,545de13f-3fe9-524b-a917-7ab04807806f,,question_number,source_provided,True,False,2,,not_executed_due_to_import_failure
t160-quality-20261006T131153Z-f8d86b26-10-IMP-MIXED-r1,IMP-MIXED,1,assisted_corrected,545de13f-3fe9-524b-a917-7ab04807806f,,order_index,source_provided,True,False,2,,not_executed_due_to_import_failure
t160-quality-20261006T131153Z-f8d86b26-10-IMP-MIXED-r1,IMP-MIXED,1,assisted_corrected,545de13f-3fe9-524b-a917-7ab04807806f,,source_page_numbers,source_provided,True,False,[1],,not_executed_due_to_import_failure
t160-quality-20261006T131153Z-f8d86b26-10-IMP-MIXED-r1,IMP-MIXED,1,assisted_corrected,545de13f-3fe9-524b-a917-7ab04807806f,,question_type,source_provided,True,False,TRUE_FALSE,,not_executed_due_to_import_failure
t160-quality-20261006T131153Z-f8d86b26-10-IMP-MIXED-r1,IMP-MIXED,1,assisted_corrected,545de13f-3fe9-524b-a917-7ab04807806f,,content,source_provided,True,False,右图三角形面积为 24 cm²。,,not_executed_due_to_import_failure
t160-quality-20261006T131153Z-f8d86b26-10-IMP-MIXED-r1,IMP-MIXED,1,assisted_corrected,545de13f-3fe9-524b-a917-7ab04807806f,,options,source_provided,True,False,"[""正确"", ""错误""]",,not_executed_due_to_import_failure
t160-quality-20261006T131153Z-f8d86b26-10-IMP-MIXED-r1,IMP-MIXED,1,assisted_corrected,545de13f-3fe9-524b-a917-7ab04807806f,,reference_answer,known_missing,True,False,,,not_executed_due_to_import_failure
t160-quality-20261006T131153Z-f8d86b26-10-IMP-MIXED-r1,IMP-MIXED,1,assisted_corrected,545de13f-3fe9-524b-a917-7ab04807806f,,analysis,known_missing,True,False,,,not_executed_due_to_import_failure
t160-quality-20261006T131153Z-f8d86b26-10-IMP-MIXED-r1,IMP-MIXED,1,assisted_corrected,545de13f-3fe9-524b-a917-7ab04807806f,,score,source_provided,True,False,2.00,,not_executed_due_to_import_failure
t160-quality-20261006T131153Z-f8d86b26-10-IMP-MIXED-r1,IMP-MIXED,1,assisted_corrected,545de13f-3fe9-524b-a917-7ab04807806f,,scoring_rubric,known_missing,True,False,,,not_executed_due_to_import_failure
t160-quality-20261006T131153Z-f8d86b26-10-IMP-MIXED-r1,IMP-MIXED,1,assisted_corrected,545de13f-3fe9-524b-a917-7ab04807806f,,knowledge_points,known_missing,True,False,[],,not_executed_due_to_import_failure
t160-quality-20261006T131153Z-f8d86b26-10-IMP-MIXED-r1,IMP-MIXED,1,assisted_corrected,545de13f-3fe9-524b-a917-7ab04807806f,,source_regions,unknown,False,,,,not_executed_due_to_import_failure
t160-quality-20261006T131153Z-f8d86b26-10-IMP-MIXED-r1,IMP-MIXED,1,assisted_corrected,545de13f-3fe9-524b-a917-7ab04807806f,,assets,source_provided,True,False,"[{""asset_type"": ""figure"", ""source_page_number"": 1, ""order_index"": 1}]",,not_executed_due_to_import_failure
t160-quality-20261006T131153Z-f8d86b26-10-IMP-MIXED-r1,IMP-MIXED,1,assisted_corrected,85533f46-eb86-5893-8742-33939e77750f,,question_number,source_provided,True,False,3,,not_executed_due_to_import_failure
t160-quality-20261006T131153Z-f8d86b26-10-IMP-MIXED-r1,IMP-MIXED,1,assisted_corrected,85533f46-eb86-5893-8742-33939e77750f,,order_index,source_provided,True,False,3,,not_executed_due_to_import_failure
t160-quality-20261006T131153Z-f8d86b26-10-IMP-MIXED-r1,IMP-MIXED,1,assisted_corrected,85533f46-eb86-5893-8742-33939e77750f,,source_page_numbers,source_provided,True,False,[1],,not_executed_due_to_import_failure
t160-quality-20261006T131153Z-f8d86b26-10-IMP-MIXED-r1,IMP-MIXED,1,assisted_corrected,85533f46-eb86-5893-8742-33939e77750f,,question_type,source_provided,True,False,SHORT_ANSWER,,not_executed_due_to_import_failure
t160-quality-20261006T131153Z-f8d86b26-10-IMP-MIXED-r1,IMP-MIXED,1,assisted_corrected,85533f46-eb86-5893-8742-33939e77750f,,content,source_provided,True,False,根据下表写出 y 关于 x 的关系式。,,not_executed_due_to_import_failure
t160-quality-20261006T131153Z-f8d86b26-10-IMP-MIXED-r1,IMP-MIXED,1,assisted_corrected,85533f46-eb86-5893-8742-33939e77750f,,options,not_applicable,True,False,,,not_executed_due_to_import_failure
t160-quality-20261006T131153Z-f8d86b26-10-IMP-MIXED-r1,IMP-MIXED,1,assisted_corrected,85533f46-eb86-5893-8742-33939e77750f,,reference_answer,known_missing,True,False,,,not_executed_due_to_import_failure
t160-quality-20261006T131153Z-f8d86b26-10-IMP-MIXED-r1,IMP-MIXED,1,assisted_corrected,85533f46-eb86-5893-8742-33939e77750f,,analysis,known_missing,True,False,,,not_executed_due_to_import_failure
t160-quality-20261006T131153Z-f8d86b26-10-IMP-MIXED-r1,IMP-MIXED,1,assisted_corrected,85533f46-eb86-5893-8742-33939e77750f,,score,source_provided,True,False,3.00,,not_executed_due_to_import_failure
t160-quality-20261006T131153Z-f8d86b26-10-IMP-MIXED-r1,IMP-MIXED,1,assisted_corrected,85533f46-eb86-5893-8742-33939e77750f,,scoring_rubric,source_provided,True,False,正确关系式 1.00；说明代入过程 2.00。,,not_executed_due_to_import_failure
t160-quality-20261006T131153Z-f8d86b26-10-IMP-MIXED-r1,IMP-MIXED,1,assisted_corrected,85533f46-eb86-5893-8742-33939e77750f,,knowledge_points,source_provided,True,False,"[""一次函数"", ""表达与计算""]",,not_executed_due_to_import_failure
t160-quality-20261006T131153Z-f8d86b26-10-IMP-MIXED-r1,IMP-MIXED,1,assisted_corrected,85533f46-eb86-5893-8742-33939e77750f,,source_regions,unknown,False,,,,not_executed_due_to_import_failure
t160-quality-20261006T131153Z-f8d86b26-10-IMP-MIXED-r1,IMP-MIXED,1,assisted_corrected,85533f46-eb86-5893-8742-33939e77750f,,assets,source_provided,True,False,"[{""asset_type"": ""table"", ""source_page_number"": 1, ""order_index"": 1}]",,not_executed_due_to_import_failure
t160-quality-20261006T131153Z-f8d86b26-10-IMP-MIXED-r1,IMP-MIXED,1,assisted_corrected,0fa8d57e-58c2-5aa4-b8cd-e52e96380a38,,question_number,source_provided,True,False,4,,not_executed_due_to_import_failure
t160-quality-20261006T131153Z-f8d86b26-10-IMP-MIXED-r1,IMP-MIXED,1,assisted_corrected,0fa8d57e-58c2-5aa4-b8cd-e52e96380a38,,order_index,source_provided,True,False,4,,not_executed_due_to_import_failure
t160-quality-20261006T131153Z-f8d86b26-10-IMP-MIXED-r1,IMP-MIXED,1,assisted_corrected,0fa8d57e-58c2-5aa4-b8cd-e52e96380a38,,source_page_numbers,source_provided,True,False,[2],,not_executed_due_to_import_failure
t160-quality-20261006T131153Z-f8d86b26-10-IMP-MIXED-r1,IMP-MIXED,1,assisted_corrected,0fa8d57e-58c2-5aa4-b8cd-e52e96380a38,,question_type,source_provided,True,False,SINGLE_CHOICE,,not_executed_due_to_import_failure
t160-quality-20261006T131153Z-f8d86b26-10-IMP-MIXED-r1,IMP-MIXED,1,assisted_corrected,0fa8d57e-58c2-5aa4-b8cd-e52e96380a38,,content,source_provided,True,False,y = 2x + 1，x = 3 时 y 为多少？,,not_executed_due_to_import_failure
t160-quality-20261006T131153Z-f8d86b26-10-IMP-MIXED-r1,IMP-MIXED,1,assisted_corrected,0fa8d57e-58c2-5aa4-b8cd-e52e96380a38,,options,source_provided,True,False,"{""C"": ""7"", ""A"": ""5"", ""B"": ""6"", ""D"": ""8""}",,not_executed_due_to_import_failure
t160-quality-20261006T131153Z-f8d86b26-10-IMP-MIXED-r1,IMP-MIXED,1,assisted_corrected,0fa8d57e-58c2-5aa4-b8cd-e52e96380a38,,reference_answer,source_provided,True,False,C,,not_executed_due_to_import_failure
t160-quality-20261006T131153Z-f8d86b26-10-IMP-MIXED-r1,IMP-MIXED,1,assisted_corrected,0fa8d57e-58c2-5aa4-b8cd-e52e96380a38,,analysis,source_provided,True,False,2 × 3 + 1 = 7。,,not_executed_due_to_import_failure
t160-quality-20261006T131153Z-f8d86b26-10-IMP-MIXED-r1,IMP-MIXED,1,assisted_corrected,0fa8d57e-58c2-5aa4-b8cd-e52e96380a38,,score,source_provided,True,False,2.00,,not_executed_due_to_import_failure
t160-quality-20261006T131153Z-f8d86b26-10-IMP-MIXED-r1,IMP-MIXED,1,assisted_corrected,0fa8d57e-58c2-5aa4-b8cd-e52e96380a38,,scoring_rubric,known_missing,True,False,,,not_executed_due_to_import_failure
t160-quality-20261006T131153Z-f8d86b26-10-IMP-MIXED-r1,IMP-MIXED,1,assisted_corrected,0fa8d57e-58c2-5aa4-b8cd-e52e96380a38,,knowledge_points,known_missing,True,False,[],,not_executed_due_to_import_failure
t160-quality-20261006T131153Z-f8d86b26-10-IMP-MIXED-r1,IMP-MIXED,1,assisted_corrected,0fa8d57e-58c2-5aa4-b8cd-e52e96380a38,,source_regions,unknown,False,,,,not_executed_due_to_import_failure
t160-quality-20261006T131153Z-f8d86b26-10-IMP-MIXED-r1,IMP-MIXED,1,assisted_corrected,0fa8d57e-58c2-5aa4-b8cd-e52e96380a38,,assets,source_provided,True,False,[],,not_executed_due_to_import_failure
t160-quality-20261006T131153Z-f8d86b26-10-IMP-MIXED-r1,IMP-MIXED,1,assisted_corrected,455720b9-9061-5bce-83af-d6d53c6c84e1,,question_number,source_provided,True,False,5,,not_executed_due_to_import_failure
t160-quality-20261006T131153Z-f8d86b26-10-IMP-MIXED-r1,IMP-MIXED,1,assisted_corrected,455720b9-9061-5bce-83af-d6d53c6c84e1,,order_index,source_provided,True,False,5,,not_executed_due_to_import_failure
t160-quality-20261006T131153Z-f8d86b26-10-IMP-MIXED-r1,IMP-MIXED,1,assisted_corrected,455720b9-9061-5bce-83af-d6d53c6c84e1,,source_page_numbers,source_provided,True,False,[2],,not_executed_due_to_import_failure
t160-quality-20261006T131153Z-f8d86b26-10-IMP-MIXED-r1,IMP-MIXED,1,assisted_corrected,455720b9-9061-5bce-83af-d6d53c6c84e1,,question_type,source_provided,True,False,TRUE_FALSE,,not_executed_due_to_import_failure
t160-quality-20261006T131153Z-f8d86b26-10-IMP-MIXED-r1,IMP-MIXED,1,assisted_corrected,455720b9-9061-5bce-83af-d6d53c6c84e1,,content,source_provided,True,False,右图三角形面积为 24 cm²。,,not_executed_due_to_import_failure
t160-quality-20261006T131153Z-f8d86b26-10-IMP-MIXED-r1,IMP-MIXED,1,assisted_corrected,455720b9-9061-5bce-83af-d6d53c6c84e1,,options,source_provided,True,False,"[""正确"", ""错误""]",,not_executed_due_to_import_failure
t160-quality-20261006T131153Z-f8d86b26-10-IMP-MIXED-r1,IMP-MIXED,1,assisted_corrected,455720b9-9061-5bce-83af-d6d53c6c84e1,,reference_answer,known_missing,True,False,,,not_executed_due_to_import_failure
t160-quality-20261006T131153Z-f8d86b26-10-IMP-MIXED-r1,IMP-MIXED,1,assisted_corrected,455720b9-9061-5bce-83af-d6d53c6c84e1,,analysis,known_missing,True,False,,,not_executed_due_to_import_failure
t160-quality-20261006T131153Z-f8d86b26-10-IMP-MIXED-r1,IMP-MIXED,1,assisted_corrected,455720b9-9061-5bce-83af-d6d53c6c84e1,,score,source_provided,True,False,2.00,,not_executed_due_to_import_failure
t160-quality-20261006T131153Z-f8d86b26-10-IMP-MIXED-r1,IMP-MIXED,1,assisted_corrected,455720b9-9061-5bce-83af-d6d53c6c84e1,,scoring_rubric,known_missing,True,False,,,not_executed_due_to_import_failure
t160-quality-20261006T131153Z-f8d86b26-10-IMP-MIXED-r1,IMP-MIXED,1,assisted_corrected,455720b9-9061-5bce-83af-d6d53c6c84e1,,knowledge_points,known_missing,True,False,[],,not_executed_due_to_import_failure
t160-quality-20261006T131153Z-f8d86b26-10-IMP-MIXED-r1,IMP-MIXED,1,assisted_corrected,455720b9-9061-5bce-83af-d6d53c6c84e1,,source_regions,unknown,False,,,,not_executed_due_to_import_failure
t160-quality-20261006T131153Z-f8d86b26-10-IMP-MIXED-r1,IMP-MIXED,1,assisted_corrected,455720b9-9061-5bce-83af-d6d53c6c84e1,,assets,source_provided,True,False,"[{""asset_type"": ""figure"", ""source_page_number"": 2, ""order_index"": 1}]",,not_executed_due_to_import_failure
t160-quality-20261006T131153Z-f8d86b26-10-IMP-MIXED-r1,IMP-MIXED,1,assisted_corrected,bf862f8d-df39-5559-bab5-d942fccb2432,,question_number,source_provided,True,False,6,,not_executed_due_to_import_failure
t160-quality-20261006T131153Z-f8d86b26-10-IMP-MIXED-r1,IMP-MIXED,1,assisted_corrected,bf862f8d-df39-5559-bab5-d942fccb2432,,order_index,source_provided,True,False,6,,not_executed_due_to_import_failure
t160-quality-20261006T131153Z-f8d86b26-10-IMP-MIXED-r1,IMP-MIXED,1,assisted_corrected,bf862f8d-df39-5559-bab5-d942fccb2432,,source_page_numbers,source_provided,True,False,[2],,not_executed_due_to_import_failure
t160-quality-20261006T131153Z-f8d86b26-10-IMP-MIXED-r1,IMP-MIXED,1,assisted_corrected,bf862f8d-df39-5559-bab5-d942fccb2432,,question_type,source_provided,True,False,SHORT_ANSWER,,not_executed_due_to_import_failure
t160-quality-20261006T131153Z-f8d86b26-10-IMP-MIXED-r1,IMP-MIXED,1,assisted_corrected,bf862f8d-df39-5559-bab5-d942fccb2432,,content,source_provided,True,False,根据下表写出 y 关于 x 的关系式。,,not_executed_due_to_import_failure
t160-quality-20261006T131153Z-f8d86b26-10-IMP-MIXED-r1,IMP-MIXED,1,assisted_corrected,bf862f8d-df39-5559-bab5-d942fccb2432,,options,not_applicable,True,False,,,not_executed_due_to_import_failure
t160-quality-20261006T131153Z-f8d86b26-10-IMP-MIXED-r1,IMP-MIXED,1,assisted_corrected,bf862f8d-df39-5559-bab5-d942fccb2432,,reference_answer,known_missing,True,False,,,not_executed_due_to_import_failure
t160-quality-20261006T131153Z-f8d86b26-10-IMP-MIXED-r1,IMP-MIXED,1,assisted_corrected,bf862f8d-df39-5559-bab5-d942fccb2432,,analysis,known_missing,True,False,,,not_executed_due_to_import_failure
t160-quality-20261006T131153Z-f8d86b26-10-IMP-MIXED-r1,IMP-MIXED,1,assisted_corrected,bf862f8d-df39-5559-bab5-d942fccb2432,,score,source_provided,True,False,3.00,,not_executed_due_to_import_failure
t160-quality-20261006T131153Z-f8d86b26-10-IMP-MIXED-r1,IMP-MIXED,1,assisted_corrected,bf862f8d-df39-5559-bab5-d942fccb2432,,scoring_rubric,source_provided,True,False,正确关系式 1.00；说明代入过程 2.00。,,not_executed_due_to_import_failure
t160-quality-20261006T131153Z-f8d86b26-10-IMP-MIXED-r1,IMP-MIXED,1,assisted_corrected,bf862f8d-df39-5559-bab5-d942fccb2432,,knowledge_points,source_provided,True,False,"[""一次函数"", ""表达与计算""]",,not_executed_due_to_import_failure
t160-quality-20261006T131153Z-f8d86b26-10-IMP-MIXED-r1,IMP-MIXED,1,assisted_corrected,bf862f8d-df39-5559-bab5-d942fccb2432,,source_regions,unknown,False,,,,not_executed_due_to_import_failure
t160-quality-20261006T131153Z-f8d86b26-10-IMP-MIXED-r1,IMP-MIXED,1,assisted_corrected,bf862f8d-df39-5559-bab5-d942fccb2432,,assets,source_provided,True,False,"[{""asset_type"": ""table"", ""source_page_number"": 2, ""order_index"": 1}]",,not_executed_due_to_import_failure
t160-quality-20261006T131153Z-f8d86b26-11-IMP-MIXED-r2,IMP-MIXED,2,automatic,1faa8619-84cc-5d65-86ae-244c7f68645e,,question_number,source_provided,True,False,1,,missing_identity
t160-quality-20261006T131153Z-f8d86b26-11-IMP-MIXED-r2,IMP-MIXED,2,automatic,1faa8619-84cc-5d65-86ae-244c7f68645e,,order_index,source_provided,True,False,1,,missing_identity
t160-quality-20261006T131153Z-f8d86b26-11-IMP-MIXED-r2,IMP-MIXED,2,automatic,1faa8619-84cc-5d65-86ae-244c7f68645e,,source_page_numbers,source_provided,True,False,[1],,missing_identity
t160-quality-20261006T131153Z-f8d86b26-11-IMP-MIXED-r2,IMP-MIXED,2,automatic,1faa8619-84cc-5d65-86ae-244c7f68645e,,question_type,source_provided,True,False,SINGLE_CHOICE,,missing_identity
t160-quality-20261006T131153Z-f8d86b26-11-IMP-MIXED-r2,IMP-MIXED,2,automatic,1faa8619-84cc-5d65-86ae-244c7f68645e,,content,source_provided,True,False,y = 2x + 1，x = 3 时 y 为多少？,,missing_identity
t160-quality-20261006T131153Z-f8d86b26-11-IMP-MIXED-r2,IMP-MIXED,2,automatic,1faa8619-84cc-5d65-86ae-244c7f68645e,,options,source_provided,True,False,"{""C"": ""7"", ""A"": ""5"", ""B"": ""6"", ""D"": ""8""}",,missing_identity
t160-quality-20261006T131153Z-f8d86b26-11-IMP-MIXED-r2,IMP-MIXED,2,automatic,1faa8619-84cc-5d65-86ae-244c7f68645e,,reference_answer,source_provided,True,False,C,,missing_identity
t160-quality-20261006T131153Z-f8d86b26-11-IMP-MIXED-r2,IMP-MIXED,2,automatic,1faa8619-84cc-5d65-86ae-244c7f68645e,,analysis,source_provided,True,False,2 × 3 + 1 = 7。,,missing_identity
t160-quality-20261006T131153Z-f8d86b26-11-IMP-MIXED-r2,IMP-MIXED,2,automatic,1faa8619-84cc-5d65-86ae-244c7f68645e,,score,source_provided,True,False,2.00,,missing_identity
t160-quality-20261006T131153Z-f8d86b26-11-IMP-MIXED-r2,IMP-MIXED,2,automatic,1faa8619-84cc-5d65-86ae-244c7f68645e,,scoring_rubric,known_missing,True,False,,,missing_identity
t160-quality-20261006T131153Z-f8d86b26-11-IMP-MIXED-r2,IMP-MIXED,2,automatic,1faa8619-84cc-5d65-86ae-244c7f68645e,,knowledge_points,known_missing,True,False,[],,missing_identity
t160-quality-20261006T131153Z-f8d86b26-11-IMP-MIXED-r2,IMP-MIXED,2,automatic,1faa8619-84cc-5d65-86ae-244c7f68645e,,source_regions,unknown,False,,,,reference_unknown
t160-quality-20261006T131153Z-f8d86b26-11-IMP-MIXED-r2,IMP-MIXED,2,automatic,1faa8619-84cc-5d65-86ae-244c7f68645e,,assets,source_provided,True,False,[],,missing_identity
t160-quality-20261006T131153Z-f8d86b26-11-IMP-MIXED-r2,IMP-MIXED,2,automatic,545de13f-3fe9-524b-a917-7ab04807806f,,question_number,source_provided,True,False,2,,missing_identity
t160-quality-20261006T131153Z-f8d86b26-11-IMP-MIXED-r2,IMP-MIXED,2,automatic,545de13f-3fe9-524b-a917-7ab04807806f,,order_index,source_provided,True,False,2,,missing_identity
t160-quality-20261006T131153Z-f8d86b26-11-IMP-MIXED-r2,IMP-MIXED,2,automatic,545de13f-3fe9-524b-a917-7ab04807806f,,source_page_numbers,source_provided,True,False,[1],,missing_identity
t160-quality-20261006T131153Z-f8d86b26-11-IMP-MIXED-r2,IMP-MIXED,2,automatic,545de13f-3fe9-524b-a917-7ab04807806f,,question_type,source_provided,True,False,TRUE_FALSE,,missing_identity
t160-quality-20261006T131153Z-f8d86b26-11-IMP-MIXED-r2,IMP-MIXED,2,automatic,545de13f-3fe9-524b-a917-7ab04807806f,,content,source_provided,True,False,右图三角形面积为 24 cm²。,,missing_identity
t160-quality-20261006T131153Z-f8d86b26-11-IMP-MIXED-r2,IMP-MIXED,2,automatic,545de13f-3fe9-524b-a917-7ab04807806f,,options,source_provided,True,False,"[""正确"", ""错误""]",,missing_identity
t160-quality-20261006T131153Z-f8d86b26-11-IMP-MIXED-r2,IMP-MIXED,2,automatic,545de13f-3fe9-524b-a917-7ab04807806f,,reference_answer,known_missing,True,False,,,missing_identity
t160-quality-20261006T131153Z-f8d86b26-11-IMP-MIXED-r2,IMP-MIXED,2,automatic,545de13f-3fe9-524b-a917-7ab04807806f,,analysis,known_missing,True,False,,,missing_identity
t160-quality-20261006T131153Z-f8d86b26-11-IMP-MIXED-r2,IMP-MIXED,2,automatic,545de13f-3fe9-524b-a917-7ab04807806f,,score,source_provided,True,False,2.00,,missing_identity
t160-quality-20261006T131153Z-f8d86b26-11-IMP-MIXED-r2,IMP-MIXED,2,automatic,545de13f-3fe9-524b-a917-7ab04807806f,,scoring_rubric,known_missing,True,False,,,missing_identity
t160-quality-20261006T131153Z-f8d86b26-11-IMP-MIXED-r2,IMP-MIXED,2,automatic,545de13f-3fe9-524b-a917-7ab04807806f,,knowledge_points,known_missing,True,False,[],,missing_identity
t160-quality-20261006T131153Z-f8d86b26-11-IMP-MIXED-r2,IMP-MIXED,2,automatic,545de13f-3fe9-524b-a917-7ab04807806f,,source_regions,unknown,False,,,,reference_unknown
t160-quality-20261006T131153Z-f8d86b26-11-IMP-MIXED-r2,IMP-MIXED,2,automatic,545de13f-3fe9-524b-a917-7ab04807806f,,assets,source_provided,True,False,"[{""asset_type"": ""figure"", ""source_page_number"": 1, ""order_index"": 1}]",,missing_identity
t160-quality-20261006T131153Z-f8d86b26-11-IMP-MIXED-r2,IMP-MIXED,2,automatic,85533f46-eb86-5893-8742-33939e77750f,,question_number,source_provided,True,False,3,,missing_identity
t160-quality-20261006T131153Z-f8d86b26-11-IMP-MIXED-r2,IMP-MIXED,2,automatic,85533f46-eb86-5893-8742-33939e77750f,,order_index,source_provided,True,False,3,,missing_identity
t160-quality-20261006T131153Z-f8d86b26-11-IMP-MIXED-r2,IMP-MIXED,2,automatic,85533f46-eb86-5893-8742-33939e77750f,,source_page_numbers,source_provided,True,False,[1],,missing_identity
t160-quality-20261006T131153Z-f8d86b26-11-IMP-MIXED-r2,IMP-MIXED,2,automatic,85533f46-eb86-5893-8742-33939e77750f,,question_type,source_provided,True,False,SHORT_ANSWER,,missing_identity
t160-quality-20261006T131153Z-f8d86b26-11-IMP-MIXED-r2,IMP-MIXED,2,automatic,85533f46-eb86-5893-8742-33939e77750f,,content,source_provided,True,False,根据下表写出 y 关于 x 的关系式。,,missing_identity
t160-quality-20261006T131153Z-f8d86b26-11-IMP-MIXED-r2,IMP-MIXED,2,automatic,85533f46-eb86-5893-8742-33939e77750f,,options,not_applicable,True,False,,,missing_identity
t160-quality-20261006T131153Z-f8d86b26-11-IMP-MIXED-r2,IMP-MIXED,2,automatic,85533f46-eb86-5893-8742-33939e77750f,,reference_answer,known_missing,True,False,,,missing_identity
t160-quality-20261006T131153Z-f8d86b26-11-IMP-MIXED-r2,IMP-MIXED,2,automatic,85533f46-eb86-5893-8742-33939e77750f,,analysis,known_missing,True,False,,,missing_identity
t160-quality-20261006T131153Z-f8d86b26-11-IMP-MIXED-r2,IMP-MIXED,2,automatic,85533f46-eb86-5893-8742-33939e77750f,,score,source_provided,True,False,3.00,,missing_identity
t160-quality-20261006T131153Z-f8d86b26-11-IMP-MIXED-r2,IMP-MIXED,2,automatic,85533f46-eb86-5893-8742-33939e77750f,,scoring_rubric,source_provided,True,False,正确关系式 1.00；说明代入过程 2.00。,,missing_identity
t160-quality-20261006T131153Z-f8d86b26-11-IMP-MIXED-r2,IMP-MIXED,2,automatic,85533f46-eb86-5893-8742-33939e77750f,,knowledge_points,source_provided,True,False,"[""一次函数"", ""表达与计算""]",,missing_identity
t160-quality-20261006T131153Z-f8d86b26-11-IMP-MIXED-r2,IMP-MIXED,2,automatic,85533f46-eb86-5893-8742-33939e77750f,,source_regions,unknown,False,,,,reference_unknown
t160-quality-20261006T131153Z-f8d86b26-11-IMP-MIXED-r2,IMP-MIXED,2,automatic,85533f46-eb86-5893-8742-33939e77750f,,assets,source_provided,True,False,"[{""asset_type"": ""table"", ""source_page_number"": 1, ""order_index"": 1}]",,missing_identity
t160-quality-20261006T131153Z-f8d86b26-11-IMP-MIXED-r2,IMP-MIXED,2,automatic,0fa8d57e-58c2-5aa4-b8cd-e52e96380a38,,question_number,source_provided,True,False,4,,missing_identity
t160-quality-20261006T131153Z-f8d86b26-11-IMP-MIXED-r2,IMP-MIXED,2,automatic,0fa8d57e-58c2-5aa4-b8cd-e52e96380a38,,order_index,source_provided,True,False,4,,missing_identity
t160-quality-20261006T131153Z-f8d86b26-11-IMP-MIXED-r2,IMP-MIXED,2,automatic,0fa8d57e-58c2-5aa4-b8cd-e52e96380a38,,source_page_numbers,source_provided,True,False,[2],,missing_identity
t160-quality-20261006T131153Z-f8d86b26-11-IMP-MIXED-r2,IMP-MIXED,2,automatic,0fa8d57e-58c2-5aa4-b8cd-e52e96380a38,,question_type,source_provided,True,False,SINGLE_CHOICE,,missing_identity
t160-quality-20261006T131153Z-f8d86b26-11-IMP-MIXED-r2,IMP-MIXED,2,automatic,0fa8d57e-58c2-5aa4-b8cd-e52e96380a38,,content,source_provided,True,False,y = 2x + 1，x = 3 时 y 为多少？,,missing_identity
t160-quality-20261006T131153Z-f8d86b26-11-IMP-MIXED-r2,IMP-MIXED,2,automatic,0fa8d57e-58c2-5aa4-b8cd-e52e96380a38,,options,source_provided,True,False,"{""C"": ""7"", ""A"": ""5"", ""B"": ""6"", ""D"": ""8""}",,missing_identity
t160-quality-20261006T131153Z-f8d86b26-11-IMP-MIXED-r2,IMP-MIXED,2,automatic,0fa8d57e-58c2-5aa4-b8cd-e52e96380a38,,reference_answer,source_provided,True,False,C,,missing_identity
t160-quality-20261006T131153Z-f8d86b26-11-IMP-MIXED-r2,IMP-MIXED,2,automatic,0fa8d57e-58c2-5aa4-b8cd-e52e96380a38,,analysis,source_provided,True,False,2 × 3 + 1 = 7。,,missing_identity
t160-quality-20261006T131153Z-f8d86b26-11-IMP-MIXED-r2,IMP-MIXED,2,automatic,0fa8d57e-58c2-5aa4-b8cd-e52e96380a38,,score,source_provided,True,False,2.00,,missing_identity
t160-quality-20261006T131153Z-f8d86b26-11-IMP-MIXED-r2,IMP-MIXED,2,automatic,0fa8d57e-58c2-5aa4-b8cd-e52e96380a38,,scoring_rubric,known_missing,True,False,,,missing_identity
t160-quality-20261006T131153Z-f8d86b26-11-IMP-MIXED-r2,IMP-MIXED,2,automatic,0fa8d57e-58c2-5aa4-b8cd-e52e96380a38,,knowledge_points,known_missing,True,False,[],,missing_identity
t160-quality-20261006T131153Z-f8d86b26-11-IMP-MIXED-r2,IMP-MIXED,2,automatic,0fa8d57e-58c2-5aa4-b8cd-e52e96380a38,,source_regions,unknown,False,,,,reference_unknown
t160-quality-20261006T131153Z-f8d86b26-11-IMP-MIXED-r2,IMP-MIXED,2,automatic,0fa8d57e-58c2-5aa4-b8cd-e52e96380a38,,assets,source_provided,True,False,[],,missing_identity
t160-quality-20261006T131153Z-f8d86b26-11-IMP-MIXED-r2,IMP-MIXED,2,automatic,455720b9-9061-5bce-83af-d6d53c6c84e1,,question_number,source_provided,True,False,5,,missing_identity
t160-quality-20261006T131153Z-f8d86b26-11-IMP-MIXED-r2,IMP-MIXED,2,automatic,455720b9-9061-5bce-83af-d6d53c6c84e1,,order_index,source_provided,True,False,5,,missing_identity
t160-quality-20261006T131153Z-f8d86b26-11-IMP-MIXED-r2,IMP-MIXED,2,automatic,455720b9-9061-5bce-83af-d6d53c6c84e1,,source_page_numbers,source_provided,True,False,[2],,missing_identity
t160-quality-20261006T131153Z-f8d86b26-11-IMP-MIXED-r2,IMP-MIXED,2,automatic,455720b9-9061-5bce-83af-d6d53c6c84e1,,question_type,source_provided,True,False,TRUE_FALSE,,missing_identity
t160-quality-20261006T131153Z-f8d86b26-11-IMP-MIXED-r2,IMP-MIXED,2,automatic,455720b9-9061-5bce-83af-d6d53c6c84e1,,content,source_provided,True,False,右图三角形面积为 24 cm²。,,missing_identity
t160-quality-20261006T131153Z-f8d86b26-11-IMP-MIXED-r2,IMP-MIXED,2,automatic,455720b9-9061-5bce-83af-d6d53c6c84e1,,options,source_provided,True,False,"[""正确"", ""错误""]",,missing_identity
t160-quality-20261006T131153Z-f8d86b26-11-IMP-MIXED-r2,IMP-MIXED,2,automatic,455720b9-9061-5bce-83af-d6d53c6c84e1,,reference_answer,known_missing,True,False,,,missing_identity
t160-quality-20261006T131153Z-f8d86b26-11-IMP-MIXED-r2,IMP-MIXED,2,automatic,455720b9-9061-5bce-83af-d6d53c6c84e1,,analysis,known_missing,True,False,,,missing_identity
t160-quality-20261006T131153Z-f8d86b26-11-IMP-MIXED-r2,IMP-MIXED,2,automatic,455720b9-9061-5bce-83af-d6d53c6c84e1,,score,source_provided,True,False,2.00,,missing_identity
t160-quality-20261006T131153Z-f8d86b26-11-IMP-MIXED-r2,IMP-MIXED,2,automatic,455720b9-9061-5bce-83af-d6d53c6c84e1,,scoring_rubric,known_missing,True,False,,,missing_identity
t160-quality-20261006T131153Z-f8d86b26-11-IMP-MIXED-r2,IMP-MIXED,2,automatic,455720b9-9061-5bce-83af-d6d53c6c84e1,,knowledge_points,known_missing,True,False,[],,missing_identity
t160-quality-20261006T131153Z-f8d86b26-11-IMP-MIXED-r2,IMP-MIXED,2,automatic,455720b9-9061-5bce-83af-d6d53c6c84e1,,source_regions,unknown,False,,,,reference_unknown
t160-quality-20261006T131153Z-f8d86b26-11-IMP-MIXED-r2,IMP-MIXED,2,automatic,455720b9-9061-5bce-83af-d6d53c6c84e1,,assets,source_provided,True,False,"[{""asset_type"": ""figure"", ""source_page_number"": 2, ""order_index"": 1}]",,missing_identity
t160-quality-20261006T131153Z-f8d86b26-11-IMP-MIXED-r2,IMP-MIXED,2,automatic,bf862f8d-df39-5559-bab5-d942fccb2432,,question_number,source_provided,True,False,6,,missing_identity
t160-quality-20261006T131153Z-f8d86b26-11-IMP-MIXED-r2,IMP-MIXED,2,automatic,bf862f8d-df39-5559-bab5-d942fccb2432,,order_index,source_provided,True,False,6,,missing_identity
t160-quality-20261006T131153Z-f8d86b26-11-IMP-MIXED-r2,IMP-MIXED,2,automatic,bf862f8d-df39-5559-bab5-d942fccb2432,,source_page_numbers,source_provided,True,False,[2],,missing_identity
t160-quality-20261006T131153Z-f8d86b26-11-IMP-MIXED-r2,IMP-MIXED,2,automatic,bf862f8d-df39-5559-bab5-d942fccb2432,,question_type,source_provided,True,False,SHORT_ANSWER,,missing_identity
t160-quality-20261006T131153Z-f8d86b26-11-IMP-MIXED-r2,IMP-MIXED,2,automatic,bf862f8d-df39-5559-bab5-d942fccb2432,,content,source_provided,True,False,根据下表写出 y 关于 x 的关系式。,,missing_identity
t160-quality-20261006T131153Z-f8d86b26-11-IMP-MIXED-r2,IMP-MIXED,2,automatic,bf862f8d-df39-5559-bab5-d942fccb2432,,options,not_applicable,True,False,,,missing_identity
t160-quality-20261006T131153Z-f8d86b26-11-IMP-MIXED-r2,IMP-MIXED,2,automatic,bf862f8d-df39-5559-bab5-d942fccb2432,,reference_answer,known_missing,True,False,,,missing_identity
t160-quality-20261006T131153Z-f8d86b26-11-IMP-MIXED-r2,IMP-MIXED,2,automatic,bf862f8d-df39-5559-bab5-d942fccb2432,,analysis,known_missing,True,False,,,missing_identity
t160-quality-20261006T131153Z-f8d86b26-11-IMP-MIXED-r2,IMP-MIXED,2,automatic,bf862f8d-df39-5559-bab5-d942fccb2432,,score,source_provided,True,False,3.00,,missing_identity
t160-quality-20261006T131153Z-f8d86b26-11-IMP-MIXED-r2,IMP-MIXED,2,automatic,bf862f8d-df39-5559-bab5-d942fccb2432,,scoring_rubric,source_provided,True,False,正确关系式 1.00；说明代入过程 2.00。,,missing_identity
t160-quality-20261006T131153Z-f8d86b26-11-IMP-MIXED-r2,IMP-MIXED,2,automatic,bf862f8d-df39-5559-bab5-d942fccb2432,,knowledge_points,source_provided,True,False,"[""一次函数"", ""表达与计算""]",,missing_identity
t160-quality-20261006T131153Z-f8d86b26-11-IMP-MIXED-r2,IMP-MIXED,2,automatic,bf862f8d-df39-5559-bab5-d942fccb2432,,source_regions,unknown,False,,,,reference_unknown
t160-quality-20261006T131153Z-f8d86b26-11-IMP-MIXED-r2,IMP-MIXED,2,automatic,bf862f8d-df39-5559-bab5-d942fccb2432,,assets,source_provided,True,False,"[{""asset_type"": ""table"", ""source_page_number"": 2, ""order_index"": 1}]",,missing_identity
t160-quality-20261006T131153Z-f8d86b26-11-IMP-MIXED-r2,IMP-MIXED,2,assisted_corrected,1faa8619-84cc-5d65-86ae-244c7f68645e,,question_number,source_provided,True,False,1,,not_executed_due_to_import_failure
t160-quality-20261006T131153Z-f8d86b26-11-IMP-MIXED-r2,IMP-MIXED,2,assisted_corrected,1faa8619-84cc-5d65-86ae-244c7f68645e,,order_index,source_provided,True,False,1,,not_executed_due_to_import_failure
t160-quality-20261006T131153Z-f8d86b26-11-IMP-MIXED-r2,IMP-MIXED,2,assisted_corrected,1faa8619-84cc-5d65-86ae-244c7f68645e,,source_page_numbers,source_provided,True,False,[1],,not_executed_due_to_import_failure
t160-quality-20261006T131153Z-f8d86b26-11-IMP-MIXED-r2,IMP-MIXED,2,assisted_corrected,1faa8619-84cc-5d65-86ae-244c7f68645e,,question_type,source_provided,True,False,SINGLE_CHOICE,,not_executed_due_to_import_failure
t160-quality-20261006T131153Z-f8d86b26-11-IMP-MIXED-r2,IMP-MIXED,2,assisted_corrected,1faa8619-84cc-5d65-86ae-244c7f68645e,,content,source_provided,True,False,y = 2x + 1，x = 3 时 y 为多少？,,not_executed_due_to_import_failure
t160-quality-20261006T131153Z-f8d86b26-11-IMP-MIXED-r2,IMP-MIXED,2,assisted_corrected,1faa8619-84cc-5d65-86ae-244c7f68645e,,options,source_provided,True,False,"{""C"": ""7"", ""A"": ""5"", ""B"": ""6"", ""D"": ""8""}",,not_executed_due_to_import_failure
t160-quality-20261006T131153Z-f8d86b26-11-IMP-MIXED-r2,IMP-MIXED,2,assisted_corrected,1faa8619-84cc-5d65-86ae-244c7f68645e,,reference_answer,source_provided,True,False,C,,not_executed_due_to_import_failure
t160-quality-20261006T131153Z-f8d86b26-11-IMP-MIXED-r2,IMP-MIXED,2,assisted_corrected,1faa8619-84cc-5d65-86ae-244c7f68645e,,analysis,source_provided,True,False,2 × 3 + 1 = 7。,,not_executed_due_to_import_failure
t160-quality-20261006T131153Z-f8d86b26-11-IMP-MIXED-r2,IMP-MIXED,2,assisted_corrected,1faa8619-84cc-5d65-86ae-244c7f68645e,,score,source_provided,True,False,2.00,,not_executed_due_to_import_failure
t160-quality-20261006T131153Z-f8d86b26-11-IMP-MIXED-r2,IMP-MIXED,2,assisted_corrected,1faa8619-84cc-5d65-86ae-244c7f68645e,,scoring_rubric,known_missing,True,False,,,not_executed_due_to_import_failure
t160-quality-20261006T131153Z-f8d86b26-11-IMP-MIXED-r2,IMP-MIXED,2,assisted_corrected,1faa8619-84cc-5d65-86ae-244c7f68645e,,knowledge_points,known_missing,True,False,[],,not_executed_due_to_import_failure
t160-quality-20261006T131153Z-f8d86b26-11-IMP-MIXED-r2,IMP-MIXED,2,assisted_corrected,1faa8619-84cc-5d65-86ae-244c7f68645e,,source_regions,unknown,False,,,,not_executed_due_to_import_failure
t160-quality-20261006T131153Z-f8d86b26-11-IMP-MIXED-r2,IMP-MIXED,2,assisted_corrected,1faa8619-84cc-5d65-86ae-244c7f68645e,,assets,source_provided,True,False,[],,not_executed_due_to_import_failure
t160-quality-20261006T131153Z-f8d86b26-11-IMP-MIXED-r2,IMP-MIXED,2,assisted_corrected,545de13f-3fe9-524b-a917-7ab04807806f,,question_number,source_provided,True,False,2,,not_executed_due_to_import_failure
t160-quality-20261006T131153Z-f8d86b26-11-IMP-MIXED-r2,IMP-MIXED,2,assisted_corrected,545de13f-3fe9-524b-a917-7ab04807806f,,order_index,source_provided,True,False,2,,not_executed_due_to_import_failure
t160-quality-20261006T131153Z-f8d86b26-11-IMP-MIXED-r2,IMP-MIXED,2,assisted_corrected,545de13f-3fe9-524b-a917-7ab04807806f,,source_page_numbers,source_provided,True,False,[1],,not_executed_due_to_import_failure
t160-quality-20261006T131153Z-f8d86b26-11-IMP-MIXED-r2,IMP-MIXED,2,assisted_corrected,545de13f-3fe9-524b-a917-7ab04807806f,,question_type,source_provided,True,False,TRUE_FALSE,,not_executed_due_to_import_failure
t160-quality-20261006T131153Z-f8d86b26-11-IMP-MIXED-r2,IMP-MIXED,2,assisted_corrected,545de13f-3fe9-524b-a917-7ab04807806f,,content,source_provided,True,False,右图三角形面积为 24 cm²。,,not_executed_due_to_import_failure
t160-quality-20261006T131153Z-f8d86b26-11-IMP-MIXED-r2,IMP-MIXED,2,assisted_corrected,545de13f-3fe9-524b-a917-7ab04807806f,,options,source_provided,True,False,"[""正确"", ""错误""]",,not_executed_due_to_import_failure
t160-quality-20261006T131153Z-f8d86b26-11-IMP-MIXED-r2,IMP-MIXED,2,assisted_corrected,545de13f-3fe9-524b-a917-7ab04807806f,,reference_answer,known_missing,True,False,,,not_executed_due_to_import_failure
t160-quality-20261006T131153Z-f8d86b26-11-IMP-MIXED-r2,IMP-MIXED,2,assisted_corrected,545de13f-3fe9-524b-a917-7ab04807806f,,analysis,known_missing,True,False,,,not_executed_due_to_import_failure
t160-quality-20261006T131153Z-f8d86b26-11-IMP-MIXED-r2,IMP-MIXED,2,assisted_corrected,545de13f-3fe9-524b-a917-7ab04807806f,,score,source_provided,True,False,2.00,,not_executed_due_to_import_failure
t160-quality-20261006T131153Z-f8d86b26-11-IMP-MIXED-r2,IMP-MIXED,2,assisted_corrected,545de13f-3fe9-524b-a917-7ab04807806f,,scoring_rubric,known_missing,True,False,,,not_executed_due_to_import_failure
t160-quality-20261006T131153Z-f8d86b26-11-IMP-MIXED-r2,IMP-MIXED,2,assisted_corrected,545de13f-3fe9-524b-a917-7ab04807806f,,knowledge_points,known_missing,True,False,[],,not_executed_due_to_import_failure
t160-quality-20261006T131153Z-f8d86b26-11-IMP-MIXED-r2,IMP-MIXED,2,assisted_corrected,545de13f-3fe9-524b-a917-7ab04807806f,,source_regions,unknown,False,,,,not_executed_due_to_import_failure
t160-quality-20261006T131153Z-f8d86b26-11-IMP-MIXED-r2,IMP-MIXED,2,assisted_corrected,545de13f-3fe9-524b-a917-7ab04807806f,,assets,source_provided,True,False,"[{""asset_type"": ""figure"", ""source_page_number"": 1, ""order_index"": 1}]",,not_executed_due_to_import_failure
t160-quality-20261006T131153Z-f8d86b26-11-IMP-MIXED-r2,IMP-MIXED,2,assisted_corrected,85533f46-eb86-5893-8742-33939e77750f,,question_number,source_provided,True,False,3,,not_executed_due_to_import_failure
t160-quality-20261006T131153Z-f8d86b26-11-IMP-MIXED-r2,IMP-MIXED,2,assisted_corrected,85533f46-eb86-5893-8742-33939e77750f,,order_index,source_provided,True,False,3,,not_executed_due_to_import_failure
t160-quality-20261006T131153Z-f8d86b26-11-IMP-MIXED-r2,IMP-MIXED,2,assisted_corrected,85533f46-eb86-5893-8742-33939e77750f,,source_page_numbers,source_provided,True,False,[1],,not_executed_due_to_import_failure
t160-quality-20261006T131153Z-f8d86b26-11-IMP-MIXED-r2,IMP-MIXED,2,assisted_corrected,85533f46-eb86-5893-8742-33939e77750f,,question_type,source_provided,True,False,SHORT_ANSWER,,not_executed_due_to_import_failure
t160-quality-20261006T131153Z-f8d86b26-11-IMP-MIXED-r2,IMP-MIXED,2,assisted_corrected,85533f46-eb86-5893-8742-33939e77750f,,content,source_provided,True,False,根据下表写出 y 关于 x 的关系式。,,not_executed_due_to_import_failure
t160-quality-20261006T131153Z-f8d86b26-11-IMP-MIXED-r2,IMP-MIXED,2,assisted_corrected,85533f46-eb86-5893-8742-33939e77750f,,options,not_applicable,True,False,,,not_executed_due_to_import_failure
t160-quality-20261006T131153Z-f8d86b26-11-IMP-MIXED-r2,IMP-MIXED,2,assisted_corrected,85533f46-eb86-5893-8742-33939e77750f,,reference_answer,known_missing,True,False,,,not_executed_due_to_import_failure
t160-quality-20261006T131153Z-f8d86b26-11-IMP-MIXED-r2,IMP-MIXED,2,assisted_corrected,85533f46-eb86-5893-8742-33939e77750f,,analysis,known_missing,True,False,,,not_executed_due_to_import_failure
t160-quality-20261006T131153Z-f8d86b26-11-IMP-MIXED-r2,IMP-MIXED,2,assisted_corrected,85533f46-eb86-5893-8742-33939e77750f,,score,source_provided,True,False,3.00,,not_executed_due_to_import_failure
t160-quality-20261006T131153Z-f8d86b26-11-IMP-MIXED-r2,IMP-MIXED,2,assisted_corrected,85533f46-eb86-5893-8742-33939e77750f,,scoring_rubric,source_provided,True,False,正确关系式 1.00；说明代入过程 2.00。,,not_executed_due_to_import_failure
t160-quality-20261006T131153Z-f8d86b26-11-IMP-MIXED-r2,IMP-MIXED,2,assisted_corrected,85533f46-eb86-5893-8742-33939e77750f,,knowledge_points,source_provided,True,False,"[""一次函数"", ""表达与计算""]",,not_executed_due_to_import_failure
t160-quality-20261006T131153Z-f8d86b26-11-IMP-MIXED-r2,IMP-MIXED,2,assisted_corrected,85533f46-eb86-5893-8742-33939e77750f,,source_regions,unknown,False,,,,not_executed_due_to_import_failure
t160-quality-20261006T131153Z-f8d86b26-11-IMP-MIXED-r2,IMP-MIXED,2,assisted_corrected,85533f46-eb86-5893-8742-33939e77750f,,assets,source_provided,True,False,"[{""asset_type"": ""table"", ""source_page_number"": 1, ""order_index"": 1}]",,not_executed_due_to_import_failure
t160-quality-20261006T131153Z-f8d86b26-11-IMP-MIXED-r2,IMP-MIXED,2,assisted_corrected,0fa8d57e-58c2-5aa4-b8cd-e52e96380a38,,question_number,source_provided,True,False,4,,not_executed_due_to_import_failure
t160-quality-20261006T131153Z-f8d86b26-11-IMP-MIXED-r2,IMP-MIXED,2,assisted_corrected,0fa8d57e-58c2-5aa4-b8cd-e52e96380a38,,order_index,source_provided,True,False,4,,not_executed_due_to_import_failure
t160-quality-20261006T131153Z-f8d86b26-11-IMP-MIXED-r2,IMP-MIXED,2,assisted_corrected,0fa8d57e-58c2-5aa4-b8cd-e52e96380a38,,source_page_numbers,source_provided,True,False,[2],,not_executed_due_to_import_failure
t160-quality-20261006T131153Z-f8d86b26-11-IMP-MIXED-r2,IMP-MIXED,2,assisted_corrected,0fa8d57e-58c2-5aa4-b8cd-e52e96380a38,,question_type,source_provided,True,False,SINGLE_CHOICE,,not_executed_due_to_import_failure
t160-quality-20261006T131153Z-f8d86b26-11-IMP-MIXED-r2,IMP-MIXED,2,assisted_corrected,0fa8d57e-58c2-5aa4-b8cd-e52e96380a38,,content,source_provided,True,False,y = 2x + 1，x = 3 时 y 为多少？,,not_executed_due_to_import_failure
t160-quality-20261006T131153Z-f8d86b26-11-IMP-MIXED-r2,IMP-MIXED,2,assisted_corrected,0fa8d57e-58c2-5aa4-b8cd-e52e96380a38,,options,source_provided,True,False,"{""C"": ""7"", ""A"": ""5"", ""B"": ""6"", ""D"": ""8""}",,not_executed_due_to_import_failure
t160-quality-20261006T131153Z-f8d86b26-11-IMP-MIXED-r2,IMP-MIXED,2,assisted_corrected,0fa8d57e-58c2-5aa4-b8cd-e52e96380a38,,reference_answer,source_provided,True,False,C,,not_executed_due_to_import_failure
t160-quality-20261006T131153Z-f8d86b26-11-IMP-MIXED-r2,IMP-MIXED,2,assisted_corrected,0fa8d57e-58c2-5aa4-b8cd-e52e96380a38,,analysis,source_provided,True,False,2 × 3 + 1 = 7。,,not_executed_due_to_import_failure
t160-quality-20261006T131153Z-f8d86b26-11-IMP-MIXED-r2,IMP-MIXED,2,assisted_corrected,0fa8d57e-58c2-5aa4-b8cd-e52e96380a38,,score,source_provided,True,False,2.00,,not_executed_due_to_import_failure
t160-quality-20261006T131153Z-f8d86b26-11-IMP-MIXED-r2,IMP-MIXED,2,assisted_corrected,0fa8d57e-58c2-5aa4-b8cd-e52e96380a38,,scoring_rubric,known_missing,True,False,,,not_executed_due_to_import_failure
t160-quality-20261006T131153Z-f8d86b26-11-IMP-MIXED-r2,IMP-MIXED,2,assisted_corrected,0fa8d57e-58c2-5aa4-b8cd-e52e96380a38,,knowledge_points,known_missing,True,False,[],,not_executed_due_to_import_failure
t160-quality-20261006T131153Z-f8d86b26-11-IMP-MIXED-r2,IMP-MIXED,2,assisted_corrected,0fa8d57e-58c2-5aa4-b8cd-e52e96380a38,,source_regions,unknown,False,,,,not_executed_due_to_import_failure
t160-quality-20261006T131153Z-f8d86b26-11-IMP-MIXED-r2,IMP-MIXED,2,assisted_corrected,0fa8d57e-58c2-5aa4-b8cd-e52e96380a38,,assets,source_provided,True,False,[],,not_executed_due_to_import_failure
t160-quality-20261006T131153Z-f8d86b26-11-IMP-MIXED-r2,IMP-MIXED,2,assisted_corrected,455720b9-9061-5bce-83af-d6d53c6c84e1,,question_number,source_provided,True,False,5,,not_executed_due_to_import_failure
t160-quality-20261006T131153Z-f8d86b26-11-IMP-MIXED-r2,IMP-MIXED,2,assisted_corrected,455720b9-9061-5bce-83af-d6d53c6c84e1,,order_index,source_provided,True,False,5,,not_executed_due_to_import_failure
t160-quality-20261006T131153Z-f8d86b26-11-IMP-MIXED-r2,IMP-MIXED,2,assisted_corrected,455720b9-9061-5bce-83af-d6d53c6c84e1,,source_page_numbers,source_provided,True,False,[2],,not_executed_due_to_import_failure
t160-quality-20261006T131153Z-f8d86b26-11-IMP-MIXED-r2,IMP-MIXED,2,assisted_corrected,455720b9-9061-5bce-83af-d6d53c6c84e1,,question_type,source_provided,True,False,TRUE_FALSE,,not_executed_due_to_import_failure
t160-quality-20261006T131153Z-f8d86b26-11-IMP-MIXED-r2,IMP-MIXED,2,assisted_corrected,455720b9-9061-5bce-83af-d6d53c6c84e1,,content,source_provided,True,False,右图三角形面积为 24 cm²。,,not_executed_due_to_import_failure
t160-quality-20261006T131153Z-f8d86b26-11-IMP-MIXED-r2,IMP-MIXED,2,assisted_corrected,455720b9-9061-5bce-83af-d6d53c6c84e1,,options,source_provided,True,False,"[""正确"", ""错误""]",,not_executed_due_to_import_failure
t160-quality-20261006T131153Z-f8d86b26-11-IMP-MIXED-r2,IMP-MIXED,2,assisted_corrected,455720b9-9061-5bce-83af-d6d53c6c84e1,,reference_answer,known_missing,True,False,,,not_executed_due_to_import_failure
t160-quality-20261006T131153Z-f8d86b26-11-IMP-MIXED-r2,IMP-MIXED,2,assisted_corrected,455720b9-9061-5bce-83af-d6d53c6c84e1,,analysis,known_missing,True,False,,,not_executed_due_to_import_failure
t160-quality-20261006T131153Z-f8d86b26-11-IMP-MIXED-r2,IMP-MIXED,2,assisted_corrected,455720b9-9061-5bce-83af-d6d53c6c84e1,,score,source_provided,True,False,2.00,,not_executed_due_to_import_failure
t160-quality-20261006T131153Z-f8d86b26-11-IMP-MIXED-r2,IMP-MIXED,2,assisted_corrected,455720b9-9061-5bce-83af-d6d53c6c84e1,,scoring_rubric,known_missing,True,False,,,not_executed_due_to_import_failure
t160-quality-20261006T131153Z-f8d86b26-11-IMP-MIXED-r2,IMP-MIXED,2,assisted_corrected,455720b9-9061-5bce-83af-d6d53c6c84e1,,knowledge_points,known_missing,True,False,[],,not_executed_due_to_import_failure
t160-quality-20261006T131153Z-f8d86b26-11-IMP-MIXED-r2,IMP-MIXED,2,assisted_corrected,455720b9-9061-5bce-83af-d6d53c6c84e1,,source_regions,unknown,False,,,,not_executed_due_to_import_failure
t160-quality-20261006T131153Z-f8d86b26-11-IMP-MIXED-r2,IMP-MIXED,2,assisted_corrected,455720b9-9061-5bce-83af-d6d53c6c84e1,,assets,source_provided,True,False,"[{""asset_type"": ""figure"", ""source_page_number"": 2, ""order_index"": 1}]",,not_executed_due_to_import_failure
t160-quality-20261006T131153Z-f8d86b26-11-IMP-MIXED-r2,IMP-MIXED,2,assisted_corrected,bf862f8d-df39-5559-bab5-d942fccb2432,,question_number,source_provided,True,False,6,,not_executed_due_to_import_failure
t160-quality-20261006T131153Z-f8d86b26-11-IMP-MIXED-r2,IMP-MIXED,2,assisted_corrected,bf862f8d-df39-5559-bab5-d942fccb2432,,order_index,source_provided,True,False,6,,not_executed_due_to_import_failure
t160-quality-20261006T131153Z-f8d86b26-11-IMP-MIXED-r2,IMP-MIXED,2,assisted_corrected,bf862f8d-df39-5559-bab5-d942fccb2432,,source_page_numbers,source_provided,True,False,[2],,not_executed_due_to_import_failure
t160-quality-20261006T131153Z-f8d86b26-11-IMP-MIXED-r2,IMP-MIXED,2,assisted_corrected,bf862f8d-df39-5559-bab5-d942fccb2432,,question_type,source_provided,True,False,SHORT_ANSWER,,not_executed_due_to_import_failure
t160-quality-20261006T131153Z-f8d86b26-11-IMP-MIXED-r2,IMP-MIXED,2,assisted_corrected,bf862f8d-df39-5559-bab5-d942fccb2432,,content,source_provided,True,False,根据下表写出 y 关于 x 的关系式。,,not_executed_due_to_import_failure
t160-quality-20261006T131153Z-f8d86b26-11-IMP-MIXED-r2,IMP-MIXED,2,assisted_corrected,bf862f8d-df39-5559-bab5-d942fccb2432,,options,not_applicable,True,False,,,not_executed_due_to_import_failure
t160-quality-20261006T131153Z-f8d86b26-11-IMP-MIXED-r2,IMP-MIXED,2,assisted_corrected,bf862f8d-df39-5559-bab5-d942fccb2432,,reference_answer,known_missing,True,False,,,not_executed_due_to_import_failure
t160-quality-20261006T131153Z-f8d86b26-11-IMP-MIXED-r2,IMP-MIXED,2,assisted_corrected,bf862f8d-df39-5559-bab5-d942fccb2432,,analysis,known_missing,True,False,,,not_executed_due_to_import_failure
t160-quality-20261006T131153Z-f8d86b26-11-IMP-MIXED-r2,IMP-MIXED,2,assisted_corrected,bf862f8d-df39-5559-bab5-d942fccb2432,,score,source_provided,True,False,3.00,,not_executed_due_to_import_failure
t160-quality-20261006T131153Z-f8d86b26-11-IMP-MIXED-r2,IMP-MIXED,2,assisted_corrected,bf862f8d-df39-5559-bab5-d942fccb2432,,scoring_rubric,source_provided,True,False,正确关系式 1.00；说明代入过程 2.00。,,not_executed_due_to_import_failure
t160-quality-20261006T131153Z-f8d86b26-11-IMP-MIXED-r2,IMP-MIXED,2,assisted_corrected,bf862f8d-df39-5559-bab5-d942fccb2432,,knowledge_points,source_provided,True,False,"[""一次函数"", ""表达与计算""]",,not_executed_due_to_import_failure
t160-quality-20261006T131153Z-f8d86b26-11-IMP-MIXED-r2,IMP-MIXED,2,assisted_corrected,bf862f8d-df39-5559-bab5-d942fccb2432,,source_regions,unknown,False,,,,not_executed_due_to_import_failure
t160-quality-20261006T131153Z-f8d86b26-11-IMP-MIXED-r2,IMP-MIXED,2,assisted_corrected,bf862f8d-df39-5559-bab5-d942fccb2432,,assets,source_provided,True,False,"[{""asset_type"": ""table"", ""source_page_number"": 2, ""order_index"": 1}]",,not_executed_due_to_import_failure
t160-quality-20261006T131153Z-f8d86b26-12-IMP-MIXED-r3,IMP-MIXED,3,automatic,1faa8619-84cc-5d65-86ae-244c7f68645e,,question_number,source_provided,True,False,1,,missing_identity
t160-quality-20261006T131153Z-f8d86b26-12-IMP-MIXED-r3,IMP-MIXED,3,automatic,1faa8619-84cc-5d65-86ae-244c7f68645e,,order_index,source_provided,True,False,1,,missing_identity
t160-quality-20261006T131153Z-f8d86b26-12-IMP-MIXED-r3,IMP-MIXED,3,automatic,1faa8619-84cc-5d65-86ae-244c7f68645e,,source_page_numbers,source_provided,True,False,[1],,missing_identity
t160-quality-20261006T131153Z-f8d86b26-12-IMP-MIXED-r3,IMP-MIXED,3,automatic,1faa8619-84cc-5d65-86ae-244c7f68645e,,question_type,source_provided,True,False,SINGLE_CHOICE,,missing_identity
t160-quality-20261006T131153Z-f8d86b26-12-IMP-MIXED-r3,IMP-MIXED,3,automatic,1faa8619-84cc-5d65-86ae-244c7f68645e,,content,source_provided,True,False,y = 2x + 1，x = 3 时 y 为多少？,,missing_identity
t160-quality-20261006T131153Z-f8d86b26-12-IMP-MIXED-r3,IMP-MIXED,3,automatic,1faa8619-84cc-5d65-86ae-244c7f68645e,,options,source_provided,True,False,"{""C"": ""7"", ""A"": ""5"", ""B"": ""6"", ""D"": ""8""}",,missing_identity
t160-quality-20261006T131153Z-f8d86b26-12-IMP-MIXED-r3,IMP-MIXED,3,automatic,1faa8619-84cc-5d65-86ae-244c7f68645e,,reference_answer,source_provided,True,False,C,,missing_identity
t160-quality-20261006T131153Z-f8d86b26-12-IMP-MIXED-r3,IMP-MIXED,3,automatic,1faa8619-84cc-5d65-86ae-244c7f68645e,,analysis,source_provided,True,False,2 × 3 + 1 = 7。,,missing_identity
t160-quality-20261006T131153Z-f8d86b26-12-IMP-MIXED-r3,IMP-MIXED,3,automatic,1faa8619-84cc-5d65-86ae-244c7f68645e,,score,source_provided,True,False,2.00,,missing_identity
t160-quality-20261006T131153Z-f8d86b26-12-IMP-MIXED-r3,IMP-MIXED,3,automatic,1faa8619-84cc-5d65-86ae-244c7f68645e,,scoring_rubric,known_missing,True,False,,,missing_identity
t160-quality-20261006T131153Z-f8d86b26-12-IMP-MIXED-r3,IMP-MIXED,3,automatic,1faa8619-84cc-5d65-86ae-244c7f68645e,,knowledge_points,known_missing,True,False,[],,missing_identity
t160-quality-20261006T131153Z-f8d86b26-12-IMP-MIXED-r3,IMP-MIXED,3,automatic,1faa8619-84cc-5d65-86ae-244c7f68645e,,source_regions,unknown,False,,,,reference_unknown
t160-quality-20261006T131153Z-f8d86b26-12-IMP-MIXED-r3,IMP-MIXED,3,automatic,1faa8619-84cc-5d65-86ae-244c7f68645e,,assets,source_provided,True,False,[],,missing_identity
t160-quality-20261006T131153Z-f8d86b26-12-IMP-MIXED-r3,IMP-MIXED,3,automatic,545de13f-3fe9-524b-a917-7ab04807806f,,question_number,source_provided,True,False,2,,missing_identity
t160-quality-20261006T131153Z-f8d86b26-12-IMP-MIXED-r3,IMP-MIXED,3,automatic,545de13f-3fe9-524b-a917-7ab04807806f,,order_index,source_provided,True,False,2,,missing_identity
t160-quality-20261006T131153Z-f8d86b26-12-IMP-MIXED-r3,IMP-MIXED,3,automatic,545de13f-3fe9-524b-a917-7ab04807806f,,source_page_numbers,source_provided,True,False,[1],,missing_identity
t160-quality-20261006T131153Z-f8d86b26-12-IMP-MIXED-r3,IMP-MIXED,3,automatic,545de13f-3fe9-524b-a917-7ab04807806f,,question_type,source_provided,True,False,TRUE_FALSE,,missing_identity
t160-quality-20261006T131153Z-f8d86b26-12-IMP-MIXED-r3,IMP-MIXED,3,automatic,545de13f-3fe9-524b-a917-7ab04807806f,,content,source_provided,True,False,右图三角形面积为 24 cm²。,,missing_identity
t160-quality-20261006T131153Z-f8d86b26-12-IMP-MIXED-r3,IMP-MIXED,3,automatic,545de13f-3fe9-524b-a917-7ab04807806f,,options,source_provided,True,False,"[""正确"", ""错误""]",,missing_identity
t160-quality-20261006T131153Z-f8d86b26-12-IMP-MIXED-r3,IMP-MIXED,3,automatic,545de13f-3fe9-524b-a917-7ab04807806f,,reference_answer,known_missing,True,False,,,missing_identity
t160-quality-20261006T131153Z-f8d86b26-12-IMP-MIXED-r3,IMP-MIXED,3,automatic,545de13f-3fe9-524b-a917-7ab04807806f,,analysis,known_missing,True,False,,,missing_identity
t160-quality-20261006T131153Z-f8d86b26-12-IMP-MIXED-r3,IMP-MIXED,3,automatic,545de13f-3fe9-524b-a917-7ab04807806f,,score,source_provided,True,False,2.00,,missing_identity
t160-quality-20261006T131153Z-f8d86b26-12-IMP-MIXED-r3,IMP-MIXED,3,automatic,545de13f-3fe9-524b-a917-7ab04807806f,,scoring_rubric,known_missing,True,False,,,missing_identity
t160-quality-20261006T131153Z-f8d86b26-12-IMP-MIXED-r3,IMP-MIXED,3,automatic,545de13f-3fe9-524b-a917-7ab04807806f,,knowledge_points,known_missing,True,False,[],,missing_identity
t160-quality-20261006T131153Z-f8d86b26-12-IMP-MIXED-r3,IMP-MIXED,3,automatic,545de13f-3fe9-524b-a917-7ab04807806f,,source_regions,unknown,False,,,,reference_unknown
t160-quality-20261006T131153Z-f8d86b26-12-IMP-MIXED-r3,IMP-MIXED,3,automatic,545de13f-3fe9-524b-a917-7ab04807806f,,assets,source_provided,True,False,"[{""asset_type"": ""figure"", ""source_page_number"": 1, ""order_index"": 1}]",,missing_identity
t160-quality-20261006T131153Z-f8d86b26-12-IMP-MIXED-r3,IMP-MIXED,3,automatic,85533f46-eb86-5893-8742-33939e77750f,,question_number,source_provided,True,False,3,,missing_identity
t160-quality-20261006T131153Z-f8d86b26-12-IMP-MIXED-r3,IMP-MIXED,3,automatic,85533f46-eb86-5893-8742-33939e77750f,,order_index,source_provided,True,False,3,,missing_identity
t160-quality-20261006T131153Z-f8d86b26-12-IMP-MIXED-r3,IMP-MIXED,3,automatic,85533f46-eb86-5893-8742-33939e77750f,,source_page_numbers,source_provided,True,False,[1],,missing_identity
t160-quality-20261006T131153Z-f8d86b26-12-IMP-MIXED-r3,IMP-MIXED,3,automatic,85533f46-eb86-5893-8742-33939e77750f,,question_type,source_provided,True,False,SHORT_ANSWER,,missing_identity
t160-quality-20261006T131153Z-f8d86b26-12-IMP-MIXED-r3,IMP-MIXED,3,automatic,85533f46-eb86-5893-8742-33939e77750f,,content,source_provided,True,False,根据下表写出 y 关于 x 的关系式。,,missing_identity
t160-quality-20261006T131153Z-f8d86b26-12-IMP-MIXED-r3,IMP-MIXED,3,automatic,85533f46-eb86-5893-8742-33939e77750f,,options,not_applicable,True,False,,,missing_identity
t160-quality-20261006T131153Z-f8d86b26-12-IMP-MIXED-r3,IMP-MIXED,3,automatic,85533f46-eb86-5893-8742-33939e77750f,,reference_answer,known_missing,True,False,,,missing_identity
t160-quality-20261006T131153Z-f8d86b26-12-IMP-MIXED-r3,IMP-MIXED,3,automatic,85533f46-eb86-5893-8742-33939e77750f,,analysis,known_missing,True,False,,,missing_identity
t160-quality-20261006T131153Z-f8d86b26-12-IMP-MIXED-r3,IMP-MIXED,3,automatic,85533f46-eb86-5893-8742-33939e77750f,,score,source_provided,True,False,3.00,,missing_identity
t160-quality-20261006T131153Z-f8d86b26-12-IMP-MIXED-r3,IMP-MIXED,3,automatic,85533f46-eb86-5893-8742-33939e77750f,,scoring_rubric,source_provided,True,False,正确关系式 1.00；说明代入过程 2.00。,,missing_identity
t160-quality-20261006T131153Z-f8d86b26-12-IMP-MIXED-r3,IMP-MIXED,3,automatic,85533f46-eb86-5893-8742-33939e77750f,,knowledge_points,source_provided,True,False,"[""一次函数"", ""表达与计算""]",,missing_identity
t160-quality-20261006T131153Z-f8d86b26-12-IMP-MIXED-r3,IMP-MIXED,3,automatic,85533f46-eb86-5893-8742-33939e77750f,,source_regions,unknown,False,,,,reference_unknown
t160-quality-20261006T131153Z-f8d86b26-12-IMP-MIXED-r3,IMP-MIXED,3,automatic,85533f46-eb86-5893-8742-33939e77750f,,assets,source_provided,True,False,"[{""asset_type"": ""table"", ""source_page_number"": 1, ""order_index"": 1}]",,missing_identity
t160-quality-20261006T131153Z-f8d86b26-12-IMP-MIXED-r3,IMP-MIXED,3,automatic,0fa8d57e-58c2-5aa4-b8cd-e52e96380a38,,question_number,source_provided,True,False,4,,missing_identity
t160-quality-20261006T131153Z-f8d86b26-12-IMP-MIXED-r3,IMP-MIXED,3,automatic,0fa8d57e-58c2-5aa4-b8cd-e52e96380a38,,order_index,source_provided,True,False,4,,missing_identity
t160-quality-20261006T131153Z-f8d86b26-12-IMP-MIXED-r3,IMP-MIXED,3,automatic,0fa8d57e-58c2-5aa4-b8cd-e52e96380a38,,source_page_numbers,source_provided,True,False,[2],,missing_identity
t160-quality-20261006T131153Z-f8d86b26-12-IMP-MIXED-r3,IMP-MIXED,3,automatic,0fa8d57e-58c2-5aa4-b8cd-e52e96380a38,,question_type,source_provided,True,False,SINGLE_CHOICE,,missing_identity
t160-quality-20261006T131153Z-f8d86b26-12-IMP-MIXED-r3,IMP-MIXED,3,automatic,0fa8d57e-58c2-5aa4-b8cd-e52e96380a38,,content,source_provided,True,False,y = 2x + 1，x = 3 时 y 为多少？,,missing_identity
t160-quality-20261006T131153Z-f8d86b26-12-IMP-MIXED-r3,IMP-MIXED,3,automatic,0fa8d57e-58c2-5aa4-b8cd-e52e96380a38,,options,source_provided,True,False,"{""C"": ""7"", ""A"": ""5"", ""B"": ""6"", ""D"": ""8""}",,missing_identity
t160-quality-20261006T131153Z-f8d86b26-12-IMP-MIXED-r3,IMP-MIXED,3,automatic,0fa8d57e-58c2-5aa4-b8cd-e52e96380a38,,reference_answer,source_provided,True,False,C,,missing_identity
t160-quality-20261006T131153Z-f8d86b26-12-IMP-MIXED-r3,IMP-MIXED,3,automatic,0fa8d57e-58c2-5aa4-b8cd-e52e96380a38,,analysis,source_provided,True,False,2 × 3 + 1 = 7。,,missing_identity
t160-quality-20261006T131153Z-f8d86b26-12-IMP-MIXED-r3,IMP-MIXED,3,automatic,0fa8d57e-58c2-5aa4-b8cd-e52e96380a38,,score,source_provided,True,False,2.00,,missing_identity
t160-quality-20261006T131153Z-f8d86b26-12-IMP-MIXED-r3,IMP-MIXED,3,automatic,0fa8d57e-58c2-5aa4-b8cd-e52e96380a38,,scoring_rubric,known_missing,True,False,,,missing_identity
t160-quality-20261006T131153Z-f8d86b26-12-IMP-MIXED-r3,IMP-MIXED,3,automatic,0fa8d57e-58c2-5aa4-b8cd-e52e96380a38,,knowledge_points,known_missing,True,False,[],,missing_identity
t160-quality-20261006T131153Z-f8d86b26-12-IMP-MIXED-r3,IMP-MIXED,3,automatic,0fa8d57e-58c2-5aa4-b8cd-e52e96380a38,,source_regions,unknown,False,,,,reference_unknown
t160-quality-20261006T131153Z-f8d86b26-12-IMP-MIXED-r3,IMP-MIXED,3,automatic,0fa8d57e-58c2-5aa4-b8cd-e52e96380a38,,assets,source_provided,True,False,[],,missing_identity
t160-quality-20261006T131153Z-f8d86b26-12-IMP-MIXED-r3,IMP-MIXED,3,automatic,455720b9-9061-5bce-83af-d6d53c6c84e1,,question_number,source_provided,True,False,5,,missing_identity
t160-quality-20261006T131153Z-f8d86b26-12-IMP-MIXED-r3,IMP-MIXED,3,automatic,455720b9-9061-5bce-83af-d6d53c6c84e1,,order_index,source_provided,True,False,5,,missing_identity
t160-quality-20261006T131153Z-f8d86b26-12-IMP-MIXED-r3,IMP-MIXED,3,automatic,455720b9-9061-5bce-83af-d6d53c6c84e1,,source_page_numbers,source_provided,True,False,[2],,missing_identity
t160-quality-20261006T131153Z-f8d86b26-12-IMP-MIXED-r3,IMP-MIXED,3,automatic,455720b9-9061-5bce-83af-d6d53c6c84e1,,question_type,source_provided,True,False,TRUE_FALSE,,missing_identity
t160-quality-20261006T131153Z-f8d86b26-12-IMP-MIXED-r3,IMP-MIXED,3,automatic,455720b9-9061-5bce-83af-d6d53c6c84e1,,content,source_provided,True,False,右图三角形面积为 24 cm²。,,missing_identity
t160-quality-20261006T131153Z-f8d86b26-12-IMP-MIXED-r3,IMP-MIXED,3,automatic,455720b9-9061-5bce-83af-d6d53c6c84e1,,options,source_provided,True,False,"[""正确"", ""错误""]",,missing_identity
t160-quality-20261006T131153Z-f8d86b26-12-IMP-MIXED-r3,IMP-MIXED,3,automatic,455720b9-9061-5bce-83af-d6d53c6c84e1,,reference_answer,known_missing,True,False,,,missing_identity
t160-quality-20261006T131153Z-f8d86b26-12-IMP-MIXED-r3,IMP-MIXED,3,automatic,455720b9-9061-5bce-83af-d6d53c6c84e1,,analysis,known_missing,True,False,,,missing_identity
t160-quality-20261006T131153Z-f8d86b26-12-IMP-MIXED-r3,IMP-MIXED,3,automatic,455720b9-9061-5bce-83af-d6d53c6c84e1,,score,source_provided,True,False,2.00,,missing_identity
t160-quality-20261006T131153Z-f8d86b26-12-IMP-MIXED-r3,IMP-MIXED,3,automatic,455720b9-9061-5bce-83af-d6d53c6c84e1,,scoring_rubric,known_missing,True,False,,,missing_identity
t160-quality-20261006T131153Z-f8d86b26-12-IMP-MIXED-r3,IMP-MIXED,3,automatic,455720b9-9061-5bce-83af-d6d53c6c84e1,,knowledge_points,known_missing,True,False,[],,missing_identity
t160-quality-20261006T131153Z-f8d86b26-12-IMP-MIXED-r3,IMP-MIXED,3,automatic,455720b9-9061-5bce-83af-d6d53c6c84e1,,source_regions,unknown,False,,,,reference_unknown
t160-quality-20261006T131153Z-f8d86b26-12-IMP-MIXED-r3,IMP-MIXED,3,automatic,455720b9-9061-5bce-83af-d6d53c6c84e1,,assets,source_provided,True,False,"[{""asset_type"": ""figure"", ""source_page_number"": 2, ""order_index"": 1}]",,missing_identity
t160-quality-20261006T131153Z-f8d86b26-12-IMP-MIXED-r3,IMP-MIXED,3,automatic,bf862f8d-df39-5559-bab5-d942fccb2432,,question_number,source_provided,True,False,6,,missing_identity
t160-quality-20261006T131153Z-f8d86b26-12-IMP-MIXED-r3,IMP-MIXED,3,automatic,bf862f8d-df39-5559-bab5-d942fccb2432,,order_index,source_provided,True,False,6,,missing_identity
t160-quality-20261006T131153Z-f8d86b26-12-IMP-MIXED-r3,IMP-MIXED,3,automatic,bf862f8d-df39-5559-bab5-d942fccb2432,,source_page_numbers,source_provided,True,False,[2],,missing_identity
t160-quality-20261006T131153Z-f8d86b26-12-IMP-MIXED-r3,IMP-MIXED,3,automatic,bf862f8d-df39-5559-bab5-d942fccb2432,,question_type,source_provided,True,False,SHORT_ANSWER,,missing_identity
t160-quality-20261006T131153Z-f8d86b26-12-IMP-MIXED-r3,IMP-MIXED,3,automatic,bf862f8d-df39-5559-bab5-d942fccb2432,,content,source_provided,True,False,根据下表写出 y 关于 x 的关系式。,,missing_identity
t160-quality-20261006T131153Z-f8d86b26-12-IMP-MIXED-r3,IMP-MIXED,3,automatic,bf862f8d-df39-5559-bab5-d942fccb2432,,options,not_applicable,True,False,,,missing_identity
t160-quality-20261006T131153Z-f8d86b26-12-IMP-MIXED-r3,IMP-MIXED,3,automatic,bf862f8d-df39-5559-bab5-d942fccb2432,,reference_answer,known_missing,True,False,,,missing_identity
t160-quality-20261006T131153Z-f8d86b26-12-IMP-MIXED-r3,IMP-MIXED,3,automatic,bf862f8d-df39-5559-bab5-d942fccb2432,,analysis,known_missing,True,False,,,missing_identity
t160-quality-20261006T131153Z-f8d86b26-12-IMP-MIXED-r3,IMP-MIXED,3,automatic,bf862f8d-df39-5559-bab5-d942fccb2432,,score,source_provided,True,False,3.00,,missing_identity
t160-quality-20261006T131153Z-f8d86b26-12-IMP-MIXED-r3,IMP-MIXED,3,automatic,bf862f8d-df39-5559-bab5-d942fccb2432,,scoring_rubric,source_provided,True,False,正确关系式 1.00；说明代入过程 2.00。,,missing_identity
t160-quality-20261006T131153Z-f8d86b26-12-IMP-MIXED-r3,IMP-MIXED,3,automatic,bf862f8d-df39-5559-bab5-d942fccb2432,,knowledge_points,source_provided,True,False,"[""一次函数"", ""表达与计算""]",,missing_identity
t160-quality-20261006T131153Z-f8d86b26-12-IMP-MIXED-r3,IMP-MIXED,3,automatic,bf862f8d-df39-5559-bab5-d942fccb2432,,source_regions,unknown,False,,,,reference_unknown
t160-quality-20261006T131153Z-f8d86b26-12-IMP-MIXED-r3,IMP-MIXED,3,automatic,bf862f8d-df39-5559-bab5-d942fccb2432,,assets,source_provided,True,False,"[{""asset_type"": ""table"", ""source_page_number"": 2, ""order_index"": 1}]",,missing_identity
t160-quality-20261006T131153Z-f8d86b26-12-IMP-MIXED-r3,IMP-MIXED,3,assisted_corrected,1faa8619-84cc-5d65-86ae-244c7f68645e,,question_number,source_provided,True,False,1,,not_executed_due_to_import_failure
t160-quality-20261006T131153Z-f8d86b26-12-IMP-MIXED-r3,IMP-MIXED,3,assisted_corrected,1faa8619-84cc-5d65-86ae-244c7f68645e,,order_index,source_provided,True,False,1,,not_executed_due_to_import_failure
t160-quality-20261006T131153Z-f8d86b26-12-IMP-MIXED-r3,IMP-MIXED,3,assisted_corrected,1faa8619-84cc-5d65-86ae-244c7f68645e,,source_page_numbers,source_provided,True,False,[1],,not_executed_due_to_import_failure
t160-quality-20261006T131153Z-f8d86b26-12-IMP-MIXED-r3,IMP-MIXED,3,assisted_corrected,1faa8619-84cc-5d65-86ae-244c7f68645e,,question_type,source_provided,True,False,SINGLE_CHOICE,,not_executed_due_to_import_failure
t160-quality-20261006T131153Z-f8d86b26-12-IMP-MIXED-r3,IMP-MIXED,3,assisted_corrected,1faa8619-84cc-5d65-86ae-244c7f68645e,,content,source_provided,True,False,y = 2x + 1，x = 3 时 y 为多少？,,not_executed_due_to_import_failure
t160-quality-20261006T131153Z-f8d86b26-12-IMP-MIXED-r3,IMP-MIXED,3,assisted_corrected,1faa8619-84cc-5d65-86ae-244c7f68645e,,options,source_provided,True,False,"{""C"": ""7"", ""A"": ""5"", ""B"": ""6"", ""D"": ""8""}",,not_executed_due_to_import_failure
t160-quality-20261006T131153Z-f8d86b26-12-IMP-MIXED-r3,IMP-MIXED,3,assisted_corrected,1faa8619-84cc-5d65-86ae-244c7f68645e,,reference_answer,source_provided,True,False,C,,not_executed_due_to_import_failure
t160-quality-20261006T131153Z-f8d86b26-12-IMP-MIXED-r3,IMP-MIXED,3,assisted_corrected,1faa8619-84cc-5d65-86ae-244c7f68645e,,analysis,source_provided,True,False,2 × 3 + 1 = 7。,,not_executed_due_to_import_failure
t160-quality-20261006T131153Z-f8d86b26-12-IMP-MIXED-r3,IMP-MIXED,3,assisted_corrected,1faa8619-84cc-5d65-86ae-244c7f68645e,,score,source_provided,True,False,2.00,,not_executed_due_to_import_failure
t160-quality-20261006T131153Z-f8d86b26-12-IMP-MIXED-r3,IMP-MIXED,3,assisted_corrected,1faa8619-84cc-5d65-86ae-244c7f68645e,,scoring_rubric,known_missing,True,False,,,not_executed_due_to_import_failure
t160-quality-20261006T131153Z-f8d86b26-12-IMP-MIXED-r3,IMP-MIXED,3,assisted_corrected,1faa8619-84cc-5d65-86ae-244c7f68645e,,knowledge_points,known_missing,True,False,[],,not_executed_due_to_import_failure
t160-quality-20261006T131153Z-f8d86b26-12-IMP-MIXED-r3,IMP-MIXED,3,assisted_corrected,1faa8619-84cc-5d65-86ae-244c7f68645e,,source_regions,unknown,False,,,,not_executed_due_to_import_failure
t160-quality-20261006T131153Z-f8d86b26-12-IMP-MIXED-r3,IMP-MIXED,3,assisted_corrected,1faa8619-84cc-5d65-86ae-244c7f68645e,,assets,source_provided,True,False,[],,not_executed_due_to_import_failure
t160-quality-20261006T131153Z-f8d86b26-12-IMP-MIXED-r3,IMP-MIXED,3,assisted_corrected,545de13f-3fe9-524b-a917-7ab04807806f,,question_number,source_provided,True,False,2,,not_executed_due_to_import_failure
t160-quality-20261006T131153Z-f8d86b26-12-IMP-MIXED-r3,IMP-MIXED,3,assisted_corrected,545de13f-3fe9-524b-a917-7ab04807806f,,order_index,source_provided,True,False,2,,not_executed_due_to_import_failure
t160-quality-20261006T131153Z-f8d86b26-12-IMP-MIXED-r3,IMP-MIXED,3,assisted_corrected,545de13f-3fe9-524b-a917-7ab04807806f,,source_page_numbers,source_provided,True,False,[1],,not_executed_due_to_import_failure
t160-quality-20261006T131153Z-f8d86b26-12-IMP-MIXED-r3,IMP-MIXED,3,assisted_corrected,545de13f-3fe9-524b-a917-7ab04807806f,,question_type,source_provided,True,False,TRUE_FALSE,,not_executed_due_to_import_failure
t160-quality-20261006T131153Z-f8d86b26-12-IMP-MIXED-r3,IMP-MIXED,3,assisted_corrected,545de13f-3fe9-524b-a917-7ab04807806f,,content,source_provided,True,False,右图三角形面积为 24 cm²。,,not_executed_due_to_import_failure
t160-quality-20261006T131153Z-f8d86b26-12-IMP-MIXED-r3,IMP-MIXED,3,assisted_corrected,545de13f-3fe9-524b-a917-7ab04807806f,,options,source_provided,True,False,"[""正确"", ""错误""]",,not_executed_due_to_import_failure
t160-quality-20261006T131153Z-f8d86b26-12-IMP-MIXED-r3,IMP-MIXED,3,assisted_corrected,545de13f-3fe9-524b-a917-7ab04807806f,,reference_answer,known_missing,True,False,,,not_executed_due_to_import_failure
t160-quality-20261006T131153Z-f8d86b26-12-IMP-MIXED-r3,IMP-MIXED,3,assisted_corrected,545de13f-3fe9-524b-a917-7ab04807806f,,analysis,known_missing,True,False,,,not_executed_due_to_import_failure
t160-quality-20261006T131153Z-f8d86b26-12-IMP-MIXED-r3,IMP-MIXED,3,assisted_corrected,545de13f-3fe9-524b-a917-7ab04807806f,,score,source_provided,True,False,2.00,,not_executed_due_to_import_failure
t160-quality-20261006T131153Z-f8d86b26-12-IMP-MIXED-r3,IMP-MIXED,3,assisted_corrected,545de13f-3fe9-524b-a917-7ab04807806f,,scoring_rubric,known_missing,True,False,,,not_executed_due_to_import_failure
t160-quality-20261006T131153Z-f8d86b26-12-IMP-MIXED-r3,IMP-MIXED,3,assisted_corrected,545de13f-3fe9-524b-a917-7ab04807806f,,knowledge_points,known_missing,True,False,[],,not_executed_due_to_import_failure
t160-quality-20261006T131153Z-f8d86b26-12-IMP-MIXED-r3,IMP-MIXED,3,assisted_corrected,545de13f-3fe9-524b-a917-7ab04807806f,,source_regions,unknown,False,,,,not_executed_due_to_import_failure
t160-quality-20261006T131153Z-f8d86b26-12-IMP-MIXED-r3,IMP-MIXED,3,assisted_corrected,545de13f-3fe9-524b-a917-7ab04807806f,,assets,source_provided,True,False,"[{""asset_type"": ""figure"", ""source_page_number"": 1, ""order_index"": 1}]",,not_executed_due_to_import_failure
t160-quality-20261006T131153Z-f8d86b26-12-IMP-MIXED-r3,IMP-MIXED,3,assisted_corrected,85533f46-eb86-5893-8742-33939e77750f,,question_number,source_provided,True,False,3,,not_executed_due_to_import_failure
t160-quality-20261006T131153Z-f8d86b26-12-IMP-MIXED-r3,IMP-MIXED,3,assisted_corrected,85533f46-eb86-5893-8742-33939e77750f,,order_index,source_provided,True,False,3,,not_executed_due_to_import_failure
t160-quality-20261006T131153Z-f8d86b26-12-IMP-MIXED-r3,IMP-MIXED,3,assisted_corrected,85533f46-eb86-5893-8742-33939e77750f,,source_page_numbers,source_provided,True,False,[1],,not_executed_due_to_import_failure
t160-quality-20261006T131153Z-f8d86b26-12-IMP-MIXED-r3,IMP-MIXED,3,assisted_corrected,85533f46-eb86-5893-8742-33939e77750f,,question_type,source_provided,True,False,SHORT_ANSWER,,not_executed_due_to_import_failure
t160-quality-20261006T131153Z-f8d86b26-12-IMP-MIXED-r3,IMP-MIXED,3,assisted_corrected,85533f46-eb86-5893-8742-33939e77750f,,content,source_provided,True,False,根据下表写出 y 关于 x 的关系式。,,not_executed_due_to_import_failure
t160-quality-20261006T131153Z-f8d86b26-12-IMP-MIXED-r3,IMP-MIXED,3,assisted_corrected,85533f46-eb86-5893-8742-33939e77750f,,options,not_applicable,True,False,,,not_executed_due_to_import_failure
t160-quality-20261006T131153Z-f8d86b26-12-IMP-MIXED-r3,IMP-MIXED,3,assisted_corrected,85533f46-eb86-5893-8742-33939e77750f,,reference_answer,known_missing,True,False,,,not_executed_due_to_import_failure
t160-quality-20261006T131153Z-f8d86b26-12-IMP-MIXED-r3,IMP-MIXED,3,assisted_corrected,85533f46-eb86-5893-8742-33939e77750f,,analysis,known_missing,True,False,,,not_executed_due_to_import_failure
t160-quality-20261006T131153Z-f8d86b26-12-IMP-MIXED-r3,IMP-MIXED,3,assisted_corrected,85533f46-eb86-5893-8742-33939e77750f,,score,source_provided,True,False,3.00,,not_executed_due_to_import_failure
t160-quality-20261006T131153Z-f8d86b26-12-IMP-MIXED-r3,IMP-MIXED,3,assisted_corrected,85533f46-eb86-5893-8742-33939e77750f,,scoring_rubric,source_provided,True,False,正确关系式 1.00；说明代入过程 2.00。,,not_executed_due_to_import_failure
t160-quality-20261006T131153Z-f8d86b26-12-IMP-MIXED-r3,IMP-MIXED,3,assisted_corrected,85533f46-eb86-5893-8742-33939e77750f,,knowledge_points,source_provided,True,False,"[""一次函数"", ""表达与计算""]",,not_executed_due_to_import_failure
t160-quality-20261006T131153Z-f8d86b26-12-IMP-MIXED-r3,IMP-MIXED,3,assisted_corrected,85533f46-eb86-5893-8742-33939e77750f,,source_regions,unknown,False,,,,not_executed_due_to_import_failure
t160-quality-20261006T131153Z-f8d86b26-12-IMP-MIXED-r3,IMP-MIXED,3,assisted_corrected,85533f46-eb86-5893-8742-33939e77750f,,assets,source_provided,True,False,"[{""asset_type"": ""table"", ""source_page_number"": 1, ""order_index"": 1}]",,not_executed_due_to_import_failure
t160-quality-20261006T131153Z-f8d86b26-12-IMP-MIXED-r3,IMP-MIXED,3,assisted_corrected,0fa8d57e-58c2-5aa4-b8cd-e52e96380a38,,question_number,source_provided,True,False,4,,not_executed_due_to_import_failure
t160-quality-20261006T131153Z-f8d86b26-12-IMP-MIXED-r3,IMP-MIXED,3,assisted_corrected,0fa8d57e-58c2-5aa4-b8cd-e52e96380a38,,order_index,source_provided,True,False,4,,not_executed_due_to_import_failure
t160-quality-20261006T131153Z-f8d86b26-12-IMP-MIXED-r3,IMP-MIXED,3,assisted_corrected,0fa8d57e-58c2-5aa4-b8cd-e52e96380a38,,source_page_numbers,source_provided,True,False,[2],,not_executed_due_to_import_failure
t160-quality-20261006T131153Z-f8d86b26-12-IMP-MIXED-r3,IMP-MIXED,3,assisted_corrected,0fa8d57e-58c2-5aa4-b8cd-e52e96380a38,,question_type,source_provided,True,False,SINGLE_CHOICE,,not_executed_due_to_import_failure
t160-quality-20261006T131153Z-f8d86b26-12-IMP-MIXED-r3,IMP-MIXED,3,assisted_corrected,0fa8d57e-58c2-5aa4-b8cd-e52e96380a38,,content,source_provided,True,False,y = 2x + 1，x = 3 时 y 为多少？,,not_executed_due_to_import_failure
t160-quality-20261006T131153Z-f8d86b26-12-IMP-MIXED-r3,IMP-MIXED,3,assisted_corrected,0fa8d57e-58c2-5aa4-b8cd-e52e96380a38,,options,source_provided,True,False,"{""C"": ""7"", ""A"": ""5"", ""B"": ""6"", ""D"": ""8""}",,not_executed_due_to_import_failure
t160-quality-20261006T131153Z-f8d86b26-12-IMP-MIXED-r3,IMP-MIXED,3,assisted_corrected,0fa8d57e-58c2-5aa4-b8cd-e52e96380a38,,reference_answer,source_provided,True,False,C,,not_executed_due_to_import_failure
t160-quality-20261006T131153Z-f8d86b26-12-IMP-MIXED-r3,IMP-MIXED,3,assisted_corrected,0fa8d57e-58c2-5aa4-b8cd-e52e96380a38,,analysis,source_provided,True,False,2 × 3 + 1 = 7。,,not_executed_due_to_import_failure
t160-quality-20261006T131153Z-f8d86b26-12-IMP-MIXED-r3,IMP-MIXED,3,assisted_corrected,0fa8d57e-58c2-5aa4-b8cd-e52e96380a38,,score,source_provided,True,False,2.00,,not_executed_due_to_import_failure
t160-quality-20261006T131153Z-f8d86b26-12-IMP-MIXED-r3,IMP-MIXED,3,assisted_corrected,0fa8d57e-58c2-5aa4-b8cd-e52e96380a38,,scoring_rubric,known_missing,True,False,,,not_executed_due_to_import_failure
t160-quality-20261006T131153Z-f8d86b26-12-IMP-MIXED-r3,IMP-MIXED,3,assisted_corrected,0fa8d57e-58c2-5aa4-b8cd-e52e96380a38,,knowledge_points,known_missing,True,False,[],,not_executed_due_to_import_failure
t160-quality-20261006T131153Z-f8d86b26-12-IMP-MIXED-r3,IMP-MIXED,3,assisted_corrected,0fa8d57e-58c2-5aa4-b8cd-e52e96380a38,,source_regions,unknown,False,,,,not_executed_due_to_import_failure
t160-quality-20261006T131153Z-f8d86b26-12-IMP-MIXED-r3,IMP-MIXED,3,assisted_corrected,0fa8d57e-58c2-5aa4-b8cd-e52e96380a38,,assets,source_provided,True,False,[],,not_executed_due_to_import_failure
t160-quality-20261006T131153Z-f8d86b26-12-IMP-MIXED-r3,IMP-MIXED,3,assisted_corrected,455720b9-9061-5bce-83af-d6d53c6c84e1,,question_number,source_provided,True,False,5,,not_executed_due_to_import_failure
t160-quality-20261006T131153Z-f8d86b26-12-IMP-MIXED-r3,IMP-MIXED,3,assisted_corrected,455720b9-9061-5bce-83af-d6d53c6c84e1,,order_index,source_provided,True,False,5,,not_executed_due_to_import_failure
t160-quality-20261006T131153Z-f8d86b26-12-IMP-MIXED-r3,IMP-MIXED,3,assisted_corrected,455720b9-9061-5bce-83af-d6d53c6c84e1,,source_page_numbers,source_provided,True,False,[2],,not_executed_due_to_import_failure
t160-quality-20261006T131153Z-f8d86b26-12-IMP-MIXED-r3,IMP-MIXED,3,assisted_corrected,455720b9-9061-5bce-83af-d6d53c6c84e1,,question_type,source_provided,True,False,TRUE_FALSE,,not_executed_due_to_import_failure
t160-quality-20261006T131153Z-f8d86b26-12-IMP-MIXED-r3,IMP-MIXED,3,assisted_corrected,455720b9-9061-5bce-83af-d6d53c6c84e1,,content,source_provided,True,False,右图三角形面积为 24 cm²。,,not_executed_due_to_import_failure
t160-quality-20261006T131153Z-f8d86b26-12-IMP-MIXED-r3,IMP-MIXED,3,assisted_corrected,455720b9-9061-5bce-83af-d6d53c6c84e1,,options,source_provided,True,False,"[""正确"", ""错误""]",,not_executed_due_to_import_failure
t160-quality-20261006T131153Z-f8d86b26-12-IMP-MIXED-r3,IMP-MIXED,3,assisted_corrected,455720b9-9061-5bce-83af-d6d53c6c84e1,,reference_answer,known_missing,True,False,,,not_executed_due_to_import_failure
t160-quality-20261006T131153Z-f8d86b26-12-IMP-MIXED-r3,IMP-MIXED,3,assisted_corrected,455720b9-9061-5bce-83af-d6d53c6c84e1,,analysis,known_missing,True,False,,,not_executed_due_to_import_failure
t160-quality-20261006T131153Z-f8d86b26-12-IMP-MIXED-r3,IMP-MIXED,3,assisted_corrected,455720b9-9061-5bce-83af-d6d53c6c84e1,,score,source_provided,True,False,2.00,,not_executed_due_to_import_failure
t160-quality-20261006T131153Z-f8d86b26-12-IMP-MIXED-r3,IMP-MIXED,3,assisted_corrected,455720b9-9061-5bce-83af-d6d53c6c84e1,,scoring_rubric,known_missing,True,False,,,not_executed_due_to_import_failure
t160-quality-20261006T131153Z-f8d86b26-12-IMP-MIXED-r3,IMP-MIXED,3,assisted_corrected,455720b9-9061-5bce-83af-d6d53c6c84e1,,knowledge_points,known_missing,True,False,[],,not_executed_due_to_import_failure
t160-quality-20261006T131153Z-f8d86b26-12-IMP-MIXED-r3,IMP-MIXED,3,assisted_corrected,455720b9-9061-5bce-83af-d6d53c6c84e1,,source_regions,unknown,False,,,,not_executed_due_to_import_failure
t160-quality-20261006T131153Z-f8d86b26-12-IMP-MIXED-r3,IMP-MIXED,3,assisted_corrected,455720b9-9061-5bce-83af-d6d53c6c84e1,,assets,source_provided,True,False,"[{""asset_type"": ""figure"", ""source_page_number"": 2, ""order_index"": 1}]",,not_executed_due_to_import_failure
t160-quality-20261006T131153Z-f8d86b26-12-IMP-MIXED-r3,IMP-MIXED,3,assisted_corrected,bf862f8d-df39-5559-bab5-d942fccb2432,,question_number,source_provided,True,False,6,,not_executed_due_to_import_failure
t160-quality-20261006T131153Z-f8d86b26-12-IMP-MIXED-r3,IMP-MIXED,3,assisted_corrected,bf862f8d-df39-5559-bab5-d942fccb2432,,order_index,source_provided,True,False,6,,not_executed_due_to_import_failure
t160-quality-20261006T131153Z-f8d86b26-12-IMP-MIXED-r3,IMP-MIXED,3,assisted_corrected,bf862f8d-df39-5559-bab5-d942fccb2432,,source_page_numbers,source_provided,True,False,[2],,not_executed_due_to_import_failure
t160-quality-20261006T131153Z-f8d86b26-12-IMP-MIXED-r3,IMP-MIXED,3,assisted_corrected,bf862f8d-df39-5559-bab5-d942fccb2432,,question_type,source_provided,True,False,SHORT_ANSWER,,not_executed_due_to_import_failure
t160-quality-20261006T131153Z-f8d86b26-12-IMP-MIXED-r3,IMP-MIXED,3,assisted_corrected,bf862f8d-df39-5559-bab5-d942fccb2432,,content,source_provided,True,False,根据下表写出 y 关于 x 的关系式。,,not_executed_due_to_import_failure
t160-quality-20261006T131153Z-f8d86b26-12-IMP-MIXED-r3,IMP-MIXED,3,assisted_corrected,bf862f8d-df39-5559-bab5-d942fccb2432,,options,not_applicable,True,False,,,not_executed_due_to_import_failure
t160-quality-20261006T131153Z-f8d86b26-12-IMP-MIXED-r3,IMP-MIXED,3,assisted_corrected,bf862f8d-df39-5559-bab5-d942fccb2432,,reference_answer,known_missing,True,False,,,not_executed_due_to_import_failure
t160-quality-20261006T131153Z-f8d86b26-12-IMP-MIXED-r3,IMP-MIXED,3,assisted_corrected,bf862f8d-df39-5559-bab5-d942fccb2432,,analysis,known_missing,True,False,,,not_executed_due_to_import_failure
t160-quality-20261006T131153Z-f8d86b26-12-IMP-MIXED-r3,IMP-MIXED,3,assisted_corrected,bf862f8d-df39-5559-bab5-d942fccb2432,,score,source_provided,True,False,3.00,,not_executed_due_to_import_failure
t160-quality-20261006T131153Z-f8d86b26-12-IMP-MIXED-r3,IMP-MIXED,3,assisted_corrected,bf862f8d-df39-5559-bab5-d942fccb2432,,scoring_rubric,source_provided,True,False,正确关系式 1.00；说明代入过程 2.00。,,not_executed_due_to_import_failure
t160-quality-20261006T131153Z-f8d86b26-12-IMP-MIXED-r3,IMP-MIXED,3,assisted_corrected,bf862f8d-df39-5559-bab5-d942fccb2432,,knowledge_points,source_provided,True,False,"[""一次函数"", ""表达与计算""]",,not_executed_due_to_import_failure
t160-quality-20261006T131153Z-f8d86b26-12-IMP-MIXED-r3,IMP-MIXED,3,assisted_corrected,bf862f8d-df39-5559-bab5-d942fccb2432,,source_regions,unknown,False,,,,not_executed_due_to_import_failure
t160-quality-20261006T131153Z-f8d86b26-12-IMP-MIXED-r3,IMP-MIXED,3,assisted_corrected,bf862f8d-df39-5559-bab5-d942fccb2432,,assets,source_provided,True,False,"[{""asset_type"": ""table"", ""source_page_number"": 2, ""order_index"": 1}]",,not_executed_due_to_import_failure
t160-quality-20261006T131153Z-f8d86b26-13-IMP-CROSS-r1,IMP-CROSS,1,automatic,239d78f4-ab44-59ec-ab7f-e11e454e26f1,efcaf3a4-5c5f-4a93-99ed-1ad700c83b53,question_number,source_provided,True,True,4,4,matched
t160-quality-20261006T131153Z-f8d86b26-13-IMP-CROSS-r1,IMP-CROSS,1,automatic,239d78f4-ab44-59ec-ab7f-e11e454e26f1,efcaf3a4-5c5f-4a93-99ed-1ad700c83b53,order_index,source_provided,True,True,1,1,matched
t160-quality-20261006T131153Z-f8d86b26-13-IMP-CROSS-r1,IMP-CROSS,1,automatic,239d78f4-ab44-59ec-ab7f-e11e454e26f1,efcaf3a4-5c5f-4a93-99ed-1ad700c83b53,source_page_numbers,source_provided,True,True,"[1, 2]","[1, 2]",matched
t160-quality-20261006T131153Z-f8d86b26-13-IMP-CROSS-r1,IMP-CROSS,1,automatic,239d78f4-ab44-59ec-ab7f-e11e454e26f1,efcaf3a4-5c5f-4a93-99ed-1ad700c83b53,question_type,unknown,False,,,,reference_unknown
t160-quality-20261006T131153Z-f8d86b26-13-IMP-CROSS-r1,IMP-CROSS,1,automatic,239d78f4-ab44-59ec-ab7f-e11e454e26f1,efcaf3a4-5c5f-4a93-99ed-1ad700c83b53,content,source_provided,True,False,"阅读下页流程图：输入 x = 3，计算输出 y。
按下图流程完成计算。",阅读下页流程图：输入 x = 3，计算输出 y。,matched
t160-quality-20261006T131153Z-f8d86b26-13-IMP-CROSS-r1,IMP-CROSS,1,automatic,239d78f4-ab44-59ec-ab7f-e11e454e26f1,efcaf3a4-5c5f-4a93-99ed-1ad700c83b53,options,not_applicable,True,True,,,matched
t160-quality-20261006T131153Z-f8d86b26-13-IMP-CROSS-r1,IMP-CROSS,1,automatic,239d78f4-ab44-59ec-ab7f-e11e454e26f1,efcaf3a4-5c5f-4a93-99ed-1ad700c83b53,reference_answer,known_missing,True,True,,,matched
t160-quality-20261006T131153Z-f8d86b26-13-IMP-CROSS-r1,IMP-CROSS,1,automatic,239d78f4-ab44-59ec-ab7f-e11e454e26f1,efcaf3a4-5c5f-4a93-99ed-1ad700c83b53,analysis,known_missing,True,True,,,matched
t160-quality-20261006T131153Z-f8d86b26-13-IMP-CROSS-r1,IMP-CROSS,1,automatic,239d78f4-ab44-59ec-ab7f-e11e454e26f1,efcaf3a4-5c5f-4a93-99ed-1ad700c83b53,score,source_provided,True,True,5.00,5.00,matched
t160-quality-20261006T131153Z-f8d86b26-13-IMP-CROSS-r1,IMP-CROSS,1,automatic,239d78f4-ab44-59ec-ab7f-e11e454e26f1,efcaf3a4-5c5f-4a93-99ed-1ad700c83b53,scoring_rubric,source_provided,True,True,正确中间计算 2.00；最终输出 3.00。,正确中间计算 2.00；最终输出 3.00。,matched
t160-quality-20261006T131153Z-f8d86b26-13-IMP-CROSS-r1,IMP-CROSS,1,automatic,239d78f4-ab44-59ec-ab7f-e11e454e26f1,efcaf3a4-5c5f-4a93-99ed-1ad700c83b53,knowledge_points,known_missing,True,False,[],,matched
t160-quality-20261006T131153Z-f8d86b26-13-IMP-CROSS-r1,IMP-CROSS,1,automatic,239d78f4-ab44-59ec-ab7f-e11e454e26f1,efcaf3a4-5c5f-4a93-99ed-1ad700c83b53,source_regions,unknown,False,,,,reference_unknown
t160-quality-20261006T131153Z-f8d86b26-13-IMP-CROSS-r1,IMP-CROSS,1,automatic,239d78f4-ab44-59ec-ab7f-e11e454e26f1,efcaf3a4-5c5f-4a93-99ed-1ad700c83b53,assets,source_provided,True,False,"[{""asset_type"": ""diagram"", ""source_page_number"": 2, ""order_index"": 1}]",,matched
t160-quality-20261006T131153Z-f8d86b26-13-IMP-CROSS-r1,IMP-CROSS,1,assisted_corrected,239d78f4-ab44-59ec-ab7f-e11e454e26f1,efcaf3a4-5c5f-4a93-99ed-1ad700c83b53,question_number,source_provided,True,True,4,4,matched
t160-quality-20261006T131153Z-f8d86b26-13-IMP-CROSS-r1,IMP-CROSS,1,assisted_corrected,239d78f4-ab44-59ec-ab7f-e11e454e26f1,efcaf3a4-5c5f-4a93-99ed-1ad700c83b53,order_index,source_provided,True,True,1,1,matched
t160-quality-20261006T131153Z-f8d86b26-13-IMP-CROSS-r1,IMP-CROSS,1,assisted_corrected,239d78f4-ab44-59ec-ab7f-e11e454e26f1,efcaf3a4-5c5f-4a93-99ed-1ad700c83b53,source_page_numbers,source_provided,True,True,"[1, 2]","[1, 2]",matched
t160-quality-20261006T131153Z-f8d86b26-13-IMP-CROSS-r1,IMP-CROSS,1,assisted_corrected,239d78f4-ab44-59ec-ab7f-e11e454e26f1,efcaf3a4-5c5f-4a93-99ed-1ad700c83b53,question_type,unknown,False,,,,reference_unknown
t160-quality-20261006T131153Z-f8d86b26-13-IMP-CROSS-r1,IMP-CROSS,1,assisted_corrected,239d78f4-ab44-59ec-ab7f-e11e454e26f1,efcaf3a4-5c5f-4a93-99ed-1ad700c83b53,content,source_provided,True,True,"阅读下页流程图：输入 x = 3，计算输出 y。
按下图流程完成计算。","阅读下页流程图：输入 x = 3，计算输出 y。
按下图流程完成计算。",matched
t160-quality-20261006T131153Z-f8d86b26-13-IMP-CROSS-r1,IMP-CROSS,1,assisted_corrected,239d78f4-ab44-59ec-ab7f-e11e454e26f1,efcaf3a4-5c5f-4a93-99ed-1ad700c83b53,options,not_applicable,True,True,,,matched
t160-quality-20261006T131153Z-f8d86b26-13-IMP-CROSS-r1,IMP-CROSS,1,assisted_corrected,239d78f4-ab44-59ec-ab7f-e11e454e26f1,efcaf3a4-5c5f-4a93-99ed-1ad700c83b53,reference_answer,known_missing,True,True,,,matched
t160-quality-20261006T131153Z-f8d86b26-13-IMP-CROSS-r1,IMP-CROSS,1,assisted_corrected,239d78f4-ab44-59ec-ab7f-e11e454e26f1,efcaf3a4-5c5f-4a93-99ed-1ad700c83b53,analysis,known_missing,True,True,,,matched
t160-quality-20261006T131153Z-f8d86b26-13-IMP-CROSS-r1,IMP-CROSS,1,assisted_corrected,239d78f4-ab44-59ec-ab7f-e11e454e26f1,efcaf3a4-5c5f-4a93-99ed-1ad700c83b53,score,source_provided,True,True,5.00,5.00,matched
t160-quality-20261006T131153Z-f8d86b26-13-IMP-CROSS-r1,IMP-CROSS,1,assisted_corrected,239d78f4-ab44-59ec-ab7f-e11e454e26f1,efcaf3a4-5c5f-4a93-99ed-1ad700c83b53,scoring_rubric,source_provided,True,True,正确中间计算 2.00；最终输出 3.00。,正确中间计算 2.00；最终输出 3.00。,matched
t160-quality-20261006T131153Z-f8d86b26-13-IMP-CROSS-r1,IMP-CROSS,1,assisted_corrected,239d78f4-ab44-59ec-ab7f-e11e454e26f1,efcaf3a4-5c5f-4a93-99ed-1ad700c83b53,knowledge_points,known_missing,True,True,[],[],matched
t160-quality-20261006T131153Z-f8d86b26-13-IMP-CROSS-r1,IMP-CROSS,1,assisted_corrected,239d78f4-ab44-59ec-ab7f-e11e454e26f1,efcaf3a4-5c5f-4a93-99ed-1ad700c83b53,source_regions,unknown,False,,,,reference_unknown
t160-quality-20261006T131153Z-f8d86b26-13-IMP-CROSS-r1,IMP-CROSS,1,assisted_corrected,239d78f4-ab44-59ec-ab7f-e11e454e26f1,efcaf3a4-5c5f-4a93-99ed-1ad700c83b53,assets,source_provided,True,False,"[{""asset_type"": ""diagram"", ""source_page_number"": 2, ""order_index"": 1}]",,matched
t160-quality-20261006T131153Z-f8d86b26-14-IMP-CROSS-r2,IMP-CROSS,2,automatic,239d78f4-ab44-59ec-ab7f-e11e454e26f1,183abc76-1bbe-4ff6-add1-ad9961a34539,question_number,source_provided,True,True,4,4,matched
t160-quality-20261006T131153Z-f8d86b26-14-IMP-CROSS-r2,IMP-CROSS,2,automatic,239d78f4-ab44-59ec-ab7f-e11e454e26f1,183abc76-1bbe-4ff6-add1-ad9961a34539,order_index,source_provided,True,True,1,1,matched
t160-quality-20261006T131153Z-f8d86b26-14-IMP-CROSS-r2,IMP-CROSS,2,automatic,239d78f4-ab44-59ec-ab7f-e11e454e26f1,183abc76-1bbe-4ff6-add1-ad9961a34539,source_page_numbers,source_provided,True,True,"[1, 2]","[1, 2]",matched
t160-quality-20261006T131153Z-f8d86b26-14-IMP-CROSS-r2,IMP-CROSS,2,automatic,239d78f4-ab44-59ec-ab7f-e11e454e26f1,183abc76-1bbe-4ff6-add1-ad9961a34539,question_type,unknown,False,,,SHORT_ANSWER,reference_unknown
t160-quality-20261006T131153Z-f8d86b26-14-IMP-CROSS-r2,IMP-CROSS,2,automatic,239d78f4-ab44-59ec-ab7f-e11e454e26f1,183abc76-1bbe-4ff6-add1-ad9961a34539,content,source_provided,True,False,"阅读下页流程图：输入 x = 3，计算输出 y。
按下图流程完成计算。","阅读下页流程图：输入 x = 3，计算输出 y。（5.00 分）
第 4 题续：按下图流程完成计算。",matched
t160-quality-20261006T131153Z-f8d86b26-14-IMP-CROSS-r2,IMP-CROSS,2,automatic,239d78f4-ab44-59ec-ab7f-e11e454e26f1,183abc76-1bbe-4ff6-add1-ad9961a34539,options,not_applicable,True,True,,,matched
t160-quality-20261006T131153Z-f8d86b26-14-IMP-CROSS-r2,IMP-CROSS,2,automatic,239d78f4-ab44-59ec-ab7f-e11e454e26f1,183abc76-1bbe-4ff6-add1-ad9961a34539,reference_answer,known_missing,True,True,,,matched
t160-quality-20261006T131153Z-f8d86b26-14-IMP-CROSS-r2,IMP-CROSS,2,automatic,239d78f4-ab44-59ec-ab7f-e11e454e26f1,183abc76-1bbe-4ff6-add1-ad9961a34539,analysis,known_missing,True,True,,,matched
t160-quality-20261006T131153Z-f8d86b26-14-IMP-CROSS-r2,IMP-CROSS,2,automatic,239d78f4-ab44-59ec-ab7f-e11e454e26f1,183abc76-1bbe-4ff6-add1-ad9961a34539,score,source_provided,True,True,5.00,5.00,matched
t160-quality-20261006T131153Z-f8d86b26-14-IMP-CROSS-r2,IMP-CROSS,2,automatic,239d78f4-ab44-59ec-ab7f-e11e454e26f1,183abc76-1bbe-4ff6-add1-ad9961a34539,scoring_rubric,source_provided,True,True,正确中间计算 2.00；最终输出 3.00。,正确中间计算 2.00；最终输出 3.00。,matched
t160-quality-20261006T131153Z-f8d86b26-14-IMP-CROSS-r2,IMP-CROSS,2,automatic,239d78f4-ab44-59ec-ab7f-e11e454e26f1,183abc76-1bbe-4ff6-add1-ad9961a34539,knowledge_points,known_missing,True,False,[],,matched
t160-quality-20261006T131153Z-f8d86b26-14-IMP-CROSS-r2,IMP-CROSS,2,automatic,239d78f4-ab44-59ec-ab7f-e11e454e26f1,183abc76-1bbe-4ff6-add1-ad9961a34539,source_regions,unknown,False,,,,reference_unknown
t160-quality-20261006T131153Z-f8d86b26-14-IMP-CROSS-r2,IMP-CROSS,2,automatic,239d78f4-ab44-59ec-ab7f-e11e454e26f1,183abc76-1bbe-4ff6-add1-ad9961a34539,assets,source_provided,True,False,"[{""asset_type"": ""diagram"", ""source_page_number"": 2, ""order_index"": 1}]",,matched
t160-quality-20261006T131153Z-f8d86b26-14-IMP-CROSS-r2,IMP-CROSS,2,assisted_corrected,239d78f4-ab44-59ec-ab7f-e11e454e26f1,183abc76-1bbe-4ff6-add1-ad9961a34539,question_number,source_provided,True,True,4,4,matched
t160-quality-20261006T131153Z-f8d86b26-14-IMP-CROSS-r2,IMP-CROSS,2,assisted_corrected,239d78f4-ab44-59ec-ab7f-e11e454e26f1,183abc76-1bbe-4ff6-add1-ad9961a34539,order_index,source_provided,True,True,1,1,matched
t160-quality-20261006T131153Z-f8d86b26-14-IMP-CROSS-r2,IMP-CROSS,2,assisted_corrected,239d78f4-ab44-59ec-ab7f-e11e454e26f1,183abc76-1bbe-4ff6-add1-ad9961a34539,source_page_numbers,source_provided,True,True,"[1, 2]","[1, 2]",matched
t160-quality-20261006T131153Z-f8d86b26-14-IMP-CROSS-r2,IMP-CROSS,2,assisted_corrected,239d78f4-ab44-59ec-ab7f-e11e454e26f1,183abc76-1bbe-4ff6-add1-ad9961a34539,question_type,unknown,False,,,SHORT_ANSWER,reference_unknown
t160-quality-20261006T131153Z-f8d86b26-14-IMP-CROSS-r2,IMP-CROSS,2,assisted_corrected,239d78f4-ab44-59ec-ab7f-e11e454e26f1,183abc76-1bbe-4ff6-add1-ad9961a34539,content,source_provided,True,True,"阅读下页流程图：输入 x = 3，计算输出 y。
按下图流程完成计算。","阅读下页流程图：输入 x = 3，计算输出 y。
按下图流程完成计算。",matched
t160-quality-20261006T131153Z-f8d86b26-14-IMP-CROSS-r2,IMP-CROSS,2,assisted_corrected,239d78f4-ab44-59ec-ab7f-e11e454e26f1,183abc76-1bbe-4ff6-add1-ad9961a34539,options,not_applicable,True,True,,,matched
t160-quality-20261006T131153Z-f8d86b26-14-IMP-CROSS-r2,IMP-CROSS,2,assisted_corrected,239d78f4-ab44-59ec-ab7f-e11e454e26f1,183abc76-1bbe-4ff6-add1-ad9961a34539,reference_answer,known_missing,True,True,,,matched
t160-quality-20261006T131153Z-f8d86b26-14-IMP-CROSS-r2,IMP-CROSS,2,assisted_corrected,239d78f4-ab44-59ec-ab7f-e11e454e26f1,183abc76-1bbe-4ff6-add1-ad9961a34539,analysis,known_missing,True,True,,,matched
t160-quality-20261006T131153Z-f8d86b26-14-IMP-CROSS-r2,IMP-CROSS,2,assisted_corrected,239d78f4-ab44-59ec-ab7f-e11e454e26f1,183abc76-1bbe-4ff6-add1-ad9961a34539,score,source_provided,True,True,5.00,5.00,matched
t160-quality-20261006T131153Z-f8d86b26-14-IMP-CROSS-r2,IMP-CROSS,2,assisted_corrected,239d78f4-ab44-59ec-ab7f-e11e454e26f1,183abc76-1bbe-4ff6-add1-ad9961a34539,scoring_rubric,source_provided,True,True,正确中间计算 2.00；最终输出 3.00。,正确中间计算 2.00；最终输出 3.00。,matched
t160-quality-20261006T131153Z-f8d86b26-14-IMP-CROSS-r2,IMP-CROSS,2,assisted_corrected,239d78f4-ab44-59ec-ab7f-e11e454e26f1,183abc76-1bbe-4ff6-add1-ad9961a34539,knowledge_points,known_missing,True,True,[],[],matched
t160-quality-20261006T131153Z-f8d86b26-14-IMP-CROSS-r2,IMP-CROSS,2,assisted_corrected,239d78f4-ab44-59ec-ab7f-e11e454e26f1,183abc76-1bbe-4ff6-add1-ad9961a34539,source_regions,unknown,False,,,,reference_unknown
t160-quality-20261006T131153Z-f8d86b26-14-IMP-CROSS-r2,IMP-CROSS,2,assisted_corrected,239d78f4-ab44-59ec-ab7f-e11e454e26f1,183abc76-1bbe-4ff6-add1-ad9961a34539,assets,source_provided,True,False,"[{""asset_type"": ""diagram"", ""source_page_number"": 2, ""order_index"": 1}]",,matched
t160-quality-20261006T131153Z-f8d86b26-15-IMP-CROSS-r3,IMP-CROSS,3,automatic,239d78f4-ab44-59ec-ab7f-e11e454e26f1,18ae7a6e-63be-49f9-94a9-d61c7fc524ef,question_number,source_provided,True,True,4,4,matched
t160-quality-20261006T131153Z-f8d86b26-15-IMP-CROSS-r3,IMP-CROSS,3,automatic,239d78f4-ab44-59ec-ab7f-e11e454e26f1,18ae7a6e-63be-49f9-94a9-d61c7fc524ef,order_index,source_provided,True,True,1,1,matched
t160-quality-20261006T131153Z-f8d86b26-15-IMP-CROSS-r3,IMP-CROSS,3,automatic,239d78f4-ab44-59ec-ab7f-e11e454e26f1,18ae7a6e-63be-49f9-94a9-d61c7fc524ef,source_page_numbers,source_provided,True,True,"[1, 2]","[1, 2]",matched
t160-quality-20261006T131153Z-f8d86b26-15-IMP-CROSS-r3,IMP-CROSS,3,automatic,239d78f4-ab44-59ec-ab7f-e11e454e26f1,18ae7a6e-63be-49f9-94a9-d61c7fc524ef,question_type,unknown,False,,,SHORT_ANSWER,reference_unknown
t160-quality-20261006T131153Z-f8d86b26-15-IMP-CROSS-r3,IMP-CROSS,3,automatic,239d78f4-ab44-59ec-ab7f-e11e454e26f1,18ae7a6e-63be-49f9-94a9-d61c7fc524ef,content,source_provided,True,False,"阅读下页流程图：输入 x = 3，计算输出 y。
按下图流程完成计算。",阅读下页流程图：输入 x = 3，计算输出 y。,matched
t160-quality-20261006T131153Z-f8d86b26-15-IMP-CROSS-r3,IMP-CROSS,3,automatic,239d78f4-ab44-59ec-ab7f-e11e454e26f1,18ae7a6e-63be-49f9-94a9-d61c7fc524ef,options,not_applicable,True,True,,,matched
t160-quality-20261006T131153Z-f8d86b26-15-IMP-CROSS-r3,IMP-CROSS,3,automatic,239d78f4-ab44-59ec-ab7f-e11e454e26f1,18ae7a6e-63be-49f9-94a9-d61c7fc524ef,reference_answer,known_missing,True,True,,,matched
t160-quality-20261006T131153Z-f8d86b26-15-IMP-CROSS-r3,IMP-CROSS,3,automatic,239d78f4-ab44-59ec-ab7f-e11e454e26f1,18ae7a6e-63be-49f9-94a9-d61c7fc524ef,analysis,known_missing,True,True,,,matched
t160-quality-20261006T131153Z-f8d86b26-15-IMP-CROSS-r3,IMP-CROSS,3,automatic,239d78f4-ab44-59ec-ab7f-e11e454e26f1,18ae7a6e-63be-49f9-94a9-d61c7fc524ef,score,source_provided,True,True,5.00,5.00,matched
t160-quality-20261006T131153Z-f8d86b26-15-IMP-CROSS-r3,IMP-CROSS,3,automatic,239d78f4-ab44-59ec-ab7f-e11e454e26f1,18ae7a6e-63be-49f9-94a9-d61c7fc524ef,scoring_rubric,source_provided,True,True,正确中间计算 2.00；最终输出 3.00。,正确中间计算 2.00；最终输出 3.00。,matched
t160-quality-20261006T131153Z-f8d86b26-15-IMP-CROSS-r3,IMP-CROSS,3,automatic,239d78f4-ab44-59ec-ab7f-e11e454e26f1,18ae7a6e-63be-49f9-94a9-d61c7fc524ef,knowledge_points,known_missing,True,False,[],,matched
t160-quality-20261006T131153Z-f8d86b26-15-IMP-CROSS-r3,IMP-CROSS,3,automatic,239d78f4-ab44-59ec-ab7f-e11e454e26f1,18ae7a6e-63be-49f9-94a9-d61c7fc524ef,source_regions,unknown,False,,,,reference_unknown
t160-quality-20261006T131153Z-f8d86b26-15-IMP-CROSS-r3,IMP-CROSS,3,automatic,239d78f4-ab44-59ec-ab7f-e11e454e26f1,18ae7a6e-63be-49f9-94a9-d61c7fc524ef,assets,source_provided,True,False,"[{""asset_type"": ""diagram"", ""source_page_number"": 2, ""order_index"": 1}]",,matched
t160-quality-20261006T131153Z-f8d86b26-15-IMP-CROSS-r3,IMP-CROSS,3,assisted_corrected,239d78f4-ab44-59ec-ab7f-e11e454e26f1,18ae7a6e-63be-49f9-94a9-d61c7fc524ef,question_number,source_provided,True,True,4,4,matched
t160-quality-20261006T131153Z-f8d86b26-15-IMP-CROSS-r3,IMP-CROSS,3,assisted_corrected,239d78f4-ab44-59ec-ab7f-e11e454e26f1,18ae7a6e-63be-49f9-94a9-d61c7fc524ef,order_index,source_provided,True,True,1,1,matched
t160-quality-20261006T131153Z-f8d86b26-15-IMP-CROSS-r3,IMP-CROSS,3,assisted_corrected,239d78f4-ab44-59ec-ab7f-e11e454e26f1,18ae7a6e-63be-49f9-94a9-d61c7fc524ef,source_page_numbers,source_provided,True,True,"[1, 2]","[1, 2]",matched
t160-quality-20261006T131153Z-f8d86b26-15-IMP-CROSS-r3,IMP-CROSS,3,assisted_corrected,239d78f4-ab44-59ec-ab7f-e11e454e26f1,18ae7a6e-63be-49f9-94a9-d61c7fc524ef,question_type,unknown,False,,,SHORT_ANSWER,reference_unknown
t160-quality-20261006T131153Z-f8d86b26-15-IMP-CROSS-r3,IMP-CROSS,3,assisted_corrected,239d78f4-ab44-59ec-ab7f-e11e454e26f1,18ae7a6e-63be-49f9-94a9-d61c7fc524ef,content,source_provided,True,True,"阅读下页流程图：输入 x = 3，计算输出 y。
按下图流程完成计算。","阅读下页流程图：输入 x = 3，计算输出 y。
按下图流程完成计算。",matched
t160-quality-20261006T131153Z-f8d86b26-15-IMP-CROSS-r3,IMP-CROSS,3,assisted_corrected,239d78f4-ab44-59ec-ab7f-e11e454e26f1,18ae7a6e-63be-49f9-94a9-d61c7fc524ef,options,not_applicable,True,True,,,matched
t160-quality-20261006T131153Z-f8d86b26-15-IMP-CROSS-r3,IMP-CROSS,3,assisted_corrected,239d78f4-ab44-59ec-ab7f-e11e454e26f1,18ae7a6e-63be-49f9-94a9-d61c7fc524ef,reference_answer,known_missing,True,True,,,matched
t160-quality-20261006T131153Z-f8d86b26-15-IMP-CROSS-r3,IMP-CROSS,3,assisted_corrected,239d78f4-ab44-59ec-ab7f-e11e454e26f1,18ae7a6e-63be-49f9-94a9-d61c7fc524ef,analysis,known_missing,True,True,,,matched
t160-quality-20261006T131153Z-f8d86b26-15-IMP-CROSS-r3,IMP-CROSS,3,assisted_corrected,239d78f4-ab44-59ec-ab7f-e11e454e26f1,18ae7a6e-63be-49f9-94a9-d61c7fc524ef,score,source_provided,True,True,5.00,5.00,matched
t160-quality-20261006T131153Z-f8d86b26-15-IMP-CROSS-r3,IMP-CROSS,3,assisted_corrected,239d78f4-ab44-59ec-ab7f-e11e454e26f1,18ae7a6e-63be-49f9-94a9-d61c7fc524ef,scoring_rubric,source_provided,True,True,正确中间计算 2.00；最终输出 3.00。,正确中间计算 2.00；最终输出 3.00。,matched
t160-quality-20261006T131153Z-f8d86b26-15-IMP-CROSS-r3,IMP-CROSS,3,assisted_corrected,239d78f4-ab44-59ec-ab7f-e11e454e26f1,18ae7a6e-63be-49f9-94a9-d61c7fc524ef,knowledge_points,known_missing,True,True,[],[],matched
t160-quality-20261006T131153Z-f8d86b26-15-IMP-CROSS-r3,IMP-CROSS,3,assisted_corrected,239d78f4-ab44-59ec-ab7f-e11e454e26f1,18ae7a6e-63be-49f9-94a9-d61c7fc524ef,source_regions,unknown,False,,,,reference_unknown
t160-quality-20261006T131153Z-f8d86b26-15-IMP-CROSS-r3,IMP-CROSS,3,assisted_corrected,239d78f4-ab44-59ec-ab7f-e11e454e26f1,18ae7a6e-63be-49f9-94a9-d61c7fc524ef,assets,source_provided,True,False,"[{""asset_type"": ""diagram"", ""source_page_number"": 2, ""order_index"": 1}]",,matched
