tests/contract/test_admin_api_contract.py::test_admin_api_manages_users_roles_and_status
tests/contract/test_admin_api_contract.py::test_non_admin_cannot_access_admin_api[Teacher]
tests/contract/test_admin_api_contract.py::test_non_admin_cannot_access_admin_api[Student]
tests/contract/test_admin_api_contract.py::test_admin_api_rejects_invalid_input_and_missing_user
tests/contract/test_auth_api_contract.py::test_login_accepts_json_and_form_and_me_returns_safe_user
tests/contract/test_auth_api_contract.py::test_missing_invalid_expired_and_disabled_credentials_are_rejected
tests/contract/test_auth_api_contract.py::test_login_uses_typed_jwt_config_and_does_not_expose_key
tests/contract/test_auth_api_contract.py::test_role_guards_enforce_teacher_and_admin_boundaries[Teacher-200-403]
tests/contract/test_auth_api_contract.py::test_role_guards_enforce_teacher_and_admin_boundaries[Student-403-403]
tests/contract/test_auth_api_contract.py::test_role_guards_enforce_teacher_and_admin_boundaries[Admin-403-200]
tests/contract/test_auth_contract.py::test_login_contract_accepts_username_or_email_and_rejects_bad_credentials
tests/contract/test_auth_contract.py::test_token_contract_rejects_tampering_expiration_and_disabled_users
tests/contract/test_auth_contract.py::test_rbac_contract_distinguishes_teacher_student_and_admin_boundaries[Teacher-grading:low_confidence:review-users:manage]
tests/contract/test_auth_contract.py::test_rbac_contract_distinguishes_teacher_student_and_admin_boundaries[Student-submissions:submit-grading:low_confidence:review]
tests/contract/test_auth_contract.py::test_rbac_contract_distinguishes_teacher_student_and_admin_boundaries[Admin-users:manage-exams:create]
tests/contract/test_chapter_scope_contract.py::test_chapter_scope_http_boundary_and_real_actor
tests/contract/test_chapter_scope_contract.py::test_chapter_scope_rejects_other_teacher_course
tests/contract/test_content_validation_api.py::test_image_assessment_is_teacher_only_and_has_no_fabricated_check
tests/contract/test_content_validation_api.py::test_human_command_records_real_teacher_time_and_rejects_replay
tests/contract/test_content_validation_api.py::test_teacher_cannot_replace_machine_history_or_spoof_identity
tests/contract/test_content_validation_api.py::test_validation_history_permissions_empty_and_missing_report_are_distinct
tests/contract/test_content_validation_api.py::test_manual_check_requires_current_whole_group_and_readable_original
tests/contract/test_content_validation_api.py::test_current_report_disposition_appends_real_comment_without_rewriting_result
tests/contract/test_docker_demo_config.py::test_demo_cloud_configuration_is_separate_from_host_bge
tests/contract/test_docker_demo_config.py::test_missing_demo_configuration_fails_explicitly_without_host_fallback[DEMO_EMBEDDING_MODEL]
tests/contract/test_docker_demo_config.py::test_missing_demo_configuration_fails_explicitly_without_host_fallback[DEMO_EMBEDDING_API_KEY]
tests/contract/test_document_parsers.py::test_txt_parser_contract_returns_text_with_paragraph_locations
tests/contract/test_document_parsers.py::test_markdown_parser_contract_strips_syntax_and_keeps_heading_locations
tests/contract/test_document_parsers.py::test_pdf_parser_contract_extracts_text_with_page_locations
tests/contract/test_document_parsers.py::test_supported_formats_contract_covers_pdf_txt_and_markdown
tests/contract/test_document_parsers.py::test_unsupported_format_contract_blocks_knowledge_creation[lesson.docx]
tests/contract/test_document_parsers.py::test_unsupported_format_contract_blocks_knowledge_creation[slides.pptx]
tests/contract/test_document_parsers.py::test_unsupported_format_contract_blocks_knowledge_creation[archive]
tests/contract/test_document_parsers.py::test_empty_file_contract_reports_not_retryable_empty_error[empty.txt]
tests/contract/test_document_parsers.py::test_empty_file_contract_reports_not_retryable_empty_error[empty.md]
tests/contract/test_document_parsers.py::test_empty_file_contract_reports_not_retryable_empty_error[empty.pdf]
tests/contract/test_document_parsers.py::test_corrupted_file_contract_reports_retryable_corruption[\u635f\u574f\u8d44\u6599.pdf-%PDF-1.4\n\x00\x01\x02\x03\x04\x05\x06\x07\x08\t\n\x0b\x0c\r\x0e\x0f\x10\x11\x12\x13\x14\x15\x16\x17\x18\x19\x1a\x1b\x1c\x1d\x1e\x1f !"#$%&'()*+,-./0123456789:;<=>?]
tests/contract/test_document_parsers.py::test_corrupted_file_contract_reports_retryable_corruption[\u635f\u574f\u8d44\u6599.txt-\xff\xfe\x00\x00\x01]
tests/contract/test_document_parsers.py::test_no_text_document_contract_reports_not_retryable_no_text[whitespace-txt]
tests/contract/test_document_parsers.py::test_no_text_document_contract_reports_not_retryable_no_text[empty-heading-markdown]
tests/contract/test_document_parsers.py::test_no_text_document_contract_reports_not_retryable_no_text[textless-pdf]
tests/contract/test_document_parsers.py::test_error_code_contract_matches_plan_retry_semantics
tests/contract/test_document_parsers.py::test_supported_documents_contract_never_return_blank_text[txt]
tests/contract/test_document_parsers.py::test_supported_documents_contract_never_return_blank_text[markdown]
tests/contract/test_document_parsers.py::test_supported_documents_contract_never_return_blank_text[pdf]
tests/contract/test_embedding_provider.py::test_embedding_provider_contract_holds_for_every_provider[hashing]
tests/contract/test_embedding_provider.py::test_embedding_provider_contract_holds_for_every_provider[cloud]
tests/contract/test_embedding_provider.py::test_embedding_provider_contract_holds_for_every_provider[local]
tests/contract/test_embedding_provider.py::test_embedding_provider_contract_holds_for_every_provider[bge]
tests/contract/test_embedding_provider.py::test_embedding_provider_contract_rejects_invalid_documents[hashing-documents0]
tests/contract/test_embedding_provider.py::test_embedding_provider_contract_rejects_invalid_documents[hashing-documents1]
tests/contract/test_embedding_provider.py::test_embedding_provider_contract_rejects_invalid_documents[hashing-\u4e0d\u662f\u5e8f\u5217]
tests/contract/test_embedding_provider.py::test_embedding_provider_contract_rejects_invalid_documents[hashing-documents3]
tests/contract/test_embedding_provider.py::test_embedding_provider_contract_rejects_invalid_documents[cloud-documents0]
tests/contract/test_embedding_provider.py::test_embedding_provider_contract_rejects_invalid_documents[cloud-documents1]
tests/contract/test_embedding_provider.py::test_embedding_provider_contract_rejects_invalid_documents[cloud-\u4e0d\u662f\u5e8f\u5217]
tests/contract/test_embedding_provider.py::test_embedding_provider_contract_rejects_invalid_documents[cloud-documents3]
tests/contract/test_embedding_provider.py::test_embedding_provider_contract_rejects_invalid_documents[local-documents0]
tests/contract/test_embedding_provider.py::test_embedding_provider_contract_rejects_invalid_documents[local-documents1]
tests/contract/test_embedding_provider.py::test_embedding_provider_contract_rejects_invalid_documents[local-\u4e0d\u662f\u5e8f\u5217]
tests/contract/test_embedding_provider.py::test_embedding_provider_contract_rejects_invalid_documents[local-documents3]
tests/contract/test_embedding_provider.py::test_embedding_provider_contract_rejects_invalid_documents[bge-documents0]
tests/contract/test_embedding_provider.py::test_embedding_provider_contract_rejects_invalid_documents[bge-documents1]
tests/contract/test_embedding_provider.py::test_embedding_provider_contract_rejects_invalid_documents[bge-\u4e0d\u662f\u5e8f\u5217]
tests/contract/test_embedding_provider.py::test_embedding_provider_contract_rejects_invalid_documents[bge-documents3]
tests/contract/test_embedding_provider.py::test_embedding_provider_contract_rejects_invalid_query[hashing-]
tests/contract/test_embedding_provider.py::test_embedding_provider_contract_rejects_invalid_query[hashing-   ]
tests/contract/test_embedding_provider.py::test_embedding_provider_contract_rejects_invalid_query[hashing-\n\t]
tests/contract/test_embedding_provider.py::test_embedding_provider_contract_rejects_invalid_query[hashing-123]
tests/contract/test_embedding_provider.py::test_embedding_provider_contract_rejects_invalid_query[cloud-]
tests/contract/test_embedding_provider.py::test_embedding_provider_contract_rejects_invalid_query[cloud-   ]
tests/contract/test_embedding_provider.py::test_embedding_provider_contract_rejects_invalid_query[cloud-\n\t]
tests/contract/test_embedding_provider.py::test_embedding_provider_contract_rejects_invalid_query[cloud-123]
tests/contract/test_embedding_provider.py::test_embedding_provider_contract_rejects_invalid_query[local-]
tests/contract/test_embedding_provider.py::test_embedding_provider_contract_rejects_invalid_query[local-   ]
tests/contract/test_embedding_provider.py::test_embedding_provider_contract_rejects_invalid_query[local-\n\t]
tests/contract/test_embedding_provider.py::test_embedding_provider_contract_rejects_invalid_query[local-123]
tests/contract/test_embedding_provider.py::test_embedding_provider_contract_rejects_invalid_query[bge-]
tests/contract/test_embedding_provider.py::test_embedding_provider_contract_rejects_invalid_query[bge-   ]
tests/contract/test_embedding_provider.py::test_embedding_provider_contract_rejects_invalid_query[bge-\n\t]
tests/contract/test_embedding_provider.py::test_embedding_provider_contract_rejects_invalid_query[bge-123]
tests/contract/test_embedding_provider.py::test_cloud_provider_contract_rejects_batch_count_mismatch
tests/contract/test_embedding_provider.py::test_cloud_provider_contract_rejects_declared_dimension_mismatch
tests/contract/test_embedding_provider.py::test_cloud_provider_contract_batches_without_losing_documents
tests/contract/test_embedding_provider.py::test_cloud_provider_contract_maps_provider_errors_without_leaking_key
tests/contract/test_embedding_provider.py::test_local_provider_contract_uses_injected_model
tests/contract/test_embedding_provider.py::test_local_provider_contract_reports_missing_dependency
tests/contract/test_embedding_provider.py::test_local_provider_contract_maps_model_failure
tests/contract/test_embedding_provider.py::test_bge_provider_contract_prefixes_query_only
tests/contract/test_embedding_provider.py::test_bge_provider_contract_uses_default_model_when_settings_missing
tests/contract/test_embedding_provider.py::test_local_provider_rejects_model_dimension_instead_of_overwriting_config
tests/contract/test_embedding_provider.py::test_local_aliases_preserve_bge_query_instruction[huggingface]
tests/contract/test_embedding_provider.py::test_local_aliases_preserve_bge_query_instruction[local]
tests/contract/test_embedding_provider.py::test_factory_contract_registers_and_rejects_invalid_selection
tests/contract/test_embedding_provider.py::test_factory_contract_requires_ready_provider
tests/contract/test_embedding_provider.py::test_default_factory_contract_exposes_builtin_providers
tests/contract/test_embedding_provider.py::test_default_factory_contract_rejects_local_without_model
tests/contract/test_embedding_provider.py::test_default_factory_contract_rejects_cloud_without_credentials
tests/contract/test_embedding_provider.py::test_default_factory_contract_creates_ready_cloud_provider
tests/contract/test_embedding_provider.py::test_provider_switch_keeps_same_interface_contract
tests/contract/test_embedding_provider.py::test_register_embedding_provider_extends_default_factory
tests/contract/test_exam_assembly_api.py::test_assemble_preserves_decimal_and_authenticated_teacher
tests/contract/test_exam_assembly_api.py::test_invalid_total_never_reaches_service[7.25]
tests/contract/test_exam_assembly_api.py::test_invalid_total_never_reaches_service[7]
tests/contract/test_exam_assembly_api.py::test_invalid_total_never_reaches_service[True]
tests/contract/test_exam_assembly_api.py::test_invalid_total_never_reaches_service[7.251]
tests/contract/test_exam_assembly_api.py::test_invalid_total_never_reaches_service[NaN]
tests/contract/test_exam_assembly_api.py::test_invalid_total_never_reaches_service[0]
tests/contract/test_exam_assembly_api.py::test_student_and_anonymous_cannot_assemble
tests/contract/test_exam_assembly_api.py::test_business_failure_retains_structured_intent_status[True]
tests/contract/test_exam_assembly_api.py::test_business_failure_retains_structured_intent_status[False]
tests/contract/test_exam_assembly_api.py::test_business_failure_retains_structured_intent_status[None]
tests/contract/test_exam_participation_contract.py::test_assigned_exam_is_hidden_and_cannot_be_started_by_other_student
tests/contract/test_exam_participation_contract.py::test_unassigned_exam_remains_open_and_can_be_submitted
tests/contract/test_exam_participation_contract.py::test_existing_draft_cannot_submit_after_assignment_changes
tests/contract/test_exam_participation_contract.py::test_assignment_persists_timestamp_and_rejects_duplicates
tests/contract/test_exam_question_patch_api.py::test_invalid_patch_never_reaches_service[body0]
tests/contract/test_exam_question_patch_api.py::test_invalid_patch_never_reaches_service[body1]
tests/contract/test_exam_question_patch_api.py::test_invalid_patch_never_reaches_service[body2]
tests/contract/test_exam_question_patch_api.py::test_invalid_patch_never_reaches_service[body3]
tests/contract/test_exam_question_patch_api.py::test_invalid_patch_never_reaches_service[body4]
tests/contract/test_exam_question_patch_api.py::test_invalid_patch_never_reaches_service[body5]
tests/contract/test_exam_question_patch_api.py::test_invalid_patch_never_reaches_service[body6]
tests/contract/test_exam_question_patch_api.py::test_patch_preserves_presence_and_actual_actor[body0]
tests/contract/test_exam_question_patch_api.py::test_patch_preserves_presence_and_actual_actor[body1]
tests/contract/test_exam_question_patch_api.py::test_patch_preserves_presence_and_actual_actor[body2]
tests/contract/test_exam_question_patch_api.py::test_preview_teacher_only_and_student_cannot_patch
tests/contract/test_exam_scoring_api.py::test_get_and_prepare_use_actual_actor_and_decimal_strings
tests/contract/test_exam_scoring_api.py::test_invalid_inputs_do_not_reach_service[expected_effective_score-3.0]
tests/contract/test_exam_scoring_api.py::test_invalid_inputs_do_not_reach_service[expected_effective_score-3.001]
tests/contract/test_exam_scoring_api.py::test_invalid_inputs_do_not_reach_service[additive-1]
tests/contract/test_exam_scoring_api.py::test_invalid_inputs_do_not_reach_service[expected_question_validation_revision-True]
tests/contract/test_exam_scoring_api.py::test_basis_endpoints_deny_student_and_keep_domain_error
tests/contract/test_exam_scoring_api.py::test_confirm_transports_current_basis_and_actual_actor
tests/contract/test_file_storage_api.py::test_owned_document_file_get_returns_real_bytes
tests/contract/test_file_storage_api.py::test_file_authentication_and_resource_ownership
tests/contract/test_file_storage_api.py::test_missing_unknown_and_nonexistent_are_distinct
tests/contract/test_file_storage_api.py::test_unfinished_export_is_not_a_missing_successful_file[writing]
tests/contract/test_file_storage_api.py::test_unfinished_export_is_not_a_missing_successful_file[failed]
tests/contract/test_file_storage_api.py::test_ready_submission_export_is_only_own_or_managed_course
tests/contract/test_file_storage_api.py::test_metadata_registration_rejects_unregistered_or_external_files
tests/contract/test_file_storage_api.py::test_metadata_registration_links_owned_bytes_and_keeps_empty_metadata
tests/contract/test_file_storage_api.py::test_metadata_registration_cannot_link_another_teachers_file
tests/contract/test_file_storage_api.py::test_linked_identity_history_protects_shared_original_after_metadata_deletion
tests/contract/test_grading_api_contract.py::test_trigger_creates_task_and_returns_queued
tests/contract/test_grading_api_contract.py::test_trigger_reuses_in_flight_task
tests/contract/test_grading_api_contract.py::test_trigger_completed_task_requires_regrade
tests/contract/test_grading_api_contract.py::test_trigger_rejects_draft_submission
tests/contract/test_grading_api_contract.py::test_trigger_unknown_submission_returns_not_found
tests/contract/test_grading_api_contract.py::test_trigger_enforces_role_boundaries
tests/contract/test_grading_api_contract.py::test_trigger_denies_cross_course_teacher
tests/contract/test_grading_api_contract.py::test_trigger_rejects_invalid_payload
tests/contract/test_grading_api_contract.py::test_task_status_endpoint_reports_state
tests/contract/test_grading_api_contract.py::test_single_result_endpoint_returns_validated_result
tests/contract/test_grading_api_contract.py::test_default_dependency_reports_store_not_ready
tests/contract/test_grading_api_contract.py::test_task_query_denies_teacher_from_other_course
tests/contract/test_grading_api_contract.py::test_trigger_without_configured_store_never_reads_business_data
tests/contract/test_grading_api_contract.py::test_single_result_query_denies_teacher_from_other_course
tests/contract/test_grading_api_contract.py::test_trigger_persists_results_and_reads_them_from_database
tests/contract/test_grading_api_contract.py::test_subjective_failure_keeps_business_error_code_without_partial_results
tests/contract/test_grading_api_contract.py::test_trigger_api_persists_explicit_retrieval_scope
tests/contract/test_grading_api_contract.py::test_trigger_api_rejects_unknown_scope_field
tests/contract/test_grading_api_contract.py::test_trigger_prevalidates_scope_before_creating_task_for_objective_submission[missing_chapter-422-RETRIEVAL_SCOPE_INVALID]
tests/contract/test_grading_api_contract.py::test_trigger_prevalidates_scope_before_creating_task_for_objective_submission[foreign_chapter-422-RETRIEVAL_SCOPE_INVALID]
tests/contract/test_grading_api_contract.py::test_trigger_prevalidates_scope_before_creating_task_for_objective_submission[missing_directory-503-RETRIEVAL_SCOPE_NOT_READY]
tests/contract/test_grading_api_contract.py::test_trigger_prevalidates_scope_before_creating_task_for_objective_submission[out_of_directory-422-RETRIEVAL_SCOPE_INVALID]
tests/contract/test_grading_api_contract.py::test_trigger_api_reused_scope_conflict_distinguishes_omitted_and_explicit[payload0-202]
tests/contract/test_grading_api_contract.py::test_trigger_api_reused_scope_conflict_distinguishes_omitted_and_explicit[payload1-409]
tests/contract/test_grading_api_contract.py::test_trigger_api_reused_scope_conflict_distinguishes_omitted_and_explicit[payload2-409]
tests/contract/test_grading_api_contract.py::test_trigger_api_reused_scope_conflict_distinguishes_omitted_and_explicit[payload3-202]
tests/contract/test_grading_benchmark_contract.py::test_benchmark_metadata_comes_from_resolved_provider[actual-stub-model-v2-False]
tests/contract/test_grading_benchmark_contract.py::test_benchmark_metadata_comes_from_resolved_provider[actual-stub-model-v2-True]
tests/contract/test_grading_benchmark_contract.py::test_benchmark_metadata_comes_from_resolved_provider[-False]
tests/contract/test_grading_benchmark_contract.py::test_benchmark_metadata_comes_from_resolved_provider[-True]
tests/contract/test_grading_benchmark_contract.py::test_selftest_default_provider_is_explicit_stub
tests/contract/test_grading_benchmark_contract.py::test_unresolved_benchmark_provider_has_unknown_identity
tests/contract/test_grading_benchmark_contract.py::test_three_strategies_are_executed_with_complete_metric_fields
tests/contract/test_grading_benchmark_contract.py::test_metrics_are_null_without_teacher_ground_truth
tests/contract/test_grading_benchmark_contract.py::test_teacher_labels_enable_quality_metrics
tests/contract/test_grading_benchmark_contract.py::test_p4a3_persisted_label_metrics_and_selftest_evidence[False]
tests/contract/test_grading_benchmark_contract.py::test_p4a3_persisted_label_metrics_and_selftest_evidence[True]
tests/contract/test_grading_benchmark_contract.py::test_p4a3_legacy_corpus_failure_keeps_original_error_code[True]
tests/contract/test_grading_benchmark_contract.py::test_p4a3_legacy_corpus_failure_keeps_original_error_code[False]
tests/contract/test_grading_benchmark_contract.py::test_invalid_payload_writes_failure_record_without_fake_score
tests/contract/test_grading_benchmark_contract.py::test_provider_failure_marks_run_failed_with_error_code
tests/contract/test_grading_benchmark_contract.py::test_failure_status_counts_and_cli_agree[invalid]
tests/contract/test_grading_benchmark_contract.py::test_failure_status_counts_and_cli_agree[provider]
tests/contract/test_grading_benchmark_contract.py::test_failure_status_counts_and_cli_agree[partial]
tests/contract/test_grading_benchmark_contract.py::test_failure_status_counts_and_cli_agree[mixed]
tests/contract/test_grading_benchmark_contract.py::test_results_omit_prompts_and_student_answers
tests/contract/test_grading_benchmark_contract.py::test_repeated_runs_append_csv_summary
tests/contract/test_grading_benchmark_contract.py::test_shared_provider_uses_one_loop_for_all_samples_and_strategies
tests/contract/test_grading_benchmark_contract.py::test_real_mode_embedding_not_ready_fails_without_stub_fallback
tests/contract/test_grading_benchmark_contract.py::test_real_mode_selects_production_retrievers_and_reranker[zero_shot]
tests/contract/test_grading_benchmark_contract.py::test_real_mode_selects_production_retrievers_and_reranker[rag]
tests/contract/test_grading_benchmark_contract.py::test_real_mode_selects_production_retrievers_and_reranker[hybrid_rerank]
tests/contract/test_grading_benchmark_contract.py::test_embedding_modes_use_factory_or_selftest_stub
tests/contract/test_grading_benchmark_contract.py::test_lazy_component_not_ready_cannot_be_hidden_by_zero_shot_success[embedding]
tests/contract/test_grading_benchmark_contract.py::test_lazy_component_not_ready_cannot_be_hidden_by_zero_shot_success[reranker]
tests/contract/test_grading_benchmark_contract.py::test_script_entrypoint_runs_selftest
tests/contract/test_image_understanding_api.py::test_image_understanding_auth_and_request_cannot_select_fake_inputs
tests/contract/test_image_understanding_api.py::test_unconfigured_model_failure_is_durable_and_manual_check_remains_available
tests/contract/test_image_understanding_api.py::test_missing_original_keeps_failure_and_never_calls_provider
tests/contract/test_image_understanding_api.py::test_supported_whole_group_output_uses_authorized_ids_and_still_needs_teacher
tests/contract/test_image_understanding_api.py::test_invalid_model_image_index_is_recorded_as_output_error
tests/contract/test_knowledge_base_upload_contract.py::test_upload_document_ingests_real_content_and_returns_ready[postgres]
tests/contract/test_knowledge_base_upload_contract.py::test_upload_document_reports_not_ready_provider
tests/contract/test_knowledge_base_upload_contract.py::test_upload_document_reports_empty_file_failure
tests/contract/test_knowledge_base_upload_contract.py::test_upload_document_rejects_unsupported_format
tests/contract/test_knowledge_base_upload_contract.py::test_upload_document_requires_teacher_permission
tests/contract/test_knowledge_base_upload_contract.py::test_upload_document_requires_file_field
tests/contract/test_knowledge_base_upload_contract.py::test_uploaded_chunks_are_listed_with_source_metadata[postgres]
tests/contract/test_knowledge_base_upload_contract.py::test_status_api_rejects_internal_only_states[Embedding-Ready]
tests/contract/test_knowledge_base_upload_contract.py::test_status_api_rejects_internal_only_states[Uploaded-Uploaded]
tests/contract/test_knowledge_base_upload_contract.py::test_status_api_rejects_internal_only_states[Parsing-Chunking]
tests/contract/test_ocr_provider.py::test_abstract_contract_and_result_round_trip
tests/contract/test_ocr_provider.py::test_bad_confidence_is_rejected[-0.01]
tests/contract/test_ocr_provider.py::test_bad_confidence_is_rejected[1.01]
tests/contract/test_ocr_provider.py::test_bad_confidence_is_rejected[nan]
tests/contract/test_ocr_provider.py::test_bad_confidence_is_rejected[inf]
tests/contract/test_ocr_provider.py::test_bad_confidence_is_rejected[bad]
tests/contract/test_ocr_provider.py::test_bad_confidence_is_rejected[True]
tests/contract/test_ocr_provider.py::test_bad_original_page_coordinates_are_rejected[box0]
tests/contract/test_ocr_provider.py::test_bad_original_page_coordinates_are_rejected[box1]
tests/contract/test_ocr_provider.py::test_bad_original_page_coordinates_are_rejected[box2]
tests/contract/test_ocr_provider.py::test_bad_original_page_coordinates_are_rejected[box3]
tests/contract/test_ocr_provider.py::test_bad_original_page_coordinates_are_rejected[box4]
tests/contract/test_ocr_provider.py::test_bad_original_page_coordinates_are_rejected[box5]
tests/contract/test_ocr_provider.py::test_bad_original_page_coordinates_are_rejected[box6]
tests/contract/test_ocr_provider.py::test_bad_original_page_coordinates_are_rejected[box7]
tests/contract/test_ocr_provider.py::test_bad_original_page_coordinates_are_rejected[box8]
tests/contract/test_ocr_provider.py::test_strict_text_and_readiness
tests/contract/test_ocr_provider.py::test_unavailable_selection_does_not_return_fake_ocr[overrides0]
tests/contract/test_ocr_provider.py::test_unavailable_selection_does_not_return_fake_ocr[overrides1]
tests/contract/test_ocr_provider.py::test_unavailable_selection_does_not_return_fake_ocr[overrides2]
tests/contract/test_ocr_provider.py::test_unavailable_selection_does_not_return_fake_ocr[overrides3]
tests/contract/test_ocr_provider.py::test_unavailable_selection_does_not_return_fake_ocr[overrides4]
tests/contract/test_ocr_provider.py::test_explicit_selection_is_lazy_and_configuration_is_log_safe
tests/contract/test_ocr_provider.py::test_v1_startup_and_text_parser_do_not_import_optional_sdk
tests/contract/test_paper_import_api.py::test_upload_saved_first_real_worker_progress_and_file_permissions
tests/contract/test_paper_import_api.py::test_scan_disabled_failure_retains_original_and_actual_pages
tests/contract/test_paper_import_api.py::test_rejected_uploads_do_not_create_import_and_worker_restart_is_truthful
tests/contract/test_paper_import_schemas.py::test_correction_preserves_omission_null_and_explicit_empty
tests/contract/test_paper_import_schemas.py::test_pixel_region_rejects_invalid_numeric_input[bbox0]
tests/contract/test_paper_import_schemas.py::test_pixel_region_rejects_invalid_numeric_input[bbox1]
tests/contract/test_paper_import_schemas.py::test_pixel_region_rejects_invalid_numeric_input[bbox2]
tests/contract/test_paper_import_schemas.py::test_pixel_region_rejects_invalid_numeric_input[bbox3]
tests/contract/test_paper_import_schemas.py::test_correction_rejects_invalid_or_server_owned_fields[bad0]
tests/contract/test_paper_import_schemas.py::test_correction_rejects_invalid_or_server_owned_fields[bad1]
tests/contract/test_paper_import_schemas.py::test_correction_rejects_invalid_or_server_owned_fields[bad2]
tests/contract/test_paper_import_schemas.py::test_correction_rejects_invalid_or_server_owned_fields[bad3]
tests/contract/test_paper_import_schemas.py::test_correction_rejects_invalid_or_server_owned_fields[bad4]
tests/contract/test_paper_import_schemas.py::test_correction_rejects_invalid_or_server_owned_fields[bad5]
tests/contract/test_paper_import_schemas.py::test_source_ids_duplicate_and_more_than_five_assets_are_rejected
tests/contract/test_question_adaptation_api.py::test_adaptation_route_and_persistent_parent_detail
tests/contract/test_question_adaptation_api.py::test_adaptation_permission_and_parent_boundaries
tests/contract/test_question_agent_retrieval_modes.py::test_question_agent_four_modes_use_correct_query_and_course_scope[vector_only]
tests/contract/test_question_agent_retrieval_modes.py::test_question_agent_four_modes_use_correct_query_and_course_scope[keyword_only]
tests/contract/test_question_agent_retrieval_modes.py::test_question_agent_four_modes_use_correct_query_and_course_scope[hybrid]
tests/contract/test_question_agent_retrieval_modes.py::test_question_agent_four_modes_use_correct_query_and_course_scope[hybrid_rerank]
tests/contract/test_question_agent_retrieval_modes.py::test_keyword_only_never_constructs_embedding_provider
tests/contract/test_question_agent_retrieval_modes.py::test_hybrid_rerank_uses_hybrid_retriever_with_configured_weight
tests/contract/test_question_agent_retrieval_modes.py::test_hybrid_rerank_awaits_adapter_and_only_cites_final_context
tests/contract/test_question_agent_retrieval_modes.py::test_hybrid_rerank_uses_same_settings_for_reranker
tests/contract/test_question_agent_retrieval_modes.py::test_invalid_mode_and_rerank_candidate_count_fail_explicitly
tests/contract/test_question_agent_retrieval_modes.py::test_hybrid_rerank_empty_context_does_not_load_reranker
tests/contract/test_question_agent_retrieval_modes.py::test_hybrid_rerank_unavailable_is_explicit_not_silent
tests/contract/test_question_agent_retrieval_modes.py::test_hybrid_rerank_bad_source_fails_without_generation
tests/contract/test_question_asset_visibility.py::test_default_false_teacher_switch_and_strict_bool
tests/contract/test_question_asset_visibility.py::test_only_enabled_assets_are_returned_and_download_requires_exam_grant
tests/contract/test_question_asset_visibility.py::test_exam_window_and_own_submitted_answer_are_distinct_grants
tests/contract/test_question_asset_visibility.py::test_full_pages_and_same_byte_aliases_stay_private_even_if_true
tests/contract/test_question_asset_visibility.py::test_staged_switch_survives_formal_mapping_without_rewriting_origin
tests/contract/test_question_assets_api.py::test_teacher_upload_list_and_student_source_denial
tests/contract/test_question_assets_api.py::test_parse_omission_and_approved_clear_share_teacher_api
tests/contract/test_question_assets_api.py::test_asset_schema_disallows_paths_or_identity_reassignment
tests/contract/test_question_correction_api.py::test_correction_persists_order_unknowns_and_atomic_batch
tests/contract/test_question_correction_api.py::test_partial_confirmation_rejection_and_invalid_request_rollback
tests/contract/test_question_correction_api.py::test_source_regions_assets_visibility_and_draft_mapping
tests/contract/test_question_correction_api.py::test_options_missing_files_and_forced_transaction_failure
tests/contract/test_question_correction_api.py::test_current_image_evidence_transfers_once_and_input_revision_prevents_reuse
tests/contract/test_question_correction_api.py::test_legacy_order_marker_preserved_and_explicit_reorder_invalidates
tests/contract/test_question_generation_api_contract.py::test_generate_requires_teacher_permission
tests/contract/test_question_generation_api_contract.py::test_routes_registered
tests/contract/test_question_generation_api_contract.py::test_generate_persists_batch_atomically_with_field_fidelity
tests/contract/test_question_generation_api_contract.py::test_insufficient_context_returns_422_without_side_effects
tests/contract/test_question_generation_api_contract.py::test_provider_not_ready_returns_503_without_side_effects
tests/contract/test_question_generation_api_contract.py::test_batch_write_failure_rolls_back_whole_batch
tests/contract/test_question_generation_api_contract.py::test_generation_rejects_cross_course_citation_atomically
tests/contract/test_question_generation_api_contract.py::test_generation_rejects_cross_course_teacher
tests/contract/test_question_generation_api_contract.py::test_generate_endpoint_returns_persisted_candidates
tests/contract/test_question_generation_api_contract.py::test_generate_validation_error_returns_422
tests/contract/test_question_generation_api_contract.py::test_candidate_list_scopes_to_teacher_courses
tests/contract/test_question_generation_api_contract.py::test_candidate_detail_isolated_between_courses
tests/contract/test_question_generation_api_contract.py::test_review_approve_then_conflict
tests/contract/test_question_generation_api_contract.py::test_review_revision_requires_comment_and_transitions
tests/contract/test_question_generation_api_contract.py::test_approve_optional_comment_is_persisted_without_changing_sources
tests/contract/test_question_generation_api_contract.py::test_review_comment_over_2000_chars_is_rejected_without_side_effects
tests/contract/test_question_generation_api_contract.py::test_question_detail_returns_authorized_sources_and_comments
tests/contract/test_question_generation_api_contract.py::test_question_detail_orders_multiple_revision_rounds
tests/contract/test_question_generation_api_contract.py::test_question_detail_distinguishes_history_from_new_no_sources
tests/contract/test_question_generation_api_contract.py::test_batch_sources_persisted_requires_every_candidate_to_have_sources
tests/contract/test_question_generation_api_contract.py::test_review_rejects_stale_expected_status
tests/contract/test_question_generation_api_contract.py::test_review_requires_teacher_and_course_ownership
tests/contract/test_question_generation_api_contract.py::test_generation_api_explicit_scope_reaches_query_without_legacy_label_filter
tests/contract/test_question_generation_api_contract.py::test_generation_api_scope_invalid_is_not_reported_as_gateway_failure
tests/contract/test_question_update_api_contract.py::test_approved_content_patch_returns_structured_conflict[content]
tests/contract/test_question_update_api_contract.py::test_approved_content_patch_returns_structured_conflict[options]
tests/contract/test_question_update_api_contract.py::test_approved_content_patch_returns_structured_conflict[reference_answer]
tests/contract/test_question_update_api_contract.py::test_approved_content_patch_returns_structured_conflict[scoring_rubric]
tests/contract/test_question_update_api_contract.py::test_approved_content_patch_returns_structured_conflict[type]
tests/contract/test_question_update_api_contract.py::test_approved_content_patch_returns_structured_conflict[score]
tests/contract/test_question_update_api_contract.py::test_approved_metadata_patch_is_allowed
tests/contract/test_question_update_api_contract.py::test_revision_edit_and_reapproval_use_existing_endpoints
tests/contract/test_results_api_contract.py::test_student_without_stored_result_sees_explicit_empty_state
tests/contract/test_results_api_contract.py::test_student_result_detail_reports_final_total_and_confirmed_items
tests/contract/test_results_api_contract.py::test_student_cannot_read_another_student_submission
tests/contract/test_results_api_contract.py::test_teacher_results_do_not_fake_zero_average
tests/contract/test_results_api_contract.py::test_teacher_summary_excludes_drafts_from_submitted_statistics[Submitted]
tests/contract/test_results_api_contract.py::test_teacher_summary_excludes_drafts_from_submitted_statistics[Graded]
tests/contract/test_results_api_contract.py::test_teacher_summary_excludes_drafts_from_submitted_statistics[Reviewed]
tests/contract/test_results_api_contract.py::test_teacher_summary_averages_only_final_scores
tests/contract/test_results_api_contract.py::test_result_endpoints_enforce_role_and_course_boundaries
tests/contract/test_results_api_contract.py::test_results_endpoints_report_store_not_ready
tests/contract/test_results_api_contract.py::test_teacher_detail_reports_unmigrated_result_store_as_503
tests/contract/test_results_api_contract.py::test_diagnosis_store_unavailable_maps_to_503_with_source_code
tests/contract/test_results_api_contract.py::test_student_result_reads_from_database_and_diagnosis_is_read_only
tests/contract/test_results_api_contract.py::test_diagnosis_returns_stale_after_new_aggregation
tests/contract/test_retrieval_benchmark_contract.py::test_benchmark_main_preserves_query_operation_and_failure_records[None]
tests/contract/test_retrieval_benchmark_contract.py::test_benchmark_main_preserves_query_operation_and_failure_records[provider]
tests/contract/test_retrieval_benchmark_contract.py::test_benchmark_main_preserves_query_operation_and_failure_records[query]
tests/contract/test_retrieval_contract.py::test_retrieval_modes_match_contract
tests/contract/test_retrieval_contract.py::test_retrieved_chunk_exposes_required_fields_and_source_tracking
tests/contract/test_retrieval_contract.py::test_implemented_modes_return_retriever[vector_only]
tests/contract/test_retrieval_contract.py::test_implemented_modes_return_retriever[keyword_only]
tests/contract/test_retrieval_contract.py::test_implemented_modes_return_retriever[hybrid]
tests/contract/test_retrieval_contract.py::test_implemented_modes_return_retriever[hybrid_rerank]
tests/contract/test_retrieval_contract.py::test_top_k_is_validated
tests/contract/test_retrieval_contract.py::test_query_inputs_are_validated_per_mode
tests/contract/test_retrieval_contract.py::test_filters_are_normalized_and_described
tests/contract/test_retrieval_contract.py::test_vector_search_returns_tracked_candidates
tests/contract/test_retrieval_contract.py::test_vector_search_empty_context_returns_empty_list
tests/contract/test_retrieval_contract.py::test_vector_search_rejects_text_query
tests/contract/test_retrieval_contract.py::test_vector_search_filter_scope_limits_results
tests/contract/test_retrieval_contract.py::test_vector_search_scores_are_sorted_and_bounded
tests/contract/test_retrieval_contract.py::test_postgres_vector_search_matches_exact_baseline
tests/contract/test_retrieval_contract.py::test_postgres_vector_search_keeps_sources_and_filters
tests/contract/test_retrieval_contract.py::test_keyword_search_requires_postgres_dialect
tests/contract/test_retrieval_contract.py::test_keyword_search_rejects_vector_and_empty_query
tests/contract/test_retrieval_contract.py::test_keyword_search_rejects_unknown_tsquery_builder
tests/contract/test_retrieval_contract.py::test_postgres_keyword_search_ranks_matching_term
tests/contract/test_retrieval_contract.py::test_postgres_keyword_search_supports_websearch_builder
tests/contract/test_retrieval_contract.py::test_postgres_keyword_search_empty_context_returns_empty_list
tests/contract/test_retrieval_contract.py::test_postgres_keyword_search_respects_filters_and_top_k
tests/contract/test_retrieval_contract.py::test_postgres_ingested_document_is_keyword_searchable
tests/contract/test_retrieval_contract.py::test_hybrid_requires_text_and_embedding_together
tests/contract/test_retrieval_contract.py::test_hybrid_does_not_silently_degrade_without_keyword_route
tests/contract/test_retrieval_contract.py::test_postgres_hybrid_fuses_both_routes
tests/contract/test_retrieval_contract.py::test_postgres_hybrid_empty_context_returns_empty_list
tests/contract/test_retrieval_contract.py::test_postgres_hybrid_rerank_scores_after_fusion
tests/contract/test_retrieval_contract.py::test_postgres_hybrid_rerank_requires_ready_reranker
tests/contract/test_retrieval_contract.py::test_non_ready_document_is_excluded_from_exact_search[Uploaded]
tests/contract/test_retrieval_contract.py::test_non_ready_document_is_excluded_from_exact_search[Parsing]
tests/contract/test_retrieval_contract.py::test_non_ready_document_is_excluded_from_exact_search[Chunking]
tests/contract/test_retrieval_contract.py::test_non_ready_document_is_excluded_from_exact_search[Embedding]
tests/contract/test_retrieval_contract.py::test_non_ready_document_is_excluded_from_exact_search[Failed]
tests/contract/test_retrieval_contract.py::test_postgres_non_ready_document_is_excluded_from_all_modes[vector_only-Uploaded]
tests/contract/test_retrieval_contract.py::test_postgres_non_ready_document_is_excluded_from_all_modes[vector_only-Parsing]
tests/contract/test_retrieval_contract.py::test_postgres_non_ready_document_is_excluded_from_all_modes[vector_only-Chunking]
tests/contract/test_retrieval_contract.py::test_postgres_non_ready_document_is_excluded_from_all_modes[vector_only-Embedding]
tests/contract/test_retrieval_contract.py::test_postgres_non_ready_document_is_excluded_from_all_modes[vector_only-Failed]
tests/contract/test_retrieval_contract.py::test_postgres_non_ready_document_is_excluded_from_all_modes[keyword_only-Uploaded]
tests/contract/test_retrieval_contract.py::test_postgres_non_ready_document_is_excluded_from_all_modes[keyword_only-Parsing]
tests/contract/test_retrieval_contract.py::test_postgres_non_ready_document_is_excluded_from_all_modes[keyword_only-Chunking]
tests/contract/test_retrieval_contract.py::test_postgres_non_ready_document_is_excluded_from_all_modes[keyword_only-Embedding]
tests/contract/test_retrieval_contract.py::test_postgres_non_ready_document_is_excluded_from_all_modes[keyword_only-Failed]
tests/contract/test_retrieval_contract.py::test_postgres_non_ready_document_is_excluded_from_all_modes[hybrid-Uploaded]
tests/contract/test_retrieval_contract.py::test_postgres_non_ready_document_is_excluded_from_all_modes[hybrid-Parsing]
tests/contract/test_retrieval_contract.py::test_postgres_non_ready_document_is_excluded_from_all_modes[hybrid-Chunking]
tests/contract/test_retrieval_contract.py::test_postgres_non_ready_document_is_excluded_from_all_modes[hybrid-Embedding]
tests/contract/test_retrieval_contract.py::test_postgres_non_ready_document_is_excluded_from_all_modes[hybrid-Failed]
tests/contract/test_retrieval_contract.py::test_postgres_non_ready_document_is_excluded_from_all_modes[hybrid_rerank-Uploaded]
tests/contract/test_retrieval_contract.py::test_postgres_non_ready_document_is_excluded_from_all_modes[hybrid_rerank-Parsing]
tests/contract/test_retrieval_contract.py::test_postgres_non_ready_document_is_excluded_from_all_modes[hybrid_rerank-Chunking]
tests/contract/test_retrieval_contract.py::test_postgres_non_ready_document_is_excluded_from_all_modes[hybrid_rerank-Embedding]
tests/contract/test_retrieval_contract.py::test_postgres_non_ready_document_is_excluded_from_all_modes[hybrid_rerank-Failed]
tests/contract/test_retrieval_scope_contract.py::test_all_modes_filter_scope_before_top_k_and_rerank[vector_only]
tests/contract/test_retrieval_scope_contract.py::test_all_modes_filter_scope_before_top_k_and_rerank[keyword_only]
tests/contract/test_retrieval_scope_contract.py::test_all_modes_filter_scope_before_top_k_and_rerank[hybrid]
tests/contract/test_retrieval_scope_contract.py::test_all_modes_filter_scope_before_top_k_and_rerank[hybrid_rerank]
tests/contract/test_retrieval_scope_contract.py::test_empty_intersection_does_not_expand_range_or_invoke_rerank[vector_only]
tests/contract/test_retrieval_scope_contract.py::test_empty_intersection_does_not_expand_range_or_invoke_rerank[keyword_only]
tests/contract/test_retrieval_scope_contract.py::test_empty_intersection_does_not_expand_range_or_invoke_rerank[hybrid]
tests/contract/test_retrieval_scope_contract.py::test_empty_intersection_does_not_expand_range_or_invoke_rerank[hybrid_rerank]
tests/contract/test_retrieval_scope_contract.py::test_confirmed_json_labels_match_any_exact_member[vector_only]
tests/contract/test_retrieval_scope_contract.py::test_confirmed_json_labels_match_any_exact_member[keyword_only]
tests/contract/test_retrieval_scope_contract.py::test_confirmed_json_labels_match_any_exact_member[hybrid]
tests/contract/test_retrieval_scope_contract.py::test_confirmed_json_labels_match_any_exact_member[hybrid_rerank]
tests/contract/test_retrieval_scope_contract.py::test_null_empty_or_non_array_labels_do_not_match[None]
tests/contract/test_retrieval_scope_contract.py::test_null_empty_or_non_array_labels_do_not_match[labels1]
tests/contract/test_retrieval_scope_contract.py::test_null_empty_or_non_array_labels_do_not_match[Newton II]
tests/contract/test_retrieval_scope_contract.py::test_null_empty_or_non_array_labels_do_not_match[labels3]
tests/contract/test_retrieval_scope_contract.py::test_scope_requires_authorized_course_and_rejects_foreign_chapter_document
tests/contract/test_retrieval_scope_contract.py::test_range_catalogue_errors_are_distinct_from_valid_empty_scope
tests/contract/test_retrieval_scope_contract.py::test_no_scope_keeps_legacy_unknown_chunks_and_ready_purpose_filter[vector_only]
tests/contract/test_retrieval_scope_contract.py::test_no_scope_keeps_legacy_unknown_chunks_and_ready_purpose_filter[keyword_only]
tests/contract/test_retrieval_scope_contract.py::test_no_scope_keeps_legacy_unknown_chunks_and_ready_purpose_filter[hybrid]
tests/contract/test_retrieval_scope_contract.py::test_no_scope_keeps_legacy_unknown_chunks_and_ready_purpose_filter[hybrid_rerank]
tests/contract/test_retrieval_scope_contract.py::test_generation_context_consumes_explicit_scope_in_all_modes[vector_only]
tests/contract/test_retrieval_scope_contract.py::test_generation_context_consumes_explicit_scope_in_all_modes[keyword_only]
tests/contract/test_retrieval_scope_contract.py::test_generation_context_consumes_explicit_scope_in_all_modes[hybrid]
tests/contract/test_retrieval_scope_contract.py::test_generation_context_consumes_explicit_scope_in_all_modes[hybrid_rerank]
tests/contract/test_retrieval_scope_contract.py::test_generation_scope_failure_preserves_reason_and_prevents_provider_calls
tests/contract/test_retrieval_scope_contract.py::test_chapter_union_and_unknown_section_preserve_real_scope
tests/contract/test_reviews_api_contract.py::test_endpoints_require_teacher_permission
tests/contract/test_reviews_api_contract.py::test_routes_registered
tests/contract/test_reviews_api_contract.py::test_queue_defaults_to_pending_review
tests/contract/test_reviews_api_contract.py::test_queue_isolated_between_teachers
tests/contract/test_reviews_api_contract.py::test_queue_rejects_invalid_page
tests/contract/test_reviews_api_contract.py::test_queue_filters_by_review_status
tests/contract/test_reviews_api_contract.py::test_detail_returns_authoritative_facts
tests/contract/test_reviews_api_contract.py::test_detail_ignores_background_task_run_for_same_submission
tests/contract/test_reviews_api_contract.py::test_detail_evidence_is_course_scoped
tests/contract/test_reviews_api_contract.py::test_detail_isolated_between_teachers
tests/contract/test_reviews_api_contract.py::test_detail_missing_grading_result_returns_404
tests/contract/test_reviews_api_contract.py::test_confirm_decision_delegates_with_authoritative_identity
tests/contract/test_reviews_api_contract.py::test_decision_rejects_wrong_review_round
tests/contract/test_reviews_api_contract.py::test_missing_round_explicitly_reports_degraded_mode[False]
tests/contract/test_reviews_api_contract.py::test_missing_round_explicitly_reports_degraded_mode[True]
tests/contract/test_reviews_api_contract.py::test_modify_decision_only_accepts_score_and_reason
tests/contract/test_reviews_api_contract.py::test_modify_requires_score_and_reason
tests/contract/test_reviews_api_contract.py::test_modify_rejects_score_above_max
tests/contract/test_reviews_api_contract.py::test_unsupported_action_is_rejected
tests/contract/test_reviews_api_contract.py::test_decision_rejects_stale_state
tests/contract/test_reviews_api_contract.py::test_duplicate_decision_is_idempotent[confirm]
tests/contract/test_reviews_api_contract.py::test_duplicate_decision_is_idempotent[modify]
tests/contract/test_reviews_api_contract.py::test_old_modified_does_not_swallow_new_pending_decision[new-score]
tests/contract/test_reviews_api_contract.py::test_old_modified_does_not_swallow_new_pending_decision[new-reason]
tests/contract/test_reviews_api_contract.py::test_old_modified_does_not_swallow_new_pending_decision[new-workflow]
tests/contract/test_reviews_api_contract.py::test_old_modified_does_not_swallow_new_pending_decision[pending-again]
tests/contract/test_reviews_api_contract.py::test_modified_retry_rejects_changed_or_superseded_identity[score]
tests/contract/test_reviews_api_contract.py::test_modified_retry_rejects_changed_or_superseded_identity[reason]
tests/contract/test_reviews_api_contract.py::test_modified_retry_rejects_changed_or_superseded_identity[expected]
tests/contract/test_reviews_api_contract.py::test_modified_retry_rejects_changed_or_superseded_identity[overwritten]
tests/contract/test_reviews_api_contract.py::test_modified_retry_rejects_changed_or_superseded_identity[workflow]
tests/contract/test_reviews_api_contract.py::test_duplicate_reports_current_pending_count
tests/contract/test_reviews_api_contract.py::test_decision_reports_partial_success
tests/contract/test_reviews_api_contract.py::test_decision_rejects_workflow_mismatch
tests/contract/test_reviews_api_contract.py::test_decision_requires_workflow_run
tests/contract/test_reviews_api_contract.py::test_decision_records_review_records_in_detail
tests/contract/test_reviews_api_contract.py::test_submission_status_is_untouched_by_query
tests/contract/test_run_demo.py::test_run_demo_script_exists_and_parses
tests/contract/test_run_demo.py::test_run_demo_waits_then_migrates_then_seeds_before_reporting_success
tests/contract/test_run_demo.py::test_run_demo_missing_config_stops_before_startup[DEV_MODE]
tests/contract/test_run_demo.py::test_run_demo_missing_config_stops_before_startup[EMBEDDING_API_KEY]
tests/contract/test_run_demo.py::test_run_demo_missing_config_stops_before_startup[JWT_SECRET_KEY]
tests/contract/test_run_demo.py::test_run_demo_command_failure_stops_later_steps[up-2]
tests/contract/test_run_demo.py::test_run_demo_command_failure_stops_later_steps[alembic-3]
tests/contract/test_run_demo.py::test_run_demo_command_failure_stops_later_steps[scripts.demo_seed-4]
tests/contract/test_storage_maintenance_contract.py::test_cli_help_does_not_require_token_or_dump
tests/contract/test_storage_maintenance_contract.py::test_complete_requires_real_database_times_and_coverage
tests/contract/test_storage_maintenance_contract.py::test_manifest_rejects_noncanonical_paths[../outside]
tests/contract/test_storage_maintenance_contract.py::test_manifest_rejects_noncanonical_paths[/absolute]
tests/contract/test_storage_maintenance_contract.py::test_manifest_rejects_noncanonical_paths[C:/outside]
tests/contract/test_storage_maintenance_contract.py::test_manifest_rejects_noncanonical_paths[uploads/../secret]
tests/contract/test_storage_maintenance_contract.py::test_manifest_rejects_noncanonical_paths[uploads\\secret]
tests/contract/test_storage_maintenance_contract.py::test_maintenance_marker_blocks_bytes_link_export_and_cleanup
tests/contract/test_t166_generation_review.py::test_auto_generation_persists_actual_semantic_result_and_current_detail[pass-None-passed-Pending Review]
tests/contract/test_t166_generation_review.py::test_auto_generation_persists_actual_semantic_result_and_current_detail[fail-None-failed-Needs Revision]
tests/contract/test_t166_generation_review.py::test_auto_generation_persists_actual_semantic_result_and_current_detail[pass-error2-technical_error-Pending Review]
tests/contract/test_t166_generation_review.py::test_batch_is_persisted_before_any_semantic_model_request
tests/contract/test_t166_generation_review.py::test_each_approval_route_rejects_pending_without_current_semantic_report[approve]
tests/contract/test_t166_generation_review.py::test_each_approval_route_rejects_pending_without_current_semantic_report[patch_status]
tests/contract/test_t166_generation_review.py::test_each_approval_route_rejects_pending_without_current_semantic_report[post_status]
tests/contract/test_t166_generation_review.py::test_each_approval_route_rejects_pending_without_current_semantic_report[candidate_review]
tests/contract/test_t166_generation_review.py::test_candidate_approval_records_real_freeze_and_manual_revision_records_real_comment
tests/contract/test_t166_generation_review.py::test_pending_list_status_does_not_mask_new_running_report_or_revision
tests/contract/test_t166_generation_review.py::test_text_adaptation_uses_its_own_report_and_never_inherits_parent_pass
tests/contract/test_t166_generation_review.py::test_image_adaptation_keeps_original_pixels_but_requires_its_own_image_and_semantic_review
tests/contract/test_t166_validation_command.py::test_explicit_command_persists_real_inputs_and_provider_facts
tests/contract/test_t166_validation_command.py::test_command_cannot_spoof_current_content_or_machine_authority[forged0]
tests/contract/test_t166_validation_command.py::test_command_cannot_spoof_current_content_or_machine_authority[forged1]
tests/contract/test_t166_validation_command.py::test_command_cannot_spoof_current_content_or_machine_authority[forged2]
tests/contract/test_t166_validation_command.py::test_command_cannot_spoof_current_content_or_machine_authority[forged3]
tests/contract/test_t166_validation_command.py::test_command_cannot_spoof_current_content_or_machine_authority[forged4]
tests/contract/test_t166_validation_command.py::test_command_requires_authenticated_course_teacher
tests/contract/test_t166_validation_command.py::test_command_starts_only_submitted_current_candidate[Draft]
tests/contract/test_t166_validation_command.py::test_command_starts_only_submitted_current_candidate[Approved]
tests/contract/test_t166_validation_command.py::test_image_command_requires_current_real_whole_group_review
tests/contract/test_t166_validation_command.py::test_public_command_preserves_basis_error_without_starting_a_report[False-CONTENT_INPUT_INCOMPLETE]
tests/contract/test_t166_validation_command.py::test_public_command_preserves_basis_error_without_starting_a_report[True-CONTENT_SOURCE_INVALID]
tests/contract/test_traces_api_contract.py::test_trace_view_by_workflow_and_request_is_sanitized
tests/contract/test_traces_api_contract.py::test_trace_view_teacher_student_admin_ownership
tests/contract/test_workflow_api_contract.py::test_endpoints_require_authentication
tests/contract/test_workflow_api_contract.py::test_start_and_resume_reject_non_teacher
tests/contract/test_workflow_api_contract.py::test_routes_registered
tests/contract/test_workflow_api_contract.py::test_start_requires_course_ownership
tests/contract/test_workflow_api_contract.py::test_start_run_pauses_for_review_with_persistent_checkpoint
tests/contract/test_workflow_api_contract.py::test_repeated_start_reuses_active_run
tests/contract/test_workflow_api_contract.py::test_start_ignores_background_task_run_for_same_submission
tests/contract/test_workflow_api_contract.py::test_start_persists_pending_review_outcome
tests/contract/test_workflow_api_contract.py::test_start_persists_final_result_for_accepted_run
tests/contract/test_workflow_api_contract.py::test_start_rejects_draft_submission
tests/contract/test_workflow_api_contract.py::test_start_rejects_graded_submission_and_explicit_regrade
tests/contract/test_workflow_api_contract.py::test_historical_terminal_run_does_not_block_submitted_submission[Completed]
tests/contract/test_workflow_api_contract.py::test_historical_terminal_run_does_not_block_submitted_submission[Failed]
tests/contract/test_workflow_api_contract.py::test_newer_terminal_run_does_not_hide_active_run
tests/contract/test_workflow_api_contract.py::test_student_sees_only_public_progress
tests/contract/test_workflow_api_contract.py::test_unknown_run_returns_404
tests/contract/test_workflow_api_contract.py::test_resume_requires_teacher_decision_for_review_pause
tests/contract/test_workflow_api_contract.py::test_resume_delegates_to_review_service_and_reports_partial_success
tests/contract/test_workflow_api_contract.py::test_resume_without_runtime_checkpoint_is_rejected
tests/contract/test_workflow_api_contract.py::test_unwired_service_returns_503_without_side_effects
tests/contract/test_workflow_api_contract.py::test_readiness_failure_is_reported_before_side_effects
tests/contract/test_workflow_api_contract.py::test_production_checkpointer_is_persisted
tests/contract/test_workflow_api_contract.py::test_start_generates_diagnosis_only_after_result_commit
tests/contract/test_workflow_api_contract.py::test_diagnosis_retryable_failure_keeps_committed_grades
tests/contract/test_workflow_api_contract.py::test_diagnosis_hard_failure_keeps_committed_grades_and_fails
tests/contract/test_workflow_api_contract.py::test_low_confidence_pause_does_not_generate_diagnosis
tests/contract/test_workflow_api_contract.py::test_startup_recovery_turns_diagnosis_pending_run_resumable
tests/contract/test_workflow_api_contract.py::test_startup_recovery_leaves_runs_without_final_result_untouched
tests/integration/test_audit_migration.py::test_audit_migration_upgrade_head_and_downgrade
tests/integration/test_backup_restore.py::test_real_same_set_restores_business_facts_and_authorized_bytes
tests/integration/test_backup_restore.py::test_missing_unknown_unowned_materials_remain_incomplete
tests/integration/test_backup_restore.py::test_active_database_connection_prevents_window_and_preserves_source
tests/integration/test_backup_restore.py::test_share_lock_blocks_actual_write_during_dump
tests/integration/test_backup_restore.py::test_copy_failure_retains_dump_partial_materials_and_original
tests/integration/test_backup_restore.py::test_tampered_backup_rejected_before_target_creation
tests/integration/test_backup_restore.py::test_restore_failure_keeps_closed_isolated_target
tests/integration/test_backup_restore.py::test_existing_target_is_not_overwritten
tests/integration/test_backup_restore.py::test_receipt_acknowledgement_connection_must_be_drained
tests/integration/test_backup_restore.py::test_actual_cli_uses_env_jwt_and_current_admin_role
tests/integration/test_backup_restore.py::test_existing_database_is_preserved
tests/integration/test_backup_restore.py::test_report_write_failure_does_not_open_target
tests/integration/test_benchmark_reproducibility.py::test_setup_ingests_production_corpus_and_maps_actual_uuids
tests/integration/test_benchmark_reproducibility.py::test_manifest_runs_four_production_modes_without_fixed_ids
tests/integration/test_benchmark_reproducibility.py::test_same_manifest_repeated_run_is_comparable_and_does_not_overwrite
tests/integration/test_benchmark_reproducibility.py::test_fresh_ingestion_has_new_uuids_but_same_comparison_identity
tests/integration/test_benchmark_reproducibility.py::test_changed_queries_change_comparison_identity
tests/integration/test_benchmark_reproducibility.py::test_wrong_embedding_fails_without_fabricated_metrics
tests/integration/test_benchmark_reproducibility.py::test_missing_schema_never_falls_back_to_public
tests/integration/test_benchmark_reproducibility.py::test_cleanup_rejects_non_benchmark_schema
tests/integration/test_benchmark_reproducibility.py::test_changed_source_fails_and_cleans_only_new_schema
tests/integration/test_benchmark_reproducibility.py::test_setup_refuses_existing_output
tests/integration/test_benchmark_reproducibility.py::test_retrieval_cli_consumes_manifest
tests/integration/test_benchmark_reproducibility.py::test_grading_real_retrieval_can_consume_same_manifest
tests/integration/test_benchmark_reproducibility.py::test_llm_rerank_reuses_loop_and_records_actual_provider
tests/integration/test_benchmark_reproducibility.py::test_modified_snapshot_does_not_reuse_comparison_fingerprint[query]
tests/integration/test_benchmark_reproducibility.py::test_modified_snapshot_does_not_reuse_comparison_fingerprint[label]
tests/integration/test_benchmark_reproducibility.py::test_actual_hybrid_config_is_part_of_comparison
tests/integration/test_benchmark_reproducibility.py::test_setup_cli_accepts_arbitrary_annotation_keys_and_cleanup
tests/integration/test_chapter_scope_migration.py::test_chapter_migration_preserves_unknown_legacy_data_and_enforces_storage
tests/integration/test_chapter_scope_workflow.py::test_resplit_original_publishes_complete_chunks_and_preserves_historical_snapshot
tests/integration/test_chapter_scope_workflow.py::test_resplit_failure_retains_original_chunks_and_reports_real_failed_state[embedding]
tests/integration/test_chapter_scope_workflow.py::test_resplit_failure_retains_original_chunks_and_reports_real_failed_state[commit]
tests/integration/test_chapter_scope_workflow.py::test_stale_ready_session_cannot_start_second_resplit_during_embedding
tests/integration/test_content_validation_persistence.py::test_two_preloaded_sessions_allocate_distinct_global_rounds
tests/integration/test_content_validation_persistence.py::test_preloaded_identity_reads_current_revision_under_question_lock
tests/integration/test_content_validation_persistence.py::test_database_rejects_bad_report_state_json_and_counters[changes0]
tests/integration/test_content_validation_persistence.py::test_database_rejects_bad_report_state_json_and_counters[changes1]
tests/integration/test_content_validation_persistence.py::test_database_rejects_bad_report_state_json_and_counters[changes2]
tests/integration/test_content_validation_persistence.py::test_database_rejects_bad_report_state_json_and_counters[changes3]
tests/integration/test_content_validation_persistence.py::test_database_rejects_bad_report_state_json_and_counters[changes4]
tests/integration/test_content_validation_persistence.py::test_database_rejects_bad_report_state_json_and_counters[changes5]
tests/integration/test_content_validation_persistence.py::test_database_rejects_bad_report_state_json_and_counters[changes6]
tests/integration/test_content_validation_persistence.py::test_trace_cleanup_only_nulls_pointer_durable_provenance_survives
tests/integration/test_demo_seed.py::test_seed_twice_reuses_records_and_writes_through_real_services
tests/integration/test_demo_seed.py::test_seed_refuses_disabled_dev_mode_without_creating_data
tests/integration/test_demo_seed.py::test_seed_failed_ingestion_is_visible_and_retry_reuses_document
tests/integration/test_demo_seed.py::test_seed_preserves_teacher_revision_and_does_not_create_exam
tests/integration/test_demo_seed.py::test_seed_does_not_reopen_existing_closed_exam
tests/integration/test_diagnosis_concurrency.py::test_old_save_cannot_overwrite_new_report_during_interleaved_update
tests/integration/test_exam_assembly.py::test_exact_constraints_and_explicit_scores_survive_fresh_read
tests/integration/test_exam_assembly.py::test_overrides_apply_only_to_selected_questions_and_do_not_mutate_bank
tests/integration/test_exam_assembly.py::test_conflict_preserves_all_facts_but_records_latest_intent[changes0]
tests/integration/test_exam_assembly.py::test_conflict_preserves_all_facts_but_records_latest_intent[changes1]
tests/integration/test_exam_assembly.py::test_conflict_preserves_all_facts_but_records_latest_intent[changes2]
tests/integration/test_exam_assembly.py::test_conflict_preserves_all_facts_but_records_latest_intent[changes3]
tests/integration/test_exam_assembly.py::test_bounded_search_distinguishes_no_result_from_mathematical_conflict
tests/integration/test_exam_assembly.py::test_rejected_admission_does_not_save_intent[course]
tests/integration/test_exam_assembly.py::test_rejected_admission_does_not_save_intent[override]
tests/integration/test_exam_assembly.py::test_rejected_admission_does_not_save_intent[published]
tests/integration/test_exam_assembly.py::test_rejected_admission_does_not_save_intent[forbidden]
tests/integration/test_exam_assembly.py::test_rejected_admission_does_not_save_intent[missing]
tests/integration/test_exam_assembly.py::test_current_semantic_evidence_is_required_for_approved_candidates[stale]
tests/integration/test_exam_assembly.py::test_current_semantic_evidence_is_required_for_approved_candidates[missing]
tests/integration/test_exam_assembly.py::test_current_semantic_evidence_is_required_for_approved_candidates[failed]
tests/integration/test_exam_assembly.py::test_current_semantic_evidence_is_required_for_approved_candidates[bad_source]
tests/integration/test_exam_assembly.py::test_current_semantic_evidence_is_required_for_approved_candidates[pending]
tests/integration/test_exam_assembly.py::test_fact_write_failure_rolls_back_savepoint_and_commits_intent
tests/integration/test_exam_assembly.py::test_commit_acknowledgement_failure_reports_unknown_and_fresh_read_is_truth
tests/integration/test_exam_assembly.py::test_corrupt_persisted_intent_is_not_treated_as_missing
tests/integration/test_exam_assembly.py::test_missing_real_image_excludes_candidate_without_rolling_back_new_intent
tests/integration/test_exam_assembly.py::test_intent_flush_failure_is_known_unsaved
tests/integration/test_exam_assembly.py::test_same_exam_operations_serialize_intent_and_facts
tests/integration/test_exam_assembly.py::test_preview_uses_fixed_historical_labels_and_unknown_scores
tests/integration/test_exam_assembly.py::test_admission_database_failure_is_structured_and_unsaved
tests/integration/test_exam_assembly.py::test_failed_rollback_does_not_replace_unknown_commit_outcome
tests/integration/test_exam_assembly.py::test_draft_with_submission_history_is_not_editable
tests/integration/test_exam_assembly.py::test_locks_refresh_stale_identity_map[exam]
tests/integration/test_exam_assembly.py::test_locks_refresh_stale_identity_map[question]
tests/integration/test_exam_assembly.py::test_course_exam_and_candidate_locks_have_one_global_question_order
tests/integration/test_exam_history_audit.py::test_audit_is_read_only_and_runtime_evidence_is_not_publication_fact
tests/integration/test_exam_history_audit.py::test_apply_preserves_results_and_unknown_approval_time_and_is_idempotent
tests/integration/test_exam_history_audit.py::test_incomplete_or_unverified_manifest_never_changes_rows[partial]
tests/integration/test_exam_history_audit.py::test_incomplete_or_unverified_manifest_never_changes_rows[foreign]
tests/integration/test_exam_history_audit.py::test_incomplete_or_unverified_manifest_never_changes_rows[forged_confirmation]
tests/integration/test_exam_history_audit.py::test_incomplete_or_unverified_manifest_never_changes_rows[missing_ref]
tests/integration/test_exam_history_audit.py::test_incomplete_or_unverified_manifest_never_changes_rows[bad_basis]
tests/integration/test_exam_history_audit.py::test_admin_cannot_claim_another_courses_teacher_confirmation
tests/integration/test_exam_history_audit.py::test_changed_evidence_bytes_are_rejected_before_write
tests/integration/test_exam_history_audit.py::test_conflicting_fixed_fact_keeps_whole_exam_unchanged
tests/integration/test_exam_history_audit.py::test_commit_failure_rolls_back_all_rows_and_explicit_retry_succeeds
tests/integration/test_exam_history_audit.py::test_stronger_order_evidence_preserves_association_identity
tests/integration/test_exam_history_audit.py::test_cli_reports_committed_facts_when_final_report_write_fails
tests/integration/test_exam_history_audit.py::test_stale_session_cannot_overwrite_another_sessions_confirmed_history
tests/integration/test_exam_history_audit.py::test_cli_reports_unknown_when_commit_succeeded_but_receipt_was_lost
tests/integration/test_exam_question_migration.py::test_upgrade_preserves_pairs_real_order_and_unknown_historical_basis
tests/integration/test_exam_question_patch.py::test_move_both_directions_preserves_identity_and_basis
tests/integration/test_exam_question_patch.py::test_replacement_new_identity_keeps_position_and_explicit_score
tests/integration/test_exam_question_patch.py::test_same_score_keeps_confirmation_but_actual_change_or_null_clears
tests/integration/test_exam_question_patch.py::test_patch_preserves_latest_intent_and_recomputes_actual_facts
tests/integration/test_exam_question_patch.py::test_full_teacher_preview_has_current_order_content_and_real_defaults
tests/integration/test_exam_question_patch.py::test_invalid_patch_changes_no_facts_or_intent[row_id]
tests/integration/test_exam_question_patch.py::test_invalid_patch_changes_no_facts_or_intent[outside_order]
tests/integration/test_exam_question_patch.py::test_invalid_patch_changes_no_facts_or_intent[duplicate]
tests/integration/test_exam_question_patch.py::test_replacement_and_explicit_null_use_replacement_default
tests/integration/test_exam_question_patch.py::test_old_question_identity_rejected_after_replacement
tests/integration/test_exam_question_patch.py::test_patch_rejects_frozen_status_and_submission_history[published]
tests/integration/test_exam_question_patch.py::test_patch_rejects_frozen_status_and_submission_history[closed]
tests/integration/test_exam_question_patch.py::test_patch_rejects_frozen_status_and_submission_history[archived]
tests/integration/test_exam_question_patch.py::test_patch_rejects_frozen_status_and_submission_history[history]
tests/integration/test_exam_question_patch.py::test_flush_failure_restores_all_associations_and_latest_intent[move]
tests/integration/test_exam_question_patch.py::test_flush_failure_restores_all_associations_and_latest_intent[replace]
tests/integration/test_exam_question_patch.py::test_flush_failure_restores_all_associations_and_latest_intent[score]
tests/integration/test_exam_question_patch.py::test_publication_rejects_saved_intent_gap_but_draft_can_be_corrected
tests/integration/test_exam_question_patch.py::test_ineligible_replacement_preserves_original_facts[not_approved]
tests/integration/test_exam_question_patch.py::test_ineligible_replacement_preserves_original_facts[stale_report]
tests/integration/test_exam_question_patch.py::test_ineligible_replacement_preserves_original_facts[unknown_id]
tests/integration/test_exam_question_patch.py::test_moved_question_order_flows_to_reader_and_context
tests/integration/test_exam_question_patch.py::test_cross_course_replacement_rejected_with_current_review
tests/integration/test_exam_question_patch.py::test_original_image_survives_replacement_preview_and_missing_file_rejects
tests/integration/test_exam_scoring.py::test_signed_rounding_and_real_confirmation[10.00-3.33-0.01-final0]
tests/integration/test_exam_scoring.py::test_signed_rounding_and_real_confirmation[1.01-0.34--0.01-final1]
tests/integration/test_exam_scoring.py::test_qualitative_requires_explicit_confirmation_and_preserves_unknown_points
tests/integration/test_exam_scoring.py::test_prepare_same_input_keeps_current_identity_and_confirmation
tests/integration/test_exam_scoring.py::test_score_a_b_a_never_revives_old_preparation
tests/integration/test_exam_scoring.py::test_real_source_edit_invalidates_draft_but_same_value_does_not[change0]
tests/integration/test_exam_scoring.py::test_real_source_edit_invalidates_draft_but_same_value_does_not[change1]
tests/integration/test_exam_scoring.py::test_real_source_edit_invalidates_draft_but_same_value_does_not[change2]
tests/integration/test_exam_scoring.py::test_real_source_edit_invalidates_draft_but_same_value_does_not[change3]
tests/integration/test_exam_scoring.py::test_real_source_edit_invalidates_draft_but_same_value_does_not[change4]
tests/integration/test_exam_scoring.py::test_prepare_bad_sum_and_confirmation_bad_total_preserve_basis
tests/integration/test_exam_scoring.py::test_stale_session_cannot_overwrite_new_teacher_confirmation
tests/integration/test_exam_scoring.py::test_unknown_published_values_remain_readable_and_cannot_prepare
tests/integration/test_exam_scoring.py::test_prepare_schema_rejects_floats_duplicate_keys_and_fake_confirmation
tests/integration/test_exam_scoring.py::test_history_manifest_cannot_forge_current_preparation_identity
tests/integration/test_exam_scoring.py::test_delayed_different_prepare_cannot_replace_current_confirmation[False]
tests/integration/test_exam_scoring.py::test_delayed_different_prepare_cannot_replace_current_confirmation[True]
tests/integration/test_exam_scoring.py::test_actual_asset_upload_invalidates_prepared_draft
tests/integration/test_exam_scoring.py::test_invalidation_keeps_published_and_submission_protected_facts
tests/integration/test_exam_scoring.py::test_real_parent_attachment_advances_revision_without_images
tests/integration/test_exam_scoring_execution_gate.py::test_unknown_history_readable_but_trigger_rejected
tests/integration/test_exam_scoring_execution_gate.py::test_only_complete_equivalent_fixed_basis_can_run[5.00-None]
tests/integration/test_exam_scoring_execution_gate.py::test_only_complete_equivalent_fixed_basis_can_run[7.00-EXAM_SCORING_INPUT_NOT_SUPPORTED]
tests/integration/test_exam_scoring_execution_gate.py::test_current_bank_change_does_not_reauthorize_history
tests/integration/test_exam_scoring_execution_gate.py::test_background_execution_checks_again_before_pipeline
tests/integration/test_exam_scoring_execution_gate.py::test_unknown_snapshot_never_defaults_to_execution_permission
tests/integration/test_exam_scoring_publication.py::test_missing_basis_rejects_publication_without_writing_draft
tests/integration/test_exam_scoring_publication.py::test_repeat_published_never_fills_unknown_historical_basis
tests/integration/test_exam_scoring_publication.py::test_unconfirmed_basis_blocks_publish_without_mutation[10.00-True-None-RUBRIC_ROUNDING_UNCONFIRMED]
tests/integration/test_exam_scoring_publication.py::test_unconfirmed_basis_blocks_publish_without_mutation[1.01-True-None-RUBRIC_ROUNDING_UNCONFIRMED]
tests/integration/test_exam_scoring_publication.py::test_unconfirmed_basis_blocks_publish_without_mutation[None-False-points2-RUBRIC_REVIEW_REQUIRED]
tests/integration/test_exam_scoring_publication.py::test_confirmed_rounding_publishes_exact_fixed_facts_and_leaves_bank_unchanged
tests/integration/test_exam_scoring_publication.py::test_default_score_fixed_on_publish_and_repeat_does_not_refresh_metadata
tests/integration/test_exam_scoring_publication.py::test_same_question_two_exams_keep_independent_fixed_scores_and_confirmations
tests/integration/test_exam_scoring_publication.py::test_ready_scoring_does_not_bypass_saved_assembly_conditions
tests/integration/test_exam_scoring_publication.py::test_question_lock_wait_refreshes_invalidated_scoring_basis[preview]
tests/integration/test_exam_scoring_publication.py::test_question_lock_wait_refreshes_invalidated_scoring_basis[move]
tests/integration/test_extracted_question_order_migration.py::test_extracted_order_migration
tests/integration/test_file_storage_migration.py::test_file_storage_migration_preserves_legacy_and_reverses
tests/integration/test_file_storage_migration.py::test_postgres_locator_lock_serializes_link_and_delete
tests/integration/test_grading_benchmark_real.py::test_real_benchmark_uses_ingested_corpus_and_production_components[True]
tests/integration/test_grading_benchmark_real.py::test_real_benchmark_uses_ingested_corpus_and_production_components[False]
tests/integration/test_grading_pipeline.py::test_mixed_submission_runs_full_pipeline_and_forms_final_diagnosis
tests/integration/test_grading_pipeline.py::test_low_confidence_subjective_stays_pending_and_blocks_diagnosis
tests/integration/test_grading_pipeline.py::test_existing_report_becomes_stale_after_regrade
tests/integration/test_grading_pipeline.py::test_partial_write_failure_leaves_no_intermediate_result
tests/integration/test_langgraph_grading_workflow.py::test_high_confidence_result_is_readable_from_results_api
tests/integration/test_langgraph_grading_workflow.py::test_low_confidence_result_enters_real_review_queue
tests/integration/test_langgraph_grading_workflow.py::test_decision_retry_returns_original_record_and_live_pending_count[confirm]
tests/integration/test_langgraph_grading_workflow.py::test_decision_retry_returns_original_record_and_live_pending_count[modify]
tests/integration/test_langgraph_grading_workflow.py::test_saved_decision_counts_database_pending_after_resume_failure
tests/integration/test_langgraph_grading_workflow.py::test_invalid_structured_result_fails_without_fake_result
tests/integration/test_langgraph_grading_workflow.py::test_review_then_new_session_resume_reloads_result_and_diagnosis
tests/integration/test_langgraph_grading_workflow.py::test_concurrent_review_api_decisions_only_one_updates_postgres_row
tests/integration/test_langgraph_grading_workflow.py::test_outcome_commit_failure_leaves_no_partial_results
tests/integration/test_m0_smoke.py::test_m0_smoke_script
tests/integration/test_options_json_migration.py::test_legacy_options_conversion_and_new_order_roundtrip[json]
tests/integration/test_options_json_migration.py::test_legacy_options_conversion_and_new_order_roundtrip[jsonb]
tests/integration/test_paper_import_flow.py::test_mixed_selects_only_actual_scan_page_and_zero_question_fails
tests/integration/test_paper_import_flow.py::test_failed_later_batch_preserves_pages_and_previous_extraction
tests/integration/test_paper_import_flow.py::test_concurrent_duplicate_commit_and_stale_session_edit_are_serialized
tests/integration/test_paper_import_flow.py::test_ordered_options_roundtrip_reorder_and_formal_update
tests/integration/test_paper_import_migration.py::test_paper_import_upgrade_constraints_unknowns_and_safe_downgrade
tests/integration/test_question_adaptation.py::test_real_postgres_adaptation_sources
tests/integration/test_question_adaptation.py::test_real_postgres_adaptation_rollback
tests/integration/test_question_adaptation.py::test_real_postgres_adaptation_stale_input
tests/integration/test_question_adaptation.py::test_real_postgres_original_image_reuse
tests/integration/test_question_adaptation.py::test_real_postgres_image_transaction_failure
tests/integration/test_question_adaptation.py::test_real_postgres_parent_reference_protection_and_legal_child_delete
tests/integration/test_question_asset_persistence.py::test_staging_to_formal_projects_same_identity_and_retains_origin
tests/integration/test_question_asset_persistence.py::test_g05_context_change_preserves_real_error_and_round_identity
tests/integration/test_question_asset_persistence.py::test_real_backup_restores_original_pages_staged_and_formal_assets
tests/integration/test_question_asset_visibility_migration.py::test_visibility_migration_defaults_preserves_assets_and_reverses
tests/integration/test_question_generation_workflow.py::test_ui_selected_candidate_uses_production_detail_contract
tests/integration/test_question_generation_workflow.py::test_generation_validation_and_teacher_review_gate
tests/integration/test_question_generation_workflow.py::test_unreviewed_ai_candidate_cannot_be_published_to_exam
tests/integration/test_question_generation_workflow.py::test_invalid_candidate_enters_needs_revision_without_partial_batch
tests/integration/test_question_generation_workflow.py::test_generation_failure_rolls_back_the_whole_batch
tests/integration/test_question_generation_workflow.py::test_generation_persists_actual_source_snapshot_and_provider_metadata
tests/integration/test_question_generation_workflow.py::test_uuid_request_id_is_persisted_without_remapping
tests/integration/test_question_generation_workflow.py::test_disappeared_live_source_rejects_the_whole_batch
tests/integration/test_question_generation_workflow.py::test_cross_course_source_rejects_entire_generation_batch
tests/integration/test_question_generation_workflow.py::test_source_or_metadata_failure_rolls_back_entire_generation_batch[QuestionSourceChunk]
tests/integration/test_question_generation_workflow.py::test_source_or_metadata_failure_rolls_back_entire_generation_batch[QuestionGenerationMetadata]
tests/integration/test_question_generation_workflow.py::test_revision_comment_insert_failure_rolls_back_question_status
tests/integration/test_question_generation_workflow.py::test_two_revision_rounds_append_comments_in_time_order
tests/integration/test_question_source_migration.py::test_alembic_upgrade_head_downgrade_and_reupgrade_in_isolated_schema
tests/integration/test_question_source_paper_migration.py::test_parent_source_migration_preserves_history_and_constraints
tests/integration/test_review_round_migration.py::test_review_round_migration_upgrade_downgrade_preserves_legacy_rows
tests/integration/test_storage_migration.py::test_postgres_shared_migration_commits_and_restart_reads
tests/integration/test_storage_migration.py::test_legacy_and_canonical_lock_are_same_physical_key
tests/integration/test_submission_finalization.py::test_final_result_marks_reviewed_and_retries_preserve_timestamp[automatic]
tests/integration/test_submission_finalization.py::test_final_result_marks_reviewed_and_retries_preserve_timestamp[confirm]
tests/integration/test_submission_finalization.py::test_final_result_marks_reviewed_and_retries_preserve_timestamp[modify]
tests/integration/test_submission_finalization.py::test_remaining_pending_review_prevents_reviewed_until_last_decision
tests/integration/test_submission_finalization.py::test_resumed_graph_finalization_marks_reviewed
tests/integration/test_submission_finalization.py::test_finalization_commit_failure_rolls_back_reviewed_and_final_result[review]
tests/integration/test_submission_finalization.py::test_finalization_commit_failure_rolls_back_reviewed_and_final_result[resume]
tests/integration/test_t160_import_acceptance.py::test_patch_lock_blocks_commit_until_corrected_values_are_committed
tests/integration/test_t160_import_acceptance.py::test_confirmation_first_rejects_late_correction_from_old_session
tests/integration/test_t160_import_acceptance.py::test_ready_ocr_call_failure_preserves_original_and_rendered_page
tests/integration/test_t166_semantic_transactions.py::test_provider_wait_releases_question_lock_and_changed_revision_keeps_late_result_historical
tests/integration/test_t166_semantic_transactions.py::test_superseded_call_failure_cannot_replace_newest_passed_approval_basis
tests/integration/test_t166_semantic_transactions.py::test_approval_question_lock_prevents_concurrent_editor_from_replacing_validated_content
tests/integration/test_t166_semantic_transactions.py::test_explicit_changed_basis_is_committed_before_call_and_late_pass_cannot_revive_previous_input
tests/integration/test_t169_e3_acceptance.py::test_postgres_parent_graph_rejects_self_cross_course_and_cycle
tests/integration/test_t169_e3_acceptance.py::test_each_individual_check_blocks_approval_on_postgres[fail-answer_correctness]
tests/integration/test_t169_e3_acceptance.py::test_each_individual_check_blocks_approval_on_postgres[fail-condition_sufficiency]
tests/integration/test_t169_e3_acceptance.py::test_each_individual_check_blocks_approval_on_postgres[fail-option_ambiguity]
tests/integration/test_t169_e3_acceptance.py::test_each_individual_check_blocks_approval_on_postgres[fail-rubric_clarity]
tests/integration/test_t169_e3_acceptance.py::test_each_individual_check_blocks_approval_on_postgres[needs_review-answer_correctness]
tests/integration/test_t169_e3_acceptance.py::test_each_individual_check_blocks_approval_on_postgres[needs_review-condition_sufficiency]
tests/integration/test_t169_e3_acceptance.py::test_each_individual_check_blocks_approval_on_postgres[needs_review-option_ambiguity]
tests/integration/test_t169_e3_acceptance.py::test_each_individual_check_blocks_approval_on_postgres[needs_review-rubric_clarity]
tests/integration/test_t169_e3_acceptance.py::test_each_individual_check_blocks_approval_on_postgres[insufficient_evidence-answer_correctness]
tests/integration/test_t169_e3_acceptance.py::test_each_individual_check_blocks_approval_on_postgres[insufficient_evidence-condition_sufficiency]
tests/integration/test_t169_e3_acceptance.py::test_each_individual_check_blocks_approval_on_postgres[insufficient_evidence-option_ambiguity]
tests/integration/test_t169_e3_acceptance.py::test_each_individual_check_blocks_approval_on_postgres[insufficient_evidence-rubric_clarity]
tests/integration/test_t169_e3_acceptance.py::test_return_to_original_content_requires_new_report_on_postgres
tests/integration/test_teacher_results_ui.py::test_course_selection_loads_exams_with_production_loaders
tests/integration/test_teacher_results_ui.py::test_exam_selection_loads_students_with_production_loaders
tests/integration/test_teacher_results_ui.py::test_teacher_summary_matches_results_query_service
tests/integration/test_teacher_results_ui.py::test_selected_student_renders_persisted_diagnosis_and_empty_state
tests/integration/test_teacher_results_ui.py::test_pending_result_carries_review_context
tests/integration/test_teacher_setup.py::test_teacher_prepares_course_document_question_and_exam
tests/integration/test_workflow_start_concurrency.py::test_concurrent_start_reuses_one_run_and_releases_submission_lock[m4-only]
tests/integration/test_workflow_start_concurrency.py::test_concurrent_start_reuses_one_run_and_releases_submission_lock[m3-isolated]
tests/integration/test_workflow_start_concurrency.py::test_waiting_start_rechecks_submission_lifecycle_after_lock
tests/unit/agents/test_agent_state.py::test_agent_status_values_follow_agent_run_trace_constraint
tests/unit/agents/test_agent_state.py::test_agent_input_requires_request_id_and_allows_standalone_workflow
tests/unit/agents/test_agent_state.py::test_four_agent_inputs_and_outputs_are_structured_dtos
tests/unit/agents/test_agent_state.py::test_supervisor_decision_requires_next_agent_only_when_routing
tests/unit/agents/test_agent_state.py::test_agent_output_failure_and_pending_review_rules
tests/unit/agents/test_agent_state.py::test_agent_output_rejects_human_decided_review_status
tests/unit/agents/test_agent_state.py::test_reviewer_outcome_rules_preserve_accept_revise_regrade_contract
tests/unit/agents/test_agent_state.py::test_retrieved_context_item_maps_retrieved_chunk_fields_faithfully
tests/unit/agents/test_agent_state.py::test_retrieved_context_item_rejects_non_json_metadata
tests/unit/agents/test_agent_state.py::test_agent_input_parameters_only_allow_recursive_json_values
tests/unit/agents/test_agent_state.py::test_confidence_decision_adapters_round_trip_without_redeciding
tests/unit/agents/test_agent_state.py::test_grading_result_dto_is_reused_and_not_redefined
tests/unit/agents/test_grading_agent.py::test_objective_answer_uses_deterministic_grader_without_llm
tests/unit/agents/test_grading_agent.py::test_subjective_answer_orchestrates_existing_grader_once
tests/unit/agents/test_grading_agent.py::test_low_confidence_subjective_answer_pauses_for_review
tests/unit/agents/test_grading_agent.py::test_real_subjective_grader_runs_hybrid_retrieval_once
tests/unit/agents/test_grading_agent.py::test_insufficient_context_is_mapped_to_desensitized_failure
tests/unit/agents/test_grading_agent.py::test_provider_failures_keep_source_code_and_retryable
tests/unit/agents/test_grading_agent.py::test_missing_rubric_and_missing_session_fail_explicitly
tests/unit/agents/test_grading_agent.py::test_result_identity_and_validation_mismatch_fail
tests/unit/agents/test_grading_agent.py::test_score_aggregates_once_and_never_returns_partial_success
tests/unit/agents/test_grading_agent.py::test_sync_entry_rejects_running_event_loop
tests/unit/agents/test_grading_agent.py::test_invocation_requires_request_id
tests/unit/agents/test_grading_agent.py::test_state_patch_is_serializable_and_has_no_human_conclusion
tests/unit/agents/test_grading_agent.py::test_objective_and_subjective_use_same_settings_for_confidence
tests/unit/agents/test_grading_agent.py::test_per_answer_entry_scores_each_answer_exactly_once
tests/unit/agents/test_grading_agent.py::test_duplicate_answer_ids_never_produce_partial_success
tests/unit/agents/test_grading_agent.py::test_local_settings_win_over_global_configuration
tests/unit/agents/test_grading_agent.py::test_per_call_settings_override_constructor_settings
tests/unit/agents/test_grading_agent.py::test_settings_reach_every_resolved_component_once
tests/unit/agents/test_grading_agent.py::test_default_grading_provider_metadata_is_per_call
tests/unit/agents/test_grading_agent.py::test_injected_grader_does_not_claim_unused_provider_metadata
tests/unit/agents/test_grading_agent.py::test_real_services_satisfy_agent_orchestration_contract
tests/unit/agents/test_grading_agent.py::test_agent_module_does_not_reimplement_grading_arithmetic
tests/unit/agents/test_grading_agent.py::test_confidence_decision_snapshot_reuses_m3_facts
tests/unit/agents/test_grading_agent.py::test_default_grader_reuses_single_decision[0.799-pending_review]
tests/unit/agents/test_grading_agent.py::test_default_grader_reuses_single_decision[0.8-success]
tests/unit/agents/test_grading_agent.py::test_default_grader_reuses_single_decision[0.95-success]
tests/unit/agents/test_grading_agent.py::test_agent_preserves_injected_policy[False]
tests/unit/agents/test_grading_agent.py::test_agent_preserves_injected_policy[True]
tests/unit/agents/test_grading_agent.py::test_retrieval_scope_errors_keep_code_and_original_reason[RETRIEVAL_SCOPE_INVALID-\u6240\u9009\u7ae0\u8282\u4e0d\u5c5e\u4e8e\u5f53\u524d\u6388\u6743\u8bfe\u7a0b\u3002]
tests/unit/agents/test_grading_agent.py::test_retrieval_scope_errors_keep_code_and_original_reason[RETRIEVAL_SCOPE_NOT_READY-\u8be5\u7ae0\u8282\u5c1a\u65e0\u5df2\u786e\u8ba4\u5c0f\u8282\u76ee\u5f55\u3002]
tests/unit/agents/test_grading_agent.py::test_explicit_task_scope_reaches_subjective_source
tests/unit/agents/test_grading_agent.py::test_empty_explicit_scope_result_stops_reranker_and_scoring
tests/unit/agents/test_question_agent.py::test_embedding_not_ready_keeps_source_code
tests/unit/agents/test_question_agent.py::test_retrieval_unsupported_dialect_keeps_source_code
tests/unit/agents/test_question_agent.py::test_retrieval_input_failure_keeps_source_code
tests/unit/agents/test_question_agent.py::test_real_query_failure_is_mapped_to_desensitized_failure
tests/unit/agents/test_question_agent.py::test_build_generation_query_keeps_teacher_constraints
tests/unit/agents/test_question_agent.py::test_generation_query_is_bounded_but_conditions_are_not_lost
tests/unit/agents/test_question_agent.py::test_generation_messages_keep_version_and_citation_rule
tests/unit/agents/test_question_agent.py::test_generation_context_forces_course_filter_and_uses_injected_components
tests/unit/agents/test_question_agent.py::test_empty_retrieval_fails_without_calling_model
tests/unit/agents/test_question_agent.py::test_blank_chunk_content_is_not_a_valid_context
tests/unit/agents/test_question_agent.py::test_generate_uses_structured_output_and_keeps_candidate_status
tests/unit/agents/test_question_agent.py::test_source_context_ids_keep_only_prompt_whitelist
tests/unit/agents/test_question_agent.py::test_fabricated_source_citation_is_rejected
tests/unit/agents/test_question_agent.py::test_truncated_out_chunk_citation_is_rejected
tests/unit/agents/test_question_agent.py::test_empty_citation_survives_until_validator
tests/unit/agents/test_question_agent.py::test_candidate_count_mismatch_fails
tests/unit/agents/test_question_agent.py::test_question_type_mismatch_fails
tests/unit/agents/test_question_agent.py::test_missing_generation_request_fails
tests/unit/agents/test_question_agent.py::test_invalid_input_type_fails
tests/unit/agents/test_question_agent.py::test_provider_structured_failure_maps_to_invalid_response
tests/unit/agents/test_question_agent.py::test_provider_call_failure_keeps_retryable_semantics
tests/unit/agents/test_question_agent.py::test_real_provider_rejects_free_text_and_schema_violations
tests/unit/agents/test_question_agent.py::test_model_field_only_recorded_when_provider_exposes_identifier
tests/unit/agents/test_question_agent.py::test_real_deepseek_call_metadata_reaches_question_agent_output
tests/unit/agents/test_question_agent.py::test_default_question_provider_metadata_is_per_call
tests/unit/agents/test_question_agent.py::test_retriever_resolution_uses_same_settings_and_prefers_injection
tests/unit/agents/test_question_agent.py::test_embedding_provider_factory_receives_same_settings
tests/unit/agents/test_reviewer_agent.py::test_consistent_result_is_accepted_without_revision
tests/unit/agents/test_reviewer_agent.py::test_low_confidence_accept_keeps_pending_review_for_teacher
tests/unit/agents/test_reviewer_agent.py::test_decision_application_mismatch_is_revised_without_touching_score
tests/unit/agents/test_reviewer_agent.py::test_revise_can_mark_result_pending_review
tests/unit/agents/test_reviewer_agent.py::test_confidence_fact_conflict_needs_regrade
tests/unit/agents/test_reviewer_agent.py::test_objective_result_marked_for_review_needs_regrade
tests/unit/agents/test_reviewer_agent.py::test_non_contract_inputs_are_rejected[result0-decision0]
tests/unit/agents/test_reviewer_agent.py::test_non_contract_inputs_are_rejected[result1-decision1]
tests/unit/agents/test_reviewer_agent.py::test_non_contract_inputs_are_rejected[None-None]
tests/unit/agents/test_reviewer_agent.py::test_unvalidated_result_is_rejected
tests/unit/agents/test_reviewer_agent.py::test_human_decided_review_status_is_never_overwritten[Confirmed]
tests/unit/agents/test_reviewer_agent.py::test_human_decided_review_status_is_never_overwritten[Modified]
tests/unit/agents/test_reviewer_agent.py::test_human_decided_review_status_is_never_overwritten[Final]
tests/unit/agents/test_reviewer_agent.py::test_human_decided_review_status_is_never_overwritten[Re-grade]
tests/unit/agents/test_reviewer_agent.py::test_blank_reason_is_rejected
tests/unit/agents/test_reviewer_agent.py::test_identity_mismatch_is_rejected
tests/unit/agents/test_reviewer_agent.py::test_trace_identifiers_are_preserved_and_blank_request_id_rejected
tests/unit/agents/test_reviewer_agent.py::test_review_consumes_grading_agent_output
tests/unit/agents/test_reviewer_agent.py::test_state_patch_only_carries_control_fields_and_serializes
tests/unit/agents/test_reviewer_agent.py::test_revise_is_limited_to_allowed_automatic_states
tests/unit/agents/test_reviewer_agent.py::test_knowledge_point_invariants_trigger_regrade
tests/unit/agents/test_reviewer_agent.py::test_non_text_knowledge_points_are_rejected
tests/unit/agents/test_reviewer_agent.py::test_reviewer_module_does_not_call_llm_or_write_database
tests/unit/agents/test_supervisor.py::test_route_table_covers_every_task_kind
tests/unit/agents/test_supervisor.py::test_question_generation_routes_to_question_with_retrieval_tool
tests/unit/agents/test_supervisor.py::test_question_generation_without_request_fails
tests/unit/agents/test_supervisor.py::test_grading_task_without_question_type_fails
tests/unit/agents/test_supervisor.py::test_objective_grading_uses_only_deterministic_tool
tests/unit/agents/test_supervisor.py::test_subjective_grading_selects_retrieval_and_structured_grading
tests/unit/agents/test_supervisor.py::test_pending_review_pauses_instead_of_routing_reviewer
tests/unit/agents/test_supervisor.py::test_explicit_review_task_routes_reviewer_and_keeps_requires_review
tests/unit/agents/test_supervisor.py::test_review_task_without_grading_result_fails
tests/unit/agents/test_supervisor.py::test_finalize_finishes_only_with_final_result_and_current_diagnosis
tests/unit/agents/test_supervisor.py::test_finalize_rejects_plain_dicts_as_results
tests/unit/agents/test_supervisor.py::test_finalize_requires_final_exam_result
tests/unit/agents/test_supervisor.py::test_finalize_fails_when_answers_are_missing
tests/unit/agents/test_supervisor.py::test_finalize_pauses_when_review_is_pending
tests/unit/agents/test_supervisor.py::test_finalize_fails_on_not_ready_or_failed_diagnosis
tests/unit/agents/test_supervisor.py::test_finalize_fails_on_stale_or_old_diagnosis
tests/unit/agents/test_supervisor.py::test_finalize_without_workflow_state_fails
tests/unit/agents/test_supervisor.py::test_unknown_task_kind_fails_with_desensitized_error
tests/unit/agents/test_supervisor.py::test_decide_is_deterministic_and_has_no_side_effects
tests/unit/agents/test_supervisor.py::test_supervisor_module_does_not_import_database_or_provider
tests/unit/agents/test_supervisor.py::test_teacher_confirmed_decision_is_not_overridden_by_history
tests/unit/agents/test_supervisor.py::test_human_decided_statuses_are_authoritative[Confirmed]
tests/unit/agents/test_supervisor.py::test_human_decided_statuses_are_authoritative[Modified]
tests/unit/agents/test_supervisor.py::test_human_decided_statuses_are_authoritative[Final]
tests/unit/agents/test_supervisor.py::test_state_level_and_per_answer_review_status_are_authoritative
tests/unit/agents/test_supervisor.py::test_finalize_completes_after_teacher_decision_with_history_preserved
tests/unit/agents/test_supervisor.py::test_regrade_schedules_grading_without_pausing
tests/unit/agents/test_supervisor.py::test_unreviewed_low_confidence_still_pauses
tests/unit/ai/test_vision_provider.py::test_old_provider_gets_default_false_without_new_abstract_method
tests/unit/ai/test_vision_provider.py::test_deepseek_capability_comes_from_actual_instance_model[deepseek-chat-False]
tests/unit/ai/test_vision_provider.py::test_deepseek_capability_comes_from_actual_instance_model[deepseek-reasoner-False]
tests/unit/ai/test_vision_provider.py::test_deepseek_capability_comes_from_actual_instance_model[deepseek-v4-pro-False]
tests/unit/ai/test_vision_provider.py::test_deepseek_capability_comes_from_actual_instance_model[unknown-model-False]
tests/unit/ai/test_vision_provider.py::test_deepseek_capability_comes_from_actual_instance_model[deepseek-flash-True]
tests/unit/ai/test_vision_provider.py::test_deepseek_capability_comes_from_actual_instance_model[deepseek-v4-flash-True]
tests/unit/ai/test_vision_provider.py::test_deepseek_capability_comes_from_actual_instance_model[deepseek-v4-flash-vision-exp-True]
tests/unit/ai/test_vision_provider.py::test_unknown_gateway_does_not_inherit_official_model_capability
tests/unit/ai/test_vision_provider.py::test_unconfigured_vision_is_not_ready_without_touching_text_config
tests/unit/ai/test_vision_provider.py::test_independent_vision_instance_uses_explicit_model_and_same_credentials
tests/unit/ai/test_vision_provider.py::test_vision_config_normalizes_optional_model[-None]
tests/unit/ai/test_vision_provider.py::test_vision_config_normalizes_optional_model[  -None]
tests/unit/ai/test_vision_provider.py::test_vision_config_normalizes_optional_model[ deepseek-flash -deepseek-flash]
tests/unit/ai/test_vision_provider.py::test_all_images_are_sent_in_order_as_actual_base64_with_context
tests/unit/ai/test_vision_provider.py::test_unreliable_legal_output_is_preserved_for_teacher_review
tests/unit/ai/test_vision_provider.py::test_zero_or_over_five_images_never_call_provider[0]
tests/unit/ai/test_vision_provider.py::test_zero_or_over_five_images_never_call_provider[6]
tests/unit/ai/test_vision_provider.py::test_unreadable_image_has_real_transport_failure[bad_image0]
tests/unit/ai/test_vision_provider.py::test_unreadable_image_has_real_transport_failure[bad_image1]
tests/unit/ai/test_vision_provider.py::test_actual_bytes_mime_and_dimensions_must_match
tests/unit/ai/test_vision_provider.py::test_invalid_or_fabricated_output_is_not_success[<lambda>0]
tests/unit/ai/test_vision_provider.py::test_invalid_or_fabricated_output_is_not_success[<lambda>1]
tests/unit/ai/test_vision_provider.py::test_invalid_or_fabricated_output_is_not_success[<lambda>2]
tests/unit/ai/test_vision_provider.py::test_invalid_or_fabricated_output_is_not_success[<lambda>3]
tests/unit/ai/test_vision_provider.py::test_invalid_or_fabricated_output_is_not_success[<lambda>4]
tests/unit/ai/test_vision_provider.py::test_invalid_or_fabricated_output_is_not_success[<lambda>5]
tests/unit/ai/test_vision_provider.py::test_invalid_or_fabricated_output_is_not_success[<lambda>6]
tests/unit/ai/test_vision_provider.py::test_invalid_or_fabricated_output_is_not_success[<lambda>7]
tests/unit/ai/test_vision_provider.py::test_provider_failure_preserves_real_code_and_call_provenance
tests/unit/ai/test_vision_provider.py::test_cancellation_retains_actual_failed_call_facts
tests/unit/ai/test_vision_provider.py::test_deepseek_converts_uniform_image_block_to_sdk_data_url
tests/unit/ai/test_vision_provider.py::test_deepseek_rejects_unimplemented_transport_instead_of_sending_text[local_path-D:/private/image.png]
tests/unit/ai/test_vision_provider.py::test_deepseek_rejects_unimplemented_transport_instead_of_sending_text[url-https://example.test/image.png]
tests/unit/ai/test_vision_provider.py::test_text_deepseek_rejects_images_before_sdk_call_even_with_model_override
tests/unit/ai/test_vision_provider.py::test_image_content_is_not_exposed_in_repr
tests/unit/ai/test_vision_provider.py::test_machine_result_does_not_accept_persistent_business_ids
tests/unit/ai/test_vision_provider.py::test_real_orm_context_preserves_decimal_uuid_and_unknown_fields
tests/unit/benchmark/test_t160_resource_sampling.py::test_one_observation_does_not_prove_a_full_sampling_cycle
tests/unit/benchmark/test_t160_resource_sampling.py::test_continuous_window_keeps_simultaneous_peak_instead_of_sum_of_peaks
tests/unit/benchmark/test_t160_resource_sampling.py::test_missing_component_cannot_pass_budget_or_be_filled_with_zero
tests/unit/benchmark/test_t160_resource_sampling.py::test_v2_budget_checks_each_component_and_same_sample_total
tests/unit/benchmark/test_t160_resource_sampling.py::test_actual_current_worker_identity_and_rejected_unrelated_root
tests/unit/benchmark/test_t160_resource_sampling.py::test_launcher_samples_handshaken_worker_and_waits_with_finite_deadline
tests/unit/benchmark/test_t160_resource_sampling.py::test_application_working_set_tracks_only_root_and_actual_descendants
tests/unit/benchmark/test_t160_resource_sampling.py::test_descendant_exiting_during_sample_keeps_application_total_unknown
tests/unit/benchmark/test_t160_resource_sampling.py::test_process_deadline_retains_timeout_receipt_without_inventing_business_terminal
tests/unit/benchmark/test_t160_resource_sampling.py::test_interrupted_evidence_write_preserves_last_complete_record
tests/unit/domain/test_permissions.py::test_question_type_values_match_spec_and_schema_alias
tests/unit/domain/test_permissions.py::test_question_type_groups_keep_objective_and_subjective_separate
tests/unit/domain/test_permissions.py::test_submission_status_sequence_matches_business_flow
tests/unit/domain/test_permissions.py::test_role_permissions_separate_ai_business_from_admin_management
tests/unit/domain/test_permissions.py::test_multi_role_permission_allows_any_matching_role
tests/unit/domain/test_permissions.py::test_permission_denial_message_is_chinese
tests/unit/domain/test_permissions.py::test_role_permissions_are_immutable
tests/unit/evaluation/test_benchmark.py::test_benchmark_seed_cases_are_reproducible_and_complete
tests/unit/evaluation/test_benchmark.py::test_benchmark_case_rejects_missing_required_field[case_id]
tests/unit/evaluation/test_benchmark.py::test_benchmark_case_rejects_missing_required_field[question_type]
tests/unit/evaluation/test_benchmark.py::test_benchmark_case_rejects_missing_required_field[question]
tests/unit/evaluation/test_benchmark.py::test_benchmark_case_rejects_missing_required_field[scoring_criteria]
tests/unit/evaluation/test_benchmark.py::test_benchmark_case_rejects_missing_required_field[reference_answer]
tests/unit/evaluation/test_benchmark.py::test_benchmark_case_rejects_missing_required_field[student_answer]
tests/unit/evaluation/test_benchmark.py::test_benchmark_case_rejects_missing_required_field[reason]
tests/unit/evaluation/test_benchmark.py::test_benchmark_case_rejects_missing_required_field[knowledge_points]
tests/unit/evaluation/test_benchmark.py::test_benchmark_case_rejects_missing_required_field[validation_status]
tests/unit/evaluation/test_benchmark.py::test_benchmark_case_rejects_score_above_maximum
tests/unit/grading/test_confidence_policy.py::test_threshold_defaults_to_settings_value
tests/unit/grading/test_confidence_policy.py::test_threshold_falls_back_to_runtime_settings
tests/unit/grading/test_confidence_policy.py::test_explicit_threshold_wins_over_settings
tests/unit/grading/test_confidence_policy.py::test_invalid_threshold_is_rejected[nan]
tests/unit/grading/test_confidence_policy.py::test_invalid_threshold_is_rejected[inf]
tests/unit/grading/test_confidence_policy.py::test_invalid_threshold_is_rejected[-inf]
tests/unit/grading/test_confidence_policy.py::test_invalid_threshold_is_rejected[-0.1]
tests/unit/grading/test_confidence_policy.py::test_invalid_threshold_is_rejected[1.5]
tests/unit/grading/test_confidence_policy.py::test_invalid_threshold_is_rejected[0.8]
tests/unit/grading/test_confidence_policy.py::test_invalid_threshold_is_rejected[True]
tests/unit/grading/test_confidence_policy.py::test_invalid_threshold_is_rejected[threshold7]
tests/unit/grading/test_confidence_policy.py::test_invalid_threshold_is_rejected[10000000000000000000000000000000000000000000000000000000000000000000000000000000000000000000000000000000000000000000000000000000000000000000000000000000000000000000000000000000000000000000000000000000000000000000000000000000000000000000000000000000000000000000000000000000000000000000000000000000000000000000000000000000000000000000000000000000000000000000000000000000000000000000000000000000000000000]
tests/unit/grading/test_confidence_policy.py::test_invalid_confidence_is_rejected[nan]
tests/unit/grading/test_confidence_policy.py::test_invalid_confidence_is_rejected[inf]
tests/unit/grading/test_confidence_policy.py::test_invalid_confidence_is_rejected[-inf]
tests/unit/grading/test_confidence_policy.py::test_invalid_confidence_is_rejected[-0.01]
tests/unit/grading/test_confidence_policy.py::test_invalid_confidence_is_rejected[1.01]
tests/unit/grading/test_confidence_policy.py::test_invalid_confidence_is_rejected[0.5]
tests/unit/grading/test_confidence_policy.py::test_invalid_confidence_is_rejected[True]
tests/unit/grading/test_confidence_policy.py::test_invalid_confidence_is_rejected[None]
tests/unit/grading/test_confidence_policy.py::test_confidence_equal_to_threshold_is_accepted
tests/unit/grading/test_confidence_policy.py::test_confidence_below_threshold_requires_review
tests/unit/grading/test_confidence_policy.py::test_zero_threshold_accepts_every_confidence[0.0]
tests/unit/grading/test_confidence_policy.py::test_zero_threshold_accepts_every_confidence[0.2]
tests/unit/grading/test_confidence_policy.py::test_zero_threshold_accepts_every_confidence[0.499999]
tests/unit/grading/test_confidence_policy.py::test_threshold_one_requires_certainty[0.0]
tests/unit/grading/test_confidence_policy.py::test_threshold_one_requires_certainty[0.999999]
tests/unit/grading/test_confidence_policy.py::test_objective_question_type_bypasses_threshold
tests/unit/grading/test_confidence_policy.py::test_apply_marks_low_confidence_result_for_review
tests/unit/grading/test_confidence_policy.py::test_apply_keeps_high_confidence_result_accepted
tests/unit/grading/test_confidence_policy.py::test_apply_accepts_objective_result_with_low_confidence
tests/unit/grading/test_confidence_policy.py::test_apply_rejects_not_validated_result
tests/unit/grading/test_confidence_policy.py::test_apply_rejects_manual_review_states[Confirmed]
tests/unit/grading/test_confidence_policy.py::test_apply_rejects_manual_review_states[Modified]
tests/unit/grading/test_confidence_policy.py::test_apply_rejects_manual_review_states[Final]
tests/unit/grading/test_confidence_policy.py::test_apply_rejects_manual_review_states[Re-grade]
tests/unit/grading/test_confidence_policy.py::test_apply_returns_new_object
tests/unit/grading/test_confidence_policy.py::test_entry_applies_default_policy_without_injection
tests/unit/grading/test_confidence_policy.py::test_entry_accepts_result_meeting_threshold
tests/unit/grading/test_confidence_policy.py::test_entry_respects_configured_threshold
tests/unit/grading/test_confidence_policy.py::test_entry_honours_injected_policy
tests/unit/grading/test_diagnosis_report_store.py::test_recorder_saves_ready_report_with_real_exam_result_id
tests/unit/grading/test_diagnosis_report_store.py::test_read_returns_stale_when_exam_result_updates
tests/unit/grading/test_diagnosis_report_store.py::test_recorder_does_not_store_not_ready_result
tests/unit/grading/test_diagnosis_report_store.py::test_save_refuses_to_overwrite_newer_result
tests/unit/grading/test_diagnosis_report_store.py::test_save_rejects_result_no_longer_final
tests/unit/grading/test_diagnosis_report_store.py::test_failed_report_keeps_error_code_and_scores
tests/unit/grading/test_diagnosis_report_store.py::test_read_without_report_returns_not_ready_without_write
tests/unit/grading/test_diagnosis_report_store.py::test_read_without_exam_result_returns_not_ready
tests/unit/grading/test_grading_context.py::test_source_normalizes_uuid_type_and_list_answer
tests/unit/grading/test_grading_context.py::test_source_rejects_unknown_and_missing_question_type
tests/unit/grading/test_grading_context.py::test_source_rejects_objective_question_type
tests/unit/grading/test_grading_context.py::test_missing_reference_answer_takes_priority_over_other_inputs
tests/unit/grading/test_grading_context.py::test_source_rejects_invalid_required_input[overrides0]
tests/unit/grading/test_grading_context.py::test_source_rejects_invalid_required_input[overrides1]
tests/unit/grading/test_grading_context.py::test_source_rejects_invalid_required_input[overrides2]
tests/unit/grading/test_grading_context.py::test_source_rejects_invalid_required_input[overrides3]
tests/unit/grading/test_grading_context.py::test_source_rejects_invalid_required_input[overrides4]
tests/unit/grading/test_grading_context.py::test_source_rejects_invalid_required_input[overrides5]
tests/unit/grading/test_grading_context.py::test_source_rejects_invalid_required_input[overrides6]
tests/unit/grading/test_grading_context.py::test_source_rejects_invalid_required_input[overrides7]
tests/unit/grading/test_grading_context.py::test_required_subjective_inputs_must_not_be_blank[overrides0]
tests/unit/grading/test_grading_context.py::test_required_subjective_inputs_must_not_be_blank[overrides1]
tests/unit/grading/test_grading_context.py::test_required_subjective_inputs_must_not_be_blank[overrides2]
tests/unit/grading/test_grading_context.py::test_required_subjective_inputs_must_not_be_blank[overrides3]
tests/unit/grading/test_grading_context.py::test_required_subjective_inputs_must_not_be_blank[overrides4]
tests/unit/grading/test_grading_context.py::test_required_subjective_inputs_must_not_be_blank[overrides5]
tests/unit/grading/test_grading_context.py::test_required_subjective_inputs_must_not_be_blank[overrides6]
tests/unit/grading/test_grading_context.py::test_required_subjective_inputs_must_not_be_blank[overrides7]
tests/unit/grading/test_grading_context.py::test_missing_constructor_arguments_raise_business_error
tests/unit/grading/test_grading_context.py::test_mapping_student_answer_exposes_rejection_reason
tests/unit/grading/test_grading_context.py::test_query_text_uses_fixed_section_order
tests/unit/grading/test_grading_context.py::test_query_text_keeps_student_budget_and_original_source
tests/unit/grading/test_grading_context.py::test_query_text_always_includes_required_sections
tests/unit/grading/test_grading_context.py::test_context_records_only_chunks_written_to_final_context
tests/unit/grading/test_grading_context.py::test_context_keeps_course_document_metadata_and_scores
tests/unit/grading/test_grading_context.py::test_caller_filters_cannot_widen_course_scope
tests/unit/grading/test_grading_context.py::test_caller_filters_are_intersected_with_source_scope
tests/unit/grading/test_grading_context.py::test_conflicting_knowledge_base_filters_are_rejected
tests/unit/grading/test_grading_context.py::test_context_is_insufficient_for_blank_bodies[]
tests/unit/grading/test_grading_context.py::test_context_is_insufficient_for_blank_bodies[   ]
tests/unit/grading/test_grading_context.py::test_context_is_insufficient_for_blank_bodies[\n\t]
tests/unit/grading/test_grading_context.py::test_context_is_insufficient_when_retrieval_returns_nothing
tests/unit/grading/test_grading_context.py::test_require_context_false_returns_insufficient_context
tests/unit/grading/test_grading_context.py::test_sufficient_context_exposes_ensure_helper
tests/unit/grading/test_grading_context.py::test_keyword_mode_does_not_call_embedding
tests/unit/grading/test_grading_context.py::test_vector_mode_receives_embedding_only
tests/unit/grading/test_grading_context.py::test_hybrid_mode_receives_retrieval_query
tests/unit/grading/test_grading_context.py::test_default_candidate_count_comes_from_settings
tests/unit/grading/test_grading_context.py::test_filters_limit_course_and_knowledge_base_scope
tests/unit/grading/test_grading_context.py::test_retrieval_errors_propagate_without_fallback
tests/unit/grading/test_grading_context.py::test_embedding_errors_propagate
tests/unit/grading/test_grading_context.py::test_rerank_uses_real_adapter_with_fake_provider
tests/unit/grading/test_grading_context.py::test_rerank_response_must_only_reference_known_candidates
tests/unit/grading/test_grading_context.py::test_default_reranker_is_resolved_once_per_call
tests/unit/grading/test_grading_context.py::test_explicit_retrieval_scope_reaches_all_grading_modes[vector_only]
tests/unit/grading/test_grading_context.py::test_explicit_retrieval_scope_reaches_all_grading_modes[keyword_only]
tests/unit/grading/test_grading_context.py::test_explicit_retrieval_scope_reaches_all_grading_modes[hybrid]
tests/unit/grading/test_grading_context.py::test_explicit_retrieval_scope_reaches_all_grading_modes[hybrid_rerank]
tests/unit/grading/test_grading_context.py::test_invalid_scope_stops_before_embedding_or_recall
tests/unit/grading/test_grading_context.py::test_question_classification_is_not_an_implicit_retrieval_scope
tests/unit/grading/test_grading_repository.py::test_save_outcome_persists_results_and_reads_back_facts
tests/unit/grading/test_grading_repository.py::test_read_without_checkpoint_uses_degraded_exam_order
tests/unit/grading/test_grading_repository.py::test_repeated_save_updates_row_and_keeps_review_record
tests/unit/grading/test_grading_repository.py::test_save_outcome_rolls_back_when_answer_belongs_to_other_submission
tests/unit/grading/test_grading_repository.py::test_stored_answer_order_is_reused_on_read
tests/unit/grading/test_grading_repository.py::test_task_state_maps_pending_review_to_paused_workflow
tests/unit/grading/test_grading_repository.py::test_failed_task_marks_answers_failed_in_same_transaction
tests/unit/grading/test_grading_repository.py::test_interrupted_tasks_are_converged_to_failure
tests/unit/grading/test_grading_repository.py::test_recovery_leaves_foreign_checkpoints_untouched[langgraph]
tests/unit/grading/test_grading_repository.py::test_recovery_leaves_foreign_checkpoints_untouched[other-executor]
tests/unit/grading/test_grading_repository.py::test_recovery_leaves_foreign_checkpoints_untouched[None]
tests/unit/grading/test_grading_repository.py::test_task_queries_ignore_other_executor_runs
tests/unit/grading/test_grading_repository.py::test_save_workflow_outcome_writes_results_and_state_in_one_transaction
tests/unit/grading/test_grading_repository.py::test_save_workflow_outcome_rolls_back_when_state_write_fails
tests/unit/grading/test_grading_repository.py::test_save_workflow_outcome_aggregates_pending_exam_result
tests/unit/grading/test_grading_repository.py::test_save_workflow_outcome_marks_answers_failed_without_grades
tests/unit/grading/test_grading_repository.py::test_committed_outcome_survives_restart_with_terminal_task[False]
tests/unit/grading/test_grading_repository.py::test_committed_outcome_survives_restart_with_terminal_task[True]
tests/unit/grading/test_grading_repository.py::test_interruption_before_commit_rolls_back_results_progress_and_terminal_task
tests/unit/grading/test_grading_repository.py::test_recovery_preserves_saved_answers_and_only_fails_unscored_answers
tests/unit/grading/test_grading_repository.py::test_outcome_links_result_with_production_session_settings
tests/unit/grading/test_grading_repository.py::test_task_creation_requires_request_id
tests/unit/grading/test_grading_repository.py::test_lock_submission_rejects_unknown_submission
tests/unit/grading/test_grading_repository.py::test_ensure_ready_reports_missing_tables
tests/unit/grading/test_grading_repository.py::test_save_single_result_updates_existing_row
tests/unit/grading/test_grading_repository.py::test_retrieval_scope_round_trips_task_checkpoint_and_preserves_other_keys
tests/unit/grading/test_grading_repository.py::test_old_task_missing_retrieval_scope_keeps_empty_default
tests/unit/grading/test_grading_repository.py::test_invalid_persisted_retrieval_scope_is_not_silently_defaulted
tests/unit/grading/test_grading_repository.py::test_reconstructed_executor_loads_persisted_scope_into_subjective_source
tests/unit/grading/test_grading_task_service.py::test_policy_records_decision_and_returns_policy_result
tests/unit/grading/test_grading_task_service.py::test_low_confidence_decision_marks_pending_review
tests/unit/grading/test_grading_task_service.py::test_objective_result_is_accepted_without_review
tests/unit/grading/test_grading_task_service.py::test_recorded_decisions_are_isolated_per_instance
tests/unit/grading/test_grading_task_service.py::test_human_decided_result_is_rejected_and_not_recorded
tests/unit/grading/test_grading_task_service.py::test_unvalidated_result_is_rejected
tests/unit/grading/test_grading_task_service.py::test_missing_answer_identity_is_recorded_as_none
tests/unit/grading/test_grading_task_service.py::test_policy_satisfies_subjective_grader_injection_point
tests/unit/grading/test_grading_task_service.py::test_trigger_creates_queued_task_and_schedules_execution
tests/unit/grading/test_grading_task_service.py::test_trigger_audits_new_task_once_and_audit_failure_does_not_block
tests/unit/grading/test_grading_task_service.py::test_trigger_reuses_in_flight_task_without_rescheduling
tests/unit/grading/test_grading_task_service.py::test_trigger_completed_task_requires_regrade
tests/unit/grading/test_grading_task_service.py::test_trigger_regrade_creates_new_task
tests/unit/grading/test_grading_task_service.py::test_trigger_rejects_draft_submission
tests/unit/grading/test_grading_task_service.py::test_trigger_denies_teacher_without_course_ownership
tests/unit/grading/test_grading_task_service.py::test_trigger_reports_store_not_ready
tests/unit/grading/test_grading_task_service.py::test_task_status_and_single_result_not_found
tests/unit/grading/test_grading_task_service.py::test_executor_persists_original_grading_fields
tests/unit/grading/test_grading_task_service.py::test_executor_persists_outcome_and_progress
tests/unit/grading/test_grading_task_service.py::test_executor_marks_task_failed_on_pipeline_error
tests/unit/grading/test_grading_task_service.py::test_default_pipeline_grades_objective_items_deterministically
tests/unit/grading/test_grading_task_service.py::test_default_pipeline_requires_subjective_pipeline
tests/unit/grading/test_grading_task_service.py::test_question_result_dto_reuse_payload_is_serializable
tests/unit/grading/test_grading_task_service.py::test_trigger_passes_request_id_inside_submission_lock
tests/unit/grading/test_grading_task_service.py::test_executor_commits_outcome_and_completed_atomically
tests/unit/grading/test_grading_task_service.py::test_executor_failure_during_commit_keeps_error_code_without_partial_result
tests/unit/grading/test_grading_task_service.py::test_commit_acknowledgement_failure_does_not_rewrite_committed_outcome
tests/unit/grading/test_grading_task_service.py::test_recover_interrupted_tasks_converges_running_tasks
tests/unit/grading/test_grading_task_service.py::test_executor_records_diagnosis_only_for_final_result
tests/unit/grading/test_grading_task_service.py::test_real_reader_snapshot_follows_exam_question_set
tests/unit/grading/test_grading_task_service.py::test_real_reader_question_order_is_deterministic
tests/unit/grading/test_grading_task_service.py::test_real_reader_rejects_missing_answer
tests/unit/grading/test_grading_task_service.py::test_real_reader_rejects_answer_outside_exam
tests/unit/grading/test_grading_task_service.py::test_real_reader_rejects_exam_without_questions
tests/unit/grading/test_grading_task_service.py::test_trigger_requires_store_readiness_before_reading_submission
tests/unit/grading/test_grading_task_service.py::test_default_recording_reuses_single_decision[0.799-Pending Review]
tests/unit/grading/test_grading_task_service.py::test_default_recording_reuses_single_decision[0.8-Not Required]
tests/unit/grading/test_grading_task_service.py::test_default_recording_reuses_single_decision[0.95-Not Required]
tests/unit/grading/test_grading_task_service.py::test_recording_preserves_injected_policy[False]
tests/unit/grading/test_grading_task_service.py::test_recording_preserves_injected_policy[True]
tests/unit/grading/test_grading_task_service.py::test_trigger_persists_explicit_scope_and_executor_reads_it_again
tests/unit/grading/test_grading_task_service.py::test_reused_task_retains_original_scope_when_request_omits_scope
tests/unit/grading/test_grading_task_service.py::test_subjective_task_error_keeps_scope_failure_reason
tests/unit/grading/test_grading_task_service.py::test_production_subjective_scorer_preserves_scope_error_in_task
tests/unit/grading/test_grading_task_service.py::test_nonempty_scope_requires_a_supported_reader_validator
tests/unit/grading/test_grading_task_service.py::test_active_task_reused_scope_conflict_preserves_task_and_schedule[document_ids]
tests/unit/grading/test_grading_task_service.py::test_active_task_reused_scope_conflict_preserves_task_and_schedule[chapter_ids]
tests/unit/grading/test_grading_task_service.py::test_active_task_reused_scope_conflict_preserves_task_and_schedule[knowledge_points]
tests/unit/grading/test_grading_task_service.py::test_active_task_reused_scope_conflict_preserves_task_and_schedule[section_range]
tests/unit/grading/test_grading_task_service.py::test_active_task_reused_scope_conflict_preserves_task_and_schedule[empty]
tests/unit/grading/test_grading_task_service.py::test_active_task_reused_scope_uses_set_semantics_and_range_value
tests/unit/grading/test_objective_grader.py::test_objective_exact_match_scores_full_marks[SINGLE_CHOICE-B-B]
tests/unit/grading/test_objective_grader.py::test_objective_exact_match_scores_full_marks[SINGLE_CHOICE-\uff22-B]
tests/unit/grading/test_objective_grader.py::test_objective_exact_match_scores_full_marks[TRUE_FALSE-True-TRUE]
tests/unit/grading/test_objective_grader.py::test_objective_exact_match_scores_full_marks[FILL_BLANK-Python \u6807\u51c6\u5e93-  python   \u6807\u51c6\u5e93 ]
tests/unit/grading/test_objective_grader.py::test_single_choice_wrong_answer_scores_zero
tests/unit/grading/test_objective_grader.py::test_missing_answer_scores_zero[None]
tests/unit/grading/test_objective_grader.py::test_missing_answer_scores_zero[]
tests/unit/grading/test_objective_grader.py::test_missing_answer_scores_zero[   ]
tests/unit/grading/test_objective_grader.py::test_missing_answer_scores_zero[student_answer3]
tests/unit/grading/test_objective_grader.py::test_missing_answer_scores_zero[student_answer4]
tests/unit/grading/test_objective_grader.py::test_blank_answer_detection_matches_submission_service[None]
tests/unit/grading/test_objective_grader.py::test_blank_answer_detection_matches_submission_service[]
tests/unit/grading/test_objective_grader.py::test_blank_answer_detection_matches_submission_service[   ]
tests/unit/grading/test_objective_grader.py::test_blank_answer_detection_matches_submission_service[value3]
tests/unit/grading/test_objective_grader.py::test_blank_answer_detection_matches_submission_service[value4]
tests/unit/grading/test_objective_grader.py::test_blank_answer_detection_matches_submission_service[value5]
tests/unit/grading/test_objective_grader.py::test_blank_answer_detection_matches_submission_service[value6]
tests/unit/grading/test_objective_grader.py::test_blank_answer_detection_matches_submission_service[B]
tests/unit/grading/test_objective_grader.py::test_blank_answer_detection_matches_submission_service[value8]
tests/unit/grading/test_objective_grader.py::test_blank_answer_detection_matches_submission_service[value9]
tests/unit/grading/test_objective_grader.py::test_multiple_choice_exact_match_scores_full_marks
tests/unit/grading/test_objective_grader.py::test_multiple_choice_missing_selection_scores_proportionally[A-1.0]
tests/unit/grading/test_objective_grader.py::test_multiple_choice_missing_selection_scores_proportionally[A,B-2.0]
tests/unit/grading/test_objective_grader.py::test_multiple_choice_missing_selection_scores_proportionally[B-1.0]
tests/unit/grading/test_objective_grader.py::test_multiple_choice_ratio_uses_round_half_up
tests/unit/grading/test_objective_grader.py::test_multiple_choice_wrong_selection_scores_zero[A,C-A,B-option_keys0]
tests/unit/grading/test_objective_grader.py::test_multiple_choice_wrong_selection_scores_zero[A,C-A,C,D-option_keys1]
tests/unit/grading/test_objective_grader.py::test_multiple_choice_wrong_selection_scores_zero[A-B-option_keys2]
tests/unit/grading/test_objective_grader.py::test_multiple_choice_empty_answer_scores_zero[]
tests/unit/grading/test_objective_grader.py::test_multiple_choice_empty_answer_scores_zero[  ]
tests/unit/grading/test_objective_grader.py::test_multiple_choice_empty_answer_scores_zero[None]
tests/unit/grading/test_objective_grader.py::test_multiple_choice_empty_answer_scores_zero[student_answer3]
tests/unit/grading/test_objective_grader.py::test_multiple_choice_duplicate_keys_are_deduplicated[A,A,B,B]
tests/unit/grading/test_objective_grader.py::test_multiple_choice_duplicate_keys_are_deduplicated[student_answer1]
tests/unit/grading/test_objective_grader.py::test_multiple_choice_unknown_question_type_propagates_router_error
tests/unit/grading/test_objective_grader.py::test_multiple_choice_undelimited_text_is_rejected[AB]
tests/unit/grading/test_objective_grader.py::test_multiple_choice_undelimited_text_is_rejected[AC]
tests/unit/grading/test_objective_grader.py::test_multiple_choice_undelimited_text_is_rejected[ABC]
tests/unit/grading/test_objective_grader.py::test_multiple_choice_accepts_undelimited_text_matching_known_key
tests/unit/grading/test_objective_grader.py::test_multiple_choice_sequence_items_must_be_known_keys
tests/unit/grading/test_objective_grader.py::test_multiple_choice_keys_outside_option_keys_are_rejected[A-A,C]
tests/unit/grading/test_objective_grader.py::test_multiple_choice_keys_outside_option_keys_are_rejected[A,D-A]
tests/unit/grading/test_objective_grader.py::test_multiple_choice_keys_outside_option_keys_are_rejected[A-c]
tests/unit/grading/test_objective_grader.py::test_multiple_choice_empty_option_keys_are_rejected
tests/unit/grading/test_objective_grader.py::test_missing_reference_answer_raises[None]
tests/unit/grading/test_objective_grader.py::test_missing_reference_answer_raises[]
tests/unit/grading/test_objective_grader.py::test_missing_reference_answer_raises[   ]
tests/unit/grading/test_objective_grader.py::test_invalid_max_score_raises[0]
tests/unit/grading/test_objective_grader.py::test_invalid_max_score_raises[0.0]
tests/unit/grading/test_objective_grader.py::test_invalid_max_score_raises[-1.0]
tests/unit/grading/test_objective_grader.py::test_invalid_max_score_raises[nan]
tests/unit/grading/test_objective_grader.py::test_invalid_max_score_raises[inf]
tests/unit/grading/test_objective_grader.py::test_invalid_max_score_raises[-inf]
tests/unit/grading/test_objective_grader.py::test_invalid_max_score_raises[5]
tests/unit/grading/test_objective_grader.py::test_invalid_max_score_raises[None]
tests/unit/grading/test_objective_grader.py::test_invalid_max_score_raises[True]
tests/unit/grading/test_objective_grader.py::test_subjective_question_type_is_rejected[SHORT_ANSWER]
tests/unit/grading/test_objective_grader.py::test_subjective_question_type_is_rejected[ESSAY0]
tests/unit/grading/test_objective_grader.py::test_subjective_question_type_is_rejected[ESSAY1]
tests/unit/grading/test_objective_grader.py::test_missing_question_type_raises
tests/unit/grading/test_objective_grader.py::test_objective_answers_in_mapping_form_are_rejected[student_answer0]
tests/unit/grading/test_objective_grader.py::test_objective_answers_in_mapping_form_are_rejected[student_answer1]
tests/unit/grading/test_objective_grader.py::test_objective_answers_in_mapping_form_are_rejected[student_answer2]
tests/unit/grading/test_objective_grader.py::test_unsupported_answer_shapes_are_rejected[SINGLE_CHOICE-student_answer0]
tests/unit/grading/test_objective_grader.py::test_unsupported_answer_shapes_are_rejected[TRUE_FALSE-student_answer1]
tests/unit/grading/test_objective_grader.py::test_unsupported_answer_shapes_are_rejected[FILL_BLANK-student_answer2]
tests/unit/grading/test_objective_grader.py::test_unsupported_answer_shapes_are_rejected[SINGLE_CHOICE-student_answer3]
tests/unit/grading/test_objective_grader.py::test_unsupported_answer_shapes_are_rejected[FILL_BLANK-student_answer4]
tests/unit/grading/test_objective_grader.py::test_score_is_produced_within_range_without_clamping[0.05-A,B-0.03]
tests/unit/grading/test_objective_grader.py::test_score_is_produced_within_range_without_clamping[0.01-A,B-0.01]
tests/unit/grading/test_objective_grader.py::test_score_is_produced_within_range_without_clamping[1.0-A-0.33]
tests/unit/grading/test_objective_grader.py::test_internal_invariant_error_is_defined_for_unexpected_scores
tests/unit/grading/test_objective_grader.py::test_result_exposes_required_dto_fields
tests/unit/grading/test_objective_grader.py::test_repeated_grading_is_stable_for_one_hundred_runs
tests/unit/grading/test_objective_grader.py::test_module_does_not_import_llm_embedding_or_retrieval
tests/unit/grading/test_objective_grader.py::test_grading_does_not_open_network_connections
tests/unit/grading/test_objective_grader.py::test_b01_list_items_are_not_split_again
tests/unit/grading/test_objective_grader.py::test_b01_list_items_keep_inner_whitespace
tests/unit/grading/test_objective_grader.py::test_b01_two_list_items_are_two_keys
tests/unit/grading/test_objective_grader.py::test_b01_compound_key_is_not_silently_split
tests/unit/grading/test_objective_grader.py::test_b01_list_form_still_matches_reference_text
tests/unit/grading/test_objective_grader.py::test_b02_invalid_decimal_max_score_is_a_business_error[max_score0]
tests/unit/grading/test_objective_grader.py::test_b02_invalid_decimal_max_score_is_a_business_error[max_score1]
tests/unit/grading/test_objective_grader.py::test_b02_invalid_decimal_max_score_is_a_business_error[max_score2]
tests/unit/grading/test_objective_grader.py::test_b02_invalid_decimal_max_score_is_a_business_error[max_score3]
tests/unit/grading/test_objective_grader.py::test_b02_invalid_decimal_max_score_is_a_business_error[10000000000000000000000000000000000000000000000000000000000000000000000000000000000000000000000000000000000000000000000000000000000000000000000000000000000000000000000000000000000000000000000000000000000000000000000000000000000000000000000000000000000000000000000000000000000000000000000000000000000000000000000000000000000000000000000000000000000000000000000000000000000000000000000000000000000000000]
tests/unit/grading/test_objective_grader.py::test_b02_invalid_decimal_max_score_is_a_business_error[-10000000000000000000000000000000000000000000000000000000000000000000000000000000000000000000000000000000000000000000000000000000000000000000000000000000000000000000000000000000000000000000000000000000000000000000000000000000000000000000000000000000000000000000000000000000000000000000000000000000000000000000000000000000000000000000000000000000000000000000000000000000000000000000000000000000000000000]
tests/unit/grading/test_objective_grader.py::test_grader_accepts_question_like_objects_end_to_end
tests/unit/grading/test_question_router.py::test_objective_question_types_route_to_objective[SINGLE_CHOICE]
tests/unit/grading/test_question_router.py::test_objective_question_types_route_to_objective[MULTIPLE_CHOICE]
tests/unit/grading/test_question_router.py::test_objective_question_types_route_to_objective[TRUE_FALSE]
tests/unit/grading/test_question_router.py::test_objective_question_types_route_to_objective[FILL_BLANK]
tests/unit/grading/test_question_router.py::test_subjective_question_types_route_to_subjective[SHORT_ANSWER]
tests/unit/grading/test_question_router.py::test_subjective_question_types_route_to_subjective[ESSAY]
tests/unit/grading/test_question_router.py::test_every_supported_question_type_is_classified
tests/unit/grading/test_question_router.py::test_route_type_accepts_equivalent_text[SINGLE_CHOICE-SINGLE_CHOICE]
tests/unit/grading/test_question_router.py::test_route_type_accepts_equivalent_text[multiple_choice-MULTIPLE_CHOICE]
tests/unit/grading/test_question_router.py::test_route_type_accepts_equivalent_text[  Essay  -ESSAY]
tests/unit/grading/test_question_router.py::test_route_type_accepts_equivalent_text[TRUE_FALSE-TRUE_FALSE]
tests/unit/grading/test_question_router.py::test_route_type_accepts_equivalent_text[fill_blank-FILL_BLANK]
tests/unit/grading/test_question_router.py::test_route_type_accepts_equivalent_text[\uff33\uff28\uff2f\uff32\uff34\uff3f\uff21\uff2e\uff33\uff37\uff25\uff32-SHORT_ANSWER]
tests/unit/grading/test_question_router.py::test_unknown_question_type_raises_explicit_error[MATCHING]
tests/unit/grading/test_question_router.py::test_unknown_question_type_raises_explicit_error[SINGLE]
tests/unit/grading/test_question_router.py::test_unknown_question_type_raises_explicit_error[]
tests/unit/grading/test_question_router.py::test_unknown_question_type_raises_explicit_error[   ]
tests/unit/grading/test_question_router.py::test_unknown_question_type_never_defaults_to_a_mode
tests/unit/grading/test_question_router.py::test_missing_question_type_raises_explicit_error[question0]
tests/unit/grading/test_question_router.py::test_missing_question_type_raises_explicit_error[question1]
tests/unit/grading/test_question_router.py::test_route_rejects_raw_question_type_value
tests/unit/grading/test_question_router.py::test_model_output_does_not_change_routing
tests/unit/grading/test_question_router.py::test_router_ignores_unrelated_question_fields
tests/unit/grading/test_question_router.py::test_router_is_reusable
tests/unit/grading/test_result_aggregator.py::test_empty_expected_answers_are_rejected
tests/unit/grading/test_result_aggregator.py::test_missing_result_stays_pending_without_zero_filling
tests/unit/grading/test_result_aggregator.py::test_duplicate_results_are_rejected
tests/unit/grading/test_result_aggregator.py::test_duplicate_expected_answers_are_rejected
tests/unit/grading/test_result_aggregator.py::test_unexpected_result_answer_is_rejected
tests/unit/grading/test_result_aggregator.py::test_result_from_other_submission_is_rejected
tests/unit/grading/test_result_aggregator.py::test_result_without_submission_identity_is_rejected
tests/unit/grading/test_result_aggregator.py::test_max_score_mismatch_is_rejected
tests/unit/grading/test_result_aggregator.py::test_question_type_mismatch_is_rejected
tests/unit/grading/test_result_aggregator.py::test_objective_results_finalize_without_decision
tests/unit/grading/test_result_aggregator.py::test_subjective_result_requires_recorded_decision
tests/unit/grading/test_result_aggregator.py::test_subjective_accepted_decision_is_counted
tests/unit/grading/test_result_aggregator.py::test_subjective_pending_review_decision_keeps_exam_pending_review
tests/unit/grading/test_result_aggregator.py::test_inconsistent_decision_is_rejected
tests/unit/grading/test_result_aggregator.py::test_confirmed_human_review_wins_over_low_confidence_decision
tests/unit/grading/test_result_aggregator.py::test_modified_human_review_uses_updated_score
tests/unit/grading/test_result_aggregator.py::test_regrade_state_is_not_final
tests/unit/grading/test_result_aggregator.py::test_failed_validation_marks_exam_result_failed
tests/unit/grading/test_result_aggregator.py::test_unknown_review_status_is_rejected
tests/unit/grading/test_result_aggregator.py::test_final_total_follows_exam_order_and_decimal_accumulation
tests/unit/grading/test_result_aggregator.py::test_diagnosis_readiness_stays_false_when_results_are_incomplete
tests/unit/grading/test_result_aggregator.py::test_aggregation_ignores_confidence_threshold_changes
tests/unit/grading/test_result_aggregator.py::test_aggregation_never_calls_llm_provider
tests/unit/grading/test_result_aggregator.py::test_objective_item_preserves_original_fields
tests/unit/grading/test_result_aggregator.py::test_subjective_auto_accepted_item_preserves_original_confidence
tests/unit/grading/test_result_aggregator.py::test_pending_review_item_preserves_original_fields
tests/unit/grading/test_result_aggregator.py::test_human_confirmed_item_preserves_original_fields
tests/unit/grading/test_result_aggregator.py::test_human_modified_item_preserves_original_fields
tests/unit/grading/test_result_aggregator.py::test_missing_item_uses_empty_placeholders
tests/unit/grading/test_structured_grading.py::test_valid_json_payload_returns_validated_result
tests/unit/grading/test_structured_grading.py::test_valid_mapping_allows_empty_point_lists
tests/unit/grading/test_structured_grading.py::test_invalid_payload_maps_to_invalid_response[{\u4e0d\u662f JSON]
tests/unit/grading/test_structured_grading.py::test_invalid_payload_maps_to_invalid_response[[]]
tests/unit/grading/test_structured_grading.py::test_invalid_payload_maps_to_invalid_response["\u7eaf\u6587\u672c"]
tests/unit/grading/test_structured_grading.py::test_invalid_payload_maps_to_invalid_response[null]
tests/unit/grading/test_structured_grading.py::test_invalid_payload_maps_to_invalid_response[123]
tests/unit/grading/test_structured_grading.py::test_invalid_payload_maps_to_invalid_response[{"score": 7.0, "confidence": 0.9, "reason": "\u5b66\u751f\u7b54\u51fa\u5c40\u90e8\u4f5c\u7528\u57df\uff0c\u672a\u8986\u76d6\u5168\u5c40\u4f5c\u7528\u57df\u3002", "correct_points": ["\u5c40\u90e8\u4f5c\u7528\u57df"], "missing_knowledge_points": ["\u5168\u5c40\u4f5c\u7528\u57df"], "suggestions": ["\u8865\u5145\u5168\u5c40\u4f5c\u7528\u57df\u7684\u4f5c\u7528\u8303\u56f4\u3002"], "extra_field": "\u591a\u4f59\u5b57\u6bb5"}]
tests/unit/grading/test_structured_grading.py::test_invalid_payload_maps_to_invalid_response[{"score": 7.0, "confidence": 0.9, "correct_points": ["\\u5c40\\u90e8\\u4f5c\\u7528\\u57df"], "missing_knowledge_points": ["\\u5168\\u5c40\\u4f5c\\u7528\\u57df"], "suggestions": ["\\u8865\\u5145\\u5168\\u5c40\\u4f5c\\u7528\\u57df\\u7684\\u4f5c\\u7528\\u8303\\u56f4\\u3002"]}]
tests/unit/grading/test_structured_grading.py::test_invalid_payload_maps_to_invalid_response[{"score": "7.0", "confidence": 0.9, "reason": "\u5b66\u751f\u7b54\u51fa\u5c40\u90e8\u4f5c\u7528\u57df\uff0c\u672a\u8986\u76d6\u5168\u5c40\u4f5c\u7528\u57df\u3002", "correct_points": ["\u5c40\u90e8\u4f5c\u7528\u57df"], "missing_knowledge_points": ["\u5168\u5c40\u4f5c\u7528\u57df"], "suggestions": ["\u8865\u5145\u5168\u5c40\u4f5c\u7528\u57df\u7684\u4f5c\u7528\u8303\u56f4\u3002"]}]
tests/unit/grading/test_structured_grading.py::test_invalid_payload_maps_to_invalid_response[{"score": true, "confidence": 0.9, "reason": "\u5b66\u751f\u7b54\u51fa\u5c40\u90e8\u4f5c\u7528\u57df\uff0c\u672a\u8986\u76d6\u5168\u5c40\u4f5c\u7528\u57df\u3002", "correct_points": ["\u5c40\u90e8\u4f5c\u7528\u57df"], "missing_knowledge_points": ["\u5168\u5c40\u4f5c\u7528\u57df"], "suggestions": ["\u8865\u5145\u5168\u5c40\u4f5c\u7528\u57df\u7684\u4f5c\u7528\u8303\u56f4\u3002"]}]
tests/unit/grading/test_structured_grading.py::test_invalid_payload_maps_to_invalid_response[{"score": 7.0, "confidence": "0.9", "reason": "\u5b66\u751f\u7b54\u51fa\u5c40\u90e8\u4f5c\u7528\u57df\uff0c\u672a\u8986\u76d6\u5168\u5c40\u4f5c\u7528\u57df\u3002", "correct_points": ["\u5c40\u90e8\u4f5c\u7528\u57df"], "missing_knowledge_points": ["\u5168\u5c40\u4f5c\u7528\u57df"], "suggestions": ["\u8865\u5145\u5168\u5c40\u4f5c\u7528\u57df\u7684\u4f5c\u7528\u8303\u56f4\u3002"]}]
tests/unit/grading/test_structured_grading.py::test_invalid_payload_maps_to_invalid_response[{"score": 7.0, "confidence": false, "reason": "\u5b66\u751f\u7b54\u51fa\u5c40\u90e8\u4f5c\u7528\u57df\uff0c\u672a\u8986\u76d6\u5168\u5c40\u4f5c\u7528\u57df\u3002", "correct_points": ["\u5c40\u90e8\u4f5c\u7528\u57df"], "missing_knowledge_points": ["\u5168\u5c40\u4f5c\u7528\u57df"], "suggestions": ["\u8865\u5145\u5168\u5c40\u4f5c\u7528\u57df\u7684\u4f5c\u7528\u8303\u56f4\u3002"]}]
tests/unit/grading/test_structured_grading.py::test_invalid_payload_maps_to_invalid_response[{"score": 7.0, "confidence": 0.9, "reason": "   ", "correct_points": ["\u5c40\u90e8\u4f5c\u7528\u57df"], "missing_knowledge_points": ["\u5168\u5c40\u4f5c\u7528\u57df"], "suggestions": ["\u8865\u5145\u5168\u5c40\u4f5c\u7528\u57df\u7684\u4f5c\u7528\u8303\u56f4\u3002"]}]
tests/unit/grading/test_structured_grading.py::test_invalid_payload_maps_to_invalid_response[{"score": 7.0, "confidence": 0.9, "reason": "\u5b66\u751f\u7b54\u51fa\u5c40\u90e8\u4f5c\u7528\u57df\uff0c\u672a\u8986\u76d6\u5168\u5c40\u4f5c\u7528\u57df\u3002", "correct_points": ["\u5c40\u90e8\u4f5c\u7528\u57df"], "missing_knowledge_points": ["\u5168\u5c40\u4f5c\u7528\u57df"], "suggestions": []}]
tests/unit/grading/test_structured_grading.py::test_invalid_payload_maps_to_invalid_response[{"score": 7.0, "confidence": 0.9, "reason": "\u5b66\u751f\u7b54\u51fa\u5c40\u90e8\u4f5c\u7528\u57df\uff0c\u672a\u8986\u76d6\u5168\u5c40\u4f5c\u7528\u57df\u3002", "correct_points": ["\u5c40\u90e8\u4f5c\u7528\u57df"], "missing_knowledge_points": ["\u5168\u5c40\u4f5c\u7528\u57df"], "suggestions": ["   "]}]
tests/unit/grading/test_structured_grading.py::test_invalid_payload_maps_to_invalid_response[{"score": 7.0, "confidence": 0.9, "reason": "\u5b66\u751f\u7b54\u51fa\u5c40\u90e8\u4f5c\u7528\u57df\uff0c\u672a\u8986\u76d6\u5168\u5c40\u4f5c\u7528\u57df\u3002", "correct_points": ["  "], "missing_knowledge_points": ["\u5168\u5c40\u4f5c\u7528\u57df"], "suggestions": ["\u8865\u5145\u5168\u5c40\u4f5c\u7528\u57df\u7684\u4f5c\u7528\u8303\u56f4\u3002"]}]
tests/unit/grading/test_structured_grading.py::test_invalid_payload_maps_to_invalid_response[{"score": 7.0, "confidence": 0.9, "reason": "\u5b66\u751f\u7b54\u51fa\u5c40\u90e8\u4f5c\u7528\u57df\uff0c\u672a\u8986\u76d6\u5168\u5c40\u4f5c\u7528\u57df\u3002", "correct_points": ["\u5c40\u90e8\u4f5c\u7528\u57df"], "missing_knowledge_points": [""], "suggestions": ["\u8865\u5145\u5168\u5c40\u4f5c\u7528\u57df\u7684\u4f5c\u7528\u8303\u56f4\u3002"]}]
tests/unit/grading/test_structured_grading.py::test_invalid_payload_maps_to_invalid_response[{"score": NaN, "confidence": 0.5, "reason": "r", "correct_points": [], "missing_knowledge_points": [], "suggestions": ["s"]}]
tests/unit/grading/test_structured_grading.py::test_invalid_payload_maps_to_invalid_response[{"score": Infinity, "confidence": 0.5, "reason": "r", "correct_points": [], "missing_knowledge_points": [], "suggestions": ["s"]}]
tests/unit/grading/test_structured_grading.py::test_score_out_of_range_is_rejected_before_rounding[overrides0]
tests/unit/grading/test_structured_grading.py::test_score_out_of_range_is_rejected_before_rounding[overrides1]
tests/unit/grading/test_structured_grading.py::test_score_out_of_range_is_rejected_before_rounding[overrides2]
tests/unit/grading/test_structured_grading.py::test_score_out_of_range_is_rejected_before_rounding[overrides3]
tests/unit/grading/test_structured_grading.py::test_score_is_rounded_half_up_to_two_decimals[7.335-7.34]
tests/unit/grading/test_structured_grading.py::test_score_is_rounded_half_up_to_two_decimals[7.334-7.33]
tests/unit/grading/test_structured_grading.py::test_score_is_rounded_half_up_to_two_decimals[0.005-0.01]
tests/unit/grading/test_structured_grading.py::test_score_is_rounded_half_up_to_two_decimals[10.0-10.0]
tests/unit/grading/test_structured_grading.py::test_rounding_may_not_exceed_max_score
tests/unit/grading/test_structured_grading.py::test_confidence_out_of_range_is_rejected[-0.01]
tests/unit/grading/test_structured_grading.py::test_confidence_out_of_range_is_rejected[1.01]
tests/unit/grading/test_structured_grading.py::test_confidence_out_of_range_is_rejected[2.0]
tests/unit/grading/test_structured_grading.py::test_confidence_is_not_rounded
tests/unit/grading/test_structured_grading.py::test_invalid_max_score_is_rejected[0]
tests/unit/grading/test_structured_grading.py::test_invalid_max_score_is_rejected[-1]
tests/unit/grading/test_structured_grading.py::test_invalid_max_score_is_rejected[nan]
tests/unit/grading/test_structured_grading.py::test_invalid_max_score_is_rejected[inf]
tests/unit/grading/test_structured_grading.py::test_invalid_max_score_is_rejected[10]
tests/unit/grading/test_structured_grading.py::test_invalid_max_score_is_rejected[True]
tests/unit/grading/test_structured_grading.py::test_invalid_max_score_is_rejected[max_score6]
tests/unit/grading/test_structured_grading.py::test_invalid_max_score_is_rejected[10000000000000000000000000000000000000000000000000000000000000000000000000000000000000000000000000000000000000000000000000000000000000000000000000000000000000000000000000000000000000000000000000000000000000000000000000000000000000000000000000000000000000000000000000000000000000000000000000000000000000000000000000000000000000000000000000000000000000000000000000000000000000000000000000000000000000000]
tests/unit/grading/test_structured_grading.py::test_entry_rejects_objective_question_type
tests/unit/grading/test_structured_grading.py::test_entry_rejects_missing_reference_answer
tests/unit/grading/test_structured_grading.py::test_entry_rejects_invalid_max_score
tests/unit/grading/test_structured_grading.py::test_entry_without_context_does_not_call_provider
tests/unit/grading/test_structured_grading.py::test_entry_rejects_empty_context_even_when_require_context_false
tests/unit/grading/test_structured_grading.py::test_entry_returns_validated_result_and_passes_message_contract
tests/unit/grading/test_structured_grading.py::test_default_policy_marks_low_confidence_for_review
tests/unit/grading/test_structured_grading.py::test_high_confidence_is_auto_accepted_with_custom_threshold
tests/unit/grading/test_structured_grading.py::test_prepare_messages_keeps_versioned_prefix_as_first_system_message
tests/unit/grading/test_structured_grading.py::test_provider_returning_other_schema_is_invalid_response
tests/unit/grading/test_structured_grading.py::test_structured_provider_failure_maps_to_invalid_response[StructuredOutputFailed]
tests/unit/grading/test_structured_grading.py::test_structured_provider_failure_maps_to_invalid_response[ProviderEmptyResponse]
tests/unit/grading/test_structured_grading.py::test_provider_call_failure_maps_to_provider_failed[ProviderTimeout]
tests/unit/grading/test_structured_grading.py::test_provider_call_failure_maps_to_provider_failed[ProviderRateLimited]
tests/unit/grading/test_structured_grading.py::test_provider_call_failure_maps_to_provider_failed[ProviderFailed]
tests/unit/grading/test_structured_grading.py::test_provider_failure_preserves_retryable_flag[True]
tests/unit/grading/test_structured_grading.py::test_provider_failure_preserves_retryable_flag[False]
tests/unit/grading/test_structured_grading.py::test_structured_failure_preserves_source_metadata
tests/unit/grading/test_structured_grading.py::test_parse_rejects_objective_question_type[SINGLE_CHOICE]
tests/unit/grading/test_structured_grading.py::test_parse_rejects_objective_question_type[TRUE_FALSE]
tests/unit/grading/test_structured_grading.py::test_parse_rejects_objective_question_type[MULTIPLE_CHOICE]
tests/unit/grading/test_structured_grading.py::test_invalid_response_error_is_redacted
tests/unit/grading/test_structured_grading.py::test_prompt_schema_matches_payload_contract
tests/unit/grading/test_subjective_pipeline.py::test_scorer_returns_result_with_recorded_decision
tests/unit/grading/test_subjective_pipeline.py::test_explicit_settings_select_actual_scoring_components
tests/unit/grading/test_subjective_pipeline.py::test_low_confidence_result_enters_pending_review
tests/unit/grading/test_subjective_pipeline.py::test_missing_context_fails_with_business_code_and_no_llm_call
tests/unit/grading/test_subjective_pipeline.py::test_provider_not_ready_preserves_error_code
tests/unit/grading/test_subjective_pipeline.py::test_missing_rubric_is_rejected_before_calling_provider
tests/unit/grading/test_subjective_pipeline.py::test_source_builder_rejects_missing_reference_answer
tests/unit/ingestion/test_chapter_scope_production.py::test_markdown_short_leaf_sections_never_mix_body_or_overlap
tests/unit/ingestion/test_chapter_scope_production.py::test_heading_source_preview_and_exact_slice_evidence
tests/unit/ingestion/test_chapter_scope_production.py::test_teacher_split_keeps_offsets_in_original_cleaned_section
tests/unit/ingestion/test_chapter_scope_production.py::test_teacher_split_rejects_invalid_real_boundaries[cut_points0]
tests/unit/ingestion/test_chapter_scope_production.py::test_teacher_split_rejects_invalid_real_boundaries[cut_points1]
tests/unit/ingestion/test_chapter_scope_production.py::test_teacher_split_rejects_invalid_real_boundaries[cut_points2]
tests/unit/ingestion/test_chapter_scope_production.py::test_teacher_split_rejects_invalid_real_boundaries[cut_points3]
tests/unit/ingestion/test_chapter_scope_production.py::test_teacher_split_rejects_invalid_real_boundaries[cut_points4]
tests/unit/ingestion/test_chapter_scope_production.py::test_teacher_split_rejects_invalid_real_boundaries[cut_points5]
tests/unit/ingestion/test_chapter_scope_production.py::test_teacher_split_rejects_invalid_real_boundaries[cut_points6]
tests/unit/ingestion/test_chapter_scope_production.py::test_teacher_split_rejects_unknown_or_repeated_source_section
tests/unit/ingestion/test_chapter_scope_production.py::test_scope_patch_distinguishes_omitted_unknown_and_confirmed_empty
tests/unit/ingestion/test_chapter_scope_production.py::test_chapter_directory_requires_real_contiguous_strict_order
tests/unit/ingestion/test_chapter_scope_production.py::test_ingestion_applies_teacher_splits_and_keeps_legacy_custom_chunker
tests/unit/ingestion/test_chapter_scope_production.py::test_heading_only_sibling_is_never_attached_to_another_chapter
tests/unit/ingestion/test_chunking.py::test_chunk_text_contract_is_deterministic_and_offset_consistent
tests/unit/ingestion/test_chunking.py::test_chunk_text_contract_prefers_paragraph_boundary
tests/unit/ingestion/test_chunking.py::test_chunk_text_contract_applies_deterministic_overlap
tests/unit/ingestion/test_chunking.py::test_chunk_text_contract_reports_default_source_metadata
tests/unit/ingestion/test_chunking.py::test_chunk_text_contract_rejects_invalid_limits[kwargs0]
tests/unit/ingestion/test_chunking.py::test_chunk_text_contract_rejects_invalid_limits[kwargs1]
tests/unit/ingestion/test_chunking.py::test_chunk_text_contract_rejects_invalid_limits[kwargs2]
tests/unit/ingestion/test_chunking.py::test_chunk_text_contract_rejects_invalid_limits[kwargs3]
tests/unit/ingestion/test_chunking.py::test_chunk_text_contract_rejects_invalid_limits[kwargs4]
tests/unit/ingestion/test_chunking.py::test_chunk_text_contract_returns_no_chunks_for_blank_text[]
tests/unit/ingestion/test_chunking.py::test_chunk_text_contract_returns_no_chunks_for_blank_text[   \n\t ]
tests/unit/ingestion/test_chunking.py::test_chunk_text_contract_returns_no_chunks_for_blank_text[\ufeff\u200b]
tests/unit/ingestion/test_chunking.py::test_chunk_document_contract_carries_source_metadata
tests/unit/ingestion/test_cleaning.py::test_clean_text_contract_normalizes_noise_and_removes_invisibles
tests/unit/ingestion/test_cleaning.py::test_clean_text_contract_is_idempotent
tests/unit/ingestion/test_cleaning.py::test_clean_text_contract_preserves_teaching_content
tests/unit/ingestion/test_cleaning.py::test_is_blank_contract_matches_clean_text_emptiness
tests/unit/ingestion/test_cleaning.py::test_clean_document_contract_keeps_locations_and_drops_blank_sections
tests/unit/ingestion/test_ingestion_service.py::test_ingestion_service_success_flow_builds_ready_chunks
tests/unit/ingestion/test_ingestion_service.py::test_ingestion_service_parse_failure_stops_pipeline[DOCUMENT_PARSE_FAILED-True]
tests/unit/ingestion/test_ingestion_service.py::test_ingestion_service_parse_failure_stops_pipeline[DOCUMENT_CORRUPTED-True]
tests/unit/ingestion/test_ingestion_service.py::test_ingestion_service_parse_failure_stops_pipeline[DOCUMENT_EMPTY-False]
tests/unit/ingestion/test_ingestion_service.py::test_ingestion_service_parse_failure_stops_pipeline[DOCUMENT_UNSUPPORTED_FORMAT-False]
tests/unit/ingestion/test_ingestion_service.py::test_ingestion_service_parse_failure_without_extension_reports_format
tests/unit/ingestion/test_ingestion_service.py::test_ingestion_service_chunking_failure_maps_to_failed
tests/unit/ingestion/test_ingestion_service.py::test_ingestion_service_empty_knowledge_maps_to_knowledge_base_empty
tests/unit/ingestion/test_ingestion_service.py::test_ingestion_service_embedding_failure_maps_provider_error[error0-EMBEDDING_FAILED-True]
tests/unit/ingestion/test_ingestion_service.py::test_ingestion_service_embedding_failure_maps_provider_error[error1-EMBEDDING_INVALID_INPUT-False]
tests/unit/ingestion/test_ingestion_service.py::test_ingestion_service_embedding_failure_maps_provider_error[error2-EMBEDDING_DIMENSION_MISMATCH-False]
tests/unit/ingestion/test_ingestion_service.py::test_ingestion_service_not_ready_provider_is_not_faked
tests/unit/ingestion/test_ingestion_service.py::test_ingestion_service_maps_unsupported_provider_to_not_ready
tests/unit/ingestion/test_ingestion_service.py::test_ingestion_service_rejects_vector_count_mismatch
tests/unit/ingestion/test_ingestion_service.py::test_ingestion_service_supports_async_provider_builder
tests/unit/ingestion/test_ingestion_service.py::test_ingestion_service_passes_source_ids_to_chunker
tests/unit/ingestion/test_ingestion_service.py::test_ingestion_service_module_does_not_touch_database
tests/unit/ingestion/test_paper_extraction.py::test_cross_page_pending_and_later_answer_update_keep_real_source
tests/unit/ingestion/test_paper_extraction.py::test_unknown_source_invented_answer_and_unfinished_final_are_errors[result0]
tests/unit/ingestion/test_paper_extraction.py::test_unknown_source_invented_answer_and_unfinished_final_are_errors[result1]
tests/unit/ingestion/test_paper_extraction.py::test_unknown_source_invented_answer_and_unfinished_final_are_errors[result2]
tests/unit/ingestion/test_paper_extraction.py::test_unknown_source_invented_answer_and_unfinished_final_are_errors[result3]
tests/unit/ingestion/test_paper_extraction.py::test_invalid_structured_response_is_not_repaired_with_regex
tests/unit/ingestion/test_paper_extraction.py::test_missing_answers_are_not_generated
tests/unit/ingestion/test_paper_pipeline.py::test_text_and_mixed_pages_use_real_content_and_render
tests/unit/ingestion/test_paper_pipeline.py::test_scan_requires_ocr_and_50_pages_are_not_truncated
tests/unit/ingestion/test_paper_pipeline.py::test_invalid_input_never_becomes_empty_success[]
tests/unit/ingestion/test_paper_pipeline.py::test_invalid_input_never_becomes_empty_success[bad]
tests/unit/ingestion/test_paper_pipeline.py::test_invalid_input_never_becomes_empty_success[%PDF-1.7 bad data]
tests/unit/ingestion/test_paper_pipeline.py::test_image_is_single_stored_page_and_no_filename_trust
tests/unit/ingestion/test_paper_provider_lifecycle.py::test_close_only_provider_owned_client
tests/unit/ingestion/test_rapidocr_provider.py::test_native_order_pixels_and_unknown_aggregate
tests/unit/ingestion/test_rapidocr_provider.py::test_real_empty_shape_is_valid[raw0]
tests/unit/ingestion/test_rapidocr_provider.py::test_real_empty_shape_is_valid[raw1]
tests/unit/ingestion/test_rapidocr_provider.py::test_unknown_regional_confidence_remains_null
tests/unit/ingestion/test_rapidocr_provider.py::test_bad_or_partial_sdk_output_is_not_empty_success[None]
tests/unit/ingestion/test_rapidocr_provider.py::test_bad_or_partial_sdk_output_is_not_empty_success[raw1]
tests/unit/ingestion/test_rapidocr_provider.py::test_bad_or_partial_sdk_output_is_not_empty_success[raw2]
tests/unit/ingestion/test_rapidocr_provider.py::test_bad_or_partial_sdk_output_is_not_empty_success[raw3]
tests/unit/ingestion/test_rapidocr_provider.py::test_bad_or_partial_sdk_output_is_not_empty_success[raw4]
tests/unit/ingestion/test_rapidocr_provider.py::test_bad_or_partial_sdk_output_is_not_empty_success[raw5]
tests/unit/ingestion/test_rapidocr_provider.py::test_bad_or_partial_sdk_output_is_not_empty_success[raw6]
tests/unit/ingestion/test_rapidocr_provider.py::test_bad_or_partial_sdk_output_is_not_empty_success[raw7]
tests/unit/ingestion/test_rapidocr_provider.py::test_bad_or_partial_sdk_output_is_not_empty_success[raw8]
tests/unit/ingestion/test_rapidocr_provider.py::test_bad_or_partial_sdk_output_is_not_empty_success[raw9]
tests/unit/ingestion/test_rapidocr_provider.py::test_bad_or_partial_sdk_output_is_not_empty_success[raw10]
tests/unit/ingestion/test_rapidocr_provider.py::test_bad_or_partial_sdk_output_is_not_empty_success[raw11]
tests/unit/ingestion/test_rapidocr_provider.py::test_bad_or_partial_sdk_output_is_not_empty_success[raw12]
tests/unit/ingestion/test_rapidocr_provider.py::test_bad_or_partial_sdk_output_is_not_empty_success[raw13]
tests/unit/ingestion/test_rapidocr_provider.py::test_bad_or_partial_sdk_output_is_not_empty_success[raw14]
tests/unit/ingestion/test_rapidocr_provider.py::test_bad_or_partial_sdk_output_is_not_empty_success[raw15]
tests/unit/ingestion/test_rapidocr_provider.py::test_bad_or_partial_sdk_output_is_not_empty_success[raw16]
tests/unit/ingestion/test_rapidocr_provider.py::test_bad_or_partial_sdk_output_is_not_empty_success[raw17]
tests/unit/ingestion/test_rapidocr_provider.py::test_true_sdk_failure_preserves_cause_without_path_disclosure
tests/unit/ingestion/test_rapidocr_provider.py::test_invalid_image_never_calls_sdk
tests/unit/ingestion/test_rapidocr_provider.py::test_loading_failure_is_not_ready_with_real_cause[failure0]
tests/unit/ingestion/test_rapidocr_provider.py::test_loading_failure_is_not_ready_with_real_cause[failure1]
tests/unit/ingestion/test_rapidocr_provider.py::test_loading_failure_is_not_ready_with_real_cause[failure2]
tests/unit/ingestion/test_rapidocr_provider.py::test_loading_failure_is_not_ready_with_real_cause[failure3]
tests/unit/ingestion/test_rapidocr_provider.py::test_model_identity_checks_missing_and_wrong_bytes
tests/unit/ingestion/test_rapidocr_provider.py::test_explicit_cpu_parameters_do_not_allow_sdk_download
tests/unit/ingestion/test_rapidocr_provider.py::test_native_call_is_off_loop_and_remains_serial_after_cancellation
tests/unit/ingestion/test_t160_extraction_constraints.py::test_unknown_evidence_keys_are_rejected_at_the_provider_schema_boundary
tests/unit/ingestion/test_t160_extraction_constraints.py::test_published_schema_restricts_evidence_keys_to_the_accepted_contract
tests/unit/ingestion/test_t160_extraction_constraints.py::test_each_populated_answer_field_requires_its_own_nonempty_evidence[\u539f\u6587\u8bf4\u660e\u3002-reference_answer]
tests/unit/ingestion/test_t160_extraction_constraints.py::test_each_populated_answer_field_requires_its_own_nonempty_evidence[\u539f\u6587\u8bf4\u660e\u3002-scoring_rubric]
tests/unit/ingestion/test_t160_extraction_constraints.py::test_each_populated_answer_field_requires_its_own_nonempty_evidence[\u539f\u6587\u8bf4\u660e\u3002-analysis]
tests/unit/ingestion/test_t160_extraction_constraints.py::test_each_populated_answer_field_requires_its_own_nonempty_evidence[   -reference_answer]
tests/unit/ingestion/test_t160_extraction_constraints.py::test_each_populated_answer_field_requires_its_own_nonempty_evidence[   -scoring_rubric]
tests/unit/ingestion/test_t160_extraction_constraints.py::test_each_populated_answer_field_requires_its_own_nonempty_evidence[   -analysis]
tests/unit/ingestion/test_t160_extraction_constraints.py::test_nonliteral_answer_is_rejected_before_business_persistence
tests/unit/ingestion/test_t160_extraction_constraints.py::test_missing_fields_stay_unknown_and_literal_fields_keep_their_own_evidence
tests/unit/ingestion/test_t160_extraction_constraints.py::test_valid_schema_does_not_allow_a_fabricated_original_excerpt
tests/unit/ingestion/test_t160_extraction_constraints.py::test_completed_indices_are_explicit_and_do_not_reuse_original_numbers
tests/unit/ingestion/test_t160_extraction_constraints.py::test_same_batch_question_cannot_be_smuggled_into_completed_updates
tests/unit/ingestion/test_t160_extraction_constraints.py::test_actual_provider_uses_existing_bounded_retry_for_schema_invalid_evidence
tests/unit/mcp/test_email_tool.py::test_default_noop_never_claims_delivery
tests/unit/mcp/test_email_tool.py::test_invalid_recipient_has_specific_error_and_never_calls_sender[not-an-email]
tests/unit/mcp/test_email_tool.py::test_invalid_recipient_has_specific_error_and_never_calls_sender[nobody@]
tests/unit/mcp/test_email_tool.py::test_invalid_recipient_has_specific_error_and_never_calls_sender[a@b]
tests/unit/mcp/test_email_tool.py::test_invalid_recipient_has_specific_error_and_never_calls_sender[a@b.com\r\nBcc:evil@x.com]
tests/unit/mcp/test_email_tool.py::test_invalid_recipient_has_specific_error_and_never_calls_sender[ user@example.org ]
tests/unit/mcp/test_email_tool.py::test_unknown_template_has_specific_error_and_never_calls_sender
tests/unit/mcp/test_email_tool.py::test_teacher_and_admin_can_discover_but_student_is_denied
tests/unit/mcp/test_email_tool.py::test_injected_sender_receives_trusted_actor_recipient_and_template
tests/unit/mcp/test_email_tool.py::test_sender_failure_and_exception_never_leak_or_claim_sent
tests/unit/mcp/test_knowledge_tools.py::test_search_questions_returns_authorized_filtered_safe_summaries
tests/unit/mcp/test_knowledge_tools.py::test_search_questions_rejects_foreign_course_and_reports_empty
tests/unit/mcp/test_knowledge_tools.py::test_query_knowledge_uses_owned_scope_and_returns_safe_source
tests/unit/mcp/test_knowledge_tools.py::test_query_knowledge_rejects_unauthed_and_foreign_before_embedding
tests/unit/mcp/test_knowledge_tools.py::test_query_knowledge_empty_result_is_explicit
tests/unit/mcp/test_knowledge_tools.py::test_mcp_explicit_chapter_scope_reaches_shared_retrieval_boundary
tests/unit/mcp/test_knowledge_tools.py::test_mcp_invalid_scope_preserves_reason_without_embedding
tests/unit/mcp/test_report_tools.py::test_registry_keeps_single_permission_and_accepts_either_view_permission
tests/unit/mcp/test_report_tools.py::test_exam_result_teacher_all_student_own_and_no_internal_ids
tests/unit/mcp/test_report_tools.py::test_exam_result_denies_foreign_course_and_student_identity
tests/unit/mcp/test_report_tools.py::test_profile_is_per_submission_and_teacher_needs_owned_course
tests/unit/mcp/test_report_tools.py::test_profile_student_own_and_missing_diagnosis_state
tests/unit/mcp/test_report_tools.py::test_report_uses_persisted_data_and_requires_course_for_student
tests/unit/mcp/test_report_tools.py::test_report_rejects_foreign_course_and_redacts_long_internal_text
tests/unit/mcp/test_server.py::test_registry_rejects_duplicate_and_lists_only_authorized_tools
tests/unit/mcp/test_server.py::test_real_jwt_identity_reaches_tool_context_not_token_claims
tests/unit/mcp/test_server.py::test_missing_invalid_and_disabled_jwt_never_execute_tool
tests/unit/mcp/test_server.py::test_permission_and_identity_spoofing_are_rejected_before_handler
tests/unit/mcp/test_server.py::test_unexpected_handler_error_is_structured_and_redacted
tests/unit/models/test_agent_run.py::test_table_structure_matches_plan
tests/unit/models/test_agent_run.py::test_status_column_uses_trace_values_not_workflow_status
tests/unit/models/test_agent_run.py::test_validation_status_column_reuses_validation_status_enum
tests/unit/models/test_agent_run.py::test_foreign_keys_declare_targets_and_delete_behavior
tests/unit/models/test_agent_run.py::test_trace_status_values_round_trip[success]
tests/unit/models/test_agent_run.py::test_trace_status_values_round_trip[failure]
tests/unit/models/test_agent_run.py::test_trace_status_values_round_trip[pending_review]
tests/unit/models/test_agent_run.py::test_full_trace_record_round_trips
tests/unit/models/test_agent_run.py::test_unknown_usage_and_missing_context_stay_null
tests/unit/models/test_agent_run.py::test_failure_record_keeps_masked_error_summary
tests/unit/models/test_agent_run.py::test_request_id_is_required
tests/unit/models/test_agent_run.py::test_agent_type_is_required
tests/unit/models/test_agent_run.py::test_workflow_status_values_are_rejected[Queued]
tests/unit/models/test_agent_run.py::test_workflow_status_values_are_rejected[Running]
tests/unit/models/test_agent_run.py::test_workflow_status_values_are_rejected[Paused]
tests/unit/models/test_agent_run.py::test_workflow_status_values_are_rejected[Failed]
tests/unit/models/test_agent_run.py::test_workflow_status_values_are_rejected[Completed]
tests/unit/models/test_agent_run.py::test_negative_latency_is_rejected
tests/unit/models/test_agent_run.py::test_negative_token_counts_are_rejected[input_tokens-kwargs0]
tests/unit/models/test_agent_run.py::test_negative_token_counts_are_rejected[output_tokens-kwargs1]
tests/unit/models/test_agent_run.py::test_negative_token_counts_are_rejected[total_tokens-kwargs2]
tests/unit/models/test_agent_run.py::test_workflow_relationship_is_readonly_and_resolves_run
tests/unit/models/test_agent_run.py::test_deleting_workflow_run_only_clears_pointer
tests/unit/models/test_agent_run.py::test_trace_records_are_listable_by_request_id
tests/unit/models/test_diagnosis_report.py::test_table_structure_matches_plan
tests/unit/models/test_diagnosis_report.py::test_status_column_reuses_diagnosis_status_enum
tests/unit/models/test_diagnosis_report.py::test_foreign_key_delete_behavior_is_explicit
tests/unit/models/test_diagnosis_report.py::test_ready_report_round_trips_full_payload
tests/unit/models/test_diagnosis_report.py::test_mastery_decimals_are_stored_as_fixed_point_strings
tests/unit/models/test_diagnosis_report.py::test_failed_report_requires_error_code_and_round_trips
tests/unit/models/test_diagnosis_report.py::test_stale_report_keeps_generated_at
tests/unit/models/test_diagnosis_report.py::test_status_consistency_constraint_rejects_invalid_reports[failed-without-error-code]
tests/unit/models/test_diagnosis_report.py::test_status_consistency_constraint_rejects_invalid_reports[ready-with-error-code]
tests/unit/models/test_diagnosis_report.py::test_status_consistency_constraint_rejects_invalid_reports[ready-without-generated-at]
tests/unit/models/test_diagnosis_report.py::test_status_consistency_constraint_rejects_invalid_reports[stale-without-generated-at]
tests/unit/models/test_diagnosis_report.py::test_status_consistency_constraint_rejects_invalid_reports[not-ready-never-persisted]
tests/unit/models/test_diagnosis_report.py::test_negative_attempt_count_is_rejected
tests/unit/models/test_diagnosis_report.py::test_report_requires_existing_exam_result
tests/unit/models/test_diagnosis_report.py::test_deleting_exam_result_cascades_its_reports
tests/unit/models/test_diagnosis_report.py::test_source_timestamp_tracks_consumed_aggregation_time
tests/unit/models/test_document_chunk.py::test_document_chunk_table_and_retrieval_indexes_are_registered
tests/unit/models/test_document_chunk.py::test_embedding_vector_type_uses_pgvector_on_postgresql
tests/unit/models/test_document_chunk.py::test_document_chunk_persists_metadata_and_embedding_in_sqlite
tests/unit/models/test_document_chunk.py::test_document_chunk_rejects_duplicate_document_index
tests/unit/models/test_document_chunk.py::test_document_chunk_is_removed_with_document
tests/unit/models/test_grading_result.py::test_sqlite_test_engine_enforces_foreign_keys
tests/unit/models/test_grading_result.py::test_grading_result_table_structure_matches_data_model
tests/unit/models/test_grading_result.py::test_exam_result_table_structure_matches_plan_5_2
tests/unit/models/test_grading_result.py::test_numeric_precision_and_nullability_are_explicit
tests/unit/models/test_grading_result.py::test_status_columns_reuse_existing_domain_enums
tests/unit/models/test_grading_result.py::test_grading_result_rejects_duplicate_answer
tests/unit/models/test_grading_result.py::test_exam_result_rejects_duplicate_submission
tests/unit/models/test_grading_result.py::test_score_and_confidence_range_constraints_reject_invalid_rows[score0-max_score0-0.9]
tests/unit/models/test_grading_result.py::test_score_and_confidence_range_constraints_reject_invalid_rows[score1-max_score1-0.9]
tests/unit/models/test_grading_result.py::test_score_and_confidence_range_constraints_reject_invalid_rows[score2-max_score2-0.9]
tests/unit/models/test_grading_result.py::test_score_and_confidence_range_constraints_reject_invalid_rows[score3-max_score3-1.5]
tests/unit/models/test_grading_result.py::test_score_and_confidence_range_constraints_reject_invalid_rows[score4-max_score4--0.1]
tests/unit/models/test_grading_result.py::test_decision_snapshot_must_be_all_present_or_all_absent
tests/unit/models/test_grading_result.py::test_decision_snapshot_rejects_out_of_range_threshold
tests/unit/models/test_grading_result.py::test_objective_result_round_trips_across_sessions_without_decision
tests/unit/models/test_grading_result.py::test_subjective_auto_accepted_result_round_trips_decision_snapshot
tests/unit/models/test_grading_result.py::test_pending_review_and_human_final_rows_keep_original_decision
tests/unit/models/test_grading_result.py::test_exam_result_rejects_final_state_inconsistency
tests/unit/models/test_grading_result.py::test_exam_result_round_trips_aggregation_facts
tests/unit/models/test_grading_result.py::test_exam_result_grading_results_relationship_is_readonly
tests/unit/models/test_grading_result.py::test_missing_result_is_absent_and_never_stored_as_zero_row
tests/unit/models/test_grading_result.py::test_deleting_answer_cascades_its_grading_result
tests/unit/models/test_m3_migrations.py::test_revision_chain_is_linear_and_head_matches_expected
tests/unit/models/test_m3_migrations.py::test_revision_upgrade_creates_only_its_own_objects[0005_grading_results]
tests/unit/models/test_m3_migrations.py::test_revision_upgrade_creates_only_its_own_objects[0006_diagnosis_reports]
tests/unit/models/test_m3_migrations.py::test_revision_upgrade_creates_only_its_own_objects[0007_review_records]
tests/unit/models/test_m3_migrations.py::test_revision_upgrade_creates_only_its_own_objects[0008_workflow_runs]
tests/unit/models/test_m3_migrations.py::test_revision_upgrade_creates_only_its_own_objects[0009_agent_runs]
tests/unit/models/test_m3_migrations.py::test_revision_downgrade_removes_only_its_own_objects[0005_grading_results]
tests/unit/models/test_m3_migrations.py::test_revision_downgrade_removes_only_its_own_objects[0006_diagnosis_reports]
tests/unit/models/test_m3_migrations.py::test_revision_downgrade_removes_only_its_own_objects[0007_review_records]
tests/unit/models/test_m3_migrations.py::test_revision_downgrade_removes_only_its_own_objects[0008_workflow_runs]
tests/unit/models/test_m3_migrations.py::test_revision_downgrade_removes_only_its_own_objects[0009_agent_runs]
tests/unit/models/test_m3_migrations.py::test_revision_does_not_reference_application_enum_classes[0005_grading_results]
tests/unit/models/test_m3_migrations.py::test_revision_does_not_reference_application_enum_classes[0006_diagnosis_reports]
tests/unit/models/test_m3_migrations.py::test_revision_does_not_reference_application_enum_classes[0007_review_records]
tests/unit/models/test_m3_migrations.py::test_revision_does_not_reference_application_enum_classes[0008_workflow_runs]
tests/unit/models/test_m3_migrations.py::test_revision_does_not_reference_application_enum_classes[0009_agent_runs]
tests/unit/models/test_models.py::test_all_m1_tables_are_registered
tests/unit/models/test_models.py::test_models_can_persist_core_relationships
tests/unit/models/test_models.py::test_required_question_and_submission_constraints
tests/unit/models/test_models.py::test_timestamp_defaults_are_timezone_aware
tests/unit/models/test_paper_import_models.py::test_original_path_is_projection_and_correction_json_survives_reload
tests/unit/models/test_paper_import_models.py::test_document_conditional_knowledge_base_constraint[knowledge_base-False]
tests/unit/models/test_paper_import_models.py::test_document_conditional_knowledge_base_constraint[paper_source-True]
tests/unit/models/test_paper_import_models.py::test_page_dimensions_and_corrected_link_constraints
tests/unit/models/test_question_source_persistence.py::test_new_tables_columns_constraints_and_indexes
tests/unit/models/test_question_source_persistence.py::test_database_rejects_invalid_sources_and_comments[duplicate_chunk]
tests/unit/models/test_question_source_persistence.py::test_database_rejects_invalid_sources_and_comments[duplicate_order]
tests/unit/models/test_question_source_persistence.py::test_database_rejects_invalid_sources_and_comments[bad_question]
tests/unit/models/test_question_source_persistence.py::test_database_rejects_invalid_sources_and_comments[bad_live_chunk]
tests/unit/models/test_question_source_persistence.py::test_database_rejects_invalid_sources_and_comments[duplicate_metadata]
tests/unit/models/test_question_source_persistence.py::test_database_rejects_invalid_sources_and_comments[empty_comment]
tests/unit/models/test_question_source_persistence.py::test_database_rejects_invalid_sources_and_comments[blank_comment]
tests/unit/models/test_question_source_persistence.py::test_database_rejects_invalid_sources_and_comments[long_comment]
tests/unit/models/test_question_source_persistence.py::test_database_rejects_invalid_sources_and_comments[bad_commenter]
tests/unit/models/test_question_source_persistence.py::test_chunk_and_document_deletion_preserve_snapshot_then_question_cascades
tests/unit/models/test_question_source_persistence.py::test_timestamps_are_utc_aware_and_comment_boundary_is_accepted
tests/unit/models/test_review_record.py::test_table_structure_matches_plan
tests/unit/models/test_review_record.py::test_decision_column_reuses_review_status_enum
tests/unit/models/test_review_record.py::test_foreign_key_delete_behavior_is_explicit
tests/unit/models/test_review_record.py::test_operable_decisions_round_trip[CONFIRMED]
tests/unit/models/test_review_record.py::test_operable_decisions_round_trip[MODIFIED]
tests/unit/models/test_review_record.py::test_operable_decisions_round_trip[RE_GRADE]
tests/unit/models/test_review_record.py::test_modified_review_keeps_before_and_after_facts
tests/unit/models/test_review_record.py::test_review_record_survives_grading_result_update
tests/unit/models/test_review_record.py::test_empty_final_knowledge_points_is_stored_as_sql_null
tests/unit/models/test_review_record.py::test_non_operable_decisions_are_rejected[NOT_REQUIRED]
tests/unit/models/test_review_record.py::test_non_operable_decisions_are_rejected[PENDING_REVIEW]
tests/unit/models/test_review_record.py::test_non_operable_decisions_are_rejected[FINAL]
tests/unit/models/test_review_record.py::test_negative_original_score_is_rejected[original_score0]
tests/unit/models/test_review_record.py::test_negative_original_score_is_rejected[original_score1]
tests/unit/models/test_review_record.py::test_negative_final_score_is_rejected
tests/unit/models/test_review_record.py::test_re_grade_zero_score_differs_from_missing_conclusion
tests/unit/models/test_review_record.py::test_review_requires_existing_grading_result
tests/unit/models/test_review_record.py::test_deleting_grading_result_cascades_its_reviews
tests/unit/models/test_review_round.py::test_pending_round_is_stable_until_a_new_pending_transition
tests/unit/models/test_review_round.py::test_legacy_pending_round_stays_null_until_a_new_transition
tests/unit/models/test_workflow_run.py::test_table_structure_matches_plan
tests/unit/models/test_workflow_run.py::test_status_column_reuses_workflow_status_enum
tests/unit/models/test_workflow_run.py::test_foreign_keys_declare_targets_and_delete_behavior
tests/unit/models/test_workflow_run.py::test_run_round_trips_workflow_facts
tests/unit/models/test_workflow_run.py::test_running_states_round_trip_without_exam_result[QUEUED]
tests/unit/models/test_workflow_run.py::test_running_states_round_trip_without_exam_result[RUNNING]
tests/unit/models/test_workflow_run.py::test_running_states_round_trip_without_exam_result[PAUSED]
tests/unit/models/test_workflow_run.py::test_running_states_round_trip_without_exam_result[FAILED]
tests/unit/models/test_workflow_run.py::test_running_states_round_trip_without_exam_result[COMPLETED]
tests/unit/models/test_workflow_run.py::test_completed_run_does_not_require_final_result
tests/unit/models/test_workflow_run.py::test_run_can_point_at_exam_result
tests/unit/models/test_workflow_run.py::test_workflow_id_is_unique
tests/unit/models/test_workflow_run.py::test_request_id_is_required
tests/unit/models/test_workflow_run.py::test_negative_retry_count_is_rejected
tests/unit/models/test_workflow_run.py::test_failed_run_keeps_pause_reason_and_resumable_flag
tests/unit/models/test_workflow_run.py::test_deleting_submission_cascades_its_runs
tests/unit/models/test_workflow_run.py::test_deleting_current_answer_only_clears_pointer
tests/unit/models/test_workflow_run.py::test_deleting_exam_result_only_clears_pointer
tests/unit/retrieval/test_hybrid_search.py::test_min_max_normalize_maps_scores_to_unit_interval
tests/unit/retrieval/test_hybrid_search.py::test_hybrid_fusion_uses_weighted_sum_of_normalized_scores
tests/unit/retrieval/test_hybrid_search.py::test_hybrid_weight_boundaries_delegate_to_single_route[0.0]
tests/unit/retrieval/test_hybrid_search.py::test_hybrid_weight_boundaries_delegate_to_single_route[1.0]
tests/unit/retrieval/test_hybrid_search.py::test_hybrid_deduplicates_candidates_and_merges_source_mode
tests/unit/retrieval/test_hybrid_search.py::test_hybrid_respects_top_k_and_candidate_k
tests/unit/retrieval/test_hybrid_search.py::test_hybrid_requires_text_and_embedding_together
tests/unit/retrieval/test_hybrid_search.py::test_hybrid_propagates_keyword_dialect_error
tests/unit/retrieval/test_hybrid_search.py::test_resolve_vector_weight_reads_configuration
tests/unit/retrieval/test_hybrid_search.py::test_hybrid_uses_configured_weight_by_default
tests/unit/retrieval/test_hybrid_search.py::test_hybrid_is_available_through_mode_factory
tests/unit/retrieval/test_reranker.py::test_llm_rerank_orders_candidates_and_keeps_sources
tests/unit/retrieval/test_reranker.py::test_llm_rerank_caps_candidates_for_cost_control
tests/unit/retrieval/test_reranker.py::test_llm_rerank_rejects_unknown_chunk_id
tests/unit/retrieval/test_reranker.py::test_llm_rerank_keeps_unreturned_candidates_with_zero_score
tests/unit/retrieval/test_reranker.py::test_llm_rerank_reports_timeout
tests/unit/retrieval/test_reranker.py::test_llm_rerank_maps_provider_error
tests/unit/retrieval/test_reranker.py::test_llm_rerank_async_and_sync_entrypoint_inside_running_event_loop
tests/unit/retrieval/test_reranker.py::test_llm_rerank_requires_ready_provider
tests/unit/retrieval/test_reranker.py::test_cross_encoder_requires_optional_dependency
tests/unit/retrieval/test_reranker.py::test_cross_encoder_scores_with_injected_model_loader
tests/unit/retrieval/test_reranker.py::test_cross_encoder_maps_prediction_failure
tests/unit/retrieval/test_reranker.py::test_build_reranker_selects_route_and_rejects_unknown
tests/unit/retrieval/test_reranker.py::test_rerank_model_configuration_reaches_llm_call
tests/unit/retrieval/test_reranker.py::test_explicit_settings_create_and_call_local_rerank_provider
tests/unit/retrieval/test_reranker.py::test_manual_cross_encoder_route_uses_its_own_model
tests/unit/retrieval/test_reranker.py::test_hybrid_rerank_returns_empty_context_without_calling_reranker
tests/unit/retrieval/test_reranker.py::test_hybrid_rerank_applies_reranker_to_fused_candidates
tests/unit/retrieval/test_reranker.py::test_hybrid_rerank_requires_retrieval_query
tests/unit/retrieval/test_reranker.py::test_hybrid_rerank_reports_not_ready_provider
tests/unit/retrieval/test_reranker.py::test_rerank_inputs_are_validated
tests/unit/retrieval/test_reranker.py::test_llm_rerank_async_keeps_timeout_and_provider_error_codes
tests/unit/retrieval/test_reranker.py::test_llm_rerank_async_propagates_cancellation_to_provider
tests/unit/retrieval/test_reranker.py::test_sync_reranker_inherits_async_compatibility
tests/unit/retrieval/test_reranker.py::test_rerank_max_candidates_default_is_five
tests/unit/retrieval/test_reranker.py::test_rerank_max_candidates_default_resolution_reads_settings
tests/unit/retrieval/test_reranker.py::test_rerank_max_candidates_explicit_argument_still_wins
tests/unit/retrieval/test_reranker.py::test_rerank_settings_override_limits_candidates
tests/unit/retrieval/test_retrieval_benchmark.py::test_build_retrieval_cases_uses_rule_based_labels
tests/unit/retrieval/test_retrieval_benchmark.py::test_build_retrieval_cases_respects_limit_and_skips_incomplete
tests/unit/retrieval/test_retrieval_benchmark.py::test_percentile_uses_nearest_rank
tests/unit/retrieval/test_retrieval_benchmark.py::test_compute_metrics_matches_manual_calculation
tests/unit/retrieval/test_retrieval_benchmark.py::test_compute_metrics_handles_empty_results
tests/unit/retrieval/test_retrieval_benchmark.py::test_write_run_records_persists_schema_and_summary
tests/unit/retrieval/test_retrieval_benchmark.py::test_write_run_records_marks_failures_without_metrics
tests/unit/retrieval/test_retrieval_benchmark.py::test_embed_queries_uses_provider_query_operation_per_case
tests/unit/retrieval/test_retrieval_inputs.py::test_normalize_mode_accepts_value_and_name
tests/unit/retrieval/test_retrieval_inputs.py::test_retrieval_errors_carry_code_and_message
tests/unit/retrieval/test_retrieval_inputs.py::test_filters_default_to_no_restriction
tests/unit/retrieval/test_retrieval_inputs.py::test_top_k_default_and_boundaries
tests/unit/retrieval/test_retrieval_inputs.py::test_repeated_uuid_filter_values_keep_order
tests/unit/retrieval/test_retrieval_scope.py::test_explicit_scope_defaults_and_exact_label_normalization
tests/unit/retrieval/test_retrieval_scope.py::test_scope_rejects_invalid_label_shape[labels0]
tests/unit/retrieval/test_retrieval_scope.py::test_scope_rejects_invalid_label_shape[labels1]
tests/unit/retrieval/test_retrieval_scope.py::test_scope_rejects_invalid_label_shape[point]
tests/unit/retrieval/test_retrieval_scope.py::test_scope_rejects_invalid_label_shape[None]
tests/unit/retrieval/test_retrieval_scope.py::test_section_range_uses_strict_positive_closed_orders[True-2]
tests/unit/retrieval/test_retrieval_scope.py::test_section_range_uses_strict_positive_closed_orders[1-2]
tests/unit/retrieval/test_retrieval_scope.py::test_section_range_uses_strict_positive_closed_orders[0-2]
tests/unit/retrieval/test_retrieval_scope.py::test_section_range_uses_strict_positive_closed_orders[2-1]
tests/unit/retrieval/test_retrieval_scope.py::test_section_range_uses_strict_positive_closed_orders[1-False]
tests/unit/retrieval/test_retrieval_scope.py::test_query_carries_scope_without_copying_it_into_public_filters
tests/unit/retrieval/test_retrieval_scope.py::test_filter_adapter_rejects_unknown_scope_fields_instead_of_ignoring_them
tests/unit/services/test_admin_service.py::test_create_user_set_roles_and_get_user_summary
tests/unit/services/test_admin_service.py::test_role_operations_grant_revoke_and_list_roles
tests/unit/services/test_admin_service.py::test_duplicate_and_missing_user_operations_raise_safe_errors
tests/unit/services/test_admin_service.py::test_get_system_status_reports_database_and_redis_health
tests/unit/services/test_admin_service.py::test_get_system_status_handles_redis_failure
tests/unit/services/test_audit_service.py::test_audit_model_has_required_columns_and_indexes
tests/unit/services/test_audit_service.py::test_audit_record_sanitizes_sensitive_detail_and_rejects_updates
tests/unit/services/test_audit_service.py::test_audit_retention_purges_only_older_than_180_days
tests/unit/services/test_audit_service.py::test_audit_failure_does_not_raise_or_leak_details
tests/unit/services/test_chapter_scope_service.py::test_real_teacher_confirmation_and_independent_unknown_dimensions
tests/unit/services/test_chapter_scope_service.py::test_cross_course_directory_and_identity_are_rejected
tests/unit/services/test_chapter_scope_service.py::test_directory_change_invalidates_location_without_erasing_tag_evidence
tests/unit/services/test_chapter_scope_service.py::test_teacher_explicit_title_correction_preserves_mapping_but_cannot_reorder
tests/unit/services/test_content_validation_service.py::test_reports_release_start_transaction_and_new_running_blocks_old_pass
tests/unit/services/test_content_validation_service.py::test_late_failure_and_technical_error_never_change_current_content
tests/unit/services/test_content_validation_service.py::test_current_failed_report_and_retreat_are_atomic_no_fake_comment
tests/unit/services/test_content_validation_service.py::test_disposition_appends_real_teacher_keeps_machine_results
tests/unit/services/test_content_validation_service.py::test_semantic_evidence_must_be_real_and_ended_reports_immutable
tests/unit/services/test_content_validation_service.py::test_manual_without_vision_is_real_durable_and_stale_commands_rejected
tests/unit/services/test_content_validation_service.py::test_running_conflict_technical_error_and_independent_teacher_takeover
tests/unit/services/test_content_validation_service.py::test_context_changed_keeps_global_machine_round_for_independent_check
tests/unit/services/test_content_validation_service.py::test_machine_and_prior_teacher_issues_require_explicit_resolution
tests/unit/services/test_content_validation_service.py::test_whole_group_and_unknown_regions_are_not_accepted_as_success
tests/unit/services/test_content_validation_service.py::test_binding_current_real_teacher_then_formal_native_check
tests/unit/services/test_content_validation_service.py::test_missing_image_does_not_return_old_confirmed
tests/unit/services/test_content_validation_service.py::test_missing_actual_required_inputs_never_register_machine_success
tests/unit/services/test_content_validation_service.py::test_production_autoflush_false_semantic_projection_keeps_pending_writes[start]
tests/unit/services/test_content_validation_service.py::test_production_autoflush_false_semantic_projection_keeps_pending_writes[finish]
tests/unit/services/test_content_validation_service.py::test_production_autoflush_false_semantic_projection_keeps_pending_writes[dispose]
tests/unit/services/test_content_validation_service.py::test_production_autoflush_false_image_projection_persists_actual_event[finish]
tests/unit/services/test_content_validation_service.py::test_production_autoflush_false_image_projection_persists_actual_event[manual]
tests/unit/services/test_course_service.py::test_course_service_supports_crud_and_owner_filter
tests/unit/services/test_course_service.py::test_course_service_validates_input_and_missing_course
tests/unit/services/test_course_service.py::test_course_service_can_clear_description
tests/unit/services/test_diagnosis_service.py::test_pending_review_exam_result_is_not_ready_without_llm_call
tests/unit/services/test_diagnosis_service.py::test_failed_exam_result_is_not_ready
tests/unit/services/test_diagnosis_service.py::test_final_result_generates_platform_fields_and_llm_suggestions
tests/unit/services/test_diagnosis_service.py::test_same_knowledge_point_across_questions_accumulates
tests/unit/services/test_diagnosis_service.py::test_question_with_multiple_knowledge_points_attributes_full_score
tests/unit/services/test_diagnosis_service.py::test_all_correct_exam_has_empty_weak_points_and_error_reasons
tests/unit/services/test_diagnosis_service.py::test_missing_knowledge_points_are_reported_as_insufficient_evidence
tests/unit/services/test_diagnosis_service.py::test_mastery_does_not_use_scoring_confidence
tests/unit/services/test_diagnosis_service.py::test_llm_failure_marks_report_failed_without_fake_success
tests/unit/services/test_diagnosis_service.py::test_missing_provider_returns_provider_not_ready
tests/unit/services/test_diagnosis_service.py::test_report_becomes_stale_after_exam_result_updates
tests/unit/services/test_diagnosis_service.py::test_weak_threshold_is_configurable_new_convention
tests/unit/services/test_diagnosis_service.py::test_invalid_threshold_is_rejected
tests/unit/services/test_evaluation_service.py::test_unauthorized_query_does_not_read_files_or_grant_admin_by_role
tests/unit/services/test_evaluation_service.py::test_json_is_canonical_csv_only_adds_missing_runs_and_filters
tests/unit/services/test_evaluation_service.py::test_grading_without_teacher_labels_and_selftest_never_claim_quality
tests/unit/services/test_evaluation_service.py::test_grading_csv_only_has_counts_but_no_unverified_quality
tests/unit/services/test_evaluation_service.py::test_corrupt_record_is_failed_without_exposing_raw_file_content
tests/unit/services/test_exam_association_service.py::test_legacy_entry_writes_persistent_contiguous_order
tests/unit/services/test_exam_association_service.py::test_summary_uses_explicit_score_and_preserves_unknown_history
tests/unit/services/test_exam_execution_boundaries.py::test_workflow_start_refuses_unknown_history_before_new_run_or_grading
tests/unit/services/test_exam_execution_boundaries.py::test_reconstruct_or_resume_refuses_unknown_history_but_state_stays_readable[workflow_for_run]
tests/unit/services/test_exam_execution_boundaries.py::test_reconstruct_or_resume_refuses_unknown_history_but_state_stays_readable[resume_run]
tests/unit/services/test_exam_execution_boundaries.py::test_review_actions_refuse_unknown_history_without_rewriting_readable_results[confirm]
tests/unit/services/test_exam_execution_boundaries.py::test_review_actions_refuse_unknown_history_without_rewriting_readable_results[modify]
tests/unit/services/test_exam_execution_boundaries.py::test_review_actions_refuse_unknown_history_without_rewriting_readable_results[regrade]
tests/unit/services/test_exam_execution_boundaries.py::test_execution_basis_errors_keep_business_code_and_http_conflict[grading-EXAM_SCORING_BASIS_MISSING]
tests/unit/services/test_exam_execution_boundaries.py::test_execution_basis_errors_keep_business_code_and_http_conflict[grading-EXAM_SCORING_INPUT_NOT_SUPPORTED]
tests/unit/services/test_exam_execution_boundaries.py::test_execution_basis_errors_keep_business_code_and_http_conflict[workflow-EXAM_SCORING_BASIS_MISSING]
tests/unit/services/test_exam_execution_boundaries.py::test_execution_basis_errors_keep_business_code_and_http_conflict[workflow-EXAM_SCORING_INPUT_NOT_SUPPORTED]
tests/unit/services/test_exam_execution_boundaries.py::test_execution_basis_errors_keep_business_code_and_http_conflict[reviews-EXAM_SCORING_BASIS_MISSING]
tests/unit/services/test_exam_execution_boundaries.py::test_execution_basis_errors_keep_business_code_and_http_conflict[reviews-EXAM_SCORING_INPUT_NOT_SUPPORTED]
tests/unit/services/test_exam_scoring_rules.py::test_default_points_multiplies_before_dividing_and_rounds_once[0.03-1.00-6.00-0.01]
tests/unit/services/test_exam_scoring_rules.py::test_default_points_multiplies_before_dividing_and_rounds_once[1.00-10.00-3.00-3.33]
tests/unit/services/test_exam_scoring_rules.py::test_default_points_multiplies_before_dividing_and_rounds_once[1.00-2.00-3.00-0.67]
tests/unit/services/test_exam_scoring_rules.py::test_default_points_multiplies_before_dividing_and_rounds_once[0.00-10.00-3.00-0.00]
tests/unit/services/test_exam_scoring_rules.py::test_default_points_multiplies_before_dividing_and_rounds_once[999999.99-999999.99-999999.99-999999.99]
tests/unit/services/test_exam_scoring_rules.py::test_default_points_rejects_invalid_or_out_of_range_inputs[score-0]
tests/unit/services/test_exam_scoring_rules.py::test_default_points_rejects_invalid_or_out_of_range_inputs[score--1]
tests/unit/services/test_exam_scoring_rules.py::test_default_points_rejects_invalid_or_out_of_range_inputs[score-1000000.00]
tests/unit/services/test_exam_scoring_rules.py::test_default_points_rejects_invalid_or_out_of_range_inputs[score-1.001]
tests/unit/services/test_exam_scoring_rules.py::test_default_points_rejects_invalid_or_out_of_range_inputs[score-NaN]
tests/unit/services/test_exam_scoring_rules.py::test_default_points_rejects_invalid_or_out_of_range_inputs[score-Infinity]
tests/unit/services/test_exam_scoring_rules.py::test_default_points_rejects_invalid_or_out_of_range_inputs[base_score-0]
tests/unit/services/test_exam_scoring_rules.py::test_default_points_rejects_invalid_or_out_of_range_inputs[base_score-1000000.00]
tests/unit/services/test_exam_scoring_rules.py::test_default_points_rejects_invalid_or_out_of_range_inputs[base_points--0.01]
tests/unit/services/test_exam_scoring_rules.py::test_default_points_rejects_invalid_or_out_of_range_inputs[base_points-1.001]
tests/unit/services/test_exam_scoring_rules.py::test_default_points_rejects_invalid_or_out_of_range_inputs[base_points-4.00]
tests/unit/services/test_exam_scoring_rules.py::test_signed_rounding_delta_is_not_distributed_and_needs_explicit_confirmation[10.00-confirmed0]
tests/unit/services/test_exam_scoring_rules.py::test_signed_rounding_delta_is_not_distributed_and_needs_explicit_confirmation[2.00-confirmed1]
tests/unit/services/test_exam_scoring_rules.py::test_claimed_confirmation_always_requires_correct_final_sum_even_during_prepare
tests/unit/services/test_exam_scoring_rules.py::test_basis_rejects_contextual_inconsistencies[kind]
tests/unit/services/test_exam_scoring_rules.py::test_basis_rejects_contextual_inconsistencies[base_sum]
tests/unit/services/test_exam_scoring_rules.py::test_basis_rejects_contextual_inconsistencies[default]
tests/unit/services/test_exam_scoring_rules.py::test_basis_rejects_contextual_inconsistencies[delta]
tests/unit/services/test_exam_scoring_rules.py::test_basis_rejects_contextual_inconsistencies[delta_missing]
tests/unit/services/test_exam_scoring_rules.py::test_basis_rejects_contextual_inconsistencies[base_limit]
tests/unit/services/test_exam_scoring_rules.py::test_basis_rejects_contextual_inconsistencies[confirmed_limit]
tests/unit/services/test_exam_scoring_rules.py::test_zero_delta_default_values_need_no_fabricated_confirmation
tests/unit/services/test_exam_scoring_rules.py::test_manual_redistribution_even_without_rounding_delta_needs_confirmation
tests/unit/services/test_exam_scoring_rules.py::test_qualitative_and_nonadditive_standards_preserve_semantics_without_invented_sum[False]
tests/unit/services/test_exam_scoring_rules.py::test_qualitative_and_nonadditive_standards_preserve_semantics_without_invented_sum[True]
tests/unit/services/test_exam_scoring_rules.py::test_independent_historical_basis_uses_supplied_values_and_retains_exact_money_in_low_context
tests/unit/services/test_exam_service.py::test_exam_service_creates_associates_and_publishes_exam
tests/unit/services/test_exam_service.py::test_exam_service_rejects_unapproved_and_cross_course_questions
tests/unit/services/test_exam_service.py::test_exam_service_requires_questions_before_publish
tests/unit/services/test_exam_service.py::test_exam_service_enforces_owner_and_freezes_published_exam
tests/unit/services/test_file_storage_ingestion.py::test_byte_upload_has_relative_original_and_fresh_reader
tests/unit/services/test_file_storage_ingestion.py::test_other_course_upload_is_rejected_before_file_writes
tests/unit/services/test_file_storage_ingestion.py::test_db_failure_leaves_owned_material_and_no_document_success
tests/unit/services/test_file_storage_ingestion.py::test_native_ingestion_does_not_substitute_changed_bytes
tests/unit/services/test_file_storage_ingestion.py::test_receipt_failure_after_commit_reports_committed_resource
tests/unit/services/test_file_storage_service.py::test_storage_root_is_typed_and_explicit
tests/unit/services/test_file_storage_service.py::test_storage_root_default_uses_user_data_for_frozen_app
tests/unit/services/test_file_storage_service.py::test_owned_bytes_metadata_receipt_and_restart
tests/unit/services/test_file_storage_service.py::test_same_filename_never_overwrites
tests/unit/services/test_file_storage_service.py::test_new_paths_cannot_escape_root[../secret]
tests/unit/services/test_file_storage_service.py::test_new_paths_cannot_escape_root[uploads/../../secret]
tests/unit/services/test_file_storage_service.py::test_new_paths_cannot_escape_root[/outside]
tests/unit/services/test_file_storage_service.py::test_new_paths_cannot_escape_root[C:/outside]
tests/unit/services/test_file_storage_service.py::test_new_paths_cannot_escape_root[..\\secret]
tests/unit/services/test_file_storage_service.py::test_missing_and_unknown_preserve_document_success
tests/unit/services/test_file_storage_service.py::test_failed_db_reference_keeps_bytes_and_owned_receipt
tests/unit/services/test_file_storage_service.py::test_write_error_does_not_create_successful_receipt
tests/unit/services/test_file_storage_service.py::test_shared_reference_and_pending_receipt_block_physical_delete
tests/unit/services/test_file_storage_service.py::test_symlink_escape_is_rejected
tests/unit/services/test_file_storage_service.py::test_legacy_locator_read_is_exact_without_alternate_search
tests/unit/services/test_file_storage_service.py::test_receipt_failure_preserves_original_and_reports_both_errors
tests/unit/services/test_file_storage_service.py::test_actual_export_is_registered_in_exports_and_readable
tests/unit/services/test_file_storage_service.py::test_export_write_failure_keeps_failed_registration
tests/unit/services/test_file_storage_service.py::test_export_invalid_owner_does_not_write
tests/unit/services/test_file_storage_service.py::test_registered_document_identity_cannot_be_rewritten
tests/unit/services/test_file_storage_service.py::test_legacy_relative_locator_keeps_original_working_directory
tests/unit/services/test_file_storage_service.py::test_foreign_host_locator_is_unknown_without_substitution
tests/unit/services/test_file_storage_service.py::test_export_reference_failure_preserves_failed_row_and_bytes
tests/unit/services/test_file_storage_service.py::test_unknown_unregistered_material_is_not_assumed_unreferenced
tests/unit/services/test_file_storage_service.py::test_committed_original_can_be_cleaned_only_after_actual_refs_removed
tests/unit/services/test_image_understanding_service.py::test_source_pixels_use_actual_crop_offset_and_unknown_mapping_stays_unknown
tests/unit/services/test_image_understanding_service.py::test_model_box_outside_the_actual_input_image_is_rejected
tests/unit/services/test_image_understanding_service.py::test_missing_configuration_is_durable_technical_error_without_provider_identity
tests/unit/services/test_image_understanding_service.py::test_unsupported_provider_never_calls_model_and_is_closed_once
tests/unit/services/test_image_understanding_service.py::test_fake_machine_success_binds_authorized_asset_and_keeps_teacher_pending
tests/unit/services/test_image_understanding_service.py::test_actual_call_cancellation_is_saved_with_actual_stub_source_then_rethrown
tests/unit/services/test_image_understanding_service.py::test_close_exception_preserves_machine_completion_and_propagates_cleanup_failure
tests/unit/services/test_image_understanding_service.py::test_close_cancellation_preserves_already_received_result_then_rethrows_cancel
tests/unit/services/test_image_understanding_service.py::test_finish_commit_failure_propagates_once_with_saved_running_state
tests/unit/services/test_image_understanding_service.py::test_late_result_after_real_correction_keeps_history_without_confirming_new_context
tests/unit/services/test_image_understanding_service.py::test_missing_authorized_file_keeps_original_code_and_never_creates_provider
tests/unit/services/test_image_understanding_service.py::test_changed_input_before_prepare_keeps_state_error_stage_and_has_no_model_identity
tests/unit/services/test_knowledge_base_ingestion.py::test_ingest_document_persists_chunks_and_real_stages
tests/unit/services/test_knowledge_base_ingestion.py::test_ingest_document_marks_failed_on_parse_error
tests/unit/services/test_knowledge_base_ingestion.py::test_ingest_document_empty_knowledge_is_terminal_failure
tests/unit/services/test_knowledge_base_ingestion.py::test_ingest_document_not_ready_provider_is_reported
tests/unit/services/test_knowledge_base_ingestion.py::test_ingest_document_rejects_dimension_mismatch
tests/unit/services/test_knowledge_base_ingestion.py::test_ingest_document_reads_storage_file
tests/unit/services/test_knowledge_base_ingestion.py::test_ingest_document_requires_readable_file
tests/unit/services/test_knowledge_base_ingestion.py::test_ingest_document_replaces_previous_chunks
tests/unit/services/test_knowledge_base_ingestion.py::test_ingest_document_requires_course_access
tests/unit/services/test_knowledge_base_ingestion.py::test_list_document_chunks_returns_metadata_for_ui
tests/unit/services/test_knowledge_base_ingestion.py::test_ingest_document_without_search_vector_cannot_be_ready
tests/unit/services/test_knowledge_base_ingestion.py::test_ready_requires_complete_persisted_chunk[content]
tests/unit/services/test_knowledge_base_ingestion.py::test_ready_requires_complete_persisted_chunk[embedding]
tests/unit/services/test_knowledge_base_ingestion.py::test_ready_requires_complete_persisted_chunk[search_vector]
tests/unit/services/test_knowledge_base_ingestion.py::test_ready_requires_complete_persisted_chunk[empty_search_vector]
tests/unit/services/test_knowledge_base_ingestion.py::test_ready_commit_failure_rolls_back_chunks
tests/unit/services/test_knowledge_base_service.py::test_knowledge_base_and_document_metadata_lifecycle
tests/unit/services/test_knowledge_base_service.py::test_document_failure_and_retry_persist_safe_state
tests/unit/services/test_knowledge_base_service.py::test_knowledge_base_binding_and_document_scope_are_enforced
tests/unit/services/test_knowledge_base_service.py::test_knowledge_base_rejects_unsupported_format_and_wrong_owner
tests/unit/services/test_paper_import_foundation.py::test_paper_source_is_not_knowledge_material_or_ingestion
tests/unit/services/test_paper_import_foundation.py::test_manual_source_analysis_clear_and_real_approval_time
tests/unit/services/test_question_adaptation_service.py::test_target_score_rejects_unstorable_values[0]
tests/unit/services/test_question_adaptation_service.py::test_target_score_rejects_unstorable_values[-1]
tests/unit/services/test_question_adaptation_service.py::test_target_score_rejects_unstorable_values[2.001]
tests/unit/services/test_question_adaptation_service.py::test_target_score_rejects_unstorable_values[1000000]
tests/unit/services/test_question_adaptation_service.py::test_target_score_rejects_unstorable_values[NaN]
tests/unit/services/test_question_adaptation_service.py::test_target_score_is_a_real_generation_requirement
tests/unit/services/test_question_adaptation_service.py::test_adaptation_has_new_question_parent_and_real_teaching_sources
tests/unit/services/test_question_adaptation_service.py::test_target_score_mismatch_is_not_silently_overwritten
tests/unit/services/test_question_adaptation_service.py::test_adaptation_missing_teaching_citation_cannot_create_fake_parent_evidence
tests/unit/services/test_question_adaptation_service.py::test_parent_edge_write_failure_rolls_back_all_candidate_records
tests/unit/services/test_question_adaptation_service.py::test_parent_changed_during_call_rejects_stale_adaptation
tests/unit/services/test_question_adaptation_service.py::test_parent_graph_rejects_self_cross_course_and_cycle
tests/unit/services/test_question_adaptation_service.py::test_adaptation_reuses_original_bytes_with_new_identity_and_no_inherited_review
tests/unit/services/test_question_adaptation_service.py::test_reused_asset_failure_preserves_parent_bytes_and_atomic_candidate_boundary
tests/unit/services/test_question_adaptation_service.py::test_locator_only_change_does_not_invalidate_same_parent_input
tests/unit/services/test_question_asset_service.py::test_staged_crop_identity_bytes_and_source_restart
tests/unit/services/test_question_asset_service.py::test_same_import_max_five_and_full_array_replacement
tests/unit/services/test_question_asset_service.py::test_invalid_crop_does_not_write_and_terminal_staging_is_immutable
tests/unit/services/test_question_asset_service.py::test_formal_asset_approved_guard_and_no_physical_unlink
tests/unit/services/test_question_asset_service.py::test_staged_removal_keeps_bytes_and_history_reference_protection
tests/unit/services/test_question_service.py::test_question_service_supports_crud_and_owner_filter
tests/unit/services/test_question_service.py::test_question_service_persists_review_status_transitions
tests/unit/services/test_question_service.py::test_question_service_validates_required_fields_and_type_values
tests/unit/services/test_question_service.py::test_question_service_rejects_conflicting_type_aliases
tests/unit/services/test_question_service.py::test_approved_content_updates_are_rejected_without_side_effects[content]
tests/unit/services/test_question_service.py::test_approved_content_updates_are_rejected_without_side_effects[options]
tests/unit/services/test_question_service.py::test_approved_content_updates_are_rejected_without_side_effects[reference_answer]
tests/unit/services/test_question_service.py::test_approved_content_updates_are_rejected_without_side_effects[scoring_rubric]
tests/unit/services/test_question_service.py::test_approved_content_updates_are_rejected_without_side_effects[type]
tests/unit/services/test_question_service.py::test_approved_content_updates_are_rejected_without_side_effects[type_alias]
tests/unit/services/test_question_service.py::test_approved_content_updates_are_rejected_without_side_effects[score]
tests/unit/services/test_question_service.py::test_approved_metadata_updates_remain_allowed[difficulty]
tests/unit/services/test_question_service.py::test_approved_metadata_updates_remain_allowed[knowledge_points]
tests/unit/services/test_question_service.py::test_approved_metadata_updates_remain_allowed[clear_metadata]
tests/unit/services/test_question_service.py::test_unapproved_questions_remain_editable[Draft]
tests/unit/services/test_question_service.py::test_unapproved_questions_remain_editable[Pending Review]
tests/unit/services/test_question_validator.py::test_valid_candidate_only_reaches_pending_review
tests/unit/services/test_question_validator.py::test_list_option_answer_must_be_option_text
tests/unit/services/test_question_validator.py::test_candidate_options_are_list_form_only
tests/unit/services/test_question_validator.py::test_true_false_without_options_uses_boolean_values
tests/unit/services/test_question_validator.py::test_missing_course_evidence_needs_revision
tests/unit/services/test_question_validator.py::test_unknown_course_evidence_needs_revision
tests/unit/services/test_question_validator.py::test_unusable_rubric_needs_revision
tests/unit/services/test_question_validator.py::test_rubric_with_explicit_allocation_but_no_digits_is_usable
tests/unit/services/test_question_validator.py::test_digit_only_or_placeholder_rubric_needs_revision
tests/unit/services/test_question_validator.py::test_unstorable_score_needs_revision[2.005]
tests/unit/services/test_question_validator.py::test_unstorable_score_needs_revision[1000000.0]
tests/unit/services/test_question_validator.py::test_unstorable_score_needs_revision[inf]
tests/unit/services/test_question_validator.py::test_candidate_must_be_in_candidate_generation_status
tests/unit/services/test_question_validator.py::test_batch_checks_difficulty_and_knowledge_coverage
tests/unit/services/test_question_validator.py::test_empty_batch_cannot_be_pending_review
tests/unit/services/test_question_validator.py::test_batch_model_rejects_empty_success
tests/unit/services/test_question_validator.py::test_result_model_rejects_publishable_status
tests/unit/services/test_question_validator.py::test_result_model_enforces_status_and_issues_consistency
tests/unit/services/test_question_validator.py::test_batch_is_invalid_when_any_candidate_needs_revision
tests/unit/services/test_question_validator.py::test_transition_table_covers_every_question_status
tests/unit/services/test_question_validator.py::test_agent_path_cannot_publish[agent]
tests/unit/services/test_question_validator.py::test_agent_path_cannot_publish[validator]
tests/unit/services/test_question_validator.py::test_teacher_can_confirm_but_not_skip_states
tests/unit/services/test_question_validator.py::test_revision_cycle_requires_revalidation
tests/unit/services/test_question_validator.py::test_question_agent_output_flows_into_validator
tests/unit/services/test_question_validator.py::test_validator_module_has_no_database_or_llm_dependency
tests/unit/services/test_review_round_service.py::test_same_content_in_new_round_creates_record_and_rejects_late_retry
tests/unit/services/test_review_round_service.py::test_locked_round_check_rejects_pending_aba[False]
tests/unit/services/test_review_round_service.py::test_locked_round_check_rejects_pending_aba[True]
tests/unit/services/test_review_round_service.py::test_service_rejects_wrong_round_before_writing
tests/unit/services/test_review_round_service.py::test_legacy_null_round_is_recorded_without_fake_backfill
tests/unit/services/test_review_service.py::test_confirmed_decision_persists_record_result_and_pending_counts
tests/unit/services/test_review_service.py::test_modified_decision_keeps_original_facts_and_applies_revision
tests/unit/services/test_review_service.py::test_regrade_resumes_original_graph_and_replaces_latest_decision
tests/unit/services/test_review_service.py::test_repeated_decision_and_retry_do_not_duplicate_records
tests/unit/services/test_review_service.py::test_resume_modified_rejects_different_content[score]
tests/unit/services/test_review_service.py::test_resume_modified_rejects_different_content[reason]
tests/unit/services/test_review_service.py::test_old_modified_new_round_creates_new_record
tests/unit/services/test_review_service.py::test_concurrent_decisions_only_one_wins
tests/unit/services/test_review_service.py::test_final_decision_forms_final_result_and_uses_graph_diagnosis
tests/unit/services/test_review_service.py::test_diagnosis_hard_failure_keeps_final_result_and_fails
tests/unit/services/test_review_service.py::test_recorder_retryable_failure_marks_paused_with_error_code
tests/unit/services/test_review_service.py::test_unwired_dependencies_return_not_ready
tests/unit/services/test_review_service.py::test_in_memory_checkpointer_does_not_claim_resumable
tests/unit/services/test_review_service.py::test_guards_reject_before_side_effects
tests/unit/services/test_review_service.py::test_missing_grading_row_is_rejected
tests/unit/services/test_review_service.py::test_resume_failure_is_reported_as_pending_recovery
tests/unit/services/test_review_service.py::test_sync_entry_rejects_running_event_loop
tests/unit/services/test_storage_migration_service.py::test_shared_references_migrate_once_keep_identity_and_original
tests/unit/services/test_storage_migration_service.py::test_missing_unknown_are_distinct_and_do_not_change_ready
tests/unit/services/test_storage_migration_service.py::test_copy_failure_preserves_source_and_failure_receipt
tests/unit/services/test_storage_migration_service.py::test_transaction_failure_preserves_source_and_old_locator
tests/unit/services/test_storage_migration_service.py::test_relative_legacy_failure_remains_readable
tests/unit/services/test_storage_migration_service.py::test_maintenance_requires_current_active_admin
tests/unit/services/test_storage_migration_service.py::test_write_error_is_not_replaced_by_maintenance_receipt_error
tests/unit/services/test_storage_migration_service.py::test_document_export_shared_original_migrates_to_exports
tests/unit/services/test_submission_service.py::test_submission_service_lists_only_currently_available_exams
tests/unit/services/test_submission_service.py::test_submission_service_creates_reuses_draft_and_persists_answers
tests/unit/services/test_submission_service.py::test_submission_service_rejects_incomplete_or_foreign_answers
tests/unit/services/test_submission_service.py::test_submission_service_protects_duplicate_submission_and_freezes_answers
tests/unit/services/test_submission_service.py::test_submission_service_transitions_submission_and_answer_states
tests/unit/services/test_submission_service.py::test_submission_service_rejects_exam_outside_open_window
tests/unit/services/test_t166_semantic_validation.py::test_no_report_cannot_be_approved_by_direct_service
tests/unit/services/test_t166_semantic_validation.py::test_current_passed_report_allows_real_freeze_and_revision_invalidates
tests/unit/services/test_t166_semantic_validation.py::test_new_running_or_technical_error_cannot_fallback_to_passed
tests/unit/services/test_t166_semantic_validation.py::test_prepare_uses_frozen_fields_and_releases_lock
tests/unit/services/test_t166_semantic_validation.py::test_illegal_answer_encoding_never_starts_semantic_call
tests/unit/services/test_t166_semantic_validation.py::test_history_approved_read_and_idempotence_do_not_forge_report
tests/unit/services/test_t166_semantic_validation.py::test_actual_one_shot_provider_results_are_persisted_without_fake_teacher[pass-passed]
tests/unit/services/test_t166_semantic_validation.py::test_actual_one_shot_provider_results_are_persisted_without_fake_teacher[fail-failed]
tests/unit/services/test_t166_semantic_validation.py::test_actual_one_shot_provider_results_are_persisted_without_fake_teacher[timeout-technical_error]
tests/unit/services/test_t166_semantic_validation.py::test_actual_one_shot_provider_results_are_persisted_without_fake_teacher[unknown_evidence-technical_error]
tests/unit/services/test_t166_semantic_validation.py::test_actual_one_shot_provider_results_are_persisted_without_fake_teacher[forged_identity-technical_error]
tests/unit/services/test_t166_semantic_validation.py::test_cancel_records_real_error_and_reraises
tests/unit/services/test_t166_semantic_validation.py::test_owned_provider_factory_is_closed_and_configuration_failure_is_recorded
tests/unit/services/test_t166_semantic_validation.py::test_projection_preserves_ordered_object_without_classification_fields
tests/unit/services/test_t166_semantic_validation.py::test_default_evidence_uses_actual_persisted_source_snapshot
tests/unit/services/test_t166_semantic_validation.py::test_published_or_submission_protected_question_cannot_retreat[Published]
tests/unit/services/test_t166_semantic_validation.py::test_published_or_submission_protected_question_cannot_retreat[Closed]
tests/unit/services/test_t166_semantic_validation.py::test_published_or_submission_protected_question_cannot_retreat[Archived]
tests/unit/services/test_t166_semantic_validation.py::test_published_or_submission_protected_question_cannot_retreat[Draft]
tests/unit/services/test_t166_semantic_validation.py::test_manual_retreat_requires_real_comment_and_persists_atomically
tests/unit/services/test_t166_semantic_validation.py::test_provider_policy_error_preserves_actual_code_and_retryability
tests/unit/services/test_t166_teaching_basis.py::test_explicit_chunks_capture_real_current_text_without_changing_generation_sources
tests/unit/services/test_t166_teaching_basis.py::test_basis_change_increments_revision_and_new_running_blocks_previous_pass
tests/unit/services/test_t166_teaching_basis.py::test_same_chunk_changed_text_is_a_new_input_revision
tests/unit/services/test_t166_teaching_basis.py::test_explicit_basis_rejects_unusable_or_foreign_sources_without_side_effects[empty]
tests/unit/services/test_t166_teaching_basis.py::test_explicit_basis_rejects_unusable_or_foreign_sources_without_side_effects[missing]
tests/unit/services/test_t166_teaching_basis.py::test_explicit_basis_rejects_unusable_or_foreign_sources_without_side_effects[not_ready]
tests/unit/services/test_t166_teaching_basis.py::test_explicit_basis_rejects_unusable_or_foreign_sources_without_side_effects[foreign]
tests/unit/services/test_t166_teaching_basis.py::test_explicit_basis_rejects_unusable_or_foreign_sources_without_side_effects[illegal_knowledge_base]
tests/unit/services/test_t166_teaching_basis.py::test_none_reuses_only_actual_existing_generation_sources_not_prior_selected_basis
tests/unit/services/test_t166_teaching_basis.py::test_explicit_history_context_survives_true_revision_and_requires_new_checks
tests/unit/services/test_t166_teaching_basis.py::test_manual_history_context_still_requires_explicit_authentic_same_question_facts[other_question]
tests/unit/services/test_t166_teaching_basis.py::test_manual_history_context_still_requires_explicit_authentic_same_question_facts[missing_disposition]
tests/unit/services/test_trace_service.py::test_trace_records_only_allowlisted_metadata_and_propagates_ids
tests/unit/services/test_trace_service.py::test_trace_failure_never_persists_raw_error_message
tests/unit/services/test_trace_service.py::test_trace_retention_is_30_days_and_does_not_delete_new_rows
tests/unit/services/test_trace_service.py::test_trace_write_failure_does_not_escape_to_business_caller
tests/unit/services/test_validation_revision_writers.py::test_answer_changes_and_resubmission_advance_revision_but_classification_does_not
tests/unit/services/test_workflow_checkpoint.py::test_save_then_load_round_trips_state_and_run_control
tests/unit/services/test_workflow_checkpoint.py::test_payload_is_strict_json_and_versioned
tests/unit/services/test_workflow_checkpoint.py::test_resumable_is_not_claimed_without_state_support
tests/unit/services/test_workflow_checkpoint.py::test_paused_state_without_reason_is_rejected
tests/unit/services/test_workflow_checkpoint.py::test_explicit_pause_reason_promotes_running_state
tests/unit/services/test_workflow_checkpoint.py::test_pause_reason_rejected_for_terminal_states
tests/unit/services/test_workflow_checkpoint.py::test_invalid_state_is_rejected[overrides0-WORKFLOW_CHECKPOINT_INVALID_INPUT]
tests/unit/services/test_workflow_checkpoint.py::test_invalid_state_is_rejected[overrides1-WORKFLOW_CHECKPOINT_INVALID_INPUT]
tests/unit/services/test_workflow_checkpoint.py::test_invalid_state_is_rejected[overrides2-WORKFLOW_CHECKPOINT_INVALID_INPUT]
tests/unit/services/test_workflow_checkpoint.py::test_invalid_state_is_rejected[overrides3-WORKFLOW_CHECKPOINT_INVALID_INPUT]
tests/unit/services/test_workflow_checkpoint.py::test_invalid_state_is_rejected[overrides4-WORKFLOW_CHECKPOINT_INVALID_INPUT]
tests/unit/services/test_workflow_checkpoint.py::test_invalid_state_is_rejected[overrides5-WORKFLOW_CHECKPOINT_STATE_INVALID]
tests/unit/services/test_workflow_checkpoint.py::test_invalid_state_is_rejected[overrides6-WORKFLOW_CHECKPOINT_STATE_INVALID]
tests/unit/services/test_workflow_checkpoint.py::test_invalid_state_is_rejected[overrides7-WORKFLOW_CHECKPOINT_STATE_INVALID]
tests/unit/services/test_workflow_checkpoint.py::test_blank_workflow_id_and_missing_state_are_rejected
tests/unit/services/test_workflow_checkpoint.py::test_state_of_other_workflow_is_rejected
tests/unit/services/test_workflow_checkpoint.py::test_existing_run_bound_to_other_submission_is_rejected
tests/unit/services/test_workflow_checkpoint.py::test_list_resumable_requires_runtime_checkpoint
tests/unit/services/test_workflow_checkpoint.py::test_mark_completed_links_final_exam_result
tests/unit/services/test_workflow_checkpoint.py::test_mark_completed_accepts_explicit_exam_result_reference
tests/unit/services/test_workflow_checkpoint.py::test_mark_completed_rejects_pending_review_and_failure_facts
tests/unit/services/test_workflow_checkpoint.py::test_mark_failed_records_sanitized_error
tests/unit/services/test_workflow_checkpoint.py::test_mark_failed_consumes_agent_error_and_exception
tests/unit/services/test_workflow_checkpoint.py::test_mark_operations_require_usable_snapshot
tests/unit/services/test_workflow_checkpoint.py::test_mark_operations_reject_unknown_workflow
tests/unit/services/test_workflow_checkpoint.py::test_unknown_status_label_is_rejected
tests/unit/services/test_workflow_checkpoint.py::test_session_factory_path_persists_and_reads_back
tests/unit/services/test_workflow_checkpoint.py::test_store_without_session_source_and_mixed_injection
tests/unit/services/test_workflow_checkpoint.py::test_ensure_ready_detects_missing_table
tests/unit/services/test_workflow_checkpoint.py::test_pending_review_answer_ids_consumes_accepted_states
tests/unit/services/test_workflow_checkpoint.py::test_runtime_envelope_coexists_with_business_state
tests/unit/services/test_workflow_checkpoint.py::test_runtime_history_is_bounded_and_drops_old_writes
tests/unit/services/test_workflow_checkpoint.py::test_put_writes_merge_semantics_and_pending_write_readback
tests/unit/services/test_workflow_checkpoint.py::test_unknown_thread_and_checkpoint_return_none
tests/unit/services/test_workflow_checkpoint.py::test_unbound_thread_write_is_rejected_then_bind_recovers
tests/unit/services/test_workflow_checkpoint.py::test_pickle_payload_is_rejected
tests/unit/services/test_workflow_checkpoint.py::test_runtime_section_survives_terminal_marks
tests/unit/services/test_workflow_checkpoint.py::test_cross_instance_resume_recovers_original_workflow
tests/unit/services/test_workflow_checkpoint.py::test_saved_checkpoint_carries_workflow_owner_kind
tests/unit/services/test_workflow_checkpoint.py::test_save_checkpoint_rejects_foreign_executor_row
tests/unit/services/test_workflow_checkpoint.py::test_list_resumable_ignores_foreign_executor_rows
tests/unit/test_app.py::test_health_endpoint_and_gradio_mount
tests/unit/test_app.py::test_readiness_checks_dependencies_and_redacts_errors[None]
tests/unit/test_app.py::test_readiness_checks_dependencies_and_redacts_errors[config]
tests/unit/test_app.py::test_readiness_checks_dependencies_and_redacts_errors[postgres]
tests/unit/test_app.py::test_readiness_checks_dependencies_and_redacts_errors[redis]
tests/unit/test_auth_service.py::test_password_hash_is_salted_and_verifiable
tests/unit/test_auth_service.py::test_access_token_contains_identity_and_expiration
tests/unit/test_auth_service.py::test_tampered_and_expired_tokens_are_rejected
tests/unit/test_auth_service.py::test_authenticate_user_accepts_username_or_email
tests/unit/test_auth_service.py::test_inactive_user_and_current_user_loading
tests/unit/test_auth_service.py::test_token_time_validation_can_use_explicit_clock
tests/unit/test_config.py::test_embedding_dimension_defaults_to_schema_dimension
tests/unit/test_config.py::test_embedding_dimension_rejects_empty_or_invalid_value[None]
tests/unit/test_config.py::test_embedding_dimension_rejects_empty_or_invalid_value[]
tests/unit/test_config.py::test_embedding_dimension_rejects_empty_or_invalid_value[0]
tests/unit/test_config.py::test_embedding_dimension_mismatch_stops_startup[384]
tests/unit/test_config.py::test_embedding_dimension_mismatch_stops_startup[768]
tests/unit/test_config.py::test_embedding_dimension_mismatch_stops_startup[1536]
tests/unit/test_config.py::test_invalid_jwt_key_is_rejected_without_exposure[]
tests/unit/test_config.py::test_invalid_jwt_key_is_rejected_without_exposure[                                ]
tests/unit/test_config.py::test_invalid_jwt_key_is_rejected_without_exposure[short-sensitive-secret]
tests/unit/test_config.py::test_invalid_jwt_key_is_rejected_without_exposure[xxxxxxxxxxxxxxxxxxxxxxxxxxxxxxx]
tests/unit/test_config.py::test_jwt_settings_defaults_and_redaction
tests/unit/test_config.py::test_invalid_jwt_configuration_stops_startup[None]
tests/unit/test_config.py::test_invalid_jwt_configuration_stops_startup[]
tests/unit/test_config.py::test_invalid_jwt_configuration_stops_startup[short-sensitive-secret]
tests/unit/test_config.py::test_unsupported_jwt_configuration_is_rejected[overrides0]
tests/unit/test_config.py::test_unsupported_jwt_configuration_is_rejected[overrides1]
tests/unit/test_database.py::test_create_database_engine_uses_configured_postgres_url
tests/unit/test_database.py::test_create_session_factory_disables_expiration
tests/unit/test_database.py::test_check_postgres_ready_executes_probe_query
tests/unit/test_database.py::test_check_postgres_ready_raises_safe_error
tests/unit/test_database.py::test_initialize_pgvector_extension
tests/unit/test_deepseek.py::test_provider_trace_records_actual_model_latency_tokens_without_content
tests/unit/test_deepseek.py::test_deepseek_metadata_matches_instance_and_actual_sdk_request
tests/unit/test_deepseek.py::test_deepseek_with_unidentified_client_does_not_claim_real_model
tests/unit/test_deepseek.py::test_deepseek_fallback_metadata_does_not_guess_final_provider
tests/unit/test_deepseek.py::test_deepseek_empty_instance_model_is_unknown
tests/unit/test_deepseek.py::test_deepseek_uses_json_mode_and_validates_pydantic_result
tests/unit/test_deepseek.py::test_deepseek_retries_timeout_twice
tests/unit/test_deepseek.py::test_deepseek_retries_invalid_json_only_once
tests/unit/test_deepseek.py::test_deepseek_reports_empty_response_after_retry_exhaustion
tests/unit/test_deepseek.py::test_deepseek_uses_configured_fallback_after_primary_failure
tests/unit/test_deepseek.py::test_deepseek_sanitizes_provider_error
tests/unit/test_deepseek.py::test_importing_deepseek_registers_provider_factory
tests/unit/test_exam_question_models.py::test_assembly_request_retains_exact_decimal_and_full_validated_intent
tests/unit/test_exam_question_models.py::test_assembly_request_rejects_ambiguous_inputs[change0]
tests/unit/test_exam_question_models.py::test_assembly_request_rejects_ambiguous_inputs[change1]
tests/unit/test_exam_question_models.py::test_assembly_request_rejects_ambiguous_inputs[change2]
tests/unit/test_exam_question_models.py::test_assembly_request_rejects_ambiguous_inputs[change3]
tests/unit/test_exam_question_models.py::test_assembly_request_rejects_ambiguous_inputs[change4]
tests/unit/test_exam_question_models.py::test_assembly_request_rejects_ambiguous_inputs[change5]
tests/unit/test_exam_question_models.py::test_assembly_request_rejects_ambiguous_inputs[change6]
tests/unit/test_exam_question_models.py::test_assembly_request_rejects_ambiguous_inputs[change7]
tests/unit/test_exam_question_models.py::test_assembly_request_rejects_ambiguous_inputs[change8]
tests/unit/test_exam_question_models.py::test_assembly_request_rejects_ambiguous_inputs[change9]
tests/unit/test_exam_question_models.py::test_assembly_request_rejects_ambiguous_inputs[change10]
tests/unit/test_exam_question_models.py::test_assembly_request_rejects_ambiguous_inputs[change11]
tests/unit/test_exam_question_models.py::test_override_preserves_single_question_amount_limit[-1]
tests/unit/test_exam_question_models.py::test_override_preserves_single_question_amount_limit[0]
tests/unit/test_exam_question_models.py::test_override_preserves_single_question_amount_limit[1000000.00]
tests/unit/test_exam_question_models.py::test_override_preserves_single_question_amount_limit[1.001]
tests/unit/test_exam_question_models.py::test_override_preserves_single_question_amount_limit[1]
tests/unit/test_exam_question_models.py::test_override_preserves_single_question_amount_limit[True]
tests/unit/test_exam_question_models.py::test_scoring_basis_preserves_negative_delta_without_fabricated_confirmation
tests/unit/test_exam_question_models.py::test_association_is_single_write_source_and_legacy_relationships_read_same_order
tests/unit/test_exam_question_models.py::test_database_rejects_invalid_order_or_amount[order_index-0]
tests/unit/test_exam_question_models.py::test_database_rejects_invalid_order_or_amount[score-value1]
tests/unit/test_exam_question_models.py::test_database_rejects_invalid_order_or_amount[base_score-value2]
tests/unit/test_exam_question_models.py::test_database_rejects_invalid_order_or_amount[score-value3]
tests/unit/test_llm.py::test_base_provider_exposes_structured_output_contract
tests/unit/test_llm.py::test_factory_creates_registered_provider_from_runtime_configuration
tests/unit/test_llm.py::test_factory_rejects_unregistered_provider_with_safe_message
tests/unit/test_llm.py::test_factory_rejects_duplicate_provider_registration
tests/unit/test_llm.py::test_factory_rejects_builder_that_does_not_return_provider
tests/unit/test_llm.py::test_stub_metadata_does_not_inherit_factory_registration_identity
tests/unit/test_llm.py::test_empty_provider_model_metadata_is_unknown[None]
tests/unit/test_llm.py::test_empty_provider_model_metadata_is_unknown[]
tests/unit/test_llm.py::test_empty_provider_model_metadata_is_unknown[   ]
tests/unit/test_llm.py::test_undeclared_provider_identity_is_unknown
tests/unit/test_m0_smoke_isolation.py::test_missing_isolation_skips_before_docker[COMPOSE_PROJECT_NAME]
tests/unit/test_m0_smoke_isolation.py::test_missing_isolation_skips_before_docker[POSTGRES_PORT]
tests/unit/test_m0_smoke_isolation.py::test_missing_isolation_skips_before_docker[REDIS_PORT]
tests/unit/test_m0_smoke_isolation.py::test_missing_isolation_skips_before_docker[BACKEND_PORT]
tests/unit/test_m0_smoke_isolation.py::test_development_project_or_port_is_rejected[COMPOSE_PROJECT_NAME-eduagent]
tests/unit/test_m0_smoke_isolation.py::test_development_project_or_port_is_rejected[POSTGRES_PORT-5432]
tests/unit/test_m0_smoke_isolation.py::test_development_project_or_port_is_rejected[REDIS_PORT-6379]
tests/unit/test_m0_smoke_isolation.py::test_development_project_or_port_is_rejected[BACKEND_PORT-8000]
tests/unit/test_m0_smoke_isolation.py::test_fixed_isolation_configuration_is_accepted
tests/unit/test_m0_smoke_isolation.py::test_powershell_rejects_unsafe_environment_without_docker[missing]
tests/unit/test_m0_smoke_isolation.py::test_powershell_rejects_unsafe_environment_without_docker[development]
tests/unit/test_redis.py::test_create_redis_client_uses_safe_connection_defaults
tests/unit/test_redis.py::test_check_redis_ready_pings_client
tests/unit/test_redis.py::test_check_redis_ready_returns_safe_local_development_error
tests/unit/test_redis.py::test_close_redis_client_closes_connection
tests/unit/test_redis.py::test_redis_lifespan_closes_connection_after_use
tests/unit/test_retry_policy.py::test_retry_policy_uses_backoff_and_stops_after_two_retries
tests/unit/test_retry_policy.py::test_retry_policy_caps_retry_after_to_thirty_seconds
tests/unit/test_retry_policy.py::test_retry_policy_can_use_one_fallback_attempt
tests/unit/test_retry_policy.py::test_retry_policy_keeps_fallback_failure_safe
tests/unit/ui/test_admin_view.py::test_admin_view_builds_and_formats_user_rows
tests/unit/ui/test_admin_view.py::test_admin_view_formats_component_status_in_chinese
tests/unit/ui/test_chapter_scope_view.py::test_unknown_vs_confirmed_empty_tags_and_independent_location
tests/unit/ui/test_chapter_scope_view.py::test_chunk_editor_displays_full_evidence_and_reset_clears_dynamic_choices
tests/unit/ui/test_chapter_scope_view.py::test_reopening_chunk_reads_fresh_records_and_bad_split_is_visible
tests/unit/ui/test_chapter_scope_view.py::test_title_only_choice_is_explicit_and_reset_for_other_chapter
tests/unit/ui/test_chapter_scope_view.py::test_document_change_clears_source_and_cut_plan_and_resplit_clears_old_chunks
tests/unit/ui/test_evaluation_dashboard.py::test_registered_filter_refresh_queries_service_and_keeps_chart_consistent
tests/unit/ui/test_evaluation_dashboard.py::test_registered_refresh_separates_failures_selftest_and_empty_state
tests/unit/ui/test_evaluation_dashboard.py::test_ungranted_actor_gets_no_data_even_if_view_flag_is_true
tests/unit/ui/test_evaluation_dashboard.py::test_missing_metric_is_rendered_as_no_data
tests/unit/ui/test_evaluation_dashboard.py::test_production_workspace_keeps_evaluation_entry_hidden_without_grant
tests/unit/ui/test_exam_scoring_view.py::test_panel_uses_text_amounts_readonly_source_and_explicit_teacher_actions
tests/unit/ui/test_exam_scoring_view.py::test_loading_uses_saved_basis_and_retains_unknown_prepared_base
tests/unit/ui/test_exam_scoring_view.py::test_prepare_shows_real_signed_delta_without_distributing_points[10.00-+0.01-3.33]
tests/unit/ui/test_exam_scoring_view.py::test_prepare_shows_real_signed_delta_without_distributing_points[2.00--0.01-0.67]
tests/unit/ui/test_exam_scoring_view.py::test_repreparing_sends_complete_loaded_basis_to_protect_new_confirmation
tests/unit/ui/test_exam_scoring_view.py::test_qualitative_preparation_does_not_create_zero_points
tests/unit/ui/test_exam_scoring_view.py::test_confirmation_sends_loaded_identity_exact_values_and_reason
tests/unit/ui/test_exam_scoring_view.py::test_reloading_confirmed_or_protected_basis_is_readonly_and_factual
tests/unit/ui/test_exam_scoring_view.py::test_stale_confirmation_error_is_visible_without_success_or_local_mutation
tests/unit/ui/test_exam_scoring_view.py::test_other_role_cannot_load_or_prepare_scoring_basis
tests/unit/ui/test_exam_scoring_view.py::test_switching_question_cannot_confirm_previous_preparation
tests/unit/ui/test_gradio_app.py::test_navigation_is_limited_by_role
tests/unit/ui/test_gradio_app.py::test_navigation_rejects_unauthenticated_or_forbidden_selection
tests/unit/ui/test_gradio_app.py::test_ui_errors_are_safe_and_chinese
tests/unit/ui/test_gradio_app.py::test_create_gradio_app_builds_login_shell
tests/unit/ui/test_gradio_app.py::test_registered_async_callbacks_keep_coroutine_semantics_and_execute
tests/unit/ui/test_gradio_app.py::test_registered_sync_callback_behavior_is_unchanged
tests/unit/ui/test_gradio_app.py::test_registered_callbacks_keep_authentication_error_for_expired_session[generate_candidates-args0-True]
tests/unit/ui/test_gradio_app.py::test_registered_callbacks_keep_authentication_error_for_expired_session[next_review_item-args1-False]
tests/unit/ui/test_gradio_app.py::test_logout_resets_question_bank_display
tests/unit/ui/test_gradio_app.py::test_message_empty_state_matches_session_messages[True]
tests/unit/ui/test_gradio_app.py::test_message_empty_state_matches_session_messages[False]
tests/unit/ui/test_gradio_app.py::test_workspace_reset_only_returns_registered_output_components
tests/unit/ui/test_knowledge_base_upload.py::test_document_stage_summary_reports_ready_with_chunk_count
tests/unit/ui/test_knowledge_base_upload.py::test_document_stage_summary_reports_failure_reason_and_retryability
tests/unit/ui/test_knowledge_base_upload.py::test_document_stage_summary_terminal_failure_hints_new_upload
tests/unit/ui/test_knowledge_base_upload.py::test_source_details_lists_locations_and_empty_state
tests/unit/ui/test_knowledge_base_upload.py::test_upload_document_requires_selected_knowledge_base
tests/unit/ui/test_knowledge_base_upload.py::test_upload_document_requires_file_selection
tests/unit/ui/test_knowledge_base_upload.py::test_upload_document_rejects_non_teacher_state
tests/unit/ui/test_knowledge_base_upload.py::test_knowledge_base_view_builds_with_real_file_upload
tests/unit/ui/test_paper_image_review.py::test_form_binds_displayed_group_and_revision_without_fabricating_ids
tests/unit/ui/test_paper_image_review.py::test_form_rejects_foreign_image_missing_reason_and_invented_coordinates
tests/unit/ui/test_paper_image_review.py::test_registered_panel_loads_actual_group_and_saves_real_check
tests/unit/ui/test_paper_image_review.py::test_stale_displayed_form_is_rejected_without_overwriting_history
tests/unit/ui/test_paper_image_review.py::test_panel_reset_clears_private_images_history_and_expected_counters
tests/unit/ui/test_paper_image_review.py::test_image_loader_rechecks_real_jwt_identity
tests/unit/ui/test_paper_image_review.py::test_registered_machine_failure_remains_visible_and_does_not_create_teacher_check
tests/unit/ui/test_paper_import_view.py::test_real_loader_save_reopen_and_inline_authorized_original
tests/unit/ui/test_paper_import_view.py::test_boundary_options_form_preserves_unknown_and_explicit_empty
tests/unit/ui/test_paper_import_view.py::test_view_mounts_source_correction_visibility_and_explicit_batch
tests/unit/ui/test_paper_import_view.py::test_registered_save_keeps_legacy_false_then_preserves_explicit_key_order
tests/unit/ui/test_paper_import_view.py::test_text_options_reject_absent_content_instead_of_fabricating_text[row0]
tests/unit/ui/test_paper_import_view.py::test_text_options_reject_absent_content_instead_of_fabricating_text[row1]
tests/unit/ui/test_paper_import_view.py::test_registered_cross_page_regions_and_asset_controls_persist
tests/unit/ui/test_paper_import_view.py::test_registered_rejection_and_explicit_batch_confirmation_are_durable
tests/unit/ui/test_paper_import_view.py::test_full_shell_registered_upload_remains_generator_and_executes_real_pipeline
tests/unit/ui/test_paper_import_view.py::test_full_shell_logout_clears_paper_files_choices_and_source_pixels
tests/unit/ui/test_question_bank_view.py::test_selection_opens_readonly_details_then_explicit_editor
tests/unit/ui/test_question_bank_view.py::test_approved_question_cannot_enter_editor
tests/unit/ui/test_question_bank_view.py::test_editor_rejects_unauthorized_reads[state0]
tests/unit/ui/test_question_bank_view.py::test_editor_rejects_unauthorized_reads[state1]
tests/unit/ui/test_question_bank_view.py::test_save_returns_persisted_details_and_keeps_failures_in_editor
tests/unit/ui/test_question_bank_view.py::test_return_and_failed_refresh_clear_old_selection_and_statistics
tests/unit/ui/test_question_bank_view.py::test_preview_preserves_full_text_and_escapes_complex_options
tests/unit/ui/test_question_generation_view.py::test_candidate_rows_use_authoritative_status
tests/unit/ui/test_question_generation_view.py::test_refresh_candidate_list_without_course_is_warning
tests/unit/ui/test_question_generation_view.py::test_refresh_candidate_list_empty_page_is_explicit
tests/unit/ui/test_question_generation_view.py::test_refresh_candidate_list_passes_filters_and_returns_rows
tests/unit/ui/test_question_generation_view.py::test_candidate_list_source_status_comes_from_details
tests/unit/ui/test_question_generation_view.py::test_view_guard_rejects_student_session
tests/unit/ui/test_question_generation_view.py::test_generate_candidates_returns_rows_preview_and_buttons
tests/unit/ui/test_question_generation_view.py::test_generate_candidates_without_course_is_warning
tests/unit/ui/test_question_generation_view.py::test_insufficient_context_shows_banner_and_disables_actions
tests/unit/ui/test_question_generation_view.py::test_not_ready_dependency_shows_unavailable_message
tests/unit/ui/test_question_generation_view.py::test_select_candidate_preview_and_action_state
tests/unit/ui/test_question_generation_view.py::test_select_candidate_without_items_is_empty_state
tests/unit/ui/test_question_generation_view.py::test_selected_source_snapshot_is_truncated_and_deleted_source_marked
tests/unit/ui/test_question_generation_view.py::test_selected_candidate_no_source_and_unknown_have_explicit_empty_states
tests/unit/ui/test_question_generation_view.py::test_selected_candidate_comments_are_shown_in_time_order
tests/unit/ui/test_question_generation_view.py::test_approve_submits_decision_and_refreshes_list
tests/unit/ui/test_question_generation_view.py::test_revision_requires_comment_before_calling_service
tests/unit/ui/test_question_generation_view.py::test_revision_with_comment_reads_persisted_history
tests/unit/ui/test_question_generation_view.py::test_conflict_keeps_list_facts_unchanged
tests/unit/ui/test_question_generation_view.py::test_refresh_generation_context_lists_real_courses
tests/unit/ui/test_question_generation_view.py::test_v2_explicit_scope_and_target_score_are_forwarded_without_classification_inference
tests/unit/ui/test_question_generation_view.py::test_v2_detail_state_replaces_stale_list_state_before_review
tests/unit/ui/test_question_generation_view.py::test_v2_dictionary_options_preview_keeps_values_and_order
tests/unit/ui/test_question_review_view.py::test_displays_each_real_check_and_actual_execution_source
tests/unit/ui/test_question_review_view.py::test_technical_error_preserves_null_checks_and_actual_error
tests/unit/ui/test_question_review_view.py::test_history_labels_old_pass_as_stale_and_does_not_offer_approval
tests/unit/ui/test_question_review_view.py::test_unchecked_history_is_unknown_and_does_not_invent_pass
tests/unit/ui/test_question_review_view.py::test_report_text_is_escaped_without_hiding_actual_issue
tests/unit/ui/test_question_review_view.py::test_approval_uses_explicit_service_gate[None]
tests/unit/ui/test_question_review_view.py::test_approval_uses_explicit_service_gate[False]
tests/unit/ui/test_question_review_view.py::test_approval_uses_explicit_service_gate[True]
tests/unit/ui/test_question_review_view.py::test_pending_status_alone_is_not_an_approval_gate
tests/unit/ui/test_question_review_view.py::test_detail_displays_actual_parent_paper_and_preserved_teaching_snapshot
tests/unit/ui/test_question_review_view.py::test_detail_unknown_history_does_not_reconstruct_location_or_teaching_source
tests/unit/ui/test_question_review_view.py::test_manual_check_uses_displayed_revision_and_refreshes_approval_gate
tests/unit/ui/test_question_review_view.py::test_stale_manual_check_preserves_teacher_input_and_does_not_reload_before_write
tests/unit/ui/test_question_review_view.py::test_image_commands_reject_unsaved_editor_without_issuing_service_call
tests/unit/ui/test_question_review_view.py::test_current_report_gate_enables_approval_but_editing_still_blocks_it
tests/unit/ui/test_question_review_view.py::test_teacher_disposition_uses_report_identity_and_real_evidence_then_refreshes_gate
tests/unit/ui/test_question_review_view.py::test_failed_disposition_preserves_form_and_actual_error
tests/unit/ui/test_question_review_view.py::test_teaching_picker_displays_real_file_position_and_content
tests/unit/ui/test_question_review_view.py::test_explicit_empty_basis_is_not_changed_into_reuse
tests/unit/ui/test_question_review_view.py::test_validation_loader_passes_real_selection_and_keeps_none_distinct
tests/unit/ui/test_question_review_view.py::test_original_page_preview_uses_actual_authorized_source_page
tests/unit/ui/test_question_review_view.py::test_teaching_loader_only_exposes_ready_material_in_question_course
tests/unit/ui/test_question_review_view.py::test_source_page_loader_rejects_unrelated_page_before_file_read
tests/unit/ui/test_results_loaders.py::test_resolve_submission_uses_authorised_scope
tests/unit/ui/test_results_loaders.py::test_resolve_submission_returns_none_for_unknown_exam
tests/unit/ui/test_results_loaders.py::test_loaders_require_authenticated_user
tests/unit/ui/test_results_loaders.py::test_student_loaders_use_matched_submission
tests/unit/ui/test_results_loaders.py::test_production_configuration_drives_view_outputs
tests/unit/ui/test_results_view.py::test_student_results_show_empty_state_without_loader
tests/unit/ui/test_results_view.py::test_student_pending_review_is_marked_and_total_stays_empty
tests/unit/ui/test_results_view.py::test_student_final_result_maps_total_score
tests/unit/ui/test_results_view.py::test_student_loader_failure_keeps_empty_state
tests/unit/ui/test_results_view.py::test_teacher_results_use_loader_records_and_keep_average_from_service
tests/unit/ui/test_results_view.py::test_teacher_results_keep_empty_state_without_loader
tests/unit/ui/test_results_view.py::test_student_result_rows_do_not_derive_status_from_score
tests/unit/ui/test_results_view.py::test_student_panel_renders_dto_through_gradio_components[final]
tests/unit/ui/test_results_view.py::test_student_panel_renders_dto_through_gradio_components[pending]
tests/unit/ui/test_results_view.py::test_student_panel_renders_dto_through_gradio_components[not_ready]
tests/unit/ui/test_results_view.py::test_teacher_result_rows_fallback_to_student_id
tests/unit/ui/test_results_view.py::test_teacher_student_label_uses_contract_priority[fields0-\u5f20\u540c\u5b66]
tests/unit/ui/test_results_view.py::test_teacher_student_label_uses_contract_priority[fields1-\u5b66\u751f #student-1]
tests/unit/ui/test_results_view.py::test_teacher_student_label_uses_contract_priority[fields2-\u65e7\u79f0\u547c]
tests/unit/ui/test_results_view.py::test_student_diagnosis_sections_use_loader_payload
tests/unit/ui/test_results_view.py::test_student_diagnosis_marks_unconfirmed_result
tests/unit/ui/test_results_view.py::test_student_diagnosis_reports_empty_and_stale_states[Not Ready-\u8bca\u65ad\u62a5\u544a\u5c1a\u672a\u751f\u6210\uff1a\u6210\u7ee9\u6700\u7ec8\u786e\u8ba4\u540e\u624d\u4f1a\u751f\u6210\u8bca\u65ad\u3002]
tests/unit/ui/test_results_view.py::test_student_diagnosis_reports_empty_and_stale_states[Stale-\u8bca\u65ad\u62a5\u544a\u5df2\u8fc7\u671f\uff1a\u8be5\u62a5\u544a\u751f\u6210\u540e\u6210\u7ee9\u5df2\u66f4\u65b0\uff0c\u8bf7\u4ee5\u6700\u65b0\u6210\u7ee9\u4e3a\u51c6\u3002]
tests/unit/ui/test_results_view.py::test_student_diagnosis_reports_failure_code_without_mastery
tests/unit/ui/test_results_view.py::test_student_diagnosis_loader_failure_keeps_empty_state
tests/unit/ui/test_results_view.py::test_student_diagnosis_requires_student_role
tests/unit/ui/test_results_view.py::test_student_panel_returns_rows_and_diagnosis_sections
tests/unit/ui/test_review_view.py::test_review_queue_rows_use_authoritative_status
tests/unit/ui/test_review_view.py::test_refresh_queue_returns_rows_and_items
tests/unit/ui/test_review_view.py::test_refresh_queue_empty_is_explicit
tests/unit/ui/test_review_view.py::test_refresh_queue_rejects_student_session
tests/unit/ui/test_review_view.py::test_registered_select_uses_row_from_two_dimensional_index
tests/unit/ui/test_review_view.py::test_registered_select_keeps_integer_index
tests/unit/ui/test_review_view.py::test_registered_select_returns_empty_state_for_invalid_selection[None-True-True]
tests/unit/ui/test_review_view.py::test_registered_select_returns_empty_state_for_invalid_selection[index1-True-True]
tests/unit/ui/test_review_view.py::test_registered_select_returns_empty_state_for_invalid_selection[index2-True-True]
tests/unit/ui/test_review_view.py::test_registered_select_returns_empty_state_for_invalid_selection[index3-False-True]
tests/unit/ui/test_review_view.py::test_registered_select_returns_empty_state_for_invalid_selection[index4-True-False]
tests/unit/ui/test_review_view.py::test_select_item_renders_dual_pane_detail
tests/unit/ui/test_review_view.py::test_select_item_without_items_is_empty_state
tests/unit/ui/test_review_view.py::test_select_item_disables_actions_when_decided
tests/unit/ui/test_review_view.py::test_next_item_moves_to_following_record
tests/unit/ui/test_review_view.py::test_confirm_submits_and_refreshes_queue
tests/unit/ui/test_review_view.py::test_modify_requires_reason_before_calling_service
tests/unit/ui/test_review_view.py::test_modify_submits_score_and_reason
tests/unit/ui/test_review_view.py::test_partial_success_is_reported_honestly
tests/unit/ui/test_review_view.py::test_conflict_error_keeps_detail_facts
tests/unit/ui/test_review_view.py::test_confirm_without_selection_is_rejected
tests/unit/ui/test_review_view.py::test_queue_error_is_reported
tests/unit/ui/test_review_view.py::test_loader_protocol_exposes_expected_functions
tests/unit/ui/test_t160_correction_loading.py::test_question_reload_reads_one_current_paper_without_cross_request_cache
tests/unit/ui/test_t160_correction_loading.py::test_page_switch_reads_selected_page_without_loading_whole_import
tests/unit/ui/test_t160_correction_loading.py::test_selected_page_keeps_import_membership_and_current_teacher_authorization
tests/unit/ui/test_t160_correction_loading.py::test_page_file_disappearance_is_reported_after_an_earlier_success
tests/unit/ui/test_t160_correction_loading.py::test_navigation_subscribes_once_to_value_changes_for_mouse_and_keyboard
tests/unit/workflows/test_grading_workflow.py::test_node_order_and_labels_match_plan_section_five
tests/unit/workflows/test_grading_workflow.py::test_per_answer_nodes_score_once_and_unified_result_aggregates_once
tests/unit/workflows/test_grading_workflow.py::test_failed_answer_is_recorded_as_error_not_empty_result
tests/unit/workflows/test_grading_workflow.py::test_low_confidence_pauses_workflow_and_supervisor_refuses_finish
tests/unit/workflows/test_grading_workflow.py::test_per_call_settings_reach_workflow_state_decision_snapshot
tests/unit/workflows/test_grading_workflow.py::test_reviewer_accept_keeps_pending_review_facts
tests/unit/workflows/test_grading_workflow.py::test_regrade_resumes_with_original_identifiers
tests/unit/workflows/test_grading_workflow.py::test_only_accepted_or_teacher_reviewed_results_reach_final_and_diagnosis
tests/unit/workflows/test_grading_workflow.py::test_handoff_requires_workflow_identity
tests/unit/workflows/test_grading_workflow.py::test_t072_graph_topology_uses_contract_nodes_and_edges
tests/unit/workflows/test_grading_workflow.py::test_t072_real_components_complete_mixed_paper_once
tests/unit/workflows/test_grading_workflow.py::test_t072_low_confidence_pauses_and_resumes_without_rescoring
tests/unit/workflows/test_grading_workflow.py::test_t072_regrade_replaces_decision_and_keeps_review_requirement
tests/unit/workflows/test_grading_workflow.py::test_t072_checkpoint_records_pause_facts_and_resume_runs_reviewer
tests/unit/workflows/test_grading_workflow.py::test_t072_reviewer_advice_never_replaces_teacher_decision
tests/unit/workflows/test_grading_workflow.py::test_t072_without_checkpointer_is_explicitly_not_resumable
tests/unit/workflows/test_grading_workflow.py::test_p13_diagnosis_failure_patch_is_paused_only_with_recovery_support
tests/unit/workflows/test_grading_workflow.py::test_t072_teacher_decision_contract_rejects_invalid_payloads
tests/unit/workflows/test_grading_workflow.py::test_t072_teacher_modified_replaces_only_that_answer_and_resumes
tests/unit/workflows/test_grading_workflow.py::test_t072_teacher_regrade_keeps_answer_out_of_final_results
tests/unit/workflows/test_grading_workflow.py::test_t072_objective_answer_accepts_without_confidence_decision
tests/unit/workflows/test_grading_workflow.py::test_t072_subjective_answer_without_decision_fails
tests/unit/workflows/test_grading_workflow.py::test_t072_unvalidated_result_terminates_with_error
tests/unit/workflows/test_grading_workflow.py::test_t072_regrade_loop_rescores_once_then_pauses
tests/unit/workflows/test_grading_workflow.py::test_t072_regrade_budget_exhausted_fails_bounded
tests/unit/workflows/test_grading_workflow.py::test_t072_aggregation_failure_never_returns_partial_result
tests/unit/workflows/test_grading_workflow.py::test_t072_identity_mismatch_fails_and_clears_stale_state
tests/unit/workflows/test_grading_workflow.py::test_t072_sync_run_rejects_running_event_loop
tests/unit/workflows/test_workflow_state.py::test_required_state_matches_external_contract_field_by_field
tests/unit/workflows/test_workflow_state.py::test_state_fields_are_partitioned_into_identity_control_and_payload_sets
tests/unit/workflows/test_workflow_state.py::test_full_snapshot_requires_identity_fields
tests/unit/workflows/test_workflow_state.py::test_initial_state_round_trip_keeps_only_written_keys
tests/unit/workflows/test_workflow_state.py::test_missing_key_differs_from_explicit_null
tests/unit/workflows/test_workflow_state.py::test_two_answer_state_round_trip_preserves_collections_scale_and_time
tests/unit/workflows/test_workflow_state.py::test_regrade_replaces_answer_key_without_duplicating_others
tests/unit/workflows/test_workflow_state.py::test_exam_result_items_must_agree_with_final_results
tests/unit/workflows/test_workflow_state.py::test_pending_review_state_is_not_failure_or_completion
tests/unit/workflows/test_workflow_state.py::test_teacher_decision_may_supersede_automatic_decision
tests/unit/workflows/test_workflow_state.py::test_failed_state_requires_error_and_never_auto_resumable
tests/unit/workflows/test_workflow_state.py::test_ready_diagnosis_requires_final_exam_result
tests/unit/workflows/test_workflow_state.py::test_collection_keys_must_belong_to_submission_context
tests/unit/workflows/test_workflow_state.py::test_state_rejects_unknown_or_invalid_values[mutation0]
tests/unit/workflows/test_workflow_state.py::test_state_rejects_unknown_or_invalid_values[mutation1]
tests/unit/workflows/test_workflow_state.py::test_state_rejects_unknown_or_invalid_values[mutation2]
tests/unit/workflows/test_workflow_state.py::test_state_rejects_unknown_or_invalid_values[mutation3]
tests/unit/workflows/test_workflow_state.py::test_state_rejects_unknown_or_invalid_values[mutation4]
tests/unit/workflows/test_workflow_state.py::test_state_rejects_unknown_or_invalid_values[mutation5]
tests/unit/workflows/test_workflow_state.py::test_state_rejects_unknown_or_invalid_values[mutation6]
tests/unit/workflows/test_workflow_state.py::test_state_rejects_unknown_or_invalid_values[mutation7]
tests/unit/workflows/test_workflow_state.py::test_state_rejects_unknown_or_invalid_values[mutation8]
tests/unit/workflows/test_workflow_state.py::test_state_rejects_unknown_or_invalid_values[mutation9]
tests/unit/workflows/test_workflow_state.py::test_state_rejects_unknown_or_invalid_values[mutation10]
tests/unit/workflows/test_workflow_state.py::test_state_rejects_unknown_or_invalid_values[mutation11]
tests/unit/workflows/test_workflow_state.py::test_state_rejects_unknown_or_invalid_values[mutation12]
tests/unit/workflows/test_workflow_state.py::test_state_rejects_unknown_or_invalid_values[mutation13]
tests/unit/workflows/test_workflow_state.py::test_state_rejects_unknown_or_invalid_values[mutation14]
tests/unit/workflows/test_workflow_state.py::test_state_rejects_unknown_or_invalid_values[mutation15]
tests/unit/workflows/test_workflow_state.py::test_decode_also_validates_and_rejects_unknown_fields
tests/unit/workflows/test_workflow_state.py::test_checkpoint_payload_kind_and_version_are_enforced
tests/unit/workflows/test_workflow_state.py::test_checkpoint_payload_is_strict_json
tests/unit/workflows/test_workflow_state.py::test_non_serializable_payload_is_reported_explicitly

============================== warnings summary ===============================
..\..\..\..\..\..\develop\Python\Lib\site-packages\fastapi\testclient.py:1
  D:\develop\Python\Lib\site-packages\fastapi\testclient.py:1: StarletteDeprecationWarning: Using `httpx` with `starlette.testclient` is deprecated; install `httpx2` instead.
    from starlette.testclient import TestClient as TestClient  # noqa

-- Docs: https://docs.pytest.org/en/stable/how-to/capture-warnings.html
2364 tests collected in 13.05s
