run_id,case_id,repeat_index,stage,reference_question_identity,extracted_question_id,field,reference_state,evaluable,correct,expected,actual,reason
t160-quality-20261007T014124Z-fbbe8ec7-01-IMP-TEXT-r1,IMP-TEXT,1,automatic,1194af49-5301-51bb-a173-0e6f524ac810,6e22ab43-e079-465e-acd4-d36d1dcbbae0,question_number,source_provided,True,True,1,1,matched
t160-quality-20261007T014124Z-fbbe8ec7-01-IMP-TEXT-r1,IMP-TEXT,1,automatic,1194af49-5301-51bb-a173-0e6f524ac810,6e22ab43-e079-465e-acd4-d36d1dcbbae0,order_index,source_provided,True,True,1,1,matched
t160-quality-20261007T014124Z-fbbe8ec7-01-IMP-TEXT-r1,IMP-TEXT,1,automatic,1194af49-5301-51bb-a173-0e6f524ac810,6e22ab43-e079-465e-acd4-d36d1dcbbae0,source_page_numbers,source_provided,True,True,[1],[1],matched
t160-quality-20261007T014124Z-fbbe8ec7-01-IMP-TEXT-r1,IMP-TEXT,1,automatic,1194af49-5301-51bb-a173-0e6f524ac810,6e22ab43-e079-465e-acd4-d36d1dcbbae0,question_type,source_provided,True,True,SINGLE_CHOICE,SINGLE_CHOICE,matched
t160-quality-20261007T014124Z-fbbe8ec7-01-IMP-TEXT-r1,IMP-TEXT,1,automatic,1194af49-5301-51bb-a173-0e6f524ac810,6e22ab43-e079-465e-acd4-d36d1dcbbae0,content,source_provided,True,True,y = 2x + 1，x = 3 时 y 为多少？,y = 2x + 1，x = 3 时 y 为多少？,matched
t160-quality-20261007T014124Z-fbbe8ec7-01-IMP-TEXT-r1,IMP-TEXT,1,automatic,1194af49-5301-51bb-a173-0e6f524ac810,6e22ab43-e079-465e-acd4-d36d1dcbbae0,options,source_provided,True,True,"{""C"": ""7"", ""A"": ""5"", ""B"": ""6"", ""D"": ""8""}","{""C"": ""7"", ""A"": ""5"", ""B"": ""6"", ""D"": ""8""}",matched
t160-quality-20261007T014124Z-fbbe8ec7-01-IMP-TEXT-r1,IMP-TEXT,1,automatic,1194af49-5301-51bb-a173-0e6f524ac810,6e22ab43-e079-465e-acd4-d36d1dcbbae0,reference_answer,source_provided,True,True,C,C,matched
t160-quality-20261007T014124Z-fbbe8ec7-01-IMP-TEXT-r1,IMP-TEXT,1,automatic,1194af49-5301-51bb-a173-0e6f524ac810,6e22ab43-e079-465e-acd4-d36d1dcbbae0,analysis,source_provided,True,True,2 × 3 + 1 = 7。,2 × 3 + 1 = 7。,matched
t160-quality-20261007T014124Z-fbbe8ec7-01-IMP-TEXT-r1,IMP-TEXT,1,automatic,1194af49-5301-51bb-a173-0e6f524ac810,6e22ab43-e079-465e-acd4-d36d1dcbbae0,score,source_provided,True,True,2.00,2.00,matched
t160-quality-20261007T014124Z-fbbe8ec7-01-IMP-TEXT-r1,IMP-TEXT,1,automatic,1194af49-5301-51bb-a173-0e6f524ac810,6e22ab43-e079-465e-acd4-d36d1dcbbae0,scoring_rubric,known_missing,True,True,,,matched
t160-quality-20261007T014124Z-fbbe8ec7-01-IMP-TEXT-r1,IMP-TEXT,1,automatic,1194af49-5301-51bb-a173-0e6f524ac810,6e22ab43-e079-465e-acd4-d36d1dcbbae0,knowledge_points,known_missing,True,True,[],[],matched
t160-quality-20261007T014124Z-fbbe8ec7-01-IMP-TEXT-r1,IMP-TEXT,1,automatic,1194af49-5301-51bb-a173-0e6f524ac810,6e22ab43-e079-465e-acd4-d36d1dcbbae0,source_regions,unknown,False,,,,reference_unknown
t160-quality-20261007T014124Z-fbbe8ec7-01-IMP-TEXT-r1,IMP-TEXT,1,automatic,1194af49-5301-51bb-a173-0e6f524ac810,6e22ab43-e079-465e-acd4-d36d1dcbbae0,assets,source_provided,True,False,[],,matched
t160-quality-20261007T014124Z-fbbe8ec7-01-IMP-TEXT-r1,IMP-TEXT,1,automatic,8e0aecaf-072d-5ed7-9b43-5d33ad202cc1,b2a74906-df0c-4126-ae06-e03e57a96edf,question_number,source_provided,True,True,2,2,matched
t160-quality-20261007T014124Z-fbbe8ec7-01-IMP-TEXT-r1,IMP-TEXT,1,automatic,8e0aecaf-072d-5ed7-9b43-5d33ad202cc1,b2a74906-df0c-4126-ae06-e03e57a96edf,order_index,source_provided,True,True,2,2,matched
t160-quality-20261007T014124Z-fbbe8ec7-01-IMP-TEXT-r1,IMP-TEXT,1,automatic,8e0aecaf-072d-5ed7-9b43-5d33ad202cc1,b2a74906-df0c-4126-ae06-e03e57a96edf,source_page_numbers,source_provided,True,True,[1],[1],matched
t160-quality-20261007T014124Z-fbbe8ec7-01-IMP-TEXT-r1,IMP-TEXT,1,automatic,8e0aecaf-072d-5ed7-9b43-5d33ad202cc1,b2a74906-df0c-4126-ae06-e03e57a96edf,question_type,source_provided,True,True,TRUE_FALSE,TRUE_FALSE,matched
t160-quality-20261007T014124Z-fbbe8ec7-01-IMP-TEXT-r1,IMP-TEXT,1,automatic,8e0aecaf-072d-5ed7-9b43-5d33ad202cc1,b2a74906-df0c-4126-ae06-e03e57a96edf,content,source_provided,True,True,右图三角形面积为 24 cm²。,右图三角形面积为 24 cm²。,matched
t160-quality-20261007T014124Z-fbbe8ec7-01-IMP-TEXT-r1,IMP-TEXT,1,automatic,8e0aecaf-072d-5ed7-9b43-5d33ad202cc1,b2a74906-df0c-4126-ae06-e03e57a96edf,options,source_provided,True,True,"[""正确"", ""错误""]","[""正确"", ""错误""]",matched
t160-quality-20261007T014124Z-fbbe8ec7-01-IMP-TEXT-r1,IMP-TEXT,1,automatic,8e0aecaf-072d-5ed7-9b43-5d33ad202cc1,b2a74906-df0c-4126-ae06-e03e57a96edf,reference_answer,known_missing,True,True,,,matched
t160-quality-20261007T014124Z-fbbe8ec7-01-IMP-TEXT-r1,IMP-TEXT,1,automatic,8e0aecaf-072d-5ed7-9b43-5d33ad202cc1,b2a74906-df0c-4126-ae06-e03e57a96edf,analysis,known_missing,True,True,,,matched
t160-quality-20261007T014124Z-fbbe8ec7-01-IMP-TEXT-r1,IMP-TEXT,1,automatic,8e0aecaf-072d-5ed7-9b43-5d33ad202cc1,b2a74906-df0c-4126-ae06-e03e57a96edf,score,source_provided,True,True,2.00,2.00,matched
t160-quality-20261007T014124Z-fbbe8ec7-01-IMP-TEXT-r1,IMP-TEXT,1,automatic,8e0aecaf-072d-5ed7-9b43-5d33ad202cc1,b2a74906-df0c-4126-ae06-e03e57a96edf,scoring_rubric,known_missing,True,True,,,matched
t160-quality-20261007T014124Z-fbbe8ec7-01-IMP-TEXT-r1,IMP-TEXT,1,automatic,8e0aecaf-072d-5ed7-9b43-5d33ad202cc1,b2a74906-df0c-4126-ae06-e03e57a96edf,knowledge_points,known_missing,True,True,[],[],matched
t160-quality-20261007T014124Z-fbbe8ec7-01-IMP-TEXT-r1,IMP-TEXT,1,automatic,8e0aecaf-072d-5ed7-9b43-5d33ad202cc1,b2a74906-df0c-4126-ae06-e03e57a96edf,source_regions,unknown,False,,,,reference_unknown
t160-quality-20261007T014124Z-fbbe8ec7-01-IMP-TEXT-r1,IMP-TEXT,1,automatic,8e0aecaf-072d-5ed7-9b43-5d33ad202cc1,b2a74906-df0c-4126-ae06-e03e57a96edf,assets,source_provided,True,False,"[{""asset_type"": ""figure"", ""source_page_number"": 1, ""order_index"": 1}]",,matched
t160-quality-20261007T014124Z-fbbe8ec7-01-IMP-TEXT-r1,IMP-TEXT,1,automatic,fdef73bd-f984-58d1-8a53-3eea668a9f83,f3885622-07aa-42a6-8aa9-ad453deeba19,question_number,source_provided,True,True,3,3,matched
t160-quality-20261007T014124Z-fbbe8ec7-01-IMP-TEXT-r1,IMP-TEXT,1,automatic,fdef73bd-f984-58d1-8a53-3eea668a9f83,f3885622-07aa-42a6-8aa9-ad453deeba19,order_index,source_provided,True,True,3,3,matched
t160-quality-20261007T014124Z-fbbe8ec7-01-IMP-TEXT-r1,IMP-TEXT,1,automatic,fdef73bd-f984-58d1-8a53-3eea668a9f83,f3885622-07aa-42a6-8aa9-ad453deeba19,source_page_numbers,source_provided,True,True,[1],[1],matched
t160-quality-20261007T014124Z-fbbe8ec7-01-IMP-TEXT-r1,IMP-TEXT,1,automatic,fdef73bd-f984-58d1-8a53-3eea668a9f83,f3885622-07aa-42a6-8aa9-ad453deeba19,question_type,source_provided,True,True,SHORT_ANSWER,SHORT_ANSWER,matched
t160-quality-20261007T014124Z-fbbe8ec7-01-IMP-TEXT-r1,IMP-TEXT,1,automatic,fdef73bd-f984-58d1-8a53-3eea668a9f83,f3885622-07aa-42a6-8aa9-ad453deeba19,content,source_provided,True,True,根据下表写出 y 关于 x 的关系式。,根据下表写出 y 关于 x 的关系式。,matched
t160-quality-20261007T014124Z-fbbe8ec7-01-IMP-TEXT-r1,IMP-TEXT,1,automatic,fdef73bd-f984-58d1-8a53-3eea668a9f83,f3885622-07aa-42a6-8aa9-ad453deeba19,options,not_applicable,True,True,,,matched
t160-quality-20261007T014124Z-fbbe8ec7-01-IMP-TEXT-r1,IMP-TEXT,1,automatic,fdef73bd-f984-58d1-8a53-3eea668a9f83,f3885622-07aa-42a6-8aa9-ad453deeba19,reference_answer,known_missing,True,True,,,matched
t160-quality-20261007T014124Z-fbbe8ec7-01-IMP-TEXT-r1,IMP-TEXT,1,automatic,fdef73bd-f984-58d1-8a53-3eea668a9f83,f3885622-07aa-42a6-8aa9-ad453deeba19,analysis,known_missing,True,True,,,matched
t160-quality-20261007T014124Z-fbbe8ec7-01-IMP-TEXT-r1,IMP-TEXT,1,automatic,fdef73bd-f984-58d1-8a53-3eea668a9f83,f3885622-07aa-42a6-8aa9-ad453deeba19,score,source_provided,True,True,3.00,3.00,matched
t160-quality-20261007T014124Z-fbbe8ec7-01-IMP-TEXT-r1,IMP-TEXT,1,automatic,fdef73bd-f984-58d1-8a53-3eea668a9f83,f3885622-07aa-42a6-8aa9-ad453deeba19,scoring_rubric,source_provided,True,True,正确关系式 1.00；说明代入过程 2.00。,正确关系式 1.00；说明代入过程 2.00。,matched
t160-quality-20261007T014124Z-fbbe8ec7-01-IMP-TEXT-r1,IMP-TEXT,1,automatic,fdef73bd-f984-58d1-8a53-3eea668a9f83,f3885622-07aa-42a6-8aa9-ad453deeba19,knowledge_points,source_provided,True,True,"[""一次函数"", ""表达与计算""]","[""一次函数"", ""表达与计算""]",matched
t160-quality-20261007T014124Z-fbbe8ec7-01-IMP-TEXT-r1,IMP-TEXT,1,automatic,fdef73bd-f984-58d1-8a53-3eea668a9f83,f3885622-07aa-42a6-8aa9-ad453deeba19,source_regions,unknown,False,,,,reference_unknown
t160-quality-20261007T014124Z-fbbe8ec7-01-IMP-TEXT-r1,IMP-TEXT,1,automatic,fdef73bd-f984-58d1-8a53-3eea668a9f83,f3885622-07aa-42a6-8aa9-ad453deeba19,assets,source_provided,True,False,"[{""asset_type"": ""table"", ""source_page_number"": 1, ""order_index"": 1}]",,matched
t160-quality-20261007T014124Z-fbbe8ec7-01-IMP-TEXT-r1,IMP-TEXT,1,assisted_corrected,1194af49-5301-51bb-a173-0e6f524ac810,6e22ab43-e079-465e-acd4-d36d1dcbbae0,question_number,source_provided,True,True,1,1,matched
t160-quality-20261007T014124Z-fbbe8ec7-01-IMP-TEXT-r1,IMP-TEXT,1,assisted_corrected,1194af49-5301-51bb-a173-0e6f524ac810,6e22ab43-e079-465e-acd4-d36d1dcbbae0,order_index,source_provided,True,True,1,1,matched
t160-quality-20261007T014124Z-fbbe8ec7-01-IMP-TEXT-r1,IMP-TEXT,1,assisted_corrected,1194af49-5301-51bb-a173-0e6f524ac810,6e22ab43-e079-465e-acd4-d36d1dcbbae0,source_page_numbers,source_provided,True,True,[1],[1],matched
t160-quality-20261007T014124Z-fbbe8ec7-01-IMP-TEXT-r1,IMP-TEXT,1,assisted_corrected,1194af49-5301-51bb-a173-0e6f524ac810,6e22ab43-e079-465e-acd4-d36d1dcbbae0,question_type,source_provided,True,True,SINGLE_CHOICE,SINGLE_CHOICE,matched
t160-quality-20261007T014124Z-fbbe8ec7-01-IMP-TEXT-r1,IMP-TEXT,1,assisted_corrected,1194af49-5301-51bb-a173-0e6f524ac810,6e22ab43-e079-465e-acd4-d36d1dcbbae0,content,source_provided,True,True,y = 2x + 1，x = 3 时 y 为多少？,y = 2x + 1，x = 3 时 y 为多少？,matched
t160-quality-20261007T014124Z-fbbe8ec7-01-IMP-TEXT-r1,IMP-TEXT,1,assisted_corrected,1194af49-5301-51bb-a173-0e6f524ac810,6e22ab43-e079-465e-acd4-d36d1dcbbae0,options,source_provided,True,True,"{""C"": ""7"", ""A"": ""5"", ""B"": ""6"", ""D"": ""8""}","{""C"": ""7"", ""A"": ""5"", ""B"": ""6"", ""D"": ""8""}",matched
t160-quality-20261007T014124Z-fbbe8ec7-01-IMP-TEXT-r1,IMP-TEXT,1,assisted_corrected,1194af49-5301-51bb-a173-0e6f524ac810,6e22ab43-e079-465e-acd4-d36d1dcbbae0,reference_answer,source_provided,True,True,C,C,matched
t160-quality-20261007T014124Z-fbbe8ec7-01-IMP-TEXT-r1,IMP-TEXT,1,assisted_corrected,1194af49-5301-51bb-a173-0e6f524ac810,6e22ab43-e079-465e-acd4-d36d1dcbbae0,analysis,source_provided,True,True,2 × 3 + 1 = 7。,2 × 3 + 1 = 7。,matched
t160-quality-20261007T014124Z-fbbe8ec7-01-IMP-TEXT-r1,IMP-TEXT,1,assisted_corrected,1194af49-5301-51bb-a173-0e6f524ac810,6e22ab43-e079-465e-acd4-d36d1dcbbae0,score,source_provided,True,True,2.00,2.00,matched
t160-quality-20261007T014124Z-fbbe8ec7-01-IMP-TEXT-r1,IMP-TEXT,1,assisted_corrected,1194af49-5301-51bb-a173-0e6f524ac810,6e22ab43-e079-465e-acd4-d36d1dcbbae0,scoring_rubric,known_missing,True,True,,,matched
t160-quality-20261007T014124Z-fbbe8ec7-01-IMP-TEXT-r1,IMP-TEXT,1,assisted_corrected,1194af49-5301-51bb-a173-0e6f524ac810,6e22ab43-e079-465e-acd4-d36d1dcbbae0,knowledge_points,known_missing,True,True,[],[],matched
t160-quality-20261007T014124Z-fbbe8ec7-01-IMP-TEXT-r1,IMP-TEXT,1,assisted_corrected,1194af49-5301-51bb-a173-0e6f524ac810,6e22ab43-e079-465e-acd4-d36d1dcbbae0,source_regions,unknown,False,,,,reference_unknown
t160-quality-20261007T014124Z-fbbe8ec7-01-IMP-TEXT-r1,IMP-TEXT,1,assisted_corrected,1194af49-5301-51bb-a173-0e6f524ac810,6e22ab43-e079-465e-acd4-d36d1dcbbae0,assets,source_provided,True,True,[],[],matched
t160-quality-20261007T014124Z-fbbe8ec7-01-IMP-TEXT-r1,IMP-TEXT,1,assisted_corrected,8e0aecaf-072d-5ed7-9b43-5d33ad202cc1,b2a74906-df0c-4126-ae06-e03e57a96edf,question_number,source_provided,True,True,2,2,matched
t160-quality-20261007T014124Z-fbbe8ec7-01-IMP-TEXT-r1,IMP-TEXT,1,assisted_corrected,8e0aecaf-072d-5ed7-9b43-5d33ad202cc1,b2a74906-df0c-4126-ae06-e03e57a96edf,order_index,source_provided,True,True,2,2,matched
t160-quality-20261007T014124Z-fbbe8ec7-01-IMP-TEXT-r1,IMP-TEXT,1,assisted_corrected,8e0aecaf-072d-5ed7-9b43-5d33ad202cc1,b2a74906-df0c-4126-ae06-e03e57a96edf,source_page_numbers,source_provided,True,True,[1],[1],matched
t160-quality-20261007T014124Z-fbbe8ec7-01-IMP-TEXT-r1,IMP-TEXT,1,assisted_corrected,8e0aecaf-072d-5ed7-9b43-5d33ad202cc1,b2a74906-df0c-4126-ae06-e03e57a96edf,question_type,source_provided,True,True,TRUE_FALSE,TRUE_FALSE,matched
t160-quality-20261007T014124Z-fbbe8ec7-01-IMP-TEXT-r1,IMP-TEXT,1,assisted_corrected,8e0aecaf-072d-5ed7-9b43-5d33ad202cc1,b2a74906-df0c-4126-ae06-e03e57a96edf,content,source_provided,True,True,右图三角形面积为 24 cm²。,右图三角形面积为 24 cm²。,matched
t160-quality-20261007T014124Z-fbbe8ec7-01-IMP-TEXT-r1,IMP-TEXT,1,assisted_corrected,8e0aecaf-072d-5ed7-9b43-5d33ad202cc1,b2a74906-df0c-4126-ae06-e03e57a96edf,options,source_provided,True,True,"[""正确"", ""错误""]","[""正确"", ""错误""]",matched
t160-quality-20261007T014124Z-fbbe8ec7-01-IMP-TEXT-r1,IMP-TEXT,1,assisted_corrected,8e0aecaf-072d-5ed7-9b43-5d33ad202cc1,b2a74906-df0c-4126-ae06-e03e57a96edf,reference_answer,known_missing,True,True,,,matched
t160-quality-20261007T014124Z-fbbe8ec7-01-IMP-TEXT-r1,IMP-TEXT,1,assisted_corrected,8e0aecaf-072d-5ed7-9b43-5d33ad202cc1,b2a74906-df0c-4126-ae06-e03e57a96edf,analysis,known_missing,True,True,,,matched
t160-quality-20261007T014124Z-fbbe8ec7-01-IMP-TEXT-r1,IMP-TEXT,1,assisted_corrected,8e0aecaf-072d-5ed7-9b43-5d33ad202cc1,b2a74906-df0c-4126-ae06-e03e57a96edf,score,source_provided,True,True,2.00,2.00,matched
t160-quality-20261007T014124Z-fbbe8ec7-01-IMP-TEXT-r1,IMP-TEXT,1,assisted_corrected,8e0aecaf-072d-5ed7-9b43-5d33ad202cc1,b2a74906-df0c-4126-ae06-e03e57a96edf,scoring_rubric,known_missing,True,True,,,matched
t160-quality-20261007T014124Z-fbbe8ec7-01-IMP-TEXT-r1,IMP-TEXT,1,assisted_corrected,8e0aecaf-072d-5ed7-9b43-5d33ad202cc1,b2a74906-df0c-4126-ae06-e03e57a96edf,knowledge_points,known_missing,True,True,[],[],matched
t160-quality-20261007T014124Z-fbbe8ec7-01-IMP-TEXT-r1,IMP-TEXT,1,assisted_corrected,8e0aecaf-072d-5ed7-9b43-5d33ad202cc1,b2a74906-df0c-4126-ae06-e03e57a96edf,source_regions,unknown,False,,,,reference_unknown
t160-quality-20261007T014124Z-fbbe8ec7-01-IMP-TEXT-r1,IMP-TEXT,1,assisted_corrected,8e0aecaf-072d-5ed7-9b43-5d33ad202cc1,b2a74906-df0c-4126-ae06-e03e57a96edf,assets,source_provided,True,False,"[{""asset_type"": ""figure"", ""source_page_number"": 1, ""order_index"": 1}]",,matched
t160-quality-20261007T014124Z-fbbe8ec7-01-IMP-TEXT-r1,IMP-TEXT,1,assisted_corrected,fdef73bd-f984-58d1-8a53-3eea668a9f83,f3885622-07aa-42a6-8aa9-ad453deeba19,question_number,source_provided,True,True,3,3,matched
t160-quality-20261007T014124Z-fbbe8ec7-01-IMP-TEXT-r1,IMP-TEXT,1,assisted_corrected,fdef73bd-f984-58d1-8a53-3eea668a9f83,f3885622-07aa-42a6-8aa9-ad453deeba19,order_index,source_provided,True,True,3,3,matched
t160-quality-20261007T014124Z-fbbe8ec7-01-IMP-TEXT-r1,IMP-TEXT,1,assisted_corrected,fdef73bd-f984-58d1-8a53-3eea668a9f83,f3885622-07aa-42a6-8aa9-ad453deeba19,source_page_numbers,source_provided,True,True,[1],[1],matched
t160-quality-20261007T014124Z-fbbe8ec7-01-IMP-TEXT-r1,IMP-TEXT,1,assisted_corrected,fdef73bd-f984-58d1-8a53-3eea668a9f83,f3885622-07aa-42a6-8aa9-ad453deeba19,question_type,source_provided,True,True,SHORT_ANSWER,SHORT_ANSWER,matched
t160-quality-20261007T014124Z-fbbe8ec7-01-IMP-TEXT-r1,IMP-TEXT,1,assisted_corrected,fdef73bd-f984-58d1-8a53-3eea668a9f83,f3885622-07aa-42a6-8aa9-ad453deeba19,content,source_provided,True,True,根据下表写出 y 关于 x 的关系式。,根据下表写出 y 关于 x 的关系式。,matched
t160-quality-20261007T014124Z-fbbe8ec7-01-IMP-TEXT-r1,IMP-TEXT,1,assisted_corrected,fdef73bd-f984-58d1-8a53-3eea668a9f83,f3885622-07aa-42a6-8aa9-ad453deeba19,options,not_applicable,True,True,,,matched
t160-quality-20261007T014124Z-fbbe8ec7-01-IMP-TEXT-r1,IMP-TEXT,1,assisted_corrected,fdef73bd-f984-58d1-8a53-3eea668a9f83,f3885622-07aa-42a6-8aa9-ad453deeba19,reference_answer,known_missing,True,True,,,matched
t160-quality-20261007T014124Z-fbbe8ec7-01-IMP-TEXT-r1,IMP-TEXT,1,assisted_corrected,fdef73bd-f984-58d1-8a53-3eea668a9f83,f3885622-07aa-42a6-8aa9-ad453deeba19,analysis,known_missing,True,True,,,matched
t160-quality-20261007T014124Z-fbbe8ec7-01-IMP-TEXT-r1,IMP-TEXT,1,assisted_corrected,fdef73bd-f984-58d1-8a53-3eea668a9f83,f3885622-07aa-42a6-8aa9-ad453deeba19,score,source_provided,True,True,3.00,3.00,matched
t160-quality-20261007T014124Z-fbbe8ec7-01-IMP-TEXT-r1,IMP-TEXT,1,assisted_corrected,fdef73bd-f984-58d1-8a53-3eea668a9f83,f3885622-07aa-42a6-8aa9-ad453deeba19,scoring_rubric,source_provided,True,True,正确关系式 1.00；说明代入过程 2.00。,正确关系式 1.00；说明代入过程 2.00。,matched
t160-quality-20261007T014124Z-fbbe8ec7-01-IMP-TEXT-r1,IMP-TEXT,1,assisted_corrected,fdef73bd-f984-58d1-8a53-3eea668a9f83,f3885622-07aa-42a6-8aa9-ad453deeba19,knowledge_points,source_provided,True,True,"[""一次函数"", ""表达与计算""]","[""一次函数"", ""表达与计算""]",matched
t160-quality-20261007T014124Z-fbbe8ec7-01-IMP-TEXT-r1,IMP-TEXT,1,assisted_corrected,fdef73bd-f984-58d1-8a53-3eea668a9f83,f3885622-07aa-42a6-8aa9-ad453deeba19,source_regions,unknown,False,,,,reference_unknown
t160-quality-20261007T014124Z-fbbe8ec7-01-IMP-TEXT-r1,IMP-TEXT,1,assisted_corrected,fdef73bd-f984-58d1-8a53-3eea668a9f83,f3885622-07aa-42a6-8aa9-ad453deeba19,assets,source_provided,True,False,"[{""asset_type"": ""table"", ""source_page_number"": 1, ""order_index"": 1}]",,matched
t160-quality-20261007T014124Z-fbbe8ec7-02-IMP-TEXT-r2,IMP-TEXT,2,automatic,1194af49-5301-51bb-a173-0e6f524ac810,4f0bcf9c-f6dc-4d21-9b2f-0f202f11bdf5,question_number,source_provided,True,True,1,1,matched
t160-quality-20261007T014124Z-fbbe8ec7-02-IMP-TEXT-r2,IMP-TEXT,2,automatic,1194af49-5301-51bb-a173-0e6f524ac810,4f0bcf9c-f6dc-4d21-9b2f-0f202f11bdf5,order_index,source_provided,True,True,1,1,matched
t160-quality-20261007T014124Z-fbbe8ec7-02-IMP-TEXT-r2,IMP-TEXT,2,automatic,1194af49-5301-51bb-a173-0e6f524ac810,4f0bcf9c-f6dc-4d21-9b2f-0f202f11bdf5,source_page_numbers,source_provided,True,True,[1],[1],matched
t160-quality-20261007T014124Z-fbbe8ec7-02-IMP-TEXT-r2,IMP-TEXT,2,automatic,1194af49-5301-51bb-a173-0e6f524ac810,4f0bcf9c-f6dc-4d21-9b2f-0f202f11bdf5,question_type,source_provided,True,True,SINGLE_CHOICE,SINGLE_CHOICE,matched
t160-quality-20261007T014124Z-fbbe8ec7-02-IMP-TEXT-r2,IMP-TEXT,2,automatic,1194af49-5301-51bb-a173-0e6f524ac810,4f0bcf9c-f6dc-4d21-9b2f-0f202f11bdf5,content,source_provided,True,True,y = 2x + 1，x = 3 时 y 为多少？,y = 2x + 1，x = 3 时 y 为多少？,matched
t160-quality-20261007T014124Z-fbbe8ec7-02-IMP-TEXT-r2,IMP-TEXT,2,automatic,1194af49-5301-51bb-a173-0e6f524ac810,4f0bcf9c-f6dc-4d21-9b2f-0f202f11bdf5,options,source_provided,True,True,"{""C"": ""7"", ""A"": ""5"", ""B"": ""6"", ""D"": ""8""}","{""C"": ""7"", ""A"": ""5"", ""B"": ""6"", ""D"": ""8""}",matched
t160-quality-20261007T014124Z-fbbe8ec7-02-IMP-TEXT-r2,IMP-TEXT,2,automatic,1194af49-5301-51bb-a173-0e6f524ac810,4f0bcf9c-f6dc-4d21-9b2f-0f202f11bdf5,reference_answer,source_provided,True,True,C,C,matched
t160-quality-20261007T014124Z-fbbe8ec7-02-IMP-TEXT-r2,IMP-TEXT,2,automatic,1194af49-5301-51bb-a173-0e6f524ac810,4f0bcf9c-f6dc-4d21-9b2f-0f202f11bdf5,analysis,source_provided,True,True,2 × 3 + 1 = 7。,2 × 3 + 1 = 7。,matched
t160-quality-20261007T014124Z-fbbe8ec7-02-IMP-TEXT-r2,IMP-TEXT,2,automatic,1194af49-5301-51bb-a173-0e6f524ac810,4f0bcf9c-f6dc-4d21-9b2f-0f202f11bdf5,score,source_provided,True,True,2.00,2.00,matched
t160-quality-20261007T014124Z-fbbe8ec7-02-IMP-TEXT-r2,IMP-TEXT,2,automatic,1194af49-5301-51bb-a173-0e6f524ac810,4f0bcf9c-f6dc-4d21-9b2f-0f202f11bdf5,scoring_rubric,known_missing,True,True,,,matched
t160-quality-20261007T014124Z-fbbe8ec7-02-IMP-TEXT-r2,IMP-TEXT,2,automatic,1194af49-5301-51bb-a173-0e6f524ac810,4f0bcf9c-f6dc-4d21-9b2f-0f202f11bdf5,knowledge_points,known_missing,True,True,[],[],matched
t160-quality-20261007T014124Z-fbbe8ec7-02-IMP-TEXT-r2,IMP-TEXT,2,automatic,1194af49-5301-51bb-a173-0e6f524ac810,4f0bcf9c-f6dc-4d21-9b2f-0f202f11bdf5,source_regions,unknown,False,,,,reference_unknown
t160-quality-20261007T014124Z-fbbe8ec7-02-IMP-TEXT-r2,IMP-TEXT,2,automatic,1194af49-5301-51bb-a173-0e6f524ac810,4f0bcf9c-f6dc-4d21-9b2f-0f202f11bdf5,assets,source_provided,True,False,[],,matched
t160-quality-20261007T014124Z-fbbe8ec7-02-IMP-TEXT-r2,IMP-TEXT,2,automatic,8e0aecaf-072d-5ed7-9b43-5d33ad202cc1,c1df263b-1a35-40df-8359-1d0ce310a16b,question_number,source_provided,True,True,2,2,matched
t160-quality-20261007T014124Z-fbbe8ec7-02-IMP-TEXT-r2,IMP-TEXT,2,automatic,8e0aecaf-072d-5ed7-9b43-5d33ad202cc1,c1df263b-1a35-40df-8359-1d0ce310a16b,order_index,source_provided,True,True,2,2,matched
t160-quality-20261007T014124Z-fbbe8ec7-02-IMP-TEXT-r2,IMP-TEXT,2,automatic,8e0aecaf-072d-5ed7-9b43-5d33ad202cc1,c1df263b-1a35-40df-8359-1d0ce310a16b,source_page_numbers,source_provided,True,True,[1],[1],matched
t160-quality-20261007T014124Z-fbbe8ec7-02-IMP-TEXT-r2,IMP-TEXT,2,automatic,8e0aecaf-072d-5ed7-9b43-5d33ad202cc1,c1df263b-1a35-40df-8359-1d0ce310a16b,question_type,source_provided,True,True,TRUE_FALSE,TRUE_FALSE,matched
t160-quality-20261007T014124Z-fbbe8ec7-02-IMP-TEXT-r2,IMP-TEXT,2,automatic,8e0aecaf-072d-5ed7-9b43-5d33ad202cc1,c1df263b-1a35-40df-8359-1d0ce310a16b,content,source_provided,True,True,右图三角形面积为 24 cm²。,右图三角形面积为 24 cm²。,matched
t160-quality-20261007T014124Z-fbbe8ec7-02-IMP-TEXT-r2,IMP-TEXT,2,automatic,8e0aecaf-072d-5ed7-9b43-5d33ad202cc1,c1df263b-1a35-40df-8359-1d0ce310a16b,options,source_provided,True,True,"[""正确"", ""错误""]","[""正确"", ""错误""]",matched
t160-quality-20261007T014124Z-fbbe8ec7-02-IMP-TEXT-r2,IMP-TEXT,2,automatic,8e0aecaf-072d-5ed7-9b43-5d33ad202cc1,c1df263b-1a35-40df-8359-1d0ce310a16b,reference_answer,known_missing,True,True,,,matched
t160-quality-20261007T014124Z-fbbe8ec7-02-IMP-TEXT-r2,IMP-TEXT,2,automatic,8e0aecaf-072d-5ed7-9b43-5d33ad202cc1,c1df263b-1a35-40df-8359-1d0ce310a16b,analysis,known_missing,True,True,,,matched
t160-quality-20261007T014124Z-fbbe8ec7-02-IMP-TEXT-r2,IMP-TEXT,2,automatic,8e0aecaf-072d-5ed7-9b43-5d33ad202cc1,c1df263b-1a35-40df-8359-1d0ce310a16b,score,source_provided,True,True,2.00,2.00,matched
t160-quality-20261007T014124Z-fbbe8ec7-02-IMP-TEXT-r2,IMP-TEXT,2,automatic,8e0aecaf-072d-5ed7-9b43-5d33ad202cc1,c1df263b-1a35-40df-8359-1d0ce310a16b,scoring_rubric,known_missing,True,True,,,matched
t160-quality-20261007T014124Z-fbbe8ec7-02-IMP-TEXT-r2,IMP-TEXT,2,automatic,8e0aecaf-072d-5ed7-9b43-5d33ad202cc1,c1df263b-1a35-40df-8359-1d0ce310a16b,knowledge_points,known_missing,True,True,[],[],matched
t160-quality-20261007T014124Z-fbbe8ec7-02-IMP-TEXT-r2,IMP-TEXT,2,automatic,8e0aecaf-072d-5ed7-9b43-5d33ad202cc1,c1df263b-1a35-40df-8359-1d0ce310a16b,source_regions,unknown,False,,,,reference_unknown
t160-quality-20261007T014124Z-fbbe8ec7-02-IMP-TEXT-r2,IMP-TEXT,2,automatic,8e0aecaf-072d-5ed7-9b43-5d33ad202cc1,c1df263b-1a35-40df-8359-1d0ce310a16b,assets,source_provided,True,False,"[{""asset_type"": ""figure"", ""source_page_number"": 1, ""order_index"": 1}]",,matched
t160-quality-20261007T014124Z-fbbe8ec7-02-IMP-TEXT-r2,IMP-TEXT,2,automatic,fdef73bd-f984-58d1-8a53-3eea668a9f83,de91b896-8786-4ed3-a4b2-25ea39a96be4,question_number,source_provided,True,True,3,3,matched
t160-quality-20261007T014124Z-fbbe8ec7-02-IMP-TEXT-r2,IMP-TEXT,2,automatic,fdef73bd-f984-58d1-8a53-3eea668a9f83,de91b896-8786-4ed3-a4b2-25ea39a96be4,order_index,source_provided,True,True,3,3,matched
t160-quality-20261007T014124Z-fbbe8ec7-02-IMP-TEXT-r2,IMP-TEXT,2,automatic,fdef73bd-f984-58d1-8a53-3eea668a9f83,de91b896-8786-4ed3-a4b2-25ea39a96be4,source_page_numbers,source_provided,True,True,[1],[1],matched
t160-quality-20261007T014124Z-fbbe8ec7-02-IMP-TEXT-r2,IMP-TEXT,2,automatic,fdef73bd-f984-58d1-8a53-3eea668a9f83,de91b896-8786-4ed3-a4b2-25ea39a96be4,question_type,source_provided,True,True,SHORT_ANSWER,SHORT_ANSWER,matched
t160-quality-20261007T014124Z-fbbe8ec7-02-IMP-TEXT-r2,IMP-TEXT,2,automatic,fdef73bd-f984-58d1-8a53-3eea668a9f83,de91b896-8786-4ed3-a4b2-25ea39a96be4,content,source_provided,True,True,根据下表写出 y 关于 x 的关系式。,根据下表写出 y 关于 x 的关系式。,matched
t160-quality-20261007T014124Z-fbbe8ec7-02-IMP-TEXT-r2,IMP-TEXT,2,automatic,fdef73bd-f984-58d1-8a53-3eea668a9f83,de91b896-8786-4ed3-a4b2-25ea39a96be4,options,not_applicable,True,True,,,matched
t160-quality-20261007T014124Z-fbbe8ec7-02-IMP-TEXT-r2,IMP-TEXT,2,automatic,fdef73bd-f984-58d1-8a53-3eea668a9f83,de91b896-8786-4ed3-a4b2-25ea39a96be4,reference_answer,known_missing,True,True,,,matched
t160-quality-20261007T014124Z-fbbe8ec7-02-IMP-TEXT-r2,IMP-TEXT,2,automatic,fdef73bd-f984-58d1-8a53-3eea668a9f83,de91b896-8786-4ed3-a4b2-25ea39a96be4,analysis,known_missing,True,True,,,matched
t160-quality-20261007T014124Z-fbbe8ec7-02-IMP-TEXT-r2,IMP-TEXT,2,automatic,fdef73bd-f984-58d1-8a53-3eea668a9f83,de91b896-8786-4ed3-a4b2-25ea39a96be4,score,source_provided,True,True,3.00,3.00,matched
t160-quality-20261007T014124Z-fbbe8ec7-02-IMP-TEXT-r2,IMP-TEXT,2,automatic,fdef73bd-f984-58d1-8a53-3eea668a9f83,de91b896-8786-4ed3-a4b2-25ea39a96be4,scoring_rubric,source_provided,True,True,正确关系式 1.00；说明代入过程 2.00。,正确关系式 1.00；说明代入过程 2.00。,matched
t160-quality-20261007T014124Z-fbbe8ec7-02-IMP-TEXT-r2,IMP-TEXT,2,automatic,fdef73bd-f984-58d1-8a53-3eea668a9f83,de91b896-8786-4ed3-a4b2-25ea39a96be4,knowledge_points,source_provided,True,True,"[""一次函数"", ""表达与计算""]","[""一次函数"", ""表达与计算""]",matched
t160-quality-20261007T014124Z-fbbe8ec7-02-IMP-TEXT-r2,IMP-TEXT,2,automatic,fdef73bd-f984-58d1-8a53-3eea668a9f83,de91b896-8786-4ed3-a4b2-25ea39a96be4,source_regions,unknown,False,,,,reference_unknown
t160-quality-20261007T014124Z-fbbe8ec7-02-IMP-TEXT-r2,IMP-TEXT,2,automatic,fdef73bd-f984-58d1-8a53-3eea668a9f83,de91b896-8786-4ed3-a4b2-25ea39a96be4,assets,source_provided,True,False,"[{""asset_type"": ""table"", ""source_page_number"": 1, ""order_index"": 1}]",,matched
t160-quality-20261007T014124Z-fbbe8ec7-02-IMP-TEXT-r2,IMP-TEXT,2,assisted_corrected,1194af49-5301-51bb-a173-0e6f524ac810,4f0bcf9c-f6dc-4d21-9b2f-0f202f11bdf5,question_number,source_provided,True,True,1,1,matched
t160-quality-20261007T014124Z-fbbe8ec7-02-IMP-TEXT-r2,IMP-TEXT,2,assisted_corrected,1194af49-5301-51bb-a173-0e6f524ac810,4f0bcf9c-f6dc-4d21-9b2f-0f202f11bdf5,order_index,source_provided,True,True,1,1,matched
t160-quality-20261007T014124Z-fbbe8ec7-02-IMP-TEXT-r2,IMP-TEXT,2,assisted_corrected,1194af49-5301-51bb-a173-0e6f524ac810,4f0bcf9c-f6dc-4d21-9b2f-0f202f11bdf5,source_page_numbers,source_provided,True,True,[1],[1],matched
t160-quality-20261007T014124Z-fbbe8ec7-02-IMP-TEXT-r2,IMP-TEXT,2,assisted_corrected,1194af49-5301-51bb-a173-0e6f524ac810,4f0bcf9c-f6dc-4d21-9b2f-0f202f11bdf5,question_type,source_provided,True,True,SINGLE_CHOICE,SINGLE_CHOICE,matched
t160-quality-20261007T014124Z-fbbe8ec7-02-IMP-TEXT-r2,IMP-TEXT,2,assisted_corrected,1194af49-5301-51bb-a173-0e6f524ac810,4f0bcf9c-f6dc-4d21-9b2f-0f202f11bdf5,content,source_provided,True,True,y = 2x + 1，x = 3 时 y 为多少？,y = 2x + 1，x = 3 时 y 为多少？,matched
t160-quality-20261007T014124Z-fbbe8ec7-02-IMP-TEXT-r2,IMP-TEXT,2,assisted_corrected,1194af49-5301-51bb-a173-0e6f524ac810,4f0bcf9c-f6dc-4d21-9b2f-0f202f11bdf5,options,source_provided,True,True,"{""C"": ""7"", ""A"": ""5"", ""B"": ""6"", ""D"": ""8""}","{""C"": ""7"", ""A"": ""5"", ""B"": ""6"", ""D"": ""8""}",matched
t160-quality-20261007T014124Z-fbbe8ec7-02-IMP-TEXT-r2,IMP-TEXT,2,assisted_corrected,1194af49-5301-51bb-a173-0e6f524ac810,4f0bcf9c-f6dc-4d21-9b2f-0f202f11bdf5,reference_answer,source_provided,True,True,C,C,matched
t160-quality-20261007T014124Z-fbbe8ec7-02-IMP-TEXT-r2,IMP-TEXT,2,assisted_corrected,1194af49-5301-51bb-a173-0e6f524ac810,4f0bcf9c-f6dc-4d21-9b2f-0f202f11bdf5,analysis,source_provided,True,True,2 × 3 + 1 = 7。,2 × 3 + 1 = 7。,matched
t160-quality-20261007T014124Z-fbbe8ec7-02-IMP-TEXT-r2,IMP-TEXT,2,assisted_corrected,1194af49-5301-51bb-a173-0e6f524ac810,4f0bcf9c-f6dc-4d21-9b2f-0f202f11bdf5,score,source_provided,True,True,2.00,2.00,matched
t160-quality-20261007T014124Z-fbbe8ec7-02-IMP-TEXT-r2,IMP-TEXT,2,assisted_corrected,1194af49-5301-51bb-a173-0e6f524ac810,4f0bcf9c-f6dc-4d21-9b2f-0f202f11bdf5,scoring_rubric,known_missing,True,True,,,matched
t160-quality-20261007T014124Z-fbbe8ec7-02-IMP-TEXT-r2,IMP-TEXT,2,assisted_corrected,1194af49-5301-51bb-a173-0e6f524ac810,4f0bcf9c-f6dc-4d21-9b2f-0f202f11bdf5,knowledge_points,known_missing,True,True,[],[],matched
t160-quality-20261007T014124Z-fbbe8ec7-02-IMP-TEXT-r2,IMP-TEXT,2,assisted_corrected,1194af49-5301-51bb-a173-0e6f524ac810,4f0bcf9c-f6dc-4d21-9b2f-0f202f11bdf5,source_regions,unknown,False,,,,reference_unknown
t160-quality-20261007T014124Z-fbbe8ec7-02-IMP-TEXT-r2,IMP-TEXT,2,assisted_corrected,1194af49-5301-51bb-a173-0e6f524ac810,4f0bcf9c-f6dc-4d21-9b2f-0f202f11bdf5,assets,source_provided,True,True,[],[],matched
t160-quality-20261007T014124Z-fbbe8ec7-02-IMP-TEXT-r2,IMP-TEXT,2,assisted_corrected,8e0aecaf-072d-5ed7-9b43-5d33ad202cc1,c1df263b-1a35-40df-8359-1d0ce310a16b,question_number,source_provided,True,True,2,2,matched
t160-quality-20261007T014124Z-fbbe8ec7-02-IMP-TEXT-r2,IMP-TEXT,2,assisted_corrected,8e0aecaf-072d-5ed7-9b43-5d33ad202cc1,c1df263b-1a35-40df-8359-1d0ce310a16b,order_index,source_provided,True,True,2,2,matched
t160-quality-20261007T014124Z-fbbe8ec7-02-IMP-TEXT-r2,IMP-TEXT,2,assisted_corrected,8e0aecaf-072d-5ed7-9b43-5d33ad202cc1,c1df263b-1a35-40df-8359-1d0ce310a16b,source_page_numbers,source_provided,True,True,[1],[1],matched
t160-quality-20261007T014124Z-fbbe8ec7-02-IMP-TEXT-r2,IMP-TEXT,2,assisted_corrected,8e0aecaf-072d-5ed7-9b43-5d33ad202cc1,c1df263b-1a35-40df-8359-1d0ce310a16b,question_type,source_provided,True,True,TRUE_FALSE,TRUE_FALSE,matched
t160-quality-20261007T014124Z-fbbe8ec7-02-IMP-TEXT-r2,IMP-TEXT,2,assisted_corrected,8e0aecaf-072d-5ed7-9b43-5d33ad202cc1,c1df263b-1a35-40df-8359-1d0ce310a16b,content,source_provided,True,True,右图三角形面积为 24 cm²。,右图三角形面积为 24 cm²。,matched
t160-quality-20261007T014124Z-fbbe8ec7-02-IMP-TEXT-r2,IMP-TEXT,2,assisted_corrected,8e0aecaf-072d-5ed7-9b43-5d33ad202cc1,c1df263b-1a35-40df-8359-1d0ce310a16b,options,source_provided,True,True,"[""正确"", ""错误""]","[""正确"", ""错误""]",matched
t160-quality-20261007T014124Z-fbbe8ec7-02-IMP-TEXT-r2,IMP-TEXT,2,assisted_corrected,8e0aecaf-072d-5ed7-9b43-5d33ad202cc1,c1df263b-1a35-40df-8359-1d0ce310a16b,reference_answer,known_missing,True,True,,,matched
t160-quality-20261007T014124Z-fbbe8ec7-02-IMP-TEXT-r2,IMP-TEXT,2,assisted_corrected,8e0aecaf-072d-5ed7-9b43-5d33ad202cc1,c1df263b-1a35-40df-8359-1d0ce310a16b,analysis,known_missing,True,True,,,matched
t160-quality-20261007T014124Z-fbbe8ec7-02-IMP-TEXT-r2,IMP-TEXT,2,assisted_corrected,8e0aecaf-072d-5ed7-9b43-5d33ad202cc1,c1df263b-1a35-40df-8359-1d0ce310a16b,score,source_provided,True,True,2.00,2.00,matched
t160-quality-20261007T014124Z-fbbe8ec7-02-IMP-TEXT-r2,IMP-TEXT,2,assisted_corrected,8e0aecaf-072d-5ed7-9b43-5d33ad202cc1,c1df263b-1a35-40df-8359-1d0ce310a16b,scoring_rubric,known_missing,True,True,,,matched
t160-quality-20261007T014124Z-fbbe8ec7-02-IMP-TEXT-r2,IMP-TEXT,2,assisted_corrected,8e0aecaf-072d-5ed7-9b43-5d33ad202cc1,c1df263b-1a35-40df-8359-1d0ce310a16b,knowledge_points,known_missing,True,True,[],[],matched
t160-quality-20261007T014124Z-fbbe8ec7-02-IMP-TEXT-r2,IMP-TEXT,2,assisted_corrected,8e0aecaf-072d-5ed7-9b43-5d33ad202cc1,c1df263b-1a35-40df-8359-1d0ce310a16b,source_regions,unknown,False,,,,reference_unknown
t160-quality-20261007T014124Z-fbbe8ec7-02-IMP-TEXT-r2,IMP-TEXT,2,assisted_corrected,8e0aecaf-072d-5ed7-9b43-5d33ad202cc1,c1df263b-1a35-40df-8359-1d0ce310a16b,assets,source_provided,True,False,"[{""asset_type"": ""figure"", ""source_page_number"": 1, ""order_index"": 1}]",,matched
t160-quality-20261007T014124Z-fbbe8ec7-02-IMP-TEXT-r2,IMP-TEXT,2,assisted_corrected,fdef73bd-f984-58d1-8a53-3eea668a9f83,de91b896-8786-4ed3-a4b2-25ea39a96be4,question_number,source_provided,True,True,3,3,matched
t160-quality-20261007T014124Z-fbbe8ec7-02-IMP-TEXT-r2,IMP-TEXT,2,assisted_corrected,fdef73bd-f984-58d1-8a53-3eea668a9f83,de91b896-8786-4ed3-a4b2-25ea39a96be4,order_index,source_provided,True,True,3,3,matched
t160-quality-20261007T014124Z-fbbe8ec7-02-IMP-TEXT-r2,IMP-TEXT,2,assisted_corrected,fdef73bd-f984-58d1-8a53-3eea668a9f83,de91b896-8786-4ed3-a4b2-25ea39a96be4,source_page_numbers,source_provided,True,True,[1],[1],matched
t160-quality-20261007T014124Z-fbbe8ec7-02-IMP-TEXT-r2,IMP-TEXT,2,assisted_corrected,fdef73bd-f984-58d1-8a53-3eea668a9f83,de91b896-8786-4ed3-a4b2-25ea39a96be4,question_type,source_provided,True,True,SHORT_ANSWER,SHORT_ANSWER,matched
t160-quality-20261007T014124Z-fbbe8ec7-02-IMP-TEXT-r2,IMP-TEXT,2,assisted_corrected,fdef73bd-f984-58d1-8a53-3eea668a9f83,de91b896-8786-4ed3-a4b2-25ea39a96be4,content,source_provided,True,True,根据下表写出 y 关于 x 的关系式。,根据下表写出 y 关于 x 的关系式。,matched
t160-quality-20261007T014124Z-fbbe8ec7-02-IMP-TEXT-r2,IMP-TEXT,2,assisted_corrected,fdef73bd-f984-58d1-8a53-3eea668a9f83,de91b896-8786-4ed3-a4b2-25ea39a96be4,options,not_applicable,True,True,,,matched
t160-quality-20261007T014124Z-fbbe8ec7-02-IMP-TEXT-r2,IMP-TEXT,2,assisted_corrected,fdef73bd-f984-58d1-8a53-3eea668a9f83,de91b896-8786-4ed3-a4b2-25ea39a96be4,reference_answer,known_missing,True,True,,,matched
t160-quality-20261007T014124Z-fbbe8ec7-02-IMP-TEXT-r2,IMP-TEXT,2,assisted_corrected,fdef73bd-f984-58d1-8a53-3eea668a9f83,de91b896-8786-4ed3-a4b2-25ea39a96be4,analysis,known_missing,True,True,,,matched
t160-quality-20261007T014124Z-fbbe8ec7-02-IMP-TEXT-r2,IMP-TEXT,2,assisted_corrected,fdef73bd-f984-58d1-8a53-3eea668a9f83,de91b896-8786-4ed3-a4b2-25ea39a96be4,score,source_provided,True,True,3.00,3.00,matched
t160-quality-20261007T014124Z-fbbe8ec7-02-IMP-TEXT-r2,IMP-TEXT,2,assisted_corrected,fdef73bd-f984-58d1-8a53-3eea668a9f83,de91b896-8786-4ed3-a4b2-25ea39a96be4,scoring_rubric,source_provided,True,True,正确关系式 1.00；说明代入过程 2.00。,正确关系式 1.00；说明代入过程 2.00。,matched
t160-quality-20261007T014124Z-fbbe8ec7-02-IMP-TEXT-r2,IMP-TEXT,2,assisted_corrected,fdef73bd-f984-58d1-8a53-3eea668a9f83,de91b896-8786-4ed3-a4b2-25ea39a96be4,knowledge_points,source_provided,True,True,"[""一次函数"", ""表达与计算""]","[""一次函数"", ""表达与计算""]",matched
t160-quality-20261007T014124Z-fbbe8ec7-02-IMP-TEXT-r2,IMP-TEXT,2,assisted_corrected,fdef73bd-f984-58d1-8a53-3eea668a9f83,de91b896-8786-4ed3-a4b2-25ea39a96be4,source_regions,unknown,False,,,,reference_unknown
t160-quality-20261007T014124Z-fbbe8ec7-02-IMP-TEXT-r2,IMP-TEXT,2,assisted_corrected,fdef73bd-f984-58d1-8a53-3eea668a9f83,de91b896-8786-4ed3-a4b2-25ea39a96be4,assets,source_provided,True,False,"[{""asset_type"": ""table"", ""source_page_number"": 1, ""order_index"": 1}]",,matched
t160-quality-20261007T014124Z-fbbe8ec7-03-IMP-TEXT-r3,IMP-TEXT,3,automatic,1194af49-5301-51bb-a173-0e6f524ac810,77dbaacd-3912-423f-b3e0-f1f048c3a06b,question_number,source_provided,True,True,1,1,matched
t160-quality-20261007T014124Z-fbbe8ec7-03-IMP-TEXT-r3,IMP-TEXT,3,automatic,1194af49-5301-51bb-a173-0e6f524ac810,77dbaacd-3912-423f-b3e0-f1f048c3a06b,order_index,source_provided,True,True,1,1,matched
t160-quality-20261007T014124Z-fbbe8ec7-03-IMP-TEXT-r3,IMP-TEXT,3,automatic,1194af49-5301-51bb-a173-0e6f524ac810,77dbaacd-3912-423f-b3e0-f1f048c3a06b,source_page_numbers,source_provided,True,True,[1],[1],matched
t160-quality-20261007T014124Z-fbbe8ec7-03-IMP-TEXT-r3,IMP-TEXT,3,automatic,1194af49-5301-51bb-a173-0e6f524ac810,77dbaacd-3912-423f-b3e0-f1f048c3a06b,question_type,source_provided,True,True,SINGLE_CHOICE,SINGLE_CHOICE,matched
t160-quality-20261007T014124Z-fbbe8ec7-03-IMP-TEXT-r3,IMP-TEXT,3,automatic,1194af49-5301-51bb-a173-0e6f524ac810,77dbaacd-3912-423f-b3e0-f1f048c3a06b,content,source_provided,True,True,y = 2x + 1，x = 3 时 y 为多少？,y = 2x + 1，x = 3 时 y 为多少？,matched
t160-quality-20261007T014124Z-fbbe8ec7-03-IMP-TEXT-r3,IMP-TEXT,3,automatic,1194af49-5301-51bb-a173-0e6f524ac810,77dbaacd-3912-423f-b3e0-f1f048c3a06b,options,source_provided,True,True,"{""C"": ""7"", ""A"": ""5"", ""B"": ""6"", ""D"": ""8""}","{""C"": ""7"", ""A"": ""5"", ""B"": ""6"", ""D"": ""8""}",matched
t160-quality-20261007T014124Z-fbbe8ec7-03-IMP-TEXT-r3,IMP-TEXT,3,automatic,1194af49-5301-51bb-a173-0e6f524ac810,77dbaacd-3912-423f-b3e0-f1f048c3a06b,reference_answer,source_provided,True,True,C,C,matched
t160-quality-20261007T014124Z-fbbe8ec7-03-IMP-TEXT-r3,IMP-TEXT,3,automatic,1194af49-5301-51bb-a173-0e6f524ac810,77dbaacd-3912-423f-b3e0-f1f048c3a06b,analysis,source_provided,True,True,2 × 3 + 1 = 7。,2 × 3 + 1 = 7。,matched
t160-quality-20261007T014124Z-fbbe8ec7-03-IMP-TEXT-r3,IMP-TEXT,3,automatic,1194af49-5301-51bb-a173-0e6f524ac810,77dbaacd-3912-423f-b3e0-f1f048c3a06b,score,source_provided,True,True,2.00,2.00,matched
t160-quality-20261007T014124Z-fbbe8ec7-03-IMP-TEXT-r3,IMP-TEXT,3,automatic,1194af49-5301-51bb-a173-0e6f524ac810,77dbaacd-3912-423f-b3e0-f1f048c3a06b,scoring_rubric,known_missing,True,True,,,matched
t160-quality-20261007T014124Z-fbbe8ec7-03-IMP-TEXT-r3,IMP-TEXT,3,automatic,1194af49-5301-51bb-a173-0e6f524ac810,77dbaacd-3912-423f-b3e0-f1f048c3a06b,knowledge_points,known_missing,True,True,[],[],matched
t160-quality-20261007T014124Z-fbbe8ec7-03-IMP-TEXT-r3,IMP-TEXT,3,automatic,1194af49-5301-51bb-a173-0e6f524ac810,77dbaacd-3912-423f-b3e0-f1f048c3a06b,source_regions,unknown,False,,,,reference_unknown
t160-quality-20261007T014124Z-fbbe8ec7-03-IMP-TEXT-r3,IMP-TEXT,3,automatic,1194af49-5301-51bb-a173-0e6f524ac810,77dbaacd-3912-423f-b3e0-f1f048c3a06b,assets,source_provided,True,False,[],,matched
t160-quality-20261007T014124Z-fbbe8ec7-03-IMP-TEXT-r3,IMP-TEXT,3,automatic,8e0aecaf-072d-5ed7-9b43-5d33ad202cc1,5a7bf40c-ca74-4d7e-a06e-64c53ca7f2d9,question_number,source_provided,True,True,2,2,matched
t160-quality-20261007T014124Z-fbbe8ec7-03-IMP-TEXT-r3,IMP-TEXT,3,automatic,8e0aecaf-072d-5ed7-9b43-5d33ad202cc1,5a7bf40c-ca74-4d7e-a06e-64c53ca7f2d9,order_index,source_provided,True,True,2,2,matched
t160-quality-20261007T014124Z-fbbe8ec7-03-IMP-TEXT-r3,IMP-TEXT,3,automatic,8e0aecaf-072d-5ed7-9b43-5d33ad202cc1,5a7bf40c-ca74-4d7e-a06e-64c53ca7f2d9,source_page_numbers,source_provided,True,True,[1],[1],matched
t160-quality-20261007T014124Z-fbbe8ec7-03-IMP-TEXT-r3,IMP-TEXT,3,automatic,8e0aecaf-072d-5ed7-9b43-5d33ad202cc1,5a7bf40c-ca74-4d7e-a06e-64c53ca7f2d9,question_type,source_provided,True,True,TRUE_FALSE,TRUE_FALSE,matched
t160-quality-20261007T014124Z-fbbe8ec7-03-IMP-TEXT-r3,IMP-TEXT,3,automatic,8e0aecaf-072d-5ed7-9b43-5d33ad202cc1,5a7bf40c-ca74-4d7e-a06e-64c53ca7f2d9,content,source_provided,True,True,右图三角形面积为 24 cm²。,右图三角形面积为 24 cm²。,matched
t160-quality-20261007T014124Z-fbbe8ec7-03-IMP-TEXT-r3,IMP-TEXT,3,automatic,8e0aecaf-072d-5ed7-9b43-5d33ad202cc1,5a7bf40c-ca74-4d7e-a06e-64c53ca7f2d9,options,source_provided,True,True,"[""正确"", ""错误""]","[""正确"", ""错误""]",matched
t160-quality-20261007T014124Z-fbbe8ec7-03-IMP-TEXT-r3,IMP-TEXT,3,automatic,8e0aecaf-072d-5ed7-9b43-5d33ad202cc1,5a7bf40c-ca74-4d7e-a06e-64c53ca7f2d9,reference_answer,known_missing,True,True,,,matched
t160-quality-20261007T014124Z-fbbe8ec7-03-IMP-TEXT-r3,IMP-TEXT,3,automatic,8e0aecaf-072d-5ed7-9b43-5d33ad202cc1,5a7bf40c-ca74-4d7e-a06e-64c53ca7f2d9,analysis,known_missing,True,True,,,matched
t160-quality-20261007T014124Z-fbbe8ec7-03-IMP-TEXT-r3,IMP-TEXT,3,automatic,8e0aecaf-072d-5ed7-9b43-5d33ad202cc1,5a7bf40c-ca74-4d7e-a06e-64c53ca7f2d9,score,source_provided,True,True,2.00,2.00,matched
t160-quality-20261007T014124Z-fbbe8ec7-03-IMP-TEXT-r3,IMP-TEXT,3,automatic,8e0aecaf-072d-5ed7-9b43-5d33ad202cc1,5a7bf40c-ca74-4d7e-a06e-64c53ca7f2d9,scoring_rubric,known_missing,True,True,,,matched
t160-quality-20261007T014124Z-fbbe8ec7-03-IMP-TEXT-r3,IMP-TEXT,3,automatic,8e0aecaf-072d-5ed7-9b43-5d33ad202cc1,5a7bf40c-ca74-4d7e-a06e-64c53ca7f2d9,knowledge_points,known_missing,True,True,[],[],matched
t160-quality-20261007T014124Z-fbbe8ec7-03-IMP-TEXT-r3,IMP-TEXT,3,automatic,8e0aecaf-072d-5ed7-9b43-5d33ad202cc1,5a7bf40c-ca74-4d7e-a06e-64c53ca7f2d9,source_regions,unknown,False,,,,reference_unknown
t160-quality-20261007T014124Z-fbbe8ec7-03-IMP-TEXT-r3,IMP-TEXT,3,automatic,8e0aecaf-072d-5ed7-9b43-5d33ad202cc1,5a7bf40c-ca74-4d7e-a06e-64c53ca7f2d9,assets,source_provided,True,False,"[{""asset_type"": ""figure"", ""source_page_number"": 1, ""order_index"": 1}]",,matched
t160-quality-20261007T014124Z-fbbe8ec7-03-IMP-TEXT-r3,IMP-TEXT,3,automatic,fdef73bd-f984-58d1-8a53-3eea668a9f83,0402f5ba-02d8-40d1-960d-a87dff6459df,question_number,source_provided,True,True,3,3,matched
t160-quality-20261007T014124Z-fbbe8ec7-03-IMP-TEXT-r3,IMP-TEXT,3,automatic,fdef73bd-f984-58d1-8a53-3eea668a9f83,0402f5ba-02d8-40d1-960d-a87dff6459df,order_index,source_provided,True,True,3,3,matched
t160-quality-20261007T014124Z-fbbe8ec7-03-IMP-TEXT-r3,IMP-TEXT,3,automatic,fdef73bd-f984-58d1-8a53-3eea668a9f83,0402f5ba-02d8-40d1-960d-a87dff6459df,source_page_numbers,source_provided,True,True,[1],[1],matched
t160-quality-20261007T014124Z-fbbe8ec7-03-IMP-TEXT-r3,IMP-TEXT,3,automatic,fdef73bd-f984-58d1-8a53-3eea668a9f83,0402f5ba-02d8-40d1-960d-a87dff6459df,question_type,source_provided,True,True,SHORT_ANSWER,SHORT_ANSWER,matched
t160-quality-20261007T014124Z-fbbe8ec7-03-IMP-TEXT-r3,IMP-TEXT,3,automatic,fdef73bd-f984-58d1-8a53-3eea668a9f83,0402f5ba-02d8-40d1-960d-a87dff6459df,content,source_provided,True,True,根据下表写出 y 关于 x 的关系式。,根据下表写出 y 关于 x 的关系式。,matched
t160-quality-20261007T014124Z-fbbe8ec7-03-IMP-TEXT-r3,IMP-TEXT,3,automatic,fdef73bd-f984-58d1-8a53-3eea668a9f83,0402f5ba-02d8-40d1-960d-a87dff6459df,options,not_applicable,True,True,,,matched
t160-quality-20261007T014124Z-fbbe8ec7-03-IMP-TEXT-r3,IMP-TEXT,3,automatic,fdef73bd-f984-58d1-8a53-3eea668a9f83,0402f5ba-02d8-40d1-960d-a87dff6459df,reference_answer,known_missing,True,True,,,matched
t160-quality-20261007T014124Z-fbbe8ec7-03-IMP-TEXT-r3,IMP-TEXT,3,automatic,fdef73bd-f984-58d1-8a53-3eea668a9f83,0402f5ba-02d8-40d1-960d-a87dff6459df,analysis,known_missing,True,True,,,matched
t160-quality-20261007T014124Z-fbbe8ec7-03-IMP-TEXT-r3,IMP-TEXT,3,automatic,fdef73bd-f984-58d1-8a53-3eea668a9f83,0402f5ba-02d8-40d1-960d-a87dff6459df,score,source_provided,True,True,3.00,3.00,matched
t160-quality-20261007T014124Z-fbbe8ec7-03-IMP-TEXT-r3,IMP-TEXT,3,automatic,fdef73bd-f984-58d1-8a53-3eea668a9f83,0402f5ba-02d8-40d1-960d-a87dff6459df,scoring_rubric,source_provided,True,True,正确关系式 1.00；说明代入过程 2.00。,正确关系式 1.00；说明代入过程 2.00。,matched
t160-quality-20261007T014124Z-fbbe8ec7-03-IMP-TEXT-r3,IMP-TEXT,3,automatic,fdef73bd-f984-58d1-8a53-3eea668a9f83,0402f5ba-02d8-40d1-960d-a87dff6459df,knowledge_points,source_provided,True,False,"[""一次函数"", ""表达与计算""]","[""一次函数、表达与计算。""]",matched
t160-quality-20261007T014124Z-fbbe8ec7-03-IMP-TEXT-r3,IMP-TEXT,3,automatic,fdef73bd-f984-58d1-8a53-3eea668a9f83,0402f5ba-02d8-40d1-960d-a87dff6459df,source_regions,unknown,False,,,,reference_unknown
t160-quality-20261007T014124Z-fbbe8ec7-03-IMP-TEXT-r3,IMP-TEXT,3,automatic,fdef73bd-f984-58d1-8a53-3eea668a9f83,0402f5ba-02d8-40d1-960d-a87dff6459df,assets,source_provided,True,False,"[{""asset_type"": ""table"", ""source_page_number"": 1, ""order_index"": 1}]",,matched
t160-quality-20261007T014124Z-fbbe8ec7-03-IMP-TEXT-r3,IMP-TEXT,3,assisted_corrected,1194af49-5301-51bb-a173-0e6f524ac810,77dbaacd-3912-423f-b3e0-f1f048c3a06b,question_number,source_provided,True,True,1,1,matched
t160-quality-20261007T014124Z-fbbe8ec7-03-IMP-TEXT-r3,IMP-TEXT,3,assisted_corrected,1194af49-5301-51bb-a173-0e6f524ac810,77dbaacd-3912-423f-b3e0-f1f048c3a06b,order_index,source_provided,True,True,1,1,matched
t160-quality-20261007T014124Z-fbbe8ec7-03-IMP-TEXT-r3,IMP-TEXT,3,assisted_corrected,1194af49-5301-51bb-a173-0e6f524ac810,77dbaacd-3912-423f-b3e0-f1f048c3a06b,source_page_numbers,source_provided,True,True,[1],[1],matched
t160-quality-20261007T014124Z-fbbe8ec7-03-IMP-TEXT-r3,IMP-TEXT,3,assisted_corrected,1194af49-5301-51bb-a173-0e6f524ac810,77dbaacd-3912-423f-b3e0-f1f048c3a06b,question_type,source_provided,True,True,SINGLE_CHOICE,SINGLE_CHOICE,matched
t160-quality-20261007T014124Z-fbbe8ec7-03-IMP-TEXT-r3,IMP-TEXT,3,assisted_corrected,1194af49-5301-51bb-a173-0e6f524ac810,77dbaacd-3912-423f-b3e0-f1f048c3a06b,content,source_provided,True,True,y = 2x + 1，x = 3 时 y 为多少？,y = 2x + 1，x = 3 时 y 为多少？,matched
t160-quality-20261007T014124Z-fbbe8ec7-03-IMP-TEXT-r3,IMP-TEXT,3,assisted_corrected,1194af49-5301-51bb-a173-0e6f524ac810,77dbaacd-3912-423f-b3e0-f1f048c3a06b,options,source_provided,True,True,"{""C"": ""7"", ""A"": ""5"", ""B"": ""6"", ""D"": ""8""}","{""C"": ""7"", ""A"": ""5"", ""B"": ""6"", ""D"": ""8""}",matched
t160-quality-20261007T014124Z-fbbe8ec7-03-IMP-TEXT-r3,IMP-TEXT,3,assisted_corrected,1194af49-5301-51bb-a173-0e6f524ac810,77dbaacd-3912-423f-b3e0-f1f048c3a06b,reference_answer,source_provided,True,True,C,C,matched
t160-quality-20261007T014124Z-fbbe8ec7-03-IMP-TEXT-r3,IMP-TEXT,3,assisted_corrected,1194af49-5301-51bb-a173-0e6f524ac810,77dbaacd-3912-423f-b3e0-f1f048c3a06b,analysis,source_provided,True,True,2 × 3 + 1 = 7。,2 × 3 + 1 = 7。,matched
t160-quality-20261007T014124Z-fbbe8ec7-03-IMP-TEXT-r3,IMP-TEXT,3,assisted_corrected,1194af49-5301-51bb-a173-0e6f524ac810,77dbaacd-3912-423f-b3e0-f1f048c3a06b,score,source_provided,True,True,2.00,2.00,matched
t160-quality-20261007T014124Z-fbbe8ec7-03-IMP-TEXT-r3,IMP-TEXT,3,assisted_corrected,1194af49-5301-51bb-a173-0e6f524ac810,77dbaacd-3912-423f-b3e0-f1f048c3a06b,scoring_rubric,known_missing,True,True,,,matched
t160-quality-20261007T014124Z-fbbe8ec7-03-IMP-TEXT-r3,IMP-TEXT,3,assisted_corrected,1194af49-5301-51bb-a173-0e6f524ac810,77dbaacd-3912-423f-b3e0-f1f048c3a06b,knowledge_points,known_missing,True,True,[],[],matched
t160-quality-20261007T014124Z-fbbe8ec7-03-IMP-TEXT-r3,IMP-TEXT,3,assisted_corrected,1194af49-5301-51bb-a173-0e6f524ac810,77dbaacd-3912-423f-b3e0-f1f048c3a06b,source_regions,unknown,False,,,,reference_unknown
t160-quality-20261007T014124Z-fbbe8ec7-03-IMP-TEXT-r3,IMP-TEXT,3,assisted_corrected,1194af49-5301-51bb-a173-0e6f524ac810,77dbaacd-3912-423f-b3e0-f1f048c3a06b,assets,source_provided,True,True,[],[],matched
t160-quality-20261007T014124Z-fbbe8ec7-03-IMP-TEXT-r3,IMP-TEXT,3,assisted_corrected,8e0aecaf-072d-5ed7-9b43-5d33ad202cc1,5a7bf40c-ca74-4d7e-a06e-64c53ca7f2d9,question_number,source_provided,True,True,2,2,matched
t160-quality-20261007T014124Z-fbbe8ec7-03-IMP-TEXT-r3,IMP-TEXT,3,assisted_corrected,8e0aecaf-072d-5ed7-9b43-5d33ad202cc1,5a7bf40c-ca74-4d7e-a06e-64c53ca7f2d9,order_index,source_provided,True,True,2,2,matched
t160-quality-20261007T014124Z-fbbe8ec7-03-IMP-TEXT-r3,IMP-TEXT,3,assisted_corrected,8e0aecaf-072d-5ed7-9b43-5d33ad202cc1,5a7bf40c-ca74-4d7e-a06e-64c53ca7f2d9,source_page_numbers,source_provided,True,True,[1],[1],matched
t160-quality-20261007T014124Z-fbbe8ec7-03-IMP-TEXT-r3,IMP-TEXT,3,assisted_corrected,8e0aecaf-072d-5ed7-9b43-5d33ad202cc1,5a7bf40c-ca74-4d7e-a06e-64c53ca7f2d9,question_type,source_provided,True,True,TRUE_FALSE,TRUE_FALSE,matched
t160-quality-20261007T014124Z-fbbe8ec7-03-IMP-TEXT-r3,IMP-TEXT,3,assisted_corrected,8e0aecaf-072d-5ed7-9b43-5d33ad202cc1,5a7bf40c-ca74-4d7e-a06e-64c53ca7f2d9,content,source_provided,True,True,右图三角形面积为 24 cm²。,右图三角形面积为 24 cm²。,matched
t160-quality-20261007T014124Z-fbbe8ec7-03-IMP-TEXT-r3,IMP-TEXT,3,assisted_corrected,8e0aecaf-072d-5ed7-9b43-5d33ad202cc1,5a7bf40c-ca74-4d7e-a06e-64c53ca7f2d9,options,source_provided,True,True,"[""正确"", ""错误""]","[""正确"", ""错误""]",matched
t160-quality-20261007T014124Z-fbbe8ec7-03-IMP-TEXT-r3,IMP-TEXT,3,assisted_corrected,8e0aecaf-072d-5ed7-9b43-5d33ad202cc1,5a7bf40c-ca74-4d7e-a06e-64c53ca7f2d9,reference_answer,known_missing,True,True,,,matched
t160-quality-20261007T014124Z-fbbe8ec7-03-IMP-TEXT-r3,IMP-TEXT,3,assisted_corrected,8e0aecaf-072d-5ed7-9b43-5d33ad202cc1,5a7bf40c-ca74-4d7e-a06e-64c53ca7f2d9,analysis,known_missing,True,True,,,matched
t160-quality-20261007T014124Z-fbbe8ec7-03-IMP-TEXT-r3,IMP-TEXT,3,assisted_corrected,8e0aecaf-072d-5ed7-9b43-5d33ad202cc1,5a7bf40c-ca74-4d7e-a06e-64c53ca7f2d9,score,source_provided,True,True,2.00,2.00,matched
t160-quality-20261007T014124Z-fbbe8ec7-03-IMP-TEXT-r3,IMP-TEXT,3,assisted_corrected,8e0aecaf-072d-5ed7-9b43-5d33ad202cc1,5a7bf40c-ca74-4d7e-a06e-64c53ca7f2d9,scoring_rubric,known_missing,True,True,,,matched
t160-quality-20261007T014124Z-fbbe8ec7-03-IMP-TEXT-r3,IMP-TEXT,3,assisted_corrected,8e0aecaf-072d-5ed7-9b43-5d33ad202cc1,5a7bf40c-ca74-4d7e-a06e-64c53ca7f2d9,knowledge_points,known_missing,True,True,[],[],matched
t160-quality-20261007T014124Z-fbbe8ec7-03-IMP-TEXT-r3,IMP-TEXT,3,assisted_corrected,8e0aecaf-072d-5ed7-9b43-5d33ad202cc1,5a7bf40c-ca74-4d7e-a06e-64c53ca7f2d9,source_regions,unknown,False,,,,reference_unknown
t160-quality-20261007T014124Z-fbbe8ec7-03-IMP-TEXT-r3,IMP-TEXT,3,assisted_corrected,8e0aecaf-072d-5ed7-9b43-5d33ad202cc1,5a7bf40c-ca74-4d7e-a06e-64c53ca7f2d9,assets,source_provided,True,False,"[{""asset_type"": ""figure"", ""source_page_number"": 1, ""order_index"": 1}]",,matched
t160-quality-20261007T014124Z-fbbe8ec7-03-IMP-TEXT-r3,IMP-TEXT,3,assisted_corrected,fdef73bd-f984-58d1-8a53-3eea668a9f83,0402f5ba-02d8-40d1-960d-a87dff6459df,question_number,source_provided,True,True,3,3,matched
t160-quality-20261007T014124Z-fbbe8ec7-03-IMP-TEXT-r3,IMP-TEXT,3,assisted_corrected,fdef73bd-f984-58d1-8a53-3eea668a9f83,0402f5ba-02d8-40d1-960d-a87dff6459df,order_index,source_provided,True,True,3,3,matched
t160-quality-20261007T014124Z-fbbe8ec7-03-IMP-TEXT-r3,IMP-TEXT,3,assisted_corrected,fdef73bd-f984-58d1-8a53-3eea668a9f83,0402f5ba-02d8-40d1-960d-a87dff6459df,source_page_numbers,source_provided,True,True,[1],[1],matched
t160-quality-20261007T014124Z-fbbe8ec7-03-IMP-TEXT-r3,IMP-TEXT,3,assisted_corrected,fdef73bd-f984-58d1-8a53-3eea668a9f83,0402f5ba-02d8-40d1-960d-a87dff6459df,question_type,source_provided,True,True,SHORT_ANSWER,SHORT_ANSWER,matched
t160-quality-20261007T014124Z-fbbe8ec7-03-IMP-TEXT-r3,IMP-TEXT,3,assisted_corrected,fdef73bd-f984-58d1-8a53-3eea668a9f83,0402f5ba-02d8-40d1-960d-a87dff6459df,content,source_provided,True,True,根据下表写出 y 关于 x 的关系式。,根据下表写出 y 关于 x 的关系式。,matched
t160-quality-20261007T014124Z-fbbe8ec7-03-IMP-TEXT-r3,IMP-TEXT,3,assisted_corrected,fdef73bd-f984-58d1-8a53-3eea668a9f83,0402f5ba-02d8-40d1-960d-a87dff6459df,options,not_applicable,True,True,,,matched
t160-quality-20261007T014124Z-fbbe8ec7-03-IMP-TEXT-r3,IMP-TEXT,3,assisted_corrected,fdef73bd-f984-58d1-8a53-3eea668a9f83,0402f5ba-02d8-40d1-960d-a87dff6459df,reference_answer,known_missing,True,True,,,matched
t160-quality-20261007T014124Z-fbbe8ec7-03-IMP-TEXT-r3,IMP-TEXT,3,assisted_corrected,fdef73bd-f984-58d1-8a53-3eea668a9f83,0402f5ba-02d8-40d1-960d-a87dff6459df,analysis,known_missing,True,True,,,matched
t160-quality-20261007T014124Z-fbbe8ec7-03-IMP-TEXT-r3,IMP-TEXT,3,assisted_corrected,fdef73bd-f984-58d1-8a53-3eea668a9f83,0402f5ba-02d8-40d1-960d-a87dff6459df,score,source_provided,True,True,3.00,3.00,matched
t160-quality-20261007T014124Z-fbbe8ec7-03-IMP-TEXT-r3,IMP-TEXT,3,assisted_corrected,fdef73bd-f984-58d1-8a53-3eea668a9f83,0402f5ba-02d8-40d1-960d-a87dff6459df,scoring_rubric,source_provided,True,True,正确关系式 1.00；说明代入过程 2.00。,正确关系式 1.00；说明代入过程 2.00。,matched
t160-quality-20261007T014124Z-fbbe8ec7-03-IMP-TEXT-r3,IMP-TEXT,3,assisted_corrected,fdef73bd-f984-58d1-8a53-3eea668a9f83,0402f5ba-02d8-40d1-960d-a87dff6459df,knowledge_points,source_provided,True,True,"[""一次函数"", ""表达与计算""]","[""一次函数"", ""表达与计算""]",matched
t160-quality-20261007T014124Z-fbbe8ec7-03-IMP-TEXT-r3,IMP-TEXT,3,assisted_corrected,fdef73bd-f984-58d1-8a53-3eea668a9f83,0402f5ba-02d8-40d1-960d-a87dff6459df,source_regions,unknown,False,,,,reference_unknown
t160-quality-20261007T014124Z-fbbe8ec7-03-IMP-TEXT-r3,IMP-TEXT,3,assisted_corrected,fdef73bd-f984-58d1-8a53-3eea668a9f83,0402f5ba-02d8-40d1-960d-a87dff6459df,assets,source_provided,True,False,"[{""asset_type"": ""table"", ""source_page_number"": 1, ""order_index"": 1}]",,matched
t160-quality-20261007T014124Z-fbbe8ec7-04-IMP-SCAN-r1,IMP-SCAN,1,automatic,74d666eb-fc46-5106-8ea2-ea5c967c6457,351b8cd0-04f8-4e9b-b4a6-c94058306977,question_number,source_provided,True,True,1,1,matched
t160-quality-20261007T014124Z-fbbe8ec7-04-IMP-SCAN-r1,IMP-SCAN,1,automatic,74d666eb-fc46-5106-8ea2-ea5c967c6457,351b8cd0-04f8-4e9b-b4a6-c94058306977,order_index,source_provided,True,True,1,1,matched
t160-quality-20261007T014124Z-fbbe8ec7-04-IMP-SCAN-r1,IMP-SCAN,1,automatic,74d666eb-fc46-5106-8ea2-ea5c967c6457,351b8cd0-04f8-4e9b-b4a6-c94058306977,source_page_numbers,source_provided,True,True,[1],[1],matched
t160-quality-20261007T014124Z-fbbe8ec7-04-IMP-SCAN-r1,IMP-SCAN,1,automatic,74d666eb-fc46-5106-8ea2-ea5c967c6457,351b8cd0-04f8-4e9b-b4a6-c94058306977,question_type,source_provided,True,True,SINGLE_CHOICE,SINGLE_CHOICE,matched
t160-quality-20261007T014124Z-fbbe8ec7-04-IMP-SCAN-r1,IMP-SCAN,1,automatic,74d666eb-fc46-5106-8ea2-ea5c967c6457,351b8cd0-04f8-4e9b-b4a6-c94058306977,content,source_provided,True,False,y = 2x + 1，x = 3 时 y 为多少？,y = 2x +1，x = 3 时 y 为多少？,matched
t160-quality-20261007T014124Z-fbbe8ec7-04-IMP-SCAN-r1,IMP-SCAN,1,automatic,74d666eb-fc46-5106-8ea2-ea5c967c6457,351b8cd0-04f8-4e9b-b4a6-c94058306977,options,source_provided,True,True,"{""C"": ""7"", ""A"": ""5"", ""B"": ""6"", ""D"": ""8""}","{""C"": ""7"", ""A"": ""5"", ""B"": ""6"", ""D"": ""8""}",matched
t160-quality-20261007T014124Z-fbbe8ec7-04-IMP-SCAN-r1,IMP-SCAN,1,automatic,74d666eb-fc46-5106-8ea2-ea5c967c6457,351b8cd0-04f8-4e9b-b4a6-c94058306977,reference_answer,source_provided,True,True,C,C,matched
t160-quality-20261007T014124Z-fbbe8ec7-04-IMP-SCAN-r1,IMP-SCAN,1,automatic,74d666eb-fc46-5106-8ea2-ea5c967c6457,351b8cd0-04f8-4e9b-b4a6-c94058306977,analysis,source_provided,True,False,2 × 3 + 1 = 7。,2 × 3 +1=7。,matched
t160-quality-20261007T014124Z-fbbe8ec7-04-IMP-SCAN-r1,IMP-SCAN,1,automatic,74d666eb-fc46-5106-8ea2-ea5c967c6457,351b8cd0-04f8-4e9b-b4a6-c94058306977,score,source_provided,True,True,2.00,2.00,matched
t160-quality-20261007T014124Z-fbbe8ec7-04-IMP-SCAN-r1,IMP-SCAN,1,automatic,74d666eb-fc46-5106-8ea2-ea5c967c6457,351b8cd0-04f8-4e9b-b4a6-c94058306977,scoring_rubric,known_missing,True,True,,,matched
t160-quality-20261007T014124Z-fbbe8ec7-04-IMP-SCAN-r1,IMP-SCAN,1,automatic,74d666eb-fc46-5106-8ea2-ea5c967c6457,351b8cd0-04f8-4e9b-b4a6-c94058306977,knowledge_points,known_missing,True,True,[],[],matched
t160-quality-20261007T014124Z-fbbe8ec7-04-IMP-SCAN-r1,IMP-SCAN,1,automatic,74d666eb-fc46-5106-8ea2-ea5c967c6457,351b8cd0-04f8-4e9b-b4a6-c94058306977,source_regions,unknown,False,,,,reference_unknown
t160-quality-20261007T014124Z-fbbe8ec7-04-IMP-SCAN-r1,IMP-SCAN,1,automatic,74d666eb-fc46-5106-8ea2-ea5c967c6457,351b8cd0-04f8-4e9b-b4a6-c94058306977,assets,source_provided,True,False,[],,matched
t160-quality-20261007T014124Z-fbbe8ec7-04-IMP-SCAN-r1,IMP-SCAN,1,automatic,5f47ee64-edec-5327-9172-bb8454c7640d,42af5d3c-a1ef-484e-be58-f04e5a5ea3d7,question_number,source_provided,True,True,2,2,matched
t160-quality-20261007T014124Z-fbbe8ec7-04-IMP-SCAN-r1,IMP-SCAN,1,automatic,5f47ee64-edec-5327-9172-bb8454c7640d,42af5d3c-a1ef-484e-be58-f04e5a5ea3d7,order_index,source_provided,True,True,2,2,matched
t160-quality-20261007T014124Z-fbbe8ec7-04-IMP-SCAN-r1,IMP-SCAN,1,automatic,5f47ee64-edec-5327-9172-bb8454c7640d,42af5d3c-a1ef-484e-be58-f04e5a5ea3d7,source_page_numbers,source_provided,True,True,[1],[1],matched
t160-quality-20261007T014124Z-fbbe8ec7-04-IMP-SCAN-r1,IMP-SCAN,1,automatic,5f47ee64-edec-5327-9172-bb8454c7640d,42af5d3c-a1ef-484e-be58-f04e5a5ea3d7,question_type,source_provided,True,True,TRUE_FALSE,TRUE_FALSE,matched
t160-quality-20261007T014124Z-fbbe8ec7-04-IMP-SCAN-r1,IMP-SCAN,1,automatic,5f47ee64-edec-5327-9172-bb8454c7640d,42af5d3c-a1ef-484e-be58-f04e5a5ea3d7,content,source_provided,True,False,右图三角形面积为 24 cm²。,右图三角形面积为 24cm²。,matched
t160-quality-20261007T014124Z-fbbe8ec7-04-IMP-SCAN-r1,IMP-SCAN,1,automatic,5f47ee64-edec-5327-9172-bb8454c7640d,42af5d3c-a1ef-484e-be58-f04e5a5ea3d7,options,source_provided,True,True,"[""正确"", ""错误""]","[""正确"", ""错误""]",matched
t160-quality-20261007T014124Z-fbbe8ec7-04-IMP-SCAN-r1,IMP-SCAN,1,automatic,5f47ee64-edec-5327-9172-bb8454c7640d,42af5d3c-a1ef-484e-be58-f04e5a5ea3d7,reference_answer,known_missing,True,True,,,matched
t160-quality-20261007T014124Z-fbbe8ec7-04-IMP-SCAN-r1,IMP-SCAN,1,automatic,5f47ee64-edec-5327-9172-bb8454c7640d,42af5d3c-a1ef-484e-be58-f04e5a5ea3d7,analysis,known_missing,True,True,,,matched
t160-quality-20261007T014124Z-fbbe8ec7-04-IMP-SCAN-r1,IMP-SCAN,1,automatic,5f47ee64-edec-5327-9172-bb8454c7640d,42af5d3c-a1ef-484e-be58-f04e5a5ea3d7,score,source_provided,True,True,2.00,2.00,matched
t160-quality-20261007T014124Z-fbbe8ec7-04-IMP-SCAN-r1,IMP-SCAN,1,automatic,5f47ee64-edec-5327-9172-bb8454c7640d,42af5d3c-a1ef-484e-be58-f04e5a5ea3d7,scoring_rubric,known_missing,True,True,,,matched
t160-quality-20261007T014124Z-fbbe8ec7-04-IMP-SCAN-r1,IMP-SCAN,1,automatic,5f47ee64-edec-5327-9172-bb8454c7640d,42af5d3c-a1ef-484e-be58-f04e5a5ea3d7,knowledge_points,known_missing,True,True,[],[],matched
t160-quality-20261007T014124Z-fbbe8ec7-04-IMP-SCAN-r1,IMP-SCAN,1,automatic,5f47ee64-edec-5327-9172-bb8454c7640d,42af5d3c-a1ef-484e-be58-f04e5a5ea3d7,source_regions,unknown,False,,,,reference_unknown
t160-quality-20261007T014124Z-fbbe8ec7-04-IMP-SCAN-r1,IMP-SCAN,1,automatic,5f47ee64-edec-5327-9172-bb8454c7640d,42af5d3c-a1ef-484e-be58-f04e5a5ea3d7,assets,source_provided,True,False,"[{""asset_type"": ""figure"", ""source_page_number"": 1, ""order_index"": 1}]",,matched
t160-quality-20261007T014124Z-fbbe8ec7-04-IMP-SCAN-r1,IMP-SCAN,1,automatic,d6acd365-a6d5-5eb8-9b54-66f26a915094,bd486b2d-78c0-4ba8-addb-bdae00843da6,question_number,source_provided,True,True,3,3,matched
t160-quality-20261007T014124Z-fbbe8ec7-04-IMP-SCAN-r1,IMP-SCAN,1,automatic,d6acd365-a6d5-5eb8-9b54-66f26a915094,bd486b2d-78c0-4ba8-addb-bdae00843da6,order_index,source_provided,True,True,3,3,matched
t160-quality-20261007T014124Z-fbbe8ec7-04-IMP-SCAN-r1,IMP-SCAN,1,automatic,d6acd365-a6d5-5eb8-9b54-66f26a915094,bd486b2d-78c0-4ba8-addb-bdae00843da6,source_page_numbers,source_provided,True,True,[1],[1],matched
t160-quality-20261007T014124Z-fbbe8ec7-04-IMP-SCAN-r1,IMP-SCAN,1,automatic,d6acd365-a6d5-5eb8-9b54-66f26a915094,bd486b2d-78c0-4ba8-addb-bdae00843da6,question_type,source_provided,True,True,SHORT_ANSWER,SHORT_ANSWER,matched
t160-quality-20261007T014124Z-fbbe8ec7-04-IMP-SCAN-r1,IMP-SCAN,1,automatic,d6acd365-a6d5-5eb8-9b54-66f26a915094,bd486b2d-78c0-4ba8-addb-bdae00843da6,content,source_provided,True,True,根据下表写出 y 关于 x 的关系式。,根据下表写出 y 关于 x 的关系式。,matched
t160-quality-20261007T014124Z-fbbe8ec7-04-IMP-SCAN-r1,IMP-SCAN,1,automatic,d6acd365-a6d5-5eb8-9b54-66f26a915094,bd486b2d-78c0-4ba8-addb-bdae00843da6,options,not_applicable,True,True,,,matched
t160-quality-20261007T014124Z-fbbe8ec7-04-IMP-SCAN-r1,IMP-SCAN,1,automatic,d6acd365-a6d5-5eb8-9b54-66f26a915094,bd486b2d-78c0-4ba8-addb-bdae00843da6,reference_answer,known_missing,True,True,,,matched
t160-quality-20261007T014124Z-fbbe8ec7-04-IMP-SCAN-r1,IMP-SCAN,1,automatic,d6acd365-a6d5-5eb8-9b54-66f26a915094,bd486b2d-78c0-4ba8-addb-bdae00843da6,analysis,known_missing,True,True,,,matched
t160-quality-20261007T014124Z-fbbe8ec7-04-IMP-SCAN-r1,IMP-SCAN,1,automatic,d6acd365-a6d5-5eb8-9b54-66f26a915094,bd486b2d-78c0-4ba8-addb-bdae00843da6,score,source_provided,True,True,3.00,3.00,matched
t160-quality-20261007T014124Z-fbbe8ec7-04-IMP-SCAN-r1,IMP-SCAN,1,automatic,d6acd365-a6d5-5eb8-9b54-66f26a915094,bd486b2d-78c0-4ba8-addb-bdae00843da6,scoring_rubric,source_provided,True,False,正确关系式 1.00；说明代入过程 2.00。,正确关系式1.00；说明代入过程2.00。,matched
t160-quality-20261007T014124Z-fbbe8ec7-04-IMP-SCAN-r1,IMP-SCAN,1,automatic,d6acd365-a6d5-5eb8-9b54-66f26a915094,bd486b2d-78c0-4ba8-addb-bdae00843da6,knowledge_points,source_provided,True,False,"[""一次函数"", ""表达与计算""]","[""一次函数、表达与计算""]",matched
t160-quality-20261007T014124Z-fbbe8ec7-04-IMP-SCAN-r1,IMP-SCAN,1,automatic,d6acd365-a6d5-5eb8-9b54-66f26a915094,bd486b2d-78c0-4ba8-addb-bdae00843da6,source_regions,unknown,False,,,,reference_unknown
t160-quality-20261007T014124Z-fbbe8ec7-04-IMP-SCAN-r1,IMP-SCAN,1,automatic,d6acd365-a6d5-5eb8-9b54-66f26a915094,bd486b2d-78c0-4ba8-addb-bdae00843da6,assets,source_provided,True,False,"[{""asset_type"": ""table"", ""source_page_number"": 1, ""order_index"": 1}]",,matched
t160-quality-20261007T014124Z-fbbe8ec7-04-IMP-SCAN-r1,IMP-SCAN,1,assisted_corrected,74d666eb-fc46-5106-8ea2-ea5c967c6457,351b8cd0-04f8-4e9b-b4a6-c94058306977,question_number,source_provided,True,True,1,1,matched
t160-quality-20261007T014124Z-fbbe8ec7-04-IMP-SCAN-r1,IMP-SCAN,1,assisted_corrected,74d666eb-fc46-5106-8ea2-ea5c967c6457,351b8cd0-04f8-4e9b-b4a6-c94058306977,order_index,source_provided,True,True,1,1,matched
t160-quality-20261007T014124Z-fbbe8ec7-04-IMP-SCAN-r1,IMP-SCAN,1,assisted_corrected,74d666eb-fc46-5106-8ea2-ea5c967c6457,351b8cd0-04f8-4e9b-b4a6-c94058306977,source_page_numbers,source_provided,True,True,[1],[1],matched
t160-quality-20261007T014124Z-fbbe8ec7-04-IMP-SCAN-r1,IMP-SCAN,1,assisted_corrected,74d666eb-fc46-5106-8ea2-ea5c967c6457,351b8cd0-04f8-4e9b-b4a6-c94058306977,question_type,source_provided,True,True,SINGLE_CHOICE,SINGLE_CHOICE,matched
t160-quality-20261007T014124Z-fbbe8ec7-04-IMP-SCAN-r1,IMP-SCAN,1,assisted_corrected,74d666eb-fc46-5106-8ea2-ea5c967c6457,351b8cd0-04f8-4e9b-b4a6-c94058306977,content,source_provided,True,True,y = 2x + 1，x = 3 时 y 为多少？,y = 2x + 1，x = 3 时 y 为多少？,matched
t160-quality-20261007T014124Z-fbbe8ec7-04-IMP-SCAN-r1,IMP-SCAN,1,assisted_corrected,74d666eb-fc46-5106-8ea2-ea5c967c6457,351b8cd0-04f8-4e9b-b4a6-c94058306977,options,source_provided,True,True,"{""C"": ""7"", ""A"": ""5"", ""B"": ""6"", ""D"": ""8""}","{""C"": ""7"", ""A"": ""5"", ""B"": ""6"", ""D"": ""8""}",matched
t160-quality-20261007T014124Z-fbbe8ec7-04-IMP-SCAN-r1,IMP-SCAN,1,assisted_corrected,74d666eb-fc46-5106-8ea2-ea5c967c6457,351b8cd0-04f8-4e9b-b4a6-c94058306977,reference_answer,source_provided,True,True,C,C,matched
t160-quality-20261007T014124Z-fbbe8ec7-04-IMP-SCAN-r1,IMP-SCAN,1,assisted_corrected,74d666eb-fc46-5106-8ea2-ea5c967c6457,351b8cd0-04f8-4e9b-b4a6-c94058306977,analysis,source_provided,True,True,2 × 3 + 1 = 7。,2 × 3 + 1 = 7。,matched
t160-quality-20261007T014124Z-fbbe8ec7-04-IMP-SCAN-r1,IMP-SCAN,1,assisted_corrected,74d666eb-fc46-5106-8ea2-ea5c967c6457,351b8cd0-04f8-4e9b-b4a6-c94058306977,score,source_provided,True,True,2.00,2.00,matched
t160-quality-20261007T014124Z-fbbe8ec7-04-IMP-SCAN-r1,IMP-SCAN,1,assisted_corrected,74d666eb-fc46-5106-8ea2-ea5c967c6457,351b8cd0-04f8-4e9b-b4a6-c94058306977,scoring_rubric,known_missing,True,True,,,matched
t160-quality-20261007T014124Z-fbbe8ec7-04-IMP-SCAN-r1,IMP-SCAN,1,assisted_corrected,74d666eb-fc46-5106-8ea2-ea5c967c6457,351b8cd0-04f8-4e9b-b4a6-c94058306977,knowledge_points,known_missing,True,True,[],[],matched
t160-quality-20261007T014124Z-fbbe8ec7-04-IMP-SCAN-r1,IMP-SCAN,1,assisted_corrected,74d666eb-fc46-5106-8ea2-ea5c967c6457,351b8cd0-04f8-4e9b-b4a6-c94058306977,source_regions,unknown,False,,,,reference_unknown
t160-quality-20261007T014124Z-fbbe8ec7-04-IMP-SCAN-r1,IMP-SCAN,1,assisted_corrected,74d666eb-fc46-5106-8ea2-ea5c967c6457,351b8cd0-04f8-4e9b-b4a6-c94058306977,assets,source_provided,True,True,[],[],matched
t160-quality-20261007T014124Z-fbbe8ec7-04-IMP-SCAN-r1,IMP-SCAN,1,assisted_corrected,5f47ee64-edec-5327-9172-bb8454c7640d,42af5d3c-a1ef-484e-be58-f04e5a5ea3d7,question_number,source_provided,True,True,2,2,matched
t160-quality-20261007T014124Z-fbbe8ec7-04-IMP-SCAN-r1,IMP-SCAN,1,assisted_corrected,5f47ee64-edec-5327-9172-bb8454c7640d,42af5d3c-a1ef-484e-be58-f04e5a5ea3d7,order_index,source_provided,True,True,2,2,matched
t160-quality-20261007T014124Z-fbbe8ec7-04-IMP-SCAN-r1,IMP-SCAN,1,assisted_corrected,5f47ee64-edec-5327-9172-bb8454c7640d,42af5d3c-a1ef-484e-be58-f04e5a5ea3d7,source_page_numbers,source_provided,True,True,[1],[1],matched
t160-quality-20261007T014124Z-fbbe8ec7-04-IMP-SCAN-r1,IMP-SCAN,1,assisted_corrected,5f47ee64-edec-5327-9172-bb8454c7640d,42af5d3c-a1ef-484e-be58-f04e5a5ea3d7,question_type,source_provided,True,True,TRUE_FALSE,TRUE_FALSE,matched
t160-quality-20261007T014124Z-fbbe8ec7-04-IMP-SCAN-r1,IMP-SCAN,1,assisted_corrected,5f47ee64-edec-5327-9172-bb8454c7640d,42af5d3c-a1ef-484e-be58-f04e5a5ea3d7,content,source_provided,True,True,右图三角形面积为 24 cm²。,右图三角形面积为 24 cm²。,matched
t160-quality-20261007T014124Z-fbbe8ec7-04-IMP-SCAN-r1,IMP-SCAN,1,assisted_corrected,5f47ee64-edec-5327-9172-bb8454c7640d,42af5d3c-a1ef-484e-be58-f04e5a5ea3d7,options,source_provided,True,True,"[""正确"", ""错误""]","[""正确"", ""错误""]",matched
t160-quality-20261007T014124Z-fbbe8ec7-04-IMP-SCAN-r1,IMP-SCAN,1,assisted_corrected,5f47ee64-edec-5327-9172-bb8454c7640d,42af5d3c-a1ef-484e-be58-f04e5a5ea3d7,reference_answer,known_missing,True,True,,,matched
t160-quality-20261007T014124Z-fbbe8ec7-04-IMP-SCAN-r1,IMP-SCAN,1,assisted_corrected,5f47ee64-edec-5327-9172-bb8454c7640d,42af5d3c-a1ef-484e-be58-f04e5a5ea3d7,analysis,known_missing,True,True,,,matched
t160-quality-20261007T014124Z-fbbe8ec7-04-IMP-SCAN-r1,IMP-SCAN,1,assisted_corrected,5f47ee64-edec-5327-9172-bb8454c7640d,42af5d3c-a1ef-484e-be58-f04e5a5ea3d7,score,source_provided,True,True,2.00,2.00,matched
t160-quality-20261007T014124Z-fbbe8ec7-04-IMP-SCAN-r1,IMP-SCAN,1,assisted_corrected,5f47ee64-edec-5327-9172-bb8454c7640d,42af5d3c-a1ef-484e-be58-f04e5a5ea3d7,scoring_rubric,known_missing,True,True,,,matched
t160-quality-20261007T014124Z-fbbe8ec7-04-IMP-SCAN-r1,IMP-SCAN,1,assisted_corrected,5f47ee64-edec-5327-9172-bb8454c7640d,42af5d3c-a1ef-484e-be58-f04e5a5ea3d7,knowledge_points,known_missing,True,True,[],[],matched
t160-quality-20261007T014124Z-fbbe8ec7-04-IMP-SCAN-r1,IMP-SCAN,1,assisted_corrected,5f47ee64-edec-5327-9172-bb8454c7640d,42af5d3c-a1ef-484e-be58-f04e5a5ea3d7,source_regions,unknown,False,,,,reference_unknown
t160-quality-20261007T014124Z-fbbe8ec7-04-IMP-SCAN-r1,IMP-SCAN,1,assisted_corrected,5f47ee64-edec-5327-9172-bb8454c7640d,42af5d3c-a1ef-484e-be58-f04e5a5ea3d7,assets,source_provided,True,False,"[{""asset_type"": ""figure"", ""source_page_number"": 1, ""order_index"": 1}]",,matched
t160-quality-20261007T014124Z-fbbe8ec7-04-IMP-SCAN-r1,IMP-SCAN,1,assisted_corrected,d6acd365-a6d5-5eb8-9b54-66f26a915094,bd486b2d-78c0-4ba8-addb-bdae00843da6,question_number,source_provided,True,True,3,3,matched
t160-quality-20261007T014124Z-fbbe8ec7-04-IMP-SCAN-r1,IMP-SCAN,1,assisted_corrected,d6acd365-a6d5-5eb8-9b54-66f26a915094,bd486b2d-78c0-4ba8-addb-bdae00843da6,order_index,source_provided,True,True,3,3,matched
t160-quality-20261007T014124Z-fbbe8ec7-04-IMP-SCAN-r1,IMP-SCAN,1,assisted_corrected,d6acd365-a6d5-5eb8-9b54-66f26a915094,bd486b2d-78c0-4ba8-addb-bdae00843da6,source_page_numbers,source_provided,True,True,[1],[1],matched
t160-quality-20261007T014124Z-fbbe8ec7-04-IMP-SCAN-r1,IMP-SCAN,1,assisted_corrected,d6acd365-a6d5-5eb8-9b54-66f26a915094,bd486b2d-78c0-4ba8-addb-bdae00843da6,question_type,source_provided,True,True,SHORT_ANSWER,SHORT_ANSWER,matched
t160-quality-20261007T014124Z-fbbe8ec7-04-IMP-SCAN-r1,IMP-SCAN,1,assisted_corrected,d6acd365-a6d5-5eb8-9b54-66f26a915094,bd486b2d-78c0-4ba8-addb-bdae00843da6,content,source_provided,True,True,根据下表写出 y 关于 x 的关系式。,根据下表写出 y 关于 x 的关系式。,matched
t160-quality-20261007T014124Z-fbbe8ec7-04-IMP-SCAN-r1,IMP-SCAN,1,assisted_corrected,d6acd365-a6d5-5eb8-9b54-66f26a915094,bd486b2d-78c0-4ba8-addb-bdae00843da6,options,not_applicable,True,True,,,matched
t160-quality-20261007T014124Z-fbbe8ec7-04-IMP-SCAN-r1,IMP-SCAN,1,assisted_corrected,d6acd365-a6d5-5eb8-9b54-66f26a915094,bd486b2d-78c0-4ba8-addb-bdae00843da6,reference_answer,known_missing,True,True,,,matched
t160-quality-20261007T014124Z-fbbe8ec7-04-IMP-SCAN-r1,IMP-SCAN,1,assisted_corrected,d6acd365-a6d5-5eb8-9b54-66f26a915094,bd486b2d-78c0-4ba8-addb-bdae00843da6,analysis,known_missing,True,True,,,matched
t160-quality-20261007T014124Z-fbbe8ec7-04-IMP-SCAN-r1,IMP-SCAN,1,assisted_corrected,d6acd365-a6d5-5eb8-9b54-66f26a915094,bd486b2d-78c0-4ba8-addb-bdae00843da6,score,source_provided,True,True,3.00,3.00,matched
t160-quality-20261007T014124Z-fbbe8ec7-04-IMP-SCAN-r1,IMP-SCAN,1,assisted_corrected,d6acd365-a6d5-5eb8-9b54-66f26a915094,bd486b2d-78c0-4ba8-addb-bdae00843da6,scoring_rubric,source_provided,True,True,正确关系式 1.00；说明代入过程 2.00。,正确关系式 1.00；说明代入过程 2.00。,matched
t160-quality-20261007T014124Z-fbbe8ec7-04-IMP-SCAN-r1,IMP-SCAN,1,assisted_corrected,d6acd365-a6d5-5eb8-9b54-66f26a915094,bd486b2d-78c0-4ba8-addb-bdae00843da6,knowledge_points,source_provided,True,True,"[""一次函数"", ""表达与计算""]","[""一次函数"", ""表达与计算""]",matched
t160-quality-20261007T014124Z-fbbe8ec7-04-IMP-SCAN-r1,IMP-SCAN,1,assisted_corrected,d6acd365-a6d5-5eb8-9b54-66f26a915094,bd486b2d-78c0-4ba8-addb-bdae00843da6,source_regions,unknown,False,,,,reference_unknown
t160-quality-20261007T014124Z-fbbe8ec7-04-IMP-SCAN-r1,IMP-SCAN,1,assisted_corrected,d6acd365-a6d5-5eb8-9b54-66f26a915094,bd486b2d-78c0-4ba8-addb-bdae00843da6,assets,source_provided,True,False,"[{""asset_type"": ""table"", ""source_page_number"": 1, ""order_index"": 1}]",,matched
t160-quality-20261007T014124Z-fbbe8ec7-05-IMP-SCAN-r2,IMP-SCAN,2,automatic,74d666eb-fc46-5106-8ea2-ea5c967c6457,882a5f3c-e592-4898-8dcd-5e3af0f8746e,question_number,source_provided,True,True,1,1,matched
t160-quality-20261007T014124Z-fbbe8ec7-05-IMP-SCAN-r2,IMP-SCAN,2,automatic,74d666eb-fc46-5106-8ea2-ea5c967c6457,882a5f3c-e592-4898-8dcd-5e3af0f8746e,order_index,source_provided,True,True,1,1,matched
t160-quality-20261007T014124Z-fbbe8ec7-05-IMP-SCAN-r2,IMP-SCAN,2,automatic,74d666eb-fc46-5106-8ea2-ea5c967c6457,882a5f3c-e592-4898-8dcd-5e3af0f8746e,source_page_numbers,source_provided,True,True,[1],[1],matched
t160-quality-20261007T014124Z-fbbe8ec7-05-IMP-SCAN-r2,IMP-SCAN,2,automatic,74d666eb-fc46-5106-8ea2-ea5c967c6457,882a5f3c-e592-4898-8dcd-5e3af0f8746e,question_type,source_provided,True,True,SINGLE_CHOICE,SINGLE_CHOICE,matched
t160-quality-20261007T014124Z-fbbe8ec7-05-IMP-SCAN-r2,IMP-SCAN,2,automatic,74d666eb-fc46-5106-8ea2-ea5c967c6457,882a5f3c-e592-4898-8dcd-5e3af0f8746e,content,source_provided,True,True,y = 2x + 1，x = 3 时 y 为多少？,y = 2x + 1，x = 3 时 y 为多少？,matched
t160-quality-20261007T014124Z-fbbe8ec7-05-IMP-SCAN-r2,IMP-SCAN,2,automatic,74d666eb-fc46-5106-8ea2-ea5c967c6457,882a5f3c-e592-4898-8dcd-5e3af0f8746e,options,source_provided,True,True,"{""C"": ""7"", ""A"": ""5"", ""B"": ""6"", ""D"": ""8""}","{""C"": ""7"", ""A"": ""5"", ""B"": ""6"", ""D"": ""8""}",matched
t160-quality-20261007T014124Z-fbbe8ec7-05-IMP-SCAN-r2,IMP-SCAN,2,automatic,74d666eb-fc46-5106-8ea2-ea5c967c6457,882a5f3c-e592-4898-8dcd-5e3af0f8746e,reference_answer,source_provided,True,True,C,C,matched
t160-quality-20261007T014124Z-fbbe8ec7-05-IMP-SCAN-r2,IMP-SCAN,2,automatic,74d666eb-fc46-5106-8ea2-ea5c967c6457,882a5f3c-e592-4898-8dcd-5e3af0f8746e,analysis,source_provided,True,False,2 × 3 + 1 = 7。,2 × 3 +1=7。,matched
t160-quality-20261007T014124Z-fbbe8ec7-05-IMP-SCAN-r2,IMP-SCAN,2,automatic,74d666eb-fc46-5106-8ea2-ea5c967c6457,882a5f3c-e592-4898-8dcd-5e3af0f8746e,score,source_provided,True,True,2.00,2.00,matched
t160-quality-20261007T014124Z-fbbe8ec7-05-IMP-SCAN-r2,IMP-SCAN,2,automatic,74d666eb-fc46-5106-8ea2-ea5c967c6457,882a5f3c-e592-4898-8dcd-5e3af0f8746e,scoring_rubric,known_missing,True,True,,,matched
t160-quality-20261007T014124Z-fbbe8ec7-05-IMP-SCAN-r2,IMP-SCAN,2,automatic,74d666eb-fc46-5106-8ea2-ea5c967c6457,882a5f3c-e592-4898-8dcd-5e3af0f8746e,knowledge_points,known_missing,True,True,[],[],matched
t160-quality-20261007T014124Z-fbbe8ec7-05-IMP-SCAN-r2,IMP-SCAN,2,automatic,74d666eb-fc46-5106-8ea2-ea5c967c6457,882a5f3c-e592-4898-8dcd-5e3af0f8746e,source_regions,unknown,False,,,,reference_unknown
t160-quality-20261007T014124Z-fbbe8ec7-05-IMP-SCAN-r2,IMP-SCAN,2,automatic,74d666eb-fc46-5106-8ea2-ea5c967c6457,882a5f3c-e592-4898-8dcd-5e3af0f8746e,assets,source_provided,True,False,[],,matched
t160-quality-20261007T014124Z-fbbe8ec7-05-IMP-SCAN-r2,IMP-SCAN,2,automatic,5f47ee64-edec-5327-9172-bb8454c7640d,9511d80d-ca4b-4dc6-95c7-52df40741635,question_number,source_provided,True,True,2,2,matched
t160-quality-20261007T014124Z-fbbe8ec7-05-IMP-SCAN-r2,IMP-SCAN,2,automatic,5f47ee64-edec-5327-9172-bb8454c7640d,9511d80d-ca4b-4dc6-95c7-52df40741635,order_index,source_provided,True,True,2,2,matched
t160-quality-20261007T014124Z-fbbe8ec7-05-IMP-SCAN-r2,IMP-SCAN,2,automatic,5f47ee64-edec-5327-9172-bb8454c7640d,9511d80d-ca4b-4dc6-95c7-52df40741635,source_page_numbers,source_provided,True,True,[1],[1],matched
t160-quality-20261007T014124Z-fbbe8ec7-05-IMP-SCAN-r2,IMP-SCAN,2,automatic,5f47ee64-edec-5327-9172-bb8454c7640d,9511d80d-ca4b-4dc6-95c7-52df40741635,question_type,source_provided,True,True,TRUE_FALSE,TRUE_FALSE,matched
t160-quality-20261007T014124Z-fbbe8ec7-05-IMP-SCAN-r2,IMP-SCAN,2,automatic,5f47ee64-edec-5327-9172-bb8454c7640d,9511d80d-ca4b-4dc6-95c7-52df40741635,content,source_provided,True,False,右图三角形面积为 24 cm²。,右图三角形面积为 24cm²。,matched
t160-quality-20261007T014124Z-fbbe8ec7-05-IMP-SCAN-r2,IMP-SCAN,2,automatic,5f47ee64-edec-5327-9172-bb8454c7640d,9511d80d-ca4b-4dc6-95c7-52df40741635,options,source_provided,True,True,"[""正确"", ""错误""]","[""正确"", ""错误""]",matched
t160-quality-20261007T014124Z-fbbe8ec7-05-IMP-SCAN-r2,IMP-SCAN,2,automatic,5f47ee64-edec-5327-9172-bb8454c7640d,9511d80d-ca4b-4dc6-95c7-52df40741635,reference_answer,known_missing,True,True,,,matched
t160-quality-20261007T014124Z-fbbe8ec7-05-IMP-SCAN-r2,IMP-SCAN,2,automatic,5f47ee64-edec-5327-9172-bb8454c7640d,9511d80d-ca4b-4dc6-95c7-52df40741635,analysis,known_missing,True,True,,,matched
t160-quality-20261007T014124Z-fbbe8ec7-05-IMP-SCAN-r2,IMP-SCAN,2,automatic,5f47ee64-edec-5327-9172-bb8454c7640d,9511d80d-ca4b-4dc6-95c7-52df40741635,score,source_provided,True,True,2.00,2.00,matched
t160-quality-20261007T014124Z-fbbe8ec7-05-IMP-SCAN-r2,IMP-SCAN,2,automatic,5f47ee64-edec-5327-9172-bb8454c7640d,9511d80d-ca4b-4dc6-95c7-52df40741635,scoring_rubric,known_missing,True,True,,,matched
t160-quality-20261007T014124Z-fbbe8ec7-05-IMP-SCAN-r2,IMP-SCAN,2,automatic,5f47ee64-edec-5327-9172-bb8454c7640d,9511d80d-ca4b-4dc6-95c7-52df40741635,knowledge_points,known_missing,True,True,[],[],matched
t160-quality-20261007T014124Z-fbbe8ec7-05-IMP-SCAN-r2,IMP-SCAN,2,automatic,5f47ee64-edec-5327-9172-bb8454c7640d,9511d80d-ca4b-4dc6-95c7-52df40741635,source_regions,unknown,False,,,,reference_unknown
t160-quality-20261007T014124Z-fbbe8ec7-05-IMP-SCAN-r2,IMP-SCAN,2,automatic,5f47ee64-edec-5327-9172-bb8454c7640d,9511d80d-ca4b-4dc6-95c7-52df40741635,assets,source_provided,True,False,"[{""asset_type"": ""figure"", ""source_page_number"": 1, ""order_index"": 1}]",,matched
t160-quality-20261007T014124Z-fbbe8ec7-05-IMP-SCAN-r2,IMP-SCAN,2,automatic,d6acd365-a6d5-5eb8-9b54-66f26a915094,2d353677-9fa3-489f-bf27-102f42e8e702,question_number,source_provided,True,True,3,3,matched
t160-quality-20261007T014124Z-fbbe8ec7-05-IMP-SCAN-r2,IMP-SCAN,2,automatic,d6acd365-a6d5-5eb8-9b54-66f26a915094,2d353677-9fa3-489f-bf27-102f42e8e702,order_index,source_provided,True,True,3,3,matched
t160-quality-20261007T014124Z-fbbe8ec7-05-IMP-SCAN-r2,IMP-SCAN,2,automatic,d6acd365-a6d5-5eb8-9b54-66f26a915094,2d353677-9fa3-489f-bf27-102f42e8e702,source_page_numbers,source_provided,True,True,[1],[1],matched
t160-quality-20261007T014124Z-fbbe8ec7-05-IMP-SCAN-r2,IMP-SCAN,2,automatic,d6acd365-a6d5-5eb8-9b54-66f26a915094,2d353677-9fa3-489f-bf27-102f42e8e702,question_type,source_provided,True,True,SHORT_ANSWER,SHORT_ANSWER,matched
t160-quality-20261007T014124Z-fbbe8ec7-05-IMP-SCAN-r2,IMP-SCAN,2,automatic,d6acd365-a6d5-5eb8-9b54-66f26a915094,2d353677-9fa3-489f-bf27-102f42e8e702,content,source_provided,True,True,根据下表写出 y 关于 x 的关系式。,根据下表写出 y 关于 x 的关系式。,matched
t160-quality-20261007T014124Z-fbbe8ec7-05-IMP-SCAN-r2,IMP-SCAN,2,automatic,d6acd365-a6d5-5eb8-9b54-66f26a915094,2d353677-9fa3-489f-bf27-102f42e8e702,options,not_applicable,True,True,,,matched
t160-quality-20261007T014124Z-fbbe8ec7-05-IMP-SCAN-r2,IMP-SCAN,2,automatic,d6acd365-a6d5-5eb8-9b54-66f26a915094,2d353677-9fa3-489f-bf27-102f42e8e702,reference_answer,known_missing,True,True,,,matched
t160-quality-20261007T014124Z-fbbe8ec7-05-IMP-SCAN-r2,IMP-SCAN,2,automatic,d6acd365-a6d5-5eb8-9b54-66f26a915094,2d353677-9fa3-489f-bf27-102f42e8e702,analysis,known_missing,True,True,,,matched
t160-quality-20261007T014124Z-fbbe8ec7-05-IMP-SCAN-r2,IMP-SCAN,2,automatic,d6acd365-a6d5-5eb8-9b54-66f26a915094,2d353677-9fa3-489f-bf27-102f42e8e702,score,source_provided,True,True,3.00,3.00,matched
t160-quality-20261007T014124Z-fbbe8ec7-05-IMP-SCAN-r2,IMP-SCAN,2,automatic,d6acd365-a6d5-5eb8-9b54-66f26a915094,2d353677-9fa3-489f-bf27-102f42e8e702,scoring_rubric,source_provided,True,False,正确关系式 1.00；说明代入过程 2.00。,正确关系式1.00；说明代入过程2.00。,matched
t160-quality-20261007T014124Z-fbbe8ec7-05-IMP-SCAN-r2,IMP-SCAN,2,automatic,d6acd365-a6d5-5eb8-9b54-66f26a915094,2d353677-9fa3-489f-bf27-102f42e8e702,knowledge_points,source_provided,True,True,"[""一次函数"", ""表达与计算""]","[""一次函数"", ""表达与计算""]",matched
t160-quality-20261007T014124Z-fbbe8ec7-05-IMP-SCAN-r2,IMP-SCAN,2,automatic,d6acd365-a6d5-5eb8-9b54-66f26a915094,2d353677-9fa3-489f-bf27-102f42e8e702,source_regions,unknown,False,,,,reference_unknown
t160-quality-20261007T014124Z-fbbe8ec7-05-IMP-SCAN-r2,IMP-SCAN,2,automatic,d6acd365-a6d5-5eb8-9b54-66f26a915094,2d353677-9fa3-489f-bf27-102f42e8e702,assets,source_provided,True,False,"[{""asset_type"": ""table"", ""source_page_number"": 1, ""order_index"": 1}]",,matched
t160-quality-20261007T014124Z-fbbe8ec7-05-IMP-SCAN-r2,IMP-SCAN,2,assisted_corrected,74d666eb-fc46-5106-8ea2-ea5c967c6457,882a5f3c-e592-4898-8dcd-5e3af0f8746e,question_number,source_provided,True,True,1,1,matched
t160-quality-20261007T014124Z-fbbe8ec7-05-IMP-SCAN-r2,IMP-SCAN,2,assisted_corrected,74d666eb-fc46-5106-8ea2-ea5c967c6457,882a5f3c-e592-4898-8dcd-5e3af0f8746e,order_index,source_provided,True,True,1,1,matched
t160-quality-20261007T014124Z-fbbe8ec7-05-IMP-SCAN-r2,IMP-SCAN,2,assisted_corrected,74d666eb-fc46-5106-8ea2-ea5c967c6457,882a5f3c-e592-4898-8dcd-5e3af0f8746e,source_page_numbers,source_provided,True,True,[1],[1],matched
t160-quality-20261007T014124Z-fbbe8ec7-05-IMP-SCAN-r2,IMP-SCAN,2,assisted_corrected,74d666eb-fc46-5106-8ea2-ea5c967c6457,882a5f3c-e592-4898-8dcd-5e3af0f8746e,question_type,source_provided,True,True,SINGLE_CHOICE,SINGLE_CHOICE,matched
t160-quality-20261007T014124Z-fbbe8ec7-05-IMP-SCAN-r2,IMP-SCAN,2,assisted_corrected,74d666eb-fc46-5106-8ea2-ea5c967c6457,882a5f3c-e592-4898-8dcd-5e3af0f8746e,content,source_provided,True,True,y = 2x + 1，x = 3 时 y 为多少？,y = 2x + 1，x = 3 时 y 为多少？,matched
t160-quality-20261007T014124Z-fbbe8ec7-05-IMP-SCAN-r2,IMP-SCAN,2,assisted_corrected,74d666eb-fc46-5106-8ea2-ea5c967c6457,882a5f3c-e592-4898-8dcd-5e3af0f8746e,options,source_provided,True,True,"{""C"": ""7"", ""A"": ""5"", ""B"": ""6"", ""D"": ""8""}","{""C"": ""7"", ""A"": ""5"", ""B"": ""6"", ""D"": ""8""}",matched
t160-quality-20261007T014124Z-fbbe8ec7-05-IMP-SCAN-r2,IMP-SCAN,2,assisted_corrected,74d666eb-fc46-5106-8ea2-ea5c967c6457,882a5f3c-e592-4898-8dcd-5e3af0f8746e,reference_answer,source_provided,True,True,C,C,matched
t160-quality-20261007T014124Z-fbbe8ec7-05-IMP-SCAN-r2,IMP-SCAN,2,assisted_corrected,74d666eb-fc46-5106-8ea2-ea5c967c6457,882a5f3c-e592-4898-8dcd-5e3af0f8746e,analysis,source_provided,True,True,2 × 3 + 1 = 7。,2 × 3 + 1 = 7。,matched
t160-quality-20261007T014124Z-fbbe8ec7-05-IMP-SCAN-r2,IMP-SCAN,2,assisted_corrected,74d666eb-fc46-5106-8ea2-ea5c967c6457,882a5f3c-e592-4898-8dcd-5e3af0f8746e,score,source_provided,True,True,2.00,2.00,matched
t160-quality-20261007T014124Z-fbbe8ec7-05-IMP-SCAN-r2,IMP-SCAN,2,assisted_corrected,74d666eb-fc46-5106-8ea2-ea5c967c6457,882a5f3c-e592-4898-8dcd-5e3af0f8746e,scoring_rubric,known_missing,True,True,,,matched
t160-quality-20261007T014124Z-fbbe8ec7-05-IMP-SCAN-r2,IMP-SCAN,2,assisted_corrected,74d666eb-fc46-5106-8ea2-ea5c967c6457,882a5f3c-e592-4898-8dcd-5e3af0f8746e,knowledge_points,known_missing,True,True,[],[],matched
t160-quality-20261007T014124Z-fbbe8ec7-05-IMP-SCAN-r2,IMP-SCAN,2,assisted_corrected,74d666eb-fc46-5106-8ea2-ea5c967c6457,882a5f3c-e592-4898-8dcd-5e3af0f8746e,source_regions,unknown,False,,,,reference_unknown
t160-quality-20261007T014124Z-fbbe8ec7-05-IMP-SCAN-r2,IMP-SCAN,2,assisted_corrected,74d666eb-fc46-5106-8ea2-ea5c967c6457,882a5f3c-e592-4898-8dcd-5e3af0f8746e,assets,source_provided,True,True,[],[],matched
t160-quality-20261007T014124Z-fbbe8ec7-05-IMP-SCAN-r2,IMP-SCAN,2,assisted_corrected,5f47ee64-edec-5327-9172-bb8454c7640d,9511d80d-ca4b-4dc6-95c7-52df40741635,question_number,source_provided,True,True,2,2,matched
t160-quality-20261007T014124Z-fbbe8ec7-05-IMP-SCAN-r2,IMP-SCAN,2,assisted_corrected,5f47ee64-edec-5327-9172-bb8454c7640d,9511d80d-ca4b-4dc6-95c7-52df40741635,order_index,source_provided,True,True,2,2,matched
t160-quality-20261007T014124Z-fbbe8ec7-05-IMP-SCAN-r2,IMP-SCAN,2,assisted_corrected,5f47ee64-edec-5327-9172-bb8454c7640d,9511d80d-ca4b-4dc6-95c7-52df40741635,source_page_numbers,source_provided,True,True,[1],[1],matched
t160-quality-20261007T014124Z-fbbe8ec7-05-IMP-SCAN-r2,IMP-SCAN,2,assisted_corrected,5f47ee64-edec-5327-9172-bb8454c7640d,9511d80d-ca4b-4dc6-95c7-52df40741635,question_type,source_provided,True,True,TRUE_FALSE,TRUE_FALSE,matched
t160-quality-20261007T014124Z-fbbe8ec7-05-IMP-SCAN-r2,IMP-SCAN,2,assisted_corrected,5f47ee64-edec-5327-9172-bb8454c7640d,9511d80d-ca4b-4dc6-95c7-52df40741635,content,source_provided,True,True,右图三角形面积为 24 cm²。,右图三角形面积为 24 cm²。,matched
t160-quality-20261007T014124Z-fbbe8ec7-05-IMP-SCAN-r2,IMP-SCAN,2,assisted_corrected,5f47ee64-edec-5327-9172-bb8454c7640d,9511d80d-ca4b-4dc6-95c7-52df40741635,options,source_provided,True,True,"[""正确"", ""错误""]","[""正确"", ""错误""]",matched
t160-quality-20261007T014124Z-fbbe8ec7-05-IMP-SCAN-r2,IMP-SCAN,2,assisted_corrected,5f47ee64-edec-5327-9172-bb8454c7640d,9511d80d-ca4b-4dc6-95c7-52df40741635,reference_answer,known_missing,True,True,,,matched
t160-quality-20261007T014124Z-fbbe8ec7-05-IMP-SCAN-r2,IMP-SCAN,2,assisted_corrected,5f47ee64-edec-5327-9172-bb8454c7640d,9511d80d-ca4b-4dc6-95c7-52df40741635,analysis,known_missing,True,True,,,matched
t160-quality-20261007T014124Z-fbbe8ec7-05-IMP-SCAN-r2,IMP-SCAN,2,assisted_corrected,5f47ee64-edec-5327-9172-bb8454c7640d,9511d80d-ca4b-4dc6-95c7-52df40741635,score,source_provided,True,True,2.00,2.00,matched
t160-quality-20261007T014124Z-fbbe8ec7-05-IMP-SCAN-r2,IMP-SCAN,2,assisted_corrected,5f47ee64-edec-5327-9172-bb8454c7640d,9511d80d-ca4b-4dc6-95c7-52df40741635,scoring_rubric,known_missing,True,True,,,matched
t160-quality-20261007T014124Z-fbbe8ec7-05-IMP-SCAN-r2,IMP-SCAN,2,assisted_corrected,5f47ee64-edec-5327-9172-bb8454c7640d,9511d80d-ca4b-4dc6-95c7-52df40741635,knowledge_points,known_missing,True,True,[],[],matched
t160-quality-20261007T014124Z-fbbe8ec7-05-IMP-SCAN-r2,IMP-SCAN,2,assisted_corrected,5f47ee64-edec-5327-9172-bb8454c7640d,9511d80d-ca4b-4dc6-95c7-52df40741635,source_regions,unknown,False,,,,reference_unknown
t160-quality-20261007T014124Z-fbbe8ec7-05-IMP-SCAN-r2,IMP-SCAN,2,assisted_corrected,5f47ee64-edec-5327-9172-bb8454c7640d,9511d80d-ca4b-4dc6-95c7-52df40741635,assets,source_provided,True,False,"[{""asset_type"": ""figure"", ""source_page_number"": 1, ""order_index"": 1}]",,matched
t160-quality-20261007T014124Z-fbbe8ec7-05-IMP-SCAN-r2,IMP-SCAN,2,assisted_corrected,d6acd365-a6d5-5eb8-9b54-66f26a915094,2d353677-9fa3-489f-bf27-102f42e8e702,question_number,source_provided,True,True,3,3,matched
t160-quality-20261007T014124Z-fbbe8ec7-05-IMP-SCAN-r2,IMP-SCAN,2,assisted_corrected,d6acd365-a6d5-5eb8-9b54-66f26a915094,2d353677-9fa3-489f-bf27-102f42e8e702,order_index,source_provided,True,True,3,3,matched
t160-quality-20261007T014124Z-fbbe8ec7-05-IMP-SCAN-r2,IMP-SCAN,2,assisted_corrected,d6acd365-a6d5-5eb8-9b54-66f26a915094,2d353677-9fa3-489f-bf27-102f42e8e702,source_page_numbers,source_provided,True,True,[1],[1],matched
t160-quality-20261007T014124Z-fbbe8ec7-05-IMP-SCAN-r2,IMP-SCAN,2,assisted_corrected,d6acd365-a6d5-5eb8-9b54-66f26a915094,2d353677-9fa3-489f-bf27-102f42e8e702,question_type,source_provided,True,True,SHORT_ANSWER,SHORT_ANSWER,matched
t160-quality-20261007T014124Z-fbbe8ec7-05-IMP-SCAN-r2,IMP-SCAN,2,assisted_corrected,d6acd365-a6d5-5eb8-9b54-66f26a915094,2d353677-9fa3-489f-bf27-102f42e8e702,content,source_provided,True,True,根据下表写出 y 关于 x 的关系式。,根据下表写出 y 关于 x 的关系式。,matched
t160-quality-20261007T014124Z-fbbe8ec7-05-IMP-SCAN-r2,IMP-SCAN,2,assisted_corrected,d6acd365-a6d5-5eb8-9b54-66f26a915094,2d353677-9fa3-489f-bf27-102f42e8e702,options,not_applicable,True,True,,,matched
t160-quality-20261007T014124Z-fbbe8ec7-05-IMP-SCAN-r2,IMP-SCAN,2,assisted_corrected,d6acd365-a6d5-5eb8-9b54-66f26a915094,2d353677-9fa3-489f-bf27-102f42e8e702,reference_answer,known_missing,True,True,,,matched
t160-quality-20261007T014124Z-fbbe8ec7-05-IMP-SCAN-r2,IMP-SCAN,2,assisted_corrected,d6acd365-a6d5-5eb8-9b54-66f26a915094,2d353677-9fa3-489f-bf27-102f42e8e702,analysis,known_missing,True,True,,,matched
t160-quality-20261007T014124Z-fbbe8ec7-05-IMP-SCAN-r2,IMP-SCAN,2,assisted_corrected,d6acd365-a6d5-5eb8-9b54-66f26a915094,2d353677-9fa3-489f-bf27-102f42e8e702,score,source_provided,True,True,3.00,3.00,matched
t160-quality-20261007T014124Z-fbbe8ec7-05-IMP-SCAN-r2,IMP-SCAN,2,assisted_corrected,d6acd365-a6d5-5eb8-9b54-66f26a915094,2d353677-9fa3-489f-bf27-102f42e8e702,scoring_rubric,source_provided,True,True,正确关系式 1.00；说明代入过程 2.00。,正确关系式 1.00；说明代入过程 2.00。,matched
t160-quality-20261007T014124Z-fbbe8ec7-05-IMP-SCAN-r2,IMP-SCAN,2,assisted_corrected,d6acd365-a6d5-5eb8-9b54-66f26a915094,2d353677-9fa3-489f-bf27-102f42e8e702,knowledge_points,source_provided,True,True,"[""一次函数"", ""表达与计算""]","[""一次函数"", ""表达与计算""]",matched
t160-quality-20261007T014124Z-fbbe8ec7-05-IMP-SCAN-r2,IMP-SCAN,2,assisted_corrected,d6acd365-a6d5-5eb8-9b54-66f26a915094,2d353677-9fa3-489f-bf27-102f42e8e702,source_regions,unknown,False,,,,reference_unknown
t160-quality-20261007T014124Z-fbbe8ec7-05-IMP-SCAN-r2,IMP-SCAN,2,assisted_corrected,d6acd365-a6d5-5eb8-9b54-66f26a915094,2d353677-9fa3-489f-bf27-102f42e8e702,assets,source_provided,True,False,"[{""asset_type"": ""table"", ""source_page_number"": 1, ""order_index"": 1}]",,matched
t160-quality-20261007T014124Z-fbbe8ec7-06-IMP-SCAN-r3,IMP-SCAN,3,automatic,74d666eb-fc46-5106-8ea2-ea5c967c6457,6f8645a2-dd55-40b1-8ffb-234e9b76233d,question_number,source_provided,True,True,1,1,matched
t160-quality-20261007T014124Z-fbbe8ec7-06-IMP-SCAN-r3,IMP-SCAN,3,automatic,74d666eb-fc46-5106-8ea2-ea5c967c6457,6f8645a2-dd55-40b1-8ffb-234e9b76233d,order_index,source_provided,True,True,1,1,matched
t160-quality-20261007T014124Z-fbbe8ec7-06-IMP-SCAN-r3,IMP-SCAN,3,automatic,74d666eb-fc46-5106-8ea2-ea5c967c6457,6f8645a2-dd55-40b1-8ffb-234e9b76233d,source_page_numbers,source_provided,True,True,[1],[1],matched
t160-quality-20261007T014124Z-fbbe8ec7-06-IMP-SCAN-r3,IMP-SCAN,3,automatic,74d666eb-fc46-5106-8ea2-ea5c967c6457,6f8645a2-dd55-40b1-8ffb-234e9b76233d,question_type,source_provided,True,True,SINGLE_CHOICE,SINGLE_CHOICE,matched
t160-quality-20261007T014124Z-fbbe8ec7-06-IMP-SCAN-r3,IMP-SCAN,3,automatic,74d666eb-fc46-5106-8ea2-ea5c967c6457,6f8645a2-dd55-40b1-8ffb-234e9b76233d,content,source_provided,True,True,y = 2x + 1，x = 3 时 y 为多少？,y = 2x + 1，x = 3 时 y 为多少？,matched
t160-quality-20261007T014124Z-fbbe8ec7-06-IMP-SCAN-r3,IMP-SCAN,3,automatic,74d666eb-fc46-5106-8ea2-ea5c967c6457,6f8645a2-dd55-40b1-8ffb-234e9b76233d,options,source_provided,True,True,"{""C"": ""7"", ""A"": ""5"", ""B"": ""6"", ""D"": ""8""}","{""C"": ""7"", ""A"": ""5"", ""B"": ""6"", ""D"": ""8""}",matched
t160-quality-20261007T014124Z-fbbe8ec7-06-IMP-SCAN-r3,IMP-SCAN,3,automatic,74d666eb-fc46-5106-8ea2-ea5c967c6457,6f8645a2-dd55-40b1-8ffb-234e9b76233d,reference_answer,source_provided,True,True,C,C,matched
t160-quality-20261007T014124Z-fbbe8ec7-06-IMP-SCAN-r3,IMP-SCAN,3,automatic,74d666eb-fc46-5106-8ea2-ea5c967c6457,6f8645a2-dd55-40b1-8ffb-234e9b76233d,analysis,source_provided,True,False,2 × 3 + 1 = 7。,2 × 3 +1=7。,matched
t160-quality-20261007T014124Z-fbbe8ec7-06-IMP-SCAN-r3,IMP-SCAN,3,automatic,74d666eb-fc46-5106-8ea2-ea5c967c6457,6f8645a2-dd55-40b1-8ffb-234e9b76233d,score,source_provided,True,True,2.00,2.00,matched
t160-quality-20261007T014124Z-fbbe8ec7-06-IMP-SCAN-r3,IMP-SCAN,3,automatic,74d666eb-fc46-5106-8ea2-ea5c967c6457,6f8645a2-dd55-40b1-8ffb-234e9b76233d,scoring_rubric,known_missing,True,True,,,matched
t160-quality-20261007T014124Z-fbbe8ec7-06-IMP-SCAN-r3,IMP-SCAN,3,automatic,74d666eb-fc46-5106-8ea2-ea5c967c6457,6f8645a2-dd55-40b1-8ffb-234e9b76233d,knowledge_points,known_missing,True,True,[],[],matched
t160-quality-20261007T014124Z-fbbe8ec7-06-IMP-SCAN-r3,IMP-SCAN,3,automatic,74d666eb-fc46-5106-8ea2-ea5c967c6457,6f8645a2-dd55-40b1-8ffb-234e9b76233d,source_regions,unknown,False,,,,reference_unknown
t160-quality-20261007T014124Z-fbbe8ec7-06-IMP-SCAN-r3,IMP-SCAN,3,automatic,74d666eb-fc46-5106-8ea2-ea5c967c6457,6f8645a2-dd55-40b1-8ffb-234e9b76233d,assets,source_provided,True,False,[],,matched
t160-quality-20261007T014124Z-fbbe8ec7-06-IMP-SCAN-r3,IMP-SCAN,3,automatic,5f47ee64-edec-5327-9172-bb8454c7640d,53b1a3b6-6a39-4d81-9b1d-68ff58e89d6d,question_number,source_provided,True,True,2,2,matched
t160-quality-20261007T014124Z-fbbe8ec7-06-IMP-SCAN-r3,IMP-SCAN,3,automatic,5f47ee64-edec-5327-9172-bb8454c7640d,53b1a3b6-6a39-4d81-9b1d-68ff58e89d6d,order_index,source_provided,True,True,2,2,matched
t160-quality-20261007T014124Z-fbbe8ec7-06-IMP-SCAN-r3,IMP-SCAN,3,automatic,5f47ee64-edec-5327-9172-bb8454c7640d,53b1a3b6-6a39-4d81-9b1d-68ff58e89d6d,source_page_numbers,source_provided,True,True,[1],[1],matched
t160-quality-20261007T014124Z-fbbe8ec7-06-IMP-SCAN-r3,IMP-SCAN,3,automatic,5f47ee64-edec-5327-9172-bb8454c7640d,53b1a3b6-6a39-4d81-9b1d-68ff58e89d6d,question_type,source_provided,True,True,TRUE_FALSE,TRUE_FALSE,matched
t160-quality-20261007T014124Z-fbbe8ec7-06-IMP-SCAN-r3,IMP-SCAN,3,automatic,5f47ee64-edec-5327-9172-bb8454c7640d,53b1a3b6-6a39-4d81-9b1d-68ff58e89d6d,content,source_provided,True,False,右图三角形面积为 24 cm²。,右图三角形面积为 24cm²。,matched
t160-quality-20261007T014124Z-fbbe8ec7-06-IMP-SCAN-r3,IMP-SCAN,3,automatic,5f47ee64-edec-5327-9172-bb8454c7640d,53b1a3b6-6a39-4d81-9b1d-68ff58e89d6d,options,source_provided,True,True,"[""正确"", ""错误""]","[""正确"", ""错误""]",matched
t160-quality-20261007T014124Z-fbbe8ec7-06-IMP-SCAN-r3,IMP-SCAN,3,automatic,5f47ee64-edec-5327-9172-bb8454c7640d,53b1a3b6-6a39-4d81-9b1d-68ff58e89d6d,reference_answer,known_missing,True,True,,,matched
t160-quality-20261007T014124Z-fbbe8ec7-06-IMP-SCAN-r3,IMP-SCAN,3,automatic,5f47ee64-edec-5327-9172-bb8454c7640d,53b1a3b6-6a39-4d81-9b1d-68ff58e89d6d,analysis,known_missing,True,True,,,matched
t160-quality-20261007T014124Z-fbbe8ec7-06-IMP-SCAN-r3,IMP-SCAN,3,automatic,5f47ee64-edec-5327-9172-bb8454c7640d,53b1a3b6-6a39-4d81-9b1d-68ff58e89d6d,score,source_provided,True,True,2.00,2.00,matched
t160-quality-20261007T014124Z-fbbe8ec7-06-IMP-SCAN-r3,IMP-SCAN,3,automatic,5f47ee64-edec-5327-9172-bb8454c7640d,53b1a3b6-6a39-4d81-9b1d-68ff58e89d6d,scoring_rubric,known_missing,True,True,,,matched
t160-quality-20261007T014124Z-fbbe8ec7-06-IMP-SCAN-r3,IMP-SCAN,3,automatic,5f47ee64-edec-5327-9172-bb8454c7640d,53b1a3b6-6a39-4d81-9b1d-68ff58e89d6d,knowledge_points,known_missing,True,True,[],[],matched
t160-quality-20261007T014124Z-fbbe8ec7-06-IMP-SCAN-r3,IMP-SCAN,3,automatic,5f47ee64-edec-5327-9172-bb8454c7640d,53b1a3b6-6a39-4d81-9b1d-68ff58e89d6d,source_regions,unknown,False,,,,reference_unknown
t160-quality-20261007T014124Z-fbbe8ec7-06-IMP-SCAN-r3,IMP-SCAN,3,automatic,5f47ee64-edec-5327-9172-bb8454c7640d,53b1a3b6-6a39-4d81-9b1d-68ff58e89d6d,assets,source_provided,True,False,"[{""asset_type"": ""figure"", ""source_page_number"": 1, ""order_index"": 1}]",,matched
t160-quality-20261007T014124Z-fbbe8ec7-06-IMP-SCAN-r3,IMP-SCAN,3,automatic,d6acd365-a6d5-5eb8-9b54-66f26a915094,518be708-406a-41c9-89df-2d324699283c,question_number,source_provided,True,True,3,3,matched
t160-quality-20261007T014124Z-fbbe8ec7-06-IMP-SCAN-r3,IMP-SCAN,3,automatic,d6acd365-a6d5-5eb8-9b54-66f26a915094,518be708-406a-41c9-89df-2d324699283c,order_index,source_provided,True,True,3,3,matched
t160-quality-20261007T014124Z-fbbe8ec7-06-IMP-SCAN-r3,IMP-SCAN,3,automatic,d6acd365-a6d5-5eb8-9b54-66f26a915094,518be708-406a-41c9-89df-2d324699283c,source_page_numbers,source_provided,True,True,[1],[1],matched
t160-quality-20261007T014124Z-fbbe8ec7-06-IMP-SCAN-r3,IMP-SCAN,3,automatic,d6acd365-a6d5-5eb8-9b54-66f26a915094,518be708-406a-41c9-89df-2d324699283c,question_type,source_provided,True,True,SHORT_ANSWER,SHORT_ANSWER,matched
t160-quality-20261007T014124Z-fbbe8ec7-06-IMP-SCAN-r3,IMP-SCAN,3,automatic,d6acd365-a6d5-5eb8-9b54-66f26a915094,518be708-406a-41c9-89df-2d324699283c,content,source_provided,True,True,根据下表写出 y 关于 x 的关系式。,根据下表写出 y 关于 x 的关系式。,matched
t160-quality-20261007T014124Z-fbbe8ec7-06-IMP-SCAN-r3,IMP-SCAN,3,automatic,d6acd365-a6d5-5eb8-9b54-66f26a915094,518be708-406a-41c9-89df-2d324699283c,options,not_applicable,True,True,,,matched
t160-quality-20261007T014124Z-fbbe8ec7-06-IMP-SCAN-r3,IMP-SCAN,3,automatic,d6acd365-a6d5-5eb8-9b54-66f26a915094,518be708-406a-41c9-89df-2d324699283c,reference_answer,known_missing,True,True,,,matched
t160-quality-20261007T014124Z-fbbe8ec7-06-IMP-SCAN-r3,IMP-SCAN,3,automatic,d6acd365-a6d5-5eb8-9b54-66f26a915094,518be708-406a-41c9-89df-2d324699283c,analysis,known_missing,True,True,,,matched
t160-quality-20261007T014124Z-fbbe8ec7-06-IMP-SCAN-r3,IMP-SCAN,3,automatic,d6acd365-a6d5-5eb8-9b54-66f26a915094,518be708-406a-41c9-89df-2d324699283c,score,source_provided,True,True,3.00,3.00,matched
t160-quality-20261007T014124Z-fbbe8ec7-06-IMP-SCAN-r3,IMP-SCAN,3,automatic,d6acd365-a6d5-5eb8-9b54-66f26a915094,518be708-406a-41c9-89df-2d324699283c,scoring_rubric,source_provided,True,False,正确关系式 1.00；说明代入过程 2.00。,正确关系式1.00；说明代入过程2.00。,matched
t160-quality-20261007T014124Z-fbbe8ec7-06-IMP-SCAN-r3,IMP-SCAN,3,automatic,d6acd365-a6d5-5eb8-9b54-66f26a915094,518be708-406a-41c9-89df-2d324699283c,knowledge_points,source_provided,True,True,"[""一次函数"", ""表达与计算""]","[""一次函数"", ""表达与计算""]",matched
t160-quality-20261007T014124Z-fbbe8ec7-06-IMP-SCAN-r3,IMP-SCAN,3,automatic,d6acd365-a6d5-5eb8-9b54-66f26a915094,518be708-406a-41c9-89df-2d324699283c,source_regions,unknown,False,,,,reference_unknown
t160-quality-20261007T014124Z-fbbe8ec7-06-IMP-SCAN-r3,IMP-SCAN,3,automatic,d6acd365-a6d5-5eb8-9b54-66f26a915094,518be708-406a-41c9-89df-2d324699283c,assets,source_provided,True,False,"[{""asset_type"": ""table"", ""source_page_number"": 1, ""order_index"": 1}]",,matched
t160-quality-20261007T014124Z-fbbe8ec7-06-IMP-SCAN-r3,IMP-SCAN,3,assisted_corrected,74d666eb-fc46-5106-8ea2-ea5c967c6457,6f8645a2-dd55-40b1-8ffb-234e9b76233d,question_number,source_provided,True,True,1,1,matched
t160-quality-20261007T014124Z-fbbe8ec7-06-IMP-SCAN-r3,IMP-SCAN,3,assisted_corrected,74d666eb-fc46-5106-8ea2-ea5c967c6457,6f8645a2-dd55-40b1-8ffb-234e9b76233d,order_index,source_provided,True,True,1,1,matched
t160-quality-20261007T014124Z-fbbe8ec7-06-IMP-SCAN-r3,IMP-SCAN,3,assisted_corrected,74d666eb-fc46-5106-8ea2-ea5c967c6457,6f8645a2-dd55-40b1-8ffb-234e9b76233d,source_page_numbers,source_provided,True,True,[1],[1],matched
t160-quality-20261007T014124Z-fbbe8ec7-06-IMP-SCAN-r3,IMP-SCAN,3,assisted_corrected,74d666eb-fc46-5106-8ea2-ea5c967c6457,6f8645a2-dd55-40b1-8ffb-234e9b76233d,question_type,source_provided,True,True,SINGLE_CHOICE,SINGLE_CHOICE,matched
t160-quality-20261007T014124Z-fbbe8ec7-06-IMP-SCAN-r3,IMP-SCAN,3,assisted_corrected,74d666eb-fc46-5106-8ea2-ea5c967c6457,6f8645a2-dd55-40b1-8ffb-234e9b76233d,content,source_provided,True,True,y = 2x + 1，x = 3 时 y 为多少？,y = 2x + 1，x = 3 时 y 为多少？,matched
t160-quality-20261007T014124Z-fbbe8ec7-06-IMP-SCAN-r3,IMP-SCAN,3,assisted_corrected,74d666eb-fc46-5106-8ea2-ea5c967c6457,6f8645a2-dd55-40b1-8ffb-234e9b76233d,options,source_provided,True,True,"{""C"": ""7"", ""A"": ""5"", ""B"": ""6"", ""D"": ""8""}","{""C"": ""7"", ""A"": ""5"", ""B"": ""6"", ""D"": ""8""}",matched
t160-quality-20261007T014124Z-fbbe8ec7-06-IMP-SCAN-r3,IMP-SCAN,3,assisted_corrected,74d666eb-fc46-5106-8ea2-ea5c967c6457,6f8645a2-dd55-40b1-8ffb-234e9b76233d,reference_answer,source_provided,True,True,C,C,matched
t160-quality-20261007T014124Z-fbbe8ec7-06-IMP-SCAN-r3,IMP-SCAN,3,assisted_corrected,74d666eb-fc46-5106-8ea2-ea5c967c6457,6f8645a2-dd55-40b1-8ffb-234e9b76233d,analysis,source_provided,True,True,2 × 3 + 1 = 7。,2 × 3 + 1 = 7。,matched
t160-quality-20261007T014124Z-fbbe8ec7-06-IMP-SCAN-r3,IMP-SCAN,3,assisted_corrected,74d666eb-fc46-5106-8ea2-ea5c967c6457,6f8645a2-dd55-40b1-8ffb-234e9b76233d,score,source_provided,True,True,2.00,2.00,matched
t160-quality-20261007T014124Z-fbbe8ec7-06-IMP-SCAN-r3,IMP-SCAN,3,assisted_corrected,74d666eb-fc46-5106-8ea2-ea5c967c6457,6f8645a2-dd55-40b1-8ffb-234e9b76233d,scoring_rubric,known_missing,True,True,,,matched
t160-quality-20261007T014124Z-fbbe8ec7-06-IMP-SCAN-r3,IMP-SCAN,3,assisted_corrected,74d666eb-fc46-5106-8ea2-ea5c967c6457,6f8645a2-dd55-40b1-8ffb-234e9b76233d,knowledge_points,known_missing,True,True,[],[],matched
t160-quality-20261007T014124Z-fbbe8ec7-06-IMP-SCAN-r3,IMP-SCAN,3,assisted_corrected,74d666eb-fc46-5106-8ea2-ea5c967c6457,6f8645a2-dd55-40b1-8ffb-234e9b76233d,source_regions,unknown,False,,,,reference_unknown
t160-quality-20261007T014124Z-fbbe8ec7-06-IMP-SCAN-r3,IMP-SCAN,3,assisted_corrected,74d666eb-fc46-5106-8ea2-ea5c967c6457,6f8645a2-dd55-40b1-8ffb-234e9b76233d,assets,source_provided,True,True,[],[],matched
t160-quality-20261007T014124Z-fbbe8ec7-06-IMP-SCAN-r3,IMP-SCAN,3,assisted_corrected,5f47ee64-edec-5327-9172-bb8454c7640d,53b1a3b6-6a39-4d81-9b1d-68ff58e89d6d,question_number,source_provided,True,True,2,2,matched
t160-quality-20261007T014124Z-fbbe8ec7-06-IMP-SCAN-r3,IMP-SCAN,3,assisted_corrected,5f47ee64-edec-5327-9172-bb8454c7640d,53b1a3b6-6a39-4d81-9b1d-68ff58e89d6d,order_index,source_provided,True,True,2,2,matched
t160-quality-20261007T014124Z-fbbe8ec7-06-IMP-SCAN-r3,IMP-SCAN,3,assisted_corrected,5f47ee64-edec-5327-9172-bb8454c7640d,53b1a3b6-6a39-4d81-9b1d-68ff58e89d6d,source_page_numbers,source_provided,True,True,[1],[1],matched
t160-quality-20261007T014124Z-fbbe8ec7-06-IMP-SCAN-r3,IMP-SCAN,3,assisted_corrected,5f47ee64-edec-5327-9172-bb8454c7640d,53b1a3b6-6a39-4d81-9b1d-68ff58e89d6d,question_type,source_provided,True,True,TRUE_FALSE,TRUE_FALSE,matched
t160-quality-20261007T014124Z-fbbe8ec7-06-IMP-SCAN-r3,IMP-SCAN,3,assisted_corrected,5f47ee64-edec-5327-9172-bb8454c7640d,53b1a3b6-6a39-4d81-9b1d-68ff58e89d6d,content,source_provided,True,True,右图三角形面积为 24 cm²。,右图三角形面积为 24 cm²。,matched
t160-quality-20261007T014124Z-fbbe8ec7-06-IMP-SCAN-r3,IMP-SCAN,3,assisted_corrected,5f47ee64-edec-5327-9172-bb8454c7640d,53b1a3b6-6a39-4d81-9b1d-68ff58e89d6d,options,source_provided,True,True,"[""正确"", ""错误""]","[""正确"", ""错误""]",matched
t160-quality-20261007T014124Z-fbbe8ec7-06-IMP-SCAN-r3,IMP-SCAN,3,assisted_corrected,5f47ee64-edec-5327-9172-bb8454c7640d,53b1a3b6-6a39-4d81-9b1d-68ff58e89d6d,reference_answer,known_missing,True,True,,,matched
t160-quality-20261007T014124Z-fbbe8ec7-06-IMP-SCAN-r3,IMP-SCAN,3,assisted_corrected,5f47ee64-edec-5327-9172-bb8454c7640d,53b1a3b6-6a39-4d81-9b1d-68ff58e89d6d,analysis,known_missing,True,True,,,matched
t160-quality-20261007T014124Z-fbbe8ec7-06-IMP-SCAN-r3,IMP-SCAN,3,assisted_corrected,5f47ee64-edec-5327-9172-bb8454c7640d,53b1a3b6-6a39-4d81-9b1d-68ff58e89d6d,score,source_provided,True,True,2.00,2.00,matched
t160-quality-20261007T014124Z-fbbe8ec7-06-IMP-SCAN-r3,IMP-SCAN,3,assisted_corrected,5f47ee64-edec-5327-9172-bb8454c7640d,53b1a3b6-6a39-4d81-9b1d-68ff58e89d6d,scoring_rubric,known_missing,True,True,,,matched
t160-quality-20261007T014124Z-fbbe8ec7-06-IMP-SCAN-r3,IMP-SCAN,3,assisted_corrected,5f47ee64-edec-5327-9172-bb8454c7640d,53b1a3b6-6a39-4d81-9b1d-68ff58e89d6d,knowledge_points,known_missing,True,True,[],[],matched
t160-quality-20261007T014124Z-fbbe8ec7-06-IMP-SCAN-r3,IMP-SCAN,3,assisted_corrected,5f47ee64-edec-5327-9172-bb8454c7640d,53b1a3b6-6a39-4d81-9b1d-68ff58e89d6d,source_regions,unknown,False,,,,reference_unknown
t160-quality-20261007T014124Z-fbbe8ec7-06-IMP-SCAN-r3,IMP-SCAN,3,assisted_corrected,5f47ee64-edec-5327-9172-bb8454c7640d,53b1a3b6-6a39-4d81-9b1d-68ff58e89d6d,assets,source_provided,True,False,"[{""asset_type"": ""figure"", ""source_page_number"": 1, ""order_index"": 1}]",,matched
t160-quality-20261007T014124Z-fbbe8ec7-06-IMP-SCAN-r3,IMP-SCAN,3,assisted_corrected,d6acd365-a6d5-5eb8-9b54-66f26a915094,518be708-406a-41c9-89df-2d324699283c,question_number,source_provided,True,True,3,3,matched
t160-quality-20261007T014124Z-fbbe8ec7-06-IMP-SCAN-r3,IMP-SCAN,3,assisted_corrected,d6acd365-a6d5-5eb8-9b54-66f26a915094,518be708-406a-41c9-89df-2d324699283c,order_index,source_provided,True,True,3,3,matched
t160-quality-20261007T014124Z-fbbe8ec7-06-IMP-SCAN-r3,IMP-SCAN,3,assisted_corrected,d6acd365-a6d5-5eb8-9b54-66f26a915094,518be708-406a-41c9-89df-2d324699283c,source_page_numbers,source_provided,True,True,[1],[1],matched
t160-quality-20261007T014124Z-fbbe8ec7-06-IMP-SCAN-r3,IMP-SCAN,3,assisted_corrected,d6acd365-a6d5-5eb8-9b54-66f26a915094,518be708-406a-41c9-89df-2d324699283c,question_type,source_provided,True,True,SHORT_ANSWER,SHORT_ANSWER,matched
t160-quality-20261007T014124Z-fbbe8ec7-06-IMP-SCAN-r3,IMP-SCAN,3,assisted_corrected,d6acd365-a6d5-5eb8-9b54-66f26a915094,518be708-406a-41c9-89df-2d324699283c,content,source_provided,True,True,根据下表写出 y 关于 x 的关系式。,根据下表写出 y 关于 x 的关系式。,matched
t160-quality-20261007T014124Z-fbbe8ec7-06-IMP-SCAN-r3,IMP-SCAN,3,assisted_corrected,d6acd365-a6d5-5eb8-9b54-66f26a915094,518be708-406a-41c9-89df-2d324699283c,options,not_applicable,True,True,,,matched
t160-quality-20261007T014124Z-fbbe8ec7-06-IMP-SCAN-r3,IMP-SCAN,3,assisted_corrected,d6acd365-a6d5-5eb8-9b54-66f26a915094,518be708-406a-41c9-89df-2d324699283c,reference_answer,known_missing,True,True,,,matched
t160-quality-20261007T014124Z-fbbe8ec7-06-IMP-SCAN-r3,IMP-SCAN,3,assisted_corrected,d6acd365-a6d5-5eb8-9b54-66f26a915094,518be708-406a-41c9-89df-2d324699283c,analysis,known_missing,True,True,,,matched
t160-quality-20261007T014124Z-fbbe8ec7-06-IMP-SCAN-r3,IMP-SCAN,3,assisted_corrected,d6acd365-a6d5-5eb8-9b54-66f26a915094,518be708-406a-41c9-89df-2d324699283c,score,source_provided,True,True,3.00,3.00,matched
t160-quality-20261007T014124Z-fbbe8ec7-06-IMP-SCAN-r3,IMP-SCAN,3,assisted_corrected,d6acd365-a6d5-5eb8-9b54-66f26a915094,518be708-406a-41c9-89df-2d324699283c,scoring_rubric,source_provided,True,True,正确关系式 1.00；说明代入过程 2.00。,正确关系式 1.00；说明代入过程 2.00。,matched
t160-quality-20261007T014124Z-fbbe8ec7-06-IMP-SCAN-r3,IMP-SCAN,3,assisted_corrected,d6acd365-a6d5-5eb8-9b54-66f26a915094,518be708-406a-41c9-89df-2d324699283c,knowledge_points,source_provided,True,True,"[""一次函数"", ""表达与计算""]","[""一次函数"", ""表达与计算""]",matched
t160-quality-20261007T014124Z-fbbe8ec7-06-IMP-SCAN-r3,IMP-SCAN,3,assisted_corrected,d6acd365-a6d5-5eb8-9b54-66f26a915094,518be708-406a-41c9-89df-2d324699283c,source_regions,unknown,False,,,,reference_unknown
t160-quality-20261007T014124Z-fbbe8ec7-06-IMP-SCAN-r3,IMP-SCAN,3,assisted_corrected,d6acd365-a6d5-5eb8-9b54-66f26a915094,518be708-406a-41c9-89df-2d324699283c,assets,source_provided,True,False,"[{""asset_type"": ""table"", ""source_page_number"": 1, ""order_index"": 1}]",,matched
t160-quality-20261007T014124Z-fbbe8ec7-07-IMP-IMAGE-r1,IMP-IMAGE,1,automatic,c4d750a5-4dc4-5a35-83e2-dee4ca44aca1,104362a8-a0ac-4657-a806-a68b8288025f,question_number,source_provided,True,True,1,1,matched
t160-quality-20261007T014124Z-fbbe8ec7-07-IMP-IMAGE-r1,IMP-IMAGE,1,automatic,c4d750a5-4dc4-5a35-83e2-dee4ca44aca1,104362a8-a0ac-4657-a806-a68b8288025f,order_index,source_provided,True,True,1,1,matched
t160-quality-20261007T014124Z-fbbe8ec7-07-IMP-IMAGE-r1,IMP-IMAGE,1,automatic,c4d750a5-4dc4-5a35-83e2-dee4ca44aca1,104362a8-a0ac-4657-a806-a68b8288025f,source_page_numbers,source_provided,True,True,[1],[1],matched
t160-quality-20261007T014124Z-fbbe8ec7-07-IMP-IMAGE-r1,IMP-IMAGE,1,automatic,c4d750a5-4dc4-5a35-83e2-dee4ca44aca1,104362a8-a0ac-4657-a806-a68b8288025f,question_type,source_provided,True,True,SINGLE_CHOICE,SINGLE_CHOICE,matched
t160-quality-20261007T014124Z-fbbe8ec7-07-IMP-IMAGE-r1,IMP-IMAGE,1,automatic,c4d750a5-4dc4-5a35-83e2-dee4ca44aca1,104362a8-a0ac-4657-a806-a68b8288025f,content,source_provided,True,True,y = 2x + 1，x = 3 时 y 为多少？,y = 2x + 1，x = 3 时 y 为多少？,matched
t160-quality-20261007T014124Z-fbbe8ec7-07-IMP-IMAGE-r1,IMP-IMAGE,1,automatic,c4d750a5-4dc4-5a35-83e2-dee4ca44aca1,104362a8-a0ac-4657-a806-a68b8288025f,options,source_provided,True,True,"{""C"": ""7"", ""A"": ""5"", ""B"": ""6"", ""D"": ""8""}","{""C"": ""7"", ""A"": ""5"", ""B"": ""6"", ""D"": ""8""}",matched
t160-quality-20261007T014124Z-fbbe8ec7-07-IMP-IMAGE-r1,IMP-IMAGE,1,automatic,c4d750a5-4dc4-5a35-83e2-dee4ca44aca1,104362a8-a0ac-4657-a806-a68b8288025f,reference_answer,source_provided,True,True,C,C,matched
t160-quality-20261007T014124Z-fbbe8ec7-07-IMP-IMAGE-r1,IMP-IMAGE,1,automatic,c4d750a5-4dc4-5a35-83e2-dee4ca44aca1,104362a8-a0ac-4657-a806-a68b8288025f,analysis,source_provided,True,False,2 × 3 + 1 = 7。,2 × 3 +1=7。,matched
t160-quality-20261007T014124Z-fbbe8ec7-07-IMP-IMAGE-r1,IMP-IMAGE,1,automatic,c4d750a5-4dc4-5a35-83e2-dee4ca44aca1,104362a8-a0ac-4657-a806-a68b8288025f,score,source_provided,True,True,2.00,2.00,matched
t160-quality-20261007T014124Z-fbbe8ec7-07-IMP-IMAGE-r1,IMP-IMAGE,1,automatic,c4d750a5-4dc4-5a35-83e2-dee4ca44aca1,104362a8-a0ac-4657-a806-a68b8288025f,scoring_rubric,known_missing,True,True,,,matched
t160-quality-20261007T014124Z-fbbe8ec7-07-IMP-IMAGE-r1,IMP-IMAGE,1,automatic,c4d750a5-4dc4-5a35-83e2-dee4ca44aca1,104362a8-a0ac-4657-a806-a68b8288025f,knowledge_points,known_missing,True,True,[],[],matched
t160-quality-20261007T014124Z-fbbe8ec7-07-IMP-IMAGE-r1,IMP-IMAGE,1,automatic,c4d750a5-4dc4-5a35-83e2-dee4ca44aca1,104362a8-a0ac-4657-a806-a68b8288025f,source_regions,unknown,False,,,,reference_unknown
t160-quality-20261007T014124Z-fbbe8ec7-07-IMP-IMAGE-r1,IMP-IMAGE,1,automatic,c4d750a5-4dc4-5a35-83e2-dee4ca44aca1,104362a8-a0ac-4657-a806-a68b8288025f,assets,source_provided,True,False,[],,matched
t160-quality-20261007T014124Z-fbbe8ec7-07-IMP-IMAGE-r1,IMP-IMAGE,1,automatic,e418791a-1462-52b7-98fe-396ce71b8d48,b6b9a998-de7c-4244-852b-b53f23ab38e7,question_number,source_provided,True,True,2,2,matched
t160-quality-20261007T014124Z-fbbe8ec7-07-IMP-IMAGE-r1,IMP-IMAGE,1,automatic,e418791a-1462-52b7-98fe-396ce71b8d48,b6b9a998-de7c-4244-852b-b53f23ab38e7,order_index,source_provided,True,True,2,2,matched
t160-quality-20261007T014124Z-fbbe8ec7-07-IMP-IMAGE-r1,IMP-IMAGE,1,automatic,e418791a-1462-52b7-98fe-396ce71b8d48,b6b9a998-de7c-4244-852b-b53f23ab38e7,source_page_numbers,source_provided,True,True,[1],[1],matched
t160-quality-20261007T014124Z-fbbe8ec7-07-IMP-IMAGE-r1,IMP-IMAGE,1,automatic,e418791a-1462-52b7-98fe-396ce71b8d48,b6b9a998-de7c-4244-852b-b53f23ab38e7,question_type,source_provided,True,True,TRUE_FALSE,TRUE_FALSE,matched
t160-quality-20261007T014124Z-fbbe8ec7-07-IMP-IMAGE-r1,IMP-IMAGE,1,automatic,e418791a-1462-52b7-98fe-396ce71b8d48,b6b9a998-de7c-4244-852b-b53f23ab38e7,content,source_provided,True,False,右图三角形面积为 24 cm²。,右图三角形面积为 24cm²。,matched
t160-quality-20261007T014124Z-fbbe8ec7-07-IMP-IMAGE-r1,IMP-IMAGE,1,automatic,e418791a-1462-52b7-98fe-396ce71b8d48,b6b9a998-de7c-4244-852b-b53f23ab38e7,options,source_provided,True,True,"[""正确"", ""错误""]","[""正确"", ""错误""]",matched
t160-quality-20261007T014124Z-fbbe8ec7-07-IMP-IMAGE-r1,IMP-IMAGE,1,automatic,e418791a-1462-52b7-98fe-396ce71b8d48,b6b9a998-de7c-4244-852b-b53f23ab38e7,reference_answer,known_missing,True,True,,,matched
t160-quality-20261007T014124Z-fbbe8ec7-07-IMP-IMAGE-r1,IMP-IMAGE,1,automatic,e418791a-1462-52b7-98fe-396ce71b8d48,b6b9a998-de7c-4244-852b-b53f23ab38e7,analysis,known_missing,True,True,,,matched
t160-quality-20261007T014124Z-fbbe8ec7-07-IMP-IMAGE-r1,IMP-IMAGE,1,automatic,e418791a-1462-52b7-98fe-396ce71b8d48,b6b9a998-de7c-4244-852b-b53f23ab38e7,score,source_provided,True,True,2.00,2.00,matched
t160-quality-20261007T014124Z-fbbe8ec7-07-IMP-IMAGE-r1,IMP-IMAGE,1,automatic,e418791a-1462-52b7-98fe-396ce71b8d48,b6b9a998-de7c-4244-852b-b53f23ab38e7,scoring_rubric,known_missing,True,True,,,matched
t160-quality-20261007T014124Z-fbbe8ec7-07-IMP-IMAGE-r1,IMP-IMAGE,1,automatic,e418791a-1462-52b7-98fe-396ce71b8d48,b6b9a998-de7c-4244-852b-b53f23ab38e7,knowledge_points,known_missing,True,True,[],[],matched
t160-quality-20261007T014124Z-fbbe8ec7-07-IMP-IMAGE-r1,IMP-IMAGE,1,automatic,e418791a-1462-52b7-98fe-396ce71b8d48,b6b9a998-de7c-4244-852b-b53f23ab38e7,source_regions,unknown,False,,,,reference_unknown
t160-quality-20261007T014124Z-fbbe8ec7-07-IMP-IMAGE-r1,IMP-IMAGE,1,automatic,e418791a-1462-52b7-98fe-396ce71b8d48,b6b9a998-de7c-4244-852b-b53f23ab38e7,assets,source_provided,True,False,"[{""asset_type"": ""figure"", ""source_page_number"": 1, ""order_index"": 1}]",,matched
t160-quality-20261007T014124Z-fbbe8ec7-07-IMP-IMAGE-r1,IMP-IMAGE,1,automatic,e5c1555f-e927-575c-b68c-85eb341a3202,0aa15e92-c22e-4a71-9376-777ff8b0b9fb,question_number,source_provided,True,True,3,3,matched
t160-quality-20261007T014124Z-fbbe8ec7-07-IMP-IMAGE-r1,IMP-IMAGE,1,automatic,e5c1555f-e927-575c-b68c-85eb341a3202,0aa15e92-c22e-4a71-9376-777ff8b0b9fb,order_index,source_provided,True,True,3,3,matched
t160-quality-20261007T014124Z-fbbe8ec7-07-IMP-IMAGE-r1,IMP-IMAGE,1,automatic,e5c1555f-e927-575c-b68c-85eb341a3202,0aa15e92-c22e-4a71-9376-777ff8b0b9fb,source_page_numbers,source_provided,True,True,[1],[1],matched
t160-quality-20261007T014124Z-fbbe8ec7-07-IMP-IMAGE-r1,IMP-IMAGE,1,automatic,e5c1555f-e927-575c-b68c-85eb341a3202,0aa15e92-c22e-4a71-9376-777ff8b0b9fb,question_type,source_provided,True,True,SHORT_ANSWER,SHORT_ANSWER,matched
t160-quality-20261007T014124Z-fbbe8ec7-07-IMP-IMAGE-r1,IMP-IMAGE,1,automatic,e5c1555f-e927-575c-b68c-85eb341a3202,0aa15e92-c22e-4a71-9376-777ff8b0b9fb,content,source_provided,True,True,根据下表写出 y 关于 x 的关系式。,根据下表写出 y 关于 x 的关系式。,matched
t160-quality-20261007T014124Z-fbbe8ec7-07-IMP-IMAGE-r1,IMP-IMAGE,1,automatic,e5c1555f-e927-575c-b68c-85eb341a3202,0aa15e92-c22e-4a71-9376-777ff8b0b9fb,options,not_applicable,True,True,,,matched
t160-quality-20261007T014124Z-fbbe8ec7-07-IMP-IMAGE-r1,IMP-IMAGE,1,automatic,e5c1555f-e927-575c-b68c-85eb341a3202,0aa15e92-c22e-4a71-9376-777ff8b0b9fb,reference_answer,known_missing,True,True,,,matched
t160-quality-20261007T014124Z-fbbe8ec7-07-IMP-IMAGE-r1,IMP-IMAGE,1,automatic,e5c1555f-e927-575c-b68c-85eb341a3202,0aa15e92-c22e-4a71-9376-777ff8b0b9fb,analysis,known_missing,True,True,,,matched
t160-quality-20261007T014124Z-fbbe8ec7-07-IMP-IMAGE-r1,IMP-IMAGE,1,automatic,e5c1555f-e927-575c-b68c-85eb341a3202,0aa15e92-c22e-4a71-9376-777ff8b0b9fb,score,source_provided,True,True,3.00,3.00,matched
t160-quality-20261007T014124Z-fbbe8ec7-07-IMP-IMAGE-r1,IMP-IMAGE,1,automatic,e5c1555f-e927-575c-b68c-85eb341a3202,0aa15e92-c22e-4a71-9376-777ff8b0b9fb,scoring_rubric,source_provided,True,False,正确关系式 1.00；说明代入过程 2.00。,正确关系式1.00；说明代入过程2.00。,matched
t160-quality-20261007T014124Z-fbbe8ec7-07-IMP-IMAGE-r1,IMP-IMAGE,1,automatic,e5c1555f-e927-575c-b68c-85eb341a3202,0aa15e92-c22e-4a71-9376-777ff8b0b9fb,knowledge_points,source_provided,True,True,"[""一次函数"", ""表达与计算""]","[""一次函数"", ""表达与计算""]",matched
t160-quality-20261007T014124Z-fbbe8ec7-07-IMP-IMAGE-r1,IMP-IMAGE,1,automatic,e5c1555f-e927-575c-b68c-85eb341a3202,0aa15e92-c22e-4a71-9376-777ff8b0b9fb,source_regions,unknown,False,,,,reference_unknown
t160-quality-20261007T014124Z-fbbe8ec7-07-IMP-IMAGE-r1,IMP-IMAGE,1,automatic,e5c1555f-e927-575c-b68c-85eb341a3202,0aa15e92-c22e-4a71-9376-777ff8b0b9fb,assets,source_provided,True,False,"[{""asset_type"": ""table"", ""source_page_number"": 1, ""order_index"": 1}]",,matched
t160-quality-20261007T014124Z-fbbe8ec7-07-IMP-IMAGE-r1,IMP-IMAGE,1,assisted_corrected,c4d750a5-4dc4-5a35-83e2-dee4ca44aca1,104362a8-a0ac-4657-a806-a68b8288025f,question_number,source_provided,True,True,1,1,matched
t160-quality-20261007T014124Z-fbbe8ec7-07-IMP-IMAGE-r1,IMP-IMAGE,1,assisted_corrected,c4d750a5-4dc4-5a35-83e2-dee4ca44aca1,104362a8-a0ac-4657-a806-a68b8288025f,order_index,source_provided,True,True,1,1,matched
t160-quality-20261007T014124Z-fbbe8ec7-07-IMP-IMAGE-r1,IMP-IMAGE,1,assisted_corrected,c4d750a5-4dc4-5a35-83e2-dee4ca44aca1,104362a8-a0ac-4657-a806-a68b8288025f,source_page_numbers,source_provided,True,True,[1],[1],matched
t160-quality-20261007T014124Z-fbbe8ec7-07-IMP-IMAGE-r1,IMP-IMAGE,1,assisted_corrected,c4d750a5-4dc4-5a35-83e2-dee4ca44aca1,104362a8-a0ac-4657-a806-a68b8288025f,question_type,source_provided,True,True,SINGLE_CHOICE,SINGLE_CHOICE,matched
t160-quality-20261007T014124Z-fbbe8ec7-07-IMP-IMAGE-r1,IMP-IMAGE,1,assisted_corrected,c4d750a5-4dc4-5a35-83e2-dee4ca44aca1,104362a8-a0ac-4657-a806-a68b8288025f,content,source_provided,True,True,y = 2x + 1，x = 3 时 y 为多少？,y = 2x + 1，x = 3 时 y 为多少？,matched
t160-quality-20261007T014124Z-fbbe8ec7-07-IMP-IMAGE-r1,IMP-IMAGE,1,assisted_corrected,c4d750a5-4dc4-5a35-83e2-dee4ca44aca1,104362a8-a0ac-4657-a806-a68b8288025f,options,source_provided,True,True,"{""C"": ""7"", ""A"": ""5"", ""B"": ""6"", ""D"": ""8""}","{""C"": ""7"", ""A"": ""5"", ""B"": ""6"", ""D"": ""8""}",matched
t160-quality-20261007T014124Z-fbbe8ec7-07-IMP-IMAGE-r1,IMP-IMAGE,1,assisted_corrected,c4d750a5-4dc4-5a35-83e2-dee4ca44aca1,104362a8-a0ac-4657-a806-a68b8288025f,reference_answer,source_provided,True,True,C,C,matched
t160-quality-20261007T014124Z-fbbe8ec7-07-IMP-IMAGE-r1,IMP-IMAGE,1,assisted_corrected,c4d750a5-4dc4-5a35-83e2-dee4ca44aca1,104362a8-a0ac-4657-a806-a68b8288025f,analysis,source_provided,True,True,2 × 3 + 1 = 7。,2 × 3 + 1 = 7。,matched
t160-quality-20261007T014124Z-fbbe8ec7-07-IMP-IMAGE-r1,IMP-IMAGE,1,assisted_corrected,c4d750a5-4dc4-5a35-83e2-dee4ca44aca1,104362a8-a0ac-4657-a806-a68b8288025f,score,source_provided,True,True,2.00,2.00,matched
t160-quality-20261007T014124Z-fbbe8ec7-07-IMP-IMAGE-r1,IMP-IMAGE,1,assisted_corrected,c4d750a5-4dc4-5a35-83e2-dee4ca44aca1,104362a8-a0ac-4657-a806-a68b8288025f,scoring_rubric,known_missing,True,True,,,matched
t160-quality-20261007T014124Z-fbbe8ec7-07-IMP-IMAGE-r1,IMP-IMAGE,1,assisted_corrected,c4d750a5-4dc4-5a35-83e2-dee4ca44aca1,104362a8-a0ac-4657-a806-a68b8288025f,knowledge_points,known_missing,True,True,[],[],matched
t160-quality-20261007T014124Z-fbbe8ec7-07-IMP-IMAGE-r1,IMP-IMAGE,1,assisted_corrected,c4d750a5-4dc4-5a35-83e2-dee4ca44aca1,104362a8-a0ac-4657-a806-a68b8288025f,source_regions,unknown,False,,,,reference_unknown
t160-quality-20261007T014124Z-fbbe8ec7-07-IMP-IMAGE-r1,IMP-IMAGE,1,assisted_corrected,c4d750a5-4dc4-5a35-83e2-dee4ca44aca1,104362a8-a0ac-4657-a806-a68b8288025f,assets,source_provided,True,True,[],[],matched
t160-quality-20261007T014124Z-fbbe8ec7-07-IMP-IMAGE-r1,IMP-IMAGE,1,assisted_corrected,e418791a-1462-52b7-98fe-396ce71b8d48,b6b9a998-de7c-4244-852b-b53f23ab38e7,question_number,source_provided,True,True,2,2,matched
t160-quality-20261007T014124Z-fbbe8ec7-07-IMP-IMAGE-r1,IMP-IMAGE,1,assisted_corrected,e418791a-1462-52b7-98fe-396ce71b8d48,b6b9a998-de7c-4244-852b-b53f23ab38e7,order_index,source_provided,True,True,2,2,matched
t160-quality-20261007T014124Z-fbbe8ec7-07-IMP-IMAGE-r1,IMP-IMAGE,1,assisted_corrected,e418791a-1462-52b7-98fe-396ce71b8d48,b6b9a998-de7c-4244-852b-b53f23ab38e7,source_page_numbers,source_provided,True,True,[1],[1],matched
t160-quality-20261007T014124Z-fbbe8ec7-07-IMP-IMAGE-r1,IMP-IMAGE,1,assisted_corrected,e418791a-1462-52b7-98fe-396ce71b8d48,b6b9a998-de7c-4244-852b-b53f23ab38e7,question_type,source_provided,True,True,TRUE_FALSE,TRUE_FALSE,matched
t160-quality-20261007T014124Z-fbbe8ec7-07-IMP-IMAGE-r1,IMP-IMAGE,1,assisted_corrected,e418791a-1462-52b7-98fe-396ce71b8d48,b6b9a998-de7c-4244-852b-b53f23ab38e7,content,source_provided,True,True,右图三角形面积为 24 cm²。,右图三角形面积为 24 cm²。,matched
t160-quality-20261007T014124Z-fbbe8ec7-07-IMP-IMAGE-r1,IMP-IMAGE,1,assisted_corrected,e418791a-1462-52b7-98fe-396ce71b8d48,b6b9a998-de7c-4244-852b-b53f23ab38e7,options,source_provided,True,True,"[""正确"", ""错误""]","[""正确"", ""错误""]",matched
t160-quality-20261007T014124Z-fbbe8ec7-07-IMP-IMAGE-r1,IMP-IMAGE,1,assisted_corrected,e418791a-1462-52b7-98fe-396ce71b8d48,b6b9a998-de7c-4244-852b-b53f23ab38e7,reference_answer,known_missing,True,True,,,matched
t160-quality-20261007T014124Z-fbbe8ec7-07-IMP-IMAGE-r1,IMP-IMAGE,1,assisted_corrected,e418791a-1462-52b7-98fe-396ce71b8d48,b6b9a998-de7c-4244-852b-b53f23ab38e7,analysis,known_missing,True,True,,,matched
t160-quality-20261007T014124Z-fbbe8ec7-07-IMP-IMAGE-r1,IMP-IMAGE,1,assisted_corrected,e418791a-1462-52b7-98fe-396ce71b8d48,b6b9a998-de7c-4244-852b-b53f23ab38e7,score,source_provided,True,True,2.00,2.00,matched
t160-quality-20261007T014124Z-fbbe8ec7-07-IMP-IMAGE-r1,IMP-IMAGE,1,assisted_corrected,e418791a-1462-52b7-98fe-396ce71b8d48,b6b9a998-de7c-4244-852b-b53f23ab38e7,scoring_rubric,known_missing,True,True,,,matched
t160-quality-20261007T014124Z-fbbe8ec7-07-IMP-IMAGE-r1,IMP-IMAGE,1,assisted_corrected,e418791a-1462-52b7-98fe-396ce71b8d48,b6b9a998-de7c-4244-852b-b53f23ab38e7,knowledge_points,known_missing,True,True,[],[],matched
t160-quality-20261007T014124Z-fbbe8ec7-07-IMP-IMAGE-r1,IMP-IMAGE,1,assisted_corrected,e418791a-1462-52b7-98fe-396ce71b8d48,b6b9a998-de7c-4244-852b-b53f23ab38e7,source_regions,unknown,False,,,,reference_unknown
t160-quality-20261007T014124Z-fbbe8ec7-07-IMP-IMAGE-r1,IMP-IMAGE,1,assisted_corrected,e418791a-1462-52b7-98fe-396ce71b8d48,b6b9a998-de7c-4244-852b-b53f23ab38e7,assets,source_provided,True,False,"[{""asset_type"": ""figure"", ""source_page_number"": 1, ""order_index"": 1}]",,matched
t160-quality-20261007T014124Z-fbbe8ec7-07-IMP-IMAGE-r1,IMP-IMAGE,1,assisted_corrected,e5c1555f-e927-575c-b68c-85eb341a3202,0aa15e92-c22e-4a71-9376-777ff8b0b9fb,question_number,source_provided,True,True,3,3,matched
t160-quality-20261007T014124Z-fbbe8ec7-07-IMP-IMAGE-r1,IMP-IMAGE,1,assisted_corrected,e5c1555f-e927-575c-b68c-85eb341a3202,0aa15e92-c22e-4a71-9376-777ff8b0b9fb,order_index,source_provided,True,True,3,3,matched
t160-quality-20261007T014124Z-fbbe8ec7-07-IMP-IMAGE-r1,IMP-IMAGE,1,assisted_corrected,e5c1555f-e927-575c-b68c-85eb341a3202,0aa15e92-c22e-4a71-9376-777ff8b0b9fb,source_page_numbers,source_provided,True,True,[1],[1],matched
t160-quality-20261007T014124Z-fbbe8ec7-07-IMP-IMAGE-r1,IMP-IMAGE,1,assisted_corrected,e5c1555f-e927-575c-b68c-85eb341a3202,0aa15e92-c22e-4a71-9376-777ff8b0b9fb,question_type,source_provided,True,True,SHORT_ANSWER,SHORT_ANSWER,matched
t160-quality-20261007T014124Z-fbbe8ec7-07-IMP-IMAGE-r1,IMP-IMAGE,1,assisted_corrected,e5c1555f-e927-575c-b68c-85eb341a3202,0aa15e92-c22e-4a71-9376-777ff8b0b9fb,content,source_provided,True,True,根据下表写出 y 关于 x 的关系式。,根据下表写出 y 关于 x 的关系式。,matched
t160-quality-20261007T014124Z-fbbe8ec7-07-IMP-IMAGE-r1,IMP-IMAGE,1,assisted_corrected,e5c1555f-e927-575c-b68c-85eb341a3202,0aa15e92-c22e-4a71-9376-777ff8b0b9fb,options,not_applicable,True,True,,,matched
t160-quality-20261007T014124Z-fbbe8ec7-07-IMP-IMAGE-r1,IMP-IMAGE,1,assisted_corrected,e5c1555f-e927-575c-b68c-85eb341a3202,0aa15e92-c22e-4a71-9376-777ff8b0b9fb,reference_answer,known_missing,True,True,,,matched
t160-quality-20261007T014124Z-fbbe8ec7-07-IMP-IMAGE-r1,IMP-IMAGE,1,assisted_corrected,e5c1555f-e927-575c-b68c-85eb341a3202,0aa15e92-c22e-4a71-9376-777ff8b0b9fb,analysis,known_missing,True,True,,,matched
t160-quality-20261007T014124Z-fbbe8ec7-07-IMP-IMAGE-r1,IMP-IMAGE,1,assisted_corrected,e5c1555f-e927-575c-b68c-85eb341a3202,0aa15e92-c22e-4a71-9376-777ff8b0b9fb,score,source_provided,True,True,3.00,3.00,matched
t160-quality-20261007T014124Z-fbbe8ec7-07-IMP-IMAGE-r1,IMP-IMAGE,1,assisted_corrected,e5c1555f-e927-575c-b68c-85eb341a3202,0aa15e92-c22e-4a71-9376-777ff8b0b9fb,scoring_rubric,source_provided,True,True,正确关系式 1.00；说明代入过程 2.00。,正确关系式 1.00；说明代入过程 2.00。,matched
t160-quality-20261007T014124Z-fbbe8ec7-07-IMP-IMAGE-r1,IMP-IMAGE,1,assisted_corrected,e5c1555f-e927-575c-b68c-85eb341a3202,0aa15e92-c22e-4a71-9376-777ff8b0b9fb,knowledge_points,source_provided,True,True,"[""一次函数"", ""表达与计算""]","[""一次函数"", ""表达与计算""]",matched
t160-quality-20261007T014124Z-fbbe8ec7-07-IMP-IMAGE-r1,IMP-IMAGE,1,assisted_corrected,e5c1555f-e927-575c-b68c-85eb341a3202,0aa15e92-c22e-4a71-9376-777ff8b0b9fb,source_regions,unknown,False,,,,reference_unknown
t160-quality-20261007T014124Z-fbbe8ec7-07-IMP-IMAGE-r1,IMP-IMAGE,1,assisted_corrected,e5c1555f-e927-575c-b68c-85eb341a3202,0aa15e92-c22e-4a71-9376-777ff8b0b9fb,assets,source_provided,True,False,"[{""asset_type"": ""table"", ""source_page_number"": 1, ""order_index"": 1}]",,matched
t160-quality-20261007T014124Z-fbbe8ec7-08-IMP-IMAGE-r2,IMP-IMAGE,2,automatic,c4d750a5-4dc4-5a35-83e2-dee4ca44aca1,72418332-b528-471b-b587-895e2d16ecb5,question_number,source_provided,True,True,1,1,matched
t160-quality-20261007T014124Z-fbbe8ec7-08-IMP-IMAGE-r2,IMP-IMAGE,2,automatic,c4d750a5-4dc4-5a35-83e2-dee4ca44aca1,72418332-b528-471b-b587-895e2d16ecb5,order_index,source_provided,True,True,1,1,matched
t160-quality-20261007T014124Z-fbbe8ec7-08-IMP-IMAGE-r2,IMP-IMAGE,2,automatic,c4d750a5-4dc4-5a35-83e2-dee4ca44aca1,72418332-b528-471b-b587-895e2d16ecb5,source_page_numbers,source_provided,True,True,[1],[1],matched
t160-quality-20261007T014124Z-fbbe8ec7-08-IMP-IMAGE-r2,IMP-IMAGE,2,automatic,c4d750a5-4dc4-5a35-83e2-dee4ca44aca1,72418332-b528-471b-b587-895e2d16ecb5,question_type,source_provided,True,True,SINGLE_CHOICE,SINGLE_CHOICE,matched
t160-quality-20261007T014124Z-fbbe8ec7-08-IMP-IMAGE-r2,IMP-IMAGE,2,automatic,c4d750a5-4dc4-5a35-83e2-dee4ca44aca1,72418332-b528-471b-b587-895e2d16ecb5,content,source_provided,True,True,y = 2x + 1，x = 3 时 y 为多少？,y = 2x + 1，x = 3 时 y 为多少？,matched
t160-quality-20261007T014124Z-fbbe8ec7-08-IMP-IMAGE-r2,IMP-IMAGE,2,automatic,c4d750a5-4dc4-5a35-83e2-dee4ca44aca1,72418332-b528-471b-b587-895e2d16ecb5,options,source_provided,True,True,"{""C"": ""7"", ""A"": ""5"", ""B"": ""6"", ""D"": ""8""}","{""C"": ""7"", ""A"": ""5"", ""B"": ""6"", ""D"": ""8""}",matched
t160-quality-20261007T014124Z-fbbe8ec7-08-IMP-IMAGE-r2,IMP-IMAGE,2,automatic,c4d750a5-4dc4-5a35-83e2-dee4ca44aca1,72418332-b528-471b-b587-895e2d16ecb5,reference_answer,source_provided,True,True,C,C,matched
t160-quality-20261007T014124Z-fbbe8ec7-08-IMP-IMAGE-r2,IMP-IMAGE,2,automatic,c4d750a5-4dc4-5a35-83e2-dee4ca44aca1,72418332-b528-471b-b587-895e2d16ecb5,analysis,source_provided,True,False,2 × 3 + 1 = 7。,2 × 3 +1=7。,matched
t160-quality-20261007T014124Z-fbbe8ec7-08-IMP-IMAGE-r2,IMP-IMAGE,2,automatic,c4d750a5-4dc4-5a35-83e2-dee4ca44aca1,72418332-b528-471b-b587-895e2d16ecb5,score,source_provided,True,True,2.00,2.00,matched
t160-quality-20261007T014124Z-fbbe8ec7-08-IMP-IMAGE-r2,IMP-IMAGE,2,automatic,c4d750a5-4dc4-5a35-83e2-dee4ca44aca1,72418332-b528-471b-b587-895e2d16ecb5,scoring_rubric,known_missing,True,True,,,matched
t160-quality-20261007T014124Z-fbbe8ec7-08-IMP-IMAGE-r2,IMP-IMAGE,2,automatic,c4d750a5-4dc4-5a35-83e2-dee4ca44aca1,72418332-b528-471b-b587-895e2d16ecb5,knowledge_points,known_missing,True,True,[],[],matched
t160-quality-20261007T014124Z-fbbe8ec7-08-IMP-IMAGE-r2,IMP-IMAGE,2,automatic,c4d750a5-4dc4-5a35-83e2-dee4ca44aca1,72418332-b528-471b-b587-895e2d16ecb5,source_regions,unknown,False,,,,reference_unknown
t160-quality-20261007T014124Z-fbbe8ec7-08-IMP-IMAGE-r2,IMP-IMAGE,2,automatic,c4d750a5-4dc4-5a35-83e2-dee4ca44aca1,72418332-b528-471b-b587-895e2d16ecb5,assets,source_provided,True,False,[],,matched
t160-quality-20261007T014124Z-fbbe8ec7-08-IMP-IMAGE-r2,IMP-IMAGE,2,automatic,e418791a-1462-52b7-98fe-396ce71b8d48,fe288c87-5e59-43b3-a4a2-24e6d53cc118,question_number,source_provided,True,True,2,2,matched
t160-quality-20261007T014124Z-fbbe8ec7-08-IMP-IMAGE-r2,IMP-IMAGE,2,automatic,e418791a-1462-52b7-98fe-396ce71b8d48,fe288c87-5e59-43b3-a4a2-24e6d53cc118,order_index,source_provided,True,True,2,2,matched
t160-quality-20261007T014124Z-fbbe8ec7-08-IMP-IMAGE-r2,IMP-IMAGE,2,automatic,e418791a-1462-52b7-98fe-396ce71b8d48,fe288c87-5e59-43b3-a4a2-24e6d53cc118,source_page_numbers,source_provided,True,True,[1],[1],matched
t160-quality-20261007T014124Z-fbbe8ec7-08-IMP-IMAGE-r2,IMP-IMAGE,2,automatic,e418791a-1462-52b7-98fe-396ce71b8d48,fe288c87-5e59-43b3-a4a2-24e6d53cc118,question_type,source_provided,True,True,TRUE_FALSE,TRUE_FALSE,matched
t160-quality-20261007T014124Z-fbbe8ec7-08-IMP-IMAGE-r2,IMP-IMAGE,2,automatic,e418791a-1462-52b7-98fe-396ce71b8d48,fe288c87-5e59-43b3-a4a2-24e6d53cc118,content,source_provided,True,False,右图三角形面积为 24 cm²。,右图三角形面积为 24cm²。,matched
t160-quality-20261007T014124Z-fbbe8ec7-08-IMP-IMAGE-r2,IMP-IMAGE,2,automatic,e418791a-1462-52b7-98fe-396ce71b8d48,fe288c87-5e59-43b3-a4a2-24e6d53cc118,options,source_provided,True,True,"[""正确"", ""错误""]","[""正确"", ""错误""]",matched
t160-quality-20261007T014124Z-fbbe8ec7-08-IMP-IMAGE-r2,IMP-IMAGE,2,automatic,e418791a-1462-52b7-98fe-396ce71b8d48,fe288c87-5e59-43b3-a4a2-24e6d53cc118,reference_answer,known_missing,True,True,,,matched
t160-quality-20261007T014124Z-fbbe8ec7-08-IMP-IMAGE-r2,IMP-IMAGE,2,automatic,e418791a-1462-52b7-98fe-396ce71b8d48,fe288c87-5e59-43b3-a4a2-24e6d53cc118,analysis,known_missing,True,True,,,matched
t160-quality-20261007T014124Z-fbbe8ec7-08-IMP-IMAGE-r2,IMP-IMAGE,2,automatic,e418791a-1462-52b7-98fe-396ce71b8d48,fe288c87-5e59-43b3-a4a2-24e6d53cc118,score,source_provided,True,True,2.00,2.00,matched
t160-quality-20261007T014124Z-fbbe8ec7-08-IMP-IMAGE-r2,IMP-IMAGE,2,automatic,e418791a-1462-52b7-98fe-396ce71b8d48,fe288c87-5e59-43b3-a4a2-24e6d53cc118,scoring_rubric,known_missing,True,True,,,matched
t160-quality-20261007T014124Z-fbbe8ec7-08-IMP-IMAGE-r2,IMP-IMAGE,2,automatic,e418791a-1462-52b7-98fe-396ce71b8d48,fe288c87-5e59-43b3-a4a2-24e6d53cc118,knowledge_points,known_missing,True,True,[],[],matched
t160-quality-20261007T014124Z-fbbe8ec7-08-IMP-IMAGE-r2,IMP-IMAGE,2,automatic,e418791a-1462-52b7-98fe-396ce71b8d48,fe288c87-5e59-43b3-a4a2-24e6d53cc118,source_regions,unknown,False,,,,reference_unknown
t160-quality-20261007T014124Z-fbbe8ec7-08-IMP-IMAGE-r2,IMP-IMAGE,2,automatic,e418791a-1462-52b7-98fe-396ce71b8d48,fe288c87-5e59-43b3-a4a2-24e6d53cc118,assets,source_provided,True,False,"[{""asset_type"": ""figure"", ""source_page_number"": 1, ""order_index"": 1}]",,matched
t160-quality-20261007T014124Z-fbbe8ec7-08-IMP-IMAGE-r2,IMP-IMAGE,2,automatic,e5c1555f-e927-575c-b68c-85eb341a3202,23fe2089-951b-4cc9-934a-726ebed5dace,question_number,source_provided,True,True,3,3,matched
t160-quality-20261007T014124Z-fbbe8ec7-08-IMP-IMAGE-r2,IMP-IMAGE,2,automatic,e5c1555f-e927-575c-b68c-85eb341a3202,23fe2089-951b-4cc9-934a-726ebed5dace,order_index,source_provided,True,True,3,3,matched
t160-quality-20261007T014124Z-fbbe8ec7-08-IMP-IMAGE-r2,IMP-IMAGE,2,automatic,e5c1555f-e927-575c-b68c-85eb341a3202,23fe2089-951b-4cc9-934a-726ebed5dace,source_page_numbers,source_provided,True,True,[1],[1],matched
t160-quality-20261007T014124Z-fbbe8ec7-08-IMP-IMAGE-r2,IMP-IMAGE,2,automatic,e5c1555f-e927-575c-b68c-85eb341a3202,23fe2089-951b-4cc9-934a-726ebed5dace,question_type,source_provided,True,True,SHORT_ANSWER,SHORT_ANSWER,matched
t160-quality-20261007T014124Z-fbbe8ec7-08-IMP-IMAGE-r2,IMP-IMAGE,2,automatic,e5c1555f-e927-575c-b68c-85eb341a3202,23fe2089-951b-4cc9-934a-726ebed5dace,content,source_provided,True,False,根据下表写出 y 关于 x 的关系式。,"根据下表写出 y 关于 x 的关系式。
说明
X
y
1
3
第一行
2
5
第二行
3
7
第三行",matched
t160-quality-20261007T014124Z-fbbe8ec7-08-IMP-IMAGE-r2,IMP-IMAGE,2,automatic,e5c1555f-e927-575c-b68c-85eb341a3202,23fe2089-951b-4cc9-934a-726ebed5dace,options,not_applicable,True,True,,,matched
t160-quality-20261007T014124Z-fbbe8ec7-08-IMP-IMAGE-r2,IMP-IMAGE,2,automatic,e5c1555f-e927-575c-b68c-85eb341a3202,23fe2089-951b-4cc9-934a-726ebed5dace,reference_answer,known_missing,True,True,,,matched
t160-quality-20261007T014124Z-fbbe8ec7-08-IMP-IMAGE-r2,IMP-IMAGE,2,automatic,e5c1555f-e927-575c-b68c-85eb341a3202,23fe2089-951b-4cc9-934a-726ebed5dace,analysis,known_missing,True,True,,,matched
t160-quality-20261007T014124Z-fbbe8ec7-08-IMP-IMAGE-r2,IMP-IMAGE,2,automatic,e5c1555f-e927-575c-b68c-85eb341a3202,23fe2089-951b-4cc9-934a-726ebed5dace,score,source_provided,True,True,3.00,3.00,matched
t160-quality-20261007T014124Z-fbbe8ec7-08-IMP-IMAGE-r2,IMP-IMAGE,2,automatic,e5c1555f-e927-575c-b68c-85eb341a3202,23fe2089-951b-4cc9-934a-726ebed5dace,scoring_rubric,source_provided,True,False,正确关系式 1.00；说明代入过程 2.00。,正确关系式1.00；说明代入过程2.00。,matched
t160-quality-20261007T014124Z-fbbe8ec7-08-IMP-IMAGE-r2,IMP-IMAGE,2,automatic,e5c1555f-e927-575c-b68c-85eb341a3202,23fe2089-951b-4cc9-934a-726ebed5dace,knowledge_points,source_provided,True,True,"[""一次函数"", ""表达与计算""]","[""一次函数"", ""表达与计算""]",matched
t160-quality-20261007T014124Z-fbbe8ec7-08-IMP-IMAGE-r2,IMP-IMAGE,2,automatic,e5c1555f-e927-575c-b68c-85eb341a3202,23fe2089-951b-4cc9-934a-726ebed5dace,source_regions,unknown,False,,,,reference_unknown
t160-quality-20261007T014124Z-fbbe8ec7-08-IMP-IMAGE-r2,IMP-IMAGE,2,automatic,e5c1555f-e927-575c-b68c-85eb341a3202,23fe2089-951b-4cc9-934a-726ebed5dace,assets,source_provided,True,False,"[{""asset_type"": ""table"", ""source_page_number"": 1, ""order_index"": 1}]",,matched
t160-quality-20261007T014124Z-fbbe8ec7-08-IMP-IMAGE-r2,IMP-IMAGE,2,assisted_corrected,c4d750a5-4dc4-5a35-83e2-dee4ca44aca1,72418332-b528-471b-b587-895e2d16ecb5,question_number,source_provided,True,True,1,1,matched
t160-quality-20261007T014124Z-fbbe8ec7-08-IMP-IMAGE-r2,IMP-IMAGE,2,assisted_corrected,c4d750a5-4dc4-5a35-83e2-dee4ca44aca1,72418332-b528-471b-b587-895e2d16ecb5,order_index,source_provided,True,True,1,1,matched
t160-quality-20261007T014124Z-fbbe8ec7-08-IMP-IMAGE-r2,IMP-IMAGE,2,assisted_corrected,c4d750a5-4dc4-5a35-83e2-dee4ca44aca1,72418332-b528-471b-b587-895e2d16ecb5,source_page_numbers,source_provided,True,True,[1],[1],matched
t160-quality-20261007T014124Z-fbbe8ec7-08-IMP-IMAGE-r2,IMP-IMAGE,2,assisted_corrected,c4d750a5-4dc4-5a35-83e2-dee4ca44aca1,72418332-b528-471b-b587-895e2d16ecb5,question_type,source_provided,True,True,SINGLE_CHOICE,SINGLE_CHOICE,matched
t160-quality-20261007T014124Z-fbbe8ec7-08-IMP-IMAGE-r2,IMP-IMAGE,2,assisted_corrected,c4d750a5-4dc4-5a35-83e2-dee4ca44aca1,72418332-b528-471b-b587-895e2d16ecb5,content,source_provided,True,True,y = 2x + 1，x = 3 时 y 为多少？,y = 2x + 1，x = 3 时 y 为多少？,matched
t160-quality-20261007T014124Z-fbbe8ec7-08-IMP-IMAGE-r2,IMP-IMAGE,2,assisted_corrected,c4d750a5-4dc4-5a35-83e2-dee4ca44aca1,72418332-b528-471b-b587-895e2d16ecb5,options,source_provided,True,True,"{""C"": ""7"", ""A"": ""5"", ""B"": ""6"", ""D"": ""8""}","{""C"": ""7"", ""A"": ""5"", ""B"": ""6"", ""D"": ""8""}",matched
t160-quality-20261007T014124Z-fbbe8ec7-08-IMP-IMAGE-r2,IMP-IMAGE,2,assisted_corrected,c4d750a5-4dc4-5a35-83e2-dee4ca44aca1,72418332-b528-471b-b587-895e2d16ecb5,reference_answer,source_provided,True,True,C,C,matched
t160-quality-20261007T014124Z-fbbe8ec7-08-IMP-IMAGE-r2,IMP-IMAGE,2,assisted_corrected,c4d750a5-4dc4-5a35-83e2-dee4ca44aca1,72418332-b528-471b-b587-895e2d16ecb5,analysis,source_provided,True,True,2 × 3 + 1 = 7。,2 × 3 + 1 = 7。,matched
t160-quality-20261007T014124Z-fbbe8ec7-08-IMP-IMAGE-r2,IMP-IMAGE,2,assisted_corrected,c4d750a5-4dc4-5a35-83e2-dee4ca44aca1,72418332-b528-471b-b587-895e2d16ecb5,score,source_provided,True,True,2.00,2.00,matched
t160-quality-20261007T014124Z-fbbe8ec7-08-IMP-IMAGE-r2,IMP-IMAGE,2,assisted_corrected,c4d750a5-4dc4-5a35-83e2-dee4ca44aca1,72418332-b528-471b-b587-895e2d16ecb5,scoring_rubric,known_missing,True,True,,,matched
t160-quality-20261007T014124Z-fbbe8ec7-08-IMP-IMAGE-r2,IMP-IMAGE,2,assisted_corrected,c4d750a5-4dc4-5a35-83e2-dee4ca44aca1,72418332-b528-471b-b587-895e2d16ecb5,knowledge_points,known_missing,True,True,[],[],matched
t160-quality-20261007T014124Z-fbbe8ec7-08-IMP-IMAGE-r2,IMP-IMAGE,2,assisted_corrected,c4d750a5-4dc4-5a35-83e2-dee4ca44aca1,72418332-b528-471b-b587-895e2d16ecb5,source_regions,unknown,False,,,,reference_unknown
t160-quality-20261007T014124Z-fbbe8ec7-08-IMP-IMAGE-r2,IMP-IMAGE,2,assisted_corrected,c4d750a5-4dc4-5a35-83e2-dee4ca44aca1,72418332-b528-471b-b587-895e2d16ecb5,assets,source_provided,True,True,[],[],matched
t160-quality-20261007T014124Z-fbbe8ec7-08-IMP-IMAGE-r2,IMP-IMAGE,2,assisted_corrected,e418791a-1462-52b7-98fe-396ce71b8d48,fe288c87-5e59-43b3-a4a2-24e6d53cc118,question_number,source_provided,True,True,2,2,matched
t160-quality-20261007T014124Z-fbbe8ec7-08-IMP-IMAGE-r2,IMP-IMAGE,2,assisted_corrected,e418791a-1462-52b7-98fe-396ce71b8d48,fe288c87-5e59-43b3-a4a2-24e6d53cc118,order_index,source_provided,True,True,2,2,matched
t160-quality-20261007T014124Z-fbbe8ec7-08-IMP-IMAGE-r2,IMP-IMAGE,2,assisted_corrected,e418791a-1462-52b7-98fe-396ce71b8d48,fe288c87-5e59-43b3-a4a2-24e6d53cc118,source_page_numbers,source_provided,True,True,[1],[1],matched
t160-quality-20261007T014124Z-fbbe8ec7-08-IMP-IMAGE-r2,IMP-IMAGE,2,assisted_corrected,e418791a-1462-52b7-98fe-396ce71b8d48,fe288c87-5e59-43b3-a4a2-24e6d53cc118,question_type,source_provided,True,True,TRUE_FALSE,TRUE_FALSE,matched
t160-quality-20261007T014124Z-fbbe8ec7-08-IMP-IMAGE-r2,IMP-IMAGE,2,assisted_corrected,e418791a-1462-52b7-98fe-396ce71b8d48,fe288c87-5e59-43b3-a4a2-24e6d53cc118,content,source_provided,True,True,右图三角形面积为 24 cm²。,右图三角形面积为 24 cm²。,matched
t160-quality-20261007T014124Z-fbbe8ec7-08-IMP-IMAGE-r2,IMP-IMAGE,2,assisted_corrected,e418791a-1462-52b7-98fe-396ce71b8d48,fe288c87-5e59-43b3-a4a2-24e6d53cc118,options,source_provided,True,True,"[""正确"", ""错误""]","[""正确"", ""错误""]",matched
t160-quality-20261007T014124Z-fbbe8ec7-08-IMP-IMAGE-r2,IMP-IMAGE,2,assisted_corrected,e418791a-1462-52b7-98fe-396ce71b8d48,fe288c87-5e59-43b3-a4a2-24e6d53cc118,reference_answer,known_missing,True,True,,,matched
t160-quality-20261007T014124Z-fbbe8ec7-08-IMP-IMAGE-r2,IMP-IMAGE,2,assisted_corrected,e418791a-1462-52b7-98fe-396ce71b8d48,fe288c87-5e59-43b3-a4a2-24e6d53cc118,analysis,known_missing,True,True,,,matched
t160-quality-20261007T014124Z-fbbe8ec7-08-IMP-IMAGE-r2,IMP-IMAGE,2,assisted_corrected,e418791a-1462-52b7-98fe-396ce71b8d48,fe288c87-5e59-43b3-a4a2-24e6d53cc118,score,source_provided,True,True,2.00,2.00,matched
t160-quality-20261007T014124Z-fbbe8ec7-08-IMP-IMAGE-r2,IMP-IMAGE,2,assisted_corrected,e418791a-1462-52b7-98fe-396ce71b8d48,fe288c87-5e59-43b3-a4a2-24e6d53cc118,scoring_rubric,known_missing,True,True,,,matched
t160-quality-20261007T014124Z-fbbe8ec7-08-IMP-IMAGE-r2,IMP-IMAGE,2,assisted_corrected,e418791a-1462-52b7-98fe-396ce71b8d48,fe288c87-5e59-43b3-a4a2-24e6d53cc118,knowledge_points,known_missing,True,True,[],[],matched
t160-quality-20261007T014124Z-fbbe8ec7-08-IMP-IMAGE-r2,IMP-IMAGE,2,assisted_corrected,e418791a-1462-52b7-98fe-396ce71b8d48,fe288c87-5e59-43b3-a4a2-24e6d53cc118,source_regions,unknown,False,,,,reference_unknown
t160-quality-20261007T014124Z-fbbe8ec7-08-IMP-IMAGE-r2,IMP-IMAGE,2,assisted_corrected,e418791a-1462-52b7-98fe-396ce71b8d48,fe288c87-5e59-43b3-a4a2-24e6d53cc118,assets,source_provided,True,False,"[{""asset_type"": ""figure"", ""source_page_number"": 1, ""order_index"": 1}]",,matched
t160-quality-20261007T014124Z-fbbe8ec7-08-IMP-IMAGE-r2,IMP-IMAGE,2,assisted_corrected,e5c1555f-e927-575c-b68c-85eb341a3202,23fe2089-951b-4cc9-934a-726ebed5dace,question_number,source_provided,True,True,3,3,matched
t160-quality-20261007T014124Z-fbbe8ec7-08-IMP-IMAGE-r2,IMP-IMAGE,2,assisted_corrected,e5c1555f-e927-575c-b68c-85eb341a3202,23fe2089-951b-4cc9-934a-726ebed5dace,order_index,source_provided,True,True,3,3,matched
t160-quality-20261007T014124Z-fbbe8ec7-08-IMP-IMAGE-r2,IMP-IMAGE,2,assisted_corrected,e5c1555f-e927-575c-b68c-85eb341a3202,23fe2089-951b-4cc9-934a-726ebed5dace,source_page_numbers,source_provided,True,True,[1],[1],matched
t160-quality-20261007T014124Z-fbbe8ec7-08-IMP-IMAGE-r2,IMP-IMAGE,2,assisted_corrected,e5c1555f-e927-575c-b68c-85eb341a3202,23fe2089-951b-4cc9-934a-726ebed5dace,question_type,source_provided,True,True,SHORT_ANSWER,SHORT_ANSWER,matched
t160-quality-20261007T014124Z-fbbe8ec7-08-IMP-IMAGE-r2,IMP-IMAGE,2,assisted_corrected,e5c1555f-e927-575c-b68c-85eb341a3202,23fe2089-951b-4cc9-934a-726ebed5dace,content,source_provided,True,True,根据下表写出 y 关于 x 的关系式。,根据下表写出 y 关于 x 的关系式。,matched
t160-quality-20261007T014124Z-fbbe8ec7-08-IMP-IMAGE-r2,IMP-IMAGE,2,assisted_corrected,e5c1555f-e927-575c-b68c-85eb341a3202,23fe2089-951b-4cc9-934a-726ebed5dace,options,not_applicable,True,True,,,matched
t160-quality-20261007T014124Z-fbbe8ec7-08-IMP-IMAGE-r2,IMP-IMAGE,2,assisted_corrected,e5c1555f-e927-575c-b68c-85eb341a3202,23fe2089-951b-4cc9-934a-726ebed5dace,reference_answer,known_missing,True,True,,,matched
t160-quality-20261007T014124Z-fbbe8ec7-08-IMP-IMAGE-r2,IMP-IMAGE,2,assisted_corrected,e5c1555f-e927-575c-b68c-85eb341a3202,23fe2089-951b-4cc9-934a-726ebed5dace,analysis,known_missing,True,True,,,matched
t160-quality-20261007T014124Z-fbbe8ec7-08-IMP-IMAGE-r2,IMP-IMAGE,2,assisted_corrected,e5c1555f-e927-575c-b68c-85eb341a3202,23fe2089-951b-4cc9-934a-726ebed5dace,score,source_provided,True,True,3.00,3.00,matched
t160-quality-20261007T014124Z-fbbe8ec7-08-IMP-IMAGE-r2,IMP-IMAGE,2,assisted_corrected,e5c1555f-e927-575c-b68c-85eb341a3202,23fe2089-951b-4cc9-934a-726ebed5dace,scoring_rubric,source_provided,True,True,正确关系式 1.00；说明代入过程 2.00。,正确关系式 1.00；说明代入过程 2.00。,matched
t160-quality-20261007T014124Z-fbbe8ec7-08-IMP-IMAGE-r2,IMP-IMAGE,2,assisted_corrected,e5c1555f-e927-575c-b68c-85eb341a3202,23fe2089-951b-4cc9-934a-726ebed5dace,knowledge_points,source_provided,True,True,"[""一次函数"", ""表达与计算""]","[""一次函数"", ""表达与计算""]",matched
t160-quality-20261007T014124Z-fbbe8ec7-08-IMP-IMAGE-r2,IMP-IMAGE,2,assisted_corrected,e5c1555f-e927-575c-b68c-85eb341a3202,23fe2089-951b-4cc9-934a-726ebed5dace,source_regions,unknown,False,,,,reference_unknown
t160-quality-20261007T014124Z-fbbe8ec7-08-IMP-IMAGE-r2,IMP-IMAGE,2,assisted_corrected,e5c1555f-e927-575c-b68c-85eb341a3202,23fe2089-951b-4cc9-934a-726ebed5dace,assets,source_provided,True,False,"[{""asset_type"": ""table"", ""source_page_number"": 1, ""order_index"": 1}]",,matched
t160-quality-20261007T014124Z-fbbe8ec7-09-IMP-IMAGE-r3,IMP-IMAGE,3,automatic,c4d750a5-4dc4-5a35-83e2-dee4ca44aca1,34af1298-1881-438b-a77f-822dccbd8af7,question_number,source_provided,True,True,1,1,matched
t160-quality-20261007T014124Z-fbbe8ec7-09-IMP-IMAGE-r3,IMP-IMAGE,3,automatic,c4d750a5-4dc4-5a35-83e2-dee4ca44aca1,34af1298-1881-438b-a77f-822dccbd8af7,order_index,source_provided,True,True,1,1,matched
t160-quality-20261007T014124Z-fbbe8ec7-09-IMP-IMAGE-r3,IMP-IMAGE,3,automatic,c4d750a5-4dc4-5a35-83e2-dee4ca44aca1,34af1298-1881-438b-a77f-822dccbd8af7,source_page_numbers,source_provided,True,True,[1],[1],matched
t160-quality-20261007T014124Z-fbbe8ec7-09-IMP-IMAGE-r3,IMP-IMAGE,3,automatic,c4d750a5-4dc4-5a35-83e2-dee4ca44aca1,34af1298-1881-438b-a77f-822dccbd8af7,question_type,source_provided,True,True,SINGLE_CHOICE,SINGLE_CHOICE,matched
t160-quality-20261007T014124Z-fbbe8ec7-09-IMP-IMAGE-r3,IMP-IMAGE,3,automatic,c4d750a5-4dc4-5a35-83e2-dee4ca44aca1,34af1298-1881-438b-a77f-822dccbd8af7,content,source_provided,True,True,y = 2x + 1，x = 3 时 y 为多少？,y = 2x + 1，x = 3 时 y 为多少？,matched
t160-quality-20261007T014124Z-fbbe8ec7-09-IMP-IMAGE-r3,IMP-IMAGE,3,automatic,c4d750a5-4dc4-5a35-83e2-dee4ca44aca1,34af1298-1881-438b-a77f-822dccbd8af7,options,source_provided,True,True,"{""C"": ""7"", ""A"": ""5"", ""B"": ""6"", ""D"": ""8""}","{""C"": ""7"", ""A"": ""5"", ""B"": ""6"", ""D"": ""8""}",matched
t160-quality-20261007T014124Z-fbbe8ec7-09-IMP-IMAGE-r3,IMP-IMAGE,3,automatic,c4d750a5-4dc4-5a35-83e2-dee4ca44aca1,34af1298-1881-438b-a77f-822dccbd8af7,reference_answer,source_provided,True,True,C,C,matched
t160-quality-20261007T014124Z-fbbe8ec7-09-IMP-IMAGE-r3,IMP-IMAGE,3,automatic,c4d750a5-4dc4-5a35-83e2-dee4ca44aca1,34af1298-1881-438b-a77f-822dccbd8af7,analysis,source_provided,True,False,2 × 3 + 1 = 7。,2 × 3 +1=7。,matched
t160-quality-20261007T014124Z-fbbe8ec7-09-IMP-IMAGE-r3,IMP-IMAGE,3,automatic,c4d750a5-4dc4-5a35-83e2-dee4ca44aca1,34af1298-1881-438b-a77f-822dccbd8af7,score,source_provided,True,True,2.00,2.00,matched
t160-quality-20261007T014124Z-fbbe8ec7-09-IMP-IMAGE-r3,IMP-IMAGE,3,automatic,c4d750a5-4dc4-5a35-83e2-dee4ca44aca1,34af1298-1881-438b-a77f-822dccbd8af7,scoring_rubric,known_missing,True,True,,,matched
t160-quality-20261007T014124Z-fbbe8ec7-09-IMP-IMAGE-r3,IMP-IMAGE,3,automatic,c4d750a5-4dc4-5a35-83e2-dee4ca44aca1,34af1298-1881-438b-a77f-822dccbd8af7,knowledge_points,known_missing,True,True,[],[],matched
t160-quality-20261007T014124Z-fbbe8ec7-09-IMP-IMAGE-r3,IMP-IMAGE,3,automatic,c4d750a5-4dc4-5a35-83e2-dee4ca44aca1,34af1298-1881-438b-a77f-822dccbd8af7,source_regions,unknown,False,,,,reference_unknown
t160-quality-20261007T014124Z-fbbe8ec7-09-IMP-IMAGE-r3,IMP-IMAGE,3,automatic,c4d750a5-4dc4-5a35-83e2-dee4ca44aca1,34af1298-1881-438b-a77f-822dccbd8af7,assets,source_provided,True,False,[],,matched
t160-quality-20261007T014124Z-fbbe8ec7-09-IMP-IMAGE-r3,IMP-IMAGE,3,automatic,e418791a-1462-52b7-98fe-396ce71b8d48,a57dd9f7-5fd0-4acd-a37a-8aa581100f57,question_number,source_provided,True,True,2,2,matched
t160-quality-20261007T014124Z-fbbe8ec7-09-IMP-IMAGE-r3,IMP-IMAGE,3,automatic,e418791a-1462-52b7-98fe-396ce71b8d48,a57dd9f7-5fd0-4acd-a37a-8aa581100f57,order_index,source_provided,True,True,2,2,matched
t160-quality-20261007T014124Z-fbbe8ec7-09-IMP-IMAGE-r3,IMP-IMAGE,3,automatic,e418791a-1462-52b7-98fe-396ce71b8d48,a57dd9f7-5fd0-4acd-a37a-8aa581100f57,source_page_numbers,source_provided,True,True,[1],[1],matched
t160-quality-20261007T014124Z-fbbe8ec7-09-IMP-IMAGE-r3,IMP-IMAGE,3,automatic,e418791a-1462-52b7-98fe-396ce71b8d48,a57dd9f7-5fd0-4acd-a37a-8aa581100f57,question_type,source_provided,True,True,TRUE_FALSE,TRUE_FALSE,matched
t160-quality-20261007T014124Z-fbbe8ec7-09-IMP-IMAGE-r3,IMP-IMAGE,3,automatic,e418791a-1462-52b7-98fe-396ce71b8d48,a57dd9f7-5fd0-4acd-a37a-8aa581100f57,content,source_provided,True,False,右图三角形面积为 24 cm²。,右图三角形面积为24cm²。,matched
t160-quality-20261007T014124Z-fbbe8ec7-09-IMP-IMAGE-r3,IMP-IMAGE,3,automatic,e418791a-1462-52b7-98fe-396ce71b8d48,a57dd9f7-5fd0-4acd-a37a-8aa581100f57,options,source_provided,True,True,"[""正确"", ""错误""]","[""正确"", ""错误""]",matched
t160-quality-20261007T014124Z-fbbe8ec7-09-IMP-IMAGE-r3,IMP-IMAGE,3,automatic,e418791a-1462-52b7-98fe-396ce71b8d48,a57dd9f7-5fd0-4acd-a37a-8aa581100f57,reference_answer,known_missing,True,True,,,matched
t160-quality-20261007T014124Z-fbbe8ec7-09-IMP-IMAGE-r3,IMP-IMAGE,3,automatic,e418791a-1462-52b7-98fe-396ce71b8d48,a57dd9f7-5fd0-4acd-a37a-8aa581100f57,analysis,known_missing,True,True,,,matched
t160-quality-20261007T014124Z-fbbe8ec7-09-IMP-IMAGE-r3,IMP-IMAGE,3,automatic,e418791a-1462-52b7-98fe-396ce71b8d48,a57dd9f7-5fd0-4acd-a37a-8aa581100f57,score,source_provided,True,True,2.00,2.00,matched
t160-quality-20261007T014124Z-fbbe8ec7-09-IMP-IMAGE-r3,IMP-IMAGE,3,automatic,e418791a-1462-52b7-98fe-396ce71b8d48,a57dd9f7-5fd0-4acd-a37a-8aa581100f57,scoring_rubric,known_missing,True,True,,,matched
t160-quality-20261007T014124Z-fbbe8ec7-09-IMP-IMAGE-r3,IMP-IMAGE,3,automatic,e418791a-1462-52b7-98fe-396ce71b8d48,a57dd9f7-5fd0-4acd-a37a-8aa581100f57,knowledge_points,known_missing,True,True,[],[],matched
t160-quality-20261007T014124Z-fbbe8ec7-09-IMP-IMAGE-r3,IMP-IMAGE,3,automatic,e418791a-1462-52b7-98fe-396ce71b8d48,a57dd9f7-5fd0-4acd-a37a-8aa581100f57,source_regions,unknown,False,,,,reference_unknown
t160-quality-20261007T014124Z-fbbe8ec7-09-IMP-IMAGE-r3,IMP-IMAGE,3,automatic,e418791a-1462-52b7-98fe-396ce71b8d48,a57dd9f7-5fd0-4acd-a37a-8aa581100f57,assets,source_provided,True,False,"[{""asset_type"": ""figure"", ""source_page_number"": 1, ""order_index"": 1}]",,matched
t160-quality-20261007T014124Z-fbbe8ec7-09-IMP-IMAGE-r3,IMP-IMAGE,3,automatic,e5c1555f-e927-575c-b68c-85eb341a3202,619eff39-85e8-4e41-8cc8-bbe72422431e,question_number,source_provided,True,True,3,3,matched
t160-quality-20261007T014124Z-fbbe8ec7-09-IMP-IMAGE-r3,IMP-IMAGE,3,automatic,e5c1555f-e927-575c-b68c-85eb341a3202,619eff39-85e8-4e41-8cc8-bbe72422431e,order_index,source_provided,True,True,3,3,matched
t160-quality-20261007T014124Z-fbbe8ec7-09-IMP-IMAGE-r3,IMP-IMAGE,3,automatic,e5c1555f-e927-575c-b68c-85eb341a3202,619eff39-85e8-4e41-8cc8-bbe72422431e,source_page_numbers,source_provided,True,True,[1],[1],matched
t160-quality-20261007T014124Z-fbbe8ec7-09-IMP-IMAGE-r3,IMP-IMAGE,3,automatic,e5c1555f-e927-575c-b68c-85eb341a3202,619eff39-85e8-4e41-8cc8-bbe72422431e,question_type,source_provided,True,True,SHORT_ANSWER,SHORT_ANSWER,matched
t160-quality-20261007T014124Z-fbbe8ec7-09-IMP-IMAGE-r3,IMP-IMAGE,3,automatic,e5c1555f-e927-575c-b68c-85eb341a3202,619eff39-85e8-4e41-8cc8-bbe72422431e,content,source_provided,True,True,根据下表写出 y 关于 x 的关系式。,根据下表写出 y 关于 x 的关系式。,matched
t160-quality-20261007T014124Z-fbbe8ec7-09-IMP-IMAGE-r3,IMP-IMAGE,3,automatic,e5c1555f-e927-575c-b68c-85eb341a3202,619eff39-85e8-4e41-8cc8-bbe72422431e,options,not_applicable,True,True,,,matched
t160-quality-20261007T014124Z-fbbe8ec7-09-IMP-IMAGE-r3,IMP-IMAGE,3,automatic,e5c1555f-e927-575c-b68c-85eb341a3202,619eff39-85e8-4e41-8cc8-bbe72422431e,reference_answer,known_missing,True,True,,,matched
t160-quality-20261007T014124Z-fbbe8ec7-09-IMP-IMAGE-r3,IMP-IMAGE,3,automatic,e5c1555f-e927-575c-b68c-85eb341a3202,619eff39-85e8-4e41-8cc8-bbe72422431e,analysis,known_missing,True,True,,,matched
t160-quality-20261007T014124Z-fbbe8ec7-09-IMP-IMAGE-r3,IMP-IMAGE,3,automatic,e5c1555f-e927-575c-b68c-85eb341a3202,619eff39-85e8-4e41-8cc8-bbe72422431e,score,source_provided,True,True,3.00,3.00,matched
t160-quality-20261007T014124Z-fbbe8ec7-09-IMP-IMAGE-r3,IMP-IMAGE,3,automatic,e5c1555f-e927-575c-b68c-85eb341a3202,619eff39-85e8-4e41-8cc8-bbe72422431e,scoring_rubric,source_provided,True,False,正确关系式 1.00；说明代入过程 2.00。,正确关系式1.00；说明代入过程2.00。,matched
t160-quality-20261007T014124Z-fbbe8ec7-09-IMP-IMAGE-r3,IMP-IMAGE,3,automatic,e5c1555f-e927-575c-b68c-85eb341a3202,619eff39-85e8-4e41-8cc8-bbe72422431e,knowledge_points,source_provided,True,False,"[""一次函数"", ""表达与计算""]","[""一次函数、表达与计算""]",matched
t160-quality-20261007T014124Z-fbbe8ec7-09-IMP-IMAGE-r3,IMP-IMAGE,3,automatic,e5c1555f-e927-575c-b68c-85eb341a3202,619eff39-85e8-4e41-8cc8-bbe72422431e,source_regions,unknown,False,,,,reference_unknown
t160-quality-20261007T014124Z-fbbe8ec7-09-IMP-IMAGE-r3,IMP-IMAGE,3,automatic,e5c1555f-e927-575c-b68c-85eb341a3202,619eff39-85e8-4e41-8cc8-bbe72422431e,assets,source_provided,True,False,"[{""asset_type"": ""table"", ""source_page_number"": 1, ""order_index"": 1}]",,matched
t160-quality-20261007T014124Z-fbbe8ec7-09-IMP-IMAGE-r3,IMP-IMAGE,3,assisted_corrected,c4d750a5-4dc4-5a35-83e2-dee4ca44aca1,34af1298-1881-438b-a77f-822dccbd8af7,question_number,source_provided,True,True,1,1,matched
t160-quality-20261007T014124Z-fbbe8ec7-09-IMP-IMAGE-r3,IMP-IMAGE,3,assisted_corrected,c4d750a5-4dc4-5a35-83e2-dee4ca44aca1,34af1298-1881-438b-a77f-822dccbd8af7,order_index,source_provided,True,True,1,1,matched
t160-quality-20261007T014124Z-fbbe8ec7-09-IMP-IMAGE-r3,IMP-IMAGE,3,assisted_corrected,c4d750a5-4dc4-5a35-83e2-dee4ca44aca1,34af1298-1881-438b-a77f-822dccbd8af7,source_page_numbers,source_provided,True,True,[1],[1],matched
t160-quality-20261007T014124Z-fbbe8ec7-09-IMP-IMAGE-r3,IMP-IMAGE,3,assisted_corrected,c4d750a5-4dc4-5a35-83e2-dee4ca44aca1,34af1298-1881-438b-a77f-822dccbd8af7,question_type,source_provided,True,True,SINGLE_CHOICE,SINGLE_CHOICE,matched
t160-quality-20261007T014124Z-fbbe8ec7-09-IMP-IMAGE-r3,IMP-IMAGE,3,assisted_corrected,c4d750a5-4dc4-5a35-83e2-dee4ca44aca1,34af1298-1881-438b-a77f-822dccbd8af7,content,source_provided,True,True,y = 2x + 1，x = 3 时 y 为多少？,y = 2x + 1，x = 3 时 y 为多少？,matched
t160-quality-20261007T014124Z-fbbe8ec7-09-IMP-IMAGE-r3,IMP-IMAGE,3,assisted_corrected,c4d750a5-4dc4-5a35-83e2-dee4ca44aca1,34af1298-1881-438b-a77f-822dccbd8af7,options,source_provided,True,True,"{""C"": ""7"", ""A"": ""5"", ""B"": ""6"", ""D"": ""8""}","{""C"": ""7"", ""A"": ""5"", ""B"": ""6"", ""D"": ""8""}",matched
t160-quality-20261007T014124Z-fbbe8ec7-09-IMP-IMAGE-r3,IMP-IMAGE,3,assisted_corrected,c4d750a5-4dc4-5a35-83e2-dee4ca44aca1,34af1298-1881-438b-a77f-822dccbd8af7,reference_answer,source_provided,True,True,C,C,matched
t160-quality-20261007T014124Z-fbbe8ec7-09-IMP-IMAGE-r3,IMP-IMAGE,3,assisted_corrected,c4d750a5-4dc4-5a35-83e2-dee4ca44aca1,34af1298-1881-438b-a77f-822dccbd8af7,analysis,source_provided,True,True,2 × 3 + 1 = 7。,2 × 3 + 1 = 7。,matched
t160-quality-20261007T014124Z-fbbe8ec7-09-IMP-IMAGE-r3,IMP-IMAGE,3,assisted_corrected,c4d750a5-4dc4-5a35-83e2-dee4ca44aca1,34af1298-1881-438b-a77f-822dccbd8af7,score,source_provided,True,True,2.00,2.00,matched
t160-quality-20261007T014124Z-fbbe8ec7-09-IMP-IMAGE-r3,IMP-IMAGE,3,assisted_corrected,c4d750a5-4dc4-5a35-83e2-dee4ca44aca1,34af1298-1881-438b-a77f-822dccbd8af7,scoring_rubric,known_missing,True,True,,,matched
t160-quality-20261007T014124Z-fbbe8ec7-09-IMP-IMAGE-r3,IMP-IMAGE,3,assisted_corrected,c4d750a5-4dc4-5a35-83e2-dee4ca44aca1,34af1298-1881-438b-a77f-822dccbd8af7,knowledge_points,known_missing,True,True,[],[],matched
t160-quality-20261007T014124Z-fbbe8ec7-09-IMP-IMAGE-r3,IMP-IMAGE,3,assisted_corrected,c4d750a5-4dc4-5a35-83e2-dee4ca44aca1,34af1298-1881-438b-a77f-822dccbd8af7,source_regions,unknown,False,,,,reference_unknown
t160-quality-20261007T014124Z-fbbe8ec7-09-IMP-IMAGE-r3,IMP-IMAGE,3,assisted_corrected,c4d750a5-4dc4-5a35-83e2-dee4ca44aca1,34af1298-1881-438b-a77f-822dccbd8af7,assets,source_provided,True,True,[],[],matched
t160-quality-20261007T014124Z-fbbe8ec7-09-IMP-IMAGE-r3,IMP-IMAGE,3,assisted_corrected,e418791a-1462-52b7-98fe-396ce71b8d48,a57dd9f7-5fd0-4acd-a37a-8aa581100f57,question_number,source_provided,True,True,2,2,matched
t160-quality-20261007T014124Z-fbbe8ec7-09-IMP-IMAGE-r3,IMP-IMAGE,3,assisted_corrected,e418791a-1462-52b7-98fe-396ce71b8d48,a57dd9f7-5fd0-4acd-a37a-8aa581100f57,order_index,source_provided,True,True,2,2,matched
t160-quality-20261007T014124Z-fbbe8ec7-09-IMP-IMAGE-r3,IMP-IMAGE,3,assisted_corrected,e418791a-1462-52b7-98fe-396ce71b8d48,a57dd9f7-5fd0-4acd-a37a-8aa581100f57,source_page_numbers,source_provided,True,True,[1],[1],matched
t160-quality-20261007T014124Z-fbbe8ec7-09-IMP-IMAGE-r3,IMP-IMAGE,3,assisted_corrected,e418791a-1462-52b7-98fe-396ce71b8d48,a57dd9f7-5fd0-4acd-a37a-8aa581100f57,question_type,source_provided,True,True,TRUE_FALSE,TRUE_FALSE,matched
t160-quality-20261007T014124Z-fbbe8ec7-09-IMP-IMAGE-r3,IMP-IMAGE,3,assisted_corrected,e418791a-1462-52b7-98fe-396ce71b8d48,a57dd9f7-5fd0-4acd-a37a-8aa581100f57,content,source_provided,True,True,右图三角形面积为 24 cm²。,右图三角形面积为 24 cm²。,matched
t160-quality-20261007T014124Z-fbbe8ec7-09-IMP-IMAGE-r3,IMP-IMAGE,3,assisted_corrected,e418791a-1462-52b7-98fe-396ce71b8d48,a57dd9f7-5fd0-4acd-a37a-8aa581100f57,options,source_provided,True,True,"[""正确"", ""错误""]","[""正确"", ""错误""]",matched
t160-quality-20261007T014124Z-fbbe8ec7-09-IMP-IMAGE-r3,IMP-IMAGE,3,assisted_corrected,e418791a-1462-52b7-98fe-396ce71b8d48,a57dd9f7-5fd0-4acd-a37a-8aa581100f57,reference_answer,known_missing,True,True,,,matched
t160-quality-20261007T014124Z-fbbe8ec7-09-IMP-IMAGE-r3,IMP-IMAGE,3,assisted_corrected,e418791a-1462-52b7-98fe-396ce71b8d48,a57dd9f7-5fd0-4acd-a37a-8aa581100f57,analysis,known_missing,True,True,,,matched
t160-quality-20261007T014124Z-fbbe8ec7-09-IMP-IMAGE-r3,IMP-IMAGE,3,assisted_corrected,e418791a-1462-52b7-98fe-396ce71b8d48,a57dd9f7-5fd0-4acd-a37a-8aa581100f57,score,source_provided,True,True,2.00,2.00,matched
t160-quality-20261007T014124Z-fbbe8ec7-09-IMP-IMAGE-r3,IMP-IMAGE,3,assisted_corrected,e418791a-1462-52b7-98fe-396ce71b8d48,a57dd9f7-5fd0-4acd-a37a-8aa581100f57,scoring_rubric,known_missing,True,True,,,matched
t160-quality-20261007T014124Z-fbbe8ec7-09-IMP-IMAGE-r3,IMP-IMAGE,3,assisted_corrected,e418791a-1462-52b7-98fe-396ce71b8d48,a57dd9f7-5fd0-4acd-a37a-8aa581100f57,knowledge_points,known_missing,True,True,[],[],matched
t160-quality-20261007T014124Z-fbbe8ec7-09-IMP-IMAGE-r3,IMP-IMAGE,3,assisted_corrected,e418791a-1462-52b7-98fe-396ce71b8d48,a57dd9f7-5fd0-4acd-a37a-8aa581100f57,source_regions,unknown,False,,,,reference_unknown
t160-quality-20261007T014124Z-fbbe8ec7-09-IMP-IMAGE-r3,IMP-IMAGE,3,assisted_corrected,e418791a-1462-52b7-98fe-396ce71b8d48,a57dd9f7-5fd0-4acd-a37a-8aa581100f57,assets,source_provided,True,False,"[{""asset_type"": ""figure"", ""source_page_number"": 1, ""order_index"": 1}]",,matched
t160-quality-20261007T014124Z-fbbe8ec7-09-IMP-IMAGE-r3,IMP-IMAGE,3,assisted_corrected,e5c1555f-e927-575c-b68c-85eb341a3202,619eff39-85e8-4e41-8cc8-bbe72422431e,question_number,source_provided,True,True,3,3,matched
t160-quality-20261007T014124Z-fbbe8ec7-09-IMP-IMAGE-r3,IMP-IMAGE,3,assisted_corrected,e5c1555f-e927-575c-b68c-85eb341a3202,619eff39-85e8-4e41-8cc8-bbe72422431e,order_index,source_provided,True,True,3,3,matched
t160-quality-20261007T014124Z-fbbe8ec7-09-IMP-IMAGE-r3,IMP-IMAGE,3,assisted_corrected,e5c1555f-e927-575c-b68c-85eb341a3202,619eff39-85e8-4e41-8cc8-bbe72422431e,source_page_numbers,source_provided,True,True,[1],[1],matched
t160-quality-20261007T014124Z-fbbe8ec7-09-IMP-IMAGE-r3,IMP-IMAGE,3,assisted_corrected,e5c1555f-e927-575c-b68c-85eb341a3202,619eff39-85e8-4e41-8cc8-bbe72422431e,question_type,source_provided,True,True,SHORT_ANSWER,SHORT_ANSWER,matched
t160-quality-20261007T014124Z-fbbe8ec7-09-IMP-IMAGE-r3,IMP-IMAGE,3,assisted_corrected,e5c1555f-e927-575c-b68c-85eb341a3202,619eff39-85e8-4e41-8cc8-bbe72422431e,content,source_provided,True,True,根据下表写出 y 关于 x 的关系式。,根据下表写出 y 关于 x 的关系式。,matched
t160-quality-20261007T014124Z-fbbe8ec7-09-IMP-IMAGE-r3,IMP-IMAGE,3,assisted_corrected,e5c1555f-e927-575c-b68c-85eb341a3202,619eff39-85e8-4e41-8cc8-bbe72422431e,options,not_applicable,True,True,,,matched
t160-quality-20261007T014124Z-fbbe8ec7-09-IMP-IMAGE-r3,IMP-IMAGE,3,assisted_corrected,e5c1555f-e927-575c-b68c-85eb341a3202,619eff39-85e8-4e41-8cc8-bbe72422431e,reference_answer,known_missing,True,True,,,matched
t160-quality-20261007T014124Z-fbbe8ec7-09-IMP-IMAGE-r3,IMP-IMAGE,3,assisted_corrected,e5c1555f-e927-575c-b68c-85eb341a3202,619eff39-85e8-4e41-8cc8-bbe72422431e,analysis,known_missing,True,True,,,matched
t160-quality-20261007T014124Z-fbbe8ec7-09-IMP-IMAGE-r3,IMP-IMAGE,3,assisted_corrected,e5c1555f-e927-575c-b68c-85eb341a3202,619eff39-85e8-4e41-8cc8-bbe72422431e,score,source_provided,True,True,3.00,3.00,matched
t160-quality-20261007T014124Z-fbbe8ec7-09-IMP-IMAGE-r3,IMP-IMAGE,3,assisted_corrected,e5c1555f-e927-575c-b68c-85eb341a3202,619eff39-85e8-4e41-8cc8-bbe72422431e,scoring_rubric,source_provided,True,True,正确关系式 1.00；说明代入过程 2.00。,正确关系式 1.00；说明代入过程 2.00。,matched
t160-quality-20261007T014124Z-fbbe8ec7-09-IMP-IMAGE-r3,IMP-IMAGE,3,assisted_corrected,e5c1555f-e927-575c-b68c-85eb341a3202,619eff39-85e8-4e41-8cc8-bbe72422431e,knowledge_points,source_provided,True,True,"[""一次函数"", ""表达与计算""]","[""一次函数"", ""表达与计算""]",matched
t160-quality-20261007T014124Z-fbbe8ec7-09-IMP-IMAGE-r3,IMP-IMAGE,3,assisted_corrected,e5c1555f-e927-575c-b68c-85eb341a3202,619eff39-85e8-4e41-8cc8-bbe72422431e,source_regions,unknown,False,,,,reference_unknown
t160-quality-20261007T014124Z-fbbe8ec7-09-IMP-IMAGE-r3,IMP-IMAGE,3,assisted_corrected,e5c1555f-e927-575c-b68c-85eb341a3202,619eff39-85e8-4e41-8cc8-bbe72422431e,assets,source_provided,True,False,"[{""asset_type"": ""table"", ""source_page_number"": 1, ""order_index"": 1}]",,matched
t160-quality-20261007T014124Z-fbbe8ec7-10-IMP-MIXED-r1,IMP-MIXED,1,automatic,1faa8619-84cc-5d65-86ae-244c7f68645e,ac2b28d6-bc48-487b-b885-0d9643c110ce,question_number,source_provided,True,True,1,1,matched
t160-quality-20261007T014124Z-fbbe8ec7-10-IMP-MIXED-r1,IMP-MIXED,1,automatic,1faa8619-84cc-5d65-86ae-244c7f68645e,ac2b28d6-bc48-487b-b885-0d9643c110ce,order_index,source_provided,True,True,1,1,matched
t160-quality-20261007T014124Z-fbbe8ec7-10-IMP-MIXED-r1,IMP-MIXED,1,automatic,1faa8619-84cc-5d65-86ae-244c7f68645e,ac2b28d6-bc48-487b-b885-0d9643c110ce,source_page_numbers,source_provided,True,True,[1],[1],matched
t160-quality-20261007T014124Z-fbbe8ec7-10-IMP-MIXED-r1,IMP-MIXED,1,automatic,1faa8619-84cc-5d65-86ae-244c7f68645e,ac2b28d6-bc48-487b-b885-0d9643c110ce,question_type,source_provided,True,True,SINGLE_CHOICE,SINGLE_CHOICE,matched
t160-quality-20261007T014124Z-fbbe8ec7-10-IMP-MIXED-r1,IMP-MIXED,1,automatic,1faa8619-84cc-5d65-86ae-244c7f68645e,ac2b28d6-bc48-487b-b885-0d9643c110ce,content,source_provided,True,True,y = 2x + 1，x = 3 时 y 为多少？,y = 2x + 1，x = 3 时 y 为多少？,matched
t160-quality-20261007T014124Z-fbbe8ec7-10-IMP-MIXED-r1,IMP-MIXED,1,automatic,1faa8619-84cc-5d65-86ae-244c7f68645e,ac2b28d6-bc48-487b-b885-0d9643c110ce,options,source_provided,True,True,"{""C"": ""7"", ""A"": ""5"", ""B"": ""6"", ""D"": ""8""}","{""C"": ""7"", ""A"": ""5"", ""B"": ""6"", ""D"": ""8""}",matched
t160-quality-20261007T014124Z-fbbe8ec7-10-IMP-MIXED-r1,IMP-MIXED,1,automatic,1faa8619-84cc-5d65-86ae-244c7f68645e,ac2b28d6-bc48-487b-b885-0d9643c110ce,reference_answer,source_provided,True,True,C,C,matched
t160-quality-20261007T014124Z-fbbe8ec7-10-IMP-MIXED-r1,IMP-MIXED,1,automatic,1faa8619-84cc-5d65-86ae-244c7f68645e,ac2b28d6-bc48-487b-b885-0d9643c110ce,analysis,source_provided,True,True,2 × 3 + 1 = 7。,2 × 3 + 1 = 7。,matched
t160-quality-20261007T014124Z-fbbe8ec7-10-IMP-MIXED-r1,IMP-MIXED,1,automatic,1faa8619-84cc-5d65-86ae-244c7f68645e,ac2b28d6-bc48-487b-b885-0d9643c110ce,score,source_provided,True,True,2.00,2.00,matched
t160-quality-20261007T014124Z-fbbe8ec7-10-IMP-MIXED-r1,IMP-MIXED,1,automatic,1faa8619-84cc-5d65-86ae-244c7f68645e,ac2b28d6-bc48-487b-b885-0d9643c110ce,scoring_rubric,known_missing,True,True,,,matched
t160-quality-20261007T014124Z-fbbe8ec7-10-IMP-MIXED-r1,IMP-MIXED,1,automatic,1faa8619-84cc-5d65-86ae-244c7f68645e,ac2b28d6-bc48-487b-b885-0d9643c110ce,knowledge_points,known_missing,True,True,[],[],matched
t160-quality-20261007T014124Z-fbbe8ec7-10-IMP-MIXED-r1,IMP-MIXED,1,automatic,1faa8619-84cc-5d65-86ae-244c7f68645e,ac2b28d6-bc48-487b-b885-0d9643c110ce,source_regions,unknown,False,,,,reference_unknown
t160-quality-20261007T014124Z-fbbe8ec7-10-IMP-MIXED-r1,IMP-MIXED,1,automatic,1faa8619-84cc-5d65-86ae-244c7f68645e,ac2b28d6-bc48-487b-b885-0d9643c110ce,assets,source_provided,True,False,[],,matched
t160-quality-20261007T014124Z-fbbe8ec7-10-IMP-MIXED-r1,IMP-MIXED,1,automatic,545de13f-3fe9-524b-a917-7ab04807806f,ee962b62-3880-4b7f-b20d-d5e268840886,question_number,source_provided,True,True,2,2,matched
t160-quality-20261007T014124Z-fbbe8ec7-10-IMP-MIXED-r1,IMP-MIXED,1,automatic,545de13f-3fe9-524b-a917-7ab04807806f,ee962b62-3880-4b7f-b20d-d5e268840886,order_index,source_provided,True,True,2,2,matched
t160-quality-20261007T014124Z-fbbe8ec7-10-IMP-MIXED-r1,IMP-MIXED,1,automatic,545de13f-3fe9-524b-a917-7ab04807806f,ee962b62-3880-4b7f-b20d-d5e268840886,source_page_numbers,source_provided,True,True,[1],[1],matched
t160-quality-20261007T014124Z-fbbe8ec7-10-IMP-MIXED-r1,IMP-MIXED,1,automatic,545de13f-3fe9-524b-a917-7ab04807806f,ee962b62-3880-4b7f-b20d-d5e268840886,question_type,source_provided,True,True,TRUE_FALSE,TRUE_FALSE,matched
t160-quality-20261007T014124Z-fbbe8ec7-10-IMP-MIXED-r1,IMP-MIXED,1,automatic,545de13f-3fe9-524b-a917-7ab04807806f,ee962b62-3880-4b7f-b20d-d5e268840886,content,source_provided,True,True,右图三角形面积为 24 cm²。,右图三角形面积为 24 cm²。,matched
t160-quality-20261007T014124Z-fbbe8ec7-10-IMP-MIXED-r1,IMP-MIXED,1,automatic,545de13f-3fe9-524b-a917-7ab04807806f,ee962b62-3880-4b7f-b20d-d5e268840886,options,source_provided,True,True,"[""正确"", ""错误""]","[""正确"", ""错误""]",matched
t160-quality-20261007T014124Z-fbbe8ec7-10-IMP-MIXED-r1,IMP-MIXED,1,automatic,545de13f-3fe9-524b-a917-7ab04807806f,ee962b62-3880-4b7f-b20d-d5e268840886,reference_answer,known_missing,True,True,,,matched
t160-quality-20261007T014124Z-fbbe8ec7-10-IMP-MIXED-r1,IMP-MIXED,1,automatic,545de13f-3fe9-524b-a917-7ab04807806f,ee962b62-3880-4b7f-b20d-d5e268840886,analysis,known_missing,True,True,,,matched
t160-quality-20261007T014124Z-fbbe8ec7-10-IMP-MIXED-r1,IMP-MIXED,1,automatic,545de13f-3fe9-524b-a917-7ab04807806f,ee962b62-3880-4b7f-b20d-d5e268840886,score,source_provided,True,True,2.00,2.00,matched
t160-quality-20261007T014124Z-fbbe8ec7-10-IMP-MIXED-r1,IMP-MIXED,1,automatic,545de13f-3fe9-524b-a917-7ab04807806f,ee962b62-3880-4b7f-b20d-d5e268840886,scoring_rubric,known_missing,True,True,,,matched
t160-quality-20261007T014124Z-fbbe8ec7-10-IMP-MIXED-r1,IMP-MIXED,1,automatic,545de13f-3fe9-524b-a917-7ab04807806f,ee962b62-3880-4b7f-b20d-d5e268840886,knowledge_points,known_missing,True,True,[],[],matched
t160-quality-20261007T014124Z-fbbe8ec7-10-IMP-MIXED-r1,IMP-MIXED,1,automatic,545de13f-3fe9-524b-a917-7ab04807806f,ee962b62-3880-4b7f-b20d-d5e268840886,source_regions,unknown,False,,,,reference_unknown
t160-quality-20261007T014124Z-fbbe8ec7-10-IMP-MIXED-r1,IMP-MIXED,1,automatic,545de13f-3fe9-524b-a917-7ab04807806f,ee962b62-3880-4b7f-b20d-d5e268840886,assets,source_provided,True,False,"[{""asset_type"": ""figure"", ""source_page_number"": 1, ""order_index"": 1}]",,matched
t160-quality-20261007T014124Z-fbbe8ec7-10-IMP-MIXED-r1,IMP-MIXED,1,automatic,85533f46-eb86-5893-8742-33939e77750f,1a081e19-3f28-43a5-a83f-89e3259b738a,question_number,source_provided,True,True,3,3,matched
t160-quality-20261007T014124Z-fbbe8ec7-10-IMP-MIXED-r1,IMP-MIXED,1,automatic,85533f46-eb86-5893-8742-33939e77750f,1a081e19-3f28-43a5-a83f-89e3259b738a,order_index,source_provided,True,True,3,3,matched
t160-quality-20261007T014124Z-fbbe8ec7-10-IMP-MIXED-r1,IMP-MIXED,1,automatic,85533f46-eb86-5893-8742-33939e77750f,1a081e19-3f28-43a5-a83f-89e3259b738a,source_page_numbers,source_provided,True,True,[1],[1],matched
t160-quality-20261007T014124Z-fbbe8ec7-10-IMP-MIXED-r1,IMP-MIXED,1,automatic,85533f46-eb86-5893-8742-33939e77750f,1a081e19-3f28-43a5-a83f-89e3259b738a,question_type,source_provided,True,True,SHORT_ANSWER,SHORT_ANSWER,matched
t160-quality-20261007T014124Z-fbbe8ec7-10-IMP-MIXED-r1,IMP-MIXED,1,automatic,85533f46-eb86-5893-8742-33939e77750f,1a081e19-3f28-43a5-a83f-89e3259b738a,content,source_provided,True,True,根据下表写出 y 关于 x 的关系式。,根据下表写出 y 关于 x 的关系式。,matched
t160-quality-20261007T014124Z-fbbe8ec7-10-IMP-MIXED-r1,IMP-MIXED,1,automatic,85533f46-eb86-5893-8742-33939e77750f,1a081e19-3f28-43a5-a83f-89e3259b738a,options,not_applicable,True,True,,,matched
t160-quality-20261007T014124Z-fbbe8ec7-10-IMP-MIXED-r1,IMP-MIXED,1,automatic,85533f46-eb86-5893-8742-33939e77750f,1a081e19-3f28-43a5-a83f-89e3259b738a,reference_answer,known_missing,True,True,,,matched
t160-quality-20261007T014124Z-fbbe8ec7-10-IMP-MIXED-r1,IMP-MIXED,1,automatic,85533f46-eb86-5893-8742-33939e77750f,1a081e19-3f28-43a5-a83f-89e3259b738a,analysis,known_missing,True,True,,,matched
t160-quality-20261007T014124Z-fbbe8ec7-10-IMP-MIXED-r1,IMP-MIXED,1,automatic,85533f46-eb86-5893-8742-33939e77750f,1a081e19-3f28-43a5-a83f-89e3259b738a,score,source_provided,True,True,3.00,3.00,matched
t160-quality-20261007T014124Z-fbbe8ec7-10-IMP-MIXED-r1,IMP-MIXED,1,automatic,85533f46-eb86-5893-8742-33939e77750f,1a081e19-3f28-43a5-a83f-89e3259b738a,scoring_rubric,source_provided,True,True,正确关系式 1.00；说明代入过程 2.00。,正确关系式 1.00；说明代入过程 2.00。,matched
t160-quality-20261007T014124Z-fbbe8ec7-10-IMP-MIXED-r1,IMP-MIXED,1,automatic,85533f46-eb86-5893-8742-33939e77750f,1a081e19-3f28-43a5-a83f-89e3259b738a,knowledge_points,source_provided,True,True,"[""一次函数"", ""表达与计算""]","[""一次函数"", ""表达与计算""]",matched
t160-quality-20261007T014124Z-fbbe8ec7-10-IMP-MIXED-r1,IMP-MIXED,1,automatic,85533f46-eb86-5893-8742-33939e77750f,1a081e19-3f28-43a5-a83f-89e3259b738a,source_regions,unknown,False,,,,reference_unknown
t160-quality-20261007T014124Z-fbbe8ec7-10-IMP-MIXED-r1,IMP-MIXED,1,automatic,85533f46-eb86-5893-8742-33939e77750f,1a081e19-3f28-43a5-a83f-89e3259b738a,assets,source_provided,True,False,"[{""asset_type"": ""table"", ""source_page_number"": 1, ""order_index"": 1}]",,matched
t160-quality-20261007T014124Z-fbbe8ec7-10-IMP-MIXED-r1,IMP-MIXED,1,automatic,0fa8d57e-58c2-5aa4-b8cd-e52e96380a38,65464876-7002-4e81-a045-e88b8d27318d,question_number,source_provided,True,True,4,4,matched
t160-quality-20261007T014124Z-fbbe8ec7-10-IMP-MIXED-r1,IMP-MIXED,1,automatic,0fa8d57e-58c2-5aa4-b8cd-e52e96380a38,65464876-7002-4e81-a045-e88b8d27318d,order_index,source_provided,True,True,4,4,matched
t160-quality-20261007T014124Z-fbbe8ec7-10-IMP-MIXED-r1,IMP-MIXED,1,automatic,0fa8d57e-58c2-5aa4-b8cd-e52e96380a38,65464876-7002-4e81-a045-e88b8d27318d,source_page_numbers,source_provided,True,True,[2],[2],matched
t160-quality-20261007T014124Z-fbbe8ec7-10-IMP-MIXED-r1,IMP-MIXED,1,automatic,0fa8d57e-58c2-5aa4-b8cd-e52e96380a38,65464876-7002-4e81-a045-e88b8d27318d,question_type,source_provided,True,True,SINGLE_CHOICE,SINGLE_CHOICE,matched
t160-quality-20261007T014124Z-fbbe8ec7-10-IMP-MIXED-r1,IMP-MIXED,1,automatic,0fa8d57e-58c2-5aa4-b8cd-e52e96380a38,65464876-7002-4e81-a045-e88b8d27318d,content,source_provided,True,True,y = 2x + 1，x = 3 时 y 为多少？,y = 2x + 1，x = 3 时 y 为多少？,matched
t160-quality-20261007T014124Z-fbbe8ec7-10-IMP-MIXED-r1,IMP-MIXED,1,automatic,0fa8d57e-58c2-5aa4-b8cd-e52e96380a38,65464876-7002-4e81-a045-e88b8d27318d,options,source_provided,True,True,"{""C"": ""7"", ""A"": ""5"", ""B"": ""6"", ""D"": ""8""}","{""C"": ""7"", ""A"": ""5"", ""B"": ""6"", ""D"": ""8""}",matched
t160-quality-20261007T014124Z-fbbe8ec7-10-IMP-MIXED-r1,IMP-MIXED,1,automatic,0fa8d57e-58c2-5aa4-b8cd-e52e96380a38,65464876-7002-4e81-a045-e88b8d27318d,reference_answer,source_provided,True,True,C,C,matched
t160-quality-20261007T014124Z-fbbe8ec7-10-IMP-MIXED-r1,IMP-MIXED,1,automatic,0fa8d57e-58c2-5aa4-b8cd-e52e96380a38,65464876-7002-4e81-a045-e88b8d27318d,analysis,source_provided,True,True,2 × 3 + 1 = 7。,2 × 3 + 1 = 7。,matched
t160-quality-20261007T014124Z-fbbe8ec7-10-IMP-MIXED-r1,IMP-MIXED,1,automatic,0fa8d57e-58c2-5aa4-b8cd-e52e96380a38,65464876-7002-4e81-a045-e88b8d27318d,score,source_provided,True,True,2.00,2.00,matched
t160-quality-20261007T014124Z-fbbe8ec7-10-IMP-MIXED-r1,IMP-MIXED,1,automatic,0fa8d57e-58c2-5aa4-b8cd-e52e96380a38,65464876-7002-4e81-a045-e88b8d27318d,scoring_rubric,known_missing,True,True,,,matched
t160-quality-20261007T014124Z-fbbe8ec7-10-IMP-MIXED-r1,IMP-MIXED,1,automatic,0fa8d57e-58c2-5aa4-b8cd-e52e96380a38,65464876-7002-4e81-a045-e88b8d27318d,knowledge_points,known_missing,True,True,[],[],matched
t160-quality-20261007T014124Z-fbbe8ec7-10-IMP-MIXED-r1,IMP-MIXED,1,automatic,0fa8d57e-58c2-5aa4-b8cd-e52e96380a38,65464876-7002-4e81-a045-e88b8d27318d,source_regions,unknown,False,,,,reference_unknown
t160-quality-20261007T014124Z-fbbe8ec7-10-IMP-MIXED-r1,IMP-MIXED,1,automatic,0fa8d57e-58c2-5aa4-b8cd-e52e96380a38,65464876-7002-4e81-a045-e88b8d27318d,assets,source_provided,True,False,[],,matched
t160-quality-20261007T014124Z-fbbe8ec7-10-IMP-MIXED-r1,IMP-MIXED,1,automatic,455720b9-9061-5bce-83af-d6d53c6c84e1,62757c33-cd3d-458c-8725-4321afe5a423,question_number,source_provided,True,True,5,5,matched
t160-quality-20261007T014124Z-fbbe8ec7-10-IMP-MIXED-r1,IMP-MIXED,1,automatic,455720b9-9061-5bce-83af-d6d53c6c84e1,62757c33-cd3d-458c-8725-4321afe5a423,order_index,source_provided,True,True,5,5,matched
t160-quality-20261007T014124Z-fbbe8ec7-10-IMP-MIXED-r1,IMP-MIXED,1,automatic,455720b9-9061-5bce-83af-d6d53c6c84e1,62757c33-cd3d-458c-8725-4321afe5a423,source_page_numbers,source_provided,True,True,[2],[2],matched
t160-quality-20261007T014124Z-fbbe8ec7-10-IMP-MIXED-r1,IMP-MIXED,1,automatic,455720b9-9061-5bce-83af-d6d53c6c84e1,62757c33-cd3d-458c-8725-4321afe5a423,question_type,source_provided,True,True,TRUE_FALSE,TRUE_FALSE,matched
t160-quality-20261007T014124Z-fbbe8ec7-10-IMP-MIXED-r1,IMP-MIXED,1,automatic,455720b9-9061-5bce-83af-d6d53c6c84e1,62757c33-cd3d-458c-8725-4321afe5a423,content,source_provided,True,True,右图三角形面积为 24 cm²。,右图三角形面积为 24 cm²。,matched
t160-quality-20261007T014124Z-fbbe8ec7-10-IMP-MIXED-r1,IMP-MIXED,1,automatic,455720b9-9061-5bce-83af-d6d53c6c84e1,62757c33-cd3d-458c-8725-4321afe5a423,options,source_provided,True,True,"[""正确"", ""错误""]","[""正确"", ""错误""]",matched
t160-quality-20261007T014124Z-fbbe8ec7-10-IMP-MIXED-r1,IMP-MIXED,1,automatic,455720b9-9061-5bce-83af-d6d53c6c84e1,62757c33-cd3d-458c-8725-4321afe5a423,reference_answer,known_missing,True,True,,,matched
t160-quality-20261007T014124Z-fbbe8ec7-10-IMP-MIXED-r1,IMP-MIXED,1,automatic,455720b9-9061-5bce-83af-d6d53c6c84e1,62757c33-cd3d-458c-8725-4321afe5a423,analysis,known_missing,True,True,,,matched
t160-quality-20261007T014124Z-fbbe8ec7-10-IMP-MIXED-r1,IMP-MIXED,1,automatic,455720b9-9061-5bce-83af-d6d53c6c84e1,62757c33-cd3d-458c-8725-4321afe5a423,score,source_provided,True,True,2.00,2.00,matched
t160-quality-20261007T014124Z-fbbe8ec7-10-IMP-MIXED-r1,IMP-MIXED,1,automatic,455720b9-9061-5bce-83af-d6d53c6c84e1,62757c33-cd3d-458c-8725-4321afe5a423,scoring_rubric,known_missing,True,True,,,matched
t160-quality-20261007T014124Z-fbbe8ec7-10-IMP-MIXED-r1,IMP-MIXED,1,automatic,455720b9-9061-5bce-83af-d6d53c6c84e1,62757c33-cd3d-458c-8725-4321afe5a423,knowledge_points,known_missing,True,True,[],[],matched
t160-quality-20261007T014124Z-fbbe8ec7-10-IMP-MIXED-r1,IMP-MIXED,1,automatic,455720b9-9061-5bce-83af-d6d53c6c84e1,62757c33-cd3d-458c-8725-4321afe5a423,source_regions,unknown,False,,,,reference_unknown
t160-quality-20261007T014124Z-fbbe8ec7-10-IMP-MIXED-r1,IMP-MIXED,1,automatic,455720b9-9061-5bce-83af-d6d53c6c84e1,62757c33-cd3d-458c-8725-4321afe5a423,assets,source_provided,True,False,"[{""asset_type"": ""figure"", ""source_page_number"": 2, ""order_index"": 1}]",,matched
t160-quality-20261007T014124Z-fbbe8ec7-10-IMP-MIXED-r1,IMP-MIXED,1,automatic,bf862f8d-df39-5559-bab5-d942fccb2432,4ee472b2-2cf5-4f7e-87f7-2bc7499d44eb,question_number,source_provided,True,True,6,6,matched
t160-quality-20261007T014124Z-fbbe8ec7-10-IMP-MIXED-r1,IMP-MIXED,1,automatic,bf862f8d-df39-5559-bab5-d942fccb2432,4ee472b2-2cf5-4f7e-87f7-2bc7499d44eb,order_index,source_provided,True,True,6,6,matched
t160-quality-20261007T014124Z-fbbe8ec7-10-IMP-MIXED-r1,IMP-MIXED,1,automatic,bf862f8d-df39-5559-bab5-d942fccb2432,4ee472b2-2cf5-4f7e-87f7-2bc7499d44eb,source_page_numbers,source_provided,True,True,[2],[2],matched
t160-quality-20261007T014124Z-fbbe8ec7-10-IMP-MIXED-r1,IMP-MIXED,1,automatic,bf862f8d-df39-5559-bab5-d942fccb2432,4ee472b2-2cf5-4f7e-87f7-2bc7499d44eb,question_type,source_provided,True,True,SHORT_ANSWER,SHORT_ANSWER,matched
t160-quality-20261007T014124Z-fbbe8ec7-10-IMP-MIXED-r1,IMP-MIXED,1,automatic,bf862f8d-df39-5559-bab5-d942fccb2432,4ee472b2-2cf5-4f7e-87f7-2bc7499d44eb,content,source_provided,True,True,根据下表写出 y 关于 x 的关系式。,根据下表写出 y 关于 x 的关系式。,matched
t160-quality-20261007T014124Z-fbbe8ec7-10-IMP-MIXED-r1,IMP-MIXED,1,automatic,bf862f8d-df39-5559-bab5-d942fccb2432,4ee472b2-2cf5-4f7e-87f7-2bc7499d44eb,options,not_applicable,True,True,,,matched
t160-quality-20261007T014124Z-fbbe8ec7-10-IMP-MIXED-r1,IMP-MIXED,1,automatic,bf862f8d-df39-5559-bab5-d942fccb2432,4ee472b2-2cf5-4f7e-87f7-2bc7499d44eb,reference_answer,known_missing,True,True,,,matched
t160-quality-20261007T014124Z-fbbe8ec7-10-IMP-MIXED-r1,IMP-MIXED,1,automatic,bf862f8d-df39-5559-bab5-d942fccb2432,4ee472b2-2cf5-4f7e-87f7-2bc7499d44eb,analysis,known_missing,True,True,,,matched
t160-quality-20261007T014124Z-fbbe8ec7-10-IMP-MIXED-r1,IMP-MIXED,1,automatic,bf862f8d-df39-5559-bab5-d942fccb2432,4ee472b2-2cf5-4f7e-87f7-2bc7499d44eb,score,source_provided,True,True,3.00,3.00,matched
t160-quality-20261007T014124Z-fbbe8ec7-10-IMP-MIXED-r1,IMP-MIXED,1,automatic,bf862f8d-df39-5559-bab5-d942fccb2432,4ee472b2-2cf5-4f7e-87f7-2bc7499d44eb,scoring_rubric,source_provided,True,True,正确关系式 1.00；说明代入过程 2.00。,正确关系式 1.00；说明代入过程 2.00。,matched
t160-quality-20261007T014124Z-fbbe8ec7-10-IMP-MIXED-r1,IMP-MIXED,1,automatic,bf862f8d-df39-5559-bab5-d942fccb2432,4ee472b2-2cf5-4f7e-87f7-2bc7499d44eb,knowledge_points,source_provided,True,True,"[""一次函数"", ""表达与计算""]","[""一次函数"", ""表达与计算""]",matched
t160-quality-20261007T014124Z-fbbe8ec7-10-IMP-MIXED-r1,IMP-MIXED,1,automatic,bf862f8d-df39-5559-bab5-d942fccb2432,4ee472b2-2cf5-4f7e-87f7-2bc7499d44eb,source_regions,unknown,False,,,,reference_unknown
t160-quality-20261007T014124Z-fbbe8ec7-10-IMP-MIXED-r1,IMP-MIXED,1,automatic,bf862f8d-df39-5559-bab5-d942fccb2432,4ee472b2-2cf5-4f7e-87f7-2bc7499d44eb,assets,source_provided,True,False,"[{""asset_type"": ""table"", ""source_page_number"": 2, ""order_index"": 1}]",,matched
t160-quality-20261007T014124Z-fbbe8ec7-10-IMP-MIXED-r1,IMP-MIXED,1,assisted_corrected,1faa8619-84cc-5d65-86ae-244c7f68645e,ac2b28d6-bc48-487b-b885-0d9643c110ce,question_number,source_provided,True,True,1,1,matched
t160-quality-20261007T014124Z-fbbe8ec7-10-IMP-MIXED-r1,IMP-MIXED,1,assisted_corrected,1faa8619-84cc-5d65-86ae-244c7f68645e,ac2b28d6-bc48-487b-b885-0d9643c110ce,order_index,source_provided,True,True,1,1,matched
t160-quality-20261007T014124Z-fbbe8ec7-10-IMP-MIXED-r1,IMP-MIXED,1,assisted_corrected,1faa8619-84cc-5d65-86ae-244c7f68645e,ac2b28d6-bc48-487b-b885-0d9643c110ce,source_page_numbers,source_provided,True,True,[1],[1],matched
t160-quality-20261007T014124Z-fbbe8ec7-10-IMP-MIXED-r1,IMP-MIXED,1,assisted_corrected,1faa8619-84cc-5d65-86ae-244c7f68645e,ac2b28d6-bc48-487b-b885-0d9643c110ce,question_type,source_provided,True,True,SINGLE_CHOICE,SINGLE_CHOICE,matched
t160-quality-20261007T014124Z-fbbe8ec7-10-IMP-MIXED-r1,IMP-MIXED,1,assisted_corrected,1faa8619-84cc-5d65-86ae-244c7f68645e,ac2b28d6-bc48-487b-b885-0d9643c110ce,content,source_provided,True,True,y = 2x + 1，x = 3 时 y 为多少？,y = 2x + 1，x = 3 时 y 为多少？,matched
t160-quality-20261007T014124Z-fbbe8ec7-10-IMP-MIXED-r1,IMP-MIXED,1,assisted_corrected,1faa8619-84cc-5d65-86ae-244c7f68645e,ac2b28d6-bc48-487b-b885-0d9643c110ce,options,source_provided,True,True,"{""C"": ""7"", ""A"": ""5"", ""B"": ""6"", ""D"": ""8""}","{""C"": ""7"", ""A"": ""5"", ""B"": ""6"", ""D"": ""8""}",matched
t160-quality-20261007T014124Z-fbbe8ec7-10-IMP-MIXED-r1,IMP-MIXED,1,assisted_corrected,1faa8619-84cc-5d65-86ae-244c7f68645e,ac2b28d6-bc48-487b-b885-0d9643c110ce,reference_answer,source_provided,True,True,C,C,matched
t160-quality-20261007T014124Z-fbbe8ec7-10-IMP-MIXED-r1,IMP-MIXED,1,assisted_corrected,1faa8619-84cc-5d65-86ae-244c7f68645e,ac2b28d6-bc48-487b-b885-0d9643c110ce,analysis,source_provided,True,True,2 × 3 + 1 = 7。,2 × 3 + 1 = 7。,matched
t160-quality-20261007T014124Z-fbbe8ec7-10-IMP-MIXED-r1,IMP-MIXED,1,assisted_corrected,1faa8619-84cc-5d65-86ae-244c7f68645e,ac2b28d6-bc48-487b-b885-0d9643c110ce,score,source_provided,True,True,2.00,2.00,matched
t160-quality-20261007T014124Z-fbbe8ec7-10-IMP-MIXED-r1,IMP-MIXED,1,assisted_corrected,1faa8619-84cc-5d65-86ae-244c7f68645e,ac2b28d6-bc48-487b-b885-0d9643c110ce,scoring_rubric,known_missing,True,True,,,matched
t160-quality-20261007T014124Z-fbbe8ec7-10-IMP-MIXED-r1,IMP-MIXED,1,assisted_corrected,1faa8619-84cc-5d65-86ae-244c7f68645e,ac2b28d6-bc48-487b-b885-0d9643c110ce,knowledge_points,known_missing,True,True,[],[],matched
t160-quality-20261007T014124Z-fbbe8ec7-10-IMP-MIXED-r1,IMP-MIXED,1,assisted_corrected,1faa8619-84cc-5d65-86ae-244c7f68645e,ac2b28d6-bc48-487b-b885-0d9643c110ce,source_regions,unknown,False,,,,reference_unknown
t160-quality-20261007T014124Z-fbbe8ec7-10-IMP-MIXED-r1,IMP-MIXED,1,assisted_corrected,1faa8619-84cc-5d65-86ae-244c7f68645e,ac2b28d6-bc48-487b-b885-0d9643c110ce,assets,source_provided,True,True,[],[],matched
t160-quality-20261007T014124Z-fbbe8ec7-10-IMP-MIXED-r1,IMP-MIXED,1,assisted_corrected,545de13f-3fe9-524b-a917-7ab04807806f,ee962b62-3880-4b7f-b20d-d5e268840886,question_number,source_provided,True,True,2,2,matched
t160-quality-20261007T014124Z-fbbe8ec7-10-IMP-MIXED-r1,IMP-MIXED,1,assisted_corrected,545de13f-3fe9-524b-a917-7ab04807806f,ee962b62-3880-4b7f-b20d-d5e268840886,order_index,source_provided,True,True,2,2,matched
t160-quality-20261007T014124Z-fbbe8ec7-10-IMP-MIXED-r1,IMP-MIXED,1,assisted_corrected,545de13f-3fe9-524b-a917-7ab04807806f,ee962b62-3880-4b7f-b20d-d5e268840886,source_page_numbers,source_provided,True,True,[1],[1],matched
t160-quality-20261007T014124Z-fbbe8ec7-10-IMP-MIXED-r1,IMP-MIXED,1,assisted_corrected,545de13f-3fe9-524b-a917-7ab04807806f,ee962b62-3880-4b7f-b20d-d5e268840886,question_type,source_provided,True,True,TRUE_FALSE,TRUE_FALSE,matched
t160-quality-20261007T014124Z-fbbe8ec7-10-IMP-MIXED-r1,IMP-MIXED,1,assisted_corrected,545de13f-3fe9-524b-a917-7ab04807806f,ee962b62-3880-4b7f-b20d-d5e268840886,content,source_provided,True,True,右图三角形面积为 24 cm²。,右图三角形面积为 24 cm²。,matched
t160-quality-20261007T014124Z-fbbe8ec7-10-IMP-MIXED-r1,IMP-MIXED,1,assisted_corrected,545de13f-3fe9-524b-a917-7ab04807806f,ee962b62-3880-4b7f-b20d-d5e268840886,options,source_provided,True,True,"[""正确"", ""错误""]","[""正确"", ""错误""]",matched
t160-quality-20261007T014124Z-fbbe8ec7-10-IMP-MIXED-r1,IMP-MIXED,1,assisted_corrected,545de13f-3fe9-524b-a917-7ab04807806f,ee962b62-3880-4b7f-b20d-d5e268840886,reference_answer,known_missing,True,True,,,matched
t160-quality-20261007T014124Z-fbbe8ec7-10-IMP-MIXED-r1,IMP-MIXED,1,assisted_corrected,545de13f-3fe9-524b-a917-7ab04807806f,ee962b62-3880-4b7f-b20d-d5e268840886,analysis,known_missing,True,True,,,matched
t160-quality-20261007T014124Z-fbbe8ec7-10-IMP-MIXED-r1,IMP-MIXED,1,assisted_corrected,545de13f-3fe9-524b-a917-7ab04807806f,ee962b62-3880-4b7f-b20d-d5e268840886,score,source_provided,True,True,2.00,2.00,matched
t160-quality-20261007T014124Z-fbbe8ec7-10-IMP-MIXED-r1,IMP-MIXED,1,assisted_corrected,545de13f-3fe9-524b-a917-7ab04807806f,ee962b62-3880-4b7f-b20d-d5e268840886,scoring_rubric,known_missing,True,True,,,matched
t160-quality-20261007T014124Z-fbbe8ec7-10-IMP-MIXED-r1,IMP-MIXED,1,assisted_corrected,545de13f-3fe9-524b-a917-7ab04807806f,ee962b62-3880-4b7f-b20d-d5e268840886,knowledge_points,known_missing,True,True,[],[],matched
t160-quality-20261007T014124Z-fbbe8ec7-10-IMP-MIXED-r1,IMP-MIXED,1,assisted_corrected,545de13f-3fe9-524b-a917-7ab04807806f,ee962b62-3880-4b7f-b20d-d5e268840886,source_regions,unknown,False,,,,reference_unknown
t160-quality-20261007T014124Z-fbbe8ec7-10-IMP-MIXED-r1,IMP-MIXED,1,assisted_corrected,545de13f-3fe9-524b-a917-7ab04807806f,ee962b62-3880-4b7f-b20d-d5e268840886,assets,source_provided,True,False,"[{""asset_type"": ""figure"", ""source_page_number"": 1, ""order_index"": 1}]",,matched
t160-quality-20261007T014124Z-fbbe8ec7-10-IMP-MIXED-r1,IMP-MIXED,1,assisted_corrected,85533f46-eb86-5893-8742-33939e77750f,1a081e19-3f28-43a5-a83f-89e3259b738a,question_number,source_provided,True,True,3,3,matched
t160-quality-20261007T014124Z-fbbe8ec7-10-IMP-MIXED-r1,IMP-MIXED,1,assisted_corrected,85533f46-eb86-5893-8742-33939e77750f,1a081e19-3f28-43a5-a83f-89e3259b738a,order_index,source_provided,True,True,3,3,matched
t160-quality-20261007T014124Z-fbbe8ec7-10-IMP-MIXED-r1,IMP-MIXED,1,assisted_corrected,85533f46-eb86-5893-8742-33939e77750f,1a081e19-3f28-43a5-a83f-89e3259b738a,source_page_numbers,source_provided,True,True,[1],[1],matched
t160-quality-20261007T014124Z-fbbe8ec7-10-IMP-MIXED-r1,IMP-MIXED,1,assisted_corrected,85533f46-eb86-5893-8742-33939e77750f,1a081e19-3f28-43a5-a83f-89e3259b738a,question_type,source_provided,True,True,SHORT_ANSWER,SHORT_ANSWER,matched
t160-quality-20261007T014124Z-fbbe8ec7-10-IMP-MIXED-r1,IMP-MIXED,1,assisted_corrected,85533f46-eb86-5893-8742-33939e77750f,1a081e19-3f28-43a5-a83f-89e3259b738a,content,source_provided,True,True,根据下表写出 y 关于 x 的关系式。,根据下表写出 y 关于 x 的关系式。,matched
t160-quality-20261007T014124Z-fbbe8ec7-10-IMP-MIXED-r1,IMP-MIXED,1,assisted_corrected,85533f46-eb86-5893-8742-33939e77750f,1a081e19-3f28-43a5-a83f-89e3259b738a,options,not_applicable,True,True,,,matched
t160-quality-20261007T014124Z-fbbe8ec7-10-IMP-MIXED-r1,IMP-MIXED,1,assisted_corrected,85533f46-eb86-5893-8742-33939e77750f,1a081e19-3f28-43a5-a83f-89e3259b738a,reference_answer,known_missing,True,True,,,matched
t160-quality-20261007T014124Z-fbbe8ec7-10-IMP-MIXED-r1,IMP-MIXED,1,assisted_corrected,85533f46-eb86-5893-8742-33939e77750f,1a081e19-3f28-43a5-a83f-89e3259b738a,analysis,known_missing,True,True,,,matched
t160-quality-20261007T014124Z-fbbe8ec7-10-IMP-MIXED-r1,IMP-MIXED,1,assisted_corrected,85533f46-eb86-5893-8742-33939e77750f,1a081e19-3f28-43a5-a83f-89e3259b738a,score,source_provided,True,True,3.00,3.00,matched
t160-quality-20261007T014124Z-fbbe8ec7-10-IMP-MIXED-r1,IMP-MIXED,1,assisted_corrected,85533f46-eb86-5893-8742-33939e77750f,1a081e19-3f28-43a5-a83f-89e3259b738a,scoring_rubric,source_provided,True,True,正确关系式 1.00；说明代入过程 2.00。,正确关系式 1.00；说明代入过程 2.00。,matched
t160-quality-20261007T014124Z-fbbe8ec7-10-IMP-MIXED-r1,IMP-MIXED,1,assisted_corrected,85533f46-eb86-5893-8742-33939e77750f,1a081e19-3f28-43a5-a83f-89e3259b738a,knowledge_points,source_provided,True,True,"[""一次函数"", ""表达与计算""]","[""一次函数"", ""表达与计算""]",matched
t160-quality-20261007T014124Z-fbbe8ec7-10-IMP-MIXED-r1,IMP-MIXED,1,assisted_corrected,85533f46-eb86-5893-8742-33939e77750f,1a081e19-3f28-43a5-a83f-89e3259b738a,source_regions,unknown,False,,,,reference_unknown
t160-quality-20261007T014124Z-fbbe8ec7-10-IMP-MIXED-r1,IMP-MIXED,1,assisted_corrected,85533f46-eb86-5893-8742-33939e77750f,1a081e19-3f28-43a5-a83f-89e3259b738a,assets,source_provided,True,False,"[{""asset_type"": ""table"", ""source_page_number"": 1, ""order_index"": 1}]",,matched
t160-quality-20261007T014124Z-fbbe8ec7-10-IMP-MIXED-r1,IMP-MIXED,1,assisted_corrected,0fa8d57e-58c2-5aa4-b8cd-e52e96380a38,65464876-7002-4e81-a045-e88b8d27318d,question_number,source_provided,True,True,4,4,matched
t160-quality-20261007T014124Z-fbbe8ec7-10-IMP-MIXED-r1,IMP-MIXED,1,assisted_corrected,0fa8d57e-58c2-5aa4-b8cd-e52e96380a38,65464876-7002-4e81-a045-e88b8d27318d,order_index,source_provided,True,True,4,4,matched
t160-quality-20261007T014124Z-fbbe8ec7-10-IMP-MIXED-r1,IMP-MIXED,1,assisted_corrected,0fa8d57e-58c2-5aa4-b8cd-e52e96380a38,65464876-7002-4e81-a045-e88b8d27318d,source_page_numbers,source_provided,True,True,[2],[2],matched
t160-quality-20261007T014124Z-fbbe8ec7-10-IMP-MIXED-r1,IMP-MIXED,1,assisted_corrected,0fa8d57e-58c2-5aa4-b8cd-e52e96380a38,65464876-7002-4e81-a045-e88b8d27318d,question_type,source_provided,True,True,SINGLE_CHOICE,SINGLE_CHOICE,matched
t160-quality-20261007T014124Z-fbbe8ec7-10-IMP-MIXED-r1,IMP-MIXED,1,assisted_corrected,0fa8d57e-58c2-5aa4-b8cd-e52e96380a38,65464876-7002-4e81-a045-e88b8d27318d,content,source_provided,True,True,y = 2x + 1，x = 3 时 y 为多少？,y = 2x + 1，x = 3 时 y 为多少？,matched
t160-quality-20261007T014124Z-fbbe8ec7-10-IMP-MIXED-r1,IMP-MIXED,1,assisted_corrected,0fa8d57e-58c2-5aa4-b8cd-e52e96380a38,65464876-7002-4e81-a045-e88b8d27318d,options,source_provided,True,True,"{""C"": ""7"", ""A"": ""5"", ""B"": ""6"", ""D"": ""8""}","{""C"": ""7"", ""A"": ""5"", ""B"": ""6"", ""D"": ""8""}",matched
t160-quality-20261007T014124Z-fbbe8ec7-10-IMP-MIXED-r1,IMP-MIXED,1,assisted_corrected,0fa8d57e-58c2-5aa4-b8cd-e52e96380a38,65464876-7002-4e81-a045-e88b8d27318d,reference_answer,source_provided,True,True,C,C,matched
t160-quality-20261007T014124Z-fbbe8ec7-10-IMP-MIXED-r1,IMP-MIXED,1,assisted_corrected,0fa8d57e-58c2-5aa4-b8cd-e52e96380a38,65464876-7002-4e81-a045-e88b8d27318d,analysis,source_provided,True,True,2 × 3 + 1 = 7。,2 × 3 + 1 = 7。,matched
t160-quality-20261007T014124Z-fbbe8ec7-10-IMP-MIXED-r1,IMP-MIXED,1,assisted_corrected,0fa8d57e-58c2-5aa4-b8cd-e52e96380a38,65464876-7002-4e81-a045-e88b8d27318d,score,source_provided,True,True,2.00,2.00,matched
t160-quality-20261007T014124Z-fbbe8ec7-10-IMP-MIXED-r1,IMP-MIXED,1,assisted_corrected,0fa8d57e-58c2-5aa4-b8cd-e52e96380a38,65464876-7002-4e81-a045-e88b8d27318d,scoring_rubric,known_missing,True,True,,,matched
t160-quality-20261007T014124Z-fbbe8ec7-10-IMP-MIXED-r1,IMP-MIXED,1,assisted_corrected,0fa8d57e-58c2-5aa4-b8cd-e52e96380a38,65464876-7002-4e81-a045-e88b8d27318d,knowledge_points,known_missing,True,True,[],[],matched
t160-quality-20261007T014124Z-fbbe8ec7-10-IMP-MIXED-r1,IMP-MIXED,1,assisted_corrected,0fa8d57e-58c2-5aa4-b8cd-e52e96380a38,65464876-7002-4e81-a045-e88b8d27318d,source_regions,unknown,False,,,,reference_unknown
t160-quality-20261007T014124Z-fbbe8ec7-10-IMP-MIXED-r1,IMP-MIXED,1,assisted_corrected,0fa8d57e-58c2-5aa4-b8cd-e52e96380a38,65464876-7002-4e81-a045-e88b8d27318d,assets,source_provided,True,True,[],[],matched
t160-quality-20261007T014124Z-fbbe8ec7-10-IMP-MIXED-r1,IMP-MIXED,1,assisted_corrected,455720b9-9061-5bce-83af-d6d53c6c84e1,62757c33-cd3d-458c-8725-4321afe5a423,question_number,source_provided,True,True,5,5,matched
t160-quality-20261007T014124Z-fbbe8ec7-10-IMP-MIXED-r1,IMP-MIXED,1,assisted_corrected,455720b9-9061-5bce-83af-d6d53c6c84e1,62757c33-cd3d-458c-8725-4321afe5a423,order_index,source_provided,True,True,5,5,matched
t160-quality-20261007T014124Z-fbbe8ec7-10-IMP-MIXED-r1,IMP-MIXED,1,assisted_corrected,455720b9-9061-5bce-83af-d6d53c6c84e1,62757c33-cd3d-458c-8725-4321afe5a423,source_page_numbers,source_provided,True,True,[2],[2],matched
t160-quality-20261007T014124Z-fbbe8ec7-10-IMP-MIXED-r1,IMP-MIXED,1,assisted_corrected,455720b9-9061-5bce-83af-d6d53c6c84e1,62757c33-cd3d-458c-8725-4321afe5a423,question_type,source_provided,True,True,TRUE_FALSE,TRUE_FALSE,matched
t160-quality-20261007T014124Z-fbbe8ec7-10-IMP-MIXED-r1,IMP-MIXED,1,assisted_corrected,455720b9-9061-5bce-83af-d6d53c6c84e1,62757c33-cd3d-458c-8725-4321afe5a423,content,source_provided,True,True,右图三角形面积为 24 cm²。,右图三角形面积为 24 cm²。,matched
t160-quality-20261007T014124Z-fbbe8ec7-10-IMP-MIXED-r1,IMP-MIXED,1,assisted_corrected,455720b9-9061-5bce-83af-d6d53c6c84e1,62757c33-cd3d-458c-8725-4321afe5a423,options,source_provided,True,True,"[""正确"", ""错误""]","[""正确"", ""错误""]",matched
t160-quality-20261007T014124Z-fbbe8ec7-10-IMP-MIXED-r1,IMP-MIXED,1,assisted_corrected,455720b9-9061-5bce-83af-d6d53c6c84e1,62757c33-cd3d-458c-8725-4321afe5a423,reference_answer,known_missing,True,True,,,matched
t160-quality-20261007T014124Z-fbbe8ec7-10-IMP-MIXED-r1,IMP-MIXED,1,assisted_corrected,455720b9-9061-5bce-83af-d6d53c6c84e1,62757c33-cd3d-458c-8725-4321afe5a423,analysis,known_missing,True,True,,,matched
t160-quality-20261007T014124Z-fbbe8ec7-10-IMP-MIXED-r1,IMP-MIXED,1,assisted_corrected,455720b9-9061-5bce-83af-d6d53c6c84e1,62757c33-cd3d-458c-8725-4321afe5a423,score,source_provided,True,True,2.00,2.00,matched
t160-quality-20261007T014124Z-fbbe8ec7-10-IMP-MIXED-r1,IMP-MIXED,1,assisted_corrected,455720b9-9061-5bce-83af-d6d53c6c84e1,62757c33-cd3d-458c-8725-4321afe5a423,scoring_rubric,known_missing,True,True,,,matched
t160-quality-20261007T014124Z-fbbe8ec7-10-IMP-MIXED-r1,IMP-MIXED,1,assisted_corrected,455720b9-9061-5bce-83af-d6d53c6c84e1,62757c33-cd3d-458c-8725-4321afe5a423,knowledge_points,known_missing,True,True,[],[],matched
t160-quality-20261007T014124Z-fbbe8ec7-10-IMP-MIXED-r1,IMP-MIXED,1,assisted_corrected,455720b9-9061-5bce-83af-d6d53c6c84e1,62757c33-cd3d-458c-8725-4321afe5a423,source_regions,unknown,False,,,,reference_unknown
t160-quality-20261007T014124Z-fbbe8ec7-10-IMP-MIXED-r1,IMP-MIXED,1,assisted_corrected,455720b9-9061-5bce-83af-d6d53c6c84e1,62757c33-cd3d-458c-8725-4321afe5a423,assets,source_provided,True,False,"[{""asset_type"": ""figure"", ""source_page_number"": 2, ""order_index"": 1}]",,matched
t160-quality-20261007T014124Z-fbbe8ec7-10-IMP-MIXED-r1,IMP-MIXED,1,assisted_corrected,bf862f8d-df39-5559-bab5-d942fccb2432,4ee472b2-2cf5-4f7e-87f7-2bc7499d44eb,question_number,source_provided,True,True,6,6,matched
t160-quality-20261007T014124Z-fbbe8ec7-10-IMP-MIXED-r1,IMP-MIXED,1,assisted_corrected,bf862f8d-df39-5559-bab5-d942fccb2432,4ee472b2-2cf5-4f7e-87f7-2bc7499d44eb,order_index,source_provided,True,True,6,6,matched
t160-quality-20261007T014124Z-fbbe8ec7-10-IMP-MIXED-r1,IMP-MIXED,1,assisted_corrected,bf862f8d-df39-5559-bab5-d942fccb2432,4ee472b2-2cf5-4f7e-87f7-2bc7499d44eb,source_page_numbers,source_provided,True,True,[2],[2],matched
t160-quality-20261007T014124Z-fbbe8ec7-10-IMP-MIXED-r1,IMP-MIXED,1,assisted_corrected,bf862f8d-df39-5559-bab5-d942fccb2432,4ee472b2-2cf5-4f7e-87f7-2bc7499d44eb,question_type,source_provided,True,True,SHORT_ANSWER,SHORT_ANSWER,matched
t160-quality-20261007T014124Z-fbbe8ec7-10-IMP-MIXED-r1,IMP-MIXED,1,assisted_corrected,bf862f8d-df39-5559-bab5-d942fccb2432,4ee472b2-2cf5-4f7e-87f7-2bc7499d44eb,content,source_provided,True,True,根据下表写出 y 关于 x 的关系式。,根据下表写出 y 关于 x 的关系式。,matched
t160-quality-20261007T014124Z-fbbe8ec7-10-IMP-MIXED-r1,IMP-MIXED,1,assisted_corrected,bf862f8d-df39-5559-bab5-d942fccb2432,4ee472b2-2cf5-4f7e-87f7-2bc7499d44eb,options,not_applicable,True,True,,,matched
t160-quality-20261007T014124Z-fbbe8ec7-10-IMP-MIXED-r1,IMP-MIXED,1,assisted_corrected,bf862f8d-df39-5559-bab5-d942fccb2432,4ee472b2-2cf5-4f7e-87f7-2bc7499d44eb,reference_answer,known_missing,True,True,,,matched
t160-quality-20261007T014124Z-fbbe8ec7-10-IMP-MIXED-r1,IMP-MIXED,1,assisted_corrected,bf862f8d-df39-5559-bab5-d942fccb2432,4ee472b2-2cf5-4f7e-87f7-2bc7499d44eb,analysis,known_missing,True,True,,,matched
t160-quality-20261007T014124Z-fbbe8ec7-10-IMP-MIXED-r1,IMP-MIXED,1,assisted_corrected,bf862f8d-df39-5559-bab5-d942fccb2432,4ee472b2-2cf5-4f7e-87f7-2bc7499d44eb,score,source_provided,True,True,3.00,3.00,matched
t160-quality-20261007T014124Z-fbbe8ec7-10-IMP-MIXED-r1,IMP-MIXED,1,assisted_corrected,bf862f8d-df39-5559-bab5-d942fccb2432,4ee472b2-2cf5-4f7e-87f7-2bc7499d44eb,scoring_rubric,source_provided,True,True,正确关系式 1.00；说明代入过程 2.00。,正确关系式 1.00；说明代入过程 2.00。,matched
t160-quality-20261007T014124Z-fbbe8ec7-10-IMP-MIXED-r1,IMP-MIXED,1,assisted_corrected,bf862f8d-df39-5559-bab5-d942fccb2432,4ee472b2-2cf5-4f7e-87f7-2bc7499d44eb,knowledge_points,source_provided,True,True,"[""一次函数"", ""表达与计算""]","[""一次函数"", ""表达与计算""]",matched
t160-quality-20261007T014124Z-fbbe8ec7-10-IMP-MIXED-r1,IMP-MIXED,1,assisted_corrected,bf862f8d-df39-5559-bab5-d942fccb2432,4ee472b2-2cf5-4f7e-87f7-2bc7499d44eb,source_regions,unknown,False,,,,reference_unknown
t160-quality-20261007T014124Z-fbbe8ec7-10-IMP-MIXED-r1,IMP-MIXED,1,assisted_corrected,bf862f8d-df39-5559-bab5-d942fccb2432,4ee472b2-2cf5-4f7e-87f7-2bc7499d44eb,assets,source_provided,True,False,"[{""asset_type"": ""table"", ""source_page_number"": 2, ""order_index"": 1}]",,matched
t160-quality-20261007T014124Z-fbbe8ec7-11-IMP-MIXED-r2,IMP-MIXED,2,automatic,1faa8619-84cc-5d65-86ae-244c7f68645e,6f1ac883-968f-4ea9-9df9-0d3abe27da02,question_number,source_provided,True,True,1,1,matched
t160-quality-20261007T014124Z-fbbe8ec7-11-IMP-MIXED-r2,IMP-MIXED,2,automatic,1faa8619-84cc-5d65-86ae-244c7f68645e,6f1ac883-968f-4ea9-9df9-0d3abe27da02,order_index,source_provided,True,True,1,1,matched
t160-quality-20261007T014124Z-fbbe8ec7-11-IMP-MIXED-r2,IMP-MIXED,2,automatic,1faa8619-84cc-5d65-86ae-244c7f68645e,6f1ac883-968f-4ea9-9df9-0d3abe27da02,source_page_numbers,source_provided,True,True,[1],[1],matched
t160-quality-20261007T014124Z-fbbe8ec7-11-IMP-MIXED-r2,IMP-MIXED,2,automatic,1faa8619-84cc-5d65-86ae-244c7f68645e,6f1ac883-968f-4ea9-9df9-0d3abe27da02,question_type,source_provided,True,True,SINGLE_CHOICE,SINGLE_CHOICE,matched
t160-quality-20261007T014124Z-fbbe8ec7-11-IMP-MIXED-r2,IMP-MIXED,2,automatic,1faa8619-84cc-5d65-86ae-244c7f68645e,6f1ac883-968f-4ea9-9df9-0d3abe27da02,content,source_provided,True,True,y = 2x + 1，x = 3 时 y 为多少？,y = 2x + 1，x = 3 时 y 为多少？,matched
t160-quality-20261007T014124Z-fbbe8ec7-11-IMP-MIXED-r2,IMP-MIXED,2,automatic,1faa8619-84cc-5d65-86ae-244c7f68645e,6f1ac883-968f-4ea9-9df9-0d3abe27da02,options,source_provided,True,True,"{""C"": ""7"", ""A"": ""5"", ""B"": ""6"", ""D"": ""8""}","{""C"": ""7"", ""A"": ""5"", ""B"": ""6"", ""D"": ""8""}",matched
t160-quality-20261007T014124Z-fbbe8ec7-11-IMP-MIXED-r2,IMP-MIXED,2,automatic,1faa8619-84cc-5d65-86ae-244c7f68645e,6f1ac883-968f-4ea9-9df9-0d3abe27da02,reference_answer,source_provided,True,True,C,C,matched
t160-quality-20261007T014124Z-fbbe8ec7-11-IMP-MIXED-r2,IMP-MIXED,2,automatic,1faa8619-84cc-5d65-86ae-244c7f68645e,6f1ac883-968f-4ea9-9df9-0d3abe27da02,analysis,source_provided,True,True,2 × 3 + 1 = 7。,2 × 3 + 1 = 7。,matched
t160-quality-20261007T014124Z-fbbe8ec7-11-IMP-MIXED-r2,IMP-MIXED,2,automatic,1faa8619-84cc-5d65-86ae-244c7f68645e,6f1ac883-968f-4ea9-9df9-0d3abe27da02,score,source_provided,True,True,2.00,2.00,matched
t160-quality-20261007T014124Z-fbbe8ec7-11-IMP-MIXED-r2,IMP-MIXED,2,automatic,1faa8619-84cc-5d65-86ae-244c7f68645e,6f1ac883-968f-4ea9-9df9-0d3abe27da02,scoring_rubric,known_missing,True,True,,,matched
t160-quality-20261007T014124Z-fbbe8ec7-11-IMP-MIXED-r2,IMP-MIXED,2,automatic,1faa8619-84cc-5d65-86ae-244c7f68645e,6f1ac883-968f-4ea9-9df9-0d3abe27da02,knowledge_points,known_missing,True,True,[],[],matched
t160-quality-20261007T014124Z-fbbe8ec7-11-IMP-MIXED-r2,IMP-MIXED,2,automatic,1faa8619-84cc-5d65-86ae-244c7f68645e,6f1ac883-968f-4ea9-9df9-0d3abe27da02,source_regions,unknown,False,,,,reference_unknown
t160-quality-20261007T014124Z-fbbe8ec7-11-IMP-MIXED-r2,IMP-MIXED,2,automatic,1faa8619-84cc-5d65-86ae-244c7f68645e,6f1ac883-968f-4ea9-9df9-0d3abe27da02,assets,source_provided,True,False,[],,matched
t160-quality-20261007T014124Z-fbbe8ec7-11-IMP-MIXED-r2,IMP-MIXED,2,automatic,545de13f-3fe9-524b-a917-7ab04807806f,2679d9e9-e027-444f-a267-305030efef24,question_number,source_provided,True,True,2,2,matched
t160-quality-20261007T014124Z-fbbe8ec7-11-IMP-MIXED-r2,IMP-MIXED,2,automatic,545de13f-3fe9-524b-a917-7ab04807806f,2679d9e9-e027-444f-a267-305030efef24,order_index,source_provided,True,True,2,2,matched
t160-quality-20261007T014124Z-fbbe8ec7-11-IMP-MIXED-r2,IMP-MIXED,2,automatic,545de13f-3fe9-524b-a917-7ab04807806f,2679d9e9-e027-444f-a267-305030efef24,source_page_numbers,source_provided,True,True,[1],[1],matched
t160-quality-20261007T014124Z-fbbe8ec7-11-IMP-MIXED-r2,IMP-MIXED,2,automatic,545de13f-3fe9-524b-a917-7ab04807806f,2679d9e9-e027-444f-a267-305030efef24,question_type,source_provided,True,True,TRUE_FALSE,TRUE_FALSE,matched
t160-quality-20261007T014124Z-fbbe8ec7-11-IMP-MIXED-r2,IMP-MIXED,2,automatic,545de13f-3fe9-524b-a917-7ab04807806f,2679d9e9-e027-444f-a267-305030efef24,content,source_provided,True,True,右图三角形面积为 24 cm²。,右图三角形面积为 24 cm²。,matched
t160-quality-20261007T014124Z-fbbe8ec7-11-IMP-MIXED-r2,IMP-MIXED,2,automatic,545de13f-3fe9-524b-a917-7ab04807806f,2679d9e9-e027-444f-a267-305030efef24,options,source_provided,True,True,"[""正确"", ""错误""]","[""正确"", ""错误""]",matched
t160-quality-20261007T014124Z-fbbe8ec7-11-IMP-MIXED-r2,IMP-MIXED,2,automatic,545de13f-3fe9-524b-a917-7ab04807806f,2679d9e9-e027-444f-a267-305030efef24,reference_answer,known_missing,True,True,,,matched
t160-quality-20261007T014124Z-fbbe8ec7-11-IMP-MIXED-r2,IMP-MIXED,2,automatic,545de13f-3fe9-524b-a917-7ab04807806f,2679d9e9-e027-444f-a267-305030efef24,analysis,known_missing,True,True,,,matched
t160-quality-20261007T014124Z-fbbe8ec7-11-IMP-MIXED-r2,IMP-MIXED,2,automatic,545de13f-3fe9-524b-a917-7ab04807806f,2679d9e9-e027-444f-a267-305030efef24,score,source_provided,True,True,2.00,2.00,matched
t160-quality-20261007T014124Z-fbbe8ec7-11-IMP-MIXED-r2,IMP-MIXED,2,automatic,545de13f-3fe9-524b-a917-7ab04807806f,2679d9e9-e027-444f-a267-305030efef24,scoring_rubric,known_missing,True,True,,,matched
t160-quality-20261007T014124Z-fbbe8ec7-11-IMP-MIXED-r2,IMP-MIXED,2,automatic,545de13f-3fe9-524b-a917-7ab04807806f,2679d9e9-e027-444f-a267-305030efef24,knowledge_points,known_missing,True,True,[],[],matched
t160-quality-20261007T014124Z-fbbe8ec7-11-IMP-MIXED-r2,IMP-MIXED,2,automatic,545de13f-3fe9-524b-a917-7ab04807806f,2679d9e9-e027-444f-a267-305030efef24,source_regions,unknown,False,,,,reference_unknown
t160-quality-20261007T014124Z-fbbe8ec7-11-IMP-MIXED-r2,IMP-MIXED,2,automatic,545de13f-3fe9-524b-a917-7ab04807806f,2679d9e9-e027-444f-a267-305030efef24,assets,source_provided,True,False,"[{""asset_type"": ""figure"", ""source_page_number"": 1, ""order_index"": 1}]",,matched
t160-quality-20261007T014124Z-fbbe8ec7-11-IMP-MIXED-r2,IMP-MIXED,2,automatic,85533f46-eb86-5893-8742-33939e77750f,9063bc21-9839-4d32-9bab-4b27c70720c1,question_number,source_provided,True,True,3,3,matched
t160-quality-20261007T014124Z-fbbe8ec7-11-IMP-MIXED-r2,IMP-MIXED,2,automatic,85533f46-eb86-5893-8742-33939e77750f,9063bc21-9839-4d32-9bab-4b27c70720c1,order_index,source_provided,True,True,3,3,matched
t160-quality-20261007T014124Z-fbbe8ec7-11-IMP-MIXED-r2,IMP-MIXED,2,automatic,85533f46-eb86-5893-8742-33939e77750f,9063bc21-9839-4d32-9bab-4b27c70720c1,source_page_numbers,source_provided,True,True,[1],[1],matched
t160-quality-20261007T014124Z-fbbe8ec7-11-IMP-MIXED-r2,IMP-MIXED,2,automatic,85533f46-eb86-5893-8742-33939e77750f,9063bc21-9839-4d32-9bab-4b27c70720c1,question_type,source_provided,True,True,SHORT_ANSWER,SHORT_ANSWER,matched
t160-quality-20261007T014124Z-fbbe8ec7-11-IMP-MIXED-r2,IMP-MIXED,2,automatic,85533f46-eb86-5893-8742-33939e77750f,9063bc21-9839-4d32-9bab-4b27c70720c1,content,source_provided,True,True,根据下表写出 y 关于 x 的关系式。,根据下表写出 y 关于 x 的关系式。,matched
t160-quality-20261007T014124Z-fbbe8ec7-11-IMP-MIXED-r2,IMP-MIXED,2,automatic,85533f46-eb86-5893-8742-33939e77750f,9063bc21-9839-4d32-9bab-4b27c70720c1,options,not_applicable,True,True,,,matched
t160-quality-20261007T014124Z-fbbe8ec7-11-IMP-MIXED-r2,IMP-MIXED,2,automatic,85533f46-eb86-5893-8742-33939e77750f,9063bc21-9839-4d32-9bab-4b27c70720c1,reference_answer,known_missing,True,True,,,matched
t160-quality-20261007T014124Z-fbbe8ec7-11-IMP-MIXED-r2,IMP-MIXED,2,automatic,85533f46-eb86-5893-8742-33939e77750f,9063bc21-9839-4d32-9bab-4b27c70720c1,analysis,known_missing,True,True,,,matched
t160-quality-20261007T014124Z-fbbe8ec7-11-IMP-MIXED-r2,IMP-MIXED,2,automatic,85533f46-eb86-5893-8742-33939e77750f,9063bc21-9839-4d32-9bab-4b27c70720c1,score,source_provided,True,True,3.00,3.00,matched
t160-quality-20261007T014124Z-fbbe8ec7-11-IMP-MIXED-r2,IMP-MIXED,2,automatic,85533f46-eb86-5893-8742-33939e77750f,9063bc21-9839-4d32-9bab-4b27c70720c1,scoring_rubric,source_provided,True,True,正确关系式 1.00；说明代入过程 2.00。,正确关系式 1.00；说明代入过程 2.00。,matched
t160-quality-20261007T014124Z-fbbe8ec7-11-IMP-MIXED-r2,IMP-MIXED,2,automatic,85533f46-eb86-5893-8742-33939e77750f,9063bc21-9839-4d32-9bab-4b27c70720c1,knowledge_points,source_provided,True,True,"[""一次函数"", ""表达与计算""]","[""一次函数"", ""表达与计算""]",matched
t160-quality-20261007T014124Z-fbbe8ec7-11-IMP-MIXED-r2,IMP-MIXED,2,automatic,85533f46-eb86-5893-8742-33939e77750f,9063bc21-9839-4d32-9bab-4b27c70720c1,source_regions,unknown,False,,,,reference_unknown
t160-quality-20261007T014124Z-fbbe8ec7-11-IMP-MIXED-r2,IMP-MIXED,2,automatic,85533f46-eb86-5893-8742-33939e77750f,9063bc21-9839-4d32-9bab-4b27c70720c1,assets,source_provided,True,False,"[{""asset_type"": ""table"", ""source_page_number"": 1, ""order_index"": 1}]",,matched
t160-quality-20261007T014124Z-fbbe8ec7-11-IMP-MIXED-r2,IMP-MIXED,2,automatic,0fa8d57e-58c2-5aa4-b8cd-e52e96380a38,622740dd-cdbc-46a4-ac33-d05fa00266d9,question_number,source_provided,True,True,4,4,matched
t160-quality-20261007T014124Z-fbbe8ec7-11-IMP-MIXED-r2,IMP-MIXED,2,automatic,0fa8d57e-58c2-5aa4-b8cd-e52e96380a38,622740dd-cdbc-46a4-ac33-d05fa00266d9,order_index,source_provided,True,True,4,4,matched
t160-quality-20261007T014124Z-fbbe8ec7-11-IMP-MIXED-r2,IMP-MIXED,2,automatic,0fa8d57e-58c2-5aa4-b8cd-e52e96380a38,622740dd-cdbc-46a4-ac33-d05fa00266d9,source_page_numbers,source_provided,True,True,[2],[2],matched
t160-quality-20261007T014124Z-fbbe8ec7-11-IMP-MIXED-r2,IMP-MIXED,2,automatic,0fa8d57e-58c2-5aa4-b8cd-e52e96380a38,622740dd-cdbc-46a4-ac33-d05fa00266d9,question_type,source_provided,True,True,SINGLE_CHOICE,SINGLE_CHOICE,matched
t160-quality-20261007T014124Z-fbbe8ec7-11-IMP-MIXED-r2,IMP-MIXED,2,automatic,0fa8d57e-58c2-5aa4-b8cd-e52e96380a38,622740dd-cdbc-46a4-ac33-d05fa00266d9,content,source_provided,True,True,y = 2x + 1，x = 3 时 y 为多少？,y = 2x + 1，x = 3 时 y 为多少？,matched
t160-quality-20261007T014124Z-fbbe8ec7-11-IMP-MIXED-r2,IMP-MIXED,2,automatic,0fa8d57e-58c2-5aa4-b8cd-e52e96380a38,622740dd-cdbc-46a4-ac33-d05fa00266d9,options,source_provided,True,True,"{""C"": ""7"", ""A"": ""5"", ""B"": ""6"", ""D"": ""8""}","{""C"": ""7"", ""A"": ""5"", ""B"": ""6"", ""D"": ""8""}",matched
t160-quality-20261007T014124Z-fbbe8ec7-11-IMP-MIXED-r2,IMP-MIXED,2,automatic,0fa8d57e-58c2-5aa4-b8cd-e52e96380a38,622740dd-cdbc-46a4-ac33-d05fa00266d9,reference_answer,source_provided,True,True,C,C,matched
t160-quality-20261007T014124Z-fbbe8ec7-11-IMP-MIXED-r2,IMP-MIXED,2,automatic,0fa8d57e-58c2-5aa4-b8cd-e52e96380a38,622740dd-cdbc-46a4-ac33-d05fa00266d9,analysis,source_provided,True,False,2 × 3 + 1 = 7。,2 × 3 +1=7。,matched
t160-quality-20261007T014124Z-fbbe8ec7-11-IMP-MIXED-r2,IMP-MIXED,2,automatic,0fa8d57e-58c2-5aa4-b8cd-e52e96380a38,622740dd-cdbc-46a4-ac33-d05fa00266d9,score,source_provided,True,True,2.00,2.00,matched
t160-quality-20261007T014124Z-fbbe8ec7-11-IMP-MIXED-r2,IMP-MIXED,2,automatic,0fa8d57e-58c2-5aa4-b8cd-e52e96380a38,622740dd-cdbc-46a4-ac33-d05fa00266d9,scoring_rubric,known_missing,True,True,,,matched
t160-quality-20261007T014124Z-fbbe8ec7-11-IMP-MIXED-r2,IMP-MIXED,2,automatic,0fa8d57e-58c2-5aa4-b8cd-e52e96380a38,622740dd-cdbc-46a4-ac33-d05fa00266d9,knowledge_points,known_missing,True,True,[],[],matched
t160-quality-20261007T014124Z-fbbe8ec7-11-IMP-MIXED-r2,IMP-MIXED,2,automatic,0fa8d57e-58c2-5aa4-b8cd-e52e96380a38,622740dd-cdbc-46a4-ac33-d05fa00266d9,source_regions,unknown,False,,,,reference_unknown
t160-quality-20261007T014124Z-fbbe8ec7-11-IMP-MIXED-r2,IMP-MIXED,2,automatic,0fa8d57e-58c2-5aa4-b8cd-e52e96380a38,622740dd-cdbc-46a4-ac33-d05fa00266d9,assets,source_provided,True,False,[],,matched
t160-quality-20261007T014124Z-fbbe8ec7-11-IMP-MIXED-r2,IMP-MIXED,2,automatic,455720b9-9061-5bce-83af-d6d53c6c84e1,7dfad851-db1b-498d-8c02-4289d2b1a5a4,question_number,source_provided,True,True,5,5,matched
t160-quality-20261007T014124Z-fbbe8ec7-11-IMP-MIXED-r2,IMP-MIXED,2,automatic,455720b9-9061-5bce-83af-d6d53c6c84e1,7dfad851-db1b-498d-8c02-4289d2b1a5a4,order_index,source_provided,True,True,5,5,matched
t160-quality-20261007T014124Z-fbbe8ec7-11-IMP-MIXED-r2,IMP-MIXED,2,automatic,455720b9-9061-5bce-83af-d6d53c6c84e1,7dfad851-db1b-498d-8c02-4289d2b1a5a4,source_page_numbers,source_provided,True,True,[2],[2],matched
t160-quality-20261007T014124Z-fbbe8ec7-11-IMP-MIXED-r2,IMP-MIXED,2,automatic,455720b9-9061-5bce-83af-d6d53c6c84e1,7dfad851-db1b-498d-8c02-4289d2b1a5a4,question_type,source_provided,True,True,TRUE_FALSE,TRUE_FALSE,matched
t160-quality-20261007T014124Z-fbbe8ec7-11-IMP-MIXED-r2,IMP-MIXED,2,automatic,455720b9-9061-5bce-83af-d6d53c6c84e1,7dfad851-db1b-498d-8c02-4289d2b1a5a4,content,source_provided,True,True,右图三角形面积为 24 cm²。,右图三角形面积为 24 cm²。,matched
t160-quality-20261007T014124Z-fbbe8ec7-11-IMP-MIXED-r2,IMP-MIXED,2,automatic,455720b9-9061-5bce-83af-d6d53c6c84e1,7dfad851-db1b-498d-8c02-4289d2b1a5a4,options,source_provided,True,True,"[""正确"", ""错误""]","[""正确"", ""错误""]",matched
t160-quality-20261007T014124Z-fbbe8ec7-11-IMP-MIXED-r2,IMP-MIXED,2,automatic,455720b9-9061-5bce-83af-d6d53c6c84e1,7dfad851-db1b-498d-8c02-4289d2b1a5a4,reference_answer,known_missing,True,True,,,matched
t160-quality-20261007T014124Z-fbbe8ec7-11-IMP-MIXED-r2,IMP-MIXED,2,automatic,455720b9-9061-5bce-83af-d6d53c6c84e1,7dfad851-db1b-498d-8c02-4289d2b1a5a4,analysis,known_missing,True,True,,,matched
t160-quality-20261007T014124Z-fbbe8ec7-11-IMP-MIXED-r2,IMP-MIXED,2,automatic,455720b9-9061-5bce-83af-d6d53c6c84e1,7dfad851-db1b-498d-8c02-4289d2b1a5a4,score,source_provided,True,True,2.00,2.00,matched
t160-quality-20261007T014124Z-fbbe8ec7-11-IMP-MIXED-r2,IMP-MIXED,2,automatic,455720b9-9061-5bce-83af-d6d53c6c84e1,7dfad851-db1b-498d-8c02-4289d2b1a5a4,scoring_rubric,known_missing,True,True,,,matched
t160-quality-20261007T014124Z-fbbe8ec7-11-IMP-MIXED-r2,IMP-MIXED,2,automatic,455720b9-9061-5bce-83af-d6d53c6c84e1,7dfad851-db1b-498d-8c02-4289d2b1a5a4,knowledge_points,known_missing,True,True,[],[],matched
t160-quality-20261007T014124Z-fbbe8ec7-11-IMP-MIXED-r2,IMP-MIXED,2,automatic,455720b9-9061-5bce-83af-d6d53c6c84e1,7dfad851-db1b-498d-8c02-4289d2b1a5a4,source_regions,unknown,False,,,,reference_unknown
t160-quality-20261007T014124Z-fbbe8ec7-11-IMP-MIXED-r2,IMP-MIXED,2,automatic,455720b9-9061-5bce-83af-d6d53c6c84e1,7dfad851-db1b-498d-8c02-4289d2b1a5a4,assets,source_provided,True,False,"[{""asset_type"": ""figure"", ""source_page_number"": 2, ""order_index"": 1}]",,matched
t160-quality-20261007T014124Z-fbbe8ec7-11-IMP-MIXED-r2,IMP-MIXED,2,automatic,bf862f8d-df39-5559-bab5-d942fccb2432,6624a49d-e825-4e7a-af0e-a6b3da890cf8,question_number,source_provided,True,True,6,6,matched
t160-quality-20261007T014124Z-fbbe8ec7-11-IMP-MIXED-r2,IMP-MIXED,2,automatic,bf862f8d-df39-5559-bab5-d942fccb2432,6624a49d-e825-4e7a-af0e-a6b3da890cf8,order_index,source_provided,True,True,6,6,matched
t160-quality-20261007T014124Z-fbbe8ec7-11-IMP-MIXED-r2,IMP-MIXED,2,automatic,bf862f8d-df39-5559-bab5-d942fccb2432,6624a49d-e825-4e7a-af0e-a6b3da890cf8,source_page_numbers,source_provided,True,True,[2],[2],matched
t160-quality-20261007T014124Z-fbbe8ec7-11-IMP-MIXED-r2,IMP-MIXED,2,automatic,bf862f8d-df39-5559-bab5-d942fccb2432,6624a49d-e825-4e7a-af0e-a6b3da890cf8,question_type,source_provided,True,True,SHORT_ANSWER,SHORT_ANSWER,matched
t160-quality-20261007T014124Z-fbbe8ec7-11-IMP-MIXED-r2,IMP-MIXED,2,automatic,bf862f8d-df39-5559-bab5-d942fccb2432,6624a49d-e825-4e7a-af0e-a6b3da890cf8,content,source_provided,True,True,根据下表写出 y 关于 x 的关系式。,根据下表写出 y 关于 x 的关系式。,matched
t160-quality-20261007T014124Z-fbbe8ec7-11-IMP-MIXED-r2,IMP-MIXED,2,automatic,bf862f8d-df39-5559-bab5-d942fccb2432,6624a49d-e825-4e7a-af0e-a6b3da890cf8,options,not_applicable,True,True,,,matched
t160-quality-20261007T014124Z-fbbe8ec7-11-IMP-MIXED-r2,IMP-MIXED,2,automatic,bf862f8d-df39-5559-bab5-d942fccb2432,6624a49d-e825-4e7a-af0e-a6b3da890cf8,reference_answer,known_missing,True,True,,,matched
t160-quality-20261007T014124Z-fbbe8ec7-11-IMP-MIXED-r2,IMP-MIXED,2,automatic,bf862f8d-df39-5559-bab5-d942fccb2432,6624a49d-e825-4e7a-af0e-a6b3da890cf8,analysis,known_missing,True,True,,,matched
t160-quality-20261007T014124Z-fbbe8ec7-11-IMP-MIXED-r2,IMP-MIXED,2,automatic,bf862f8d-df39-5559-bab5-d942fccb2432,6624a49d-e825-4e7a-af0e-a6b3da890cf8,score,source_provided,True,True,3.00,3.00,matched
t160-quality-20261007T014124Z-fbbe8ec7-11-IMP-MIXED-r2,IMP-MIXED,2,automatic,bf862f8d-df39-5559-bab5-d942fccb2432,6624a49d-e825-4e7a-af0e-a6b3da890cf8,scoring_rubric,source_provided,True,True,正确关系式 1.00；说明代入过程 2.00。,正确关系式 1.00；说明代入过程 2.00。,matched
t160-quality-20261007T014124Z-fbbe8ec7-11-IMP-MIXED-r2,IMP-MIXED,2,automatic,bf862f8d-df39-5559-bab5-d942fccb2432,6624a49d-e825-4e7a-af0e-a6b3da890cf8,knowledge_points,source_provided,True,True,"[""一次函数"", ""表达与计算""]","[""一次函数"", ""表达与计算""]",matched
t160-quality-20261007T014124Z-fbbe8ec7-11-IMP-MIXED-r2,IMP-MIXED,2,automatic,bf862f8d-df39-5559-bab5-d942fccb2432,6624a49d-e825-4e7a-af0e-a6b3da890cf8,source_regions,unknown,False,,,,reference_unknown
t160-quality-20261007T014124Z-fbbe8ec7-11-IMP-MIXED-r2,IMP-MIXED,2,automatic,bf862f8d-df39-5559-bab5-d942fccb2432,6624a49d-e825-4e7a-af0e-a6b3da890cf8,assets,source_provided,True,False,"[{""asset_type"": ""table"", ""source_page_number"": 2, ""order_index"": 1}]",,matched
t160-quality-20261007T014124Z-fbbe8ec7-11-IMP-MIXED-r2,IMP-MIXED,2,assisted_corrected,1faa8619-84cc-5d65-86ae-244c7f68645e,6f1ac883-968f-4ea9-9df9-0d3abe27da02,question_number,source_provided,True,True,1,1,matched
t160-quality-20261007T014124Z-fbbe8ec7-11-IMP-MIXED-r2,IMP-MIXED,2,assisted_corrected,1faa8619-84cc-5d65-86ae-244c7f68645e,6f1ac883-968f-4ea9-9df9-0d3abe27da02,order_index,source_provided,True,True,1,1,matched
t160-quality-20261007T014124Z-fbbe8ec7-11-IMP-MIXED-r2,IMP-MIXED,2,assisted_corrected,1faa8619-84cc-5d65-86ae-244c7f68645e,6f1ac883-968f-4ea9-9df9-0d3abe27da02,source_page_numbers,source_provided,True,True,[1],[1],matched
t160-quality-20261007T014124Z-fbbe8ec7-11-IMP-MIXED-r2,IMP-MIXED,2,assisted_corrected,1faa8619-84cc-5d65-86ae-244c7f68645e,6f1ac883-968f-4ea9-9df9-0d3abe27da02,question_type,source_provided,True,True,SINGLE_CHOICE,SINGLE_CHOICE,matched
t160-quality-20261007T014124Z-fbbe8ec7-11-IMP-MIXED-r2,IMP-MIXED,2,assisted_corrected,1faa8619-84cc-5d65-86ae-244c7f68645e,6f1ac883-968f-4ea9-9df9-0d3abe27da02,content,source_provided,True,True,y = 2x + 1，x = 3 时 y 为多少？,y = 2x + 1，x = 3 时 y 为多少？,matched
t160-quality-20261007T014124Z-fbbe8ec7-11-IMP-MIXED-r2,IMP-MIXED,2,assisted_corrected,1faa8619-84cc-5d65-86ae-244c7f68645e,6f1ac883-968f-4ea9-9df9-0d3abe27da02,options,source_provided,True,True,"{""C"": ""7"", ""A"": ""5"", ""B"": ""6"", ""D"": ""8""}","{""C"": ""7"", ""A"": ""5"", ""B"": ""6"", ""D"": ""8""}",matched
t160-quality-20261007T014124Z-fbbe8ec7-11-IMP-MIXED-r2,IMP-MIXED,2,assisted_corrected,1faa8619-84cc-5d65-86ae-244c7f68645e,6f1ac883-968f-4ea9-9df9-0d3abe27da02,reference_answer,source_provided,True,True,C,C,matched
t160-quality-20261007T014124Z-fbbe8ec7-11-IMP-MIXED-r2,IMP-MIXED,2,assisted_corrected,1faa8619-84cc-5d65-86ae-244c7f68645e,6f1ac883-968f-4ea9-9df9-0d3abe27da02,analysis,source_provided,True,True,2 × 3 + 1 = 7。,2 × 3 + 1 = 7。,matched
t160-quality-20261007T014124Z-fbbe8ec7-11-IMP-MIXED-r2,IMP-MIXED,2,assisted_corrected,1faa8619-84cc-5d65-86ae-244c7f68645e,6f1ac883-968f-4ea9-9df9-0d3abe27da02,score,source_provided,True,True,2.00,2.00,matched
t160-quality-20261007T014124Z-fbbe8ec7-11-IMP-MIXED-r2,IMP-MIXED,2,assisted_corrected,1faa8619-84cc-5d65-86ae-244c7f68645e,6f1ac883-968f-4ea9-9df9-0d3abe27da02,scoring_rubric,known_missing,True,True,,,matched
t160-quality-20261007T014124Z-fbbe8ec7-11-IMP-MIXED-r2,IMP-MIXED,2,assisted_corrected,1faa8619-84cc-5d65-86ae-244c7f68645e,6f1ac883-968f-4ea9-9df9-0d3abe27da02,knowledge_points,known_missing,True,True,[],[],matched
t160-quality-20261007T014124Z-fbbe8ec7-11-IMP-MIXED-r2,IMP-MIXED,2,assisted_corrected,1faa8619-84cc-5d65-86ae-244c7f68645e,6f1ac883-968f-4ea9-9df9-0d3abe27da02,source_regions,unknown,False,,,,reference_unknown
t160-quality-20261007T014124Z-fbbe8ec7-11-IMP-MIXED-r2,IMP-MIXED,2,assisted_corrected,1faa8619-84cc-5d65-86ae-244c7f68645e,6f1ac883-968f-4ea9-9df9-0d3abe27da02,assets,source_provided,True,True,[],[],matched
t160-quality-20261007T014124Z-fbbe8ec7-11-IMP-MIXED-r2,IMP-MIXED,2,assisted_corrected,545de13f-3fe9-524b-a917-7ab04807806f,2679d9e9-e027-444f-a267-305030efef24,question_number,source_provided,True,True,2,2,matched
t160-quality-20261007T014124Z-fbbe8ec7-11-IMP-MIXED-r2,IMP-MIXED,2,assisted_corrected,545de13f-3fe9-524b-a917-7ab04807806f,2679d9e9-e027-444f-a267-305030efef24,order_index,source_provided,True,True,2,2,matched
t160-quality-20261007T014124Z-fbbe8ec7-11-IMP-MIXED-r2,IMP-MIXED,2,assisted_corrected,545de13f-3fe9-524b-a917-7ab04807806f,2679d9e9-e027-444f-a267-305030efef24,source_page_numbers,source_provided,True,True,[1],[1],matched
t160-quality-20261007T014124Z-fbbe8ec7-11-IMP-MIXED-r2,IMP-MIXED,2,assisted_corrected,545de13f-3fe9-524b-a917-7ab04807806f,2679d9e9-e027-444f-a267-305030efef24,question_type,source_provided,True,True,TRUE_FALSE,TRUE_FALSE,matched
t160-quality-20261007T014124Z-fbbe8ec7-11-IMP-MIXED-r2,IMP-MIXED,2,assisted_corrected,545de13f-3fe9-524b-a917-7ab04807806f,2679d9e9-e027-444f-a267-305030efef24,content,source_provided,True,True,右图三角形面积为 24 cm²。,右图三角形面积为 24 cm²。,matched
t160-quality-20261007T014124Z-fbbe8ec7-11-IMP-MIXED-r2,IMP-MIXED,2,assisted_corrected,545de13f-3fe9-524b-a917-7ab04807806f,2679d9e9-e027-444f-a267-305030efef24,options,source_provided,True,True,"[""正确"", ""错误""]","[""正确"", ""错误""]",matched
t160-quality-20261007T014124Z-fbbe8ec7-11-IMP-MIXED-r2,IMP-MIXED,2,assisted_corrected,545de13f-3fe9-524b-a917-7ab04807806f,2679d9e9-e027-444f-a267-305030efef24,reference_answer,known_missing,True,True,,,matched
t160-quality-20261007T014124Z-fbbe8ec7-11-IMP-MIXED-r2,IMP-MIXED,2,assisted_corrected,545de13f-3fe9-524b-a917-7ab04807806f,2679d9e9-e027-444f-a267-305030efef24,analysis,known_missing,True,True,,,matched
t160-quality-20261007T014124Z-fbbe8ec7-11-IMP-MIXED-r2,IMP-MIXED,2,assisted_corrected,545de13f-3fe9-524b-a917-7ab04807806f,2679d9e9-e027-444f-a267-305030efef24,score,source_provided,True,True,2.00,2.00,matched
t160-quality-20261007T014124Z-fbbe8ec7-11-IMP-MIXED-r2,IMP-MIXED,2,assisted_corrected,545de13f-3fe9-524b-a917-7ab04807806f,2679d9e9-e027-444f-a267-305030efef24,scoring_rubric,known_missing,True,True,,,matched
t160-quality-20261007T014124Z-fbbe8ec7-11-IMP-MIXED-r2,IMP-MIXED,2,assisted_corrected,545de13f-3fe9-524b-a917-7ab04807806f,2679d9e9-e027-444f-a267-305030efef24,knowledge_points,known_missing,True,True,[],[],matched
t160-quality-20261007T014124Z-fbbe8ec7-11-IMP-MIXED-r2,IMP-MIXED,2,assisted_corrected,545de13f-3fe9-524b-a917-7ab04807806f,2679d9e9-e027-444f-a267-305030efef24,source_regions,unknown,False,,,,reference_unknown
t160-quality-20261007T014124Z-fbbe8ec7-11-IMP-MIXED-r2,IMP-MIXED,2,assisted_corrected,545de13f-3fe9-524b-a917-7ab04807806f,2679d9e9-e027-444f-a267-305030efef24,assets,source_provided,True,False,"[{""asset_type"": ""figure"", ""source_page_number"": 1, ""order_index"": 1}]",,matched
t160-quality-20261007T014124Z-fbbe8ec7-11-IMP-MIXED-r2,IMP-MIXED,2,assisted_corrected,85533f46-eb86-5893-8742-33939e77750f,9063bc21-9839-4d32-9bab-4b27c70720c1,question_number,source_provided,True,True,3,3,matched
t160-quality-20261007T014124Z-fbbe8ec7-11-IMP-MIXED-r2,IMP-MIXED,2,assisted_corrected,85533f46-eb86-5893-8742-33939e77750f,9063bc21-9839-4d32-9bab-4b27c70720c1,order_index,source_provided,True,True,3,3,matched
t160-quality-20261007T014124Z-fbbe8ec7-11-IMP-MIXED-r2,IMP-MIXED,2,assisted_corrected,85533f46-eb86-5893-8742-33939e77750f,9063bc21-9839-4d32-9bab-4b27c70720c1,source_page_numbers,source_provided,True,True,[1],[1],matched
t160-quality-20261007T014124Z-fbbe8ec7-11-IMP-MIXED-r2,IMP-MIXED,2,assisted_corrected,85533f46-eb86-5893-8742-33939e77750f,9063bc21-9839-4d32-9bab-4b27c70720c1,question_type,source_provided,True,True,SHORT_ANSWER,SHORT_ANSWER,matched
t160-quality-20261007T014124Z-fbbe8ec7-11-IMP-MIXED-r2,IMP-MIXED,2,assisted_corrected,85533f46-eb86-5893-8742-33939e77750f,9063bc21-9839-4d32-9bab-4b27c70720c1,content,source_provided,True,True,根据下表写出 y 关于 x 的关系式。,根据下表写出 y 关于 x 的关系式。,matched
t160-quality-20261007T014124Z-fbbe8ec7-11-IMP-MIXED-r2,IMP-MIXED,2,assisted_corrected,85533f46-eb86-5893-8742-33939e77750f,9063bc21-9839-4d32-9bab-4b27c70720c1,options,not_applicable,True,True,,,matched
t160-quality-20261007T014124Z-fbbe8ec7-11-IMP-MIXED-r2,IMP-MIXED,2,assisted_corrected,85533f46-eb86-5893-8742-33939e77750f,9063bc21-9839-4d32-9bab-4b27c70720c1,reference_answer,known_missing,True,True,,,matched
t160-quality-20261007T014124Z-fbbe8ec7-11-IMP-MIXED-r2,IMP-MIXED,2,assisted_corrected,85533f46-eb86-5893-8742-33939e77750f,9063bc21-9839-4d32-9bab-4b27c70720c1,analysis,known_missing,True,True,,,matched
t160-quality-20261007T014124Z-fbbe8ec7-11-IMP-MIXED-r2,IMP-MIXED,2,assisted_corrected,85533f46-eb86-5893-8742-33939e77750f,9063bc21-9839-4d32-9bab-4b27c70720c1,score,source_provided,True,True,3.00,3.00,matched
t160-quality-20261007T014124Z-fbbe8ec7-11-IMP-MIXED-r2,IMP-MIXED,2,assisted_corrected,85533f46-eb86-5893-8742-33939e77750f,9063bc21-9839-4d32-9bab-4b27c70720c1,scoring_rubric,source_provided,True,True,正确关系式 1.00；说明代入过程 2.00。,正确关系式 1.00；说明代入过程 2.00。,matched
t160-quality-20261007T014124Z-fbbe8ec7-11-IMP-MIXED-r2,IMP-MIXED,2,assisted_corrected,85533f46-eb86-5893-8742-33939e77750f,9063bc21-9839-4d32-9bab-4b27c70720c1,knowledge_points,source_provided,True,True,"[""一次函数"", ""表达与计算""]","[""一次函数"", ""表达与计算""]",matched
t160-quality-20261007T014124Z-fbbe8ec7-11-IMP-MIXED-r2,IMP-MIXED,2,assisted_corrected,85533f46-eb86-5893-8742-33939e77750f,9063bc21-9839-4d32-9bab-4b27c70720c1,source_regions,unknown,False,,,,reference_unknown
t160-quality-20261007T014124Z-fbbe8ec7-11-IMP-MIXED-r2,IMP-MIXED,2,assisted_corrected,85533f46-eb86-5893-8742-33939e77750f,9063bc21-9839-4d32-9bab-4b27c70720c1,assets,source_provided,True,False,"[{""asset_type"": ""table"", ""source_page_number"": 1, ""order_index"": 1}]",,matched
t160-quality-20261007T014124Z-fbbe8ec7-11-IMP-MIXED-r2,IMP-MIXED,2,assisted_corrected,0fa8d57e-58c2-5aa4-b8cd-e52e96380a38,622740dd-cdbc-46a4-ac33-d05fa00266d9,question_number,source_provided,True,True,4,4,matched
t160-quality-20261007T014124Z-fbbe8ec7-11-IMP-MIXED-r2,IMP-MIXED,2,assisted_corrected,0fa8d57e-58c2-5aa4-b8cd-e52e96380a38,622740dd-cdbc-46a4-ac33-d05fa00266d9,order_index,source_provided,True,True,4,4,matched
t160-quality-20261007T014124Z-fbbe8ec7-11-IMP-MIXED-r2,IMP-MIXED,2,assisted_corrected,0fa8d57e-58c2-5aa4-b8cd-e52e96380a38,622740dd-cdbc-46a4-ac33-d05fa00266d9,source_page_numbers,source_provided,True,True,[2],[2],matched
t160-quality-20261007T014124Z-fbbe8ec7-11-IMP-MIXED-r2,IMP-MIXED,2,assisted_corrected,0fa8d57e-58c2-5aa4-b8cd-e52e96380a38,622740dd-cdbc-46a4-ac33-d05fa00266d9,question_type,source_provided,True,True,SINGLE_CHOICE,SINGLE_CHOICE,matched
t160-quality-20261007T014124Z-fbbe8ec7-11-IMP-MIXED-r2,IMP-MIXED,2,assisted_corrected,0fa8d57e-58c2-5aa4-b8cd-e52e96380a38,622740dd-cdbc-46a4-ac33-d05fa00266d9,content,source_provided,True,True,y = 2x + 1，x = 3 时 y 为多少？,y = 2x + 1，x = 3 时 y 为多少？,matched
t160-quality-20261007T014124Z-fbbe8ec7-11-IMP-MIXED-r2,IMP-MIXED,2,assisted_corrected,0fa8d57e-58c2-5aa4-b8cd-e52e96380a38,622740dd-cdbc-46a4-ac33-d05fa00266d9,options,source_provided,True,True,"{""C"": ""7"", ""A"": ""5"", ""B"": ""6"", ""D"": ""8""}","{""C"": ""7"", ""A"": ""5"", ""B"": ""6"", ""D"": ""8""}",matched
t160-quality-20261007T014124Z-fbbe8ec7-11-IMP-MIXED-r2,IMP-MIXED,2,assisted_corrected,0fa8d57e-58c2-5aa4-b8cd-e52e96380a38,622740dd-cdbc-46a4-ac33-d05fa00266d9,reference_answer,source_provided,True,True,C,C,matched
t160-quality-20261007T014124Z-fbbe8ec7-11-IMP-MIXED-r2,IMP-MIXED,2,assisted_corrected,0fa8d57e-58c2-5aa4-b8cd-e52e96380a38,622740dd-cdbc-46a4-ac33-d05fa00266d9,analysis,source_provided,True,True,2 × 3 + 1 = 7。,2 × 3 + 1 = 7。,matched
t160-quality-20261007T014124Z-fbbe8ec7-11-IMP-MIXED-r2,IMP-MIXED,2,assisted_corrected,0fa8d57e-58c2-5aa4-b8cd-e52e96380a38,622740dd-cdbc-46a4-ac33-d05fa00266d9,score,source_provided,True,True,2.00,2.00,matched
t160-quality-20261007T014124Z-fbbe8ec7-11-IMP-MIXED-r2,IMP-MIXED,2,assisted_corrected,0fa8d57e-58c2-5aa4-b8cd-e52e96380a38,622740dd-cdbc-46a4-ac33-d05fa00266d9,scoring_rubric,known_missing,True,True,,,matched
t160-quality-20261007T014124Z-fbbe8ec7-11-IMP-MIXED-r2,IMP-MIXED,2,assisted_corrected,0fa8d57e-58c2-5aa4-b8cd-e52e96380a38,622740dd-cdbc-46a4-ac33-d05fa00266d9,knowledge_points,known_missing,True,True,[],[],matched
t160-quality-20261007T014124Z-fbbe8ec7-11-IMP-MIXED-r2,IMP-MIXED,2,assisted_corrected,0fa8d57e-58c2-5aa4-b8cd-e52e96380a38,622740dd-cdbc-46a4-ac33-d05fa00266d9,source_regions,unknown,False,,,,reference_unknown
t160-quality-20261007T014124Z-fbbe8ec7-11-IMP-MIXED-r2,IMP-MIXED,2,assisted_corrected,0fa8d57e-58c2-5aa4-b8cd-e52e96380a38,622740dd-cdbc-46a4-ac33-d05fa00266d9,assets,source_provided,True,True,[],[],matched
t160-quality-20261007T014124Z-fbbe8ec7-11-IMP-MIXED-r2,IMP-MIXED,2,assisted_corrected,455720b9-9061-5bce-83af-d6d53c6c84e1,7dfad851-db1b-498d-8c02-4289d2b1a5a4,question_number,source_provided,True,True,5,5,matched
t160-quality-20261007T014124Z-fbbe8ec7-11-IMP-MIXED-r2,IMP-MIXED,2,assisted_corrected,455720b9-9061-5bce-83af-d6d53c6c84e1,7dfad851-db1b-498d-8c02-4289d2b1a5a4,order_index,source_provided,True,True,5,5,matched
t160-quality-20261007T014124Z-fbbe8ec7-11-IMP-MIXED-r2,IMP-MIXED,2,assisted_corrected,455720b9-9061-5bce-83af-d6d53c6c84e1,7dfad851-db1b-498d-8c02-4289d2b1a5a4,source_page_numbers,source_provided,True,True,[2],[2],matched
t160-quality-20261007T014124Z-fbbe8ec7-11-IMP-MIXED-r2,IMP-MIXED,2,assisted_corrected,455720b9-9061-5bce-83af-d6d53c6c84e1,7dfad851-db1b-498d-8c02-4289d2b1a5a4,question_type,source_provided,True,True,TRUE_FALSE,TRUE_FALSE,matched
t160-quality-20261007T014124Z-fbbe8ec7-11-IMP-MIXED-r2,IMP-MIXED,2,assisted_corrected,455720b9-9061-5bce-83af-d6d53c6c84e1,7dfad851-db1b-498d-8c02-4289d2b1a5a4,content,source_provided,True,True,右图三角形面积为 24 cm²。,右图三角形面积为 24 cm²。,matched
t160-quality-20261007T014124Z-fbbe8ec7-11-IMP-MIXED-r2,IMP-MIXED,2,assisted_corrected,455720b9-9061-5bce-83af-d6d53c6c84e1,7dfad851-db1b-498d-8c02-4289d2b1a5a4,options,source_provided,True,True,"[""正确"", ""错误""]","[""正确"", ""错误""]",matched
t160-quality-20261007T014124Z-fbbe8ec7-11-IMP-MIXED-r2,IMP-MIXED,2,assisted_corrected,455720b9-9061-5bce-83af-d6d53c6c84e1,7dfad851-db1b-498d-8c02-4289d2b1a5a4,reference_answer,known_missing,True,True,,,matched
t160-quality-20261007T014124Z-fbbe8ec7-11-IMP-MIXED-r2,IMP-MIXED,2,assisted_corrected,455720b9-9061-5bce-83af-d6d53c6c84e1,7dfad851-db1b-498d-8c02-4289d2b1a5a4,analysis,known_missing,True,True,,,matched
t160-quality-20261007T014124Z-fbbe8ec7-11-IMP-MIXED-r2,IMP-MIXED,2,assisted_corrected,455720b9-9061-5bce-83af-d6d53c6c84e1,7dfad851-db1b-498d-8c02-4289d2b1a5a4,score,source_provided,True,True,2.00,2.00,matched
t160-quality-20261007T014124Z-fbbe8ec7-11-IMP-MIXED-r2,IMP-MIXED,2,assisted_corrected,455720b9-9061-5bce-83af-d6d53c6c84e1,7dfad851-db1b-498d-8c02-4289d2b1a5a4,scoring_rubric,known_missing,True,True,,,matched
t160-quality-20261007T014124Z-fbbe8ec7-11-IMP-MIXED-r2,IMP-MIXED,2,assisted_corrected,455720b9-9061-5bce-83af-d6d53c6c84e1,7dfad851-db1b-498d-8c02-4289d2b1a5a4,knowledge_points,known_missing,True,True,[],[],matched
t160-quality-20261007T014124Z-fbbe8ec7-11-IMP-MIXED-r2,IMP-MIXED,2,assisted_corrected,455720b9-9061-5bce-83af-d6d53c6c84e1,7dfad851-db1b-498d-8c02-4289d2b1a5a4,source_regions,unknown,False,,,,reference_unknown
t160-quality-20261007T014124Z-fbbe8ec7-11-IMP-MIXED-r2,IMP-MIXED,2,assisted_corrected,455720b9-9061-5bce-83af-d6d53c6c84e1,7dfad851-db1b-498d-8c02-4289d2b1a5a4,assets,source_provided,True,False,"[{""asset_type"": ""figure"", ""source_page_number"": 2, ""order_index"": 1}]",,matched
t160-quality-20261007T014124Z-fbbe8ec7-11-IMP-MIXED-r2,IMP-MIXED,2,assisted_corrected,bf862f8d-df39-5559-bab5-d942fccb2432,6624a49d-e825-4e7a-af0e-a6b3da890cf8,question_number,source_provided,True,True,6,6,matched
t160-quality-20261007T014124Z-fbbe8ec7-11-IMP-MIXED-r2,IMP-MIXED,2,assisted_corrected,bf862f8d-df39-5559-bab5-d942fccb2432,6624a49d-e825-4e7a-af0e-a6b3da890cf8,order_index,source_provided,True,True,6,6,matched
t160-quality-20261007T014124Z-fbbe8ec7-11-IMP-MIXED-r2,IMP-MIXED,2,assisted_corrected,bf862f8d-df39-5559-bab5-d942fccb2432,6624a49d-e825-4e7a-af0e-a6b3da890cf8,source_page_numbers,source_provided,True,True,[2],[2],matched
t160-quality-20261007T014124Z-fbbe8ec7-11-IMP-MIXED-r2,IMP-MIXED,2,assisted_corrected,bf862f8d-df39-5559-bab5-d942fccb2432,6624a49d-e825-4e7a-af0e-a6b3da890cf8,question_type,source_provided,True,True,SHORT_ANSWER,SHORT_ANSWER,matched
t160-quality-20261007T014124Z-fbbe8ec7-11-IMP-MIXED-r2,IMP-MIXED,2,assisted_corrected,bf862f8d-df39-5559-bab5-d942fccb2432,6624a49d-e825-4e7a-af0e-a6b3da890cf8,content,source_provided,True,True,根据下表写出 y 关于 x 的关系式。,根据下表写出 y 关于 x 的关系式。,matched
t160-quality-20261007T014124Z-fbbe8ec7-11-IMP-MIXED-r2,IMP-MIXED,2,assisted_corrected,bf862f8d-df39-5559-bab5-d942fccb2432,6624a49d-e825-4e7a-af0e-a6b3da890cf8,options,not_applicable,True,True,,,matched
t160-quality-20261007T014124Z-fbbe8ec7-11-IMP-MIXED-r2,IMP-MIXED,2,assisted_corrected,bf862f8d-df39-5559-bab5-d942fccb2432,6624a49d-e825-4e7a-af0e-a6b3da890cf8,reference_answer,known_missing,True,True,,,matched
t160-quality-20261007T014124Z-fbbe8ec7-11-IMP-MIXED-r2,IMP-MIXED,2,assisted_corrected,bf862f8d-df39-5559-bab5-d942fccb2432,6624a49d-e825-4e7a-af0e-a6b3da890cf8,analysis,known_missing,True,True,,,matched
t160-quality-20261007T014124Z-fbbe8ec7-11-IMP-MIXED-r2,IMP-MIXED,2,assisted_corrected,bf862f8d-df39-5559-bab5-d942fccb2432,6624a49d-e825-4e7a-af0e-a6b3da890cf8,score,source_provided,True,True,3.00,3.00,matched
t160-quality-20261007T014124Z-fbbe8ec7-11-IMP-MIXED-r2,IMP-MIXED,2,assisted_corrected,bf862f8d-df39-5559-bab5-d942fccb2432,6624a49d-e825-4e7a-af0e-a6b3da890cf8,scoring_rubric,source_provided,True,True,正确关系式 1.00；说明代入过程 2.00。,正确关系式 1.00；说明代入过程 2.00。,matched
t160-quality-20261007T014124Z-fbbe8ec7-11-IMP-MIXED-r2,IMP-MIXED,2,assisted_corrected,bf862f8d-df39-5559-bab5-d942fccb2432,6624a49d-e825-4e7a-af0e-a6b3da890cf8,knowledge_points,source_provided,True,True,"[""一次函数"", ""表达与计算""]","[""一次函数"", ""表达与计算""]",matched
t160-quality-20261007T014124Z-fbbe8ec7-11-IMP-MIXED-r2,IMP-MIXED,2,assisted_corrected,bf862f8d-df39-5559-bab5-d942fccb2432,6624a49d-e825-4e7a-af0e-a6b3da890cf8,source_regions,unknown,False,,,,reference_unknown
t160-quality-20261007T014124Z-fbbe8ec7-11-IMP-MIXED-r2,IMP-MIXED,2,assisted_corrected,bf862f8d-df39-5559-bab5-d942fccb2432,6624a49d-e825-4e7a-af0e-a6b3da890cf8,assets,source_provided,True,False,"[{""asset_type"": ""table"", ""source_page_number"": 2, ""order_index"": 1}]",,matched
t160-quality-20261007T014124Z-fbbe8ec7-12-IMP-MIXED-r3,IMP-MIXED,3,automatic,1faa8619-84cc-5d65-86ae-244c7f68645e,c92788b7-5046-4456-84d6-7618a22ab060,question_number,source_provided,True,True,1,1,matched
t160-quality-20261007T014124Z-fbbe8ec7-12-IMP-MIXED-r3,IMP-MIXED,3,automatic,1faa8619-84cc-5d65-86ae-244c7f68645e,c92788b7-5046-4456-84d6-7618a22ab060,order_index,source_provided,True,True,1,1,matched
t160-quality-20261007T014124Z-fbbe8ec7-12-IMP-MIXED-r3,IMP-MIXED,3,automatic,1faa8619-84cc-5d65-86ae-244c7f68645e,c92788b7-5046-4456-84d6-7618a22ab060,source_page_numbers,source_provided,True,True,[1],[1],matched
t160-quality-20261007T014124Z-fbbe8ec7-12-IMP-MIXED-r3,IMP-MIXED,3,automatic,1faa8619-84cc-5d65-86ae-244c7f68645e,c92788b7-5046-4456-84d6-7618a22ab060,question_type,source_provided,True,True,SINGLE_CHOICE,SINGLE_CHOICE,matched
t160-quality-20261007T014124Z-fbbe8ec7-12-IMP-MIXED-r3,IMP-MIXED,3,automatic,1faa8619-84cc-5d65-86ae-244c7f68645e,c92788b7-5046-4456-84d6-7618a22ab060,content,source_provided,True,True,y = 2x + 1，x = 3 时 y 为多少？,y = 2x + 1，x = 3 时 y 为多少？,matched
t160-quality-20261007T014124Z-fbbe8ec7-12-IMP-MIXED-r3,IMP-MIXED,3,automatic,1faa8619-84cc-5d65-86ae-244c7f68645e,c92788b7-5046-4456-84d6-7618a22ab060,options,source_provided,True,True,"{""C"": ""7"", ""A"": ""5"", ""B"": ""6"", ""D"": ""8""}","{""C"": ""7"", ""A"": ""5"", ""B"": ""6"", ""D"": ""8""}",matched
t160-quality-20261007T014124Z-fbbe8ec7-12-IMP-MIXED-r3,IMP-MIXED,3,automatic,1faa8619-84cc-5d65-86ae-244c7f68645e,c92788b7-5046-4456-84d6-7618a22ab060,reference_answer,source_provided,True,True,C,C,matched
t160-quality-20261007T014124Z-fbbe8ec7-12-IMP-MIXED-r3,IMP-MIXED,3,automatic,1faa8619-84cc-5d65-86ae-244c7f68645e,c92788b7-5046-4456-84d6-7618a22ab060,analysis,source_provided,True,True,2 × 3 + 1 = 7。,2 × 3 + 1 = 7。,matched
t160-quality-20261007T014124Z-fbbe8ec7-12-IMP-MIXED-r3,IMP-MIXED,3,automatic,1faa8619-84cc-5d65-86ae-244c7f68645e,c92788b7-5046-4456-84d6-7618a22ab060,score,source_provided,True,True,2.00,2.00,matched
t160-quality-20261007T014124Z-fbbe8ec7-12-IMP-MIXED-r3,IMP-MIXED,3,automatic,1faa8619-84cc-5d65-86ae-244c7f68645e,c92788b7-5046-4456-84d6-7618a22ab060,scoring_rubric,known_missing,True,True,,,matched
t160-quality-20261007T014124Z-fbbe8ec7-12-IMP-MIXED-r3,IMP-MIXED,3,automatic,1faa8619-84cc-5d65-86ae-244c7f68645e,c92788b7-5046-4456-84d6-7618a22ab060,knowledge_points,known_missing,True,True,[],[],matched
t160-quality-20261007T014124Z-fbbe8ec7-12-IMP-MIXED-r3,IMP-MIXED,3,automatic,1faa8619-84cc-5d65-86ae-244c7f68645e,c92788b7-5046-4456-84d6-7618a22ab060,source_regions,unknown,False,,,,reference_unknown
t160-quality-20261007T014124Z-fbbe8ec7-12-IMP-MIXED-r3,IMP-MIXED,3,automatic,1faa8619-84cc-5d65-86ae-244c7f68645e,c92788b7-5046-4456-84d6-7618a22ab060,assets,source_provided,True,False,[],,matched
t160-quality-20261007T014124Z-fbbe8ec7-12-IMP-MIXED-r3,IMP-MIXED,3,automatic,545de13f-3fe9-524b-a917-7ab04807806f,663a41e1-d9ef-4b58-a09d-dd2ccb5be2b6,question_number,source_provided,True,True,2,2,matched
t160-quality-20261007T014124Z-fbbe8ec7-12-IMP-MIXED-r3,IMP-MIXED,3,automatic,545de13f-3fe9-524b-a917-7ab04807806f,663a41e1-d9ef-4b58-a09d-dd2ccb5be2b6,order_index,source_provided,True,True,2,2,matched
t160-quality-20261007T014124Z-fbbe8ec7-12-IMP-MIXED-r3,IMP-MIXED,3,automatic,545de13f-3fe9-524b-a917-7ab04807806f,663a41e1-d9ef-4b58-a09d-dd2ccb5be2b6,source_page_numbers,source_provided,True,True,[1],[1],matched
t160-quality-20261007T014124Z-fbbe8ec7-12-IMP-MIXED-r3,IMP-MIXED,3,automatic,545de13f-3fe9-524b-a917-7ab04807806f,663a41e1-d9ef-4b58-a09d-dd2ccb5be2b6,question_type,source_provided,True,True,TRUE_FALSE,TRUE_FALSE,matched
t160-quality-20261007T014124Z-fbbe8ec7-12-IMP-MIXED-r3,IMP-MIXED,3,automatic,545de13f-3fe9-524b-a917-7ab04807806f,663a41e1-d9ef-4b58-a09d-dd2ccb5be2b6,content,source_provided,True,True,右图三角形面积为 24 cm²。,右图三角形面积为 24 cm²。,matched
t160-quality-20261007T014124Z-fbbe8ec7-12-IMP-MIXED-r3,IMP-MIXED,3,automatic,545de13f-3fe9-524b-a917-7ab04807806f,663a41e1-d9ef-4b58-a09d-dd2ccb5be2b6,options,source_provided,True,True,"[""正确"", ""错误""]","[""正确"", ""错误""]",matched
t160-quality-20261007T014124Z-fbbe8ec7-12-IMP-MIXED-r3,IMP-MIXED,3,automatic,545de13f-3fe9-524b-a917-7ab04807806f,663a41e1-d9ef-4b58-a09d-dd2ccb5be2b6,reference_answer,known_missing,True,True,,,matched
t160-quality-20261007T014124Z-fbbe8ec7-12-IMP-MIXED-r3,IMP-MIXED,3,automatic,545de13f-3fe9-524b-a917-7ab04807806f,663a41e1-d9ef-4b58-a09d-dd2ccb5be2b6,analysis,known_missing,True,True,,,matched
t160-quality-20261007T014124Z-fbbe8ec7-12-IMP-MIXED-r3,IMP-MIXED,3,automatic,545de13f-3fe9-524b-a917-7ab04807806f,663a41e1-d9ef-4b58-a09d-dd2ccb5be2b6,score,source_provided,True,True,2.00,2.00,matched
t160-quality-20261007T014124Z-fbbe8ec7-12-IMP-MIXED-r3,IMP-MIXED,3,automatic,545de13f-3fe9-524b-a917-7ab04807806f,663a41e1-d9ef-4b58-a09d-dd2ccb5be2b6,scoring_rubric,known_missing,True,True,,,matched
t160-quality-20261007T014124Z-fbbe8ec7-12-IMP-MIXED-r3,IMP-MIXED,3,automatic,545de13f-3fe9-524b-a917-7ab04807806f,663a41e1-d9ef-4b58-a09d-dd2ccb5be2b6,knowledge_points,known_missing,True,True,[],[],matched
t160-quality-20261007T014124Z-fbbe8ec7-12-IMP-MIXED-r3,IMP-MIXED,3,automatic,545de13f-3fe9-524b-a917-7ab04807806f,663a41e1-d9ef-4b58-a09d-dd2ccb5be2b6,source_regions,unknown,False,,,,reference_unknown
t160-quality-20261007T014124Z-fbbe8ec7-12-IMP-MIXED-r3,IMP-MIXED,3,automatic,545de13f-3fe9-524b-a917-7ab04807806f,663a41e1-d9ef-4b58-a09d-dd2ccb5be2b6,assets,source_provided,True,False,"[{""asset_type"": ""figure"", ""source_page_number"": 1, ""order_index"": 1}]",,matched
t160-quality-20261007T014124Z-fbbe8ec7-12-IMP-MIXED-r3,IMP-MIXED,3,automatic,85533f46-eb86-5893-8742-33939e77750f,2bbcada7-73d3-4dc3-85f7-c6389ac6618f,question_number,source_provided,True,True,3,3,matched
t160-quality-20261007T014124Z-fbbe8ec7-12-IMP-MIXED-r3,IMP-MIXED,3,automatic,85533f46-eb86-5893-8742-33939e77750f,2bbcada7-73d3-4dc3-85f7-c6389ac6618f,order_index,source_provided,True,True,3,3,matched
t160-quality-20261007T014124Z-fbbe8ec7-12-IMP-MIXED-r3,IMP-MIXED,3,automatic,85533f46-eb86-5893-8742-33939e77750f,2bbcada7-73d3-4dc3-85f7-c6389ac6618f,source_page_numbers,source_provided,True,True,[1],[1],matched
t160-quality-20261007T014124Z-fbbe8ec7-12-IMP-MIXED-r3,IMP-MIXED,3,automatic,85533f46-eb86-5893-8742-33939e77750f,2bbcada7-73d3-4dc3-85f7-c6389ac6618f,question_type,source_provided,True,True,SHORT_ANSWER,SHORT_ANSWER,matched
t160-quality-20261007T014124Z-fbbe8ec7-12-IMP-MIXED-r3,IMP-MIXED,3,automatic,85533f46-eb86-5893-8742-33939e77750f,2bbcada7-73d3-4dc3-85f7-c6389ac6618f,content,source_provided,True,True,根据下表写出 y 关于 x 的关系式。,根据下表写出 y 关于 x 的关系式。,matched
t160-quality-20261007T014124Z-fbbe8ec7-12-IMP-MIXED-r3,IMP-MIXED,3,automatic,85533f46-eb86-5893-8742-33939e77750f,2bbcada7-73d3-4dc3-85f7-c6389ac6618f,options,not_applicable,True,True,,,matched
t160-quality-20261007T014124Z-fbbe8ec7-12-IMP-MIXED-r3,IMP-MIXED,3,automatic,85533f46-eb86-5893-8742-33939e77750f,2bbcada7-73d3-4dc3-85f7-c6389ac6618f,reference_answer,known_missing,True,True,,,matched
t160-quality-20261007T014124Z-fbbe8ec7-12-IMP-MIXED-r3,IMP-MIXED,3,automatic,85533f46-eb86-5893-8742-33939e77750f,2bbcada7-73d3-4dc3-85f7-c6389ac6618f,analysis,known_missing,True,True,,,matched
t160-quality-20261007T014124Z-fbbe8ec7-12-IMP-MIXED-r3,IMP-MIXED,3,automatic,85533f46-eb86-5893-8742-33939e77750f,2bbcada7-73d3-4dc3-85f7-c6389ac6618f,score,source_provided,True,True,3.00,3.00,matched
t160-quality-20261007T014124Z-fbbe8ec7-12-IMP-MIXED-r3,IMP-MIXED,3,automatic,85533f46-eb86-5893-8742-33939e77750f,2bbcada7-73d3-4dc3-85f7-c6389ac6618f,scoring_rubric,source_provided,True,True,正确关系式 1.00；说明代入过程 2.00。,正确关系式 1.00；说明代入过程 2.00。,matched
t160-quality-20261007T014124Z-fbbe8ec7-12-IMP-MIXED-r3,IMP-MIXED,3,automatic,85533f46-eb86-5893-8742-33939e77750f,2bbcada7-73d3-4dc3-85f7-c6389ac6618f,knowledge_points,source_provided,True,True,"[""一次函数"", ""表达与计算""]","[""一次函数"", ""表达与计算""]",matched
t160-quality-20261007T014124Z-fbbe8ec7-12-IMP-MIXED-r3,IMP-MIXED,3,automatic,85533f46-eb86-5893-8742-33939e77750f,2bbcada7-73d3-4dc3-85f7-c6389ac6618f,source_regions,unknown,False,,,,reference_unknown
t160-quality-20261007T014124Z-fbbe8ec7-12-IMP-MIXED-r3,IMP-MIXED,3,automatic,85533f46-eb86-5893-8742-33939e77750f,2bbcada7-73d3-4dc3-85f7-c6389ac6618f,assets,source_provided,True,False,"[{""asset_type"": ""table"", ""source_page_number"": 1, ""order_index"": 1}]",,matched
t160-quality-20261007T014124Z-fbbe8ec7-12-IMP-MIXED-r3,IMP-MIXED,3,automatic,0fa8d57e-58c2-5aa4-b8cd-e52e96380a38,e83b233a-0dce-4dcb-aac2-4d680eeffeb2,question_number,source_provided,True,True,4,4,matched
t160-quality-20261007T014124Z-fbbe8ec7-12-IMP-MIXED-r3,IMP-MIXED,3,automatic,0fa8d57e-58c2-5aa4-b8cd-e52e96380a38,e83b233a-0dce-4dcb-aac2-4d680eeffeb2,order_index,source_provided,True,True,4,4,matched
t160-quality-20261007T014124Z-fbbe8ec7-12-IMP-MIXED-r3,IMP-MIXED,3,automatic,0fa8d57e-58c2-5aa4-b8cd-e52e96380a38,e83b233a-0dce-4dcb-aac2-4d680eeffeb2,source_page_numbers,source_provided,True,True,[2],[2],matched
t160-quality-20261007T014124Z-fbbe8ec7-12-IMP-MIXED-r3,IMP-MIXED,3,automatic,0fa8d57e-58c2-5aa4-b8cd-e52e96380a38,e83b233a-0dce-4dcb-aac2-4d680eeffeb2,question_type,source_provided,True,True,SINGLE_CHOICE,SINGLE_CHOICE,matched
t160-quality-20261007T014124Z-fbbe8ec7-12-IMP-MIXED-r3,IMP-MIXED,3,automatic,0fa8d57e-58c2-5aa4-b8cd-e52e96380a38,e83b233a-0dce-4dcb-aac2-4d680eeffeb2,content,source_provided,True,True,y = 2x + 1，x = 3 时 y 为多少？,y = 2x + 1，x = 3 时 y 为多少？,matched
t160-quality-20261007T014124Z-fbbe8ec7-12-IMP-MIXED-r3,IMP-MIXED,3,automatic,0fa8d57e-58c2-5aa4-b8cd-e52e96380a38,e83b233a-0dce-4dcb-aac2-4d680eeffeb2,options,source_provided,True,True,"{""C"": ""7"", ""A"": ""5"", ""B"": ""6"", ""D"": ""8""}","{""C"": ""7"", ""A"": ""5"", ""B"": ""6"", ""D"": ""8""}",matched
t160-quality-20261007T014124Z-fbbe8ec7-12-IMP-MIXED-r3,IMP-MIXED,3,automatic,0fa8d57e-58c2-5aa4-b8cd-e52e96380a38,e83b233a-0dce-4dcb-aac2-4d680eeffeb2,reference_answer,source_provided,True,True,C,C,matched
t160-quality-20261007T014124Z-fbbe8ec7-12-IMP-MIXED-r3,IMP-MIXED,3,automatic,0fa8d57e-58c2-5aa4-b8cd-e52e96380a38,e83b233a-0dce-4dcb-aac2-4d680eeffeb2,analysis,source_provided,True,True,2 × 3 + 1 = 7。,2 × 3 + 1 = 7。,matched
t160-quality-20261007T014124Z-fbbe8ec7-12-IMP-MIXED-r3,IMP-MIXED,3,automatic,0fa8d57e-58c2-5aa4-b8cd-e52e96380a38,e83b233a-0dce-4dcb-aac2-4d680eeffeb2,score,source_provided,True,True,2.00,2.00,matched
t160-quality-20261007T014124Z-fbbe8ec7-12-IMP-MIXED-r3,IMP-MIXED,3,automatic,0fa8d57e-58c2-5aa4-b8cd-e52e96380a38,e83b233a-0dce-4dcb-aac2-4d680eeffeb2,scoring_rubric,known_missing,True,True,,,matched
t160-quality-20261007T014124Z-fbbe8ec7-12-IMP-MIXED-r3,IMP-MIXED,3,automatic,0fa8d57e-58c2-5aa4-b8cd-e52e96380a38,e83b233a-0dce-4dcb-aac2-4d680eeffeb2,knowledge_points,known_missing,True,True,[],[],matched
t160-quality-20261007T014124Z-fbbe8ec7-12-IMP-MIXED-r3,IMP-MIXED,3,automatic,0fa8d57e-58c2-5aa4-b8cd-e52e96380a38,e83b233a-0dce-4dcb-aac2-4d680eeffeb2,source_regions,unknown,False,,,,reference_unknown
t160-quality-20261007T014124Z-fbbe8ec7-12-IMP-MIXED-r3,IMP-MIXED,3,automatic,0fa8d57e-58c2-5aa4-b8cd-e52e96380a38,e83b233a-0dce-4dcb-aac2-4d680eeffeb2,assets,source_provided,True,False,[],,matched
t160-quality-20261007T014124Z-fbbe8ec7-12-IMP-MIXED-r3,IMP-MIXED,3,automatic,455720b9-9061-5bce-83af-d6d53c6c84e1,3752e4bb-4761-4dfb-81f9-0afd8b3d640f,question_number,source_provided,True,True,5,5,matched
t160-quality-20261007T014124Z-fbbe8ec7-12-IMP-MIXED-r3,IMP-MIXED,3,automatic,455720b9-9061-5bce-83af-d6d53c6c84e1,3752e4bb-4761-4dfb-81f9-0afd8b3d640f,order_index,source_provided,True,True,5,5,matched
t160-quality-20261007T014124Z-fbbe8ec7-12-IMP-MIXED-r3,IMP-MIXED,3,automatic,455720b9-9061-5bce-83af-d6d53c6c84e1,3752e4bb-4761-4dfb-81f9-0afd8b3d640f,source_page_numbers,source_provided,True,True,[2],[2],matched
t160-quality-20261007T014124Z-fbbe8ec7-12-IMP-MIXED-r3,IMP-MIXED,3,automatic,455720b9-9061-5bce-83af-d6d53c6c84e1,3752e4bb-4761-4dfb-81f9-0afd8b3d640f,question_type,source_provided,True,True,TRUE_FALSE,TRUE_FALSE,matched
t160-quality-20261007T014124Z-fbbe8ec7-12-IMP-MIXED-r3,IMP-MIXED,3,automatic,455720b9-9061-5bce-83af-d6d53c6c84e1,3752e4bb-4761-4dfb-81f9-0afd8b3d640f,content,source_provided,True,True,右图三角形面积为 24 cm²。,右图三角形面积为 24 cm²。,matched
t160-quality-20261007T014124Z-fbbe8ec7-12-IMP-MIXED-r3,IMP-MIXED,3,automatic,455720b9-9061-5bce-83af-d6d53c6c84e1,3752e4bb-4761-4dfb-81f9-0afd8b3d640f,options,source_provided,True,True,"[""正确"", ""错误""]","[""正确"", ""错误""]",matched
t160-quality-20261007T014124Z-fbbe8ec7-12-IMP-MIXED-r3,IMP-MIXED,3,automatic,455720b9-9061-5bce-83af-d6d53c6c84e1,3752e4bb-4761-4dfb-81f9-0afd8b3d640f,reference_answer,known_missing,True,True,,,matched
t160-quality-20261007T014124Z-fbbe8ec7-12-IMP-MIXED-r3,IMP-MIXED,3,automatic,455720b9-9061-5bce-83af-d6d53c6c84e1,3752e4bb-4761-4dfb-81f9-0afd8b3d640f,analysis,known_missing,True,True,,,matched
t160-quality-20261007T014124Z-fbbe8ec7-12-IMP-MIXED-r3,IMP-MIXED,3,automatic,455720b9-9061-5bce-83af-d6d53c6c84e1,3752e4bb-4761-4dfb-81f9-0afd8b3d640f,score,source_provided,True,True,2.00,2.00,matched
t160-quality-20261007T014124Z-fbbe8ec7-12-IMP-MIXED-r3,IMP-MIXED,3,automatic,455720b9-9061-5bce-83af-d6d53c6c84e1,3752e4bb-4761-4dfb-81f9-0afd8b3d640f,scoring_rubric,known_missing,True,True,,,matched
t160-quality-20261007T014124Z-fbbe8ec7-12-IMP-MIXED-r3,IMP-MIXED,3,automatic,455720b9-9061-5bce-83af-d6d53c6c84e1,3752e4bb-4761-4dfb-81f9-0afd8b3d640f,knowledge_points,known_missing,True,True,[],[],matched
t160-quality-20261007T014124Z-fbbe8ec7-12-IMP-MIXED-r3,IMP-MIXED,3,automatic,455720b9-9061-5bce-83af-d6d53c6c84e1,3752e4bb-4761-4dfb-81f9-0afd8b3d640f,source_regions,unknown,False,,,,reference_unknown
t160-quality-20261007T014124Z-fbbe8ec7-12-IMP-MIXED-r3,IMP-MIXED,3,automatic,455720b9-9061-5bce-83af-d6d53c6c84e1,3752e4bb-4761-4dfb-81f9-0afd8b3d640f,assets,source_provided,True,False,"[{""asset_type"": ""figure"", ""source_page_number"": 2, ""order_index"": 1}]",,matched
t160-quality-20261007T014124Z-fbbe8ec7-12-IMP-MIXED-r3,IMP-MIXED,3,automatic,bf862f8d-df39-5559-bab5-d942fccb2432,03057925-e921-4b3c-9b93-530e79a4e129,question_number,source_provided,True,True,6,6,matched
t160-quality-20261007T014124Z-fbbe8ec7-12-IMP-MIXED-r3,IMP-MIXED,3,automatic,bf862f8d-df39-5559-bab5-d942fccb2432,03057925-e921-4b3c-9b93-530e79a4e129,order_index,source_provided,True,True,6,6,matched
t160-quality-20261007T014124Z-fbbe8ec7-12-IMP-MIXED-r3,IMP-MIXED,3,automatic,bf862f8d-df39-5559-bab5-d942fccb2432,03057925-e921-4b3c-9b93-530e79a4e129,source_page_numbers,source_provided,True,True,[2],[2],matched
t160-quality-20261007T014124Z-fbbe8ec7-12-IMP-MIXED-r3,IMP-MIXED,3,automatic,bf862f8d-df39-5559-bab5-d942fccb2432,03057925-e921-4b3c-9b93-530e79a4e129,question_type,source_provided,True,True,SHORT_ANSWER,SHORT_ANSWER,matched
t160-quality-20261007T014124Z-fbbe8ec7-12-IMP-MIXED-r3,IMP-MIXED,3,automatic,bf862f8d-df39-5559-bab5-d942fccb2432,03057925-e921-4b3c-9b93-530e79a4e129,content,source_provided,True,True,根据下表写出 y 关于 x 的关系式。,根据下表写出 y 关于 x 的关系式。,matched
t160-quality-20261007T014124Z-fbbe8ec7-12-IMP-MIXED-r3,IMP-MIXED,3,automatic,bf862f8d-df39-5559-bab5-d942fccb2432,03057925-e921-4b3c-9b93-530e79a4e129,options,not_applicable,True,True,,,matched
t160-quality-20261007T014124Z-fbbe8ec7-12-IMP-MIXED-r3,IMP-MIXED,3,automatic,bf862f8d-df39-5559-bab5-d942fccb2432,03057925-e921-4b3c-9b93-530e79a4e129,reference_answer,known_missing,True,True,,,matched
t160-quality-20261007T014124Z-fbbe8ec7-12-IMP-MIXED-r3,IMP-MIXED,3,automatic,bf862f8d-df39-5559-bab5-d942fccb2432,03057925-e921-4b3c-9b93-530e79a4e129,analysis,known_missing,True,True,,,matched
t160-quality-20261007T014124Z-fbbe8ec7-12-IMP-MIXED-r3,IMP-MIXED,3,automatic,bf862f8d-df39-5559-bab5-d942fccb2432,03057925-e921-4b3c-9b93-530e79a4e129,score,source_provided,True,True,3.00,3.00,matched
t160-quality-20261007T014124Z-fbbe8ec7-12-IMP-MIXED-r3,IMP-MIXED,3,automatic,bf862f8d-df39-5559-bab5-d942fccb2432,03057925-e921-4b3c-9b93-530e79a4e129,scoring_rubric,source_provided,True,True,正确关系式 1.00；说明代入过程 2.00。,正确关系式 1.00；说明代入过程 2.00。,matched
t160-quality-20261007T014124Z-fbbe8ec7-12-IMP-MIXED-r3,IMP-MIXED,3,automatic,bf862f8d-df39-5559-bab5-d942fccb2432,03057925-e921-4b3c-9b93-530e79a4e129,knowledge_points,source_provided,True,True,"[""一次函数"", ""表达与计算""]","[""一次函数"", ""表达与计算""]",matched
t160-quality-20261007T014124Z-fbbe8ec7-12-IMP-MIXED-r3,IMP-MIXED,3,automatic,bf862f8d-df39-5559-bab5-d942fccb2432,03057925-e921-4b3c-9b93-530e79a4e129,source_regions,unknown,False,,,,reference_unknown
t160-quality-20261007T014124Z-fbbe8ec7-12-IMP-MIXED-r3,IMP-MIXED,3,automatic,bf862f8d-df39-5559-bab5-d942fccb2432,03057925-e921-4b3c-9b93-530e79a4e129,assets,source_provided,True,False,"[{""asset_type"": ""table"", ""source_page_number"": 2, ""order_index"": 1}]",,matched
t160-quality-20261007T014124Z-fbbe8ec7-12-IMP-MIXED-r3,IMP-MIXED,3,assisted_corrected,1faa8619-84cc-5d65-86ae-244c7f68645e,c92788b7-5046-4456-84d6-7618a22ab060,question_number,source_provided,True,True,1,1,matched
t160-quality-20261007T014124Z-fbbe8ec7-12-IMP-MIXED-r3,IMP-MIXED,3,assisted_corrected,1faa8619-84cc-5d65-86ae-244c7f68645e,c92788b7-5046-4456-84d6-7618a22ab060,order_index,source_provided,True,True,1,1,matched
t160-quality-20261007T014124Z-fbbe8ec7-12-IMP-MIXED-r3,IMP-MIXED,3,assisted_corrected,1faa8619-84cc-5d65-86ae-244c7f68645e,c92788b7-5046-4456-84d6-7618a22ab060,source_page_numbers,source_provided,True,True,[1],[1],matched
t160-quality-20261007T014124Z-fbbe8ec7-12-IMP-MIXED-r3,IMP-MIXED,3,assisted_corrected,1faa8619-84cc-5d65-86ae-244c7f68645e,c92788b7-5046-4456-84d6-7618a22ab060,question_type,source_provided,True,True,SINGLE_CHOICE,SINGLE_CHOICE,matched
t160-quality-20261007T014124Z-fbbe8ec7-12-IMP-MIXED-r3,IMP-MIXED,3,assisted_corrected,1faa8619-84cc-5d65-86ae-244c7f68645e,c92788b7-5046-4456-84d6-7618a22ab060,content,source_provided,True,True,y = 2x + 1，x = 3 时 y 为多少？,y = 2x + 1，x = 3 时 y 为多少？,matched
t160-quality-20261007T014124Z-fbbe8ec7-12-IMP-MIXED-r3,IMP-MIXED,3,assisted_corrected,1faa8619-84cc-5d65-86ae-244c7f68645e,c92788b7-5046-4456-84d6-7618a22ab060,options,source_provided,True,True,"{""C"": ""7"", ""A"": ""5"", ""B"": ""6"", ""D"": ""8""}","{""C"": ""7"", ""A"": ""5"", ""B"": ""6"", ""D"": ""8""}",matched
t160-quality-20261007T014124Z-fbbe8ec7-12-IMP-MIXED-r3,IMP-MIXED,3,assisted_corrected,1faa8619-84cc-5d65-86ae-244c7f68645e,c92788b7-5046-4456-84d6-7618a22ab060,reference_answer,source_provided,True,True,C,C,matched
t160-quality-20261007T014124Z-fbbe8ec7-12-IMP-MIXED-r3,IMP-MIXED,3,assisted_corrected,1faa8619-84cc-5d65-86ae-244c7f68645e,c92788b7-5046-4456-84d6-7618a22ab060,analysis,source_provided,True,True,2 × 3 + 1 = 7。,2 × 3 + 1 = 7。,matched
t160-quality-20261007T014124Z-fbbe8ec7-12-IMP-MIXED-r3,IMP-MIXED,3,assisted_corrected,1faa8619-84cc-5d65-86ae-244c7f68645e,c92788b7-5046-4456-84d6-7618a22ab060,score,source_provided,True,True,2.00,2.00,matched
t160-quality-20261007T014124Z-fbbe8ec7-12-IMP-MIXED-r3,IMP-MIXED,3,assisted_corrected,1faa8619-84cc-5d65-86ae-244c7f68645e,c92788b7-5046-4456-84d6-7618a22ab060,scoring_rubric,known_missing,True,True,,,matched
t160-quality-20261007T014124Z-fbbe8ec7-12-IMP-MIXED-r3,IMP-MIXED,3,assisted_corrected,1faa8619-84cc-5d65-86ae-244c7f68645e,c92788b7-5046-4456-84d6-7618a22ab060,knowledge_points,known_missing,True,True,[],[],matched
t160-quality-20261007T014124Z-fbbe8ec7-12-IMP-MIXED-r3,IMP-MIXED,3,assisted_corrected,1faa8619-84cc-5d65-86ae-244c7f68645e,c92788b7-5046-4456-84d6-7618a22ab060,source_regions,unknown,False,,,,reference_unknown
t160-quality-20261007T014124Z-fbbe8ec7-12-IMP-MIXED-r3,IMP-MIXED,3,assisted_corrected,1faa8619-84cc-5d65-86ae-244c7f68645e,c92788b7-5046-4456-84d6-7618a22ab060,assets,source_provided,True,True,[],[],matched
t160-quality-20261007T014124Z-fbbe8ec7-12-IMP-MIXED-r3,IMP-MIXED,3,assisted_corrected,545de13f-3fe9-524b-a917-7ab04807806f,663a41e1-d9ef-4b58-a09d-dd2ccb5be2b6,question_number,source_provided,True,True,2,2,matched
t160-quality-20261007T014124Z-fbbe8ec7-12-IMP-MIXED-r3,IMP-MIXED,3,assisted_corrected,545de13f-3fe9-524b-a917-7ab04807806f,663a41e1-d9ef-4b58-a09d-dd2ccb5be2b6,order_index,source_provided,True,True,2,2,matched
t160-quality-20261007T014124Z-fbbe8ec7-12-IMP-MIXED-r3,IMP-MIXED,3,assisted_corrected,545de13f-3fe9-524b-a917-7ab04807806f,663a41e1-d9ef-4b58-a09d-dd2ccb5be2b6,source_page_numbers,source_provided,True,True,[1],[1],matched
t160-quality-20261007T014124Z-fbbe8ec7-12-IMP-MIXED-r3,IMP-MIXED,3,assisted_corrected,545de13f-3fe9-524b-a917-7ab04807806f,663a41e1-d9ef-4b58-a09d-dd2ccb5be2b6,question_type,source_provided,True,True,TRUE_FALSE,TRUE_FALSE,matched
t160-quality-20261007T014124Z-fbbe8ec7-12-IMP-MIXED-r3,IMP-MIXED,3,assisted_corrected,545de13f-3fe9-524b-a917-7ab04807806f,663a41e1-d9ef-4b58-a09d-dd2ccb5be2b6,content,source_provided,True,True,右图三角形面积为 24 cm²。,右图三角形面积为 24 cm²。,matched
t160-quality-20261007T014124Z-fbbe8ec7-12-IMP-MIXED-r3,IMP-MIXED,3,assisted_corrected,545de13f-3fe9-524b-a917-7ab04807806f,663a41e1-d9ef-4b58-a09d-dd2ccb5be2b6,options,source_provided,True,True,"[""正确"", ""错误""]","[""正确"", ""错误""]",matched
t160-quality-20261007T014124Z-fbbe8ec7-12-IMP-MIXED-r3,IMP-MIXED,3,assisted_corrected,545de13f-3fe9-524b-a917-7ab04807806f,663a41e1-d9ef-4b58-a09d-dd2ccb5be2b6,reference_answer,known_missing,True,True,,,matched
t160-quality-20261007T014124Z-fbbe8ec7-12-IMP-MIXED-r3,IMP-MIXED,3,assisted_corrected,545de13f-3fe9-524b-a917-7ab04807806f,663a41e1-d9ef-4b58-a09d-dd2ccb5be2b6,analysis,known_missing,True,True,,,matched
t160-quality-20261007T014124Z-fbbe8ec7-12-IMP-MIXED-r3,IMP-MIXED,3,assisted_corrected,545de13f-3fe9-524b-a917-7ab04807806f,663a41e1-d9ef-4b58-a09d-dd2ccb5be2b6,score,source_provided,True,True,2.00,2.00,matched
t160-quality-20261007T014124Z-fbbe8ec7-12-IMP-MIXED-r3,IMP-MIXED,3,assisted_corrected,545de13f-3fe9-524b-a917-7ab04807806f,663a41e1-d9ef-4b58-a09d-dd2ccb5be2b6,scoring_rubric,known_missing,True,True,,,matched
t160-quality-20261007T014124Z-fbbe8ec7-12-IMP-MIXED-r3,IMP-MIXED,3,assisted_corrected,545de13f-3fe9-524b-a917-7ab04807806f,663a41e1-d9ef-4b58-a09d-dd2ccb5be2b6,knowledge_points,known_missing,True,True,[],[],matched
t160-quality-20261007T014124Z-fbbe8ec7-12-IMP-MIXED-r3,IMP-MIXED,3,assisted_corrected,545de13f-3fe9-524b-a917-7ab04807806f,663a41e1-d9ef-4b58-a09d-dd2ccb5be2b6,source_regions,unknown,False,,,,reference_unknown
t160-quality-20261007T014124Z-fbbe8ec7-12-IMP-MIXED-r3,IMP-MIXED,3,assisted_corrected,545de13f-3fe9-524b-a917-7ab04807806f,663a41e1-d9ef-4b58-a09d-dd2ccb5be2b6,assets,source_provided,True,False,"[{""asset_type"": ""figure"", ""source_page_number"": 1, ""order_index"": 1}]",,matched
t160-quality-20261007T014124Z-fbbe8ec7-12-IMP-MIXED-r3,IMP-MIXED,3,assisted_corrected,85533f46-eb86-5893-8742-33939e77750f,2bbcada7-73d3-4dc3-85f7-c6389ac6618f,question_number,source_provided,True,True,3,3,matched
t160-quality-20261007T014124Z-fbbe8ec7-12-IMP-MIXED-r3,IMP-MIXED,3,assisted_corrected,85533f46-eb86-5893-8742-33939e77750f,2bbcada7-73d3-4dc3-85f7-c6389ac6618f,order_index,source_provided,True,True,3,3,matched
t160-quality-20261007T014124Z-fbbe8ec7-12-IMP-MIXED-r3,IMP-MIXED,3,assisted_corrected,85533f46-eb86-5893-8742-33939e77750f,2bbcada7-73d3-4dc3-85f7-c6389ac6618f,source_page_numbers,source_provided,True,True,[1],[1],matched
t160-quality-20261007T014124Z-fbbe8ec7-12-IMP-MIXED-r3,IMP-MIXED,3,assisted_corrected,85533f46-eb86-5893-8742-33939e77750f,2bbcada7-73d3-4dc3-85f7-c6389ac6618f,question_type,source_provided,True,True,SHORT_ANSWER,SHORT_ANSWER,matched
t160-quality-20261007T014124Z-fbbe8ec7-12-IMP-MIXED-r3,IMP-MIXED,3,assisted_corrected,85533f46-eb86-5893-8742-33939e77750f,2bbcada7-73d3-4dc3-85f7-c6389ac6618f,content,source_provided,True,True,根据下表写出 y 关于 x 的关系式。,根据下表写出 y 关于 x 的关系式。,matched
t160-quality-20261007T014124Z-fbbe8ec7-12-IMP-MIXED-r3,IMP-MIXED,3,assisted_corrected,85533f46-eb86-5893-8742-33939e77750f,2bbcada7-73d3-4dc3-85f7-c6389ac6618f,options,not_applicable,True,True,,,matched
t160-quality-20261007T014124Z-fbbe8ec7-12-IMP-MIXED-r3,IMP-MIXED,3,assisted_corrected,85533f46-eb86-5893-8742-33939e77750f,2bbcada7-73d3-4dc3-85f7-c6389ac6618f,reference_answer,known_missing,True,True,,,matched
t160-quality-20261007T014124Z-fbbe8ec7-12-IMP-MIXED-r3,IMP-MIXED,3,assisted_corrected,85533f46-eb86-5893-8742-33939e77750f,2bbcada7-73d3-4dc3-85f7-c6389ac6618f,analysis,known_missing,True,True,,,matched
t160-quality-20261007T014124Z-fbbe8ec7-12-IMP-MIXED-r3,IMP-MIXED,3,assisted_corrected,85533f46-eb86-5893-8742-33939e77750f,2bbcada7-73d3-4dc3-85f7-c6389ac6618f,score,source_provided,True,True,3.00,3.00,matched
t160-quality-20261007T014124Z-fbbe8ec7-12-IMP-MIXED-r3,IMP-MIXED,3,assisted_corrected,85533f46-eb86-5893-8742-33939e77750f,2bbcada7-73d3-4dc3-85f7-c6389ac6618f,scoring_rubric,source_provided,True,True,正确关系式 1.00；说明代入过程 2.00。,正确关系式 1.00；说明代入过程 2.00。,matched
t160-quality-20261007T014124Z-fbbe8ec7-12-IMP-MIXED-r3,IMP-MIXED,3,assisted_corrected,85533f46-eb86-5893-8742-33939e77750f,2bbcada7-73d3-4dc3-85f7-c6389ac6618f,knowledge_points,source_provided,True,True,"[""一次函数"", ""表达与计算""]","[""一次函数"", ""表达与计算""]",matched
t160-quality-20261007T014124Z-fbbe8ec7-12-IMP-MIXED-r3,IMP-MIXED,3,assisted_corrected,85533f46-eb86-5893-8742-33939e77750f,2bbcada7-73d3-4dc3-85f7-c6389ac6618f,source_regions,unknown,False,,,,reference_unknown
t160-quality-20261007T014124Z-fbbe8ec7-12-IMP-MIXED-r3,IMP-MIXED,3,assisted_corrected,85533f46-eb86-5893-8742-33939e77750f,2bbcada7-73d3-4dc3-85f7-c6389ac6618f,assets,source_provided,True,False,"[{""asset_type"": ""table"", ""source_page_number"": 1, ""order_index"": 1}]",,matched
t160-quality-20261007T014124Z-fbbe8ec7-12-IMP-MIXED-r3,IMP-MIXED,3,assisted_corrected,0fa8d57e-58c2-5aa4-b8cd-e52e96380a38,e83b233a-0dce-4dcb-aac2-4d680eeffeb2,question_number,source_provided,True,True,4,4,matched
t160-quality-20261007T014124Z-fbbe8ec7-12-IMP-MIXED-r3,IMP-MIXED,3,assisted_corrected,0fa8d57e-58c2-5aa4-b8cd-e52e96380a38,e83b233a-0dce-4dcb-aac2-4d680eeffeb2,order_index,source_provided,True,True,4,4,matched
t160-quality-20261007T014124Z-fbbe8ec7-12-IMP-MIXED-r3,IMP-MIXED,3,assisted_corrected,0fa8d57e-58c2-5aa4-b8cd-e52e96380a38,e83b233a-0dce-4dcb-aac2-4d680eeffeb2,source_page_numbers,source_provided,True,True,[2],[2],matched
t160-quality-20261007T014124Z-fbbe8ec7-12-IMP-MIXED-r3,IMP-MIXED,3,assisted_corrected,0fa8d57e-58c2-5aa4-b8cd-e52e96380a38,e83b233a-0dce-4dcb-aac2-4d680eeffeb2,question_type,source_provided,True,True,SINGLE_CHOICE,SINGLE_CHOICE,matched
t160-quality-20261007T014124Z-fbbe8ec7-12-IMP-MIXED-r3,IMP-MIXED,3,assisted_corrected,0fa8d57e-58c2-5aa4-b8cd-e52e96380a38,e83b233a-0dce-4dcb-aac2-4d680eeffeb2,content,source_provided,True,True,y = 2x + 1，x = 3 时 y 为多少？,y = 2x + 1，x = 3 时 y 为多少？,matched
t160-quality-20261007T014124Z-fbbe8ec7-12-IMP-MIXED-r3,IMP-MIXED,3,assisted_corrected,0fa8d57e-58c2-5aa4-b8cd-e52e96380a38,e83b233a-0dce-4dcb-aac2-4d680eeffeb2,options,source_provided,True,True,"{""C"": ""7"", ""A"": ""5"", ""B"": ""6"", ""D"": ""8""}","{""C"": ""7"", ""A"": ""5"", ""B"": ""6"", ""D"": ""8""}",matched
t160-quality-20261007T014124Z-fbbe8ec7-12-IMP-MIXED-r3,IMP-MIXED,3,assisted_corrected,0fa8d57e-58c2-5aa4-b8cd-e52e96380a38,e83b233a-0dce-4dcb-aac2-4d680eeffeb2,reference_answer,source_provided,True,True,C,C,matched
t160-quality-20261007T014124Z-fbbe8ec7-12-IMP-MIXED-r3,IMP-MIXED,3,assisted_corrected,0fa8d57e-58c2-5aa4-b8cd-e52e96380a38,e83b233a-0dce-4dcb-aac2-4d680eeffeb2,analysis,source_provided,True,True,2 × 3 + 1 = 7。,2 × 3 + 1 = 7。,matched
t160-quality-20261007T014124Z-fbbe8ec7-12-IMP-MIXED-r3,IMP-MIXED,3,assisted_corrected,0fa8d57e-58c2-5aa4-b8cd-e52e96380a38,e83b233a-0dce-4dcb-aac2-4d680eeffeb2,score,source_provided,True,True,2.00,2.00,matched
t160-quality-20261007T014124Z-fbbe8ec7-12-IMP-MIXED-r3,IMP-MIXED,3,assisted_corrected,0fa8d57e-58c2-5aa4-b8cd-e52e96380a38,e83b233a-0dce-4dcb-aac2-4d680eeffeb2,scoring_rubric,known_missing,True,True,,,matched
t160-quality-20261007T014124Z-fbbe8ec7-12-IMP-MIXED-r3,IMP-MIXED,3,assisted_corrected,0fa8d57e-58c2-5aa4-b8cd-e52e96380a38,e83b233a-0dce-4dcb-aac2-4d680eeffeb2,knowledge_points,known_missing,True,True,[],[],matched
t160-quality-20261007T014124Z-fbbe8ec7-12-IMP-MIXED-r3,IMP-MIXED,3,assisted_corrected,0fa8d57e-58c2-5aa4-b8cd-e52e96380a38,e83b233a-0dce-4dcb-aac2-4d680eeffeb2,source_regions,unknown,False,,,,reference_unknown
t160-quality-20261007T014124Z-fbbe8ec7-12-IMP-MIXED-r3,IMP-MIXED,3,assisted_corrected,0fa8d57e-58c2-5aa4-b8cd-e52e96380a38,e83b233a-0dce-4dcb-aac2-4d680eeffeb2,assets,source_provided,True,True,[],[],matched
t160-quality-20261007T014124Z-fbbe8ec7-12-IMP-MIXED-r3,IMP-MIXED,3,assisted_corrected,455720b9-9061-5bce-83af-d6d53c6c84e1,3752e4bb-4761-4dfb-81f9-0afd8b3d640f,question_number,source_provided,True,True,5,5,matched
t160-quality-20261007T014124Z-fbbe8ec7-12-IMP-MIXED-r3,IMP-MIXED,3,assisted_corrected,455720b9-9061-5bce-83af-d6d53c6c84e1,3752e4bb-4761-4dfb-81f9-0afd8b3d640f,order_index,source_provided,True,True,5,5,matched
t160-quality-20261007T014124Z-fbbe8ec7-12-IMP-MIXED-r3,IMP-MIXED,3,assisted_corrected,455720b9-9061-5bce-83af-d6d53c6c84e1,3752e4bb-4761-4dfb-81f9-0afd8b3d640f,source_page_numbers,source_provided,True,True,[2],[2],matched
t160-quality-20261007T014124Z-fbbe8ec7-12-IMP-MIXED-r3,IMP-MIXED,3,assisted_corrected,455720b9-9061-5bce-83af-d6d53c6c84e1,3752e4bb-4761-4dfb-81f9-0afd8b3d640f,question_type,source_provided,True,True,TRUE_FALSE,TRUE_FALSE,matched
t160-quality-20261007T014124Z-fbbe8ec7-12-IMP-MIXED-r3,IMP-MIXED,3,assisted_corrected,455720b9-9061-5bce-83af-d6d53c6c84e1,3752e4bb-4761-4dfb-81f9-0afd8b3d640f,content,source_provided,True,True,右图三角形面积为 24 cm²。,右图三角形面积为 24 cm²。,matched
t160-quality-20261007T014124Z-fbbe8ec7-12-IMP-MIXED-r3,IMP-MIXED,3,assisted_corrected,455720b9-9061-5bce-83af-d6d53c6c84e1,3752e4bb-4761-4dfb-81f9-0afd8b3d640f,options,source_provided,True,True,"[""正确"", ""错误""]","[""正确"", ""错误""]",matched
t160-quality-20261007T014124Z-fbbe8ec7-12-IMP-MIXED-r3,IMP-MIXED,3,assisted_corrected,455720b9-9061-5bce-83af-d6d53c6c84e1,3752e4bb-4761-4dfb-81f9-0afd8b3d640f,reference_answer,known_missing,True,True,,,matched
t160-quality-20261007T014124Z-fbbe8ec7-12-IMP-MIXED-r3,IMP-MIXED,3,assisted_corrected,455720b9-9061-5bce-83af-d6d53c6c84e1,3752e4bb-4761-4dfb-81f9-0afd8b3d640f,analysis,known_missing,True,True,,,matched
t160-quality-20261007T014124Z-fbbe8ec7-12-IMP-MIXED-r3,IMP-MIXED,3,assisted_corrected,455720b9-9061-5bce-83af-d6d53c6c84e1,3752e4bb-4761-4dfb-81f9-0afd8b3d640f,score,source_provided,True,True,2.00,2.00,matched
t160-quality-20261007T014124Z-fbbe8ec7-12-IMP-MIXED-r3,IMP-MIXED,3,assisted_corrected,455720b9-9061-5bce-83af-d6d53c6c84e1,3752e4bb-4761-4dfb-81f9-0afd8b3d640f,scoring_rubric,known_missing,True,True,,,matched
t160-quality-20261007T014124Z-fbbe8ec7-12-IMP-MIXED-r3,IMP-MIXED,3,assisted_corrected,455720b9-9061-5bce-83af-d6d53c6c84e1,3752e4bb-4761-4dfb-81f9-0afd8b3d640f,knowledge_points,known_missing,True,True,[],[],matched
t160-quality-20261007T014124Z-fbbe8ec7-12-IMP-MIXED-r3,IMP-MIXED,3,assisted_corrected,455720b9-9061-5bce-83af-d6d53c6c84e1,3752e4bb-4761-4dfb-81f9-0afd8b3d640f,source_regions,unknown,False,,,,reference_unknown
t160-quality-20261007T014124Z-fbbe8ec7-12-IMP-MIXED-r3,IMP-MIXED,3,assisted_corrected,455720b9-9061-5bce-83af-d6d53c6c84e1,3752e4bb-4761-4dfb-81f9-0afd8b3d640f,assets,source_provided,True,False,"[{""asset_type"": ""figure"", ""source_page_number"": 2, ""order_index"": 1}]",,matched
t160-quality-20261007T014124Z-fbbe8ec7-12-IMP-MIXED-r3,IMP-MIXED,3,assisted_corrected,bf862f8d-df39-5559-bab5-d942fccb2432,03057925-e921-4b3c-9b93-530e79a4e129,question_number,source_provided,True,True,6,6,matched
t160-quality-20261007T014124Z-fbbe8ec7-12-IMP-MIXED-r3,IMP-MIXED,3,assisted_corrected,bf862f8d-df39-5559-bab5-d942fccb2432,03057925-e921-4b3c-9b93-530e79a4e129,order_index,source_provided,True,True,6,6,matched
t160-quality-20261007T014124Z-fbbe8ec7-12-IMP-MIXED-r3,IMP-MIXED,3,assisted_corrected,bf862f8d-df39-5559-bab5-d942fccb2432,03057925-e921-4b3c-9b93-530e79a4e129,source_page_numbers,source_provided,True,True,[2],[2],matched
t160-quality-20261007T014124Z-fbbe8ec7-12-IMP-MIXED-r3,IMP-MIXED,3,assisted_corrected,bf862f8d-df39-5559-bab5-d942fccb2432,03057925-e921-4b3c-9b93-530e79a4e129,question_type,source_provided,True,True,SHORT_ANSWER,SHORT_ANSWER,matched
t160-quality-20261007T014124Z-fbbe8ec7-12-IMP-MIXED-r3,IMP-MIXED,3,assisted_corrected,bf862f8d-df39-5559-bab5-d942fccb2432,03057925-e921-4b3c-9b93-530e79a4e129,content,source_provided,True,True,根据下表写出 y 关于 x 的关系式。,根据下表写出 y 关于 x 的关系式。,matched
t160-quality-20261007T014124Z-fbbe8ec7-12-IMP-MIXED-r3,IMP-MIXED,3,assisted_corrected,bf862f8d-df39-5559-bab5-d942fccb2432,03057925-e921-4b3c-9b93-530e79a4e129,options,not_applicable,True,True,,,matched
t160-quality-20261007T014124Z-fbbe8ec7-12-IMP-MIXED-r3,IMP-MIXED,3,assisted_corrected,bf862f8d-df39-5559-bab5-d942fccb2432,03057925-e921-4b3c-9b93-530e79a4e129,reference_answer,known_missing,True,True,,,matched
t160-quality-20261007T014124Z-fbbe8ec7-12-IMP-MIXED-r3,IMP-MIXED,3,assisted_corrected,bf862f8d-df39-5559-bab5-d942fccb2432,03057925-e921-4b3c-9b93-530e79a4e129,analysis,known_missing,True,True,,,matched
t160-quality-20261007T014124Z-fbbe8ec7-12-IMP-MIXED-r3,IMP-MIXED,3,assisted_corrected,bf862f8d-df39-5559-bab5-d942fccb2432,03057925-e921-4b3c-9b93-530e79a4e129,score,source_provided,True,True,3.00,3.00,matched
t160-quality-20261007T014124Z-fbbe8ec7-12-IMP-MIXED-r3,IMP-MIXED,3,assisted_corrected,bf862f8d-df39-5559-bab5-d942fccb2432,03057925-e921-4b3c-9b93-530e79a4e129,scoring_rubric,source_provided,True,True,正确关系式 1.00；说明代入过程 2.00。,正确关系式 1.00；说明代入过程 2.00。,matched
t160-quality-20261007T014124Z-fbbe8ec7-12-IMP-MIXED-r3,IMP-MIXED,3,assisted_corrected,bf862f8d-df39-5559-bab5-d942fccb2432,03057925-e921-4b3c-9b93-530e79a4e129,knowledge_points,source_provided,True,True,"[""一次函数"", ""表达与计算""]","[""一次函数"", ""表达与计算""]",matched
t160-quality-20261007T014124Z-fbbe8ec7-12-IMP-MIXED-r3,IMP-MIXED,3,assisted_corrected,bf862f8d-df39-5559-bab5-d942fccb2432,03057925-e921-4b3c-9b93-530e79a4e129,source_regions,unknown,False,,,,reference_unknown
t160-quality-20261007T014124Z-fbbe8ec7-12-IMP-MIXED-r3,IMP-MIXED,3,assisted_corrected,bf862f8d-df39-5559-bab5-d942fccb2432,03057925-e921-4b3c-9b93-530e79a4e129,assets,source_provided,True,False,"[{""asset_type"": ""table"", ""source_page_number"": 2, ""order_index"": 1}]",,matched
t160-quality-20261007T014124Z-fbbe8ec7-13-IMP-CROSS-r1,IMP-CROSS,1,automatic,239d78f4-ab44-59ec-ab7f-e11e454e26f1,5e04f711-234a-400d-8dab-ac6c0536d64a,question_number,source_provided,True,True,4,4,matched
t160-quality-20261007T014124Z-fbbe8ec7-13-IMP-CROSS-r1,IMP-CROSS,1,automatic,239d78f4-ab44-59ec-ab7f-e11e454e26f1,5e04f711-234a-400d-8dab-ac6c0536d64a,order_index,source_provided,True,True,1,1,matched
t160-quality-20261007T014124Z-fbbe8ec7-13-IMP-CROSS-r1,IMP-CROSS,1,automatic,239d78f4-ab44-59ec-ab7f-e11e454e26f1,5e04f711-234a-400d-8dab-ac6c0536d64a,source_page_numbers,source_provided,True,True,"[1, 2]","[1, 2]",matched
t160-quality-20261007T014124Z-fbbe8ec7-13-IMP-CROSS-r1,IMP-CROSS,1,automatic,239d78f4-ab44-59ec-ab7f-e11e454e26f1,5e04f711-234a-400d-8dab-ac6c0536d64a,question_type,unknown,False,,,,reference_unknown
t160-quality-20261007T014124Z-fbbe8ec7-13-IMP-CROSS-r1,IMP-CROSS,1,automatic,239d78f4-ab44-59ec-ab7f-e11e454e26f1,5e04f711-234a-400d-8dab-ac6c0536d64a,content,source_provided,True,True,"阅读下页流程图：输入 x = 3，计算输出 y。
按下图流程完成计算。","阅读下页流程图：输入 x = 3，计算输出 y。
按下图流程完成计算。",matched
t160-quality-20261007T014124Z-fbbe8ec7-13-IMP-CROSS-r1,IMP-CROSS,1,automatic,239d78f4-ab44-59ec-ab7f-e11e454e26f1,5e04f711-234a-400d-8dab-ac6c0536d64a,options,not_applicable,True,True,,,matched
t160-quality-20261007T014124Z-fbbe8ec7-13-IMP-CROSS-r1,IMP-CROSS,1,automatic,239d78f4-ab44-59ec-ab7f-e11e454e26f1,5e04f711-234a-400d-8dab-ac6c0536d64a,reference_answer,known_missing,True,True,,,matched
t160-quality-20261007T014124Z-fbbe8ec7-13-IMP-CROSS-r1,IMP-CROSS,1,automatic,239d78f4-ab44-59ec-ab7f-e11e454e26f1,5e04f711-234a-400d-8dab-ac6c0536d64a,analysis,known_missing,True,True,,,matched
t160-quality-20261007T014124Z-fbbe8ec7-13-IMP-CROSS-r1,IMP-CROSS,1,automatic,239d78f4-ab44-59ec-ab7f-e11e454e26f1,5e04f711-234a-400d-8dab-ac6c0536d64a,score,source_provided,True,True,5.00,5.00,matched
t160-quality-20261007T014124Z-fbbe8ec7-13-IMP-CROSS-r1,IMP-CROSS,1,automatic,239d78f4-ab44-59ec-ab7f-e11e454e26f1,5e04f711-234a-400d-8dab-ac6c0536d64a,scoring_rubric,source_provided,True,True,正确中间计算 2.00；最终输出 3.00。,正确中间计算 2.00；最终输出 3.00。,matched
t160-quality-20261007T014124Z-fbbe8ec7-13-IMP-CROSS-r1,IMP-CROSS,1,automatic,239d78f4-ab44-59ec-ab7f-e11e454e26f1,5e04f711-234a-400d-8dab-ac6c0536d64a,knowledge_points,known_missing,True,True,[],[],matched
t160-quality-20261007T014124Z-fbbe8ec7-13-IMP-CROSS-r1,IMP-CROSS,1,automatic,239d78f4-ab44-59ec-ab7f-e11e454e26f1,5e04f711-234a-400d-8dab-ac6c0536d64a,source_regions,unknown,False,,,,reference_unknown
t160-quality-20261007T014124Z-fbbe8ec7-13-IMP-CROSS-r1,IMP-CROSS,1,automatic,239d78f4-ab44-59ec-ab7f-e11e454e26f1,5e04f711-234a-400d-8dab-ac6c0536d64a,assets,source_provided,True,False,"[{""asset_type"": ""diagram"", ""source_page_number"": 2, ""order_index"": 1}]",,matched
t160-quality-20261007T014124Z-fbbe8ec7-13-IMP-CROSS-r1,IMP-CROSS,1,assisted_corrected,239d78f4-ab44-59ec-ab7f-e11e454e26f1,5e04f711-234a-400d-8dab-ac6c0536d64a,question_number,source_provided,True,True,4,4,matched
t160-quality-20261007T014124Z-fbbe8ec7-13-IMP-CROSS-r1,IMP-CROSS,1,assisted_corrected,239d78f4-ab44-59ec-ab7f-e11e454e26f1,5e04f711-234a-400d-8dab-ac6c0536d64a,order_index,source_provided,True,True,1,1,matched
t160-quality-20261007T014124Z-fbbe8ec7-13-IMP-CROSS-r1,IMP-CROSS,1,assisted_corrected,239d78f4-ab44-59ec-ab7f-e11e454e26f1,5e04f711-234a-400d-8dab-ac6c0536d64a,source_page_numbers,source_provided,True,True,"[1, 2]","[1, 2]",matched
t160-quality-20261007T014124Z-fbbe8ec7-13-IMP-CROSS-r1,IMP-CROSS,1,assisted_corrected,239d78f4-ab44-59ec-ab7f-e11e454e26f1,5e04f711-234a-400d-8dab-ac6c0536d64a,question_type,unknown,False,,,,reference_unknown
t160-quality-20261007T014124Z-fbbe8ec7-13-IMP-CROSS-r1,IMP-CROSS,1,assisted_corrected,239d78f4-ab44-59ec-ab7f-e11e454e26f1,5e04f711-234a-400d-8dab-ac6c0536d64a,content,source_provided,True,True,"阅读下页流程图：输入 x = 3，计算输出 y。
按下图流程完成计算。","阅读下页流程图：输入 x = 3，计算输出 y。
按下图流程完成计算。",matched
t160-quality-20261007T014124Z-fbbe8ec7-13-IMP-CROSS-r1,IMP-CROSS,1,assisted_corrected,239d78f4-ab44-59ec-ab7f-e11e454e26f1,5e04f711-234a-400d-8dab-ac6c0536d64a,options,not_applicable,True,True,,,matched
t160-quality-20261007T014124Z-fbbe8ec7-13-IMP-CROSS-r1,IMP-CROSS,1,assisted_corrected,239d78f4-ab44-59ec-ab7f-e11e454e26f1,5e04f711-234a-400d-8dab-ac6c0536d64a,reference_answer,known_missing,True,True,,,matched
t160-quality-20261007T014124Z-fbbe8ec7-13-IMP-CROSS-r1,IMP-CROSS,1,assisted_corrected,239d78f4-ab44-59ec-ab7f-e11e454e26f1,5e04f711-234a-400d-8dab-ac6c0536d64a,analysis,known_missing,True,True,,,matched
t160-quality-20261007T014124Z-fbbe8ec7-13-IMP-CROSS-r1,IMP-CROSS,1,assisted_corrected,239d78f4-ab44-59ec-ab7f-e11e454e26f1,5e04f711-234a-400d-8dab-ac6c0536d64a,score,source_provided,True,True,5.00,5.00,matched
t160-quality-20261007T014124Z-fbbe8ec7-13-IMP-CROSS-r1,IMP-CROSS,1,assisted_corrected,239d78f4-ab44-59ec-ab7f-e11e454e26f1,5e04f711-234a-400d-8dab-ac6c0536d64a,scoring_rubric,source_provided,True,True,正确中间计算 2.00；最终输出 3.00。,正确中间计算 2.00；最终输出 3.00。,matched
t160-quality-20261007T014124Z-fbbe8ec7-13-IMP-CROSS-r1,IMP-CROSS,1,assisted_corrected,239d78f4-ab44-59ec-ab7f-e11e454e26f1,5e04f711-234a-400d-8dab-ac6c0536d64a,knowledge_points,known_missing,True,True,[],[],matched
t160-quality-20261007T014124Z-fbbe8ec7-13-IMP-CROSS-r1,IMP-CROSS,1,assisted_corrected,239d78f4-ab44-59ec-ab7f-e11e454e26f1,5e04f711-234a-400d-8dab-ac6c0536d64a,source_regions,unknown,False,,,,reference_unknown
t160-quality-20261007T014124Z-fbbe8ec7-13-IMP-CROSS-r1,IMP-CROSS,1,assisted_corrected,239d78f4-ab44-59ec-ab7f-e11e454e26f1,5e04f711-234a-400d-8dab-ac6c0536d64a,assets,source_provided,True,False,"[{""asset_type"": ""diagram"", ""source_page_number"": 2, ""order_index"": 1}]",,matched
t160-quality-20261007T014124Z-fbbe8ec7-14-IMP-CROSS-r2,IMP-CROSS,2,automatic,239d78f4-ab44-59ec-ab7f-e11e454e26f1,f43fc52c-bd77-4f00-83dc-b06301f8cf62,question_number,source_provided,True,True,4,4,matched
t160-quality-20261007T014124Z-fbbe8ec7-14-IMP-CROSS-r2,IMP-CROSS,2,automatic,239d78f4-ab44-59ec-ab7f-e11e454e26f1,f43fc52c-bd77-4f00-83dc-b06301f8cf62,order_index,source_provided,True,True,1,1,matched
t160-quality-20261007T014124Z-fbbe8ec7-14-IMP-CROSS-r2,IMP-CROSS,2,automatic,239d78f4-ab44-59ec-ab7f-e11e454e26f1,f43fc52c-bd77-4f00-83dc-b06301f8cf62,source_page_numbers,source_provided,True,True,"[1, 2]","[1, 2]",matched
t160-quality-20261007T014124Z-fbbe8ec7-14-IMP-CROSS-r2,IMP-CROSS,2,automatic,239d78f4-ab44-59ec-ab7f-e11e454e26f1,f43fc52c-bd77-4f00-83dc-b06301f8cf62,question_type,unknown,False,,,,reference_unknown
t160-quality-20261007T014124Z-fbbe8ec7-14-IMP-CROSS-r2,IMP-CROSS,2,automatic,239d78f4-ab44-59ec-ab7f-e11e454e26f1,f43fc52c-bd77-4f00-83dc-b06301f8cf62,content,source_provided,True,True,"阅读下页流程图：输入 x = 3，计算输出 y。
按下图流程完成计算。","阅读下页流程图：输入 x = 3，计算输出 y。
按下图流程完成计算。",matched
t160-quality-20261007T014124Z-fbbe8ec7-14-IMP-CROSS-r2,IMP-CROSS,2,automatic,239d78f4-ab44-59ec-ab7f-e11e454e26f1,f43fc52c-bd77-4f00-83dc-b06301f8cf62,options,not_applicable,True,True,,,matched
t160-quality-20261007T014124Z-fbbe8ec7-14-IMP-CROSS-r2,IMP-CROSS,2,automatic,239d78f4-ab44-59ec-ab7f-e11e454e26f1,f43fc52c-bd77-4f00-83dc-b06301f8cf62,reference_answer,known_missing,True,True,,,matched
t160-quality-20261007T014124Z-fbbe8ec7-14-IMP-CROSS-r2,IMP-CROSS,2,automatic,239d78f4-ab44-59ec-ab7f-e11e454e26f1,f43fc52c-bd77-4f00-83dc-b06301f8cf62,analysis,known_missing,True,True,,,matched
t160-quality-20261007T014124Z-fbbe8ec7-14-IMP-CROSS-r2,IMP-CROSS,2,automatic,239d78f4-ab44-59ec-ab7f-e11e454e26f1,f43fc52c-bd77-4f00-83dc-b06301f8cf62,score,source_provided,True,True,5.00,5.00,matched
t160-quality-20261007T014124Z-fbbe8ec7-14-IMP-CROSS-r2,IMP-CROSS,2,automatic,239d78f4-ab44-59ec-ab7f-e11e454e26f1,f43fc52c-bd77-4f00-83dc-b06301f8cf62,scoring_rubric,source_provided,True,True,正确中间计算 2.00；最终输出 3.00。,正确中间计算 2.00；最终输出 3.00。,matched
t160-quality-20261007T014124Z-fbbe8ec7-14-IMP-CROSS-r2,IMP-CROSS,2,automatic,239d78f4-ab44-59ec-ab7f-e11e454e26f1,f43fc52c-bd77-4f00-83dc-b06301f8cf62,knowledge_points,known_missing,True,False,[],,matched
t160-quality-20261007T014124Z-fbbe8ec7-14-IMP-CROSS-r2,IMP-CROSS,2,automatic,239d78f4-ab44-59ec-ab7f-e11e454e26f1,f43fc52c-bd77-4f00-83dc-b06301f8cf62,source_regions,unknown,False,,,,reference_unknown
t160-quality-20261007T014124Z-fbbe8ec7-14-IMP-CROSS-r2,IMP-CROSS,2,automatic,239d78f4-ab44-59ec-ab7f-e11e454e26f1,f43fc52c-bd77-4f00-83dc-b06301f8cf62,assets,source_provided,True,False,"[{""asset_type"": ""diagram"", ""source_page_number"": 2, ""order_index"": 1}]",,matched
t160-quality-20261007T014124Z-fbbe8ec7-14-IMP-CROSS-r2,IMP-CROSS,2,assisted_corrected,239d78f4-ab44-59ec-ab7f-e11e454e26f1,f43fc52c-bd77-4f00-83dc-b06301f8cf62,question_number,source_provided,True,True,4,4,matched
t160-quality-20261007T014124Z-fbbe8ec7-14-IMP-CROSS-r2,IMP-CROSS,2,assisted_corrected,239d78f4-ab44-59ec-ab7f-e11e454e26f1,f43fc52c-bd77-4f00-83dc-b06301f8cf62,order_index,source_provided,True,True,1,1,matched
t160-quality-20261007T014124Z-fbbe8ec7-14-IMP-CROSS-r2,IMP-CROSS,2,assisted_corrected,239d78f4-ab44-59ec-ab7f-e11e454e26f1,f43fc52c-bd77-4f00-83dc-b06301f8cf62,source_page_numbers,source_provided,True,True,"[1, 2]","[1, 2]",matched
t160-quality-20261007T014124Z-fbbe8ec7-14-IMP-CROSS-r2,IMP-CROSS,2,assisted_corrected,239d78f4-ab44-59ec-ab7f-e11e454e26f1,f43fc52c-bd77-4f00-83dc-b06301f8cf62,question_type,unknown,False,,,,reference_unknown
t160-quality-20261007T014124Z-fbbe8ec7-14-IMP-CROSS-r2,IMP-CROSS,2,assisted_corrected,239d78f4-ab44-59ec-ab7f-e11e454e26f1,f43fc52c-bd77-4f00-83dc-b06301f8cf62,content,source_provided,True,True,"阅读下页流程图：输入 x = 3，计算输出 y。
按下图流程完成计算。","阅读下页流程图：输入 x = 3，计算输出 y。
按下图流程完成计算。",matched
t160-quality-20261007T014124Z-fbbe8ec7-14-IMP-CROSS-r2,IMP-CROSS,2,assisted_corrected,239d78f4-ab44-59ec-ab7f-e11e454e26f1,f43fc52c-bd77-4f00-83dc-b06301f8cf62,options,not_applicable,True,True,,,matched
t160-quality-20261007T014124Z-fbbe8ec7-14-IMP-CROSS-r2,IMP-CROSS,2,assisted_corrected,239d78f4-ab44-59ec-ab7f-e11e454e26f1,f43fc52c-bd77-4f00-83dc-b06301f8cf62,reference_answer,known_missing,True,True,,,matched
t160-quality-20261007T014124Z-fbbe8ec7-14-IMP-CROSS-r2,IMP-CROSS,2,assisted_corrected,239d78f4-ab44-59ec-ab7f-e11e454e26f1,f43fc52c-bd77-4f00-83dc-b06301f8cf62,analysis,known_missing,True,True,,,matched
t160-quality-20261007T014124Z-fbbe8ec7-14-IMP-CROSS-r2,IMP-CROSS,2,assisted_corrected,239d78f4-ab44-59ec-ab7f-e11e454e26f1,f43fc52c-bd77-4f00-83dc-b06301f8cf62,score,source_provided,True,True,5.00,5.00,matched
t160-quality-20261007T014124Z-fbbe8ec7-14-IMP-CROSS-r2,IMP-CROSS,2,assisted_corrected,239d78f4-ab44-59ec-ab7f-e11e454e26f1,f43fc52c-bd77-4f00-83dc-b06301f8cf62,scoring_rubric,source_provided,True,True,正确中间计算 2.00；最终输出 3.00。,正确中间计算 2.00；最终输出 3.00。,matched
t160-quality-20261007T014124Z-fbbe8ec7-14-IMP-CROSS-r2,IMP-CROSS,2,assisted_corrected,239d78f4-ab44-59ec-ab7f-e11e454e26f1,f43fc52c-bd77-4f00-83dc-b06301f8cf62,knowledge_points,known_missing,True,True,[],[],matched
t160-quality-20261007T014124Z-fbbe8ec7-14-IMP-CROSS-r2,IMP-CROSS,2,assisted_corrected,239d78f4-ab44-59ec-ab7f-e11e454e26f1,f43fc52c-bd77-4f00-83dc-b06301f8cf62,source_regions,unknown,False,,,,reference_unknown
t160-quality-20261007T014124Z-fbbe8ec7-14-IMP-CROSS-r2,IMP-CROSS,2,assisted_corrected,239d78f4-ab44-59ec-ab7f-e11e454e26f1,f43fc52c-bd77-4f00-83dc-b06301f8cf62,assets,source_provided,True,False,"[{""asset_type"": ""diagram"", ""source_page_number"": 2, ""order_index"": 1}]",,matched
t160-quality-20261007T014124Z-fbbe8ec7-15-IMP-CROSS-r3,IMP-CROSS,3,automatic,239d78f4-ab44-59ec-ab7f-e11e454e26f1,61bb6881-c0ca-4ec0-ab95-bce3608d220f,question_number,source_provided,True,True,4,4,matched
t160-quality-20261007T014124Z-fbbe8ec7-15-IMP-CROSS-r3,IMP-CROSS,3,automatic,239d78f4-ab44-59ec-ab7f-e11e454e26f1,61bb6881-c0ca-4ec0-ab95-bce3608d220f,order_index,source_provided,True,True,1,1,matched
t160-quality-20261007T014124Z-fbbe8ec7-15-IMP-CROSS-r3,IMP-CROSS,3,automatic,239d78f4-ab44-59ec-ab7f-e11e454e26f1,61bb6881-c0ca-4ec0-ab95-bce3608d220f,source_page_numbers,source_provided,True,True,"[1, 2]","[1, 2]",matched
t160-quality-20261007T014124Z-fbbe8ec7-15-IMP-CROSS-r3,IMP-CROSS,3,automatic,239d78f4-ab44-59ec-ab7f-e11e454e26f1,61bb6881-c0ca-4ec0-ab95-bce3608d220f,question_type,unknown,False,,,,reference_unknown
t160-quality-20261007T014124Z-fbbe8ec7-15-IMP-CROSS-r3,IMP-CROSS,3,automatic,239d78f4-ab44-59ec-ab7f-e11e454e26f1,61bb6881-c0ca-4ec0-ab95-bce3608d220f,content,source_provided,True,True,"阅读下页流程图：输入 x = 3，计算输出 y。
按下图流程完成计算。","阅读下页流程图：输入 x = 3，计算输出 y。
按下图流程完成计算。",matched
t160-quality-20261007T014124Z-fbbe8ec7-15-IMP-CROSS-r3,IMP-CROSS,3,automatic,239d78f4-ab44-59ec-ab7f-e11e454e26f1,61bb6881-c0ca-4ec0-ab95-bce3608d220f,options,not_applicable,True,True,,,matched
t160-quality-20261007T014124Z-fbbe8ec7-15-IMP-CROSS-r3,IMP-CROSS,3,automatic,239d78f4-ab44-59ec-ab7f-e11e454e26f1,61bb6881-c0ca-4ec0-ab95-bce3608d220f,reference_answer,known_missing,True,True,,,matched
t160-quality-20261007T014124Z-fbbe8ec7-15-IMP-CROSS-r3,IMP-CROSS,3,automatic,239d78f4-ab44-59ec-ab7f-e11e454e26f1,61bb6881-c0ca-4ec0-ab95-bce3608d220f,analysis,known_missing,True,True,,,matched
t160-quality-20261007T014124Z-fbbe8ec7-15-IMP-CROSS-r3,IMP-CROSS,3,automatic,239d78f4-ab44-59ec-ab7f-e11e454e26f1,61bb6881-c0ca-4ec0-ab95-bce3608d220f,score,source_provided,True,True,5.00,5.00,matched
t160-quality-20261007T014124Z-fbbe8ec7-15-IMP-CROSS-r3,IMP-CROSS,3,automatic,239d78f4-ab44-59ec-ab7f-e11e454e26f1,61bb6881-c0ca-4ec0-ab95-bce3608d220f,scoring_rubric,source_provided,True,True,正确中间计算 2.00；最终输出 3.00。,正确中间计算 2.00；最终输出 3.00。,matched
t160-quality-20261007T014124Z-fbbe8ec7-15-IMP-CROSS-r3,IMP-CROSS,3,automatic,239d78f4-ab44-59ec-ab7f-e11e454e26f1,61bb6881-c0ca-4ec0-ab95-bce3608d220f,knowledge_points,known_missing,True,False,[],,matched
t160-quality-20261007T014124Z-fbbe8ec7-15-IMP-CROSS-r3,IMP-CROSS,3,automatic,239d78f4-ab44-59ec-ab7f-e11e454e26f1,61bb6881-c0ca-4ec0-ab95-bce3608d220f,source_regions,unknown,False,,,,reference_unknown
t160-quality-20261007T014124Z-fbbe8ec7-15-IMP-CROSS-r3,IMP-CROSS,3,automatic,239d78f4-ab44-59ec-ab7f-e11e454e26f1,61bb6881-c0ca-4ec0-ab95-bce3608d220f,assets,source_provided,True,False,"[{""asset_type"": ""diagram"", ""source_page_number"": 2, ""order_index"": 1}]",,matched
t160-quality-20261007T014124Z-fbbe8ec7-15-IMP-CROSS-r3,IMP-CROSS,3,assisted_corrected,239d78f4-ab44-59ec-ab7f-e11e454e26f1,61bb6881-c0ca-4ec0-ab95-bce3608d220f,question_number,source_provided,True,True,4,4,matched
t160-quality-20261007T014124Z-fbbe8ec7-15-IMP-CROSS-r3,IMP-CROSS,3,assisted_corrected,239d78f4-ab44-59ec-ab7f-e11e454e26f1,61bb6881-c0ca-4ec0-ab95-bce3608d220f,order_index,source_provided,True,True,1,1,matched
t160-quality-20261007T014124Z-fbbe8ec7-15-IMP-CROSS-r3,IMP-CROSS,3,assisted_corrected,239d78f4-ab44-59ec-ab7f-e11e454e26f1,61bb6881-c0ca-4ec0-ab95-bce3608d220f,source_page_numbers,source_provided,True,True,"[1, 2]","[1, 2]",matched
t160-quality-20261007T014124Z-fbbe8ec7-15-IMP-CROSS-r3,IMP-CROSS,3,assisted_corrected,239d78f4-ab44-59ec-ab7f-e11e454e26f1,61bb6881-c0ca-4ec0-ab95-bce3608d220f,question_type,unknown,False,,,,reference_unknown
t160-quality-20261007T014124Z-fbbe8ec7-15-IMP-CROSS-r3,IMP-CROSS,3,assisted_corrected,239d78f4-ab44-59ec-ab7f-e11e454e26f1,61bb6881-c0ca-4ec0-ab95-bce3608d220f,content,source_provided,True,True,"阅读下页流程图：输入 x = 3，计算输出 y。
按下图流程完成计算。","阅读下页流程图：输入 x = 3，计算输出 y。
按下图流程完成计算。",matched
t160-quality-20261007T014124Z-fbbe8ec7-15-IMP-CROSS-r3,IMP-CROSS,3,assisted_corrected,239d78f4-ab44-59ec-ab7f-e11e454e26f1,61bb6881-c0ca-4ec0-ab95-bce3608d220f,options,not_applicable,True,True,,,matched
t160-quality-20261007T014124Z-fbbe8ec7-15-IMP-CROSS-r3,IMP-CROSS,3,assisted_corrected,239d78f4-ab44-59ec-ab7f-e11e454e26f1,61bb6881-c0ca-4ec0-ab95-bce3608d220f,reference_answer,known_missing,True,True,,,matched
t160-quality-20261007T014124Z-fbbe8ec7-15-IMP-CROSS-r3,IMP-CROSS,3,assisted_corrected,239d78f4-ab44-59ec-ab7f-e11e454e26f1,61bb6881-c0ca-4ec0-ab95-bce3608d220f,analysis,known_missing,True,True,,,matched
t160-quality-20261007T014124Z-fbbe8ec7-15-IMP-CROSS-r3,IMP-CROSS,3,assisted_corrected,239d78f4-ab44-59ec-ab7f-e11e454e26f1,61bb6881-c0ca-4ec0-ab95-bce3608d220f,score,source_provided,True,True,5.00,5.00,matched
t160-quality-20261007T014124Z-fbbe8ec7-15-IMP-CROSS-r3,IMP-CROSS,3,assisted_corrected,239d78f4-ab44-59ec-ab7f-e11e454e26f1,61bb6881-c0ca-4ec0-ab95-bce3608d220f,scoring_rubric,source_provided,True,True,正确中间计算 2.00；最终输出 3.00。,正确中间计算 2.00；最终输出 3.00。,matched
t160-quality-20261007T014124Z-fbbe8ec7-15-IMP-CROSS-r3,IMP-CROSS,3,assisted_corrected,239d78f4-ab44-59ec-ab7f-e11e454e26f1,61bb6881-c0ca-4ec0-ab95-bce3608d220f,knowledge_points,known_missing,True,True,[],[],matched
t160-quality-20261007T014124Z-fbbe8ec7-15-IMP-CROSS-r3,IMP-CROSS,3,assisted_corrected,239d78f4-ab44-59ec-ab7f-e11e454e26f1,61bb6881-c0ca-4ec0-ab95-bce3608d220f,source_regions,unknown,False,,,,reference_unknown
t160-quality-20261007T014124Z-fbbe8ec7-15-IMP-CROSS-r3,IMP-CROSS,3,assisted_corrected,239d78f4-ab44-59ec-ab7f-e11e454e26f1,61bb6881-c0ca-4ec0-ab95-bce3608d220f,assets,source_provided,True,False,"[{""asset_type"": ""diagram"", ""source_page_number"": 2, ""order_index"": 1}]",,matched
