run_id,case_id,repeat_index,stage,reference_question_identity,extracted_question_id,modality,field,reference_state,evaluable,correct,expected,actual,reason,evidence_ref
t160-quality-20261007T013645Z-cd518eac-01-IMP-TEXT-r1,IMP-TEXT,1,automatic,1194af49-5301-51bb-a173-0e6f524ac810,ea348966-d4b8-4782-bf48-0f852e5eb851,native_text,question_number,source_provided,True,True,1,1,matched,round1-import\t160-quality-20261007T013645Z-cd518eac\runs\t160-quality-20261007T013645Z-cd518eac-01-IMP-TEXT-r1\result.json
t160-quality-20261007T013645Z-cd518eac-01-IMP-TEXT-r1,IMP-TEXT,1,automatic,1194af49-5301-51bb-a173-0e6f524ac810,ea348966-d4b8-4782-bf48-0f852e5eb851,native_text,order_index,source_provided,True,True,1,1,matched,round1-import\t160-quality-20261007T013645Z-cd518eac\runs\t160-quality-20261007T013645Z-cd518eac-01-IMP-TEXT-r1\result.json
t160-quality-20261007T013645Z-cd518eac-01-IMP-TEXT-r1,IMP-TEXT,1,automatic,1194af49-5301-51bb-a173-0e6f524ac810,ea348966-d4b8-4782-bf48-0f852e5eb851,native_text,source_page_numbers,source_provided,True,True,[1],[1],matched,round1-import\t160-quality-20261007T013645Z-cd518eac\runs\t160-quality-20261007T013645Z-cd518eac-01-IMP-TEXT-r1\result.json
t160-quality-20261007T013645Z-cd518eac-01-IMP-TEXT-r1,IMP-TEXT,1,automatic,1194af49-5301-51bb-a173-0e6f524ac810,ea348966-d4b8-4782-bf48-0f852e5eb851,native_text,question_type,source_provided,True,True,SINGLE_CHOICE,SINGLE_CHOICE,matched,round1-import\t160-quality-20261007T013645Z-cd518eac\runs\t160-quality-20261007T013645Z-cd518eac-01-IMP-TEXT-r1\result.json
t160-quality-20261007T013645Z-cd518eac-01-IMP-TEXT-r1,IMP-TEXT,1,automatic,1194af49-5301-51bb-a173-0e6f524ac810,ea348966-d4b8-4782-bf48-0f852e5eb851,native_text,content,source_provided,True,True,y = 2x + 1，x = 3 时 y 为多少？,y = 2x + 1，x = 3 时 y 为多少？,matched,round1-import\t160-quality-20261007T013645Z-cd518eac\runs\t160-quality-20261007T013645Z-cd518eac-01-IMP-TEXT-r1\result.json
t160-quality-20261007T013645Z-cd518eac-01-IMP-TEXT-r1,IMP-TEXT,1,automatic,1194af49-5301-51bb-a173-0e6f524ac810,ea348966-d4b8-4782-bf48-0f852e5eb851,native_text,options,source_provided,True,True,"{""C"": ""7"", ""A"": ""5"", ""B"": ""6"", ""D"": ""8""}","{""C"": ""7"", ""A"": ""5"", ""B"": ""6"", ""D"": ""8""}",matched,round1-import\t160-quality-20261007T013645Z-cd518eac\runs\t160-quality-20261007T013645Z-cd518eac-01-IMP-TEXT-r1\result.json
t160-quality-20261007T013645Z-cd518eac-01-IMP-TEXT-r1,IMP-TEXT,1,automatic,1194af49-5301-51bb-a173-0e6f524ac810,ea348966-d4b8-4782-bf48-0f852e5eb851,native_text,reference_answer,source_provided,True,True,C,C,matched,round1-import\t160-quality-20261007T013645Z-cd518eac\runs\t160-quality-20261007T013645Z-cd518eac-01-IMP-TEXT-r1\result.json
t160-quality-20261007T013645Z-cd518eac-01-IMP-TEXT-r1,IMP-TEXT,1,automatic,1194af49-5301-51bb-a173-0e6f524ac810,ea348966-d4b8-4782-bf48-0f852e5eb851,native_text,analysis,source_provided,True,True,2 × 3 + 1 = 7。,2 × 3 + 1 = 7。,matched,round1-import\t160-quality-20261007T013645Z-cd518eac\runs\t160-quality-20261007T013645Z-cd518eac-01-IMP-TEXT-r1\result.json
t160-quality-20261007T013645Z-cd518eac-01-IMP-TEXT-r1,IMP-TEXT,1,automatic,1194af49-5301-51bb-a173-0e6f524ac810,ea348966-d4b8-4782-bf48-0f852e5eb851,native_text,score,source_provided,True,True,2.00,2.00,matched,round1-import\t160-quality-20261007T013645Z-cd518eac\runs\t160-quality-20261007T013645Z-cd518eac-01-IMP-TEXT-r1\result.json
t160-quality-20261007T013645Z-cd518eac-01-IMP-TEXT-r1,IMP-TEXT,1,automatic,1194af49-5301-51bb-a173-0e6f524ac810,ea348966-d4b8-4782-bf48-0f852e5eb851,native_text,scoring_rubric,known_missing,True,True,,,matched,round1-import\t160-quality-20261007T013645Z-cd518eac\runs\t160-quality-20261007T013645Z-cd518eac-01-IMP-TEXT-r1\result.json
t160-quality-20261007T013645Z-cd518eac-01-IMP-TEXT-r1,IMP-TEXT,1,automatic,1194af49-5301-51bb-a173-0e6f524ac810,ea348966-d4b8-4782-bf48-0f852e5eb851,native_text,knowledge_points,known_missing,True,True,[],[],matched,round1-import\t160-quality-20261007T013645Z-cd518eac\runs\t160-quality-20261007T013645Z-cd518eac-01-IMP-TEXT-r1\result.json
t160-quality-20261007T013645Z-cd518eac-01-IMP-TEXT-r1,IMP-TEXT,1,automatic,1194af49-5301-51bb-a173-0e6f524ac810,ea348966-d4b8-4782-bf48-0f852e5eb851,native_text,source_regions,unknown,False,,,,reference_unknown,round1-import\t160-quality-20261007T013645Z-cd518eac\runs\t160-quality-20261007T013645Z-cd518eac-01-IMP-TEXT-r1\result.json
t160-quality-20261007T013645Z-cd518eac-01-IMP-TEXT-r1,IMP-TEXT,1,automatic,1194af49-5301-51bb-a173-0e6f524ac810,ea348966-d4b8-4782-bf48-0f852e5eb851,native_text,assets,source_provided,True,False,[],,matched,round1-import\t160-quality-20261007T013645Z-cd518eac\runs\t160-quality-20261007T013645Z-cd518eac-01-IMP-TEXT-r1\result.json
t160-quality-20261007T013645Z-cd518eac-01-IMP-TEXT-r1,IMP-TEXT,1,automatic,8e0aecaf-072d-5ed7-9b43-5d33ad202cc1,2eb1e05a-e12b-4108-be4f-f8823961c8d7,native_text,question_number,source_provided,True,True,2,2,matched,round1-import\t160-quality-20261007T013645Z-cd518eac\runs\t160-quality-20261007T013645Z-cd518eac-01-IMP-TEXT-r1\result.json
t160-quality-20261007T013645Z-cd518eac-01-IMP-TEXT-r1,IMP-TEXT,1,automatic,8e0aecaf-072d-5ed7-9b43-5d33ad202cc1,2eb1e05a-e12b-4108-be4f-f8823961c8d7,native_text,order_index,source_provided,True,True,2,2,matched,round1-import\t160-quality-20261007T013645Z-cd518eac\runs\t160-quality-20261007T013645Z-cd518eac-01-IMP-TEXT-r1\result.json
t160-quality-20261007T013645Z-cd518eac-01-IMP-TEXT-r1,IMP-TEXT,1,automatic,8e0aecaf-072d-5ed7-9b43-5d33ad202cc1,2eb1e05a-e12b-4108-be4f-f8823961c8d7,native_text,source_page_numbers,source_provided,True,True,[1],[1],matched,round1-import\t160-quality-20261007T013645Z-cd518eac\runs\t160-quality-20261007T013645Z-cd518eac-01-IMP-TEXT-r1\result.json
t160-quality-20261007T013645Z-cd518eac-01-IMP-TEXT-r1,IMP-TEXT,1,automatic,8e0aecaf-072d-5ed7-9b43-5d33ad202cc1,2eb1e05a-e12b-4108-be4f-f8823961c8d7,native_text,question_type,source_provided,True,True,TRUE_FALSE,TRUE_FALSE,matched,round1-import\t160-quality-20261007T013645Z-cd518eac\runs\t160-quality-20261007T013645Z-cd518eac-01-IMP-TEXT-r1\result.json
t160-quality-20261007T013645Z-cd518eac-01-IMP-TEXT-r1,IMP-TEXT,1,automatic,8e0aecaf-072d-5ed7-9b43-5d33ad202cc1,2eb1e05a-e12b-4108-be4f-f8823961c8d7,native_text,content,source_provided,True,True,右图三角形面积为 24 cm²。,右图三角形面积为 24 cm²。,matched,round1-import\t160-quality-20261007T013645Z-cd518eac\runs\t160-quality-20261007T013645Z-cd518eac-01-IMP-TEXT-r1\result.json
t160-quality-20261007T013645Z-cd518eac-01-IMP-TEXT-r1,IMP-TEXT,1,automatic,8e0aecaf-072d-5ed7-9b43-5d33ad202cc1,2eb1e05a-e12b-4108-be4f-f8823961c8d7,native_text,options,source_provided,True,True,"[""正确"", ""错误""]","[""正确"", ""错误""]",matched,round1-import\t160-quality-20261007T013645Z-cd518eac\runs\t160-quality-20261007T013645Z-cd518eac-01-IMP-TEXT-r1\result.json
t160-quality-20261007T013645Z-cd518eac-01-IMP-TEXT-r1,IMP-TEXT,1,automatic,8e0aecaf-072d-5ed7-9b43-5d33ad202cc1,2eb1e05a-e12b-4108-be4f-f8823961c8d7,native_text,reference_answer,known_missing,True,True,,,matched,round1-import\t160-quality-20261007T013645Z-cd518eac\runs\t160-quality-20261007T013645Z-cd518eac-01-IMP-TEXT-r1\result.json
t160-quality-20261007T013645Z-cd518eac-01-IMP-TEXT-r1,IMP-TEXT,1,automatic,8e0aecaf-072d-5ed7-9b43-5d33ad202cc1,2eb1e05a-e12b-4108-be4f-f8823961c8d7,native_text,analysis,known_missing,True,True,,,matched,round1-import\t160-quality-20261007T013645Z-cd518eac\runs\t160-quality-20261007T013645Z-cd518eac-01-IMP-TEXT-r1\result.json
t160-quality-20261007T013645Z-cd518eac-01-IMP-TEXT-r1,IMP-TEXT,1,automatic,8e0aecaf-072d-5ed7-9b43-5d33ad202cc1,2eb1e05a-e12b-4108-be4f-f8823961c8d7,native_text,score,source_provided,True,True,2.00,2.00,matched,round1-import\t160-quality-20261007T013645Z-cd518eac\runs\t160-quality-20261007T013645Z-cd518eac-01-IMP-TEXT-r1\result.json
t160-quality-20261007T013645Z-cd518eac-01-IMP-TEXT-r1,IMP-TEXT,1,automatic,8e0aecaf-072d-5ed7-9b43-5d33ad202cc1,2eb1e05a-e12b-4108-be4f-f8823961c8d7,native_text,scoring_rubric,known_missing,True,True,,,matched,round1-import\t160-quality-20261007T013645Z-cd518eac\runs\t160-quality-20261007T013645Z-cd518eac-01-IMP-TEXT-r1\result.json
t160-quality-20261007T013645Z-cd518eac-01-IMP-TEXT-r1,IMP-TEXT,1,automatic,8e0aecaf-072d-5ed7-9b43-5d33ad202cc1,2eb1e05a-e12b-4108-be4f-f8823961c8d7,native_text,knowledge_points,known_missing,True,True,[],[],matched,round1-import\t160-quality-20261007T013645Z-cd518eac\runs\t160-quality-20261007T013645Z-cd518eac-01-IMP-TEXT-r1\result.json
t160-quality-20261007T013645Z-cd518eac-01-IMP-TEXT-r1,IMP-TEXT,1,automatic,8e0aecaf-072d-5ed7-9b43-5d33ad202cc1,2eb1e05a-e12b-4108-be4f-f8823961c8d7,native_text,source_regions,unknown,False,,,,reference_unknown,round1-import\t160-quality-20261007T013645Z-cd518eac\runs\t160-quality-20261007T013645Z-cd518eac-01-IMP-TEXT-r1\result.json
t160-quality-20261007T013645Z-cd518eac-01-IMP-TEXT-r1,IMP-TEXT,1,automatic,8e0aecaf-072d-5ed7-9b43-5d33ad202cc1,2eb1e05a-e12b-4108-be4f-f8823961c8d7,native_text,assets,source_provided,True,False,"[{""asset_type"": ""figure"", ""source_page_number"": 1, ""order_index"": 1}]",,matched,round1-import\t160-quality-20261007T013645Z-cd518eac\runs\t160-quality-20261007T013645Z-cd518eac-01-IMP-TEXT-r1\result.json
t160-quality-20261007T013645Z-cd518eac-01-IMP-TEXT-r1,IMP-TEXT,1,automatic,fdef73bd-f984-58d1-8a53-3eea668a9f83,68605111-878b-453a-8e13-7156a69e347e,native_text,question_number,source_provided,True,True,3,3,matched,round1-import\t160-quality-20261007T013645Z-cd518eac\runs\t160-quality-20261007T013645Z-cd518eac-01-IMP-TEXT-r1\result.json
t160-quality-20261007T013645Z-cd518eac-01-IMP-TEXT-r1,IMP-TEXT,1,automatic,fdef73bd-f984-58d1-8a53-3eea668a9f83,68605111-878b-453a-8e13-7156a69e347e,native_text,order_index,source_provided,True,True,3,3,matched,round1-import\t160-quality-20261007T013645Z-cd518eac\runs\t160-quality-20261007T013645Z-cd518eac-01-IMP-TEXT-r1\result.json
t160-quality-20261007T013645Z-cd518eac-01-IMP-TEXT-r1,IMP-TEXT,1,automatic,fdef73bd-f984-58d1-8a53-3eea668a9f83,68605111-878b-453a-8e13-7156a69e347e,native_text,source_page_numbers,source_provided,True,True,[1],[1],matched,round1-import\t160-quality-20261007T013645Z-cd518eac\runs\t160-quality-20261007T013645Z-cd518eac-01-IMP-TEXT-r1\result.json
t160-quality-20261007T013645Z-cd518eac-01-IMP-TEXT-r1,IMP-TEXT,1,automatic,fdef73bd-f984-58d1-8a53-3eea668a9f83,68605111-878b-453a-8e13-7156a69e347e,native_text,question_type,source_provided,True,True,SHORT_ANSWER,SHORT_ANSWER,matched,round1-import\t160-quality-20261007T013645Z-cd518eac\runs\t160-quality-20261007T013645Z-cd518eac-01-IMP-TEXT-r1\result.json
t160-quality-20261007T013645Z-cd518eac-01-IMP-TEXT-r1,IMP-TEXT,1,automatic,fdef73bd-f984-58d1-8a53-3eea668a9f83,68605111-878b-453a-8e13-7156a69e347e,native_text,content,source_provided,True,True,根据下表写出 y 关于 x 的关系式。,根据下表写出 y 关于 x 的关系式。,matched,round1-import\t160-quality-20261007T013645Z-cd518eac\runs\t160-quality-20261007T013645Z-cd518eac-01-IMP-TEXT-r1\result.json
t160-quality-20261007T013645Z-cd518eac-01-IMP-TEXT-r1,IMP-TEXT,1,automatic,fdef73bd-f984-58d1-8a53-3eea668a9f83,68605111-878b-453a-8e13-7156a69e347e,native_text,options,not_applicable,True,True,,,matched,round1-import\t160-quality-20261007T013645Z-cd518eac\runs\t160-quality-20261007T013645Z-cd518eac-01-IMP-TEXT-r1\result.json
t160-quality-20261007T013645Z-cd518eac-01-IMP-TEXT-r1,IMP-TEXT,1,automatic,fdef73bd-f984-58d1-8a53-3eea668a9f83,68605111-878b-453a-8e13-7156a69e347e,native_text,reference_answer,known_missing,True,True,,,matched,round1-import\t160-quality-20261007T013645Z-cd518eac\runs\t160-quality-20261007T013645Z-cd518eac-01-IMP-TEXT-r1\result.json
t160-quality-20261007T013645Z-cd518eac-01-IMP-TEXT-r1,IMP-TEXT,1,automatic,fdef73bd-f984-58d1-8a53-3eea668a9f83,68605111-878b-453a-8e13-7156a69e347e,native_text,analysis,known_missing,True,True,,,matched,round1-import\t160-quality-20261007T013645Z-cd518eac\runs\t160-quality-20261007T013645Z-cd518eac-01-IMP-TEXT-r1\result.json
t160-quality-20261007T013645Z-cd518eac-01-IMP-TEXT-r1,IMP-TEXT,1,automatic,fdef73bd-f984-58d1-8a53-3eea668a9f83,68605111-878b-453a-8e13-7156a69e347e,native_text,score,source_provided,True,True,3.00,3.00,matched,round1-import\t160-quality-20261007T013645Z-cd518eac\runs\t160-quality-20261007T013645Z-cd518eac-01-IMP-TEXT-r1\result.json
t160-quality-20261007T013645Z-cd518eac-01-IMP-TEXT-r1,IMP-TEXT,1,automatic,fdef73bd-f984-58d1-8a53-3eea668a9f83,68605111-878b-453a-8e13-7156a69e347e,native_text,scoring_rubric,source_provided,True,True,正确关系式 1.00；说明代入过程 2.00。,正确关系式 1.00；说明代入过程 2.00。,matched,round1-import\t160-quality-20261007T013645Z-cd518eac\runs\t160-quality-20261007T013645Z-cd518eac-01-IMP-TEXT-r1\result.json
t160-quality-20261007T013645Z-cd518eac-01-IMP-TEXT-r1,IMP-TEXT,1,automatic,fdef73bd-f984-58d1-8a53-3eea668a9f83,68605111-878b-453a-8e13-7156a69e347e,native_text,knowledge_points,source_provided,True,True,"[""一次函数"", ""表达与计算""]","[""一次函数"", ""表达与计算""]",matched,round1-import\t160-quality-20261007T013645Z-cd518eac\runs\t160-quality-20261007T013645Z-cd518eac-01-IMP-TEXT-r1\result.json
t160-quality-20261007T013645Z-cd518eac-01-IMP-TEXT-r1,IMP-TEXT,1,automatic,fdef73bd-f984-58d1-8a53-3eea668a9f83,68605111-878b-453a-8e13-7156a69e347e,native_text,source_regions,unknown,False,,,,reference_unknown,round1-import\t160-quality-20261007T013645Z-cd518eac\runs\t160-quality-20261007T013645Z-cd518eac-01-IMP-TEXT-r1\result.json
t160-quality-20261007T013645Z-cd518eac-01-IMP-TEXT-r1,IMP-TEXT,1,automatic,fdef73bd-f984-58d1-8a53-3eea668a9f83,68605111-878b-453a-8e13-7156a69e347e,native_text,assets,source_provided,True,False,"[{""asset_type"": ""table"", ""source_page_number"": 1, ""order_index"": 1}]",,matched,round1-import\t160-quality-20261007T013645Z-cd518eac\runs\t160-quality-20261007T013645Z-cd518eac-01-IMP-TEXT-r1\result.json
t160-quality-20261007T013645Z-cd518eac-02-IMP-TEXT-r2,IMP-TEXT,2,automatic,1194af49-5301-51bb-a173-0e6f524ac810,a4a9d5b2-3fc7-49c3-95b0-df6e97742d25,native_text,question_number,source_provided,True,True,1,1,matched,round1-import\t160-quality-20261007T013645Z-cd518eac\runs\t160-quality-20261007T013645Z-cd518eac-02-IMP-TEXT-r2\result.json
t160-quality-20261007T013645Z-cd518eac-02-IMP-TEXT-r2,IMP-TEXT,2,automatic,1194af49-5301-51bb-a173-0e6f524ac810,a4a9d5b2-3fc7-49c3-95b0-df6e97742d25,native_text,order_index,source_provided,True,True,1,1,matched,round1-import\t160-quality-20261007T013645Z-cd518eac\runs\t160-quality-20261007T013645Z-cd518eac-02-IMP-TEXT-r2\result.json
t160-quality-20261007T013645Z-cd518eac-02-IMP-TEXT-r2,IMP-TEXT,2,automatic,1194af49-5301-51bb-a173-0e6f524ac810,a4a9d5b2-3fc7-49c3-95b0-df6e97742d25,native_text,source_page_numbers,source_provided,True,True,[1],[1],matched,round1-import\t160-quality-20261007T013645Z-cd518eac\runs\t160-quality-20261007T013645Z-cd518eac-02-IMP-TEXT-r2\result.json
t160-quality-20261007T013645Z-cd518eac-02-IMP-TEXT-r2,IMP-TEXT,2,automatic,1194af49-5301-51bb-a173-0e6f524ac810,a4a9d5b2-3fc7-49c3-95b0-df6e97742d25,native_text,question_type,source_provided,True,True,SINGLE_CHOICE,SINGLE_CHOICE,matched,round1-import\t160-quality-20261007T013645Z-cd518eac\runs\t160-quality-20261007T013645Z-cd518eac-02-IMP-TEXT-r2\result.json
t160-quality-20261007T013645Z-cd518eac-02-IMP-TEXT-r2,IMP-TEXT,2,automatic,1194af49-5301-51bb-a173-0e6f524ac810,a4a9d5b2-3fc7-49c3-95b0-df6e97742d25,native_text,content,source_provided,True,True,y = 2x + 1，x = 3 时 y 为多少？,y = 2x + 1，x = 3 时 y 为多少？,matched,round1-import\t160-quality-20261007T013645Z-cd518eac\runs\t160-quality-20261007T013645Z-cd518eac-02-IMP-TEXT-r2\result.json
t160-quality-20261007T013645Z-cd518eac-02-IMP-TEXT-r2,IMP-TEXT,2,automatic,1194af49-5301-51bb-a173-0e6f524ac810,a4a9d5b2-3fc7-49c3-95b0-df6e97742d25,native_text,options,source_provided,True,True,"{""C"": ""7"", ""A"": ""5"", ""B"": ""6"", ""D"": ""8""}","{""C"": ""7"", ""A"": ""5"", ""B"": ""6"", ""D"": ""8""}",matched,round1-import\t160-quality-20261007T013645Z-cd518eac\runs\t160-quality-20261007T013645Z-cd518eac-02-IMP-TEXT-r2\result.json
t160-quality-20261007T013645Z-cd518eac-02-IMP-TEXT-r2,IMP-TEXT,2,automatic,1194af49-5301-51bb-a173-0e6f524ac810,a4a9d5b2-3fc7-49c3-95b0-df6e97742d25,native_text,reference_answer,source_provided,True,True,C,C,matched,round1-import\t160-quality-20261007T013645Z-cd518eac\runs\t160-quality-20261007T013645Z-cd518eac-02-IMP-TEXT-r2\result.json
t160-quality-20261007T013645Z-cd518eac-02-IMP-TEXT-r2,IMP-TEXT,2,automatic,1194af49-5301-51bb-a173-0e6f524ac810,a4a9d5b2-3fc7-49c3-95b0-df6e97742d25,native_text,analysis,source_provided,True,True,2 × 3 + 1 = 7。,2 × 3 + 1 = 7。,matched,round1-import\t160-quality-20261007T013645Z-cd518eac\runs\t160-quality-20261007T013645Z-cd518eac-02-IMP-TEXT-r2\result.json
t160-quality-20261007T013645Z-cd518eac-02-IMP-TEXT-r2,IMP-TEXT,2,automatic,1194af49-5301-51bb-a173-0e6f524ac810,a4a9d5b2-3fc7-49c3-95b0-df6e97742d25,native_text,score,source_provided,True,True,2.00,2.00,matched,round1-import\t160-quality-20261007T013645Z-cd518eac\runs\t160-quality-20261007T013645Z-cd518eac-02-IMP-TEXT-r2\result.json
t160-quality-20261007T013645Z-cd518eac-02-IMP-TEXT-r2,IMP-TEXT,2,automatic,1194af49-5301-51bb-a173-0e6f524ac810,a4a9d5b2-3fc7-49c3-95b0-df6e97742d25,native_text,scoring_rubric,known_missing,True,True,,,matched,round1-import\t160-quality-20261007T013645Z-cd518eac\runs\t160-quality-20261007T013645Z-cd518eac-02-IMP-TEXT-r2\result.json
t160-quality-20261007T013645Z-cd518eac-02-IMP-TEXT-r2,IMP-TEXT,2,automatic,1194af49-5301-51bb-a173-0e6f524ac810,a4a9d5b2-3fc7-49c3-95b0-df6e97742d25,native_text,knowledge_points,known_missing,True,True,[],[],matched,round1-import\t160-quality-20261007T013645Z-cd518eac\runs\t160-quality-20261007T013645Z-cd518eac-02-IMP-TEXT-r2\result.json
t160-quality-20261007T013645Z-cd518eac-02-IMP-TEXT-r2,IMP-TEXT,2,automatic,1194af49-5301-51bb-a173-0e6f524ac810,a4a9d5b2-3fc7-49c3-95b0-df6e97742d25,native_text,source_regions,unknown,False,,,,reference_unknown,round1-import\t160-quality-20261007T013645Z-cd518eac\runs\t160-quality-20261007T013645Z-cd518eac-02-IMP-TEXT-r2\result.json
t160-quality-20261007T013645Z-cd518eac-02-IMP-TEXT-r2,IMP-TEXT,2,automatic,1194af49-5301-51bb-a173-0e6f524ac810,a4a9d5b2-3fc7-49c3-95b0-df6e97742d25,native_text,assets,source_provided,True,False,[],,matched,round1-import\t160-quality-20261007T013645Z-cd518eac\runs\t160-quality-20261007T013645Z-cd518eac-02-IMP-TEXT-r2\result.json
t160-quality-20261007T013645Z-cd518eac-02-IMP-TEXT-r2,IMP-TEXT,2,automatic,8e0aecaf-072d-5ed7-9b43-5d33ad202cc1,b8319f17-d4bd-4ce4-adc2-f6a0866a93be,native_text,question_number,source_provided,True,True,2,2,matched,round1-import\t160-quality-20261007T013645Z-cd518eac\runs\t160-quality-20261007T013645Z-cd518eac-02-IMP-TEXT-r2\result.json
t160-quality-20261007T013645Z-cd518eac-02-IMP-TEXT-r2,IMP-TEXT,2,automatic,8e0aecaf-072d-5ed7-9b43-5d33ad202cc1,b8319f17-d4bd-4ce4-adc2-f6a0866a93be,native_text,order_index,source_provided,True,True,2,2,matched,round1-import\t160-quality-20261007T013645Z-cd518eac\runs\t160-quality-20261007T013645Z-cd518eac-02-IMP-TEXT-r2\result.json
t160-quality-20261007T013645Z-cd518eac-02-IMP-TEXT-r2,IMP-TEXT,2,automatic,8e0aecaf-072d-5ed7-9b43-5d33ad202cc1,b8319f17-d4bd-4ce4-adc2-f6a0866a93be,native_text,source_page_numbers,source_provided,True,True,[1],[1],matched,round1-import\t160-quality-20261007T013645Z-cd518eac\runs\t160-quality-20261007T013645Z-cd518eac-02-IMP-TEXT-r2\result.json
t160-quality-20261007T013645Z-cd518eac-02-IMP-TEXT-r2,IMP-TEXT,2,automatic,8e0aecaf-072d-5ed7-9b43-5d33ad202cc1,b8319f17-d4bd-4ce4-adc2-f6a0866a93be,native_text,question_type,source_provided,True,True,TRUE_FALSE,TRUE_FALSE,matched,round1-import\t160-quality-20261007T013645Z-cd518eac\runs\t160-quality-20261007T013645Z-cd518eac-02-IMP-TEXT-r2\result.json
t160-quality-20261007T013645Z-cd518eac-02-IMP-TEXT-r2,IMP-TEXT,2,automatic,8e0aecaf-072d-5ed7-9b43-5d33ad202cc1,b8319f17-d4bd-4ce4-adc2-f6a0866a93be,native_text,content,source_provided,True,True,右图三角形面积为 24 cm²。,右图三角形面积为 24 cm²。,matched,round1-import\t160-quality-20261007T013645Z-cd518eac\runs\t160-quality-20261007T013645Z-cd518eac-02-IMP-TEXT-r2\result.json
t160-quality-20261007T013645Z-cd518eac-02-IMP-TEXT-r2,IMP-TEXT,2,automatic,8e0aecaf-072d-5ed7-9b43-5d33ad202cc1,b8319f17-d4bd-4ce4-adc2-f6a0866a93be,native_text,options,source_provided,True,True,"[""正确"", ""错误""]","[""正确"", ""错误""]",matched,round1-import\t160-quality-20261007T013645Z-cd518eac\runs\t160-quality-20261007T013645Z-cd518eac-02-IMP-TEXT-r2\result.json
t160-quality-20261007T013645Z-cd518eac-02-IMP-TEXT-r2,IMP-TEXT,2,automatic,8e0aecaf-072d-5ed7-9b43-5d33ad202cc1,b8319f17-d4bd-4ce4-adc2-f6a0866a93be,native_text,reference_answer,known_missing,True,True,,,matched,round1-import\t160-quality-20261007T013645Z-cd518eac\runs\t160-quality-20261007T013645Z-cd518eac-02-IMP-TEXT-r2\result.json
t160-quality-20261007T013645Z-cd518eac-02-IMP-TEXT-r2,IMP-TEXT,2,automatic,8e0aecaf-072d-5ed7-9b43-5d33ad202cc1,b8319f17-d4bd-4ce4-adc2-f6a0866a93be,native_text,analysis,known_missing,True,True,,,matched,round1-import\t160-quality-20261007T013645Z-cd518eac\runs\t160-quality-20261007T013645Z-cd518eac-02-IMP-TEXT-r2\result.json
t160-quality-20261007T013645Z-cd518eac-02-IMP-TEXT-r2,IMP-TEXT,2,automatic,8e0aecaf-072d-5ed7-9b43-5d33ad202cc1,b8319f17-d4bd-4ce4-adc2-f6a0866a93be,native_text,score,source_provided,True,True,2.00,2.00,matched,round1-import\t160-quality-20261007T013645Z-cd518eac\runs\t160-quality-20261007T013645Z-cd518eac-02-IMP-TEXT-r2\result.json
t160-quality-20261007T013645Z-cd518eac-02-IMP-TEXT-r2,IMP-TEXT,2,automatic,8e0aecaf-072d-5ed7-9b43-5d33ad202cc1,b8319f17-d4bd-4ce4-adc2-f6a0866a93be,native_text,scoring_rubric,known_missing,True,True,,,matched,round1-import\t160-quality-20261007T013645Z-cd518eac\runs\t160-quality-20261007T013645Z-cd518eac-02-IMP-TEXT-r2\result.json
t160-quality-20261007T013645Z-cd518eac-02-IMP-TEXT-r2,IMP-TEXT,2,automatic,8e0aecaf-072d-5ed7-9b43-5d33ad202cc1,b8319f17-d4bd-4ce4-adc2-f6a0866a93be,native_text,knowledge_points,known_missing,True,True,[],[],matched,round1-import\t160-quality-20261007T013645Z-cd518eac\runs\t160-quality-20261007T013645Z-cd518eac-02-IMP-TEXT-r2\result.json
t160-quality-20261007T013645Z-cd518eac-02-IMP-TEXT-r2,IMP-TEXT,2,automatic,8e0aecaf-072d-5ed7-9b43-5d33ad202cc1,b8319f17-d4bd-4ce4-adc2-f6a0866a93be,native_text,source_regions,unknown,False,,,,reference_unknown,round1-import\t160-quality-20261007T013645Z-cd518eac\runs\t160-quality-20261007T013645Z-cd518eac-02-IMP-TEXT-r2\result.json
t160-quality-20261007T013645Z-cd518eac-02-IMP-TEXT-r2,IMP-TEXT,2,automatic,8e0aecaf-072d-5ed7-9b43-5d33ad202cc1,b8319f17-d4bd-4ce4-adc2-f6a0866a93be,native_text,assets,source_provided,True,False,"[{""asset_type"": ""figure"", ""source_page_number"": 1, ""order_index"": 1}]",,matched,round1-import\t160-quality-20261007T013645Z-cd518eac\runs\t160-quality-20261007T013645Z-cd518eac-02-IMP-TEXT-r2\result.json
t160-quality-20261007T013645Z-cd518eac-02-IMP-TEXT-r2,IMP-TEXT,2,automatic,fdef73bd-f984-58d1-8a53-3eea668a9f83,54fbac88-9fe3-4b81-83b2-11d6327acaf9,native_text,question_number,source_provided,True,True,3,3,matched,round1-import\t160-quality-20261007T013645Z-cd518eac\runs\t160-quality-20261007T013645Z-cd518eac-02-IMP-TEXT-r2\result.json
t160-quality-20261007T013645Z-cd518eac-02-IMP-TEXT-r2,IMP-TEXT,2,automatic,fdef73bd-f984-58d1-8a53-3eea668a9f83,54fbac88-9fe3-4b81-83b2-11d6327acaf9,native_text,order_index,source_provided,True,True,3,3,matched,round1-import\t160-quality-20261007T013645Z-cd518eac\runs\t160-quality-20261007T013645Z-cd518eac-02-IMP-TEXT-r2\result.json
t160-quality-20261007T013645Z-cd518eac-02-IMP-TEXT-r2,IMP-TEXT,2,automatic,fdef73bd-f984-58d1-8a53-3eea668a9f83,54fbac88-9fe3-4b81-83b2-11d6327acaf9,native_text,source_page_numbers,source_provided,True,True,[1],[1],matched,round1-import\t160-quality-20261007T013645Z-cd518eac\runs\t160-quality-20261007T013645Z-cd518eac-02-IMP-TEXT-r2\result.json
t160-quality-20261007T013645Z-cd518eac-02-IMP-TEXT-r2,IMP-TEXT,2,automatic,fdef73bd-f984-58d1-8a53-3eea668a9f83,54fbac88-9fe3-4b81-83b2-11d6327acaf9,native_text,question_type,source_provided,True,True,SHORT_ANSWER,SHORT_ANSWER,matched,round1-import\t160-quality-20261007T013645Z-cd518eac\runs\t160-quality-20261007T013645Z-cd518eac-02-IMP-TEXT-r2\result.json
t160-quality-20261007T013645Z-cd518eac-02-IMP-TEXT-r2,IMP-TEXT,2,automatic,fdef73bd-f984-58d1-8a53-3eea668a9f83,54fbac88-9fe3-4b81-83b2-11d6327acaf9,native_text,content,source_provided,True,True,根据下表写出 y 关于 x 的关系式。,根据下表写出 y 关于 x 的关系式。,matched,round1-import\t160-quality-20261007T013645Z-cd518eac\runs\t160-quality-20261007T013645Z-cd518eac-02-IMP-TEXT-r2\result.json
t160-quality-20261007T013645Z-cd518eac-02-IMP-TEXT-r2,IMP-TEXT,2,automatic,fdef73bd-f984-58d1-8a53-3eea668a9f83,54fbac88-9fe3-4b81-83b2-11d6327acaf9,native_text,options,not_applicable,True,True,,,matched,round1-import\t160-quality-20261007T013645Z-cd518eac\runs\t160-quality-20261007T013645Z-cd518eac-02-IMP-TEXT-r2\result.json
t160-quality-20261007T013645Z-cd518eac-02-IMP-TEXT-r2,IMP-TEXT,2,automatic,fdef73bd-f984-58d1-8a53-3eea668a9f83,54fbac88-9fe3-4b81-83b2-11d6327acaf9,native_text,reference_answer,known_missing,True,True,,,matched,round1-import\t160-quality-20261007T013645Z-cd518eac\runs\t160-quality-20261007T013645Z-cd518eac-02-IMP-TEXT-r2\result.json
t160-quality-20261007T013645Z-cd518eac-02-IMP-TEXT-r2,IMP-TEXT,2,automatic,fdef73bd-f984-58d1-8a53-3eea668a9f83,54fbac88-9fe3-4b81-83b2-11d6327acaf9,native_text,analysis,known_missing,True,True,,,matched,round1-import\t160-quality-20261007T013645Z-cd518eac\runs\t160-quality-20261007T013645Z-cd518eac-02-IMP-TEXT-r2\result.json
t160-quality-20261007T013645Z-cd518eac-02-IMP-TEXT-r2,IMP-TEXT,2,automatic,fdef73bd-f984-58d1-8a53-3eea668a9f83,54fbac88-9fe3-4b81-83b2-11d6327acaf9,native_text,score,source_provided,True,True,3.00,3.00,matched,round1-import\t160-quality-20261007T013645Z-cd518eac\runs\t160-quality-20261007T013645Z-cd518eac-02-IMP-TEXT-r2\result.json
t160-quality-20261007T013645Z-cd518eac-02-IMP-TEXT-r2,IMP-TEXT,2,automatic,fdef73bd-f984-58d1-8a53-3eea668a9f83,54fbac88-9fe3-4b81-83b2-11d6327acaf9,native_text,scoring_rubric,source_provided,True,True,正确关系式 1.00；说明代入过程 2.00。,正确关系式 1.00；说明代入过程 2.00。,matched,round1-import\t160-quality-20261007T013645Z-cd518eac\runs\t160-quality-20261007T013645Z-cd518eac-02-IMP-TEXT-r2\result.json
t160-quality-20261007T013645Z-cd518eac-02-IMP-TEXT-r2,IMP-TEXT,2,automatic,fdef73bd-f984-58d1-8a53-3eea668a9f83,54fbac88-9fe3-4b81-83b2-11d6327acaf9,native_text,knowledge_points,source_provided,True,True,"[""一次函数"", ""表达与计算""]","[""一次函数"", ""表达与计算""]",matched,round1-import\t160-quality-20261007T013645Z-cd518eac\runs\t160-quality-20261007T013645Z-cd518eac-02-IMP-TEXT-r2\result.json
t160-quality-20261007T013645Z-cd518eac-02-IMP-TEXT-r2,IMP-TEXT,2,automatic,fdef73bd-f984-58d1-8a53-3eea668a9f83,54fbac88-9fe3-4b81-83b2-11d6327acaf9,native_text,source_regions,unknown,False,,,,reference_unknown,round1-import\t160-quality-20261007T013645Z-cd518eac\runs\t160-quality-20261007T013645Z-cd518eac-02-IMP-TEXT-r2\result.json
t160-quality-20261007T013645Z-cd518eac-02-IMP-TEXT-r2,IMP-TEXT,2,automatic,fdef73bd-f984-58d1-8a53-3eea668a9f83,54fbac88-9fe3-4b81-83b2-11d6327acaf9,native_text,assets,source_provided,True,False,"[{""asset_type"": ""table"", ""source_page_number"": 1, ""order_index"": 1}]",,matched,round1-import\t160-quality-20261007T013645Z-cd518eac\runs\t160-quality-20261007T013645Z-cd518eac-02-IMP-TEXT-r2\result.json
t160-quality-20261007T013645Z-cd518eac-03-IMP-TEXT-r3,IMP-TEXT,3,automatic,1194af49-5301-51bb-a173-0e6f524ac810,9415f6c6-4b2a-4384-98ff-f3f6f7e0dbde,native_text,question_number,source_provided,True,True,1,1,matched,round1-import\t160-quality-20261007T013645Z-cd518eac\runs\t160-quality-20261007T013645Z-cd518eac-03-IMP-TEXT-r3\result.json
t160-quality-20261007T013645Z-cd518eac-03-IMP-TEXT-r3,IMP-TEXT,3,automatic,1194af49-5301-51bb-a173-0e6f524ac810,9415f6c6-4b2a-4384-98ff-f3f6f7e0dbde,native_text,order_index,source_provided,True,True,1,1,matched,round1-import\t160-quality-20261007T013645Z-cd518eac\runs\t160-quality-20261007T013645Z-cd518eac-03-IMP-TEXT-r3\result.json
t160-quality-20261007T013645Z-cd518eac-03-IMP-TEXT-r3,IMP-TEXT,3,automatic,1194af49-5301-51bb-a173-0e6f524ac810,9415f6c6-4b2a-4384-98ff-f3f6f7e0dbde,native_text,source_page_numbers,source_provided,True,True,[1],[1],matched,round1-import\t160-quality-20261007T013645Z-cd518eac\runs\t160-quality-20261007T013645Z-cd518eac-03-IMP-TEXT-r3\result.json
t160-quality-20261007T013645Z-cd518eac-03-IMP-TEXT-r3,IMP-TEXT,3,automatic,1194af49-5301-51bb-a173-0e6f524ac810,9415f6c6-4b2a-4384-98ff-f3f6f7e0dbde,native_text,question_type,source_provided,True,True,SINGLE_CHOICE,SINGLE_CHOICE,matched,round1-import\t160-quality-20261007T013645Z-cd518eac\runs\t160-quality-20261007T013645Z-cd518eac-03-IMP-TEXT-r3\result.json
t160-quality-20261007T013645Z-cd518eac-03-IMP-TEXT-r3,IMP-TEXT,3,automatic,1194af49-5301-51bb-a173-0e6f524ac810,9415f6c6-4b2a-4384-98ff-f3f6f7e0dbde,native_text,content,source_provided,True,True,y = 2x + 1，x = 3 时 y 为多少？,y = 2x + 1，x = 3 时 y 为多少？,matched,round1-import\t160-quality-20261007T013645Z-cd518eac\runs\t160-quality-20261007T013645Z-cd518eac-03-IMP-TEXT-r3\result.json
t160-quality-20261007T013645Z-cd518eac-03-IMP-TEXT-r3,IMP-TEXT,3,automatic,1194af49-5301-51bb-a173-0e6f524ac810,9415f6c6-4b2a-4384-98ff-f3f6f7e0dbde,native_text,options,source_provided,True,True,"{""C"": ""7"", ""A"": ""5"", ""B"": ""6"", ""D"": ""8""}","{""C"": ""7"", ""A"": ""5"", ""B"": ""6"", ""D"": ""8""}",matched,round1-import\t160-quality-20261007T013645Z-cd518eac\runs\t160-quality-20261007T013645Z-cd518eac-03-IMP-TEXT-r3\result.json
t160-quality-20261007T013645Z-cd518eac-03-IMP-TEXT-r3,IMP-TEXT,3,automatic,1194af49-5301-51bb-a173-0e6f524ac810,9415f6c6-4b2a-4384-98ff-f3f6f7e0dbde,native_text,reference_answer,source_provided,True,True,C,C,matched,round1-import\t160-quality-20261007T013645Z-cd518eac\runs\t160-quality-20261007T013645Z-cd518eac-03-IMP-TEXT-r3\result.json
t160-quality-20261007T013645Z-cd518eac-03-IMP-TEXT-r3,IMP-TEXT,3,automatic,1194af49-5301-51bb-a173-0e6f524ac810,9415f6c6-4b2a-4384-98ff-f3f6f7e0dbde,native_text,analysis,source_provided,True,True,2 × 3 + 1 = 7。,2 × 3 + 1 = 7。,matched,round1-import\t160-quality-20261007T013645Z-cd518eac\runs\t160-quality-20261007T013645Z-cd518eac-03-IMP-TEXT-r3\result.json
t160-quality-20261007T013645Z-cd518eac-03-IMP-TEXT-r3,IMP-TEXT,3,automatic,1194af49-5301-51bb-a173-0e6f524ac810,9415f6c6-4b2a-4384-98ff-f3f6f7e0dbde,native_text,score,source_provided,True,True,2.00,2.00,matched,round1-import\t160-quality-20261007T013645Z-cd518eac\runs\t160-quality-20261007T013645Z-cd518eac-03-IMP-TEXT-r3\result.json
t160-quality-20261007T013645Z-cd518eac-03-IMP-TEXT-r3,IMP-TEXT,3,automatic,1194af49-5301-51bb-a173-0e6f524ac810,9415f6c6-4b2a-4384-98ff-f3f6f7e0dbde,native_text,scoring_rubric,known_missing,True,True,,,matched,round1-import\t160-quality-20261007T013645Z-cd518eac\runs\t160-quality-20261007T013645Z-cd518eac-03-IMP-TEXT-r3\result.json
t160-quality-20261007T013645Z-cd518eac-03-IMP-TEXT-r3,IMP-TEXT,3,automatic,1194af49-5301-51bb-a173-0e6f524ac810,9415f6c6-4b2a-4384-98ff-f3f6f7e0dbde,native_text,knowledge_points,known_missing,True,True,[],[],matched,round1-import\t160-quality-20261007T013645Z-cd518eac\runs\t160-quality-20261007T013645Z-cd518eac-03-IMP-TEXT-r3\result.json
t160-quality-20261007T013645Z-cd518eac-03-IMP-TEXT-r3,IMP-TEXT,3,automatic,1194af49-5301-51bb-a173-0e6f524ac810,9415f6c6-4b2a-4384-98ff-f3f6f7e0dbde,native_text,source_regions,unknown,False,,,,reference_unknown,round1-import\t160-quality-20261007T013645Z-cd518eac\runs\t160-quality-20261007T013645Z-cd518eac-03-IMP-TEXT-r3\result.json
t160-quality-20261007T013645Z-cd518eac-03-IMP-TEXT-r3,IMP-TEXT,3,automatic,1194af49-5301-51bb-a173-0e6f524ac810,9415f6c6-4b2a-4384-98ff-f3f6f7e0dbde,native_text,assets,source_provided,True,False,[],,matched,round1-import\t160-quality-20261007T013645Z-cd518eac\runs\t160-quality-20261007T013645Z-cd518eac-03-IMP-TEXT-r3\result.json
t160-quality-20261007T013645Z-cd518eac-03-IMP-TEXT-r3,IMP-TEXT,3,automatic,8e0aecaf-072d-5ed7-9b43-5d33ad202cc1,db0da665-f0a8-48d5-8ca1-25289978fcaa,native_text,question_number,source_provided,True,True,2,2,matched,round1-import\t160-quality-20261007T013645Z-cd518eac\runs\t160-quality-20261007T013645Z-cd518eac-03-IMP-TEXT-r3\result.json
t160-quality-20261007T013645Z-cd518eac-03-IMP-TEXT-r3,IMP-TEXT,3,automatic,8e0aecaf-072d-5ed7-9b43-5d33ad202cc1,db0da665-f0a8-48d5-8ca1-25289978fcaa,native_text,order_index,source_provided,True,True,2,2,matched,round1-import\t160-quality-20261007T013645Z-cd518eac\runs\t160-quality-20261007T013645Z-cd518eac-03-IMP-TEXT-r3\result.json
t160-quality-20261007T013645Z-cd518eac-03-IMP-TEXT-r3,IMP-TEXT,3,automatic,8e0aecaf-072d-5ed7-9b43-5d33ad202cc1,db0da665-f0a8-48d5-8ca1-25289978fcaa,native_text,source_page_numbers,source_provided,True,True,[1],[1],matched,round1-import\t160-quality-20261007T013645Z-cd518eac\runs\t160-quality-20261007T013645Z-cd518eac-03-IMP-TEXT-r3\result.json
t160-quality-20261007T013645Z-cd518eac-03-IMP-TEXT-r3,IMP-TEXT,3,automatic,8e0aecaf-072d-5ed7-9b43-5d33ad202cc1,db0da665-f0a8-48d5-8ca1-25289978fcaa,native_text,question_type,source_provided,True,True,TRUE_FALSE,TRUE_FALSE,matched,round1-import\t160-quality-20261007T013645Z-cd518eac\runs\t160-quality-20261007T013645Z-cd518eac-03-IMP-TEXT-r3\result.json
t160-quality-20261007T013645Z-cd518eac-03-IMP-TEXT-r3,IMP-TEXT,3,automatic,8e0aecaf-072d-5ed7-9b43-5d33ad202cc1,db0da665-f0a8-48d5-8ca1-25289978fcaa,native_text,content,source_provided,True,True,右图三角形面积为 24 cm²。,右图三角形面积为 24 cm²。,matched,round1-import\t160-quality-20261007T013645Z-cd518eac\runs\t160-quality-20261007T013645Z-cd518eac-03-IMP-TEXT-r3\result.json
t160-quality-20261007T013645Z-cd518eac-03-IMP-TEXT-r3,IMP-TEXT,3,automatic,8e0aecaf-072d-5ed7-9b43-5d33ad202cc1,db0da665-f0a8-48d5-8ca1-25289978fcaa,native_text,options,source_provided,True,True,"[""正确"", ""错误""]","[""正确"", ""错误""]",matched,round1-import\t160-quality-20261007T013645Z-cd518eac\runs\t160-quality-20261007T013645Z-cd518eac-03-IMP-TEXT-r3\result.json
t160-quality-20261007T013645Z-cd518eac-03-IMP-TEXT-r3,IMP-TEXT,3,automatic,8e0aecaf-072d-5ed7-9b43-5d33ad202cc1,db0da665-f0a8-48d5-8ca1-25289978fcaa,native_text,reference_answer,known_missing,True,True,,,matched,round1-import\t160-quality-20261007T013645Z-cd518eac\runs\t160-quality-20261007T013645Z-cd518eac-03-IMP-TEXT-r3\result.json
t160-quality-20261007T013645Z-cd518eac-03-IMP-TEXT-r3,IMP-TEXT,3,automatic,8e0aecaf-072d-5ed7-9b43-5d33ad202cc1,db0da665-f0a8-48d5-8ca1-25289978fcaa,native_text,analysis,known_missing,True,True,,,matched,round1-import\t160-quality-20261007T013645Z-cd518eac\runs\t160-quality-20261007T013645Z-cd518eac-03-IMP-TEXT-r3\result.json
t160-quality-20261007T013645Z-cd518eac-03-IMP-TEXT-r3,IMP-TEXT,3,automatic,8e0aecaf-072d-5ed7-9b43-5d33ad202cc1,db0da665-f0a8-48d5-8ca1-25289978fcaa,native_text,score,source_provided,True,True,2.00,2.00,matched,round1-import\t160-quality-20261007T013645Z-cd518eac\runs\t160-quality-20261007T013645Z-cd518eac-03-IMP-TEXT-r3\result.json
t160-quality-20261007T013645Z-cd518eac-03-IMP-TEXT-r3,IMP-TEXT,3,automatic,8e0aecaf-072d-5ed7-9b43-5d33ad202cc1,db0da665-f0a8-48d5-8ca1-25289978fcaa,native_text,scoring_rubric,known_missing,True,True,,,matched,round1-import\t160-quality-20261007T013645Z-cd518eac\runs\t160-quality-20261007T013645Z-cd518eac-03-IMP-TEXT-r3\result.json
t160-quality-20261007T013645Z-cd518eac-03-IMP-TEXT-r3,IMP-TEXT,3,automatic,8e0aecaf-072d-5ed7-9b43-5d33ad202cc1,db0da665-f0a8-48d5-8ca1-25289978fcaa,native_text,knowledge_points,known_missing,True,True,[],[],matched,round1-import\t160-quality-20261007T013645Z-cd518eac\runs\t160-quality-20261007T013645Z-cd518eac-03-IMP-TEXT-r3\result.json
t160-quality-20261007T013645Z-cd518eac-03-IMP-TEXT-r3,IMP-TEXT,3,automatic,8e0aecaf-072d-5ed7-9b43-5d33ad202cc1,db0da665-f0a8-48d5-8ca1-25289978fcaa,native_text,source_regions,unknown,False,,,,reference_unknown,round1-import\t160-quality-20261007T013645Z-cd518eac\runs\t160-quality-20261007T013645Z-cd518eac-03-IMP-TEXT-r3\result.json
t160-quality-20261007T013645Z-cd518eac-03-IMP-TEXT-r3,IMP-TEXT,3,automatic,8e0aecaf-072d-5ed7-9b43-5d33ad202cc1,db0da665-f0a8-48d5-8ca1-25289978fcaa,native_text,assets,source_provided,True,False,"[{""asset_type"": ""figure"", ""source_page_number"": 1, ""order_index"": 1}]",,matched,round1-import\t160-quality-20261007T013645Z-cd518eac\runs\t160-quality-20261007T013645Z-cd518eac-03-IMP-TEXT-r3\result.json
t160-quality-20261007T013645Z-cd518eac-03-IMP-TEXT-r3,IMP-TEXT,3,automatic,fdef73bd-f984-58d1-8a53-3eea668a9f83,57b38b5d-9eab-4af2-84bc-ae4239a7d007,native_text,question_number,source_provided,True,True,3,3,matched,round1-import\t160-quality-20261007T013645Z-cd518eac\runs\t160-quality-20261007T013645Z-cd518eac-03-IMP-TEXT-r3\result.json
t160-quality-20261007T013645Z-cd518eac-03-IMP-TEXT-r3,IMP-TEXT,3,automatic,fdef73bd-f984-58d1-8a53-3eea668a9f83,57b38b5d-9eab-4af2-84bc-ae4239a7d007,native_text,order_index,source_provided,True,True,3,3,matched,round1-import\t160-quality-20261007T013645Z-cd518eac\runs\t160-quality-20261007T013645Z-cd518eac-03-IMP-TEXT-r3\result.json
t160-quality-20261007T013645Z-cd518eac-03-IMP-TEXT-r3,IMP-TEXT,3,automatic,fdef73bd-f984-58d1-8a53-3eea668a9f83,57b38b5d-9eab-4af2-84bc-ae4239a7d007,native_text,source_page_numbers,source_provided,True,True,[1],[1],matched,round1-import\t160-quality-20261007T013645Z-cd518eac\runs\t160-quality-20261007T013645Z-cd518eac-03-IMP-TEXT-r3\result.json
t160-quality-20261007T013645Z-cd518eac-03-IMP-TEXT-r3,IMP-TEXT,3,automatic,fdef73bd-f984-58d1-8a53-3eea668a9f83,57b38b5d-9eab-4af2-84bc-ae4239a7d007,native_text,question_type,source_provided,True,True,SHORT_ANSWER,SHORT_ANSWER,matched,round1-import\t160-quality-20261007T013645Z-cd518eac\runs\t160-quality-20261007T013645Z-cd518eac-03-IMP-TEXT-r3\result.json
t160-quality-20261007T013645Z-cd518eac-03-IMP-TEXT-r3,IMP-TEXT,3,automatic,fdef73bd-f984-58d1-8a53-3eea668a9f83,57b38b5d-9eab-4af2-84bc-ae4239a7d007,native_text,content,source_provided,True,True,根据下表写出 y 关于 x 的关系式。,根据下表写出 y 关于 x 的关系式。,matched,round1-import\t160-quality-20261007T013645Z-cd518eac\runs\t160-quality-20261007T013645Z-cd518eac-03-IMP-TEXT-r3\result.json
t160-quality-20261007T013645Z-cd518eac-03-IMP-TEXT-r3,IMP-TEXT,3,automatic,fdef73bd-f984-58d1-8a53-3eea668a9f83,57b38b5d-9eab-4af2-84bc-ae4239a7d007,native_text,options,not_applicable,True,True,,,matched,round1-import\t160-quality-20261007T013645Z-cd518eac\runs\t160-quality-20261007T013645Z-cd518eac-03-IMP-TEXT-r3\result.json
t160-quality-20261007T013645Z-cd518eac-03-IMP-TEXT-r3,IMP-TEXT,3,automatic,fdef73bd-f984-58d1-8a53-3eea668a9f83,57b38b5d-9eab-4af2-84bc-ae4239a7d007,native_text,reference_answer,known_missing,True,True,,,matched,round1-import\t160-quality-20261007T013645Z-cd518eac\runs\t160-quality-20261007T013645Z-cd518eac-03-IMP-TEXT-r3\result.json
t160-quality-20261007T013645Z-cd518eac-03-IMP-TEXT-r3,IMP-TEXT,3,automatic,fdef73bd-f984-58d1-8a53-3eea668a9f83,57b38b5d-9eab-4af2-84bc-ae4239a7d007,native_text,analysis,known_missing,True,True,,,matched,round1-import\t160-quality-20261007T013645Z-cd518eac\runs\t160-quality-20261007T013645Z-cd518eac-03-IMP-TEXT-r3\result.json
t160-quality-20261007T013645Z-cd518eac-03-IMP-TEXT-r3,IMP-TEXT,3,automatic,fdef73bd-f984-58d1-8a53-3eea668a9f83,57b38b5d-9eab-4af2-84bc-ae4239a7d007,native_text,score,source_provided,True,True,3.00,3.00,matched,round1-import\t160-quality-20261007T013645Z-cd518eac\runs\t160-quality-20261007T013645Z-cd518eac-03-IMP-TEXT-r3\result.json
t160-quality-20261007T013645Z-cd518eac-03-IMP-TEXT-r3,IMP-TEXT,3,automatic,fdef73bd-f984-58d1-8a53-3eea668a9f83,57b38b5d-9eab-4af2-84bc-ae4239a7d007,native_text,scoring_rubric,source_provided,True,True,正确关系式 1.00；说明代入过程 2.00。,正确关系式 1.00；说明代入过程 2.00。,matched,round1-import\t160-quality-20261007T013645Z-cd518eac\runs\t160-quality-20261007T013645Z-cd518eac-03-IMP-TEXT-r3\result.json
t160-quality-20261007T013645Z-cd518eac-03-IMP-TEXT-r3,IMP-TEXT,3,automatic,fdef73bd-f984-58d1-8a53-3eea668a9f83,57b38b5d-9eab-4af2-84bc-ae4239a7d007,native_text,knowledge_points,source_provided,True,True,"[""一次函数"", ""表达与计算""]","[""一次函数"", ""表达与计算""]",matched,round1-import\t160-quality-20261007T013645Z-cd518eac\runs\t160-quality-20261007T013645Z-cd518eac-03-IMP-TEXT-r3\result.json
t160-quality-20261007T013645Z-cd518eac-03-IMP-TEXT-r3,IMP-TEXT,3,automatic,fdef73bd-f984-58d1-8a53-3eea668a9f83,57b38b5d-9eab-4af2-84bc-ae4239a7d007,native_text,source_regions,unknown,False,,,,reference_unknown,round1-import\t160-quality-20261007T013645Z-cd518eac\runs\t160-quality-20261007T013645Z-cd518eac-03-IMP-TEXT-r3\result.json
t160-quality-20261007T013645Z-cd518eac-03-IMP-TEXT-r3,IMP-TEXT,3,automatic,fdef73bd-f984-58d1-8a53-3eea668a9f83,57b38b5d-9eab-4af2-84bc-ae4239a7d007,native_text,assets,source_provided,True,False,"[{""asset_type"": ""table"", ""source_page_number"": 1, ""order_index"": 1}]",,matched,round1-import\t160-quality-20261007T013645Z-cd518eac\runs\t160-quality-20261007T013645Z-cd518eac-03-IMP-TEXT-r3\result.json
t160-quality-20261007T013645Z-cd518eac-04-IMP-SCAN-r1,IMP-SCAN,1,automatic,74d666eb-fc46-5106-8ea2-ea5c967c6457,50700d55-e246-4bb8-a2a7-f4ff2d447b69,ocr_required,question_number,source_provided,True,True,1,1,matched,round1-import\t160-quality-20261007T013645Z-cd518eac\runs\t160-quality-20261007T013645Z-cd518eac-04-IMP-SCAN-r1\result.json
t160-quality-20261007T013645Z-cd518eac-04-IMP-SCAN-r1,IMP-SCAN,1,automatic,74d666eb-fc46-5106-8ea2-ea5c967c6457,50700d55-e246-4bb8-a2a7-f4ff2d447b69,ocr_required,order_index,source_provided,True,True,1,1,matched,round1-import\t160-quality-20261007T013645Z-cd518eac\runs\t160-quality-20261007T013645Z-cd518eac-04-IMP-SCAN-r1\result.json
t160-quality-20261007T013645Z-cd518eac-04-IMP-SCAN-r1,IMP-SCAN,1,automatic,74d666eb-fc46-5106-8ea2-ea5c967c6457,50700d55-e246-4bb8-a2a7-f4ff2d447b69,ocr_required,source_page_numbers,source_provided,True,True,[1],[1],matched,round1-import\t160-quality-20261007T013645Z-cd518eac\runs\t160-quality-20261007T013645Z-cd518eac-04-IMP-SCAN-r1\result.json
t160-quality-20261007T013645Z-cd518eac-04-IMP-SCAN-r1,IMP-SCAN,1,automatic,74d666eb-fc46-5106-8ea2-ea5c967c6457,50700d55-e246-4bb8-a2a7-f4ff2d447b69,ocr_required,question_type,source_provided,True,True,SINGLE_CHOICE,SINGLE_CHOICE,matched,round1-import\t160-quality-20261007T013645Z-cd518eac\runs\t160-quality-20261007T013645Z-cd518eac-04-IMP-SCAN-r1\result.json
t160-quality-20261007T013645Z-cd518eac-04-IMP-SCAN-r1,IMP-SCAN,1,automatic,74d666eb-fc46-5106-8ea2-ea5c967c6457,50700d55-e246-4bb8-a2a7-f4ff2d447b69,ocr_required,content,source_provided,True,False,y = 2x + 1，x = 3 时 y 为多少？,y = 2x +1，x = 3 时y 为多少？,matched,round1-import\t160-quality-20261007T013645Z-cd518eac\runs\t160-quality-20261007T013645Z-cd518eac-04-IMP-SCAN-r1\result.json
t160-quality-20261007T013645Z-cd518eac-04-IMP-SCAN-r1,IMP-SCAN,1,automatic,74d666eb-fc46-5106-8ea2-ea5c967c6457,50700d55-e246-4bb8-a2a7-f4ff2d447b69,ocr_required,options,source_provided,True,True,"{""C"": ""7"", ""A"": ""5"", ""B"": ""6"", ""D"": ""8""}","{""C"": ""7"", ""A"": ""5"", ""B"": ""6"", ""D"": ""8""}",matched,round1-import\t160-quality-20261007T013645Z-cd518eac\runs\t160-quality-20261007T013645Z-cd518eac-04-IMP-SCAN-r1\result.json
t160-quality-20261007T013645Z-cd518eac-04-IMP-SCAN-r1,IMP-SCAN,1,automatic,74d666eb-fc46-5106-8ea2-ea5c967c6457,50700d55-e246-4bb8-a2a7-f4ff2d447b69,ocr_required,reference_answer,source_provided,True,True,C,C,matched,round1-import\t160-quality-20261007T013645Z-cd518eac\runs\t160-quality-20261007T013645Z-cd518eac-04-IMP-SCAN-r1\result.json
t160-quality-20261007T013645Z-cd518eac-04-IMP-SCAN-r1,IMP-SCAN,1,automatic,74d666eb-fc46-5106-8ea2-ea5c967c6457,50700d55-e246-4bb8-a2a7-f4ff2d447b69,ocr_required,analysis,source_provided,True,False,2 × 3 + 1 = 7。,2 × 3 +1=7。,matched,round1-import\t160-quality-20261007T013645Z-cd518eac\runs\t160-quality-20261007T013645Z-cd518eac-04-IMP-SCAN-r1\result.json
t160-quality-20261007T013645Z-cd518eac-04-IMP-SCAN-r1,IMP-SCAN,1,automatic,74d666eb-fc46-5106-8ea2-ea5c967c6457,50700d55-e246-4bb8-a2a7-f4ff2d447b69,ocr_required,score,source_provided,True,True,2.00,2.00,matched,round1-import\t160-quality-20261007T013645Z-cd518eac\runs\t160-quality-20261007T013645Z-cd518eac-04-IMP-SCAN-r1\result.json
t160-quality-20261007T013645Z-cd518eac-04-IMP-SCAN-r1,IMP-SCAN,1,automatic,74d666eb-fc46-5106-8ea2-ea5c967c6457,50700d55-e246-4bb8-a2a7-f4ff2d447b69,ocr_required,scoring_rubric,known_missing,True,True,,,matched,round1-import\t160-quality-20261007T013645Z-cd518eac\runs\t160-quality-20261007T013645Z-cd518eac-04-IMP-SCAN-r1\result.json
t160-quality-20261007T013645Z-cd518eac-04-IMP-SCAN-r1,IMP-SCAN,1,automatic,74d666eb-fc46-5106-8ea2-ea5c967c6457,50700d55-e246-4bb8-a2a7-f4ff2d447b69,ocr_required,knowledge_points,known_missing,True,True,[],[],matched,round1-import\t160-quality-20261007T013645Z-cd518eac\runs\t160-quality-20261007T013645Z-cd518eac-04-IMP-SCAN-r1\result.json
t160-quality-20261007T013645Z-cd518eac-04-IMP-SCAN-r1,IMP-SCAN,1,automatic,74d666eb-fc46-5106-8ea2-ea5c967c6457,50700d55-e246-4bb8-a2a7-f4ff2d447b69,ocr_required,source_regions,unknown,False,,,,reference_unknown,round1-import\t160-quality-20261007T013645Z-cd518eac\runs\t160-quality-20261007T013645Z-cd518eac-04-IMP-SCAN-r1\result.json
t160-quality-20261007T013645Z-cd518eac-04-IMP-SCAN-r1,IMP-SCAN,1,automatic,74d666eb-fc46-5106-8ea2-ea5c967c6457,50700d55-e246-4bb8-a2a7-f4ff2d447b69,ocr_required,assets,source_provided,True,False,[],,matched,round1-import\t160-quality-20261007T013645Z-cd518eac\runs\t160-quality-20261007T013645Z-cd518eac-04-IMP-SCAN-r1\result.json
t160-quality-20261007T013645Z-cd518eac-04-IMP-SCAN-r1,IMP-SCAN,1,automatic,5f47ee64-edec-5327-9172-bb8454c7640d,2531da39-41da-4840-8735-43c5f9039322,ocr_required,question_number,source_provided,True,True,2,2,matched,round1-import\t160-quality-20261007T013645Z-cd518eac\runs\t160-quality-20261007T013645Z-cd518eac-04-IMP-SCAN-r1\result.json
t160-quality-20261007T013645Z-cd518eac-04-IMP-SCAN-r1,IMP-SCAN,1,automatic,5f47ee64-edec-5327-9172-bb8454c7640d,2531da39-41da-4840-8735-43c5f9039322,ocr_required,order_index,source_provided,True,True,2,2,matched,round1-import\t160-quality-20261007T013645Z-cd518eac\runs\t160-quality-20261007T013645Z-cd518eac-04-IMP-SCAN-r1\result.json
t160-quality-20261007T013645Z-cd518eac-04-IMP-SCAN-r1,IMP-SCAN,1,automatic,5f47ee64-edec-5327-9172-bb8454c7640d,2531da39-41da-4840-8735-43c5f9039322,ocr_required,source_page_numbers,source_provided,True,True,[1],[1],matched,round1-import\t160-quality-20261007T013645Z-cd518eac\runs\t160-quality-20261007T013645Z-cd518eac-04-IMP-SCAN-r1\result.json
t160-quality-20261007T013645Z-cd518eac-04-IMP-SCAN-r1,IMP-SCAN,1,automatic,5f47ee64-edec-5327-9172-bb8454c7640d,2531da39-41da-4840-8735-43c5f9039322,ocr_required,question_type,source_provided,True,True,TRUE_FALSE,TRUE_FALSE,matched,round1-import\t160-quality-20261007T013645Z-cd518eac\runs\t160-quality-20261007T013645Z-cd518eac-04-IMP-SCAN-r1\result.json
t160-quality-20261007T013645Z-cd518eac-04-IMP-SCAN-r1,IMP-SCAN,1,automatic,5f47ee64-edec-5327-9172-bb8454c7640d,2531da39-41da-4840-8735-43c5f9039322,ocr_required,content,source_provided,True,False,右图三角形面积为 24 cm²。,右图三角形面积为24cm²。,matched,round1-import\t160-quality-20261007T013645Z-cd518eac\runs\t160-quality-20261007T013645Z-cd518eac-04-IMP-SCAN-r1\result.json
t160-quality-20261007T013645Z-cd518eac-04-IMP-SCAN-r1,IMP-SCAN,1,automatic,5f47ee64-edec-5327-9172-bb8454c7640d,2531da39-41da-4840-8735-43c5f9039322,ocr_required,options,source_provided,True,True,"[""正确"", ""错误""]","[""正确"", ""错误""]",matched,round1-import\t160-quality-20261007T013645Z-cd518eac\runs\t160-quality-20261007T013645Z-cd518eac-04-IMP-SCAN-r1\result.json
t160-quality-20261007T013645Z-cd518eac-04-IMP-SCAN-r1,IMP-SCAN,1,automatic,5f47ee64-edec-5327-9172-bb8454c7640d,2531da39-41da-4840-8735-43c5f9039322,ocr_required,reference_answer,known_missing,True,True,,,matched,round1-import\t160-quality-20261007T013645Z-cd518eac\runs\t160-quality-20261007T013645Z-cd518eac-04-IMP-SCAN-r1\result.json
t160-quality-20261007T013645Z-cd518eac-04-IMP-SCAN-r1,IMP-SCAN,1,automatic,5f47ee64-edec-5327-9172-bb8454c7640d,2531da39-41da-4840-8735-43c5f9039322,ocr_required,analysis,known_missing,True,True,,,matched,round1-import\t160-quality-20261007T013645Z-cd518eac\runs\t160-quality-20261007T013645Z-cd518eac-04-IMP-SCAN-r1\result.json
t160-quality-20261007T013645Z-cd518eac-04-IMP-SCAN-r1,IMP-SCAN,1,automatic,5f47ee64-edec-5327-9172-bb8454c7640d,2531da39-41da-4840-8735-43c5f9039322,ocr_required,score,source_provided,True,True,2.00,2.00,matched,round1-import\t160-quality-20261007T013645Z-cd518eac\runs\t160-quality-20261007T013645Z-cd518eac-04-IMP-SCAN-r1\result.json
t160-quality-20261007T013645Z-cd518eac-04-IMP-SCAN-r1,IMP-SCAN,1,automatic,5f47ee64-edec-5327-9172-bb8454c7640d,2531da39-41da-4840-8735-43c5f9039322,ocr_required,scoring_rubric,known_missing,True,True,,,matched,round1-import\t160-quality-20261007T013645Z-cd518eac\runs\t160-quality-20261007T013645Z-cd518eac-04-IMP-SCAN-r1\result.json
t160-quality-20261007T013645Z-cd518eac-04-IMP-SCAN-r1,IMP-SCAN,1,automatic,5f47ee64-edec-5327-9172-bb8454c7640d,2531da39-41da-4840-8735-43c5f9039322,ocr_required,knowledge_points,known_missing,True,True,[],[],matched,round1-import\t160-quality-20261007T013645Z-cd518eac\runs\t160-quality-20261007T013645Z-cd518eac-04-IMP-SCAN-r1\result.json
t160-quality-20261007T013645Z-cd518eac-04-IMP-SCAN-r1,IMP-SCAN,1,automatic,5f47ee64-edec-5327-9172-bb8454c7640d,2531da39-41da-4840-8735-43c5f9039322,ocr_required,source_regions,unknown,False,,,,reference_unknown,round1-import\t160-quality-20261007T013645Z-cd518eac\runs\t160-quality-20261007T013645Z-cd518eac-04-IMP-SCAN-r1\result.json
t160-quality-20261007T013645Z-cd518eac-04-IMP-SCAN-r1,IMP-SCAN,1,automatic,5f47ee64-edec-5327-9172-bb8454c7640d,2531da39-41da-4840-8735-43c5f9039322,ocr_required,assets,source_provided,True,False,"[{""asset_type"": ""figure"", ""source_page_number"": 1, ""order_index"": 1}]",,matched,round1-import\t160-quality-20261007T013645Z-cd518eac\runs\t160-quality-20261007T013645Z-cd518eac-04-IMP-SCAN-r1\result.json
t160-quality-20261007T013645Z-cd518eac-04-IMP-SCAN-r1,IMP-SCAN,1,automatic,d6acd365-a6d5-5eb8-9b54-66f26a915094,16ab0661-8f9f-401b-8b8b-b8e9570464a5,ocr_required,question_number,source_provided,True,True,3,3,matched,round1-import\t160-quality-20261007T013645Z-cd518eac\runs\t160-quality-20261007T013645Z-cd518eac-04-IMP-SCAN-r1\result.json
t160-quality-20261007T013645Z-cd518eac-04-IMP-SCAN-r1,IMP-SCAN,1,automatic,d6acd365-a6d5-5eb8-9b54-66f26a915094,16ab0661-8f9f-401b-8b8b-b8e9570464a5,ocr_required,order_index,source_provided,True,True,3,3,matched,round1-import\t160-quality-20261007T013645Z-cd518eac\runs\t160-quality-20261007T013645Z-cd518eac-04-IMP-SCAN-r1\result.json
t160-quality-20261007T013645Z-cd518eac-04-IMP-SCAN-r1,IMP-SCAN,1,automatic,d6acd365-a6d5-5eb8-9b54-66f26a915094,16ab0661-8f9f-401b-8b8b-b8e9570464a5,ocr_required,source_page_numbers,source_provided,True,True,[1],[1],matched,round1-import\t160-quality-20261007T013645Z-cd518eac\runs\t160-quality-20261007T013645Z-cd518eac-04-IMP-SCAN-r1\result.json
t160-quality-20261007T013645Z-cd518eac-04-IMP-SCAN-r1,IMP-SCAN,1,automatic,d6acd365-a6d5-5eb8-9b54-66f26a915094,16ab0661-8f9f-401b-8b8b-b8e9570464a5,ocr_required,question_type,source_provided,True,True,SHORT_ANSWER,SHORT_ANSWER,matched,round1-import\t160-quality-20261007T013645Z-cd518eac\runs\t160-quality-20261007T013645Z-cd518eac-04-IMP-SCAN-r1\result.json
t160-quality-20261007T013645Z-cd518eac-04-IMP-SCAN-r1,IMP-SCAN,1,automatic,d6acd365-a6d5-5eb8-9b54-66f26a915094,16ab0661-8f9f-401b-8b8b-b8e9570464a5,ocr_required,content,source_provided,True,False,根据下表写出 y 关于 x 的关系式。,根据下表写出y关于x的关系式。,matched,round1-import\t160-quality-20261007T013645Z-cd518eac\runs\t160-quality-20261007T013645Z-cd518eac-04-IMP-SCAN-r1\result.json
t160-quality-20261007T013645Z-cd518eac-04-IMP-SCAN-r1,IMP-SCAN,1,automatic,d6acd365-a6d5-5eb8-9b54-66f26a915094,16ab0661-8f9f-401b-8b8b-b8e9570464a5,ocr_required,options,not_applicable,True,True,,,matched,round1-import\t160-quality-20261007T013645Z-cd518eac\runs\t160-quality-20261007T013645Z-cd518eac-04-IMP-SCAN-r1\result.json
t160-quality-20261007T013645Z-cd518eac-04-IMP-SCAN-r1,IMP-SCAN,1,automatic,d6acd365-a6d5-5eb8-9b54-66f26a915094,16ab0661-8f9f-401b-8b8b-b8e9570464a5,ocr_required,reference_answer,known_missing,True,True,,,matched,round1-import\t160-quality-20261007T013645Z-cd518eac\runs\t160-quality-20261007T013645Z-cd518eac-04-IMP-SCAN-r1\result.json
t160-quality-20261007T013645Z-cd518eac-04-IMP-SCAN-r1,IMP-SCAN,1,automatic,d6acd365-a6d5-5eb8-9b54-66f26a915094,16ab0661-8f9f-401b-8b8b-b8e9570464a5,ocr_required,analysis,known_missing,True,True,,,matched,round1-import\t160-quality-20261007T013645Z-cd518eac\runs\t160-quality-20261007T013645Z-cd518eac-04-IMP-SCAN-r1\result.json
t160-quality-20261007T013645Z-cd518eac-04-IMP-SCAN-r1,IMP-SCAN,1,automatic,d6acd365-a6d5-5eb8-9b54-66f26a915094,16ab0661-8f9f-401b-8b8b-b8e9570464a5,ocr_required,score,source_provided,True,True,3.00,3.00,matched,round1-import\t160-quality-20261007T013645Z-cd518eac\runs\t160-quality-20261007T013645Z-cd518eac-04-IMP-SCAN-r1\result.json
t160-quality-20261007T013645Z-cd518eac-04-IMP-SCAN-r1,IMP-SCAN,1,automatic,d6acd365-a6d5-5eb8-9b54-66f26a915094,16ab0661-8f9f-401b-8b8b-b8e9570464a5,ocr_required,scoring_rubric,source_provided,True,False,正确关系式 1.00；说明代入过程 2.00。,正确关系式1.00；说明代入过程2.00。,matched,round1-import\t160-quality-20261007T013645Z-cd518eac\runs\t160-quality-20261007T013645Z-cd518eac-04-IMP-SCAN-r1\result.json
t160-quality-20261007T013645Z-cd518eac-04-IMP-SCAN-r1,IMP-SCAN,1,automatic,d6acd365-a6d5-5eb8-9b54-66f26a915094,16ab0661-8f9f-401b-8b8b-b8e9570464a5,ocr_required,knowledge_points,source_provided,True,True,"[""一次函数"", ""表达与计算""]","[""一次函数"", ""表达与计算""]",matched,round1-import\t160-quality-20261007T013645Z-cd518eac\runs\t160-quality-20261007T013645Z-cd518eac-04-IMP-SCAN-r1\result.json
t160-quality-20261007T013645Z-cd518eac-04-IMP-SCAN-r1,IMP-SCAN,1,automatic,d6acd365-a6d5-5eb8-9b54-66f26a915094,16ab0661-8f9f-401b-8b8b-b8e9570464a5,ocr_required,source_regions,unknown,False,,,,reference_unknown,round1-import\t160-quality-20261007T013645Z-cd518eac\runs\t160-quality-20261007T013645Z-cd518eac-04-IMP-SCAN-r1\result.json
t160-quality-20261007T013645Z-cd518eac-04-IMP-SCAN-r1,IMP-SCAN,1,automatic,d6acd365-a6d5-5eb8-9b54-66f26a915094,16ab0661-8f9f-401b-8b8b-b8e9570464a5,ocr_required,assets,source_provided,True,False,"[{""asset_type"": ""table"", ""source_page_number"": 1, ""order_index"": 1}]",,matched,round1-import\t160-quality-20261007T013645Z-cd518eac\runs\t160-quality-20261007T013645Z-cd518eac-04-IMP-SCAN-r1\result.json
t160-quality-20261007T013645Z-cd518eac-05-IMP-SCAN-r2,IMP-SCAN,2,automatic,74d666eb-fc46-5106-8ea2-ea5c967c6457,f4844197-e492-4cca-8d6e-975b8dd37e2e,ocr_required,question_number,source_provided,True,True,1,1,matched,round1-import\t160-quality-20261007T013645Z-cd518eac\runs\t160-quality-20261007T013645Z-cd518eac-05-IMP-SCAN-r2\result.json
t160-quality-20261007T013645Z-cd518eac-05-IMP-SCAN-r2,IMP-SCAN,2,automatic,74d666eb-fc46-5106-8ea2-ea5c967c6457,f4844197-e492-4cca-8d6e-975b8dd37e2e,ocr_required,order_index,source_provided,True,True,1,1,matched,round1-import\t160-quality-20261007T013645Z-cd518eac\runs\t160-quality-20261007T013645Z-cd518eac-05-IMP-SCAN-r2\result.json
t160-quality-20261007T013645Z-cd518eac-05-IMP-SCAN-r2,IMP-SCAN,2,automatic,74d666eb-fc46-5106-8ea2-ea5c967c6457,f4844197-e492-4cca-8d6e-975b8dd37e2e,ocr_required,source_page_numbers,source_provided,True,True,[1],[1],matched,round1-import\t160-quality-20261007T013645Z-cd518eac\runs\t160-quality-20261007T013645Z-cd518eac-05-IMP-SCAN-r2\result.json
t160-quality-20261007T013645Z-cd518eac-05-IMP-SCAN-r2,IMP-SCAN,2,automatic,74d666eb-fc46-5106-8ea2-ea5c967c6457,f4844197-e492-4cca-8d6e-975b8dd37e2e,ocr_required,question_type,source_provided,True,True,SINGLE_CHOICE,SINGLE_CHOICE,matched,round1-import\t160-quality-20261007T013645Z-cd518eac\runs\t160-quality-20261007T013645Z-cd518eac-05-IMP-SCAN-r2\result.json
t160-quality-20261007T013645Z-cd518eac-05-IMP-SCAN-r2,IMP-SCAN,2,automatic,74d666eb-fc46-5106-8ea2-ea5c967c6457,f4844197-e492-4cca-8d6e-975b8dd37e2e,ocr_required,content,source_provided,True,False,y = 2x + 1，x = 3 时 y 为多少？,y = 2x +1，x = 3 时 y 为多少？,matched,round1-import\t160-quality-20261007T013645Z-cd518eac\runs\t160-quality-20261007T013645Z-cd518eac-05-IMP-SCAN-r2\result.json
t160-quality-20261007T013645Z-cd518eac-05-IMP-SCAN-r2,IMP-SCAN,2,automatic,74d666eb-fc46-5106-8ea2-ea5c967c6457,f4844197-e492-4cca-8d6e-975b8dd37e2e,ocr_required,options,source_provided,True,True,"{""C"": ""7"", ""A"": ""5"", ""B"": ""6"", ""D"": ""8""}","{""C"": ""7"", ""A"": ""5"", ""B"": ""6"", ""D"": ""8""}",matched,round1-import\t160-quality-20261007T013645Z-cd518eac\runs\t160-quality-20261007T013645Z-cd518eac-05-IMP-SCAN-r2\result.json
t160-quality-20261007T013645Z-cd518eac-05-IMP-SCAN-r2,IMP-SCAN,2,automatic,74d666eb-fc46-5106-8ea2-ea5c967c6457,f4844197-e492-4cca-8d6e-975b8dd37e2e,ocr_required,reference_answer,source_provided,True,True,C,C,matched,round1-import\t160-quality-20261007T013645Z-cd518eac\runs\t160-quality-20261007T013645Z-cd518eac-05-IMP-SCAN-r2\result.json
t160-quality-20261007T013645Z-cd518eac-05-IMP-SCAN-r2,IMP-SCAN,2,automatic,74d666eb-fc46-5106-8ea2-ea5c967c6457,f4844197-e492-4cca-8d6e-975b8dd37e2e,ocr_required,analysis,source_provided,True,False,2 × 3 + 1 = 7。,2 × 3 +1=7。,matched,round1-import\t160-quality-20261007T013645Z-cd518eac\runs\t160-quality-20261007T013645Z-cd518eac-05-IMP-SCAN-r2\result.json
t160-quality-20261007T013645Z-cd518eac-05-IMP-SCAN-r2,IMP-SCAN,2,automatic,74d666eb-fc46-5106-8ea2-ea5c967c6457,f4844197-e492-4cca-8d6e-975b8dd37e2e,ocr_required,score,source_provided,True,True,2.00,2.00,matched,round1-import\t160-quality-20261007T013645Z-cd518eac\runs\t160-quality-20261007T013645Z-cd518eac-05-IMP-SCAN-r2\result.json
t160-quality-20261007T013645Z-cd518eac-05-IMP-SCAN-r2,IMP-SCAN,2,automatic,74d666eb-fc46-5106-8ea2-ea5c967c6457,f4844197-e492-4cca-8d6e-975b8dd37e2e,ocr_required,scoring_rubric,known_missing,True,True,,,matched,round1-import\t160-quality-20261007T013645Z-cd518eac\runs\t160-quality-20261007T013645Z-cd518eac-05-IMP-SCAN-r2\result.json
t160-quality-20261007T013645Z-cd518eac-05-IMP-SCAN-r2,IMP-SCAN,2,automatic,74d666eb-fc46-5106-8ea2-ea5c967c6457,f4844197-e492-4cca-8d6e-975b8dd37e2e,ocr_required,knowledge_points,known_missing,True,True,[],[],matched,round1-import\t160-quality-20261007T013645Z-cd518eac\runs\t160-quality-20261007T013645Z-cd518eac-05-IMP-SCAN-r2\result.json
t160-quality-20261007T013645Z-cd518eac-05-IMP-SCAN-r2,IMP-SCAN,2,automatic,74d666eb-fc46-5106-8ea2-ea5c967c6457,f4844197-e492-4cca-8d6e-975b8dd37e2e,ocr_required,source_regions,unknown,False,,,,reference_unknown,round1-import\t160-quality-20261007T013645Z-cd518eac\runs\t160-quality-20261007T013645Z-cd518eac-05-IMP-SCAN-r2\result.json
t160-quality-20261007T013645Z-cd518eac-05-IMP-SCAN-r2,IMP-SCAN,2,automatic,74d666eb-fc46-5106-8ea2-ea5c967c6457,f4844197-e492-4cca-8d6e-975b8dd37e2e,ocr_required,assets,source_provided,True,False,[],,matched,round1-import\t160-quality-20261007T013645Z-cd518eac\runs\t160-quality-20261007T013645Z-cd518eac-05-IMP-SCAN-r2\result.json
t160-quality-20261007T013645Z-cd518eac-05-IMP-SCAN-r2,IMP-SCAN,2,automatic,5f47ee64-edec-5327-9172-bb8454c7640d,b7fb34c8-8cb6-4862-a8c4-2aeb25c5fcde,ocr_required,question_number,source_provided,True,True,2,2,matched,round1-import\t160-quality-20261007T013645Z-cd518eac\runs\t160-quality-20261007T013645Z-cd518eac-05-IMP-SCAN-r2\result.json
t160-quality-20261007T013645Z-cd518eac-05-IMP-SCAN-r2,IMP-SCAN,2,automatic,5f47ee64-edec-5327-9172-bb8454c7640d,b7fb34c8-8cb6-4862-a8c4-2aeb25c5fcde,ocr_required,order_index,source_provided,True,True,2,2,matched,round1-import\t160-quality-20261007T013645Z-cd518eac\runs\t160-quality-20261007T013645Z-cd518eac-05-IMP-SCAN-r2\result.json
t160-quality-20261007T013645Z-cd518eac-05-IMP-SCAN-r2,IMP-SCAN,2,automatic,5f47ee64-edec-5327-9172-bb8454c7640d,b7fb34c8-8cb6-4862-a8c4-2aeb25c5fcde,ocr_required,source_page_numbers,source_provided,True,True,[1],[1],matched,round1-import\t160-quality-20261007T013645Z-cd518eac\runs\t160-quality-20261007T013645Z-cd518eac-05-IMP-SCAN-r2\result.json
t160-quality-20261007T013645Z-cd518eac-05-IMP-SCAN-r2,IMP-SCAN,2,automatic,5f47ee64-edec-5327-9172-bb8454c7640d,b7fb34c8-8cb6-4862-a8c4-2aeb25c5fcde,ocr_required,question_type,source_provided,True,True,TRUE_FALSE,TRUE_FALSE,matched,round1-import\t160-quality-20261007T013645Z-cd518eac\runs\t160-quality-20261007T013645Z-cd518eac-05-IMP-SCAN-r2\result.json
t160-quality-20261007T013645Z-cd518eac-05-IMP-SCAN-r2,IMP-SCAN,2,automatic,5f47ee64-edec-5327-9172-bb8454c7640d,b7fb34c8-8cb6-4862-a8c4-2aeb25c5fcde,ocr_required,content,source_provided,True,False,右图三角形面积为 24 cm²。,右图三角形面积为 24cm²。,matched,round1-import\t160-quality-20261007T013645Z-cd518eac\runs\t160-quality-20261007T013645Z-cd518eac-05-IMP-SCAN-r2\result.json
t160-quality-20261007T013645Z-cd518eac-05-IMP-SCAN-r2,IMP-SCAN,2,automatic,5f47ee64-edec-5327-9172-bb8454c7640d,b7fb34c8-8cb6-4862-a8c4-2aeb25c5fcde,ocr_required,options,source_provided,True,True,"[""正确"", ""错误""]","[""正确"", ""错误""]",matched,round1-import\t160-quality-20261007T013645Z-cd518eac\runs\t160-quality-20261007T013645Z-cd518eac-05-IMP-SCAN-r2\result.json
t160-quality-20261007T013645Z-cd518eac-05-IMP-SCAN-r2,IMP-SCAN,2,automatic,5f47ee64-edec-5327-9172-bb8454c7640d,b7fb34c8-8cb6-4862-a8c4-2aeb25c5fcde,ocr_required,reference_answer,known_missing,True,True,,,matched,round1-import\t160-quality-20261007T013645Z-cd518eac\runs\t160-quality-20261007T013645Z-cd518eac-05-IMP-SCAN-r2\result.json
t160-quality-20261007T013645Z-cd518eac-05-IMP-SCAN-r2,IMP-SCAN,2,automatic,5f47ee64-edec-5327-9172-bb8454c7640d,b7fb34c8-8cb6-4862-a8c4-2aeb25c5fcde,ocr_required,analysis,known_missing,True,True,,,matched,round1-import\t160-quality-20261007T013645Z-cd518eac\runs\t160-quality-20261007T013645Z-cd518eac-05-IMP-SCAN-r2\result.json
t160-quality-20261007T013645Z-cd518eac-05-IMP-SCAN-r2,IMP-SCAN,2,automatic,5f47ee64-edec-5327-9172-bb8454c7640d,b7fb34c8-8cb6-4862-a8c4-2aeb25c5fcde,ocr_required,score,source_provided,True,True,2.00,2.00,matched,round1-import\t160-quality-20261007T013645Z-cd518eac\runs\t160-quality-20261007T013645Z-cd518eac-05-IMP-SCAN-r2\result.json
t160-quality-20261007T013645Z-cd518eac-05-IMP-SCAN-r2,IMP-SCAN,2,automatic,5f47ee64-edec-5327-9172-bb8454c7640d,b7fb34c8-8cb6-4862-a8c4-2aeb25c5fcde,ocr_required,scoring_rubric,known_missing,True,True,,,matched,round1-import\t160-quality-20261007T013645Z-cd518eac\runs\t160-quality-20261007T013645Z-cd518eac-05-IMP-SCAN-r2\result.json
t160-quality-20261007T013645Z-cd518eac-05-IMP-SCAN-r2,IMP-SCAN,2,automatic,5f47ee64-edec-5327-9172-bb8454c7640d,b7fb34c8-8cb6-4862-a8c4-2aeb25c5fcde,ocr_required,knowledge_points,known_missing,True,True,[],[],matched,round1-import\t160-quality-20261007T013645Z-cd518eac\runs\t160-quality-20261007T013645Z-cd518eac-05-IMP-SCAN-r2\result.json
t160-quality-20261007T013645Z-cd518eac-05-IMP-SCAN-r2,IMP-SCAN,2,automatic,5f47ee64-edec-5327-9172-bb8454c7640d,b7fb34c8-8cb6-4862-a8c4-2aeb25c5fcde,ocr_required,source_regions,unknown,False,,,,reference_unknown,round1-import\t160-quality-20261007T013645Z-cd518eac\runs\t160-quality-20261007T013645Z-cd518eac-05-IMP-SCAN-r2\result.json
t160-quality-20261007T013645Z-cd518eac-05-IMP-SCAN-r2,IMP-SCAN,2,automatic,5f47ee64-edec-5327-9172-bb8454c7640d,b7fb34c8-8cb6-4862-a8c4-2aeb25c5fcde,ocr_required,assets,source_provided,True,False,"[{""asset_type"": ""figure"", ""source_page_number"": 1, ""order_index"": 1}]",,matched,round1-import\t160-quality-20261007T013645Z-cd518eac\runs\t160-quality-20261007T013645Z-cd518eac-05-IMP-SCAN-r2\result.json
t160-quality-20261007T013645Z-cd518eac-05-IMP-SCAN-r2,IMP-SCAN,2,automatic,d6acd365-a6d5-5eb8-9b54-66f26a915094,1f4bd954-f62e-46eb-86c0-e70649fe27b9,ocr_required,question_number,source_provided,True,True,3,3,matched,round1-import\t160-quality-20261007T013645Z-cd518eac\runs\t160-quality-20261007T013645Z-cd518eac-05-IMP-SCAN-r2\result.json
t160-quality-20261007T013645Z-cd518eac-05-IMP-SCAN-r2,IMP-SCAN,2,automatic,d6acd365-a6d5-5eb8-9b54-66f26a915094,1f4bd954-f62e-46eb-86c0-e70649fe27b9,ocr_required,order_index,source_provided,True,True,3,3,matched,round1-import\t160-quality-20261007T013645Z-cd518eac\runs\t160-quality-20261007T013645Z-cd518eac-05-IMP-SCAN-r2\result.json
t160-quality-20261007T013645Z-cd518eac-05-IMP-SCAN-r2,IMP-SCAN,2,automatic,d6acd365-a6d5-5eb8-9b54-66f26a915094,1f4bd954-f62e-46eb-86c0-e70649fe27b9,ocr_required,source_page_numbers,source_provided,True,True,[1],[1],matched,round1-import\t160-quality-20261007T013645Z-cd518eac\runs\t160-quality-20261007T013645Z-cd518eac-05-IMP-SCAN-r2\result.json
t160-quality-20261007T013645Z-cd518eac-05-IMP-SCAN-r2,IMP-SCAN,2,automatic,d6acd365-a6d5-5eb8-9b54-66f26a915094,1f4bd954-f62e-46eb-86c0-e70649fe27b9,ocr_required,question_type,source_provided,True,True,SHORT_ANSWER,SHORT_ANSWER,matched,round1-import\t160-quality-20261007T013645Z-cd518eac\runs\t160-quality-20261007T013645Z-cd518eac-05-IMP-SCAN-r2\result.json
t160-quality-20261007T013645Z-cd518eac-05-IMP-SCAN-r2,IMP-SCAN,2,automatic,d6acd365-a6d5-5eb8-9b54-66f26a915094,1f4bd954-f62e-46eb-86c0-e70649fe27b9,ocr_required,content,source_provided,True,True,根据下表写出 y 关于 x 的关系式。,根据下表写出 y 关于 x 的关系式。,matched,round1-import\t160-quality-20261007T013645Z-cd518eac\runs\t160-quality-20261007T013645Z-cd518eac-05-IMP-SCAN-r2\result.json
t160-quality-20261007T013645Z-cd518eac-05-IMP-SCAN-r2,IMP-SCAN,2,automatic,d6acd365-a6d5-5eb8-9b54-66f26a915094,1f4bd954-f62e-46eb-86c0-e70649fe27b9,ocr_required,options,not_applicable,True,True,,,matched,round1-import\t160-quality-20261007T013645Z-cd518eac\runs\t160-quality-20261007T013645Z-cd518eac-05-IMP-SCAN-r2\result.json
t160-quality-20261007T013645Z-cd518eac-05-IMP-SCAN-r2,IMP-SCAN,2,automatic,d6acd365-a6d5-5eb8-9b54-66f26a915094,1f4bd954-f62e-46eb-86c0-e70649fe27b9,ocr_required,reference_answer,known_missing,True,True,,,matched,round1-import\t160-quality-20261007T013645Z-cd518eac\runs\t160-quality-20261007T013645Z-cd518eac-05-IMP-SCAN-r2\result.json
t160-quality-20261007T013645Z-cd518eac-05-IMP-SCAN-r2,IMP-SCAN,2,automatic,d6acd365-a6d5-5eb8-9b54-66f26a915094,1f4bd954-f62e-46eb-86c0-e70649fe27b9,ocr_required,analysis,known_missing,True,True,,,matched,round1-import\t160-quality-20261007T013645Z-cd518eac\runs\t160-quality-20261007T013645Z-cd518eac-05-IMP-SCAN-r2\result.json
t160-quality-20261007T013645Z-cd518eac-05-IMP-SCAN-r2,IMP-SCAN,2,automatic,d6acd365-a6d5-5eb8-9b54-66f26a915094,1f4bd954-f62e-46eb-86c0-e70649fe27b9,ocr_required,score,source_provided,True,True,3.00,3.00,matched,round1-import\t160-quality-20261007T013645Z-cd518eac\runs\t160-quality-20261007T013645Z-cd518eac-05-IMP-SCAN-r2\result.json
t160-quality-20261007T013645Z-cd518eac-05-IMP-SCAN-r2,IMP-SCAN,2,automatic,d6acd365-a6d5-5eb8-9b54-66f26a915094,1f4bd954-f62e-46eb-86c0-e70649fe27b9,ocr_required,scoring_rubric,source_provided,True,False,正确关系式 1.00；说明代入过程 2.00。,正确关系式1.00；说明代入过程2.00。,matched,round1-import\t160-quality-20261007T013645Z-cd518eac\runs\t160-quality-20261007T013645Z-cd518eac-05-IMP-SCAN-r2\result.json
t160-quality-20261007T013645Z-cd518eac-05-IMP-SCAN-r2,IMP-SCAN,2,automatic,d6acd365-a6d5-5eb8-9b54-66f26a915094,1f4bd954-f62e-46eb-86c0-e70649fe27b9,ocr_required,knowledge_points,source_provided,True,True,"[""一次函数"", ""表达与计算""]","[""一次函数"", ""表达与计算""]",matched,round1-import\t160-quality-20261007T013645Z-cd518eac\runs\t160-quality-20261007T013645Z-cd518eac-05-IMP-SCAN-r2\result.json
t160-quality-20261007T013645Z-cd518eac-05-IMP-SCAN-r2,IMP-SCAN,2,automatic,d6acd365-a6d5-5eb8-9b54-66f26a915094,1f4bd954-f62e-46eb-86c0-e70649fe27b9,ocr_required,source_regions,unknown,False,,,,reference_unknown,round1-import\t160-quality-20261007T013645Z-cd518eac\runs\t160-quality-20261007T013645Z-cd518eac-05-IMP-SCAN-r2\result.json
t160-quality-20261007T013645Z-cd518eac-05-IMP-SCAN-r2,IMP-SCAN,2,automatic,d6acd365-a6d5-5eb8-9b54-66f26a915094,1f4bd954-f62e-46eb-86c0-e70649fe27b9,ocr_required,assets,source_provided,True,False,"[{""asset_type"": ""table"", ""source_page_number"": 1, ""order_index"": 1}]",,matched,round1-import\t160-quality-20261007T013645Z-cd518eac\runs\t160-quality-20261007T013645Z-cd518eac-05-IMP-SCAN-r2\result.json
t160-quality-20261007T013645Z-cd518eac-06-IMP-SCAN-r3,IMP-SCAN,3,automatic,74d666eb-fc46-5106-8ea2-ea5c967c6457,b949a76d-b32e-41bc-ad12-d7e46a1d32de,ocr_required,question_number,source_provided,True,True,1,1,matched,round1-import\t160-quality-20261007T013645Z-cd518eac\runs\t160-quality-20261007T013645Z-cd518eac-06-IMP-SCAN-r3\result.json
t160-quality-20261007T013645Z-cd518eac-06-IMP-SCAN-r3,IMP-SCAN,3,automatic,74d666eb-fc46-5106-8ea2-ea5c967c6457,b949a76d-b32e-41bc-ad12-d7e46a1d32de,ocr_required,order_index,source_provided,True,True,1,1,matched,round1-import\t160-quality-20261007T013645Z-cd518eac\runs\t160-quality-20261007T013645Z-cd518eac-06-IMP-SCAN-r3\result.json
t160-quality-20261007T013645Z-cd518eac-06-IMP-SCAN-r3,IMP-SCAN,3,automatic,74d666eb-fc46-5106-8ea2-ea5c967c6457,b949a76d-b32e-41bc-ad12-d7e46a1d32de,ocr_required,source_page_numbers,source_provided,True,True,[1],[1],matched,round1-import\t160-quality-20261007T013645Z-cd518eac\runs\t160-quality-20261007T013645Z-cd518eac-06-IMP-SCAN-r3\result.json
t160-quality-20261007T013645Z-cd518eac-06-IMP-SCAN-r3,IMP-SCAN,3,automatic,74d666eb-fc46-5106-8ea2-ea5c967c6457,b949a76d-b32e-41bc-ad12-d7e46a1d32de,ocr_required,question_type,source_provided,True,True,SINGLE_CHOICE,SINGLE_CHOICE,matched,round1-import\t160-quality-20261007T013645Z-cd518eac\runs\t160-quality-20261007T013645Z-cd518eac-06-IMP-SCAN-r3\result.json
t160-quality-20261007T013645Z-cd518eac-06-IMP-SCAN-r3,IMP-SCAN,3,automatic,74d666eb-fc46-5106-8ea2-ea5c967c6457,b949a76d-b32e-41bc-ad12-d7e46a1d32de,ocr_required,content,source_provided,True,True,y = 2x + 1，x = 3 时 y 为多少？,y = 2x + 1，x = 3 时 y 为多少？,matched,round1-import\t160-quality-20261007T013645Z-cd518eac\runs\t160-quality-20261007T013645Z-cd518eac-06-IMP-SCAN-r3\result.json
t160-quality-20261007T013645Z-cd518eac-06-IMP-SCAN-r3,IMP-SCAN,3,automatic,74d666eb-fc46-5106-8ea2-ea5c967c6457,b949a76d-b32e-41bc-ad12-d7e46a1d32de,ocr_required,options,source_provided,True,True,"{""C"": ""7"", ""A"": ""5"", ""B"": ""6"", ""D"": ""8""}","{""C"": ""7"", ""A"": ""5"", ""B"": ""6"", ""D"": ""8""}",matched,round1-import\t160-quality-20261007T013645Z-cd518eac\runs\t160-quality-20261007T013645Z-cd518eac-06-IMP-SCAN-r3\result.json
t160-quality-20261007T013645Z-cd518eac-06-IMP-SCAN-r3,IMP-SCAN,3,automatic,74d666eb-fc46-5106-8ea2-ea5c967c6457,b949a76d-b32e-41bc-ad12-d7e46a1d32de,ocr_required,reference_answer,source_provided,True,True,C,C,matched,round1-import\t160-quality-20261007T013645Z-cd518eac\runs\t160-quality-20261007T013645Z-cd518eac-06-IMP-SCAN-r3\result.json
t160-quality-20261007T013645Z-cd518eac-06-IMP-SCAN-r3,IMP-SCAN,3,automatic,74d666eb-fc46-5106-8ea2-ea5c967c6457,b949a76d-b32e-41bc-ad12-d7e46a1d32de,ocr_required,analysis,source_provided,True,False,2 × 3 + 1 = 7。,2 × 3 +1=7。,matched,round1-import\t160-quality-20261007T013645Z-cd518eac\runs\t160-quality-20261007T013645Z-cd518eac-06-IMP-SCAN-r3\result.json
t160-quality-20261007T013645Z-cd518eac-06-IMP-SCAN-r3,IMP-SCAN,3,automatic,74d666eb-fc46-5106-8ea2-ea5c967c6457,b949a76d-b32e-41bc-ad12-d7e46a1d32de,ocr_required,score,source_provided,True,True,2.00,2.00,matched,round1-import\t160-quality-20261007T013645Z-cd518eac\runs\t160-quality-20261007T013645Z-cd518eac-06-IMP-SCAN-r3\result.json
t160-quality-20261007T013645Z-cd518eac-06-IMP-SCAN-r3,IMP-SCAN,3,automatic,74d666eb-fc46-5106-8ea2-ea5c967c6457,b949a76d-b32e-41bc-ad12-d7e46a1d32de,ocr_required,scoring_rubric,known_missing,True,True,,,matched,round1-import\t160-quality-20261007T013645Z-cd518eac\runs\t160-quality-20261007T013645Z-cd518eac-06-IMP-SCAN-r3\result.json
t160-quality-20261007T013645Z-cd518eac-06-IMP-SCAN-r3,IMP-SCAN,3,automatic,74d666eb-fc46-5106-8ea2-ea5c967c6457,b949a76d-b32e-41bc-ad12-d7e46a1d32de,ocr_required,knowledge_points,known_missing,True,True,[],[],matched,round1-import\t160-quality-20261007T013645Z-cd518eac\runs\t160-quality-20261007T013645Z-cd518eac-06-IMP-SCAN-r3\result.json
t160-quality-20261007T013645Z-cd518eac-06-IMP-SCAN-r3,IMP-SCAN,3,automatic,74d666eb-fc46-5106-8ea2-ea5c967c6457,b949a76d-b32e-41bc-ad12-d7e46a1d32de,ocr_required,source_regions,unknown,False,,,,reference_unknown,round1-import\t160-quality-20261007T013645Z-cd518eac\runs\t160-quality-20261007T013645Z-cd518eac-06-IMP-SCAN-r3\result.json
t160-quality-20261007T013645Z-cd518eac-06-IMP-SCAN-r3,IMP-SCAN,3,automatic,74d666eb-fc46-5106-8ea2-ea5c967c6457,b949a76d-b32e-41bc-ad12-d7e46a1d32de,ocr_required,assets,source_provided,True,False,[],,matched,round1-import\t160-quality-20261007T013645Z-cd518eac\runs\t160-quality-20261007T013645Z-cd518eac-06-IMP-SCAN-r3\result.json
t160-quality-20261007T013645Z-cd518eac-06-IMP-SCAN-r3,IMP-SCAN,3,automatic,5f47ee64-edec-5327-9172-bb8454c7640d,1c7dbce7-0129-4c26-af42-6cd108f4a263,ocr_required,question_number,source_provided,True,True,2,2,matched,round1-import\t160-quality-20261007T013645Z-cd518eac\runs\t160-quality-20261007T013645Z-cd518eac-06-IMP-SCAN-r3\result.json
t160-quality-20261007T013645Z-cd518eac-06-IMP-SCAN-r3,IMP-SCAN,3,automatic,5f47ee64-edec-5327-9172-bb8454c7640d,1c7dbce7-0129-4c26-af42-6cd108f4a263,ocr_required,order_index,source_provided,True,True,2,2,matched,round1-import\t160-quality-20261007T013645Z-cd518eac\runs\t160-quality-20261007T013645Z-cd518eac-06-IMP-SCAN-r3\result.json
t160-quality-20261007T013645Z-cd518eac-06-IMP-SCAN-r3,IMP-SCAN,3,automatic,5f47ee64-edec-5327-9172-bb8454c7640d,1c7dbce7-0129-4c26-af42-6cd108f4a263,ocr_required,source_page_numbers,source_provided,True,True,[1],[1],matched,round1-import\t160-quality-20261007T013645Z-cd518eac\runs\t160-quality-20261007T013645Z-cd518eac-06-IMP-SCAN-r3\result.json
t160-quality-20261007T013645Z-cd518eac-06-IMP-SCAN-r3,IMP-SCAN,3,automatic,5f47ee64-edec-5327-9172-bb8454c7640d,1c7dbce7-0129-4c26-af42-6cd108f4a263,ocr_required,question_type,source_provided,True,True,TRUE_FALSE,TRUE_FALSE,matched,round1-import\t160-quality-20261007T013645Z-cd518eac\runs\t160-quality-20261007T013645Z-cd518eac-06-IMP-SCAN-r3\result.json
t160-quality-20261007T013645Z-cd518eac-06-IMP-SCAN-r3,IMP-SCAN,3,automatic,5f47ee64-edec-5327-9172-bb8454c7640d,1c7dbce7-0129-4c26-af42-6cd108f4a263,ocr_required,content,source_provided,True,True,右图三角形面积为 24 cm²。,右图三角形面积为 24 cm²。,matched,round1-import\t160-quality-20261007T013645Z-cd518eac\runs\t160-quality-20261007T013645Z-cd518eac-06-IMP-SCAN-r3\result.json
t160-quality-20261007T013645Z-cd518eac-06-IMP-SCAN-r3,IMP-SCAN,3,automatic,5f47ee64-edec-5327-9172-bb8454c7640d,1c7dbce7-0129-4c26-af42-6cd108f4a263,ocr_required,options,source_provided,True,True,"[""正确"", ""错误""]","[""正确"", ""错误""]",matched,round1-import\t160-quality-20261007T013645Z-cd518eac\runs\t160-quality-20261007T013645Z-cd518eac-06-IMP-SCAN-r3\result.json
t160-quality-20261007T013645Z-cd518eac-06-IMP-SCAN-r3,IMP-SCAN,3,automatic,5f47ee64-edec-5327-9172-bb8454c7640d,1c7dbce7-0129-4c26-af42-6cd108f4a263,ocr_required,reference_answer,known_missing,True,True,,,matched,round1-import\t160-quality-20261007T013645Z-cd518eac\runs\t160-quality-20261007T013645Z-cd518eac-06-IMP-SCAN-r3\result.json
t160-quality-20261007T013645Z-cd518eac-06-IMP-SCAN-r3,IMP-SCAN,3,automatic,5f47ee64-edec-5327-9172-bb8454c7640d,1c7dbce7-0129-4c26-af42-6cd108f4a263,ocr_required,analysis,known_missing,True,True,,,matched,round1-import\t160-quality-20261007T013645Z-cd518eac\runs\t160-quality-20261007T013645Z-cd518eac-06-IMP-SCAN-r3\result.json
t160-quality-20261007T013645Z-cd518eac-06-IMP-SCAN-r3,IMP-SCAN,3,automatic,5f47ee64-edec-5327-9172-bb8454c7640d,1c7dbce7-0129-4c26-af42-6cd108f4a263,ocr_required,score,source_provided,True,True,2.00,2.00,matched,round1-import\t160-quality-20261007T013645Z-cd518eac\runs\t160-quality-20261007T013645Z-cd518eac-06-IMP-SCAN-r3\result.json
t160-quality-20261007T013645Z-cd518eac-06-IMP-SCAN-r3,IMP-SCAN,3,automatic,5f47ee64-edec-5327-9172-bb8454c7640d,1c7dbce7-0129-4c26-af42-6cd108f4a263,ocr_required,scoring_rubric,known_missing,True,True,,,matched,round1-import\t160-quality-20261007T013645Z-cd518eac\runs\t160-quality-20261007T013645Z-cd518eac-06-IMP-SCAN-r3\result.json
t160-quality-20261007T013645Z-cd518eac-06-IMP-SCAN-r3,IMP-SCAN,3,automatic,5f47ee64-edec-5327-9172-bb8454c7640d,1c7dbce7-0129-4c26-af42-6cd108f4a263,ocr_required,knowledge_points,known_missing,True,True,[],[],matched,round1-import\t160-quality-20261007T013645Z-cd518eac\runs\t160-quality-20261007T013645Z-cd518eac-06-IMP-SCAN-r3\result.json
t160-quality-20261007T013645Z-cd518eac-06-IMP-SCAN-r3,IMP-SCAN,3,automatic,5f47ee64-edec-5327-9172-bb8454c7640d,1c7dbce7-0129-4c26-af42-6cd108f4a263,ocr_required,source_regions,unknown,False,,,,reference_unknown,round1-import\t160-quality-20261007T013645Z-cd518eac\runs\t160-quality-20261007T013645Z-cd518eac-06-IMP-SCAN-r3\result.json
t160-quality-20261007T013645Z-cd518eac-06-IMP-SCAN-r3,IMP-SCAN,3,automatic,5f47ee64-edec-5327-9172-bb8454c7640d,1c7dbce7-0129-4c26-af42-6cd108f4a263,ocr_required,assets,source_provided,True,False,"[{""asset_type"": ""figure"", ""source_page_number"": 1, ""order_index"": 1}]",,matched,round1-import\t160-quality-20261007T013645Z-cd518eac\runs\t160-quality-20261007T013645Z-cd518eac-06-IMP-SCAN-r3\result.json
t160-quality-20261007T013645Z-cd518eac-06-IMP-SCAN-r3,IMP-SCAN,3,automatic,d6acd365-a6d5-5eb8-9b54-66f26a915094,3fd85186-32d9-44b3-8335-cacfe501504c,ocr_required,question_number,source_provided,True,True,3,3,matched,round1-import\t160-quality-20261007T013645Z-cd518eac\runs\t160-quality-20261007T013645Z-cd518eac-06-IMP-SCAN-r3\result.json
t160-quality-20261007T013645Z-cd518eac-06-IMP-SCAN-r3,IMP-SCAN,3,automatic,d6acd365-a6d5-5eb8-9b54-66f26a915094,3fd85186-32d9-44b3-8335-cacfe501504c,ocr_required,order_index,source_provided,True,True,3,3,matched,round1-import\t160-quality-20261007T013645Z-cd518eac\runs\t160-quality-20261007T013645Z-cd518eac-06-IMP-SCAN-r3\result.json
t160-quality-20261007T013645Z-cd518eac-06-IMP-SCAN-r3,IMP-SCAN,3,automatic,d6acd365-a6d5-5eb8-9b54-66f26a915094,3fd85186-32d9-44b3-8335-cacfe501504c,ocr_required,source_page_numbers,source_provided,True,True,[1],[1],matched,round1-import\t160-quality-20261007T013645Z-cd518eac\runs\t160-quality-20261007T013645Z-cd518eac-06-IMP-SCAN-r3\result.json
t160-quality-20261007T013645Z-cd518eac-06-IMP-SCAN-r3,IMP-SCAN,3,automatic,d6acd365-a6d5-5eb8-9b54-66f26a915094,3fd85186-32d9-44b3-8335-cacfe501504c,ocr_required,question_type,source_provided,True,True,SHORT_ANSWER,SHORT_ANSWER,matched,round1-import\t160-quality-20261007T013645Z-cd518eac\runs\t160-quality-20261007T013645Z-cd518eac-06-IMP-SCAN-r3\result.json
t160-quality-20261007T013645Z-cd518eac-06-IMP-SCAN-r3,IMP-SCAN,3,automatic,d6acd365-a6d5-5eb8-9b54-66f26a915094,3fd85186-32d9-44b3-8335-cacfe501504c,ocr_required,content,source_provided,True,True,根据下表写出 y 关于 x 的关系式。,根据下表写出 y 关于 x 的关系式。,matched,round1-import\t160-quality-20261007T013645Z-cd518eac\runs\t160-quality-20261007T013645Z-cd518eac-06-IMP-SCAN-r3\result.json
t160-quality-20261007T013645Z-cd518eac-06-IMP-SCAN-r3,IMP-SCAN,3,automatic,d6acd365-a6d5-5eb8-9b54-66f26a915094,3fd85186-32d9-44b3-8335-cacfe501504c,ocr_required,options,not_applicable,True,True,,,matched,round1-import\t160-quality-20261007T013645Z-cd518eac\runs\t160-quality-20261007T013645Z-cd518eac-06-IMP-SCAN-r3\result.json
t160-quality-20261007T013645Z-cd518eac-06-IMP-SCAN-r3,IMP-SCAN,3,automatic,d6acd365-a6d5-5eb8-9b54-66f26a915094,3fd85186-32d9-44b3-8335-cacfe501504c,ocr_required,reference_answer,known_missing,True,True,,,matched,round1-import\t160-quality-20261007T013645Z-cd518eac\runs\t160-quality-20261007T013645Z-cd518eac-06-IMP-SCAN-r3\result.json
t160-quality-20261007T013645Z-cd518eac-06-IMP-SCAN-r3,IMP-SCAN,3,automatic,d6acd365-a6d5-5eb8-9b54-66f26a915094,3fd85186-32d9-44b3-8335-cacfe501504c,ocr_required,analysis,known_missing,True,True,,,matched,round1-import\t160-quality-20261007T013645Z-cd518eac\runs\t160-quality-20261007T013645Z-cd518eac-06-IMP-SCAN-r3\result.json
t160-quality-20261007T013645Z-cd518eac-06-IMP-SCAN-r3,IMP-SCAN,3,automatic,d6acd365-a6d5-5eb8-9b54-66f26a915094,3fd85186-32d9-44b3-8335-cacfe501504c,ocr_required,score,source_provided,True,True,3.00,3.00,matched,round1-import\t160-quality-20261007T013645Z-cd518eac\runs\t160-quality-20261007T013645Z-cd518eac-06-IMP-SCAN-r3\result.json
t160-quality-20261007T013645Z-cd518eac-06-IMP-SCAN-r3,IMP-SCAN,3,automatic,d6acd365-a6d5-5eb8-9b54-66f26a915094,3fd85186-32d9-44b3-8335-cacfe501504c,ocr_required,scoring_rubric,source_provided,True,False,正确关系式 1.00；说明代入过程 2.00。,,matched,round1-import\t160-quality-20261007T013645Z-cd518eac\runs\t160-quality-20261007T013645Z-cd518eac-06-IMP-SCAN-r3\result.json
t160-quality-20261007T013645Z-cd518eac-06-IMP-SCAN-r3,IMP-SCAN,3,automatic,d6acd365-a6d5-5eb8-9b54-66f26a915094,3fd85186-32d9-44b3-8335-cacfe501504c,ocr_required,knowledge_points,source_provided,True,True,"[""一次函数"", ""表达与计算""]","[""一次函数"", ""表达与计算""]",matched,round1-import\t160-quality-20261007T013645Z-cd518eac\runs\t160-quality-20261007T013645Z-cd518eac-06-IMP-SCAN-r3\result.json
t160-quality-20261007T013645Z-cd518eac-06-IMP-SCAN-r3,IMP-SCAN,3,automatic,d6acd365-a6d5-5eb8-9b54-66f26a915094,3fd85186-32d9-44b3-8335-cacfe501504c,ocr_required,source_regions,unknown,False,,,,reference_unknown,round1-import\t160-quality-20261007T013645Z-cd518eac\runs\t160-quality-20261007T013645Z-cd518eac-06-IMP-SCAN-r3\result.json
t160-quality-20261007T013645Z-cd518eac-06-IMP-SCAN-r3,IMP-SCAN,3,automatic,d6acd365-a6d5-5eb8-9b54-66f26a915094,3fd85186-32d9-44b3-8335-cacfe501504c,ocr_required,assets,source_provided,True,False,"[{""asset_type"": ""table"", ""source_page_number"": 1, ""order_index"": 1}]",,matched,round1-import\t160-quality-20261007T013645Z-cd518eac\runs\t160-quality-20261007T013645Z-cd518eac-06-IMP-SCAN-r3\result.json
t160-quality-20261007T013645Z-cd518eac-07-IMP-IMAGE-r1,IMP-IMAGE,1,automatic,c4d750a5-4dc4-5a35-83e2-dee4ca44aca1,f00b0aac-3beb-4286-92f6-cd99ee3af2bd,ocr_required,question_number,source_provided,True,True,1,1,matched,round1-import\t160-quality-20261007T013645Z-cd518eac\runs\t160-quality-20261007T013645Z-cd518eac-07-IMP-IMAGE-r1\result.json
t160-quality-20261007T013645Z-cd518eac-07-IMP-IMAGE-r1,IMP-IMAGE,1,automatic,c4d750a5-4dc4-5a35-83e2-dee4ca44aca1,f00b0aac-3beb-4286-92f6-cd99ee3af2bd,ocr_required,order_index,source_provided,True,True,1,1,matched,round1-import\t160-quality-20261007T013645Z-cd518eac\runs\t160-quality-20261007T013645Z-cd518eac-07-IMP-IMAGE-r1\result.json
t160-quality-20261007T013645Z-cd518eac-07-IMP-IMAGE-r1,IMP-IMAGE,1,automatic,c4d750a5-4dc4-5a35-83e2-dee4ca44aca1,f00b0aac-3beb-4286-92f6-cd99ee3af2bd,ocr_required,source_page_numbers,source_provided,True,True,[1],[1],matched,round1-import\t160-quality-20261007T013645Z-cd518eac\runs\t160-quality-20261007T013645Z-cd518eac-07-IMP-IMAGE-r1\result.json
t160-quality-20261007T013645Z-cd518eac-07-IMP-IMAGE-r1,IMP-IMAGE,1,automatic,c4d750a5-4dc4-5a35-83e2-dee4ca44aca1,f00b0aac-3beb-4286-92f6-cd99ee3af2bd,ocr_required,question_type,source_provided,True,True,SINGLE_CHOICE,SINGLE_CHOICE,matched,round1-import\t160-quality-20261007T013645Z-cd518eac\runs\t160-quality-20261007T013645Z-cd518eac-07-IMP-IMAGE-r1\result.json
t160-quality-20261007T013645Z-cd518eac-07-IMP-IMAGE-r1,IMP-IMAGE,1,automatic,c4d750a5-4dc4-5a35-83e2-dee4ca44aca1,f00b0aac-3beb-4286-92f6-cd99ee3af2bd,ocr_required,content,source_provided,True,True,y = 2x + 1，x = 3 时 y 为多少？,y = 2x + 1，x = 3 时 y 为多少？,matched,round1-import\t160-quality-20261007T013645Z-cd518eac\runs\t160-quality-20261007T013645Z-cd518eac-07-IMP-IMAGE-r1\result.json
t160-quality-20261007T013645Z-cd518eac-07-IMP-IMAGE-r1,IMP-IMAGE,1,automatic,c4d750a5-4dc4-5a35-83e2-dee4ca44aca1,f00b0aac-3beb-4286-92f6-cd99ee3af2bd,ocr_required,options,source_provided,True,True,"{""C"": ""7"", ""A"": ""5"", ""B"": ""6"", ""D"": ""8""}","{""C"": ""7"", ""A"": ""5"", ""B"": ""6"", ""D"": ""8""}",matched,round1-import\t160-quality-20261007T013645Z-cd518eac\runs\t160-quality-20261007T013645Z-cd518eac-07-IMP-IMAGE-r1\result.json
t160-quality-20261007T013645Z-cd518eac-07-IMP-IMAGE-r1,IMP-IMAGE,1,automatic,c4d750a5-4dc4-5a35-83e2-dee4ca44aca1,f00b0aac-3beb-4286-92f6-cd99ee3af2bd,ocr_required,reference_answer,source_provided,True,True,C,C,matched,round1-import\t160-quality-20261007T013645Z-cd518eac\runs\t160-quality-20261007T013645Z-cd518eac-07-IMP-IMAGE-r1\result.json
t160-quality-20261007T013645Z-cd518eac-07-IMP-IMAGE-r1,IMP-IMAGE,1,automatic,c4d750a5-4dc4-5a35-83e2-dee4ca44aca1,f00b0aac-3beb-4286-92f6-cd99ee3af2bd,ocr_required,analysis,source_provided,True,False,2 × 3 + 1 = 7。,2 × 3 +1=7。,matched,round1-import\t160-quality-20261007T013645Z-cd518eac\runs\t160-quality-20261007T013645Z-cd518eac-07-IMP-IMAGE-r1\result.json
t160-quality-20261007T013645Z-cd518eac-07-IMP-IMAGE-r1,IMP-IMAGE,1,automatic,c4d750a5-4dc4-5a35-83e2-dee4ca44aca1,f00b0aac-3beb-4286-92f6-cd99ee3af2bd,ocr_required,score,source_provided,True,True,2.00,2.00,matched,round1-import\t160-quality-20261007T013645Z-cd518eac\runs\t160-quality-20261007T013645Z-cd518eac-07-IMP-IMAGE-r1\result.json
t160-quality-20261007T013645Z-cd518eac-07-IMP-IMAGE-r1,IMP-IMAGE,1,automatic,c4d750a5-4dc4-5a35-83e2-dee4ca44aca1,f00b0aac-3beb-4286-92f6-cd99ee3af2bd,ocr_required,scoring_rubric,known_missing,True,True,,,matched,round1-import\t160-quality-20261007T013645Z-cd518eac\runs\t160-quality-20261007T013645Z-cd518eac-07-IMP-IMAGE-r1\result.json
t160-quality-20261007T013645Z-cd518eac-07-IMP-IMAGE-r1,IMP-IMAGE,1,automatic,c4d750a5-4dc4-5a35-83e2-dee4ca44aca1,f00b0aac-3beb-4286-92f6-cd99ee3af2bd,ocr_required,knowledge_points,known_missing,True,True,[],[],matched,round1-import\t160-quality-20261007T013645Z-cd518eac\runs\t160-quality-20261007T013645Z-cd518eac-07-IMP-IMAGE-r1\result.json
t160-quality-20261007T013645Z-cd518eac-07-IMP-IMAGE-r1,IMP-IMAGE,1,automatic,c4d750a5-4dc4-5a35-83e2-dee4ca44aca1,f00b0aac-3beb-4286-92f6-cd99ee3af2bd,ocr_required,source_regions,unknown,False,,,,reference_unknown,round1-import\t160-quality-20261007T013645Z-cd518eac\runs\t160-quality-20261007T013645Z-cd518eac-07-IMP-IMAGE-r1\result.json
t160-quality-20261007T013645Z-cd518eac-07-IMP-IMAGE-r1,IMP-IMAGE,1,automatic,c4d750a5-4dc4-5a35-83e2-dee4ca44aca1,f00b0aac-3beb-4286-92f6-cd99ee3af2bd,ocr_required,assets,source_provided,True,False,[],,matched,round1-import\t160-quality-20261007T013645Z-cd518eac\runs\t160-quality-20261007T013645Z-cd518eac-07-IMP-IMAGE-r1\result.json
t160-quality-20261007T013645Z-cd518eac-07-IMP-IMAGE-r1,IMP-IMAGE,1,automatic,e418791a-1462-52b7-98fe-396ce71b8d48,03919a84-75ca-4bfd-b330-7a665a266eb8,ocr_required,question_number,source_provided,True,True,2,2,matched,round1-import\t160-quality-20261007T013645Z-cd518eac\runs\t160-quality-20261007T013645Z-cd518eac-07-IMP-IMAGE-r1\result.json
t160-quality-20261007T013645Z-cd518eac-07-IMP-IMAGE-r1,IMP-IMAGE,1,automatic,e418791a-1462-52b7-98fe-396ce71b8d48,03919a84-75ca-4bfd-b330-7a665a266eb8,ocr_required,order_index,source_provided,True,True,2,2,matched,round1-import\t160-quality-20261007T013645Z-cd518eac\runs\t160-quality-20261007T013645Z-cd518eac-07-IMP-IMAGE-r1\result.json
t160-quality-20261007T013645Z-cd518eac-07-IMP-IMAGE-r1,IMP-IMAGE,1,automatic,e418791a-1462-52b7-98fe-396ce71b8d48,03919a84-75ca-4bfd-b330-7a665a266eb8,ocr_required,source_page_numbers,source_provided,True,True,[1],[1],matched,round1-import\t160-quality-20261007T013645Z-cd518eac\runs\t160-quality-20261007T013645Z-cd518eac-07-IMP-IMAGE-r1\result.json
t160-quality-20261007T013645Z-cd518eac-07-IMP-IMAGE-r1,IMP-IMAGE,1,automatic,e418791a-1462-52b7-98fe-396ce71b8d48,03919a84-75ca-4bfd-b330-7a665a266eb8,ocr_required,question_type,source_provided,True,True,TRUE_FALSE,TRUE_FALSE,matched,round1-import\t160-quality-20261007T013645Z-cd518eac\runs\t160-quality-20261007T013645Z-cd518eac-07-IMP-IMAGE-r1\result.json
t160-quality-20261007T013645Z-cd518eac-07-IMP-IMAGE-r1,IMP-IMAGE,1,automatic,e418791a-1462-52b7-98fe-396ce71b8d48,03919a84-75ca-4bfd-b330-7a665a266eb8,ocr_required,content,source_provided,True,False,右图三角形面积为 24 cm²。,右图三角形面积为24cm²。,matched,round1-import\t160-quality-20261007T013645Z-cd518eac\runs\t160-quality-20261007T013645Z-cd518eac-07-IMP-IMAGE-r1\result.json
t160-quality-20261007T013645Z-cd518eac-07-IMP-IMAGE-r1,IMP-IMAGE,1,automatic,e418791a-1462-52b7-98fe-396ce71b8d48,03919a84-75ca-4bfd-b330-7a665a266eb8,ocr_required,options,source_provided,True,True,"[""正确"", ""错误""]","[""正确"", ""错误""]",matched,round1-import\t160-quality-20261007T013645Z-cd518eac\runs\t160-quality-20261007T013645Z-cd518eac-07-IMP-IMAGE-r1\result.json
t160-quality-20261007T013645Z-cd518eac-07-IMP-IMAGE-r1,IMP-IMAGE,1,automatic,e418791a-1462-52b7-98fe-396ce71b8d48,03919a84-75ca-4bfd-b330-7a665a266eb8,ocr_required,reference_answer,known_missing,True,True,,,matched,round1-import\t160-quality-20261007T013645Z-cd518eac\runs\t160-quality-20261007T013645Z-cd518eac-07-IMP-IMAGE-r1\result.json
t160-quality-20261007T013645Z-cd518eac-07-IMP-IMAGE-r1,IMP-IMAGE,1,automatic,e418791a-1462-52b7-98fe-396ce71b8d48,03919a84-75ca-4bfd-b330-7a665a266eb8,ocr_required,analysis,known_missing,True,True,,,matched,round1-import\t160-quality-20261007T013645Z-cd518eac\runs\t160-quality-20261007T013645Z-cd518eac-07-IMP-IMAGE-r1\result.json
t160-quality-20261007T013645Z-cd518eac-07-IMP-IMAGE-r1,IMP-IMAGE,1,automatic,e418791a-1462-52b7-98fe-396ce71b8d48,03919a84-75ca-4bfd-b330-7a665a266eb8,ocr_required,score,source_provided,True,True,2.00,2.00,matched,round1-import\t160-quality-20261007T013645Z-cd518eac\runs\t160-quality-20261007T013645Z-cd518eac-07-IMP-IMAGE-r1\result.json
t160-quality-20261007T013645Z-cd518eac-07-IMP-IMAGE-r1,IMP-IMAGE,1,automatic,e418791a-1462-52b7-98fe-396ce71b8d48,03919a84-75ca-4bfd-b330-7a665a266eb8,ocr_required,scoring_rubric,known_missing,True,True,,,matched,round1-import\t160-quality-20261007T013645Z-cd518eac\runs\t160-quality-20261007T013645Z-cd518eac-07-IMP-IMAGE-r1\result.json
t160-quality-20261007T013645Z-cd518eac-07-IMP-IMAGE-r1,IMP-IMAGE,1,automatic,e418791a-1462-52b7-98fe-396ce71b8d48,03919a84-75ca-4bfd-b330-7a665a266eb8,ocr_required,knowledge_points,known_missing,True,True,[],[],matched,round1-import\t160-quality-20261007T013645Z-cd518eac\runs\t160-quality-20261007T013645Z-cd518eac-07-IMP-IMAGE-r1\result.json
t160-quality-20261007T013645Z-cd518eac-07-IMP-IMAGE-r1,IMP-IMAGE,1,automatic,e418791a-1462-52b7-98fe-396ce71b8d48,03919a84-75ca-4bfd-b330-7a665a266eb8,ocr_required,source_regions,unknown,False,,,,reference_unknown,round1-import\t160-quality-20261007T013645Z-cd518eac\runs\t160-quality-20261007T013645Z-cd518eac-07-IMP-IMAGE-r1\result.json
t160-quality-20261007T013645Z-cd518eac-07-IMP-IMAGE-r1,IMP-IMAGE,1,automatic,e418791a-1462-52b7-98fe-396ce71b8d48,03919a84-75ca-4bfd-b330-7a665a266eb8,ocr_required,assets,source_provided,True,False,"[{""asset_type"": ""figure"", ""source_page_number"": 1, ""order_index"": 1}]",,matched,round1-import\t160-quality-20261007T013645Z-cd518eac\runs\t160-quality-20261007T013645Z-cd518eac-07-IMP-IMAGE-r1\result.json
t160-quality-20261007T013645Z-cd518eac-07-IMP-IMAGE-r1,IMP-IMAGE,1,automatic,e5c1555f-e927-575c-b68c-85eb341a3202,94a47554-2879-444a-97b0-c7628517c6fa,ocr_required,question_number,source_provided,True,True,3,3,matched,round1-import\t160-quality-20261007T013645Z-cd518eac\runs\t160-quality-20261007T013645Z-cd518eac-07-IMP-IMAGE-r1\result.json
t160-quality-20261007T013645Z-cd518eac-07-IMP-IMAGE-r1,IMP-IMAGE,1,automatic,e5c1555f-e927-575c-b68c-85eb341a3202,94a47554-2879-444a-97b0-c7628517c6fa,ocr_required,order_index,source_provided,True,True,3,3,matched,round1-import\t160-quality-20261007T013645Z-cd518eac\runs\t160-quality-20261007T013645Z-cd518eac-07-IMP-IMAGE-r1\result.json
t160-quality-20261007T013645Z-cd518eac-07-IMP-IMAGE-r1,IMP-IMAGE,1,automatic,e5c1555f-e927-575c-b68c-85eb341a3202,94a47554-2879-444a-97b0-c7628517c6fa,ocr_required,source_page_numbers,source_provided,True,True,[1],[1],matched,round1-import\t160-quality-20261007T013645Z-cd518eac\runs\t160-quality-20261007T013645Z-cd518eac-07-IMP-IMAGE-r1\result.json
t160-quality-20261007T013645Z-cd518eac-07-IMP-IMAGE-r1,IMP-IMAGE,1,automatic,e5c1555f-e927-575c-b68c-85eb341a3202,94a47554-2879-444a-97b0-c7628517c6fa,ocr_required,question_type,source_provided,True,True,SHORT_ANSWER,SHORT_ANSWER,matched,round1-import\t160-quality-20261007T013645Z-cd518eac\runs\t160-quality-20261007T013645Z-cd518eac-07-IMP-IMAGE-r1\result.json
t160-quality-20261007T013645Z-cd518eac-07-IMP-IMAGE-r1,IMP-IMAGE,1,automatic,e5c1555f-e927-575c-b68c-85eb341a3202,94a47554-2879-444a-97b0-c7628517c6fa,ocr_required,content,source_provided,True,True,根据下表写出 y 关于 x 的关系式。,根据下表写出 y 关于 x 的关系式。,matched,round1-import\t160-quality-20261007T013645Z-cd518eac\runs\t160-quality-20261007T013645Z-cd518eac-07-IMP-IMAGE-r1\result.json
t160-quality-20261007T013645Z-cd518eac-07-IMP-IMAGE-r1,IMP-IMAGE,1,automatic,e5c1555f-e927-575c-b68c-85eb341a3202,94a47554-2879-444a-97b0-c7628517c6fa,ocr_required,options,not_applicable,True,True,,,matched,round1-import\t160-quality-20261007T013645Z-cd518eac\runs\t160-quality-20261007T013645Z-cd518eac-07-IMP-IMAGE-r1\result.json
t160-quality-20261007T013645Z-cd518eac-07-IMP-IMAGE-r1,IMP-IMAGE,1,automatic,e5c1555f-e927-575c-b68c-85eb341a3202,94a47554-2879-444a-97b0-c7628517c6fa,ocr_required,reference_answer,known_missing,True,True,,,matched,round1-import\t160-quality-20261007T013645Z-cd518eac\runs\t160-quality-20261007T013645Z-cd518eac-07-IMP-IMAGE-r1\result.json
t160-quality-20261007T013645Z-cd518eac-07-IMP-IMAGE-r1,IMP-IMAGE,1,automatic,e5c1555f-e927-575c-b68c-85eb341a3202,94a47554-2879-444a-97b0-c7628517c6fa,ocr_required,analysis,known_missing,True,True,,,matched,round1-import\t160-quality-20261007T013645Z-cd518eac\runs\t160-quality-20261007T013645Z-cd518eac-07-IMP-IMAGE-r1\result.json
t160-quality-20261007T013645Z-cd518eac-07-IMP-IMAGE-r1,IMP-IMAGE,1,automatic,e5c1555f-e927-575c-b68c-85eb341a3202,94a47554-2879-444a-97b0-c7628517c6fa,ocr_required,score,source_provided,True,True,3.00,3.00,matched,round1-import\t160-quality-20261007T013645Z-cd518eac\runs\t160-quality-20261007T013645Z-cd518eac-07-IMP-IMAGE-r1\result.json
t160-quality-20261007T013645Z-cd518eac-07-IMP-IMAGE-r1,IMP-IMAGE,1,automatic,e5c1555f-e927-575c-b68c-85eb341a3202,94a47554-2879-444a-97b0-c7628517c6fa,ocr_required,scoring_rubric,source_provided,True,False,正确关系式 1.00；说明代入过程 2.00。,正确关系式1.00；说明代入过程2.00。,matched,round1-import\t160-quality-20261007T013645Z-cd518eac\runs\t160-quality-20261007T013645Z-cd518eac-07-IMP-IMAGE-r1\result.json
t160-quality-20261007T013645Z-cd518eac-07-IMP-IMAGE-r1,IMP-IMAGE,1,automatic,e5c1555f-e927-575c-b68c-85eb341a3202,94a47554-2879-444a-97b0-c7628517c6fa,ocr_required,knowledge_points,source_provided,True,True,"[""一次函数"", ""表达与计算""]","[""一次函数"", ""表达与计算""]",matched,round1-import\t160-quality-20261007T013645Z-cd518eac\runs\t160-quality-20261007T013645Z-cd518eac-07-IMP-IMAGE-r1\result.json
t160-quality-20261007T013645Z-cd518eac-07-IMP-IMAGE-r1,IMP-IMAGE,1,automatic,e5c1555f-e927-575c-b68c-85eb341a3202,94a47554-2879-444a-97b0-c7628517c6fa,ocr_required,source_regions,unknown,False,,,,reference_unknown,round1-import\t160-quality-20261007T013645Z-cd518eac\runs\t160-quality-20261007T013645Z-cd518eac-07-IMP-IMAGE-r1\result.json
t160-quality-20261007T013645Z-cd518eac-07-IMP-IMAGE-r1,IMP-IMAGE,1,automatic,e5c1555f-e927-575c-b68c-85eb341a3202,94a47554-2879-444a-97b0-c7628517c6fa,ocr_required,assets,source_provided,True,False,"[{""asset_type"": ""table"", ""source_page_number"": 1, ""order_index"": 1}]",,matched,round1-import\t160-quality-20261007T013645Z-cd518eac\runs\t160-quality-20261007T013645Z-cd518eac-07-IMP-IMAGE-r1\result.json
t160-quality-20261007T013645Z-cd518eac-08-IMP-IMAGE-r2,IMP-IMAGE,2,automatic,c4d750a5-4dc4-5a35-83e2-dee4ca44aca1,6edbe62e-332b-47d6-b86f-cd7fd7a475b6,ocr_required,question_number,source_provided,True,True,1,1,matched,round1-import\t160-quality-20261007T013645Z-cd518eac\runs\t160-quality-20261007T013645Z-cd518eac-08-IMP-IMAGE-r2\result.json
t160-quality-20261007T013645Z-cd518eac-08-IMP-IMAGE-r2,IMP-IMAGE,2,automatic,c4d750a5-4dc4-5a35-83e2-dee4ca44aca1,6edbe62e-332b-47d6-b86f-cd7fd7a475b6,ocr_required,order_index,source_provided,True,True,1,1,matched,round1-import\t160-quality-20261007T013645Z-cd518eac\runs\t160-quality-20261007T013645Z-cd518eac-08-IMP-IMAGE-r2\result.json
t160-quality-20261007T013645Z-cd518eac-08-IMP-IMAGE-r2,IMP-IMAGE,2,automatic,c4d750a5-4dc4-5a35-83e2-dee4ca44aca1,6edbe62e-332b-47d6-b86f-cd7fd7a475b6,ocr_required,source_page_numbers,source_provided,True,True,[1],[1],matched,round1-import\t160-quality-20261007T013645Z-cd518eac\runs\t160-quality-20261007T013645Z-cd518eac-08-IMP-IMAGE-r2\result.json
t160-quality-20261007T013645Z-cd518eac-08-IMP-IMAGE-r2,IMP-IMAGE,2,automatic,c4d750a5-4dc4-5a35-83e2-dee4ca44aca1,6edbe62e-332b-47d6-b86f-cd7fd7a475b6,ocr_required,question_type,source_provided,True,True,SINGLE_CHOICE,SINGLE_CHOICE,matched,round1-import\t160-quality-20261007T013645Z-cd518eac\runs\t160-quality-20261007T013645Z-cd518eac-08-IMP-IMAGE-r2\result.json
t160-quality-20261007T013645Z-cd518eac-08-IMP-IMAGE-r2,IMP-IMAGE,2,automatic,c4d750a5-4dc4-5a35-83e2-dee4ca44aca1,6edbe62e-332b-47d6-b86f-cd7fd7a475b6,ocr_required,content,source_provided,True,True,y = 2x + 1，x = 3 时 y 为多少？,y = 2x + 1，x = 3 时 y 为多少？,matched,round1-import\t160-quality-20261007T013645Z-cd518eac\runs\t160-quality-20261007T013645Z-cd518eac-08-IMP-IMAGE-r2\result.json
t160-quality-20261007T013645Z-cd518eac-08-IMP-IMAGE-r2,IMP-IMAGE,2,automatic,c4d750a5-4dc4-5a35-83e2-dee4ca44aca1,6edbe62e-332b-47d6-b86f-cd7fd7a475b6,ocr_required,options,source_provided,True,True,"{""C"": ""7"", ""A"": ""5"", ""B"": ""6"", ""D"": ""8""}","{""C"": ""7"", ""A"": ""5"", ""B"": ""6"", ""D"": ""8""}",matched,round1-import\t160-quality-20261007T013645Z-cd518eac\runs\t160-quality-20261007T013645Z-cd518eac-08-IMP-IMAGE-r2\result.json
t160-quality-20261007T013645Z-cd518eac-08-IMP-IMAGE-r2,IMP-IMAGE,2,automatic,c4d750a5-4dc4-5a35-83e2-dee4ca44aca1,6edbe62e-332b-47d6-b86f-cd7fd7a475b6,ocr_required,reference_answer,source_provided,True,True,C,C,matched,round1-import\t160-quality-20261007T013645Z-cd518eac\runs\t160-quality-20261007T013645Z-cd518eac-08-IMP-IMAGE-r2\result.json
t160-quality-20261007T013645Z-cd518eac-08-IMP-IMAGE-r2,IMP-IMAGE,2,automatic,c4d750a5-4dc4-5a35-83e2-dee4ca44aca1,6edbe62e-332b-47d6-b86f-cd7fd7a475b6,ocr_required,analysis,source_provided,True,False,2 × 3 + 1 = 7。,2 × 3 +1=7。,matched,round1-import\t160-quality-20261007T013645Z-cd518eac\runs\t160-quality-20261007T013645Z-cd518eac-08-IMP-IMAGE-r2\result.json
t160-quality-20261007T013645Z-cd518eac-08-IMP-IMAGE-r2,IMP-IMAGE,2,automatic,c4d750a5-4dc4-5a35-83e2-dee4ca44aca1,6edbe62e-332b-47d6-b86f-cd7fd7a475b6,ocr_required,score,source_provided,True,True,2.00,2.00,matched,round1-import\t160-quality-20261007T013645Z-cd518eac\runs\t160-quality-20261007T013645Z-cd518eac-08-IMP-IMAGE-r2\result.json
t160-quality-20261007T013645Z-cd518eac-08-IMP-IMAGE-r2,IMP-IMAGE,2,automatic,c4d750a5-4dc4-5a35-83e2-dee4ca44aca1,6edbe62e-332b-47d6-b86f-cd7fd7a475b6,ocr_required,scoring_rubric,known_missing,True,True,,,matched,round1-import\t160-quality-20261007T013645Z-cd518eac\runs\t160-quality-20261007T013645Z-cd518eac-08-IMP-IMAGE-r2\result.json
t160-quality-20261007T013645Z-cd518eac-08-IMP-IMAGE-r2,IMP-IMAGE,2,automatic,c4d750a5-4dc4-5a35-83e2-dee4ca44aca1,6edbe62e-332b-47d6-b86f-cd7fd7a475b6,ocr_required,knowledge_points,known_missing,True,True,[],[],matched,round1-import\t160-quality-20261007T013645Z-cd518eac\runs\t160-quality-20261007T013645Z-cd518eac-08-IMP-IMAGE-r2\result.json
t160-quality-20261007T013645Z-cd518eac-08-IMP-IMAGE-r2,IMP-IMAGE,2,automatic,c4d750a5-4dc4-5a35-83e2-dee4ca44aca1,6edbe62e-332b-47d6-b86f-cd7fd7a475b6,ocr_required,source_regions,unknown,False,,,,reference_unknown,round1-import\t160-quality-20261007T013645Z-cd518eac\runs\t160-quality-20261007T013645Z-cd518eac-08-IMP-IMAGE-r2\result.json
t160-quality-20261007T013645Z-cd518eac-08-IMP-IMAGE-r2,IMP-IMAGE,2,automatic,c4d750a5-4dc4-5a35-83e2-dee4ca44aca1,6edbe62e-332b-47d6-b86f-cd7fd7a475b6,ocr_required,assets,source_provided,True,False,[],,matched,round1-import\t160-quality-20261007T013645Z-cd518eac\runs\t160-quality-20261007T013645Z-cd518eac-08-IMP-IMAGE-r2\result.json
t160-quality-20261007T013645Z-cd518eac-08-IMP-IMAGE-r2,IMP-IMAGE,2,automatic,e418791a-1462-52b7-98fe-396ce71b8d48,bc0f63cb-cd9b-40e6-82d5-86f8ca8f2a66,ocr_required,question_number,source_provided,True,True,2,2,matched,round1-import\t160-quality-20261007T013645Z-cd518eac\runs\t160-quality-20261007T013645Z-cd518eac-08-IMP-IMAGE-r2\result.json
t160-quality-20261007T013645Z-cd518eac-08-IMP-IMAGE-r2,IMP-IMAGE,2,automatic,e418791a-1462-52b7-98fe-396ce71b8d48,bc0f63cb-cd9b-40e6-82d5-86f8ca8f2a66,ocr_required,order_index,source_provided,True,True,2,2,matched,round1-import\t160-quality-20261007T013645Z-cd518eac\runs\t160-quality-20261007T013645Z-cd518eac-08-IMP-IMAGE-r2\result.json
t160-quality-20261007T013645Z-cd518eac-08-IMP-IMAGE-r2,IMP-IMAGE,2,automatic,e418791a-1462-52b7-98fe-396ce71b8d48,bc0f63cb-cd9b-40e6-82d5-86f8ca8f2a66,ocr_required,source_page_numbers,source_provided,True,True,[1],[1],matched,round1-import\t160-quality-20261007T013645Z-cd518eac\runs\t160-quality-20261007T013645Z-cd518eac-08-IMP-IMAGE-r2\result.json
t160-quality-20261007T013645Z-cd518eac-08-IMP-IMAGE-r2,IMP-IMAGE,2,automatic,e418791a-1462-52b7-98fe-396ce71b8d48,bc0f63cb-cd9b-40e6-82d5-86f8ca8f2a66,ocr_required,question_type,source_provided,True,True,TRUE_FALSE,TRUE_FALSE,matched,round1-import\t160-quality-20261007T013645Z-cd518eac\runs\t160-quality-20261007T013645Z-cd518eac-08-IMP-IMAGE-r2\result.json
t160-quality-20261007T013645Z-cd518eac-08-IMP-IMAGE-r2,IMP-IMAGE,2,automatic,e418791a-1462-52b7-98fe-396ce71b8d48,bc0f63cb-cd9b-40e6-82d5-86f8ca8f2a66,ocr_required,content,source_provided,True,False,右图三角形面积为 24 cm²。,右图三角形面积为 24cm²。,matched,round1-import\t160-quality-20261007T013645Z-cd518eac\runs\t160-quality-20261007T013645Z-cd518eac-08-IMP-IMAGE-r2\result.json
t160-quality-20261007T013645Z-cd518eac-08-IMP-IMAGE-r2,IMP-IMAGE,2,automatic,e418791a-1462-52b7-98fe-396ce71b8d48,bc0f63cb-cd9b-40e6-82d5-86f8ca8f2a66,ocr_required,options,source_provided,True,True,"[""正确"", ""错误""]","[""正确"", ""错误""]",matched,round1-import\t160-quality-20261007T013645Z-cd518eac\runs\t160-quality-20261007T013645Z-cd518eac-08-IMP-IMAGE-r2\result.json
t160-quality-20261007T013645Z-cd518eac-08-IMP-IMAGE-r2,IMP-IMAGE,2,automatic,e418791a-1462-52b7-98fe-396ce71b8d48,bc0f63cb-cd9b-40e6-82d5-86f8ca8f2a66,ocr_required,reference_answer,known_missing,True,True,,,matched,round1-import\t160-quality-20261007T013645Z-cd518eac\runs\t160-quality-20261007T013645Z-cd518eac-08-IMP-IMAGE-r2\result.json
t160-quality-20261007T013645Z-cd518eac-08-IMP-IMAGE-r2,IMP-IMAGE,2,automatic,e418791a-1462-52b7-98fe-396ce71b8d48,bc0f63cb-cd9b-40e6-82d5-86f8ca8f2a66,ocr_required,analysis,known_missing,True,True,,,matched,round1-import\t160-quality-20261007T013645Z-cd518eac\runs\t160-quality-20261007T013645Z-cd518eac-08-IMP-IMAGE-r2\result.json
t160-quality-20261007T013645Z-cd518eac-08-IMP-IMAGE-r2,IMP-IMAGE,2,automatic,e418791a-1462-52b7-98fe-396ce71b8d48,bc0f63cb-cd9b-40e6-82d5-86f8ca8f2a66,ocr_required,score,source_provided,True,True,2.00,2.00,matched,round1-import\t160-quality-20261007T013645Z-cd518eac\runs\t160-quality-20261007T013645Z-cd518eac-08-IMP-IMAGE-r2\result.json
t160-quality-20261007T013645Z-cd518eac-08-IMP-IMAGE-r2,IMP-IMAGE,2,automatic,e418791a-1462-52b7-98fe-396ce71b8d48,bc0f63cb-cd9b-40e6-82d5-86f8ca8f2a66,ocr_required,scoring_rubric,known_missing,True,True,,,matched,round1-import\t160-quality-20261007T013645Z-cd518eac\runs\t160-quality-20261007T013645Z-cd518eac-08-IMP-IMAGE-r2\result.json
t160-quality-20261007T013645Z-cd518eac-08-IMP-IMAGE-r2,IMP-IMAGE,2,automatic,e418791a-1462-52b7-98fe-396ce71b8d48,bc0f63cb-cd9b-40e6-82d5-86f8ca8f2a66,ocr_required,knowledge_points,known_missing,True,True,[],[],matched,round1-import\t160-quality-20261007T013645Z-cd518eac\runs\t160-quality-20261007T013645Z-cd518eac-08-IMP-IMAGE-r2\result.json
t160-quality-20261007T013645Z-cd518eac-08-IMP-IMAGE-r2,IMP-IMAGE,2,automatic,e418791a-1462-52b7-98fe-396ce71b8d48,bc0f63cb-cd9b-40e6-82d5-86f8ca8f2a66,ocr_required,source_regions,unknown,False,,,,reference_unknown,round1-import\t160-quality-20261007T013645Z-cd518eac\runs\t160-quality-20261007T013645Z-cd518eac-08-IMP-IMAGE-r2\result.json
t160-quality-20261007T013645Z-cd518eac-08-IMP-IMAGE-r2,IMP-IMAGE,2,automatic,e418791a-1462-52b7-98fe-396ce71b8d48,bc0f63cb-cd9b-40e6-82d5-86f8ca8f2a66,ocr_required,assets,source_provided,True,False,"[{""asset_type"": ""figure"", ""source_page_number"": 1, ""order_index"": 1}]",,matched,round1-import\t160-quality-20261007T013645Z-cd518eac\runs\t160-quality-20261007T013645Z-cd518eac-08-IMP-IMAGE-r2\result.json
t160-quality-20261007T013645Z-cd518eac-08-IMP-IMAGE-r2,IMP-IMAGE,2,automatic,e5c1555f-e927-575c-b68c-85eb341a3202,910757ce-44e7-4c53-87ec-a8fe7938fc6b,ocr_required,question_number,source_provided,True,True,3,3,matched,round1-import\t160-quality-20261007T013645Z-cd518eac\runs\t160-quality-20261007T013645Z-cd518eac-08-IMP-IMAGE-r2\result.json
t160-quality-20261007T013645Z-cd518eac-08-IMP-IMAGE-r2,IMP-IMAGE,2,automatic,e5c1555f-e927-575c-b68c-85eb341a3202,910757ce-44e7-4c53-87ec-a8fe7938fc6b,ocr_required,order_index,source_provided,True,True,3,3,matched,round1-import\t160-quality-20261007T013645Z-cd518eac\runs\t160-quality-20261007T013645Z-cd518eac-08-IMP-IMAGE-r2\result.json
t160-quality-20261007T013645Z-cd518eac-08-IMP-IMAGE-r2,IMP-IMAGE,2,automatic,e5c1555f-e927-575c-b68c-85eb341a3202,910757ce-44e7-4c53-87ec-a8fe7938fc6b,ocr_required,source_page_numbers,source_provided,True,True,[1],[1],matched,round1-import\t160-quality-20261007T013645Z-cd518eac\runs\t160-quality-20261007T013645Z-cd518eac-08-IMP-IMAGE-r2\result.json
t160-quality-20261007T013645Z-cd518eac-08-IMP-IMAGE-r2,IMP-IMAGE,2,automatic,e5c1555f-e927-575c-b68c-85eb341a3202,910757ce-44e7-4c53-87ec-a8fe7938fc6b,ocr_required,question_type,source_provided,True,True,SHORT_ANSWER,SHORT_ANSWER,matched,round1-import\t160-quality-20261007T013645Z-cd518eac\runs\t160-quality-20261007T013645Z-cd518eac-08-IMP-IMAGE-r2\result.json
t160-quality-20261007T013645Z-cd518eac-08-IMP-IMAGE-r2,IMP-IMAGE,2,automatic,e5c1555f-e927-575c-b68c-85eb341a3202,910757ce-44e7-4c53-87ec-a8fe7938fc6b,ocr_required,content,source_provided,True,True,根据下表写出 y 关于 x 的关系式。,根据下表写出 y 关于 x 的关系式。,matched,round1-import\t160-quality-20261007T013645Z-cd518eac\runs\t160-quality-20261007T013645Z-cd518eac-08-IMP-IMAGE-r2\result.json
t160-quality-20261007T013645Z-cd518eac-08-IMP-IMAGE-r2,IMP-IMAGE,2,automatic,e5c1555f-e927-575c-b68c-85eb341a3202,910757ce-44e7-4c53-87ec-a8fe7938fc6b,ocr_required,options,not_applicable,True,True,,,matched,round1-import\t160-quality-20261007T013645Z-cd518eac\runs\t160-quality-20261007T013645Z-cd518eac-08-IMP-IMAGE-r2\result.json
t160-quality-20261007T013645Z-cd518eac-08-IMP-IMAGE-r2,IMP-IMAGE,2,automatic,e5c1555f-e927-575c-b68c-85eb341a3202,910757ce-44e7-4c53-87ec-a8fe7938fc6b,ocr_required,reference_answer,known_missing,True,True,,,matched,round1-import\t160-quality-20261007T013645Z-cd518eac\runs\t160-quality-20261007T013645Z-cd518eac-08-IMP-IMAGE-r2\result.json
t160-quality-20261007T013645Z-cd518eac-08-IMP-IMAGE-r2,IMP-IMAGE,2,automatic,e5c1555f-e927-575c-b68c-85eb341a3202,910757ce-44e7-4c53-87ec-a8fe7938fc6b,ocr_required,analysis,known_missing,True,True,,,matched,round1-import\t160-quality-20261007T013645Z-cd518eac\runs\t160-quality-20261007T013645Z-cd518eac-08-IMP-IMAGE-r2\result.json
t160-quality-20261007T013645Z-cd518eac-08-IMP-IMAGE-r2,IMP-IMAGE,2,automatic,e5c1555f-e927-575c-b68c-85eb341a3202,910757ce-44e7-4c53-87ec-a8fe7938fc6b,ocr_required,score,source_provided,True,True,3.00,3.00,matched,round1-import\t160-quality-20261007T013645Z-cd518eac\runs\t160-quality-20261007T013645Z-cd518eac-08-IMP-IMAGE-r2\result.json
t160-quality-20261007T013645Z-cd518eac-08-IMP-IMAGE-r2,IMP-IMAGE,2,automatic,e5c1555f-e927-575c-b68c-85eb341a3202,910757ce-44e7-4c53-87ec-a8fe7938fc6b,ocr_required,scoring_rubric,source_provided,True,False,正确关系式 1.00；说明代入过程 2.00。,正确关系式1.00；说明代入过程2.00。,matched,round1-import\t160-quality-20261007T013645Z-cd518eac\runs\t160-quality-20261007T013645Z-cd518eac-08-IMP-IMAGE-r2\result.json
t160-quality-20261007T013645Z-cd518eac-08-IMP-IMAGE-r2,IMP-IMAGE,2,automatic,e5c1555f-e927-575c-b68c-85eb341a3202,910757ce-44e7-4c53-87ec-a8fe7938fc6b,ocr_required,knowledge_points,source_provided,True,True,"[""一次函数"", ""表达与计算""]","[""一次函数"", ""表达与计算""]",matched,round1-import\t160-quality-20261007T013645Z-cd518eac\runs\t160-quality-20261007T013645Z-cd518eac-08-IMP-IMAGE-r2\result.json
t160-quality-20261007T013645Z-cd518eac-08-IMP-IMAGE-r2,IMP-IMAGE,2,automatic,e5c1555f-e927-575c-b68c-85eb341a3202,910757ce-44e7-4c53-87ec-a8fe7938fc6b,ocr_required,source_regions,unknown,False,,,,reference_unknown,round1-import\t160-quality-20261007T013645Z-cd518eac\runs\t160-quality-20261007T013645Z-cd518eac-08-IMP-IMAGE-r2\result.json
t160-quality-20261007T013645Z-cd518eac-08-IMP-IMAGE-r2,IMP-IMAGE,2,automatic,e5c1555f-e927-575c-b68c-85eb341a3202,910757ce-44e7-4c53-87ec-a8fe7938fc6b,ocr_required,assets,source_provided,True,False,"[{""asset_type"": ""table"", ""source_page_number"": 1, ""order_index"": 1}]",,matched,round1-import\t160-quality-20261007T013645Z-cd518eac\runs\t160-quality-20261007T013645Z-cd518eac-08-IMP-IMAGE-r2\result.json
t160-quality-20261007T013645Z-cd518eac-09-IMP-IMAGE-r3,IMP-IMAGE,3,automatic,c4d750a5-4dc4-5a35-83e2-dee4ca44aca1,8e363e89-a7c0-439d-a97a-be32c5efe2e8,ocr_required,question_number,source_provided,True,True,1,1,matched,round1-import\t160-quality-20261007T013645Z-cd518eac\runs\t160-quality-20261007T013645Z-cd518eac-09-IMP-IMAGE-r3\result.json
t160-quality-20261007T013645Z-cd518eac-09-IMP-IMAGE-r3,IMP-IMAGE,3,automatic,c4d750a5-4dc4-5a35-83e2-dee4ca44aca1,8e363e89-a7c0-439d-a97a-be32c5efe2e8,ocr_required,order_index,source_provided,True,True,1,1,matched,round1-import\t160-quality-20261007T013645Z-cd518eac\runs\t160-quality-20261007T013645Z-cd518eac-09-IMP-IMAGE-r3\result.json
t160-quality-20261007T013645Z-cd518eac-09-IMP-IMAGE-r3,IMP-IMAGE,3,automatic,c4d750a5-4dc4-5a35-83e2-dee4ca44aca1,8e363e89-a7c0-439d-a97a-be32c5efe2e8,ocr_required,source_page_numbers,source_provided,True,True,[1],[1],matched,round1-import\t160-quality-20261007T013645Z-cd518eac\runs\t160-quality-20261007T013645Z-cd518eac-09-IMP-IMAGE-r3\result.json
t160-quality-20261007T013645Z-cd518eac-09-IMP-IMAGE-r3,IMP-IMAGE,3,automatic,c4d750a5-4dc4-5a35-83e2-dee4ca44aca1,8e363e89-a7c0-439d-a97a-be32c5efe2e8,ocr_required,question_type,source_provided,True,True,SINGLE_CHOICE,SINGLE_CHOICE,matched,round1-import\t160-quality-20261007T013645Z-cd518eac\runs\t160-quality-20261007T013645Z-cd518eac-09-IMP-IMAGE-r3\result.json
t160-quality-20261007T013645Z-cd518eac-09-IMP-IMAGE-r3,IMP-IMAGE,3,automatic,c4d750a5-4dc4-5a35-83e2-dee4ca44aca1,8e363e89-a7c0-439d-a97a-be32c5efe2e8,ocr_required,content,source_provided,True,True,y = 2x + 1，x = 3 时 y 为多少？,y = 2x + 1，x = 3 时 y 为多少？,matched,round1-import\t160-quality-20261007T013645Z-cd518eac\runs\t160-quality-20261007T013645Z-cd518eac-09-IMP-IMAGE-r3\result.json
t160-quality-20261007T013645Z-cd518eac-09-IMP-IMAGE-r3,IMP-IMAGE,3,automatic,c4d750a5-4dc4-5a35-83e2-dee4ca44aca1,8e363e89-a7c0-439d-a97a-be32c5efe2e8,ocr_required,options,source_provided,True,True,"{""C"": ""7"", ""A"": ""5"", ""B"": ""6"", ""D"": ""8""}","{""C"": ""7"", ""A"": ""5"", ""B"": ""6"", ""D"": ""8""}",matched,round1-import\t160-quality-20261007T013645Z-cd518eac\runs\t160-quality-20261007T013645Z-cd518eac-09-IMP-IMAGE-r3\result.json
t160-quality-20261007T013645Z-cd518eac-09-IMP-IMAGE-r3,IMP-IMAGE,3,automatic,c4d750a5-4dc4-5a35-83e2-dee4ca44aca1,8e363e89-a7c0-439d-a97a-be32c5efe2e8,ocr_required,reference_answer,source_provided,True,True,C,C,matched,round1-import\t160-quality-20261007T013645Z-cd518eac\runs\t160-quality-20261007T013645Z-cd518eac-09-IMP-IMAGE-r3\result.json
t160-quality-20261007T013645Z-cd518eac-09-IMP-IMAGE-r3,IMP-IMAGE,3,automatic,c4d750a5-4dc4-5a35-83e2-dee4ca44aca1,8e363e89-a7c0-439d-a97a-be32c5efe2e8,ocr_required,analysis,source_provided,True,False,2 × 3 + 1 = 7。,2 × 3 +1=7。,matched,round1-import\t160-quality-20261007T013645Z-cd518eac\runs\t160-quality-20261007T013645Z-cd518eac-09-IMP-IMAGE-r3\result.json
t160-quality-20261007T013645Z-cd518eac-09-IMP-IMAGE-r3,IMP-IMAGE,3,automatic,c4d750a5-4dc4-5a35-83e2-dee4ca44aca1,8e363e89-a7c0-439d-a97a-be32c5efe2e8,ocr_required,score,source_provided,True,True,2.00,2.00,matched,round1-import\t160-quality-20261007T013645Z-cd518eac\runs\t160-quality-20261007T013645Z-cd518eac-09-IMP-IMAGE-r3\result.json
t160-quality-20261007T013645Z-cd518eac-09-IMP-IMAGE-r3,IMP-IMAGE,3,automatic,c4d750a5-4dc4-5a35-83e2-dee4ca44aca1,8e363e89-a7c0-439d-a97a-be32c5efe2e8,ocr_required,scoring_rubric,known_missing,True,True,,,matched,round1-import\t160-quality-20261007T013645Z-cd518eac\runs\t160-quality-20261007T013645Z-cd518eac-09-IMP-IMAGE-r3\result.json
t160-quality-20261007T013645Z-cd518eac-09-IMP-IMAGE-r3,IMP-IMAGE,3,automatic,c4d750a5-4dc4-5a35-83e2-dee4ca44aca1,8e363e89-a7c0-439d-a97a-be32c5efe2e8,ocr_required,knowledge_points,known_missing,True,False,[],,matched,round1-import\t160-quality-20261007T013645Z-cd518eac\runs\t160-quality-20261007T013645Z-cd518eac-09-IMP-IMAGE-r3\result.json
t160-quality-20261007T013645Z-cd518eac-09-IMP-IMAGE-r3,IMP-IMAGE,3,automatic,c4d750a5-4dc4-5a35-83e2-dee4ca44aca1,8e363e89-a7c0-439d-a97a-be32c5efe2e8,ocr_required,source_regions,unknown,False,,,,reference_unknown,round1-import\t160-quality-20261007T013645Z-cd518eac\runs\t160-quality-20261007T013645Z-cd518eac-09-IMP-IMAGE-r3\result.json
t160-quality-20261007T013645Z-cd518eac-09-IMP-IMAGE-r3,IMP-IMAGE,3,automatic,c4d750a5-4dc4-5a35-83e2-dee4ca44aca1,8e363e89-a7c0-439d-a97a-be32c5efe2e8,ocr_required,assets,source_provided,True,False,[],,matched,round1-import\t160-quality-20261007T013645Z-cd518eac\runs\t160-quality-20261007T013645Z-cd518eac-09-IMP-IMAGE-r3\result.json
t160-quality-20261007T013645Z-cd518eac-09-IMP-IMAGE-r3,IMP-IMAGE,3,automatic,e418791a-1462-52b7-98fe-396ce71b8d48,53ba4140-a489-45d4-ab9e-1de612573094,ocr_required,question_number,source_provided,True,True,2,2,matched,round1-import\t160-quality-20261007T013645Z-cd518eac\runs\t160-quality-20261007T013645Z-cd518eac-09-IMP-IMAGE-r3\result.json
t160-quality-20261007T013645Z-cd518eac-09-IMP-IMAGE-r3,IMP-IMAGE,3,automatic,e418791a-1462-52b7-98fe-396ce71b8d48,53ba4140-a489-45d4-ab9e-1de612573094,ocr_required,order_index,source_provided,True,True,2,2,matched,round1-import\t160-quality-20261007T013645Z-cd518eac\runs\t160-quality-20261007T013645Z-cd518eac-09-IMP-IMAGE-r3\result.json
t160-quality-20261007T013645Z-cd518eac-09-IMP-IMAGE-r3,IMP-IMAGE,3,automatic,e418791a-1462-52b7-98fe-396ce71b8d48,53ba4140-a489-45d4-ab9e-1de612573094,ocr_required,source_page_numbers,source_provided,True,True,[1],[1],matched,round1-import\t160-quality-20261007T013645Z-cd518eac\runs\t160-quality-20261007T013645Z-cd518eac-09-IMP-IMAGE-r3\result.json
t160-quality-20261007T013645Z-cd518eac-09-IMP-IMAGE-r3,IMP-IMAGE,3,automatic,e418791a-1462-52b7-98fe-396ce71b8d48,53ba4140-a489-45d4-ab9e-1de612573094,ocr_required,question_type,source_provided,True,True,TRUE_FALSE,TRUE_FALSE,matched,round1-import\t160-quality-20261007T013645Z-cd518eac\runs\t160-quality-20261007T013645Z-cd518eac-09-IMP-IMAGE-r3\result.json
t160-quality-20261007T013645Z-cd518eac-09-IMP-IMAGE-r3,IMP-IMAGE,3,automatic,e418791a-1462-52b7-98fe-396ce71b8d48,53ba4140-a489-45d4-ab9e-1de612573094,ocr_required,content,source_provided,True,False,右图三角形面积为 24 cm²。,右图三角形面积为 24cm²。,matched,round1-import\t160-quality-20261007T013645Z-cd518eac\runs\t160-quality-20261007T013645Z-cd518eac-09-IMP-IMAGE-r3\result.json
t160-quality-20261007T013645Z-cd518eac-09-IMP-IMAGE-r3,IMP-IMAGE,3,automatic,e418791a-1462-52b7-98fe-396ce71b8d48,53ba4140-a489-45d4-ab9e-1de612573094,ocr_required,options,source_provided,True,True,"[""正确"", ""错误""]","[""正确"", ""错误""]",matched,round1-import\t160-quality-20261007T013645Z-cd518eac\runs\t160-quality-20261007T013645Z-cd518eac-09-IMP-IMAGE-r3\result.json
t160-quality-20261007T013645Z-cd518eac-09-IMP-IMAGE-r3,IMP-IMAGE,3,automatic,e418791a-1462-52b7-98fe-396ce71b8d48,53ba4140-a489-45d4-ab9e-1de612573094,ocr_required,reference_answer,known_missing,True,True,,,matched,round1-import\t160-quality-20261007T013645Z-cd518eac\runs\t160-quality-20261007T013645Z-cd518eac-09-IMP-IMAGE-r3\result.json
t160-quality-20261007T013645Z-cd518eac-09-IMP-IMAGE-r3,IMP-IMAGE,3,automatic,e418791a-1462-52b7-98fe-396ce71b8d48,53ba4140-a489-45d4-ab9e-1de612573094,ocr_required,analysis,known_missing,True,True,,,matched,round1-import\t160-quality-20261007T013645Z-cd518eac\runs\t160-quality-20261007T013645Z-cd518eac-09-IMP-IMAGE-r3\result.json
t160-quality-20261007T013645Z-cd518eac-09-IMP-IMAGE-r3,IMP-IMAGE,3,automatic,e418791a-1462-52b7-98fe-396ce71b8d48,53ba4140-a489-45d4-ab9e-1de612573094,ocr_required,score,source_provided,True,True,2.00,2.00,matched,round1-import\t160-quality-20261007T013645Z-cd518eac\runs\t160-quality-20261007T013645Z-cd518eac-09-IMP-IMAGE-r3\result.json
t160-quality-20261007T013645Z-cd518eac-09-IMP-IMAGE-r3,IMP-IMAGE,3,automatic,e418791a-1462-52b7-98fe-396ce71b8d48,53ba4140-a489-45d4-ab9e-1de612573094,ocr_required,scoring_rubric,known_missing,True,True,,,matched,round1-import\t160-quality-20261007T013645Z-cd518eac\runs\t160-quality-20261007T013645Z-cd518eac-09-IMP-IMAGE-r3\result.json
t160-quality-20261007T013645Z-cd518eac-09-IMP-IMAGE-r3,IMP-IMAGE,3,automatic,e418791a-1462-52b7-98fe-396ce71b8d48,53ba4140-a489-45d4-ab9e-1de612573094,ocr_required,knowledge_points,known_missing,True,False,[],,matched,round1-import\t160-quality-20261007T013645Z-cd518eac\runs\t160-quality-20261007T013645Z-cd518eac-09-IMP-IMAGE-r3\result.json
t160-quality-20261007T013645Z-cd518eac-09-IMP-IMAGE-r3,IMP-IMAGE,3,automatic,e418791a-1462-52b7-98fe-396ce71b8d48,53ba4140-a489-45d4-ab9e-1de612573094,ocr_required,source_regions,unknown,False,,,,reference_unknown,round1-import\t160-quality-20261007T013645Z-cd518eac\runs\t160-quality-20261007T013645Z-cd518eac-09-IMP-IMAGE-r3\result.json
t160-quality-20261007T013645Z-cd518eac-09-IMP-IMAGE-r3,IMP-IMAGE,3,automatic,e418791a-1462-52b7-98fe-396ce71b8d48,53ba4140-a489-45d4-ab9e-1de612573094,ocr_required,assets,source_provided,True,False,"[{""asset_type"": ""figure"", ""source_page_number"": 1, ""order_index"": 1}]",,matched,round1-import\t160-quality-20261007T013645Z-cd518eac\runs\t160-quality-20261007T013645Z-cd518eac-09-IMP-IMAGE-r3\result.json
t160-quality-20261007T013645Z-cd518eac-09-IMP-IMAGE-r3,IMP-IMAGE,3,automatic,e5c1555f-e927-575c-b68c-85eb341a3202,6ec253f7-01b5-4b79-b0c9-e52e340220b3,ocr_required,question_number,source_provided,True,True,3,3,matched,round1-import\t160-quality-20261007T013645Z-cd518eac\runs\t160-quality-20261007T013645Z-cd518eac-09-IMP-IMAGE-r3\result.json
t160-quality-20261007T013645Z-cd518eac-09-IMP-IMAGE-r3,IMP-IMAGE,3,automatic,e5c1555f-e927-575c-b68c-85eb341a3202,6ec253f7-01b5-4b79-b0c9-e52e340220b3,ocr_required,order_index,source_provided,True,True,3,3,matched,round1-import\t160-quality-20261007T013645Z-cd518eac\runs\t160-quality-20261007T013645Z-cd518eac-09-IMP-IMAGE-r3\result.json
t160-quality-20261007T013645Z-cd518eac-09-IMP-IMAGE-r3,IMP-IMAGE,3,automatic,e5c1555f-e927-575c-b68c-85eb341a3202,6ec253f7-01b5-4b79-b0c9-e52e340220b3,ocr_required,source_page_numbers,source_provided,True,True,[1],[1],matched,round1-import\t160-quality-20261007T013645Z-cd518eac\runs\t160-quality-20261007T013645Z-cd518eac-09-IMP-IMAGE-r3\result.json
t160-quality-20261007T013645Z-cd518eac-09-IMP-IMAGE-r3,IMP-IMAGE,3,automatic,e5c1555f-e927-575c-b68c-85eb341a3202,6ec253f7-01b5-4b79-b0c9-e52e340220b3,ocr_required,question_type,source_provided,True,True,SHORT_ANSWER,SHORT_ANSWER,matched,round1-import\t160-quality-20261007T013645Z-cd518eac\runs\t160-quality-20261007T013645Z-cd518eac-09-IMP-IMAGE-r3\result.json
t160-quality-20261007T013645Z-cd518eac-09-IMP-IMAGE-r3,IMP-IMAGE,3,automatic,e5c1555f-e927-575c-b68c-85eb341a3202,6ec253f7-01b5-4b79-b0c9-e52e340220b3,ocr_required,content,source_provided,True,True,根据下表写出 y 关于 x 的关系式。,根据下表写出 y 关于 x 的关系式。,matched,round1-import\t160-quality-20261007T013645Z-cd518eac\runs\t160-quality-20261007T013645Z-cd518eac-09-IMP-IMAGE-r3\result.json
t160-quality-20261007T013645Z-cd518eac-09-IMP-IMAGE-r3,IMP-IMAGE,3,automatic,e5c1555f-e927-575c-b68c-85eb341a3202,6ec253f7-01b5-4b79-b0c9-e52e340220b3,ocr_required,options,not_applicable,True,True,,,matched,round1-import\t160-quality-20261007T013645Z-cd518eac\runs\t160-quality-20261007T013645Z-cd518eac-09-IMP-IMAGE-r3\result.json
t160-quality-20261007T013645Z-cd518eac-09-IMP-IMAGE-r3,IMP-IMAGE,3,automatic,e5c1555f-e927-575c-b68c-85eb341a3202,6ec253f7-01b5-4b79-b0c9-e52e340220b3,ocr_required,reference_answer,known_missing,True,True,,,matched,round1-import\t160-quality-20261007T013645Z-cd518eac\runs\t160-quality-20261007T013645Z-cd518eac-09-IMP-IMAGE-r3\result.json
t160-quality-20261007T013645Z-cd518eac-09-IMP-IMAGE-r3,IMP-IMAGE,3,automatic,e5c1555f-e927-575c-b68c-85eb341a3202,6ec253f7-01b5-4b79-b0c9-e52e340220b3,ocr_required,analysis,known_missing,True,True,,,matched,round1-import\t160-quality-20261007T013645Z-cd518eac\runs\t160-quality-20261007T013645Z-cd518eac-09-IMP-IMAGE-r3\result.json
t160-quality-20261007T013645Z-cd518eac-09-IMP-IMAGE-r3,IMP-IMAGE,3,automatic,e5c1555f-e927-575c-b68c-85eb341a3202,6ec253f7-01b5-4b79-b0c9-e52e340220b3,ocr_required,score,source_provided,True,True,3.00,3.00,matched,round1-import\t160-quality-20261007T013645Z-cd518eac\runs\t160-quality-20261007T013645Z-cd518eac-09-IMP-IMAGE-r3\result.json
t160-quality-20261007T013645Z-cd518eac-09-IMP-IMAGE-r3,IMP-IMAGE,3,automatic,e5c1555f-e927-575c-b68c-85eb341a3202,6ec253f7-01b5-4b79-b0c9-e52e340220b3,ocr_required,scoring_rubric,source_provided,True,False,正确关系式 1.00；说明代入过程 2.00。,正确关系式1.00；说明代入过程2.00。,matched,round1-import\t160-quality-20261007T013645Z-cd518eac\runs\t160-quality-20261007T013645Z-cd518eac-09-IMP-IMAGE-r3\result.json
t160-quality-20261007T013645Z-cd518eac-09-IMP-IMAGE-r3,IMP-IMAGE,3,automatic,e5c1555f-e927-575c-b68c-85eb341a3202,6ec253f7-01b5-4b79-b0c9-e52e340220b3,ocr_required,knowledge_points,source_provided,True,True,"[""一次函数"", ""表达与计算""]","[""一次函数"", ""表达与计算""]",matched,round1-import\t160-quality-20261007T013645Z-cd518eac\runs\t160-quality-20261007T013645Z-cd518eac-09-IMP-IMAGE-r3\result.json
t160-quality-20261007T013645Z-cd518eac-09-IMP-IMAGE-r3,IMP-IMAGE,3,automatic,e5c1555f-e927-575c-b68c-85eb341a3202,6ec253f7-01b5-4b79-b0c9-e52e340220b3,ocr_required,source_regions,unknown,False,,,,reference_unknown,round1-import\t160-quality-20261007T013645Z-cd518eac\runs\t160-quality-20261007T013645Z-cd518eac-09-IMP-IMAGE-r3\result.json
t160-quality-20261007T013645Z-cd518eac-09-IMP-IMAGE-r3,IMP-IMAGE,3,automatic,e5c1555f-e927-575c-b68c-85eb341a3202,6ec253f7-01b5-4b79-b0c9-e52e340220b3,ocr_required,assets,source_provided,True,False,"[{""asset_type"": ""table"", ""source_page_number"": 1, ""order_index"": 1}]",,matched,round1-import\t160-quality-20261007T013645Z-cd518eac\runs\t160-quality-20261007T013645Z-cd518eac-09-IMP-IMAGE-r3\result.json
t160-quality-20261007T013645Z-cd518eac-10-IMP-MIXED-r1,IMP-MIXED,1,automatic,1faa8619-84cc-5d65-86ae-244c7f68645e,c835f868-9734-4b8b-90a5-6e69bf84ddda,native_text,question_number,source_provided,True,True,1,1,matched,round1-import\t160-quality-20261007T013645Z-cd518eac\runs\t160-quality-20261007T013645Z-cd518eac-10-IMP-MIXED-r1\result.json
t160-quality-20261007T013645Z-cd518eac-10-IMP-MIXED-r1,IMP-MIXED,1,automatic,1faa8619-84cc-5d65-86ae-244c7f68645e,c835f868-9734-4b8b-90a5-6e69bf84ddda,native_text,order_index,source_provided,True,True,1,1,matched,round1-import\t160-quality-20261007T013645Z-cd518eac\runs\t160-quality-20261007T013645Z-cd518eac-10-IMP-MIXED-r1\result.json
t160-quality-20261007T013645Z-cd518eac-10-IMP-MIXED-r1,IMP-MIXED,1,automatic,1faa8619-84cc-5d65-86ae-244c7f68645e,c835f868-9734-4b8b-90a5-6e69bf84ddda,native_text,source_page_numbers,source_provided,True,True,[1],[1],matched,round1-import\t160-quality-20261007T013645Z-cd518eac\runs\t160-quality-20261007T013645Z-cd518eac-10-IMP-MIXED-r1\result.json
t160-quality-20261007T013645Z-cd518eac-10-IMP-MIXED-r1,IMP-MIXED,1,automatic,1faa8619-84cc-5d65-86ae-244c7f68645e,c835f868-9734-4b8b-90a5-6e69bf84ddda,native_text,question_type,source_provided,True,True,SINGLE_CHOICE,SINGLE_CHOICE,matched,round1-import\t160-quality-20261007T013645Z-cd518eac\runs\t160-quality-20261007T013645Z-cd518eac-10-IMP-MIXED-r1\result.json
t160-quality-20261007T013645Z-cd518eac-10-IMP-MIXED-r1,IMP-MIXED,1,automatic,1faa8619-84cc-5d65-86ae-244c7f68645e,c835f868-9734-4b8b-90a5-6e69bf84ddda,native_text,content,source_provided,True,True,y = 2x + 1，x = 3 时 y 为多少？,y = 2x + 1，x = 3 时 y 为多少？,matched,round1-import\t160-quality-20261007T013645Z-cd518eac\runs\t160-quality-20261007T013645Z-cd518eac-10-IMP-MIXED-r1\result.json
t160-quality-20261007T013645Z-cd518eac-10-IMP-MIXED-r1,IMP-MIXED,1,automatic,1faa8619-84cc-5d65-86ae-244c7f68645e,c835f868-9734-4b8b-90a5-6e69bf84ddda,native_text,options,source_provided,True,True,"{""C"": ""7"", ""A"": ""5"", ""B"": ""6"", ""D"": ""8""}","{""C"": ""7"", ""A"": ""5"", ""B"": ""6"", ""D"": ""8""}",matched,round1-import\t160-quality-20261007T013645Z-cd518eac\runs\t160-quality-20261007T013645Z-cd518eac-10-IMP-MIXED-r1\result.json
t160-quality-20261007T013645Z-cd518eac-10-IMP-MIXED-r1,IMP-MIXED,1,automatic,1faa8619-84cc-5d65-86ae-244c7f68645e,c835f868-9734-4b8b-90a5-6e69bf84ddda,native_text,reference_answer,source_provided,True,True,C,C,matched,round1-import\t160-quality-20261007T013645Z-cd518eac\runs\t160-quality-20261007T013645Z-cd518eac-10-IMP-MIXED-r1\result.json
t160-quality-20261007T013645Z-cd518eac-10-IMP-MIXED-r1,IMP-MIXED,1,automatic,1faa8619-84cc-5d65-86ae-244c7f68645e,c835f868-9734-4b8b-90a5-6e69bf84ddda,native_text,analysis,source_provided,True,True,2 × 3 + 1 = 7。,2 × 3 + 1 = 7。,matched,round1-import\t160-quality-20261007T013645Z-cd518eac\runs\t160-quality-20261007T013645Z-cd518eac-10-IMP-MIXED-r1\result.json
t160-quality-20261007T013645Z-cd518eac-10-IMP-MIXED-r1,IMP-MIXED,1,automatic,1faa8619-84cc-5d65-86ae-244c7f68645e,c835f868-9734-4b8b-90a5-6e69bf84ddda,native_text,score,source_provided,True,True,2.00,2.00,matched,round1-import\t160-quality-20261007T013645Z-cd518eac\runs\t160-quality-20261007T013645Z-cd518eac-10-IMP-MIXED-r1\result.json
t160-quality-20261007T013645Z-cd518eac-10-IMP-MIXED-r1,IMP-MIXED,1,automatic,1faa8619-84cc-5d65-86ae-244c7f68645e,c835f868-9734-4b8b-90a5-6e69bf84ddda,native_text,scoring_rubric,known_missing,True,True,,,matched,round1-import\t160-quality-20261007T013645Z-cd518eac\runs\t160-quality-20261007T013645Z-cd518eac-10-IMP-MIXED-r1\result.json
t160-quality-20261007T013645Z-cd518eac-10-IMP-MIXED-r1,IMP-MIXED,1,automatic,1faa8619-84cc-5d65-86ae-244c7f68645e,c835f868-9734-4b8b-90a5-6e69bf84ddda,native_text,knowledge_points,known_missing,True,True,[],[],matched,round1-import\t160-quality-20261007T013645Z-cd518eac\runs\t160-quality-20261007T013645Z-cd518eac-10-IMP-MIXED-r1\result.json
t160-quality-20261007T013645Z-cd518eac-10-IMP-MIXED-r1,IMP-MIXED,1,automatic,1faa8619-84cc-5d65-86ae-244c7f68645e,c835f868-9734-4b8b-90a5-6e69bf84ddda,native_text,source_regions,unknown,False,,,,reference_unknown,round1-import\t160-quality-20261007T013645Z-cd518eac\runs\t160-quality-20261007T013645Z-cd518eac-10-IMP-MIXED-r1\result.json
t160-quality-20261007T013645Z-cd518eac-10-IMP-MIXED-r1,IMP-MIXED,1,automatic,1faa8619-84cc-5d65-86ae-244c7f68645e,c835f868-9734-4b8b-90a5-6e69bf84ddda,native_text,assets,source_provided,True,False,[],,matched,round1-import\t160-quality-20261007T013645Z-cd518eac\runs\t160-quality-20261007T013645Z-cd518eac-10-IMP-MIXED-r1\result.json
t160-quality-20261007T013645Z-cd518eac-10-IMP-MIXED-r1,IMP-MIXED,1,automatic,545de13f-3fe9-524b-a917-7ab04807806f,1b853f89-6a3a-4eab-9cda-e57df68e274b,native_text,question_number,source_provided,True,True,2,2,matched,round1-import\t160-quality-20261007T013645Z-cd518eac\runs\t160-quality-20261007T013645Z-cd518eac-10-IMP-MIXED-r1\result.json
t160-quality-20261007T013645Z-cd518eac-10-IMP-MIXED-r1,IMP-MIXED,1,automatic,545de13f-3fe9-524b-a917-7ab04807806f,1b853f89-6a3a-4eab-9cda-e57df68e274b,native_text,order_index,source_provided,True,True,2,2,matched,round1-import\t160-quality-20261007T013645Z-cd518eac\runs\t160-quality-20261007T013645Z-cd518eac-10-IMP-MIXED-r1\result.json
t160-quality-20261007T013645Z-cd518eac-10-IMP-MIXED-r1,IMP-MIXED,1,automatic,545de13f-3fe9-524b-a917-7ab04807806f,1b853f89-6a3a-4eab-9cda-e57df68e274b,native_text,source_page_numbers,source_provided,True,True,[1],[1],matched,round1-import\t160-quality-20261007T013645Z-cd518eac\runs\t160-quality-20261007T013645Z-cd518eac-10-IMP-MIXED-r1\result.json
t160-quality-20261007T013645Z-cd518eac-10-IMP-MIXED-r1,IMP-MIXED,1,automatic,545de13f-3fe9-524b-a917-7ab04807806f,1b853f89-6a3a-4eab-9cda-e57df68e274b,native_text,question_type,source_provided,True,True,TRUE_FALSE,TRUE_FALSE,matched,round1-import\t160-quality-20261007T013645Z-cd518eac\runs\t160-quality-20261007T013645Z-cd518eac-10-IMP-MIXED-r1\result.json
t160-quality-20261007T013645Z-cd518eac-10-IMP-MIXED-r1,IMP-MIXED,1,automatic,545de13f-3fe9-524b-a917-7ab04807806f,1b853f89-6a3a-4eab-9cda-e57df68e274b,native_text,content,source_provided,True,True,右图三角形面积为 24 cm²。,右图三角形面积为 24 cm²。,matched,round1-import\t160-quality-20261007T013645Z-cd518eac\runs\t160-quality-20261007T013645Z-cd518eac-10-IMP-MIXED-r1\result.json
t160-quality-20261007T013645Z-cd518eac-10-IMP-MIXED-r1,IMP-MIXED,1,automatic,545de13f-3fe9-524b-a917-7ab04807806f,1b853f89-6a3a-4eab-9cda-e57df68e274b,native_text,options,source_provided,True,True,"[""正确"", ""错误""]","[""正确"", ""错误""]",matched,round1-import\t160-quality-20261007T013645Z-cd518eac\runs\t160-quality-20261007T013645Z-cd518eac-10-IMP-MIXED-r1\result.json
t160-quality-20261007T013645Z-cd518eac-10-IMP-MIXED-r1,IMP-MIXED,1,automatic,545de13f-3fe9-524b-a917-7ab04807806f,1b853f89-6a3a-4eab-9cda-e57df68e274b,native_text,reference_answer,known_missing,True,True,,,matched,round1-import\t160-quality-20261007T013645Z-cd518eac\runs\t160-quality-20261007T013645Z-cd518eac-10-IMP-MIXED-r1\result.json
t160-quality-20261007T013645Z-cd518eac-10-IMP-MIXED-r1,IMP-MIXED,1,automatic,545de13f-3fe9-524b-a917-7ab04807806f,1b853f89-6a3a-4eab-9cda-e57df68e274b,native_text,analysis,known_missing,True,True,,,matched,round1-import\t160-quality-20261007T013645Z-cd518eac\runs\t160-quality-20261007T013645Z-cd518eac-10-IMP-MIXED-r1\result.json
t160-quality-20261007T013645Z-cd518eac-10-IMP-MIXED-r1,IMP-MIXED,1,automatic,545de13f-3fe9-524b-a917-7ab04807806f,1b853f89-6a3a-4eab-9cda-e57df68e274b,native_text,score,source_provided,True,True,2.00,2.00,matched,round1-import\t160-quality-20261007T013645Z-cd518eac\runs\t160-quality-20261007T013645Z-cd518eac-10-IMP-MIXED-r1\result.json
t160-quality-20261007T013645Z-cd518eac-10-IMP-MIXED-r1,IMP-MIXED,1,automatic,545de13f-3fe9-524b-a917-7ab04807806f,1b853f89-6a3a-4eab-9cda-e57df68e274b,native_text,scoring_rubric,known_missing,True,True,,,matched,round1-import\t160-quality-20261007T013645Z-cd518eac\runs\t160-quality-20261007T013645Z-cd518eac-10-IMP-MIXED-r1\result.json
t160-quality-20261007T013645Z-cd518eac-10-IMP-MIXED-r1,IMP-MIXED,1,automatic,545de13f-3fe9-524b-a917-7ab04807806f,1b853f89-6a3a-4eab-9cda-e57df68e274b,native_text,knowledge_points,known_missing,True,True,[],[],matched,round1-import\t160-quality-20261007T013645Z-cd518eac\runs\t160-quality-20261007T013645Z-cd518eac-10-IMP-MIXED-r1\result.json
t160-quality-20261007T013645Z-cd518eac-10-IMP-MIXED-r1,IMP-MIXED,1,automatic,545de13f-3fe9-524b-a917-7ab04807806f,1b853f89-6a3a-4eab-9cda-e57df68e274b,native_text,source_regions,unknown,False,,,,reference_unknown,round1-import\t160-quality-20261007T013645Z-cd518eac\runs\t160-quality-20261007T013645Z-cd518eac-10-IMP-MIXED-r1\result.json
t160-quality-20261007T013645Z-cd518eac-10-IMP-MIXED-r1,IMP-MIXED,1,automatic,545de13f-3fe9-524b-a917-7ab04807806f,1b853f89-6a3a-4eab-9cda-e57df68e274b,native_text,assets,source_provided,True,False,"[{""asset_type"": ""figure"", ""source_page_number"": 1, ""order_index"": 1}]",,matched,round1-import\t160-quality-20261007T013645Z-cd518eac\runs\t160-quality-20261007T013645Z-cd518eac-10-IMP-MIXED-r1\result.json
t160-quality-20261007T013645Z-cd518eac-10-IMP-MIXED-r1,IMP-MIXED,1,automatic,85533f46-eb86-5893-8742-33939e77750f,88d66249-1616-4560-a8bf-46b8068f5111,native_text,question_number,source_provided,True,True,3,3,matched,round1-import\t160-quality-20261007T013645Z-cd518eac\runs\t160-quality-20261007T013645Z-cd518eac-10-IMP-MIXED-r1\result.json
t160-quality-20261007T013645Z-cd518eac-10-IMP-MIXED-r1,IMP-MIXED,1,automatic,85533f46-eb86-5893-8742-33939e77750f,88d66249-1616-4560-a8bf-46b8068f5111,native_text,order_index,source_provided,True,True,3,3,matched,round1-import\t160-quality-20261007T013645Z-cd518eac\runs\t160-quality-20261007T013645Z-cd518eac-10-IMP-MIXED-r1\result.json
t160-quality-20261007T013645Z-cd518eac-10-IMP-MIXED-r1,IMP-MIXED,1,automatic,85533f46-eb86-5893-8742-33939e77750f,88d66249-1616-4560-a8bf-46b8068f5111,native_text,source_page_numbers,source_provided,True,True,[1],[1],matched,round1-import\t160-quality-20261007T013645Z-cd518eac\runs\t160-quality-20261007T013645Z-cd518eac-10-IMP-MIXED-r1\result.json
t160-quality-20261007T013645Z-cd518eac-10-IMP-MIXED-r1,IMP-MIXED,1,automatic,85533f46-eb86-5893-8742-33939e77750f,88d66249-1616-4560-a8bf-46b8068f5111,native_text,question_type,source_provided,True,True,SHORT_ANSWER,SHORT_ANSWER,matched,round1-import\t160-quality-20261007T013645Z-cd518eac\runs\t160-quality-20261007T013645Z-cd518eac-10-IMP-MIXED-r1\result.json
t160-quality-20261007T013645Z-cd518eac-10-IMP-MIXED-r1,IMP-MIXED,1,automatic,85533f46-eb86-5893-8742-33939e77750f,88d66249-1616-4560-a8bf-46b8068f5111,native_text,content,source_provided,True,True,根据下表写出 y 关于 x 的关系式。,根据下表写出 y 关于 x 的关系式。,matched,round1-import\t160-quality-20261007T013645Z-cd518eac\runs\t160-quality-20261007T013645Z-cd518eac-10-IMP-MIXED-r1\result.json
t160-quality-20261007T013645Z-cd518eac-10-IMP-MIXED-r1,IMP-MIXED,1,automatic,85533f46-eb86-5893-8742-33939e77750f,88d66249-1616-4560-a8bf-46b8068f5111,native_text,options,not_applicable,True,True,,,matched,round1-import\t160-quality-20261007T013645Z-cd518eac\runs\t160-quality-20261007T013645Z-cd518eac-10-IMP-MIXED-r1\result.json
t160-quality-20261007T013645Z-cd518eac-10-IMP-MIXED-r1,IMP-MIXED,1,automatic,85533f46-eb86-5893-8742-33939e77750f,88d66249-1616-4560-a8bf-46b8068f5111,native_text,reference_answer,known_missing,True,True,,,matched,round1-import\t160-quality-20261007T013645Z-cd518eac\runs\t160-quality-20261007T013645Z-cd518eac-10-IMP-MIXED-r1\result.json
t160-quality-20261007T013645Z-cd518eac-10-IMP-MIXED-r1,IMP-MIXED,1,automatic,85533f46-eb86-5893-8742-33939e77750f,88d66249-1616-4560-a8bf-46b8068f5111,native_text,analysis,known_missing,True,True,,,matched,round1-import\t160-quality-20261007T013645Z-cd518eac\runs\t160-quality-20261007T013645Z-cd518eac-10-IMP-MIXED-r1\result.json
t160-quality-20261007T013645Z-cd518eac-10-IMP-MIXED-r1,IMP-MIXED,1,automatic,85533f46-eb86-5893-8742-33939e77750f,88d66249-1616-4560-a8bf-46b8068f5111,native_text,score,source_provided,True,True,3.00,3.00,matched,round1-import\t160-quality-20261007T013645Z-cd518eac\runs\t160-quality-20261007T013645Z-cd518eac-10-IMP-MIXED-r1\result.json
t160-quality-20261007T013645Z-cd518eac-10-IMP-MIXED-r1,IMP-MIXED,1,automatic,85533f46-eb86-5893-8742-33939e77750f,88d66249-1616-4560-a8bf-46b8068f5111,native_text,scoring_rubric,source_provided,True,True,正确关系式 1.00；说明代入过程 2.00。,正确关系式 1.00；说明代入过程 2.00。,matched,round1-import\t160-quality-20261007T013645Z-cd518eac\runs\t160-quality-20261007T013645Z-cd518eac-10-IMP-MIXED-r1\result.json
t160-quality-20261007T013645Z-cd518eac-10-IMP-MIXED-r1,IMP-MIXED,1,automatic,85533f46-eb86-5893-8742-33939e77750f,88d66249-1616-4560-a8bf-46b8068f5111,native_text,knowledge_points,source_provided,True,True,"[""一次函数"", ""表达与计算""]","[""一次函数"", ""表达与计算""]",matched,round1-import\t160-quality-20261007T013645Z-cd518eac\runs\t160-quality-20261007T013645Z-cd518eac-10-IMP-MIXED-r1\result.json
t160-quality-20261007T013645Z-cd518eac-10-IMP-MIXED-r1,IMP-MIXED,1,automatic,85533f46-eb86-5893-8742-33939e77750f,88d66249-1616-4560-a8bf-46b8068f5111,native_text,source_regions,unknown,False,,,,reference_unknown,round1-import\t160-quality-20261007T013645Z-cd518eac\runs\t160-quality-20261007T013645Z-cd518eac-10-IMP-MIXED-r1\result.json
t160-quality-20261007T013645Z-cd518eac-10-IMP-MIXED-r1,IMP-MIXED,1,automatic,85533f46-eb86-5893-8742-33939e77750f,88d66249-1616-4560-a8bf-46b8068f5111,native_text,assets,source_provided,True,False,"[{""asset_type"": ""table"", ""source_page_number"": 1, ""order_index"": 1}]",,matched,round1-import\t160-quality-20261007T013645Z-cd518eac\runs\t160-quality-20261007T013645Z-cd518eac-10-IMP-MIXED-r1\result.json
t160-quality-20261007T013645Z-cd518eac-10-IMP-MIXED-r1,IMP-MIXED,1,automatic,0fa8d57e-58c2-5aa4-b8cd-e52e96380a38,,ocr_required,question_number,source_provided,True,False,4,,missing_identity,round1-import\t160-quality-20261007T013645Z-cd518eac\runs\t160-quality-20261007T013645Z-cd518eac-10-IMP-MIXED-r1\result.json
t160-quality-20261007T013645Z-cd518eac-10-IMP-MIXED-r1,IMP-MIXED,1,automatic,0fa8d57e-58c2-5aa4-b8cd-e52e96380a38,,ocr_required,order_index,source_provided,True,False,4,,missing_identity,round1-import\t160-quality-20261007T013645Z-cd518eac\runs\t160-quality-20261007T013645Z-cd518eac-10-IMP-MIXED-r1\result.json
t160-quality-20261007T013645Z-cd518eac-10-IMP-MIXED-r1,IMP-MIXED,1,automatic,0fa8d57e-58c2-5aa4-b8cd-e52e96380a38,,ocr_required,source_page_numbers,source_provided,True,False,[2],,missing_identity,round1-import\t160-quality-20261007T013645Z-cd518eac\runs\t160-quality-20261007T013645Z-cd518eac-10-IMP-MIXED-r1\result.json
t160-quality-20261007T013645Z-cd518eac-10-IMP-MIXED-r1,IMP-MIXED,1,automatic,0fa8d57e-58c2-5aa4-b8cd-e52e96380a38,,ocr_required,question_type,source_provided,True,False,SINGLE_CHOICE,,missing_identity,round1-import\t160-quality-20261007T013645Z-cd518eac\runs\t160-quality-20261007T013645Z-cd518eac-10-IMP-MIXED-r1\result.json
t160-quality-20261007T013645Z-cd518eac-10-IMP-MIXED-r1,IMP-MIXED,1,automatic,0fa8d57e-58c2-5aa4-b8cd-e52e96380a38,,ocr_required,content,source_provided,True,False,y = 2x + 1，x = 3 时 y 为多少？,,missing_identity,round1-import\t160-quality-20261007T013645Z-cd518eac\runs\t160-quality-20261007T013645Z-cd518eac-10-IMP-MIXED-r1\result.json
t160-quality-20261007T013645Z-cd518eac-10-IMP-MIXED-r1,IMP-MIXED,1,automatic,0fa8d57e-58c2-5aa4-b8cd-e52e96380a38,,ocr_required,options,source_provided,True,False,"{""C"": ""7"", ""A"": ""5"", ""B"": ""6"", ""D"": ""8""}",,missing_identity,round1-import\t160-quality-20261007T013645Z-cd518eac\runs\t160-quality-20261007T013645Z-cd518eac-10-IMP-MIXED-r1\result.json
t160-quality-20261007T013645Z-cd518eac-10-IMP-MIXED-r1,IMP-MIXED,1,automatic,0fa8d57e-58c2-5aa4-b8cd-e52e96380a38,,ocr_required,reference_answer,source_provided,True,False,C,,missing_identity,round1-import\t160-quality-20261007T013645Z-cd518eac\runs\t160-quality-20261007T013645Z-cd518eac-10-IMP-MIXED-r1\result.json
t160-quality-20261007T013645Z-cd518eac-10-IMP-MIXED-r1,IMP-MIXED,1,automatic,0fa8d57e-58c2-5aa4-b8cd-e52e96380a38,,ocr_required,analysis,source_provided,True,False,2 × 3 + 1 = 7。,,missing_identity,round1-import\t160-quality-20261007T013645Z-cd518eac\runs\t160-quality-20261007T013645Z-cd518eac-10-IMP-MIXED-r1\result.json
t160-quality-20261007T013645Z-cd518eac-10-IMP-MIXED-r1,IMP-MIXED,1,automatic,0fa8d57e-58c2-5aa4-b8cd-e52e96380a38,,ocr_required,score,source_provided,True,False,2.00,,missing_identity,round1-import\t160-quality-20261007T013645Z-cd518eac\runs\t160-quality-20261007T013645Z-cd518eac-10-IMP-MIXED-r1\result.json
t160-quality-20261007T013645Z-cd518eac-10-IMP-MIXED-r1,IMP-MIXED,1,automatic,0fa8d57e-58c2-5aa4-b8cd-e52e96380a38,,ocr_required,scoring_rubric,known_missing,True,False,,,missing_identity,round1-import\t160-quality-20261007T013645Z-cd518eac\runs\t160-quality-20261007T013645Z-cd518eac-10-IMP-MIXED-r1\result.json
t160-quality-20261007T013645Z-cd518eac-10-IMP-MIXED-r1,IMP-MIXED,1,automatic,0fa8d57e-58c2-5aa4-b8cd-e52e96380a38,,ocr_required,knowledge_points,known_missing,True,False,[],,missing_identity,round1-import\t160-quality-20261007T013645Z-cd518eac\runs\t160-quality-20261007T013645Z-cd518eac-10-IMP-MIXED-r1\result.json
t160-quality-20261007T013645Z-cd518eac-10-IMP-MIXED-r1,IMP-MIXED,1,automatic,0fa8d57e-58c2-5aa4-b8cd-e52e96380a38,,ocr_required,source_regions,unknown,False,,,,reference_unknown,round1-import\t160-quality-20261007T013645Z-cd518eac\runs\t160-quality-20261007T013645Z-cd518eac-10-IMP-MIXED-r1\result.json
t160-quality-20261007T013645Z-cd518eac-10-IMP-MIXED-r1,IMP-MIXED,1,automatic,0fa8d57e-58c2-5aa4-b8cd-e52e96380a38,,ocr_required,assets,source_provided,True,False,[],,missing_identity,round1-import\t160-quality-20261007T013645Z-cd518eac\runs\t160-quality-20261007T013645Z-cd518eac-10-IMP-MIXED-r1\result.json
t160-quality-20261007T013645Z-cd518eac-10-IMP-MIXED-r1,IMP-MIXED,1,automatic,455720b9-9061-5bce-83af-d6d53c6c84e1,,ocr_required,question_number,source_provided,True,False,5,,missing_identity,round1-import\t160-quality-20261007T013645Z-cd518eac\runs\t160-quality-20261007T013645Z-cd518eac-10-IMP-MIXED-r1\result.json
t160-quality-20261007T013645Z-cd518eac-10-IMP-MIXED-r1,IMP-MIXED,1,automatic,455720b9-9061-5bce-83af-d6d53c6c84e1,,ocr_required,order_index,source_provided,True,False,5,,missing_identity,round1-import\t160-quality-20261007T013645Z-cd518eac\runs\t160-quality-20261007T013645Z-cd518eac-10-IMP-MIXED-r1\result.json
t160-quality-20261007T013645Z-cd518eac-10-IMP-MIXED-r1,IMP-MIXED,1,automatic,455720b9-9061-5bce-83af-d6d53c6c84e1,,ocr_required,source_page_numbers,source_provided,True,False,[2],,missing_identity,round1-import\t160-quality-20261007T013645Z-cd518eac\runs\t160-quality-20261007T013645Z-cd518eac-10-IMP-MIXED-r1\result.json
t160-quality-20261007T013645Z-cd518eac-10-IMP-MIXED-r1,IMP-MIXED,1,automatic,455720b9-9061-5bce-83af-d6d53c6c84e1,,ocr_required,question_type,source_provided,True,False,TRUE_FALSE,,missing_identity,round1-import\t160-quality-20261007T013645Z-cd518eac\runs\t160-quality-20261007T013645Z-cd518eac-10-IMP-MIXED-r1\result.json
t160-quality-20261007T013645Z-cd518eac-10-IMP-MIXED-r1,IMP-MIXED,1,automatic,455720b9-9061-5bce-83af-d6d53c6c84e1,,ocr_required,content,source_provided,True,False,右图三角形面积为 24 cm²。,,missing_identity,round1-import\t160-quality-20261007T013645Z-cd518eac\runs\t160-quality-20261007T013645Z-cd518eac-10-IMP-MIXED-r1\result.json
t160-quality-20261007T013645Z-cd518eac-10-IMP-MIXED-r1,IMP-MIXED,1,automatic,455720b9-9061-5bce-83af-d6d53c6c84e1,,ocr_required,options,source_provided,True,False,"[""正确"", ""错误""]",,missing_identity,round1-import\t160-quality-20261007T013645Z-cd518eac\runs\t160-quality-20261007T013645Z-cd518eac-10-IMP-MIXED-r1\result.json
t160-quality-20261007T013645Z-cd518eac-10-IMP-MIXED-r1,IMP-MIXED,1,automatic,455720b9-9061-5bce-83af-d6d53c6c84e1,,ocr_required,reference_answer,known_missing,True,False,,,missing_identity,round1-import\t160-quality-20261007T013645Z-cd518eac\runs\t160-quality-20261007T013645Z-cd518eac-10-IMP-MIXED-r1\result.json
t160-quality-20261007T013645Z-cd518eac-10-IMP-MIXED-r1,IMP-MIXED,1,automatic,455720b9-9061-5bce-83af-d6d53c6c84e1,,ocr_required,analysis,known_missing,True,False,,,missing_identity,round1-import\t160-quality-20261007T013645Z-cd518eac\runs\t160-quality-20261007T013645Z-cd518eac-10-IMP-MIXED-r1\result.json
t160-quality-20261007T013645Z-cd518eac-10-IMP-MIXED-r1,IMP-MIXED,1,automatic,455720b9-9061-5bce-83af-d6d53c6c84e1,,ocr_required,score,source_provided,True,False,2.00,,missing_identity,round1-import\t160-quality-20261007T013645Z-cd518eac\runs\t160-quality-20261007T013645Z-cd518eac-10-IMP-MIXED-r1\result.json
t160-quality-20261007T013645Z-cd518eac-10-IMP-MIXED-r1,IMP-MIXED,1,automatic,455720b9-9061-5bce-83af-d6d53c6c84e1,,ocr_required,scoring_rubric,known_missing,True,False,,,missing_identity,round1-import\t160-quality-20261007T013645Z-cd518eac\runs\t160-quality-20261007T013645Z-cd518eac-10-IMP-MIXED-r1\result.json
t160-quality-20261007T013645Z-cd518eac-10-IMP-MIXED-r1,IMP-MIXED,1,automatic,455720b9-9061-5bce-83af-d6d53c6c84e1,,ocr_required,knowledge_points,known_missing,True,False,[],,missing_identity,round1-import\t160-quality-20261007T013645Z-cd518eac\runs\t160-quality-20261007T013645Z-cd518eac-10-IMP-MIXED-r1\result.json
t160-quality-20261007T013645Z-cd518eac-10-IMP-MIXED-r1,IMP-MIXED,1,automatic,455720b9-9061-5bce-83af-d6d53c6c84e1,,ocr_required,source_regions,unknown,False,,,,reference_unknown,round1-import\t160-quality-20261007T013645Z-cd518eac\runs\t160-quality-20261007T013645Z-cd518eac-10-IMP-MIXED-r1\result.json
t160-quality-20261007T013645Z-cd518eac-10-IMP-MIXED-r1,IMP-MIXED,1,automatic,455720b9-9061-5bce-83af-d6d53c6c84e1,,ocr_required,assets,source_provided,True,False,"[{""asset_type"": ""figure"", ""source_page_number"": 2, ""order_index"": 1}]",,missing_identity,round1-import\t160-quality-20261007T013645Z-cd518eac\runs\t160-quality-20261007T013645Z-cd518eac-10-IMP-MIXED-r1\result.json
t160-quality-20261007T013645Z-cd518eac-10-IMP-MIXED-r1,IMP-MIXED,1,automatic,bf862f8d-df39-5559-bab5-d942fccb2432,,ocr_required,question_number,source_provided,True,False,6,,missing_identity,round1-import\t160-quality-20261007T013645Z-cd518eac\runs\t160-quality-20261007T013645Z-cd518eac-10-IMP-MIXED-r1\result.json
t160-quality-20261007T013645Z-cd518eac-10-IMP-MIXED-r1,IMP-MIXED,1,automatic,bf862f8d-df39-5559-bab5-d942fccb2432,,ocr_required,order_index,source_provided,True,False,6,,missing_identity,round1-import\t160-quality-20261007T013645Z-cd518eac\runs\t160-quality-20261007T013645Z-cd518eac-10-IMP-MIXED-r1\result.json
t160-quality-20261007T013645Z-cd518eac-10-IMP-MIXED-r1,IMP-MIXED,1,automatic,bf862f8d-df39-5559-bab5-d942fccb2432,,ocr_required,source_page_numbers,source_provided,True,False,[2],,missing_identity,round1-import\t160-quality-20261007T013645Z-cd518eac\runs\t160-quality-20261007T013645Z-cd518eac-10-IMP-MIXED-r1\result.json
t160-quality-20261007T013645Z-cd518eac-10-IMP-MIXED-r1,IMP-MIXED,1,automatic,bf862f8d-df39-5559-bab5-d942fccb2432,,ocr_required,question_type,source_provided,True,False,SHORT_ANSWER,,missing_identity,round1-import\t160-quality-20261007T013645Z-cd518eac\runs\t160-quality-20261007T013645Z-cd518eac-10-IMP-MIXED-r1\result.json
t160-quality-20261007T013645Z-cd518eac-10-IMP-MIXED-r1,IMP-MIXED,1,automatic,bf862f8d-df39-5559-bab5-d942fccb2432,,ocr_required,content,source_provided,True,False,根据下表写出 y 关于 x 的关系式。,,missing_identity,round1-import\t160-quality-20261007T013645Z-cd518eac\runs\t160-quality-20261007T013645Z-cd518eac-10-IMP-MIXED-r1\result.json
t160-quality-20261007T013645Z-cd518eac-10-IMP-MIXED-r1,IMP-MIXED,1,automatic,bf862f8d-df39-5559-bab5-d942fccb2432,,ocr_required,options,not_applicable,True,False,,,missing_identity,round1-import\t160-quality-20261007T013645Z-cd518eac\runs\t160-quality-20261007T013645Z-cd518eac-10-IMP-MIXED-r1\result.json
t160-quality-20261007T013645Z-cd518eac-10-IMP-MIXED-r1,IMP-MIXED,1,automatic,bf862f8d-df39-5559-bab5-d942fccb2432,,ocr_required,reference_answer,known_missing,True,False,,,missing_identity,round1-import\t160-quality-20261007T013645Z-cd518eac\runs\t160-quality-20261007T013645Z-cd518eac-10-IMP-MIXED-r1\result.json
t160-quality-20261007T013645Z-cd518eac-10-IMP-MIXED-r1,IMP-MIXED,1,automatic,bf862f8d-df39-5559-bab5-d942fccb2432,,ocr_required,analysis,known_missing,True,False,,,missing_identity,round1-import\t160-quality-20261007T013645Z-cd518eac\runs\t160-quality-20261007T013645Z-cd518eac-10-IMP-MIXED-r1\result.json
t160-quality-20261007T013645Z-cd518eac-10-IMP-MIXED-r1,IMP-MIXED,1,automatic,bf862f8d-df39-5559-bab5-d942fccb2432,,ocr_required,score,source_provided,True,False,3.00,,missing_identity,round1-import\t160-quality-20261007T013645Z-cd518eac\runs\t160-quality-20261007T013645Z-cd518eac-10-IMP-MIXED-r1\result.json
t160-quality-20261007T013645Z-cd518eac-10-IMP-MIXED-r1,IMP-MIXED,1,automatic,bf862f8d-df39-5559-bab5-d942fccb2432,,ocr_required,scoring_rubric,source_provided,True,False,正确关系式 1.00；说明代入过程 2.00。,,missing_identity,round1-import\t160-quality-20261007T013645Z-cd518eac\runs\t160-quality-20261007T013645Z-cd518eac-10-IMP-MIXED-r1\result.json
t160-quality-20261007T013645Z-cd518eac-10-IMP-MIXED-r1,IMP-MIXED,1,automatic,bf862f8d-df39-5559-bab5-d942fccb2432,,ocr_required,knowledge_points,source_provided,True,False,"[""一次函数"", ""表达与计算""]",,missing_identity,round1-import\t160-quality-20261007T013645Z-cd518eac\runs\t160-quality-20261007T013645Z-cd518eac-10-IMP-MIXED-r1\result.json
t160-quality-20261007T013645Z-cd518eac-10-IMP-MIXED-r1,IMP-MIXED,1,automatic,bf862f8d-df39-5559-bab5-d942fccb2432,,ocr_required,source_regions,unknown,False,,,,reference_unknown,round1-import\t160-quality-20261007T013645Z-cd518eac\runs\t160-quality-20261007T013645Z-cd518eac-10-IMP-MIXED-r1\result.json
t160-quality-20261007T013645Z-cd518eac-10-IMP-MIXED-r1,IMP-MIXED,1,automatic,bf862f8d-df39-5559-bab5-d942fccb2432,,ocr_required,assets,source_provided,True,False,"[{""asset_type"": ""table"", ""source_page_number"": 2, ""order_index"": 1}]",,missing_identity,round1-import\t160-quality-20261007T013645Z-cd518eac\runs\t160-quality-20261007T013645Z-cd518eac-10-IMP-MIXED-r1\result.json
t160-quality-20261007T013645Z-cd518eac-11-IMP-MIXED-r2,IMP-MIXED,2,automatic,1faa8619-84cc-5d65-86ae-244c7f68645e,d0480103-c128-4b8b-82de-225107b58fa0,native_text,question_number,source_provided,True,True,1,1,matched,round1-import\t160-quality-20261007T013645Z-cd518eac\runs\t160-quality-20261007T013645Z-cd518eac-11-IMP-MIXED-r2\result.json
t160-quality-20261007T013645Z-cd518eac-11-IMP-MIXED-r2,IMP-MIXED,2,automatic,1faa8619-84cc-5d65-86ae-244c7f68645e,d0480103-c128-4b8b-82de-225107b58fa0,native_text,order_index,source_provided,True,True,1,1,matched,round1-import\t160-quality-20261007T013645Z-cd518eac\runs\t160-quality-20261007T013645Z-cd518eac-11-IMP-MIXED-r2\result.json
t160-quality-20261007T013645Z-cd518eac-11-IMP-MIXED-r2,IMP-MIXED,2,automatic,1faa8619-84cc-5d65-86ae-244c7f68645e,d0480103-c128-4b8b-82de-225107b58fa0,native_text,source_page_numbers,source_provided,True,True,[1],[1],matched,round1-import\t160-quality-20261007T013645Z-cd518eac\runs\t160-quality-20261007T013645Z-cd518eac-11-IMP-MIXED-r2\result.json
t160-quality-20261007T013645Z-cd518eac-11-IMP-MIXED-r2,IMP-MIXED,2,automatic,1faa8619-84cc-5d65-86ae-244c7f68645e,d0480103-c128-4b8b-82de-225107b58fa0,native_text,question_type,source_provided,True,True,SINGLE_CHOICE,SINGLE_CHOICE,matched,round1-import\t160-quality-20261007T013645Z-cd518eac\runs\t160-quality-20261007T013645Z-cd518eac-11-IMP-MIXED-r2\result.json
t160-quality-20261007T013645Z-cd518eac-11-IMP-MIXED-r2,IMP-MIXED,2,automatic,1faa8619-84cc-5d65-86ae-244c7f68645e,d0480103-c128-4b8b-82de-225107b58fa0,native_text,content,source_provided,True,True,y = 2x + 1，x = 3 时 y 为多少？,y = 2x + 1，x = 3 时 y 为多少？,matched,round1-import\t160-quality-20261007T013645Z-cd518eac\runs\t160-quality-20261007T013645Z-cd518eac-11-IMP-MIXED-r2\result.json
t160-quality-20261007T013645Z-cd518eac-11-IMP-MIXED-r2,IMP-MIXED,2,automatic,1faa8619-84cc-5d65-86ae-244c7f68645e,d0480103-c128-4b8b-82de-225107b58fa0,native_text,options,source_provided,True,True,"{""C"": ""7"", ""A"": ""5"", ""B"": ""6"", ""D"": ""8""}","{""C"": ""7"", ""A"": ""5"", ""B"": ""6"", ""D"": ""8""}",matched,round1-import\t160-quality-20261007T013645Z-cd518eac\runs\t160-quality-20261007T013645Z-cd518eac-11-IMP-MIXED-r2\result.json
t160-quality-20261007T013645Z-cd518eac-11-IMP-MIXED-r2,IMP-MIXED,2,automatic,1faa8619-84cc-5d65-86ae-244c7f68645e,d0480103-c128-4b8b-82de-225107b58fa0,native_text,reference_answer,source_provided,True,True,C,C,matched,round1-import\t160-quality-20261007T013645Z-cd518eac\runs\t160-quality-20261007T013645Z-cd518eac-11-IMP-MIXED-r2\result.json
t160-quality-20261007T013645Z-cd518eac-11-IMP-MIXED-r2,IMP-MIXED,2,automatic,1faa8619-84cc-5d65-86ae-244c7f68645e,d0480103-c128-4b8b-82de-225107b58fa0,native_text,analysis,source_provided,True,True,2 × 3 + 1 = 7。,2 × 3 + 1 = 7。,matched,round1-import\t160-quality-20261007T013645Z-cd518eac\runs\t160-quality-20261007T013645Z-cd518eac-11-IMP-MIXED-r2\result.json
t160-quality-20261007T013645Z-cd518eac-11-IMP-MIXED-r2,IMP-MIXED,2,automatic,1faa8619-84cc-5d65-86ae-244c7f68645e,d0480103-c128-4b8b-82de-225107b58fa0,native_text,score,source_provided,True,True,2.00,2.00,matched,round1-import\t160-quality-20261007T013645Z-cd518eac\runs\t160-quality-20261007T013645Z-cd518eac-11-IMP-MIXED-r2\result.json
t160-quality-20261007T013645Z-cd518eac-11-IMP-MIXED-r2,IMP-MIXED,2,automatic,1faa8619-84cc-5d65-86ae-244c7f68645e,d0480103-c128-4b8b-82de-225107b58fa0,native_text,scoring_rubric,known_missing,True,True,,,matched,round1-import\t160-quality-20261007T013645Z-cd518eac\runs\t160-quality-20261007T013645Z-cd518eac-11-IMP-MIXED-r2\result.json
t160-quality-20261007T013645Z-cd518eac-11-IMP-MIXED-r2,IMP-MIXED,2,automatic,1faa8619-84cc-5d65-86ae-244c7f68645e,d0480103-c128-4b8b-82de-225107b58fa0,native_text,knowledge_points,known_missing,True,True,[],[],matched,round1-import\t160-quality-20261007T013645Z-cd518eac\runs\t160-quality-20261007T013645Z-cd518eac-11-IMP-MIXED-r2\result.json
t160-quality-20261007T013645Z-cd518eac-11-IMP-MIXED-r2,IMP-MIXED,2,automatic,1faa8619-84cc-5d65-86ae-244c7f68645e,d0480103-c128-4b8b-82de-225107b58fa0,native_text,source_regions,unknown,False,,,,reference_unknown,round1-import\t160-quality-20261007T013645Z-cd518eac\runs\t160-quality-20261007T013645Z-cd518eac-11-IMP-MIXED-r2\result.json
t160-quality-20261007T013645Z-cd518eac-11-IMP-MIXED-r2,IMP-MIXED,2,automatic,1faa8619-84cc-5d65-86ae-244c7f68645e,d0480103-c128-4b8b-82de-225107b58fa0,native_text,assets,source_provided,True,False,[],,matched,round1-import\t160-quality-20261007T013645Z-cd518eac\runs\t160-quality-20261007T013645Z-cd518eac-11-IMP-MIXED-r2\result.json
t160-quality-20261007T013645Z-cd518eac-11-IMP-MIXED-r2,IMP-MIXED,2,automatic,545de13f-3fe9-524b-a917-7ab04807806f,dd2c6182-e3b3-46fe-8e6c-b6c9b5eb7857,native_text,question_number,source_provided,True,True,2,2,matched,round1-import\t160-quality-20261007T013645Z-cd518eac\runs\t160-quality-20261007T013645Z-cd518eac-11-IMP-MIXED-r2\result.json
t160-quality-20261007T013645Z-cd518eac-11-IMP-MIXED-r2,IMP-MIXED,2,automatic,545de13f-3fe9-524b-a917-7ab04807806f,dd2c6182-e3b3-46fe-8e6c-b6c9b5eb7857,native_text,order_index,source_provided,True,True,2,2,matched,round1-import\t160-quality-20261007T013645Z-cd518eac\runs\t160-quality-20261007T013645Z-cd518eac-11-IMP-MIXED-r2\result.json
t160-quality-20261007T013645Z-cd518eac-11-IMP-MIXED-r2,IMP-MIXED,2,automatic,545de13f-3fe9-524b-a917-7ab04807806f,dd2c6182-e3b3-46fe-8e6c-b6c9b5eb7857,native_text,source_page_numbers,source_provided,True,True,[1],[1],matched,round1-import\t160-quality-20261007T013645Z-cd518eac\runs\t160-quality-20261007T013645Z-cd518eac-11-IMP-MIXED-r2\result.json
t160-quality-20261007T013645Z-cd518eac-11-IMP-MIXED-r2,IMP-MIXED,2,automatic,545de13f-3fe9-524b-a917-7ab04807806f,dd2c6182-e3b3-46fe-8e6c-b6c9b5eb7857,native_text,question_type,source_provided,True,True,TRUE_FALSE,TRUE_FALSE,matched,round1-import\t160-quality-20261007T013645Z-cd518eac\runs\t160-quality-20261007T013645Z-cd518eac-11-IMP-MIXED-r2\result.json
t160-quality-20261007T013645Z-cd518eac-11-IMP-MIXED-r2,IMP-MIXED,2,automatic,545de13f-3fe9-524b-a917-7ab04807806f,dd2c6182-e3b3-46fe-8e6c-b6c9b5eb7857,native_text,content,source_provided,True,True,右图三角形面积为 24 cm²。,右图三角形面积为 24 cm²。,matched,round1-import\t160-quality-20261007T013645Z-cd518eac\runs\t160-quality-20261007T013645Z-cd518eac-11-IMP-MIXED-r2\result.json
t160-quality-20261007T013645Z-cd518eac-11-IMP-MIXED-r2,IMP-MIXED,2,automatic,545de13f-3fe9-524b-a917-7ab04807806f,dd2c6182-e3b3-46fe-8e6c-b6c9b5eb7857,native_text,options,source_provided,True,True,"[""正确"", ""错误""]","[""正确"", ""错误""]",matched,round1-import\t160-quality-20261007T013645Z-cd518eac\runs\t160-quality-20261007T013645Z-cd518eac-11-IMP-MIXED-r2\result.json
t160-quality-20261007T013645Z-cd518eac-11-IMP-MIXED-r2,IMP-MIXED,2,automatic,545de13f-3fe9-524b-a917-7ab04807806f,dd2c6182-e3b3-46fe-8e6c-b6c9b5eb7857,native_text,reference_answer,known_missing,True,True,,,matched,round1-import\t160-quality-20261007T013645Z-cd518eac\runs\t160-quality-20261007T013645Z-cd518eac-11-IMP-MIXED-r2\result.json
t160-quality-20261007T013645Z-cd518eac-11-IMP-MIXED-r2,IMP-MIXED,2,automatic,545de13f-3fe9-524b-a917-7ab04807806f,dd2c6182-e3b3-46fe-8e6c-b6c9b5eb7857,native_text,analysis,known_missing,True,True,,,matched,round1-import\t160-quality-20261007T013645Z-cd518eac\runs\t160-quality-20261007T013645Z-cd518eac-11-IMP-MIXED-r2\result.json
t160-quality-20261007T013645Z-cd518eac-11-IMP-MIXED-r2,IMP-MIXED,2,automatic,545de13f-3fe9-524b-a917-7ab04807806f,dd2c6182-e3b3-46fe-8e6c-b6c9b5eb7857,native_text,score,source_provided,True,True,2.00,2.00,matched,round1-import\t160-quality-20261007T013645Z-cd518eac\runs\t160-quality-20261007T013645Z-cd518eac-11-IMP-MIXED-r2\result.json
t160-quality-20261007T013645Z-cd518eac-11-IMP-MIXED-r2,IMP-MIXED,2,automatic,545de13f-3fe9-524b-a917-7ab04807806f,dd2c6182-e3b3-46fe-8e6c-b6c9b5eb7857,native_text,scoring_rubric,known_missing,True,True,,,matched,round1-import\t160-quality-20261007T013645Z-cd518eac\runs\t160-quality-20261007T013645Z-cd518eac-11-IMP-MIXED-r2\result.json
t160-quality-20261007T013645Z-cd518eac-11-IMP-MIXED-r2,IMP-MIXED,2,automatic,545de13f-3fe9-524b-a917-7ab04807806f,dd2c6182-e3b3-46fe-8e6c-b6c9b5eb7857,native_text,knowledge_points,known_missing,True,True,[],[],matched,round1-import\t160-quality-20261007T013645Z-cd518eac\runs\t160-quality-20261007T013645Z-cd518eac-11-IMP-MIXED-r2\result.json
t160-quality-20261007T013645Z-cd518eac-11-IMP-MIXED-r2,IMP-MIXED,2,automatic,545de13f-3fe9-524b-a917-7ab04807806f,dd2c6182-e3b3-46fe-8e6c-b6c9b5eb7857,native_text,source_regions,unknown,False,,,,reference_unknown,round1-import\t160-quality-20261007T013645Z-cd518eac\runs\t160-quality-20261007T013645Z-cd518eac-11-IMP-MIXED-r2\result.json
t160-quality-20261007T013645Z-cd518eac-11-IMP-MIXED-r2,IMP-MIXED,2,automatic,545de13f-3fe9-524b-a917-7ab04807806f,dd2c6182-e3b3-46fe-8e6c-b6c9b5eb7857,native_text,assets,source_provided,True,False,"[{""asset_type"": ""figure"", ""source_page_number"": 1, ""order_index"": 1}]",,matched,round1-import\t160-quality-20261007T013645Z-cd518eac\runs\t160-quality-20261007T013645Z-cd518eac-11-IMP-MIXED-r2\result.json
t160-quality-20261007T013645Z-cd518eac-11-IMP-MIXED-r2,IMP-MIXED,2,automatic,85533f46-eb86-5893-8742-33939e77750f,82f51481-f686-4cde-9306-dc6ed2680e57,native_text,question_number,source_provided,True,True,3,3,matched,round1-import\t160-quality-20261007T013645Z-cd518eac\runs\t160-quality-20261007T013645Z-cd518eac-11-IMP-MIXED-r2\result.json
t160-quality-20261007T013645Z-cd518eac-11-IMP-MIXED-r2,IMP-MIXED,2,automatic,85533f46-eb86-5893-8742-33939e77750f,82f51481-f686-4cde-9306-dc6ed2680e57,native_text,order_index,source_provided,True,True,3,3,matched,round1-import\t160-quality-20261007T013645Z-cd518eac\runs\t160-quality-20261007T013645Z-cd518eac-11-IMP-MIXED-r2\result.json
t160-quality-20261007T013645Z-cd518eac-11-IMP-MIXED-r2,IMP-MIXED,2,automatic,85533f46-eb86-5893-8742-33939e77750f,82f51481-f686-4cde-9306-dc6ed2680e57,native_text,source_page_numbers,source_provided,True,True,[1],[1],matched,round1-import\t160-quality-20261007T013645Z-cd518eac\runs\t160-quality-20261007T013645Z-cd518eac-11-IMP-MIXED-r2\result.json
t160-quality-20261007T013645Z-cd518eac-11-IMP-MIXED-r2,IMP-MIXED,2,automatic,85533f46-eb86-5893-8742-33939e77750f,82f51481-f686-4cde-9306-dc6ed2680e57,native_text,question_type,source_provided,True,True,SHORT_ANSWER,SHORT_ANSWER,matched,round1-import\t160-quality-20261007T013645Z-cd518eac\runs\t160-quality-20261007T013645Z-cd518eac-11-IMP-MIXED-r2\result.json
t160-quality-20261007T013645Z-cd518eac-11-IMP-MIXED-r2,IMP-MIXED,2,automatic,85533f46-eb86-5893-8742-33939e77750f,82f51481-f686-4cde-9306-dc6ed2680e57,native_text,content,source_provided,True,True,根据下表写出 y 关于 x 的关系式。,根据下表写出 y 关于 x 的关系式。,matched,round1-import\t160-quality-20261007T013645Z-cd518eac\runs\t160-quality-20261007T013645Z-cd518eac-11-IMP-MIXED-r2\result.json
t160-quality-20261007T013645Z-cd518eac-11-IMP-MIXED-r2,IMP-MIXED,2,automatic,85533f46-eb86-5893-8742-33939e77750f,82f51481-f686-4cde-9306-dc6ed2680e57,native_text,options,not_applicable,True,True,,,matched,round1-import\t160-quality-20261007T013645Z-cd518eac\runs\t160-quality-20261007T013645Z-cd518eac-11-IMP-MIXED-r2\result.json
t160-quality-20261007T013645Z-cd518eac-11-IMP-MIXED-r2,IMP-MIXED,2,automatic,85533f46-eb86-5893-8742-33939e77750f,82f51481-f686-4cde-9306-dc6ed2680e57,native_text,reference_answer,known_missing,True,True,,,matched,round1-import\t160-quality-20261007T013645Z-cd518eac\runs\t160-quality-20261007T013645Z-cd518eac-11-IMP-MIXED-r2\result.json
t160-quality-20261007T013645Z-cd518eac-11-IMP-MIXED-r2,IMP-MIXED,2,automatic,85533f46-eb86-5893-8742-33939e77750f,82f51481-f686-4cde-9306-dc6ed2680e57,native_text,analysis,known_missing,True,True,,,matched,round1-import\t160-quality-20261007T013645Z-cd518eac\runs\t160-quality-20261007T013645Z-cd518eac-11-IMP-MIXED-r2\result.json
t160-quality-20261007T013645Z-cd518eac-11-IMP-MIXED-r2,IMP-MIXED,2,automatic,85533f46-eb86-5893-8742-33939e77750f,82f51481-f686-4cde-9306-dc6ed2680e57,native_text,score,source_provided,True,True,3.00,3.00,matched,round1-import\t160-quality-20261007T013645Z-cd518eac\runs\t160-quality-20261007T013645Z-cd518eac-11-IMP-MIXED-r2\result.json
t160-quality-20261007T013645Z-cd518eac-11-IMP-MIXED-r2,IMP-MIXED,2,automatic,85533f46-eb86-5893-8742-33939e77750f,82f51481-f686-4cde-9306-dc6ed2680e57,native_text,scoring_rubric,source_provided,True,True,正确关系式 1.00；说明代入过程 2.00。,正确关系式 1.00；说明代入过程 2.00。,matched,round1-import\t160-quality-20261007T013645Z-cd518eac\runs\t160-quality-20261007T013645Z-cd518eac-11-IMP-MIXED-r2\result.json
t160-quality-20261007T013645Z-cd518eac-11-IMP-MIXED-r2,IMP-MIXED,2,automatic,85533f46-eb86-5893-8742-33939e77750f,82f51481-f686-4cde-9306-dc6ed2680e57,native_text,knowledge_points,source_provided,True,True,"[""一次函数"", ""表达与计算""]","[""一次函数"", ""表达与计算""]",matched,round1-import\t160-quality-20261007T013645Z-cd518eac\runs\t160-quality-20261007T013645Z-cd518eac-11-IMP-MIXED-r2\result.json
t160-quality-20261007T013645Z-cd518eac-11-IMP-MIXED-r2,IMP-MIXED,2,automatic,85533f46-eb86-5893-8742-33939e77750f,82f51481-f686-4cde-9306-dc6ed2680e57,native_text,source_regions,unknown,False,,,,reference_unknown,round1-import\t160-quality-20261007T013645Z-cd518eac\runs\t160-quality-20261007T013645Z-cd518eac-11-IMP-MIXED-r2\result.json
t160-quality-20261007T013645Z-cd518eac-11-IMP-MIXED-r2,IMP-MIXED,2,automatic,85533f46-eb86-5893-8742-33939e77750f,82f51481-f686-4cde-9306-dc6ed2680e57,native_text,assets,source_provided,True,False,"[{""asset_type"": ""table"", ""source_page_number"": 1, ""order_index"": 1}]",,matched,round1-import\t160-quality-20261007T013645Z-cd518eac\runs\t160-quality-20261007T013645Z-cd518eac-11-IMP-MIXED-r2\result.json
t160-quality-20261007T013645Z-cd518eac-11-IMP-MIXED-r2,IMP-MIXED,2,automatic,0fa8d57e-58c2-5aa4-b8cd-e52e96380a38,4d0e1e41-098c-4e1b-850a-154ddfe42cf2,ocr_required,question_number,source_provided,True,True,4,4,matched,round1-import\t160-quality-20261007T013645Z-cd518eac\runs\t160-quality-20261007T013645Z-cd518eac-11-IMP-MIXED-r2\result.json
t160-quality-20261007T013645Z-cd518eac-11-IMP-MIXED-r2,IMP-MIXED,2,automatic,0fa8d57e-58c2-5aa4-b8cd-e52e96380a38,4d0e1e41-098c-4e1b-850a-154ddfe42cf2,ocr_required,order_index,source_provided,True,True,4,4,matched,round1-import\t160-quality-20261007T013645Z-cd518eac\runs\t160-quality-20261007T013645Z-cd518eac-11-IMP-MIXED-r2\result.json
t160-quality-20261007T013645Z-cd518eac-11-IMP-MIXED-r2,IMP-MIXED,2,automatic,0fa8d57e-58c2-5aa4-b8cd-e52e96380a38,4d0e1e41-098c-4e1b-850a-154ddfe42cf2,ocr_required,source_page_numbers,source_provided,True,True,[2],[2],matched,round1-import\t160-quality-20261007T013645Z-cd518eac\runs\t160-quality-20261007T013645Z-cd518eac-11-IMP-MIXED-r2\result.json
t160-quality-20261007T013645Z-cd518eac-11-IMP-MIXED-r2,IMP-MIXED,2,automatic,0fa8d57e-58c2-5aa4-b8cd-e52e96380a38,4d0e1e41-098c-4e1b-850a-154ddfe42cf2,ocr_required,question_type,source_provided,True,True,SINGLE_CHOICE,SINGLE_CHOICE,matched,round1-import\t160-quality-20261007T013645Z-cd518eac\runs\t160-quality-20261007T013645Z-cd518eac-11-IMP-MIXED-r2\result.json
t160-quality-20261007T013645Z-cd518eac-11-IMP-MIXED-r2,IMP-MIXED,2,automatic,0fa8d57e-58c2-5aa4-b8cd-e52e96380a38,4d0e1e41-098c-4e1b-850a-154ddfe42cf2,ocr_required,content,source_provided,True,True,y = 2x + 1，x = 3 时 y 为多少？,y = 2x + 1，x = 3 时 y 为多少？,matched,round1-import\t160-quality-20261007T013645Z-cd518eac\runs\t160-quality-20261007T013645Z-cd518eac-11-IMP-MIXED-r2\result.json
t160-quality-20261007T013645Z-cd518eac-11-IMP-MIXED-r2,IMP-MIXED,2,automatic,0fa8d57e-58c2-5aa4-b8cd-e52e96380a38,4d0e1e41-098c-4e1b-850a-154ddfe42cf2,ocr_required,options,source_provided,True,True,"{""C"": ""7"", ""A"": ""5"", ""B"": ""6"", ""D"": ""8""}","{""C"": ""7"", ""A"": ""5"", ""B"": ""6"", ""D"": ""8""}",matched,round1-import\t160-quality-20261007T013645Z-cd518eac\runs\t160-quality-20261007T013645Z-cd518eac-11-IMP-MIXED-r2\result.json
t160-quality-20261007T013645Z-cd518eac-11-IMP-MIXED-r2,IMP-MIXED,2,automatic,0fa8d57e-58c2-5aa4-b8cd-e52e96380a38,4d0e1e41-098c-4e1b-850a-154ddfe42cf2,ocr_required,reference_answer,source_provided,True,True,C,C,matched,round1-import\t160-quality-20261007T013645Z-cd518eac\runs\t160-quality-20261007T013645Z-cd518eac-11-IMP-MIXED-r2\result.json
t160-quality-20261007T013645Z-cd518eac-11-IMP-MIXED-r2,IMP-MIXED,2,automatic,0fa8d57e-58c2-5aa4-b8cd-e52e96380a38,4d0e1e41-098c-4e1b-850a-154ddfe42cf2,ocr_required,analysis,source_provided,True,True,2 × 3 + 1 = 7。,2 × 3 + 1 = 7。,matched,round1-import\t160-quality-20261007T013645Z-cd518eac\runs\t160-quality-20261007T013645Z-cd518eac-11-IMP-MIXED-r2\result.json
t160-quality-20261007T013645Z-cd518eac-11-IMP-MIXED-r2,IMP-MIXED,2,automatic,0fa8d57e-58c2-5aa4-b8cd-e52e96380a38,4d0e1e41-098c-4e1b-850a-154ddfe42cf2,ocr_required,score,source_provided,True,True,2.00,2.00,matched,round1-import\t160-quality-20261007T013645Z-cd518eac\runs\t160-quality-20261007T013645Z-cd518eac-11-IMP-MIXED-r2\result.json
t160-quality-20261007T013645Z-cd518eac-11-IMP-MIXED-r2,IMP-MIXED,2,automatic,0fa8d57e-58c2-5aa4-b8cd-e52e96380a38,4d0e1e41-098c-4e1b-850a-154ddfe42cf2,ocr_required,scoring_rubric,known_missing,True,True,,,matched,round1-import\t160-quality-20261007T013645Z-cd518eac\runs\t160-quality-20261007T013645Z-cd518eac-11-IMP-MIXED-r2\result.json
t160-quality-20261007T013645Z-cd518eac-11-IMP-MIXED-r2,IMP-MIXED,2,automatic,0fa8d57e-58c2-5aa4-b8cd-e52e96380a38,4d0e1e41-098c-4e1b-850a-154ddfe42cf2,ocr_required,knowledge_points,known_missing,True,True,[],[],matched,round1-import\t160-quality-20261007T013645Z-cd518eac\runs\t160-quality-20261007T013645Z-cd518eac-11-IMP-MIXED-r2\result.json
t160-quality-20261007T013645Z-cd518eac-11-IMP-MIXED-r2,IMP-MIXED,2,automatic,0fa8d57e-58c2-5aa4-b8cd-e52e96380a38,4d0e1e41-098c-4e1b-850a-154ddfe42cf2,ocr_required,source_regions,unknown,False,,,,reference_unknown,round1-import\t160-quality-20261007T013645Z-cd518eac\runs\t160-quality-20261007T013645Z-cd518eac-11-IMP-MIXED-r2\result.json
t160-quality-20261007T013645Z-cd518eac-11-IMP-MIXED-r2,IMP-MIXED,2,automatic,0fa8d57e-58c2-5aa4-b8cd-e52e96380a38,4d0e1e41-098c-4e1b-850a-154ddfe42cf2,ocr_required,assets,source_provided,True,False,[],,matched,round1-import\t160-quality-20261007T013645Z-cd518eac\runs\t160-quality-20261007T013645Z-cd518eac-11-IMP-MIXED-r2\result.json
t160-quality-20261007T013645Z-cd518eac-11-IMP-MIXED-r2,IMP-MIXED,2,automatic,455720b9-9061-5bce-83af-d6d53c6c84e1,bf449f0c-9358-4d5f-8811-944461d9c26a,ocr_required,question_number,source_provided,True,True,5,5,matched,round1-import\t160-quality-20261007T013645Z-cd518eac\runs\t160-quality-20261007T013645Z-cd518eac-11-IMP-MIXED-r2\result.json
t160-quality-20261007T013645Z-cd518eac-11-IMP-MIXED-r2,IMP-MIXED,2,automatic,455720b9-9061-5bce-83af-d6d53c6c84e1,bf449f0c-9358-4d5f-8811-944461d9c26a,ocr_required,order_index,source_provided,True,True,5,5,matched,round1-import\t160-quality-20261007T013645Z-cd518eac\runs\t160-quality-20261007T013645Z-cd518eac-11-IMP-MIXED-r2\result.json
t160-quality-20261007T013645Z-cd518eac-11-IMP-MIXED-r2,IMP-MIXED,2,automatic,455720b9-9061-5bce-83af-d6d53c6c84e1,bf449f0c-9358-4d5f-8811-944461d9c26a,ocr_required,source_page_numbers,source_provided,True,True,[2],[2],matched,round1-import\t160-quality-20261007T013645Z-cd518eac\runs\t160-quality-20261007T013645Z-cd518eac-11-IMP-MIXED-r2\result.json
t160-quality-20261007T013645Z-cd518eac-11-IMP-MIXED-r2,IMP-MIXED,2,automatic,455720b9-9061-5bce-83af-d6d53c6c84e1,bf449f0c-9358-4d5f-8811-944461d9c26a,ocr_required,question_type,source_provided,True,True,TRUE_FALSE,TRUE_FALSE,matched,round1-import\t160-quality-20261007T013645Z-cd518eac\runs\t160-quality-20261007T013645Z-cd518eac-11-IMP-MIXED-r2\result.json
t160-quality-20261007T013645Z-cd518eac-11-IMP-MIXED-r2,IMP-MIXED,2,automatic,455720b9-9061-5bce-83af-d6d53c6c84e1,bf449f0c-9358-4d5f-8811-944461d9c26a,ocr_required,content,source_provided,True,True,右图三角形面积为 24 cm²。,右图三角形面积为 24 cm²。,matched,round1-import\t160-quality-20261007T013645Z-cd518eac\runs\t160-quality-20261007T013645Z-cd518eac-11-IMP-MIXED-r2\result.json
t160-quality-20261007T013645Z-cd518eac-11-IMP-MIXED-r2,IMP-MIXED,2,automatic,455720b9-9061-5bce-83af-d6d53c6c84e1,bf449f0c-9358-4d5f-8811-944461d9c26a,ocr_required,options,source_provided,True,True,"[""正确"", ""错误""]","[""正确"", ""错误""]",matched,round1-import\t160-quality-20261007T013645Z-cd518eac\runs\t160-quality-20261007T013645Z-cd518eac-11-IMP-MIXED-r2\result.json
t160-quality-20261007T013645Z-cd518eac-11-IMP-MIXED-r2,IMP-MIXED,2,automatic,455720b9-9061-5bce-83af-d6d53c6c84e1,bf449f0c-9358-4d5f-8811-944461d9c26a,ocr_required,reference_answer,known_missing,True,True,,,matched,round1-import\t160-quality-20261007T013645Z-cd518eac\runs\t160-quality-20261007T013645Z-cd518eac-11-IMP-MIXED-r2\result.json
t160-quality-20261007T013645Z-cd518eac-11-IMP-MIXED-r2,IMP-MIXED,2,automatic,455720b9-9061-5bce-83af-d6d53c6c84e1,bf449f0c-9358-4d5f-8811-944461d9c26a,ocr_required,analysis,known_missing,True,True,,,matched,round1-import\t160-quality-20261007T013645Z-cd518eac\runs\t160-quality-20261007T013645Z-cd518eac-11-IMP-MIXED-r2\result.json
t160-quality-20261007T013645Z-cd518eac-11-IMP-MIXED-r2,IMP-MIXED,2,automatic,455720b9-9061-5bce-83af-d6d53c6c84e1,bf449f0c-9358-4d5f-8811-944461d9c26a,ocr_required,score,source_provided,True,True,2.00,2.00,matched,round1-import\t160-quality-20261007T013645Z-cd518eac\runs\t160-quality-20261007T013645Z-cd518eac-11-IMP-MIXED-r2\result.json
t160-quality-20261007T013645Z-cd518eac-11-IMP-MIXED-r2,IMP-MIXED,2,automatic,455720b9-9061-5bce-83af-d6d53c6c84e1,bf449f0c-9358-4d5f-8811-944461d9c26a,ocr_required,scoring_rubric,known_missing,True,True,,,matched,round1-import\t160-quality-20261007T013645Z-cd518eac\runs\t160-quality-20261007T013645Z-cd518eac-11-IMP-MIXED-r2\result.json
t160-quality-20261007T013645Z-cd518eac-11-IMP-MIXED-r2,IMP-MIXED,2,automatic,455720b9-9061-5bce-83af-d6d53c6c84e1,bf449f0c-9358-4d5f-8811-944461d9c26a,ocr_required,knowledge_points,known_missing,True,True,[],[],matched,round1-import\t160-quality-20261007T013645Z-cd518eac\runs\t160-quality-20261007T013645Z-cd518eac-11-IMP-MIXED-r2\result.json
t160-quality-20261007T013645Z-cd518eac-11-IMP-MIXED-r2,IMP-MIXED,2,automatic,455720b9-9061-5bce-83af-d6d53c6c84e1,bf449f0c-9358-4d5f-8811-944461d9c26a,ocr_required,source_regions,unknown,False,,,,reference_unknown,round1-import\t160-quality-20261007T013645Z-cd518eac\runs\t160-quality-20261007T013645Z-cd518eac-11-IMP-MIXED-r2\result.json
t160-quality-20261007T013645Z-cd518eac-11-IMP-MIXED-r2,IMP-MIXED,2,automatic,455720b9-9061-5bce-83af-d6d53c6c84e1,bf449f0c-9358-4d5f-8811-944461d9c26a,ocr_required,assets,source_provided,True,False,"[{""asset_type"": ""figure"", ""source_page_number"": 2, ""order_index"": 1}]",,matched,round1-import\t160-quality-20261007T013645Z-cd518eac\runs\t160-quality-20261007T013645Z-cd518eac-11-IMP-MIXED-r2\result.json
t160-quality-20261007T013645Z-cd518eac-11-IMP-MIXED-r2,IMP-MIXED,2,automatic,bf862f8d-df39-5559-bab5-d942fccb2432,659b287b-85b9-453c-99b3-9f0b2632ae78,ocr_required,question_number,source_provided,True,True,6,6,matched,round1-import\t160-quality-20261007T013645Z-cd518eac\runs\t160-quality-20261007T013645Z-cd518eac-11-IMP-MIXED-r2\result.json
t160-quality-20261007T013645Z-cd518eac-11-IMP-MIXED-r2,IMP-MIXED,2,automatic,bf862f8d-df39-5559-bab5-d942fccb2432,659b287b-85b9-453c-99b3-9f0b2632ae78,ocr_required,order_index,source_provided,True,True,6,6,matched,round1-import\t160-quality-20261007T013645Z-cd518eac\runs\t160-quality-20261007T013645Z-cd518eac-11-IMP-MIXED-r2\result.json
t160-quality-20261007T013645Z-cd518eac-11-IMP-MIXED-r2,IMP-MIXED,2,automatic,bf862f8d-df39-5559-bab5-d942fccb2432,659b287b-85b9-453c-99b3-9f0b2632ae78,ocr_required,source_page_numbers,source_provided,True,True,[2],[2],matched,round1-import\t160-quality-20261007T013645Z-cd518eac\runs\t160-quality-20261007T013645Z-cd518eac-11-IMP-MIXED-r2\result.json
t160-quality-20261007T013645Z-cd518eac-11-IMP-MIXED-r2,IMP-MIXED,2,automatic,bf862f8d-df39-5559-bab5-d942fccb2432,659b287b-85b9-453c-99b3-9f0b2632ae78,ocr_required,question_type,source_provided,True,True,SHORT_ANSWER,SHORT_ANSWER,matched,round1-import\t160-quality-20261007T013645Z-cd518eac\runs\t160-quality-20261007T013645Z-cd518eac-11-IMP-MIXED-r2\result.json
t160-quality-20261007T013645Z-cd518eac-11-IMP-MIXED-r2,IMP-MIXED,2,automatic,bf862f8d-df39-5559-bab5-d942fccb2432,659b287b-85b9-453c-99b3-9f0b2632ae78,ocr_required,content,source_provided,True,True,根据下表写出 y 关于 x 的关系式。,根据下表写出 y 关于 x 的关系式。,matched,round1-import\t160-quality-20261007T013645Z-cd518eac\runs\t160-quality-20261007T013645Z-cd518eac-11-IMP-MIXED-r2\result.json
t160-quality-20261007T013645Z-cd518eac-11-IMP-MIXED-r2,IMP-MIXED,2,automatic,bf862f8d-df39-5559-bab5-d942fccb2432,659b287b-85b9-453c-99b3-9f0b2632ae78,ocr_required,options,not_applicable,True,True,,,matched,round1-import\t160-quality-20261007T013645Z-cd518eac\runs\t160-quality-20261007T013645Z-cd518eac-11-IMP-MIXED-r2\result.json
t160-quality-20261007T013645Z-cd518eac-11-IMP-MIXED-r2,IMP-MIXED,2,automatic,bf862f8d-df39-5559-bab5-d942fccb2432,659b287b-85b9-453c-99b3-9f0b2632ae78,ocr_required,reference_answer,known_missing,True,True,,,matched,round1-import\t160-quality-20261007T013645Z-cd518eac\runs\t160-quality-20261007T013645Z-cd518eac-11-IMP-MIXED-r2\result.json
t160-quality-20261007T013645Z-cd518eac-11-IMP-MIXED-r2,IMP-MIXED,2,automatic,bf862f8d-df39-5559-bab5-d942fccb2432,659b287b-85b9-453c-99b3-9f0b2632ae78,ocr_required,analysis,known_missing,True,True,,,matched,round1-import\t160-quality-20261007T013645Z-cd518eac\runs\t160-quality-20261007T013645Z-cd518eac-11-IMP-MIXED-r2\result.json
t160-quality-20261007T013645Z-cd518eac-11-IMP-MIXED-r2,IMP-MIXED,2,automatic,bf862f8d-df39-5559-bab5-d942fccb2432,659b287b-85b9-453c-99b3-9f0b2632ae78,ocr_required,score,source_provided,True,True,3.00,3.00,matched,round1-import\t160-quality-20261007T013645Z-cd518eac\runs\t160-quality-20261007T013645Z-cd518eac-11-IMP-MIXED-r2\result.json
t160-quality-20261007T013645Z-cd518eac-11-IMP-MIXED-r2,IMP-MIXED,2,automatic,bf862f8d-df39-5559-bab5-d942fccb2432,659b287b-85b9-453c-99b3-9f0b2632ae78,ocr_required,scoring_rubric,source_provided,True,True,正确关系式 1.00；说明代入过程 2.00。,正确关系式 1.00；说明代入过程 2.00。,matched,round1-import\t160-quality-20261007T013645Z-cd518eac\runs\t160-quality-20261007T013645Z-cd518eac-11-IMP-MIXED-r2\result.json
t160-quality-20261007T013645Z-cd518eac-11-IMP-MIXED-r2,IMP-MIXED,2,automatic,bf862f8d-df39-5559-bab5-d942fccb2432,659b287b-85b9-453c-99b3-9f0b2632ae78,ocr_required,knowledge_points,source_provided,True,True,"[""一次函数"", ""表达与计算""]","[""一次函数"", ""表达与计算""]",matched,round1-import\t160-quality-20261007T013645Z-cd518eac\runs\t160-quality-20261007T013645Z-cd518eac-11-IMP-MIXED-r2\result.json
t160-quality-20261007T013645Z-cd518eac-11-IMP-MIXED-r2,IMP-MIXED,2,automatic,bf862f8d-df39-5559-bab5-d942fccb2432,659b287b-85b9-453c-99b3-9f0b2632ae78,ocr_required,source_regions,unknown,False,,,,reference_unknown,round1-import\t160-quality-20261007T013645Z-cd518eac\runs\t160-quality-20261007T013645Z-cd518eac-11-IMP-MIXED-r2\result.json
t160-quality-20261007T013645Z-cd518eac-11-IMP-MIXED-r2,IMP-MIXED,2,automatic,bf862f8d-df39-5559-bab5-d942fccb2432,659b287b-85b9-453c-99b3-9f0b2632ae78,ocr_required,assets,source_provided,True,False,"[{""asset_type"": ""table"", ""source_page_number"": 2, ""order_index"": 1}]",,matched,round1-import\t160-quality-20261007T013645Z-cd518eac\runs\t160-quality-20261007T013645Z-cd518eac-11-IMP-MIXED-r2\result.json
t160-quality-20261007T013645Z-cd518eac-12-IMP-MIXED-r3,IMP-MIXED,3,automatic,1faa8619-84cc-5d65-86ae-244c7f68645e,c926547c-2cf6-477d-b862-705cfb2a8d2c,native_text,question_number,source_provided,True,True,1,1,matched,round1-import\t160-quality-20261007T013645Z-cd518eac\runs\t160-quality-20261007T013645Z-cd518eac-12-IMP-MIXED-r3\result.json
t160-quality-20261007T013645Z-cd518eac-12-IMP-MIXED-r3,IMP-MIXED,3,automatic,1faa8619-84cc-5d65-86ae-244c7f68645e,c926547c-2cf6-477d-b862-705cfb2a8d2c,native_text,order_index,source_provided,True,True,1,1,matched,round1-import\t160-quality-20261007T013645Z-cd518eac\runs\t160-quality-20261007T013645Z-cd518eac-12-IMP-MIXED-r3\result.json
t160-quality-20261007T013645Z-cd518eac-12-IMP-MIXED-r3,IMP-MIXED,3,automatic,1faa8619-84cc-5d65-86ae-244c7f68645e,c926547c-2cf6-477d-b862-705cfb2a8d2c,native_text,source_page_numbers,source_provided,True,True,[1],[1],matched,round1-import\t160-quality-20261007T013645Z-cd518eac\runs\t160-quality-20261007T013645Z-cd518eac-12-IMP-MIXED-r3\result.json
t160-quality-20261007T013645Z-cd518eac-12-IMP-MIXED-r3,IMP-MIXED,3,automatic,1faa8619-84cc-5d65-86ae-244c7f68645e,c926547c-2cf6-477d-b862-705cfb2a8d2c,native_text,question_type,source_provided,True,True,SINGLE_CHOICE,SINGLE_CHOICE,matched,round1-import\t160-quality-20261007T013645Z-cd518eac\runs\t160-quality-20261007T013645Z-cd518eac-12-IMP-MIXED-r3\result.json
t160-quality-20261007T013645Z-cd518eac-12-IMP-MIXED-r3,IMP-MIXED,3,automatic,1faa8619-84cc-5d65-86ae-244c7f68645e,c926547c-2cf6-477d-b862-705cfb2a8d2c,native_text,content,source_provided,True,True,y = 2x + 1，x = 3 时 y 为多少？,y = 2x + 1，x = 3 时 y 为多少？,matched,round1-import\t160-quality-20261007T013645Z-cd518eac\runs\t160-quality-20261007T013645Z-cd518eac-12-IMP-MIXED-r3\result.json
t160-quality-20261007T013645Z-cd518eac-12-IMP-MIXED-r3,IMP-MIXED,3,automatic,1faa8619-84cc-5d65-86ae-244c7f68645e,c926547c-2cf6-477d-b862-705cfb2a8d2c,native_text,options,source_provided,True,True,"{""C"": ""7"", ""A"": ""5"", ""B"": ""6"", ""D"": ""8""}","{""C"": ""7"", ""A"": ""5"", ""B"": ""6"", ""D"": ""8""}",matched,round1-import\t160-quality-20261007T013645Z-cd518eac\runs\t160-quality-20261007T013645Z-cd518eac-12-IMP-MIXED-r3\result.json
t160-quality-20261007T013645Z-cd518eac-12-IMP-MIXED-r3,IMP-MIXED,3,automatic,1faa8619-84cc-5d65-86ae-244c7f68645e,c926547c-2cf6-477d-b862-705cfb2a8d2c,native_text,reference_answer,source_provided,True,True,C,C,matched,round1-import\t160-quality-20261007T013645Z-cd518eac\runs\t160-quality-20261007T013645Z-cd518eac-12-IMP-MIXED-r3\result.json
t160-quality-20261007T013645Z-cd518eac-12-IMP-MIXED-r3,IMP-MIXED,3,automatic,1faa8619-84cc-5d65-86ae-244c7f68645e,c926547c-2cf6-477d-b862-705cfb2a8d2c,native_text,analysis,source_provided,True,True,2 × 3 + 1 = 7。,2 × 3 + 1 = 7。,matched,round1-import\t160-quality-20261007T013645Z-cd518eac\runs\t160-quality-20261007T013645Z-cd518eac-12-IMP-MIXED-r3\result.json
t160-quality-20261007T013645Z-cd518eac-12-IMP-MIXED-r3,IMP-MIXED,3,automatic,1faa8619-84cc-5d65-86ae-244c7f68645e,c926547c-2cf6-477d-b862-705cfb2a8d2c,native_text,score,source_provided,True,True,2.00,2.00,matched,round1-import\t160-quality-20261007T013645Z-cd518eac\runs\t160-quality-20261007T013645Z-cd518eac-12-IMP-MIXED-r3\result.json
t160-quality-20261007T013645Z-cd518eac-12-IMP-MIXED-r3,IMP-MIXED,3,automatic,1faa8619-84cc-5d65-86ae-244c7f68645e,c926547c-2cf6-477d-b862-705cfb2a8d2c,native_text,scoring_rubric,known_missing,True,True,,,matched,round1-import\t160-quality-20261007T013645Z-cd518eac\runs\t160-quality-20261007T013645Z-cd518eac-12-IMP-MIXED-r3\result.json
t160-quality-20261007T013645Z-cd518eac-12-IMP-MIXED-r3,IMP-MIXED,3,automatic,1faa8619-84cc-5d65-86ae-244c7f68645e,c926547c-2cf6-477d-b862-705cfb2a8d2c,native_text,knowledge_points,known_missing,True,True,[],[],matched,round1-import\t160-quality-20261007T013645Z-cd518eac\runs\t160-quality-20261007T013645Z-cd518eac-12-IMP-MIXED-r3\result.json
t160-quality-20261007T013645Z-cd518eac-12-IMP-MIXED-r3,IMP-MIXED,3,automatic,1faa8619-84cc-5d65-86ae-244c7f68645e,c926547c-2cf6-477d-b862-705cfb2a8d2c,native_text,source_regions,unknown,False,,,,reference_unknown,round1-import\t160-quality-20261007T013645Z-cd518eac\runs\t160-quality-20261007T013645Z-cd518eac-12-IMP-MIXED-r3\result.json
t160-quality-20261007T013645Z-cd518eac-12-IMP-MIXED-r3,IMP-MIXED,3,automatic,1faa8619-84cc-5d65-86ae-244c7f68645e,c926547c-2cf6-477d-b862-705cfb2a8d2c,native_text,assets,source_provided,True,False,[],,matched,round1-import\t160-quality-20261007T013645Z-cd518eac\runs\t160-quality-20261007T013645Z-cd518eac-12-IMP-MIXED-r3\result.json
t160-quality-20261007T013645Z-cd518eac-12-IMP-MIXED-r3,IMP-MIXED,3,automatic,545de13f-3fe9-524b-a917-7ab04807806f,609984e8-11bb-4a22-b84d-c4785d69da82,native_text,question_number,source_provided,True,True,2,2,matched,round1-import\t160-quality-20261007T013645Z-cd518eac\runs\t160-quality-20261007T013645Z-cd518eac-12-IMP-MIXED-r3\result.json
t160-quality-20261007T013645Z-cd518eac-12-IMP-MIXED-r3,IMP-MIXED,3,automatic,545de13f-3fe9-524b-a917-7ab04807806f,609984e8-11bb-4a22-b84d-c4785d69da82,native_text,order_index,source_provided,True,True,2,2,matched,round1-import\t160-quality-20261007T013645Z-cd518eac\runs\t160-quality-20261007T013645Z-cd518eac-12-IMP-MIXED-r3\result.json
t160-quality-20261007T013645Z-cd518eac-12-IMP-MIXED-r3,IMP-MIXED,3,automatic,545de13f-3fe9-524b-a917-7ab04807806f,609984e8-11bb-4a22-b84d-c4785d69da82,native_text,source_page_numbers,source_provided,True,True,[1],[1],matched,round1-import\t160-quality-20261007T013645Z-cd518eac\runs\t160-quality-20261007T013645Z-cd518eac-12-IMP-MIXED-r3\result.json
t160-quality-20261007T013645Z-cd518eac-12-IMP-MIXED-r3,IMP-MIXED,3,automatic,545de13f-3fe9-524b-a917-7ab04807806f,609984e8-11bb-4a22-b84d-c4785d69da82,native_text,question_type,source_provided,True,True,TRUE_FALSE,TRUE_FALSE,matched,round1-import\t160-quality-20261007T013645Z-cd518eac\runs\t160-quality-20261007T013645Z-cd518eac-12-IMP-MIXED-r3\result.json
t160-quality-20261007T013645Z-cd518eac-12-IMP-MIXED-r3,IMP-MIXED,3,automatic,545de13f-3fe9-524b-a917-7ab04807806f,609984e8-11bb-4a22-b84d-c4785d69da82,native_text,content,source_provided,True,True,右图三角形面积为 24 cm²。,右图三角形面积为 24 cm²。,matched,round1-import\t160-quality-20261007T013645Z-cd518eac\runs\t160-quality-20261007T013645Z-cd518eac-12-IMP-MIXED-r3\result.json
t160-quality-20261007T013645Z-cd518eac-12-IMP-MIXED-r3,IMP-MIXED,3,automatic,545de13f-3fe9-524b-a917-7ab04807806f,609984e8-11bb-4a22-b84d-c4785d69da82,native_text,options,source_provided,True,True,"[""正确"", ""错误""]","[""正确"", ""错误""]",matched,round1-import\t160-quality-20261007T013645Z-cd518eac\runs\t160-quality-20261007T013645Z-cd518eac-12-IMP-MIXED-r3\result.json
t160-quality-20261007T013645Z-cd518eac-12-IMP-MIXED-r3,IMP-MIXED,3,automatic,545de13f-3fe9-524b-a917-7ab04807806f,609984e8-11bb-4a22-b84d-c4785d69da82,native_text,reference_answer,known_missing,True,True,,,matched,round1-import\t160-quality-20261007T013645Z-cd518eac\runs\t160-quality-20261007T013645Z-cd518eac-12-IMP-MIXED-r3\result.json
t160-quality-20261007T013645Z-cd518eac-12-IMP-MIXED-r3,IMP-MIXED,3,automatic,545de13f-3fe9-524b-a917-7ab04807806f,609984e8-11bb-4a22-b84d-c4785d69da82,native_text,analysis,known_missing,True,True,,,matched,round1-import\t160-quality-20261007T013645Z-cd518eac\runs\t160-quality-20261007T013645Z-cd518eac-12-IMP-MIXED-r3\result.json
t160-quality-20261007T013645Z-cd518eac-12-IMP-MIXED-r3,IMP-MIXED,3,automatic,545de13f-3fe9-524b-a917-7ab04807806f,609984e8-11bb-4a22-b84d-c4785d69da82,native_text,score,source_provided,True,True,2.00,2.00,matched,round1-import\t160-quality-20261007T013645Z-cd518eac\runs\t160-quality-20261007T013645Z-cd518eac-12-IMP-MIXED-r3\result.json
t160-quality-20261007T013645Z-cd518eac-12-IMP-MIXED-r3,IMP-MIXED,3,automatic,545de13f-3fe9-524b-a917-7ab04807806f,609984e8-11bb-4a22-b84d-c4785d69da82,native_text,scoring_rubric,known_missing,True,True,,,matched,round1-import\t160-quality-20261007T013645Z-cd518eac\runs\t160-quality-20261007T013645Z-cd518eac-12-IMP-MIXED-r3\result.json
t160-quality-20261007T013645Z-cd518eac-12-IMP-MIXED-r3,IMP-MIXED,3,automatic,545de13f-3fe9-524b-a917-7ab04807806f,609984e8-11bb-4a22-b84d-c4785d69da82,native_text,knowledge_points,known_missing,True,True,[],[],matched,round1-import\t160-quality-20261007T013645Z-cd518eac\runs\t160-quality-20261007T013645Z-cd518eac-12-IMP-MIXED-r3\result.json
t160-quality-20261007T013645Z-cd518eac-12-IMP-MIXED-r3,IMP-MIXED,3,automatic,545de13f-3fe9-524b-a917-7ab04807806f,609984e8-11bb-4a22-b84d-c4785d69da82,native_text,source_regions,unknown,False,,,,reference_unknown,round1-import\t160-quality-20261007T013645Z-cd518eac\runs\t160-quality-20261007T013645Z-cd518eac-12-IMP-MIXED-r3\result.json
t160-quality-20261007T013645Z-cd518eac-12-IMP-MIXED-r3,IMP-MIXED,3,automatic,545de13f-3fe9-524b-a917-7ab04807806f,609984e8-11bb-4a22-b84d-c4785d69da82,native_text,assets,source_provided,True,False,"[{""asset_type"": ""figure"", ""source_page_number"": 1, ""order_index"": 1}]",,matched,round1-import\t160-quality-20261007T013645Z-cd518eac\runs\t160-quality-20261007T013645Z-cd518eac-12-IMP-MIXED-r3\result.json
t160-quality-20261007T013645Z-cd518eac-12-IMP-MIXED-r3,IMP-MIXED,3,automatic,85533f46-eb86-5893-8742-33939e77750f,129358a6-0b5b-4b34-800f-686f2d6d06fd,native_text,question_number,source_provided,True,True,3,3,matched,round1-import\t160-quality-20261007T013645Z-cd518eac\runs\t160-quality-20261007T013645Z-cd518eac-12-IMP-MIXED-r3\result.json
t160-quality-20261007T013645Z-cd518eac-12-IMP-MIXED-r3,IMP-MIXED,3,automatic,85533f46-eb86-5893-8742-33939e77750f,129358a6-0b5b-4b34-800f-686f2d6d06fd,native_text,order_index,source_provided,True,True,3,3,matched,round1-import\t160-quality-20261007T013645Z-cd518eac\runs\t160-quality-20261007T013645Z-cd518eac-12-IMP-MIXED-r3\result.json
t160-quality-20261007T013645Z-cd518eac-12-IMP-MIXED-r3,IMP-MIXED,3,automatic,85533f46-eb86-5893-8742-33939e77750f,129358a6-0b5b-4b34-800f-686f2d6d06fd,native_text,source_page_numbers,source_provided,True,True,[1],[1],matched,round1-import\t160-quality-20261007T013645Z-cd518eac\runs\t160-quality-20261007T013645Z-cd518eac-12-IMP-MIXED-r3\result.json
t160-quality-20261007T013645Z-cd518eac-12-IMP-MIXED-r3,IMP-MIXED,3,automatic,85533f46-eb86-5893-8742-33939e77750f,129358a6-0b5b-4b34-800f-686f2d6d06fd,native_text,question_type,source_provided,True,True,SHORT_ANSWER,SHORT_ANSWER,matched,round1-import\t160-quality-20261007T013645Z-cd518eac\runs\t160-quality-20261007T013645Z-cd518eac-12-IMP-MIXED-r3\result.json
t160-quality-20261007T013645Z-cd518eac-12-IMP-MIXED-r3,IMP-MIXED,3,automatic,85533f46-eb86-5893-8742-33939e77750f,129358a6-0b5b-4b34-800f-686f2d6d06fd,native_text,content,source_provided,True,True,根据下表写出 y 关于 x 的关系式。,根据下表写出 y 关于 x 的关系式。,matched,round1-import\t160-quality-20261007T013645Z-cd518eac\runs\t160-quality-20261007T013645Z-cd518eac-12-IMP-MIXED-r3\result.json
t160-quality-20261007T013645Z-cd518eac-12-IMP-MIXED-r3,IMP-MIXED,3,automatic,85533f46-eb86-5893-8742-33939e77750f,129358a6-0b5b-4b34-800f-686f2d6d06fd,native_text,options,not_applicable,True,True,,,matched,round1-import\t160-quality-20261007T013645Z-cd518eac\runs\t160-quality-20261007T013645Z-cd518eac-12-IMP-MIXED-r3\result.json
t160-quality-20261007T013645Z-cd518eac-12-IMP-MIXED-r3,IMP-MIXED,3,automatic,85533f46-eb86-5893-8742-33939e77750f,129358a6-0b5b-4b34-800f-686f2d6d06fd,native_text,reference_answer,known_missing,True,True,,,matched,round1-import\t160-quality-20261007T013645Z-cd518eac\runs\t160-quality-20261007T013645Z-cd518eac-12-IMP-MIXED-r3\result.json
t160-quality-20261007T013645Z-cd518eac-12-IMP-MIXED-r3,IMP-MIXED,3,automatic,85533f46-eb86-5893-8742-33939e77750f,129358a6-0b5b-4b34-800f-686f2d6d06fd,native_text,analysis,known_missing,True,True,,,matched,round1-import\t160-quality-20261007T013645Z-cd518eac\runs\t160-quality-20261007T013645Z-cd518eac-12-IMP-MIXED-r3\result.json
t160-quality-20261007T013645Z-cd518eac-12-IMP-MIXED-r3,IMP-MIXED,3,automatic,85533f46-eb86-5893-8742-33939e77750f,129358a6-0b5b-4b34-800f-686f2d6d06fd,native_text,score,source_provided,True,True,3.00,3.00,matched,round1-import\t160-quality-20261007T013645Z-cd518eac\runs\t160-quality-20261007T013645Z-cd518eac-12-IMP-MIXED-r3\result.json
t160-quality-20261007T013645Z-cd518eac-12-IMP-MIXED-r3,IMP-MIXED,3,automatic,85533f46-eb86-5893-8742-33939e77750f,129358a6-0b5b-4b34-800f-686f2d6d06fd,native_text,scoring_rubric,source_provided,True,True,正确关系式 1.00；说明代入过程 2.00。,正确关系式 1.00；说明代入过程 2.00。,matched,round1-import\t160-quality-20261007T013645Z-cd518eac\runs\t160-quality-20261007T013645Z-cd518eac-12-IMP-MIXED-r3\result.json
t160-quality-20261007T013645Z-cd518eac-12-IMP-MIXED-r3,IMP-MIXED,3,automatic,85533f46-eb86-5893-8742-33939e77750f,129358a6-0b5b-4b34-800f-686f2d6d06fd,native_text,knowledge_points,source_provided,True,True,"[""一次函数"", ""表达与计算""]","[""一次函数"", ""表达与计算""]",matched,round1-import\t160-quality-20261007T013645Z-cd518eac\runs\t160-quality-20261007T013645Z-cd518eac-12-IMP-MIXED-r3\result.json
t160-quality-20261007T013645Z-cd518eac-12-IMP-MIXED-r3,IMP-MIXED,3,automatic,85533f46-eb86-5893-8742-33939e77750f,129358a6-0b5b-4b34-800f-686f2d6d06fd,native_text,source_regions,unknown,False,,,,reference_unknown,round1-import\t160-quality-20261007T013645Z-cd518eac\runs\t160-quality-20261007T013645Z-cd518eac-12-IMP-MIXED-r3\result.json
t160-quality-20261007T013645Z-cd518eac-12-IMP-MIXED-r3,IMP-MIXED,3,automatic,85533f46-eb86-5893-8742-33939e77750f,129358a6-0b5b-4b34-800f-686f2d6d06fd,native_text,assets,source_provided,True,False,"[{""asset_type"": ""table"", ""source_page_number"": 1, ""order_index"": 1}]",,matched,round1-import\t160-quality-20261007T013645Z-cd518eac\runs\t160-quality-20261007T013645Z-cd518eac-12-IMP-MIXED-r3\result.json
t160-quality-20261007T013645Z-cd518eac-12-IMP-MIXED-r3,IMP-MIXED,3,automatic,0fa8d57e-58c2-5aa4-b8cd-e52e96380a38,c01dca35-ddb1-489f-ae9c-1fc57ef83820,ocr_required,question_number,source_provided,True,True,4,4,matched,round1-import\t160-quality-20261007T013645Z-cd518eac\runs\t160-quality-20261007T013645Z-cd518eac-12-IMP-MIXED-r3\result.json
t160-quality-20261007T013645Z-cd518eac-12-IMP-MIXED-r3,IMP-MIXED,3,automatic,0fa8d57e-58c2-5aa4-b8cd-e52e96380a38,c01dca35-ddb1-489f-ae9c-1fc57ef83820,ocr_required,order_index,source_provided,True,True,4,4,matched,round1-import\t160-quality-20261007T013645Z-cd518eac\runs\t160-quality-20261007T013645Z-cd518eac-12-IMP-MIXED-r3\result.json
t160-quality-20261007T013645Z-cd518eac-12-IMP-MIXED-r3,IMP-MIXED,3,automatic,0fa8d57e-58c2-5aa4-b8cd-e52e96380a38,c01dca35-ddb1-489f-ae9c-1fc57ef83820,ocr_required,source_page_numbers,source_provided,True,True,[2],[2],matched,round1-import\t160-quality-20261007T013645Z-cd518eac\runs\t160-quality-20261007T013645Z-cd518eac-12-IMP-MIXED-r3\result.json
t160-quality-20261007T013645Z-cd518eac-12-IMP-MIXED-r3,IMP-MIXED,3,automatic,0fa8d57e-58c2-5aa4-b8cd-e52e96380a38,c01dca35-ddb1-489f-ae9c-1fc57ef83820,ocr_required,question_type,source_provided,True,True,SINGLE_CHOICE,SINGLE_CHOICE,matched,round1-import\t160-quality-20261007T013645Z-cd518eac\runs\t160-quality-20261007T013645Z-cd518eac-12-IMP-MIXED-r3\result.json
t160-quality-20261007T013645Z-cd518eac-12-IMP-MIXED-r3,IMP-MIXED,3,automatic,0fa8d57e-58c2-5aa4-b8cd-e52e96380a38,c01dca35-ddb1-489f-ae9c-1fc57ef83820,ocr_required,content,source_provided,True,True,y = 2x + 1，x = 3 时 y 为多少？,y = 2x + 1，x = 3 时 y 为多少？,matched,round1-import\t160-quality-20261007T013645Z-cd518eac\runs\t160-quality-20261007T013645Z-cd518eac-12-IMP-MIXED-r3\result.json
t160-quality-20261007T013645Z-cd518eac-12-IMP-MIXED-r3,IMP-MIXED,3,automatic,0fa8d57e-58c2-5aa4-b8cd-e52e96380a38,c01dca35-ddb1-489f-ae9c-1fc57ef83820,ocr_required,options,source_provided,True,True,"{""C"": ""7"", ""A"": ""5"", ""B"": ""6"", ""D"": ""8""}","{""C"": ""7"", ""A"": ""5"", ""B"": ""6"", ""D"": ""8""}",matched,round1-import\t160-quality-20261007T013645Z-cd518eac\runs\t160-quality-20261007T013645Z-cd518eac-12-IMP-MIXED-r3\result.json
t160-quality-20261007T013645Z-cd518eac-12-IMP-MIXED-r3,IMP-MIXED,3,automatic,0fa8d57e-58c2-5aa4-b8cd-e52e96380a38,c01dca35-ddb1-489f-ae9c-1fc57ef83820,ocr_required,reference_answer,source_provided,True,True,C,C,matched,round1-import\t160-quality-20261007T013645Z-cd518eac\runs\t160-quality-20261007T013645Z-cd518eac-12-IMP-MIXED-r3\result.json
t160-quality-20261007T013645Z-cd518eac-12-IMP-MIXED-r3,IMP-MIXED,3,automatic,0fa8d57e-58c2-5aa4-b8cd-e52e96380a38,c01dca35-ddb1-489f-ae9c-1fc57ef83820,ocr_required,analysis,source_provided,True,True,2 × 3 + 1 = 7。,2 × 3 + 1 = 7。,matched,round1-import\t160-quality-20261007T013645Z-cd518eac\runs\t160-quality-20261007T013645Z-cd518eac-12-IMP-MIXED-r3\result.json
t160-quality-20261007T013645Z-cd518eac-12-IMP-MIXED-r3,IMP-MIXED,3,automatic,0fa8d57e-58c2-5aa4-b8cd-e52e96380a38,c01dca35-ddb1-489f-ae9c-1fc57ef83820,ocr_required,score,source_provided,True,True,2.00,2.00,matched,round1-import\t160-quality-20261007T013645Z-cd518eac\runs\t160-quality-20261007T013645Z-cd518eac-12-IMP-MIXED-r3\result.json
t160-quality-20261007T013645Z-cd518eac-12-IMP-MIXED-r3,IMP-MIXED,3,automatic,0fa8d57e-58c2-5aa4-b8cd-e52e96380a38,c01dca35-ddb1-489f-ae9c-1fc57ef83820,ocr_required,scoring_rubric,known_missing,True,True,,,matched,round1-import\t160-quality-20261007T013645Z-cd518eac\runs\t160-quality-20261007T013645Z-cd518eac-12-IMP-MIXED-r3\result.json
t160-quality-20261007T013645Z-cd518eac-12-IMP-MIXED-r3,IMP-MIXED,3,automatic,0fa8d57e-58c2-5aa4-b8cd-e52e96380a38,c01dca35-ddb1-489f-ae9c-1fc57ef83820,ocr_required,knowledge_points,known_missing,True,True,[],[],matched,round1-import\t160-quality-20261007T013645Z-cd518eac\runs\t160-quality-20261007T013645Z-cd518eac-12-IMP-MIXED-r3\result.json
t160-quality-20261007T013645Z-cd518eac-12-IMP-MIXED-r3,IMP-MIXED,3,automatic,0fa8d57e-58c2-5aa4-b8cd-e52e96380a38,c01dca35-ddb1-489f-ae9c-1fc57ef83820,ocr_required,source_regions,unknown,False,,,,reference_unknown,round1-import\t160-quality-20261007T013645Z-cd518eac\runs\t160-quality-20261007T013645Z-cd518eac-12-IMP-MIXED-r3\result.json
t160-quality-20261007T013645Z-cd518eac-12-IMP-MIXED-r3,IMP-MIXED,3,automatic,0fa8d57e-58c2-5aa4-b8cd-e52e96380a38,c01dca35-ddb1-489f-ae9c-1fc57ef83820,ocr_required,assets,source_provided,True,False,[],,matched,round1-import\t160-quality-20261007T013645Z-cd518eac\runs\t160-quality-20261007T013645Z-cd518eac-12-IMP-MIXED-r3\result.json
t160-quality-20261007T013645Z-cd518eac-12-IMP-MIXED-r3,IMP-MIXED,3,automatic,455720b9-9061-5bce-83af-d6d53c6c84e1,03b60f2c-c10a-47e5-b097-758da6392153,ocr_required,question_number,source_provided,True,True,5,5,matched,round1-import\t160-quality-20261007T013645Z-cd518eac\runs\t160-quality-20261007T013645Z-cd518eac-12-IMP-MIXED-r3\result.json
t160-quality-20261007T013645Z-cd518eac-12-IMP-MIXED-r3,IMP-MIXED,3,automatic,455720b9-9061-5bce-83af-d6d53c6c84e1,03b60f2c-c10a-47e5-b097-758da6392153,ocr_required,order_index,source_provided,True,True,5,5,matched,round1-import\t160-quality-20261007T013645Z-cd518eac\runs\t160-quality-20261007T013645Z-cd518eac-12-IMP-MIXED-r3\result.json
t160-quality-20261007T013645Z-cd518eac-12-IMP-MIXED-r3,IMP-MIXED,3,automatic,455720b9-9061-5bce-83af-d6d53c6c84e1,03b60f2c-c10a-47e5-b097-758da6392153,ocr_required,source_page_numbers,source_provided,True,True,[2],[2],matched,round1-import\t160-quality-20261007T013645Z-cd518eac\runs\t160-quality-20261007T013645Z-cd518eac-12-IMP-MIXED-r3\result.json
t160-quality-20261007T013645Z-cd518eac-12-IMP-MIXED-r3,IMP-MIXED,3,automatic,455720b9-9061-5bce-83af-d6d53c6c84e1,03b60f2c-c10a-47e5-b097-758da6392153,ocr_required,question_type,source_provided,True,True,TRUE_FALSE,TRUE_FALSE,matched,round1-import\t160-quality-20261007T013645Z-cd518eac\runs\t160-quality-20261007T013645Z-cd518eac-12-IMP-MIXED-r3\result.json
t160-quality-20261007T013645Z-cd518eac-12-IMP-MIXED-r3,IMP-MIXED,3,automatic,455720b9-9061-5bce-83af-d6d53c6c84e1,03b60f2c-c10a-47e5-b097-758da6392153,ocr_required,content,source_provided,True,True,右图三角形面积为 24 cm²。,右图三角形面积为 24 cm²。,matched,round1-import\t160-quality-20261007T013645Z-cd518eac\runs\t160-quality-20261007T013645Z-cd518eac-12-IMP-MIXED-r3\result.json
t160-quality-20261007T013645Z-cd518eac-12-IMP-MIXED-r3,IMP-MIXED,3,automatic,455720b9-9061-5bce-83af-d6d53c6c84e1,03b60f2c-c10a-47e5-b097-758da6392153,ocr_required,options,source_provided,True,True,"[""正确"", ""错误""]","[""正确"", ""错误""]",matched,round1-import\t160-quality-20261007T013645Z-cd518eac\runs\t160-quality-20261007T013645Z-cd518eac-12-IMP-MIXED-r3\result.json
t160-quality-20261007T013645Z-cd518eac-12-IMP-MIXED-r3,IMP-MIXED,3,automatic,455720b9-9061-5bce-83af-d6d53c6c84e1,03b60f2c-c10a-47e5-b097-758da6392153,ocr_required,reference_answer,known_missing,True,True,,,matched,round1-import\t160-quality-20261007T013645Z-cd518eac\runs\t160-quality-20261007T013645Z-cd518eac-12-IMP-MIXED-r3\result.json
t160-quality-20261007T013645Z-cd518eac-12-IMP-MIXED-r3,IMP-MIXED,3,automatic,455720b9-9061-5bce-83af-d6d53c6c84e1,03b60f2c-c10a-47e5-b097-758da6392153,ocr_required,analysis,known_missing,True,True,,,matched,round1-import\t160-quality-20261007T013645Z-cd518eac\runs\t160-quality-20261007T013645Z-cd518eac-12-IMP-MIXED-r3\result.json
t160-quality-20261007T013645Z-cd518eac-12-IMP-MIXED-r3,IMP-MIXED,3,automatic,455720b9-9061-5bce-83af-d6d53c6c84e1,03b60f2c-c10a-47e5-b097-758da6392153,ocr_required,score,source_provided,True,True,2.00,2.00,matched,round1-import\t160-quality-20261007T013645Z-cd518eac\runs\t160-quality-20261007T013645Z-cd518eac-12-IMP-MIXED-r3\result.json
t160-quality-20261007T013645Z-cd518eac-12-IMP-MIXED-r3,IMP-MIXED,3,automatic,455720b9-9061-5bce-83af-d6d53c6c84e1,03b60f2c-c10a-47e5-b097-758da6392153,ocr_required,scoring_rubric,known_missing,True,True,,,matched,round1-import\t160-quality-20261007T013645Z-cd518eac\runs\t160-quality-20261007T013645Z-cd518eac-12-IMP-MIXED-r3\result.json
t160-quality-20261007T013645Z-cd518eac-12-IMP-MIXED-r3,IMP-MIXED,3,automatic,455720b9-9061-5bce-83af-d6d53c6c84e1,03b60f2c-c10a-47e5-b097-758da6392153,ocr_required,knowledge_points,known_missing,True,True,[],[],matched,round1-import\t160-quality-20261007T013645Z-cd518eac\runs\t160-quality-20261007T013645Z-cd518eac-12-IMP-MIXED-r3\result.json
t160-quality-20261007T013645Z-cd518eac-12-IMP-MIXED-r3,IMP-MIXED,3,automatic,455720b9-9061-5bce-83af-d6d53c6c84e1,03b60f2c-c10a-47e5-b097-758da6392153,ocr_required,source_regions,unknown,False,,,,reference_unknown,round1-import\t160-quality-20261007T013645Z-cd518eac\runs\t160-quality-20261007T013645Z-cd518eac-12-IMP-MIXED-r3\result.json
t160-quality-20261007T013645Z-cd518eac-12-IMP-MIXED-r3,IMP-MIXED,3,automatic,455720b9-9061-5bce-83af-d6d53c6c84e1,03b60f2c-c10a-47e5-b097-758da6392153,ocr_required,assets,source_provided,True,False,"[{""asset_type"": ""figure"", ""source_page_number"": 2, ""order_index"": 1}]",,matched,round1-import\t160-quality-20261007T013645Z-cd518eac\runs\t160-quality-20261007T013645Z-cd518eac-12-IMP-MIXED-r3\result.json
t160-quality-20261007T013645Z-cd518eac-12-IMP-MIXED-r3,IMP-MIXED,3,automatic,bf862f8d-df39-5559-bab5-d942fccb2432,f5020581-0a51-4414-b8ef-9dc65557a9bc,ocr_required,question_number,source_provided,True,True,6,6,matched,round1-import\t160-quality-20261007T013645Z-cd518eac\runs\t160-quality-20261007T013645Z-cd518eac-12-IMP-MIXED-r3\result.json
t160-quality-20261007T013645Z-cd518eac-12-IMP-MIXED-r3,IMP-MIXED,3,automatic,bf862f8d-df39-5559-bab5-d942fccb2432,f5020581-0a51-4414-b8ef-9dc65557a9bc,ocr_required,order_index,source_provided,True,True,6,6,matched,round1-import\t160-quality-20261007T013645Z-cd518eac\runs\t160-quality-20261007T013645Z-cd518eac-12-IMP-MIXED-r3\result.json
t160-quality-20261007T013645Z-cd518eac-12-IMP-MIXED-r3,IMP-MIXED,3,automatic,bf862f8d-df39-5559-bab5-d942fccb2432,f5020581-0a51-4414-b8ef-9dc65557a9bc,ocr_required,source_page_numbers,source_provided,True,True,[2],[2],matched,round1-import\t160-quality-20261007T013645Z-cd518eac\runs\t160-quality-20261007T013645Z-cd518eac-12-IMP-MIXED-r3\result.json
t160-quality-20261007T013645Z-cd518eac-12-IMP-MIXED-r3,IMP-MIXED,3,automatic,bf862f8d-df39-5559-bab5-d942fccb2432,f5020581-0a51-4414-b8ef-9dc65557a9bc,ocr_required,question_type,source_provided,True,True,SHORT_ANSWER,SHORT_ANSWER,matched,round1-import\t160-quality-20261007T013645Z-cd518eac\runs\t160-quality-20261007T013645Z-cd518eac-12-IMP-MIXED-r3\result.json
t160-quality-20261007T013645Z-cd518eac-12-IMP-MIXED-r3,IMP-MIXED,3,automatic,bf862f8d-df39-5559-bab5-d942fccb2432,f5020581-0a51-4414-b8ef-9dc65557a9bc,ocr_required,content,source_provided,True,True,根据下表写出 y 关于 x 的关系式。,根据下表写出 y 关于 x 的关系式。,matched,round1-import\t160-quality-20261007T013645Z-cd518eac\runs\t160-quality-20261007T013645Z-cd518eac-12-IMP-MIXED-r3\result.json
t160-quality-20261007T013645Z-cd518eac-12-IMP-MIXED-r3,IMP-MIXED,3,automatic,bf862f8d-df39-5559-bab5-d942fccb2432,f5020581-0a51-4414-b8ef-9dc65557a9bc,ocr_required,options,not_applicable,True,True,,,matched,round1-import\t160-quality-20261007T013645Z-cd518eac\runs\t160-quality-20261007T013645Z-cd518eac-12-IMP-MIXED-r3\result.json
t160-quality-20261007T013645Z-cd518eac-12-IMP-MIXED-r3,IMP-MIXED,3,automatic,bf862f8d-df39-5559-bab5-d942fccb2432,f5020581-0a51-4414-b8ef-9dc65557a9bc,ocr_required,reference_answer,known_missing,True,True,,,matched,round1-import\t160-quality-20261007T013645Z-cd518eac\runs\t160-quality-20261007T013645Z-cd518eac-12-IMP-MIXED-r3\result.json
t160-quality-20261007T013645Z-cd518eac-12-IMP-MIXED-r3,IMP-MIXED,3,automatic,bf862f8d-df39-5559-bab5-d942fccb2432,f5020581-0a51-4414-b8ef-9dc65557a9bc,ocr_required,analysis,known_missing,True,True,,,matched,round1-import\t160-quality-20261007T013645Z-cd518eac\runs\t160-quality-20261007T013645Z-cd518eac-12-IMP-MIXED-r3\result.json
t160-quality-20261007T013645Z-cd518eac-12-IMP-MIXED-r3,IMP-MIXED,3,automatic,bf862f8d-df39-5559-bab5-d942fccb2432,f5020581-0a51-4414-b8ef-9dc65557a9bc,ocr_required,score,source_provided,True,True,3.00,3.00,matched,round1-import\t160-quality-20261007T013645Z-cd518eac\runs\t160-quality-20261007T013645Z-cd518eac-12-IMP-MIXED-r3\result.json
t160-quality-20261007T013645Z-cd518eac-12-IMP-MIXED-r3,IMP-MIXED,3,automatic,bf862f8d-df39-5559-bab5-d942fccb2432,f5020581-0a51-4414-b8ef-9dc65557a9bc,ocr_required,scoring_rubric,source_provided,True,True,正确关系式 1.00；说明代入过程 2.00。,正确关系式 1.00；说明代入过程 2.00。,matched,round1-import\t160-quality-20261007T013645Z-cd518eac\runs\t160-quality-20261007T013645Z-cd518eac-12-IMP-MIXED-r3\result.json
t160-quality-20261007T013645Z-cd518eac-12-IMP-MIXED-r3,IMP-MIXED,3,automatic,bf862f8d-df39-5559-bab5-d942fccb2432,f5020581-0a51-4414-b8ef-9dc65557a9bc,ocr_required,knowledge_points,source_provided,True,True,"[""一次函数"", ""表达与计算""]","[""一次函数"", ""表达与计算""]",matched,round1-import\t160-quality-20261007T013645Z-cd518eac\runs\t160-quality-20261007T013645Z-cd518eac-12-IMP-MIXED-r3\result.json
t160-quality-20261007T013645Z-cd518eac-12-IMP-MIXED-r3,IMP-MIXED,3,automatic,bf862f8d-df39-5559-bab5-d942fccb2432,f5020581-0a51-4414-b8ef-9dc65557a9bc,ocr_required,source_regions,unknown,False,,,,reference_unknown,round1-import\t160-quality-20261007T013645Z-cd518eac\runs\t160-quality-20261007T013645Z-cd518eac-12-IMP-MIXED-r3\result.json
t160-quality-20261007T013645Z-cd518eac-12-IMP-MIXED-r3,IMP-MIXED,3,automatic,bf862f8d-df39-5559-bab5-d942fccb2432,f5020581-0a51-4414-b8ef-9dc65557a9bc,ocr_required,assets,source_provided,True,False,"[{""asset_type"": ""table"", ""source_page_number"": 2, ""order_index"": 1}]",,matched,round1-import\t160-quality-20261007T013645Z-cd518eac\runs\t160-quality-20261007T013645Z-cd518eac-12-IMP-MIXED-r3\result.json
t160-quality-20261007T013645Z-cd518eac-13-IMP-CROSS-r1,IMP-CROSS,1,automatic,239d78f4-ab44-59ec-ab7f-e11e454e26f1,2da63c09-e947-4aa4-a9c3-fd67b610d51d,native_text,question_number,source_provided,True,True,4,4,matched,round1-import\t160-quality-20261007T013645Z-cd518eac\runs\t160-quality-20261007T013645Z-cd518eac-13-IMP-CROSS-r1\result.json
t160-quality-20261007T013645Z-cd518eac-13-IMP-CROSS-r1,IMP-CROSS,1,automatic,239d78f4-ab44-59ec-ab7f-e11e454e26f1,2da63c09-e947-4aa4-a9c3-fd67b610d51d,native_text,order_index,source_provided,True,True,1,1,matched,round1-import\t160-quality-20261007T013645Z-cd518eac\runs\t160-quality-20261007T013645Z-cd518eac-13-IMP-CROSS-r1\result.json
t160-quality-20261007T013645Z-cd518eac-13-IMP-CROSS-r1,IMP-CROSS,1,automatic,239d78f4-ab44-59ec-ab7f-e11e454e26f1,2da63c09-e947-4aa4-a9c3-fd67b610d51d,native_text,source_page_numbers,source_provided,True,True,"[1, 2]","[1, 2]",matched,round1-import\t160-quality-20261007T013645Z-cd518eac\runs\t160-quality-20261007T013645Z-cd518eac-13-IMP-CROSS-r1\result.json
t160-quality-20261007T013645Z-cd518eac-13-IMP-CROSS-r1,IMP-CROSS,1,automatic,239d78f4-ab44-59ec-ab7f-e11e454e26f1,2da63c09-e947-4aa4-a9c3-fd67b610d51d,native_text,question_type,unknown,False,,,SHORT_ANSWER,reference_unknown,round1-import\t160-quality-20261007T013645Z-cd518eac\runs\t160-quality-20261007T013645Z-cd518eac-13-IMP-CROSS-r1\result.json
t160-quality-20261007T013645Z-cd518eac-13-IMP-CROSS-r1,IMP-CROSS,1,automatic,239d78f4-ab44-59ec-ab7f-e11e454e26f1,2da63c09-e947-4aa4-a9c3-fd67b610d51d,native_text,content,source_provided,True,True,"阅读下页流程图：输入 x = 3，计算输出 y。
按下图流程完成计算。","阅读下页流程图：输入 x = 3，计算输出 y。
按下图流程完成计算。",matched,round1-import\t160-quality-20261007T013645Z-cd518eac\runs\t160-quality-20261007T013645Z-cd518eac-13-IMP-CROSS-r1\result.json
t160-quality-20261007T013645Z-cd518eac-13-IMP-CROSS-r1,IMP-CROSS,1,automatic,239d78f4-ab44-59ec-ab7f-e11e454e26f1,2da63c09-e947-4aa4-a9c3-fd67b610d51d,native_text,options,not_applicable,True,True,,,matched,round1-import\t160-quality-20261007T013645Z-cd518eac\runs\t160-quality-20261007T013645Z-cd518eac-13-IMP-CROSS-r1\result.json
t160-quality-20261007T013645Z-cd518eac-13-IMP-CROSS-r1,IMP-CROSS,1,automatic,239d78f4-ab44-59ec-ab7f-e11e454e26f1,2da63c09-e947-4aa4-a9c3-fd67b610d51d,native_text,reference_answer,known_missing,True,True,,,matched,round1-import\t160-quality-20261007T013645Z-cd518eac\runs\t160-quality-20261007T013645Z-cd518eac-13-IMP-CROSS-r1\result.json
t160-quality-20261007T013645Z-cd518eac-13-IMP-CROSS-r1,IMP-CROSS,1,automatic,239d78f4-ab44-59ec-ab7f-e11e454e26f1,2da63c09-e947-4aa4-a9c3-fd67b610d51d,native_text,analysis,known_missing,True,True,,,matched,round1-import\t160-quality-20261007T013645Z-cd518eac\runs\t160-quality-20261007T013645Z-cd518eac-13-IMP-CROSS-r1\result.json
t160-quality-20261007T013645Z-cd518eac-13-IMP-CROSS-r1,IMP-CROSS,1,automatic,239d78f4-ab44-59ec-ab7f-e11e454e26f1,2da63c09-e947-4aa4-a9c3-fd67b610d51d,native_text,score,source_provided,True,True,5.00,5.00,matched,round1-import\t160-quality-20261007T013645Z-cd518eac\runs\t160-quality-20261007T013645Z-cd518eac-13-IMP-CROSS-r1\result.json
t160-quality-20261007T013645Z-cd518eac-13-IMP-CROSS-r1,IMP-CROSS,1,automatic,239d78f4-ab44-59ec-ab7f-e11e454e26f1,2da63c09-e947-4aa4-a9c3-fd67b610d51d,native_text,scoring_rubric,source_provided,True,True,正确中间计算 2.00；最终输出 3.00。,正确中间计算 2.00；最终输出 3.00。,matched,round1-import\t160-quality-20261007T013645Z-cd518eac\runs\t160-quality-20261007T013645Z-cd518eac-13-IMP-CROSS-r1\result.json
t160-quality-20261007T013645Z-cd518eac-13-IMP-CROSS-r1,IMP-CROSS,1,automatic,239d78f4-ab44-59ec-ab7f-e11e454e26f1,2da63c09-e947-4aa4-a9c3-fd67b610d51d,native_text,knowledge_points,known_missing,True,True,[],[],matched,round1-import\t160-quality-20261007T013645Z-cd518eac\runs\t160-quality-20261007T013645Z-cd518eac-13-IMP-CROSS-r1\result.json
t160-quality-20261007T013645Z-cd518eac-13-IMP-CROSS-r1,IMP-CROSS,1,automatic,239d78f4-ab44-59ec-ab7f-e11e454e26f1,2da63c09-e947-4aa4-a9c3-fd67b610d51d,native_text,source_regions,unknown,False,,,,reference_unknown,round1-import\t160-quality-20261007T013645Z-cd518eac\runs\t160-quality-20261007T013645Z-cd518eac-13-IMP-CROSS-r1\result.json
t160-quality-20261007T013645Z-cd518eac-13-IMP-CROSS-r1,IMP-CROSS,1,automatic,239d78f4-ab44-59ec-ab7f-e11e454e26f1,2da63c09-e947-4aa4-a9c3-fd67b610d51d,native_text,assets,source_provided,True,False,"[{""asset_type"": ""diagram"", ""source_page_number"": 2, ""order_index"": 1}]",,matched,round1-import\t160-quality-20261007T013645Z-cd518eac\runs\t160-quality-20261007T013645Z-cd518eac-13-IMP-CROSS-r1\result.json
t160-quality-20261007T013645Z-cd518eac-14-IMP-CROSS-r2,IMP-CROSS,2,automatic,239d78f4-ab44-59ec-ab7f-e11e454e26f1,d17ce770-c2a3-4289-ba23-db5cd7922ec2,native_text,question_number,source_provided,True,True,4,4,matched,round1-import\t160-quality-20261007T013645Z-cd518eac\runs\t160-quality-20261007T013645Z-cd518eac-14-IMP-CROSS-r2\result.json
t160-quality-20261007T013645Z-cd518eac-14-IMP-CROSS-r2,IMP-CROSS,2,automatic,239d78f4-ab44-59ec-ab7f-e11e454e26f1,d17ce770-c2a3-4289-ba23-db5cd7922ec2,native_text,order_index,source_provided,True,True,1,1,matched,round1-import\t160-quality-20261007T013645Z-cd518eac\runs\t160-quality-20261007T013645Z-cd518eac-14-IMP-CROSS-r2\result.json
t160-quality-20261007T013645Z-cd518eac-14-IMP-CROSS-r2,IMP-CROSS,2,automatic,239d78f4-ab44-59ec-ab7f-e11e454e26f1,d17ce770-c2a3-4289-ba23-db5cd7922ec2,native_text,source_page_numbers,source_provided,True,True,"[1, 2]","[1, 2]",matched,round1-import\t160-quality-20261007T013645Z-cd518eac\runs\t160-quality-20261007T013645Z-cd518eac-14-IMP-CROSS-r2\result.json
t160-quality-20261007T013645Z-cd518eac-14-IMP-CROSS-r2,IMP-CROSS,2,automatic,239d78f4-ab44-59ec-ab7f-e11e454e26f1,d17ce770-c2a3-4289-ba23-db5cd7922ec2,native_text,question_type,unknown,False,,,,reference_unknown,round1-import\t160-quality-20261007T013645Z-cd518eac\runs\t160-quality-20261007T013645Z-cd518eac-14-IMP-CROSS-r2\result.json
t160-quality-20261007T013645Z-cd518eac-14-IMP-CROSS-r2,IMP-CROSS,2,automatic,239d78f4-ab44-59ec-ab7f-e11e454e26f1,d17ce770-c2a3-4289-ba23-db5cd7922ec2,native_text,content,source_provided,True,False,"阅读下页流程图：输入 x = 3，计算输出 y。
按下图流程完成计算。","阅读下页流程图：输入 x = 3，计算输出 y。
第 4 题续：按下图流程完成计算。",matched,round1-import\t160-quality-20261007T013645Z-cd518eac\runs\t160-quality-20261007T013645Z-cd518eac-14-IMP-CROSS-r2\result.json
t160-quality-20261007T013645Z-cd518eac-14-IMP-CROSS-r2,IMP-CROSS,2,automatic,239d78f4-ab44-59ec-ab7f-e11e454e26f1,d17ce770-c2a3-4289-ba23-db5cd7922ec2,native_text,options,not_applicable,True,True,,,matched,round1-import\t160-quality-20261007T013645Z-cd518eac\runs\t160-quality-20261007T013645Z-cd518eac-14-IMP-CROSS-r2\result.json
t160-quality-20261007T013645Z-cd518eac-14-IMP-CROSS-r2,IMP-CROSS,2,automatic,239d78f4-ab44-59ec-ab7f-e11e454e26f1,d17ce770-c2a3-4289-ba23-db5cd7922ec2,native_text,reference_answer,known_missing,True,True,,,matched,round1-import\t160-quality-20261007T013645Z-cd518eac\runs\t160-quality-20261007T013645Z-cd518eac-14-IMP-CROSS-r2\result.json
t160-quality-20261007T013645Z-cd518eac-14-IMP-CROSS-r2,IMP-CROSS,2,automatic,239d78f4-ab44-59ec-ab7f-e11e454e26f1,d17ce770-c2a3-4289-ba23-db5cd7922ec2,native_text,analysis,known_missing,True,True,,,matched,round1-import\t160-quality-20261007T013645Z-cd518eac\runs\t160-quality-20261007T013645Z-cd518eac-14-IMP-CROSS-r2\result.json
t160-quality-20261007T013645Z-cd518eac-14-IMP-CROSS-r2,IMP-CROSS,2,automatic,239d78f4-ab44-59ec-ab7f-e11e454e26f1,d17ce770-c2a3-4289-ba23-db5cd7922ec2,native_text,score,source_provided,True,True,5.00,5.00,matched,round1-import\t160-quality-20261007T013645Z-cd518eac\runs\t160-quality-20261007T013645Z-cd518eac-14-IMP-CROSS-r2\result.json
t160-quality-20261007T013645Z-cd518eac-14-IMP-CROSS-r2,IMP-CROSS,2,automatic,239d78f4-ab44-59ec-ab7f-e11e454e26f1,d17ce770-c2a3-4289-ba23-db5cd7922ec2,native_text,scoring_rubric,source_provided,True,True,正确中间计算 2.00；最终输出 3.00。,正确中间计算 2.00；最终输出 3.00。,matched,round1-import\t160-quality-20261007T013645Z-cd518eac\runs\t160-quality-20261007T013645Z-cd518eac-14-IMP-CROSS-r2\result.json
t160-quality-20261007T013645Z-cd518eac-14-IMP-CROSS-r2,IMP-CROSS,2,automatic,239d78f4-ab44-59ec-ab7f-e11e454e26f1,d17ce770-c2a3-4289-ba23-db5cd7922ec2,native_text,knowledge_points,known_missing,True,False,[],,matched,round1-import\t160-quality-20261007T013645Z-cd518eac\runs\t160-quality-20261007T013645Z-cd518eac-14-IMP-CROSS-r2\result.json
t160-quality-20261007T013645Z-cd518eac-14-IMP-CROSS-r2,IMP-CROSS,2,automatic,239d78f4-ab44-59ec-ab7f-e11e454e26f1,d17ce770-c2a3-4289-ba23-db5cd7922ec2,native_text,source_regions,unknown,False,,,,reference_unknown,round1-import\t160-quality-20261007T013645Z-cd518eac\runs\t160-quality-20261007T013645Z-cd518eac-14-IMP-CROSS-r2\result.json
t160-quality-20261007T013645Z-cd518eac-14-IMP-CROSS-r2,IMP-CROSS,2,automatic,239d78f4-ab44-59ec-ab7f-e11e454e26f1,d17ce770-c2a3-4289-ba23-db5cd7922ec2,native_text,assets,source_provided,True,False,"[{""asset_type"": ""diagram"", ""source_page_number"": 2, ""order_index"": 1}]",,matched,round1-import\t160-quality-20261007T013645Z-cd518eac\runs\t160-quality-20261007T013645Z-cd518eac-14-IMP-CROSS-r2\result.json
t160-quality-20261007T013645Z-cd518eac-15-IMP-CROSS-r3,IMP-CROSS,3,automatic,239d78f4-ab44-59ec-ab7f-e11e454e26f1,ca1fe737-f75a-4017-8592-5ee65c9e8be3,native_text,question_number,source_provided,True,True,4,4,matched,round1-import\t160-quality-20261007T013645Z-cd518eac\runs\t160-quality-20261007T013645Z-cd518eac-15-IMP-CROSS-r3\result.json
t160-quality-20261007T013645Z-cd518eac-15-IMP-CROSS-r3,IMP-CROSS,3,automatic,239d78f4-ab44-59ec-ab7f-e11e454e26f1,ca1fe737-f75a-4017-8592-5ee65c9e8be3,native_text,order_index,source_provided,True,True,1,1,matched,round1-import\t160-quality-20261007T013645Z-cd518eac\runs\t160-quality-20261007T013645Z-cd518eac-15-IMP-CROSS-r3\result.json
t160-quality-20261007T013645Z-cd518eac-15-IMP-CROSS-r3,IMP-CROSS,3,automatic,239d78f4-ab44-59ec-ab7f-e11e454e26f1,ca1fe737-f75a-4017-8592-5ee65c9e8be3,native_text,source_page_numbers,source_provided,True,True,"[1, 2]","[1, 2]",matched,round1-import\t160-quality-20261007T013645Z-cd518eac\runs\t160-quality-20261007T013645Z-cd518eac-15-IMP-CROSS-r3\result.json
t160-quality-20261007T013645Z-cd518eac-15-IMP-CROSS-r3,IMP-CROSS,3,automatic,239d78f4-ab44-59ec-ab7f-e11e454e26f1,ca1fe737-f75a-4017-8592-5ee65c9e8be3,native_text,question_type,unknown,False,,,SHORT_ANSWER,reference_unknown,round1-import\t160-quality-20261007T013645Z-cd518eac\runs\t160-quality-20261007T013645Z-cd518eac-15-IMP-CROSS-r3\result.json
t160-quality-20261007T013645Z-cd518eac-15-IMP-CROSS-r3,IMP-CROSS,3,automatic,239d78f4-ab44-59ec-ab7f-e11e454e26f1,ca1fe737-f75a-4017-8592-5ee65c9e8be3,native_text,content,source_provided,True,True,"阅读下页流程图：输入 x = 3，计算输出 y。
按下图流程完成计算。","阅读下页流程图：输入 x = 3，计算输出 y。
按下图流程完成计算。",matched,round1-import\t160-quality-20261007T013645Z-cd518eac\runs\t160-quality-20261007T013645Z-cd518eac-15-IMP-CROSS-r3\result.json
t160-quality-20261007T013645Z-cd518eac-15-IMP-CROSS-r3,IMP-CROSS,3,automatic,239d78f4-ab44-59ec-ab7f-e11e454e26f1,ca1fe737-f75a-4017-8592-5ee65c9e8be3,native_text,options,not_applicable,True,True,,,matched,round1-import\t160-quality-20261007T013645Z-cd518eac\runs\t160-quality-20261007T013645Z-cd518eac-15-IMP-CROSS-r3\result.json
t160-quality-20261007T013645Z-cd518eac-15-IMP-CROSS-r3,IMP-CROSS,3,automatic,239d78f4-ab44-59ec-ab7f-e11e454e26f1,ca1fe737-f75a-4017-8592-5ee65c9e8be3,native_text,reference_answer,known_missing,True,True,,,matched,round1-import\t160-quality-20261007T013645Z-cd518eac\runs\t160-quality-20261007T013645Z-cd518eac-15-IMP-CROSS-r3\result.json
t160-quality-20261007T013645Z-cd518eac-15-IMP-CROSS-r3,IMP-CROSS,3,automatic,239d78f4-ab44-59ec-ab7f-e11e454e26f1,ca1fe737-f75a-4017-8592-5ee65c9e8be3,native_text,analysis,known_missing,True,True,,,matched,round1-import\t160-quality-20261007T013645Z-cd518eac\runs\t160-quality-20261007T013645Z-cd518eac-15-IMP-CROSS-r3\result.json
t160-quality-20261007T013645Z-cd518eac-15-IMP-CROSS-r3,IMP-CROSS,3,automatic,239d78f4-ab44-59ec-ab7f-e11e454e26f1,ca1fe737-f75a-4017-8592-5ee65c9e8be3,native_text,score,source_provided,True,True,5.00,5.00,matched,round1-import\t160-quality-20261007T013645Z-cd518eac\runs\t160-quality-20261007T013645Z-cd518eac-15-IMP-CROSS-r3\result.json
t160-quality-20261007T013645Z-cd518eac-15-IMP-CROSS-r3,IMP-CROSS,3,automatic,239d78f4-ab44-59ec-ab7f-e11e454e26f1,ca1fe737-f75a-4017-8592-5ee65c9e8be3,native_text,scoring_rubric,source_provided,True,False,正确中间计算 2.00；最终输出 3.00。,评分标准：正确中间计算 2.00；最终输出 3.00。,matched,round1-import\t160-quality-20261007T013645Z-cd518eac\runs\t160-quality-20261007T013645Z-cd518eac-15-IMP-CROSS-r3\result.json
t160-quality-20261007T013645Z-cd518eac-15-IMP-CROSS-r3,IMP-CROSS,3,automatic,239d78f4-ab44-59ec-ab7f-e11e454e26f1,ca1fe737-f75a-4017-8592-5ee65c9e8be3,native_text,knowledge_points,known_missing,True,True,[],[],matched,round1-import\t160-quality-20261007T013645Z-cd518eac\runs\t160-quality-20261007T013645Z-cd518eac-15-IMP-CROSS-r3\result.json
t160-quality-20261007T013645Z-cd518eac-15-IMP-CROSS-r3,IMP-CROSS,3,automatic,239d78f4-ab44-59ec-ab7f-e11e454e26f1,ca1fe737-f75a-4017-8592-5ee65c9e8be3,native_text,source_regions,unknown,False,,,,reference_unknown,round1-import\t160-quality-20261007T013645Z-cd518eac\runs\t160-quality-20261007T013645Z-cd518eac-15-IMP-CROSS-r3\result.json
t160-quality-20261007T013645Z-cd518eac-15-IMP-CROSS-r3,IMP-CROSS,3,automatic,239d78f4-ab44-59ec-ab7f-e11e454e26f1,ca1fe737-f75a-4017-8592-5ee65c9e8be3,native_text,assets,source_provided,True,False,"[{""asset_type"": ""diagram"", ""source_page_number"": 2, ""order_index"": 1}]",,matched,round1-import\t160-quality-20261007T013645Z-cd518eac\runs\t160-quality-20261007T013645Z-cd518eac-15-IMP-CROSS-r3\result.json
