run_id,case_id,repeat_index,stage,reference_question_identity,extracted_question_id,modality,field,reference_state,evaluable,correct,expected,actual,reason,evidence_ref
t160-quality-20261007T012224Z-1f7eeede-01-IMP-TEXT-r1,IMP-TEXT,1,automatic,1194af49-5301-51bb-a173-0e6f524ac810,d5e0e6c7-0f78-43f6-97b7-d11175735e96,native_text,question_number,source_provided,True,True,1,1,matched,import-v6\t160-quality-20261007T012224Z-1f7eeede\runs\t160-quality-20261007T012224Z-1f7eeede-01-IMP-TEXT-r1\result.json
t160-quality-20261007T012224Z-1f7eeede-01-IMP-TEXT-r1,IMP-TEXT,1,automatic,1194af49-5301-51bb-a173-0e6f524ac810,d5e0e6c7-0f78-43f6-97b7-d11175735e96,native_text,order_index,source_provided,True,True,1,1,matched,import-v6\t160-quality-20261007T012224Z-1f7eeede\runs\t160-quality-20261007T012224Z-1f7eeede-01-IMP-TEXT-r1\result.json
t160-quality-20261007T012224Z-1f7eeede-01-IMP-TEXT-r1,IMP-TEXT,1,automatic,1194af49-5301-51bb-a173-0e6f524ac810,d5e0e6c7-0f78-43f6-97b7-d11175735e96,native_text,source_page_numbers,source_provided,True,True,[1],[1],matched,import-v6\t160-quality-20261007T012224Z-1f7eeede\runs\t160-quality-20261007T012224Z-1f7eeede-01-IMP-TEXT-r1\result.json
t160-quality-20261007T012224Z-1f7eeede-01-IMP-TEXT-r1,IMP-TEXT,1,automatic,1194af49-5301-51bb-a173-0e6f524ac810,d5e0e6c7-0f78-43f6-97b7-d11175735e96,native_text,question_type,source_provided,True,True,SINGLE_CHOICE,SINGLE_CHOICE,matched,import-v6\t160-quality-20261007T012224Z-1f7eeede\runs\t160-quality-20261007T012224Z-1f7eeede-01-IMP-TEXT-r1\result.json
t160-quality-20261007T012224Z-1f7eeede-01-IMP-TEXT-r1,IMP-TEXT,1,automatic,1194af49-5301-51bb-a173-0e6f524ac810,d5e0e6c7-0f78-43f6-97b7-d11175735e96,native_text,content,source_provided,True,True,y = 2x + 1，x = 3 时 y 为多少？,y = 2x + 1，x = 3 时 y 为多少？,matched,import-v6\t160-quality-20261007T012224Z-1f7eeede\runs\t160-quality-20261007T012224Z-1f7eeede-01-IMP-TEXT-r1\result.json
t160-quality-20261007T012224Z-1f7eeede-01-IMP-TEXT-r1,IMP-TEXT,1,automatic,1194af49-5301-51bb-a173-0e6f524ac810,d5e0e6c7-0f78-43f6-97b7-d11175735e96,native_text,options,source_provided,True,True,"{""C"": ""7"", ""A"": ""5"", ""B"": ""6"", ""D"": ""8""}","{""C"": ""7"", ""A"": ""5"", ""B"": ""6"", ""D"": ""8""}",matched,import-v6\t160-quality-20261007T012224Z-1f7eeede\runs\t160-quality-20261007T012224Z-1f7eeede-01-IMP-TEXT-r1\result.json
t160-quality-20261007T012224Z-1f7eeede-01-IMP-TEXT-r1,IMP-TEXT,1,automatic,1194af49-5301-51bb-a173-0e6f524ac810,d5e0e6c7-0f78-43f6-97b7-d11175735e96,native_text,reference_answer,source_provided,True,True,C,C,matched,import-v6\t160-quality-20261007T012224Z-1f7eeede\runs\t160-quality-20261007T012224Z-1f7eeede-01-IMP-TEXT-r1\result.json
t160-quality-20261007T012224Z-1f7eeede-01-IMP-TEXT-r1,IMP-TEXT,1,automatic,1194af49-5301-51bb-a173-0e6f524ac810,d5e0e6c7-0f78-43f6-97b7-d11175735e96,native_text,analysis,source_provided,True,True,2 × 3 + 1 = 7。,2 × 3 + 1 = 7。,matched,import-v6\t160-quality-20261007T012224Z-1f7eeede\runs\t160-quality-20261007T012224Z-1f7eeede-01-IMP-TEXT-r1\result.json
t160-quality-20261007T012224Z-1f7eeede-01-IMP-TEXT-r1,IMP-TEXT,1,automatic,1194af49-5301-51bb-a173-0e6f524ac810,d5e0e6c7-0f78-43f6-97b7-d11175735e96,native_text,score,source_provided,True,True,2.00,2.00,matched,import-v6\t160-quality-20261007T012224Z-1f7eeede\runs\t160-quality-20261007T012224Z-1f7eeede-01-IMP-TEXT-r1\result.json
t160-quality-20261007T012224Z-1f7eeede-01-IMP-TEXT-r1,IMP-TEXT,1,automatic,1194af49-5301-51bb-a173-0e6f524ac810,d5e0e6c7-0f78-43f6-97b7-d11175735e96,native_text,scoring_rubric,known_missing,True,True,,,matched,import-v6\t160-quality-20261007T012224Z-1f7eeede\runs\t160-quality-20261007T012224Z-1f7eeede-01-IMP-TEXT-r1\result.json
t160-quality-20261007T012224Z-1f7eeede-01-IMP-TEXT-r1,IMP-TEXT,1,automatic,1194af49-5301-51bb-a173-0e6f524ac810,d5e0e6c7-0f78-43f6-97b7-d11175735e96,native_text,knowledge_points,known_missing,True,True,[],[],matched,import-v6\t160-quality-20261007T012224Z-1f7eeede\runs\t160-quality-20261007T012224Z-1f7eeede-01-IMP-TEXT-r1\result.json
t160-quality-20261007T012224Z-1f7eeede-01-IMP-TEXT-r1,IMP-TEXT,1,automatic,1194af49-5301-51bb-a173-0e6f524ac810,d5e0e6c7-0f78-43f6-97b7-d11175735e96,native_text,source_regions,unknown,False,,,,reference_unknown,import-v6\t160-quality-20261007T012224Z-1f7eeede\runs\t160-quality-20261007T012224Z-1f7eeede-01-IMP-TEXT-r1\result.json
t160-quality-20261007T012224Z-1f7eeede-01-IMP-TEXT-r1,IMP-TEXT,1,automatic,1194af49-5301-51bb-a173-0e6f524ac810,d5e0e6c7-0f78-43f6-97b7-d11175735e96,native_text,assets,source_provided,True,False,[],,matched,import-v6\t160-quality-20261007T012224Z-1f7eeede\runs\t160-quality-20261007T012224Z-1f7eeede-01-IMP-TEXT-r1\result.json
t160-quality-20261007T012224Z-1f7eeede-01-IMP-TEXT-r1,IMP-TEXT,1,automatic,8e0aecaf-072d-5ed7-9b43-5d33ad202cc1,6104b1a4-b624-41ac-975b-3edc946df8f1,native_text,question_number,source_provided,True,True,2,2,matched,import-v6\t160-quality-20261007T012224Z-1f7eeede\runs\t160-quality-20261007T012224Z-1f7eeede-01-IMP-TEXT-r1\result.json
t160-quality-20261007T012224Z-1f7eeede-01-IMP-TEXT-r1,IMP-TEXT,1,automatic,8e0aecaf-072d-5ed7-9b43-5d33ad202cc1,6104b1a4-b624-41ac-975b-3edc946df8f1,native_text,order_index,source_provided,True,True,2,2,matched,import-v6\t160-quality-20261007T012224Z-1f7eeede\runs\t160-quality-20261007T012224Z-1f7eeede-01-IMP-TEXT-r1\result.json
t160-quality-20261007T012224Z-1f7eeede-01-IMP-TEXT-r1,IMP-TEXT,1,automatic,8e0aecaf-072d-5ed7-9b43-5d33ad202cc1,6104b1a4-b624-41ac-975b-3edc946df8f1,native_text,source_page_numbers,source_provided,True,True,[1],[1],matched,import-v6\t160-quality-20261007T012224Z-1f7eeede\runs\t160-quality-20261007T012224Z-1f7eeede-01-IMP-TEXT-r1\result.json
t160-quality-20261007T012224Z-1f7eeede-01-IMP-TEXT-r1,IMP-TEXT,1,automatic,8e0aecaf-072d-5ed7-9b43-5d33ad202cc1,6104b1a4-b624-41ac-975b-3edc946df8f1,native_text,question_type,source_provided,True,True,TRUE_FALSE,TRUE_FALSE,matched,import-v6\t160-quality-20261007T012224Z-1f7eeede\runs\t160-quality-20261007T012224Z-1f7eeede-01-IMP-TEXT-r1\result.json
t160-quality-20261007T012224Z-1f7eeede-01-IMP-TEXT-r1,IMP-TEXT,1,automatic,8e0aecaf-072d-5ed7-9b43-5d33ad202cc1,6104b1a4-b624-41ac-975b-3edc946df8f1,native_text,content,source_provided,True,True,右图三角形面积为 24 cm²。,右图三角形面积为 24 cm²。,matched,import-v6\t160-quality-20261007T012224Z-1f7eeede\runs\t160-quality-20261007T012224Z-1f7eeede-01-IMP-TEXT-r1\result.json
t160-quality-20261007T012224Z-1f7eeede-01-IMP-TEXT-r1,IMP-TEXT,1,automatic,8e0aecaf-072d-5ed7-9b43-5d33ad202cc1,6104b1a4-b624-41ac-975b-3edc946df8f1,native_text,options,source_provided,True,True,"[""正确"", ""错误""]","[""正确"", ""错误""]",matched,import-v6\t160-quality-20261007T012224Z-1f7eeede\runs\t160-quality-20261007T012224Z-1f7eeede-01-IMP-TEXT-r1\result.json
t160-quality-20261007T012224Z-1f7eeede-01-IMP-TEXT-r1,IMP-TEXT,1,automatic,8e0aecaf-072d-5ed7-9b43-5d33ad202cc1,6104b1a4-b624-41ac-975b-3edc946df8f1,native_text,reference_answer,known_missing,True,True,,,matched,import-v6\t160-quality-20261007T012224Z-1f7eeede\runs\t160-quality-20261007T012224Z-1f7eeede-01-IMP-TEXT-r1\result.json
t160-quality-20261007T012224Z-1f7eeede-01-IMP-TEXT-r1,IMP-TEXT,1,automatic,8e0aecaf-072d-5ed7-9b43-5d33ad202cc1,6104b1a4-b624-41ac-975b-3edc946df8f1,native_text,analysis,known_missing,True,True,,,matched,import-v6\t160-quality-20261007T012224Z-1f7eeede\runs\t160-quality-20261007T012224Z-1f7eeede-01-IMP-TEXT-r1\result.json
t160-quality-20261007T012224Z-1f7eeede-01-IMP-TEXT-r1,IMP-TEXT,1,automatic,8e0aecaf-072d-5ed7-9b43-5d33ad202cc1,6104b1a4-b624-41ac-975b-3edc946df8f1,native_text,score,source_provided,True,True,2.00,2.00,matched,import-v6\t160-quality-20261007T012224Z-1f7eeede\runs\t160-quality-20261007T012224Z-1f7eeede-01-IMP-TEXT-r1\result.json
t160-quality-20261007T012224Z-1f7eeede-01-IMP-TEXT-r1,IMP-TEXT,1,automatic,8e0aecaf-072d-5ed7-9b43-5d33ad202cc1,6104b1a4-b624-41ac-975b-3edc946df8f1,native_text,scoring_rubric,known_missing,True,True,,,matched,import-v6\t160-quality-20261007T012224Z-1f7eeede\runs\t160-quality-20261007T012224Z-1f7eeede-01-IMP-TEXT-r1\result.json
t160-quality-20261007T012224Z-1f7eeede-01-IMP-TEXT-r1,IMP-TEXT,1,automatic,8e0aecaf-072d-5ed7-9b43-5d33ad202cc1,6104b1a4-b624-41ac-975b-3edc946df8f1,native_text,knowledge_points,known_missing,True,True,[],[],matched,import-v6\t160-quality-20261007T012224Z-1f7eeede\runs\t160-quality-20261007T012224Z-1f7eeede-01-IMP-TEXT-r1\result.json
t160-quality-20261007T012224Z-1f7eeede-01-IMP-TEXT-r1,IMP-TEXT,1,automatic,8e0aecaf-072d-5ed7-9b43-5d33ad202cc1,6104b1a4-b624-41ac-975b-3edc946df8f1,native_text,source_regions,unknown,False,,,,reference_unknown,import-v6\t160-quality-20261007T012224Z-1f7eeede\runs\t160-quality-20261007T012224Z-1f7eeede-01-IMP-TEXT-r1\result.json
t160-quality-20261007T012224Z-1f7eeede-01-IMP-TEXT-r1,IMP-TEXT,1,automatic,8e0aecaf-072d-5ed7-9b43-5d33ad202cc1,6104b1a4-b624-41ac-975b-3edc946df8f1,native_text,assets,source_provided,True,False,"[{""asset_type"": ""figure"", ""source_page_number"": 1, ""order_index"": 1}]",,matched,import-v6\t160-quality-20261007T012224Z-1f7eeede\runs\t160-quality-20261007T012224Z-1f7eeede-01-IMP-TEXT-r1\result.json
t160-quality-20261007T012224Z-1f7eeede-01-IMP-TEXT-r1,IMP-TEXT,1,automatic,fdef73bd-f984-58d1-8a53-3eea668a9f83,39f31f0b-d3b9-438f-9e78-ad7f25631420,native_text,question_number,source_provided,True,True,3,3,matched,import-v6\t160-quality-20261007T012224Z-1f7eeede\runs\t160-quality-20261007T012224Z-1f7eeede-01-IMP-TEXT-r1\result.json
t160-quality-20261007T012224Z-1f7eeede-01-IMP-TEXT-r1,IMP-TEXT,1,automatic,fdef73bd-f984-58d1-8a53-3eea668a9f83,39f31f0b-d3b9-438f-9e78-ad7f25631420,native_text,order_index,source_provided,True,True,3,3,matched,import-v6\t160-quality-20261007T012224Z-1f7eeede\runs\t160-quality-20261007T012224Z-1f7eeede-01-IMP-TEXT-r1\result.json
t160-quality-20261007T012224Z-1f7eeede-01-IMP-TEXT-r1,IMP-TEXT,1,automatic,fdef73bd-f984-58d1-8a53-3eea668a9f83,39f31f0b-d3b9-438f-9e78-ad7f25631420,native_text,source_page_numbers,source_provided,True,True,[1],[1],matched,import-v6\t160-quality-20261007T012224Z-1f7eeede\runs\t160-quality-20261007T012224Z-1f7eeede-01-IMP-TEXT-r1\result.json
t160-quality-20261007T012224Z-1f7eeede-01-IMP-TEXT-r1,IMP-TEXT,1,automatic,fdef73bd-f984-58d1-8a53-3eea668a9f83,39f31f0b-d3b9-438f-9e78-ad7f25631420,native_text,question_type,source_provided,True,True,SHORT_ANSWER,SHORT_ANSWER,matched,import-v6\t160-quality-20261007T012224Z-1f7eeede\runs\t160-quality-20261007T012224Z-1f7eeede-01-IMP-TEXT-r1\result.json
t160-quality-20261007T012224Z-1f7eeede-01-IMP-TEXT-r1,IMP-TEXT,1,automatic,fdef73bd-f984-58d1-8a53-3eea668a9f83,39f31f0b-d3b9-438f-9e78-ad7f25631420,native_text,content,source_provided,True,True,根据下表写出 y 关于 x 的关系式。,根据下表写出 y 关于 x 的关系式。,matched,import-v6\t160-quality-20261007T012224Z-1f7eeede\runs\t160-quality-20261007T012224Z-1f7eeede-01-IMP-TEXT-r1\result.json
t160-quality-20261007T012224Z-1f7eeede-01-IMP-TEXT-r1,IMP-TEXT,1,automatic,fdef73bd-f984-58d1-8a53-3eea668a9f83,39f31f0b-d3b9-438f-9e78-ad7f25631420,native_text,options,not_applicable,True,True,,,matched,import-v6\t160-quality-20261007T012224Z-1f7eeede\runs\t160-quality-20261007T012224Z-1f7eeede-01-IMP-TEXT-r1\result.json
t160-quality-20261007T012224Z-1f7eeede-01-IMP-TEXT-r1,IMP-TEXT,1,automatic,fdef73bd-f984-58d1-8a53-3eea668a9f83,39f31f0b-d3b9-438f-9e78-ad7f25631420,native_text,reference_answer,known_missing,True,True,,,matched,import-v6\t160-quality-20261007T012224Z-1f7eeede\runs\t160-quality-20261007T012224Z-1f7eeede-01-IMP-TEXT-r1\result.json
t160-quality-20261007T012224Z-1f7eeede-01-IMP-TEXT-r1,IMP-TEXT,1,automatic,fdef73bd-f984-58d1-8a53-3eea668a9f83,39f31f0b-d3b9-438f-9e78-ad7f25631420,native_text,analysis,known_missing,True,True,,,matched,import-v6\t160-quality-20261007T012224Z-1f7eeede\runs\t160-quality-20261007T012224Z-1f7eeede-01-IMP-TEXT-r1\result.json
t160-quality-20261007T012224Z-1f7eeede-01-IMP-TEXT-r1,IMP-TEXT,1,automatic,fdef73bd-f984-58d1-8a53-3eea668a9f83,39f31f0b-d3b9-438f-9e78-ad7f25631420,native_text,score,source_provided,True,True,3.00,3.00,matched,import-v6\t160-quality-20261007T012224Z-1f7eeede\runs\t160-quality-20261007T012224Z-1f7eeede-01-IMP-TEXT-r1\result.json
t160-quality-20261007T012224Z-1f7eeede-01-IMP-TEXT-r1,IMP-TEXT,1,automatic,fdef73bd-f984-58d1-8a53-3eea668a9f83,39f31f0b-d3b9-438f-9e78-ad7f25631420,native_text,scoring_rubric,source_provided,True,True,正确关系式 1.00；说明代入过程 2.00。,正确关系式 1.00；说明代入过程 2.00。,matched,import-v6\t160-quality-20261007T012224Z-1f7eeede\runs\t160-quality-20261007T012224Z-1f7eeede-01-IMP-TEXT-r1\result.json
t160-quality-20261007T012224Z-1f7eeede-01-IMP-TEXT-r1,IMP-TEXT,1,automatic,fdef73bd-f984-58d1-8a53-3eea668a9f83,39f31f0b-d3b9-438f-9e78-ad7f25631420,native_text,knowledge_points,source_provided,True,True,"[""一次函数"", ""表达与计算""]","[""一次函数"", ""表达与计算""]",matched,import-v6\t160-quality-20261007T012224Z-1f7eeede\runs\t160-quality-20261007T012224Z-1f7eeede-01-IMP-TEXT-r1\result.json
t160-quality-20261007T012224Z-1f7eeede-01-IMP-TEXT-r1,IMP-TEXT,1,automatic,fdef73bd-f984-58d1-8a53-3eea668a9f83,39f31f0b-d3b9-438f-9e78-ad7f25631420,native_text,source_regions,unknown,False,,,,reference_unknown,import-v6\t160-quality-20261007T012224Z-1f7eeede\runs\t160-quality-20261007T012224Z-1f7eeede-01-IMP-TEXT-r1\result.json
t160-quality-20261007T012224Z-1f7eeede-01-IMP-TEXT-r1,IMP-TEXT,1,automatic,fdef73bd-f984-58d1-8a53-3eea668a9f83,39f31f0b-d3b9-438f-9e78-ad7f25631420,native_text,assets,source_provided,True,False,"[{""asset_type"": ""table"", ""source_page_number"": 1, ""order_index"": 1}]",,matched,import-v6\t160-quality-20261007T012224Z-1f7eeede\runs\t160-quality-20261007T012224Z-1f7eeede-01-IMP-TEXT-r1\result.json
t160-quality-20261007T012224Z-1f7eeede-02-IMP-TEXT-r2,IMP-TEXT,2,automatic,1194af49-5301-51bb-a173-0e6f524ac810,aca8a29a-f78a-444f-be46-b242f17cbe2a,native_text,question_number,source_provided,True,True,1,1,matched,import-v6\t160-quality-20261007T012224Z-1f7eeede\runs\t160-quality-20261007T012224Z-1f7eeede-02-IMP-TEXT-r2\result.json
t160-quality-20261007T012224Z-1f7eeede-02-IMP-TEXT-r2,IMP-TEXT,2,automatic,1194af49-5301-51bb-a173-0e6f524ac810,aca8a29a-f78a-444f-be46-b242f17cbe2a,native_text,order_index,source_provided,True,True,1,1,matched,import-v6\t160-quality-20261007T012224Z-1f7eeede\runs\t160-quality-20261007T012224Z-1f7eeede-02-IMP-TEXT-r2\result.json
t160-quality-20261007T012224Z-1f7eeede-02-IMP-TEXT-r2,IMP-TEXT,2,automatic,1194af49-5301-51bb-a173-0e6f524ac810,aca8a29a-f78a-444f-be46-b242f17cbe2a,native_text,source_page_numbers,source_provided,True,True,[1],[1],matched,import-v6\t160-quality-20261007T012224Z-1f7eeede\runs\t160-quality-20261007T012224Z-1f7eeede-02-IMP-TEXT-r2\result.json
t160-quality-20261007T012224Z-1f7eeede-02-IMP-TEXT-r2,IMP-TEXT,2,automatic,1194af49-5301-51bb-a173-0e6f524ac810,aca8a29a-f78a-444f-be46-b242f17cbe2a,native_text,question_type,source_provided,True,True,SINGLE_CHOICE,SINGLE_CHOICE,matched,import-v6\t160-quality-20261007T012224Z-1f7eeede\runs\t160-quality-20261007T012224Z-1f7eeede-02-IMP-TEXT-r2\result.json
t160-quality-20261007T012224Z-1f7eeede-02-IMP-TEXT-r2,IMP-TEXT,2,automatic,1194af49-5301-51bb-a173-0e6f524ac810,aca8a29a-f78a-444f-be46-b242f17cbe2a,native_text,content,source_provided,True,True,y = 2x + 1，x = 3 时 y 为多少？,y = 2x + 1，x = 3 时 y 为多少？,matched,import-v6\t160-quality-20261007T012224Z-1f7eeede\runs\t160-quality-20261007T012224Z-1f7eeede-02-IMP-TEXT-r2\result.json
t160-quality-20261007T012224Z-1f7eeede-02-IMP-TEXT-r2,IMP-TEXT,2,automatic,1194af49-5301-51bb-a173-0e6f524ac810,aca8a29a-f78a-444f-be46-b242f17cbe2a,native_text,options,source_provided,True,True,"{""C"": ""7"", ""A"": ""5"", ""B"": ""6"", ""D"": ""8""}","{""C"": ""7"", ""A"": ""5"", ""B"": ""6"", ""D"": ""8""}",matched,import-v6\t160-quality-20261007T012224Z-1f7eeede\runs\t160-quality-20261007T012224Z-1f7eeede-02-IMP-TEXT-r2\result.json
t160-quality-20261007T012224Z-1f7eeede-02-IMP-TEXT-r2,IMP-TEXT,2,automatic,1194af49-5301-51bb-a173-0e6f524ac810,aca8a29a-f78a-444f-be46-b242f17cbe2a,native_text,reference_answer,source_provided,True,True,C,C,matched,import-v6\t160-quality-20261007T012224Z-1f7eeede\runs\t160-quality-20261007T012224Z-1f7eeede-02-IMP-TEXT-r2\result.json
t160-quality-20261007T012224Z-1f7eeede-02-IMP-TEXT-r2,IMP-TEXT,2,automatic,1194af49-5301-51bb-a173-0e6f524ac810,aca8a29a-f78a-444f-be46-b242f17cbe2a,native_text,analysis,source_provided,True,True,2 × 3 + 1 = 7。,2 × 3 + 1 = 7。,matched,import-v6\t160-quality-20261007T012224Z-1f7eeede\runs\t160-quality-20261007T012224Z-1f7eeede-02-IMP-TEXT-r2\result.json
t160-quality-20261007T012224Z-1f7eeede-02-IMP-TEXT-r2,IMP-TEXT,2,automatic,1194af49-5301-51bb-a173-0e6f524ac810,aca8a29a-f78a-444f-be46-b242f17cbe2a,native_text,score,source_provided,True,True,2.00,2.00,matched,import-v6\t160-quality-20261007T012224Z-1f7eeede\runs\t160-quality-20261007T012224Z-1f7eeede-02-IMP-TEXT-r2\result.json
t160-quality-20261007T012224Z-1f7eeede-02-IMP-TEXT-r2,IMP-TEXT,2,automatic,1194af49-5301-51bb-a173-0e6f524ac810,aca8a29a-f78a-444f-be46-b242f17cbe2a,native_text,scoring_rubric,known_missing,True,True,,,matched,import-v6\t160-quality-20261007T012224Z-1f7eeede\runs\t160-quality-20261007T012224Z-1f7eeede-02-IMP-TEXT-r2\result.json
t160-quality-20261007T012224Z-1f7eeede-02-IMP-TEXT-r2,IMP-TEXT,2,automatic,1194af49-5301-51bb-a173-0e6f524ac810,aca8a29a-f78a-444f-be46-b242f17cbe2a,native_text,knowledge_points,known_missing,True,True,[],[],matched,import-v6\t160-quality-20261007T012224Z-1f7eeede\runs\t160-quality-20261007T012224Z-1f7eeede-02-IMP-TEXT-r2\result.json
t160-quality-20261007T012224Z-1f7eeede-02-IMP-TEXT-r2,IMP-TEXT,2,automatic,1194af49-5301-51bb-a173-0e6f524ac810,aca8a29a-f78a-444f-be46-b242f17cbe2a,native_text,source_regions,unknown,False,,,,reference_unknown,import-v6\t160-quality-20261007T012224Z-1f7eeede\runs\t160-quality-20261007T012224Z-1f7eeede-02-IMP-TEXT-r2\result.json
t160-quality-20261007T012224Z-1f7eeede-02-IMP-TEXT-r2,IMP-TEXT,2,automatic,1194af49-5301-51bb-a173-0e6f524ac810,aca8a29a-f78a-444f-be46-b242f17cbe2a,native_text,assets,source_provided,True,False,[],,matched,import-v6\t160-quality-20261007T012224Z-1f7eeede\runs\t160-quality-20261007T012224Z-1f7eeede-02-IMP-TEXT-r2\result.json
t160-quality-20261007T012224Z-1f7eeede-02-IMP-TEXT-r2,IMP-TEXT,2,automatic,8e0aecaf-072d-5ed7-9b43-5d33ad202cc1,ebd5fdfd-8ffb-48f4-8063-f8a7e1856496,native_text,question_number,source_provided,True,True,2,2,matched,import-v6\t160-quality-20261007T012224Z-1f7eeede\runs\t160-quality-20261007T012224Z-1f7eeede-02-IMP-TEXT-r2\result.json
t160-quality-20261007T012224Z-1f7eeede-02-IMP-TEXT-r2,IMP-TEXT,2,automatic,8e0aecaf-072d-5ed7-9b43-5d33ad202cc1,ebd5fdfd-8ffb-48f4-8063-f8a7e1856496,native_text,order_index,source_provided,True,True,2,2,matched,import-v6\t160-quality-20261007T012224Z-1f7eeede\runs\t160-quality-20261007T012224Z-1f7eeede-02-IMP-TEXT-r2\result.json
t160-quality-20261007T012224Z-1f7eeede-02-IMP-TEXT-r2,IMP-TEXT,2,automatic,8e0aecaf-072d-5ed7-9b43-5d33ad202cc1,ebd5fdfd-8ffb-48f4-8063-f8a7e1856496,native_text,source_page_numbers,source_provided,True,True,[1],[1],matched,import-v6\t160-quality-20261007T012224Z-1f7eeede\runs\t160-quality-20261007T012224Z-1f7eeede-02-IMP-TEXT-r2\result.json
t160-quality-20261007T012224Z-1f7eeede-02-IMP-TEXT-r2,IMP-TEXT,2,automatic,8e0aecaf-072d-5ed7-9b43-5d33ad202cc1,ebd5fdfd-8ffb-48f4-8063-f8a7e1856496,native_text,question_type,source_provided,True,True,TRUE_FALSE,TRUE_FALSE,matched,import-v6\t160-quality-20261007T012224Z-1f7eeede\runs\t160-quality-20261007T012224Z-1f7eeede-02-IMP-TEXT-r2\result.json
t160-quality-20261007T012224Z-1f7eeede-02-IMP-TEXT-r2,IMP-TEXT,2,automatic,8e0aecaf-072d-5ed7-9b43-5d33ad202cc1,ebd5fdfd-8ffb-48f4-8063-f8a7e1856496,native_text,content,source_provided,True,True,右图三角形面积为 24 cm²。,右图三角形面积为 24 cm²。,matched,import-v6\t160-quality-20261007T012224Z-1f7eeede\runs\t160-quality-20261007T012224Z-1f7eeede-02-IMP-TEXT-r2\result.json
t160-quality-20261007T012224Z-1f7eeede-02-IMP-TEXT-r2,IMP-TEXT,2,automatic,8e0aecaf-072d-5ed7-9b43-5d33ad202cc1,ebd5fdfd-8ffb-48f4-8063-f8a7e1856496,native_text,options,source_provided,True,True,"[""正确"", ""错误""]","[""正确"", ""错误""]",matched,import-v6\t160-quality-20261007T012224Z-1f7eeede\runs\t160-quality-20261007T012224Z-1f7eeede-02-IMP-TEXT-r2\result.json
t160-quality-20261007T012224Z-1f7eeede-02-IMP-TEXT-r2,IMP-TEXT,2,automatic,8e0aecaf-072d-5ed7-9b43-5d33ad202cc1,ebd5fdfd-8ffb-48f4-8063-f8a7e1856496,native_text,reference_answer,known_missing,True,True,,,matched,import-v6\t160-quality-20261007T012224Z-1f7eeede\runs\t160-quality-20261007T012224Z-1f7eeede-02-IMP-TEXT-r2\result.json
t160-quality-20261007T012224Z-1f7eeede-02-IMP-TEXT-r2,IMP-TEXT,2,automatic,8e0aecaf-072d-5ed7-9b43-5d33ad202cc1,ebd5fdfd-8ffb-48f4-8063-f8a7e1856496,native_text,analysis,known_missing,True,True,,,matched,import-v6\t160-quality-20261007T012224Z-1f7eeede\runs\t160-quality-20261007T012224Z-1f7eeede-02-IMP-TEXT-r2\result.json
t160-quality-20261007T012224Z-1f7eeede-02-IMP-TEXT-r2,IMP-TEXT,2,automatic,8e0aecaf-072d-5ed7-9b43-5d33ad202cc1,ebd5fdfd-8ffb-48f4-8063-f8a7e1856496,native_text,score,source_provided,True,True,2.00,2.00,matched,import-v6\t160-quality-20261007T012224Z-1f7eeede\runs\t160-quality-20261007T012224Z-1f7eeede-02-IMP-TEXT-r2\result.json
t160-quality-20261007T012224Z-1f7eeede-02-IMP-TEXT-r2,IMP-TEXT,2,automatic,8e0aecaf-072d-5ed7-9b43-5d33ad202cc1,ebd5fdfd-8ffb-48f4-8063-f8a7e1856496,native_text,scoring_rubric,known_missing,True,True,,,matched,import-v6\t160-quality-20261007T012224Z-1f7eeede\runs\t160-quality-20261007T012224Z-1f7eeede-02-IMP-TEXT-r2\result.json
t160-quality-20261007T012224Z-1f7eeede-02-IMP-TEXT-r2,IMP-TEXT,2,automatic,8e0aecaf-072d-5ed7-9b43-5d33ad202cc1,ebd5fdfd-8ffb-48f4-8063-f8a7e1856496,native_text,knowledge_points,known_missing,True,True,[],[],matched,import-v6\t160-quality-20261007T012224Z-1f7eeede\runs\t160-quality-20261007T012224Z-1f7eeede-02-IMP-TEXT-r2\result.json
t160-quality-20261007T012224Z-1f7eeede-02-IMP-TEXT-r2,IMP-TEXT,2,automatic,8e0aecaf-072d-5ed7-9b43-5d33ad202cc1,ebd5fdfd-8ffb-48f4-8063-f8a7e1856496,native_text,source_regions,unknown,False,,,,reference_unknown,import-v6\t160-quality-20261007T012224Z-1f7eeede\runs\t160-quality-20261007T012224Z-1f7eeede-02-IMP-TEXT-r2\result.json
t160-quality-20261007T012224Z-1f7eeede-02-IMP-TEXT-r2,IMP-TEXT,2,automatic,8e0aecaf-072d-5ed7-9b43-5d33ad202cc1,ebd5fdfd-8ffb-48f4-8063-f8a7e1856496,native_text,assets,source_provided,True,False,"[{""asset_type"": ""figure"", ""source_page_number"": 1, ""order_index"": 1}]",,matched,import-v6\t160-quality-20261007T012224Z-1f7eeede\runs\t160-quality-20261007T012224Z-1f7eeede-02-IMP-TEXT-r2\result.json
t160-quality-20261007T012224Z-1f7eeede-02-IMP-TEXT-r2,IMP-TEXT,2,automatic,fdef73bd-f984-58d1-8a53-3eea668a9f83,9b6bd956-814a-468d-bb17-1b6fe3615358,native_text,question_number,source_provided,True,True,3,3,matched,import-v6\t160-quality-20261007T012224Z-1f7eeede\runs\t160-quality-20261007T012224Z-1f7eeede-02-IMP-TEXT-r2\result.json
t160-quality-20261007T012224Z-1f7eeede-02-IMP-TEXT-r2,IMP-TEXT,2,automatic,fdef73bd-f984-58d1-8a53-3eea668a9f83,9b6bd956-814a-468d-bb17-1b6fe3615358,native_text,order_index,source_provided,True,True,3,3,matched,import-v6\t160-quality-20261007T012224Z-1f7eeede\runs\t160-quality-20261007T012224Z-1f7eeede-02-IMP-TEXT-r2\result.json
t160-quality-20261007T012224Z-1f7eeede-02-IMP-TEXT-r2,IMP-TEXT,2,automatic,fdef73bd-f984-58d1-8a53-3eea668a9f83,9b6bd956-814a-468d-bb17-1b6fe3615358,native_text,source_page_numbers,source_provided,True,True,[1],[1],matched,import-v6\t160-quality-20261007T012224Z-1f7eeede\runs\t160-quality-20261007T012224Z-1f7eeede-02-IMP-TEXT-r2\result.json
t160-quality-20261007T012224Z-1f7eeede-02-IMP-TEXT-r2,IMP-TEXT,2,automatic,fdef73bd-f984-58d1-8a53-3eea668a9f83,9b6bd956-814a-468d-bb17-1b6fe3615358,native_text,question_type,source_provided,True,True,SHORT_ANSWER,SHORT_ANSWER,matched,import-v6\t160-quality-20261007T012224Z-1f7eeede\runs\t160-quality-20261007T012224Z-1f7eeede-02-IMP-TEXT-r2\result.json
t160-quality-20261007T012224Z-1f7eeede-02-IMP-TEXT-r2,IMP-TEXT,2,automatic,fdef73bd-f984-58d1-8a53-3eea668a9f83,9b6bd956-814a-468d-bb17-1b6fe3615358,native_text,content,source_provided,True,True,根据下表写出 y 关于 x 的关系式。,根据下表写出 y 关于 x 的关系式。,matched,import-v6\t160-quality-20261007T012224Z-1f7eeede\runs\t160-quality-20261007T012224Z-1f7eeede-02-IMP-TEXT-r2\result.json
t160-quality-20261007T012224Z-1f7eeede-02-IMP-TEXT-r2,IMP-TEXT,2,automatic,fdef73bd-f984-58d1-8a53-3eea668a9f83,9b6bd956-814a-468d-bb17-1b6fe3615358,native_text,options,not_applicable,True,True,,,matched,import-v6\t160-quality-20261007T012224Z-1f7eeede\runs\t160-quality-20261007T012224Z-1f7eeede-02-IMP-TEXT-r2\result.json
t160-quality-20261007T012224Z-1f7eeede-02-IMP-TEXT-r2,IMP-TEXT,2,automatic,fdef73bd-f984-58d1-8a53-3eea668a9f83,9b6bd956-814a-468d-bb17-1b6fe3615358,native_text,reference_answer,known_missing,True,True,,,matched,import-v6\t160-quality-20261007T012224Z-1f7eeede\runs\t160-quality-20261007T012224Z-1f7eeede-02-IMP-TEXT-r2\result.json
t160-quality-20261007T012224Z-1f7eeede-02-IMP-TEXT-r2,IMP-TEXT,2,automatic,fdef73bd-f984-58d1-8a53-3eea668a9f83,9b6bd956-814a-468d-bb17-1b6fe3615358,native_text,analysis,known_missing,True,True,,,matched,import-v6\t160-quality-20261007T012224Z-1f7eeede\runs\t160-quality-20261007T012224Z-1f7eeede-02-IMP-TEXT-r2\result.json
t160-quality-20261007T012224Z-1f7eeede-02-IMP-TEXT-r2,IMP-TEXT,2,automatic,fdef73bd-f984-58d1-8a53-3eea668a9f83,9b6bd956-814a-468d-bb17-1b6fe3615358,native_text,score,source_provided,True,True,3.00,3.00,matched,import-v6\t160-quality-20261007T012224Z-1f7eeede\runs\t160-quality-20261007T012224Z-1f7eeede-02-IMP-TEXT-r2\result.json
t160-quality-20261007T012224Z-1f7eeede-02-IMP-TEXT-r2,IMP-TEXT,2,automatic,fdef73bd-f984-58d1-8a53-3eea668a9f83,9b6bd956-814a-468d-bb17-1b6fe3615358,native_text,scoring_rubric,source_provided,True,True,正确关系式 1.00；说明代入过程 2.00。,正确关系式 1.00；说明代入过程 2.00。,matched,import-v6\t160-quality-20261007T012224Z-1f7eeede\runs\t160-quality-20261007T012224Z-1f7eeede-02-IMP-TEXT-r2\result.json
t160-quality-20261007T012224Z-1f7eeede-02-IMP-TEXT-r2,IMP-TEXT,2,automatic,fdef73bd-f984-58d1-8a53-3eea668a9f83,9b6bd956-814a-468d-bb17-1b6fe3615358,native_text,knowledge_points,source_provided,True,True,"[""一次函数"", ""表达与计算""]","[""一次函数"", ""表达与计算""]",matched,import-v6\t160-quality-20261007T012224Z-1f7eeede\runs\t160-quality-20261007T012224Z-1f7eeede-02-IMP-TEXT-r2\result.json
t160-quality-20261007T012224Z-1f7eeede-02-IMP-TEXT-r2,IMP-TEXT,2,automatic,fdef73bd-f984-58d1-8a53-3eea668a9f83,9b6bd956-814a-468d-bb17-1b6fe3615358,native_text,source_regions,unknown,False,,,,reference_unknown,import-v6\t160-quality-20261007T012224Z-1f7eeede\runs\t160-quality-20261007T012224Z-1f7eeede-02-IMP-TEXT-r2\result.json
t160-quality-20261007T012224Z-1f7eeede-02-IMP-TEXT-r2,IMP-TEXT,2,automatic,fdef73bd-f984-58d1-8a53-3eea668a9f83,9b6bd956-814a-468d-bb17-1b6fe3615358,native_text,assets,source_provided,True,False,"[{""asset_type"": ""table"", ""source_page_number"": 1, ""order_index"": 1}]",,matched,import-v6\t160-quality-20261007T012224Z-1f7eeede\runs\t160-quality-20261007T012224Z-1f7eeede-02-IMP-TEXT-r2\result.json
t160-quality-20261007T012224Z-1f7eeede-03-IMP-TEXT-r3,IMP-TEXT,3,automatic,1194af49-5301-51bb-a173-0e6f524ac810,33aba56d-152d-4cef-9a2c-2380f2a562b8,native_text,question_number,source_provided,True,True,1,1,matched,import-v6\t160-quality-20261007T012224Z-1f7eeede\runs\t160-quality-20261007T012224Z-1f7eeede-03-IMP-TEXT-r3\result.json
t160-quality-20261007T012224Z-1f7eeede-03-IMP-TEXT-r3,IMP-TEXT,3,automatic,1194af49-5301-51bb-a173-0e6f524ac810,33aba56d-152d-4cef-9a2c-2380f2a562b8,native_text,order_index,source_provided,True,True,1,1,matched,import-v6\t160-quality-20261007T012224Z-1f7eeede\runs\t160-quality-20261007T012224Z-1f7eeede-03-IMP-TEXT-r3\result.json
t160-quality-20261007T012224Z-1f7eeede-03-IMP-TEXT-r3,IMP-TEXT,3,automatic,1194af49-5301-51bb-a173-0e6f524ac810,33aba56d-152d-4cef-9a2c-2380f2a562b8,native_text,source_page_numbers,source_provided,True,True,[1],[1],matched,import-v6\t160-quality-20261007T012224Z-1f7eeede\runs\t160-quality-20261007T012224Z-1f7eeede-03-IMP-TEXT-r3\result.json
t160-quality-20261007T012224Z-1f7eeede-03-IMP-TEXT-r3,IMP-TEXT,3,automatic,1194af49-5301-51bb-a173-0e6f524ac810,33aba56d-152d-4cef-9a2c-2380f2a562b8,native_text,question_type,source_provided,True,True,SINGLE_CHOICE,SINGLE_CHOICE,matched,import-v6\t160-quality-20261007T012224Z-1f7eeede\runs\t160-quality-20261007T012224Z-1f7eeede-03-IMP-TEXT-r3\result.json
t160-quality-20261007T012224Z-1f7eeede-03-IMP-TEXT-r3,IMP-TEXT,3,automatic,1194af49-5301-51bb-a173-0e6f524ac810,33aba56d-152d-4cef-9a2c-2380f2a562b8,native_text,content,source_provided,True,True,y = 2x + 1，x = 3 时 y 为多少？,y = 2x + 1，x = 3 时 y 为多少？,matched,import-v6\t160-quality-20261007T012224Z-1f7eeede\runs\t160-quality-20261007T012224Z-1f7eeede-03-IMP-TEXT-r3\result.json
t160-quality-20261007T012224Z-1f7eeede-03-IMP-TEXT-r3,IMP-TEXT,3,automatic,1194af49-5301-51bb-a173-0e6f524ac810,33aba56d-152d-4cef-9a2c-2380f2a562b8,native_text,options,source_provided,True,True,"{""C"": ""7"", ""A"": ""5"", ""B"": ""6"", ""D"": ""8""}","{""C"": ""7"", ""A"": ""5"", ""B"": ""6"", ""D"": ""8""}",matched,import-v6\t160-quality-20261007T012224Z-1f7eeede\runs\t160-quality-20261007T012224Z-1f7eeede-03-IMP-TEXT-r3\result.json
t160-quality-20261007T012224Z-1f7eeede-03-IMP-TEXT-r3,IMP-TEXT,3,automatic,1194af49-5301-51bb-a173-0e6f524ac810,33aba56d-152d-4cef-9a2c-2380f2a562b8,native_text,reference_answer,source_provided,True,True,C,C,matched,import-v6\t160-quality-20261007T012224Z-1f7eeede\runs\t160-quality-20261007T012224Z-1f7eeede-03-IMP-TEXT-r3\result.json
t160-quality-20261007T012224Z-1f7eeede-03-IMP-TEXT-r3,IMP-TEXT,3,automatic,1194af49-5301-51bb-a173-0e6f524ac810,33aba56d-152d-4cef-9a2c-2380f2a562b8,native_text,analysis,source_provided,True,True,2 × 3 + 1 = 7。,2 × 3 + 1 = 7。,matched,import-v6\t160-quality-20261007T012224Z-1f7eeede\runs\t160-quality-20261007T012224Z-1f7eeede-03-IMP-TEXT-r3\result.json
t160-quality-20261007T012224Z-1f7eeede-03-IMP-TEXT-r3,IMP-TEXT,3,automatic,1194af49-5301-51bb-a173-0e6f524ac810,33aba56d-152d-4cef-9a2c-2380f2a562b8,native_text,score,source_provided,True,True,2.00,2.00,matched,import-v6\t160-quality-20261007T012224Z-1f7eeede\runs\t160-quality-20261007T012224Z-1f7eeede-03-IMP-TEXT-r3\result.json
t160-quality-20261007T012224Z-1f7eeede-03-IMP-TEXT-r3,IMP-TEXT,3,automatic,1194af49-5301-51bb-a173-0e6f524ac810,33aba56d-152d-4cef-9a2c-2380f2a562b8,native_text,scoring_rubric,known_missing,True,True,,,matched,import-v6\t160-quality-20261007T012224Z-1f7eeede\runs\t160-quality-20261007T012224Z-1f7eeede-03-IMP-TEXT-r3\result.json
t160-quality-20261007T012224Z-1f7eeede-03-IMP-TEXT-r3,IMP-TEXT,3,automatic,1194af49-5301-51bb-a173-0e6f524ac810,33aba56d-152d-4cef-9a2c-2380f2a562b8,native_text,knowledge_points,known_missing,True,True,[],[],matched,import-v6\t160-quality-20261007T012224Z-1f7eeede\runs\t160-quality-20261007T012224Z-1f7eeede-03-IMP-TEXT-r3\result.json
t160-quality-20261007T012224Z-1f7eeede-03-IMP-TEXT-r3,IMP-TEXT,3,automatic,1194af49-5301-51bb-a173-0e6f524ac810,33aba56d-152d-4cef-9a2c-2380f2a562b8,native_text,source_regions,unknown,False,,,,reference_unknown,import-v6\t160-quality-20261007T012224Z-1f7eeede\runs\t160-quality-20261007T012224Z-1f7eeede-03-IMP-TEXT-r3\result.json
t160-quality-20261007T012224Z-1f7eeede-03-IMP-TEXT-r3,IMP-TEXT,3,automatic,1194af49-5301-51bb-a173-0e6f524ac810,33aba56d-152d-4cef-9a2c-2380f2a562b8,native_text,assets,source_provided,True,False,[],,matched,import-v6\t160-quality-20261007T012224Z-1f7eeede\runs\t160-quality-20261007T012224Z-1f7eeede-03-IMP-TEXT-r3\result.json
t160-quality-20261007T012224Z-1f7eeede-03-IMP-TEXT-r3,IMP-TEXT,3,automatic,8e0aecaf-072d-5ed7-9b43-5d33ad202cc1,ee5bec8a-078a-4782-90ab-526387a6f43e,native_text,question_number,source_provided,True,True,2,2,matched,import-v6\t160-quality-20261007T012224Z-1f7eeede\runs\t160-quality-20261007T012224Z-1f7eeede-03-IMP-TEXT-r3\result.json
t160-quality-20261007T012224Z-1f7eeede-03-IMP-TEXT-r3,IMP-TEXT,3,automatic,8e0aecaf-072d-5ed7-9b43-5d33ad202cc1,ee5bec8a-078a-4782-90ab-526387a6f43e,native_text,order_index,source_provided,True,True,2,2,matched,import-v6\t160-quality-20261007T012224Z-1f7eeede\runs\t160-quality-20261007T012224Z-1f7eeede-03-IMP-TEXT-r3\result.json
t160-quality-20261007T012224Z-1f7eeede-03-IMP-TEXT-r3,IMP-TEXT,3,automatic,8e0aecaf-072d-5ed7-9b43-5d33ad202cc1,ee5bec8a-078a-4782-90ab-526387a6f43e,native_text,source_page_numbers,source_provided,True,True,[1],[1],matched,import-v6\t160-quality-20261007T012224Z-1f7eeede\runs\t160-quality-20261007T012224Z-1f7eeede-03-IMP-TEXT-r3\result.json
t160-quality-20261007T012224Z-1f7eeede-03-IMP-TEXT-r3,IMP-TEXT,3,automatic,8e0aecaf-072d-5ed7-9b43-5d33ad202cc1,ee5bec8a-078a-4782-90ab-526387a6f43e,native_text,question_type,source_provided,True,True,TRUE_FALSE,TRUE_FALSE,matched,import-v6\t160-quality-20261007T012224Z-1f7eeede\runs\t160-quality-20261007T012224Z-1f7eeede-03-IMP-TEXT-r3\result.json
t160-quality-20261007T012224Z-1f7eeede-03-IMP-TEXT-r3,IMP-TEXT,3,automatic,8e0aecaf-072d-5ed7-9b43-5d33ad202cc1,ee5bec8a-078a-4782-90ab-526387a6f43e,native_text,content,source_provided,True,True,右图三角形面积为 24 cm²。,右图三角形面积为 24 cm²。,matched,import-v6\t160-quality-20261007T012224Z-1f7eeede\runs\t160-quality-20261007T012224Z-1f7eeede-03-IMP-TEXT-r3\result.json
t160-quality-20261007T012224Z-1f7eeede-03-IMP-TEXT-r3,IMP-TEXT,3,automatic,8e0aecaf-072d-5ed7-9b43-5d33ad202cc1,ee5bec8a-078a-4782-90ab-526387a6f43e,native_text,options,source_provided,True,True,"[""正确"", ""错误""]","[""正确"", ""错误""]",matched,import-v6\t160-quality-20261007T012224Z-1f7eeede\runs\t160-quality-20261007T012224Z-1f7eeede-03-IMP-TEXT-r3\result.json
t160-quality-20261007T012224Z-1f7eeede-03-IMP-TEXT-r3,IMP-TEXT,3,automatic,8e0aecaf-072d-5ed7-9b43-5d33ad202cc1,ee5bec8a-078a-4782-90ab-526387a6f43e,native_text,reference_answer,known_missing,True,True,,,matched,import-v6\t160-quality-20261007T012224Z-1f7eeede\runs\t160-quality-20261007T012224Z-1f7eeede-03-IMP-TEXT-r3\result.json
t160-quality-20261007T012224Z-1f7eeede-03-IMP-TEXT-r3,IMP-TEXT,3,automatic,8e0aecaf-072d-5ed7-9b43-5d33ad202cc1,ee5bec8a-078a-4782-90ab-526387a6f43e,native_text,analysis,known_missing,True,True,,,matched,import-v6\t160-quality-20261007T012224Z-1f7eeede\runs\t160-quality-20261007T012224Z-1f7eeede-03-IMP-TEXT-r3\result.json
t160-quality-20261007T012224Z-1f7eeede-03-IMP-TEXT-r3,IMP-TEXT,3,automatic,8e0aecaf-072d-5ed7-9b43-5d33ad202cc1,ee5bec8a-078a-4782-90ab-526387a6f43e,native_text,score,source_provided,True,True,2.00,2.00,matched,import-v6\t160-quality-20261007T012224Z-1f7eeede\runs\t160-quality-20261007T012224Z-1f7eeede-03-IMP-TEXT-r3\result.json
t160-quality-20261007T012224Z-1f7eeede-03-IMP-TEXT-r3,IMP-TEXT,3,automatic,8e0aecaf-072d-5ed7-9b43-5d33ad202cc1,ee5bec8a-078a-4782-90ab-526387a6f43e,native_text,scoring_rubric,known_missing,True,True,,,matched,import-v6\t160-quality-20261007T012224Z-1f7eeede\runs\t160-quality-20261007T012224Z-1f7eeede-03-IMP-TEXT-r3\result.json
t160-quality-20261007T012224Z-1f7eeede-03-IMP-TEXT-r3,IMP-TEXT,3,automatic,8e0aecaf-072d-5ed7-9b43-5d33ad202cc1,ee5bec8a-078a-4782-90ab-526387a6f43e,native_text,knowledge_points,known_missing,True,True,[],[],matched,import-v6\t160-quality-20261007T012224Z-1f7eeede\runs\t160-quality-20261007T012224Z-1f7eeede-03-IMP-TEXT-r3\result.json
t160-quality-20261007T012224Z-1f7eeede-03-IMP-TEXT-r3,IMP-TEXT,3,automatic,8e0aecaf-072d-5ed7-9b43-5d33ad202cc1,ee5bec8a-078a-4782-90ab-526387a6f43e,native_text,source_regions,unknown,False,,,,reference_unknown,import-v6\t160-quality-20261007T012224Z-1f7eeede\runs\t160-quality-20261007T012224Z-1f7eeede-03-IMP-TEXT-r3\result.json
t160-quality-20261007T012224Z-1f7eeede-03-IMP-TEXT-r3,IMP-TEXT,3,automatic,8e0aecaf-072d-5ed7-9b43-5d33ad202cc1,ee5bec8a-078a-4782-90ab-526387a6f43e,native_text,assets,source_provided,True,False,"[{""asset_type"": ""figure"", ""source_page_number"": 1, ""order_index"": 1}]",,matched,import-v6\t160-quality-20261007T012224Z-1f7eeede\runs\t160-quality-20261007T012224Z-1f7eeede-03-IMP-TEXT-r3\result.json
t160-quality-20261007T012224Z-1f7eeede-03-IMP-TEXT-r3,IMP-TEXT,3,automatic,fdef73bd-f984-58d1-8a53-3eea668a9f83,174b150d-af28-4b3f-ab0d-c29d862a45e2,native_text,question_number,source_provided,True,True,3,3,matched,import-v6\t160-quality-20261007T012224Z-1f7eeede\runs\t160-quality-20261007T012224Z-1f7eeede-03-IMP-TEXT-r3\result.json
t160-quality-20261007T012224Z-1f7eeede-03-IMP-TEXT-r3,IMP-TEXT,3,automatic,fdef73bd-f984-58d1-8a53-3eea668a9f83,174b150d-af28-4b3f-ab0d-c29d862a45e2,native_text,order_index,source_provided,True,True,3,3,matched,import-v6\t160-quality-20261007T012224Z-1f7eeede\runs\t160-quality-20261007T012224Z-1f7eeede-03-IMP-TEXT-r3\result.json
t160-quality-20261007T012224Z-1f7eeede-03-IMP-TEXT-r3,IMP-TEXT,3,automatic,fdef73bd-f984-58d1-8a53-3eea668a9f83,174b150d-af28-4b3f-ab0d-c29d862a45e2,native_text,source_page_numbers,source_provided,True,True,[1],[1],matched,import-v6\t160-quality-20261007T012224Z-1f7eeede\runs\t160-quality-20261007T012224Z-1f7eeede-03-IMP-TEXT-r3\result.json
t160-quality-20261007T012224Z-1f7eeede-03-IMP-TEXT-r3,IMP-TEXT,3,automatic,fdef73bd-f984-58d1-8a53-3eea668a9f83,174b150d-af28-4b3f-ab0d-c29d862a45e2,native_text,question_type,source_provided,True,True,SHORT_ANSWER,SHORT_ANSWER,matched,import-v6\t160-quality-20261007T012224Z-1f7eeede\runs\t160-quality-20261007T012224Z-1f7eeede-03-IMP-TEXT-r3\result.json
t160-quality-20261007T012224Z-1f7eeede-03-IMP-TEXT-r3,IMP-TEXT,3,automatic,fdef73bd-f984-58d1-8a53-3eea668a9f83,174b150d-af28-4b3f-ab0d-c29d862a45e2,native_text,content,source_provided,True,True,根据下表写出 y 关于 x 的关系式。,根据下表写出 y 关于 x 的关系式。,matched,import-v6\t160-quality-20261007T012224Z-1f7eeede\runs\t160-quality-20261007T012224Z-1f7eeede-03-IMP-TEXT-r3\result.json
t160-quality-20261007T012224Z-1f7eeede-03-IMP-TEXT-r3,IMP-TEXT,3,automatic,fdef73bd-f984-58d1-8a53-3eea668a9f83,174b150d-af28-4b3f-ab0d-c29d862a45e2,native_text,options,not_applicable,True,True,,,matched,import-v6\t160-quality-20261007T012224Z-1f7eeede\runs\t160-quality-20261007T012224Z-1f7eeede-03-IMP-TEXT-r3\result.json
t160-quality-20261007T012224Z-1f7eeede-03-IMP-TEXT-r3,IMP-TEXT,3,automatic,fdef73bd-f984-58d1-8a53-3eea668a9f83,174b150d-af28-4b3f-ab0d-c29d862a45e2,native_text,reference_answer,known_missing,True,True,,,matched,import-v6\t160-quality-20261007T012224Z-1f7eeede\runs\t160-quality-20261007T012224Z-1f7eeede-03-IMP-TEXT-r3\result.json
t160-quality-20261007T012224Z-1f7eeede-03-IMP-TEXT-r3,IMP-TEXT,3,automatic,fdef73bd-f984-58d1-8a53-3eea668a9f83,174b150d-af28-4b3f-ab0d-c29d862a45e2,native_text,analysis,known_missing,True,True,,,matched,import-v6\t160-quality-20261007T012224Z-1f7eeede\runs\t160-quality-20261007T012224Z-1f7eeede-03-IMP-TEXT-r3\result.json
t160-quality-20261007T012224Z-1f7eeede-03-IMP-TEXT-r3,IMP-TEXT,3,automatic,fdef73bd-f984-58d1-8a53-3eea668a9f83,174b150d-af28-4b3f-ab0d-c29d862a45e2,native_text,score,source_provided,True,True,3.00,3.00,matched,import-v6\t160-quality-20261007T012224Z-1f7eeede\runs\t160-quality-20261007T012224Z-1f7eeede-03-IMP-TEXT-r3\result.json
t160-quality-20261007T012224Z-1f7eeede-03-IMP-TEXT-r3,IMP-TEXT,3,automatic,fdef73bd-f984-58d1-8a53-3eea668a9f83,174b150d-af28-4b3f-ab0d-c29d862a45e2,native_text,scoring_rubric,source_provided,True,True,正确关系式 1.00；说明代入过程 2.00。,正确关系式 1.00；说明代入过程 2.00。,matched,import-v6\t160-quality-20261007T012224Z-1f7eeede\runs\t160-quality-20261007T012224Z-1f7eeede-03-IMP-TEXT-r3\result.json
t160-quality-20261007T012224Z-1f7eeede-03-IMP-TEXT-r3,IMP-TEXT,3,automatic,fdef73bd-f984-58d1-8a53-3eea668a9f83,174b150d-af28-4b3f-ab0d-c29d862a45e2,native_text,knowledge_points,source_provided,True,True,"[""一次函数"", ""表达与计算""]","[""一次函数"", ""表达与计算""]",matched,import-v6\t160-quality-20261007T012224Z-1f7eeede\runs\t160-quality-20261007T012224Z-1f7eeede-03-IMP-TEXT-r3\result.json
t160-quality-20261007T012224Z-1f7eeede-03-IMP-TEXT-r3,IMP-TEXT,3,automatic,fdef73bd-f984-58d1-8a53-3eea668a9f83,174b150d-af28-4b3f-ab0d-c29d862a45e2,native_text,source_regions,unknown,False,,,,reference_unknown,import-v6\t160-quality-20261007T012224Z-1f7eeede\runs\t160-quality-20261007T012224Z-1f7eeede-03-IMP-TEXT-r3\result.json
t160-quality-20261007T012224Z-1f7eeede-03-IMP-TEXT-r3,IMP-TEXT,3,automatic,fdef73bd-f984-58d1-8a53-3eea668a9f83,174b150d-af28-4b3f-ab0d-c29d862a45e2,native_text,assets,source_provided,True,False,"[{""asset_type"": ""table"", ""source_page_number"": 1, ""order_index"": 1}]",,matched,import-v6\t160-quality-20261007T012224Z-1f7eeede\runs\t160-quality-20261007T012224Z-1f7eeede-03-IMP-TEXT-r3\result.json
t160-quality-20261007T012224Z-1f7eeede-04-IMP-SCAN-r1,IMP-SCAN,1,automatic,74d666eb-fc46-5106-8ea2-ea5c967c6457,a60fd160-4508-4b27-aa77-aa43fb3f0532,ocr_required,question_number,source_provided,True,True,1,1,matched,import-v6\t160-quality-20261007T012224Z-1f7eeede\runs\t160-quality-20261007T012224Z-1f7eeede-04-IMP-SCAN-r1\result.json
t160-quality-20261007T012224Z-1f7eeede-04-IMP-SCAN-r1,IMP-SCAN,1,automatic,74d666eb-fc46-5106-8ea2-ea5c967c6457,a60fd160-4508-4b27-aa77-aa43fb3f0532,ocr_required,order_index,source_provided,True,True,1,1,matched,import-v6\t160-quality-20261007T012224Z-1f7eeede\runs\t160-quality-20261007T012224Z-1f7eeede-04-IMP-SCAN-r1\result.json
t160-quality-20261007T012224Z-1f7eeede-04-IMP-SCAN-r1,IMP-SCAN,1,automatic,74d666eb-fc46-5106-8ea2-ea5c967c6457,a60fd160-4508-4b27-aa77-aa43fb3f0532,ocr_required,source_page_numbers,source_provided,True,True,[1],[1],matched,import-v6\t160-quality-20261007T012224Z-1f7eeede\runs\t160-quality-20261007T012224Z-1f7eeede-04-IMP-SCAN-r1\result.json
t160-quality-20261007T012224Z-1f7eeede-04-IMP-SCAN-r1,IMP-SCAN,1,automatic,74d666eb-fc46-5106-8ea2-ea5c967c6457,a60fd160-4508-4b27-aa77-aa43fb3f0532,ocr_required,question_type,source_provided,True,True,SINGLE_CHOICE,SINGLE_CHOICE,matched,import-v6\t160-quality-20261007T012224Z-1f7eeede\runs\t160-quality-20261007T012224Z-1f7eeede-04-IMP-SCAN-r1\result.json
t160-quality-20261007T012224Z-1f7eeede-04-IMP-SCAN-r1,IMP-SCAN,1,automatic,74d666eb-fc46-5106-8ea2-ea5c967c6457,a60fd160-4508-4b27-aa77-aa43fb3f0532,ocr_required,content,source_provided,True,True,y = 2x + 1，x = 3 时 y 为多少？,y = 2x + 1，x = 3 时 y 为多少？,matched,import-v6\t160-quality-20261007T012224Z-1f7eeede\runs\t160-quality-20261007T012224Z-1f7eeede-04-IMP-SCAN-r1\result.json
t160-quality-20261007T012224Z-1f7eeede-04-IMP-SCAN-r1,IMP-SCAN,1,automatic,74d666eb-fc46-5106-8ea2-ea5c967c6457,a60fd160-4508-4b27-aa77-aa43fb3f0532,ocr_required,options,source_provided,True,True,"{""C"": ""7"", ""A"": ""5"", ""B"": ""6"", ""D"": ""8""}","{""C"": ""7"", ""A"": ""5"", ""B"": ""6"", ""D"": ""8""}",matched,import-v6\t160-quality-20261007T012224Z-1f7eeede\runs\t160-quality-20261007T012224Z-1f7eeede-04-IMP-SCAN-r1\result.json
t160-quality-20261007T012224Z-1f7eeede-04-IMP-SCAN-r1,IMP-SCAN,1,automatic,74d666eb-fc46-5106-8ea2-ea5c967c6457,a60fd160-4508-4b27-aa77-aa43fb3f0532,ocr_required,reference_answer,source_provided,True,True,C,C,matched,import-v6\t160-quality-20261007T012224Z-1f7eeede\runs\t160-quality-20261007T012224Z-1f7eeede-04-IMP-SCAN-r1\result.json
t160-quality-20261007T012224Z-1f7eeede-04-IMP-SCAN-r1,IMP-SCAN,1,automatic,74d666eb-fc46-5106-8ea2-ea5c967c6457,a60fd160-4508-4b27-aa77-aa43fb3f0532,ocr_required,analysis,source_provided,True,False,2 × 3 + 1 = 7。,2 × 3 +1=7。,matched,import-v6\t160-quality-20261007T012224Z-1f7eeede\runs\t160-quality-20261007T012224Z-1f7eeede-04-IMP-SCAN-r1\result.json
t160-quality-20261007T012224Z-1f7eeede-04-IMP-SCAN-r1,IMP-SCAN,1,automatic,74d666eb-fc46-5106-8ea2-ea5c967c6457,a60fd160-4508-4b27-aa77-aa43fb3f0532,ocr_required,score,source_provided,True,True,2.00,2.00,matched,import-v6\t160-quality-20261007T012224Z-1f7eeede\runs\t160-quality-20261007T012224Z-1f7eeede-04-IMP-SCAN-r1\result.json
t160-quality-20261007T012224Z-1f7eeede-04-IMP-SCAN-r1,IMP-SCAN,1,automatic,74d666eb-fc46-5106-8ea2-ea5c967c6457,a60fd160-4508-4b27-aa77-aa43fb3f0532,ocr_required,scoring_rubric,known_missing,True,True,,,matched,import-v6\t160-quality-20261007T012224Z-1f7eeede\runs\t160-quality-20261007T012224Z-1f7eeede-04-IMP-SCAN-r1\result.json
t160-quality-20261007T012224Z-1f7eeede-04-IMP-SCAN-r1,IMP-SCAN,1,automatic,74d666eb-fc46-5106-8ea2-ea5c967c6457,a60fd160-4508-4b27-aa77-aa43fb3f0532,ocr_required,knowledge_points,known_missing,True,True,[],[],matched,import-v6\t160-quality-20261007T012224Z-1f7eeede\runs\t160-quality-20261007T012224Z-1f7eeede-04-IMP-SCAN-r1\result.json
t160-quality-20261007T012224Z-1f7eeede-04-IMP-SCAN-r1,IMP-SCAN,1,automatic,74d666eb-fc46-5106-8ea2-ea5c967c6457,a60fd160-4508-4b27-aa77-aa43fb3f0532,ocr_required,source_regions,unknown,False,,,,reference_unknown,import-v6\t160-quality-20261007T012224Z-1f7eeede\runs\t160-quality-20261007T012224Z-1f7eeede-04-IMP-SCAN-r1\result.json
t160-quality-20261007T012224Z-1f7eeede-04-IMP-SCAN-r1,IMP-SCAN,1,automatic,74d666eb-fc46-5106-8ea2-ea5c967c6457,a60fd160-4508-4b27-aa77-aa43fb3f0532,ocr_required,assets,source_provided,True,False,[],,matched,import-v6\t160-quality-20261007T012224Z-1f7eeede\runs\t160-quality-20261007T012224Z-1f7eeede-04-IMP-SCAN-r1\result.json
t160-quality-20261007T012224Z-1f7eeede-04-IMP-SCAN-r1,IMP-SCAN,1,automatic,5f47ee64-edec-5327-9172-bb8454c7640d,d9a9b87d-9ff9-46a1-bffa-806cddc9efb0,ocr_required,question_number,source_provided,True,True,2,2,matched,import-v6\t160-quality-20261007T012224Z-1f7eeede\runs\t160-quality-20261007T012224Z-1f7eeede-04-IMP-SCAN-r1\result.json
t160-quality-20261007T012224Z-1f7eeede-04-IMP-SCAN-r1,IMP-SCAN,1,automatic,5f47ee64-edec-5327-9172-bb8454c7640d,d9a9b87d-9ff9-46a1-bffa-806cddc9efb0,ocr_required,order_index,source_provided,True,True,2,2,matched,import-v6\t160-quality-20261007T012224Z-1f7eeede\runs\t160-quality-20261007T012224Z-1f7eeede-04-IMP-SCAN-r1\result.json
t160-quality-20261007T012224Z-1f7eeede-04-IMP-SCAN-r1,IMP-SCAN,1,automatic,5f47ee64-edec-5327-9172-bb8454c7640d,d9a9b87d-9ff9-46a1-bffa-806cddc9efb0,ocr_required,source_page_numbers,source_provided,True,True,[1],[1],matched,import-v6\t160-quality-20261007T012224Z-1f7eeede\runs\t160-quality-20261007T012224Z-1f7eeede-04-IMP-SCAN-r1\result.json
t160-quality-20261007T012224Z-1f7eeede-04-IMP-SCAN-r1,IMP-SCAN,1,automatic,5f47ee64-edec-5327-9172-bb8454c7640d,d9a9b87d-9ff9-46a1-bffa-806cddc9efb0,ocr_required,question_type,source_provided,True,True,TRUE_FALSE,TRUE_FALSE,matched,import-v6\t160-quality-20261007T012224Z-1f7eeede\runs\t160-quality-20261007T012224Z-1f7eeede-04-IMP-SCAN-r1\result.json
t160-quality-20261007T012224Z-1f7eeede-04-IMP-SCAN-r1,IMP-SCAN,1,automatic,5f47ee64-edec-5327-9172-bb8454c7640d,d9a9b87d-9ff9-46a1-bffa-806cddc9efb0,ocr_required,content,source_provided,True,False,右图三角形面积为 24 cm²。,右图三角形面积为 24cm²。,matched,import-v6\t160-quality-20261007T012224Z-1f7eeede\runs\t160-quality-20261007T012224Z-1f7eeede-04-IMP-SCAN-r1\result.json
t160-quality-20261007T012224Z-1f7eeede-04-IMP-SCAN-r1,IMP-SCAN,1,automatic,5f47ee64-edec-5327-9172-bb8454c7640d,d9a9b87d-9ff9-46a1-bffa-806cddc9efb0,ocr_required,options,source_provided,True,True,"[""正确"", ""错误""]","[""正确"", ""错误""]",matched,import-v6\t160-quality-20261007T012224Z-1f7eeede\runs\t160-quality-20261007T012224Z-1f7eeede-04-IMP-SCAN-r1\result.json
t160-quality-20261007T012224Z-1f7eeede-04-IMP-SCAN-r1,IMP-SCAN,1,automatic,5f47ee64-edec-5327-9172-bb8454c7640d,d9a9b87d-9ff9-46a1-bffa-806cddc9efb0,ocr_required,reference_answer,known_missing,True,True,,,matched,import-v6\t160-quality-20261007T012224Z-1f7eeede\runs\t160-quality-20261007T012224Z-1f7eeede-04-IMP-SCAN-r1\result.json
t160-quality-20261007T012224Z-1f7eeede-04-IMP-SCAN-r1,IMP-SCAN,1,automatic,5f47ee64-edec-5327-9172-bb8454c7640d,d9a9b87d-9ff9-46a1-bffa-806cddc9efb0,ocr_required,analysis,known_missing,True,True,,,matched,import-v6\t160-quality-20261007T012224Z-1f7eeede\runs\t160-quality-20261007T012224Z-1f7eeede-04-IMP-SCAN-r1\result.json
t160-quality-20261007T012224Z-1f7eeede-04-IMP-SCAN-r1,IMP-SCAN,1,automatic,5f47ee64-edec-5327-9172-bb8454c7640d,d9a9b87d-9ff9-46a1-bffa-806cddc9efb0,ocr_required,score,source_provided,True,True,2.00,2.00,matched,import-v6\t160-quality-20261007T012224Z-1f7eeede\runs\t160-quality-20261007T012224Z-1f7eeede-04-IMP-SCAN-r1\result.json
t160-quality-20261007T012224Z-1f7eeede-04-IMP-SCAN-r1,IMP-SCAN,1,automatic,5f47ee64-edec-5327-9172-bb8454c7640d,d9a9b87d-9ff9-46a1-bffa-806cddc9efb0,ocr_required,scoring_rubric,known_missing,True,True,,,matched,import-v6\t160-quality-20261007T012224Z-1f7eeede\runs\t160-quality-20261007T012224Z-1f7eeede-04-IMP-SCAN-r1\result.json
t160-quality-20261007T012224Z-1f7eeede-04-IMP-SCAN-r1,IMP-SCAN,1,automatic,5f47ee64-edec-5327-9172-bb8454c7640d,d9a9b87d-9ff9-46a1-bffa-806cddc9efb0,ocr_required,knowledge_points,known_missing,True,True,[],[],matched,import-v6\t160-quality-20261007T012224Z-1f7eeede\runs\t160-quality-20261007T012224Z-1f7eeede-04-IMP-SCAN-r1\result.json
t160-quality-20261007T012224Z-1f7eeede-04-IMP-SCAN-r1,IMP-SCAN,1,automatic,5f47ee64-edec-5327-9172-bb8454c7640d,d9a9b87d-9ff9-46a1-bffa-806cddc9efb0,ocr_required,source_regions,unknown,False,,,,reference_unknown,import-v6\t160-quality-20261007T012224Z-1f7eeede\runs\t160-quality-20261007T012224Z-1f7eeede-04-IMP-SCAN-r1\result.json
t160-quality-20261007T012224Z-1f7eeede-04-IMP-SCAN-r1,IMP-SCAN,1,automatic,5f47ee64-edec-5327-9172-bb8454c7640d,d9a9b87d-9ff9-46a1-bffa-806cddc9efb0,ocr_required,assets,source_provided,True,False,"[{""asset_type"": ""figure"", ""source_page_number"": 1, ""order_index"": 1}]",,matched,import-v6\t160-quality-20261007T012224Z-1f7eeede\runs\t160-quality-20261007T012224Z-1f7eeede-04-IMP-SCAN-r1\result.json
t160-quality-20261007T012224Z-1f7eeede-04-IMP-SCAN-r1,IMP-SCAN,1,automatic,d6acd365-a6d5-5eb8-9b54-66f26a915094,590e6a93-594b-4874-be97-ec5f6d4656a3,ocr_required,question_number,source_provided,True,True,3,3,matched,import-v6\t160-quality-20261007T012224Z-1f7eeede\runs\t160-quality-20261007T012224Z-1f7eeede-04-IMP-SCAN-r1\result.json
t160-quality-20261007T012224Z-1f7eeede-04-IMP-SCAN-r1,IMP-SCAN,1,automatic,d6acd365-a6d5-5eb8-9b54-66f26a915094,590e6a93-594b-4874-be97-ec5f6d4656a3,ocr_required,order_index,source_provided,True,True,3,3,matched,import-v6\t160-quality-20261007T012224Z-1f7eeede\runs\t160-quality-20261007T012224Z-1f7eeede-04-IMP-SCAN-r1\result.json
t160-quality-20261007T012224Z-1f7eeede-04-IMP-SCAN-r1,IMP-SCAN,1,automatic,d6acd365-a6d5-5eb8-9b54-66f26a915094,590e6a93-594b-4874-be97-ec5f6d4656a3,ocr_required,source_page_numbers,source_provided,True,True,[1],[1],matched,import-v6\t160-quality-20261007T012224Z-1f7eeede\runs\t160-quality-20261007T012224Z-1f7eeede-04-IMP-SCAN-r1\result.json
t160-quality-20261007T012224Z-1f7eeede-04-IMP-SCAN-r1,IMP-SCAN,1,automatic,d6acd365-a6d5-5eb8-9b54-66f26a915094,590e6a93-594b-4874-be97-ec5f6d4656a3,ocr_required,question_type,source_provided,True,True,SHORT_ANSWER,SHORT_ANSWER,matched,import-v6\t160-quality-20261007T012224Z-1f7eeede\runs\t160-quality-20261007T012224Z-1f7eeede-04-IMP-SCAN-r1\result.json
t160-quality-20261007T012224Z-1f7eeede-04-IMP-SCAN-r1,IMP-SCAN,1,automatic,d6acd365-a6d5-5eb8-9b54-66f26a915094,590e6a93-594b-4874-be97-ec5f6d4656a3,ocr_required,content,source_provided,True,True,根据下表写出 y 关于 x 的关系式。,根据下表写出 y 关于 x 的关系式。,matched,import-v6\t160-quality-20261007T012224Z-1f7eeede\runs\t160-quality-20261007T012224Z-1f7eeede-04-IMP-SCAN-r1\result.json
t160-quality-20261007T012224Z-1f7eeede-04-IMP-SCAN-r1,IMP-SCAN,1,automatic,d6acd365-a6d5-5eb8-9b54-66f26a915094,590e6a93-594b-4874-be97-ec5f6d4656a3,ocr_required,options,not_applicable,True,True,,,matched,import-v6\t160-quality-20261007T012224Z-1f7eeede\runs\t160-quality-20261007T012224Z-1f7eeede-04-IMP-SCAN-r1\result.json
t160-quality-20261007T012224Z-1f7eeede-04-IMP-SCAN-r1,IMP-SCAN,1,automatic,d6acd365-a6d5-5eb8-9b54-66f26a915094,590e6a93-594b-4874-be97-ec5f6d4656a3,ocr_required,reference_answer,known_missing,True,True,,,matched,import-v6\t160-quality-20261007T012224Z-1f7eeede\runs\t160-quality-20261007T012224Z-1f7eeede-04-IMP-SCAN-r1\result.json
t160-quality-20261007T012224Z-1f7eeede-04-IMP-SCAN-r1,IMP-SCAN,1,automatic,d6acd365-a6d5-5eb8-9b54-66f26a915094,590e6a93-594b-4874-be97-ec5f6d4656a3,ocr_required,analysis,known_missing,True,True,,,matched,import-v6\t160-quality-20261007T012224Z-1f7eeede\runs\t160-quality-20261007T012224Z-1f7eeede-04-IMP-SCAN-r1\result.json
t160-quality-20261007T012224Z-1f7eeede-04-IMP-SCAN-r1,IMP-SCAN,1,automatic,d6acd365-a6d5-5eb8-9b54-66f26a915094,590e6a93-594b-4874-be97-ec5f6d4656a3,ocr_required,score,source_provided,True,True,3.00,3.00,matched,import-v6\t160-quality-20261007T012224Z-1f7eeede\runs\t160-quality-20261007T012224Z-1f7eeede-04-IMP-SCAN-r1\result.json
t160-quality-20261007T012224Z-1f7eeede-04-IMP-SCAN-r1,IMP-SCAN,1,automatic,d6acd365-a6d5-5eb8-9b54-66f26a915094,590e6a93-594b-4874-be97-ec5f6d4656a3,ocr_required,scoring_rubric,source_provided,True,False,正确关系式 1.00；说明代入过程 2.00。,正确关系式1.00；说明代入过程2.00。,matched,import-v6\t160-quality-20261007T012224Z-1f7eeede\runs\t160-quality-20261007T012224Z-1f7eeede-04-IMP-SCAN-r1\result.json
t160-quality-20261007T012224Z-1f7eeede-04-IMP-SCAN-r1,IMP-SCAN,1,automatic,d6acd365-a6d5-5eb8-9b54-66f26a915094,590e6a93-594b-4874-be97-ec5f6d4656a3,ocr_required,knowledge_points,source_provided,True,True,"[""一次函数"", ""表达与计算""]","[""一次函数"", ""表达与计算""]",matched,import-v6\t160-quality-20261007T012224Z-1f7eeede\runs\t160-quality-20261007T012224Z-1f7eeede-04-IMP-SCAN-r1\result.json
t160-quality-20261007T012224Z-1f7eeede-04-IMP-SCAN-r1,IMP-SCAN,1,automatic,d6acd365-a6d5-5eb8-9b54-66f26a915094,590e6a93-594b-4874-be97-ec5f6d4656a3,ocr_required,source_regions,unknown,False,,,,reference_unknown,import-v6\t160-quality-20261007T012224Z-1f7eeede\runs\t160-quality-20261007T012224Z-1f7eeede-04-IMP-SCAN-r1\result.json
t160-quality-20261007T012224Z-1f7eeede-04-IMP-SCAN-r1,IMP-SCAN,1,automatic,d6acd365-a6d5-5eb8-9b54-66f26a915094,590e6a93-594b-4874-be97-ec5f6d4656a3,ocr_required,assets,source_provided,True,False,"[{""asset_type"": ""table"", ""source_page_number"": 1, ""order_index"": 1}]",,matched,import-v6\t160-quality-20261007T012224Z-1f7eeede\runs\t160-quality-20261007T012224Z-1f7eeede-04-IMP-SCAN-r1\result.json
t160-quality-20261007T012224Z-1f7eeede-05-IMP-SCAN-r2,IMP-SCAN,2,automatic,74d666eb-fc46-5106-8ea2-ea5c967c6457,5767751c-e3bf-4aef-bd08-3011d253c96d,ocr_required,question_number,source_provided,True,True,1,1,matched,import-v6\t160-quality-20261007T012224Z-1f7eeede\runs\t160-quality-20261007T012224Z-1f7eeede-05-IMP-SCAN-r2\result.json
t160-quality-20261007T012224Z-1f7eeede-05-IMP-SCAN-r2,IMP-SCAN,2,automatic,74d666eb-fc46-5106-8ea2-ea5c967c6457,5767751c-e3bf-4aef-bd08-3011d253c96d,ocr_required,order_index,source_provided,True,True,1,1,matched,import-v6\t160-quality-20261007T012224Z-1f7eeede\runs\t160-quality-20261007T012224Z-1f7eeede-05-IMP-SCAN-r2\result.json
t160-quality-20261007T012224Z-1f7eeede-05-IMP-SCAN-r2,IMP-SCAN,2,automatic,74d666eb-fc46-5106-8ea2-ea5c967c6457,5767751c-e3bf-4aef-bd08-3011d253c96d,ocr_required,source_page_numbers,source_provided,True,True,[1],[1],matched,import-v6\t160-quality-20261007T012224Z-1f7eeede\runs\t160-quality-20261007T012224Z-1f7eeede-05-IMP-SCAN-r2\result.json
t160-quality-20261007T012224Z-1f7eeede-05-IMP-SCAN-r2,IMP-SCAN,2,automatic,74d666eb-fc46-5106-8ea2-ea5c967c6457,5767751c-e3bf-4aef-bd08-3011d253c96d,ocr_required,question_type,source_provided,True,True,SINGLE_CHOICE,SINGLE_CHOICE,matched,import-v6\t160-quality-20261007T012224Z-1f7eeede\runs\t160-quality-20261007T012224Z-1f7eeede-05-IMP-SCAN-r2\result.json
t160-quality-20261007T012224Z-1f7eeede-05-IMP-SCAN-r2,IMP-SCAN,2,automatic,74d666eb-fc46-5106-8ea2-ea5c967c6457,5767751c-e3bf-4aef-bd08-3011d253c96d,ocr_required,content,source_provided,True,True,y = 2x + 1，x = 3 时 y 为多少？,y = 2x + 1，x = 3 时 y 为多少？,matched,import-v6\t160-quality-20261007T012224Z-1f7eeede\runs\t160-quality-20261007T012224Z-1f7eeede-05-IMP-SCAN-r2\result.json
t160-quality-20261007T012224Z-1f7eeede-05-IMP-SCAN-r2,IMP-SCAN,2,automatic,74d666eb-fc46-5106-8ea2-ea5c967c6457,5767751c-e3bf-4aef-bd08-3011d253c96d,ocr_required,options,source_provided,True,True,"{""C"": ""7"", ""A"": ""5"", ""B"": ""6"", ""D"": ""8""}","{""C"": ""7"", ""A"": ""5"", ""B"": ""6"", ""D"": ""8""}",matched,import-v6\t160-quality-20261007T012224Z-1f7eeede\runs\t160-quality-20261007T012224Z-1f7eeede-05-IMP-SCAN-r2\result.json
t160-quality-20261007T012224Z-1f7eeede-05-IMP-SCAN-r2,IMP-SCAN,2,automatic,74d666eb-fc46-5106-8ea2-ea5c967c6457,5767751c-e3bf-4aef-bd08-3011d253c96d,ocr_required,reference_answer,source_provided,True,True,C,C,matched,import-v6\t160-quality-20261007T012224Z-1f7eeede\runs\t160-quality-20261007T012224Z-1f7eeede-05-IMP-SCAN-r2\result.json
t160-quality-20261007T012224Z-1f7eeede-05-IMP-SCAN-r2,IMP-SCAN,2,automatic,74d666eb-fc46-5106-8ea2-ea5c967c6457,5767751c-e3bf-4aef-bd08-3011d253c96d,ocr_required,analysis,source_provided,True,True,2 × 3 + 1 = 7。,2 × 3 + 1 = 7。,matched,import-v6\t160-quality-20261007T012224Z-1f7eeede\runs\t160-quality-20261007T012224Z-1f7eeede-05-IMP-SCAN-r2\result.json
t160-quality-20261007T012224Z-1f7eeede-05-IMP-SCAN-r2,IMP-SCAN,2,automatic,74d666eb-fc46-5106-8ea2-ea5c967c6457,5767751c-e3bf-4aef-bd08-3011d253c96d,ocr_required,score,source_provided,True,True,2.00,2.00,matched,import-v6\t160-quality-20261007T012224Z-1f7eeede\runs\t160-quality-20261007T012224Z-1f7eeede-05-IMP-SCAN-r2\result.json
t160-quality-20261007T012224Z-1f7eeede-05-IMP-SCAN-r2,IMP-SCAN,2,automatic,74d666eb-fc46-5106-8ea2-ea5c967c6457,5767751c-e3bf-4aef-bd08-3011d253c96d,ocr_required,scoring_rubric,known_missing,True,True,,,matched,import-v6\t160-quality-20261007T012224Z-1f7eeede\runs\t160-quality-20261007T012224Z-1f7eeede-05-IMP-SCAN-r2\result.json
t160-quality-20261007T012224Z-1f7eeede-05-IMP-SCAN-r2,IMP-SCAN,2,automatic,74d666eb-fc46-5106-8ea2-ea5c967c6457,5767751c-e3bf-4aef-bd08-3011d253c96d,ocr_required,knowledge_points,known_missing,True,True,[],[],matched,import-v6\t160-quality-20261007T012224Z-1f7eeede\runs\t160-quality-20261007T012224Z-1f7eeede-05-IMP-SCAN-r2\result.json
t160-quality-20261007T012224Z-1f7eeede-05-IMP-SCAN-r2,IMP-SCAN,2,automatic,74d666eb-fc46-5106-8ea2-ea5c967c6457,5767751c-e3bf-4aef-bd08-3011d253c96d,ocr_required,source_regions,unknown,False,,,,reference_unknown,import-v6\t160-quality-20261007T012224Z-1f7eeede\runs\t160-quality-20261007T012224Z-1f7eeede-05-IMP-SCAN-r2\result.json
t160-quality-20261007T012224Z-1f7eeede-05-IMP-SCAN-r2,IMP-SCAN,2,automatic,74d666eb-fc46-5106-8ea2-ea5c967c6457,5767751c-e3bf-4aef-bd08-3011d253c96d,ocr_required,assets,source_provided,True,False,[],,matched,import-v6\t160-quality-20261007T012224Z-1f7eeede\runs\t160-quality-20261007T012224Z-1f7eeede-05-IMP-SCAN-r2\result.json
t160-quality-20261007T012224Z-1f7eeede-05-IMP-SCAN-r2,IMP-SCAN,2,automatic,5f47ee64-edec-5327-9172-bb8454c7640d,a028c8e1-2e53-416e-a91c-f2d64df5e05d,ocr_required,question_number,source_provided,True,True,2,2,matched,import-v6\t160-quality-20261007T012224Z-1f7eeede\runs\t160-quality-20261007T012224Z-1f7eeede-05-IMP-SCAN-r2\result.json
t160-quality-20261007T012224Z-1f7eeede-05-IMP-SCAN-r2,IMP-SCAN,2,automatic,5f47ee64-edec-5327-9172-bb8454c7640d,a028c8e1-2e53-416e-a91c-f2d64df5e05d,ocr_required,order_index,source_provided,True,True,2,2,matched,import-v6\t160-quality-20261007T012224Z-1f7eeede\runs\t160-quality-20261007T012224Z-1f7eeede-05-IMP-SCAN-r2\result.json
t160-quality-20261007T012224Z-1f7eeede-05-IMP-SCAN-r2,IMP-SCAN,2,automatic,5f47ee64-edec-5327-9172-bb8454c7640d,a028c8e1-2e53-416e-a91c-f2d64df5e05d,ocr_required,source_page_numbers,source_provided,True,True,[1],[1],matched,import-v6\t160-quality-20261007T012224Z-1f7eeede\runs\t160-quality-20261007T012224Z-1f7eeede-05-IMP-SCAN-r2\result.json
t160-quality-20261007T012224Z-1f7eeede-05-IMP-SCAN-r2,IMP-SCAN,2,automatic,5f47ee64-edec-5327-9172-bb8454c7640d,a028c8e1-2e53-416e-a91c-f2d64df5e05d,ocr_required,question_type,source_provided,True,True,TRUE_FALSE,TRUE_FALSE,matched,import-v6\t160-quality-20261007T012224Z-1f7eeede\runs\t160-quality-20261007T012224Z-1f7eeede-05-IMP-SCAN-r2\result.json
t160-quality-20261007T012224Z-1f7eeede-05-IMP-SCAN-r2,IMP-SCAN,2,automatic,5f47ee64-edec-5327-9172-bb8454c7640d,a028c8e1-2e53-416e-a91c-f2d64df5e05d,ocr_required,content,source_provided,True,True,右图三角形面积为 24 cm²。,右图三角形面积为 24 cm²。,matched,import-v6\t160-quality-20261007T012224Z-1f7eeede\runs\t160-quality-20261007T012224Z-1f7eeede-05-IMP-SCAN-r2\result.json
t160-quality-20261007T012224Z-1f7eeede-05-IMP-SCAN-r2,IMP-SCAN,2,automatic,5f47ee64-edec-5327-9172-bb8454c7640d,a028c8e1-2e53-416e-a91c-f2d64df5e05d,ocr_required,options,source_provided,True,True,"[""正确"", ""错误""]","[""正确"", ""错误""]",matched,import-v6\t160-quality-20261007T012224Z-1f7eeede\runs\t160-quality-20261007T012224Z-1f7eeede-05-IMP-SCAN-r2\result.json
t160-quality-20261007T012224Z-1f7eeede-05-IMP-SCAN-r2,IMP-SCAN,2,automatic,5f47ee64-edec-5327-9172-bb8454c7640d,a028c8e1-2e53-416e-a91c-f2d64df5e05d,ocr_required,reference_answer,known_missing,True,True,,,matched,import-v6\t160-quality-20261007T012224Z-1f7eeede\runs\t160-quality-20261007T012224Z-1f7eeede-05-IMP-SCAN-r2\result.json
t160-quality-20261007T012224Z-1f7eeede-05-IMP-SCAN-r2,IMP-SCAN,2,automatic,5f47ee64-edec-5327-9172-bb8454c7640d,a028c8e1-2e53-416e-a91c-f2d64df5e05d,ocr_required,analysis,known_missing,True,True,,,matched,import-v6\t160-quality-20261007T012224Z-1f7eeede\runs\t160-quality-20261007T012224Z-1f7eeede-05-IMP-SCAN-r2\result.json
t160-quality-20261007T012224Z-1f7eeede-05-IMP-SCAN-r2,IMP-SCAN,2,automatic,5f47ee64-edec-5327-9172-bb8454c7640d,a028c8e1-2e53-416e-a91c-f2d64df5e05d,ocr_required,score,source_provided,True,True,2.00,2.00,matched,import-v6\t160-quality-20261007T012224Z-1f7eeede\runs\t160-quality-20261007T012224Z-1f7eeede-05-IMP-SCAN-r2\result.json
t160-quality-20261007T012224Z-1f7eeede-05-IMP-SCAN-r2,IMP-SCAN,2,automatic,5f47ee64-edec-5327-9172-bb8454c7640d,a028c8e1-2e53-416e-a91c-f2d64df5e05d,ocr_required,scoring_rubric,known_missing,True,True,,,matched,import-v6\t160-quality-20261007T012224Z-1f7eeede\runs\t160-quality-20261007T012224Z-1f7eeede-05-IMP-SCAN-r2\result.json
t160-quality-20261007T012224Z-1f7eeede-05-IMP-SCAN-r2,IMP-SCAN,2,automatic,5f47ee64-edec-5327-9172-bb8454c7640d,a028c8e1-2e53-416e-a91c-f2d64df5e05d,ocr_required,knowledge_points,known_missing,True,True,[],[],matched,import-v6\t160-quality-20261007T012224Z-1f7eeede\runs\t160-quality-20261007T012224Z-1f7eeede-05-IMP-SCAN-r2\result.json
t160-quality-20261007T012224Z-1f7eeede-05-IMP-SCAN-r2,IMP-SCAN,2,automatic,5f47ee64-edec-5327-9172-bb8454c7640d,a028c8e1-2e53-416e-a91c-f2d64df5e05d,ocr_required,source_regions,unknown,False,,,,reference_unknown,import-v6\t160-quality-20261007T012224Z-1f7eeede\runs\t160-quality-20261007T012224Z-1f7eeede-05-IMP-SCAN-r2\result.json
t160-quality-20261007T012224Z-1f7eeede-05-IMP-SCAN-r2,IMP-SCAN,2,automatic,5f47ee64-edec-5327-9172-bb8454c7640d,a028c8e1-2e53-416e-a91c-f2d64df5e05d,ocr_required,assets,source_provided,True,False,"[{""asset_type"": ""figure"", ""source_page_number"": 1, ""order_index"": 1}]",,matched,import-v6\t160-quality-20261007T012224Z-1f7eeede\runs\t160-quality-20261007T012224Z-1f7eeede-05-IMP-SCAN-r2\result.json
t160-quality-20261007T012224Z-1f7eeede-05-IMP-SCAN-r2,IMP-SCAN,2,automatic,d6acd365-a6d5-5eb8-9b54-66f26a915094,bc3ecf62-2998-4a37-8c11-9f8da081604b,ocr_required,question_number,source_provided,True,True,3,3,matched,import-v6\t160-quality-20261007T012224Z-1f7eeede\runs\t160-quality-20261007T012224Z-1f7eeede-05-IMP-SCAN-r2\result.json
t160-quality-20261007T012224Z-1f7eeede-05-IMP-SCAN-r2,IMP-SCAN,2,automatic,d6acd365-a6d5-5eb8-9b54-66f26a915094,bc3ecf62-2998-4a37-8c11-9f8da081604b,ocr_required,order_index,source_provided,True,True,3,3,matched,import-v6\t160-quality-20261007T012224Z-1f7eeede\runs\t160-quality-20261007T012224Z-1f7eeede-05-IMP-SCAN-r2\result.json
t160-quality-20261007T012224Z-1f7eeede-05-IMP-SCAN-r2,IMP-SCAN,2,automatic,d6acd365-a6d5-5eb8-9b54-66f26a915094,bc3ecf62-2998-4a37-8c11-9f8da081604b,ocr_required,source_page_numbers,source_provided,True,True,[1],[1],matched,import-v6\t160-quality-20261007T012224Z-1f7eeede\runs\t160-quality-20261007T012224Z-1f7eeede-05-IMP-SCAN-r2\result.json
t160-quality-20261007T012224Z-1f7eeede-05-IMP-SCAN-r2,IMP-SCAN,2,automatic,d6acd365-a6d5-5eb8-9b54-66f26a915094,bc3ecf62-2998-4a37-8c11-9f8da081604b,ocr_required,question_type,source_provided,True,True,SHORT_ANSWER,SHORT_ANSWER,matched,import-v6\t160-quality-20261007T012224Z-1f7eeede\runs\t160-quality-20261007T012224Z-1f7eeede-05-IMP-SCAN-r2\result.json
t160-quality-20261007T012224Z-1f7eeede-05-IMP-SCAN-r2,IMP-SCAN,2,automatic,d6acd365-a6d5-5eb8-9b54-66f26a915094,bc3ecf62-2998-4a37-8c11-9f8da081604b,ocr_required,content,source_provided,True,True,根据下表写出 y 关于 x 的关系式。,根据下表写出 y 关于 x 的关系式。,matched,import-v6\t160-quality-20261007T012224Z-1f7eeede\runs\t160-quality-20261007T012224Z-1f7eeede-05-IMP-SCAN-r2\result.json
t160-quality-20261007T012224Z-1f7eeede-05-IMP-SCAN-r2,IMP-SCAN,2,automatic,d6acd365-a6d5-5eb8-9b54-66f26a915094,bc3ecf62-2998-4a37-8c11-9f8da081604b,ocr_required,options,not_applicable,True,True,,,matched,import-v6\t160-quality-20261007T012224Z-1f7eeede\runs\t160-quality-20261007T012224Z-1f7eeede-05-IMP-SCAN-r2\result.json
t160-quality-20261007T012224Z-1f7eeede-05-IMP-SCAN-r2,IMP-SCAN,2,automatic,d6acd365-a6d5-5eb8-9b54-66f26a915094,bc3ecf62-2998-4a37-8c11-9f8da081604b,ocr_required,reference_answer,known_missing,True,True,,,matched,import-v6\t160-quality-20261007T012224Z-1f7eeede\runs\t160-quality-20261007T012224Z-1f7eeede-05-IMP-SCAN-r2\result.json
t160-quality-20261007T012224Z-1f7eeede-05-IMP-SCAN-r2,IMP-SCAN,2,automatic,d6acd365-a6d5-5eb8-9b54-66f26a915094,bc3ecf62-2998-4a37-8c11-9f8da081604b,ocr_required,analysis,known_missing,True,True,,,matched,import-v6\t160-quality-20261007T012224Z-1f7eeede\runs\t160-quality-20261007T012224Z-1f7eeede-05-IMP-SCAN-r2\result.json
t160-quality-20261007T012224Z-1f7eeede-05-IMP-SCAN-r2,IMP-SCAN,2,automatic,d6acd365-a6d5-5eb8-9b54-66f26a915094,bc3ecf62-2998-4a37-8c11-9f8da081604b,ocr_required,score,source_provided,True,True,3.00,3.00,matched,import-v6\t160-quality-20261007T012224Z-1f7eeede\runs\t160-quality-20261007T012224Z-1f7eeede-05-IMP-SCAN-r2\result.json
t160-quality-20261007T012224Z-1f7eeede-05-IMP-SCAN-r2,IMP-SCAN,2,automatic,d6acd365-a6d5-5eb8-9b54-66f26a915094,bc3ecf62-2998-4a37-8c11-9f8da081604b,ocr_required,scoring_rubric,source_provided,True,False,正确关系式 1.00；说明代入过程 2.00。,正确关系式1.00；说明代入过程2.00。,matched,import-v6\t160-quality-20261007T012224Z-1f7eeede\runs\t160-quality-20261007T012224Z-1f7eeede-05-IMP-SCAN-r2\result.json
t160-quality-20261007T012224Z-1f7eeede-05-IMP-SCAN-r2,IMP-SCAN,2,automatic,d6acd365-a6d5-5eb8-9b54-66f26a915094,bc3ecf62-2998-4a37-8c11-9f8da081604b,ocr_required,knowledge_points,source_provided,True,True,"[""一次函数"", ""表达与计算""]","[""一次函数"", ""表达与计算""]",matched,import-v6\t160-quality-20261007T012224Z-1f7eeede\runs\t160-quality-20261007T012224Z-1f7eeede-05-IMP-SCAN-r2\result.json
t160-quality-20261007T012224Z-1f7eeede-05-IMP-SCAN-r2,IMP-SCAN,2,automatic,d6acd365-a6d5-5eb8-9b54-66f26a915094,bc3ecf62-2998-4a37-8c11-9f8da081604b,ocr_required,source_regions,unknown,False,,,,reference_unknown,import-v6\t160-quality-20261007T012224Z-1f7eeede\runs\t160-quality-20261007T012224Z-1f7eeede-05-IMP-SCAN-r2\result.json
t160-quality-20261007T012224Z-1f7eeede-05-IMP-SCAN-r2,IMP-SCAN,2,automatic,d6acd365-a6d5-5eb8-9b54-66f26a915094,bc3ecf62-2998-4a37-8c11-9f8da081604b,ocr_required,assets,source_provided,True,False,"[{""asset_type"": ""table"", ""source_page_number"": 1, ""order_index"": 1}]",,matched,import-v6\t160-quality-20261007T012224Z-1f7eeede\runs\t160-quality-20261007T012224Z-1f7eeede-05-IMP-SCAN-r2\result.json
t160-quality-20261007T012224Z-1f7eeede-06-IMP-SCAN-r3,IMP-SCAN,3,automatic,74d666eb-fc46-5106-8ea2-ea5c967c6457,a7fd39fd-f83b-4f6e-89b2-9cd6608ec61f,ocr_required,question_number,source_provided,True,True,1,1,matched,import-v6\t160-quality-20261007T012224Z-1f7eeede\runs\t160-quality-20261007T012224Z-1f7eeede-06-IMP-SCAN-r3\result.json
t160-quality-20261007T012224Z-1f7eeede-06-IMP-SCAN-r3,IMP-SCAN,3,automatic,74d666eb-fc46-5106-8ea2-ea5c967c6457,a7fd39fd-f83b-4f6e-89b2-9cd6608ec61f,ocr_required,order_index,source_provided,True,True,1,1,matched,import-v6\t160-quality-20261007T012224Z-1f7eeede\runs\t160-quality-20261007T012224Z-1f7eeede-06-IMP-SCAN-r3\result.json
t160-quality-20261007T012224Z-1f7eeede-06-IMP-SCAN-r3,IMP-SCAN,3,automatic,74d666eb-fc46-5106-8ea2-ea5c967c6457,a7fd39fd-f83b-4f6e-89b2-9cd6608ec61f,ocr_required,source_page_numbers,source_provided,True,True,[1],[1],matched,import-v6\t160-quality-20261007T012224Z-1f7eeede\runs\t160-quality-20261007T012224Z-1f7eeede-06-IMP-SCAN-r3\result.json
t160-quality-20261007T012224Z-1f7eeede-06-IMP-SCAN-r3,IMP-SCAN,3,automatic,74d666eb-fc46-5106-8ea2-ea5c967c6457,a7fd39fd-f83b-4f6e-89b2-9cd6608ec61f,ocr_required,question_type,source_provided,True,True,SINGLE_CHOICE,SINGLE_CHOICE,matched,import-v6\t160-quality-20261007T012224Z-1f7eeede\runs\t160-quality-20261007T012224Z-1f7eeede-06-IMP-SCAN-r3\result.json
t160-quality-20261007T012224Z-1f7eeede-06-IMP-SCAN-r3,IMP-SCAN,3,automatic,74d666eb-fc46-5106-8ea2-ea5c967c6457,a7fd39fd-f83b-4f6e-89b2-9cd6608ec61f,ocr_required,content,source_provided,True,True,y = 2x + 1，x = 3 时 y 为多少？,y = 2x + 1，x = 3 时 y 为多少？,matched,import-v6\t160-quality-20261007T012224Z-1f7eeede\runs\t160-quality-20261007T012224Z-1f7eeede-06-IMP-SCAN-r3\result.json
t160-quality-20261007T012224Z-1f7eeede-06-IMP-SCAN-r3,IMP-SCAN,3,automatic,74d666eb-fc46-5106-8ea2-ea5c967c6457,a7fd39fd-f83b-4f6e-89b2-9cd6608ec61f,ocr_required,options,source_provided,True,True,"{""C"": ""7"", ""A"": ""5"", ""B"": ""6"", ""D"": ""8""}","{""C"": ""7"", ""A"": ""5"", ""B"": ""6"", ""D"": ""8""}",matched,import-v6\t160-quality-20261007T012224Z-1f7eeede\runs\t160-quality-20261007T012224Z-1f7eeede-06-IMP-SCAN-r3\result.json
t160-quality-20261007T012224Z-1f7eeede-06-IMP-SCAN-r3,IMP-SCAN,3,automatic,74d666eb-fc46-5106-8ea2-ea5c967c6457,a7fd39fd-f83b-4f6e-89b2-9cd6608ec61f,ocr_required,reference_answer,source_provided,True,True,C,C,matched,import-v6\t160-quality-20261007T012224Z-1f7eeede\runs\t160-quality-20261007T012224Z-1f7eeede-06-IMP-SCAN-r3\result.json
t160-quality-20261007T012224Z-1f7eeede-06-IMP-SCAN-r3,IMP-SCAN,3,automatic,74d666eb-fc46-5106-8ea2-ea5c967c6457,a7fd39fd-f83b-4f6e-89b2-9cd6608ec61f,ocr_required,analysis,source_provided,True,True,2 × 3 + 1 = 7。,2 × 3 + 1 = 7。,matched,import-v6\t160-quality-20261007T012224Z-1f7eeede\runs\t160-quality-20261007T012224Z-1f7eeede-06-IMP-SCAN-r3\result.json
t160-quality-20261007T012224Z-1f7eeede-06-IMP-SCAN-r3,IMP-SCAN,3,automatic,74d666eb-fc46-5106-8ea2-ea5c967c6457,a7fd39fd-f83b-4f6e-89b2-9cd6608ec61f,ocr_required,score,source_provided,True,True,2.00,2.00,matched,import-v6\t160-quality-20261007T012224Z-1f7eeede\runs\t160-quality-20261007T012224Z-1f7eeede-06-IMP-SCAN-r3\result.json
t160-quality-20261007T012224Z-1f7eeede-06-IMP-SCAN-r3,IMP-SCAN,3,automatic,74d666eb-fc46-5106-8ea2-ea5c967c6457,a7fd39fd-f83b-4f6e-89b2-9cd6608ec61f,ocr_required,scoring_rubric,known_missing,True,True,,,matched,import-v6\t160-quality-20261007T012224Z-1f7eeede\runs\t160-quality-20261007T012224Z-1f7eeede-06-IMP-SCAN-r3\result.json
t160-quality-20261007T012224Z-1f7eeede-06-IMP-SCAN-r3,IMP-SCAN,3,automatic,74d666eb-fc46-5106-8ea2-ea5c967c6457,a7fd39fd-f83b-4f6e-89b2-9cd6608ec61f,ocr_required,knowledge_points,known_missing,True,True,[],[],matched,import-v6\t160-quality-20261007T012224Z-1f7eeede\runs\t160-quality-20261007T012224Z-1f7eeede-06-IMP-SCAN-r3\result.json
t160-quality-20261007T012224Z-1f7eeede-06-IMP-SCAN-r3,IMP-SCAN,3,automatic,74d666eb-fc46-5106-8ea2-ea5c967c6457,a7fd39fd-f83b-4f6e-89b2-9cd6608ec61f,ocr_required,source_regions,unknown,False,,,,reference_unknown,import-v6\t160-quality-20261007T012224Z-1f7eeede\runs\t160-quality-20261007T012224Z-1f7eeede-06-IMP-SCAN-r3\result.json
t160-quality-20261007T012224Z-1f7eeede-06-IMP-SCAN-r3,IMP-SCAN,3,automatic,74d666eb-fc46-5106-8ea2-ea5c967c6457,a7fd39fd-f83b-4f6e-89b2-9cd6608ec61f,ocr_required,assets,source_provided,True,False,[],,matched,import-v6\t160-quality-20261007T012224Z-1f7eeede\runs\t160-quality-20261007T012224Z-1f7eeede-06-IMP-SCAN-r3\result.json
t160-quality-20261007T012224Z-1f7eeede-06-IMP-SCAN-r3,IMP-SCAN,3,automatic,5f47ee64-edec-5327-9172-bb8454c7640d,ec63ce7d-5b6e-41b6-81d1-af58e9f80def,ocr_required,question_number,source_provided,True,True,2,2,matched,import-v6\t160-quality-20261007T012224Z-1f7eeede\runs\t160-quality-20261007T012224Z-1f7eeede-06-IMP-SCAN-r3\result.json
t160-quality-20261007T012224Z-1f7eeede-06-IMP-SCAN-r3,IMP-SCAN,3,automatic,5f47ee64-edec-5327-9172-bb8454c7640d,ec63ce7d-5b6e-41b6-81d1-af58e9f80def,ocr_required,order_index,source_provided,True,True,2,2,matched,import-v6\t160-quality-20261007T012224Z-1f7eeede\runs\t160-quality-20261007T012224Z-1f7eeede-06-IMP-SCAN-r3\result.json
t160-quality-20261007T012224Z-1f7eeede-06-IMP-SCAN-r3,IMP-SCAN,3,automatic,5f47ee64-edec-5327-9172-bb8454c7640d,ec63ce7d-5b6e-41b6-81d1-af58e9f80def,ocr_required,source_page_numbers,source_provided,True,True,[1],[1],matched,import-v6\t160-quality-20261007T012224Z-1f7eeede\runs\t160-quality-20261007T012224Z-1f7eeede-06-IMP-SCAN-r3\result.json
t160-quality-20261007T012224Z-1f7eeede-06-IMP-SCAN-r3,IMP-SCAN,3,automatic,5f47ee64-edec-5327-9172-bb8454c7640d,ec63ce7d-5b6e-41b6-81d1-af58e9f80def,ocr_required,question_type,source_provided,True,True,TRUE_FALSE,TRUE_FALSE,matched,import-v6\t160-quality-20261007T012224Z-1f7eeede\runs\t160-quality-20261007T012224Z-1f7eeede-06-IMP-SCAN-r3\result.json
t160-quality-20261007T012224Z-1f7eeede-06-IMP-SCAN-r3,IMP-SCAN,3,automatic,5f47ee64-edec-5327-9172-bb8454c7640d,ec63ce7d-5b6e-41b6-81d1-af58e9f80def,ocr_required,content,source_provided,True,False,右图三角形面积为 24 cm²。,右图三角形面积为24cm²。,matched,import-v6\t160-quality-20261007T012224Z-1f7eeede\runs\t160-quality-20261007T012224Z-1f7eeede-06-IMP-SCAN-r3\result.json
t160-quality-20261007T012224Z-1f7eeede-06-IMP-SCAN-r3,IMP-SCAN,3,automatic,5f47ee64-edec-5327-9172-bb8454c7640d,ec63ce7d-5b6e-41b6-81d1-af58e9f80def,ocr_required,options,source_provided,True,True,"[""正确"", ""错误""]","[""正确"", ""错误""]",matched,import-v6\t160-quality-20261007T012224Z-1f7eeede\runs\t160-quality-20261007T012224Z-1f7eeede-06-IMP-SCAN-r3\result.json
t160-quality-20261007T012224Z-1f7eeede-06-IMP-SCAN-r3,IMP-SCAN,3,automatic,5f47ee64-edec-5327-9172-bb8454c7640d,ec63ce7d-5b6e-41b6-81d1-af58e9f80def,ocr_required,reference_answer,known_missing,True,True,,,matched,import-v6\t160-quality-20261007T012224Z-1f7eeede\runs\t160-quality-20261007T012224Z-1f7eeede-06-IMP-SCAN-r3\result.json
t160-quality-20261007T012224Z-1f7eeede-06-IMP-SCAN-r3,IMP-SCAN,3,automatic,5f47ee64-edec-5327-9172-bb8454c7640d,ec63ce7d-5b6e-41b6-81d1-af58e9f80def,ocr_required,analysis,known_missing,True,True,,,matched,import-v6\t160-quality-20261007T012224Z-1f7eeede\runs\t160-quality-20261007T012224Z-1f7eeede-06-IMP-SCAN-r3\result.json
t160-quality-20261007T012224Z-1f7eeede-06-IMP-SCAN-r3,IMP-SCAN,3,automatic,5f47ee64-edec-5327-9172-bb8454c7640d,ec63ce7d-5b6e-41b6-81d1-af58e9f80def,ocr_required,score,source_provided,True,True,2.00,2.00,matched,import-v6\t160-quality-20261007T012224Z-1f7eeede\runs\t160-quality-20261007T012224Z-1f7eeede-06-IMP-SCAN-r3\result.json
t160-quality-20261007T012224Z-1f7eeede-06-IMP-SCAN-r3,IMP-SCAN,3,automatic,5f47ee64-edec-5327-9172-bb8454c7640d,ec63ce7d-5b6e-41b6-81d1-af58e9f80def,ocr_required,scoring_rubric,known_missing,True,True,,,matched,import-v6\t160-quality-20261007T012224Z-1f7eeede\runs\t160-quality-20261007T012224Z-1f7eeede-06-IMP-SCAN-r3\result.json
t160-quality-20261007T012224Z-1f7eeede-06-IMP-SCAN-r3,IMP-SCAN,3,automatic,5f47ee64-edec-5327-9172-bb8454c7640d,ec63ce7d-5b6e-41b6-81d1-af58e9f80def,ocr_required,knowledge_points,known_missing,True,True,[],[],matched,import-v6\t160-quality-20261007T012224Z-1f7eeede\runs\t160-quality-20261007T012224Z-1f7eeede-06-IMP-SCAN-r3\result.json
t160-quality-20261007T012224Z-1f7eeede-06-IMP-SCAN-r3,IMP-SCAN,3,automatic,5f47ee64-edec-5327-9172-bb8454c7640d,ec63ce7d-5b6e-41b6-81d1-af58e9f80def,ocr_required,source_regions,unknown,False,,,,reference_unknown,import-v6\t160-quality-20261007T012224Z-1f7eeede\runs\t160-quality-20261007T012224Z-1f7eeede-06-IMP-SCAN-r3\result.json
t160-quality-20261007T012224Z-1f7eeede-06-IMP-SCAN-r3,IMP-SCAN,3,automatic,5f47ee64-edec-5327-9172-bb8454c7640d,ec63ce7d-5b6e-41b6-81d1-af58e9f80def,ocr_required,assets,source_provided,True,False,"[{""asset_type"": ""figure"", ""source_page_number"": 1, ""order_index"": 1}]",,matched,import-v6\t160-quality-20261007T012224Z-1f7eeede\runs\t160-quality-20261007T012224Z-1f7eeede-06-IMP-SCAN-r3\result.json
t160-quality-20261007T012224Z-1f7eeede-06-IMP-SCAN-r3,IMP-SCAN,3,automatic,d6acd365-a6d5-5eb8-9b54-66f26a915094,421fc712-b930-4015-becb-2648c8817352,ocr_required,question_number,source_provided,True,True,3,3,matched,import-v6\t160-quality-20261007T012224Z-1f7eeede\runs\t160-quality-20261007T012224Z-1f7eeede-06-IMP-SCAN-r3\result.json
t160-quality-20261007T012224Z-1f7eeede-06-IMP-SCAN-r3,IMP-SCAN,3,automatic,d6acd365-a6d5-5eb8-9b54-66f26a915094,421fc712-b930-4015-becb-2648c8817352,ocr_required,order_index,source_provided,True,True,3,3,matched,import-v6\t160-quality-20261007T012224Z-1f7eeede\runs\t160-quality-20261007T012224Z-1f7eeede-06-IMP-SCAN-r3\result.json
t160-quality-20261007T012224Z-1f7eeede-06-IMP-SCAN-r3,IMP-SCAN,3,automatic,d6acd365-a6d5-5eb8-9b54-66f26a915094,421fc712-b930-4015-becb-2648c8817352,ocr_required,source_page_numbers,source_provided,True,True,[1],[1],matched,import-v6\t160-quality-20261007T012224Z-1f7eeede\runs\t160-quality-20261007T012224Z-1f7eeede-06-IMP-SCAN-r3\result.json
t160-quality-20261007T012224Z-1f7eeede-06-IMP-SCAN-r3,IMP-SCAN,3,automatic,d6acd365-a6d5-5eb8-9b54-66f26a915094,421fc712-b930-4015-becb-2648c8817352,ocr_required,question_type,source_provided,True,True,SHORT_ANSWER,SHORT_ANSWER,matched,import-v6\t160-quality-20261007T012224Z-1f7eeede\runs\t160-quality-20261007T012224Z-1f7eeede-06-IMP-SCAN-r3\result.json
t160-quality-20261007T012224Z-1f7eeede-06-IMP-SCAN-r3,IMP-SCAN,3,automatic,d6acd365-a6d5-5eb8-9b54-66f26a915094,421fc712-b930-4015-becb-2648c8817352,ocr_required,content,source_provided,True,True,根据下表写出 y 关于 x 的关系式。,根据下表写出 y 关于 x 的关系式。,matched,import-v6\t160-quality-20261007T012224Z-1f7eeede\runs\t160-quality-20261007T012224Z-1f7eeede-06-IMP-SCAN-r3\result.json
t160-quality-20261007T012224Z-1f7eeede-06-IMP-SCAN-r3,IMP-SCAN,3,automatic,d6acd365-a6d5-5eb8-9b54-66f26a915094,421fc712-b930-4015-becb-2648c8817352,ocr_required,options,not_applicable,True,True,,,matched,import-v6\t160-quality-20261007T012224Z-1f7eeede\runs\t160-quality-20261007T012224Z-1f7eeede-06-IMP-SCAN-r3\result.json
t160-quality-20261007T012224Z-1f7eeede-06-IMP-SCAN-r3,IMP-SCAN,3,automatic,d6acd365-a6d5-5eb8-9b54-66f26a915094,421fc712-b930-4015-becb-2648c8817352,ocr_required,reference_answer,known_missing,True,True,,,matched,import-v6\t160-quality-20261007T012224Z-1f7eeede\runs\t160-quality-20261007T012224Z-1f7eeede-06-IMP-SCAN-r3\result.json
t160-quality-20261007T012224Z-1f7eeede-06-IMP-SCAN-r3,IMP-SCAN,3,automatic,d6acd365-a6d5-5eb8-9b54-66f26a915094,421fc712-b930-4015-becb-2648c8817352,ocr_required,analysis,known_missing,True,True,,,matched,import-v6\t160-quality-20261007T012224Z-1f7eeede\runs\t160-quality-20261007T012224Z-1f7eeede-06-IMP-SCAN-r3\result.json
t160-quality-20261007T012224Z-1f7eeede-06-IMP-SCAN-r3,IMP-SCAN,3,automatic,d6acd365-a6d5-5eb8-9b54-66f26a915094,421fc712-b930-4015-becb-2648c8817352,ocr_required,score,source_provided,True,True,3.00,3.00,matched,import-v6\t160-quality-20261007T012224Z-1f7eeede\runs\t160-quality-20261007T012224Z-1f7eeede-06-IMP-SCAN-r3\result.json
t160-quality-20261007T012224Z-1f7eeede-06-IMP-SCAN-r3,IMP-SCAN,3,automatic,d6acd365-a6d5-5eb8-9b54-66f26a915094,421fc712-b930-4015-becb-2648c8817352,ocr_required,scoring_rubric,source_provided,True,False,正确关系式 1.00；说明代入过程 2.00。,正确关系式1.00；说明代入过程2.00。,matched,import-v6\t160-quality-20261007T012224Z-1f7eeede\runs\t160-quality-20261007T012224Z-1f7eeede-06-IMP-SCAN-r3\result.json
t160-quality-20261007T012224Z-1f7eeede-06-IMP-SCAN-r3,IMP-SCAN,3,automatic,d6acd365-a6d5-5eb8-9b54-66f26a915094,421fc712-b930-4015-becb-2648c8817352,ocr_required,knowledge_points,source_provided,True,True,"[""一次函数"", ""表达与计算""]","[""一次函数"", ""表达与计算""]",matched,import-v6\t160-quality-20261007T012224Z-1f7eeede\runs\t160-quality-20261007T012224Z-1f7eeede-06-IMP-SCAN-r3\result.json
t160-quality-20261007T012224Z-1f7eeede-06-IMP-SCAN-r3,IMP-SCAN,3,automatic,d6acd365-a6d5-5eb8-9b54-66f26a915094,421fc712-b930-4015-becb-2648c8817352,ocr_required,source_regions,unknown,False,,,,reference_unknown,import-v6\t160-quality-20261007T012224Z-1f7eeede\runs\t160-quality-20261007T012224Z-1f7eeede-06-IMP-SCAN-r3\result.json
t160-quality-20261007T012224Z-1f7eeede-06-IMP-SCAN-r3,IMP-SCAN,3,automatic,d6acd365-a6d5-5eb8-9b54-66f26a915094,421fc712-b930-4015-becb-2648c8817352,ocr_required,assets,source_provided,True,False,"[{""asset_type"": ""table"", ""source_page_number"": 1, ""order_index"": 1}]",,matched,import-v6\t160-quality-20261007T012224Z-1f7eeede\runs\t160-quality-20261007T012224Z-1f7eeede-06-IMP-SCAN-r3\result.json
t160-quality-20261007T012224Z-1f7eeede-07-IMP-IMAGE-r1,IMP-IMAGE,1,automatic,c4d750a5-4dc4-5a35-83e2-dee4ca44aca1,ac0120a7-39b8-49f1-85c5-5fce3cc4fe11,ocr_required,question_number,source_provided,True,True,1,1,matched,import-v6\t160-quality-20261007T012224Z-1f7eeede\runs\t160-quality-20261007T012224Z-1f7eeede-07-IMP-IMAGE-r1\result.json
t160-quality-20261007T012224Z-1f7eeede-07-IMP-IMAGE-r1,IMP-IMAGE,1,automatic,c4d750a5-4dc4-5a35-83e2-dee4ca44aca1,ac0120a7-39b8-49f1-85c5-5fce3cc4fe11,ocr_required,order_index,source_provided,True,True,1,1,matched,import-v6\t160-quality-20261007T012224Z-1f7eeede\runs\t160-quality-20261007T012224Z-1f7eeede-07-IMP-IMAGE-r1\result.json
t160-quality-20261007T012224Z-1f7eeede-07-IMP-IMAGE-r1,IMP-IMAGE,1,automatic,c4d750a5-4dc4-5a35-83e2-dee4ca44aca1,ac0120a7-39b8-49f1-85c5-5fce3cc4fe11,ocr_required,source_page_numbers,source_provided,True,True,[1],[1],matched,import-v6\t160-quality-20261007T012224Z-1f7eeede\runs\t160-quality-20261007T012224Z-1f7eeede-07-IMP-IMAGE-r1\result.json
t160-quality-20261007T012224Z-1f7eeede-07-IMP-IMAGE-r1,IMP-IMAGE,1,automatic,c4d750a5-4dc4-5a35-83e2-dee4ca44aca1,ac0120a7-39b8-49f1-85c5-5fce3cc4fe11,ocr_required,question_type,source_provided,True,True,SINGLE_CHOICE,SINGLE_CHOICE,matched,import-v6\t160-quality-20261007T012224Z-1f7eeede\runs\t160-quality-20261007T012224Z-1f7eeede-07-IMP-IMAGE-r1\result.json
t160-quality-20261007T012224Z-1f7eeede-07-IMP-IMAGE-r1,IMP-IMAGE,1,automatic,c4d750a5-4dc4-5a35-83e2-dee4ca44aca1,ac0120a7-39b8-49f1-85c5-5fce3cc4fe11,ocr_required,content,source_provided,True,True,y = 2x + 1，x = 3 时 y 为多少？,y = 2x + 1，x = 3 时 y 为多少？,matched,import-v6\t160-quality-20261007T012224Z-1f7eeede\runs\t160-quality-20261007T012224Z-1f7eeede-07-IMP-IMAGE-r1\result.json
t160-quality-20261007T012224Z-1f7eeede-07-IMP-IMAGE-r1,IMP-IMAGE,1,automatic,c4d750a5-4dc4-5a35-83e2-dee4ca44aca1,ac0120a7-39b8-49f1-85c5-5fce3cc4fe11,ocr_required,options,source_provided,True,True,"{""C"": ""7"", ""A"": ""5"", ""B"": ""6"", ""D"": ""8""}","{""C"": ""7"", ""A"": ""5"", ""B"": ""6"", ""D"": ""8""}",matched,import-v6\t160-quality-20261007T012224Z-1f7eeede\runs\t160-quality-20261007T012224Z-1f7eeede-07-IMP-IMAGE-r1\result.json
t160-quality-20261007T012224Z-1f7eeede-07-IMP-IMAGE-r1,IMP-IMAGE,1,automatic,c4d750a5-4dc4-5a35-83e2-dee4ca44aca1,ac0120a7-39b8-49f1-85c5-5fce3cc4fe11,ocr_required,reference_answer,source_provided,True,True,C,C,matched,import-v6\t160-quality-20261007T012224Z-1f7eeede\runs\t160-quality-20261007T012224Z-1f7eeede-07-IMP-IMAGE-r1\result.json
t160-quality-20261007T012224Z-1f7eeede-07-IMP-IMAGE-r1,IMP-IMAGE,1,automatic,c4d750a5-4dc4-5a35-83e2-dee4ca44aca1,ac0120a7-39b8-49f1-85c5-5fce3cc4fe11,ocr_required,analysis,source_provided,True,False,2 × 3 + 1 = 7。,2 × 3 +1=7。,matched,import-v6\t160-quality-20261007T012224Z-1f7eeede\runs\t160-quality-20261007T012224Z-1f7eeede-07-IMP-IMAGE-r1\result.json
t160-quality-20261007T012224Z-1f7eeede-07-IMP-IMAGE-r1,IMP-IMAGE,1,automatic,c4d750a5-4dc4-5a35-83e2-dee4ca44aca1,ac0120a7-39b8-49f1-85c5-5fce3cc4fe11,ocr_required,score,source_provided,True,True,2.00,2.00,matched,import-v6\t160-quality-20261007T012224Z-1f7eeede\runs\t160-quality-20261007T012224Z-1f7eeede-07-IMP-IMAGE-r1\result.json
t160-quality-20261007T012224Z-1f7eeede-07-IMP-IMAGE-r1,IMP-IMAGE,1,automatic,c4d750a5-4dc4-5a35-83e2-dee4ca44aca1,ac0120a7-39b8-49f1-85c5-5fce3cc4fe11,ocr_required,scoring_rubric,known_missing,True,True,,,matched,import-v6\t160-quality-20261007T012224Z-1f7eeede\runs\t160-quality-20261007T012224Z-1f7eeede-07-IMP-IMAGE-r1\result.json
t160-quality-20261007T012224Z-1f7eeede-07-IMP-IMAGE-r1,IMP-IMAGE,1,automatic,c4d750a5-4dc4-5a35-83e2-dee4ca44aca1,ac0120a7-39b8-49f1-85c5-5fce3cc4fe11,ocr_required,knowledge_points,known_missing,True,True,[],[],matched,import-v6\t160-quality-20261007T012224Z-1f7eeede\runs\t160-quality-20261007T012224Z-1f7eeede-07-IMP-IMAGE-r1\result.json
t160-quality-20261007T012224Z-1f7eeede-07-IMP-IMAGE-r1,IMP-IMAGE,1,automatic,c4d750a5-4dc4-5a35-83e2-dee4ca44aca1,ac0120a7-39b8-49f1-85c5-5fce3cc4fe11,ocr_required,source_regions,unknown,False,,,,reference_unknown,import-v6\t160-quality-20261007T012224Z-1f7eeede\runs\t160-quality-20261007T012224Z-1f7eeede-07-IMP-IMAGE-r1\result.json
t160-quality-20261007T012224Z-1f7eeede-07-IMP-IMAGE-r1,IMP-IMAGE,1,automatic,c4d750a5-4dc4-5a35-83e2-dee4ca44aca1,ac0120a7-39b8-49f1-85c5-5fce3cc4fe11,ocr_required,assets,source_provided,True,False,[],,matched,import-v6\t160-quality-20261007T012224Z-1f7eeede\runs\t160-quality-20261007T012224Z-1f7eeede-07-IMP-IMAGE-r1\result.json
t160-quality-20261007T012224Z-1f7eeede-07-IMP-IMAGE-r1,IMP-IMAGE,1,automatic,e418791a-1462-52b7-98fe-396ce71b8d48,365bc694-867e-4ea2-a540-71849cc91cc7,ocr_required,question_number,source_provided,True,True,2,2,matched,import-v6\t160-quality-20261007T012224Z-1f7eeede\runs\t160-quality-20261007T012224Z-1f7eeede-07-IMP-IMAGE-r1\result.json
t160-quality-20261007T012224Z-1f7eeede-07-IMP-IMAGE-r1,IMP-IMAGE,1,automatic,e418791a-1462-52b7-98fe-396ce71b8d48,365bc694-867e-4ea2-a540-71849cc91cc7,ocr_required,order_index,source_provided,True,True,2,2,matched,import-v6\t160-quality-20261007T012224Z-1f7eeede\runs\t160-quality-20261007T012224Z-1f7eeede-07-IMP-IMAGE-r1\result.json
t160-quality-20261007T012224Z-1f7eeede-07-IMP-IMAGE-r1,IMP-IMAGE,1,automatic,e418791a-1462-52b7-98fe-396ce71b8d48,365bc694-867e-4ea2-a540-71849cc91cc7,ocr_required,source_page_numbers,source_provided,True,True,[1],[1],matched,import-v6\t160-quality-20261007T012224Z-1f7eeede\runs\t160-quality-20261007T012224Z-1f7eeede-07-IMP-IMAGE-r1\result.json
t160-quality-20261007T012224Z-1f7eeede-07-IMP-IMAGE-r1,IMP-IMAGE,1,automatic,e418791a-1462-52b7-98fe-396ce71b8d48,365bc694-867e-4ea2-a540-71849cc91cc7,ocr_required,question_type,source_provided,True,True,TRUE_FALSE,TRUE_FALSE,matched,import-v6\t160-quality-20261007T012224Z-1f7eeede\runs\t160-quality-20261007T012224Z-1f7eeede-07-IMP-IMAGE-r1\result.json
t160-quality-20261007T012224Z-1f7eeede-07-IMP-IMAGE-r1,IMP-IMAGE,1,automatic,e418791a-1462-52b7-98fe-396ce71b8d48,365bc694-867e-4ea2-a540-71849cc91cc7,ocr_required,content,source_provided,True,False,右图三角形面积为 24 cm²。,右图三角形面积为24cm²。,matched,import-v6\t160-quality-20261007T012224Z-1f7eeede\runs\t160-quality-20261007T012224Z-1f7eeede-07-IMP-IMAGE-r1\result.json
t160-quality-20261007T012224Z-1f7eeede-07-IMP-IMAGE-r1,IMP-IMAGE,1,automatic,e418791a-1462-52b7-98fe-396ce71b8d48,365bc694-867e-4ea2-a540-71849cc91cc7,ocr_required,options,source_provided,True,True,"[""正确"", ""错误""]","[""正确"", ""错误""]",matched,import-v6\t160-quality-20261007T012224Z-1f7eeede\runs\t160-quality-20261007T012224Z-1f7eeede-07-IMP-IMAGE-r1\result.json
t160-quality-20261007T012224Z-1f7eeede-07-IMP-IMAGE-r1,IMP-IMAGE,1,automatic,e418791a-1462-52b7-98fe-396ce71b8d48,365bc694-867e-4ea2-a540-71849cc91cc7,ocr_required,reference_answer,known_missing,True,True,,,matched,import-v6\t160-quality-20261007T012224Z-1f7eeede\runs\t160-quality-20261007T012224Z-1f7eeede-07-IMP-IMAGE-r1\result.json
t160-quality-20261007T012224Z-1f7eeede-07-IMP-IMAGE-r1,IMP-IMAGE,1,automatic,e418791a-1462-52b7-98fe-396ce71b8d48,365bc694-867e-4ea2-a540-71849cc91cc7,ocr_required,analysis,known_missing,True,True,,,matched,import-v6\t160-quality-20261007T012224Z-1f7eeede\runs\t160-quality-20261007T012224Z-1f7eeede-07-IMP-IMAGE-r1\result.json
t160-quality-20261007T012224Z-1f7eeede-07-IMP-IMAGE-r1,IMP-IMAGE,1,automatic,e418791a-1462-52b7-98fe-396ce71b8d48,365bc694-867e-4ea2-a540-71849cc91cc7,ocr_required,score,source_provided,True,True,2.00,2.00,matched,import-v6\t160-quality-20261007T012224Z-1f7eeede\runs\t160-quality-20261007T012224Z-1f7eeede-07-IMP-IMAGE-r1\result.json
t160-quality-20261007T012224Z-1f7eeede-07-IMP-IMAGE-r1,IMP-IMAGE,1,automatic,e418791a-1462-52b7-98fe-396ce71b8d48,365bc694-867e-4ea2-a540-71849cc91cc7,ocr_required,scoring_rubric,known_missing,True,True,,,matched,import-v6\t160-quality-20261007T012224Z-1f7eeede\runs\t160-quality-20261007T012224Z-1f7eeede-07-IMP-IMAGE-r1\result.json
t160-quality-20261007T012224Z-1f7eeede-07-IMP-IMAGE-r1,IMP-IMAGE,1,automatic,e418791a-1462-52b7-98fe-396ce71b8d48,365bc694-867e-4ea2-a540-71849cc91cc7,ocr_required,knowledge_points,known_missing,True,True,[],[],matched,import-v6\t160-quality-20261007T012224Z-1f7eeede\runs\t160-quality-20261007T012224Z-1f7eeede-07-IMP-IMAGE-r1\result.json
t160-quality-20261007T012224Z-1f7eeede-07-IMP-IMAGE-r1,IMP-IMAGE,1,automatic,e418791a-1462-52b7-98fe-396ce71b8d48,365bc694-867e-4ea2-a540-71849cc91cc7,ocr_required,source_regions,unknown,False,,,,reference_unknown,import-v6\t160-quality-20261007T012224Z-1f7eeede\runs\t160-quality-20261007T012224Z-1f7eeede-07-IMP-IMAGE-r1\result.json
t160-quality-20261007T012224Z-1f7eeede-07-IMP-IMAGE-r1,IMP-IMAGE,1,automatic,e418791a-1462-52b7-98fe-396ce71b8d48,365bc694-867e-4ea2-a540-71849cc91cc7,ocr_required,assets,source_provided,True,False,"[{""asset_type"": ""figure"", ""source_page_number"": 1, ""order_index"": 1}]",,matched,import-v6\t160-quality-20261007T012224Z-1f7eeede\runs\t160-quality-20261007T012224Z-1f7eeede-07-IMP-IMAGE-r1\result.json
t160-quality-20261007T012224Z-1f7eeede-07-IMP-IMAGE-r1,IMP-IMAGE,1,automatic,e5c1555f-e927-575c-b68c-85eb341a3202,6569c3e3-7fdc-458a-be5b-6873dce7f4e1,ocr_required,question_number,source_provided,True,True,3,3,matched,import-v6\t160-quality-20261007T012224Z-1f7eeede\runs\t160-quality-20261007T012224Z-1f7eeede-07-IMP-IMAGE-r1\result.json
t160-quality-20261007T012224Z-1f7eeede-07-IMP-IMAGE-r1,IMP-IMAGE,1,automatic,e5c1555f-e927-575c-b68c-85eb341a3202,6569c3e3-7fdc-458a-be5b-6873dce7f4e1,ocr_required,order_index,source_provided,True,True,3,3,matched,import-v6\t160-quality-20261007T012224Z-1f7eeede\runs\t160-quality-20261007T012224Z-1f7eeede-07-IMP-IMAGE-r1\result.json
t160-quality-20261007T012224Z-1f7eeede-07-IMP-IMAGE-r1,IMP-IMAGE,1,automatic,e5c1555f-e927-575c-b68c-85eb341a3202,6569c3e3-7fdc-458a-be5b-6873dce7f4e1,ocr_required,source_page_numbers,source_provided,True,True,[1],[1],matched,import-v6\t160-quality-20261007T012224Z-1f7eeede\runs\t160-quality-20261007T012224Z-1f7eeede-07-IMP-IMAGE-r1\result.json
t160-quality-20261007T012224Z-1f7eeede-07-IMP-IMAGE-r1,IMP-IMAGE,1,automatic,e5c1555f-e927-575c-b68c-85eb341a3202,6569c3e3-7fdc-458a-be5b-6873dce7f4e1,ocr_required,question_type,source_provided,True,True,SHORT_ANSWER,SHORT_ANSWER,matched,import-v6\t160-quality-20261007T012224Z-1f7eeede\runs\t160-quality-20261007T012224Z-1f7eeede-07-IMP-IMAGE-r1\result.json
t160-quality-20261007T012224Z-1f7eeede-07-IMP-IMAGE-r1,IMP-IMAGE,1,automatic,e5c1555f-e927-575c-b68c-85eb341a3202,6569c3e3-7fdc-458a-be5b-6873dce7f4e1,ocr_required,content,source_provided,True,False,根据下表写出 y 关于 x 的关系式。,根据下表写出y关于x的关系式。,matched,import-v6\t160-quality-20261007T012224Z-1f7eeede\runs\t160-quality-20261007T012224Z-1f7eeede-07-IMP-IMAGE-r1\result.json
t160-quality-20261007T012224Z-1f7eeede-07-IMP-IMAGE-r1,IMP-IMAGE,1,automatic,e5c1555f-e927-575c-b68c-85eb341a3202,6569c3e3-7fdc-458a-be5b-6873dce7f4e1,ocr_required,options,not_applicable,True,True,,,matched,import-v6\t160-quality-20261007T012224Z-1f7eeede\runs\t160-quality-20261007T012224Z-1f7eeede-07-IMP-IMAGE-r1\result.json
t160-quality-20261007T012224Z-1f7eeede-07-IMP-IMAGE-r1,IMP-IMAGE,1,automatic,e5c1555f-e927-575c-b68c-85eb341a3202,6569c3e3-7fdc-458a-be5b-6873dce7f4e1,ocr_required,reference_answer,known_missing,True,True,,,matched,import-v6\t160-quality-20261007T012224Z-1f7eeede\runs\t160-quality-20261007T012224Z-1f7eeede-07-IMP-IMAGE-r1\result.json
t160-quality-20261007T012224Z-1f7eeede-07-IMP-IMAGE-r1,IMP-IMAGE,1,automatic,e5c1555f-e927-575c-b68c-85eb341a3202,6569c3e3-7fdc-458a-be5b-6873dce7f4e1,ocr_required,analysis,known_missing,True,True,,,matched,import-v6\t160-quality-20261007T012224Z-1f7eeede\runs\t160-quality-20261007T012224Z-1f7eeede-07-IMP-IMAGE-r1\result.json
t160-quality-20261007T012224Z-1f7eeede-07-IMP-IMAGE-r1,IMP-IMAGE,1,automatic,e5c1555f-e927-575c-b68c-85eb341a3202,6569c3e3-7fdc-458a-be5b-6873dce7f4e1,ocr_required,score,source_provided,True,True,3.00,3.00,matched,import-v6\t160-quality-20261007T012224Z-1f7eeede\runs\t160-quality-20261007T012224Z-1f7eeede-07-IMP-IMAGE-r1\result.json
t160-quality-20261007T012224Z-1f7eeede-07-IMP-IMAGE-r1,IMP-IMAGE,1,automatic,e5c1555f-e927-575c-b68c-85eb341a3202,6569c3e3-7fdc-458a-be5b-6873dce7f4e1,ocr_required,scoring_rubric,source_provided,True,False,正确关系式 1.00；说明代入过程 2.00。,正确关系式1.00；说明代入过程2.00。,matched,import-v6\t160-quality-20261007T012224Z-1f7eeede\runs\t160-quality-20261007T012224Z-1f7eeede-07-IMP-IMAGE-r1\result.json
t160-quality-20261007T012224Z-1f7eeede-07-IMP-IMAGE-r1,IMP-IMAGE,1,automatic,e5c1555f-e927-575c-b68c-85eb341a3202,6569c3e3-7fdc-458a-be5b-6873dce7f4e1,ocr_required,knowledge_points,source_provided,True,False,"[""一次函数"", ""表达与计算""]","[""一次函数、表达与计算""]",matched,import-v6\t160-quality-20261007T012224Z-1f7eeede\runs\t160-quality-20261007T012224Z-1f7eeede-07-IMP-IMAGE-r1\result.json
t160-quality-20261007T012224Z-1f7eeede-07-IMP-IMAGE-r1,IMP-IMAGE,1,automatic,e5c1555f-e927-575c-b68c-85eb341a3202,6569c3e3-7fdc-458a-be5b-6873dce7f4e1,ocr_required,source_regions,unknown,False,,,,reference_unknown,import-v6\t160-quality-20261007T012224Z-1f7eeede\runs\t160-quality-20261007T012224Z-1f7eeede-07-IMP-IMAGE-r1\result.json
t160-quality-20261007T012224Z-1f7eeede-07-IMP-IMAGE-r1,IMP-IMAGE,1,automatic,e5c1555f-e927-575c-b68c-85eb341a3202,6569c3e3-7fdc-458a-be5b-6873dce7f4e1,ocr_required,assets,source_provided,True,False,"[{""asset_type"": ""table"", ""source_page_number"": 1, ""order_index"": 1}]",,matched,import-v6\t160-quality-20261007T012224Z-1f7eeede\runs\t160-quality-20261007T012224Z-1f7eeede-07-IMP-IMAGE-r1\result.json
t160-quality-20261007T012224Z-1f7eeede-08-IMP-IMAGE-r2,IMP-IMAGE,2,automatic,c4d750a5-4dc4-5a35-83e2-dee4ca44aca1,f1699312-2a3a-4103-90b6-a63b8c761f1e,ocr_required,question_number,source_provided,True,True,1,1,matched,import-v6\t160-quality-20261007T012224Z-1f7eeede\runs\t160-quality-20261007T012224Z-1f7eeede-08-IMP-IMAGE-r2\result.json
t160-quality-20261007T012224Z-1f7eeede-08-IMP-IMAGE-r2,IMP-IMAGE,2,automatic,c4d750a5-4dc4-5a35-83e2-dee4ca44aca1,f1699312-2a3a-4103-90b6-a63b8c761f1e,ocr_required,order_index,source_provided,True,True,1,1,matched,import-v6\t160-quality-20261007T012224Z-1f7eeede\runs\t160-quality-20261007T012224Z-1f7eeede-08-IMP-IMAGE-r2\result.json
t160-quality-20261007T012224Z-1f7eeede-08-IMP-IMAGE-r2,IMP-IMAGE,2,automatic,c4d750a5-4dc4-5a35-83e2-dee4ca44aca1,f1699312-2a3a-4103-90b6-a63b8c761f1e,ocr_required,source_page_numbers,source_provided,True,True,[1],[1],matched,import-v6\t160-quality-20261007T012224Z-1f7eeede\runs\t160-quality-20261007T012224Z-1f7eeede-08-IMP-IMAGE-r2\result.json
t160-quality-20261007T012224Z-1f7eeede-08-IMP-IMAGE-r2,IMP-IMAGE,2,automatic,c4d750a5-4dc4-5a35-83e2-dee4ca44aca1,f1699312-2a3a-4103-90b6-a63b8c761f1e,ocr_required,question_type,source_provided,True,True,SINGLE_CHOICE,SINGLE_CHOICE,matched,import-v6\t160-quality-20261007T012224Z-1f7eeede\runs\t160-quality-20261007T012224Z-1f7eeede-08-IMP-IMAGE-r2\result.json
t160-quality-20261007T012224Z-1f7eeede-08-IMP-IMAGE-r2,IMP-IMAGE,2,automatic,c4d750a5-4dc4-5a35-83e2-dee4ca44aca1,f1699312-2a3a-4103-90b6-a63b8c761f1e,ocr_required,content,source_provided,True,True,y = 2x + 1，x = 3 时 y 为多少？,y = 2x + 1，x = 3 时 y 为多少？,matched,import-v6\t160-quality-20261007T012224Z-1f7eeede\runs\t160-quality-20261007T012224Z-1f7eeede-08-IMP-IMAGE-r2\result.json
t160-quality-20261007T012224Z-1f7eeede-08-IMP-IMAGE-r2,IMP-IMAGE,2,automatic,c4d750a5-4dc4-5a35-83e2-dee4ca44aca1,f1699312-2a3a-4103-90b6-a63b8c761f1e,ocr_required,options,source_provided,True,True,"{""C"": ""7"", ""A"": ""5"", ""B"": ""6"", ""D"": ""8""}","{""C"": ""7"", ""A"": ""5"", ""B"": ""6"", ""D"": ""8""}",matched,import-v6\t160-quality-20261007T012224Z-1f7eeede\runs\t160-quality-20261007T012224Z-1f7eeede-08-IMP-IMAGE-r2\result.json
t160-quality-20261007T012224Z-1f7eeede-08-IMP-IMAGE-r2,IMP-IMAGE,2,automatic,c4d750a5-4dc4-5a35-83e2-dee4ca44aca1,f1699312-2a3a-4103-90b6-a63b8c761f1e,ocr_required,reference_answer,source_provided,True,True,C,C,matched,import-v6\t160-quality-20261007T012224Z-1f7eeede\runs\t160-quality-20261007T012224Z-1f7eeede-08-IMP-IMAGE-r2\result.json
t160-quality-20261007T012224Z-1f7eeede-08-IMP-IMAGE-r2,IMP-IMAGE,2,automatic,c4d750a5-4dc4-5a35-83e2-dee4ca44aca1,f1699312-2a3a-4103-90b6-a63b8c761f1e,ocr_required,analysis,source_provided,True,True,2 × 3 + 1 = 7。,2 × 3 + 1 = 7。,matched,import-v6\t160-quality-20261007T012224Z-1f7eeede\runs\t160-quality-20261007T012224Z-1f7eeede-08-IMP-IMAGE-r2\result.json
t160-quality-20261007T012224Z-1f7eeede-08-IMP-IMAGE-r2,IMP-IMAGE,2,automatic,c4d750a5-4dc4-5a35-83e2-dee4ca44aca1,f1699312-2a3a-4103-90b6-a63b8c761f1e,ocr_required,score,source_provided,True,True,2.00,2.00,matched,import-v6\t160-quality-20261007T012224Z-1f7eeede\runs\t160-quality-20261007T012224Z-1f7eeede-08-IMP-IMAGE-r2\result.json
t160-quality-20261007T012224Z-1f7eeede-08-IMP-IMAGE-r2,IMP-IMAGE,2,automatic,c4d750a5-4dc4-5a35-83e2-dee4ca44aca1,f1699312-2a3a-4103-90b6-a63b8c761f1e,ocr_required,scoring_rubric,known_missing,True,True,,,matched,import-v6\t160-quality-20261007T012224Z-1f7eeede\runs\t160-quality-20261007T012224Z-1f7eeede-08-IMP-IMAGE-r2\result.json
t160-quality-20261007T012224Z-1f7eeede-08-IMP-IMAGE-r2,IMP-IMAGE,2,automatic,c4d750a5-4dc4-5a35-83e2-dee4ca44aca1,f1699312-2a3a-4103-90b6-a63b8c761f1e,ocr_required,knowledge_points,known_missing,True,True,[],[],matched,import-v6\t160-quality-20261007T012224Z-1f7eeede\runs\t160-quality-20261007T012224Z-1f7eeede-08-IMP-IMAGE-r2\result.json
t160-quality-20261007T012224Z-1f7eeede-08-IMP-IMAGE-r2,IMP-IMAGE,2,automatic,c4d750a5-4dc4-5a35-83e2-dee4ca44aca1,f1699312-2a3a-4103-90b6-a63b8c761f1e,ocr_required,source_regions,unknown,False,,,,reference_unknown,import-v6\t160-quality-20261007T012224Z-1f7eeede\runs\t160-quality-20261007T012224Z-1f7eeede-08-IMP-IMAGE-r2\result.json
t160-quality-20261007T012224Z-1f7eeede-08-IMP-IMAGE-r2,IMP-IMAGE,2,automatic,c4d750a5-4dc4-5a35-83e2-dee4ca44aca1,f1699312-2a3a-4103-90b6-a63b8c761f1e,ocr_required,assets,source_provided,True,False,[],,matched,import-v6\t160-quality-20261007T012224Z-1f7eeede\runs\t160-quality-20261007T012224Z-1f7eeede-08-IMP-IMAGE-r2\result.json
t160-quality-20261007T012224Z-1f7eeede-08-IMP-IMAGE-r2,IMP-IMAGE,2,automatic,e418791a-1462-52b7-98fe-396ce71b8d48,43451f72-664e-4845-b7da-cdd9daaab57e,ocr_required,question_number,source_provided,True,True,2,2,matched,import-v6\t160-quality-20261007T012224Z-1f7eeede\runs\t160-quality-20261007T012224Z-1f7eeede-08-IMP-IMAGE-r2\result.json
t160-quality-20261007T012224Z-1f7eeede-08-IMP-IMAGE-r2,IMP-IMAGE,2,automatic,e418791a-1462-52b7-98fe-396ce71b8d48,43451f72-664e-4845-b7da-cdd9daaab57e,ocr_required,order_index,source_provided,True,True,2,2,matched,import-v6\t160-quality-20261007T012224Z-1f7eeede\runs\t160-quality-20261007T012224Z-1f7eeede-08-IMP-IMAGE-r2\result.json
t160-quality-20261007T012224Z-1f7eeede-08-IMP-IMAGE-r2,IMP-IMAGE,2,automatic,e418791a-1462-52b7-98fe-396ce71b8d48,43451f72-664e-4845-b7da-cdd9daaab57e,ocr_required,source_page_numbers,source_provided,True,True,[1],[1],matched,import-v6\t160-quality-20261007T012224Z-1f7eeede\runs\t160-quality-20261007T012224Z-1f7eeede-08-IMP-IMAGE-r2\result.json
t160-quality-20261007T012224Z-1f7eeede-08-IMP-IMAGE-r2,IMP-IMAGE,2,automatic,e418791a-1462-52b7-98fe-396ce71b8d48,43451f72-664e-4845-b7da-cdd9daaab57e,ocr_required,question_type,source_provided,True,True,TRUE_FALSE,TRUE_FALSE,matched,import-v6\t160-quality-20261007T012224Z-1f7eeede\runs\t160-quality-20261007T012224Z-1f7eeede-08-IMP-IMAGE-r2\result.json
t160-quality-20261007T012224Z-1f7eeede-08-IMP-IMAGE-r2,IMP-IMAGE,2,automatic,e418791a-1462-52b7-98fe-396ce71b8d48,43451f72-664e-4845-b7da-cdd9daaab57e,ocr_required,content,source_provided,True,False,右图三角形面积为 24 cm²。,右图三角形面积为24cm²。,matched,import-v6\t160-quality-20261007T012224Z-1f7eeede\runs\t160-quality-20261007T012224Z-1f7eeede-08-IMP-IMAGE-r2\result.json
t160-quality-20261007T012224Z-1f7eeede-08-IMP-IMAGE-r2,IMP-IMAGE,2,automatic,e418791a-1462-52b7-98fe-396ce71b8d48,43451f72-664e-4845-b7da-cdd9daaab57e,ocr_required,options,source_provided,True,True,"[""正确"", ""错误""]","[""正确"", ""错误""]",matched,import-v6\t160-quality-20261007T012224Z-1f7eeede\runs\t160-quality-20261007T012224Z-1f7eeede-08-IMP-IMAGE-r2\result.json
t160-quality-20261007T012224Z-1f7eeede-08-IMP-IMAGE-r2,IMP-IMAGE,2,automatic,e418791a-1462-52b7-98fe-396ce71b8d48,43451f72-664e-4845-b7da-cdd9daaab57e,ocr_required,reference_answer,known_missing,True,True,,,matched,import-v6\t160-quality-20261007T012224Z-1f7eeede\runs\t160-quality-20261007T012224Z-1f7eeede-08-IMP-IMAGE-r2\result.json
t160-quality-20261007T012224Z-1f7eeede-08-IMP-IMAGE-r2,IMP-IMAGE,2,automatic,e418791a-1462-52b7-98fe-396ce71b8d48,43451f72-664e-4845-b7da-cdd9daaab57e,ocr_required,analysis,known_missing,True,True,,,matched,import-v6\t160-quality-20261007T012224Z-1f7eeede\runs\t160-quality-20261007T012224Z-1f7eeede-08-IMP-IMAGE-r2\result.json
t160-quality-20261007T012224Z-1f7eeede-08-IMP-IMAGE-r2,IMP-IMAGE,2,automatic,e418791a-1462-52b7-98fe-396ce71b8d48,43451f72-664e-4845-b7da-cdd9daaab57e,ocr_required,score,source_provided,True,True,2.00,2.00,matched,import-v6\t160-quality-20261007T012224Z-1f7eeede\runs\t160-quality-20261007T012224Z-1f7eeede-08-IMP-IMAGE-r2\result.json
t160-quality-20261007T012224Z-1f7eeede-08-IMP-IMAGE-r2,IMP-IMAGE,2,automatic,e418791a-1462-52b7-98fe-396ce71b8d48,43451f72-664e-4845-b7da-cdd9daaab57e,ocr_required,scoring_rubric,known_missing,True,True,,,matched,import-v6\t160-quality-20261007T012224Z-1f7eeede\runs\t160-quality-20261007T012224Z-1f7eeede-08-IMP-IMAGE-r2\result.json
t160-quality-20261007T012224Z-1f7eeede-08-IMP-IMAGE-r2,IMP-IMAGE,2,automatic,e418791a-1462-52b7-98fe-396ce71b8d48,43451f72-664e-4845-b7da-cdd9daaab57e,ocr_required,knowledge_points,known_missing,True,True,[],[],matched,import-v6\t160-quality-20261007T012224Z-1f7eeede\runs\t160-quality-20261007T012224Z-1f7eeede-08-IMP-IMAGE-r2\result.json
t160-quality-20261007T012224Z-1f7eeede-08-IMP-IMAGE-r2,IMP-IMAGE,2,automatic,e418791a-1462-52b7-98fe-396ce71b8d48,43451f72-664e-4845-b7da-cdd9daaab57e,ocr_required,source_regions,unknown,False,,,,reference_unknown,import-v6\t160-quality-20261007T012224Z-1f7eeede\runs\t160-quality-20261007T012224Z-1f7eeede-08-IMP-IMAGE-r2\result.json
t160-quality-20261007T012224Z-1f7eeede-08-IMP-IMAGE-r2,IMP-IMAGE,2,automatic,e418791a-1462-52b7-98fe-396ce71b8d48,43451f72-664e-4845-b7da-cdd9daaab57e,ocr_required,assets,source_provided,True,False,"[{""asset_type"": ""figure"", ""source_page_number"": 1, ""order_index"": 1}]",,matched,import-v6\t160-quality-20261007T012224Z-1f7eeede\runs\t160-quality-20261007T012224Z-1f7eeede-08-IMP-IMAGE-r2\result.json
t160-quality-20261007T012224Z-1f7eeede-08-IMP-IMAGE-r2,IMP-IMAGE,2,automatic,e5c1555f-e927-575c-b68c-85eb341a3202,a8db0733-70c4-4b5c-a0f4-d895213565bf,ocr_required,question_number,source_provided,True,True,3,3,matched,import-v6\t160-quality-20261007T012224Z-1f7eeede\runs\t160-quality-20261007T012224Z-1f7eeede-08-IMP-IMAGE-r2\result.json
t160-quality-20261007T012224Z-1f7eeede-08-IMP-IMAGE-r2,IMP-IMAGE,2,automatic,e5c1555f-e927-575c-b68c-85eb341a3202,a8db0733-70c4-4b5c-a0f4-d895213565bf,ocr_required,order_index,source_provided,True,True,3,3,matched,import-v6\t160-quality-20261007T012224Z-1f7eeede\runs\t160-quality-20261007T012224Z-1f7eeede-08-IMP-IMAGE-r2\result.json
t160-quality-20261007T012224Z-1f7eeede-08-IMP-IMAGE-r2,IMP-IMAGE,2,automatic,e5c1555f-e927-575c-b68c-85eb341a3202,a8db0733-70c4-4b5c-a0f4-d895213565bf,ocr_required,source_page_numbers,source_provided,True,True,[1],[1],matched,import-v6\t160-quality-20261007T012224Z-1f7eeede\runs\t160-quality-20261007T012224Z-1f7eeede-08-IMP-IMAGE-r2\result.json
t160-quality-20261007T012224Z-1f7eeede-08-IMP-IMAGE-r2,IMP-IMAGE,2,automatic,e5c1555f-e927-575c-b68c-85eb341a3202,a8db0733-70c4-4b5c-a0f4-d895213565bf,ocr_required,question_type,source_provided,True,True,SHORT_ANSWER,SHORT_ANSWER,matched,import-v6\t160-quality-20261007T012224Z-1f7eeede\runs\t160-quality-20261007T012224Z-1f7eeede-08-IMP-IMAGE-r2\result.json
t160-quality-20261007T012224Z-1f7eeede-08-IMP-IMAGE-r2,IMP-IMAGE,2,automatic,e5c1555f-e927-575c-b68c-85eb341a3202,a8db0733-70c4-4b5c-a0f4-d895213565bf,ocr_required,content,source_provided,True,True,根据下表写出 y 关于 x 的关系式。,根据下表写出 y 关于 x 的关系式。,matched,import-v6\t160-quality-20261007T012224Z-1f7eeede\runs\t160-quality-20261007T012224Z-1f7eeede-08-IMP-IMAGE-r2\result.json
t160-quality-20261007T012224Z-1f7eeede-08-IMP-IMAGE-r2,IMP-IMAGE,2,automatic,e5c1555f-e927-575c-b68c-85eb341a3202,a8db0733-70c4-4b5c-a0f4-d895213565bf,ocr_required,options,not_applicable,True,True,,,matched,import-v6\t160-quality-20261007T012224Z-1f7eeede\runs\t160-quality-20261007T012224Z-1f7eeede-08-IMP-IMAGE-r2\result.json
t160-quality-20261007T012224Z-1f7eeede-08-IMP-IMAGE-r2,IMP-IMAGE,2,automatic,e5c1555f-e927-575c-b68c-85eb341a3202,a8db0733-70c4-4b5c-a0f4-d895213565bf,ocr_required,reference_answer,known_missing,True,True,,,matched,import-v6\t160-quality-20261007T012224Z-1f7eeede\runs\t160-quality-20261007T012224Z-1f7eeede-08-IMP-IMAGE-r2\result.json
t160-quality-20261007T012224Z-1f7eeede-08-IMP-IMAGE-r2,IMP-IMAGE,2,automatic,e5c1555f-e927-575c-b68c-85eb341a3202,a8db0733-70c4-4b5c-a0f4-d895213565bf,ocr_required,analysis,known_missing,True,True,,,matched,import-v6\t160-quality-20261007T012224Z-1f7eeede\runs\t160-quality-20261007T012224Z-1f7eeede-08-IMP-IMAGE-r2\result.json
t160-quality-20261007T012224Z-1f7eeede-08-IMP-IMAGE-r2,IMP-IMAGE,2,automatic,e5c1555f-e927-575c-b68c-85eb341a3202,a8db0733-70c4-4b5c-a0f4-d895213565bf,ocr_required,score,source_provided,True,True,3.00,3.00,matched,import-v6\t160-quality-20261007T012224Z-1f7eeede\runs\t160-quality-20261007T012224Z-1f7eeede-08-IMP-IMAGE-r2\result.json
t160-quality-20261007T012224Z-1f7eeede-08-IMP-IMAGE-r2,IMP-IMAGE,2,automatic,e5c1555f-e927-575c-b68c-85eb341a3202,a8db0733-70c4-4b5c-a0f4-d895213565bf,ocr_required,scoring_rubric,source_provided,True,False,正确关系式 1.00；说明代入过程 2.00。,正确关系式1.00；说明代入过程2.00。,matched,import-v6\t160-quality-20261007T012224Z-1f7eeede\runs\t160-quality-20261007T012224Z-1f7eeede-08-IMP-IMAGE-r2\result.json
t160-quality-20261007T012224Z-1f7eeede-08-IMP-IMAGE-r2,IMP-IMAGE,2,automatic,e5c1555f-e927-575c-b68c-85eb341a3202,a8db0733-70c4-4b5c-a0f4-d895213565bf,ocr_required,knowledge_points,source_provided,True,True,"[""一次函数"", ""表达与计算""]","[""一次函数"", ""表达与计算""]",matched,import-v6\t160-quality-20261007T012224Z-1f7eeede\runs\t160-quality-20261007T012224Z-1f7eeede-08-IMP-IMAGE-r2\result.json
t160-quality-20261007T012224Z-1f7eeede-08-IMP-IMAGE-r2,IMP-IMAGE,2,automatic,e5c1555f-e927-575c-b68c-85eb341a3202,a8db0733-70c4-4b5c-a0f4-d895213565bf,ocr_required,source_regions,unknown,False,,,,reference_unknown,import-v6\t160-quality-20261007T012224Z-1f7eeede\runs\t160-quality-20261007T012224Z-1f7eeede-08-IMP-IMAGE-r2\result.json
t160-quality-20261007T012224Z-1f7eeede-08-IMP-IMAGE-r2,IMP-IMAGE,2,automatic,e5c1555f-e927-575c-b68c-85eb341a3202,a8db0733-70c4-4b5c-a0f4-d895213565bf,ocr_required,assets,source_provided,True,False,"[{""asset_type"": ""table"", ""source_page_number"": 1, ""order_index"": 1}]",,matched,import-v6\t160-quality-20261007T012224Z-1f7eeede\runs\t160-quality-20261007T012224Z-1f7eeede-08-IMP-IMAGE-r2\result.json
t160-quality-20261007T012224Z-1f7eeede-09-IMP-IMAGE-r3,IMP-IMAGE,3,automatic,c4d750a5-4dc4-5a35-83e2-dee4ca44aca1,20af1fca-6ab5-4750-bede-8d3eebc3d180,ocr_required,question_number,source_provided,True,True,1,1,matched,import-v6\t160-quality-20261007T012224Z-1f7eeede\runs\t160-quality-20261007T012224Z-1f7eeede-09-IMP-IMAGE-r3\result.json
t160-quality-20261007T012224Z-1f7eeede-09-IMP-IMAGE-r3,IMP-IMAGE,3,automatic,c4d750a5-4dc4-5a35-83e2-dee4ca44aca1,20af1fca-6ab5-4750-bede-8d3eebc3d180,ocr_required,order_index,source_provided,True,True,1,1,matched,import-v6\t160-quality-20261007T012224Z-1f7eeede\runs\t160-quality-20261007T012224Z-1f7eeede-09-IMP-IMAGE-r3\result.json
t160-quality-20261007T012224Z-1f7eeede-09-IMP-IMAGE-r3,IMP-IMAGE,3,automatic,c4d750a5-4dc4-5a35-83e2-dee4ca44aca1,20af1fca-6ab5-4750-bede-8d3eebc3d180,ocr_required,source_page_numbers,source_provided,True,True,[1],[1],matched,import-v6\t160-quality-20261007T012224Z-1f7eeede\runs\t160-quality-20261007T012224Z-1f7eeede-09-IMP-IMAGE-r3\result.json
t160-quality-20261007T012224Z-1f7eeede-09-IMP-IMAGE-r3,IMP-IMAGE,3,automatic,c4d750a5-4dc4-5a35-83e2-dee4ca44aca1,20af1fca-6ab5-4750-bede-8d3eebc3d180,ocr_required,question_type,source_provided,True,True,SINGLE_CHOICE,SINGLE_CHOICE,matched,import-v6\t160-quality-20261007T012224Z-1f7eeede\runs\t160-quality-20261007T012224Z-1f7eeede-09-IMP-IMAGE-r3\result.json
t160-quality-20261007T012224Z-1f7eeede-09-IMP-IMAGE-r3,IMP-IMAGE,3,automatic,c4d750a5-4dc4-5a35-83e2-dee4ca44aca1,20af1fca-6ab5-4750-bede-8d3eebc3d180,ocr_required,content,source_provided,True,True,y = 2x + 1，x = 3 时 y 为多少？,y = 2x + 1，x = 3 时 y 为多少？,matched,import-v6\t160-quality-20261007T012224Z-1f7eeede\runs\t160-quality-20261007T012224Z-1f7eeede-09-IMP-IMAGE-r3\result.json
t160-quality-20261007T012224Z-1f7eeede-09-IMP-IMAGE-r3,IMP-IMAGE,3,automatic,c4d750a5-4dc4-5a35-83e2-dee4ca44aca1,20af1fca-6ab5-4750-bede-8d3eebc3d180,ocr_required,options,source_provided,True,True,"{""C"": ""7"", ""A"": ""5"", ""B"": ""6"", ""D"": ""8""}","{""C"": ""7"", ""A"": ""5"", ""B"": ""6"", ""D"": ""8""}",matched,import-v6\t160-quality-20261007T012224Z-1f7eeede\runs\t160-quality-20261007T012224Z-1f7eeede-09-IMP-IMAGE-r3\result.json
t160-quality-20261007T012224Z-1f7eeede-09-IMP-IMAGE-r3,IMP-IMAGE,3,automatic,c4d750a5-4dc4-5a35-83e2-dee4ca44aca1,20af1fca-6ab5-4750-bede-8d3eebc3d180,ocr_required,reference_answer,source_provided,True,True,C,C,matched,import-v6\t160-quality-20261007T012224Z-1f7eeede\runs\t160-quality-20261007T012224Z-1f7eeede-09-IMP-IMAGE-r3\result.json
t160-quality-20261007T012224Z-1f7eeede-09-IMP-IMAGE-r3,IMP-IMAGE,3,automatic,c4d750a5-4dc4-5a35-83e2-dee4ca44aca1,20af1fca-6ab5-4750-bede-8d3eebc3d180,ocr_required,analysis,source_provided,True,False,2 × 3 + 1 = 7。,2 × 3 +1=7。,matched,import-v6\t160-quality-20261007T012224Z-1f7eeede\runs\t160-quality-20261007T012224Z-1f7eeede-09-IMP-IMAGE-r3\result.json
t160-quality-20261007T012224Z-1f7eeede-09-IMP-IMAGE-r3,IMP-IMAGE,3,automatic,c4d750a5-4dc4-5a35-83e2-dee4ca44aca1,20af1fca-6ab5-4750-bede-8d3eebc3d180,ocr_required,score,source_provided,True,True,2.00,2.00,matched,import-v6\t160-quality-20261007T012224Z-1f7eeede\runs\t160-quality-20261007T012224Z-1f7eeede-09-IMP-IMAGE-r3\result.json
t160-quality-20261007T012224Z-1f7eeede-09-IMP-IMAGE-r3,IMP-IMAGE,3,automatic,c4d750a5-4dc4-5a35-83e2-dee4ca44aca1,20af1fca-6ab5-4750-bede-8d3eebc3d180,ocr_required,scoring_rubric,known_missing,True,True,,,matched,import-v6\t160-quality-20261007T012224Z-1f7eeede\runs\t160-quality-20261007T012224Z-1f7eeede-09-IMP-IMAGE-r3\result.json
t160-quality-20261007T012224Z-1f7eeede-09-IMP-IMAGE-r3,IMP-IMAGE,3,automatic,c4d750a5-4dc4-5a35-83e2-dee4ca44aca1,20af1fca-6ab5-4750-bede-8d3eebc3d180,ocr_required,knowledge_points,known_missing,True,True,[],[],matched,import-v6\t160-quality-20261007T012224Z-1f7eeede\runs\t160-quality-20261007T012224Z-1f7eeede-09-IMP-IMAGE-r3\result.json
t160-quality-20261007T012224Z-1f7eeede-09-IMP-IMAGE-r3,IMP-IMAGE,3,automatic,c4d750a5-4dc4-5a35-83e2-dee4ca44aca1,20af1fca-6ab5-4750-bede-8d3eebc3d180,ocr_required,source_regions,unknown,False,,,,reference_unknown,import-v6\t160-quality-20261007T012224Z-1f7eeede\runs\t160-quality-20261007T012224Z-1f7eeede-09-IMP-IMAGE-r3\result.json
t160-quality-20261007T012224Z-1f7eeede-09-IMP-IMAGE-r3,IMP-IMAGE,3,automatic,c4d750a5-4dc4-5a35-83e2-dee4ca44aca1,20af1fca-6ab5-4750-bede-8d3eebc3d180,ocr_required,assets,source_provided,True,False,[],,matched,import-v6\t160-quality-20261007T012224Z-1f7eeede\runs\t160-quality-20261007T012224Z-1f7eeede-09-IMP-IMAGE-r3\result.json
t160-quality-20261007T012224Z-1f7eeede-09-IMP-IMAGE-r3,IMP-IMAGE,3,automatic,e418791a-1462-52b7-98fe-396ce71b8d48,2fe32801-c289-41ca-b889-924dd87bb16b,ocr_required,question_number,source_provided,True,True,2,2,matched,import-v6\t160-quality-20261007T012224Z-1f7eeede\runs\t160-quality-20261007T012224Z-1f7eeede-09-IMP-IMAGE-r3\result.json
t160-quality-20261007T012224Z-1f7eeede-09-IMP-IMAGE-r3,IMP-IMAGE,3,automatic,e418791a-1462-52b7-98fe-396ce71b8d48,2fe32801-c289-41ca-b889-924dd87bb16b,ocr_required,order_index,source_provided,True,True,2,2,matched,import-v6\t160-quality-20261007T012224Z-1f7eeede\runs\t160-quality-20261007T012224Z-1f7eeede-09-IMP-IMAGE-r3\result.json
t160-quality-20261007T012224Z-1f7eeede-09-IMP-IMAGE-r3,IMP-IMAGE,3,automatic,e418791a-1462-52b7-98fe-396ce71b8d48,2fe32801-c289-41ca-b889-924dd87bb16b,ocr_required,source_page_numbers,source_provided,True,True,[1],[1],matched,import-v6\t160-quality-20261007T012224Z-1f7eeede\runs\t160-quality-20261007T012224Z-1f7eeede-09-IMP-IMAGE-r3\result.json
t160-quality-20261007T012224Z-1f7eeede-09-IMP-IMAGE-r3,IMP-IMAGE,3,automatic,e418791a-1462-52b7-98fe-396ce71b8d48,2fe32801-c289-41ca-b889-924dd87bb16b,ocr_required,question_type,source_provided,True,True,TRUE_FALSE,TRUE_FALSE,matched,import-v6\t160-quality-20261007T012224Z-1f7eeede\runs\t160-quality-20261007T012224Z-1f7eeede-09-IMP-IMAGE-r3\result.json
t160-quality-20261007T012224Z-1f7eeede-09-IMP-IMAGE-r3,IMP-IMAGE,3,automatic,e418791a-1462-52b7-98fe-396ce71b8d48,2fe32801-c289-41ca-b889-924dd87bb16b,ocr_required,content,source_provided,True,False,右图三角形面积为 24 cm²。,右图三角形面积为 24cm²。,matched,import-v6\t160-quality-20261007T012224Z-1f7eeede\runs\t160-quality-20261007T012224Z-1f7eeede-09-IMP-IMAGE-r3\result.json
t160-quality-20261007T012224Z-1f7eeede-09-IMP-IMAGE-r3,IMP-IMAGE,3,automatic,e418791a-1462-52b7-98fe-396ce71b8d48,2fe32801-c289-41ca-b889-924dd87bb16b,ocr_required,options,source_provided,True,True,"[""正确"", ""错误""]","[""正确"", ""错误""]",matched,import-v6\t160-quality-20261007T012224Z-1f7eeede\runs\t160-quality-20261007T012224Z-1f7eeede-09-IMP-IMAGE-r3\result.json
t160-quality-20261007T012224Z-1f7eeede-09-IMP-IMAGE-r3,IMP-IMAGE,3,automatic,e418791a-1462-52b7-98fe-396ce71b8d48,2fe32801-c289-41ca-b889-924dd87bb16b,ocr_required,reference_answer,known_missing,True,True,,,matched,import-v6\t160-quality-20261007T012224Z-1f7eeede\runs\t160-quality-20261007T012224Z-1f7eeede-09-IMP-IMAGE-r3\result.json
t160-quality-20261007T012224Z-1f7eeede-09-IMP-IMAGE-r3,IMP-IMAGE,3,automatic,e418791a-1462-52b7-98fe-396ce71b8d48,2fe32801-c289-41ca-b889-924dd87bb16b,ocr_required,analysis,known_missing,True,True,,,matched,import-v6\t160-quality-20261007T012224Z-1f7eeede\runs\t160-quality-20261007T012224Z-1f7eeede-09-IMP-IMAGE-r3\result.json
t160-quality-20261007T012224Z-1f7eeede-09-IMP-IMAGE-r3,IMP-IMAGE,3,automatic,e418791a-1462-52b7-98fe-396ce71b8d48,2fe32801-c289-41ca-b889-924dd87bb16b,ocr_required,score,source_provided,True,True,2.00,2.00,matched,import-v6\t160-quality-20261007T012224Z-1f7eeede\runs\t160-quality-20261007T012224Z-1f7eeede-09-IMP-IMAGE-r3\result.json
t160-quality-20261007T012224Z-1f7eeede-09-IMP-IMAGE-r3,IMP-IMAGE,3,automatic,e418791a-1462-52b7-98fe-396ce71b8d48,2fe32801-c289-41ca-b889-924dd87bb16b,ocr_required,scoring_rubric,known_missing,True,True,,,matched,import-v6\t160-quality-20261007T012224Z-1f7eeede\runs\t160-quality-20261007T012224Z-1f7eeede-09-IMP-IMAGE-r3\result.json
t160-quality-20261007T012224Z-1f7eeede-09-IMP-IMAGE-r3,IMP-IMAGE,3,automatic,e418791a-1462-52b7-98fe-396ce71b8d48,2fe32801-c289-41ca-b889-924dd87bb16b,ocr_required,knowledge_points,known_missing,True,True,[],[],matched,import-v6\t160-quality-20261007T012224Z-1f7eeede\runs\t160-quality-20261007T012224Z-1f7eeede-09-IMP-IMAGE-r3\result.json
t160-quality-20261007T012224Z-1f7eeede-09-IMP-IMAGE-r3,IMP-IMAGE,3,automatic,e418791a-1462-52b7-98fe-396ce71b8d48,2fe32801-c289-41ca-b889-924dd87bb16b,ocr_required,source_regions,unknown,False,,,,reference_unknown,import-v6\t160-quality-20261007T012224Z-1f7eeede\runs\t160-quality-20261007T012224Z-1f7eeede-09-IMP-IMAGE-r3\result.json
t160-quality-20261007T012224Z-1f7eeede-09-IMP-IMAGE-r3,IMP-IMAGE,3,automatic,e418791a-1462-52b7-98fe-396ce71b8d48,2fe32801-c289-41ca-b889-924dd87bb16b,ocr_required,assets,source_provided,True,False,"[{""asset_type"": ""figure"", ""source_page_number"": 1, ""order_index"": 1}]",,matched,import-v6\t160-quality-20261007T012224Z-1f7eeede\runs\t160-quality-20261007T012224Z-1f7eeede-09-IMP-IMAGE-r3\result.json
t160-quality-20261007T012224Z-1f7eeede-09-IMP-IMAGE-r3,IMP-IMAGE,3,automatic,e5c1555f-e927-575c-b68c-85eb341a3202,01af1571-52bb-4065-977f-95ebd6c7c5df,ocr_required,question_number,source_provided,True,True,3,3,matched,import-v6\t160-quality-20261007T012224Z-1f7eeede\runs\t160-quality-20261007T012224Z-1f7eeede-09-IMP-IMAGE-r3\result.json
t160-quality-20261007T012224Z-1f7eeede-09-IMP-IMAGE-r3,IMP-IMAGE,3,automatic,e5c1555f-e927-575c-b68c-85eb341a3202,01af1571-52bb-4065-977f-95ebd6c7c5df,ocr_required,order_index,source_provided,True,True,3,3,matched,import-v6\t160-quality-20261007T012224Z-1f7eeede\runs\t160-quality-20261007T012224Z-1f7eeede-09-IMP-IMAGE-r3\result.json
t160-quality-20261007T012224Z-1f7eeede-09-IMP-IMAGE-r3,IMP-IMAGE,3,automatic,e5c1555f-e927-575c-b68c-85eb341a3202,01af1571-52bb-4065-977f-95ebd6c7c5df,ocr_required,source_page_numbers,source_provided,True,True,[1],[1],matched,import-v6\t160-quality-20261007T012224Z-1f7eeede\runs\t160-quality-20261007T012224Z-1f7eeede-09-IMP-IMAGE-r3\result.json
t160-quality-20261007T012224Z-1f7eeede-09-IMP-IMAGE-r3,IMP-IMAGE,3,automatic,e5c1555f-e927-575c-b68c-85eb341a3202,01af1571-52bb-4065-977f-95ebd6c7c5df,ocr_required,question_type,source_provided,True,True,SHORT_ANSWER,SHORT_ANSWER,matched,import-v6\t160-quality-20261007T012224Z-1f7eeede\runs\t160-quality-20261007T012224Z-1f7eeede-09-IMP-IMAGE-r3\result.json
t160-quality-20261007T012224Z-1f7eeede-09-IMP-IMAGE-r3,IMP-IMAGE,3,automatic,e5c1555f-e927-575c-b68c-85eb341a3202,01af1571-52bb-4065-977f-95ebd6c7c5df,ocr_required,content,source_provided,True,True,根据下表写出 y 关于 x 的关系式。,根据下表写出 y 关于 x 的关系式。,matched,import-v6\t160-quality-20261007T012224Z-1f7eeede\runs\t160-quality-20261007T012224Z-1f7eeede-09-IMP-IMAGE-r3\result.json
t160-quality-20261007T012224Z-1f7eeede-09-IMP-IMAGE-r3,IMP-IMAGE,3,automatic,e5c1555f-e927-575c-b68c-85eb341a3202,01af1571-52bb-4065-977f-95ebd6c7c5df,ocr_required,options,not_applicable,True,True,,,matched,import-v6\t160-quality-20261007T012224Z-1f7eeede\runs\t160-quality-20261007T012224Z-1f7eeede-09-IMP-IMAGE-r3\result.json
t160-quality-20261007T012224Z-1f7eeede-09-IMP-IMAGE-r3,IMP-IMAGE,3,automatic,e5c1555f-e927-575c-b68c-85eb341a3202,01af1571-52bb-4065-977f-95ebd6c7c5df,ocr_required,reference_answer,known_missing,True,True,,,matched,import-v6\t160-quality-20261007T012224Z-1f7eeede\runs\t160-quality-20261007T012224Z-1f7eeede-09-IMP-IMAGE-r3\result.json
t160-quality-20261007T012224Z-1f7eeede-09-IMP-IMAGE-r3,IMP-IMAGE,3,automatic,e5c1555f-e927-575c-b68c-85eb341a3202,01af1571-52bb-4065-977f-95ebd6c7c5df,ocr_required,analysis,known_missing,True,True,,,matched,import-v6\t160-quality-20261007T012224Z-1f7eeede\runs\t160-quality-20261007T012224Z-1f7eeede-09-IMP-IMAGE-r3\result.json
t160-quality-20261007T012224Z-1f7eeede-09-IMP-IMAGE-r3,IMP-IMAGE,3,automatic,e5c1555f-e927-575c-b68c-85eb341a3202,01af1571-52bb-4065-977f-95ebd6c7c5df,ocr_required,score,source_provided,True,True,3.00,3.00,matched,import-v6\t160-quality-20261007T012224Z-1f7eeede\runs\t160-quality-20261007T012224Z-1f7eeede-09-IMP-IMAGE-r3\result.json
t160-quality-20261007T012224Z-1f7eeede-09-IMP-IMAGE-r3,IMP-IMAGE,3,automatic,e5c1555f-e927-575c-b68c-85eb341a3202,01af1571-52bb-4065-977f-95ebd6c7c5df,ocr_required,scoring_rubric,source_provided,True,False,正确关系式 1.00；说明代入过程 2.00。,正确关系式1.00；说明代入过程2.00。,matched,import-v6\t160-quality-20261007T012224Z-1f7eeede\runs\t160-quality-20261007T012224Z-1f7eeede-09-IMP-IMAGE-r3\result.json
t160-quality-20261007T012224Z-1f7eeede-09-IMP-IMAGE-r3,IMP-IMAGE,3,automatic,e5c1555f-e927-575c-b68c-85eb341a3202,01af1571-52bb-4065-977f-95ebd6c7c5df,ocr_required,knowledge_points,source_provided,True,True,"[""一次函数"", ""表达与计算""]","[""一次函数"", ""表达与计算""]",matched,import-v6\t160-quality-20261007T012224Z-1f7eeede\runs\t160-quality-20261007T012224Z-1f7eeede-09-IMP-IMAGE-r3\result.json
t160-quality-20261007T012224Z-1f7eeede-09-IMP-IMAGE-r3,IMP-IMAGE,3,automatic,e5c1555f-e927-575c-b68c-85eb341a3202,01af1571-52bb-4065-977f-95ebd6c7c5df,ocr_required,source_regions,unknown,False,,,,reference_unknown,import-v6\t160-quality-20261007T012224Z-1f7eeede\runs\t160-quality-20261007T012224Z-1f7eeede-09-IMP-IMAGE-r3\result.json
t160-quality-20261007T012224Z-1f7eeede-09-IMP-IMAGE-r3,IMP-IMAGE,3,automatic,e5c1555f-e927-575c-b68c-85eb341a3202,01af1571-52bb-4065-977f-95ebd6c7c5df,ocr_required,assets,source_provided,True,False,"[{""asset_type"": ""table"", ""source_page_number"": 1, ""order_index"": 1}]",,matched,import-v6\t160-quality-20261007T012224Z-1f7eeede\runs\t160-quality-20261007T012224Z-1f7eeede-09-IMP-IMAGE-r3\result.json
t160-quality-20261007T012224Z-1f7eeede-10-IMP-MIXED-r1,IMP-MIXED,1,automatic,1faa8619-84cc-5d65-86ae-244c7f68645e,,native_text,question_number,source_provided,True,False,1,,missing_identity,import-v6\t160-quality-20261007T012224Z-1f7eeede\runs\t160-quality-20261007T012224Z-1f7eeede-10-IMP-MIXED-r1\result.json
t160-quality-20261007T012224Z-1f7eeede-10-IMP-MIXED-r1,IMP-MIXED,1,automatic,1faa8619-84cc-5d65-86ae-244c7f68645e,,native_text,order_index,source_provided,True,False,1,,missing_identity,import-v6\t160-quality-20261007T012224Z-1f7eeede\runs\t160-quality-20261007T012224Z-1f7eeede-10-IMP-MIXED-r1\result.json
t160-quality-20261007T012224Z-1f7eeede-10-IMP-MIXED-r1,IMP-MIXED,1,automatic,1faa8619-84cc-5d65-86ae-244c7f68645e,,native_text,source_page_numbers,source_provided,True,False,[1],,missing_identity,import-v6\t160-quality-20261007T012224Z-1f7eeede\runs\t160-quality-20261007T012224Z-1f7eeede-10-IMP-MIXED-r1\result.json
t160-quality-20261007T012224Z-1f7eeede-10-IMP-MIXED-r1,IMP-MIXED,1,automatic,1faa8619-84cc-5d65-86ae-244c7f68645e,,native_text,question_type,source_provided,True,False,SINGLE_CHOICE,,missing_identity,import-v6\t160-quality-20261007T012224Z-1f7eeede\runs\t160-quality-20261007T012224Z-1f7eeede-10-IMP-MIXED-r1\result.json
t160-quality-20261007T012224Z-1f7eeede-10-IMP-MIXED-r1,IMP-MIXED,1,automatic,1faa8619-84cc-5d65-86ae-244c7f68645e,,native_text,content,source_provided,True,False,y = 2x + 1，x = 3 时 y 为多少？,,missing_identity,import-v6\t160-quality-20261007T012224Z-1f7eeede\runs\t160-quality-20261007T012224Z-1f7eeede-10-IMP-MIXED-r1\result.json
t160-quality-20261007T012224Z-1f7eeede-10-IMP-MIXED-r1,IMP-MIXED,1,automatic,1faa8619-84cc-5d65-86ae-244c7f68645e,,native_text,options,source_provided,True,False,"{""C"": ""7"", ""A"": ""5"", ""B"": ""6"", ""D"": ""8""}",,missing_identity,import-v6\t160-quality-20261007T012224Z-1f7eeede\runs\t160-quality-20261007T012224Z-1f7eeede-10-IMP-MIXED-r1\result.json
t160-quality-20261007T012224Z-1f7eeede-10-IMP-MIXED-r1,IMP-MIXED,1,automatic,1faa8619-84cc-5d65-86ae-244c7f68645e,,native_text,reference_answer,source_provided,True,False,C,,missing_identity,import-v6\t160-quality-20261007T012224Z-1f7eeede\runs\t160-quality-20261007T012224Z-1f7eeede-10-IMP-MIXED-r1\result.json
t160-quality-20261007T012224Z-1f7eeede-10-IMP-MIXED-r1,IMP-MIXED,1,automatic,1faa8619-84cc-5d65-86ae-244c7f68645e,,native_text,analysis,source_provided,True,False,2 × 3 + 1 = 7。,,missing_identity,import-v6\t160-quality-20261007T012224Z-1f7eeede\runs\t160-quality-20261007T012224Z-1f7eeede-10-IMP-MIXED-r1\result.json
t160-quality-20261007T012224Z-1f7eeede-10-IMP-MIXED-r1,IMP-MIXED,1,automatic,1faa8619-84cc-5d65-86ae-244c7f68645e,,native_text,score,source_provided,True,False,2.00,,missing_identity,import-v6\t160-quality-20261007T012224Z-1f7eeede\runs\t160-quality-20261007T012224Z-1f7eeede-10-IMP-MIXED-r1\result.json
t160-quality-20261007T012224Z-1f7eeede-10-IMP-MIXED-r1,IMP-MIXED,1,automatic,1faa8619-84cc-5d65-86ae-244c7f68645e,,native_text,scoring_rubric,known_missing,True,False,,,missing_identity,import-v6\t160-quality-20261007T012224Z-1f7eeede\runs\t160-quality-20261007T012224Z-1f7eeede-10-IMP-MIXED-r1\result.json
t160-quality-20261007T012224Z-1f7eeede-10-IMP-MIXED-r1,IMP-MIXED,1,automatic,1faa8619-84cc-5d65-86ae-244c7f68645e,,native_text,knowledge_points,known_missing,True,False,[],,missing_identity,import-v6\t160-quality-20261007T012224Z-1f7eeede\runs\t160-quality-20261007T012224Z-1f7eeede-10-IMP-MIXED-r1\result.json
t160-quality-20261007T012224Z-1f7eeede-10-IMP-MIXED-r1,IMP-MIXED,1,automatic,1faa8619-84cc-5d65-86ae-244c7f68645e,,native_text,source_regions,unknown,False,,,,reference_unknown,import-v6\t160-quality-20261007T012224Z-1f7eeede\runs\t160-quality-20261007T012224Z-1f7eeede-10-IMP-MIXED-r1\result.json
t160-quality-20261007T012224Z-1f7eeede-10-IMP-MIXED-r1,IMP-MIXED,1,automatic,1faa8619-84cc-5d65-86ae-244c7f68645e,,native_text,assets,source_provided,True,False,[],,missing_identity,import-v6\t160-quality-20261007T012224Z-1f7eeede\runs\t160-quality-20261007T012224Z-1f7eeede-10-IMP-MIXED-r1\result.json
t160-quality-20261007T012224Z-1f7eeede-10-IMP-MIXED-r1,IMP-MIXED,1,automatic,545de13f-3fe9-524b-a917-7ab04807806f,,native_text,question_number,source_provided,True,False,2,,missing_identity,import-v6\t160-quality-20261007T012224Z-1f7eeede\runs\t160-quality-20261007T012224Z-1f7eeede-10-IMP-MIXED-r1\result.json
t160-quality-20261007T012224Z-1f7eeede-10-IMP-MIXED-r1,IMP-MIXED,1,automatic,545de13f-3fe9-524b-a917-7ab04807806f,,native_text,order_index,source_provided,True,False,2,,missing_identity,import-v6\t160-quality-20261007T012224Z-1f7eeede\runs\t160-quality-20261007T012224Z-1f7eeede-10-IMP-MIXED-r1\result.json
t160-quality-20261007T012224Z-1f7eeede-10-IMP-MIXED-r1,IMP-MIXED,1,automatic,545de13f-3fe9-524b-a917-7ab04807806f,,native_text,source_page_numbers,source_provided,True,False,[1],,missing_identity,import-v6\t160-quality-20261007T012224Z-1f7eeede\runs\t160-quality-20261007T012224Z-1f7eeede-10-IMP-MIXED-r1\result.json
t160-quality-20261007T012224Z-1f7eeede-10-IMP-MIXED-r1,IMP-MIXED,1,automatic,545de13f-3fe9-524b-a917-7ab04807806f,,native_text,question_type,source_provided,True,False,TRUE_FALSE,,missing_identity,import-v6\t160-quality-20261007T012224Z-1f7eeede\runs\t160-quality-20261007T012224Z-1f7eeede-10-IMP-MIXED-r1\result.json
t160-quality-20261007T012224Z-1f7eeede-10-IMP-MIXED-r1,IMP-MIXED,1,automatic,545de13f-3fe9-524b-a917-7ab04807806f,,native_text,content,source_provided,True,False,右图三角形面积为 24 cm²。,,missing_identity,import-v6\t160-quality-20261007T012224Z-1f7eeede\runs\t160-quality-20261007T012224Z-1f7eeede-10-IMP-MIXED-r1\result.json
t160-quality-20261007T012224Z-1f7eeede-10-IMP-MIXED-r1,IMP-MIXED,1,automatic,545de13f-3fe9-524b-a917-7ab04807806f,,native_text,options,source_provided,True,False,"[""正确"", ""错误""]",,missing_identity,import-v6\t160-quality-20261007T012224Z-1f7eeede\runs\t160-quality-20261007T012224Z-1f7eeede-10-IMP-MIXED-r1\result.json
t160-quality-20261007T012224Z-1f7eeede-10-IMP-MIXED-r1,IMP-MIXED,1,automatic,545de13f-3fe9-524b-a917-7ab04807806f,,native_text,reference_answer,known_missing,True,False,,,missing_identity,import-v6\t160-quality-20261007T012224Z-1f7eeede\runs\t160-quality-20261007T012224Z-1f7eeede-10-IMP-MIXED-r1\result.json
t160-quality-20261007T012224Z-1f7eeede-10-IMP-MIXED-r1,IMP-MIXED,1,automatic,545de13f-3fe9-524b-a917-7ab04807806f,,native_text,analysis,known_missing,True,False,,,missing_identity,import-v6\t160-quality-20261007T012224Z-1f7eeede\runs\t160-quality-20261007T012224Z-1f7eeede-10-IMP-MIXED-r1\result.json
t160-quality-20261007T012224Z-1f7eeede-10-IMP-MIXED-r1,IMP-MIXED,1,automatic,545de13f-3fe9-524b-a917-7ab04807806f,,native_text,score,source_provided,True,False,2.00,,missing_identity,import-v6\t160-quality-20261007T012224Z-1f7eeede\runs\t160-quality-20261007T012224Z-1f7eeede-10-IMP-MIXED-r1\result.json
t160-quality-20261007T012224Z-1f7eeede-10-IMP-MIXED-r1,IMP-MIXED,1,automatic,545de13f-3fe9-524b-a917-7ab04807806f,,native_text,scoring_rubric,known_missing,True,False,,,missing_identity,import-v6\t160-quality-20261007T012224Z-1f7eeede\runs\t160-quality-20261007T012224Z-1f7eeede-10-IMP-MIXED-r1\result.json
t160-quality-20261007T012224Z-1f7eeede-10-IMP-MIXED-r1,IMP-MIXED,1,automatic,545de13f-3fe9-524b-a917-7ab04807806f,,native_text,knowledge_points,known_missing,True,False,[],,missing_identity,import-v6\t160-quality-20261007T012224Z-1f7eeede\runs\t160-quality-20261007T012224Z-1f7eeede-10-IMP-MIXED-r1\result.json
t160-quality-20261007T012224Z-1f7eeede-10-IMP-MIXED-r1,IMP-MIXED,1,automatic,545de13f-3fe9-524b-a917-7ab04807806f,,native_text,source_regions,unknown,False,,,,reference_unknown,import-v6\t160-quality-20261007T012224Z-1f7eeede\runs\t160-quality-20261007T012224Z-1f7eeede-10-IMP-MIXED-r1\result.json
t160-quality-20261007T012224Z-1f7eeede-10-IMP-MIXED-r1,IMP-MIXED,1,automatic,545de13f-3fe9-524b-a917-7ab04807806f,,native_text,assets,source_provided,True,False,"[{""asset_type"": ""figure"", ""source_page_number"": 1, ""order_index"": 1}]",,missing_identity,import-v6\t160-quality-20261007T012224Z-1f7eeede\runs\t160-quality-20261007T012224Z-1f7eeede-10-IMP-MIXED-r1\result.json
t160-quality-20261007T012224Z-1f7eeede-10-IMP-MIXED-r1,IMP-MIXED,1,automatic,85533f46-eb86-5893-8742-33939e77750f,,native_text,question_number,source_provided,True,False,3,,missing_identity,import-v6\t160-quality-20261007T012224Z-1f7eeede\runs\t160-quality-20261007T012224Z-1f7eeede-10-IMP-MIXED-r1\result.json
t160-quality-20261007T012224Z-1f7eeede-10-IMP-MIXED-r1,IMP-MIXED,1,automatic,85533f46-eb86-5893-8742-33939e77750f,,native_text,order_index,source_provided,True,False,3,,missing_identity,import-v6\t160-quality-20261007T012224Z-1f7eeede\runs\t160-quality-20261007T012224Z-1f7eeede-10-IMP-MIXED-r1\result.json
t160-quality-20261007T012224Z-1f7eeede-10-IMP-MIXED-r1,IMP-MIXED,1,automatic,85533f46-eb86-5893-8742-33939e77750f,,native_text,source_page_numbers,source_provided,True,False,[1],,missing_identity,import-v6\t160-quality-20261007T012224Z-1f7eeede\runs\t160-quality-20261007T012224Z-1f7eeede-10-IMP-MIXED-r1\result.json
t160-quality-20261007T012224Z-1f7eeede-10-IMP-MIXED-r1,IMP-MIXED,1,automatic,85533f46-eb86-5893-8742-33939e77750f,,native_text,question_type,source_provided,True,False,SHORT_ANSWER,,missing_identity,import-v6\t160-quality-20261007T012224Z-1f7eeede\runs\t160-quality-20261007T012224Z-1f7eeede-10-IMP-MIXED-r1\result.json
t160-quality-20261007T012224Z-1f7eeede-10-IMP-MIXED-r1,IMP-MIXED,1,automatic,85533f46-eb86-5893-8742-33939e77750f,,native_text,content,source_provided,True,False,根据下表写出 y 关于 x 的关系式。,,missing_identity,import-v6\t160-quality-20261007T012224Z-1f7eeede\runs\t160-quality-20261007T012224Z-1f7eeede-10-IMP-MIXED-r1\result.json
t160-quality-20261007T012224Z-1f7eeede-10-IMP-MIXED-r1,IMP-MIXED,1,automatic,85533f46-eb86-5893-8742-33939e77750f,,native_text,options,not_applicable,True,False,,,missing_identity,import-v6\t160-quality-20261007T012224Z-1f7eeede\runs\t160-quality-20261007T012224Z-1f7eeede-10-IMP-MIXED-r1\result.json
t160-quality-20261007T012224Z-1f7eeede-10-IMP-MIXED-r1,IMP-MIXED,1,automatic,85533f46-eb86-5893-8742-33939e77750f,,native_text,reference_answer,known_missing,True,False,,,missing_identity,import-v6\t160-quality-20261007T012224Z-1f7eeede\runs\t160-quality-20261007T012224Z-1f7eeede-10-IMP-MIXED-r1\result.json
t160-quality-20261007T012224Z-1f7eeede-10-IMP-MIXED-r1,IMP-MIXED,1,automatic,85533f46-eb86-5893-8742-33939e77750f,,native_text,analysis,known_missing,True,False,,,missing_identity,import-v6\t160-quality-20261007T012224Z-1f7eeede\runs\t160-quality-20261007T012224Z-1f7eeede-10-IMP-MIXED-r1\result.json
t160-quality-20261007T012224Z-1f7eeede-10-IMP-MIXED-r1,IMP-MIXED,1,automatic,85533f46-eb86-5893-8742-33939e77750f,,native_text,score,source_provided,True,False,3.00,,missing_identity,import-v6\t160-quality-20261007T012224Z-1f7eeede\runs\t160-quality-20261007T012224Z-1f7eeede-10-IMP-MIXED-r1\result.json
t160-quality-20261007T012224Z-1f7eeede-10-IMP-MIXED-r1,IMP-MIXED,1,automatic,85533f46-eb86-5893-8742-33939e77750f,,native_text,scoring_rubric,source_provided,True,False,正确关系式 1.00；说明代入过程 2.00。,,missing_identity,import-v6\t160-quality-20261007T012224Z-1f7eeede\runs\t160-quality-20261007T012224Z-1f7eeede-10-IMP-MIXED-r1\result.json
t160-quality-20261007T012224Z-1f7eeede-10-IMP-MIXED-r1,IMP-MIXED,1,automatic,85533f46-eb86-5893-8742-33939e77750f,,native_text,knowledge_points,source_provided,True,False,"[""一次函数"", ""表达与计算""]",,missing_identity,import-v6\t160-quality-20261007T012224Z-1f7eeede\runs\t160-quality-20261007T012224Z-1f7eeede-10-IMP-MIXED-r1\result.json
t160-quality-20261007T012224Z-1f7eeede-10-IMP-MIXED-r1,IMP-MIXED,1,automatic,85533f46-eb86-5893-8742-33939e77750f,,native_text,source_regions,unknown,False,,,,reference_unknown,import-v6\t160-quality-20261007T012224Z-1f7eeede\runs\t160-quality-20261007T012224Z-1f7eeede-10-IMP-MIXED-r1\result.json
t160-quality-20261007T012224Z-1f7eeede-10-IMP-MIXED-r1,IMP-MIXED,1,automatic,85533f46-eb86-5893-8742-33939e77750f,,native_text,assets,source_provided,True,False,"[{""asset_type"": ""table"", ""source_page_number"": 1, ""order_index"": 1}]",,missing_identity,import-v6\t160-quality-20261007T012224Z-1f7eeede\runs\t160-quality-20261007T012224Z-1f7eeede-10-IMP-MIXED-r1\result.json
t160-quality-20261007T012224Z-1f7eeede-10-IMP-MIXED-r1,IMP-MIXED,1,automatic,0fa8d57e-58c2-5aa4-b8cd-e52e96380a38,,ocr_required,question_number,source_provided,True,False,4,,missing_identity,import-v6\t160-quality-20261007T012224Z-1f7eeede\runs\t160-quality-20261007T012224Z-1f7eeede-10-IMP-MIXED-r1\result.json
t160-quality-20261007T012224Z-1f7eeede-10-IMP-MIXED-r1,IMP-MIXED,1,automatic,0fa8d57e-58c2-5aa4-b8cd-e52e96380a38,,ocr_required,order_index,source_provided,True,False,4,,missing_identity,import-v6\t160-quality-20261007T012224Z-1f7eeede\runs\t160-quality-20261007T012224Z-1f7eeede-10-IMP-MIXED-r1\result.json
t160-quality-20261007T012224Z-1f7eeede-10-IMP-MIXED-r1,IMP-MIXED,1,automatic,0fa8d57e-58c2-5aa4-b8cd-e52e96380a38,,ocr_required,source_page_numbers,source_provided,True,False,[2],,missing_identity,import-v6\t160-quality-20261007T012224Z-1f7eeede\runs\t160-quality-20261007T012224Z-1f7eeede-10-IMP-MIXED-r1\result.json
t160-quality-20261007T012224Z-1f7eeede-10-IMP-MIXED-r1,IMP-MIXED,1,automatic,0fa8d57e-58c2-5aa4-b8cd-e52e96380a38,,ocr_required,question_type,source_provided,True,False,SINGLE_CHOICE,,missing_identity,import-v6\t160-quality-20261007T012224Z-1f7eeede\runs\t160-quality-20261007T012224Z-1f7eeede-10-IMP-MIXED-r1\result.json
t160-quality-20261007T012224Z-1f7eeede-10-IMP-MIXED-r1,IMP-MIXED,1,automatic,0fa8d57e-58c2-5aa4-b8cd-e52e96380a38,,ocr_required,content,source_provided,True,False,y = 2x + 1，x = 3 时 y 为多少？,,missing_identity,import-v6\t160-quality-20261007T012224Z-1f7eeede\runs\t160-quality-20261007T012224Z-1f7eeede-10-IMP-MIXED-r1\result.json
t160-quality-20261007T012224Z-1f7eeede-10-IMP-MIXED-r1,IMP-MIXED,1,automatic,0fa8d57e-58c2-5aa4-b8cd-e52e96380a38,,ocr_required,options,source_provided,True,False,"{""C"": ""7"", ""A"": ""5"", ""B"": ""6"", ""D"": ""8""}",,missing_identity,import-v6\t160-quality-20261007T012224Z-1f7eeede\runs\t160-quality-20261007T012224Z-1f7eeede-10-IMP-MIXED-r1\result.json
t160-quality-20261007T012224Z-1f7eeede-10-IMP-MIXED-r1,IMP-MIXED,1,automatic,0fa8d57e-58c2-5aa4-b8cd-e52e96380a38,,ocr_required,reference_answer,source_provided,True,False,C,,missing_identity,import-v6\t160-quality-20261007T012224Z-1f7eeede\runs\t160-quality-20261007T012224Z-1f7eeede-10-IMP-MIXED-r1\result.json
t160-quality-20261007T012224Z-1f7eeede-10-IMP-MIXED-r1,IMP-MIXED,1,automatic,0fa8d57e-58c2-5aa4-b8cd-e52e96380a38,,ocr_required,analysis,source_provided,True,False,2 × 3 + 1 = 7。,,missing_identity,import-v6\t160-quality-20261007T012224Z-1f7eeede\runs\t160-quality-20261007T012224Z-1f7eeede-10-IMP-MIXED-r1\result.json
t160-quality-20261007T012224Z-1f7eeede-10-IMP-MIXED-r1,IMP-MIXED,1,automatic,0fa8d57e-58c2-5aa4-b8cd-e52e96380a38,,ocr_required,score,source_provided,True,False,2.00,,missing_identity,import-v6\t160-quality-20261007T012224Z-1f7eeede\runs\t160-quality-20261007T012224Z-1f7eeede-10-IMP-MIXED-r1\result.json
t160-quality-20261007T012224Z-1f7eeede-10-IMP-MIXED-r1,IMP-MIXED,1,automatic,0fa8d57e-58c2-5aa4-b8cd-e52e96380a38,,ocr_required,scoring_rubric,known_missing,True,False,,,missing_identity,import-v6\t160-quality-20261007T012224Z-1f7eeede\runs\t160-quality-20261007T012224Z-1f7eeede-10-IMP-MIXED-r1\result.json
t160-quality-20261007T012224Z-1f7eeede-10-IMP-MIXED-r1,IMP-MIXED,1,automatic,0fa8d57e-58c2-5aa4-b8cd-e52e96380a38,,ocr_required,knowledge_points,known_missing,True,False,[],,missing_identity,import-v6\t160-quality-20261007T012224Z-1f7eeede\runs\t160-quality-20261007T012224Z-1f7eeede-10-IMP-MIXED-r1\result.json
t160-quality-20261007T012224Z-1f7eeede-10-IMP-MIXED-r1,IMP-MIXED,1,automatic,0fa8d57e-58c2-5aa4-b8cd-e52e96380a38,,ocr_required,source_regions,unknown,False,,,,reference_unknown,import-v6\t160-quality-20261007T012224Z-1f7eeede\runs\t160-quality-20261007T012224Z-1f7eeede-10-IMP-MIXED-r1\result.json
t160-quality-20261007T012224Z-1f7eeede-10-IMP-MIXED-r1,IMP-MIXED,1,automatic,0fa8d57e-58c2-5aa4-b8cd-e52e96380a38,,ocr_required,assets,source_provided,True,False,[],,missing_identity,import-v6\t160-quality-20261007T012224Z-1f7eeede\runs\t160-quality-20261007T012224Z-1f7eeede-10-IMP-MIXED-r1\result.json
t160-quality-20261007T012224Z-1f7eeede-10-IMP-MIXED-r1,IMP-MIXED,1,automatic,455720b9-9061-5bce-83af-d6d53c6c84e1,,ocr_required,question_number,source_provided,True,False,5,,missing_identity,import-v6\t160-quality-20261007T012224Z-1f7eeede\runs\t160-quality-20261007T012224Z-1f7eeede-10-IMP-MIXED-r1\result.json
t160-quality-20261007T012224Z-1f7eeede-10-IMP-MIXED-r1,IMP-MIXED,1,automatic,455720b9-9061-5bce-83af-d6d53c6c84e1,,ocr_required,order_index,source_provided,True,False,5,,missing_identity,import-v6\t160-quality-20261007T012224Z-1f7eeede\runs\t160-quality-20261007T012224Z-1f7eeede-10-IMP-MIXED-r1\result.json
t160-quality-20261007T012224Z-1f7eeede-10-IMP-MIXED-r1,IMP-MIXED,1,automatic,455720b9-9061-5bce-83af-d6d53c6c84e1,,ocr_required,source_page_numbers,source_provided,True,False,[2],,missing_identity,import-v6\t160-quality-20261007T012224Z-1f7eeede\runs\t160-quality-20261007T012224Z-1f7eeede-10-IMP-MIXED-r1\result.json
t160-quality-20261007T012224Z-1f7eeede-10-IMP-MIXED-r1,IMP-MIXED,1,automatic,455720b9-9061-5bce-83af-d6d53c6c84e1,,ocr_required,question_type,source_provided,True,False,TRUE_FALSE,,missing_identity,import-v6\t160-quality-20261007T012224Z-1f7eeede\runs\t160-quality-20261007T012224Z-1f7eeede-10-IMP-MIXED-r1\result.json
t160-quality-20261007T012224Z-1f7eeede-10-IMP-MIXED-r1,IMP-MIXED,1,automatic,455720b9-9061-5bce-83af-d6d53c6c84e1,,ocr_required,content,source_provided,True,False,右图三角形面积为 24 cm²。,,missing_identity,import-v6\t160-quality-20261007T012224Z-1f7eeede\runs\t160-quality-20261007T012224Z-1f7eeede-10-IMP-MIXED-r1\result.json
t160-quality-20261007T012224Z-1f7eeede-10-IMP-MIXED-r1,IMP-MIXED,1,automatic,455720b9-9061-5bce-83af-d6d53c6c84e1,,ocr_required,options,source_provided,True,False,"[""正确"", ""错误""]",,missing_identity,import-v6\t160-quality-20261007T012224Z-1f7eeede\runs\t160-quality-20261007T012224Z-1f7eeede-10-IMP-MIXED-r1\result.json
t160-quality-20261007T012224Z-1f7eeede-10-IMP-MIXED-r1,IMP-MIXED,1,automatic,455720b9-9061-5bce-83af-d6d53c6c84e1,,ocr_required,reference_answer,known_missing,True,False,,,missing_identity,import-v6\t160-quality-20261007T012224Z-1f7eeede\runs\t160-quality-20261007T012224Z-1f7eeede-10-IMP-MIXED-r1\result.json
t160-quality-20261007T012224Z-1f7eeede-10-IMP-MIXED-r1,IMP-MIXED,1,automatic,455720b9-9061-5bce-83af-d6d53c6c84e1,,ocr_required,analysis,known_missing,True,False,,,missing_identity,import-v6\t160-quality-20261007T012224Z-1f7eeede\runs\t160-quality-20261007T012224Z-1f7eeede-10-IMP-MIXED-r1\result.json
t160-quality-20261007T012224Z-1f7eeede-10-IMP-MIXED-r1,IMP-MIXED,1,automatic,455720b9-9061-5bce-83af-d6d53c6c84e1,,ocr_required,score,source_provided,True,False,2.00,,missing_identity,import-v6\t160-quality-20261007T012224Z-1f7eeede\runs\t160-quality-20261007T012224Z-1f7eeede-10-IMP-MIXED-r1\result.json
t160-quality-20261007T012224Z-1f7eeede-10-IMP-MIXED-r1,IMP-MIXED,1,automatic,455720b9-9061-5bce-83af-d6d53c6c84e1,,ocr_required,scoring_rubric,known_missing,True,False,,,missing_identity,import-v6\t160-quality-20261007T012224Z-1f7eeede\runs\t160-quality-20261007T012224Z-1f7eeede-10-IMP-MIXED-r1\result.json
t160-quality-20261007T012224Z-1f7eeede-10-IMP-MIXED-r1,IMP-MIXED,1,automatic,455720b9-9061-5bce-83af-d6d53c6c84e1,,ocr_required,knowledge_points,known_missing,True,False,[],,missing_identity,import-v6\t160-quality-20261007T012224Z-1f7eeede\runs\t160-quality-20261007T012224Z-1f7eeede-10-IMP-MIXED-r1\result.json
t160-quality-20261007T012224Z-1f7eeede-10-IMP-MIXED-r1,IMP-MIXED,1,automatic,455720b9-9061-5bce-83af-d6d53c6c84e1,,ocr_required,source_regions,unknown,False,,,,reference_unknown,import-v6\t160-quality-20261007T012224Z-1f7eeede\runs\t160-quality-20261007T012224Z-1f7eeede-10-IMP-MIXED-r1\result.json
t160-quality-20261007T012224Z-1f7eeede-10-IMP-MIXED-r1,IMP-MIXED,1,automatic,455720b9-9061-5bce-83af-d6d53c6c84e1,,ocr_required,assets,source_provided,True,False,"[{""asset_type"": ""figure"", ""source_page_number"": 2, ""order_index"": 1}]",,missing_identity,import-v6\t160-quality-20261007T012224Z-1f7eeede\runs\t160-quality-20261007T012224Z-1f7eeede-10-IMP-MIXED-r1\result.json
t160-quality-20261007T012224Z-1f7eeede-10-IMP-MIXED-r1,IMP-MIXED,1,automatic,bf862f8d-df39-5559-bab5-d942fccb2432,,ocr_required,question_number,source_provided,True,False,6,,missing_identity,import-v6\t160-quality-20261007T012224Z-1f7eeede\runs\t160-quality-20261007T012224Z-1f7eeede-10-IMP-MIXED-r1\result.json
t160-quality-20261007T012224Z-1f7eeede-10-IMP-MIXED-r1,IMP-MIXED,1,automatic,bf862f8d-df39-5559-bab5-d942fccb2432,,ocr_required,order_index,source_provided,True,False,6,,missing_identity,import-v6\t160-quality-20261007T012224Z-1f7eeede\runs\t160-quality-20261007T012224Z-1f7eeede-10-IMP-MIXED-r1\result.json
t160-quality-20261007T012224Z-1f7eeede-10-IMP-MIXED-r1,IMP-MIXED,1,automatic,bf862f8d-df39-5559-bab5-d942fccb2432,,ocr_required,source_page_numbers,source_provided,True,False,[2],,missing_identity,import-v6\t160-quality-20261007T012224Z-1f7eeede\runs\t160-quality-20261007T012224Z-1f7eeede-10-IMP-MIXED-r1\result.json
t160-quality-20261007T012224Z-1f7eeede-10-IMP-MIXED-r1,IMP-MIXED,1,automatic,bf862f8d-df39-5559-bab5-d942fccb2432,,ocr_required,question_type,source_provided,True,False,SHORT_ANSWER,,missing_identity,import-v6\t160-quality-20261007T012224Z-1f7eeede\runs\t160-quality-20261007T012224Z-1f7eeede-10-IMP-MIXED-r1\result.json
t160-quality-20261007T012224Z-1f7eeede-10-IMP-MIXED-r1,IMP-MIXED,1,automatic,bf862f8d-df39-5559-bab5-d942fccb2432,,ocr_required,content,source_provided,True,False,根据下表写出 y 关于 x 的关系式。,,missing_identity,import-v6\t160-quality-20261007T012224Z-1f7eeede\runs\t160-quality-20261007T012224Z-1f7eeede-10-IMP-MIXED-r1\result.json
t160-quality-20261007T012224Z-1f7eeede-10-IMP-MIXED-r1,IMP-MIXED,1,automatic,bf862f8d-df39-5559-bab5-d942fccb2432,,ocr_required,options,not_applicable,True,False,,,missing_identity,import-v6\t160-quality-20261007T012224Z-1f7eeede\runs\t160-quality-20261007T012224Z-1f7eeede-10-IMP-MIXED-r1\result.json
t160-quality-20261007T012224Z-1f7eeede-10-IMP-MIXED-r1,IMP-MIXED,1,automatic,bf862f8d-df39-5559-bab5-d942fccb2432,,ocr_required,reference_answer,known_missing,True,False,,,missing_identity,import-v6\t160-quality-20261007T012224Z-1f7eeede\runs\t160-quality-20261007T012224Z-1f7eeede-10-IMP-MIXED-r1\result.json
t160-quality-20261007T012224Z-1f7eeede-10-IMP-MIXED-r1,IMP-MIXED,1,automatic,bf862f8d-df39-5559-bab5-d942fccb2432,,ocr_required,analysis,known_missing,True,False,,,missing_identity,import-v6\t160-quality-20261007T012224Z-1f7eeede\runs\t160-quality-20261007T012224Z-1f7eeede-10-IMP-MIXED-r1\result.json
t160-quality-20261007T012224Z-1f7eeede-10-IMP-MIXED-r1,IMP-MIXED,1,automatic,bf862f8d-df39-5559-bab5-d942fccb2432,,ocr_required,score,source_provided,True,False,3.00,,missing_identity,import-v6\t160-quality-20261007T012224Z-1f7eeede\runs\t160-quality-20261007T012224Z-1f7eeede-10-IMP-MIXED-r1\result.json
t160-quality-20261007T012224Z-1f7eeede-10-IMP-MIXED-r1,IMP-MIXED,1,automatic,bf862f8d-df39-5559-bab5-d942fccb2432,,ocr_required,scoring_rubric,source_provided,True,False,正确关系式 1.00；说明代入过程 2.00。,,missing_identity,import-v6\t160-quality-20261007T012224Z-1f7eeede\runs\t160-quality-20261007T012224Z-1f7eeede-10-IMP-MIXED-r1\result.json
t160-quality-20261007T012224Z-1f7eeede-10-IMP-MIXED-r1,IMP-MIXED,1,automatic,bf862f8d-df39-5559-bab5-d942fccb2432,,ocr_required,knowledge_points,source_provided,True,False,"[""一次函数"", ""表达与计算""]",,missing_identity,import-v6\t160-quality-20261007T012224Z-1f7eeede\runs\t160-quality-20261007T012224Z-1f7eeede-10-IMP-MIXED-r1\result.json
t160-quality-20261007T012224Z-1f7eeede-10-IMP-MIXED-r1,IMP-MIXED,1,automatic,bf862f8d-df39-5559-bab5-d942fccb2432,,ocr_required,source_regions,unknown,False,,,,reference_unknown,import-v6\t160-quality-20261007T012224Z-1f7eeede\runs\t160-quality-20261007T012224Z-1f7eeede-10-IMP-MIXED-r1\result.json
t160-quality-20261007T012224Z-1f7eeede-10-IMP-MIXED-r1,IMP-MIXED,1,automatic,bf862f8d-df39-5559-bab5-d942fccb2432,,ocr_required,assets,source_provided,True,False,"[{""asset_type"": ""table"", ""source_page_number"": 2, ""order_index"": 1}]",,missing_identity,import-v6\t160-quality-20261007T012224Z-1f7eeede\runs\t160-quality-20261007T012224Z-1f7eeede-10-IMP-MIXED-r1\result.json
t160-quality-20261007T012224Z-1f7eeede-11-IMP-MIXED-r2,IMP-MIXED,2,automatic,1faa8619-84cc-5d65-86ae-244c7f68645e,453f2733-6f6c-49ed-a9d7-a999b778cfea,native_text,question_number,source_provided,True,True,1,1,matched,import-v6\t160-quality-20261007T012224Z-1f7eeede\runs\t160-quality-20261007T012224Z-1f7eeede-11-IMP-MIXED-r2\result.json
t160-quality-20261007T012224Z-1f7eeede-11-IMP-MIXED-r2,IMP-MIXED,2,automatic,1faa8619-84cc-5d65-86ae-244c7f68645e,453f2733-6f6c-49ed-a9d7-a999b778cfea,native_text,order_index,source_provided,True,True,1,1,matched,import-v6\t160-quality-20261007T012224Z-1f7eeede\runs\t160-quality-20261007T012224Z-1f7eeede-11-IMP-MIXED-r2\result.json
t160-quality-20261007T012224Z-1f7eeede-11-IMP-MIXED-r2,IMP-MIXED,2,automatic,1faa8619-84cc-5d65-86ae-244c7f68645e,453f2733-6f6c-49ed-a9d7-a999b778cfea,native_text,source_page_numbers,source_provided,True,True,[1],[1],matched,import-v6\t160-quality-20261007T012224Z-1f7eeede\runs\t160-quality-20261007T012224Z-1f7eeede-11-IMP-MIXED-r2\result.json
t160-quality-20261007T012224Z-1f7eeede-11-IMP-MIXED-r2,IMP-MIXED,2,automatic,1faa8619-84cc-5d65-86ae-244c7f68645e,453f2733-6f6c-49ed-a9d7-a999b778cfea,native_text,question_type,source_provided,True,True,SINGLE_CHOICE,SINGLE_CHOICE,matched,import-v6\t160-quality-20261007T012224Z-1f7eeede\runs\t160-quality-20261007T012224Z-1f7eeede-11-IMP-MIXED-r2\result.json
t160-quality-20261007T012224Z-1f7eeede-11-IMP-MIXED-r2,IMP-MIXED,2,automatic,1faa8619-84cc-5d65-86ae-244c7f68645e,453f2733-6f6c-49ed-a9d7-a999b778cfea,native_text,content,source_provided,True,True,y = 2x + 1，x = 3 时 y 为多少？,y = 2x + 1，x = 3 时 y 为多少？,matched,import-v6\t160-quality-20261007T012224Z-1f7eeede\runs\t160-quality-20261007T012224Z-1f7eeede-11-IMP-MIXED-r2\result.json
t160-quality-20261007T012224Z-1f7eeede-11-IMP-MIXED-r2,IMP-MIXED,2,automatic,1faa8619-84cc-5d65-86ae-244c7f68645e,453f2733-6f6c-49ed-a9d7-a999b778cfea,native_text,options,source_provided,True,True,"{""C"": ""7"", ""A"": ""5"", ""B"": ""6"", ""D"": ""8""}","{""C"": ""7"", ""A"": ""5"", ""B"": ""6"", ""D"": ""8""}",matched,import-v6\t160-quality-20261007T012224Z-1f7eeede\runs\t160-quality-20261007T012224Z-1f7eeede-11-IMP-MIXED-r2\result.json
t160-quality-20261007T012224Z-1f7eeede-11-IMP-MIXED-r2,IMP-MIXED,2,automatic,1faa8619-84cc-5d65-86ae-244c7f68645e,453f2733-6f6c-49ed-a9d7-a999b778cfea,native_text,reference_answer,source_provided,True,True,C,C,matched,import-v6\t160-quality-20261007T012224Z-1f7eeede\runs\t160-quality-20261007T012224Z-1f7eeede-11-IMP-MIXED-r2\result.json
t160-quality-20261007T012224Z-1f7eeede-11-IMP-MIXED-r2,IMP-MIXED,2,automatic,1faa8619-84cc-5d65-86ae-244c7f68645e,453f2733-6f6c-49ed-a9d7-a999b778cfea,native_text,analysis,source_provided,True,True,2 × 3 + 1 = 7。,2 × 3 + 1 = 7。,matched,import-v6\t160-quality-20261007T012224Z-1f7eeede\runs\t160-quality-20261007T012224Z-1f7eeede-11-IMP-MIXED-r2\result.json
t160-quality-20261007T012224Z-1f7eeede-11-IMP-MIXED-r2,IMP-MIXED,2,automatic,1faa8619-84cc-5d65-86ae-244c7f68645e,453f2733-6f6c-49ed-a9d7-a999b778cfea,native_text,score,source_provided,True,True,2.00,2.00,matched,import-v6\t160-quality-20261007T012224Z-1f7eeede\runs\t160-quality-20261007T012224Z-1f7eeede-11-IMP-MIXED-r2\result.json
t160-quality-20261007T012224Z-1f7eeede-11-IMP-MIXED-r2,IMP-MIXED,2,automatic,1faa8619-84cc-5d65-86ae-244c7f68645e,453f2733-6f6c-49ed-a9d7-a999b778cfea,native_text,scoring_rubric,known_missing,True,True,,,matched,import-v6\t160-quality-20261007T012224Z-1f7eeede\runs\t160-quality-20261007T012224Z-1f7eeede-11-IMP-MIXED-r2\result.json
t160-quality-20261007T012224Z-1f7eeede-11-IMP-MIXED-r2,IMP-MIXED,2,automatic,1faa8619-84cc-5d65-86ae-244c7f68645e,453f2733-6f6c-49ed-a9d7-a999b778cfea,native_text,knowledge_points,known_missing,True,True,[],[],matched,import-v6\t160-quality-20261007T012224Z-1f7eeede\runs\t160-quality-20261007T012224Z-1f7eeede-11-IMP-MIXED-r2\result.json
t160-quality-20261007T012224Z-1f7eeede-11-IMP-MIXED-r2,IMP-MIXED,2,automatic,1faa8619-84cc-5d65-86ae-244c7f68645e,453f2733-6f6c-49ed-a9d7-a999b778cfea,native_text,source_regions,unknown,False,,,,reference_unknown,import-v6\t160-quality-20261007T012224Z-1f7eeede\runs\t160-quality-20261007T012224Z-1f7eeede-11-IMP-MIXED-r2\result.json
t160-quality-20261007T012224Z-1f7eeede-11-IMP-MIXED-r2,IMP-MIXED,2,automatic,1faa8619-84cc-5d65-86ae-244c7f68645e,453f2733-6f6c-49ed-a9d7-a999b778cfea,native_text,assets,source_provided,True,False,[],,matched,import-v6\t160-quality-20261007T012224Z-1f7eeede\runs\t160-quality-20261007T012224Z-1f7eeede-11-IMP-MIXED-r2\result.json
t160-quality-20261007T012224Z-1f7eeede-11-IMP-MIXED-r2,IMP-MIXED,2,automatic,545de13f-3fe9-524b-a917-7ab04807806f,5a7c7b25-1fbf-4e8d-9d7e-cdf92e07b702,native_text,question_number,source_provided,True,True,2,2,matched,import-v6\t160-quality-20261007T012224Z-1f7eeede\runs\t160-quality-20261007T012224Z-1f7eeede-11-IMP-MIXED-r2\result.json
t160-quality-20261007T012224Z-1f7eeede-11-IMP-MIXED-r2,IMP-MIXED,2,automatic,545de13f-3fe9-524b-a917-7ab04807806f,5a7c7b25-1fbf-4e8d-9d7e-cdf92e07b702,native_text,order_index,source_provided,True,True,2,2,matched,import-v6\t160-quality-20261007T012224Z-1f7eeede\runs\t160-quality-20261007T012224Z-1f7eeede-11-IMP-MIXED-r2\result.json
t160-quality-20261007T012224Z-1f7eeede-11-IMP-MIXED-r2,IMP-MIXED,2,automatic,545de13f-3fe9-524b-a917-7ab04807806f,5a7c7b25-1fbf-4e8d-9d7e-cdf92e07b702,native_text,source_page_numbers,source_provided,True,True,[1],[1],matched,import-v6\t160-quality-20261007T012224Z-1f7eeede\runs\t160-quality-20261007T012224Z-1f7eeede-11-IMP-MIXED-r2\result.json
t160-quality-20261007T012224Z-1f7eeede-11-IMP-MIXED-r2,IMP-MIXED,2,automatic,545de13f-3fe9-524b-a917-7ab04807806f,5a7c7b25-1fbf-4e8d-9d7e-cdf92e07b702,native_text,question_type,source_provided,True,True,TRUE_FALSE,TRUE_FALSE,matched,import-v6\t160-quality-20261007T012224Z-1f7eeede\runs\t160-quality-20261007T012224Z-1f7eeede-11-IMP-MIXED-r2\result.json
t160-quality-20261007T012224Z-1f7eeede-11-IMP-MIXED-r2,IMP-MIXED,2,automatic,545de13f-3fe9-524b-a917-7ab04807806f,5a7c7b25-1fbf-4e8d-9d7e-cdf92e07b702,native_text,content,source_provided,True,True,右图三角形面积为 24 cm²。,右图三角形面积为 24 cm²。,matched,import-v6\t160-quality-20261007T012224Z-1f7eeede\runs\t160-quality-20261007T012224Z-1f7eeede-11-IMP-MIXED-r2\result.json
t160-quality-20261007T012224Z-1f7eeede-11-IMP-MIXED-r2,IMP-MIXED,2,automatic,545de13f-3fe9-524b-a917-7ab04807806f,5a7c7b25-1fbf-4e8d-9d7e-cdf92e07b702,native_text,options,source_provided,True,True,"[""正确"", ""错误""]","[""正确"", ""错误""]",matched,import-v6\t160-quality-20261007T012224Z-1f7eeede\runs\t160-quality-20261007T012224Z-1f7eeede-11-IMP-MIXED-r2\result.json
t160-quality-20261007T012224Z-1f7eeede-11-IMP-MIXED-r2,IMP-MIXED,2,automatic,545de13f-3fe9-524b-a917-7ab04807806f,5a7c7b25-1fbf-4e8d-9d7e-cdf92e07b702,native_text,reference_answer,known_missing,True,True,,,matched,import-v6\t160-quality-20261007T012224Z-1f7eeede\runs\t160-quality-20261007T012224Z-1f7eeede-11-IMP-MIXED-r2\result.json
t160-quality-20261007T012224Z-1f7eeede-11-IMP-MIXED-r2,IMP-MIXED,2,automatic,545de13f-3fe9-524b-a917-7ab04807806f,5a7c7b25-1fbf-4e8d-9d7e-cdf92e07b702,native_text,analysis,known_missing,True,True,,,matched,import-v6\t160-quality-20261007T012224Z-1f7eeede\runs\t160-quality-20261007T012224Z-1f7eeede-11-IMP-MIXED-r2\result.json
t160-quality-20261007T012224Z-1f7eeede-11-IMP-MIXED-r2,IMP-MIXED,2,automatic,545de13f-3fe9-524b-a917-7ab04807806f,5a7c7b25-1fbf-4e8d-9d7e-cdf92e07b702,native_text,score,source_provided,True,True,2.00,2.00,matched,import-v6\t160-quality-20261007T012224Z-1f7eeede\runs\t160-quality-20261007T012224Z-1f7eeede-11-IMP-MIXED-r2\result.json
t160-quality-20261007T012224Z-1f7eeede-11-IMP-MIXED-r2,IMP-MIXED,2,automatic,545de13f-3fe9-524b-a917-7ab04807806f,5a7c7b25-1fbf-4e8d-9d7e-cdf92e07b702,native_text,scoring_rubric,known_missing,True,True,,,matched,import-v6\t160-quality-20261007T012224Z-1f7eeede\runs\t160-quality-20261007T012224Z-1f7eeede-11-IMP-MIXED-r2\result.json
t160-quality-20261007T012224Z-1f7eeede-11-IMP-MIXED-r2,IMP-MIXED,2,automatic,545de13f-3fe9-524b-a917-7ab04807806f,5a7c7b25-1fbf-4e8d-9d7e-cdf92e07b702,native_text,knowledge_points,known_missing,True,True,[],[],matched,import-v6\t160-quality-20261007T012224Z-1f7eeede\runs\t160-quality-20261007T012224Z-1f7eeede-11-IMP-MIXED-r2\result.json
t160-quality-20261007T012224Z-1f7eeede-11-IMP-MIXED-r2,IMP-MIXED,2,automatic,545de13f-3fe9-524b-a917-7ab04807806f,5a7c7b25-1fbf-4e8d-9d7e-cdf92e07b702,native_text,source_regions,unknown,False,,,,reference_unknown,import-v6\t160-quality-20261007T012224Z-1f7eeede\runs\t160-quality-20261007T012224Z-1f7eeede-11-IMP-MIXED-r2\result.json
t160-quality-20261007T012224Z-1f7eeede-11-IMP-MIXED-r2,IMP-MIXED,2,automatic,545de13f-3fe9-524b-a917-7ab04807806f,5a7c7b25-1fbf-4e8d-9d7e-cdf92e07b702,native_text,assets,source_provided,True,False,"[{""asset_type"": ""figure"", ""source_page_number"": 1, ""order_index"": 1}]",,matched,import-v6\t160-quality-20261007T012224Z-1f7eeede\runs\t160-quality-20261007T012224Z-1f7eeede-11-IMP-MIXED-r2\result.json
t160-quality-20261007T012224Z-1f7eeede-11-IMP-MIXED-r2,IMP-MIXED,2,automatic,85533f46-eb86-5893-8742-33939e77750f,6eba9fa2-26b0-4ddd-b104-4dfdd55e4cf1,native_text,question_number,source_provided,True,True,3,3,matched,import-v6\t160-quality-20261007T012224Z-1f7eeede\runs\t160-quality-20261007T012224Z-1f7eeede-11-IMP-MIXED-r2\result.json
t160-quality-20261007T012224Z-1f7eeede-11-IMP-MIXED-r2,IMP-MIXED,2,automatic,85533f46-eb86-5893-8742-33939e77750f,6eba9fa2-26b0-4ddd-b104-4dfdd55e4cf1,native_text,order_index,source_provided,True,True,3,3,matched,import-v6\t160-quality-20261007T012224Z-1f7eeede\runs\t160-quality-20261007T012224Z-1f7eeede-11-IMP-MIXED-r2\result.json
t160-quality-20261007T012224Z-1f7eeede-11-IMP-MIXED-r2,IMP-MIXED,2,automatic,85533f46-eb86-5893-8742-33939e77750f,6eba9fa2-26b0-4ddd-b104-4dfdd55e4cf1,native_text,source_page_numbers,source_provided,True,True,[1],[1],matched,import-v6\t160-quality-20261007T012224Z-1f7eeede\runs\t160-quality-20261007T012224Z-1f7eeede-11-IMP-MIXED-r2\result.json
t160-quality-20261007T012224Z-1f7eeede-11-IMP-MIXED-r2,IMP-MIXED,2,automatic,85533f46-eb86-5893-8742-33939e77750f,6eba9fa2-26b0-4ddd-b104-4dfdd55e4cf1,native_text,question_type,source_provided,True,True,SHORT_ANSWER,SHORT_ANSWER,matched,import-v6\t160-quality-20261007T012224Z-1f7eeede\runs\t160-quality-20261007T012224Z-1f7eeede-11-IMP-MIXED-r2\result.json
t160-quality-20261007T012224Z-1f7eeede-11-IMP-MIXED-r2,IMP-MIXED,2,automatic,85533f46-eb86-5893-8742-33939e77750f,6eba9fa2-26b0-4ddd-b104-4dfdd55e4cf1,native_text,content,source_provided,True,True,根据下表写出 y 关于 x 的关系式。,根据下表写出 y 关于 x 的关系式。,matched,import-v6\t160-quality-20261007T012224Z-1f7eeede\runs\t160-quality-20261007T012224Z-1f7eeede-11-IMP-MIXED-r2\result.json
t160-quality-20261007T012224Z-1f7eeede-11-IMP-MIXED-r2,IMP-MIXED,2,automatic,85533f46-eb86-5893-8742-33939e77750f,6eba9fa2-26b0-4ddd-b104-4dfdd55e4cf1,native_text,options,not_applicable,True,True,,,matched,import-v6\t160-quality-20261007T012224Z-1f7eeede\runs\t160-quality-20261007T012224Z-1f7eeede-11-IMP-MIXED-r2\result.json
t160-quality-20261007T012224Z-1f7eeede-11-IMP-MIXED-r2,IMP-MIXED,2,automatic,85533f46-eb86-5893-8742-33939e77750f,6eba9fa2-26b0-4ddd-b104-4dfdd55e4cf1,native_text,reference_answer,known_missing,True,True,,,matched,import-v6\t160-quality-20261007T012224Z-1f7eeede\runs\t160-quality-20261007T012224Z-1f7eeede-11-IMP-MIXED-r2\result.json
t160-quality-20261007T012224Z-1f7eeede-11-IMP-MIXED-r2,IMP-MIXED,2,automatic,85533f46-eb86-5893-8742-33939e77750f,6eba9fa2-26b0-4ddd-b104-4dfdd55e4cf1,native_text,analysis,known_missing,True,True,,,matched,import-v6\t160-quality-20261007T012224Z-1f7eeede\runs\t160-quality-20261007T012224Z-1f7eeede-11-IMP-MIXED-r2\result.json
t160-quality-20261007T012224Z-1f7eeede-11-IMP-MIXED-r2,IMP-MIXED,2,automatic,85533f46-eb86-5893-8742-33939e77750f,6eba9fa2-26b0-4ddd-b104-4dfdd55e4cf1,native_text,score,source_provided,True,True,3.00,3.00,matched,import-v6\t160-quality-20261007T012224Z-1f7eeede\runs\t160-quality-20261007T012224Z-1f7eeede-11-IMP-MIXED-r2\result.json
t160-quality-20261007T012224Z-1f7eeede-11-IMP-MIXED-r2,IMP-MIXED,2,automatic,85533f46-eb86-5893-8742-33939e77750f,6eba9fa2-26b0-4ddd-b104-4dfdd55e4cf1,native_text,scoring_rubric,source_provided,True,True,正确关系式 1.00；说明代入过程 2.00。,正确关系式 1.00；说明代入过程 2.00。,matched,import-v6\t160-quality-20261007T012224Z-1f7eeede\runs\t160-quality-20261007T012224Z-1f7eeede-11-IMP-MIXED-r2\result.json
t160-quality-20261007T012224Z-1f7eeede-11-IMP-MIXED-r2,IMP-MIXED,2,automatic,85533f46-eb86-5893-8742-33939e77750f,6eba9fa2-26b0-4ddd-b104-4dfdd55e4cf1,native_text,knowledge_points,source_provided,True,True,"[""一次函数"", ""表达与计算""]","[""一次函数"", ""表达与计算""]",matched,import-v6\t160-quality-20261007T012224Z-1f7eeede\runs\t160-quality-20261007T012224Z-1f7eeede-11-IMP-MIXED-r2\result.json
t160-quality-20261007T012224Z-1f7eeede-11-IMP-MIXED-r2,IMP-MIXED,2,automatic,85533f46-eb86-5893-8742-33939e77750f,6eba9fa2-26b0-4ddd-b104-4dfdd55e4cf1,native_text,source_regions,unknown,False,,,,reference_unknown,import-v6\t160-quality-20261007T012224Z-1f7eeede\runs\t160-quality-20261007T012224Z-1f7eeede-11-IMP-MIXED-r2\result.json
t160-quality-20261007T012224Z-1f7eeede-11-IMP-MIXED-r2,IMP-MIXED,2,automatic,85533f46-eb86-5893-8742-33939e77750f,6eba9fa2-26b0-4ddd-b104-4dfdd55e4cf1,native_text,assets,source_provided,True,False,"[{""asset_type"": ""table"", ""source_page_number"": 1, ""order_index"": 1}]",,matched,import-v6\t160-quality-20261007T012224Z-1f7eeede\runs\t160-quality-20261007T012224Z-1f7eeede-11-IMP-MIXED-r2\result.json
t160-quality-20261007T012224Z-1f7eeede-11-IMP-MIXED-r2,IMP-MIXED,2,automatic,0fa8d57e-58c2-5aa4-b8cd-e52e96380a38,e1784b31-acb4-4c2b-949b-69ef65752573,ocr_required,question_number,source_provided,True,True,4,4,matched,import-v6\t160-quality-20261007T012224Z-1f7eeede\runs\t160-quality-20261007T012224Z-1f7eeede-11-IMP-MIXED-r2\result.json
t160-quality-20261007T012224Z-1f7eeede-11-IMP-MIXED-r2,IMP-MIXED,2,automatic,0fa8d57e-58c2-5aa4-b8cd-e52e96380a38,e1784b31-acb4-4c2b-949b-69ef65752573,ocr_required,order_index,source_provided,True,True,4,4,matched,import-v6\t160-quality-20261007T012224Z-1f7eeede\runs\t160-quality-20261007T012224Z-1f7eeede-11-IMP-MIXED-r2\result.json
t160-quality-20261007T012224Z-1f7eeede-11-IMP-MIXED-r2,IMP-MIXED,2,automatic,0fa8d57e-58c2-5aa4-b8cd-e52e96380a38,e1784b31-acb4-4c2b-949b-69ef65752573,ocr_required,source_page_numbers,source_provided,True,True,[2],[2],matched,import-v6\t160-quality-20261007T012224Z-1f7eeede\runs\t160-quality-20261007T012224Z-1f7eeede-11-IMP-MIXED-r2\result.json
t160-quality-20261007T012224Z-1f7eeede-11-IMP-MIXED-r2,IMP-MIXED,2,automatic,0fa8d57e-58c2-5aa4-b8cd-e52e96380a38,e1784b31-acb4-4c2b-949b-69ef65752573,ocr_required,question_type,source_provided,True,True,SINGLE_CHOICE,SINGLE_CHOICE,matched,import-v6\t160-quality-20261007T012224Z-1f7eeede\runs\t160-quality-20261007T012224Z-1f7eeede-11-IMP-MIXED-r2\result.json
t160-quality-20261007T012224Z-1f7eeede-11-IMP-MIXED-r2,IMP-MIXED,2,automatic,0fa8d57e-58c2-5aa4-b8cd-e52e96380a38,e1784b31-acb4-4c2b-949b-69ef65752573,ocr_required,content,source_provided,True,True,y = 2x + 1，x = 3 时 y 为多少？,y = 2x + 1，x = 3 时 y 为多少？,matched,import-v6\t160-quality-20261007T012224Z-1f7eeede\runs\t160-quality-20261007T012224Z-1f7eeede-11-IMP-MIXED-r2\result.json
t160-quality-20261007T012224Z-1f7eeede-11-IMP-MIXED-r2,IMP-MIXED,2,automatic,0fa8d57e-58c2-5aa4-b8cd-e52e96380a38,e1784b31-acb4-4c2b-949b-69ef65752573,ocr_required,options,source_provided,True,True,"{""C"": ""7"", ""A"": ""5"", ""B"": ""6"", ""D"": ""8""}","{""C"": ""7"", ""A"": ""5"", ""B"": ""6"", ""D"": ""8""}",matched,import-v6\t160-quality-20261007T012224Z-1f7eeede\runs\t160-quality-20261007T012224Z-1f7eeede-11-IMP-MIXED-r2\result.json
t160-quality-20261007T012224Z-1f7eeede-11-IMP-MIXED-r2,IMP-MIXED,2,automatic,0fa8d57e-58c2-5aa4-b8cd-e52e96380a38,e1784b31-acb4-4c2b-949b-69ef65752573,ocr_required,reference_answer,source_provided,True,True,C,C,matched,import-v6\t160-quality-20261007T012224Z-1f7eeede\runs\t160-quality-20261007T012224Z-1f7eeede-11-IMP-MIXED-r2\result.json
t160-quality-20261007T012224Z-1f7eeede-11-IMP-MIXED-r2,IMP-MIXED,2,automatic,0fa8d57e-58c2-5aa4-b8cd-e52e96380a38,e1784b31-acb4-4c2b-949b-69ef65752573,ocr_required,analysis,source_provided,True,True,2 × 3 + 1 = 7。,2 × 3 + 1 = 7。,matched,import-v6\t160-quality-20261007T012224Z-1f7eeede\runs\t160-quality-20261007T012224Z-1f7eeede-11-IMP-MIXED-r2\result.json
t160-quality-20261007T012224Z-1f7eeede-11-IMP-MIXED-r2,IMP-MIXED,2,automatic,0fa8d57e-58c2-5aa4-b8cd-e52e96380a38,e1784b31-acb4-4c2b-949b-69ef65752573,ocr_required,score,source_provided,True,True,2.00,2.00,matched,import-v6\t160-quality-20261007T012224Z-1f7eeede\runs\t160-quality-20261007T012224Z-1f7eeede-11-IMP-MIXED-r2\result.json
t160-quality-20261007T012224Z-1f7eeede-11-IMP-MIXED-r2,IMP-MIXED,2,automatic,0fa8d57e-58c2-5aa4-b8cd-e52e96380a38,e1784b31-acb4-4c2b-949b-69ef65752573,ocr_required,scoring_rubric,known_missing,True,True,,,matched,import-v6\t160-quality-20261007T012224Z-1f7eeede\runs\t160-quality-20261007T012224Z-1f7eeede-11-IMP-MIXED-r2\result.json
t160-quality-20261007T012224Z-1f7eeede-11-IMP-MIXED-r2,IMP-MIXED,2,automatic,0fa8d57e-58c2-5aa4-b8cd-e52e96380a38,e1784b31-acb4-4c2b-949b-69ef65752573,ocr_required,knowledge_points,known_missing,True,True,[],[],matched,import-v6\t160-quality-20261007T012224Z-1f7eeede\runs\t160-quality-20261007T012224Z-1f7eeede-11-IMP-MIXED-r2\result.json
t160-quality-20261007T012224Z-1f7eeede-11-IMP-MIXED-r2,IMP-MIXED,2,automatic,0fa8d57e-58c2-5aa4-b8cd-e52e96380a38,e1784b31-acb4-4c2b-949b-69ef65752573,ocr_required,source_regions,unknown,False,,,,reference_unknown,import-v6\t160-quality-20261007T012224Z-1f7eeede\runs\t160-quality-20261007T012224Z-1f7eeede-11-IMP-MIXED-r2\result.json
t160-quality-20261007T012224Z-1f7eeede-11-IMP-MIXED-r2,IMP-MIXED,2,automatic,0fa8d57e-58c2-5aa4-b8cd-e52e96380a38,e1784b31-acb4-4c2b-949b-69ef65752573,ocr_required,assets,source_provided,True,False,[],,matched,import-v6\t160-quality-20261007T012224Z-1f7eeede\runs\t160-quality-20261007T012224Z-1f7eeede-11-IMP-MIXED-r2\result.json
t160-quality-20261007T012224Z-1f7eeede-11-IMP-MIXED-r2,IMP-MIXED,2,automatic,455720b9-9061-5bce-83af-d6d53c6c84e1,34661438-b6bf-417b-987a-7fca61c8f762,ocr_required,question_number,source_provided,True,True,5,5,matched,import-v6\t160-quality-20261007T012224Z-1f7eeede\runs\t160-quality-20261007T012224Z-1f7eeede-11-IMP-MIXED-r2\result.json
t160-quality-20261007T012224Z-1f7eeede-11-IMP-MIXED-r2,IMP-MIXED,2,automatic,455720b9-9061-5bce-83af-d6d53c6c84e1,34661438-b6bf-417b-987a-7fca61c8f762,ocr_required,order_index,source_provided,True,True,5,5,matched,import-v6\t160-quality-20261007T012224Z-1f7eeede\runs\t160-quality-20261007T012224Z-1f7eeede-11-IMP-MIXED-r2\result.json
t160-quality-20261007T012224Z-1f7eeede-11-IMP-MIXED-r2,IMP-MIXED,2,automatic,455720b9-9061-5bce-83af-d6d53c6c84e1,34661438-b6bf-417b-987a-7fca61c8f762,ocr_required,source_page_numbers,source_provided,True,True,[2],[2],matched,import-v6\t160-quality-20261007T012224Z-1f7eeede\runs\t160-quality-20261007T012224Z-1f7eeede-11-IMP-MIXED-r2\result.json
t160-quality-20261007T012224Z-1f7eeede-11-IMP-MIXED-r2,IMP-MIXED,2,automatic,455720b9-9061-5bce-83af-d6d53c6c84e1,34661438-b6bf-417b-987a-7fca61c8f762,ocr_required,question_type,source_provided,True,True,TRUE_FALSE,TRUE_FALSE,matched,import-v6\t160-quality-20261007T012224Z-1f7eeede\runs\t160-quality-20261007T012224Z-1f7eeede-11-IMP-MIXED-r2\result.json
t160-quality-20261007T012224Z-1f7eeede-11-IMP-MIXED-r2,IMP-MIXED,2,automatic,455720b9-9061-5bce-83af-d6d53c6c84e1,34661438-b6bf-417b-987a-7fca61c8f762,ocr_required,content,source_provided,True,True,右图三角形面积为 24 cm²。,右图三角形面积为 24 cm²。,matched,import-v6\t160-quality-20261007T012224Z-1f7eeede\runs\t160-quality-20261007T012224Z-1f7eeede-11-IMP-MIXED-r2\result.json
t160-quality-20261007T012224Z-1f7eeede-11-IMP-MIXED-r2,IMP-MIXED,2,automatic,455720b9-9061-5bce-83af-d6d53c6c84e1,34661438-b6bf-417b-987a-7fca61c8f762,ocr_required,options,source_provided,True,True,"[""正确"", ""错误""]","[""正确"", ""错误""]",matched,import-v6\t160-quality-20261007T012224Z-1f7eeede\runs\t160-quality-20261007T012224Z-1f7eeede-11-IMP-MIXED-r2\result.json
t160-quality-20261007T012224Z-1f7eeede-11-IMP-MIXED-r2,IMP-MIXED,2,automatic,455720b9-9061-5bce-83af-d6d53c6c84e1,34661438-b6bf-417b-987a-7fca61c8f762,ocr_required,reference_answer,known_missing,True,True,,,matched,import-v6\t160-quality-20261007T012224Z-1f7eeede\runs\t160-quality-20261007T012224Z-1f7eeede-11-IMP-MIXED-r2\result.json
t160-quality-20261007T012224Z-1f7eeede-11-IMP-MIXED-r2,IMP-MIXED,2,automatic,455720b9-9061-5bce-83af-d6d53c6c84e1,34661438-b6bf-417b-987a-7fca61c8f762,ocr_required,analysis,known_missing,True,True,,,matched,import-v6\t160-quality-20261007T012224Z-1f7eeede\runs\t160-quality-20261007T012224Z-1f7eeede-11-IMP-MIXED-r2\result.json
t160-quality-20261007T012224Z-1f7eeede-11-IMP-MIXED-r2,IMP-MIXED,2,automatic,455720b9-9061-5bce-83af-d6d53c6c84e1,34661438-b6bf-417b-987a-7fca61c8f762,ocr_required,score,source_provided,True,True,2.00,2.00,matched,import-v6\t160-quality-20261007T012224Z-1f7eeede\runs\t160-quality-20261007T012224Z-1f7eeede-11-IMP-MIXED-r2\result.json
t160-quality-20261007T012224Z-1f7eeede-11-IMP-MIXED-r2,IMP-MIXED,2,automatic,455720b9-9061-5bce-83af-d6d53c6c84e1,34661438-b6bf-417b-987a-7fca61c8f762,ocr_required,scoring_rubric,known_missing,True,True,,,matched,import-v6\t160-quality-20261007T012224Z-1f7eeede\runs\t160-quality-20261007T012224Z-1f7eeede-11-IMP-MIXED-r2\result.json
t160-quality-20261007T012224Z-1f7eeede-11-IMP-MIXED-r2,IMP-MIXED,2,automatic,455720b9-9061-5bce-83af-d6d53c6c84e1,34661438-b6bf-417b-987a-7fca61c8f762,ocr_required,knowledge_points,known_missing,True,True,[],[],matched,import-v6\t160-quality-20261007T012224Z-1f7eeede\runs\t160-quality-20261007T012224Z-1f7eeede-11-IMP-MIXED-r2\result.json
t160-quality-20261007T012224Z-1f7eeede-11-IMP-MIXED-r2,IMP-MIXED,2,automatic,455720b9-9061-5bce-83af-d6d53c6c84e1,34661438-b6bf-417b-987a-7fca61c8f762,ocr_required,source_regions,unknown,False,,,,reference_unknown,import-v6\t160-quality-20261007T012224Z-1f7eeede\runs\t160-quality-20261007T012224Z-1f7eeede-11-IMP-MIXED-r2\result.json
t160-quality-20261007T012224Z-1f7eeede-11-IMP-MIXED-r2,IMP-MIXED,2,automatic,455720b9-9061-5bce-83af-d6d53c6c84e1,34661438-b6bf-417b-987a-7fca61c8f762,ocr_required,assets,source_provided,True,False,"[{""asset_type"": ""figure"", ""source_page_number"": 2, ""order_index"": 1}]",,matched,import-v6\t160-quality-20261007T012224Z-1f7eeede\runs\t160-quality-20261007T012224Z-1f7eeede-11-IMP-MIXED-r2\result.json
t160-quality-20261007T012224Z-1f7eeede-11-IMP-MIXED-r2,IMP-MIXED,2,automatic,bf862f8d-df39-5559-bab5-d942fccb2432,a569d2ac-9db1-40b9-9211-83eeea3f3ebe,ocr_required,question_number,source_provided,True,True,6,6,matched,import-v6\t160-quality-20261007T012224Z-1f7eeede\runs\t160-quality-20261007T012224Z-1f7eeede-11-IMP-MIXED-r2\result.json
t160-quality-20261007T012224Z-1f7eeede-11-IMP-MIXED-r2,IMP-MIXED,2,automatic,bf862f8d-df39-5559-bab5-d942fccb2432,a569d2ac-9db1-40b9-9211-83eeea3f3ebe,ocr_required,order_index,source_provided,True,True,6,6,matched,import-v6\t160-quality-20261007T012224Z-1f7eeede\runs\t160-quality-20261007T012224Z-1f7eeede-11-IMP-MIXED-r2\result.json
t160-quality-20261007T012224Z-1f7eeede-11-IMP-MIXED-r2,IMP-MIXED,2,automatic,bf862f8d-df39-5559-bab5-d942fccb2432,a569d2ac-9db1-40b9-9211-83eeea3f3ebe,ocr_required,source_page_numbers,source_provided,True,True,[2],[2],matched,import-v6\t160-quality-20261007T012224Z-1f7eeede\runs\t160-quality-20261007T012224Z-1f7eeede-11-IMP-MIXED-r2\result.json
t160-quality-20261007T012224Z-1f7eeede-11-IMP-MIXED-r2,IMP-MIXED,2,automatic,bf862f8d-df39-5559-bab5-d942fccb2432,a569d2ac-9db1-40b9-9211-83eeea3f3ebe,ocr_required,question_type,source_provided,True,True,SHORT_ANSWER,SHORT_ANSWER,matched,import-v6\t160-quality-20261007T012224Z-1f7eeede\runs\t160-quality-20261007T012224Z-1f7eeede-11-IMP-MIXED-r2\result.json
t160-quality-20261007T012224Z-1f7eeede-11-IMP-MIXED-r2,IMP-MIXED,2,automatic,bf862f8d-df39-5559-bab5-d942fccb2432,a569d2ac-9db1-40b9-9211-83eeea3f3ebe,ocr_required,content,source_provided,True,True,根据下表写出 y 关于 x 的关系式。,根据下表写出 y 关于 x 的关系式。,matched,import-v6\t160-quality-20261007T012224Z-1f7eeede\runs\t160-quality-20261007T012224Z-1f7eeede-11-IMP-MIXED-r2\result.json
t160-quality-20261007T012224Z-1f7eeede-11-IMP-MIXED-r2,IMP-MIXED,2,automatic,bf862f8d-df39-5559-bab5-d942fccb2432,a569d2ac-9db1-40b9-9211-83eeea3f3ebe,ocr_required,options,not_applicable,True,True,,,matched,import-v6\t160-quality-20261007T012224Z-1f7eeede\runs\t160-quality-20261007T012224Z-1f7eeede-11-IMP-MIXED-r2\result.json
t160-quality-20261007T012224Z-1f7eeede-11-IMP-MIXED-r2,IMP-MIXED,2,automatic,bf862f8d-df39-5559-bab5-d942fccb2432,a569d2ac-9db1-40b9-9211-83eeea3f3ebe,ocr_required,reference_answer,known_missing,True,True,,,matched,import-v6\t160-quality-20261007T012224Z-1f7eeede\runs\t160-quality-20261007T012224Z-1f7eeede-11-IMP-MIXED-r2\result.json
t160-quality-20261007T012224Z-1f7eeede-11-IMP-MIXED-r2,IMP-MIXED,2,automatic,bf862f8d-df39-5559-bab5-d942fccb2432,a569d2ac-9db1-40b9-9211-83eeea3f3ebe,ocr_required,analysis,known_missing,True,True,,,matched,import-v6\t160-quality-20261007T012224Z-1f7eeede\runs\t160-quality-20261007T012224Z-1f7eeede-11-IMP-MIXED-r2\result.json
t160-quality-20261007T012224Z-1f7eeede-11-IMP-MIXED-r2,IMP-MIXED,2,automatic,bf862f8d-df39-5559-bab5-d942fccb2432,a569d2ac-9db1-40b9-9211-83eeea3f3ebe,ocr_required,score,source_provided,True,True,3.00,3.00,matched,import-v6\t160-quality-20261007T012224Z-1f7eeede\runs\t160-quality-20261007T012224Z-1f7eeede-11-IMP-MIXED-r2\result.json
t160-quality-20261007T012224Z-1f7eeede-11-IMP-MIXED-r2,IMP-MIXED,2,automatic,bf862f8d-df39-5559-bab5-d942fccb2432,a569d2ac-9db1-40b9-9211-83eeea3f3ebe,ocr_required,scoring_rubric,source_provided,True,True,正确关系式 1.00；说明代入过程 2.00。,正确关系式 1.00；说明代入过程 2.00。,matched,import-v6\t160-quality-20261007T012224Z-1f7eeede\runs\t160-quality-20261007T012224Z-1f7eeede-11-IMP-MIXED-r2\result.json
t160-quality-20261007T012224Z-1f7eeede-11-IMP-MIXED-r2,IMP-MIXED,2,automatic,bf862f8d-df39-5559-bab5-d942fccb2432,a569d2ac-9db1-40b9-9211-83eeea3f3ebe,ocr_required,knowledge_points,source_provided,True,True,"[""一次函数"", ""表达与计算""]","[""一次函数"", ""表达与计算""]",matched,import-v6\t160-quality-20261007T012224Z-1f7eeede\runs\t160-quality-20261007T012224Z-1f7eeede-11-IMP-MIXED-r2\result.json
t160-quality-20261007T012224Z-1f7eeede-11-IMP-MIXED-r2,IMP-MIXED,2,automatic,bf862f8d-df39-5559-bab5-d942fccb2432,a569d2ac-9db1-40b9-9211-83eeea3f3ebe,ocr_required,source_regions,unknown,False,,,,reference_unknown,import-v6\t160-quality-20261007T012224Z-1f7eeede\runs\t160-quality-20261007T012224Z-1f7eeede-11-IMP-MIXED-r2\result.json
t160-quality-20261007T012224Z-1f7eeede-11-IMP-MIXED-r2,IMP-MIXED,2,automatic,bf862f8d-df39-5559-bab5-d942fccb2432,a569d2ac-9db1-40b9-9211-83eeea3f3ebe,ocr_required,assets,source_provided,True,False,"[{""asset_type"": ""table"", ""source_page_number"": 2, ""order_index"": 1}]",,matched,import-v6\t160-quality-20261007T012224Z-1f7eeede\runs\t160-quality-20261007T012224Z-1f7eeede-11-IMP-MIXED-r2\result.json
t160-quality-20261007T012224Z-1f7eeede-12-IMP-MIXED-r3,IMP-MIXED,3,automatic,1faa8619-84cc-5d65-86ae-244c7f68645e,932475c0-bde3-4e6d-87f8-d0fd4e629b75,native_text,question_number,source_provided,True,True,1,1,matched,import-v6\t160-quality-20261007T012224Z-1f7eeede\runs\t160-quality-20261007T012224Z-1f7eeede-12-IMP-MIXED-r3\result.json
t160-quality-20261007T012224Z-1f7eeede-12-IMP-MIXED-r3,IMP-MIXED,3,automatic,1faa8619-84cc-5d65-86ae-244c7f68645e,932475c0-bde3-4e6d-87f8-d0fd4e629b75,native_text,order_index,source_provided,True,True,1,1,matched,import-v6\t160-quality-20261007T012224Z-1f7eeede\runs\t160-quality-20261007T012224Z-1f7eeede-12-IMP-MIXED-r3\result.json
t160-quality-20261007T012224Z-1f7eeede-12-IMP-MIXED-r3,IMP-MIXED,3,automatic,1faa8619-84cc-5d65-86ae-244c7f68645e,932475c0-bde3-4e6d-87f8-d0fd4e629b75,native_text,source_page_numbers,source_provided,True,True,[1],[1],matched,import-v6\t160-quality-20261007T012224Z-1f7eeede\runs\t160-quality-20261007T012224Z-1f7eeede-12-IMP-MIXED-r3\result.json
t160-quality-20261007T012224Z-1f7eeede-12-IMP-MIXED-r3,IMP-MIXED,3,automatic,1faa8619-84cc-5d65-86ae-244c7f68645e,932475c0-bde3-4e6d-87f8-d0fd4e629b75,native_text,question_type,source_provided,True,True,SINGLE_CHOICE,SINGLE_CHOICE,matched,import-v6\t160-quality-20261007T012224Z-1f7eeede\runs\t160-quality-20261007T012224Z-1f7eeede-12-IMP-MIXED-r3\result.json
t160-quality-20261007T012224Z-1f7eeede-12-IMP-MIXED-r3,IMP-MIXED,3,automatic,1faa8619-84cc-5d65-86ae-244c7f68645e,932475c0-bde3-4e6d-87f8-d0fd4e629b75,native_text,content,source_provided,True,True,y = 2x + 1，x = 3 时 y 为多少？,y = 2x + 1，x = 3 时 y 为多少？,matched,import-v6\t160-quality-20261007T012224Z-1f7eeede\runs\t160-quality-20261007T012224Z-1f7eeede-12-IMP-MIXED-r3\result.json
t160-quality-20261007T012224Z-1f7eeede-12-IMP-MIXED-r3,IMP-MIXED,3,automatic,1faa8619-84cc-5d65-86ae-244c7f68645e,932475c0-bde3-4e6d-87f8-d0fd4e629b75,native_text,options,source_provided,True,True,"{""C"": ""7"", ""A"": ""5"", ""B"": ""6"", ""D"": ""8""}","{""C"": ""7"", ""A"": ""5"", ""B"": ""6"", ""D"": ""8""}",matched,import-v6\t160-quality-20261007T012224Z-1f7eeede\runs\t160-quality-20261007T012224Z-1f7eeede-12-IMP-MIXED-r3\result.json
t160-quality-20261007T012224Z-1f7eeede-12-IMP-MIXED-r3,IMP-MIXED,3,automatic,1faa8619-84cc-5d65-86ae-244c7f68645e,932475c0-bde3-4e6d-87f8-d0fd4e629b75,native_text,reference_answer,source_provided,True,True,C,C,matched,import-v6\t160-quality-20261007T012224Z-1f7eeede\runs\t160-quality-20261007T012224Z-1f7eeede-12-IMP-MIXED-r3\result.json
t160-quality-20261007T012224Z-1f7eeede-12-IMP-MIXED-r3,IMP-MIXED,3,automatic,1faa8619-84cc-5d65-86ae-244c7f68645e,932475c0-bde3-4e6d-87f8-d0fd4e629b75,native_text,analysis,source_provided,True,True,2 × 3 + 1 = 7。,2 × 3 + 1 = 7。,matched,import-v6\t160-quality-20261007T012224Z-1f7eeede\runs\t160-quality-20261007T012224Z-1f7eeede-12-IMP-MIXED-r3\result.json
t160-quality-20261007T012224Z-1f7eeede-12-IMP-MIXED-r3,IMP-MIXED,3,automatic,1faa8619-84cc-5d65-86ae-244c7f68645e,932475c0-bde3-4e6d-87f8-d0fd4e629b75,native_text,score,source_provided,True,True,2.00,2.00,matched,import-v6\t160-quality-20261007T012224Z-1f7eeede\runs\t160-quality-20261007T012224Z-1f7eeede-12-IMP-MIXED-r3\result.json
t160-quality-20261007T012224Z-1f7eeede-12-IMP-MIXED-r3,IMP-MIXED,3,automatic,1faa8619-84cc-5d65-86ae-244c7f68645e,932475c0-bde3-4e6d-87f8-d0fd4e629b75,native_text,scoring_rubric,known_missing,True,True,,,matched,import-v6\t160-quality-20261007T012224Z-1f7eeede\runs\t160-quality-20261007T012224Z-1f7eeede-12-IMP-MIXED-r3\result.json
t160-quality-20261007T012224Z-1f7eeede-12-IMP-MIXED-r3,IMP-MIXED,3,automatic,1faa8619-84cc-5d65-86ae-244c7f68645e,932475c0-bde3-4e6d-87f8-d0fd4e629b75,native_text,knowledge_points,known_missing,True,True,[],[],matched,import-v6\t160-quality-20261007T012224Z-1f7eeede\runs\t160-quality-20261007T012224Z-1f7eeede-12-IMP-MIXED-r3\result.json
t160-quality-20261007T012224Z-1f7eeede-12-IMP-MIXED-r3,IMP-MIXED,3,automatic,1faa8619-84cc-5d65-86ae-244c7f68645e,932475c0-bde3-4e6d-87f8-d0fd4e629b75,native_text,source_regions,unknown,False,,,,reference_unknown,import-v6\t160-quality-20261007T012224Z-1f7eeede\runs\t160-quality-20261007T012224Z-1f7eeede-12-IMP-MIXED-r3\result.json
t160-quality-20261007T012224Z-1f7eeede-12-IMP-MIXED-r3,IMP-MIXED,3,automatic,1faa8619-84cc-5d65-86ae-244c7f68645e,932475c0-bde3-4e6d-87f8-d0fd4e629b75,native_text,assets,source_provided,True,False,[],,matched,import-v6\t160-quality-20261007T012224Z-1f7eeede\runs\t160-quality-20261007T012224Z-1f7eeede-12-IMP-MIXED-r3\result.json
t160-quality-20261007T012224Z-1f7eeede-12-IMP-MIXED-r3,IMP-MIXED,3,automatic,545de13f-3fe9-524b-a917-7ab04807806f,29ed4126-c175-43f8-828c-de2f6221f350,native_text,question_number,source_provided,True,True,2,2,matched,import-v6\t160-quality-20261007T012224Z-1f7eeede\runs\t160-quality-20261007T012224Z-1f7eeede-12-IMP-MIXED-r3\result.json
t160-quality-20261007T012224Z-1f7eeede-12-IMP-MIXED-r3,IMP-MIXED,3,automatic,545de13f-3fe9-524b-a917-7ab04807806f,29ed4126-c175-43f8-828c-de2f6221f350,native_text,order_index,source_provided,True,True,2,2,matched,import-v6\t160-quality-20261007T012224Z-1f7eeede\runs\t160-quality-20261007T012224Z-1f7eeede-12-IMP-MIXED-r3\result.json
t160-quality-20261007T012224Z-1f7eeede-12-IMP-MIXED-r3,IMP-MIXED,3,automatic,545de13f-3fe9-524b-a917-7ab04807806f,29ed4126-c175-43f8-828c-de2f6221f350,native_text,source_page_numbers,source_provided,True,True,[1],[1],matched,import-v6\t160-quality-20261007T012224Z-1f7eeede\runs\t160-quality-20261007T012224Z-1f7eeede-12-IMP-MIXED-r3\result.json
t160-quality-20261007T012224Z-1f7eeede-12-IMP-MIXED-r3,IMP-MIXED,3,automatic,545de13f-3fe9-524b-a917-7ab04807806f,29ed4126-c175-43f8-828c-de2f6221f350,native_text,question_type,source_provided,True,True,TRUE_FALSE,TRUE_FALSE,matched,import-v6\t160-quality-20261007T012224Z-1f7eeede\runs\t160-quality-20261007T012224Z-1f7eeede-12-IMP-MIXED-r3\result.json
t160-quality-20261007T012224Z-1f7eeede-12-IMP-MIXED-r3,IMP-MIXED,3,automatic,545de13f-3fe9-524b-a917-7ab04807806f,29ed4126-c175-43f8-828c-de2f6221f350,native_text,content,source_provided,True,True,右图三角形面积为 24 cm²。,右图三角形面积为 24 cm²。,matched,import-v6\t160-quality-20261007T012224Z-1f7eeede\runs\t160-quality-20261007T012224Z-1f7eeede-12-IMP-MIXED-r3\result.json
t160-quality-20261007T012224Z-1f7eeede-12-IMP-MIXED-r3,IMP-MIXED,3,automatic,545de13f-3fe9-524b-a917-7ab04807806f,29ed4126-c175-43f8-828c-de2f6221f350,native_text,options,source_provided,True,True,"[""正确"", ""错误""]","[""正确"", ""错误""]",matched,import-v6\t160-quality-20261007T012224Z-1f7eeede\runs\t160-quality-20261007T012224Z-1f7eeede-12-IMP-MIXED-r3\result.json
t160-quality-20261007T012224Z-1f7eeede-12-IMP-MIXED-r3,IMP-MIXED,3,automatic,545de13f-3fe9-524b-a917-7ab04807806f,29ed4126-c175-43f8-828c-de2f6221f350,native_text,reference_answer,known_missing,True,True,,,matched,import-v6\t160-quality-20261007T012224Z-1f7eeede\runs\t160-quality-20261007T012224Z-1f7eeede-12-IMP-MIXED-r3\result.json
t160-quality-20261007T012224Z-1f7eeede-12-IMP-MIXED-r3,IMP-MIXED,3,automatic,545de13f-3fe9-524b-a917-7ab04807806f,29ed4126-c175-43f8-828c-de2f6221f350,native_text,analysis,known_missing,True,True,,,matched,import-v6\t160-quality-20261007T012224Z-1f7eeede\runs\t160-quality-20261007T012224Z-1f7eeede-12-IMP-MIXED-r3\result.json
t160-quality-20261007T012224Z-1f7eeede-12-IMP-MIXED-r3,IMP-MIXED,3,automatic,545de13f-3fe9-524b-a917-7ab04807806f,29ed4126-c175-43f8-828c-de2f6221f350,native_text,score,source_provided,True,True,2.00,2.00,matched,import-v6\t160-quality-20261007T012224Z-1f7eeede\runs\t160-quality-20261007T012224Z-1f7eeede-12-IMP-MIXED-r3\result.json
t160-quality-20261007T012224Z-1f7eeede-12-IMP-MIXED-r3,IMP-MIXED,3,automatic,545de13f-3fe9-524b-a917-7ab04807806f,29ed4126-c175-43f8-828c-de2f6221f350,native_text,scoring_rubric,known_missing,True,True,,,matched,import-v6\t160-quality-20261007T012224Z-1f7eeede\runs\t160-quality-20261007T012224Z-1f7eeede-12-IMP-MIXED-r3\result.json
t160-quality-20261007T012224Z-1f7eeede-12-IMP-MIXED-r3,IMP-MIXED,3,automatic,545de13f-3fe9-524b-a917-7ab04807806f,29ed4126-c175-43f8-828c-de2f6221f350,native_text,knowledge_points,known_missing,True,True,[],[],matched,import-v6\t160-quality-20261007T012224Z-1f7eeede\runs\t160-quality-20261007T012224Z-1f7eeede-12-IMP-MIXED-r3\result.json
t160-quality-20261007T012224Z-1f7eeede-12-IMP-MIXED-r3,IMP-MIXED,3,automatic,545de13f-3fe9-524b-a917-7ab04807806f,29ed4126-c175-43f8-828c-de2f6221f350,native_text,source_regions,unknown,False,,,,reference_unknown,import-v6\t160-quality-20261007T012224Z-1f7eeede\runs\t160-quality-20261007T012224Z-1f7eeede-12-IMP-MIXED-r3\result.json
t160-quality-20261007T012224Z-1f7eeede-12-IMP-MIXED-r3,IMP-MIXED,3,automatic,545de13f-3fe9-524b-a917-7ab04807806f,29ed4126-c175-43f8-828c-de2f6221f350,native_text,assets,source_provided,True,False,"[{""asset_type"": ""figure"", ""source_page_number"": 1, ""order_index"": 1}]",,matched,import-v6\t160-quality-20261007T012224Z-1f7eeede\runs\t160-quality-20261007T012224Z-1f7eeede-12-IMP-MIXED-r3\result.json
t160-quality-20261007T012224Z-1f7eeede-12-IMP-MIXED-r3,IMP-MIXED,3,automatic,85533f46-eb86-5893-8742-33939e77750f,364cfb94-2631-4553-ac68-789f63b0d113,native_text,question_number,source_provided,True,True,3,3,matched,import-v6\t160-quality-20261007T012224Z-1f7eeede\runs\t160-quality-20261007T012224Z-1f7eeede-12-IMP-MIXED-r3\result.json
t160-quality-20261007T012224Z-1f7eeede-12-IMP-MIXED-r3,IMP-MIXED,3,automatic,85533f46-eb86-5893-8742-33939e77750f,364cfb94-2631-4553-ac68-789f63b0d113,native_text,order_index,source_provided,True,True,3,3,matched,import-v6\t160-quality-20261007T012224Z-1f7eeede\runs\t160-quality-20261007T012224Z-1f7eeede-12-IMP-MIXED-r3\result.json
t160-quality-20261007T012224Z-1f7eeede-12-IMP-MIXED-r3,IMP-MIXED,3,automatic,85533f46-eb86-5893-8742-33939e77750f,364cfb94-2631-4553-ac68-789f63b0d113,native_text,source_page_numbers,source_provided,True,True,[1],[1],matched,import-v6\t160-quality-20261007T012224Z-1f7eeede\runs\t160-quality-20261007T012224Z-1f7eeede-12-IMP-MIXED-r3\result.json
t160-quality-20261007T012224Z-1f7eeede-12-IMP-MIXED-r3,IMP-MIXED,3,automatic,85533f46-eb86-5893-8742-33939e77750f,364cfb94-2631-4553-ac68-789f63b0d113,native_text,question_type,source_provided,True,True,SHORT_ANSWER,SHORT_ANSWER,matched,import-v6\t160-quality-20261007T012224Z-1f7eeede\runs\t160-quality-20261007T012224Z-1f7eeede-12-IMP-MIXED-r3\result.json
t160-quality-20261007T012224Z-1f7eeede-12-IMP-MIXED-r3,IMP-MIXED,3,automatic,85533f46-eb86-5893-8742-33939e77750f,364cfb94-2631-4553-ac68-789f63b0d113,native_text,content,source_provided,True,True,根据下表写出 y 关于 x 的关系式。,根据下表写出 y 关于 x 的关系式。,matched,import-v6\t160-quality-20261007T012224Z-1f7eeede\runs\t160-quality-20261007T012224Z-1f7eeede-12-IMP-MIXED-r3\result.json
t160-quality-20261007T012224Z-1f7eeede-12-IMP-MIXED-r3,IMP-MIXED,3,automatic,85533f46-eb86-5893-8742-33939e77750f,364cfb94-2631-4553-ac68-789f63b0d113,native_text,options,not_applicable,True,True,,,matched,import-v6\t160-quality-20261007T012224Z-1f7eeede\runs\t160-quality-20261007T012224Z-1f7eeede-12-IMP-MIXED-r3\result.json
t160-quality-20261007T012224Z-1f7eeede-12-IMP-MIXED-r3,IMP-MIXED,3,automatic,85533f46-eb86-5893-8742-33939e77750f,364cfb94-2631-4553-ac68-789f63b0d113,native_text,reference_answer,known_missing,True,True,,,matched,import-v6\t160-quality-20261007T012224Z-1f7eeede\runs\t160-quality-20261007T012224Z-1f7eeede-12-IMP-MIXED-r3\result.json
t160-quality-20261007T012224Z-1f7eeede-12-IMP-MIXED-r3,IMP-MIXED,3,automatic,85533f46-eb86-5893-8742-33939e77750f,364cfb94-2631-4553-ac68-789f63b0d113,native_text,analysis,known_missing,True,True,,,matched,import-v6\t160-quality-20261007T012224Z-1f7eeede\runs\t160-quality-20261007T012224Z-1f7eeede-12-IMP-MIXED-r3\result.json
t160-quality-20261007T012224Z-1f7eeede-12-IMP-MIXED-r3,IMP-MIXED,3,automatic,85533f46-eb86-5893-8742-33939e77750f,364cfb94-2631-4553-ac68-789f63b0d113,native_text,score,source_provided,True,True,3.00,3.00,matched,import-v6\t160-quality-20261007T012224Z-1f7eeede\runs\t160-quality-20261007T012224Z-1f7eeede-12-IMP-MIXED-r3\result.json
t160-quality-20261007T012224Z-1f7eeede-12-IMP-MIXED-r3,IMP-MIXED,3,automatic,85533f46-eb86-5893-8742-33939e77750f,364cfb94-2631-4553-ac68-789f63b0d113,native_text,scoring_rubric,source_provided,True,True,正确关系式 1.00；说明代入过程 2.00。,正确关系式 1.00；说明代入过程 2.00。,matched,import-v6\t160-quality-20261007T012224Z-1f7eeede\runs\t160-quality-20261007T012224Z-1f7eeede-12-IMP-MIXED-r3\result.json
t160-quality-20261007T012224Z-1f7eeede-12-IMP-MIXED-r3,IMP-MIXED,3,automatic,85533f46-eb86-5893-8742-33939e77750f,364cfb94-2631-4553-ac68-789f63b0d113,native_text,knowledge_points,source_provided,True,True,"[""一次函数"", ""表达与计算""]","[""一次函数"", ""表达与计算""]",matched,import-v6\t160-quality-20261007T012224Z-1f7eeede\runs\t160-quality-20261007T012224Z-1f7eeede-12-IMP-MIXED-r3\result.json
t160-quality-20261007T012224Z-1f7eeede-12-IMP-MIXED-r3,IMP-MIXED,3,automatic,85533f46-eb86-5893-8742-33939e77750f,364cfb94-2631-4553-ac68-789f63b0d113,native_text,source_regions,unknown,False,,,,reference_unknown,import-v6\t160-quality-20261007T012224Z-1f7eeede\runs\t160-quality-20261007T012224Z-1f7eeede-12-IMP-MIXED-r3\result.json
t160-quality-20261007T012224Z-1f7eeede-12-IMP-MIXED-r3,IMP-MIXED,3,automatic,85533f46-eb86-5893-8742-33939e77750f,364cfb94-2631-4553-ac68-789f63b0d113,native_text,assets,source_provided,True,False,"[{""asset_type"": ""table"", ""source_page_number"": 1, ""order_index"": 1}]",,matched,import-v6\t160-quality-20261007T012224Z-1f7eeede\runs\t160-quality-20261007T012224Z-1f7eeede-12-IMP-MIXED-r3\result.json
t160-quality-20261007T012224Z-1f7eeede-12-IMP-MIXED-r3,IMP-MIXED,3,automatic,0fa8d57e-58c2-5aa4-b8cd-e52e96380a38,6d9d355c-aa88-494c-9aff-b2759f807aab,ocr_required,question_number,source_provided,True,True,4,4,matched,import-v6\t160-quality-20261007T012224Z-1f7eeede\runs\t160-quality-20261007T012224Z-1f7eeede-12-IMP-MIXED-r3\result.json
t160-quality-20261007T012224Z-1f7eeede-12-IMP-MIXED-r3,IMP-MIXED,3,automatic,0fa8d57e-58c2-5aa4-b8cd-e52e96380a38,6d9d355c-aa88-494c-9aff-b2759f807aab,ocr_required,order_index,source_provided,True,True,4,4,matched,import-v6\t160-quality-20261007T012224Z-1f7eeede\runs\t160-quality-20261007T012224Z-1f7eeede-12-IMP-MIXED-r3\result.json
t160-quality-20261007T012224Z-1f7eeede-12-IMP-MIXED-r3,IMP-MIXED,3,automatic,0fa8d57e-58c2-5aa4-b8cd-e52e96380a38,6d9d355c-aa88-494c-9aff-b2759f807aab,ocr_required,source_page_numbers,source_provided,True,True,[2],[2],matched,import-v6\t160-quality-20261007T012224Z-1f7eeede\runs\t160-quality-20261007T012224Z-1f7eeede-12-IMP-MIXED-r3\result.json
t160-quality-20261007T012224Z-1f7eeede-12-IMP-MIXED-r3,IMP-MIXED,3,automatic,0fa8d57e-58c2-5aa4-b8cd-e52e96380a38,6d9d355c-aa88-494c-9aff-b2759f807aab,ocr_required,question_type,source_provided,True,True,SINGLE_CHOICE,SINGLE_CHOICE,matched,import-v6\t160-quality-20261007T012224Z-1f7eeede\runs\t160-quality-20261007T012224Z-1f7eeede-12-IMP-MIXED-r3\result.json
t160-quality-20261007T012224Z-1f7eeede-12-IMP-MIXED-r3,IMP-MIXED,3,automatic,0fa8d57e-58c2-5aa4-b8cd-e52e96380a38,6d9d355c-aa88-494c-9aff-b2759f807aab,ocr_required,content,source_provided,True,True,y = 2x + 1，x = 3 时 y 为多少？,y = 2x + 1，x = 3 时 y 为多少？,matched,import-v6\t160-quality-20261007T012224Z-1f7eeede\runs\t160-quality-20261007T012224Z-1f7eeede-12-IMP-MIXED-r3\result.json
t160-quality-20261007T012224Z-1f7eeede-12-IMP-MIXED-r3,IMP-MIXED,3,automatic,0fa8d57e-58c2-5aa4-b8cd-e52e96380a38,6d9d355c-aa88-494c-9aff-b2759f807aab,ocr_required,options,source_provided,True,True,"{""C"": ""7"", ""A"": ""5"", ""B"": ""6"", ""D"": ""8""}","{""C"": ""7"", ""A"": ""5"", ""B"": ""6"", ""D"": ""8""}",matched,import-v6\t160-quality-20261007T012224Z-1f7eeede\runs\t160-quality-20261007T012224Z-1f7eeede-12-IMP-MIXED-r3\result.json
t160-quality-20261007T012224Z-1f7eeede-12-IMP-MIXED-r3,IMP-MIXED,3,automatic,0fa8d57e-58c2-5aa4-b8cd-e52e96380a38,6d9d355c-aa88-494c-9aff-b2759f807aab,ocr_required,reference_answer,source_provided,True,True,C,C,matched,import-v6\t160-quality-20261007T012224Z-1f7eeede\runs\t160-quality-20261007T012224Z-1f7eeede-12-IMP-MIXED-r3\result.json
t160-quality-20261007T012224Z-1f7eeede-12-IMP-MIXED-r3,IMP-MIXED,3,automatic,0fa8d57e-58c2-5aa4-b8cd-e52e96380a38,6d9d355c-aa88-494c-9aff-b2759f807aab,ocr_required,analysis,source_provided,True,True,2 × 3 + 1 = 7。,2 × 3 + 1 = 7。,matched,import-v6\t160-quality-20261007T012224Z-1f7eeede\runs\t160-quality-20261007T012224Z-1f7eeede-12-IMP-MIXED-r3\result.json
t160-quality-20261007T012224Z-1f7eeede-12-IMP-MIXED-r3,IMP-MIXED,3,automatic,0fa8d57e-58c2-5aa4-b8cd-e52e96380a38,6d9d355c-aa88-494c-9aff-b2759f807aab,ocr_required,score,source_provided,True,True,2.00,2.00,matched,import-v6\t160-quality-20261007T012224Z-1f7eeede\runs\t160-quality-20261007T012224Z-1f7eeede-12-IMP-MIXED-r3\result.json
t160-quality-20261007T012224Z-1f7eeede-12-IMP-MIXED-r3,IMP-MIXED,3,automatic,0fa8d57e-58c2-5aa4-b8cd-e52e96380a38,6d9d355c-aa88-494c-9aff-b2759f807aab,ocr_required,scoring_rubric,known_missing,True,True,,,matched,import-v6\t160-quality-20261007T012224Z-1f7eeede\runs\t160-quality-20261007T012224Z-1f7eeede-12-IMP-MIXED-r3\result.json
t160-quality-20261007T012224Z-1f7eeede-12-IMP-MIXED-r3,IMP-MIXED,3,automatic,0fa8d57e-58c2-5aa4-b8cd-e52e96380a38,6d9d355c-aa88-494c-9aff-b2759f807aab,ocr_required,knowledge_points,known_missing,True,True,[],[],matched,import-v6\t160-quality-20261007T012224Z-1f7eeede\runs\t160-quality-20261007T012224Z-1f7eeede-12-IMP-MIXED-r3\result.json
t160-quality-20261007T012224Z-1f7eeede-12-IMP-MIXED-r3,IMP-MIXED,3,automatic,0fa8d57e-58c2-5aa4-b8cd-e52e96380a38,6d9d355c-aa88-494c-9aff-b2759f807aab,ocr_required,source_regions,unknown,False,,,,reference_unknown,import-v6\t160-quality-20261007T012224Z-1f7eeede\runs\t160-quality-20261007T012224Z-1f7eeede-12-IMP-MIXED-r3\result.json
t160-quality-20261007T012224Z-1f7eeede-12-IMP-MIXED-r3,IMP-MIXED,3,automatic,0fa8d57e-58c2-5aa4-b8cd-e52e96380a38,6d9d355c-aa88-494c-9aff-b2759f807aab,ocr_required,assets,source_provided,True,False,[],,matched,import-v6\t160-quality-20261007T012224Z-1f7eeede\runs\t160-quality-20261007T012224Z-1f7eeede-12-IMP-MIXED-r3\result.json
t160-quality-20261007T012224Z-1f7eeede-12-IMP-MIXED-r3,IMP-MIXED,3,automatic,455720b9-9061-5bce-83af-d6d53c6c84e1,9dc00f82-a1f6-41f2-9a4a-26e7b1ae314c,ocr_required,question_number,source_provided,True,True,5,5,matched,import-v6\t160-quality-20261007T012224Z-1f7eeede\runs\t160-quality-20261007T012224Z-1f7eeede-12-IMP-MIXED-r3\result.json
t160-quality-20261007T012224Z-1f7eeede-12-IMP-MIXED-r3,IMP-MIXED,3,automatic,455720b9-9061-5bce-83af-d6d53c6c84e1,9dc00f82-a1f6-41f2-9a4a-26e7b1ae314c,ocr_required,order_index,source_provided,True,True,5,5,matched,import-v6\t160-quality-20261007T012224Z-1f7eeede\runs\t160-quality-20261007T012224Z-1f7eeede-12-IMP-MIXED-r3\result.json
t160-quality-20261007T012224Z-1f7eeede-12-IMP-MIXED-r3,IMP-MIXED,3,automatic,455720b9-9061-5bce-83af-d6d53c6c84e1,9dc00f82-a1f6-41f2-9a4a-26e7b1ae314c,ocr_required,source_page_numbers,source_provided,True,True,[2],[2],matched,import-v6\t160-quality-20261007T012224Z-1f7eeede\runs\t160-quality-20261007T012224Z-1f7eeede-12-IMP-MIXED-r3\result.json
t160-quality-20261007T012224Z-1f7eeede-12-IMP-MIXED-r3,IMP-MIXED,3,automatic,455720b9-9061-5bce-83af-d6d53c6c84e1,9dc00f82-a1f6-41f2-9a4a-26e7b1ae314c,ocr_required,question_type,source_provided,True,True,TRUE_FALSE,TRUE_FALSE,matched,import-v6\t160-quality-20261007T012224Z-1f7eeede\runs\t160-quality-20261007T012224Z-1f7eeede-12-IMP-MIXED-r3\result.json
t160-quality-20261007T012224Z-1f7eeede-12-IMP-MIXED-r3,IMP-MIXED,3,automatic,455720b9-9061-5bce-83af-d6d53c6c84e1,9dc00f82-a1f6-41f2-9a4a-26e7b1ae314c,ocr_required,content,source_provided,True,True,右图三角形面积为 24 cm²。,右图三角形面积为 24 cm²。,matched,import-v6\t160-quality-20261007T012224Z-1f7eeede\runs\t160-quality-20261007T012224Z-1f7eeede-12-IMP-MIXED-r3\result.json
t160-quality-20261007T012224Z-1f7eeede-12-IMP-MIXED-r3,IMP-MIXED,3,automatic,455720b9-9061-5bce-83af-d6d53c6c84e1,9dc00f82-a1f6-41f2-9a4a-26e7b1ae314c,ocr_required,options,source_provided,True,True,"[""正确"", ""错误""]","[""正确"", ""错误""]",matched,import-v6\t160-quality-20261007T012224Z-1f7eeede\runs\t160-quality-20261007T012224Z-1f7eeede-12-IMP-MIXED-r3\result.json
t160-quality-20261007T012224Z-1f7eeede-12-IMP-MIXED-r3,IMP-MIXED,3,automatic,455720b9-9061-5bce-83af-d6d53c6c84e1,9dc00f82-a1f6-41f2-9a4a-26e7b1ae314c,ocr_required,reference_answer,known_missing,True,True,,,matched,import-v6\t160-quality-20261007T012224Z-1f7eeede\runs\t160-quality-20261007T012224Z-1f7eeede-12-IMP-MIXED-r3\result.json
t160-quality-20261007T012224Z-1f7eeede-12-IMP-MIXED-r3,IMP-MIXED,3,automatic,455720b9-9061-5bce-83af-d6d53c6c84e1,9dc00f82-a1f6-41f2-9a4a-26e7b1ae314c,ocr_required,analysis,known_missing,True,True,,,matched,import-v6\t160-quality-20261007T012224Z-1f7eeede\runs\t160-quality-20261007T012224Z-1f7eeede-12-IMP-MIXED-r3\result.json
t160-quality-20261007T012224Z-1f7eeede-12-IMP-MIXED-r3,IMP-MIXED,3,automatic,455720b9-9061-5bce-83af-d6d53c6c84e1,9dc00f82-a1f6-41f2-9a4a-26e7b1ae314c,ocr_required,score,source_provided,True,True,2.00,2.00,matched,import-v6\t160-quality-20261007T012224Z-1f7eeede\runs\t160-quality-20261007T012224Z-1f7eeede-12-IMP-MIXED-r3\result.json
t160-quality-20261007T012224Z-1f7eeede-12-IMP-MIXED-r3,IMP-MIXED,3,automatic,455720b9-9061-5bce-83af-d6d53c6c84e1,9dc00f82-a1f6-41f2-9a4a-26e7b1ae314c,ocr_required,scoring_rubric,known_missing,True,True,,,matched,import-v6\t160-quality-20261007T012224Z-1f7eeede\runs\t160-quality-20261007T012224Z-1f7eeede-12-IMP-MIXED-r3\result.json
t160-quality-20261007T012224Z-1f7eeede-12-IMP-MIXED-r3,IMP-MIXED,3,automatic,455720b9-9061-5bce-83af-d6d53c6c84e1,9dc00f82-a1f6-41f2-9a4a-26e7b1ae314c,ocr_required,knowledge_points,known_missing,True,True,[],[],matched,import-v6\t160-quality-20261007T012224Z-1f7eeede\runs\t160-quality-20261007T012224Z-1f7eeede-12-IMP-MIXED-r3\result.json
t160-quality-20261007T012224Z-1f7eeede-12-IMP-MIXED-r3,IMP-MIXED,3,automatic,455720b9-9061-5bce-83af-d6d53c6c84e1,9dc00f82-a1f6-41f2-9a4a-26e7b1ae314c,ocr_required,source_regions,unknown,False,,,,reference_unknown,import-v6\t160-quality-20261007T012224Z-1f7eeede\runs\t160-quality-20261007T012224Z-1f7eeede-12-IMP-MIXED-r3\result.json
t160-quality-20261007T012224Z-1f7eeede-12-IMP-MIXED-r3,IMP-MIXED,3,automatic,455720b9-9061-5bce-83af-d6d53c6c84e1,9dc00f82-a1f6-41f2-9a4a-26e7b1ae314c,ocr_required,assets,source_provided,True,False,"[{""asset_type"": ""figure"", ""source_page_number"": 2, ""order_index"": 1}]",,matched,import-v6\t160-quality-20261007T012224Z-1f7eeede\runs\t160-quality-20261007T012224Z-1f7eeede-12-IMP-MIXED-r3\result.json
t160-quality-20261007T012224Z-1f7eeede-12-IMP-MIXED-r3,IMP-MIXED,3,automatic,bf862f8d-df39-5559-bab5-d942fccb2432,33a3c0c2-50da-40e9-9406-fc63e170b800,ocr_required,question_number,source_provided,True,True,6,6,matched,import-v6\t160-quality-20261007T012224Z-1f7eeede\runs\t160-quality-20261007T012224Z-1f7eeede-12-IMP-MIXED-r3\result.json
t160-quality-20261007T012224Z-1f7eeede-12-IMP-MIXED-r3,IMP-MIXED,3,automatic,bf862f8d-df39-5559-bab5-d942fccb2432,33a3c0c2-50da-40e9-9406-fc63e170b800,ocr_required,order_index,source_provided,True,True,6,6,matched,import-v6\t160-quality-20261007T012224Z-1f7eeede\runs\t160-quality-20261007T012224Z-1f7eeede-12-IMP-MIXED-r3\result.json
t160-quality-20261007T012224Z-1f7eeede-12-IMP-MIXED-r3,IMP-MIXED,3,automatic,bf862f8d-df39-5559-bab5-d942fccb2432,33a3c0c2-50da-40e9-9406-fc63e170b800,ocr_required,source_page_numbers,source_provided,True,True,[2],[2],matched,import-v6\t160-quality-20261007T012224Z-1f7eeede\runs\t160-quality-20261007T012224Z-1f7eeede-12-IMP-MIXED-r3\result.json
t160-quality-20261007T012224Z-1f7eeede-12-IMP-MIXED-r3,IMP-MIXED,3,automatic,bf862f8d-df39-5559-bab5-d942fccb2432,33a3c0c2-50da-40e9-9406-fc63e170b800,ocr_required,question_type,source_provided,True,True,SHORT_ANSWER,SHORT_ANSWER,matched,import-v6\t160-quality-20261007T012224Z-1f7eeede\runs\t160-quality-20261007T012224Z-1f7eeede-12-IMP-MIXED-r3\result.json
t160-quality-20261007T012224Z-1f7eeede-12-IMP-MIXED-r3,IMP-MIXED,3,automatic,bf862f8d-df39-5559-bab5-d942fccb2432,33a3c0c2-50da-40e9-9406-fc63e170b800,ocr_required,content,source_provided,True,True,根据下表写出 y 关于 x 的关系式。,根据下表写出 y 关于 x 的关系式。,matched,import-v6\t160-quality-20261007T012224Z-1f7eeede\runs\t160-quality-20261007T012224Z-1f7eeede-12-IMP-MIXED-r3\result.json
t160-quality-20261007T012224Z-1f7eeede-12-IMP-MIXED-r3,IMP-MIXED,3,automatic,bf862f8d-df39-5559-bab5-d942fccb2432,33a3c0c2-50da-40e9-9406-fc63e170b800,ocr_required,options,not_applicable,True,True,,,matched,import-v6\t160-quality-20261007T012224Z-1f7eeede\runs\t160-quality-20261007T012224Z-1f7eeede-12-IMP-MIXED-r3\result.json
t160-quality-20261007T012224Z-1f7eeede-12-IMP-MIXED-r3,IMP-MIXED,3,automatic,bf862f8d-df39-5559-bab5-d942fccb2432,33a3c0c2-50da-40e9-9406-fc63e170b800,ocr_required,reference_answer,known_missing,True,True,,,matched,import-v6\t160-quality-20261007T012224Z-1f7eeede\runs\t160-quality-20261007T012224Z-1f7eeede-12-IMP-MIXED-r3\result.json
t160-quality-20261007T012224Z-1f7eeede-12-IMP-MIXED-r3,IMP-MIXED,3,automatic,bf862f8d-df39-5559-bab5-d942fccb2432,33a3c0c2-50da-40e9-9406-fc63e170b800,ocr_required,analysis,known_missing,True,True,,,matched,import-v6\t160-quality-20261007T012224Z-1f7eeede\runs\t160-quality-20261007T012224Z-1f7eeede-12-IMP-MIXED-r3\result.json
t160-quality-20261007T012224Z-1f7eeede-12-IMP-MIXED-r3,IMP-MIXED,3,automatic,bf862f8d-df39-5559-bab5-d942fccb2432,33a3c0c2-50da-40e9-9406-fc63e170b800,ocr_required,score,source_provided,True,True,3.00,3.00,matched,import-v6\t160-quality-20261007T012224Z-1f7eeede\runs\t160-quality-20261007T012224Z-1f7eeede-12-IMP-MIXED-r3\result.json
t160-quality-20261007T012224Z-1f7eeede-12-IMP-MIXED-r3,IMP-MIXED,3,automatic,bf862f8d-df39-5559-bab5-d942fccb2432,33a3c0c2-50da-40e9-9406-fc63e170b800,ocr_required,scoring_rubric,source_provided,True,True,正确关系式 1.00；说明代入过程 2.00。,正确关系式 1.00；说明代入过程 2.00。,matched,import-v6\t160-quality-20261007T012224Z-1f7eeede\runs\t160-quality-20261007T012224Z-1f7eeede-12-IMP-MIXED-r3\result.json
t160-quality-20261007T012224Z-1f7eeede-12-IMP-MIXED-r3,IMP-MIXED,3,automatic,bf862f8d-df39-5559-bab5-d942fccb2432,33a3c0c2-50da-40e9-9406-fc63e170b800,ocr_required,knowledge_points,source_provided,True,True,"[""一次函数"", ""表达与计算""]","[""一次函数"", ""表达与计算""]",matched,import-v6\t160-quality-20261007T012224Z-1f7eeede\runs\t160-quality-20261007T012224Z-1f7eeede-12-IMP-MIXED-r3\result.json
t160-quality-20261007T012224Z-1f7eeede-12-IMP-MIXED-r3,IMP-MIXED,3,automatic,bf862f8d-df39-5559-bab5-d942fccb2432,33a3c0c2-50da-40e9-9406-fc63e170b800,ocr_required,source_regions,unknown,False,,,,reference_unknown,import-v6\t160-quality-20261007T012224Z-1f7eeede\runs\t160-quality-20261007T012224Z-1f7eeede-12-IMP-MIXED-r3\result.json
t160-quality-20261007T012224Z-1f7eeede-12-IMP-MIXED-r3,IMP-MIXED,3,automatic,bf862f8d-df39-5559-bab5-d942fccb2432,33a3c0c2-50da-40e9-9406-fc63e170b800,ocr_required,assets,source_provided,True,False,"[{""asset_type"": ""table"", ""source_page_number"": 2, ""order_index"": 1}]",,matched,import-v6\t160-quality-20261007T012224Z-1f7eeede\runs\t160-quality-20261007T012224Z-1f7eeede-12-IMP-MIXED-r3\result.json
t160-quality-20261007T012224Z-1f7eeede-13-IMP-CROSS-r1,IMP-CROSS,1,automatic,239d78f4-ab44-59ec-ab7f-e11e454e26f1,29033058-4fac-4715-909b-322735c88d27,native_text,question_number,source_provided,True,True,4,4,matched,import-v6\t160-quality-20261007T012224Z-1f7eeede\runs\t160-quality-20261007T012224Z-1f7eeede-13-IMP-CROSS-r1\result.json
t160-quality-20261007T012224Z-1f7eeede-13-IMP-CROSS-r1,IMP-CROSS,1,automatic,239d78f4-ab44-59ec-ab7f-e11e454e26f1,29033058-4fac-4715-909b-322735c88d27,native_text,order_index,source_provided,True,True,1,1,matched,import-v6\t160-quality-20261007T012224Z-1f7eeede\runs\t160-quality-20261007T012224Z-1f7eeede-13-IMP-CROSS-r1\result.json
t160-quality-20261007T012224Z-1f7eeede-13-IMP-CROSS-r1,IMP-CROSS,1,automatic,239d78f4-ab44-59ec-ab7f-e11e454e26f1,29033058-4fac-4715-909b-322735c88d27,native_text,source_page_numbers,source_provided,True,True,"[1, 2]","[1, 2]",matched,import-v6\t160-quality-20261007T012224Z-1f7eeede\runs\t160-quality-20261007T012224Z-1f7eeede-13-IMP-CROSS-r1\result.json
t160-quality-20261007T012224Z-1f7eeede-13-IMP-CROSS-r1,IMP-CROSS,1,automatic,239d78f4-ab44-59ec-ab7f-e11e454e26f1,29033058-4fac-4715-909b-322735c88d27,native_text,question_type,unknown,False,,,SHORT_ANSWER,reference_unknown,import-v6\t160-quality-20261007T012224Z-1f7eeede\runs\t160-quality-20261007T012224Z-1f7eeede-13-IMP-CROSS-r1\result.json
t160-quality-20261007T012224Z-1f7eeede-13-IMP-CROSS-r1,IMP-CROSS,1,automatic,239d78f4-ab44-59ec-ab7f-e11e454e26f1,29033058-4fac-4715-909b-322735c88d27,native_text,content,source_provided,True,True,"阅读下页流程图：输入 x = 3，计算输出 y。
按下图流程完成计算。","阅读下页流程图：输入 x = 3，计算输出 y。
按下图流程完成计算。",matched,import-v6\t160-quality-20261007T012224Z-1f7eeede\runs\t160-quality-20261007T012224Z-1f7eeede-13-IMP-CROSS-r1\result.json
t160-quality-20261007T012224Z-1f7eeede-13-IMP-CROSS-r1,IMP-CROSS,1,automatic,239d78f4-ab44-59ec-ab7f-e11e454e26f1,29033058-4fac-4715-909b-322735c88d27,native_text,options,not_applicable,True,True,,,matched,import-v6\t160-quality-20261007T012224Z-1f7eeede\runs\t160-quality-20261007T012224Z-1f7eeede-13-IMP-CROSS-r1\result.json
t160-quality-20261007T012224Z-1f7eeede-13-IMP-CROSS-r1,IMP-CROSS,1,automatic,239d78f4-ab44-59ec-ab7f-e11e454e26f1,29033058-4fac-4715-909b-322735c88d27,native_text,reference_answer,known_missing,True,True,,,matched,import-v6\t160-quality-20261007T012224Z-1f7eeede\runs\t160-quality-20261007T012224Z-1f7eeede-13-IMP-CROSS-r1\result.json
t160-quality-20261007T012224Z-1f7eeede-13-IMP-CROSS-r1,IMP-CROSS,1,automatic,239d78f4-ab44-59ec-ab7f-e11e454e26f1,29033058-4fac-4715-909b-322735c88d27,native_text,analysis,known_missing,True,True,,,matched,import-v6\t160-quality-20261007T012224Z-1f7eeede\runs\t160-quality-20261007T012224Z-1f7eeede-13-IMP-CROSS-r1\result.json
t160-quality-20261007T012224Z-1f7eeede-13-IMP-CROSS-r1,IMP-CROSS,1,automatic,239d78f4-ab44-59ec-ab7f-e11e454e26f1,29033058-4fac-4715-909b-322735c88d27,native_text,score,source_provided,True,True,5.00,5.00,matched,import-v6\t160-quality-20261007T012224Z-1f7eeede\runs\t160-quality-20261007T012224Z-1f7eeede-13-IMP-CROSS-r1\result.json
t160-quality-20261007T012224Z-1f7eeede-13-IMP-CROSS-r1,IMP-CROSS,1,automatic,239d78f4-ab44-59ec-ab7f-e11e454e26f1,29033058-4fac-4715-909b-322735c88d27,native_text,scoring_rubric,source_provided,True,True,正确中间计算 2.00；最终输出 3.00。,正确中间计算 2.00；最终输出 3.00。,matched,import-v6\t160-quality-20261007T012224Z-1f7eeede\runs\t160-quality-20261007T012224Z-1f7eeede-13-IMP-CROSS-r1\result.json
t160-quality-20261007T012224Z-1f7eeede-13-IMP-CROSS-r1,IMP-CROSS,1,automatic,239d78f4-ab44-59ec-ab7f-e11e454e26f1,29033058-4fac-4715-909b-322735c88d27,native_text,knowledge_points,known_missing,True,False,[],,matched,import-v6\t160-quality-20261007T012224Z-1f7eeede\runs\t160-quality-20261007T012224Z-1f7eeede-13-IMP-CROSS-r1\result.json
t160-quality-20261007T012224Z-1f7eeede-13-IMP-CROSS-r1,IMP-CROSS,1,automatic,239d78f4-ab44-59ec-ab7f-e11e454e26f1,29033058-4fac-4715-909b-322735c88d27,native_text,source_regions,unknown,False,,,,reference_unknown,import-v6\t160-quality-20261007T012224Z-1f7eeede\runs\t160-quality-20261007T012224Z-1f7eeede-13-IMP-CROSS-r1\result.json
t160-quality-20261007T012224Z-1f7eeede-13-IMP-CROSS-r1,IMP-CROSS,1,automatic,239d78f4-ab44-59ec-ab7f-e11e454e26f1,29033058-4fac-4715-909b-322735c88d27,native_text,assets,source_provided,True,False,"[{""asset_type"": ""diagram"", ""source_page_number"": 2, ""order_index"": 1}]",,matched,import-v6\t160-quality-20261007T012224Z-1f7eeede\runs\t160-quality-20261007T012224Z-1f7eeede-13-IMP-CROSS-r1\result.json
t160-quality-20261007T012224Z-1f7eeede-14-IMP-CROSS-r2,IMP-CROSS,2,automatic,239d78f4-ab44-59ec-ab7f-e11e454e26f1,1837d318-ec3c-453f-a103-b175dd46c785,native_text,question_number,source_provided,True,True,4,4,matched,import-v6\t160-quality-20261007T012224Z-1f7eeede\runs\t160-quality-20261007T012224Z-1f7eeede-14-IMP-CROSS-r2\result.json
t160-quality-20261007T012224Z-1f7eeede-14-IMP-CROSS-r2,IMP-CROSS,2,automatic,239d78f4-ab44-59ec-ab7f-e11e454e26f1,1837d318-ec3c-453f-a103-b175dd46c785,native_text,order_index,source_provided,True,True,1,1,matched,import-v6\t160-quality-20261007T012224Z-1f7eeede\runs\t160-quality-20261007T012224Z-1f7eeede-14-IMP-CROSS-r2\result.json
t160-quality-20261007T012224Z-1f7eeede-14-IMP-CROSS-r2,IMP-CROSS,2,automatic,239d78f4-ab44-59ec-ab7f-e11e454e26f1,1837d318-ec3c-453f-a103-b175dd46c785,native_text,source_page_numbers,source_provided,True,True,"[1, 2]","[1, 2]",matched,import-v6\t160-quality-20261007T012224Z-1f7eeede\runs\t160-quality-20261007T012224Z-1f7eeede-14-IMP-CROSS-r2\result.json
t160-quality-20261007T012224Z-1f7eeede-14-IMP-CROSS-r2,IMP-CROSS,2,automatic,239d78f4-ab44-59ec-ab7f-e11e454e26f1,1837d318-ec3c-453f-a103-b175dd46c785,native_text,question_type,unknown,False,,,SHORT_ANSWER,reference_unknown,import-v6\t160-quality-20261007T012224Z-1f7eeede\runs\t160-quality-20261007T012224Z-1f7eeede-14-IMP-CROSS-r2\result.json
t160-quality-20261007T012224Z-1f7eeede-14-IMP-CROSS-r2,IMP-CROSS,2,automatic,239d78f4-ab44-59ec-ab7f-e11e454e26f1,1837d318-ec3c-453f-a103-b175dd46c785,native_text,content,source_provided,True,True,"阅读下页流程图：输入 x = 3，计算输出 y。
按下图流程完成计算。","阅读下页流程图：输入 x = 3，计算输出 y。
按下图流程完成计算。",matched,import-v6\t160-quality-20261007T012224Z-1f7eeede\runs\t160-quality-20261007T012224Z-1f7eeede-14-IMP-CROSS-r2\result.json
t160-quality-20261007T012224Z-1f7eeede-14-IMP-CROSS-r2,IMP-CROSS,2,automatic,239d78f4-ab44-59ec-ab7f-e11e454e26f1,1837d318-ec3c-453f-a103-b175dd46c785,native_text,options,not_applicable,True,True,,,matched,import-v6\t160-quality-20261007T012224Z-1f7eeede\runs\t160-quality-20261007T012224Z-1f7eeede-14-IMP-CROSS-r2\result.json
t160-quality-20261007T012224Z-1f7eeede-14-IMP-CROSS-r2,IMP-CROSS,2,automatic,239d78f4-ab44-59ec-ab7f-e11e454e26f1,1837d318-ec3c-453f-a103-b175dd46c785,native_text,reference_answer,known_missing,True,True,,,matched,import-v6\t160-quality-20261007T012224Z-1f7eeede\runs\t160-quality-20261007T012224Z-1f7eeede-14-IMP-CROSS-r2\result.json
t160-quality-20261007T012224Z-1f7eeede-14-IMP-CROSS-r2,IMP-CROSS,2,automatic,239d78f4-ab44-59ec-ab7f-e11e454e26f1,1837d318-ec3c-453f-a103-b175dd46c785,native_text,analysis,known_missing,True,True,,,matched,import-v6\t160-quality-20261007T012224Z-1f7eeede\runs\t160-quality-20261007T012224Z-1f7eeede-14-IMP-CROSS-r2\result.json
t160-quality-20261007T012224Z-1f7eeede-14-IMP-CROSS-r2,IMP-CROSS,2,automatic,239d78f4-ab44-59ec-ab7f-e11e454e26f1,1837d318-ec3c-453f-a103-b175dd46c785,native_text,score,source_provided,True,True,5.00,5.00,matched,import-v6\t160-quality-20261007T012224Z-1f7eeede\runs\t160-quality-20261007T012224Z-1f7eeede-14-IMP-CROSS-r2\result.json
t160-quality-20261007T012224Z-1f7eeede-14-IMP-CROSS-r2,IMP-CROSS,2,automatic,239d78f4-ab44-59ec-ab7f-e11e454e26f1,1837d318-ec3c-453f-a103-b175dd46c785,native_text,scoring_rubric,source_provided,True,True,正确中间计算 2.00；最终输出 3.00。,正确中间计算 2.00；最终输出 3.00。,matched,import-v6\t160-quality-20261007T012224Z-1f7eeede\runs\t160-quality-20261007T012224Z-1f7eeede-14-IMP-CROSS-r2\result.json
t160-quality-20261007T012224Z-1f7eeede-14-IMP-CROSS-r2,IMP-CROSS,2,automatic,239d78f4-ab44-59ec-ab7f-e11e454e26f1,1837d318-ec3c-453f-a103-b175dd46c785,native_text,knowledge_points,known_missing,True,True,[],[],matched,import-v6\t160-quality-20261007T012224Z-1f7eeede\runs\t160-quality-20261007T012224Z-1f7eeede-14-IMP-CROSS-r2\result.json
t160-quality-20261007T012224Z-1f7eeede-14-IMP-CROSS-r2,IMP-CROSS,2,automatic,239d78f4-ab44-59ec-ab7f-e11e454e26f1,1837d318-ec3c-453f-a103-b175dd46c785,native_text,source_regions,unknown,False,,,,reference_unknown,import-v6\t160-quality-20261007T012224Z-1f7eeede\runs\t160-quality-20261007T012224Z-1f7eeede-14-IMP-CROSS-r2\result.json
t160-quality-20261007T012224Z-1f7eeede-14-IMP-CROSS-r2,IMP-CROSS,2,automatic,239d78f4-ab44-59ec-ab7f-e11e454e26f1,1837d318-ec3c-453f-a103-b175dd46c785,native_text,assets,source_provided,True,False,"[{""asset_type"": ""diagram"", ""source_page_number"": 2, ""order_index"": 1}]",,matched,import-v6\t160-quality-20261007T012224Z-1f7eeede\runs\t160-quality-20261007T012224Z-1f7eeede-14-IMP-CROSS-r2\result.json
t160-quality-20261007T012224Z-1f7eeede-15-IMP-CROSS-r3,IMP-CROSS,3,automatic,239d78f4-ab44-59ec-ab7f-e11e454e26f1,2621e94c-2169-4d2a-9759-73df8ece0b5b,native_text,question_number,source_provided,True,True,4,4,matched,import-v6\t160-quality-20261007T012224Z-1f7eeede\runs\t160-quality-20261007T012224Z-1f7eeede-15-IMP-CROSS-r3\result.json
t160-quality-20261007T012224Z-1f7eeede-15-IMP-CROSS-r3,IMP-CROSS,3,automatic,239d78f4-ab44-59ec-ab7f-e11e454e26f1,2621e94c-2169-4d2a-9759-73df8ece0b5b,native_text,order_index,source_provided,True,True,1,1,matched,import-v6\t160-quality-20261007T012224Z-1f7eeede\runs\t160-quality-20261007T012224Z-1f7eeede-15-IMP-CROSS-r3\result.json
t160-quality-20261007T012224Z-1f7eeede-15-IMP-CROSS-r3,IMP-CROSS,3,automatic,239d78f4-ab44-59ec-ab7f-e11e454e26f1,2621e94c-2169-4d2a-9759-73df8ece0b5b,native_text,source_page_numbers,source_provided,True,True,"[1, 2]","[1, 2]",matched,import-v6\t160-quality-20261007T012224Z-1f7eeede\runs\t160-quality-20261007T012224Z-1f7eeede-15-IMP-CROSS-r3\result.json
t160-quality-20261007T012224Z-1f7eeede-15-IMP-CROSS-r3,IMP-CROSS,3,automatic,239d78f4-ab44-59ec-ab7f-e11e454e26f1,2621e94c-2169-4d2a-9759-73df8ece0b5b,native_text,question_type,unknown,False,,,SHORT_ANSWER,reference_unknown,import-v6\t160-quality-20261007T012224Z-1f7eeede\runs\t160-quality-20261007T012224Z-1f7eeede-15-IMP-CROSS-r3\result.json
t160-quality-20261007T012224Z-1f7eeede-15-IMP-CROSS-r3,IMP-CROSS,3,automatic,239d78f4-ab44-59ec-ab7f-e11e454e26f1,2621e94c-2169-4d2a-9759-73df8ece0b5b,native_text,content,source_provided,True,False,"阅读下页流程图：输入 x = 3，计算输出 y。
按下图流程完成计算。","阅读下页流程图：输入 x = 3，计算输出 y。
第 4 题续：按下图流程完成计算。",matched,import-v6\t160-quality-20261007T012224Z-1f7eeede\runs\t160-quality-20261007T012224Z-1f7eeede-15-IMP-CROSS-r3\result.json
t160-quality-20261007T012224Z-1f7eeede-15-IMP-CROSS-r3,IMP-CROSS,3,automatic,239d78f4-ab44-59ec-ab7f-e11e454e26f1,2621e94c-2169-4d2a-9759-73df8ece0b5b,native_text,options,not_applicable,True,True,,,matched,import-v6\t160-quality-20261007T012224Z-1f7eeede\runs\t160-quality-20261007T012224Z-1f7eeede-15-IMP-CROSS-r3\result.json
t160-quality-20261007T012224Z-1f7eeede-15-IMP-CROSS-r3,IMP-CROSS,3,automatic,239d78f4-ab44-59ec-ab7f-e11e454e26f1,2621e94c-2169-4d2a-9759-73df8ece0b5b,native_text,reference_answer,known_missing,True,True,,,matched,import-v6\t160-quality-20261007T012224Z-1f7eeede\runs\t160-quality-20261007T012224Z-1f7eeede-15-IMP-CROSS-r3\result.json
t160-quality-20261007T012224Z-1f7eeede-15-IMP-CROSS-r3,IMP-CROSS,3,automatic,239d78f4-ab44-59ec-ab7f-e11e454e26f1,2621e94c-2169-4d2a-9759-73df8ece0b5b,native_text,analysis,known_missing,True,True,,,matched,import-v6\t160-quality-20261007T012224Z-1f7eeede\runs\t160-quality-20261007T012224Z-1f7eeede-15-IMP-CROSS-r3\result.json
t160-quality-20261007T012224Z-1f7eeede-15-IMP-CROSS-r3,IMP-CROSS,3,automatic,239d78f4-ab44-59ec-ab7f-e11e454e26f1,2621e94c-2169-4d2a-9759-73df8ece0b5b,native_text,score,source_provided,True,True,5.00,5.00,matched,import-v6\t160-quality-20261007T012224Z-1f7eeede\runs\t160-quality-20261007T012224Z-1f7eeede-15-IMP-CROSS-r3\result.json
t160-quality-20261007T012224Z-1f7eeede-15-IMP-CROSS-r3,IMP-CROSS,3,automatic,239d78f4-ab44-59ec-ab7f-e11e454e26f1,2621e94c-2169-4d2a-9759-73df8ece0b5b,native_text,scoring_rubric,source_provided,True,True,正确中间计算 2.00；最终输出 3.00。,正确中间计算 2.00；最终输出 3.00。,matched,import-v6\t160-quality-20261007T012224Z-1f7eeede\runs\t160-quality-20261007T012224Z-1f7eeede-15-IMP-CROSS-r3\result.json
t160-quality-20261007T012224Z-1f7eeede-15-IMP-CROSS-r3,IMP-CROSS,3,automatic,239d78f4-ab44-59ec-ab7f-e11e454e26f1,2621e94c-2169-4d2a-9759-73df8ece0b5b,native_text,knowledge_points,known_missing,True,True,[],[],matched,import-v6\t160-quality-20261007T012224Z-1f7eeede\runs\t160-quality-20261007T012224Z-1f7eeede-15-IMP-CROSS-r3\result.json
t160-quality-20261007T012224Z-1f7eeede-15-IMP-CROSS-r3,IMP-CROSS,3,automatic,239d78f4-ab44-59ec-ab7f-e11e454e26f1,2621e94c-2169-4d2a-9759-73df8ece0b5b,native_text,source_regions,unknown,False,,,,reference_unknown,import-v6\t160-quality-20261007T012224Z-1f7eeede\runs\t160-quality-20261007T012224Z-1f7eeede-15-IMP-CROSS-r3\result.json
t160-quality-20261007T012224Z-1f7eeede-15-IMP-CROSS-r3,IMP-CROSS,3,automatic,239d78f4-ab44-59ec-ab7f-e11e454e26f1,2621e94c-2169-4d2a-9759-73df8ece0b5b,native_text,assets,source_provided,True,False,"[{""asset_type"": ""diagram"", ""source_page_number"": 2, ""order_index"": 1}]",,matched,import-v6\t160-quality-20261007T012224Z-1f7eeede\runs\t160-quality-20261007T012224Z-1f7eeede-15-IMP-CROSS-r3\result.json
