run_id,case_id,repeat_index,stage,reference_question_identity,extracted_question_id,field,reference_state,evaluable,correct,expected,actual,reason
t160-quality-20261006T132638Z-80ad8d90-01-IMP-TEXT-r1,IMP-TEXT,1,automatic,1194af49-5301-51bb-a173-0e6f524ac810,b605f444-c9e4-4132-b542-65a4e26fd90c,question_number,source_provided,True,True,1,1,matched
t160-quality-20261006T132638Z-80ad8d90-01-IMP-TEXT-r1,IMP-TEXT,1,automatic,1194af49-5301-51bb-a173-0e6f524ac810,b605f444-c9e4-4132-b542-65a4e26fd90c,order_index,source_provided,True,True,1,1,matched
t160-quality-20261006T132638Z-80ad8d90-01-IMP-TEXT-r1,IMP-TEXT,1,automatic,1194af49-5301-51bb-a173-0e6f524ac810,b605f444-c9e4-4132-b542-65a4e26fd90c,source_page_numbers,source_provided,True,True,[1],[1],matched
t160-quality-20261006T132638Z-80ad8d90-01-IMP-TEXT-r1,IMP-TEXT,1,automatic,1194af49-5301-51bb-a173-0e6f524ac810,b605f444-c9e4-4132-b542-65a4e26fd90c,question_type,source_provided,True,True,SINGLE_CHOICE,SINGLE_CHOICE,matched
t160-quality-20261006T132638Z-80ad8d90-01-IMP-TEXT-r1,IMP-TEXT,1,automatic,1194af49-5301-51bb-a173-0e6f524ac810,b605f444-c9e4-4132-b542-65a4e26fd90c,content,source_provided,True,True,y = 2x + 1，x = 3 时 y 为多少？,y = 2x + 1，x = 3 时 y 为多少？,matched
t160-quality-20261006T132638Z-80ad8d90-01-IMP-TEXT-r1,IMP-TEXT,1,automatic,1194af49-5301-51bb-a173-0e6f524ac810,b605f444-c9e4-4132-b542-65a4e26fd90c,options,source_provided,True,True,"{""C"": ""7"", ""A"": ""5"", ""B"": ""6"", ""D"": ""8""}","{""C"": ""7"", ""A"": ""5"", ""B"": ""6"", ""D"": ""8""}",matched
t160-quality-20261006T132638Z-80ad8d90-01-IMP-TEXT-r1,IMP-TEXT,1,automatic,1194af49-5301-51bb-a173-0e6f524ac810,b605f444-c9e4-4132-b542-65a4e26fd90c,reference_answer,source_provided,True,True,C,C,matched
t160-quality-20261006T132638Z-80ad8d90-01-IMP-TEXT-r1,IMP-TEXT,1,automatic,1194af49-5301-51bb-a173-0e6f524ac810,b605f444-c9e4-4132-b542-65a4e26fd90c,analysis,source_provided,True,True,2 × 3 + 1 = 7。,2 × 3 + 1 = 7。,matched
t160-quality-20261006T132638Z-80ad8d90-01-IMP-TEXT-r1,IMP-TEXT,1,automatic,1194af49-5301-51bb-a173-0e6f524ac810,b605f444-c9e4-4132-b542-65a4e26fd90c,score,source_provided,True,True,2.00,2.00,matched
t160-quality-20261006T132638Z-80ad8d90-01-IMP-TEXT-r1,IMP-TEXT,1,automatic,1194af49-5301-51bb-a173-0e6f524ac810,b605f444-c9e4-4132-b542-65a4e26fd90c,scoring_rubric,known_missing,True,True,,,matched
t160-quality-20261006T132638Z-80ad8d90-01-IMP-TEXT-r1,IMP-TEXT,1,automatic,1194af49-5301-51bb-a173-0e6f524ac810,b605f444-c9e4-4132-b542-65a4e26fd90c,knowledge_points,known_missing,True,False,[],,matched
t160-quality-20261006T132638Z-80ad8d90-01-IMP-TEXT-r1,IMP-TEXT,1,automatic,1194af49-5301-51bb-a173-0e6f524ac810,b605f444-c9e4-4132-b542-65a4e26fd90c,source_regions,unknown,False,,,,reference_unknown
t160-quality-20261006T132638Z-80ad8d90-01-IMP-TEXT-r1,IMP-TEXT,1,automatic,1194af49-5301-51bb-a173-0e6f524ac810,b605f444-c9e4-4132-b542-65a4e26fd90c,assets,source_provided,True,False,[],,matched
t160-quality-20261006T132638Z-80ad8d90-01-IMP-TEXT-r1,IMP-TEXT,1,automatic,8e0aecaf-072d-5ed7-9b43-5d33ad202cc1,42a1242b-a901-429a-8ca8-636f17bc8dfc,question_number,source_provided,True,True,2,2,matched
t160-quality-20261006T132638Z-80ad8d90-01-IMP-TEXT-r1,IMP-TEXT,1,automatic,8e0aecaf-072d-5ed7-9b43-5d33ad202cc1,42a1242b-a901-429a-8ca8-636f17bc8dfc,order_index,source_provided,True,True,2,2,matched
t160-quality-20261006T132638Z-80ad8d90-01-IMP-TEXT-r1,IMP-TEXT,1,automatic,8e0aecaf-072d-5ed7-9b43-5d33ad202cc1,42a1242b-a901-429a-8ca8-636f17bc8dfc,source_page_numbers,source_provided,True,True,[1],[1],matched
t160-quality-20261006T132638Z-80ad8d90-01-IMP-TEXT-r1,IMP-TEXT,1,automatic,8e0aecaf-072d-5ed7-9b43-5d33ad202cc1,42a1242b-a901-429a-8ca8-636f17bc8dfc,question_type,source_provided,True,True,TRUE_FALSE,TRUE_FALSE,matched
t160-quality-20261006T132638Z-80ad8d90-01-IMP-TEXT-r1,IMP-TEXT,1,automatic,8e0aecaf-072d-5ed7-9b43-5d33ad202cc1,42a1242b-a901-429a-8ca8-636f17bc8dfc,content,source_provided,True,True,右图三角形面积为 24 cm²。,右图三角形面积为 24 cm²。,matched
t160-quality-20261006T132638Z-80ad8d90-01-IMP-TEXT-r1,IMP-TEXT,1,automatic,8e0aecaf-072d-5ed7-9b43-5d33ad202cc1,42a1242b-a901-429a-8ca8-636f17bc8dfc,options,source_provided,True,True,"[""正确"", ""错误""]","[""正确"", ""错误""]",matched
t160-quality-20261006T132638Z-80ad8d90-01-IMP-TEXT-r1,IMP-TEXT,1,automatic,8e0aecaf-072d-5ed7-9b43-5d33ad202cc1,42a1242b-a901-429a-8ca8-636f17bc8dfc,reference_answer,known_missing,True,True,,,matched
t160-quality-20261006T132638Z-80ad8d90-01-IMP-TEXT-r1,IMP-TEXT,1,automatic,8e0aecaf-072d-5ed7-9b43-5d33ad202cc1,42a1242b-a901-429a-8ca8-636f17bc8dfc,analysis,known_missing,True,True,,,matched
t160-quality-20261006T132638Z-80ad8d90-01-IMP-TEXT-r1,IMP-TEXT,1,automatic,8e0aecaf-072d-5ed7-9b43-5d33ad202cc1,42a1242b-a901-429a-8ca8-636f17bc8dfc,score,source_provided,True,True,2.00,2.00,matched
t160-quality-20261006T132638Z-80ad8d90-01-IMP-TEXT-r1,IMP-TEXT,1,automatic,8e0aecaf-072d-5ed7-9b43-5d33ad202cc1,42a1242b-a901-429a-8ca8-636f17bc8dfc,scoring_rubric,known_missing,True,True,,,matched
t160-quality-20261006T132638Z-80ad8d90-01-IMP-TEXT-r1,IMP-TEXT,1,automatic,8e0aecaf-072d-5ed7-9b43-5d33ad202cc1,42a1242b-a901-429a-8ca8-636f17bc8dfc,knowledge_points,known_missing,True,False,[],,matched
t160-quality-20261006T132638Z-80ad8d90-01-IMP-TEXT-r1,IMP-TEXT,1,automatic,8e0aecaf-072d-5ed7-9b43-5d33ad202cc1,42a1242b-a901-429a-8ca8-636f17bc8dfc,source_regions,unknown,False,,,,reference_unknown
t160-quality-20261006T132638Z-80ad8d90-01-IMP-TEXT-r1,IMP-TEXT,1,automatic,8e0aecaf-072d-5ed7-9b43-5d33ad202cc1,42a1242b-a901-429a-8ca8-636f17bc8dfc,assets,source_provided,True,False,"[{""asset_type"": ""figure"", ""source_page_number"": 1, ""order_index"": 1}]",,matched
t160-quality-20261006T132638Z-80ad8d90-01-IMP-TEXT-r1,IMP-TEXT,1,automatic,fdef73bd-f984-58d1-8a53-3eea668a9f83,2b2495fa-00a0-4be0-a22e-9a8a866f18a8,question_number,source_provided,True,True,3,3,matched
t160-quality-20261006T132638Z-80ad8d90-01-IMP-TEXT-r1,IMP-TEXT,1,automatic,fdef73bd-f984-58d1-8a53-3eea668a9f83,2b2495fa-00a0-4be0-a22e-9a8a866f18a8,order_index,source_provided,True,True,3,3,matched
t160-quality-20261006T132638Z-80ad8d90-01-IMP-TEXT-r1,IMP-TEXT,1,automatic,fdef73bd-f984-58d1-8a53-3eea668a9f83,2b2495fa-00a0-4be0-a22e-9a8a866f18a8,source_page_numbers,source_provided,True,True,[1],[1],matched
t160-quality-20261006T132638Z-80ad8d90-01-IMP-TEXT-r1,IMP-TEXT,1,automatic,fdef73bd-f984-58d1-8a53-3eea668a9f83,2b2495fa-00a0-4be0-a22e-9a8a866f18a8,question_type,source_provided,True,True,SHORT_ANSWER,SHORT_ANSWER,matched
t160-quality-20261006T132638Z-80ad8d90-01-IMP-TEXT-r1,IMP-TEXT,1,automatic,fdef73bd-f984-58d1-8a53-3eea668a9f83,2b2495fa-00a0-4be0-a22e-9a8a866f18a8,content,source_provided,True,True,根据下表写出 y 关于 x 的关系式。,根据下表写出 y 关于 x 的关系式。,matched
t160-quality-20261006T132638Z-80ad8d90-01-IMP-TEXT-r1,IMP-TEXT,1,automatic,fdef73bd-f984-58d1-8a53-3eea668a9f83,2b2495fa-00a0-4be0-a22e-9a8a866f18a8,options,not_applicable,True,True,,,matched
t160-quality-20261006T132638Z-80ad8d90-01-IMP-TEXT-r1,IMP-TEXT,1,automatic,fdef73bd-f984-58d1-8a53-3eea668a9f83,2b2495fa-00a0-4be0-a22e-9a8a866f18a8,reference_answer,known_missing,True,True,,,matched
t160-quality-20261006T132638Z-80ad8d90-01-IMP-TEXT-r1,IMP-TEXT,1,automatic,fdef73bd-f984-58d1-8a53-3eea668a9f83,2b2495fa-00a0-4be0-a22e-9a8a866f18a8,analysis,known_missing,True,True,,,matched
t160-quality-20261006T132638Z-80ad8d90-01-IMP-TEXT-r1,IMP-TEXT,1,automatic,fdef73bd-f984-58d1-8a53-3eea668a9f83,2b2495fa-00a0-4be0-a22e-9a8a866f18a8,score,source_provided,True,True,3.00,3.00,matched
t160-quality-20261006T132638Z-80ad8d90-01-IMP-TEXT-r1,IMP-TEXT,1,automatic,fdef73bd-f984-58d1-8a53-3eea668a9f83,2b2495fa-00a0-4be0-a22e-9a8a866f18a8,scoring_rubric,source_provided,True,True,正确关系式 1.00；说明代入过程 2.00。,正确关系式 1.00；说明代入过程 2.00。,matched
t160-quality-20261006T132638Z-80ad8d90-01-IMP-TEXT-r1,IMP-TEXT,1,automatic,fdef73bd-f984-58d1-8a53-3eea668a9f83,2b2495fa-00a0-4be0-a22e-9a8a866f18a8,knowledge_points,source_provided,True,True,"[""一次函数"", ""表达与计算""]","[""一次函数"", ""表达与计算""]",matched
t160-quality-20261006T132638Z-80ad8d90-01-IMP-TEXT-r1,IMP-TEXT,1,automatic,fdef73bd-f984-58d1-8a53-3eea668a9f83,2b2495fa-00a0-4be0-a22e-9a8a866f18a8,source_regions,unknown,False,,,,reference_unknown
t160-quality-20261006T132638Z-80ad8d90-01-IMP-TEXT-r1,IMP-TEXT,1,automatic,fdef73bd-f984-58d1-8a53-3eea668a9f83,2b2495fa-00a0-4be0-a22e-9a8a866f18a8,assets,source_provided,True,False,"[{""asset_type"": ""table"", ""source_page_number"": 1, ""order_index"": 1}]",,matched
t160-quality-20261006T132638Z-80ad8d90-01-IMP-TEXT-r1,IMP-TEXT,1,assisted_corrected,1194af49-5301-51bb-a173-0e6f524ac810,b605f444-c9e4-4132-b542-65a4e26fd90c,question_number,source_provided,True,True,1,1,matched
t160-quality-20261006T132638Z-80ad8d90-01-IMP-TEXT-r1,IMP-TEXT,1,assisted_corrected,1194af49-5301-51bb-a173-0e6f524ac810,b605f444-c9e4-4132-b542-65a4e26fd90c,order_index,source_provided,True,True,1,1,matched
t160-quality-20261006T132638Z-80ad8d90-01-IMP-TEXT-r1,IMP-TEXT,1,assisted_corrected,1194af49-5301-51bb-a173-0e6f524ac810,b605f444-c9e4-4132-b542-65a4e26fd90c,source_page_numbers,source_provided,True,True,[1],[1],matched
t160-quality-20261006T132638Z-80ad8d90-01-IMP-TEXT-r1,IMP-TEXT,1,assisted_corrected,1194af49-5301-51bb-a173-0e6f524ac810,b605f444-c9e4-4132-b542-65a4e26fd90c,question_type,source_provided,True,True,SINGLE_CHOICE,SINGLE_CHOICE,matched
t160-quality-20261006T132638Z-80ad8d90-01-IMP-TEXT-r1,IMP-TEXT,1,assisted_corrected,1194af49-5301-51bb-a173-0e6f524ac810,b605f444-c9e4-4132-b542-65a4e26fd90c,content,source_provided,True,True,y = 2x + 1，x = 3 时 y 为多少？,y = 2x + 1，x = 3 时 y 为多少？,matched
t160-quality-20261006T132638Z-80ad8d90-01-IMP-TEXT-r1,IMP-TEXT,1,assisted_corrected,1194af49-5301-51bb-a173-0e6f524ac810,b605f444-c9e4-4132-b542-65a4e26fd90c,options,source_provided,True,True,"{""C"": ""7"", ""A"": ""5"", ""B"": ""6"", ""D"": ""8""}","{""C"": ""7"", ""A"": ""5"", ""B"": ""6"", ""D"": ""8""}",matched
t160-quality-20261006T132638Z-80ad8d90-01-IMP-TEXT-r1,IMP-TEXT,1,assisted_corrected,1194af49-5301-51bb-a173-0e6f524ac810,b605f444-c9e4-4132-b542-65a4e26fd90c,reference_answer,source_provided,True,True,C,C,matched
t160-quality-20261006T132638Z-80ad8d90-01-IMP-TEXT-r1,IMP-TEXT,1,assisted_corrected,1194af49-5301-51bb-a173-0e6f524ac810,b605f444-c9e4-4132-b542-65a4e26fd90c,analysis,source_provided,True,True,2 × 3 + 1 = 7。,2 × 3 + 1 = 7。,matched
t160-quality-20261006T132638Z-80ad8d90-01-IMP-TEXT-r1,IMP-TEXT,1,assisted_corrected,1194af49-5301-51bb-a173-0e6f524ac810,b605f444-c9e4-4132-b542-65a4e26fd90c,score,source_provided,True,True,2.00,2.00,matched
t160-quality-20261006T132638Z-80ad8d90-01-IMP-TEXT-r1,IMP-TEXT,1,assisted_corrected,1194af49-5301-51bb-a173-0e6f524ac810,b605f444-c9e4-4132-b542-65a4e26fd90c,scoring_rubric,known_missing,True,True,,,matched
t160-quality-20261006T132638Z-80ad8d90-01-IMP-TEXT-r1,IMP-TEXT,1,assisted_corrected,1194af49-5301-51bb-a173-0e6f524ac810,b605f444-c9e4-4132-b542-65a4e26fd90c,knowledge_points,known_missing,True,True,[],[],matched
t160-quality-20261006T132638Z-80ad8d90-01-IMP-TEXT-r1,IMP-TEXT,1,assisted_corrected,1194af49-5301-51bb-a173-0e6f524ac810,b605f444-c9e4-4132-b542-65a4e26fd90c,source_regions,unknown,False,,,,reference_unknown
t160-quality-20261006T132638Z-80ad8d90-01-IMP-TEXT-r1,IMP-TEXT,1,assisted_corrected,1194af49-5301-51bb-a173-0e6f524ac810,b605f444-c9e4-4132-b542-65a4e26fd90c,assets,source_provided,True,True,[],[],matched
t160-quality-20261006T132638Z-80ad8d90-01-IMP-TEXT-r1,IMP-TEXT,1,assisted_corrected,8e0aecaf-072d-5ed7-9b43-5d33ad202cc1,42a1242b-a901-429a-8ca8-636f17bc8dfc,question_number,source_provided,True,True,2,2,matched
t160-quality-20261006T132638Z-80ad8d90-01-IMP-TEXT-r1,IMP-TEXT,1,assisted_corrected,8e0aecaf-072d-5ed7-9b43-5d33ad202cc1,42a1242b-a901-429a-8ca8-636f17bc8dfc,order_index,source_provided,True,True,2,2,matched
t160-quality-20261006T132638Z-80ad8d90-01-IMP-TEXT-r1,IMP-TEXT,1,assisted_corrected,8e0aecaf-072d-5ed7-9b43-5d33ad202cc1,42a1242b-a901-429a-8ca8-636f17bc8dfc,source_page_numbers,source_provided,True,True,[1],[1],matched
t160-quality-20261006T132638Z-80ad8d90-01-IMP-TEXT-r1,IMP-TEXT,1,assisted_corrected,8e0aecaf-072d-5ed7-9b43-5d33ad202cc1,42a1242b-a901-429a-8ca8-636f17bc8dfc,question_type,source_provided,True,True,TRUE_FALSE,TRUE_FALSE,matched
t160-quality-20261006T132638Z-80ad8d90-01-IMP-TEXT-r1,IMP-TEXT,1,assisted_corrected,8e0aecaf-072d-5ed7-9b43-5d33ad202cc1,42a1242b-a901-429a-8ca8-636f17bc8dfc,content,source_provided,True,True,右图三角形面积为 24 cm²。,右图三角形面积为 24 cm²。,matched
t160-quality-20261006T132638Z-80ad8d90-01-IMP-TEXT-r1,IMP-TEXT,1,assisted_corrected,8e0aecaf-072d-5ed7-9b43-5d33ad202cc1,42a1242b-a901-429a-8ca8-636f17bc8dfc,options,source_provided,True,True,"[""正确"", ""错误""]","[""正确"", ""错误""]",matched
t160-quality-20261006T132638Z-80ad8d90-01-IMP-TEXT-r1,IMP-TEXT,1,assisted_corrected,8e0aecaf-072d-5ed7-9b43-5d33ad202cc1,42a1242b-a901-429a-8ca8-636f17bc8dfc,reference_answer,known_missing,True,True,,,matched
t160-quality-20261006T132638Z-80ad8d90-01-IMP-TEXT-r1,IMP-TEXT,1,assisted_corrected,8e0aecaf-072d-5ed7-9b43-5d33ad202cc1,42a1242b-a901-429a-8ca8-636f17bc8dfc,analysis,known_missing,True,True,,,matched
t160-quality-20261006T132638Z-80ad8d90-01-IMP-TEXT-r1,IMP-TEXT,1,assisted_corrected,8e0aecaf-072d-5ed7-9b43-5d33ad202cc1,42a1242b-a901-429a-8ca8-636f17bc8dfc,score,source_provided,True,True,2.00,2.00,matched
t160-quality-20261006T132638Z-80ad8d90-01-IMP-TEXT-r1,IMP-TEXT,1,assisted_corrected,8e0aecaf-072d-5ed7-9b43-5d33ad202cc1,42a1242b-a901-429a-8ca8-636f17bc8dfc,scoring_rubric,known_missing,True,True,,,matched
t160-quality-20261006T132638Z-80ad8d90-01-IMP-TEXT-r1,IMP-TEXT,1,assisted_corrected,8e0aecaf-072d-5ed7-9b43-5d33ad202cc1,42a1242b-a901-429a-8ca8-636f17bc8dfc,knowledge_points,known_missing,True,True,[],[],matched
t160-quality-20261006T132638Z-80ad8d90-01-IMP-TEXT-r1,IMP-TEXT,1,assisted_corrected,8e0aecaf-072d-5ed7-9b43-5d33ad202cc1,42a1242b-a901-429a-8ca8-636f17bc8dfc,source_regions,unknown,False,,,,reference_unknown
t160-quality-20261006T132638Z-80ad8d90-01-IMP-TEXT-r1,IMP-TEXT,1,assisted_corrected,8e0aecaf-072d-5ed7-9b43-5d33ad202cc1,42a1242b-a901-429a-8ca8-636f17bc8dfc,assets,source_provided,True,False,"[{""asset_type"": ""figure"", ""source_page_number"": 1, ""order_index"": 1}]",,matched
t160-quality-20261006T132638Z-80ad8d90-01-IMP-TEXT-r1,IMP-TEXT,1,assisted_corrected,fdef73bd-f984-58d1-8a53-3eea668a9f83,2b2495fa-00a0-4be0-a22e-9a8a866f18a8,question_number,source_provided,True,True,3,3,matched
t160-quality-20261006T132638Z-80ad8d90-01-IMP-TEXT-r1,IMP-TEXT,1,assisted_corrected,fdef73bd-f984-58d1-8a53-3eea668a9f83,2b2495fa-00a0-4be0-a22e-9a8a866f18a8,order_index,source_provided,True,True,3,3,matched
t160-quality-20261006T132638Z-80ad8d90-01-IMP-TEXT-r1,IMP-TEXT,1,assisted_corrected,fdef73bd-f984-58d1-8a53-3eea668a9f83,2b2495fa-00a0-4be0-a22e-9a8a866f18a8,source_page_numbers,source_provided,True,True,[1],[1],matched
t160-quality-20261006T132638Z-80ad8d90-01-IMP-TEXT-r1,IMP-TEXT,1,assisted_corrected,fdef73bd-f984-58d1-8a53-3eea668a9f83,2b2495fa-00a0-4be0-a22e-9a8a866f18a8,question_type,source_provided,True,True,SHORT_ANSWER,SHORT_ANSWER,matched
t160-quality-20261006T132638Z-80ad8d90-01-IMP-TEXT-r1,IMP-TEXT,1,assisted_corrected,fdef73bd-f984-58d1-8a53-3eea668a9f83,2b2495fa-00a0-4be0-a22e-9a8a866f18a8,content,source_provided,True,True,根据下表写出 y 关于 x 的关系式。,根据下表写出 y 关于 x 的关系式。,matched
t160-quality-20261006T132638Z-80ad8d90-01-IMP-TEXT-r1,IMP-TEXT,1,assisted_corrected,fdef73bd-f984-58d1-8a53-3eea668a9f83,2b2495fa-00a0-4be0-a22e-9a8a866f18a8,options,not_applicable,True,True,,,matched
t160-quality-20261006T132638Z-80ad8d90-01-IMP-TEXT-r1,IMP-TEXT,1,assisted_corrected,fdef73bd-f984-58d1-8a53-3eea668a9f83,2b2495fa-00a0-4be0-a22e-9a8a866f18a8,reference_answer,known_missing,True,True,,,matched
t160-quality-20261006T132638Z-80ad8d90-01-IMP-TEXT-r1,IMP-TEXT,1,assisted_corrected,fdef73bd-f984-58d1-8a53-3eea668a9f83,2b2495fa-00a0-4be0-a22e-9a8a866f18a8,analysis,known_missing,True,True,,,matched
t160-quality-20261006T132638Z-80ad8d90-01-IMP-TEXT-r1,IMP-TEXT,1,assisted_corrected,fdef73bd-f984-58d1-8a53-3eea668a9f83,2b2495fa-00a0-4be0-a22e-9a8a866f18a8,score,source_provided,True,True,3.00,3.00,matched
t160-quality-20261006T132638Z-80ad8d90-01-IMP-TEXT-r1,IMP-TEXT,1,assisted_corrected,fdef73bd-f984-58d1-8a53-3eea668a9f83,2b2495fa-00a0-4be0-a22e-9a8a866f18a8,scoring_rubric,source_provided,True,True,正确关系式 1.00；说明代入过程 2.00。,正确关系式 1.00；说明代入过程 2.00。,matched
t160-quality-20261006T132638Z-80ad8d90-01-IMP-TEXT-r1,IMP-TEXT,1,assisted_corrected,fdef73bd-f984-58d1-8a53-3eea668a9f83,2b2495fa-00a0-4be0-a22e-9a8a866f18a8,knowledge_points,source_provided,True,True,"[""一次函数"", ""表达与计算""]","[""一次函数"", ""表达与计算""]",matched
t160-quality-20261006T132638Z-80ad8d90-01-IMP-TEXT-r1,IMP-TEXT,1,assisted_corrected,fdef73bd-f984-58d1-8a53-3eea668a9f83,2b2495fa-00a0-4be0-a22e-9a8a866f18a8,source_regions,unknown,False,,,,reference_unknown
t160-quality-20261006T132638Z-80ad8d90-01-IMP-TEXT-r1,IMP-TEXT,1,assisted_corrected,fdef73bd-f984-58d1-8a53-3eea668a9f83,2b2495fa-00a0-4be0-a22e-9a8a866f18a8,assets,source_provided,True,False,"[{""asset_type"": ""table"", ""source_page_number"": 1, ""order_index"": 1}]",,matched
t160-quality-20261006T132638Z-80ad8d90-02-IMP-TEXT-r2,IMP-TEXT,2,automatic,1194af49-5301-51bb-a173-0e6f524ac810,a7df55ec-9938-48eb-8aa4-919b9aaf8ee0,question_number,source_provided,True,True,1,1,matched
t160-quality-20261006T132638Z-80ad8d90-02-IMP-TEXT-r2,IMP-TEXT,2,automatic,1194af49-5301-51bb-a173-0e6f524ac810,a7df55ec-9938-48eb-8aa4-919b9aaf8ee0,order_index,source_provided,True,True,1,1,matched
t160-quality-20261006T132638Z-80ad8d90-02-IMP-TEXT-r2,IMP-TEXT,2,automatic,1194af49-5301-51bb-a173-0e6f524ac810,a7df55ec-9938-48eb-8aa4-919b9aaf8ee0,source_page_numbers,source_provided,True,True,[1],[1],matched
t160-quality-20261006T132638Z-80ad8d90-02-IMP-TEXT-r2,IMP-TEXT,2,automatic,1194af49-5301-51bb-a173-0e6f524ac810,a7df55ec-9938-48eb-8aa4-919b9aaf8ee0,question_type,source_provided,True,True,SINGLE_CHOICE,SINGLE_CHOICE,matched
t160-quality-20261006T132638Z-80ad8d90-02-IMP-TEXT-r2,IMP-TEXT,2,automatic,1194af49-5301-51bb-a173-0e6f524ac810,a7df55ec-9938-48eb-8aa4-919b9aaf8ee0,content,source_provided,True,True,y = 2x + 1，x = 3 时 y 为多少？,y = 2x + 1，x = 3 时 y 为多少？,matched
t160-quality-20261006T132638Z-80ad8d90-02-IMP-TEXT-r2,IMP-TEXT,2,automatic,1194af49-5301-51bb-a173-0e6f524ac810,a7df55ec-9938-48eb-8aa4-919b9aaf8ee0,options,source_provided,True,True,"{""C"": ""7"", ""A"": ""5"", ""B"": ""6"", ""D"": ""8""}","{""C"": ""7"", ""A"": ""5"", ""B"": ""6"", ""D"": ""8""}",matched
t160-quality-20261006T132638Z-80ad8d90-02-IMP-TEXT-r2,IMP-TEXT,2,automatic,1194af49-5301-51bb-a173-0e6f524ac810,a7df55ec-9938-48eb-8aa4-919b9aaf8ee0,reference_answer,source_provided,True,True,C,C,matched
t160-quality-20261006T132638Z-80ad8d90-02-IMP-TEXT-r2,IMP-TEXT,2,automatic,1194af49-5301-51bb-a173-0e6f524ac810,a7df55ec-9938-48eb-8aa4-919b9aaf8ee0,analysis,source_provided,True,True,2 × 3 + 1 = 7。,2 × 3 + 1 = 7。,matched
t160-quality-20261006T132638Z-80ad8d90-02-IMP-TEXT-r2,IMP-TEXT,2,automatic,1194af49-5301-51bb-a173-0e6f524ac810,a7df55ec-9938-48eb-8aa4-919b9aaf8ee0,score,source_provided,True,True,2.00,2.00,matched
t160-quality-20261006T132638Z-80ad8d90-02-IMP-TEXT-r2,IMP-TEXT,2,automatic,1194af49-5301-51bb-a173-0e6f524ac810,a7df55ec-9938-48eb-8aa4-919b9aaf8ee0,scoring_rubric,known_missing,True,True,,,matched
t160-quality-20261006T132638Z-80ad8d90-02-IMP-TEXT-r2,IMP-TEXT,2,automatic,1194af49-5301-51bb-a173-0e6f524ac810,a7df55ec-9938-48eb-8aa4-919b9aaf8ee0,knowledge_points,known_missing,True,False,[],,matched
t160-quality-20261006T132638Z-80ad8d90-02-IMP-TEXT-r2,IMP-TEXT,2,automatic,1194af49-5301-51bb-a173-0e6f524ac810,a7df55ec-9938-48eb-8aa4-919b9aaf8ee0,source_regions,unknown,False,,,,reference_unknown
t160-quality-20261006T132638Z-80ad8d90-02-IMP-TEXT-r2,IMP-TEXT,2,automatic,1194af49-5301-51bb-a173-0e6f524ac810,a7df55ec-9938-48eb-8aa4-919b9aaf8ee0,assets,source_provided,True,False,[],,matched
t160-quality-20261006T132638Z-80ad8d90-02-IMP-TEXT-r2,IMP-TEXT,2,automatic,8e0aecaf-072d-5ed7-9b43-5d33ad202cc1,c02a6025-bc91-46c2-a19f-cf6cb41709fd,question_number,source_provided,True,True,2,2,matched
t160-quality-20261006T132638Z-80ad8d90-02-IMP-TEXT-r2,IMP-TEXT,2,automatic,8e0aecaf-072d-5ed7-9b43-5d33ad202cc1,c02a6025-bc91-46c2-a19f-cf6cb41709fd,order_index,source_provided,True,True,2,2,matched
t160-quality-20261006T132638Z-80ad8d90-02-IMP-TEXT-r2,IMP-TEXT,2,automatic,8e0aecaf-072d-5ed7-9b43-5d33ad202cc1,c02a6025-bc91-46c2-a19f-cf6cb41709fd,source_page_numbers,source_provided,True,True,[1],[1],matched
t160-quality-20261006T132638Z-80ad8d90-02-IMP-TEXT-r2,IMP-TEXT,2,automatic,8e0aecaf-072d-5ed7-9b43-5d33ad202cc1,c02a6025-bc91-46c2-a19f-cf6cb41709fd,question_type,source_provided,True,True,TRUE_FALSE,TRUE_FALSE,matched
t160-quality-20261006T132638Z-80ad8d90-02-IMP-TEXT-r2,IMP-TEXT,2,automatic,8e0aecaf-072d-5ed7-9b43-5d33ad202cc1,c02a6025-bc91-46c2-a19f-cf6cb41709fd,content,source_provided,True,True,右图三角形面积为 24 cm²。,右图三角形面积为 24 cm²。,matched
t160-quality-20261006T132638Z-80ad8d90-02-IMP-TEXT-r2,IMP-TEXT,2,automatic,8e0aecaf-072d-5ed7-9b43-5d33ad202cc1,c02a6025-bc91-46c2-a19f-cf6cb41709fd,options,source_provided,True,True,"[""正确"", ""错误""]","[""正确"", ""错误""]",matched
t160-quality-20261006T132638Z-80ad8d90-02-IMP-TEXT-r2,IMP-TEXT,2,automatic,8e0aecaf-072d-5ed7-9b43-5d33ad202cc1,c02a6025-bc91-46c2-a19f-cf6cb41709fd,reference_answer,known_missing,True,True,,,matched
t160-quality-20261006T132638Z-80ad8d90-02-IMP-TEXT-r2,IMP-TEXT,2,automatic,8e0aecaf-072d-5ed7-9b43-5d33ad202cc1,c02a6025-bc91-46c2-a19f-cf6cb41709fd,analysis,known_missing,True,True,,,matched
t160-quality-20261006T132638Z-80ad8d90-02-IMP-TEXT-r2,IMP-TEXT,2,automatic,8e0aecaf-072d-5ed7-9b43-5d33ad202cc1,c02a6025-bc91-46c2-a19f-cf6cb41709fd,score,source_provided,True,True,2.00,2.00,matched
t160-quality-20261006T132638Z-80ad8d90-02-IMP-TEXT-r2,IMP-TEXT,2,automatic,8e0aecaf-072d-5ed7-9b43-5d33ad202cc1,c02a6025-bc91-46c2-a19f-cf6cb41709fd,scoring_rubric,known_missing,True,True,,,matched
t160-quality-20261006T132638Z-80ad8d90-02-IMP-TEXT-r2,IMP-TEXT,2,automatic,8e0aecaf-072d-5ed7-9b43-5d33ad202cc1,c02a6025-bc91-46c2-a19f-cf6cb41709fd,knowledge_points,known_missing,True,False,[],,matched
t160-quality-20261006T132638Z-80ad8d90-02-IMP-TEXT-r2,IMP-TEXT,2,automatic,8e0aecaf-072d-5ed7-9b43-5d33ad202cc1,c02a6025-bc91-46c2-a19f-cf6cb41709fd,source_regions,unknown,False,,,,reference_unknown
t160-quality-20261006T132638Z-80ad8d90-02-IMP-TEXT-r2,IMP-TEXT,2,automatic,8e0aecaf-072d-5ed7-9b43-5d33ad202cc1,c02a6025-bc91-46c2-a19f-cf6cb41709fd,assets,source_provided,True,False,"[{""asset_type"": ""figure"", ""source_page_number"": 1, ""order_index"": 1}]",,matched
t160-quality-20261006T132638Z-80ad8d90-02-IMP-TEXT-r2,IMP-TEXT,2,automatic,fdef73bd-f984-58d1-8a53-3eea668a9f83,7b99d7f4-7693-4631-b26a-ecbeaf85f77c,question_number,source_provided,True,True,3,3,matched
t160-quality-20261006T132638Z-80ad8d90-02-IMP-TEXT-r2,IMP-TEXT,2,automatic,fdef73bd-f984-58d1-8a53-3eea668a9f83,7b99d7f4-7693-4631-b26a-ecbeaf85f77c,order_index,source_provided,True,True,3,3,matched
t160-quality-20261006T132638Z-80ad8d90-02-IMP-TEXT-r2,IMP-TEXT,2,automatic,fdef73bd-f984-58d1-8a53-3eea668a9f83,7b99d7f4-7693-4631-b26a-ecbeaf85f77c,source_page_numbers,source_provided,True,True,[1],[1],matched
t160-quality-20261006T132638Z-80ad8d90-02-IMP-TEXT-r2,IMP-TEXT,2,automatic,fdef73bd-f984-58d1-8a53-3eea668a9f83,7b99d7f4-7693-4631-b26a-ecbeaf85f77c,question_type,source_provided,True,True,SHORT_ANSWER,SHORT_ANSWER,matched
t160-quality-20261006T132638Z-80ad8d90-02-IMP-TEXT-r2,IMP-TEXT,2,automatic,fdef73bd-f984-58d1-8a53-3eea668a9f83,7b99d7f4-7693-4631-b26a-ecbeaf85f77c,content,source_provided,True,True,根据下表写出 y 关于 x 的关系式。,根据下表写出 y 关于 x 的关系式。,matched
t160-quality-20261006T132638Z-80ad8d90-02-IMP-TEXT-r2,IMP-TEXT,2,automatic,fdef73bd-f984-58d1-8a53-3eea668a9f83,7b99d7f4-7693-4631-b26a-ecbeaf85f77c,options,not_applicable,True,True,,,matched
t160-quality-20261006T132638Z-80ad8d90-02-IMP-TEXT-r2,IMP-TEXT,2,automatic,fdef73bd-f984-58d1-8a53-3eea668a9f83,7b99d7f4-7693-4631-b26a-ecbeaf85f77c,reference_answer,known_missing,True,True,,,matched
t160-quality-20261006T132638Z-80ad8d90-02-IMP-TEXT-r2,IMP-TEXT,2,automatic,fdef73bd-f984-58d1-8a53-3eea668a9f83,7b99d7f4-7693-4631-b26a-ecbeaf85f77c,analysis,known_missing,True,True,,,matched
t160-quality-20261006T132638Z-80ad8d90-02-IMP-TEXT-r2,IMP-TEXT,2,automatic,fdef73bd-f984-58d1-8a53-3eea668a9f83,7b99d7f4-7693-4631-b26a-ecbeaf85f77c,score,source_provided,True,True,3.00,3.00,matched
t160-quality-20261006T132638Z-80ad8d90-02-IMP-TEXT-r2,IMP-TEXT,2,automatic,fdef73bd-f984-58d1-8a53-3eea668a9f83,7b99d7f4-7693-4631-b26a-ecbeaf85f77c,scoring_rubric,source_provided,True,True,正确关系式 1.00；说明代入过程 2.00。,正确关系式 1.00；说明代入过程 2.00。,matched
t160-quality-20261006T132638Z-80ad8d90-02-IMP-TEXT-r2,IMP-TEXT,2,automatic,fdef73bd-f984-58d1-8a53-3eea668a9f83,7b99d7f4-7693-4631-b26a-ecbeaf85f77c,knowledge_points,source_provided,True,True,"[""一次函数"", ""表达与计算""]","[""一次函数"", ""表达与计算""]",matched
t160-quality-20261006T132638Z-80ad8d90-02-IMP-TEXT-r2,IMP-TEXT,2,automatic,fdef73bd-f984-58d1-8a53-3eea668a9f83,7b99d7f4-7693-4631-b26a-ecbeaf85f77c,source_regions,unknown,False,,,,reference_unknown
t160-quality-20261006T132638Z-80ad8d90-02-IMP-TEXT-r2,IMP-TEXT,2,automatic,fdef73bd-f984-58d1-8a53-3eea668a9f83,7b99d7f4-7693-4631-b26a-ecbeaf85f77c,assets,source_provided,True,False,"[{""asset_type"": ""table"", ""source_page_number"": 1, ""order_index"": 1}]",,matched
t160-quality-20261006T132638Z-80ad8d90-02-IMP-TEXT-r2,IMP-TEXT,2,assisted_corrected,1194af49-5301-51bb-a173-0e6f524ac810,a7df55ec-9938-48eb-8aa4-919b9aaf8ee0,question_number,source_provided,True,True,1,1,matched
t160-quality-20261006T132638Z-80ad8d90-02-IMP-TEXT-r2,IMP-TEXT,2,assisted_corrected,1194af49-5301-51bb-a173-0e6f524ac810,a7df55ec-9938-48eb-8aa4-919b9aaf8ee0,order_index,source_provided,True,True,1,1,matched
t160-quality-20261006T132638Z-80ad8d90-02-IMP-TEXT-r2,IMP-TEXT,2,assisted_corrected,1194af49-5301-51bb-a173-0e6f524ac810,a7df55ec-9938-48eb-8aa4-919b9aaf8ee0,source_page_numbers,source_provided,True,True,[1],[1],matched
t160-quality-20261006T132638Z-80ad8d90-02-IMP-TEXT-r2,IMP-TEXT,2,assisted_corrected,1194af49-5301-51bb-a173-0e6f524ac810,a7df55ec-9938-48eb-8aa4-919b9aaf8ee0,question_type,source_provided,True,True,SINGLE_CHOICE,SINGLE_CHOICE,matched
t160-quality-20261006T132638Z-80ad8d90-02-IMP-TEXT-r2,IMP-TEXT,2,assisted_corrected,1194af49-5301-51bb-a173-0e6f524ac810,a7df55ec-9938-48eb-8aa4-919b9aaf8ee0,content,source_provided,True,True,y = 2x + 1，x = 3 时 y 为多少？,y = 2x + 1，x = 3 时 y 为多少？,matched
t160-quality-20261006T132638Z-80ad8d90-02-IMP-TEXT-r2,IMP-TEXT,2,assisted_corrected,1194af49-5301-51bb-a173-0e6f524ac810,a7df55ec-9938-48eb-8aa4-919b9aaf8ee0,options,source_provided,True,True,"{""C"": ""7"", ""A"": ""5"", ""B"": ""6"", ""D"": ""8""}","{""C"": ""7"", ""A"": ""5"", ""B"": ""6"", ""D"": ""8""}",matched
t160-quality-20261006T132638Z-80ad8d90-02-IMP-TEXT-r2,IMP-TEXT,2,assisted_corrected,1194af49-5301-51bb-a173-0e6f524ac810,a7df55ec-9938-48eb-8aa4-919b9aaf8ee0,reference_answer,source_provided,True,True,C,C,matched
t160-quality-20261006T132638Z-80ad8d90-02-IMP-TEXT-r2,IMP-TEXT,2,assisted_corrected,1194af49-5301-51bb-a173-0e6f524ac810,a7df55ec-9938-48eb-8aa4-919b9aaf8ee0,analysis,source_provided,True,True,2 × 3 + 1 = 7。,2 × 3 + 1 = 7。,matched
t160-quality-20261006T132638Z-80ad8d90-02-IMP-TEXT-r2,IMP-TEXT,2,assisted_corrected,1194af49-5301-51bb-a173-0e6f524ac810,a7df55ec-9938-48eb-8aa4-919b9aaf8ee0,score,source_provided,True,True,2.00,2.00,matched
t160-quality-20261006T132638Z-80ad8d90-02-IMP-TEXT-r2,IMP-TEXT,2,assisted_corrected,1194af49-5301-51bb-a173-0e6f524ac810,a7df55ec-9938-48eb-8aa4-919b9aaf8ee0,scoring_rubric,known_missing,True,True,,,matched
t160-quality-20261006T132638Z-80ad8d90-02-IMP-TEXT-r2,IMP-TEXT,2,assisted_corrected,1194af49-5301-51bb-a173-0e6f524ac810,a7df55ec-9938-48eb-8aa4-919b9aaf8ee0,knowledge_points,known_missing,True,True,[],[],matched
t160-quality-20261006T132638Z-80ad8d90-02-IMP-TEXT-r2,IMP-TEXT,2,assisted_corrected,1194af49-5301-51bb-a173-0e6f524ac810,a7df55ec-9938-48eb-8aa4-919b9aaf8ee0,source_regions,unknown,False,,,,reference_unknown
t160-quality-20261006T132638Z-80ad8d90-02-IMP-TEXT-r2,IMP-TEXT,2,assisted_corrected,1194af49-5301-51bb-a173-0e6f524ac810,a7df55ec-9938-48eb-8aa4-919b9aaf8ee0,assets,source_provided,True,True,[],[],matched
t160-quality-20261006T132638Z-80ad8d90-02-IMP-TEXT-r2,IMP-TEXT,2,assisted_corrected,8e0aecaf-072d-5ed7-9b43-5d33ad202cc1,c02a6025-bc91-46c2-a19f-cf6cb41709fd,question_number,source_provided,True,True,2,2,matched
t160-quality-20261006T132638Z-80ad8d90-02-IMP-TEXT-r2,IMP-TEXT,2,assisted_corrected,8e0aecaf-072d-5ed7-9b43-5d33ad202cc1,c02a6025-bc91-46c2-a19f-cf6cb41709fd,order_index,source_provided,True,True,2,2,matched
t160-quality-20261006T132638Z-80ad8d90-02-IMP-TEXT-r2,IMP-TEXT,2,assisted_corrected,8e0aecaf-072d-5ed7-9b43-5d33ad202cc1,c02a6025-bc91-46c2-a19f-cf6cb41709fd,source_page_numbers,source_provided,True,True,[1],[1],matched
t160-quality-20261006T132638Z-80ad8d90-02-IMP-TEXT-r2,IMP-TEXT,2,assisted_corrected,8e0aecaf-072d-5ed7-9b43-5d33ad202cc1,c02a6025-bc91-46c2-a19f-cf6cb41709fd,question_type,source_provided,True,True,TRUE_FALSE,TRUE_FALSE,matched
t160-quality-20261006T132638Z-80ad8d90-02-IMP-TEXT-r2,IMP-TEXT,2,assisted_corrected,8e0aecaf-072d-5ed7-9b43-5d33ad202cc1,c02a6025-bc91-46c2-a19f-cf6cb41709fd,content,source_provided,True,True,右图三角形面积为 24 cm²。,右图三角形面积为 24 cm²。,matched
t160-quality-20261006T132638Z-80ad8d90-02-IMP-TEXT-r2,IMP-TEXT,2,assisted_corrected,8e0aecaf-072d-5ed7-9b43-5d33ad202cc1,c02a6025-bc91-46c2-a19f-cf6cb41709fd,options,source_provided,True,True,"[""正确"", ""错误""]","[""正确"", ""错误""]",matched
t160-quality-20261006T132638Z-80ad8d90-02-IMP-TEXT-r2,IMP-TEXT,2,assisted_corrected,8e0aecaf-072d-5ed7-9b43-5d33ad202cc1,c02a6025-bc91-46c2-a19f-cf6cb41709fd,reference_answer,known_missing,True,True,,,matched
t160-quality-20261006T132638Z-80ad8d90-02-IMP-TEXT-r2,IMP-TEXT,2,assisted_corrected,8e0aecaf-072d-5ed7-9b43-5d33ad202cc1,c02a6025-bc91-46c2-a19f-cf6cb41709fd,analysis,known_missing,True,True,,,matched
t160-quality-20261006T132638Z-80ad8d90-02-IMP-TEXT-r2,IMP-TEXT,2,assisted_corrected,8e0aecaf-072d-5ed7-9b43-5d33ad202cc1,c02a6025-bc91-46c2-a19f-cf6cb41709fd,score,source_provided,True,True,2.00,2.00,matched
t160-quality-20261006T132638Z-80ad8d90-02-IMP-TEXT-r2,IMP-TEXT,2,assisted_corrected,8e0aecaf-072d-5ed7-9b43-5d33ad202cc1,c02a6025-bc91-46c2-a19f-cf6cb41709fd,scoring_rubric,known_missing,True,True,,,matched
t160-quality-20261006T132638Z-80ad8d90-02-IMP-TEXT-r2,IMP-TEXT,2,assisted_corrected,8e0aecaf-072d-5ed7-9b43-5d33ad202cc1,c02a6025-bc91-46c2-a19f-cf6cb41709fd,knowledge_points,known_missing,True,True,[],[],matched
t160-quality-20261006T132638Z-80ad8d90-02-IMP-TEXT-r2,IMP-TEXT,2,assisted_corrected,8e0aecaf-072d-5ed7-9b43-5d33ad202cc1,c02a6025-bc91-46c2-a19f-cf6cb41709fd,source_regions,unknown,False,,,,reference_unknown
t160-quality-20261006T132638Z-80ad8d90-02-IMP-TEXT-r2,IMP-TEXT,2,assisted_corrected,8e0aecaf-072d-5ed7-9b43-5d33ad202cc1,c02a6025-bc91-46c2-a19f-cf6cb41709fd,assets,source_provided,True,False,"[{""asset_type"": ""figure"", ""source_page_number"": 1, ""order_index"": 1}]",,matched
t160-quality-20261006T132638Z-80ad8d90-02-IMP-TEXT-r2,IMP-TEXT,2,assisted_corrected,fdef73bd-f984-58d1-8a53-3eea668a9f83,7b99d7f4-7693-4631-b26a-ecbeaf85f77c,question_number,source_provided,True,True,3,3,matched
t160-quality-20261006T132638Z-80ad8d90-02-IMP-TEXT-r2,IMP-TEXT,2,assisted_corrected,fdef73bd-f984-58d1-8a53-3eea668a9f83,7b99d7f4-7693-4631-b26a-ecbeaf85f77c,order_index,source_provided,True,True,3,3,matched
t160-quality-20261006T132638Z-80ad8d90-02-IMP-TEXT-r2,IMP-TEXT,2,assisted_corrected,fdef73bd-f984-58d1-8a53-3eea668a9f83,7b99d7f4-7693-4631-b26a-ecbeaf85f77c,source_page_numbers,source_provided,True,True,[1],[1],matched
t160-quality-20261006T132638Z-80ad8d90-02-IMP-TEXT-r2,IMP-TEXT,2,assisted_corrected,fdef73bd-f984-58d1-8a53-3eea668a9f83,7b99d7f4-7693-4631-b26a-ecbeaf85f77c,question_type,source_provided,True,True,SHORT_ANSWER,SHORT_ANSWER,matched
t160-quality-20261006T132638Z-80ad8d90-02-IMP-TEXT-r2,IMP-TEXT,2,assisted_corrected,fdef73bd-f984-58d1-8a53-3eea668a9f83,7b99d7f4-7693-4631-b26a-ecbeaf85f77c,content,source_provided,True,True,根据下表写出 y 关于 x 的关系式。,根据下表写出 y 关于 x 的关系式。,matched
t160-quality-20261006T132638Z-80ad8d90-02-IMP-TEXT-r2,IMP-TEXT,2,assisted_corrected,fdef73bd-f984-58d1-8a53-3eea668a9f83,7b99d7f4-7693-4631-b26a-ecbeaf85f77c,options,not_applicable,True,True,,,matched
t160-quality-20261006T132638Z-80ad8d90-02-IMP-TEXT-r2,IMP-TEXT,2,assisted_corrected,fdef73bd-f984-58d1-8a53-3eea668a9f83,7b99d7f4-7693-4631-b26a-ecbeaf85f77c,reference_answer,known_missing,True,True,,,matched
t160-quality-20261006T132638Z-80ad8d90-02-IMP-TEXT-r2,IMP-TEXT,2,assisted_corrected,fdef73bd-f984-58d1-8a53-3eea668a9f83,7b99d7f4-7693-4631-b26a-ecbeaf85f77c,analysis,known_missing,True,True,,,matched
t160-quality-20261006T132638Z-80ad8d90-02-IMP-TEXT-r2,IMP-TEXT,2,assisted_corrected,fdef73bd-f984-58d1-8a53-3eea668a9f83,7b99d7f4-7693-4631-b26a-ecbeaf85f77c,score,source_provided,True,True,3.00,3.00,matched
t160-quality-20261006T132638Z-80ad8d90-02-IMP-TEXT-r2,IMP-TEXT,2,assisted_corrected,fdef73bd-f984-58d1-8a53-3eea668a9f83,7b99d7f4-7693-4631-b26a-ecbeaf85f77c,scoring_rubric,source_provided,True,True,正确关系式 1.00；说明代入过程 2.00。,正确关系式 1.00；说明代入过程 2.00。,matched
t160-quality-20261006T132638Z-80ad8d90-02-IMP-TEXT-r2,IMP-TEXT,2,assisted_corrected,fdef73bd-f984-58d1-8a53-3eea668a9f83,7b99d7f4-7693-4631-b26a-ecbeaf85f77c,knowledge_points,source_provided,True,True,"[""一次函数"", ""表达与计算""]","[""一次函数"", ""表达与计算""]",matched
t160-quality-20261006T132638Z-80ad8d90-02-IMP-TEXT-r2,IMP-TEXT,2,assisted_corrected,fdef73bd-f984-58d1-8a53-3eea668a9f83,7b99d7f4-7693-4631-b26a-ecbeaf85f77c,source_regions,unknown,False,,,,reference_unknown
t160-quality-20261006T132638Z-80ad8d90-02-IMP-TEXT-r2,IMP-TEXT,2,assisted_corrected,fdef73bd-f984-58d1-8a53-3eea668a9f83,7b99d7f4-7693-4631-b26a-ecbeaf85f77c,assets,source_provided,True,False,"[{""asset_type"": ""table"", ""source_page_number"": 1, ""order_index"": 1}]",,matched
t160-quality-20261006T132638Z-80ad8d90-03-IMP-TEXT-r3,IMP-TEXT,3,automatic,1194af49-5301-51bb-a173-0e6f524ac810,65c6f3a5-d50e-4230-a577-6e11c05afd03,question_number,source_provided,True,True,1,1,matched
t160-quality-20261006T132638Z-80ad8d90-03-IMP-TEXT-r3,IMP-TEXT,3,automatic,1194af49-5301-51bb-a173-0e6f524ac810,65c6f3a5-d50e-4230-a577-6e11c05afd03,order_index,source_provided,True,True,1,1,matched
t160-quality-20261006T132638Z-80ad8d90-03-IMP-TEXT-r3,IMP-TEXT,3,automatic,1194af49-5301-51bb-a173-0e6f524ac810,65c6f3a5-d50e-4230-a577-6e11c05afd03,source_page_numbers,source_provided,True,True,[1],[1],matched
t160-quality-20261006T132638Z-80ad8d90-03-IMP-TEXT-r3,IMP-TEXT,3,automatic,1194af49-5301-51bb-a173-0e6f524ac810,65c6f3a5-d50e-4230-a577-6e11c05afd03,question_type,source_provided,True,True,SINGLE_CHOICE,SINGLE_CHOICE,matched
t160-quality-20261006T132638Z-80ad8d90-03-IMP-TEXT-r3,IMP-TEXT,3,automatic,1194af49-5301-51bb-a173-0e6f524ac810,65c6f3a5-d50e-4230-a577-6e11c05afd03,content,source_provided,True,True,y = 2x + 1，x = 3 时 y 为多少？,y = 2x + 1，x = 3 时 y 为多少？,matched
t160-quality-20261006T132638Z-80ad8d90-03-IMP-TEXT-r3,IMP-TEXT,3,automatic,1194af49-5301-51bb-a173-0e6f524ac810,65c6f3a5-d50e-4230-a577-6e11c05afd03,options,source_provided,True,True,"{""C"": ""7"", ""A"": ""5"", ""B"": ""6"", ""D"": ""8""}","{""C"": ""7"", ""A"": ""5"", ""B"": ""6"", ""D"": ""8""}",matched
t160-quality-20261006T132638Z-80ad8d90-03-IMP-TEXT-r3,IMP-TEXT,3,automatic,1194af49-5301-51bb-a173-0e6f524ac810,65c6f3a5-d50e-4230-a577-6e11c05afd03,reference_answer,source_provided,True,True,C,C,matched
t160-quality-20261006T132638Z-80ad8d90-03-IMP-TEXT-r3,IMP-TEXT,3,automatic,1194af49-5301-51bb-a173-0e6f524ac810,65c6f3a5-d50e-4230-a577-6e11c05afd03,analysis,source_provided,True,True,2 × 3 + 1 = 7。,2 × 3 + 1 = 7。,matched
t160-quality-20261006T132638Z-80ad8d90-03-IMP-TEXT-r3,IMP-TEXT,3,automatic,1194af49-5301-51bb-a173-0e6f524ac810,65c6f3a5-d50e-4230-a577-6e11c05afd03,score,source_provided,True,True,2.00,2.00,matched
t160-quality-20261006T132638Z-80ad8d90-03-IMP-TEXT-r3,IMP-TEXT,3,automatic,1194af49-5301-51bb-a173-0e6f524ac810,65c6f3a5-d50e-4230-a577-6e11c05afd03,scoring_rubric,known_missing,True,True,,,matched
t160-quality-20261006T132638Z-80ad8d90-03-IMP-TEXT-r3,IMP-TEXT,3,automatic,1194af49-5301-51bb-a173-0e6f524ac810,65c6f3a5-d50e-4230-a577-6e11c05afd03,knowledge_points,known_missing,True,False,[],,matched
t160-quality-20261006T132638Z-80ad8d90-03-IMP-TEXT-r3,IMP-TEXT,3,automatic,1194af49-5301-51bb-a173-0e6f524ac810,65c6f3a5-d50e-4230-a577-6e11c05afd03,source_regions,unknown,False,,,,reference_unknown
t160-quality-20261006T132638Z-80ad8d90-03-IMP-TEXT-r3,IMP-TEXT,3,automatic,1194af49-5301-51bb-a173-0e6f524ac810,65c6f3a5-d50e-4230-a577-6e11c05afd03,assets,source_provided,True,False,[],,matched
t160-quality-20261006T132638Z-80ad8d90-03-IMP-TEXT-r3,IMP-TEXT,3,automatic,8e0aecaf-072d-5ed7-9b43-5d33ad202cc1,05307df7-9e4f-41cd-bab6-f907f311fd53,question_number,source_provided,True,True,2,2,matched
t160-quality-20261006T132638Z-80ad8d90-03-IMP-TEXT-r3,IMP-TEXT,3,automatic,8e0aecaf-072d-5ed7-9b43-5d33ad202cc1,05307df7-9e4f-41cd-bab6-f907f311fd53,order_index,source_provided,True,True,2,2,matched
t160-quality-20261006T132638Z-80ad8d90-03-IMP-TEXT-r3,IMP-TEXT,3,automatic,8e0aecaf-072d-5ed7-9b43-5d33ad202cc1,05307df7-9e4f-41cd-bab6-f907f311fd53,source_page_numbers,source_provided,True,True,[1],[1],matched
t160-quality-20261006T132638Z-80ad8d90-03-IMP-TEXT-r3,IMP-TEXT,3,automatic,8e0aecaf-072d-5ed7-9b43-5d33ad202cc1,05307df7-9e4f-41cd-bab6-f907f311fd53,question_type,source_provided,True,True,TRUE_FALSE,TRUE_FALSE,matched
t160-quality-20261006T132638Z-80ad8d90-03-IMP-TEXT-r3,IMP-TEXT,3,automatic,8e0aecaf-072d-5ed7-9b43-5d33ad202cc1,05307df7-9e4f-41cd-bab6-f907f311fd53,content,source_provided,True,True,右图三角形面积为 24 cm²。,右图三角形面积为 24 cm²。,matched
t160-quality-20261006T132638Z-80ad8d90-03-IMP-TEXT-r3,IMP-TEXT,3,automatic,8e0aecaf-072d-5ed7-9b43-5d33ad202cc1,05307df7-9e4f-41cd-bab6-f907f311fd53,options,source_provided,True,True,"[""正确"", ""错误""]","[""正确"", ""错误""]",matched
t160-quality-20261006T132638Z-80ad8d90-03-IMP-TEXT-r3,IMP-TEXT,3,automatic,8e0aecaf-072d-5ed7-9b43-5d33ad202cc1,05307df7-9e4f-41cd-bab6-f907f311fd53,reference_answer,known_missing,True,True,,,matched
t160-quality-20261006T132638Z-80ad8d90-03-IMP-TEXT-r3,IMP-TEXT,3,automatic,8e0aecaf-072d-5ed7-9b43-5d33ad202cc1,05307df7-9e4f-41cd-bab6-f907f311fd53,analysis,known_missing,True,True,,,matched
t160-quality-20261006T132638Z-80ad8d90-03-IMP-TEXT-r3,IMP-TEXT,3,automatic,8e0aecaf-072d-5ed7-9b43-5d33ad202cc1,05307df7-9e4f-41cd-bab6-f907f311fd53,score,source_provided,True,True,2.00,2.00,matched
t160-quality-20261006T132638Z-80ad8d90-03-IMP-TEXT-r3,IMP-TEXT,3,automatic,8e0aecaf-072d-5ed7-9b43-5d33ad202cc1,05307df7-9e4f-41cd-bab6-f907f311fd53,scoring_rubric,known_missing,True,True,,,matched
t160-quality-20261006T132638Z-80ad8d90-03-IMP-TEXT-r3,IMP-TEXT,3,automatic,8e0aecaf-072d-5ed7-9b43-5d33ad202cc1,05307df7-9e4f-41cd-bab6-f907f311fd53,knowledge_points,known_missing,True,False,[],,matched
t160-quality-20261006T132638Z-80ad8d90-03-IMP-TEXT-r3,IMP-TEXT,3,automatic,8e0aecaf-072d-5ed7-9b43-5d33ad202cc1,05307df7-9e4f-41cd-bab6-f907f311fd53,source_regions,unknown,False,,,,reference_unknown
t160-quality-20261006T132638Z-80ad8d90-03-IMP-TEXT-r3,IMP-TEXT,3,automatic,8e0aecaf-072d-5ed7-9b43-5d33ad202cc1,05307df7-9e4f-41cd-bab6-f907f311fd53,assets,source_provided,True,False,"[{""asset_type"": ""figure"", ""source_page_number"": 1, ""order_index"": 1}]",,matched
t160-quality-20261006T132638Z-80ad8d90-03-IMP-TEXT-r3,IMP-TEXT,3,automatic,fdef73bd-f984-58d1-8a53-3eea668a9f83,66ca37a8-b388-4a25-aba8-52cf103d94cd,question_number,source_provided,True,True,3,3,matched
t160-quality-20261006T132638Z-80ad8d90-03-IMP-TEXT-r3,IMP-TEXT,3,automatic,fdef73bd-f984-58d1-8a53-3eea668a9f83,66ca37a8-b388-4a25-aba8-52cf103d94cd,order_index,source_provided,True,True,3,3,matched
t160-quality-20261006T132638Z-80ad8d90-03-IMP-TEXT-r3,IMP-TEXT,3,automatic,fdef73bd-f984-58d1-8a53-3eea668a9f83,66ca37a8-b388-4a25-aba8-52cf103d94cd,source_page_numbers,source_provided,True,True,[1],[1],matched
t160-quality-20261006T132638Z-80ad8d90-03-IMP-TEXT-r3,IMP-TEXT,3,automatic,fdef73bd-f984-58d1-8a53-3eea668a9f83,66ca37a8-b388-4a25-aba8-52cf103d94cd,question_type,source_provided,True,True,SHORT_ANSWER,SHORT_ANSWER,matched
t160-quality-20261006T132638Z-80ad8d90-03-IMP-TEXT-r3,IMP-TEXT,3,automatic,fdef73bd-f984-58d1-8a53-3eea668a9f83,66ca37a8-b388-4a25-aba8-52cf103d94cd,content,source_provided,True,True,根据下表写出 y 关于 x 的关系式。,根据下表写出 y 关于 x 的关系式。,matched
t160-quality-20261006T132638Z-80ad8d90-03-IMP-TEXT-r3,IMP-TEXT,3,automatic,fdef73bd-f984-58d1-8a53-3eea668a9f83,66ca37a8-b388-4a25-aba8-52cf103d94cd,options,not_applicable,True,True,,,matched
t160-quality-20261006T132638Z-80ad8d90-03-IMP-TEXT-r3,IMP-TEXT,3,automatic,fdef73bd-f984-58d1-8a53-3eea668a9f83,66ca37a8-b388-4a25-aba8-52cf103d94cd,reference_answer,known_missing,True,True,,,matched
t160-quality-20261006T132638Z-80ad8d90-03-IMP-TEXT-r3,IMP-TEXT,3,automatic,fdef73bd-f984-58d1-8a53-3eea668a9f83,66ca37a8-b388-4a25-aba8-52cf103d94cd,analysis,known_missing,True,True,,,matched
t160-quality-20261006T132638Z-80ad8d90-03-IMP-TEXT-r3,IMP-TEXT,3,automatic,fdef73bd-f984-58d1-8a53-3eea668a9f83,66ca37a8-b388-4a25-aba8-52cf103d94cd,score,source_provided,True,True,3.00,3.00,matched
t160-quality-20261006T132638Z-80ad8d90-03-IMP-TEXT-r3,IMP-TEXT,3,automatic,fdef73bd-f984-58d1-8a53-3eea668a9f83,66ca37a8-b388-4a25-aba8-52cf103d94cd,scoring_rubric,source_provided,True,True,正确关系式 1.00；说明代入过程 2.00。,正确关系式 1.00；说明代入过程 2.00。,matched
t160-quality-20261006T132638Z-80ad8d90-03-IMP-TEXT-r3,IMP-TEXT,3,automatic,fdef73bd-f984-58d1-8a53-3eea668a9f83,66ca37a8-b388-4a25-aba8-52cf103d94cd,knowledge_points,source_provided,True,True,"[""一次函数"", ""表达与计算""]","[""一次函数"", ""表达与计算""]",matched
t160-quality-20261006T132638Z-80ad8d90-03-IMP-TEXT-r3,IMP-TEXT,3,automatic,fdef73bd-f984-58d1-8a53-3eea668a9f83,66ca37a8-b388-4a25-aba8-52cf103d94cd,source_regions,unknown,False,,,,reference_unknown
t160-quality-20261006T132638Z-80ad8d90-03-IMP-TEXT-r3,IMP-TEXT,3,automatic,fdef73bd-f984-58d1-8a53-3eea668a9f83,66ca37a8-b388-4a25-aba8-52cf103d94cd,assets,source_provided,True,False,"[{""asset_type"": ""table"", ""source_page_number"": 1, ""order_index"": 1}]",,matched
t160-quality-20261006T132638Z-80ad8d90-03-IMP-TEXT-r3,IMP-TEXT,3,assisted_corrected,1194af49-5301-51bb-a173-0e6f524ac810,65c6f3a5-d50e-4230-a577-6e11c05afd03,question_number,source_provided,True,True,1,1,matched
t160-quality-20261006T132638Z-80ad8d90-03-IMP-TEXT-r3,IMP-TEXT,3,assisted_corrected,1194af49-5301-51bb-a173-0e6f524ac810,65c6f3a5-d50e-4230-a577-6e11c05afd03,order_index,source_provided,True,True,1,1,matched
t160-quality-20261006T132638Z-80ad8d90-03-IMP-TEXT-r3,IMP-TEXT,3,assisted_corrected,1194af49-5301-51bb-a173-0e6f524ac810,65c6f3a5-d50e-4230-a577-6e11c05afd03,source_page_numbers,source_provided,True,True,[1],[1],matched
t160-quality-20261006T132638Z-80ad8d90-03-IMP-TEXT-r3,IMP-TEXT,3,assisted_corrected,1194af49-5301-51bb-a173-0e6f524ac810,65c6f3a5-d50e-4230-a577-6e11c05afd03,question_type,source_provided,True,True,SINGLE_CHOICE,SINGLE_CHOICE,matched
t160-quality-20261006T132638Z-80ad8d90-03-IMP-TEXT-r3,IMP-TEXT,3,assisted_corrected,1194af49-5301-51bb-a173-0e6f524ac810,65c6f3a5-d50e-4230-a577-6e11c05afd03,content,source_provided,True,True,y = 2x + 1，x = 3 时 y 为多少？,y = 2x + 1，x = 3 时 y 为多少？,matched
t160-quality-20261006T132638Z-80ad8d90-03-IMP-TEXT-r3,IMP-TEXT,3,assisted_corrected,1194af49-5301-51bb-a173-0e6f524ac810,65c6f3a5-d50e-4230-a577-6e11c05afd03,options,source_provided,True,True,"{""C"": ""7"", ""A"": ""5"", ""B"": ""6"", ""D"": ""8""}","{""C"": ""7"", ""A"": ""5"", ""B"": ""6"", ""D"": ""8""}",matched
t160-quality-20261006T132638Z-80ad8d90-03-IMP-TEXT-r3,IMP-TEXT,3,assisted_corrected,1194af49-5301-51bb-a173-0e6f524ac810,65c6f3a5-d50e-4230-a577-6e11c05afd03,reference_answer,source_provided,True,True,C,C,matched
t160-quality-20261006T132638Z-80ad8d90-03-IMP-TEXT-r3,IMP-TEXT,3,assisted_corrected,1194af49-5301-51bb-a173-0e6f524ac810,65c6f3a5-d50e-4230-a577-6e11c05afd03,analysis,source_provided,True,True,2 × 3 + 1 = 7。,2 × 3 + 1 = 7。,matched
t160-quality-20261006T132638Z-80ad8d90-03-IMP-TEXT-r3,IMP-TEXT,3,assisted_corrected,1194af49-5301-51bb-a173-0e6f524ac810,65c6f3a5-d50e-4230-a577-6e11c05afd03,score,source_provided,True,True,2.00,2.00,matched
t160-quality-20261006T132638Z-80ad8d90-03-IMP-TEXT-r3,IMP-TEXT,3,assisted_corrected,1194af49-5301-51bb-a173-0e6f524ac810,65c6f3a5-d50e-4230-a577-6e11c05afd03,scoring_rubric,known_missing,True,True,,,matched
t160-quality-20261006T132638Z-80ad8d90-03-IMP-TEXT-r3,IMP-TEXT,3,assisted_corrected,1194af49-5301-51bb-a173-0e6f524ac810,65c6f3a5-d50e-4230-a577-6e11c05afd03,knowledge_points,known_missing,True,True,[],[],matched
t160-quality-20261006T132638Z-80ad8d90-03-IMP-TEXT-r3,IMP-TEXT,3,assisted_corrected,1194af49-5301-51bb-a173-0e6f524ac810,65c6f3a5-d50e-4230-a577-6e11c05afd03,source_regions,unknown,False,,,,reference_unknown
t160-quality-20261006T132638Z-80ad8d90-03-IMP-TEXT-r3,IMP-TEXT,3,assisted_corrected,1194af49-5301-51bb-a173-0e6f524ac810,65c6f3a5-d50e-4230-a577-6e11c05afd03,assets,source_provided,True,True,[],[],matched
t160-quality-20261006T132638Z-80ad8d90-03-IMP-TEXT-r3,IMP-TEXT,3,assisted_corrected,8e0aecaf-072d-5ed7-9b43-5d33ad202cc1,05307df7-9e4f-41cd-bab6-f907f311fd53,question_number,source_provided,True,True,2,2,matched
t160-quality-20261006T132638Z-80ad8d90-03-IMP-TEXT-r3,IMP-TEXT,3,assisted_corrected,8e0aecaf-072d-5ed7-9b43-5d33ad202cc1,05307df7-9e4f-41cd-bab6-f907f311fd53,order_index,source_provided,True,True,2,2,matched
t160-quality-20261006T132638Z-80ad8d90-03-IMP-TEXT-r3,IMP-TEXT,3,assisted_corrected,8e0aecaf-072d-5ed7-9b43-5d33ad202cc1,05307df7-9e4f-41cd-bab6-f907f311fd53,source_page_numbers,source_provided,True,True,[1],[1],matched
t160-quality-20261006T132638Z-80ad8d90-03-IMP-TEXT-r3,IMP-TEXT,3,assisted_corrected,8e0aecaf-072d-5ed7-9b43-5d33ad202cc1,05307df7-9e4f-41cd-bab6-f907f311fd53,question_type,source_provided,True,True,TRUE_FALSE,TRUE_FALSE,matched
t160-quality-20261006T132638Z-80ad8d90-03-IMP-TEXT-r3,IMP-TEXT,3,assisted_corrected,8e0aecaf-072d-5ed7-9b43-5d33ad202cc1,05307df7-9e4f-41cd-bab6-f907f311fd53,content,source_provided,True,True,右图三角形面积为 24 cm²。,右图三角形面积为 24 cm²。,matched
t160-quality-20261006T132638Z-80ad8d90-03-IMP-TEXT-r3,IMP-TEXT,3,assisted_corrected,8e0aecaf-072d-5ed7-9b43-5d33ad202cc1,05307df7-9e4f-41cd-bab6-f907f311fd53,options,source_provided,True,True,"[""正确"", ""错误""]","[""正确"", ""错误""]",matched
t160-quality-20261006T132638Z-80ad8d90-03-IMP-TEXT-r3,IMP-TEXT,3,assisted_corrected,8e0aecaf-072d-5ed7-9b43-5d33ad202cc1,05307df7-9e4f-41cd-bab6-f907f311fd53,reference_answer,known_missing,True,True,,,matched
t160-quality-20261006T132638Z-80ad8d90-03-IMP-TEXT-r3,IMP-TEXT,3,assisted_corrected,8e0aecaf-072d-5ed7-9b43-5d33ad202cc1,05307df7-9e4f-41cd-bab6-f907f311fd53,analysis,known_missing,True,True,,,matched
t160-quality-20261006T132638Z-80ad8d90-03-IMP-TEXT-r3,IMP-TEXT,3,assisted_corrected,8e0aecaf-072d-5ed7-9b43-5d33ad202cc1,05307df7-9e4f-41cd-bab6-f907f311fd53,score,source_provided,True,True,2.00,2.00,matched
t160-quality-20261006T132638Z-80ad8d90-03-IMP-TEXT-r3,IMP-TEXT,3,assisted_corrected,8e0aecaf-072d-5ed7-9b43-5d33ad202cc1,05307df7-9e4f-41cd-bab6-f907f311fd53,scoring_rubric,known_missing,True,True,,,matched
t160-quality-20261006T132638Z-80ad8d90-03-IMP-TEXT-r3,IMP-TEXT,3,assisted_corrected,8e0aecaf-072d-5ed7-9b43-5d33ad202cc1,05307df7-9e4f-41cd-bab6-f907f311fd53,knowledge_points,known_missing,True,True,[],[],matched
t160-quality-20261006T132638Z-80ad8d90-03-IMP-TEXT-r3,IMP-TEXT,3,assisted_corrected,8e0aecaf-072d-5ed7-9b43-5d33ad202cc1,05307df7-9e4f-41cd-bab6-f907f311fd53,source_regions,unknown,False,,,,reference_unknown
t160-quality-20261006T132638Z-80ad8d90-03-IMP-TEXT-r3,IMP-TEXT,3,assisted_corrected,8e0aecaf-072d-5ed7-9b43-5d33ad202cc1,05307df7-9e4f-41cd-bab6-f907f311fd53,assets,source_provided,True,False,"[{""asset_type"": ""figure"", ""source_page_number"": 1, ""order_index"": 1}]",,matched
t160-quality-20261006T132638Z-80ad8d90-03-IMP-TEXT-r3,IMP-TEXT,3,assisted_corrected,fdef73bd-f984-58d1-8a53-3eea668a9f83,66ca37a8-b388-4a25-aba8-52cf103d94cd,question_number,source_provided,True,True,3,3,matched
t160-quality-20261006T132638Z-80ad8d90-03-IMP-TEXT-r3,IMP-TEXT,3,assisted_corrected,fdef73bd-f984-58d1-8a53-3eea668a9f83,66ca37a8-b388-4a25-aba8-52cf103d94cd,order_index,source_provided,True,True,3,3,matched
t160-quality-20261006T132638Z-80ad8d90-03-IMP-TEXT-r3,IMP-TEXT,3,assisted_corrected,fdef73bd-f984-58d1-8a53-3eea668a9f83,66ca37a8-b388-4a25-aba8-52cf103d94cd,source_page_numbers,source_provided,True,True,[1],[1],matched
t160-quality-20261006T132638Z-80ad8d90-03-IMP-TEXT-r3,IMP-TEXT,3,assisted_corrected,fdef73bd-f984-58d1-8a53-3eea668a9f83,66ca37a8-b388-4a25-aba8-52cf103d94cd,question_type,source_provided,True,True,SHORT_ANSWER,SHORT_ANSWER,matched
t160-quality-20261006T132638Z-80ad8d90-03-IMP-TEXT-r3,IMP-TEXT,3,assisted_corrected,fdef73bd-f984-58d1-8a53-3eea668a9f83,66ca37a8-b388-4a25-aba8-52cf103d94cd,content,source_provided,True,True,根据下表写出 y 关于 x 的关系式。,根据下表写出 y 关于 x 的关系式。,matched
t160-quality-20261006T132638Z-80ad8d90-03-IMP-TEXT-r3,IMP-TEXT,3,assisted_corrected,fdef73bd-f984-58d1-8a53-3eea668a9f83,66ca37a8-b388-4a25-aba8-52cf103d94cd,options,not_applicable,True,True,,,matched
t160-quality-20261006T132638Z-80ad8d90-03-IMP-TEXT-r3,IMP-TEXT,3,assisted_corrected,fdef73bd-f984-58d1-8a53-3eea668a9f83,66ca37a8-b388-4a25-aba8-52cf103d94cd,reference_answer,known_missing,True,True,,,matched
t160-quality-20261006T132638Z-80ad8d90-03-IMP-TEXT-r3,IMP-TEXT,3,assisted_corrected,fdef73bd-f984-58d1-8a53-3eea668a9f83,66ca37a8-b388-4a25-aba8-52cf103d94cd,analysis,known_missing,True,True,,,matched
t160-quality-20261006T132638Z-80ad8d90-03-IMP-TEXT-r3,IMP-TEXT,3,assisted_corrected,fdef73bd-f984-58d1-8a53-3eea668a9f83,66ca37a8-b388-4a25-aba8-52cf103d94cd,score,source_provided,True,True,3.00,3.00,matched
t160-quality-20261006T132638Z-80ad8d90-03-IMP-TEXT-r3,IMP-TEXT,3,assisted_corrected,fdef73bd-f984-58d1-8a53-3eea668a9f83,66ca37a8-b388-4a25-aba8-52cf103d94cd,scoring_rubric,source_provided,True,True,正确关系式 1.00；说明代入过程 2.00。,正确关系式 1.00；说明代入过程 2.00。,matched
t160-quality-20261006T132638Z-80ad8d90-03-IMP-TEXT-r3,IMP-TEXT,3,assisted_corrected,fdef73bd-f984-58d1-8a53-3eea668a9f83,66ca37a8-b388-4a25-aba8-52cf103d94cd,knowledge_points,source_provided,True,True,"[""一次函数"", ""表达与计算""]","[""一次函数"", ""表达与计算""]",matched
t160-quality-20261006T132638Z-80ad8d90-03-IMP-TEXT-r3,IMP-TEXT,3,assisted_corrected,fdef73bd-f984-58d1-8a53-3eea668a9f83,66ca37a8-b388-4a25-aba8-52cf103d94cd,source_regions,unknown,False,,,,reference_unknown
t160-quality-20261006T132638Z-80ad8d90-03-IMP-TEXT-r3,IMP-TEXT,3,assisted_corrected,fdef73bd-f984-58d1-8a53-3eea668a9f83,66ca37a8-b388-4a25-aba8-52cf103d94cd,assets,source_provided,True,False,"[{""asset_type"": ""table"", ""source_page_number"": 1, ""order_index"": 1}]",,matched
t160-quality-20261006T132638Z-80ad8d90-04-IMP-SCAN-r1,IMP-SCAN,1,automatic,74d666eb-fc46-5106-8ea2-ea5c967c6457,92da6533-27c3-4818-b3c6-6623808c2b52,question_number,source_provided,True,True,1,1,matched
t160-quality-20261006T132638Z-80ad8d90-04-IMP-SCAN-r1,IMP-SCAN,1,automatic,74d666eb-fc46-5106-8ea2-ea5c967c6457,92da6533-27c3-4818-b3c6-6623808c2b52,order_index,source_provided,True,True,1,1,matched
t160-quality-20261006T132638Z-80ad8d90-04-IMP-SCAN-r1,IMP-SCAN,1,automatic,74d666eb-fc46-5106-8ea2-ea5c967c6457,92da6533-27c3-4818-b3c6-6623808c2b52,source_page_numbers,source_provided,True,True,[1],[1],matched
t160-quality-20261006T132638Z-80ad8d90-04-IMP-SCAN-r1,IMP-SCAN,1,automatic,74d666eb-fc46-5106-8ea2-ea5c967c6457,92da6533-27c3-4818-b3c6-6623808c2b52,question_type,source_provided,True,True,SINGLE_CHOICE,SINGLE_CHOICE,matched
t160-quality-20261006T132638Z-80ad8d90-04-IMP-SCAN-r1,IMP-SCAN,1,automatic,74d666eb-fc46-5106-8ea2-ea5c967c6457,92da6533-27c3-4818-b3c6-6623808c2b52,content,source_provided,True,False,y = 2x + 1，x = 3 时 y 为多少？,y = 2x +1，x = 3 时y 为多少？,matched
t160-quality-20261006T132638Z-80ad8d90-04-IMP-SCAN-r1,IMP-SCAN,1,automatic,74d666eb-fc46-5106-8ea2-ea5c967c6457,92da6533-27c3-4818-b3c6-6623808c2b52,options,source_provided,True,True,"{""C"": ""7"", ""A"": ""5"", ""B"": ""6"", ""D"": ""8""}","{""C"": ""7"", ""A"": ""5"", ""B"": ""6"", ""D"": ""8""}",matched
t160-quality-20261006T132638Z-80ad8d90-04-IMP-SCAN-r1,IMP-SCAN,1,automatic,74d666eb-fc46-5106-8ea2-ea5c967c6457,92da6533-27c3-4818-b3c6-6623808c2b52,reference_answer,source_provided,True,True,C,C,matched
t160-quality-20261006T132638Z-80ad8d90-04-IMP-SCAN-r1,IMP-SCAN,1,automatic,74d666eb-fc46-5106-8ea2-ea5c967c6457,92da6533-27c3-4818-b3c6-6623808c2b52,analysis,source_provided,True,False,2 × 3 + 1 = 7。,2 × 3 +1=7。,matched
t160-quality-20261006T132638Z-80ad8d90-04-IMP-SCAN-r1,IMP-SCAN,1,automatic,74d666eb-fc46-5106-8ea2-ea5c967c6457,92da6533-27c3-4818-b3c6-6623808c2b52,score,source_provided,True,True,2.00,2.00,matched
t160-quality-20261006T132638Z-80ad8d90-04-IMP-SCAN-r1,IMP-SCAN,1,automatic,74d666eb-fc46-5106-8ea2-ea5c967c6457,92da6533-27c3-4818-b3c6-6623808c2b52,scoring_rubric,known_missing,True,True,,,matched
t160-quality-20261006T132638Z-80ad8d90-04-IMP-SCAN-r1,IMP-SCAN,1,automatic,74d666eb-fc46-5106-8ea2-ea5c967c6457,92da6533-27c3-4818-b3c6-6623808c2b52,knowledge_points,known_missing,True,False,[],,matched
t160-quality-20261006T132638Z-80ad8d90-04-IMP-SCAN-r1,IMP-SCAN,1,automatic,74d666eb-fc46-5106-8ea2-ea5c967c6457,92da6533-27c3-4818-b3c6-6623808c2b52,source_regions,unknown,False,,,,reference_unknown
t160-quality-20261006T132638Z-80ad8d90-04-IMP-SCAN-r1,IMP-SCAN,1,automatic,74d666eb-fc46-5106-8ea2-ea5c967c6457,92da6533-27c3-4818-b3c6-6623808c2b52,assets,source_provided,True,False,[],,matched
t160-quality-20261006T132638Z-80ad8d90-04-IMP-SCAN-r1,IMP-SCAN,1,automatic,5f47ee64-edec-5327-9172-bb8454c7640d,de4fc399-9c2d-41e6-8120-e61cc5611f52,question_number,source_provided,True,True,2,2,matched
t160-quality-20261006T132638Z-80ad8d90-04-IMP-SCAN-r1,IMP-SCAN,1,automatic,5f47ee64-edec-5327-9172-bb8454c7640d,de4fc399-9c2d-41e6-8120-e61cc5611f52,order_index,source_provided,True,True,2,2,matched
t160-quality-20261006T132638Z-80ad8d90-04-IMP-SCAN-r1,IMP-SCAN,1,automatic,5f47ee64-edec-5327-9172-bb8454c7640d,de4fc399-9c2d-41e6-8120-e61cc5611f52,source_page_numbers,source_provided,True,True,[1],[1],matched
t160-quality-20261006T132638Z-80ad8d90-04-IMP-SCAN-r1,IMP-SCAN,1,automatic,5f47ee64-edec-5327-9172-bb8454c7640d,de4fc399-9c2d-41e6-8120-e61cc5611f52,question_type,source_provided,True,True,TRUE_FALSE,TRUE_FALSE,matched
t160-quality-20261006T132638Z-80ad8d90-04-IMP-SCAN-r1,IMP-SCAN,1,automatic,5f47ee64-edec-5327-9172-bb8454c7640d,de4fc399-9c2d-41e6-8120-e61cc5611f52,content,source_provided,True,False,右图三角形面积为 24 cm²。,右图三角形面积为24cm²。,matched
t160-quality-20261006T132638Z-80ad8d90-04-IMP-SCAN-r1,IMP-SCAN,1,automatic,5f47ee64-edec-5327-9172-bb8454c7640d,de4fc399-9c2d-41e6-8120-e61cc5611f52,options,source_provided,True,True,"[""正确"", ""错误""]","[""正确"", ""错误""]",matched
t160-quality-20261006T132638Z-80ad8d90-04-IMP-SCAN-r1,IMP-SCAN,1,automatic,5f47ee64-edec-5327-9172-bb8454c7640d,de4fc399-9c2d-41e6-8120-e61cc5611f52,reference_answer,known_missing,True,True,,,matched
t160-quality-20261006T132638Z-80ad8d90-04-IMP-SCAN-r1,IMP-SCAN,1,automatic,5f47ee64-edec-5327-9172-bb8454c7640d,de4fc399-9c2d-41e6-8120-e61cc5611f52,analysis,known_missing,True,True,,,matched
t160-quality-20261006T132638Z-80ad8d90-04-IMP-SCAN-r1,IMP-SCAN,1,automatic,5f47ee64-edec-5327-9172-bb8454c7640d,de4fc399-9c2d-41e6-8120-e61cc5611f52,score,source_provided,True,True,2.00,2.00,matched
t160-quality-20261006T132638Z-80ad8d90-04-IMP-SCAN-r1,IMP-SCAN,1,automatic,5f47ee64-edec-5327-9172-bb8454c7640d,de4fc399-9c2d-41e6-8120-e61cc5611f52,scoring_rubric,known_missing,True,True,,,matched
t160-quality-20261006T132638Z-80ad8d90-04-IMP-SCAN-r1,IMP-SCAN,1,automatic,5f47ee64-edec-5327-9172-bb8454c7640d,de4fc399-9c2d-41e6-8120-e61cc5611f52,knowledge_points,known_missing,True,False,[],,matched
t160-quality-20261006T132638Z-80ad8d90-04-IMP-SCAN-r1,IMP-SCAN,1,automatic,5f47ee64-edec-5327-9172-bb8454c7640d,de4fc399-9c2d-41e6-8120-e61cc5611f52,source_regions,unknown,False,,,,reference_unknown
t160-quality-20261006T132638Z-80ad8d90-04-IMP-SCAN-r1,IMP-SCAN,1,automatic,5f47ee64-edec-5327-9172-bb8454c7640d,de4fc399-9c2d-41e6-8120-e61cc5611f52,assets,source_provided,True,False,"[{""asset_type"": ""figure"", ""source_page_number"": 1, ""order_index"": 1}]",,matched
t160-quality-20261006T132638Z-80ad8d90-04-IMP-SCAN-r1,IMP-SCAN,1,automatic,d6acd365-a6d5-5eb8-9b54-66f26a915094,7dc02076-faed-47b5-928f-8105ce1655ac,question_number,source_provided,True,True,3,3,matched
t160-quality-20261006T132638Z-80ad8d90-04-IMP-SCAN-r1,IMP-SCAN,1,automatic,d6acd365-a6d5-5eb8-9b54-66f26a915094,7dc02076-faed-47b5-928f-8105ce1655ac,order_index,source_provided,True,True,3,3,matched
t160-quality-20261006T132638Z-80ad8d90-04-IMP-SCAN-r1,IMP-SCAN,1,automatic,d6acd365-a6d5-5eb8-9b54-66f26a915094,7dc02076-faed-47b5-928f-8105ce1655ac,source_page_numbers,source_provided,True,True,[1],[1],matched
t160-quality-20261006T132638Z-80ad8d90-04-IMP-SCAN-r1,IMP-SCAN,1,automatic,d6acd365-a6d5-5eb8-9b54-66f26a915094,7dc02076-faed-47b5-928f-8105ce1655ac,question_type,source_provided,True,True,SHORT_ANSWER,SHORT_ANSWER,matched
t160-quality-20261006T132638Z-80ad8d90-04-IMP-SCAN-r1,IMP-SCAN,1,automatic,d6acd365-a6d5-5eb8-9b54-66f26a915094,7dc02076-faed-47b5-928f-8105ce1655ac,content,source_provided,True,False,根据下表写出 y 关于 x 的关系式。,根据下表写出y关于x的关系式。,matched
t160-quality-20261006T132638Z-80ad8d90-04-IMP-SCAN-r1,IMP-SCAN,1,automatic,d6acd365-a6d5-5eb8-9b54-66f26a915094,7dc02076-faed-47b5-928f-8105ce1655ac,options,not_applicable,True,True,,,matched
t160-quality-20261006T132638Z-80ad8d90-04-IMP-SCAN-r1,IMP-SCAN,1,automatic,d6acd365-a6d5-5eb8-9b54-66f26a915094,7dc02076-faed-47b5-928f-8105ce1655ac,reference_answer,known_missing,True,True,,,matched
t160-quality-20261006T132638Z-80ad8d90-04-IMP-SCAN-r1,IMP-SCAN,1,automatic,d6acd365-a6d5-5eb8-9b54-66f26a915094,7dc02076-faed-47b5-928f-8105ce1655ac,analysis,known_missing,True,True,,,matched
t160-quality-20261006T132638Z-80ad8d90-04-IMP-SCAN-r1,IMP-SCAN,1,automatic,d6acd365-a6d5-5eb8-9b54-66f26a915094,7dc02076-faed-47b5-928f-8105ce1655ac,score,source_provided,True,True,3.00,3.00,matched
t160-quality-20261006T132638Z-80ad8d90-04-IMP-SCAN-r1,IMP-SCAN,1,automatic,d6acd365-a6d5-5eb8-9b54-66f26a915094,7dc02076-faed-47b5-928f-8105ce1655ac,scoring_rubric,source_provided,True,False,正确关系式 1.00；说明代入过程 2.00。,正确关系式1.00；说明代入过程2.00。,matched
t160-quality-20261006T132638Z-80ad8d90-04-IMP-SCAN-r1,IMP-SCAN,1,automatic,d6acd365-a6d5-5eb8-9b54-66f26a915094,7dc02076-faed-47b5-928f-8105ce1655ac,knowledge_points,source_provided,True,True,"[""一次函数"", ""表达与计算""]","[""一次函数"", ""表达与计算""]",matched
t160-quality-20261006T132638Z-80ad8d90-04-IMP-SCAN-r1,IMP-SCAN,1,automatic,d6acd365-a6d5-5eb8-9b54-66f26a915094,7dc02076-faed-47b5-928f-8105ce1655ac,source_regions,unknown,False,,,,reference_unknown
t160-quality-20261006T132638Z-80ad8d90-04-IMP-SCAN-r1,IMP-SCAN,1,automatic,d6acd365-a6d5-5eb8-9b54-66f26a915094,7dc02076-faed-47b5-928f-8105ce1655ac,assets,source_provided,True,False,"[{""asset_type"": ""table"", ""source_page_number"": 1, ""order_index"": 1}]",,matched
t160-quality-20261006T132638Z-80ad8d90-04-IMP-SCAN-r1,IMP-SCAN,1,assisted_corrected,74d666eb-fc46-5106-8ea2-ea5c967c6457,92da6533-27c3-4818-b3c6-6623808c2b52,question_number,source_provided,True,True,1,1,matched
t160-quality-20261006T132638Z-80ad8d90-04-IMP-SCAN-r1,IMP-SCAN,1,assisted_corrected,74d666eb-fc46-5106-8ea2-ea5c967c6457,92da6533-27c3-4818-b3c6-6623808c2b52,order_index,source_provided,True,True,1,1,matched
t160-quality-20261006T132638Z-80ad8d90-04-IMP-SCAN-r1,IMP-SCAN,1,assisted_corrected,74d666eb-fc46-5106-8ea2-ea5c967c6457,92da6533-27c3-4818-b3c6-6623808c2b52,source_page_numbers,source_provided,True,True,[1],[1],matched
t160-quality-20261006T132638Z-80ad8d90-04-IMP-SCAN-r1,IMP-SCAN,1,assisted_corrected,74d666eb-fc46-5106-8ea2-ea5c967c6457,92da6533-27c3-4818-b3c6-6623808c2b52,question_type,source_provided,True,True,SINGLE_CHOICE,SINGLE_CHOICE,matched
t160-quality-20261006T132638Z-80ad8d90-04-IMP-SCAN-r1,IMP-SCAN,1,assisted_corrected,74d666eb-fc46-5106-8ea2-ea5c967c6457,92da6533-27c3-4818-b3c6-6623808c2b52,content,source_provided,True,True,y = 2x + 1，x = 3 时 y 为多少？,y = 2x + 1，x = 3 时 y 为多少？,matched
t160-quality-20261006T132638Z-80ad8d90-04-IMP-SCAN-r1,IMP-SCAN,1,assisted_corrected,74d666eb-fc46-5106-8ea2-ea5c967c6457,92da6533-27c3-4818-b3c6-6623808c2b52,options,source_provided,True,True,"{""C"": ""7"", ""A"": ""5"", ""B"": ""6"", ""D"": ""8""}","{""C"": ""7"", ""A"": ""5"", ""B"": ""6"", ""D"": ""8""}",matched
t160-quality-20261006T132638Z-80ad8d90-04-IMP-SCAN-r1,IMP-SCAN,1,assisted_corrected,74d666eb-fc46-5106-8ea2-ea5c967c6457,92da6533-27c3-4818-b3c6-6623808c2b52,reference_answer,source_provided,True,True,C,C,matched
t160-quality-20261006T132638Z-80ad8d90-04-IMP-SCAN-r1,IMP-SCAN,1,assisted_corrected,74d666eb-fc46-5106-8ea2-ea5c967c6457,92da6533-27c3-4818-b3c6-6623808c2b52,analysis,source_provided,True,True,2 × 3 + 1 = 7。,2 × 3 + 1 = 7。,matched
t160-quality-20261006T132638Z-80ad8d90-04-IMP-SCAN-r1,IMP-SCAN,1,assisted_corrected,74d666eb-fc46-5106-8ea2-ea5c967c6457,92da6533-27c3-4818-b3c6-6623808c2b52,score,source_provided,True,True,2.00,2.00,matched
t160-quality-20261006T132638Z-80ad8d90-04-IMP-SCAN-r1,IMP-SCAN,1,assisted_corrected,74d666eb-fc46-5106-8ea2-ea5c967c6457,92da6533-27c3-4818-b3c6-6623808c2b52,scoring_rubric,known_missing,True,True,,,matched
t160-quality-20261006T132638Z-80ad8d90-04-IMP-SCAN-r1,IMP-SCAN,1,assisted_corrected,74d666eb-fc46-5106-8ea2-ea5c967c6457,92da6533-27c3-4818-b3c6-6623808c2b52,knowledge_points,known_missing,True,True,[],[],matched
t160-quality-20261006T132638Z-80ad8d90-04-IMP-SCAN-r1,IMP-SCAN,1,assisted_corrected,74d666eb-fc46-5106-8ea2-ea5c967c6457,92da6533-27c3-4818-b3c6-6623808c2b52,source_regions,unknown,False,,,,reference_unknown
t160-quality-20261006T132638Z-80ad8d90-04-IMP-SCAN-r1,IMP-SCAN,1,assisted_corrected,74d666eb-fc46-5106-8ea2-ea5c967c6457,92da6533-27c3-4818-b3c6-6623808c2b52,assets,source_provided,True,True,[],[],matched
t160-quality-20261006T132638Z-80ad8d90-04-IMP-SCAN-r1,IMP-SCAN,1,assisted_corrected,5f47ee64-edec-5327-9172-bb8454c7640d,de4fc399-9c2d-41e6-8120-e61cc5611f52,question_number,source_provided,True,True,2,2,matched
t160-quality-20261006T132638Z-80ad8d90-04-IMP-SCAN-r1,IMP-SCAN,1,assisted_corrected,5f47ee64-edec-5327-9172-bb8454c7640d,de4fc399-9c2d-41e6-8120-e61cc5611f52,order_index,source_provided,True,True,2,2,matched
t160-quality-20261006T132638Z-80ad8d90-04-IMP-SCAN-r1,IMP-SCAN,1,assisted_corrected,5f47ee64-edec-5327-9172-bb8454c7640d,de4fc399-9c2d-41e6-8120-e61cc5611f52,source_page_numbers,source_provided,True,True,[1],[1],matched
t160-quality-20261006T132638Z-80ad8d90-04-IMP-SCAN-r1,IMP-SCAN,1,assisted_corrected,5f47ee64-edec-5327-9172-bb8454c7640d,de4fc399-9c2d-41e6-8120-e61cc5611f52,question_type,source_provided,True,True,TRUE_FALSE,TRUE_FALSE,matched
t160-quality-20261006T132638Z-80ad8d90-04-IMP-SCAN-r1,IMP-SCAN,1,assisted_corrected,5f47ee64-edec-5327-9172-bb8454c7640d,de4fc399-9c2d-41e6-8120-e61cc5611f52,content,source_provided,True,True,右图三角形面积为 24 cm²。,右图三角形面积为 24 cm²。,matched
t160-quality-20261006T132638Z-80ad8d90-04-IMP-SCAN-r1,IMP-SCAN,1,assisted_corrected,5f47ee64-edec-5327-9172-bb8454c7640d,de4fc399-9c2d-41e6-8120-e61cc5611f52,options,source_provided,True,True,"[""正确"", ""错误""]","[""正确"", ""错误""]",matched
t160-quality-20261006T132638Z-80ad8d90-04-IMP-SCAN-r1,IMP-SCAN,1,assisted_corrected,5f47ee64-edec-5327-9172-bb8454c7640d,de4fc399-9c2d-41e6-8120-e61cc5611f52,reference_answer,known_missing,True,True,,,matched
t160-quality-20261006T132638Z-80ad8d90-04-IMP-SCAN-r1,IMP-SCAN,1,assisted_corrected,5f47ee64-edec-5327-9172-bb8454c7640d,de4fc399-9c2d-41e6-8120-e61cc5611f52,analysis,known_missing,True,True,,,matched
t160-quality-20261006T132638Z-80ad8d90-04-IMP-SCAN-r1,IMP-SCAN,1,assisted_corrected,5f47ee64-edec-5327-9172-bb8454c7640d,de4fc399-9c2d-41e6-8120-e61cc5611f52,score,source_provided,True,True,2.00,2.00,matched
t160-quality-20261006T132638Z-80ad8d90-04-IMP-SCAN-r1,IMP-SCAN,1,assisted_corrected,5f47ee64-edec-5327-9172-bb8454c7640d,de4fc399-9c2d-41e6-8120-e61cc5611f52,scoring_rubric,known_missing,True,True,,,matched
t160-quality-20261006T132638Z-80ad8d90-04-IMP-SCAN-r1,IMP-SCAN,1,assisted_corrected,5f47ee64-edec-5327-9172-bb8454c7640d,de4fc399-9c2d-41e6-8120-e61cc5611f52,knowledge_points,known_missing,True,True,[],[],matched
t160-quality-20261006T132638Z-80ad8d90-04-IMP-SCAN-r1,IMP-SCAN,1,assisted_corrected,5f47ee64-edec-5327-9172-bb8454c7640d,de4fc399-9c2d-41e6-8120-e61cc5611f52,source_regions,unknown,False,,,,reference_unknown
t160-quality-20261006T132638Z-80ad8d90-04-IMP-SCAN-r1,IMP-SCAN,1,assisted_corrected,5f47ee64-edec-5327-9172-bb8454c7640d,de4fc399-9c2d-41e6-8120-e61cc5611f52,assets,source_provided,True,False,"[{""asset_type"": ""figure"", ""source_page_number"": 1, ""order_index"": 1}]",,matched
t160-quality-20261006T132638Z-80ad8d90-04-IMP-SCAN-r1,IMP-SCAN,1,assisted_corrected,d6acd365-a6d5-5eb8-9b54-66f26a915094,7dc02076-faed-47b5-928f-8105ce1655ac,question_number,source_provided,True,True,3,3,matched
t160-quality-20261006T132638Z-80ad8d90-04-IMP-SCAN-r1,IMP-SCAN,1,assisted_corrected,d6acd365-a6d5-5eb8-9b54-66f26a915094,7dc02076-faed-47b5-928f-8105ce1655ac,order_index,source_provided,True,True,3,3,matched
t160-quality-20261006T132638Z-80ad8d90-04-IMP-SCAN-r1,IMP-SCAN,1,assisted_corrected,d6acd365-a6d5-5eb8-9b54-66f26a915094,7dc02076-faed-47b5-928f-8105ce1655ac,source_page_numbers,source_provided,True,True,[1],[1],matched
t160-quality-20261006T132638Z-80ad8d90-04-IMP-SCAN-r1,IMP-SCAN,1,assisted_corrected,d6acd365-a6d5-5eb8-9b54-66f26a915094,7dc02076-faed-47b5-928f-8105ce1655ac,question_type,source_provided,True,True,SHORT_ANSWER,SHORT_ANSWER,matched
t160-quality-20261006T132638Z-80ad8d90-04-IMP-SCAN-r1,IMP-SCAN,1,assisted_corrected,d6acd365-a6d5-5eb8-9b54-66f26a915094,7dc02076-faed-47b5-928f-8105ce1655ac,content,source_provided,True,True,根据下表写出 y 关于 x 的关系式。,根据下表写出 y 关于 x 的关系式。,matched
t160-quality-20261006T132638Z-80ad8d90-04-IMP-SCAN-r1,IMP-SCAN,1,assisted_corrected,d6acd365-a6d5-5eb8-9b54-66f26a915094,7dc02076-faed-47b5-928f-8105ce1655ac,options,not_applicable,True,True,,,matched
t160-quality-20261006T132638Z-80ad8d90-04-IMP-SCAN-r1,IMP-SCAN,1,assisted_corrected,d6acd365-a6d5-5eb8-9b54-66f26a915094,7dc02076-faed-47b5-928f-8105ce1655ac,reference_answer,known_missing,True,True,,,matched
t160-quality-20261006T132638Z-80ad8d90-04-IMP-SCAN-r1,IMP-SCAN,1,assisted_corrected,d6acd365-a6d5-5eb8-9b54-66f26a915094,7dc02076-faed-47b5-928f-8105ce1655ac,analysis,known_missing,True,True,,,matched
t160-quality-20261006T132638Z-80ad8d90-04-IMP-SCAN-r1,IMP-SCAN,1,assisted_corrected,d6acd365-a6d5-5eb8-9b54-66f26a915094,7dc02076-faed-47b5-928f-8105ce1655ac,score,source_provided,True,True,3.00,3.00,matched
t160-quality-20261006T132638Z-80ad8d90-04-IMP-SCAN-r1,IMP-SCAN,1,assisted_corrected,d6acd365-a6d5-5eb8-9b54-66f26a915094,7dc02076-faed-47b5-928f-8105ce1655ac,scoring_rubric,source_provided,True,True,正确关系式 1.00；说明代入过程 2.00。,正确关系式 1.00；说明代入过程 2.00。,matched
t160-quality-20261006T132638Z-80ad8d90-04-IMP-SCAN-r1,IMP-SCAN,1,assisted_corrected,d6acd365-a6d5-5eb8-9b54-66f26a915094,7dc02076-faed-47b5-928f-8105ce1655ac,knowledge_points,source_provided,True,True,"[""一次函数"", ""表达与计算""]","[""一次函数"", ""表达与计算""]",matched
t160-quality-20261006T132638Z-80ad8d90-04-IMP-SCAN-r1,IMP-SCAN,1,assisted_corrected,d6acd365-a6d5-5eb8-9b54-66f26a915094,7dc02076-faed-47b5-928f-8105ce1655ac,source_regions,unknown,False,,,,reference_unknown
t160-quality-20261006T132638Z-80ad8d90-04-IMP-SCAN-r1,IMP-SCAN,1,assisted_corrected,d6acd365-a6d5-5eb8-9b54-66f26a915094,7dc02076-faed-47b5-928f-8105ce1655ac,assets,source_provided,True,False,"[{""asset_type"": ""table"", ""source_page_number"": 1, ""order_index"": 1}]",,matched
t160-quality-20261006T132638Z-80ad8d90-05-IMP-SCAN-r2,IMP-SCAN,2,automatic,74d666eb-fc46-5106-8ea2-ea5c967c6457,ef540b98-c2db-4a55-a6c9-6a23d4c1429a,question_number,source_provided,True,True,1,1,matched
t160-quality-20261006T132638Z-80ad8d90-05-IMP-SCAN-r2,IMP-SCAN,2,automatic,74d666eb-fc46-5106-8ea2-ea5c967c6457,ef540b98-c2db-4a55-a6c9-6a23d4c1429a,order_index,source_provided,True,True,1,1,matched
t160-quality-20261006T132638Z-80ad8d90-05-IMP-SCAN-r2,IMP-SCAN,2,automatic,74d666eb-fc46-5106-8ea2-ea5c967c6457,ef540b98-c2db-4a55-a6c9-6a23d4c1429a,source_page_numbers,source_provided,True,True,[1],[1],matched
t160-quality-20261006T132638Z-80ad8d90-05-IMP-SCAN-r2,IMP-SCAN,2,automatic,74d666eb-fc46-5106-8ea2-ea5c967c6457,ef540b98-c2db-4a55-a6c9-6a23d4c1429a,question_type,source_provided,True,True,SINGLE_CHOICE,SINGLE_CHOICE,matched
t160-quality-20261006T132638Z-80ad8d90-05-IMP-SCAN-r2,IMP-SCAN,2,automatic,74d666eb-fc46-5106-8ea2-ea5c967c6457,ef540b98-c2db-4a55-a6c9-6a23d4c1429a,content,source_provided,True,False,y = 2x + 1，x = 3 时 y 为多少？,y = 2x +1，x = 3 时y 为多少？,matched
t160-quality-20261006T132638Z-80ad8d90-05-IMP-SCAN-r2,IMP-SCAN,2,automatic,74d666eb-fc46-5106-8ea2-ea5c967c6457,ef540b98-c2db-4a55-a6c9-6a23d4c1429a,options,source_provided,True,True,"{""C"": ""7"", ""A"": ""5"", ""B"": ""6"", ""D"": ""8""}","{""C"": ""7"", ""A"": ""5"", ""B"": ""6"", ""D"": ""8""}",matched
t160-quality-20261006T132638Z-80ad8d90-05-IMP-SCAN-r2,IMP-SCAN,2,automatic,74d666eb-fc46-5106-8ea2-ea5c967c6457,ef540b98-c2db-4a55-a6c9-6a23d4c1429a,reference_answer,source_provided,True,True,C,C,matched
t160-quality-20261006T132638Z-80ad8d90-05-IMP-SCAN-r2,IMP-SCAN,2,automatic,74d666eb-fc46-5106-8ea2-ea5c967c6457,ef540b98-c2db-4a55-a6c9-6a23d4c1429a,analysis,source_provided,True,False,2 × 3 + 1 = 7。,2 × 3 +1=7。,matched
t160-quality-20261006T132638Z-80ad8d90-05-IMP-SCAN-r2,IMP-SCAN,2,automatic,74d666eb-fc46-5106-8ea2-ea5c967c6457,ef540b98-c2db-4a55-a6c9-6a23d4c1429a,score,source_provided,True,True,2.00,2.00,matched
t160-quality-20261006T132638Z-80ad8d90-05-IMP-SCAN-r2,IMP-SCAN,2,automatic,74d666eb-fc46-5106-8ea2-ea5c967c6457,ef540b98-c2db-4a55-a6c9-6a23d4c1429a,scoring_rubric,known_missing,True,True,,,matched
t160-quality-20261006T132638Z-80ad8d90-05-IMP-SCAN-r2,IMP-SCAN,2,automatic,74d666eb-fc46-5106-8ea2-ea5c967c6457,ef540b98-c2db-4a55-a6c9-6a23d4c1429a,knowledge_points,known_missing,True,False,[],,matched
t160-quality-20261006T132638Z-80ad8d90-05-IMP-SCAN-r2,IMP-SCAN,2,automatic,74d666eb-fc46-5106-8ea2-ea5c967c6457,ef540b98-c2db-4a55-a6c9-6a23d4c1429a,source_regions,unknown,False,,,,reference_unknown
t160-quality-20261006T132638Z-80ad8d90-05-IMP-SCAN-r2,IMP-SCAN,2,automatic,74d666eb-fc46-5106-8ea2-ea5c967c6457,ef540b98-c2db-4a55-a6c9-6a23d4c1429a,assets,source_provided,True,False,[],,matched
t160-quality-20261006T132638Z-80ad8d90-05-IMP-SCAN-r2,IMP-SCAN,2,automatic,5f47ee64-edec-5327-9172-bb8454c7640d,603aba3c-e7ef-4f2c-b09b-5f5d605c516c,question_number,source_provided,True,True,2,2,matched
t160-quality-20261006T132638Z-80ad8d90-05-IMP-SCAN-r2,IMP-SCAN,2,automatic,5f47ee64-edec-5327-9172-bb8454c7640d,603aba3c-e7ef-4f2c-b09b-5f5d605c516c,order_index,source_provided,True,True,2,2,matched
t160-quality-20261006T132638Z-80ad8d90-05-IMP-SCAN-r2,IMP-SCAN,2,automatic,5f47ee64-edec-5327-9172-bb8454c7640d,603aba3c-e7ef-4f2c-b09b-5f5d605c516c,source_page_numbers,source_provided,True,True,[1],[1],matched
t160-quality-20261006T132638Z-80ad8d90-05-IMP-SCAN-r2,IMP-SCAN,2,automatic,5f47ee64-edec-5327-9172-bb8454c7640d,603aba3c-e7ef-4f2c-b09b-5f5d605c516c,question_type,source_provided,True,True,TRUE_FALSE,TRUE_FALSE,matched
t160-quality-20261006T132638Z-80ad8d90-05-IMP-SCAN-r2,IMP-SCAN,2,automatic,5f47ee64-edec-5327-9172-bb8454c7640d,603aba3c-e7ef-4f2c-b09b-5f5d605c516c,content,source_provided,True,False,右图三角形面积为 24 cm²。,右图三角形面积为24cm²。,matched
t160-quality-20261006T132638Z-80ad8d90-05-IMP-SCAN-r2,IMP-SCAN,2,automatic,5f47ee64-edec-5327-9172-bb8454c7640d,603aba3c-e7ef-4f2c-b09b-5f5d605c516c,options,source_provided,True,True,"[""正确"", ""错误""]","[""正确"", ""错误""]",matched
t160-quality-20261006T132638Z-80ad8d90-05-IMP-SCAN-r2,IMP-SCAN,2,automatic,5f47ee64-edec-5327-9172-bb8454c7640d,603aba3c-e7ef-4f2c-b09b-5f5d605c516c,reference_answer,known_missing,True,True,,,matched
t160-quality-20261006T132638Z-80ad8d90-05-IMP-SCAN-r2,IMP-SCAN,2,automatic,5f47ee64-edec-5327-9172-bb8454c7640d,603aba3c-e7ef-4f2c-b09b-5f5d605c516c,analysis,known_missing,True,True,,,matched
t160-quality-20261006T132638Z-80ad8d90-05-IMP-SCAN-r2,IMP-SCAN,2,automatic,5f47ee64-edec-5327-9172-bb8454c7640d,603aba3c-e7ef-4f2c-b09b-5f5d605c516c,score,source_provided,True,True,2.00,2.00,matched
t160-quality-20261006T132638Z-80ad8d90-05-IMP-SCAN-r2,IMP-SCAN,2,automatic,5f47ee64-edec-5327-9172-bb8454c7640d,603aba3c-e7ef-4f2c-b09b-5f5d605c516c,scoring_rubric,known_missing,True,True,,,matched
t160-quality-20261006T132638Z-80ad8d90-05-IMP-SCAN-r2,IMP-SCAN,2,automatic,5f47ee64-edec-5327-9172-bb8454c7640d,603aba3c-e7ef-4f2c-b09b-5f5d605c516c,knowledge_points,known_missing,True,False,[],,matched
t160-quality-20261006T132638Z-80ad8d90-05-IMP-SCAN-r2,IMP-SCAN,2,automatic,5f47ee64-edec-5327-9172-bb8454c7640d,603aba3c-e7ef-4f2c-b09b-5f5d605c516c,source_regions,unknown,False,,,,reference_unknown
t160-quality-20261006T132638Z-80ad8d90-05-IMP-SCAN-r2,IMP-SCAN,2,automatic,5f47ee64-edec-5327-9172-bb8454c7640d,603aba3c-e7ef-4f2c-b09b-5f5d605c516c,assets,source_provided,True,False,"[{""asset_type"": ""figure"", ""source_page_number"": 1, ""order_index"": 1}]",,matched
t160-quality-20261006T132638Z-80ad8d90-05-IMP-SCAN-r2,IMP-SCAN,2,automatic,d6acd365-a6d5-5eb8-9b54-66f26a915094,02adf82e-e44f-448b-8900-b006de5d7c46,question_number,source_provided,True,True,3,3,matched
t160-quality-20261006T132638Z-80ad8d90-05-IMP-SCAN-r2,IMP-SCAN,2,automatic,d6acd365-a6d5-5eb8-9b54-66f26a915094,02adf82e-e44f-448b-8900-b006de5d7c46,order_index,source_provided,True,True,3,3,matched
t160-quality-20261006T132638Z-80ad8d90-05-IMP-SCAN-r2,IMP-SCAN,2,automatic,d6acd365-a6d5-5eb8-9b54-66f26a915094,02adf82e-e44f-448b-8900-b006de5d7c46,source_page_numbers,source_provided,True,True,[1],[1],matched
t160-quality-20261006T132638Z-80ad8d90-05-IMP-SCAN-r2,IMP-SCAN,2,automatic,d6acd365-a6d5-5eb8-9b54-66f26a915094,02adf82e-e44f-448b-8900-b006de5d7c46,question_type,source_provided,True,True,SHORT_ANSWER,SHORT_ANSWER,matched
t160-quality-20261006T132638Z-80ad8d90-05-IMP-SCAN-r2,IMP-SCAN,2,automatic,d6acd365-a6d5-5eb8-9b54-66f26a915094,02adf82e-e44f-448b-8900-b006de5d7c46,content,source_provided,True,False,根据下表写出 y 关于 x 的关系式。,根据下表写出y关于x的关系式。,matched
t160-quality-20261006T132638Z-80ad8d90-05-IMP-SCAN-r2,IMP-SCAN,2,automatic,d6acd365-a6d5-5eb8-9b54-66f26a915094,02adf82e-e44f-448b-8900-b006de5d7c46,options,not_applicable,True,True,,,matched
t160-quality-20261006T132638Z-80ad8d90-05-IMP-SCAN-r2,IMP-SCAN,2,automatic,d6acd365-a6d5-5eb8-9b54-66f26a915094,02adf82e-e44f-448b-8900-b006de5d7c46,reference_answer,known_missing,True,True,,,matched
t160-quality-20261006T132638Z-80ad8d90-05-IMP-SCAN-r2,IMP-SCAN,2,automatic,d6acd365-a6d5-5eb8-9b54-66f26a915094,02adf82e-e44f-448b-8900-b006de5d7c46,analysis,known_missing,True,True,,,matched
t160-quality-20261006T132638Z-80ad8d90-05-IMP-SCAN-r2,IMP-SCAN,2,automatic,d6acd365-a6d5-5eb8-9b54-66f26a915094,02adf82e-e44f-448b-8900-b006de5d7c46,score,source_provided,True,True,3.00,3.00,matched
t160-quality-20261006T132638Z-80ad8d90-05-IMP-SCAN-r2,IMP-SCAN,2,automatic,d6acd365-a6d5-5eb8-9b54-66f26a915094,02adf82e-e44f-448b-8900-b006de5d7c46,scoring_rubric,source_provided,True,False,正确关系式 1.00；说明代入过程 2.00。,正确关系式1.00；说明代入过程2.00。,matched
t160-quality-20261006T132638Z-80ad8d90-05-IMP-SCAN-r2,IMP-SCAN,2,automatic,d6acd365-a6d5-5eb8-9b54-66f26a915094,02adf82e-e44f-448b-8900-b006de5d7c46,knowledge_points,source_provided,True,True,"[""一次函数"", ""表达与计算""]","[""一次函数"", ""表达与计算""]",matched
t160-quality-20261006T132638Z-80ad8d90-05-IMP-SCAN-r2,IMP-SCAN,2,automatic,d6acd365-a6d5-5eb8-9b54-66f26a915094,02adf82e-e44f-448b-8900-b006de5d7c46,source_regions,unknown,False,,,,reference_unknown
t160-quality-20261006T132638Z-80ad8d90-05-IMP-SCAN-r2,IMP-SCAN,2,automatic,d6acd365-a6d5-5eb8-9b54-66f26a915094,02adf82e-e44f-448b-8900-b006de5d7c46,assets,source_provided,True,False,"[{""asset_type"": ""table"", ""source_page_number"": 1, ""order_index"": 1}]",,matched
t160-quality-20261006T132638Z-80ad8d90-05-IMP-SCAN-r2,IMP-SCAN,2,assisted_corrected,74d666eb-fc46-5106-8ea2-ea5c967c6457,ef540b98-c2db-4a55-a6c9-6a23d4c1429a,question_number,source_provided,True,True,1,1,matched
t160-quality-20261006T132638Z-80ad8d90-05-IMP-SCAN-r2,IMP-SCAN,2,assisted_corrected,74d666eb-fc46-5106-8ea2-ea5c967c6457,ef540b98-c2db-4a55-a6c9-6a23d4c1429a,order_index,source_provided,True,True,1,1,matched
t160-quality-20261006T132638Z-80ad8d90-05-IMP-SCAN-r2,IMP-SCAN,2,assisted_corrected,74d666eb-fc46-5106-8ea2-ea5c967c6457,ef540b98-c2db-4a55-a6c9-6a23d4c1429a,source_page_numbers,source_provided,True,True,[1],[1],matched
t160-quality-20261006T132638Z-80ad8d90-05-IMP-SCAN-r2,IMP-SCAN,2,assisted_corrected,74d666eb-fc46-5106-8ea2-ea5c967c6457,ef540b98-c2db-4a55-a6c9-6a23d4c1429a,question_type,source_provided,True,True,SINGLE_CHOICE,SINGLE_CHOICE,matched
t160-quality-20261006T132638Z-80ad8d90-05-IMP-SCAN-r2,IMP-SCAN,2,assisted_corrected,74d666eb-fc46-5106-8ea2-ea5c967c6457,ef540b98-c2db-4a55-a6c9-6a23d4c1429a,content,source_provided,True,True,y = 2x + 1，x = 3 时 y 为多少？,y = 2x + 1，x = 3 时 y 为多少？,matched
t160-quality-20261006T132638Z-80ad8d90-05-IMP-SCAN-r2,IMP-SCAN,2,assisted_corrected,74d666eb-fc46-5106-8ea2-ea5c967c6457,ef540b98-c2db-4a55-a6c9-6a23d4c1429a,options,source_provided,True,True,"{""C"": ""7"", ""A"": ""5"", ""B"": ""6"", ""D"": ""8""}","{""C"": ""7"", ""A"": ""5"", ""B"": ""6"", ""D"": ""8""}",matched
t160-quality-20261006T132638Z-80ad8d90-05-IMP-SCAN-r2,IMP-SCAN,2,assisted_corrected,74d666eb-fc46-5106-8ea2-ea5c967c6457,ef540b98-c2db-4a55-a6c9-6a23d4c1429a,reference_answer,source_provided,True,True,C,C,matched
t160-quality-20261006T132638Z-80ad8d90-05-IMP-SCAN-r2,IMP-SCAN,2,assisted_corrected,74d666eb-fc46-5106-8ea2-ea5c967c6457,ef540b98-c2db-4a55-a6c9-6a23d4c1429a,analysis,source_provided,True,True,2 × 3 + 1 = 7。,2 × 3 + 1 = 7。,matched
t160-quality-20261006T132638Z-80ad8d90-05-IMP-SCAN-r2,IMP-SCAN,2,assisted_corrected,74d666eb-fc46-5106-8ea2-ea5c967c6457,ef540b98-c2db-4a55-a6c9-6a23d4c1429a,score,source_provided,True,True,2.00,2.00,matched
t160-quality-20261006T132638Z-80ad8d90-05-IMP-SCAN-r2,IMP-SCAN,2,assisted_corrected,74d666eb-fc46-5106-8ea2-ea5c967c6457,ef540b98-c2db-4a55-a6c9-6a23d4c1429a,scoring_rubric,known_missing,True,True,,,matched
t160-quality-20261006T132638Z-80ad8d90-05-IMP-SCAN-r2,IMP-SCAN,2,assisted_corrected,74d666eb-fc46-5106-8ea2-ea5c967c6457,ef540b98-c2db-4a55-a6c9-6a23d4c1429a,knowledge_points,known_missing,True,True,[],[],matched
t160-quality-20261006T132638Z-80ad8d90-05-IMP-SCAN-r2,IMP-SCAN,2,assisted_corrected,74d666eb-fc46-5106-8ea2-ea5c967c6457,ef540b98-c2db-4a55-a6c9-6a23d4c1429a,source_regions,unknown,False,,,,reference_unknown
t160-quality-20261006T132638Z-80ad8d90-05-IMP-SCAN-r2,IMP-SCAN,2,assisted_corrected,74d666eb-fc46-5106-8ea2-ea5c967c6457,ef540b98-c2db-4a55-a6c9-6a23d4c1429a,assets,source_provided,True,True,[],[],matched
t160-quality-20261006T132638Z-80ad8d90-05-IMP-SCAN-r2,IMP-SCAN,2,assisted_corrected,5f47ee64-edec-5327-9172-bb8454c7640d,603aba3c-e7ef-4f2c-b09b-5f5d605c516c,question_number,source_provided,True,True,2,2,matched
t160-quality-20261006T132638Z-80ad8d90-05-IMP-SCAN-r2,IMP-SCAN,2,assisted_corrected,5f47ee64-edec-5327-9172-bb8454c7640d,603aba3c-e7ef-4f2c-b09b-5f5d605c516c,order_index,source_provided,True,True,2,2,matched
t160-quality-20261006T132638Z-80ad8d90-05-IMP-SCAN-r2,IMP-SCAN,2,assisted_corrected,5f47ee64-edec-5327-9172-bb8454c7640d,603aba3c-e7ef-4f2c-b09b-5f5d605c516c,source_page_numbers,source_provided,True,True,[1],[1],matched
t160-quality-20261006T132638Z-80ad8d90-05-IMP-SCAN-r2,IMP-SCAN,2,assisted_corrected,5f47ee64-edec-5327-9172-bb8454c7640d,603aba3c-e7ef-4f2c-b09b-5f5d605c516c,question_type,source_provided,True,True,TRUE_FALSE,TRUE_FALSE,matched
t160-quality-20261006T132638Z-80ad8d90-05-IMP-SCAN-r2,IMP-SCAN,2,assisted_corrected,5f47ee64-edec-5327-9172-bb8454c7640d,603aba3c-e7ef-4f2c-b09b-5f5d605c516c,content,source_provided,True,True,右图三角形面积为 24 cm²。,右图三角形面积为 24 cm²。,matched
t160-quality-20261006T132638Z-80ad8d90-05-IMP-SCAN-r2,IMP-SCAN,2,assisted_corrected,5f47ee64-edec-5327-9172-bb8454c7640d,603aba3c-e7ef-4f2c-b09b-5f5d605c516c,options,source_provided,True,True,"[""正确"", ""错误""]","[""正确"", ""错误""]",matched
t160-quality-20261006T132638Z-80ad8d90-05-IMP-SCAN-r2,IMP-SCAN,2,assisted_corrected,5f47ee64-edec-5327-9172-bb8454c7640d,603aba3c-e7ef-4f2c-b09b-5f5d605c516c,reference_answer,known_missing,True,True,,,matched
t160-quality-20261006T132638Z-80ad8d90-05-IMP-SCAN-r2,IMP-SCAN,2,assisted_corrected,5f47ee64-edec-5327-9172-bb8454c7640d,603aba3c-e7ef-4f2c-b09b-5f5d605c516c,analysis,known_missing,True,True,,,matched
t160-quality-20261006T132638Z-80ad8d90-05-IMP-SCAN-r2,IMP-SCAN,2,assisted_corrected,5f47ee64-edec-5327-9172-bb8454c7640d,603aba3c-e7ef-4f2c-b09b-5f5d605c516c,score,source_provided,True,True,2.00,2.00,matched
t160-quality-20261006T132638Z-80ad8d90-05-IMP-SCAN-r2,IMP-SCAN,2,assisted_corrected,5f47ee64-edec-5327-9172-bb8454c7640d,603aba3c-e7ef-4f2c-b09b-5f5d605c516c,scoring_rubric,known_missing,True,True,,,matched
t160-quality-20261006T132638Z-80ad8d90-05-IMP-SCAN-r2,IMP-SCAN,2,assisted_corrected,5f47ee64-edec-5327-9172-bb8454c7640d,603aba3c-e7ef-4f2c-b09b-5f5d605c516c,knowledge_points,known_missing,True,True,[],[],matched
t160-quality-20261006T132638Z-80ad8d90-05-IMP-SCAN-r2,IMP-SCAN,2,assisted_corrected,5f47ee64-edec-5327-9172-bb8454c7640d,603aba3c-e7ef-4f2c-b09b-5f5d605c516c,source_regions,unknown,False,,,,reference_unknown
t160-quality-20261006T132638Z-80ad8d90-05-IMP-SCAN-r2,IMP-SCAN,2,assisted_corrected,5f47ee64-edec-5327-9172-bb8454c7640d,603aba3c-e7ef-4f2c-b09b-5f5d605c516c,assets,source_provided,True,False,"[{""asset_type"": ""figure"", ""source_page_number"": 1, ""order_index"": 1}]",,matched
t160-quality-20261006T132638Z-80ad8d90-05-IMP-SCAN-r2,IMP-SCAN,2,assisted_corrected,d6acd365-a6d5-5eb8-9b54-66f26a915094,02adf82e-e44f-448b-8900-b006de5d7c46,question_number,source_provided,True,True,3,3,matched
t160-quality-20261006T132638Z-80ad8d90-05-IMP-SCAN-r2,IMP-SCAN,2,assisted_corrected,d6acd365-a6d5-5eb8-9b54-66f26a915094,02adf82e-e44f-448b-8900-b006de5d7c46,order_index,source_provided,True,True,3,3,matched
t160-quality-20261006T132638Z-80ad8d90-05-IMP-SCAN-r2,IMP-SCAN,2,assisted_corrected,d6acd365-a6d5-5eb8-9b54-66f26a915094,02adf82e-e44f-448b-8900-b006de5d7c46,source_page_numbers,source_provided,True,True,[1],[1],matched
t160-quality-20261006T132638Z-80ad8d90-05-IMP-SCAN-r2,IMP-SCAN,2,assisted_corrected,d6acd365-a6d5-5eb8-9b54-66f26a915094,02adf82e-e44f-448b-8900-b006de5d7c46,question_type,source_provided,True,True,SHORT_ANSWER,SHORT_ANSWER,matched
t160-quality-20261006T132638Z-80ad8d90-05-IMP-SCAN-r2,IMP-SCAN,2,assisted_corrected,d6acd365-a6d5-5eb8-9b54-66f26a915094,02adf82e-e44f-448b-8900-b006de5d7c46,content,source_provided,True,True,根据下表写出 y 关于 x 的关系式。,根据下表写出 y 关于 x 的关系式。,matched
t160-quality-20261006T132638Z-80ad8d90-05-IMP-SCAN-r2,IMP-SCAN,2,assisted_corrected,d6acd365-a6d5-5eb8-9b54-66f26a915094,02adf82e-e44f-448b-8900-b006de5d7c46,options,not_applicable,True,True,,,matched
t160-quality-20261006T132638Z-80ad8d90-05-IMP-SCAN-r2,IMP-SCAN,2,assisted_corrected,d6acd365-a6d5-5eb8-9b54-66f26a915094,02adf82e-e44f-448b-8900-b006de5d7c46,reference_answer,known_missing,True,True,,,matched
t160-quality-20261006T132638Z-80ad8d90-05-IMP-SCAN-r2,IMP-SCAN,2,assisted_corrected,d6acd365-a6d5-5eb8-9b54-66f26a915094,02adf82e-e44f-448b-8900-b006de5d7c46,analysis,known_missing,True,True,,,matched
t160-quality-20261006T132638Z-80ad8d90-05-IMP-SCAN-r2,IMP-SCAN,2,assisted_corrected,d6acd365-a6d5-5eb8-9b54-66f26a915094,02adf82e-e44f-448b-8900-b006de5d7c46,score,source_provided,True,True,3.00,3.00,matched
t160-quality-20261006T132638Z-80ad8d90-05-IMP-SCAN-r2,IMP-SCAN,2,assisted_corrected,d6acd365-a6d5-5eb8-9b54-66f26a915094,02adf82e-e44f-448b-8900-b006de5d7c46,scoring_rubric,source_provided,True,True,正确关系式 1.00；说明代入过程 2.00。,正确关系式 1.00；说明代入过程 2.00。,matched
t160-quality-20261006T132638Z-80ad8d90-05-IMP-SCAN-r2,IMP-SCAN,2,assisted_corrected,d6acd365-a6d5-5eb8-9b54-66f26a915094,02adf82e-e44f-448b-8900-b006de5d7c46,knowledge_points,source_provided,True,True,"[""一次函数"", ""表达与计算""]","[""一次函数"", ""表达与计算""]",matched
t160-quality-20261006T132638Z-80ad8d90-05-IMP-SCAN-r2,IMP-SCAN,2,assisted_corrected,d6acd365-a6d5-5eb8-9b54-66f26a915094,02adf82e-e44f-448b-8900-b006de5d7c46,source_regions,unknown,False,,,,reference_unknown
t160-quality-20261006T132638Z-80ad8d90-05-IMP-SCAN-r2,IMP-SCAN,2,assisted_corrected,d6acd365-a6d5-5eb8-9b54-66f26a915094,02adf82e-e44f-448b-8900-b006de5d7c46,assets,source_provided,True,False,"[{""asset_type"": ""table"", ""source_page_number"": 1, ""order_index"": 1}]",,matched
t160-quality-20261006T132638Z-80ad8d90-06-IMP-SCAN-r3,IMP-SCAN,3,automatic,74d666eb-fc46-5106-8ea2-ea5c967c6457,af30feff-7323-4e77-aac4-62597208b00b,question_number,source_provided,True,True,1,1,matched
t160-quality-20261006T132638Z-80ad8d90-06-IMP-SCAN-r3,IMP-SCAN,3,automatic,74d666eb-fc46-5106-8ea2-ea5c967c6457,af30feff-7323-4e77-aac4-62597208b00b,order_index,source_provided,True,True,1,1,matched
t160-quality-20261006T132638Z-80ad8d90-06-IMP-SCAN-r3,IMP-SCAN,3,automatic,74d666eb-fc46-5106-8ea2-ea5c967c6457,af30feff-7323-4e77-aac4-62597208b00b,source_page_numbers,source_provided,True,True,[1],[1],matched
t160-quality-20261006T132638Z-80ad8d90-06-IMP-SCAN-r3,IMP-SCAN,3,automatic,74d666eb-fc46-5106-8ea2-ea5c967c6457,af30feff-7323-4e77-aac4-62597208b00b,question_type,source_provided,True,True,SINGLE_CHOICE,SINGLE_CHOICE,matched
t160-quality-20261006T132638Z-80ad8d90-06-IMP-SCAN-r3,IMP-SCAN,3,automatic,74d666eb-fc46-5106-8ea2-ea5c967c6457,af30feff-7323-4e77-aac4-62597208b00b,content,source_provided,True,False,y = 2x + 1，x = 3 时 y 为多少？,y = 2x +1，x = 3 时y 为多少？,matched
t160-quality-20261006T132638Z-80ad8d90-06-IMP-SCAN-r3,IMP-SCAN,3,automatic,74d666eb-fc46-5106-8ea2-ea5c967c6457,af30feff-7323-4e77-aac4-62597208b00b,options,source_provided,True,True,"{""C"": ""7"", ""A"": ""5"", ""B"": ""6"", ""D"": ""8""}","{""C"": ""7"", ""A"": ""5"", ""B"": ""6"", ""D"": ""8""}",matched
t160-quality-20261006T132638Z-80ad8d90-06-IMP-SCAN-r3,IMP-SCAN,3,automatic,74d666eb-fc46-5106-8ea2-ea5c967c6457,af30feff-7323-4e77-aac4-62597208b00b,reference_answer,source_provided,True,True,C,C,matched
t160-quality-20261006T132638Z-80ad8d90-06-IMP-SCAN-r3,IMP-SCAN,3,automatic,74d666eb-fc46-5106-8ea2-ea5c967c6457,af30feff-7323-4e77-aac4-62597208b00b,analysis,source_provided,True,False,2 × 3 + 1 = 7。,2 × 3 +1=7。,matched
t160-quality-20261006T132638Z-80ad8d90-06-IMP-SCAN-r3,IMP-SCAN,3,automatic,74d666eb-fc46-5106-8ea2-ea5c967c6457,af30feff-7323-4e77-aac4-62597208b00b,score,source_provided,True,True,2.00,2.00,matched
t160-quality-20261006T132638Z-80ad8d90-06-IMP-SCAN-r3,IMP-SCAN,3,automatic,74d666eb-fc46-5106-8ea2-ea5c967c6457,af30feff-7323-4e77-aac4-62597208b00b,scoring_rubric,known_missing,True,True,,,matched
t160-quality-20261006T132638Z-80ad8d90-06-IMP-SCAN-r3,IMP-SCAN,3,automatic,74d666eb-fc46-5106-8ea2-ea5c967c6457,af30feff-7323-4e77-aac4-62597208b00b,knowledge_points,known_missing,True,False,[],,matched
t160-quality-20261006T132638Z-80ad8d90-06-IMP-SCAN-r3,IMP-SCAN,3,automatic,74d666eb-fc46-5106-8ea2-ea5c967c6457,af30feff-7323-4e77-aac4-62597208b00b,source_regions,unknown,False,,,,reference_unknown
t160-quality-20261006T132638Z-80ad8d90-06-IMP-SCAN-r3,IMP-SCAN,3,automatic,74d666eb-fc46-5106-8ea2-ea5c967c6457,af30feff-7323-4e77-aac4-62597208b00b,assets,source_provided,True,False,[],,matched
t160-quality-20261006T132638Z-80ad8d90-06-IMP-SCAN-r3,IMP-SCAN,3,automatic,5f47ee64-edec-5327-9172-bb8454c7640d,3c2f97eb-72ac-4279-8888-f80f6d3d6fe3,question_number,source_provided,True,True,2,2,matched
t160-quality-20261006T132638Z-80ad8d90-06-IMP-SCAN-r3,IMP-SCAN,3,automatic,5f47ee64-edec-5327-9172-bb8454c7640d,3c2f97eb-72ac-4279-8888-f80f6d3d6fe3,order_index,source_provided,True,True,2,2,matched
t160-quality-20261006T132638Z-80ad8d90-06-IMP-SCAN-r3,IMP-SCAN,3,automatic,5f47ee64-edec-5327-9172-bb8454c7640d,3c2f97eb-72ac-4279-8888-f80f6d3d6fe3,source_page_numbers,source_provided,True,True,[1],[1],matched
t160-quality-20261006T132638Z-80ad8d90-06-IMP-SCAN-r3,IMP-SCAN,3,automatic,5f47ee64-edec-5327-9172-bb8454c7640d,3c2f97eb-72ac-4279-8888-f80f6d3d6fe3,question_type,source_provided,True,True,TRUE_FALSE,TRUE_FALSE,matched
t160-quality-20261006T132638Z-80ad8d90-06-IMP-SCAN-r3,IMP-SCAN,3,automatic,5f47ee64-edec-5327-9172-bb8454c7640d,3c2f97eb-72ac-4279-8888-f80f6d3d6fe3,content,source_provided,True,False,右图三角形面积为 24 cm²。,右图三角形面积为24cm²。,matched
t160-quality-20261006T132638Z-80ad8d90-06-IMP-SCAN-r3,IMP-SCAN,3,automatic,5f47ee64-edec-5327-9172-bb8454c7640d,3c2f97eb-72ac-4279-8888-f80f6d3d6fe3,options,source_provided,True,True,"[""正确"", ""错误""]","[""正确"", ""错误""]",matched
t160-quality-20261006T132638Z-80ad8d90-06-IMP-SCAN-r3,IMP-SCAN,3,automatic,5f47ee64-edec-5327-9172-bb8454c7640d,3c2f97eb-72ac-4279-8888-f80f6d3d6fe3,reference_answer,known_missing,True,True,,,matched
t160-quality-20261006T132638Z-80ad8d90-06-IMP-SCAN-r3,IMP-SCAN,3,automatic,5f47ee64-edec-5327-9172-bb8454c7640d,3c2f97eb-72ac-4279-8888-f80f6d3d6fe3,analysis,known_missing,True,True,,,matched
t160-quality-20261006T132638Z-80ad8d90-06-IMP-SCAN-r3,IMP-SCAN,3,automatic,5f47ee64-edec-5327-9172-bb8454c7640d,3c2f97eb-72ac-4279-8888-f80f6d3d6fe3,score,source_provided,True,True,2.00,2.00,matched
t160-quality-20261006T132638Z-80ad8d90-06-IMP-SCAN-r3,IMP-SCAN,3,automatic,5f47ee64-edec-5327-9172-bb8454c7640d,3c2f97eb-72ac-4279-8888-f80f6d3d6fe3,scoring_rubric,known_missing,True,True,,,matched
t160-quality-20261006T132638Z-80ad8d90-06-IMP-SCAN-r3,IMP-SCAN,3,automatic,5f47ee64-edec-5327-9172-bb8454c7640d,3c2f97eb-72ac-4279-8888-f80f6d3d6fe3,knowledge_points,known_missing,True,False,[],,matched
t160-quality-20261006T132638Z-80ad8d90-06-IMP-SCAN-r3,IMP-SCAN,3,automatic,5f47ee64-edec-5327-9172-bb8454c7640d,3c2f97eb-72ac-4279-8888-f80f6d3d6fe3,source_regions,unknown,False,,,,reference_unknown
t160-quality-20261006T132638Z-80ad8d90-06-IMP-SCAN-r3,IMP-SCAN,3,automatic,5f47ee64-edec-5327-9172-bb8454c7640d,3c2f97eb-72ac-4279-8888-f80f6d3d6fe3,assets,source_provided,True,False,"[{""asset_type"": ""figure"", ""source_page_number"": 1, ""order_index"": 1}]",,matched
t160-quality-20261006T132638Z-80ad8d90-06-IMP-SCAN-r3,IMP-SCAN,3,automatic,d6acd365-a6d5-5eb8-9b54-66f26a915094,caa788f8-a05f-4a91-9564-b06a399ee614,question_number,source_provided,True,True,3,3,matched
t160-quality-20261006T132638Z-80ad8d90-06-IMP-SCAN-r3,IMP-SCAN,3,automatic,d6acd365-a6d5-5eb8-9b54-66f26a915094,caa788f8-a05f-4a91-9564-b06a399ee614,order_index,source_provided,True,True,3,3,matched
t160-quality-20261006T132638Z-80ad8d90-06-IMP-SCAN-r3,IMP-SCAN,3,automatic,d6acd365-a6d5-5eb8-9b54-66f26a915094,caa788f8-a05f-4a91-9564-b06a399ee614,source_page_numbers,source_provided,True,True,[1],[1],matched
t160-quality-20261006T132638Z-80ad8d90-06-IMP-SCAN-r3,IMP-SCAN,3,automatic,d6acd365-a6d5-5eb8-9b54-66f26a915094,caa788f8-a05f-4a91-9564-b06a399ee614,question_type,source_provided,True,True,SHORT_ANSWER,SHORT_ANSWER,matched
t160-quality-20261006T132638Z-80ad8d90-06-IMP-SCAN-r3,IMP-SCAN,3,automatic,d6acd365-a6d5-5eb8-9b54-66f26a915094,caa788f8-a05f-4a91-9564-b06a399ee614,content,source_provided,True,False,根据下表写出 y 关于 x 的关系式。,根据下表写出y关于x的关系式。,matched
t160-quality-20261006T132638Z-80ad8d90-06-IMP-SCAN-r3,IMP-SCAN,3,automatic,d6acd365-a6d5-5eb8-9b54-66f26a915094,caa788f8-a05f-4a91-9564-b06a399ee614,options,not_applicable,True,True,,,matched
t160-quality-20261006T132638Z-80ad8d90-06-IMP-SCAN-r3,IMP-SCAN,3,automatic,d6acd365-a6d5-5eb8-9b54-66f26a915094,caa788f8-a05f-4a91-9564-b06a399ee614,reference_answer,known_missing,True,True,,,matched
t160-quality-20261006T132638Z-80ad8d90-06-IMP-SCAN-r3,IMP-SCAN,3,automatic,d6acd365-a6d5-5eb8-9b54-66f26a915094,caa788f8-a05f-4a91-9564-b06a399ee614,analysis,known_missing,True,True,,,matched
t160-quality-20261006T132638Z-80ad8d90-06-IMP-SCAN-r3,IMP-SCAN,3,automatic,d6acd365-a6d5-5eb8-9b54-66f26a915094,caa788f8-a05f-4a91-9564-b06a399ee614,score,source_provided,True,True,3.00,3.00,matched
t160-quality-20261006T132638Z-80ad8d90-06-IMP-SCAN-r3,IMP-SCAN,3,automatic,d6acd365-a6d5-5eb8-9b54-66f26a915094,caa788f8-a05f-4a91-9564-b06a399ee614,scoring_rubric,source_provided,True,False,正确关系式 1.00；说明代入过程 2.00。,正确关系式1.00；说明代入过程2.00。,matched
t160-quality-20261006T132638Z-80ad8d90-06-IMP-SCAN-r3,IMP-SCAN,3,automatic,d6acd365-a6d5-5eb8-9b54-66f26a915094,caa788f8-a05f-4a91-9564-b06a399ee614,knowledge_points,source_provided,True,True,"[""一次函数"", ""表达与计算""]","[""一次函数"", ""表达与计算""]",matched
t160-quality-20261006T132638Z-80ad8d90-06-IMP-SCAN-r3,IMP-SCAN,3,automatic,d6acd365-a6d5-5eb8-9b54-66f26a915094,caa788f8-a05f-4a91-9564-b06a399ee614,source_regions,unknown,False,,,,reference_unknown
t160-quality-20261006T132638Z-80ad8d90-06-IMP-SCAN-r3,IMP-SCAN,3,automatic,d6acd365-a6d5-5eb8-9b54-66f26a915094,caa788f8-a05f-4a91-9564-b06a399ee614,assets,source_provided,True,False,"[{""asset_type"": ""table"", ""source_page_number"": 1, ""order_index"": 1}]",,matched
t160-quality-20261006T132638Z-80ad8d90-06-IMP-SCAN-r3,IMP-SCAN,3,assisted_corrected,74d666eb-fc46-5106-8ea2-ea5c967c6457,af30feff-7323-4e77-aac4-62597208b00b,question_number,source_provided,True,True,1,1,matched
t160-quality-20261006T132638Z-80ad8d90-06-IMP-SCAN-r3,IMP-SCAN,3,assisted_corrected,74d666eb-fc46-5106-8ea2-ea5c967c6457,af30feff-7323-4e77-aac4-62597208b00b,order_index,source_provided,True,True,1,1,matched
t160-quality-20261006T132638Z-80ad8d90-06-IMP-SCAN-r3,IMP-SCAN,3,assisted_corrected,74d666eb-fc46-5106-8ea2-ea5c967c6457,af30feff-7323-4e77-aac4-62597208b00b,source_page_numbers,source_provided,True,True,[1],[1],matched
t160-quality-20261006T132638Z-80ad8d90-06-IMP-SCAN-r3,IMP-SCAN,3,assisted_corrected,74d666eb-fc46-5106-8ea2-ea5c967c6457,af30feff-7323-4e77-aac4-62597208b00b,question_type,source_provided,True,True,SINGLE_CHOICE,SINGLE_CHOICE,matched
t160-quality-20261006T132638Z-80ad8d90-06-IMP-SCAN-r3,IMP-SCAN,3,assisted_corrected,74d666eb-fc46-5106-8ea2-ea5c967c6457,af30feff-7323-4e77-aac4-62597208b00b,content,source_provided,True,True,y = 2x + 1，x = 3 时 y 为多少？,y = 2x + 1，x = 3 时 y 为多少？,matched
t160-quality-20261006T132638Z-80ad8d90-06-IMP-SCAN-r3,IMP-SCAN,3,assisted_corrected,74d666eb-fc46-5106-8ea2-ea5c967c6457,af30feff-7323-4e77-aac4-62597208b00b,options,source_provided,True,True,"{""C"": ""7"", ""A"": ""5"", ""B"": ""6"", ""D"": ""8""}","{""C"": ""7"", ""A"": ""5"", ""B"": ""6"", ""D"": ""8""}",matched
t160-quality-20261006T132638Z-80ad8d90-06-IMP-SCAN-r3,IMP-SCAN,3,assisted_corrected,74d666eb-fc46-5106-8ea2-ea5c967c6457,af30feff-7323-4e77-aac4-62597208b00b,reference_answer,source_provided,True,True,C,C,matched
t160-quality-20261006T132638Z-80ad8d90-06-IMP-SCAN-r3,IMP-SCAN,3,assisted_corrected,74d666eb-fc46-5106-8ea2-ea5c967c6457,af30feff-7323-4e77-aac4-62597208b00b,analysis,source_provided,True,True,2 × 3 + 1 = 7。,2 × 3 + 1 = 7。,matched
t160-quality-20261006T132638Z-80ad8d90-06-IMP-SCAN-r3,IMP-SCAN,3,assisted_corrected,74d666eb-fc46-5106-8ea2-ea5c967c6457,af30feff-7323-4e77-aac4-62597208b00b,score,source_provided,True,True,2.00,2.00,matched
t160-quality-20261006T132638Z-80ad8d90-06-IMP-SCAN-r3,IMP-SCAN,3,assisted_corrected,74d666eb-fc46-5106-8ea2-ea5c967c6457,af30feff-7323-4e77-aac4-62597208b00b,scoring_rubric,known_missing,True,True,,,matched
t160-quality-20261006T132638Z-80ad8d90-06-IMP-SCAN-r3,IMP-SCAN,3,assisted_corrected,74d666eb-fc46-5106-8ea2-ea5c967c6457,af30feff-7323-4e77-aac4-62597208b00b,knowledge_points,known_missing,True,True,[],[],matched
t160-quality-20261006T132638Z-80ad8d90-06-IMP-SCAN-r3,IMP-SCAN,3,assisted_corrected,74d666eb-fc46-5106-8ea2-ea5c967c6457,af30feff-7323-4e77-aac4-62597208b00b,source_regions,unknown,False,,,,reference_unknown
t160-quality-20261006T132638Z-80ad8d90-06-IMP-SCAN-r3,IMP-SCAN,3,assisted_corrected,74d666eb-fc46-5106-8ea2-ea5c967c6457,af30feff-7323-4e77-aac4-62597208b00b,assets,source_provided,True,True,[],[],matched
t160-quality-20261006T132638Z-80ad8d90-06-IMP-SCAN-r3,IMP-SCAN,3,assisted_corrected,5f47ee64-edec-5327-9172-bb8454c7640d,3c2f97eb-72ac-4279-8888-f80f6d3d6fe3,question_number,source_provided,True,True,2,2,matched
t160-quality-20261006T132638Z-80ad8d90-06-IMP-SCAN-r3,IMP-SCAN,3,assisted_corrected,5f47ee64-edec-5327-9172-bb8454c7640d,3c2f97eb-72ac-4279-8888-f80f6d3d6fe3,order_index,source_provided,True,True,2,2,matched
t160-quality-20261006T132638Z-80ad8d90-06-IMP-SCAN-r3,IMP-SCAN,3,assisted_corrected,5f47ee64-edec-5327-9172-bb8454c7640d,3c2f97eb-72ac-4279-8888-f80f6d3d6fe3,source_page_numbers,source_provided,True,True,[1],[1],matched
t160-quality-20261006T132638Z-80ad8d90-06-IMP-SCAN-r3,IMP-SCAN,3,assisted_corrected,5f47ee64-edec-5327-9172-bb8454c7640d,3c2f97eb-72ac-4279-8888-f80f6d3d6fe3,question_type,source_provided,True,True,TRUE_FALSE,TRUE_FALSE,matched
t160-quality-20261006T132638Z-80ad8d90-06-IMP-SCAN-r3,IMP-SCAN,3,assisted_corrected,5f47ee64-edec-5327-9172-bb8454c7640d,3c2f97eb-72ac-4279-8888-f80f6d3d6fe3,content,source_provided,True,True,右图三角形面积为 24 cm²。,右图三角形面积为 24 cm²。,matched
t160-quality-20261006T132638Z-80ad8d90-06-IMP-SCAN-r3,IMP-SCAN,3,assisted_corrected,5f47ee64-edec-5327-9172-bb8454c7640d,3c2f97eb-72ac-4279-8888-f80f6d3d6fe3,options,source_provided,True,True,"[""正确"", ""错误""]","[""正确"", ""错误""]",matched
t160-quality-20261006T132638Z-80ad8d90-06-IMP-SCAN-r3,IMP-SCAN,3,assisted_corrected,5f47ee64-edec-5327-9172-bb8454c7640d,3c2f97eb-72ac-4279-8888-f80f6d3d6fe3,reference_answer,known_missing,True,True,,,matched
t160-quality-20261006T132638Z-80ad8d90-06-IMP-SCAN-r3,IMP-SCAN,3,assisted_corrected,5f47ee64-edec-5327-9172-bb8454c7640d,3c2f97eb-72ac-4279-8888-f80f6d3d6fe3,analysis,known_missing,True,True,,,matched
t160-quality-20261006T132638Z-80ad8d90-06-IMP-SCAN-r3,IMP-SCAN,3,assisted_corrected,5f47ee64-edec-5327-9172-bb8454c7640d,3c2f97eb-72ac-4279-8888-f80f6d3d6fe3,score,source_provided,True,True,2.00,2.00,matched
t160-quality-20261006T132638Z-80ad8d90-06-IMP-SCAN-r3,IMP-SCAN,3,assisted_corrected,5f47ee64-edec-5327-9172-bb8454c7640d,3c2f97eb-72ac-4279-8888-f80f6d3d6fe3,scoring_rubric,known_missing,True,True,,,matched
t160-quality-20261006T132638Z-80ad8d90-06-IMP-SCAN-r3,IMP-SCAN,3,assisted_corrected,5f47ee64-edec-5327-9172-bb8454c7640d,3c2f97eb-72ac-4279-8888-f80f6d3d6fe3,knowledge_points,known_missing,True,True,[],[],matched
t160-quality-20261006T132638Z-80ad8d90-06-IMP-SCAN-r3,IMP-SCAN,3,assisted_corrected,5f47ee64-edec-5327-9172-bb8454c7640d,3c2f97eb-72ac-4279-8888-f80f6d3d6fe3,source_regions,unknown,False,,,,reference_unknown
t160-quality-20261006T132638Z-80ad8d90-06-IMP-SCAN-r3,IMP-SCAN,3,assisted_corrected,5f47ee64-edec-5327-9172-bb8454c7640d,3c2f97eb-72ac-4279-8888-f80f6d3d6fe3,assets,source_provided,True,False,"[{""asset_type"": ""figure"", ""source_page_number"": 1, ""order_index"": 1}]",,matched
t160-quality-20261006T132638Z-80ad8d90-06-IMP-SCAN-r3,IMP-SCAN,3,assisted_corrected,d6acd365-a6d5-5eb8-9b54-66f26a915094,caa788f8-a05f-4a91-9564-b06a399ee614,question_number,source_provided,True,True,3,3,matched
t160-quality-20261006T132638Z-80ad8d90-06-IMP-SCAN-r3,IMP-SCAN,3,assisted_corrected,d6acd365-a6d5-5eb8-9b54-66f26a915094,caa788f8-a05f-4a91-9564-b06a399ee614,order_index,source_provided,True,True,3,3,matched
t160-quality-20261006T132638Z-80ad8d90-06-IMP-SCAN-r3,IMP-SCAN,3,assisted_corrected,d6acd365-a6d5-5eb8-9b54-66f26a915094,caa788f8-a05f-4a91-9564-b06a399ee614,source_page_numbers,source_provided,True,True,[1],[1],matched
t160-quality-20261006T132638Z-80ad8d90-06-IMP-SCAN-r3,IMP-SCAN,3,assisted_corrected,d6acd365-a6d5-5eb8-9b54-66f26a915094,caa788f8-a05f-4a91-9564-b06a399ee614,question_type,source_provided,True,True,SHORT_ANSWER,SHORT_ANSWER,matched
t160-quality-20261006T132638Z-80ad8d90-06-IMP-SCAN-r3,IMP-SCAN,3,assisted_corrected,d6acd365-a6d5-5eb8-9b54-66f26a915094,caa788f8-a05f-4a91-9564-b06a399ee614,content,source_provided,True,True,根据下表写出 y 关于 x 的关系式。,根据下表写出 y 关于 x 的关系式。,matched
t160-quality-20261006T132638Z-80ad8d90-06-IMP-SCAN-r3,IMP-SCAN,3,assisted_corrected,d6acd365-a6d5-5eb8-9b54-66f26a915094,caa788f8-a05f-4a91-9564-b06a399ee614,options,not_applicable,True,True,,,matched
t160-quality-20261006T132638Z-80ad8d90-06-IMP-SCAN-r3,IMP-SCAN,3,assisted_corrected,d6acd365-a6d5-5eb8-9b54-66f26a915094,caa788f8-a05f-4a91-9564-b06a399ee614,reference_answer,known_missing,True,True,,,matched
t160-quality-20261006T132638Z-80ad8d90-06-IMP-SCAN-r3,IMP-SCAN,3,assisted_corrected,d6acd365-a6d5-5eb8-9b54-66f26a915094,caa788f8-a05f-4a91-9564-b06a399ee614,analysis,known_missing,True,True,,,matched
t160-quality-20261006T132638Z-80ad8d90-06-IMP-SCAN-r3,IMP-SCAN,3,assisted_corrected,d6acd365-a6d5-5eb8-9b54-66f26a915094,caa788f8-a05f-4a91-9564-b06a399ee614,score,source_provided,True,True,3.00,3.00,matched
t160-quality-20261006T132638Z-80ad8d90-06-IMP-SCAN-r3,IMP-SCAN,3,assisted_corrected,d6acd365-a6d5-5eb8-9b54-66f26a915094,caa788f8-a05f-4a91-9564-b06a399ee614,scoring_rubric,source_provided,True,True,正确关系式 1.00；说明代入过程 2.00。,正确关系式 1.00；说明代入过程 2.00。,matched
t160-quality-20261006T132638Z-80ad8d90-06-IMP-SCAN-r3,IMP-SCAN,3,assisted_corrected,d6acd365-a6d5-5eb8-9b54-66f26a915094,caa788f8-a05f-4a91-9564-b06a399ee614,knowledge_points,source_provided,True,True,"[""一次函数"", ""表达与计算""]","[""一次函数"", ""表达与计算""]",matched
t160-quality-20261006T132638Z-80ad8d90-06-IMP-SCAN-r3,IMP-SCAN,3,assisted_corrected,d6acd365-a6d5-5eb8-9b54-66f26a915094,caa788f8-a05f-4a91-9564-b06a399ee614,source_regions,unknown,False,,,,reference_unknown
t160-quality-20261006T132638Z-80ad8d90-06-IMP-SCAN-r3,IMP-SCAN,3,assisted_corrected,d6acd365-a6d5-5eb8-9b54-66f26a915094,caa788f8-a05f-4a91-9564-b06a399ee614,assets,source_provided,True,False,"[{""asset_type"": ""table"", ""source_page_number"": 1, ""order_index"": 1}]",,matched
t160-quality-20261006T132638Z-80ad8d90-07-IMP-IMAGE-r1,IMP-IMAGE,1,automatic,c4d750a5-4dc4-5a35-83e2-dee4ca44aca1,5fdbb72a-6743-465b-bd0f-36b0164c8f92,question_number,source_provided,True,True,1,1,matched
t160-quality-20261006T132638Z-80ad8d90-07-IMP-IMAGE-r1,IMP-IMAGE,1,automatic,c4d750a5-4dc4-5a35-83e2-dee4ca44aca1,5fdbb72a-6743-465b-bd0f-36b0164c8f92,order_index,source_provided,True,True,1,1,matched
t160-quality-20261006T132638Z-80ad8d90-07-IMP-IMAGE-r1,IMP-IMAGE,1,automatic,c4d750a5-4dc4-5a35-83e2-dee4ca44aca1,5fdbb72a-6743-465b-bd0f-36b0164c8f92,source_page_numbers,source_provided,True,True,[1],[1],matched
t160-quality-20261006T132638Z-80ad8d90-07-IMP-IMAGE-r1,IMP-IMAGE,1,automatic,c4d750a5-4dc4-5a35-83e2-dee4ca44aca1,5fdbb72a-6743-465b-bd0f-36b0164c8f92,question_type,source_provided,True,True,SINGLE_CHOICE,SINGLE_CHOICE,matched
t160-quality-20261006T132638Z-80ad8d90-07-IMP-IMAGE-r1,IMP-IMAGE,1,automatic,c4d750a5-4dc4-5a35-83e2-dee4ca44aca1,5fdbb72a-6743-465b-bd0f-36b0164c8f92,content,source_provided,True,False,y = 2x + 1，x = 3 时 y 为多少？,y = 2x +1，x = 3 时y 为多少？,matched
t160-quality-20261006T132638Z-80ad8d90-07-IMP-IMAGE-r1,IMP-IMAGE,1,automatic,c4d750a5-4dc4-5a35-83e2-dee4ca44aca1,5fdbb72a-6743-465b-bd0f-36b0164c8f92,options,source_provided,True,True,"{""C"": ""7"", ""A"": ""5"", ""B"": ""6"", ""D"": ""8""}","{""C"": ""7"", ""A"": ""5"", ""B"": ""6"", ""D"": ""8""}",matched
t160-quality-20261006T132638Z-80ad8d90-07-IMP-IMAGE-r1,IMP-IMAGE,1,automatic,c4d750a5-4dc4-5a35-83e2-dee4ca44aca1,5fdbb72a-6743-465b-bd0f-36b0164c8f92,reference_answer,source_provided,True,True,C,C,matched
t160-quality-20261006T132638Z-80ad8d90-07-IMP-IMAGE-r1,IMP-IMAGE,1,automatic,c4d750a5-4dc4-5a35-83e2-dee4ca44aca1,5fdbb72a-6743-465b-bd0f-36b0164c8f92,analysis,source_provided,True,False,2 × 3 + 1 = 7。,2 × 3 +1=7。,matched
t160-quality-20261006T132638Z-80ad8d90-07-IMP-IMAGE-r1,IMP-IMAGE,1,automatic,c4d750a5-4dc4-5a35-83e2-dee4ca44aca1,5fdbb72a-6743-465b-bd0f-36b0164c8f92,score,source_provided,True,True,2.00,2.00,matched
t160-quality-20261006T132638Z-80ad8d90-07-IMP-IMAGE-r1,IMP-IMAGE,1,automatic,c4d750a5-4dc4-5a35-83e2-dee4ca44aca1,5fdbb72a-6743-465b-bd0f-36b0164c8f92,scoring_rubric,known_missing,True,True,,,matched
t160-quality-20261006T132638Z-80ad8d90-07-IMP-IMAGE-r1,IMP-IMAGE,1,automatic,c4d750a5-4dc4-5a35-83e2-dee4ca44aca1,5fdbb72a-6743-465b-bd0f-36b0164c8f92,knowledge_points,known_missing,True,False,[],,matched
t160-quality-20261006T132638Z-80ad8d90-07-IMP-IMAGE-r1,IMP-IMAGE,1,automatic,c4d750a5-4dc4-5a35-83e2-dee4ca44aca1,5fdbb72a-6743-465b-bd0f-36b0164c8f92,source_regions,unknown,False,,,,reference_unknown
t160-quality-20261006T132638Z-80ad8d90-07-IMP-IMAGE-r1,IMP-IMAGE,1,automatic,c4d750a5-4dc4-5a35-83e2-dee4ca44aca1,5fdbb72a-6743-465b-bd0f-36b0164c8f92,assets,source_provided,True,False,[],,matched
t160-quality-20261006T132638Z-80ad8d90-07-IMP-IMAGE-r1,IMP-IMAGE,1,automatic,e418791a-1462-52b7-98fe-396ce71b8d48,9a496d79-c4a4-41f8-a533-ee75fcc255dd,question_number,source_provided,True,True,2,2,matched
t160-quality-20261006T132638Z-80ad8d90-07-IMP-IMAGE-r1,IMP-IMAGE,1,automatic,e418791a-1462-52b7-98fe-396ce71b8d48,9a496d79-c4a4-41f8-a533-ee75fcc255dd,order_index,source_provided,True,True,2,2,matched
t160-quality-20261006T132638Z-80ad8d90-07-IMP-IMAGE-r1,IMP-IMAGE,1,automatic,e418791a-1462-52b7-98fe-396ce71b8d48,9a496d79-c4a4-41f8-a533-ee75fcc255dd,source_page_numbers,source_provided,True,True,[1],[1],matched
t160-quality-20261006T132638Z-80ad8d90-07-IMP-IMAGE-r1,IMP-IMAGE,1,automatic,e418791a-1462-52b7-98fe-396ce71b8d48,9a496d79-c4a4-41f8-a533-ee75fcc255dd,question_type,source_provided,True,True,TRUE_FALSE,TRUE_FALSE,matched
t160-quality-20261006T132638Z-80ad8d90-07-IMP-IMAGE-r1,IMP-IMAGE,1,automatic,e418791a-1462-52b7-98fe-396ce71b8d48,9a496d79-c4a4-41f8-a533-ee75fcc255dd,content,source_provided,True,False,右图三角形面积为 24 cm²。,右图三角形面积为24cm²。,matched
t160-quality-20261006T132638Z-80ad8d90-07-IMP-IMAGE-r1,IMP-IMAGE,1,automatic,e418791a-1462-52b7-98fe-396ce71b8d48,9a496d79-c4a4-41f8-a533-ee75fcc255dd,options,source_provided,True,True,"[""正确"", ""错误""]","[""正确"", ""错误""]",matched
t160-quality-20261006T132638Z-80ad8d90-07-IMP-IMAGE-r1,IMP-IMAGE,1,automatic,e418791a-1462-52b7-98fe-396ce71b8d48,9a496d79-c4a4-41f8-a533-ee75fcc255dd,reference_answer,known_missing,True,True,,,matched
t160-quality-20261006T132638Z-80ad8d90-07-IMP-IMAGE-r1,IMP-IMAGE,1,automatic,e418791a-1462-52b7-98fe-396ce71b8d48,9a496d79-c4a4-41f8-a533-ee75fcc255dd,analysis,known_missing,True,True,,,matched
t160-quality-20261006T132638Z-80ad8d90-07-IMP-IMAGE-r1,IMP-IMAGE,1,automatic,e418791a-1462-52b7-98fe-396ce71b8d48,9a496d79-c4a4-41f8-a533-ee75fcc255dd,score,source_provided,True,True,2.00,2.00,matched
t160-quality-20261006T132638Z-80ad8d90-07-IMP-IMAGE-r1,IMP-IMAGE,1,automatic,e418791a-1462-52b7-98fe-396ce71b8d48,9a496d79-c4a4-41f8-a533-ee75fcc255dd,scoring_rubric,known_missing,True,True,,,matched
t160-quality-20261006T132638Z-80ad8d90-07-IMP-IMAGE-r1,IMP-IMAGE,1,automatic,e418791a-1462-52b7-98fe-396ce71b8d48,9a496d79-c4a4-41f8-a533-ee75fcc255dd,knowledge_points,known_missing,True,False,[],,matched
t160-quality-20261006T132638Z-80ad8d90-07-IMP-IMAGE-r1,IMP-IMAGE,1,automatic,e418791a-1462-52b7-98fe-396ce71b8d48,9a496d79-c4a4-41f8-a533-ee75fcc255dd,source_regions,unknown,False,,,,reference_unknown
t160-quality-20261006T132638Z-80ad8d90-07-IMP-IMAGE-r1,IMP-IMAGE,1,automatic,e418791a-1462-52b7-98fe-396ce71b8d48,9a496d79-c4a4-41f8-a533-ee75fcc255dd,assets,source_provided,True,False,"[{""asset_type"": ""figure"", ""source_page_number"": 1, ""order_index"": 1}]",,matched
t160-quality-20261006T132638Z-80ad8d90-07-IMP-IMAGE-r1,IMP-IMAGE,1,automatic,e5c1555f-e927-575c-b68c-85eb341a3202,28f023ee-328a-4edc-bc26-352765e2883e,question_number,source_provided,True,True,3,3,matched
t160-quality-20261006T132638Z-80ad8d90-07-IMP-IMAGE-r1,IMP-IMAGE,1,automatic,e5c1555f-e927-575c-b68c-85eb341a3202,28f023ee-328a-4edc-bc26-352765e2883e,order_index,source_provided,True,True,3,3,matched
t160-quality-20261006T132638Z-80ad8d90-07-IMP-IMAGE-r1,IMP-IMAGE,1,automatic,e5c1555f-e927-575c-b68c-85eb341a3202,28f023ee-328a-4edc-bc26-352765e2883e,source_page_numbers,source_provided,True,True,[1],[1],matched
t160-quality-20261006T132638Z-80ad8d90-07-IMP-IMAGE-r1,IMP-IMAGE,1,automatic,e5c1555f-e927-575c-b68c-85eb341a3202,28f023ee-328a-4edc-bc26-352765e2883e,question_type,source_provided,True,True,SHORT_ANSWER,SHORT_ANSWER,matched
t160-quality-20261006T132638Z-80ad8d90-07-IMP-IMAGE-r1,IMP-IMAGE,1,automatic,e5c1555f-e927-575c-b68c-85eb341a3202,28f023ee-328a-4edc-bc26-352765e2883e,content,source_provided,True,False,根据下表写出 y 关于 x 的关系式。,根据下表写出y关于x的关系式。,matched
t160-quality-20261006T132638Z-80ad8d90-07-IMP-IMAGE-r1,IMP-IMAGE,1,automatic,e5c1555f-e927-575c-b68c-85eb341a3202,28f023ee-328a-4edc-bc26-352765e2883e,options,not_applicable,True,True,,,matched
t160-quality-20261006T132638Z-80ad8d90-07-IMP-IMAGE-r1,IMP-IMAGE,1,automatic,e5c1555f-e927-575c-b68c-85eb341a3202,28f023ee-328a-4edc-bc26-352765e2883e,reference_answer,known_missing,True,True,,,matched
t160-quality-20261006T132638Z-80ad8d90-07-IMP-IMAGE-r1,IMP-IMAGE,1,automatic,e5c1555f-e927-575c-b68c-85eb341a3202,28f023ee-328a-4edc-bc26-352765e2883e,analysis,known_missing,True,True,,,matched
t160-quality-20261006T132638Z-80ad8d90-07-IMP-IMAGE-r1,IMP-IMAGE,1,automatic,e5c1555f-e927-575c-b68c-85eb341a3202,28f023ee-328a-4edc-bc26-352765e2883e,score,source_provided,True,True,3.00,3.00,matched
t160-quality-20261006T132638Z-80ad8d90-07-IMP-IMAGE-r1,IMP-IMAGE,1,automatic,e5c1555f-e927-575c-b68c-85eb341a3202,28f023ee-328a-4edc-bc26-352765e2883e,scoring_rubric,source_provided,True,False,正确关系式 1.00；说明代入过程 2.00。,正确关系式1.00；说明代入过程2.00。,matched
t160-quality-20261006T132638Z-80ad8d90-07-IMP-IMAGE-r1,IMP-IMAGE,1,automatic,e5c1555f-e927-575c-b68c-85eb341a3202,28f023ee-328a-4edc-bc26-352765e2883e,knowledge_points,source_provided,True,True,"[""一次函数"", ""表达与计算""]","[""一次函数"", ""表达与计算""]",matched
t160-quality-20261006T132638Z-80ad8d90-07-IMP-IMAGE-r1,IMP-IMAGE,1,automatic,e5c1555f-e927-575c-b68c-85eb341a3202,28f023ee-328a-4edc-bc26-352765e2883e,source_regions,unknown,False,,,,reference_unknown
t160-quality-20261006T132638Z-80ad8d90-07-IMP-IMAGE-r1,IMP-IMAGE,1,automatic,e5c1555f-e927-575c-b68c-85eb341a3202,28f023ee-328a-4edc-bc26-352765e2883e,assets,source_provided,True,False,"[{""asset_type"": ""table"", ""source_page_number"": 1, ""order_index"": 1}]",,matched
t160-quality-20261006T132638Z-80ad8d90-07-IMP-IMAGE-r1,IMP-IMAGE,1,assisted_corrected,c4d750a5-4dc4-5a35-83e2-dee4ca44aca1,5fdbb72a-6743-465b-bd0f-36b0164c8f92,question_number,source_provided,True,True,1,1,matched
t160-quality-20261006T132638Z-80ad8d90-07-IMP-IMAGE-r1,IMP-IMAGE,1,assisted_corrected,c4d750a5-4dc4-5a35-83e2-dee4ca44aca1,5fdbb72a-6743-465b-bd0f-36b0164c8f92,order_index,source_provided,True,True,1,1,matched
t160-quality-20261006T132638Z-80ad8d90-07-IMP-IMAGE-r1,IMP-IMAGE,1,assisted_corrected,c4d750a5-4dc4-5a35-83e2-dee4ca44aca1,5fdbb72a-6743-465b-bd0f-36b0164c8f92,source_page_numbers,source_provided,True,True,[1],[1],matched
t160-quality-20261006T132638Z-80ad8d90-07-IMP-IMAGE-r1,IMP-IMAGE,1,assisted_corrected,c4d750a5-4dc4-5a35-83e2-dee4ca44aca1,5fdbb72a-6743-465b-bd0f-36b0164c8f92,question_type,source_provided,True,True,SINGLE_CHOICE,SINGLE_CHOICE,matched
t160-quality-20261006T132638Z-80ad8d90-07-IMP-IMAGE-r1,IMP-IMAGE,1,assisted_corrected,c4d750a5-4dc4-5a35-83e2-dee4ca44aca1,5fdbb72a-6743-465b-bd0f-36b0164c8f92,content,source_provided,True,True,y = 2x + 1，x = 3 时 y 为多少？,y = 2x + 1，x = 3 时 y 为多少？,matched
t160-quality-20261006T132638Z-80ad8d90-07-IMP-IMAGE-r1,IMP-IMAGE,1,assisted_corrected,c4d750a5-4dc4-5a35-83e2-dee4ca44aca1,5fdbb72a-6743-465b-bd0f-36b0164c8f92,options,source_provided,True,True,"{""C"": ""7"", ""A"": ""5"", ""B"": ""6"", ""D"": ""8""}","{""C"": ""7"", ""A"": ""5"", ""B"": ""6"", ""D"": ""8""}",matched
t160-quality-20261006T132638Z-80ad8d90-07-IMP-IMAGE-r1,IMP-IMAGE,1,assisted_corrected,c4d750a5-4dc4-5a35-83e2-dee4ca44aca1,5fdbb72a-6743-465b-bd0f-36b0164c8f92,reference_answer,source_provided,True,True,C,C,matched
t160-quality-20261006T132638Z-80ad8d90-07-IMP-IMAGE-r1,IMP-IMAGE,1,assisted_corrected,c4d750a5-4dc4-5a35-83e2-dee4ca44aca1,5fdbb72a-6743-465b-bd0f-36b0164c8f92,analysis,source_provided,True,True,2 × 3 + 1 = 7。,2 × 3 + 1 = 7。,matched
t160-quality-20261006T132638Z-80ad8d90-07-IMP-IMAGE-r1,IMP-IMAGE,1,assisted_corrected,c4d750a5-4dc4-5a35-83e2-dee4ca44aca1,5fdbb72a-6743-465b-bd0f-36b0164c8f92,score,source_provided,True,True,2.00,2.00,matched
t160-quality-20261006T132638Z-80ad8d90-07-IMP-IMAGE-r1,IMP-IMAGE,1,assisted_corrected,c4d750a5-4dc4-5a35-83e2-dee4ca44aca1,5fdbb72a-6743-465b-bd0f-36b0164c8f92,scoring_rubric,known_missing,True,True,,,matched
t160-quality-20261006T132638Z-80ad8d90-07-IMP-IMAGE-r1,IMP-IMAGE,1,assisted_corrected,c4d750a5-4dc4-5a35-83e2-dee4ca44aca1,5fdbb72a-6743-465b-bd0f-36b0164c8f92,knowledge_points,known_missing,True,True,[],[],matched
t160-quality-20261006T132638Z-80ad8d90-07-IMP-IMAGE-r1,IMP-IMAGE,1,assisted_corrected,c4d750a5-4dc4-5a35-83e2-dee4ca44aca1,5fdbb72a-6743-465b-bd0f-36b0164c8f92,source_regions,unknown,False,,,,reference_unknown
t160-quality-20261006T132638Z-80ad8d90-07-IMP-IMAGE-r1,IMP-IMAGE,1,assisted_corrected,c4d750a5-4dc4-5a35-83e2-dee4ca44aca1,5fdbb72a-6743-465b-bd0f-36b0164c8f92,assets,source_provided,True,True,[],[],matched
t160-quality-20261006T132638Z-80ad8d90-07-IMP-IMAGE-r1,IMP-IMAGE,1,assisted_corrected,e418791a-1462-52b7-98fe-396ce71b8d48,9a496d79-c4a4-41f8-a533-ee75fcc255dd,question_number,source_provided,True,True,2,2,matched
t160-quality-20261006T132638Z-80ad8d90-07-IMP-IMAGE-r1,IMP-IMAGE,1,assisted_corrected,e418791a-1462-52b7-98fe-396ce71b8d48,9a496d79-c4a4-41f8-a533-ee75fcc255dd,order_index,source_provided,True,True,2,2,matched
t160-quality-20261006T132638Z-80ad8d90-07-IMP-IMAGE-r1,IMP-IMAGE,1,assisted_corrected,e418791a-1462-52b7-98fe-396ce71b8d48,9a496d79-c4a4-41f8-a533-ee75fcc255dd,source_page_numbers,source_provided,True,True,[1],[1],matched
t160-quality-20261006T132638Z-80ad8d90-07-IMP-IMAGE-r1,IMP-IMAGE,1,assisted_corrected,e418791a-1462-52b7-98fe-396ce71b8d48,9a496d79-c4a4-41f8-a533-ee75fcc255dd,question_type,source_provided,True,True,TRUE_FALSE,TRUE_FALSE,matched
t160-quality-20261006T132638Z-80ad8d90-07-IMP-IMAGE-r1,IMP-IMAGE,1,assisted_corrected,e418791a-1462-52b7-98fe-396ce71b8d48,9a496d79-c4a4-41f8-a533-ee75fcc255dd,content,source_provided,True,True,右图三角形面积为 24 cm²。,右图三角形面积为 24 cm²。,matched
t160-quality-20261006T132638Z-80ad8d90-07-IMP-IMAGE-r1,IMP-IMAGE,1,assisted_corrected,e418791a-1462-52b7-98fe-396ce71b8d48,9a496d79-c4a4-41f8-a533-ee75fcc255dd,options,source_provided,True,True,"[""正确"", ""错误""]","[""正确"", ""错误""]",matched
t160-quality-20261006T132638Z-80ad8d90-07-IMP-IMAGE-r1,IMP-IMAGE,1,assisted_corrected,e418791a-1462-52b7-98fe-396ce71b8d48,9a496d79-c4a4-41f8-a533-ee75fcc255dd,reference_answer,known_missing,True,True,,,matched
t160-quality-20261006T132638Z-80ad8d90-07-IMP-IMAGE-r1,IMP-IMAGE,1,assisted_corrected,e418791a-1462-52b7-98fe-396ce71b8d48,9a496d79-c4a4-41f8-a533-ee75fcc255dd,analysis,known_missing,True,True,,,matched
t160-quality-20261006T132638Z-80ad8d90-07-IMP-IMAGE-r1,IMP-IMAGE,1,assisted_corrected,e418791a-1462-52b7-98fe-396ce71b8d48,9a496d79-c4a4-41f8-a533-ee75fcc255dd,score,source_provided,True,True,2.00,2.00,matched
t160-quality-20261006T132638Z-80ad8d90-07-IMP-IMAGE-r1,IMP-IMAGE,1,assisted_corrected,e418791a-1462-52b7-98fe-396ce71b8d48,9a496d79-c4a4-41f8-a533-ee75fcc255dd,scoring_rubric,known_missing,True,True,,,matched
t160-quality-20261006T132638Z-80ad8d90-07-IMP-IMAGE-r1,IMP-IMAGE,1,assisted_corrected,e418791a-1462-52b7-98fe-396ce71b8d48,9a496d79-c4a4-41f8-a533-ee75fcc255dd,knowledge_points,known_missing,True,True,[],[],matched
t160-quality-20261006T132638Z-80ad8d90-07-IMP-IMAGE-r1,IMP-IMAGE,1,assisted_corrected,e418791a-1462-52b7-98fe-396ce71b8d48,9a496d79-c4a4-41f8-a533-ee75fcc255dd,source_regions,unknown,False,,,,reference_unknown
t160-quality-20261006T132638Z-80ad8d90-07-IMP-IMAGE-r1,IMP-IMAGE,1,assisted_corrected,e418791a-1462-52b7-98fe-396ce71b8d48,9a496d79-c4a4-41f8-a533-ee75fcc255dd,assets,source_provided,True,False,"[{""asset_type"": ""figure"", ""source_page_number"": 1, ""order_index"": 1}]",,matched
t160-quality-20261006T132638Z-80ad8d90-07-IMP-IMAGE-r1,IMP-IMAGE,1,assisted_corrected,e5c1555f-e927-575c-b68c-85eb341a3202,28f023ee-328a-4edc-bc26-352765e2883e,question_number,source_provided,True,True,3,3,matched
t160-quality-20261006T132638Z-80ad8d90-07-IMP-IMAGE-r1,IMP-IMAGE,1,assisted_corrected,e5c1555f-e927-575c-b68c-85eb341a3202,28f023ee-328a-4edc-bc26-352765e2883e,order_index,source_provided,True,True,3,3,matched
t160-quality-20261006T132638Z-80ad8d90-07-IMP-IMAGE-r1,IMP-IMAGE,1,assisted_corrected,e5c1555f-e927-575c-b68c-85eb341a3202,28f023ee-328a-4edc-bc26-352765e2883e,source_page_numbers,source_provided,True,True,[1],[1],matched
t160-quality-20261006T132638Z-80ad8d90-07-IMP-IMAGE-r1,IMP-IMAGE,1,assisted_corrected,e5c1555f-e927-575c-b68c-85eb341a3202,28f023ee-328a-4edc-bc26-352765e2883e,question_type,source_provided,True,True,SHORT_ANSWER,SHORT_ANSWER,matched
t160-quality-20261006T132638Z-80ad8d90-07-IMP-IMAGE-r1,IMP-IMAGE,1,assisted_corrected,e5c1555f-e927-575c-b68c-85eb341a3202,28f023ee-328a-4edc-bc26-352765e2883e,content,source_provided,True,True,根据下表写出 y 关于 x 的关系式。,根据下表写出 y 关于 x 的关系式。,matched
t160-quality-20261006T132638Z-80ad8d90-07-IMP-IMAGE-r1,IMP-IMAGE,1,assisted_corrected,e5c1555f-e927-575c-b68c-85eb341a3202,28f023ee-328a-4edc-bc26-352765e2883e,options,not_applicable,True,True,,,matched
t160-quality-20261006T132638Z-80ad8d90-07-IMP-IMAGE-r1,IMP-IMAGE,1,assisted_corrected,e5c1555f-e927-575c-b68c-85eb341a3202,28f023ee-328a-4edc-bc26-352765e2883e,reference_answer,known_missing,True,True,,,matched
t160-quality-20261006T132638Z-80ad8d90-07-IMP-IMAGE-r1,IMP-IMAGE,1,assisted_corrected,e5c1555f-e927-575c-b68c-85eb341a3202,28f023ee-328a-4edc-bc26-352765e2883e,analysis,known_missing,True,True,,,matched
t160-quality-20261006T132638Z-80ad8d90-07-IMP-IMAGE-r1,IMP-IMAGE,1,assisted_corrected,e5c1555f-e927-575c-b68c-85eb341a3202,28f023ee-328a-4edc-bc26-352765e2883e,score,source_provided,True,True,3.00,3.00,matched
t160-quality-20261006T132638Z-80ad8d90-07-IMP-IMAGE-r1,IMP-IMAGE,1,assisted_corrected,e5c1555f-e927-575c-b68c-85eb341a3202,28f023ee-328a-4edc-bc26-352765e2883e,scoring_rubric,source_provided,True,True,正确关系式 1.00；说明代入过程 2.00。,正确关系式 1.00；说明代入过程 2.00。,matched
t160-quality-20261006T132638Z-80ad8d90-07-IMP-IMAGE-r1,IMP-IMAGE,1,assisted_corrected,e5c1555f-e927-575c-b68c-85eb341a3202,28f023ee-328a-4edc-bc26-352765e2883e,knowledge_points,source_provided,True,True,"[""一次函数"", ""表达与计算""]","[""一次函数"", ""表达与计算""]",matched
t160-quality-20261006T132638Z-80ad8d90-07-IMP-IMAGE-r1,IMP-IMAGE,1,assisted_corrected,e5c1555f-e927-575c-b68c-85eb341a3202,28f023ee-328a-4edc-bc26-352765e2883e,source_regions,unknown,False,,,,reference_unknown
t160-quality-20261006T132638Z-80ad8d90-07-IMP-IMAGE-r1,IMP-IMAGE,1,assisted_corrected,e5c1555f-e927-575c-b68c-85eb341a3202,28f023ee-328a-4edc-bc26-352765e2883e,assets,source_provided,True,False,"[{""asset_type"": ""table"", ""source_page_number"": 1, ""order_index"": 1}]",,matched
t160-quality-20261006T132638Z-80ad8d90-08-IMP-IMAGE-r2,IMP-IMAGE,2,automatic,c4d750a5-4dc4-5a35-83e2-dee4ca44aca1,3eb2d4e4-c633-47ff-b823-3706ce25366f,question_number,source_provided,True,True,1,1,matched
t160-quality-20261006T132638Z-80ad8d90-08-IMP-IMAGE-r2,IMP-IMAGE,2,automatic,c4d750a5-4dc4-5a35-83e2-dee4ca44aca1,3eb2d4e4-c633-47ff-b823-3706ce25366f,order_index,source_provided,True,True,1,1,matched
t160-quality-20261006T132638Z-80ad8d90-08-IMP-IMAGE-r2,IMP-IMAGE,2,automatic,c4d750a5-4dc4-5a35-83e2-dee4ca44aca1,3eb2d4e4-c633-47ff-b823-3706ce25366f,source_page_numbers,source_provided,True,True,[1],[1],matched
t160-quality-20261006T132638Z-80ad8d90-08-IMP-IMAGE-r2,IMP-IMAGE,2,automatic,c4d750a5-4dc4-5a35-83e2-dee4ca44aca1,3eb2d4e4-c633-47ff-b823-3706ce25366f,question_type,source_provided,True,True,SINGLE_CHOICE,SINGLE_CHOICE,matched
t160-quality-20261006T132638Z-80ad8d90-08-IMP-IMAGE-r2,IMP-IMAGE,2,automatic,c4d750a5-4dc4-5a35-83e2-dee4ca44aca1,3eb2d4e4-c633-47ff-b823-3706ce25366f,content,source_provided,True,False,y = 2x + 1，x = 3 时 y 为多少？,y = 2x +1，x = 3 时y 为多少？,matched
t160-quality-20261006T132638Z-80ad8d90-08-IMP-IMAGE-r2,IMP-IMAGE,2,automatic,c4d750a5-4dc4-5a35-83e2-dee4ca44aca1,3eb2d4e4-c633-47ff-b823-3706ce25366f,options,source_provided,True,True,"{""C"": ""7"", ""A"": ""5"", ""B"": ""6"", ""D"": ""8""}","{""C"": ""7"", ""A"": ""5"", ""B"": ""6"", ""D"": ""8""}",matched
t160-quality-20261006T132638Z-80ad8d90-08-IMP-IMAGE-r2,IMP-IMAGE,2,automatic,c4d750a5-4dc4-5a35-83e2-dee4ca44aca1,3eb2d4e4-c633-47ff-b823-3706ce25366f,reference_answer,source_provided,True,True,C,C,matched
t160-quality-20261006T132638Z-80ad8d90-08-IMP-IMAGE-r2,IMP-IMAGE,2,automatic,c4d750a5-4dc4-5a35-83e2-dee4ca44aca1,3eb2d4e4-c633-47ff-b823-3706ce25366f,analysis,source_provided,True,False,2 × 3 + 1 = 7。,2 × 3 +1=7。,matched
t160-quality-20261006T132638Z-80ad8d90-08-IMP-IMAGE-r2,IMP-IMAGE,2,automatic,c4d750a5-4dc4-5a35-83e2-dee4ca44aca1,3eb2d4e4-c633-47ff-b823-3706ce25366f,score,source_provided,True,True,2.00,2.00,matched
t160-quality-20261006T132638Z-80ad8d90-08-IMP-IMAGE-r2,IMP-IMAGE,2,automatic,c4d750a5-4dc4-5a35-83e2-dee4ca44aca1,3eb2d4e4-c633-47ff-b823-3706ce25366f,scoring_rubric,known_missing,True,True,,,matched
t160-quality-20261006T132638Z-80ad8d90-08-IMP-IMAGE-r2,IMP-IMAGE,2,automatic,c4d750a5-4dc4-5a35-83e2-dee4ca44aca1,3eb2d4e4-c633-47ff-b823-3706ce25366f,knowledge_points,known_missing,True,False,[],,matched
t160-quality-20261006T132638Z-80ad8d90-08-IMP-IMAGE-r2,IMP-IMAGE,2,automatic,c4d750a5-4dc4-5a35-83e2-dee4ca44aca1,3eb2d4e4-c633-47ff-b823-3706ce25366f,source_regions,unknown,False,,,,reference_unknown
t160-quality-20261006T132638Z-80ad8d90-08-IMP-IMAGE-r2,IMP-IMAGE,2,automatic,c4d750a5-4dc4-5a35-83e2-dee4ca44aca1,3eb2d4e4-c633-47ff-b823-3706ce25366f,assets,source_provided,True,False,[],,matched
t160-quality-20261006T132638Z-80ad8d90-08-IMP-IMAGE-r2,IMP-IMAGE,2,automatic,e418791a-1462-52b7-98fe-396ce71b8d48,14a41559-9361-4ddc-ab1f-e82c54d83dfd,question_number,source_provided,True,True,2,2,matched
t160-quality-20261006T132638Z-80ad8d90-08-IMP-IMAGE-r2,IMP-IMAGE,2,automatic,e418791a-1462-52b7-98fe-396ce71b8d48,14a41559-9361-4ddc-ab1f-e82c54d83dfd,order_index,source_provided,True,True,2,2,matched
t160-quality-20261006T132638Z-80ad8d90-08-IMP-IMAGE-r2,IMP-IMAGE,2,automatic,e418791a-1462-52b7-98fe-396ce71b8d48,14a41559-9361-4ddc-ab1f-e82c54d83dfd,source_page_numbers,source_provided,True,True,[1],[1],matched
t160-quality-20261006T132638Z-80ad8d90-08-IMP-IMAGE-r2,IMP-IMAGE,2,automatic,e418791a-1462-52b7-98fe-396ce71b8d48,14a41559-9361-4ddc-ab1f-e82c54d83dfd,question_type,source_provided,True,True,TRUE_FALSE,TRUE_FALSE,matched
t160-quality-20261006T132638Z-80ad8d90-08-IMP-IMAGE-r2,IMP-IMAGE,2,automatic,e418791a-1462-52b7-98fe-396ce71b8d48,14a41559-9361-4ddc-ab1f-e82c54d83dfd,content,source_provided,True,False,右图三角形面积为 24 cm²。,右图三角形面积为24cm²。,matched
t160-quality-20261006T132638Z-80ad8d90-08-IMP-IMAGE-r2,IMP-IMAGE,2,automatic,e418791a-1462-52b7-98fe-396ce71b8d48,14a41559-9361-4ddc-ab1f-e82c54d83dfd,options,source_provided,True,True,"[""正确"", ""错误""]","[""正确"", ""错误""]",matched
t160-quality-20261006T132638Z-80ad8d90-08-IMP-IMAGE-r2,IMP-IMAGE,2,automatic,e418791a-1462-52b7-98fe-396ce71b8d48,14a41559-9361-4ddc-ab1f-e82c54d83dfd,reference_answer,known_missing,True,True,,,matched
t160-quality-20261006T132638Z-80ad8d90-08-IMP-IMAGE-r2,IMP-IMAGE,2,automatic,e418791a-1462-52b7-98fe-396ce71b8d48,14a41559-9361-4ddc-ab1f-e82c54d83dfd,analysis,known_missing,True,True,,,matched
t160-quality-20261006T132638Z-80ad8d90-08-IMP-IMAGE-r2,IMP-IMAGE,2,automatic,e418791a-1462-52b7-98fe-396ce71b8d48,14a41559-9361-4ddc-ab1f-e82c54d83dfd,score,source_provided,True,True,2.00,2.00,matched
t160-quality-20261006T132638Z-80ad8d90-08-IMP-IMAGE-r2,IMP-IMAGE,2,automatic,e418791a-1462-52b7-98fe-396ce71b8d48,14a41559-9361-4ddc-ab1f-e82c54d83dfd,scoring_rubric,known_missing,True,True,,,matched
t160-quality-20261006T132638Z-80ad8d90-08-IMP-IMAGE-r2,IMP-IMAGE,2,automatic,e418791a-1462-52b7-98fe-396ce71b8d48,14a41559-9361-4ddc-ab1f-e82c54d83dfd,knowledge_points,known_missing,True,False,[],,matched
t160-quality-20261006T132638Z-80ad8d90-08-IMP-IMAGE-r2,IMP-IMAGE,2,automatic,e418791a-1462-52b7-98fe-396ce71b8d48,14a41559-9361-4ddc-ab1f-e82c54d83dfd,source_regions,unknown,False,,,,reference_unknown
t160-quality-20261006T132638Z-80ad8d90-08-IMP-IMAGE-r2,IMP-IMAGE,2,automatic,e418791a-1462-52b7-98fe-396ce71b8d48,14a41559-9361-4ddc-ab1f-e82c54d83dfd,assets,source_provided,True,False,"[{""asset_type"": ""figure"", ""source_page_number"": 1, ""order_index"": 1}]",,matched
t160-quality-20261006T132638Z-80ad8d90-08-IMP-IMAGE-r2,IMP-IMAGE,2,automatic,e5c1555f-e927-575c-b68c-85eb341a3202,9c58b97a-af23-42e9-b939-3028111b1482,question_number,source_provided,True,True,3,3,matched
t160-quality-20261006T132638Z-80ad8d90-08-IMP-IMAGE-r2,IMP-IMAGE,2,automatic,e5c1555f-e927-575c-b68c-85eb341a3202,9c58b97a-af23-42e9-b939-3028111b1482,order_index,source_provided,True,True,3,3,matched
t160-quality-20261006T132638Z-80ad8d90-08-IMP-IMAGE-r2,IMP-IMAGE,2,automatic,e5c1555f-e927-575c-b68c-85eb341a3202,9c58b97a-af23-42e9-b939-3028111b1482,source_page_numbers,source_provided,True,True,[1],[1],matched
t160-quality-20261006T132638Z-80ad8d90-08-IMP-IMAGE-r2,IMP-IMAGE,2,automatic,e5c1555f-e927-575c-b68c-85eb341a3202,9c58b97a-af23-42e9-b939-3028111b1482,question_type,source_provided,True,True,SHORT_ANSWER,SHORT_ANSWER,matched
t160-quality-20261006T132638Z-80ad8d90-08-IMP-IMAGE-r2,IMP-IMAGE,2,automatic,e5c1555f-e927-575c-b68c-85eb341a3202,9c58b97a-af23-42e9-b939-3028111b1482,content,source_provided,True,False,根据下表写出 y 关于 x 的关系式。,根据下表写出y关于x的关系式。,matched
t160-quality-20261006T132638Z-80ad8d90-08-IMP-IMAGE-r2,IMP-IMAGE,2,automatic,e5c1555f-e927-575c-b68c-85eb341a3202,9c58b97a-af23-42e9-b939-3028111b1482,options,not_applicable,True,True,,,matched
t160-quality-20261006T132638Z-80ad8d90-08-IMP-IMAGE-r2,IMP-IMAGE,2,automatic,e5c1555f-e927-575c-b68c-85eb341a3202,9c58b97a-af23-42e9-b939-3028111b1482,reference_answer,known_missing,True,True,,,matched
t160-quality-20261006T132638Z-80ad8d90-08-IMP-IMAGE-r2,IMP-IMAGE,2,automatic,e5c1555f-e927-575c-b68c-85eb341a3202,9c58b97a-af23-42e9-b939-3028111b1482,analysis,known_missing,True,True,,,matched
t160-quality-20261006T132638Z-80ad8d90-08-IMP-IMAGE-r2,IMP-IMAGE,2,automatic,e5c1555f-e927-575c-b68c-85eb341a3202,9c58b97a-af23-42e9-b939-3028111b1482,score,source_provided,True,True,3.00,3.00,matched
t160-quality-20261006T132638Z-80ad8d90-08-IMP-IMAGE-r2,IMP-IMAGE,2,automatic,e5c1555f-e927-575c-b68c-85eb341a3202,9c58b97a-af23-42e9-b939-3028111b1482,scoring_rubric,source_provided,True,False,正确关系式 1.00；说明代入过程 2.00。,正确关系式1.00；说明代入过程2.00。,matched
t160-quality-20261006T132638Z-80ad8d90-08-IMP-IMAGE-r2,IMP-IMAGE,2,automatic,e5c1555f-e927-575c-b68c-85eb341a3202,9c58b97a-af23-42e9-b939-3028111b1482,knowledge_points,source_provided,True,True,"[""一次函数"", ""表达与计算""]","[""一次函数"", ""表达与计算""]",matched
t160-quality-20261006T132638Z-80ad8d90-08-IMP-IMAGE-r2,IMP-IMAGE,2,automatic,e5c1555f-e927-575c-b68c-85eb341a3202,9c58b97a-af23-42e9-b939-3028111b1482,source_regions,unknown,False,,,,reference_unknown
t160-quality-20261006T132638Z-80ad8d90-08-IMP-IMAGE-r2,IMP-IMAGE,2,automatic,e5c1555f-e927-575c-b68c-85eb341a3202,9c58b97a-af23-42e9-b939-3028111b1482,assets,source_provided,True,False,"[{""asset_type"": ""table"", ""source_page_number"": 1, ""order_index"": 1}]",,matched
t160-quality-20261006T132638Z-80ad8d90-08-IMP-IMAGE-r2,IMP-IMAGE,2,assisted_corrected,c4d750a5-4dc4-5a35-83e2-dee4ca44aca1,3eb2d4e4-c633-47ff-b823-3706ce25366f,question_number,source_provided,True,True,1,1,matched
t160-quality-20261006T132638Z-80ad8d90-08-IMP-IMAGE-r2,IMP-IMAGE,2,assisted_corrected,c4d750a5-4dc4-5a35-83e2-dee4ca44aca1,3eb2d4e4-c633-47ff-b823-3706ce25366f,order_index,source_provided,True,True,1,1,matched
t160-quality-20261006T132638Z-80ad8d90-08-IMP-IMAGE-r2,IMP-IMAGE,2,assisted_corrected,c4d750a5-4dc4-5a35-83e2-dee4ca44aca1,3eb2d4e4-c633-47ff-b823-3706ce25366f,source_page_numbers,source_provided,True,True,[1],[1],matched
t160-quality-20261006T132638Z-80ad8d90-08-IMP-IMAGE-r2,IMP-IMAGE,2,assisted_corrected,c4d750a5-4dc4-5a35-83e2-dee4ca44aca1,3eb2d4e4-c633-47ff-b823-3706ce25366f,question_type,source_provided,True,True,SINGLE_CHOICE,SINGLE_CHOICE,matched
t160-quality-20261006T132638Z-80ad8d90-08-IMP-IMAGE-r2,IMP-IMAGE,2,assisted_corrected,c4d750a5-4dc4-5a35-83e2-dee4ca44aca1,3eb2d4e4-c633-47ff-b823-3706ce25366f,content,source_provided,True,True,y = 2x + 1，x = 3 时 y 为多少？,y = 2x + 1，x = 3 时 y 为多少？,matched
t160-quality-20261006T132638Z-80ad8d90-08-IMP-IMAGE-r2,IMP-IMAGE,2,assisted_corrected,c4d750a5-4dc4-5a35-83e2-dee4ca44aca1,3eb2d4e4-c633-47ff-b823-3706ce25366f,options,source_provided,True,True,"{""C"": ""7"", ""A"": ""5"", ""B"": ""6"", ""D"": ""8""}","{""C"": ""7"", ""A"": ""5"", ""B"": ""6"", ""D"": ""8""}",matched
t160-quality-20261006T132638Z-80ad8d90-08-IMP-IMAGE-r2,IMP-IMAGE,2,assisted_corrected,c4d750a5-4dc4-5a35-83e2-dee4ca44aca1,3eb2d4e4-c633-47ff-b823-3706ce25366f,reference_answer,source_provided,True,True,C,C,matched
t160-quality-20261006T132638Z-80ad8d90-08-IMP-IMAGE-r2,IMP-IMAGE,2,assisted_corrected,c4d750a5-4dc4-5a35-83e2-dee4ca44aca1,3eb2d4e4-c633-47ff-b823-3706ce25366f,analysis,source_provided,True,True,2 × 3 + 1 = 7。,2 × 3 + 1 = 7。,matched
t160-quality-20261006T132638Z-80ad8d90-08-IMP-IMAGE-r2,IMP-IMAGE,2,assisted_corrected,c4d750a5-4dc4-5a35-83e2-dee4ca44aca1,3eb2d4e4-c633-47ff-b823-3706ce25366f,score,source_provided,True,True,2.00,2.00,matched
t160-quality-20261006T132638Z-80ad8d90-08-IMP-IMAGE-r2,IMP-IMAGE,2,assisted_corrected,c4d750a5-4dc4-5a35-83e2-dee4ca44aca1,3eb2d4e4-c633-47ff-b823-3706ce25366f,scoring_rubric,known_missing,True,True,,,matched
t160-quality-20261006T132638Z-80ad8d90-08-IMP-IMAGE-r2,IMP-IMAGE,2,assisted_corrected,c4d750a5-4dc4-5a35-83e2-dee4ca44aca1,3eb2d4e4-c633-47ff-b823-3706ce25366f,knowledge_points,known_missing,True,True,[],[],matched
t160-quality-20261006T132638Z-80ad8d90-08-IMP-IMAGE-r2,IMP-IMAGE,2,assisted_corrected,c4d750a5-4dc4-5a35-83e2-dee4ca44aca1,3eb2d4e4-c633-47ff-b823-3706ce25366f,source_regions,unknown,False,,,,reference_unknown
t160-quality-20261006T132638Z-80ad8d90-08-IMP-IMAGE-r2,IMP-IMAGE,2,assisted_corrected,c4d750a5-4dc4-5a35-83e2-dee4ca44aca1,3eb2d4e4-c633-47ff-b823-3706ce25366f,assets,source_provided,True,True,[],[],matched
t160-quality-20261006T132638Z-80ad8d90-08-IMP-IMAGE-r2,IMP-IMAGE,2,assisted_corrected,e418791a-1462-52b7-98fe-396ce71b8d48,14a41559-9361-4ddc-ab1f-e82c54d83dfd,question_number,source_provided,True,True,2,2,matched
t160-quality-20261006T132638Z-80ad8d90-08-IMP-IMAGE-r2,IMP-IMAGE,2,assisted_corrected,e418791a-1462-52b7-98fe-396ce71b8d48,14a41559-9361-4ddc-ab1f-e82c54d83dfd,order_index,source_provided,True,True,2,2,matched
t160-quality-20261006T132638Z-80ad8d90-08-IMP-IMAGE-r2,IMP-IMAGE,2,assisted_corrected,e418791a-1462-52b7-98fe-396ce71b8d48,14a41559-9361-4ddc-ab1f-e82c54d83dfd,source_page_numbers,source_provided,True,True,[1],[1],matched
t160-quality-20261006T132638Z-80ad8d90-08-IMP-IMAGE-r2,IMP-IMAGE,2,assisted_corrected,e418791a-1462-52b7-98fe-396ce71b8d48,14a41559-9361-4ddc-ab1f-e82c54d83dfd,question_type,source_provided,True,True,TRUE_FALSE,TRUE_FALSE,matched
t160-quality-20261006T132638Z-80ad8d90-08-IMP-IMAGE-r2,IMP-IMAGE,2,assisted_corrected,e418791a-1462-52b7-98fe-396ce71b8d48,14a41559-9361-4ddc-ab1f-e82c54d83dfd,content,source_provided,True,True,右图三角形面积为 24 cm²。,右图三角形面积为 24 cm²。,matched
t160-quality-20261006T132638Z-80ad8d90-08-IMP-IMAGE-r2,IMP-IMAGE,2,assisted_corrected,e418791a-1462-52b7-98fe-396ce71b8d48,14a41559-9361-4ddc-ab1f-e82c54d83dfd,options,source_provided,True,True,"[""正确"", ""错误""]","[""正确"", ""错误""]",matched
t160-quality-20261006T132638Z-80ad8d90-08-IMP-IMAGE-r2,IMP-IMAGE,2,assisted_corrected,e418791a-1462-52b7-98fe-396ce71b8d48,14a41559-9361-4ddc-ab1f-e82c54d83dfd,reference_answer,known_missing,True,True,,,matched
t160-quality-20261006T132638Z-80ad8d90-08-IMP-IMAGE-r2,IMP-IMAGE,2,assisted_corrected,e418791a-1462-52b7-98fe-396ce71b8d48,14a41559-9361-4ddc-ab1f-e82c54d83dfd,analysis,known_missing,True,True,,,matched
t160-quality-20261006T132638Z-80ad8d90-08-IMP-IMAGE-r2,IMP-IMAGE,2,assisted_corrected,e418791a-1462-52b7-98fe-396ce71b8d48,14a41559-9361-4ddc-ab1f-e82c54d83dfd,score,source_provided,True,True,2.00,2.00,matched
t160-quality-20261006T132638Z-80ad8d90-08-IMP-IMAGE-r2,IMP-IMAGE,2,assisted_corrected,e418791a-1462-52b7-98fe-396ce71b8d48,14a41559-9361-4ddc-ab1f-e82c54d83dfd,scoring_rubric,known_missing,True,True,,,matched
t160-quality-20261006T132638Z-80ad8d90-08-IMP-IMAGE-r2,IMP-IMAGE,2,assisted_corrected,e418791a-1462-52b7-98fe-396ce71b8d48,14a41559-9361-4ddc-ab1f-e82c54d83dfd,knowledge_points,known_missing,True,True,[],[],matched
t160-quality-20261006T132638Z-80ad8d90-08-IMP-IMAGE-r2,IMP-IMAGE,2,assisted_corrected,e418791a-1462-52b7-98fe-396ce71b8d48,14a41559-9361-4ddc-ab1f-e82c54d83dfd,source_regions,unknown,False,,,,reference_unknown
t160-quality-20261006T132638Z-80ad8d90-08-IMP-IMAGE-r2,IMP-IMAGE,2,assisted_corrected,e418791a-1462-52b7-98fe-396ce71b8d48,14a41559-9361-4ddc-ab1f-e82c54d83dfd,assets,source_provided,True,False,"[{""asset_type"": ""figure"", ""source_page_number"": 1, ""order_index"": 1}]",,matched
t160-quality-20261006T132638Z-80ad8d90-08-IMP-IMAGE-r2,IMP-IMAGE,2,assisted_corrected,e5c1555f-e927-575c-b68c-85eb341a3202,9c58b97a-af23-42e9-b939-3028111b1482,question_number,source_provided,True,True,3,3,matched
t160-quality-20261006T132638Z-80ad8d90-08-IMP-IMAGE-r2,IMP-IMAGE,2,assisted_corrected,e5c1555f-e927-575c-b68c-85eb341a3202,9c58b97a-af23-42e9-b939-3028111b1482,order_index,source_provided,True,True,3,3,matched
t160-quality-20261006T132638Z-80ad8d90-08-IMP-IMAGE-r2,IMP-IMAGE,2,assisted_corrected,e5c1555f-e927-575c-b68c-85eb341a3202,9c58b97a-af23-42e9-b939-3028111b1482,source_page_numbers,source_provided,True,True,[1],[1],matched
t160-quality-20261006T132638Z-80ad8d90-08-IMP-IMAGE-r2,IMP-IMAGE,2,assisted_corrected,e5c1555f-e927-575c-b68c-85eb341a3202,9c58b97a-af23-42e9-b939-3028111b1482,question_type,source_provided,True,True,SHORT_ANSWER,SHORT_ANSWER,matched
t160-quality-20261006T132638Z-80ad8d90-08-IMP-IMAGE-r2,IMP-IMAGE,2,assisted_corrected,e5c1555f-e927-575c-b68c-85eb341a3202,9c58b97a-af23-42e9-b939-3028111b1482,content,source_provided,True,True,根据下表写出 y 关于 x 的关系式。,根据下表写出 y 关于 x 的关系式。,matched
t160-quality-20261006T132638Z-80ad8d90-08-IMP-IMAGE-r2,IMP-IMAGE,2,assisted_corrected,e5c1555f-e927-575c-b68c-85eb341a3202,9c58b97a-af23-42e9-b939-3028111b1482,options,not_applicable,True,True,,,matched
t160-quality-20261006T132638Z-80ad8d90-08-IMP-IMAGE-r2,IMP-IMAGE,2,assisted_corrected,e5c1555f-e927-575c-b68c-85eb341a3202,9c58b97a-af23-42e9-b939-3028111b1482,reference_answer,known_missing,True,True,,,matched
t160-quality-20261006T132638Z-80ad8d90-08-IMP-IMAGE-r2,IMP-IMAGE,2,assisted_corrected,e5c1555f-e927-575c-b68c-85eb341a3202,9c58b97a-af23-42e9-b939-3028111b1482,analysis,known_missing,True,True,,,matched
t160-quality-20261006T132638Z-80ad8d90-08-IMP-IMAGE-r2,IMP-IMAGE,2,assisted_corrected,e5c1555f-e927-575c-b68c-85eb341a3202,9c58b97a-af23-42e9-b939-3028111b1482,score,source_provided,True,True,3.00,3.00,matched
t160-quality-20261006T132638Z-80ad8d90-08-IMP-IMAGE-r2,IMP-IMAGE,2,assisted_corrected,e5c1555f-e927-575c-b68c-85eb341a3202,9c58b97a-af23-42e9-b939-3028111b1482,scoring_rubric,source_provided,True,True,正确关系式 1.00；说明代入过程 2.00。,正确关系式 1.00；说明代入过程 2.00。,matched
t160-quality-20261006T132638Z-80ad8d90-08-IMP-IMAGE-r2,IMP-IMAGE,2,assisted_corrected,e5c1555f-e927-575c-b68c-85eb341a3202,9c58b97a-af23-42e9-b939-3028111b1482,knowledge_points,source_provided,True,True,"[""一次函数"", ""表达与计算""]","[""一次函数"", ""表达与计算""]",matched
t160-quality-20261006T132638Z-80ad8d90-08-IMP-IMAGE-r2,IMP-IMAGE,2,assisted_corrected,e5c1555f-e927-575c-b68c-85eb341a3202,9c58b97a-af23-42e9-b939-3028111b1482,source_regions,unknown,False,,,,reference_unknown
t160-quality-20261006T132638Z-80ad8d90-08-IMP-IMAGE-r2,IMP-IMAGE,2,assisted_corrected,e5c1555f-e927-575c-b68c-85eb341a3202,9c58b97a-af23-42e9-b939-3028111b1482,assets,source_provided,True,False,"[{""asset_type"": ""table"", ""source_page_number"": 1, ""order_index"": 1}]",,matched
t160-quality-20261006T132638Z-80ad8d90-09-IMP-IMAGE-r3,IMP-IMAGE,3,automatic,c4d750a5-4dc4-5a35-83e2-dee4ca44aca1,6f4f3959-c629-4ec4-a651-2c318378ade8,question_number,source_provided,True,True,1,1,matched
t160-quality-20261006T132638Z-80ad8d90-09-IMP-IMAGE-r3,IMP-IMAGE,3,automatic,c4d750a5-4dc4-5a35-83e2-dee4ca44aca1,6f4f3959-c629-4ec4-a651-2c318378ade8,order_index,source_provided,True,True,1,1,matched
t160-quality-20261006T132638Z-80ad8d90-09-IMP-IMAGE-r3,IMP-IMAGE,3,automatic,c4d750a5-4dc4-5a35-83e2-dee4ca44aca1,6f4f3959-c629-4ec4-a651-2c318378ade8,source_page_numbers,source_provided,True,True,[1],[1],matched
t160-quality-20261006T132638Z-80ad8d90-09-IMP-IMAGE-r3,IMP-IMAGE,3,automatic,c4d750a5-4dc4-5a35-83e2-dee4ca44aca1,6f4f3959-c629-4ec4-a651-2c318378ade8,question_type,source_provided,True,True,SINGLE_CHOICE,SINGLE_CHOICE,matched
t160-quality-20261006T132638Z-80ad8d90-09-IMP-IMAGE-r3,IMP-IMAGE,3,automatic,c4d750a5-4dc4-5a35-83e2-dee4ca44aca1,6f4f3959-c629-4ec4-a651-2c318378ade8,content,source_provided,True,False,y = 2x + 1，x = 3 时 y 为多少？,y = 2x +1，x = 3 时y 为多少？,matched
t160-quality-20261006T132638Z-80ad8d90-09-IMP-IMAGE-r3,IMP-IMAGE,3,automatic,c4d750a5-4dc4-5a35-83e2-dee4ca44aca1,6f4f3959-c629-4ec4-a651-2c318378ade8,options,source_provided,True,True,"{""C"": ""7"", ""A"": ""5"", ""B"": ""6"", ""D"": ""8""}","{""C"": ""7"", ""A"": ""5"", ""B"": ""6"", ""D"": ""8""}",matched
t160-quality-20261006T132638Z-80ad8d90-09-IMP-IMAGE-r3,IMP-IMAGE,3,automatic,c4d750a5-4dc4-5a35-83e2-dee4ca44aca1,6f4f3959-c629-4ec4-a651-2c318378ade8,reference_answer,source_provided,True,True,C,C,matched
t160-quality-20261006T132638Z-80ad8d90-09-IMP-IMAGE-r3,IMP-IMAGE,3,automatic,c4d750a5-4dc4-5a35-83e2-dee4ca44aca1,6f4f3959-c629-4ec4-a651-2c318378ade8,analysis,source_provided,True,False,2 × 3 + 1 = 7。,2 × 3 +1=7。,matched
t160-quality-20261006T132638Z-80ad8d90-09-IMP-IMAGE-r3,IMP-IMAGE,3,automatic,c4d750a5-4dc4-5a35-83e2-dee4ca44aca1,6f4f3959-c629-4ec4-a651-2c318378ade8,score,source_provided,True,True,2.00,2.00,matched
t160-quality-20261006T132638Z-80ad8d90-09-IMP-IMAGE-r3,IMP-IMAGE,3,automatic,c4d750a5-4dc4-5a35-83e2-dee4ca44aca1,6f4f3959-c629-4ec4-a651-2c318378ade8,scoring_rubric,known_missing,True,True,,,matched
t160-quality-20261006T132638Z-80ad8d90-09-IMP-IMAGE-r3,IMP-IMAGE,3,automatic,c4d750a5-4dc4-5a35-83e2-dee4ca44aca1,6f4f3959-c629-4ec4-a651-2c318378ade8,knowledge_points,known_missing,True,False,[],,matched
t160-quality-20261006T132638Z-80ad8d90-09-IMP-IMAGE-r3,IMP-IMAGE,3,automatic,c4d750a5-4dc4-5a35-83e2-dee4ca44aca1,6f4f3959-c629-4ec4-a651-2c318378ade8,source_regions,unknown,False,,,,reference_unknown
t160-quality-20261006T132638Z-80ad8d90-09-IMP-IMAGE-r3,IMP-IMAGE,3,automatic,c4d750a5-4dc4-5a35-83e2-dee4ca44aca1,6f4f3959-c629-4ec4-a651-2c318378ade8,assets,source_provided,True,False,[],,matched
t160-quality-20261006T132638Z-80ad8d90-09-IMP-IMAGE-r3,IMP-IMAGE,3,automatic,e418791a-1462-52b7-98fe-396ce71b8d48,8466da10-0b73-4405-9f5c-78b52671ab24,question_number,source_provided,True,True,2,2,matched
t160-quality-20261006T132638Z-80ad8d90-09-IMP-IMAGE-r3,IMP-IMAGE,3,automatic,e418791a-1462-52b7-98fe-396ce71b8d48,8466da10-0b73-4405-9f5c-78b52671ab24,order_index,source_provided,True,True,2,2,matched
t160-quality-20261006T132638Z-80ad8d90-09-IMP-IMAGE-r3,IMP-IMAGE,3,automatic,e418791a-1462-52b7-98fe-396ce71b8d48,8466da10-0b73-4405-9f5c-78b52671ab24,source_page_numbers,source_provided,True,True,[1],[1],matched
t160-quality-20261006T132638Z-80ad8d90-09-IMP-IMAGE-r3,IMP-IMAGE,3,automatic,e418791a-1462-52b7-98fe-396ce71b8d48,8466da10-0b73-4405-9f5c-78b52671ab24,question_type,source_provided,True,True,TRUE_FALSE,TRUE_FALSE,matched
t160-quality-20261006T132638Z-80ad8d90-09-IMP-IMAGE-r3,IMP-IMAGE,3,automatic,e418791a-1462-52b7-98fe-396ce71b8d48,8466da10-0b73-4405-9f5c-78b52671ab24,content,source_provided,True,False,右图三角形面积为 24 cm²。,右图三角形面积为24cm²。,matched
t160-quality-20261006T132638Z-80ad8d90-09-IMP-IMAGE-r3,IMP-IMAGE,3,automatic,e418791a-1462-52b7-98fe-396ce71b8d48,8466da10-0b73-4405-9f5c-78b52671ab24,options,source_provided,True,True,"[""正确"", ""错误""]","[""正确"", ""错误""]",matched
t160-quality-20261006T132638Z-80ad8d90-09-IMP-IMAGE-r3,IMP-IMAGE,3,automatic,e418791a-1462-52b7-98fe-396ce71b8d48,8466da10-0b73-4405-9f5c-78b52671ab24,reference_answer,known_missing,True,True,,,matched
t160-quality-20261006T132638Z-80ad8d90-09-IMP-IMAGE-r3,IMP-IMAGE,3,automatic,e418791a-1462-52b7-98fe-396ce71b8d48,8466da10-0b73-4405-9f5c-78b52671ab24,analysis,known_missing,True,True,,,matched
t160-quality-20261006T132638Z-80ad8d90-09-IMP-IMAGE-r3,IMP-IMAGE,3,automatic,e418791a-1462-52b7-98fe-396ce71b8d48,8466da10-0b73-4405-9f5c-78b52671ab24,score,source_provided,True,True,2.00,2.00,matched
t160-quality-20261006T132638Z-80ad8d90-09-IMP-IMAGE-r3,IMP-IMAGE,3,automatic,e418791a-1462-52b7-98fe-396ce71b8d48,8466da10-0b73-4405-9f5c-78b52671ab24,scoring_rubric,known_missing,True,True,,,matched
t160-quality-20261006T132638Z-80ad8d90-09-IMP-IMAGE-r3,IMP-IMAGE,3,automatic,e418791a-1462-52b7-98fe-396ce71b8d48,8466da10-0b73-4405-9f5c-78b52671ab24,knowledge_points,known_missing,True,False,[],,matched
t160-quality-20261006T132638Z-80ad8d90-09-IMP-IMAGE-r3,IMP-IMAGE,3,automatic,e418791a-1462-52b7-98fe-396ce71b8d48,8466da10-0b73-4405-9f5c-78b52671ab24,source_regions,unknown,False,,,,reference_unknown
t160-quality-20261006T132638Z-80ad8d90-09-IMP-IMAGE-r3,IMP-IMAGE,3,automatic,e418791a-1462-52b7-98fe-396ce71b8d48,8466da10-0b73-4405-9f5c-78b52671ab24,assets,source_provided,True,False,"[{""asset_type"": ""figure"", ""source_page_number"": 1, ""order_index"": 1}]",,matched
t160-quality-20261006T132638Z-80ad8d90-09-IMP-IMAGE-r3,IMP-IMAGE,3,automatic,e5c1555f-e927-575c-b68c-85eb341a3202,bbb4bf5c-5720-453a-a6e6-4aceece1661b,question_number,source_provided,True,True,3,3,matched
t160-quality-20261006T132638Z-80ad8d90-09-IMP-IMAGE-r3,IMP-IMAGE,3,automatic,e5c1555f-e927-575c-b68c-85eb341a3202,bbb4bf5c-5720-453a-a6e6-4aceece1661b,order_index,source_provided,True,True,3,3,matched
t160-quality-20261006T132638Z-80ad8d90-09-IMP-IMAGE-r3,IMP-IMAGE,3,automatic,e5c1555f-e927-575c-b68c-85eb341a3202,bbb4bf5c-5720-453a-a6e6-4aceece1661b,source_page_numbers,source_provided,True,True,[1],[1],matched
t160-quality-20261006T132638Z-80ad8d90-09-IMP-IMAGE-r3,IMP-IMAGE,3,automatic,e5c1555f-e927-575c-b68c-85eb341a3202,bbb4bf5c-5720-453a-a6e6-4aceece1661b,question_type,source_provided,True,True,SHORT_ANSWER,SHORT_ANSWER,matched
t160-quality-20261006T132638Z-80ad8d90-09-IMP-IMAGE-r3,IMP-IMAGE,3,automatic,e5c1555f-e927-575c-b68c-85eb341a3202,bbb4bf5c-5720-453a-a6e6-4aceece1661b,content,source_provided,True,False,根据下表写出 y 关于 x 的关系式。,根据下表写出y关于x的关系式。,matched
t160-quality-20261006T132638Z-80ad8d90-09-IMP-IMAGE-r3,IMP-IMAGE,3,automatic,e5c1555f-e927-575c-b68c-85eb341a3202,bbb4bf5c-5720-453a-a6e6-4aceece1661b,options,not_applicable,True,True,,,matched
t160-quality-20261006T132638Z-80ad8d90-09-IMP-IMAGE-r3,IMP-IMAGE,3,automatic,e5c1555f-e927-575c-b68c-85eb341a3202,bbb4bf5c-5720-453a-a6e6-4aceece1661b,reference_answer,known_missing,True,True,,,matched
t160-quality-20261006T132638Z-80ad8d90-09-IMP-IMAGE-r3,IMP-IMAGE,3,automatic,e5c1555f-e927-575c-b68c-85eb341a3202,bbb4bf5c-5720-453a-a6e6-4aceece1661b,analysis,known_missing,True,True,,,matched
t160-quality-20261006T132638Z-80ad8d90-09-IMP-IMAGE-r3,IMP-IMAGE,3,automatic,e5c1555f-e927-575c-b68c-85eb341a3202,bbb4bf5c-5720-453a-a6e6-4aceece1661b,score,source_provided,True,True,3.00,3.00,matched
t160-quality-20261006T132638Z-80ad8d90-09-IMP-IMAGE-r3,IMP-IMAGE,3,automatic,e5c1555f-e927-575c-b68c-85eb341a3202,bbb4bf5c-5720-453a-a6e6-4aceece1661b,scoring_rubric,source_provided,True,False,正确关系式 1.00；说明代入过程 2.00。,正确关系式1.00；说明代入过程2.00。,matched
t160-quality-20261006T132638Z-80ad8d90-09-IMP-IMAGE-r3,IMP-IMAGE,3,automatic,e5c1555f-e927-575c-b68c-85eb341a3202,bbb4bf5c-5720-453a-a6e6-4aceece1661b,knowledge_points,source_provided,True,True,"[""一次函数"", ""表达与计算""]","[""一次函数"", ""表达与计算""]",matched
t160-quality-20261006T132638Z-80ad8d90-09-IMP-IMAGE-r3,IMP-IMAGE,3,automatic,e5c1555f-e927-575c-b68c-85eb341a3202,bbb4bf5c-5720-453a-a6e6-4aceece1661b,source_regions,unknown,False,,,,reference_unknown
t160-quality-20261006T132638Z-80ad8d90-09-IMP-IMAGE-r3,IMP-IMAGE,3,automatic,e5c1555f-e927-575c-b68c-85eb341a3202,bbb4bf5c-5720-453a-a6e6-4aceece1661b,assets,source_provided,True,False,"[{""asset_type"": ""table"", ""source_page_number"": 1, ""order_index"": 1}]",,matched
t160-quality-20261006T132638Z-80ad8d90-09-IMP-IMAGE-r3,IMP-IMAGE,3,assisted_corrected,c4d750a5-4dc4-5a35-83e2-dee4ca44aca1,6f4f3959-c629-4ec4-a651-2c318378ade8,question_number,source_provided,True,True,1,1,matched
t160-quality-20261006T132638Z-80ad8d90-09-IMP-IMAGE-r3,IMP-IMAGE,3,assisted_corrected,c4d750a5-4dc4-5a35-83e2-dee4ca44aca1,6f4f3959-c629-4ec4-a651-2c318378ade8,order_index,source_provided,True,True,1,1,matched
t160-quality-20261006T132638Z-80ad8d90-09-IMP-IMAGE-r3,IMP-IMAGE,3,assisted_corrected,c4d750a5-4dc4-5a35-83e2-dee4ca44aca1,6f4f3959-c629-4ec4-a651-2c318378ade8,source_page_numbers,source_provided,True,True,[1],[1],matched
t160-quality-20261006T132638Z-80ad8d90-09-IMP-IMAGE-r3,IMP-IMAGE,3,assisted_corrected,c4d750a5-4dc4-5a35-83e2-dee4ca44aca1,6f4f3959-c629-4ec4-a651-2c318378ade8,question_type,source_provided,True,True,SINGLE_CHOICE,SINGLE_CHOICE,matched
t160-quality-20261006T132638Z-80ad8d90-09-IMP-IMAGE-r3,IMP-IMAGE,3,assisted_corrected,c4d750a5-4dc4-5a35-83e2-dee4ca44aca1,6f4f3959-c629-4ec4-a651-2c318378ade8,content,source_provided,True,True,y = 2x + 1，x = 3 时 y 为多少？,y = 2x + 1，x = 3 时 y 为多少？,matched
t160-quality-20261006T132638Z-80ad8d90-09-IMP-IMAGE-r3,IMP-IMAGE,3,assisted_corrected,c4d750a5-4dc4-5a35-83e2-dee4ca44aca1,6f4f3959-c629-4ec4-a651-2c318378ade8,options,source_provided,True,True,"{""C"": ""7"", ""A"": ""5"", ""B"": ""6"", ""D"": ""8""}","{""C"": ""7"", ""A"": ""5"", ""B"": ""6"", ""D"": ""8""}",matched
t160-quality-20261006T132638Z-80ad8d90-09-IMP-IMAGE-r3,IMP-IMAGE,3,assisted_corrected,c4d750a5-4dc4-5a35-83e2-dee4ca44aca1,6f4f3959-c629-4ec4-a651-2c318378ade8,reference_answer,source_provided,True,True,C,C,matched
t160-quality-20261006T132638Z-80ad8d90-09-IMP-IMAGE-r3,IMP-IMAGE,3,assisted_corrected,c4d750a5-4dc4-5a35-83e2-dee4ca44aca1,6f4f3959-c629-4ec4-a651-2c318378ade8,analysis,source_provided,True,True,2 × 3 + 1 = 7。,2 × 3 + 1 = 7。,matched
t160-quality-20261006T132638Z-80ad8d90-09-IMP-IMAGE-r3,IMP-IMAGE,3,assisted_corrected,c4d750a5-4dc4-5a35-83e2-dee4ca44aca1,6f4f3959-c629-4ec4-a651-2c318378ade8,score,source_provided,True,True,2.00,2.00,matched
t160-quality-20261006T132638Z-80ad8d90-09-IMP-IMAGE-r3,IMP-IMAGE,3,assisted_corrected,c4d750a5-4dc4-5a35-83e2-dee4ca44aca1,6f4f3959-c629-4ec4-a651-2c318378ade8,scoring_rubric,known_missing,True,True,,,matched
t160-quality-20261006T132638Z-80ad8d90-09-IMP-IMAGE-r3,IMP-IMAGE,3,assisted_corrected,c4d750a5-4dc4-5a35-83e2-dee4ca44aca1,6f4f3959-c629-4ec4-a651-2c318378ade8,knowledge_points,known_missing,True,True,[],[],matched
t160-quality-20261006T132638Z-80ad8d90-09-IMP-IMAGE-r3,IMP-IMAGE,3,assisted_corrected,c4d750a5-4dc4-5a35-83e2-dee4ca44aca1,6f4f3959-c629-4ec4-a651-2c318378ade8,source_regions,unknown,False,,,,reference_unknown
t160-quality-20261006T132638Z-80ad8d90-09-IMP-IMAGE-r3,IMP-IMAGE,3,assisted_corrected,c4d750a5-4dc4-5a35-83e2-dee4ca44aca1,6f4f3959-c629-4ec4-a651-2c318378ade8,assets,source_provided,True,True,[],[],matched
t160-quality-20261006T132638Z-80ad8d90-09-IMP-IMAGE-r3,IMP-IMAGE,3,assisted_corrected,e418791a-1462-52b7-98fe-396ce71b8d48,8466da10-0b73-4405-9f5c-78b52671ab24,question_number,source_provided,True,True,2,2,matched
t160-quality-20261006T132638Z-80ad8d90-09-IMP-IMAGE-r3,IMP-IMAGE,3,assisted_corrected,e418791a-1462-52b7-98fe-396ce71b8d48,8466da10-0b73-4405-9f5c-78b52671ab24,order_index,source_provided,True,True,2,2,matched
t160-quality-20261006T132638Z-80ad8d90-09-IMP-IMAGE-r3,IMP-IMAGE,3,assisted_corrected,e418791a-1462-52b7-98fe-396ce71b8d48,8466da10-0b73-4405-9f5c-78b52671ab24,source_page_numbers,source_provided,True,True,[1],[1],matched
t160-quality-20261006T132638Z-80ad8d90-09-IMP-IMAGE-r3,IMP-IMAGE,3,assisted_corrected,e418791a-1462-52b7-98fe-396ce71b8d48,8466da10-0b73-4405-9f5c-78b52671ab24,question_type,source_provided,True,True,TRUE_FALSE,TRUE_FALSE,matched
t160-quality-20261006T132638Z-80ad8d90-09-IMP-IMAGE-r3,IMP-IMAGE,3,assisted_corrected,e418791a-1462-52b7-98fe-396ce71b8d48,8466da10-0b73-4405-9f5c-78b52671ab24,content,source_provided,True,True,右图三角形面积为 24 cm²。,右图三角形面积为 24 cm²。,matched
t160-quality-20261006T132638Z-80ad8d90-09-IMP-IMAGE-r3,IMP-IMAGE,3,assisted_corrected,e418791a-1462-52b7-98fe-396ce71b8d48,8466da10-0b73-4405-9f5c-78b52671ab24,options,source_provided,True,True,"[""正确"", ""错误""]","[""正确"", ""错误""]",matched
t160-quality-20261006T132638Z-80ad8d90-09-IMP-IMAGE-r3,IMP-IMAGE,3,assisted_corrected,e418791a-1462-52b7-98fe-396ce71b8d48,8466da10-0b73-4405-9f5c-78b52671ab24,reference_answer,known_missing,True,True,,,matched
t160-quality-20261006T132638Z-80ad8d90-09-IMP-IMAGE-r3,IMP-IMAGE,3,assisted_corrected,e418791a-1462-52b7-98fe-396ce71b8d48,8466da10-0b73-4405-9f5c-78b52671ab24,analysis,known_missing,True,True,,,matched
t160-quality-20261006T132638Z-80ad8d90-09-IMP-IMAGE-r3,IMP-IMAGE,3,assisted_corrected,e418791a-1462-52b7-98fe-396ce71b8d48,8466da10-0b73-4405-9f5c-78b52671ab24,score,source_provided,True,True,2.00,2.00,matched
t160-quality-20261006T132638Z-80ad8d90-09-IMP-IMAGE-r3,IMP-IMAGE,3,assisted_corrected,e418791a-1462-52b7-98fe-396ce71b8d48,8466da10-0b73-4405-9f5c-78b52671ab24,scoring_rubric,known_missing,True,True,,,matched
t160-quality-20261006T132638Z-80ad8d90-09-IMP-IMAGE-r3,IMP-IMAGE,3,assisted_corrected,e418791a-1462-52b7-98fe-396ce71b8d48,8466da10-0b73-4405-9f5c-78b52671ab24,knowledge_points,known_missing,True,True,[],[],matched
t160-quality-20261006T132638Z-80ad8d90-09-IMP-IMAGE-r3,IMP-IMAGE,3,assisted_corrected,e418791a-1462-52b7-98fe-396ce71b8d48,8466da10-0b73-4405-9f5c-78b52671ab24,source_regions,unknown,False,,,,reference_unknown
t160-quality-20261006T132638Z-80ad8d90-09-IMP-IMAGE-r3,IMP-IMAGE,3,assisted_corrected,e418791a-1462-52b7-98fe-396ce71b8d48,8466da10-0b73-4405-9f5c-78b52671ab24,assets,source_provided,True,False,"[{""asset_type"": ""figure"", ""source_page_number"": 1, ""order_index"": 1}]",,matched
t160-quality-20261006T132638Z-80ad8d90-09-IMP-IMAGE-r3,IMP-IMAGE,3,assisted_corrected,e5c1555f-e927-575c-b68c-85eb341a3202,bbb4bf5c-5720-453a-a6e6-4aceece1661b,question_number,source_provided,True,True,3,3,matched
t160-quality-20261006T132638Z-80ad8d90-09-IMP-IMAGE-r3,IMP-IMAGE,3,assisted_corrected,e5c1555f-e927-575c-b68c-85eb341a3202,bbb4bf5c-5720-453a-a6e6-4aceece1661b,order_index,source_provided,True,True,3,3,matched
t160-quality-20261006T132638Z-80ad8d90-09-IMP-IMAGE-r3,IMP-IMAGE,3,assisted_corrected,e5c1555f-e927-575c-b68c-85eb341a3202,bbb4bf5c-5720-453a-a6e6-4aceece1661b,source_page_numbers,source_provided,True,True,[1],[1],matched
t160-quality-20261006T132638Z-80ad8d90-09-IMP-IMAGE-r3,IMP-IMAGE,3,assisted_corrected,e5c1555f-e927-575c-b68c-85eb341a3202,bbb4bf5c-5720-453a-a6e6-4aceece1661b,question_type,source_provided,True,True,SHORT_ANSWER,SHORT_ANSWER,matched
t160-quality-20261006T132638Z-80ad8d90-09-IMP-IMAGE-r3,IMP-IMAGE,3,assisted_corrected,e5c1555f-e927-575c-b68c-85eb341a3202,bbb4bf5c-5720-453a-a6e6-4aceece1661b,content,source_provided,True,True,根据下表写出 y 关于 x 的关系式。,根据下表写出 y 关于 x 的关系式。,matched
t160-quality-20261006T132638Z-80ad8d90-09-IMP-IMAGE-r3,IMP-IMAGE,3,assisted_corrected,e5c1555f-e927-575c-b68c-85eb341a3202,bbb4bf5c-5720-453a-a6e6-4aceece1661b,options,not_applicable,True,True,,,matched
t160-quality-20261006T132638Z-80ad8d90-09-IMP-IMAGE-r3,IMP-IMAGE,3,assisted_corrected,e5c1555f-e927-575c-b68c-85eb341a3202,bbb4bf5c-5720-453a-a6e6-4aceece1661b,reference_answer,known_missing,True,True,,,matched
t160-quality-20261006T132638Z-80ad8d90-09-IMP-IMAGE-r3,IMP-IMAGE,3,assisted_corrected,e5c1555f-e927-575c-b68c-85eb341a3202,bbb4bf5c-5720-453a-a6e6-4aceece1661b,analysis,known_missing,True,True,,,matched
t160-quality-20261006T132638Z-80ad8d90-09-IMP-IMAGE-r3,IMP-IMAGE,3,assisted_corrected,e5c1555f-e927-575c-b68c-85eb341a3202,bbb4bf5c-5720-453a-a6e6-4aceece1661b,score,source_provided,True,True,3.00,3.00,matched
t160-quality-20261006T132638Z-80ad8d90-09-IMP-IMAGE-r3,IMP-IMAGE,3,assisted_corrected,e5c1555f-e927-575c-b68c-85eb341a3202,bbb4bf5c-5720-453a-a6e6-4aceece1661b,scoring_rubric,source_provided,True,True,正确关系式 1.00；说明代入过程 2.00。,正确关系式 1.00；说明代入过程 2.00。,matched
t160-quality-20261006T132638Z-80ad8d90-09-IMP-IMAGE-r3,IMP-IMAGE,3,assisted_corrected,e5c1555f-e927-575c-b68c-85eb341a3202,bbb4bf5c-5720-453a-a6e6-4aceece1661b,knowledge_points,source_provided,True,True,"[""一次函数"", ""表达与计算""]","[""一次函数"", ""表达与计算""]",matched
t160-quality-20261006T132638Z-80ad8d90-09-IMP-IMAGE-r3,IMP-IMAGE,3,assisted_corrected,e5c1555f-e927-575c-b68c-85eb341a3202,bbb4bf5c-5720-453a-a6e6-4aceece1661b,source_regions,unknown,False,,,,reference_unknown
t160-quality-20261006T132638Z-80ad8d90-09-IMP-IMAGE-r3,IMP-IMAGE,3,assisted_corrected,e5c1555f-e927-575c-b68c-85eb341a3202,bbb4bf5c-5720-453a-a6e6-4aceece1661b,assets,source_provided,True,False,"[{""asset_type"": ""table"", ""source_page_number"": 1, ""order_index"": 1}]",,matched
t160-quality-20261006T132638Z-80ad8d90-10-IMP-MIXED-r1,IMP-MIXED,1,automatic,1faa8619-84cc-5d65-86ae-244c7f68645e,d6e1160d-1335-48c2-88ab-9f16ab9c24ce,question_number,source_provided,True,True,1,1,matched
t160-quality-20261006T132638Z-80ad8d90-10-IMP-MIXED-r1,IMP-MIXED,1,automatic,1faa8619-84cc-5d65-86ae-244c7f68645e,d6e1160d-1335-48c2-88ab-9f16ab9c24ce,order_index,source_provided,True,True,1,1,matched
t160-quality-20261006T132638Z-80ad8d90-10-IMP-MIXED-r1,IMP-MIXED,1,automatic,1faa8619-84cc-5d65-86ae-244c7f68645e,d6e1160d-1335-48c2-88ab-9f16ab9c24ce,source_page_numbers,source_provided,True,True,[1],[1],matched
t160-quality-20261006T132638Z-80ad8d90-10-IMP-MIXED-r1,IMP-MIXED,1,automatic,1faa8619-84cc-5d65-86ae-244c7f68645e,d6e1160d-1335-48c2-88ab-9f16ab9c24ce,question_type,source_provided,True,True,SINGLE_CHOICE,SINGLE_CHOICE,matched
t160-quality-20261006T132638Z-80ad8d90-10-IMP-MIXED-r1,IMP-MIXED,1,automatic,1faa8619-84cc-5d65-86ae-244c7f68645e,d6e1160d-1335-48c2-88ab-9f16ab9c24ce,content,source_provided,True,True,y = 2x + 1，x = 3 时 y 为多少？,y = 2x + 1，x = 3 时 y 为多少？,matched
t160-quality-20261006T132638Z-80ad8d90-10-IMP-MIXED-r1,IMP-MIXED,1,automatic,1faa8619-84cc-5d65-86ae-244c7f68645e,d6e1160d-1335-48c2-88ab-9f16ab9c24ce,options,source_provided,True,True,"{""C"": ""7"", ""A"": ""5"", ""B"": ""6"", ""D"": ""8""}","{""C"": ""7"", ""A"": ""5"", ""B"": ""6"", ""D"": ""8""}",matched
t160-quality-20261006T132638Z-80ad8d90-10-IMP-MIXED-r1,IMP-MIXED,1,automatic,1faa8619-84cc-5d65-86ae-244c7f68645e,d6e1160d-1335-48c2-88ab-9f16ab9c24ce,reference_answer,source_provided,True,True,C,C,matched
t160-quality-20261006T132638Z-80ad8d90-10-IMP-MIXED-r1,IMP-MIXED,1,automatic,1faa8619-84cc-5d65-86ae-244c7f68645e,d6e1160d-1335-48c2-88ab-9f16ab9c24ce,analysis,source_provided,True,True,2 × 3 + 1 = 7。,2 × 3 + 1 = 7。,matched
t160-quality-20261006T132638Z-80ad8d90-10-IMP-MIXED-r1,IMP-MIXED,1,automatic,1faa8619-84cc-5d65-86ae-244c7f68645e,d6e1160d-1335-48c2-88ab-9f16ab9c24ce,score,source_provided,True,True,2.00,2.00,matched
t160-quality-20261006T132638Z-80ad8d90-10-IMP-MIXED-r1,IMP-MIXED,1,automatic,1faa8619-84cc-5d65-86ae-244c7f68645e,d6e1160d-1335-48c2-88ab-9f16ab9c24ce,scoring_rubric,known_missing,True,True,,,matched
t160-quality-20261006T132638Z-80ad8d90-10-IMP-MIXED-r1,IMP-MIXED,1,automatic,1faa8619-84cc-5d65-86ae-244c7f68645e,d6e1160d-1335-48c2-88ab-9f16ab9c24ce,knowledge_points,known_missing,True,False,[],,matched
t160-quality-20261006T132638Z-80ad8d90-10-IMP-MIXED-r1,IMP-MIXED,1,automatic,1faa8619-84cc-5d65-86ae-244c7f68645e,d6e1160d-1335-48c2-88ab-9f16ab9c24ce,source_regions,unknown,False,,,,reference_unknown
t160-quality-20261006T132638Z-80ad8d90-10-IMP-MIXED-r1,IMP-MIXED,1,automatic,1faa8619-84cc-5d65-86ae-244c7f68645e,d6e1160d-1335-48c2-88ab-9f16ab9c24ce,assets,source_provided,True,False,[],,matched
t160-quality-20261006T132638Z-80ad8d90-10-IMP-MIXED-r1,IMP-MIXED,1,automatic,545de13f-3fe9-524b-a917-7ab04807806f,c9be69c0-ace2-47d1-8698-aaf328c9a1d8,question_number,source_provided,True,True,2,2,matched
t160-quality-20261006T132638Z-80ad8d90-10-IMP-MIXED-r1,IMP-MIXED,1,automatic,545de13f-3fe9-524b-a917-7ab04807806f,c9be69c0-ace2-47d1-8698-aaf328c9a1d8,order_index,source_provided,True,True,2,2,matched
t160-quality-20261006T132638Z-80ad8d90-10-IMP-MIXED-r1,IMP-MIXED,1,automatic,545de13f-3fe9-524b-a917-7ab04807806f,c9be69c0-ace2-47d1-8698-aaf328c9a1d8,source_page_numbers,source_provided,True,True,[1],[1],matched
t160-quality-20261006T132638Z-80ad8d90-10-IMP-MIXED-r1,IMP-MIXED,1,automatic,545de13f-3fe9-524b-a917-7ab04807806f,c9be69c0-ace2-47d1-8698-aaf328c9a1d8,question_type,source_provided,True,True,TRUE_FALSE,TRUE_FALSE,matched
t160-quality-20261006T132638Z-80ad8d90-10-IMP-MIXED-r1,IMP-MIXED,1,automatic,545de13f-3fe9-524b-a917-7ab04807806f,c9be69c0-ace2-47d1-8698-aaf328c9a1d8,content,source_provided,True,True,右图三角形面积为 24 cm²。,右图三角形面积为 24 cm²。,matched
t160-quality-20261006T132638Z-80ad8d90-10-IMP-MIXED-r1,IMP-MIXED,1,automatic,545de13f-3fe9-524b-a917-7ab04807806f,c9be69c0-ace2-47d1-8698-aaf328c9a1d8,options,source_provided,True,True,"[""正确"", ""错误""]","[""正确"", ""错误""]",matched
t160-quality-20261006T132638Z-80ad8d90-10-IMP-MIXED-r1,IMP-MIXED,1,automatic,545de13f-3fe9-524b-a917-7ab04807806f,c9be69c0-ace2-47d1-8698-aaf328c9a1d8,reference_answer,known_missing,True,True,,,matched
t160-quality-20261006T132638Z-80ad8d90-10-IMP-MIXED-r1,IMP-MIXED,1,automatic,545de13f-3fe9-524b-a917-7ab04807806f,c9be69c0-ace2-47d1-8698-aaf328c9a1d8,analysis,known_missing,True,True,,,matched
t160-quality-20261006T132638Z-80ad8d90-10-IMP-MIXED-r1,IMP-MIXED,1,automatic,545de13f-3fe9-524b-a917-7ab04807806f,c9be69c0-ace2-47d1-8698-aaf328c9a1d8,score,source_provided,True,True,2.00,2.00,matched
t160-quality-20261006T132638Z-80ad8d90-10-IMP-MIXED-r1,IMP-MIXED,1,automatic,545de13f-3fe9-524b-a917-7ab04807806f,c9be69c0-ace2-47d1-8698-aaf328c9a1d8,scoring_rubric,known_missing,True,True,,,matched
t160-quality-20261006T132638Z-80ad8d90-10-IMP-MIXED-r1,IMP-MIXED,1,automatic,545de13f-3fe9-524b-a917-7ab04807806f,c9be69c0-ace2-47d1-8698-aaf328c9a1d8,knowledge_points,known_missing,True,False,[],,matched
t160-quality-20261006T132638Z-80ad8d90-10-IMP-MIXED-r1,IMP-MIXED,1,automatic,545de13f-3fe9-524b-a917-7ab04807806f,c9be69c0-ace2-47d1-8698-aaf328c9a1d8,source_regions,unknown,False,,,,reference_unknown
t160-quality-20261006T132638Z-80ad8d90-10-IMP-MIXED-r1,IMP-MIXED,1,automatic,545de13f-3fe9-524b-a917-7ab04807806f,c9be69c0-ace2-47d1-8698-aaf328c9a1d8,assets,source_provided,True,False,"[{""asset_type"": ""figure"", ""source_page_number"": 1, ""order_index"": 1}]",,matched
t160-quality-20261006T132638Z-80ad8d90-10-IMP-MIXED-r1,IMP-MIXED,1,automatic,85533f46-eb86-5893-8742-33939e77750f,c73d5b76-92ab-475f-a0d4-4b1a8f0080b5,question_number,source_provided,True,True,3,3,matched
t160-quality-20261006T132638Z-80ad8d90-10-IMP-MIXED-r1,IMP-MIXED,1,automatic,85533f46-eb86-5893-8742-33939e77750f,c73d5b76-92ab-475f-a0d4-4b1a8f0080b5,order_index,source_provided,True,True,3,3,matched
t160-quality-20261006T132638Z-80ad8d90-10-IMP-MIXED-r1,IMP-MIXED,1,automatic,85533f46-eb86-5893-8742-33939e77750f,c73d5b76-92ab-475f-a0d4-4b1a8f0080b5,source_page_numbers,source_provided,True,True,[1],[1],matched
t160-quality-20261006T132638Z-80ad8d90-10-IMP-MIXED-r1,IMP-MIXED,1,automatic,85533f46-eb86-5893-8742-33939e77750f,c73d5b76-92ab-475f-a0d4-4b1a8f0080b5,question_type,source_provided,True,True,SHORT_ANSWER,SHORT_ANSWER,matched
t160-quality-20261006T132638Z-80ad8d90-10-IMP-MIXED-r1,IMP-MIXED,1,automatic,85533f46-eb86-5893-8742-33939e77750f,c73d5b76-92ab-475f-a0d4-4b1a8f0080b5,content,source_provided,True,True,根据下表写出 y 关于 x 的关系式。,根据下表写出 y 关于 x 的关系式。,matched
t160-quality-20261006T132638Z-80ad8d90-10-IMP-MIXED-r1,IMP-MIXED,1,automatic,85533f46-eb86-5893-8742-33939e77750f,c73d5b76-92ab-475f-a0d4-4b1a8f0080b5,options,not_applicable,True,True,,,matched
t160-quality-20261006T132638Z-80ad8d90-10-IMP-MIXED-r1,IMP-MIXED,1,automatic,85533f46-eb86-5893-8742-33939e77750f,c73d5b76-92ab-475f-a0d4-4b1a8f0080b5,reference_answer,known_missing,True,True,,,matched
t160-quality-20261006T132638Z-80ad8d90-10-IMP-MIXED-r1,IMP-MIXED,1,automatic,85533f46-eb86-5893-8742-33939e77750f,c73d5b76-92ab-475f-a0d4-4b1a8f0080b5,analysis,known_missing,True,True,,,matched
t160-quality-20261006T132638Z-80ad8d90-10-IMP-MIXED-r1,IMP-MIXED,1,automatic,85533f46-eb86-5893-8742-33939e77750f,c73d5b76-92ab-475f-a0d4-4b1a8f0080b5,score,source_provided,True,True,3.00,3.00,matched
t160-quality-20261006T132638Z-80ad8d90-10-IMP-MIXED-r1,IMP-MIXED,1,automatic,85533f46-eb86-5893-8742-33939e77750f,c73d5b76-92ab-475f-a0d4-4b1a8f0080b5,scoring_rubric,source_provided,True,True,正确关系式 1.00；说明代入过程 2.00。,正确关系式 1.00；说明代入过程 2.00。,matched
t160-quality-20261006T132638Z-80ad8d90-10-IMP-MIXED-r1,IMP-MIXED,1,automatic,85533f46-eb86-5893-8742-33939e77750f,c73d5b76-92ab-475f-a0d4-4b1a8f0080b5,knowledge_points,source_provided,True,True,"[""一次函数"", ""表达与计算""]","[""一次函数"", ""表达与计算""]",matched
t160-quality-20261006T132638Z-80ad8d90-10-IMP-MIXED-r1,IMP-MIXED,1,automatic,85533f46-eb86-5893-8742-33939e77750f,c73d5b76-92ab-475f-a0d4-4b1a8f0080b5,source_regions,unknown,False,,,,reference_unknown
t160-quality-20261006T132638Z-80ad8d90-10-IMP-MIXED-r1,IMP-MIXED,1,automatic,85533f46-eb86-5893-8742-33939e77750f,c73d5b76-92ab-475f-a0d4-4b1a8f0080b5,assets,source_provided,True,False,"[{""asset_type"": ""table"", ""source_page_number"": 1, ""order_index"": 1}]",,matched
t160-quality-20261006T132638Z-80ad8d90-10-IMP-MIXED-r1,IMP-MIXED,1,automatic,0fa8d57e-58c2-5aa4-b8cd-e52e96380a38,7288b12f-6ca3-448b-a2f5-83c51037c631,question_number,source_provided,True,True,4,4,matched
t160-quality-20261006T132638Z-80ad8d90-10-IMP-MIXED-r1,IMP-MIXED,1,automatic,0fa8d57e-58c2-5aa4-b8cd-e52e96380a38,7288b12f-6ca3-448b-a2f5-83c51037c631,order_index,source_provided,True,True,4,4,matched
t160-quality-20261006T132638Z-80ad8d90-10-IMP-MIXED-r1,IMP-MIXED,1,automatic,0fa8d57e-58c2-5aa4-b8cd-e52e96380a38,7288b12f-6ca3-448b-a2f5-83c51037c631,source_page_numbers,source_provided,True,True,[2],[2],matched
t160-quality-20261006T132638Z-80ad8d90-10-IMP-MIXED-r1,IMP-MIXED,1,automatic,0fa8d57e-58c2-5aa4-b8cd-e52e96380a38,7288b12f-6ca3-448b-a2f5-83c51037c631,question_type,source_provided,True,True,SINGLE_CHOICE,SINGLE_CHOICE,matched
t160-quality-20261006T132638Z-80ad8d90-10-IMP-MIXED-r1,IMP-MIXED,1,automatic,0fa8d57e-58c2-5aa4-b8cd-e52e96380a38,7288b12f-6ca3-448b-a2f5-83c51037c631,content,source_provided,True,False,y = 2x + 1，x = 3 时 y 为多少？,y= 2x +1，x = 3 时y为多少？,matched
t160-quality-20261006T132638Z-80ad8d90-10-IMP-MIXED-r1,IMP-MIXED,1,automatic,0fa8d57e-58c2-5aa4-b8cd-e52e96380a38,7288b12f-6ca3-448b-a2f5-83c51037c631,options,source_provided,True,True,"{""C"": ""7"", ""A"": ""5"", ""B"": ""6"", ""D"": ""8""}","{""C"": ""7"", ""A"": ""5"", ""B"": ""6"", ""D"": ""8""}",matched
t160-quality-20261006T132638Z-80ad8d90-10-IMP-MIXED-r1,IMP-MIXED,1,automatic,0fa8d57e-58c2-5aa4-b8cd-e52e96380a38,7288b12f-6ca3-448b-a2f5-83c51037c631,reference_answer,source_provided,True,True,C,C,matched
t160-quality-20261006T132638Z-80ad8d90-10-IMP-MIXED-r1,IMP-MIXED,1,automatic,0fa8d57e-58c2-5aa4-b8cd-e52e96380a38,7288b12f-6ca3-448b-a2f5-83c51037c631,analysis,source_provided,True,False,2 × 3 + 1 = 7。,2 × 3 +1=7。,matched
t160-quality-20261006T132638Z-80ad8d90-10-IMP-MIXED-r1,IMP-MIXED,1,automatic,0fa8d57e-58c2-5aa4-b8cd-e52e96380a38,7288b12f-6ca3-448b-a2f5-83c51037c631,score,source_provided,True,True,2.00,2.00,matched
t160-quality-20261006T132638Z-80ad8d90-10-IMP-MIXED-r1,IMP-MIXED,1,automatic,0fa8d57e-58c2-5aa4-b8cd-e52e96380a38,7288b12f-6ca3-448b-a2f5-83c51037c631,scoring_rubric,known_missing,True,True,,,matched
t160-quality-20261006T132638Z-80ad8d90-10-IMP-MIXED-r1,IMP-MIXED,1,automatic,0fa8d57e-58c2-5aa4-b8cd-e52e96380a38,7288b12f-6ca3-448b-a2f5-83c51037c631,knowledge_points,known_missing,True,False,[],,matched
t160-quality-20261006T132638Z-80ad8d90-10-IMP-MIXED-r1,IMP-MIXED,1,automatic,0fa8d57e-58c2-5aa4-b8cd-e52e96380a38,7288b12f-6ca3-448b-a2f5-83c51037c631,source_regions,unknown,False,,,,reference_unknown
t160-quality-20261006T132638Z-80ad8d90-10-IMP-MIXED-r1,IMP-MIXED,1,automatic,0fa8d57e-58c2-5aa4-b8cd-e52e96380a38,7288b12f-6ca3-448b-a2f5-83c51037c631,assets,source_provided,True,False,[],,matched
t160-quality-20261006T132638Z-80ad8d90-10-IMP-MIXED-r1,IMP-MIXED,1,automatic,455720b9-9061-5bce-83af-d6d53c6c84e1,3ed18fe0-5605-4bf1-ae7c-f463083bfefa,question_number,source_provided,True,True,5,5,matched
t160-quality-20261006T132638Z-80ad8d90-10-IMP-MIXED-r1,IMP-MIXED,1,automatic,455720b9-9061-5bce-83af-d6d53c6c84e1,3ed18fe0-5605-4bf1-ae7c-f463083bfefa,order_index,source_provided,True,True,5,5,matched
t160-quality-20261006T132638Z-80ad8d90-10-IMP-MIXED-r1,IMP-MIXED,1,automatic,455720b9-9061-5bce-83af-d6d53c6c84e1,3ed18fe0-5605-4bf1-ae7c-f463083bfefa,source_page_numbers,source_provided,True,True,[2],[2],matched
t160-quality-20261006T132638Z-80ad8d90-10-IMP-MIXED-r1,IMP-MIXED,1,automatic,455720b9-9061-5bce-83af-d6d53c6c84e1,3ed18fe0-5605-4bf1-ae7c-f463083bfefa,question_type,source_provided,True,True,TRUE_FALSE,TRUE_FALSE,matched
t160-quality-20261006T132638Z-80ad8d90-10-IMP-MIXED-r1,IMP-MIXED,1,automatic,455720b9-9061-5bce-83af-d6d53c6c84e1,3ed18fe0-5605-4bf1-ae7c-f463083bfefa,content,source_provided,True,False,右图三角形面积为 24 cm²。,右图三角形面积为24cm2。,matched
t160-quality-20261006T132638Z-80ad8d90-10-IMP-MIXED-r1,IMP-MIXED,1,automatic,455720b9-9061-5bce-83af-d6d53c6c84e1,3ed18fe0-5605-4bf1-ae7c-f463083bfefa,options,source_provided,True,True,"[""正确"", ""错误""]","[""正确"", ""错误""]",matched
t160-quality-20261006T132638Z-80ad8d90-10-IMP-MIXED-r1,IMP-MIXED,1,automatic,455720b9-9061-5bce-83af-d6d53c6c84e1,3ed18fe0-5605-4bf1-ae7c-f463083bfefa,reference_answer,known_missing,True,True,,,matched
t160-quality-20261006T132638Z-80ad8d90-10-IMP-MIXED-r1,IMP-MIXED,1,automatic,455720b9-9061-5bce-83af-d6d53c6c84e1,3ed18fe0-5605-4bf1-ae7c-f463083bfefa,analysis,known_missing,True,True,,,matched
t160-quality-20261006T132638Z-80ad8d90-10-IMP-MIXED-r1,IMP-MIXED,1,automatic,455720b9-9061-5bce-83af-d6d53c6c84e1,3ed18fe0-5605-4bf1-ae7c-f463083bfefa,score,source_provided,True,True,2.00,2.00,matched
t160-quality-20261006T132638Z-80ad8d90-10-IMP-MIXED-r1,IMP-MIXED,1,automatic,455720b9-9061-5bce-83af-d6d53c6c84e1,3ed18fe0-5605-4bf1-ae7c-f463083bfefa,scoring_rubric,known_missing,True,True,,,matched
t160-quality-20261006T132638Z-80ad8d90-10-IMP-MIXED-r1,IMP-MIXED,1,automatic,455720b9-9061-5bce-83af-d6d53c6c84e1,3ed18fe0-5605-4bf1-ae7c-f463083bfefa,knowledge_points,known_missing,True,False,[],,matched
t160-quality-20261006T132638Z-80ad8d90-10-IMP-MIXED-r1,IMP-MIXED,1,automatic,455720b9-9061-5bce-83af-d6d53c6c84e1,3ed18fe0-5605-4bf1-ae7c-f463083bfefa,source_regions,unknown,False,,,,reference_unknown
t160-quality-20261006T132638Z-80ad8d90-10-IMP-MIXED-r1,IMP-MIXED,1,automatic,455720b9-9061-5bce-83af-d6d53c6c84e1,3ed18fe0-5605-4bf1-ae7c-f463083bfefa,assets,source_provided,True,False,"[{""asset_type"": ""figure"", ""source_page_number"": 2, ""order_index"": 1}]",,matched
t160-quality-20261006T132638Z-80ad8d90-10-IMP-MIXED-r1,IMP-MIXED,1,automatic,bf862f8d-df39-5559-bab5-d942fccb2432,37c8c715-8193-4deb-bcf8-cba2babfc94d,question_number,source_provided,True,True,6,6,matched
t160-quality-20261006T132638Z-80ad8d90-10-IMP-MIXED-r1,IMP-MIXED,1,automatic,bf862f8d-df39-5559-bab5-d942fccb2432,37c8c715-8193-4deb-bcf8-cba2babfc94d,order_index,source_provided,True,True,6,6,matched
t160-quality-20261006T132638Z-80ad8d90-10-IMP-MIXED-r1,IMP-MIXED,1,automatic,bf862f8d-df39-5559-bab5-d942fccb2432,37c8c715-8193-4deb-bcf8-cba2babfc94d,source_page_numbers,source_provided,True,True,[2],[2],matched
t160-quality-20261006T132638Z-80ad8d90-10-IMP-MIXED-r1,IMP-MIXED,1,automatic,bf862f8d-df39-5559-bab5-d942fccb2432,37c8c715-8193-4deb-bcf8-cba2babfc94d,question_type,source_provided,True,True,SHORT_ANSWER,SHORT_ANSWER,matched
t160-quality-20261006T132638Z-80ad8d90-10-IMP-MIXED-r1,IMP-MIXED,1,automatic,bf862f8d-df39-5559-bab5-d942fccb2432,37c8c715-8193-4deb-bcf8-cba2babfc94d,content,source_provided,True,False,根据下表写出 y 关于 x 的关系式。,根据下表写出y关于x的关系式。,matched
t160-quality-20261006T132638Z-80ad8d90-10-IMP-MIXED-r1,IMP-MIXED,1,automatic,bf862f8d-df39-5559-bab5-d942fccb2432,37c8c715-8193-4deb-bcf8-cba2babfc94d,options,not_applicable,True,True,,,matched
t160-quality-20261006T132638Z-80ad8d90-10-IMP-MIXED-r1,IMP-MIXED,1,automatic,bf862f8d-df39-5559-bab5-d942fccb2432,37c8c715-8193-4deb-bcf8-cba2babfc94d,reference_answer,known_missing,True,True,,,matched
t160-quality-20261006T132638Z-80ad8d90-10-IMP-MIXED-r1,IMP-MIXED,1,automatic,bf862f8d-df39-5559-bab5-d942fccb2432,37c8c715-8193-4deb-bcf8-cba2babfc94d,analysis,known_missing,True,True,,,matched
t160-quality-20261006T132638Z-80ad8d90-10-IMP-MIXED-r1,IMP-MIXED,1,automatic,bf862f8d-df39-5559-bab5-d942fccb2432,37c8c715-8193-4deb-bcf8-cba2babfc94d,score,source_provided,True,True,3.00,3.00,matched
t160-quality-20261006T132638Z-80ad8d90-10-IMP-MIXED-r1,IMP-MIXED,1,automatic,bf862f8d-df39-5559-bab5-d942fccb2432,37c8c715-8193-4deb-bcf8-cba2babfc94d,scoring_rubric,source_provided,True,False,正确关系式 1.00；说明代入过程 2.00。,正确关系式1.00；说明代入过程2.00。,matched
t160-quality-20261006T132638Z-80ad8d90-10-IMP-MIXED-r1,IMP-MIXED,1,automatic,bf862f8d-df39-5559-bab5-d942fccb2432,37c8c715-8193-4deb-bcf8-cba2babfc94d,knowledge_points,source_provided,True,True,"[""一次函数"", ""表达与计算""]","[""一次函数"", ""表达与计算""]",matched
t160-quality-20261006T132638Z-80ad8d90-10-IMP-MIXED-r1,IMP-MIXED,1,automatic,bf862f8d-df39-5559-bab5-d942fccb2432,37c8c715-8193-4deb-bcf8-cba2babfc94d,source_regions,unknown,False,,,,reference_unknown
t160-quality-20261006T132638Z-80ad8d90-10-IMP-MIXED-r1,IMP-MIXED,1,automatic,bf862f8d-df39-5559-bab5-d942fccb2432,37c8c715-8193-4deb-bcf8-cba2babfc94d,assets,source_provided,True,False,"[{""asset_type"": ""table"", ""source_page_number"": 2, ""order_index"": 1}]",,matched
t160-quality-20261006T132638Z-80ad8d90-10-IMP-MIXED-r1,IMP-MIXED,1,assisted_corrected,1faa8619-84cc-5d65-86ae-244c7f68645e,d6e1160d-1335-48c2-88ab-9f16ab9c24ce,question_number,source_provided,True,True,1,1,matched
t160-quality-20261006T132638Z-80ad8d90-10-IMP-MIXED-r1,IMP-MIXED,1,assisted_corrected,1faa8619-84cc-5d65-86ae-244c7f68645e,d6e1160d-1335-48c2-88ab-9f16ab9c24ce,order_index,source_provided,True,True,1,1,matched
t160-quality-20261006T132638Z-80ad8d90-10-IMP-MIXED-r1,IMP-MIXED,1,assisted_corrected,1faa8619-84cc-5d65-86ae-244c7f68645e,d6e1160d-1335-48c2-88ab-9f16ab9c24ce,source_page_numbers,source_provided,True,True,[1],[1],matched
t160-quality-20261006T132638Z-80ad8d90-10-IMP-MIXED-r1,IMP-MIXED,1,assisted_corrected,1faa8619-84cc-5d65-86ae-244c7f68645e,d6e1160d-1335-48c2-88ab-9f16ab9c24ce,question_type,source_provided,True,True,SINGLE_CHOICE,SINGLE_CHOICE,matched
t160-quality-20261006T132638Z-80ad8d90-10-IMP-MIXED-r1,IMP-MIXED,1,assisted_corrected,1faa8619-84cc-5d65-86ae-244c7f68645e,d6e1160d-1335-48c2-88ab-9f16ab9c24ce,content,source_provided,True,True,y = 2x + 1，x = 3 时 y 为多少？,y = 2x + 1，x = 3 时 y 为多少？,matched
t160-quality-20261006T132638Z-80ad8d90-10-IMP-MIXED-r1,IMP-MIXED,1,assisted_corrected,1faa8619-84cc-5d65-86ae-244c7f68645e,d6e1160d-1335-48c2-88ab-9f16ab9c24ce,options,source_provided,True,True,"{""C"": ""7"", ""A"": ""5"", ""B"": ""6"", ""D"": ""8""}","{""C"": ""7"", ""A"": ""5"", ""B"": ""6"", ""D"": ""8""}",matched
t160-quality-20261006T132638Z-80ad8d90-10-IMP-MIXED-r1,IMP-MIXED,1,assisted_corrected,1faa8619-84cc-5d65-86ae-244c7f68645e,d6e1160d-1335-48c2-88ab-9f16ab9c24ce,reference_answer,source_provided,True,True,C,C,matched
t160-quality-20261006T132638Z-80ad8d90-10-IMP-MIXED-r1,IMP-MIXED,1,assisted_corrected,1faa8619-84cc-5d65-86ae-244c7f68645e,d6e1160d-1335-48c2-88ab-9f16ab9c24ce,analysis,source_provided,True,True,2 × 3 + 1 = 7。,2 × 3 + 1 = 7。,matched
t160-quality-20261006T132638Z-80ad8d90-10-IMP-MIXED-r1,IMP-MIXED,1,assisted_corrected,1faa8619-84cc-5d65-86ae-244c7f68645e,d6e1160d-1335-48c2-88ab-9f16ab9c24ce,score,source_provided,True,True,2.00,2.00,matched
t160-quality-20261006T132638Z-80ad8d90-10-IMP-MIXED-r1,IMP-MIXED,1,assisted_corrected,1faa8619-84cc-5d65-86ae-244c7f68645e,d6e1160d-1335-48c2-88ab-9f16ab9c24ce,scoring_rubric,known_missing,True,True,,,matched
t160-quality-20261006T132638Z-80ad8d90-10-IMP-MIXED-r1,IMP-MIXED,1,assisted_corrected,1faa8619-84cc-5d65-86ae-244c7f68645e,d6e1160d-1335-48c2-88ab-9f16ab9c24ce,knowledge_points,known_missing,True,True,[],[],matched
t160-quality-20261006T132638Z-80ad8d90-10-IMP-MIXED-r1,IMP-MIXED,1,assisted_corrected,1faa8619-84cc-5d65-86ae-244c7f68645e,d6e1160d-1335-48c2-88ab-9f16ab9c24ce,source_regions,unknown,False,,,,reference_unknown
t160-quality-20261006T132638Z-80ad8d90-10-IMP-MIXED-r1,IMP-MIXED,1,assisted_corrected,1faa8619-84cc-5d65-86ae-244c7f68645e,d6e1160d-1335-48c2-88ab-9f16ab9c24ce,assets,source_provided,True,True,[],[],matched
t160-quality-20261006T132638Z-80ad8d90-10-IMP-MIXED-r1,IMP-MIXED,1,assisted_corrected,545de13f-3fe9-524b-a917-7ab04807806f,c9be69c0-ace2-47d1-8698-aaf328c9a1d8,question_number,source_provided,True,True,2,2,matched
t160-quality-20261006T132638Z-80ad8d90-10-IMP-MIXED-r1,IMP-MIXED,1,assisted_corrected,545de13f-3fe9-524b-a917-7ab04807806f,c9be69c0-ace2-47d1-8698-aaf328c9a1d8,order_index,source_provided,True,True,2,2,matched
t160-quality-20261006T132638Z-80ad8d90-10-IMP-MIXED-r1,IMP-MIXED,1,assisted_corrected,545de13f-3fe9-524b-a917-7ab04807806f,c9be69c0-ace2-47d1-8698-aaf328c9a1d8,source_page_numbers,source_provided,True,True,[1],[1],matched
t160-quality-20261006T132638Z-80ad8d90-10-IMP-MIXED-r1,IMP-MIXED,1,assisted_corrected,545de13f-3fe9-524b-a917-7ab04807806f,c9be69c0-ace2-47d1-8698-aaf328c9a1d8,question_type,source_provided,True,True,TRUE_FALSE,TRUE_FALSE,matched
t160-quality-20261006T132638Z-80ad8d90-10-IMP-MIXED-r1,IMP-MIXED,1,assisted_corrected,545de13f-3fe9-524b-a917-7ab04807806f,c9be69c0-ace2-47d1-8698-aaf328c9a1d8,content,source_provided,True,True,右图三角形面积为 24 cm²。,右图三角形面积为 24 cm²。,matched
t160-quality-20261006T132638Z-80ad8d90-10-IMP-MIXED-r1,IMP-MIXED,1,assisted_corrected,545de13f-3fe9-524b-a917-7ab04807806f,c9be69c0-ace2-47d1-8698-aaf328c9a1d8,options,source_provided,True,True,"[""正确"", ""错误""]","[""正确"", ""错误""]",matched
t160-quality-20261006T132638Z-80ad8d90-10-IMP-MIXED-r1,IMP-MIXED,1,assisted_corrected,545de13f-3fe9-524b-a917-7ab04807806f,c9be69c0-ace2-47d1-8698-aaf328c9a1d8,reference_answer,known_missing,True,True,,,matched
t160-quality-20261006T132638Z-80ad8d90-10-IMP-MIXED-r1,IMP-MIXED,1,assisted_corrected,545de13f-3fe9-524b-a917-7ab04807806f,c9be69c0-ace2-47d1-8698-aaf328c9a1d8,analysis,known_missing,True,True,,,matched
t160-quality-20261006T132638Z-80ad8d90-10-IMP-MIXED-r1,IMP-MIXED,1,assisted_corrected,545de13f-3fe9-524b-a917-7ab04807806f,c9be69c0-ace2-47d1-8698-aaf328c9a1d8,score,source_provided,True,True,2.00,2.00,matched
t160-quality-20261006T132638Z-80ad8d90-10-IMP-MIXED-r1,IMP-MIXED,1,assisted_corrected,545de13f-3fe9-524b-a917-7ab04807806f,c9be69c0-ace2-47d1-8698-aaf328c9a1d8,scoring_rubric,known_missing,True,True,,,matched
t160-quality-20261006T132638Z-80ad8d90-10-IMP-MIXED-r1,IMP-MIXED,1,assisted_corrected,545de13f-3fe9-524b-a917-7ab04807806f,c9be69c0-ace2-47d1-8698-aaf328c9a1d8,knowledge_points,known_missing,True,True,[],[],matched
t160-quality-20261006T132638Z-80ad8d90-10-IMP-MIXED-r1,IMP-MIXED,1,assisted_corrected,545de13f-3fe9-524b-a917-7ab04807806f,c9be69c0-ace2-47d1-8698-aaf328c9a1d8,source_regions,unknown,False,,,,reference_unknown
t160-quality-20261006T132638Z-80ad8d90-10-IMP-MIXED-r1,IMP-MIXED,1,assisted_corrected,545de13f-3fe9-524b-a917-7ab04807806f,c9be69c0-ace2-47d1-8698-aaf328c9a1d8,assets,source_provided,True,False,"[{""asset_type"": ""figure"", ""source_page_number"": 1, ""order_index"": 1}]",,matched
t160-quality-20261006T132638Z-80ad8d90-10-IMP-MIXED-r1,IMP-MIXED,1,assisted_corrected,85533f46-eb86-5893-8742-33939e77750f,c73d5b76-92ab-475f-a0d4-4b1a8f0080b5,question_number,source_provided,True,True,3,3,matched
t160-quality-20261006T132638Z-80ad8d90-10-IMP-MIXED-r1,IMP-MIXED,1,assisted_corrected,85533f46-eb86-5893-8742-33939e77750f,c73d5b76-92ab-475f-a0d4-4b1a8f0080b5,order_index,source_provided,True,True,3,3,matched
t160-quality-20261006T132638Z-80ad8d90-10-IMP-MIXED-r1,IMP-MIXED,1,assisted_corrected,85533f46-eb86-5893-8742-33939e77750f,c73d5b76-92ab-475f-a0d4-4b1a8f0080b5,source_page_numbers,source_provided,True,True,[1],[1],matched
t160-quality-20261006T132638Z-80ad8d90-10-IMP-MIXED-r1,IMP-MIXED,1,assisted_corrected,85533f46-eb86-5893-8742-33939e77750f,c73d5b76-92ab-475f-a0d4-4b1a8f0080b5,question_type,source_provided,True,True,SHORT_ANSWER,SHORT_ANSWER,matched
t160-quality-20261006T132638Z-80ad8d90-10-IMP-MIXED-r1,IMP-MIXED,1,assisted_corrected,85533f46-eb86-5893-8742-33939e77750f,c73d5b76-92ab-475f-a0d4-4b1a8f0080b5,content,source_provided,True,True,根据下表写出 y 关于 x 的关系式。,根据下表写出 y 关于 x 的关系式。,matched
t160-quality-20261006T132638Z-80ad8d90-10-IMP-MIXED-r1,IMP-MIXED,1,assisted_corrected,85533f46-eb86-5893-8742-33939e77750f,c73d5b76-92ab-475f-a0d4-4b1a8f0080b5,options,not_applicable,True,True,,,matched
t160-quality-20261006T132638Z-80ad8d90-10-IMP-MIXED-r1,IMP-MIXED,1,assisted_corrected,85533f46-eb86-5893-8742-33939e77750f,c73d5b76-92ab-475f-a0d4-4b1a8f0080b5,reference_answer,known_missing,True,True,,,matched
t160-quality-20261006T132638Z-80ad8d90-10-IMP-MIXED-r1,IMP-MIXED,1,assisted_corrected,85533f46-eb86-5893-8742-33939e77750f,c73d5b76-92ab-475f-a0d4-4b1a8f0080b5,analysis,known_missing,True,True,,,matched
t160-quality-20261006T132638Z-80ad8d90-10-IMP-MIXED-r1,IMP-MIXED,1,assisted_corrected,85533f46-eb86-5893-8742-33939e77750f,c73d5b76-92ab-475f-a0d4-4b1a8f0080b5,score,source_provided,True,True,3.00,3.00,matched
t160-quality-20261006T132638Z-80ad8d90-10-IMP-MIXED-r1,IMP-MIXED,1,assisted_corrected,85533f46-eb86-5893-8742-33939e77750f,c73d5b76-92ab-475f-a0d4-4b1a8f0080b5,scoring_rubric,source_provided,True,True,正确关系式 1.00；说明代入过程 2.00。,正确关系式 1.00；说明代入过程 2.00。,matched
t160-quality-20261006T132638Z-80ad8d90-10-IMP-MIXED-r1,IMP-MIXED,1,assisted_corrected,85533f46-eb86-5893-8742-33939e77750f,c73d5b76-92ab-475f-a0d4-4b1a8f0080b5,knowledge_points,source_provided,True,True,"[""一次函数"", ""表达与计算""]","[""一次函数"", ""表达与计算""]",matched
t160-quality-20261006T132638Z-80ad8d90-10-IMP-MIXED-r1,IMP-MIXED,1,assisted_corrected,85533f46-eb86-5893-8742-33939e77750f,c73d5b76-92ab-475f-a0d4-4b1a8f0080b5,source_regions,unknown,False,,,,reference_unknown
t160-quality-20261006T132638Z-80ad8d90-10-IMP-MIXED-r1,IMP-MIXED,1,assisted_corrected,85533f46-eb86-5893-8742-33939e77750f,c73d5b76-92ab-475f-a0d4-4b1a8f0080b5,assets,source_provided,True,False,"[{""asset_type"": ""table"", ""source_page_number"": 1, ""order_index"": 1}]",,matched
t160-quality-20261006T132638Z-80ad8d90-10-IMP-MIXED-r1,IMP-MIXED,1,assisted_corrected,0fa8d57e-58c2-5aa4-b8cd-e52e96380a38,7288b12f-6ca3-448b-a2f5-83c51037c631,question_number,source_provided,True,True,4,4,matched
t160-quality-20261006T132638Z-80ad8d90-10-IMP-MIXED-r1,IMP-MIXED,1,assisted_corrected,0fa8d57e-58c2-5aa4-b8cd-e52e96380a38,7288b12f-6ca3-448b-a2f5-83c51037c631,order_index,source_provided,True,True,4,4,matched
t160-quality-20261006T132638Z-80ad8d90-10-IMP-MIXED-r1,IMP-MIXED,1,assisted_corrected,0fa8d57e-58c2-5aa4-b8cd-e52e96380a38,7288b12f-6ca3-448b-a2f5-83c51037c631,source_page_numbers,source_provided,True,True,[2],[2],matched
t160-quality-20261006T132638Z-80ad8d90-10-IMP-MIXED-r1,IMP-MIXED,1,assisted_corrected,0fa8d57e-58c2-5aa4-b8cd-e52e96380a38,7288b12f-6ca3-448b-a2f5-83c51037c631,question_type,source_provided,True,True,SINGLE_CHOICE,SINGLE_CHOICE,matched
t160-quality-20261006T132638Z-80ad8d90-10-IMP-MIXED-r1,IMP-MIXED,1,assisted_corrected,0fa8d57e-58c2-5aa4-b8cd-e52e96380a38,7288b12f-6ca3-448b-a2f5-83c51037c631,content,source_provided,True,True,y = 2x + 1，x = 3 时 y 为多少？,y = 2x + 1，x = 3 时 y 为多少？,matched
t160-quality-20261006T132638Z-80ad8d90-10-IMP-MIXED-r1,IMP-MIXED,1,assisted_corrected,0fa8d57e-58c2-5aa4-b8cd-e52e96380a38,7288b12f-6ca3-448b-a2f5-83c51037c631,options,source_provided,True,True,"{""C"": ""7"", ""A"": ""5"", ""B"": ""6"", ""D"": ""8""}","{""C"": ""7"", ""A"": ""5"", ""B"": ""6"", ""D"": ""8""}",matched
t160-quality-20261006T132638Z-80ad8d90-10-IMP-MIXED-r1,IMP-MIXED,1,assisted_corrected,0fa8d57e-58c2-5aa4-b8cd-e52e96380a38,7288b12f-6ca3-448b-a2f5-83c51037c631,reference_answer,source_provided,True,True,C,C,matched
t160-quality-20261006T132638Z-80ad8d90-10-IMP-MIXED-r1,IMP-MIXED,1,assisted_corrected,0fa8d57e-58c2-5aa4-b8cd-e52e96380a38,7288b12f-6ca3-448b-a2f5-83c51037c631,analysis,source_provided,True,True,2 × 3 + 1 = 7。,2 × 3 + 1 = 7。,matched
t160-quality-20261006T132638Z-80ad8d90-10-IMP-MIXED-r1,IMP-MIXED,1,assisted_corrected,0fa8d57e-58c2-5aa4-b8cd-e52e96380a38,7288b12f-6ca3-448b-a2f5-83c51037c631,score,source_provided,True,True,2.00,2.00,matched
t160-quality-20261006T132638Z-80ad8d90-10-IMP-MIXED-r1,IMP-MIXED,1,assisted_corrected,0fa8d57e-58c2-5aa4-b8cd-e52e96380a38,7288b12f-6ca3-448b-a2f5-83c51037c631,scoring_rubric,known_missing,True,True,,,matched
t160-quality-20261006T132638Z-80ad8d90-10-IMP-MIXED-r1,IMP-MIXED,1,assisted_corrected,0fa8d57e-58c2-5aa4-b8cd-e52e96380a38,7288b12f-6ca3-448b-a2f5-83c51037c631,knowledge_points,known_missing,True,True,[],[],matched
t160-quality-20261006T132638Z-80ad8d90-10-IMP-MIXED-r1,IMP-MIXED,1,assisted_corrected,0fa8d57e-58c2-5aa4-b8cd-e52e96380a38,7288b12f-6ca3-448b-a2f5-83c51037c631,source_regions,unknown,False,,,,reference_unknown
t160-quality-20261006T132638Z-80ad8d90-10-IMP-MIXED-r1,IMP-MIXED,1,assisted_corrected,0fa8d57e-58c2-5aa4-b8cd-e52e96380a38,7288b12f-6ca3-448b-a2f5-83c51037c631,assets,source_provided,True,True,[],[],matched
t160-quality-20261006T132638Z-80ad8d90-10-IMP-MIXED-r1,IMP-MIXED,1,assisted_corrected,455720b9-9061-5bce-83af-d6d53c6c84e1,3ed18fe0-5605-4bf1-ae7c-f463083bfefa,question_number,source_provided,True,True,5,5,matched
t160-quality-20261006T132638Z-80ad8d90-10-IMP-MIXED-r1,IMP-MIXED,1,assisted_corrected,455720b9-9061-5bce-83af-d6d53c6c84e1,3ed18fe0-5605-4bf1-ae7c-f463083bfefa,order_index,source_provided,True,True,5,5,matched
t160-quality-20261006T132638Z-80ad8d90-10-IMP-MIXED-r1,IMP-MIXED,1,assisted_corrected,455720b9-9061-5bce-83af-d6d53c6c84e1,3ed18fe0-5605-4bf1-ae7c-f463083bfefa,source_page_numbers,source_provided,True,True,[2],[2],matched
t160-quality-20261006T132638Z-80ad8d90-10-IMP-MIXED-r1,IMP-MIXED,1,assisted_corrected,455720b9-9061-5bce-83af-d6d53c6c84e1,3ed18fe0-5605-4bf1-ae7c-f463083bfefa,question_type,source_provided,True,True,TRUE_FALSE,TRUE_FALSE,matched
t160-quality-20261006T132638Z-80ad8d90-10-IMP-MIXED-r1,IMP-MIXED,1,assisted_corrected,455720b9-9061-5bce-83af-d6d53c6c84e1,3ed18fe0-5605-4bf1-ae7c-f463083bfefa,content,source_provided,True,True,右图三角形面积为 24 cm²。,右图三角形面积为 24 cm²。,matched
t160-quality-20261006T132638Z-80ad8d90-10-IMP-MIXED-r1,IMP-MIXED,1,assisted_corrected,455720b9-9061-5bce-83af-d6d53c6c84e1,3ed18fe0-5605-4bf1-ae7c-f463083bfefa,options,source_provided,True,True,"[""正确"", ""错误""]","[""正确"", ""错误""]",matched
t160-quality-20261006T132638Z-80ad8d90-10-IMP-MIXED-r1,IMP-MIXED,1,assisted_corrected,455720b9-9061-5bce-83af-d6d53c6c84e1,3ed18fe0-5605-4bf1-ae7c-f463083bfefa,reference_answer,known_missing,True,True,,,matched
t160-quality-20261006T132638Z-80ad8d90-10-IMP-MIXED-r1,IMP-MIXED,1,assisted_corrected,455720b9-9061-5bce-83af-d6d53c6c84e1,3ed18fe0-5605-4bf1-ae7c-f463083bfefa,analysis,known_missing,True,True,,,matched
t160-quality-20261006T132638Z-80ad8d90-10-IMP-MIXED-r1,IMP-MIXED,1,assisted_corrected,455720b9-9061-5bce-83af-d6d53c6c84e1,3ed18fe0-5605-4bf1-ae7c-f463083bfefa,score,source_provided,True,True,2.00,2.00,matched
t160-quality-20261006T132638Z-80ad8d90-10-IMP-MIXED-r1,IMP-MIXED,1,assisted_corrected,455720b9-9061-5bce-83af-d6d53c6c84e1,3ed18fe0-5605-4bf1-ae7c-f463083bfefa,scoring_rubric,known_missing,True,True,,,matched
t160-quality-20261006T132638Z-80ad8d90-10-IMP-MIXED-r1,IMP-MIXED,1,assisted_corrected,455720b9-9061-5bce-83af-d6d53c6c84e1,3ed18fe0-5605-4bf1-ae7c-f463083bfefa,knowledge_points,known_missing,True,True,[],[],matched
t160-quality-20261006T132638Z-80ad8d90-10-IMP-MIXED-r1,IMP-MIXED,1,assisted_corrected,455720b9-9061-5bce-83af-d6d53c6c84e1,3ed18fe0-5605-4bf1-ae7c-f463083bfefa,source_regions,unknown,False,,,,reference_unknown
t160-quality-20261006T132638Z-80ad8d90-10-IMP-MIXED-r1,IMP-MIXED,1,assisted_corrected,455720b9-9061-5bce-83af-d6d53c6c84e1,3ed18fe0-5605-4bf1-ae7c-f463083bfefa,assets,source_provided,True,False,"[{""asset_type"": ""figure"", ""source_page_number"": 2, ""order_index"": 1}]",,matched
t160-quality-20261006T132638Z-80ad8d90-10-IMP-MIXED-r1,IMP-MIXED,1,assisted_corrected,bf862f8d-df39-5559-bab5-d942fccb2432,37c8c715-8193-4deb-bcf8-cba2babfc94d,question_number,source_provided,True,True,6,6,matched
t160-quality-20261006T132638Z-80ad8d90-10-IMP-MIXED-r1,IMP-MIXED,1,assisted_corrected,bf862f8d-df39-5559-bab5-d942fccb2432,37c8c715-8193-4deb-bcf8-cba2babfc94d,order_index,source_provided,True,True,6,6,matched
t160-quality-20261006T132638Z-80ad8d90-10-IMP-MIXED-r1,IMP-MIXED,1,assisted_corrected,bf862f8d-df39-5559-bab5-d942fccb2432,37c8c715-8193-4deb-bcf8-cba2babfc94d,source_page_numbers,source_provided,True,True,[2],[2],matched
t160-quality-20261006T132638Z-80ad8d90-10-IMP-MIXED-r1,IMP-MIXED,1,assisted_corrected,bf862f8d-df39-5559-bab5-d942fccb2432,37c8c715-8193-4deb-bcf8-cba2babfc94d,question_type,source_provided,True,True,SHORT_ANSWER,SHORT_ANSWER,matched
t160-quality-20261006T132638Z-80ad8d90-10-IMP-MIXED-r1,IMP-MIXED,1,assisted_corrected,bf862f8d-df39-5559-bab5-d942fccb2432,37c8c715-8193-4deb-bcf8-cba2babfc94d,content,source_provided,True,True,根据下表写出 y 关于 x 的关系式。,根据下表写出 y 关于 x 的关系式。,matched
t160-quality-20261006T132638Z-80ad8d90-10-IMP-MIXED-r1,IMP-MIXED,1,assisted_corrected,bf862f8d-df39-5559-bab5-d942fccb2432,37c8c715-8193-4deb-bcf8-cba2babfc94d,options,not_applicable,True,True,,,matched
t160-quality-20261006T132638Z-80ad8d90-10-IMP-MIXED-r1,IMP-MIXED,1,assisted_corrected,bf862f8d-df39-5559-bab5-d942fccb2432,37c8c715-8193-4deb-bcf8-cba2babfc94d,reference_answer,known_missing,True,True,,,matched
t160-quality-20261006T132638Z-80ad8d90-10-IMP-MIXED-r1,IMP-MIXED,1,assisted_corrected,bf862f8d-df39-5559-bab5-d942fccb2432,37c8c715-8193-4deb-bcf8-cba2babfc94d,analysis,known_missing,True,True,,,matched
t160-quality-20261006T132638Z-80ad8d90-10-IMP-MIXED-r1,IMP-MIXED,1,assisted_corrected,bf862f8d-df39-5559-bab5-d942fccb2432,37c8c715-8193-4deb-bcf8-cba2babfc94d,score,source_provided,True,True,3.00,3.00,matched
t160-quality-20261006T132638Z-80ad8d90-10-IMP-MIXED-r1,IMP-MIXED,1,assisted_corrected,bf862f8d-df39-5559-bab5-d942fccb2432,37c8c715-8193-4deb-bcf8-cba2babfc94d,scoring_rubric,source_provided,True,True,正确关系式 1.00；说明代入过程 2.00。,正确关系式 1.00；说明代入过程 2.00。,matched
t160-quality-20261006T132638Z-80ad8d90-10-IMP-MIXED-r1,IMP-MIXED,1,assisted_corrected,bf862f8d-df39-5559-bab5-d942fccb2432,37c8c715-8193-4deb-bcf8-cba2babfc94d,knowledge_points,source_provided,True,True,"[""一次函数"", ""表达与计算""]","[""一次函数"", ""表达与计算""]",matched
t160-quality-20261006T132638Z-80ad8d90-10-IMP-MIXED-r1,IMP-MIXED,1,assisted_corrected,bf862f8d-df39-5559-bab5-d942fccb2432,37c8c715-8193-4deb-bcf8-cba2babfc94d,source_regions,unknown,False,,,,reference_unknown
t160-quality-20261006T132638Z-80ad8d90-10-IMP-MIXED-r1,IMP-MIXED,1,assisted_corrected,bf862f8d-df39-5559-bab5-d942fccb2432,37c8c715-8193-4deb-bcf8-cba2babfc94d,assets,source_provided,True,False,"[{""asset_type"": ""table"", ""source_page_number"": 2, ""order_index"": 1}]",,matched
t160-quality-20261006T132638Z-80ad8d90-11-IMP-MIXED-r2,IMP-MIXED,2,automatic,1faa8619-84cc-5d65-86ae-244c7f68645e,a56334a3-74ab-4138-8e95-fb66cdbe1df0,question_number,source_provided,True,True,1,1,matched
t160-quality-20261006T132638Z-80ad8d90-11-IMP-MIXED-r2,IMP-MIXED,2,automatic,1faa8619-84cc-5d65-86ae-244c7f68645e,a56334a3-74ab-4138-8e95-fb66cdbe1df0,order_index,source_provided,True,True,1,1,matched
t160-quality-20261006T132638Z-80ad8d90-11-IMP-MIXED-r2,IMP-MIXED,2,automatic,1faa8619-84cc-5d65-86ae-244c7f68645e,a56334a3-74ab-4138-8e95-fb66cdbe1df0,source_page_numbers,source_provided,True,True,[1],[1],matched
t160-quality-20261006T132638Z-80ad8d90-11-IMP-MIXED-r2,IMP-MIXED,2,automatic,1faa8619-84cc-5d65-86ae-244c7f68645e,a56334a3-74ab-4138-8e95-fb66cdbe1df0,question_type,source_provided,True,True,SINGLE_CHOICE,SINGLE_CHOICE,matched
t160-quality-20261006T132638Z-80ad8d90-11-IMP-MIXED-r2,IMP-MIXED,2,automatic,1faa8619-84cc-5d65-86ae-244c7f68645e,a56334a3-74ab-4138-8e95-fb66cdbe1df0,content,source_provided,True,True,y = 2x + 1，x = 3 时 y 为多少？,y = 2x + 1，x = 3 时 y 为多少？,matched
t160-quality-20261006T132638Z-80ad8d90-11-IMP-MIXED-r2,IMP-MIXED,2,automatic,1faa8619-84cc-5d65-86ae-244c7f68645e,a56334a3-74ab-4138-8e95-fb66cdbe1df0,options,source_provided,True,True,"{""C"": ""7"", ""A"": ""5"", ""B"": ""6"", ""D"": ""8""}","{""C"": ""7"", ""A"": ""5"", ""B"": ""6"", ""D"": ""8""}",matched
t160-quality-20261006T132638Z-80ad8d90-11-IMP-MIXED-r2,IMP-MIXED,2,automatic,1faa8619-84cc-5d65-86ae-244c7f68645e,a56334a3-74ab-4138-8e95-fb66cdbe1df0,reference_answer,source_provided,True,True,C,C,matched
t160-quality-20261006T132638Z-80ad8d90-11-IMP-MIXED-r2,IMP-MIXED,2,automatic,1faa8619-84cc-5d65-86ae-244c7f68645e,a56334a3-74ab-4138-8e95-fb66cdbe1df0,analysis,source_provided,True,True,2 × 3 + 1 = 7。,2 × 3 + 1 = 7。,matched
t160-quality-20261006T132638Z-80ad8d90-11-IMP-MIXED-r2,IMP-MIXED,2,automatic,1faa8619-84cc-5d65-86ae-244c7f68645e,a56334a3-74ab-4138-8e95-fb66cdbe1df0,score,source_provided,True,True,2.00,2.00,matched
t160-quality-20261006T132638Z-80ad8d90-11-IMP-MIXED-r2,IMP-MIXED,2,automatic,1faa8619-84cc-5d65-86ae-244c7f68645e,a56334a3-74ab-4138-8e95-fb66cdbe1df0,scoring_rubric,known_missing,True,True,,,matched
t160-quality-20261006T132638Z-80ad8d90-11-IMP-MIXED-r2,IMP-MIXED,2,automatic,1faa8619-84cc-5d65-86ae-244c7f68645e,a56334a3-74ab-4138-8e95-fb66cdbe1df0,knowledge_points,known_missing,True,False,[],,matched
t160-quality-20261006T132638Z-80ad8d90-11-IMP-MIXED-r2,IMP-MIXED,2,automatic,1faa8619-84cc-5d65-86ae-244c7f68645e,a56334a3-74ab-4138-8e95-fb66cdbe1df0,source_regions,unknown,False,,,,reference_unknown
t160-quality-20261006T132638Z-80ad8d90-11-IMP-MIXED-r2,IMP-MIXED,2,automatic,1faa8619-84cc-5d65-86ae-244c7f68645e,a56334a3-74ab-4138-8e95-fb66cdbe1df0,assets,source_provided,True,False,[],,matched
t160-quality-20261006T132638Z-80ad8d90-11-IMP-MIXED-r2,IMP-MIXED,2,automatic,545de13f-3fe9-524b-a917-7ab04807806f,eb940c90-c427-486b-9997-9fa4038169a2,question_number,source_provided,True,True,2,2,matched
t160-quality-20261006T132638Z-80ad8d90-11-IMP-MIXED-r2,IMP-MIXED,2,automatic,545de13f-3fe9-524b-a917-7ab04807806f,eb940c90-c427-486b-9997-9fa4038169a2,order_index,source_provided,True,True,2,2,matched
t160-quality-20261006T132638Z-80ad8d90-11-IMP-MIXED-r2,IMP-MIXED,2,automatic,545de13f-3fe9-524b-a917-7ab04807806f,eb940c90-c427-486b-9997-9fa4038169a2,source_page_numbers,source_provided,True,True,[1],[1],matched
t160-quality-20261006T132638Z-80ad8d90-11-IMP-MIXED-r2,IMP-MIXED,2,automatic,545de13f-3fe9-524b-a917-7ab04807806f,eb940c90-c427-486b-9997-9fa4038169a2,question_type,source_provided,True,True,TRUE_FALSE,TRUE_FALSE,matched
t160-quality-20261006T132638Z-80ad8d90-11-IMP-MIXED-r2,IMP-MIXED,2,automatic,545de13f-3fe9-524b-a917-7ab04807806f,eb940c90-c427-486b-9997-9fa4038169a2,content,source_provided,True,True,右图三角形面积为 24 cm²。,右图三角形面积为 24 cm²。,matched
t160-quality-20261006T132638Z-80ad8d90-11-IMP-MIXED-r2,IMP-MIXED,2,automatic,545de13f-3fe9-524b-a917-7ab04807806f,eb940c90-c427-486b-9997-9fa4038169a2,options,source_provided,True,True,"[""正确"", ""错误""]","[""正确"", ""错误""]",matched
t160-quality-20261006T132638Z-80ad8d90-11-IMP-MIXED-r2,IMP-MIXED,2,automatic,545de13f-3fe9-524b-a917-7ab04807806f,eb940c90-c427-486b-9997-9fa4038169a2,reference_answer,known_missing,True,True,,,matched
t160-quality-20261006T132638Z-80ad8d90-11-IMP-MIXED-r2,IMP-MIXED,2,automatic,545de13f-3fe9-524b-a917-7ab04807806f,eb940c90-c427-486b-9997-9fa4038169a2,analysis,known_missing,True,True,,,matched
t160-quality-20261006T132638Z-80ad8d90-11-IMP-MIXED-r2,IMP-MIXED,2,automatic,545de13f-3fe9-524b-a917-7ab04807806f,eb940c90-c427-486b-9997-9fa4038169a2,score,source_provided,True,True,2.00,2.00,matched
t160-quality-20261006T132638Z-80ad8d90-11-IMP-MIXED-r2,IMP-MIXED,2,automatic,545de13f-3fe9-524b-a917-7ab04807806f,eb940c90-c427-486b-9997-9fa4038169a2,scoring_rubric,known_missing,True,True,,,matched
t160-quality-20261006T132638Z-80ad8d90-11-IMP-MIXED-r2,IMP-MIXED,2,automatic,545de13f-3fe9-524b-a917-7ab04807806f,eb940c90-c427-486b-9997-9fa4038169a2,knowledge_points,known_missing,True,False,[],,matched
t160-quality-20261006T132638Z-80ad8d90-11-IMP-MIXED-r2,IMP-MIXED,2,automatic,545de13f-3fe9-524b-a917-7ab04807806f,eb940c90-c427-486b-9997-9fa4038169a2,source_regions,unknown,False,,,,reference_unknown
t160-quality-20261006T132638Z-80ad8d90-11-IMP-MIXED-r2,IMP-MIXED,2,automatic,545de13f-3fe9-524b-a917-7ab04807806f,eb940c90-c427-486b-9997-9fa4038169a2,assets,source_provided,True,False,"[{""asset_type"": ""figure"", ""source_page_number"": 1, ""order_index"": 1}]",,matched
t160-quality-20261006T132638Z-80ad8d90-11-IMP-MIXED-r2,IMP-MIXED,2,automatic,85533f46-eb86-5893-8742-33939e77750f,8da44d1f-6a15-404e-abc0-83ae8d3b7c05,question_number,source_provided,True,True,3,3,matched
t160-quality-20261006T132638Z-80ad8d90-11-IMP-MIXED-r2,IMP-MIXED,2,automatic,85533f46-eb86-5893-8742-33939e77750f,8da44d1f-6a15-404e-abc0-83ae8d3b7c05,order_index,source_provided,True,True,3,3,matched
t160-quality-20261006T132638Z-80ad8d90-11-IMP-MIXED-r2,IMP-MIXED,2,automatic,85533f46-eb86-5893-8742-33939e77750f,8da44d1f-6a15-404e-abc0-83ae8d3b7c05,source_page_numbers,source_provided,True,True,[1],[1],matched
t160-quality-20261006T132638Z-80ad8d90-11-IMP-MIXED-r2,IMP-MIXED,2,automatic,85533f46-eb86-5893-8742-33939e77750f,8da44d1f-6a15-404e-abc0-83ae8d3b7c05,question_type,source_provided,True,True,SHORT_ANSWER,SHORT_ANSWER,matched
t160-quality-20261006T132638Z-80ad8d90-11-IMP-MIXED-r2,IMP-MIXED,2,automatic,85533f46-eb86-5893-8742-33939e77750f,8da44d1f-6a15-404e-abc0-83ae8d3b7c05,content,source_provided,True,True,根据下表写出 y 关于 x 的关系式。,根据下表写出 y 关于 x 的关系式。,matched
t160-quality-20261006T132638Z-80ad8d90-11-IMP-MIXED-r2,IMP-MIXED,2,automatic,85533f46-eb86-5893-8742-33939e77750f,8da44d1f-6a15-404e-abc0-83ae8d3b7c05,options,not_applicable,True,True,,,matched
t160-quality-20261006T132638Z-80ad8d90-11-IMP-MIXED-r2,IMP-MIXED,2,automatic,85533f46-eb86-5893-8742-33939e77750f,8da44d1f-6a15-404e-abc0-83ae8d3b7c05,reference_answer,known_missing,True,True,,,matched
t160-quality-20261006T132638Z-80ad8d90-11-IMP-MIXED-r2,IMP-MIXED,2,automatic,85533f46-eb86-5893-8742-33939e77750f,8da44d1f-6a15-404e-abc0-83ae8d3b7c05,analysis,known_missing,True,True,,,matched
t160-quality-20261006T132638Z-80ad8d90-11-IMP-MIXED-r2,IMP-MIXED,2,automatic,85533f46-eb86-5893-8742-33939e77750f,8da44d1f-6a15-404e-abc0-83ae8d3b7c05,score,source_provided,True,True,3.00,3.00,matched
t160-quality-20261006T132638Z-80ad8d90-11-IMP-MIXED-r2,IMP-MIXED,2,automatic,85533f46-eb86-5893-8742-33939e77750f,8da44d1f-6a15-404e-abc0-83ae8d3b7c05,scoring_rubric,source_provided,True,True,正确关系式 1.00；说明代入过程 2.00。,正确关系式 1.00；说明代入过程 2.00。,matched
t160-quality-20261006T132638Z-80ad8d90-11-IMP-MIXED-r2,IMP-MIXED,2,automatic,85533f46-eb86-5893-8742-33939e77750f,8da44d1f-6a15-404e-abc0-83ae8d3b7c05,knowledge_points,source_provided,True,True,"[""一次函数"", ""表达与计算""]","[""一次函数"", ""表达与计算""]",matched
t160-quality-20261006T132638Z-80ad8d90-11-IMP-MIXED-r2,IMP-MIXED,2,automatic,85533f46-eb86-5893-8742-33939e77750f,8da44d1f-6a15-404e-abc0-83ae8d3b7c05,source_regions,unknown,False,,,,reference_unknown
t160-quality-20261006T132638Z-80ad8d90-11-IMP-MIXED-r2,IMP-MIXED,2,automatic,85533f46-eb86-5893-8742-33939e77750f,8da44d1f-6a15-404e-abc0-83ae8d3b7c05,assets,source_provided,True,False,"[{""asset_type"": ""table"", ""source_page_number"": 1, ""order_index"": 1}]",,matched
t160-quality-20261006T132638Z-80ad8d90-11-IMP-MIXED-r2,IMP-MIXED,2,automatic,0fa8d57e-58c2-5aa4-b8cd-e52e96380a38,e58a85ac-8737-494f-a261-ac17933fffe2,question_number,source_provided,True,True,4,4,matched
t160-quality-20261006T132638Z-80ad8d90-11-IMP-MIXED-r2,IMP-MIXED,2,automatic,0fa8d57e-58c2-5aa4-b8cd-e52e96380a38,e58a85ac-8737-494f-a261-ac17933fffe2,order_index,source_provided,True,True,4,4,matched
t160-quality-20261006T132638Z-80ad8d90-11-IMP-MIXED-r2,IMP-MIXED,2,automatic,0fa8d57e-58c2-5aa4-b8cd-e52e96380a38,e58a85ac-8737-494f-a261-ac17933fffe2,source_page_numbers,source_provided,True,True,[2],[2],matched
t160-quality-20261006T132638Z-80ad8d90-11-IMP-MIXED-r2,IMP-MIXED,2,automatic,0fa8d57e-58c2-5aa4-b8cd-e52e96380a38,e58a85ac-8737-494f-a261-ac17933fffe2,question_type,source_provided,True,True,SINGLE_CHOICE,SINGLE_CHOICE,matched
t160-quality-20261006T132638Z-80ad8d90-11-IMP-MIXED-r2,IMP-MIXED,2,automatic,0fa8d57e-58c2-5aa4-b8cd-e52e96380a38,e58a85ac-8737-494f-a261-ac17933fffe2,content,source_provided,True,False,y = 2x + 1，x = 3 时 y 为多少？,y= 2x +1，x = 3 时y为多少？,matched
t160-quality-20261006T132638Z-80ad8d90-11-IMP-MIXED-r2,IMP-MIXED,2,automatic,0fa8d57e-58c2-5aa4-b8cd-e52e96380a38,e58a85ac-8737-494f-a261-ac17933fffe2,options,source_provided,True,True,"{""C"": ""7"", ""A"": ""5"", ""B"": ""6"", ""D"": ""8""}","{""C"": ""7"", ""A"": ""5"", ""B"": ""6"", ""D"": ""8""}",matched
t160-quality-20261006T132638Z-80ad8d90-11-IMP-MIXED-r2,IMP-MIXED,2,automatic,0fa8d57e-58c2-5aa4-b8cd-e52e96380a38,e58a85ac-8737-494f-a261-ac17933fffe2,reference_answer,source_provided,True,True,C,C,matched
t160-quality-20261006T132638Z-80ad8d90-11-IMP-MIXED-r2,IMP-MIXED,2,automatic,0fa8d57e-58c2-5aa4-b8cd-e52e96380a38,e58a85ac-8737-494f-a261-ac17933fffe2,analysis,source_provided,True,False,2 × 3 + 1 = 7。,2 × 3 +1=7。,matched
t160-quality-20261006T132638Z-80ad8d90-11-IMP-MIXED-r2,IMP-MIXED,2,automatic,0fa8d57e-58c2-5aa4-b8cd-e52e96380a38,e58a85ac-8737-494f-a261-ac17933fffe2,score,source_provided,True,True,2.00,2.00,matched
t160-quality-20261006T132638Z-80ad8d90-11-IMP-MIXED-r2,IMP-MIXED,2,automatic,0fa8d57e-58c2-5aa4-b8cd-e52e96380a38,e58a85ac-8737-494f-a261-ac17933fffe2,scoring_rubric,known_missing,True,True,,,matched
t160-quality-20261006T132638Z-80ad8d90-11-IMP-MIXED-r2,IMP-MIXED,2,automatic,0fa8d57e-58c2-5aa4-b8cd-e52e96380a38,e58a85ac-8737-494f-a261-ac17933fffe2,knowledge_points,known_missing,True,False,[],,matched
t160-quality-20261006T132638Z-80ad8d90-11-IMP-MIXED-r2,IMP-MIXED,2,automatic,0fa8d57e-58c2-5aa4-b8cd-e52e96380a38,e58a85ac-8737-494f-a261-ac17933fffe2,source_regions,unknown,False,,,,reference_unknown
t160-quality-20261006T132638Z-80ad8d90-11-IMP-MIXED-r2,IMP-MIXED,2,automatic,0fa8d57e-58c2-5aa4-b8cd-e52e96380a38,e58a85ac-8737-494f-a261-ac17933fffe2,assets,source_provided,True,False,[],,matched
t160-quality-20261006T132638Z-80ad8d90-11-IMP-MIXED-r2,IMP-MIXED,2,automatic,455720b9-9061-5bce-83af-d6d53c6c84e1,8f19618e-f5fc-47ad-8f71-c535884e4118,question_number,source_provided,True,True,5,5,matched
t160-quality-20261006T132638Z-80ad8d90-11-IMP-MIXED-r2,IMP-MIXED,2,automatic,455720b9-9061-5bce-83af-d6d53c6c84e1,8f19618e-f5fc-47ad-8f71-c535884e4118,order_index,source_provided,True,True,5,5,matched
t160-quality-20261006T132638Z-80ad8d90-11-IMP-MIXED-r2,IMP-MIXED,2,automatic,455720b9-9061-5bce-83af-d6d53c6c84e1,8f19618e-f5fc-47ad-8f71-c535884e4118,source_page_numbers,source_provided,True,True,[2],[2],matched
t160-quality-20261006T132638Z-80ad8d90-11-IMP-MIXED-r2,IMP-MIXED,2,automatic,455720b9-9061-5bce-83af-d6d53c6c84e1,8f19618e-f5fc-47ad-8f71-c535884e4118,question_type,source_provided,True,True,TRUE_FALSE,TRUE_FALSE,matched
t160-quality-20261006T132638Z-80ad8d90-11-IMP-MIXED-r2,IMP-MIXED,2,automatic,455720b9-9061-5bce-83af-d6d53c6c84e1,8f19618e-f5fc-47ad-8f71-c535884e4118,content,source_provided,True,False,右图三角形面积为 24 cm²。,右图三角形面积为24cm2。,matched
t160-quality-20261006T132638Z-80ad8d90-11-IMP-MIXED-r2,IMP-MIXED,2,automatic,455720b9-9061-5bce-83af-d6d53c6c84e1,8f19618e-f5fc-47ad-8f71-c535884e4118,options,source_provided,True,True,"[""正确"", ""错误""]","[""正确"", ""错误""]",matched
t160-quality-20261006T132638Z-80ad8d90-11-IMP-MIXED-r2,IMP-MIXED,2,automatic,455720b9-9061-5bce-83af-d6d53c6c84e1,8f19618e-f5fc-47ad-8f71-c535884e4118,reference_answer,known_missing,True,True,,,matched
t160-quality-20261006T132638Z-80ad8d90-11-IMP-MIXED-r2,IMP-MIXED,2,automatic,455720b9-9061-5bce-83af-d6d53c6c84e1,8f19618e-f5fc-47ad-8f71-c535884e4118,analysis,known_missing,True,True,,,matched
t160-quality-20261006T132638Z-80ad8d90-11-IMP-MIXED-r2,IMP-MIXED,2,automatic,455720b9-9061-5bce-83af-d6d53c6c84e1,8f19618e-f5fc-47ad-8f71-c535884e4118,score,source_provided,True,True,2.00,2.00,matched
t160-quality-20261006T132638Z-80ad8d90-11-IMP-MIXED-r2,IMP-MIXED,2,automatic,455720b9-9061-5bce-83af-d6d53c6c84e1,8f19618e-f5fc-47ad-8f71-c535884e4118,scoring_rubric,known_missing,True,True,,,matched
t160-quality-20261006T132638Z-80ad8d90-11-IMP-MIXED-r2,IMP-MIXED,2,automatic,455720b9-9061-5bce-83af-d6d53c6c84e1,8f19618e-f5fc-47ad-8f71-c535884e4118,knowledge_points,known_missing,True,False,[],,matched
t160-quality-20261006T132638Z-80ad8d90-11-IMP-MIXED-r2,IMP-MIXED,2,automatic,455720b9-9061-5bce-83af-d6d53c6c84e1,8f19618e-f5fc-47ad-8f71-c535884e4118,source_regions,unknown,False,,,,reference_unknown
t160-quality-20261006T132638Z-80ad8d90-11-IMP-MIXED-r2,IMP-MIXED,2,automatic,455720b9-9061-5bce-83af-d6d53c6c84e1,8f19618e-f5fc-47ad-8f71-c535884e4118,assets,source_provided,True,False,"[{""asset_type"": ""figure"", ""source_page_number"": 2, ""order_index"": 1}]",,matched
t160-quality-20261006T132638Z-80ad8d90-11-IMP-MIXED-r2,IMP-MIXED,2,automatic,bf862f8d-df39-5559-bab5-d942fccb2432,2d8fd1f5-e501-4a0c-81cb-4748f4db8dcd,question_number,source_provided,True,True,6,6,matched
t160-quality-20261006T132638Z-80ad8d90-11-IMP-MIXED-r2,IMP-MIXED,2,automatic,bf862f8d-df39-5559-bab5-d942fccb2432,2d8fd1f5-e501-4a0c-81cb-4748f4db8dcd,order_index,source_provided,True,True,6,6,matched
t160-quality-20261006T132638Z-80ad8d90-11-IMP-MIXED-r2,IMP-MIXED,2,automatic,bf862f8d-df39-5559-bab5-d942fccb2432,2d8fd1f5-e501-4a0c-81cb-4748f4db8dcd,source_page_numbers,source_provided,True,True,[2],[2],matched
t160-quality-20261006T132638Z-80ad8d90-11-IMP-MIXED-r2,IMP-MIXED,2,automatic,bf862f8d-df39-5559-bab5-d942fccb2432,2d8fd1f5-e501-4a0c-81cb-4748f4db8dcd,question_type,source_provided,True,True,SHORT_ANSWER,SHORT_ANSWER,matched
t160-quality-20261006T132638Z-80ad8d90-11-IMP-MIXED-r2,IMP-MIXED,2,automatic,bf862f8d-df39-5559-bab5-d942fccb2432,2d8fd1f5-e501-4a0c-81cb-4748f4db8dcd,content,source_provided,True,False,根据下表写出 y 关于 x 的关系式。,根据下表写出y关于x的关系式。,matched
t160-quality-20261006T132638Z-80ad8d90-11-IMP-MIXED-r2,IMP-MIXED,2,automatic,bf862f8d-df39-5559-bab5-d942fccb2432,2d8fd1f5-e501-4a0c-81cb-4748f4db8dcd,options,not_applicable,True,True,,,matched
t160-quality-20261006T132638Z-80ad8d90-11-IMP-MIXED-r2,IMP-MIXED,2,automatic,bf862f8d-df39-5559-bab5-d942fccb2432,2d8fd1f5-e501-4a0c-81cb-4748f4db8dcd,reference_answer,known_missing,True,True,,,matched
t160-quality-20261006T132638Z-80ad8d90-11-IMP-MIXED-r2,IMP-MIXED,2,automatic,bf862f8d-df39-5559-bab5-d942fccb2432,2d8fd1f5-e501-4a0c-81cb-4748f4db8dcd,analysis,known_missing,True,True,,,matched
t160-quality-20261006T132638Z-80ad8d90-11-IMP-MIXED-r2,IMP-MIXED,2,automatic,bf862f8d-df39-5559-bab5-d942fccb2432,2d8fd1f5-e501-4a0c-81cb-4748f4db8dcd,score,source_provided,True,True,3.00,3.00,matched
t160-quality-20261006T132638Z-80ad8d90-11-IMP-MIXED-r2,IMP-MIXED,2,automatic,bf862f8d-df39-5559-bab5-d942fccb2432,2d8fd1f5-e501-4a0c-81cb-4748f4db8dcd,scoring_rubric,source_provided,True,False,正确关系式 1.00；说明代入过程 2.00。,正确关系式1.00；说明代入过程2.00。,matched
t160-quality-20261006T132638Z-80ad8d90-11-IMP-MIXED-r2,IMP-MIXED,2,automatic,bf862f8d-df39-5559-bab5-d942fccb2432,2d8fd1f5-e501-4a0c-81cb-4748f4db8dcd,knowledge_points,source_provided,True,True,"[""一次函数"", ""表达与计算""]","[""一次函数"", ""表达与计算""]",matched
t160-quality-20261006T132638Z-80ad8d90-11-IMP-MIXED-r2,IMP-MIXED,2,automatic,bf862f8d-df39-5559-bab5-d942fccb2432,2d8fd1f5-e501-4a0c-81cb-4748f4db8dcd,source_regions,unknown,False,,,,reference_unknown
t160-quality-20261006T132638Z-80ad8d90-11-IMP-MIXED-r2,IMP-MIXED,2,automatic,bf862f8d-df39-5559-bab5-d942fccb2432,2d8fd1f5-e501-4a0c-81cb-4748f4db8dcd,assets,source_provided,True,False,"[{""asset_type"": ""table"", ""source_page_number"": 2, ""order_index"": 1}]",,matched
t160-quality-20261006T132638Z-80ad8d90-11-IMP-MIXED-r2,IMP-MIXED,2,assisted_corrected,1faa8619-84cc-5d65-86ae-244c7f68645e,a56334a3-74ab-4138-8e95-fb66cdbe1df0,question_number,source_provided,True,True,1,1,matched
t160-quality-20261006T132638Z-80ad8d90-11-IMP-MIXED-r2,IMP-MIXED,2,assisted_corrected,1faa8619-84cc-5d65-86ae-244c7f68645e,a56334a3-74ab-4138-8e95-fb66cdbe1df0,order_index,source_provided,True,True,1,1,matched
t160-quality-20261006T132638Z-80ad8d90-11-IMP-MIXED-r2,IMP-MIXED,2,assisted_corrected,1faa8619-84cc-5d65-86ae-244c7f68645e,a56334a3-74ab-4138-8e95-fb66cdbe1df0,source_page_numbers,source_provided,True,True,[1],[1],matched
t160-quality-20261006T132638Z-80ad8d90-11-IMP-MIXED-r2,IMP-MIXED,2,assisted_corrected,1faa8619-84cc-5d65-86ae-244c7f68645e,a56334a3-74ab-4138-8e95-fb66cdbe1df0,question_type,source_provided,True,True,SINGLE_CHOICE,SINGLE_CHOICE,matched
t160-quality-20261006T132638Z-80ad8d90-11-IMP-MIXED-r2,IMP-MIXED,2,assisted_corrected,1faa8619-84cc-5d65-86ae-244c7f68645e,a56334a3-74ab-4138-8e95-fb66cdbe1df0,content,source_provided,True,True,y = 2x + 1，x = 3 时 y 为多少？,y = 2x + 1，x = 3 时 y 为多少？,matched
t160-quality-20261006T132638Z-80ad8d90-11-IMP-MIXED-r2,IMP-MIXED,2,assisted_corrected,1faa8619-84cc-5d65-86ae-244c7f68645e,a56334a3-74ab-4138-8e95-fb66cdbe1df0,options,source_provided,True,True,"{""C"": ""7"", ""A"": ""5"", ""B"": ""6"", ""D"": ""8""}","{""C"": ""7"", ""A"": ""5"", ""B"": ""6"", ""D"": ""8""}",matched
t160-quality-20261006T132638Z-80ad8d90-11-IMP-MIXED-r2,IMP-MIXED,2,assisted_corrected,1faa8619-84cc-5d65-86ae-244c7f68645e,a56334a3-74ab-4138-8e95-fb66cdbe1df0,reference_answer,source_provided,True,True,C,C,matched
t160-quality-20261006T132638Z-80ad8d90-11-IMP-MIXED-r2,IMP-MIXED,2,assisted_corrected,1faa8619-84cc-5d65-86ae-244c7f68645e,a56334a3-74ab-4138-8e95-fb66cdbe1df0,analysis,source_provided,True,True,2 × 3 + 1 = 7。,2 × 3 + 1 = 7。,matched
t160-quality-20261006T132638Z-80ad8d90-11-IMP-MIXED-r2,IMP-MIXED,2,assisted_corrected,1faa8619-84cc-5d65-86ae-244c7f68645e,a56334a3-74ab-4138-8e95-fb66cdbe1df0,score,source_provided,True,True,2.00,2.00,matched
t160-quality-20261006T132638Z-80ad8d90-11-IMP-MIXED-r2,IMP-MIXED,2,assisted_corrected,1faa8619-84cc-5d65-86ae-244c7f68645e,a56334a3-74ab-4138-8e95-fb66cdbe1df0,scoring_rubric,known_missing,True,True,,,matched
t160-quality-20261006T132638Z-80ad8d90-11-IMP-MIXED-r2,IMP-MIXED,2,assisted_corrected,1faa8619-84cc-5d65-86ae-244c7f68645e,a56334a3-74ab-4138-8e95-fb66cdbe1df0,knowledge_points,known_missing,True,True,[],[],matched
t160-quality-20261006T132638Z-80ad8d90-11-IMP-MIXED-r2,IMP-MIXED,2,assisted_corrected,1faa8619-84cc-5d65-86ae-244c7f68645e,a56334a3-74ab-4138-8e95-fb66cdbe1df0,source_regions,unknown,False,,,,reference_unknown
t160-quality-20261006T132638Z-80ad8d90-11-IMP-MIXED-r2,IMP-MIXED,2,assisted_corrected,1faa8619-84cc-5d65-86ae-244c7f68645e,a56334a3-74ab-4138-8e95-fb66cdbe1df0,assets,source_provided,True,True,[],[],matched
t160-quality-20261006T132638Z-80ad8d90-11-IMP-MIXED-r2,IMP-MIXED,2,assisted_corrected,545de13f-3fe9-524b-a917-7ab04807806f,eb940c90-c427-486b-9997-9fa4038169a2,question_number,source_provided,True,True,2,2,matched
t160-quality-20261006T132638Z-80ad8d90-11-IMP-MIXED-r2,IMP-MIXED,2,assisted_corrected,545de13f-3fe9-524b-a917-7ab04807806f,eb940c90-c427-486b-9997-9fa4038169a2,order_index,source_provided,True,True,2,2,matched
t160-quality-20261006T132638Z-80ad8d90-11-IMP-MIXED-r2,IMP-MIXED,2,assisted_corrected,545de13f-3fe9-524b-a917-7ab04807806f,eb940c90-c427-486b-9997-9fa4038169a2,source_page_numbers,source_provided,True,True,[1],[1],matched
t160-quality-20261006T132638Z-80ad8d90-11-IMP-MIXED-r2,IMP-MIXED,2,assisted_corrected,545de13f-3fe9-524b-a917-7ab04807806f,eb940c90-c427-486b-9997-9fa4038169a2,question_type,source_provided,True,True,TRUE_FALSE,TRUE_FALSE,matched
t160-quality-20261006T132638Z-80ad8d90-11-IMP-MIXED-r2,IMP-MIXED,2,assisted_corrected,545de13f-3fe9-524b-a917-7ab04807806f,eb940c90-c427-486b-9997-9fa4038169a2,content,source_provided,True,True,右图三角形面积为 24 cm²。,右图三角形面积为 24 cm²。,matched
t160-quality-20261006T132638Z-80ad8d90-11-IMP-MIXED-r2,IMP-MIXED,2,assisted_corrected,545de13f-3fe9-524b-a917-7ab04807806f,eb940c90-c427-486b-9997-9fa4038169a2,options,source_provided,True,True,"[""正确"", ""错误""]","[""正确"", ""错误""]",matched
t160-quality-20261006T132638Z-80ad8d90-11-IMP-MIXED-r2,IMP-MIXED,2,assisted_corrected,545de13f-3fe9-524b-a917-7ab04807806f,eb940c90-c427-486b-9997-9fa4038169a2,reference_answer,known_missing,True,True,,,matched
t160-quality-20261006T132638Z-80ad8d90-11-IMP-MIXED-r2,IMP-MIXED,2,assisted_corrected,545de13f-3fe9-524b-a917-7ab04807806f,eb940c90-c427-486b-9997-9fa4038169a2,analysis,known_missing,True,True,,,matched
t160-quality-20261006T132638Z-80ad8d90-11-IMP-MIXED-r2,IMP-MIXED,2,assisted_corrected,545de13f-3fe9-524b-a917-7ab04807806f,eb940c90-c427-486b-9997-9fa4038169a2,score,source_provided,True,True,2.00,2.00,matched
t160-quality-20261006T132638Z-80ad8d90-11-IMP-MIXED-r2,IMP-MIXED,2,assisted_corrected,545de13f-3fe9-524b-a917-7ab04807806f,eb940c90-c427-486b-9997-9fa4038169a2,scoring_rubric,known_missing,True,True,,,matched
t160-quality-20261006T132638Z-80ad8d90-11-IMP-MIXED-r2,IMP-MIXED,2,assisted_corrected,545de13f-3fe9-524b-a917-7ab04807806f,eb940c90-c427-486b-9997-9fa4038169a2,knowledge_points,known_missing,True,True,[],[],matched
t160-quality-20261006T132638Z-80ad8d90-11-IMP-MIXED-r2,IMP-MIXED,2,assisted_corrected,545de13f-3fe9-524b-a917-7ab04807806f,eb940c90-c427-486b-9997-9fa4038169a2,source_regions,unknown,False,,,,reference_unknown
t160-quality-20261006T132638Z-80ad8d90-11-IMP-MIXED-r2,IMP-MIXED,2,assisted_corrected,545de13f-3fe9-524b-a917-7ab04807806f,eb940c90-c427-486b-9997-9fa4038169a2,assets,source_provided,True,False,"[{""asset_type"": ""figure"", ""source_page_number"": 1, ""order_index"": 1}]",,matched
t160-quality-20261006T132638Z-80ad8d90-11-IMP-MIXED-r2,IMP-MIXED,2,assisted_corrected,85533f46-eb86-5893-8742-33939e77750f,8da44d1f-6a15-404e-abc0-83ae8d3b7c05,question_number,source_provided,True,True,3,3,matched
t160-quality-20261006T132638Z-80ad8d90-11-IMP-MIXED-r2,IMP-MIXED,2,assisted_corrected,85533f46-eb86-5893-8742-33939e77750f,8da44d1f-6a15-404e-abc0-83ae8d3b7c05,order_index,source_provided,True,True,3,3,matched
t160-quality-20261006T132638Z-80ad8d90-11-IMP-MIXED-r2,IMP-MIXED,2,assisted_corrected,85533f46-eb86-5893-8742-33939e77750f,8da44d1f-6a15-404e-abc0-83ae8d3b7c05,source_page_numbers,source_provided,True,True,[1],[1],matched
t160-quality-20261006T132638Z-80ad8d90-11-IMP-MIXED-r2,IMP-MIXED,2,assisted_corrected,85533f46-eb86-5893-8742-33939e77750f,8da44d1f-6a15-404e-abc0-83ae8d3b7c05,question_type,source_provided,True,True,SHORT_ANSWER,SHORT_ANSWER,matched
t160-quality-20261006T132638Z-80ad8d90-11-IMP-MIXED-r2,IMP-MIXED,2,assisted_corrected,85533f46-eb86-5893-8742-33939e77750f,8da44d1f-6a15-404e-abc0-83ae8d3b7c05,content,source_provided,True,True,根据下表写出 y 关于 x 的关系式。,根据下表写出 y 关于 x 的关系式。,matched
t160-quality-20261006T132638Z-80ad8d90-11-IMP-MIXED-r2,IMP-MIXED,2,assisted_corrected,85533f46-eb86-5893-8742-33939e77750f,8da44d1f-6a15-404e-abc0-83ae8d3b7c05,options,not_applicable,True,True,,,matched
t160-quality-20261006T132638Z-80ad8d90-11-IMP-MIXED-r2,IMP-MIXED,2,assisted_corrected,85533f46-eb86-5893-8742-33939e77750f,8da44d1f-6a15-404e-abc0-83ae8d3b7c05,reference_answer,known_missing,True,True,,,matched
t160-quality-20261006T132638Z-80ad8d90-11-IMP-MIXED-r2,IMP-MIXED,2,assisted_corrected,85533f46-eb86-5893-8742-33939e77750f,8da44d1f-6a15-404e-abc0-83ae8d3b7c05,analysis,known_missing,True,True,,,matched
t160-quality-20261006T132638Z-80ad8d90-11-IMP-MIXED-r2,IMP-MIXED,2,assisted_corrected,85533f46-eb86-5893-8742-33939e77750f,8da44d1f-6a15-404e-abc0-83ae8d3b7c05,score,source_provided,True,True,3.00,3.00,matched
t160-quality-20261006T132638Z-80ad8d90-11-IMP-MIXED-r2,IMP-MIXED,2,assisted_corrected,85533f46-eb86-5893-8742-33939e77750f,8da44d1f-6a15-404e-abc0-83ae8d3b7c05,scoring_rubric,source_provided,True,True,正确关系式 1.00；说明代入过程 2.00。,正确关系式 1.00；说明代入过程 2.00。,matched
t160-quality-20261006T132638Z-80ad8d90-11-IMP-MIXED-r2,IMP-MIXED,2,assisted_corrected,85533f46-eb86-5893-8742-33939e77750f,8da44d1f-6a15-404e-abc0-83ae8d3b7c05,knowledge_points,source_provided,True,True,"[""一次函数"", ""表达与计算""]","[""一次函数"", ""表达与计算""]",matched
t160-quality-20261006T132638Z-80ad8d90-11-IMP-MIXED-r2,IMP-MIXED,2,assisted_corrected,85533f46-eb86-5893-8742-33939e77750f,8da44d1f-6a15-404e-abc0-83ae8d3b7c05,source_regions,unknown,False,,,,reference_unknown
t160-quality-20261006T132638Z-80ad8d90-11-IMP-MIXED-r2,IMP-MIXED,2,assisted_corrected,85533f46-eb86-5893-8742-33939e77750f,8da44d1f-6a15-404e-abc0-83ae8d3b7c05,assets,source_provided,True,False,"[{""asset_type"": ""table"", ""source_page_number"": 1, ""order_index"": 1}]",,matched
t160-quality-20261006T132638Z-80ad8d90-11-IMP-MIXED-r2,IMP-MIXED,2,assisted_corrected,0fa8d57e-58c2-5aa4-b8cd-e52e96380a38,e58a85ac-8737-494f-a261-ac17933fffe2,question_number,source_provided,True,True,4,4,matched
t160-quality-20261006T132638Z-80ad8d90-11-IMP-MIXED-r2,IMP-MIXED,2,assisted_corrected,0fa8d57e-58c2-5aa4-b8cd-e52e96380a38,e58a85ac-8737-494f-a261-ac17933fffe2,order_index,source_provided,True,True,4,4,matched
t160-quality-20261006T132638Z-80ad8d90-11-IMP-MIXED-r2,IMP-MIXED,2,assisted_corrected,0fa8d57e-58c2-5aa4-b8cd-e52e96380a38,e58a85ac-8737-494f-a261-ac17933fffe2,source_page_numbers,source_provided,True,True,[2],[2],matched
t160-quality-20261006T132638Z-80ad8d90-11-IMP-MIXED-r2,IMP-MIXED,2,assisted_corrected,0fa8d57e-58c2-5aa4-b8cd-e52e96380a38,e58a85ac-8737-494f-a261-ac17933fffe2,question_type,source_provided,True,True,SINGLE_CHOICE,SINGLE_CHOICE,matched
t160-quality-20261006T132638Z-80ad8d90-11-IMP-MIXED-r2,IMP-MIXED,2,assisted_corrected,0fa8d57e-58c2-5aa4-b8cd-e52e96380a38,e58a85ac-8737-494f-a261-ac17933fffe2,content,source_provided,True,True,y = 2x + 1，x = 3 时 y 为多少？,y = 2x + 1，x = 3 时 y 为多少？,matched
t160-quality-20261006T132638Z-80ad8d90-11-IMP-MIXED-r2,IMP-MIXED,2,assisted_corrected,0fa8d57e-58c2-5aa4-b8cd-e52e96380a38,e58a85ac-8737-494f-a261-ac17933fffe2,options,source_provided,True,True,"{""C"": ""7"", ""A"": ""5"", ""B"": ""6"", ""D"": ""8""}","{""C"": ""7"", ""A"": ""5"", ""B"": ""6"", ""D"": ""8""}",matched
t160-quality-20261006T132638Z-80ad8d90-11-IMP-MIXED-r2,IMP-MIXED,2,assisted_corrected,0fa8d57e-58c2-5aa4-b8cd-e52e96380a38,e58a85ac-8737-494f-a261-ac17933fffe2,reference_answer,source_provided,True,True,C,C,matched
t160-quality-20261006T132638Z-80ad8d90-11-IMP-MIXED-r2,IMP-MIXED,2,assisted_corrected,0fa8d57e-58c2-5aa4-b8cd-e52e96380a38,e58a85ac-8737-494f-a261-ac17933fffe2,analysis,source_provided,True,True,2 × 3 + 1 = 7。,2 × 3 + 1 = 7。,matched
t160-quality-20261006T132638Z-80ad8d90-11-IMP-MIXED-r2,IMP-MIXED,2,assisted_corrected,0fa8d57e-58c2-5aa4-b8cd-e52e96380a38,e58a85ac-8737-494f-a261-ac17933fffe2,score,source_provided,True,True,2.00,2.00,matched
t160-quality-20261006T132638Z-80ad8d90-11-IMP-MIXED-r2,IMP-MIXED,2,assisted_corrected,0fa8d57e-58c2-5aa4-b8cd-e52e96380a38,e58a85ac-8737-494f-a261-ac17933fffe2,scoring_rubric,known_missing,True,True,,,matched
t160-quality-20261006T132638Z-80ad8d90-11-IMP-MIXED-r2,IMP-MIXED,2,assisted_corrected,0fa8d57e-58c2-5aa4-b8cd-e52e96380a38,e58a85ac-8737-494f-a261-ac17933fffe2,knowledge_points,known_missing,True,True,[],[],matched
t160-quality-20261006T132638Z-80ad8d90-11-IMP-MIXED-r2,IMP-MIXED,2,assisted_corrected,0fa8d57e-58c2-5aa4-b8cd-e52e96380a38,e58a85ac-8737-494f-a261-ac17933fffe2,source_regions,unknown,False,,,,reference_unknown
t160-quality-20261006T132638Z-80ad8d90-11-IMP-MIXED-r2,IMP-MIXED,2,assisted_corrected,0fa8d57e-58c2-5aa4-b8cd-e52e96380a38,e58a85ac-8737-494f-a261-ac17933fffe2,assets,source_provided,True,True,[],[],matched
t160-quality-20261006T132638Z-80ad8d90-11-IMP-MIXED-r2,IMP-MIXED,2,assisted_corrected,455720b9-9061-5bce-83af-d6d53c6c84e1,8f19618e-f5fc-47ad-8f71-c535884e4118,question_number,source_provided,True,True,5,5,matched
t160-quality-20261006T132638Z-80ad8d90-11-IMP-MIXED-r2,IMP-MIXED,2,assisted_corrected,455720b9-9061-5bce-83af-d6d53c6c84e1,8f19618e-f5fc-47ad-8f71-c535884e4118,order_index,source_provided,True,True,5,5,matched
t160-quality-20261006T132638Z-80ad8d90-11-IMP-MIXED-r2,IMP-MIXED,2,assisted_corrected,455720b9-9061-5bce-83af-d6d53c6c84e1,8f19618e-f5fc-47ad-8f71-c535884e4118,source_page_numbers,source_provided,True,True,[2],[2],matched
t160-quality-20261006T132638Z-80ad8d90-11-IMP-MIXED-r2,IMP-MIXED,2,assisted_corrected,455720b9-9061-5bce-83af-d6d53c6c84e1,8f19618e-f5fc-47ad-8f71-c535884e4118,question_type,source_provided,True,True,TRUE_FALSE,TRUE_FALSE,matched
t160-quality-20261006T132638Z-80ad8d90-11-IMP-MIXED-r2,IMP-MIXED,2,assisted_corrected,455720b9-9061-5bce-83af-d6d53c6c84e1,8f19618e-f5fc-47ad-8f71-c535884e4118,content,source_provided,True,True,右图三角形面积为 24 cm²。,右图三角形面积为 24 cm²。,matched
t160-quality-20261006T132638Z-80ad8d90-11-IMP-MIXED-r2,IMP-MIXED,2,assisted_corrected,455720b9-9061-5bce-83af-d6d53c6c84e1,8f19618e-f5fc-47ad-8f71-c535884e4118,options,source_provided,True,True,"[""正确"", ""错误""]","[""正确"", ""错误""]",matched
t160-quality-20261006T132638Z-80ad8d90-11-IMP-MIXED-r2,IMP-MIXED,2,assisted_corrected,455720b9-9061-5bce-83af-d6d53c6c84e1,8f19618e-f5fc-47ad-8f71-c535884e4118,reference_answer,known_missing,True,True,,,matched
t160-quality-20261006T132638Z-80ad8d90-11-IMP-MIXED-r2,IMP-MIXED,2,assisted_corrected,455720b9-9061-5bce-83af-d6d53c6c84e1,8f19618e-f5fc-47ad-8f71-c535884e4118,analysis,known_missing,True,True,,,matched
t160-quality-20261006T132638Z-80ad8d90-11-IMP-MIXED-r2,IMP-MIXED,2,assisted_corrected,455720b9-9061-5bce-83af-d6d53c6c84e1,8f19618e-f5fc-47ad-8f71-c535884e4118,score,source_provided,True,True,2.00,2.00,matched
t160-quality-20261006T132638Z-80ad8d90-11-IMP-MIXED-r2,IMP-MIXED,2,assisted_corrected,455720b9-9061-5bce-83af-d6d53c6c84e1,8f19618e-f5fc-47ad-8f71-c535884e4118,scoring_rubric,known_missing,True,True,,,matched
t160-quality-20261006T132638Z-80ad8d90-11-IMP-MIXED-r2,IMP-MIXED,2,assisted_corrected,455720b9-9061-5bce-83af-d6d53c6c84e1,8f19618e-f5fc-47ad-8f71-c535884e4118,knowledge_points,known_missing,True,True,[],[],matched
t160-quality-20261006T132638Z-80ad8d90-11-IMP-MIXED-r2,IMP-MIXED,2,assisted_corrected,455720b9-9061-5bce-83af-d6d53c6c84e1,8f19618e-f5fc-47ad-8f71-c535884e4118,source_regions,unknown,False,,,,reference_unknown
t160-quality-20261006T132638Z-80ad8d90-11-IMP-MIXED-r2,IMP-MIXED,2,assisted_corrected,455720b9-9061-5bce-83af-d6d53c6c84e1,8f19618e-f5fc-47ad-8f71-c535884e4118,assets,source_provided,True,False,"[{""asset_type"": ""figure"", ""source_page_number"": 2, ""order_index"": 1}]",,matched
t160-quality-20261006T132638Z-80ad8d90-11-IMP-MIXED-r2,IMP-MIXED,2,assisted_corrected,bf862f8d-df39-5559-bab5-d942fccb2432,2d8fd1f5-e501-4a0c-81cb-4748f4db8dcd,question_number,source_provided,True,True,6,6,matched
t160-quality-20261006T132638Z-80ad8d90-11-IMP-MIXED-r2,IMP-MIXED,2,assisted_corrected,bf862f8d-df39-5559-bab5-d942fccb2432,2d8fd1f5-e501-4a0c-81cb-4748f4db8dcd,order_index,source_provided,True,True,6,6,matched
t160-quality-20261006T132638Z-80ad8d90-11-IMP-MIXED-r2,IMP-MIXED,2,assisted_corrected,bf862f8d-df39-5559-bab5-d942fccb2432,2d8fd1f5-e501-4a0c-81cb-4748f4db8dcd,source_page_numbers,source_provided,True,True,[2],[2],matched
t160-quality-20261006T132638Z-80ad8d90-11-IMP-MIXED-r2,IMP-MIXED,2,assisted_corrected,bf862f8d-df39-5559-bab5-d942fccb2432,2d8fd1f5-e501-4a0c-81cb-4748f4db8dcd,question_type,source_provided,True,True,SHORT_ANSWER,SHORT_ANSWER,matched
t160-quality-20261006T132638Z-80ad8d90-11-IMP-MIXED-r2,IMP-MIXED,2,assisted_corrected,bf862f8d-df39-5559-bab5-d942fccb2432,2d8fd1f5-e501-4a0c-81cb-4748f4db8dcd,content,source_provided,True,True,根据下表写出 y 关于 x 的关系式。,根据下表写出 y 关于 x 的关系式。,matched
t160-quality-20261006T132638Z-80ad8d90-11-IMP-MIXED-r2,IMP-MIXED,2,assisted_corrected,bf862f8d-df39-5559-bab5-d942fccb2432,2d8fd1f5-e501-4a0c-81cb-4748f4db8dcd,options,not_applicable,True,True,,,matched
t160-quality-20261006T132638Z-80ad8d90-11-IMP-MIXED-r2,IMP-MIXED,2,assisted_corrected,bf862f8d-df39-5559-bab5-d942fccb2432,2d8fd1f5-e501-4a0c-81cb-4748f4db8dcd,reference_answer,known_missing,True,True,,,matched
t160-quality-20261006T132638Z-80ad8d90-11-IMP-MIXED-r2,IMP-MIXED,2,assisted_corrected,bf862f8d-df39-5559-bab5-d942fccb2432,2d8fd1f5-e501-4a0c-81cb-4748f4db8dcd,analysis,known_missing,True,True,,,matched
t160-quality-20261006T132638Z-80ad8d90-11-IMP-MIXED-r2,IMP-MIXED,2,assisted_corrected,bf862f8d-df39-5559-bab5-d942fccb2432,2d8fd1f5-e501-4a0c-81cb-4748f4db8dcd,score,source_provided,True,True,3.00,3.00,matched
t160-quality-20261006T132638Z-80ad8d90-11-IMP-MIXED-r2,IMP-MIXED,2,assisted_corrected,bf862f8d-df39-5559-bab5-d942fccb2432,2d8fd1f5-e501-4a0c-81cb-4748f4db8dcd,scoring_rubric,source_provided,True,True,正确关系式 1.00；说明代入过程 2.00。,正确关系式 1.00；说明代入过程 2.00。,matched
t160-quality-20261006T132638Z-80ad8d90-11-IMP-MIXED-r2,IMP-MIXED,2,assisted_corrected,bf862f8d-df39-5559-bab5-d942fccb2432,2d8fd1f5-e501-4a0c-81cb-4748f4db8dcd,knowledge_points,source_provided,True,True,"[""一次函数"", ""表达与计算""]","[""一次函数"", ""表达与计算""]",matched
t160-quality-20261006T132638Z-80ad8d90-11-IMP-MIXED-r2,IMP-MIXED,2,assisted_corrected,bf862f8d-df39-5559-bab5-d942fccb2432,2d8fd1f5-e501-4a0c-81cb-4748f4db8dcd,source_regions,unknown,False,,,,reference_unknown
t160-quality-20261006T132638Z-80ad8d90-11-IMP-MIXED-r2,IMP-MIXED,2,assisted_corrected,bf862f8d-df39-5559-bab5-d942fccb2432,2d8fd1f5-e501-4a0c-81cb-4748f4db8dcd,assets,source_provided,True,False,"[{""asset_type"": ""table"", ""source_page_number"": 2, ""order_index"": 1}]",,matched
t160-quality-20261006T132638Z-80ad8d90-12-IMP-MIXED-r3,IMP-MIXED,3,automatic,1faa8619-84cc-5d65-86ae-244c7f68645e,41969d4e-8828-432f-9b7e-0761cb51dec9,question_number,source_provided,True,True,1,1,matched
t160-quality-20261006T132638Z-80ad8d90-12-IMP-MIXED-r3,IMP-MIXED,3,automatic,1faa8619-84cc-5d65-86ae-244c7f68645e,41969d4e-8828-432f-9b7e-0761cb51dec9,order_index,source_provided,True,True,1,1,matched
t160-quality-20261006T132638Z-80ad8d90-12-IMP-MIXED-r3,IMP-MIXED,3,automatic,1faa8619-84cc-5d65-86ae-244c7f68645e,41969d4e-8828-432f-9b7e-0761cb51dec9,source_page_numbers,source_provided,True,True,[1],[1],matched
t160-quality-20261006T132638Z-80ad8d90-12-IMP-MIXED-r3,IMP-MIXED,3,automatic,1faa8619-84cc-5d65-86ae-244c7f68645e,41969d4e-8828-432f-9b7e-0761cb51dec9,question_type,source_provided,True,True,SINGLE_CHOICE,SINGLE_CHOICE,matched
t160-quality-20261006T132638Z-80ad8d90-12-IMP-MIXED-r3,IMP-MIXED,3,automatic,1faa8619-84cc-5d65-86ae-244c7f68645e,41969d4e-8828-432f-9b7e-0761cb51dec9,content,source_provided,True,True,y = 2x + 1，x = 3 时 y 为多少？,y = 2x + 1，x = 3 时 y 为多少？,matched
t160-quality-20261006T132638Z-80ad8d90-12-IMP-MIXED-r3,IMP-MIXED,3,automatic,1faa8619-84cc-5d65-86ae-244c7f68645e,41969d4e-8828-432f-9b7e-0761cb51dec9,options,source_provided,True,True,"{""C"": ""7"", ""A"": ""5"", ""B"": ""6"", ""D"": ""8""}","{""C"": ""7"", ""A"": ""5"", ""B"": ""6"", ""D"": ""8""}",matched
t160-quality-20261006T132638Z-80ad8d90-12-IMP-MIXED-r3,IMP-MIXED,3,automatic,1faa8619-84cc-5d65-86ae-244c7f68645e,41969d4e-8828-432f-9b7e-0761cb51dec9,reference_answer,source_provided,True,True,C,C,matched
t160-quality-20261006T132638Z-80ad8d90-12-IMP-MIXED-r3,IMP-MIXED,3,automatic,1faa8619-84cc-5d65-86ae-244c7f68645e,41969d4e-8828-432f-9b7e-0761cb51dec9,analysis,source_provided,True,True,2 × 3 + 1 = 7。,2 × 3 + 1 = 7。,matched
t160-quality-20261006T132638Z-80ad8d90-12-IMP-MIXED-r3,IMP-MIXED,3,automatic,1faa8619-84cc-5d65-86ae-244c7f68645e,41969d4e-8828-432f-9b7e-0761cb51dec9,score,source_provided,True,True,2.00,2.00,matched
t160-quality-20261006T132638Z-80ad8d90-12-IMP-MIXED-r3,IMP-MIXED,3,automatic,1faa8619-84cc-5d65-86ae-244c7f68645e,41969d4e-8828-432f-9b7e-0761cb51dec9,scoring_rubric,known_missing,True,True,,,matched
t160-quality-20261006T132638Z-80ad8d90-12-IMP-MIXED-r3,IMP-MIXED,3,automatic,1faa8619-84cc-5d65-86ae-244c7f68645e,41969d4e-8828-432f-9b7e-0761cb51dec9,knowledge_points,known_missing,True,False,[],,matched
t160-quality-20261006T132638Z-80ad8d90-12-IMP-MIXED-r3,IMP-MIXED,3,automatic,1faa8619-84cc-5d65-86ae-244c7f68645e,41969d4e-8828-432f-9b7e-0761cb51dec9,source_regions,unknown,False,,,,reference_unknown
t160-quality-20261006T132638Z-80ad8d90-12-IMP-MIXED-r3,IMP-MIXED,3,automatic,1faa8619-84cc-5d65-86ae-244c7f68645e,41969d4e-8828-432f-9b7e-0761cb51dec9,assets,source_provided,True,False,[],,matched
t160-quality-20261006T132638Z-80ad8d90-12-IMP-MIXED-r3,IMP-MIXED,3,automatic,545de13f-3fe9-524b-a917-7ab04807806f,3ad3352f-97e5-440d-a220-95cdd62f5308,question_number,source_provided,True,True,2,2,matched
t160-quality-20261006T132638Z-80ad8d90-12-IMP-MIXED-r3,IMP-MIXED,3,automatic,545de13f-3fe9-524b-a917-7ab04807806f,3ad3352f-97e5-440d-a220-95cdd62f5308,order_index,source_provided,True,True,2,2,matched
t160-quality-20261006T132638Z-80ad8d90-12-IMP-MIXED-r3,IMP-MIXED,3,automatic,545de13f-3fe9-524b-a917-7ab04807806f,3ad3352f-97e5-440d-a220-95cdd62f5308,source_page_numbers,source_provided,True,True,[1],[1],matched
t160-quality-20261006T132638Z-80ad8d90-12-IMP-MIXED-r3,IMP-MIXED,3,automatic,545de13f-3fe9-524b-a917-7ab04807806f,3ad3352f-97e5-440d-a220-95cdd62f5308,question_type,source_provided,True,True,TRUE_FALSE,TRUE_FALSE,matched
t160-quality-20261006T132638Z-80ad8d90-12-IMP-MIXED-r3,IMP-MIXED,3,automatic,545de13f-3fe9-524b-a917-7ab04807806f,3ad3352f-97e5-440d-a220-95cdd62f5308,content,source_provided,True,True,右图三角形面积为 24 cm²。,右图三角形面积为 24 cm²。,matched
t160-quality-20261006T132638Z-80ad8d90-12-IMP-MIXED-r3,IMP-MIXED,3,automatic,545de13f-3fe9-524b-a917-7ab04807806f,3ad3352f-97e5-440d-a220-95cdd62f5308,options,source_provided,True,True,"[""正确"", ""错误""]","[""正确"", ""错误""]",matched
t160-quality-20261006T132638Z-80ad8d90-12-IMP-MIXED-r3,IMP-MIXED,3,automatic,545de13f-3fe9-524b-a917-7ab04807806f,3ad3352f-97e5-440d-a220-95cdd62f5308,reference_answer,known_missing,True,True,,,matched
t160-quality-20261006T132638Z-80ad8d90-12-IMP-MIXED-r3,IMP-MIXED,3,automatic,545de13f-3fe9-524b-a917-7ab04807806f,3ad3352f-97e5-440d-a220-95cdd62f5308,analysis,known_missing,True,True,,,matched
t160-quality-20261006T132638Z-80ad8d90-12-IMP-MIXED-r3,IMP-MIXED,3,automatic,545de13f-3fe9-524b-a917-7ab04807806f,3ad3352f-97e5-440d-a220-95cdd62f5308,score,source_provided,True,True,2.00,2.00,matched
t160-quality-20261006T132638Z-80ad8d90-12-IMP-MIXED-r3,IMP-MIXED,3,automatic,545de13f-3fe9-524b-a917-7ab04807806f,3ad3352f-97e5-440d-a220-95cdd62f5308,scoring_rubric,known_missing,True,True,,,matched
t160-quality-20261006T132638Z-80ad8d90-12-IMP-MIXED-r3,IMP-MIXED,3,automatic,545de13f-3fe9-524b-a917-7ab04807806f,3ad3352f-97e5-440d-a220-95cdd62f5308,knowledge_points,known_missing,True,False,[],,matched
t160-quality-20261006T132638Z-80ad8d90-12-IMP-MIXED-r3,IMP-MIXED,3,automatic,545de13f-3fe9-524b-a917-7ab04807806f,3ad3352f-97e5-440d-a220-95cdd62f5308,source_regions,unknown,False,,,,reference_unknown
t160-quality-20261006T132638Z-80ad8d90-12-IMP-MIXED-r3,IMP-MIXED,3,automatic,545de13f-3fe9-524b-a917-7ab04807806f,3ad3352f-97e5-440d-a220-95cdd62f5308,assets,source_provided,True,False,"[{""asset_type"": ""figure"", ""source_page_number"": 1, ""order_index"": 1}]",,matched
t160-quality-20261006T132638Z-80ad8d90-12-IMP-MIXED-r3,IMP-MIXED,3,automatic,85533f46-eb86-5893-8742-33939e77750f,38bc0257-55c1-49ea-88a8-708aad7c85e8,question_number,source_provided,True,True,3,3,matched
t160-quality-20261006T132638Z-80ad8d90-12-IMP-MIXED-r3,IMP-MIXED,3,automatic,85533f46-eb86-5893-8742-33939e77750f,38bc0257-55c1-49ea-88a8-708aad7c85e8,order_index,source_provided,True,True,3,3,matched
t160-quality-20261006T132638Z-80ad8d90-12-IMP-MIXED-r3,IMP-MIXED,3,automatic,85533f46-eb86-5893-8742-33939e77750f,38bc0257-55c1-49ea-88a8-708aad7c85e8,source_page_numbers,source_provided,True,True,[1],[1],matched
t160-quality-20261006T132638Z-80ad8d90-12-IMP-MIXED-r3,IMP-MIXED,3,automatic,85533f46-eb86-5893-8742-33939e77750f,38bc0257-55c1-49ea-88a8-708aad7c85e8,question_type,source_provided,True,True,SHORT_ANSWER,SHORT_ANSWER,matched
t160-quality-20261006T132638Z-80ad8d90-12-IMP-MIXED-r3,IMP-MIXED,3,automatic,85533f46-eb86-5893-8742-33939e77750f,38bc0257-55c1-49ea-88a8-708aad7c85e8,content,source_provided,True,True,根据下表写出 y 关于 x 的关系式。,根据下表写出 y 关于 x 的关系式。,matched
t160-quality-20261006T132638Z-80ad8d90-12-IMP-MIXED-r3,IMP-MIXED,3,automatic,85533f46-eb86-5893-8742-33939e77750f,38bc0257-55c1-49ea-88a8-708aad7c85e8,options,not_applicable,True,True,,,matched
t160-quality-20261006T132638Z-80ad8d90-12-IMP-MIXED-r3,IMP-MIXED,3,automatic,85533f46-eb86-5893-8742-33939e77750f,38bc0257-55c1-49ea-88a8-708aad7c85e8,reference_answer,known_missing,True,True,,,matched
t160-quality-20261006T132638Z-80ad8d90-12-IMP-MIXED-r3,IMP-MIXED,3,automatic,85533f46-eb86-5893-8742-33939e77750f,38bc0257-55c1-49ea-88a8-708aad7c85e8,analysis,known_missing,True,True,,,matched
t160-quality-20261006T132638Z-80ad8d90-12-IMP-MIXED-r3,IMP-MIXED,3,automatic,85533f46-eb86-5893-8742-33939e77750f,38bc0257-55c1-49ea-88a8-708aad7c85e8,score,source_provided,True,True,3.00,3.00,matched
t160-quality-20261006T132638Z-80ad8d90-12-IMP-MIXED-r3,IMP-MIXED,3,automatic,85533f46-eb86-5893-8742-33939e77750f,38bc0257-55c1-49ea-88a8-708aad7c85e8,scoring_rubric,source_provided,True,False,正确关系式 1.00；说明代入过程 2.00。,评分要点：正确关系式 1.00；说明代入过程 2.00。,matched
t160-quality-20261006T132638Z-80ad8d90-12-IMP-MIXED-r3,IMP-MIXED,3,automatic,85533f46-eb86-5893-8742-33939e77750f,38bc0257-55c1-49ea-88a8-708aad7c85e8,knowledge_points,source_provided,True,True,"[""一次函数"", ""表达与计算""]","[""一次函数"", ""表达与计算""]",matched
t160-quality-20261006T132638Z-80ad8d90-12-IMP-MIXED-r3,IMP-MIXED,3,automatic,85533f46-eb86-5893-8742-33939e77750f,38bc0257-55c1-49ea-88a8-708aad7c85e8,source_regions,unknown,False,,,,reference_unknown
t160-quality-20261006T132638Z-80ad8d90-12-IMP-MIXED-r3,IMP-MIXED,3,automatic,85533f46-eb86-5893-8742-33939e77750f,38bc0257-55c1-49ea-88a8-708aad7c85e8,assets,source_provided,True,False,"[{""asset_type"": ""table"", ""source_page_number"": 1, ""order_index"": 1}]",,matched
t160-quality-20261006T132638Z-80ad8d90-12-IMP-MIXED-r3,IMP-MIXED,3,automatic,0fa8d57e-58c2-5aa4-b8cd-e52e96380a38,bc0e0a59-7b8f-4c4d-8d89-35ebe5c13bff,question_number,source_provided,True,True,4,4,matched
t160-quality-20261006T132638Z-80ad8d90-12-IMP-MIXED-r3,IMP-MIXED,3,automatic,0fa8d57e-58c2-5aa4-b8cd-e52e96380a38,bc0e0a59-7b8f-4c4d-8d89-35ebe5c13bff,order_index,source_provided,True,True,4,4,matched
t160-quality-20261006T132638Z-80ad8d90-12-IMP-MIXED-r3,IMP-MIXED,3,automatic,0fa8d57e-58c2-5aa4-b8cd-e52e96380a38,bc0e0a59-7b8f-4c4d-8d89-35ebe5c13bff,source_page_numbers,source_provided,True,True,[2],[2],matched
t160-quality-20261006T132638Z-80ad8d90-12-IMP-MIXED-r3,IMP-MIXED,3,automatic,0fa8d57e-58c2-5aa4-b8cd-e52e96380a38,bc0e0a59-7b8f-4c4d-8d89-35ebe5c13bff,question_type,source_provided,True,True,SINGLE_CHOICE,SINGLE_CHOICE,matched
t160-quality-20261006T132638Z-80ad8d90-12-IMP-MIXED-r3,IMP-MIXED,3,automatic,0fa8d57e-58c2-5aa4-b8cd-e52e96380a38,bc0e0a59-7b8f-4c4d-8d89-35ebe5c13bff,content,source_provided,True,False,y = 2x + 1，x = 3 时 y 为多少？,y= 2x +1，x = 3 时y为多少？,matched
t160-quality-20261006T132638Z-80ad8d90-12-IMP-MIXED-r3,IMP-MIXED,3,automatic,0fa8d57e-58c2-5aa4-b8cd-e52e96380a38,bc0e0a59-7b8f-4c4d-8d89-35ebe5c13bff,options,source_provided,True,True,"{""C"": ""7"", ""A"": ""5"", ""B"": ""6"", ""D"": ""8""}","{""C"": ""7"", ""A"": ""5"", ""B"": ""6"", ""D"": ""8""}",matched
t160-quality-20261006T132638Z-80ad8d90-12-IMP-MIXED-r3,IMP-MIXED,3,automatic,0fa8d57e-58c2-5aa4-b8cd-e52e96380a38,bc0e0a59-7b8f-4c4d-8d89-35ebe5c13bff,reference_answer,source_provided,True,True,C,C,matched
t160-quality-20261006T132638Z-80ad8d90-12-IMP-MIXED-r3,IMP-MIXED,3,automatic,0fa8d57e-58c2-5aa4-b8cd-e52e96380a38,bc0e0a59-7b8f-4c4d-8d89-35ebe5c13bff,analysis,source_provided,True,False,2 × 3 + 1 = 7。,2 × 3 +1=7。,matched
t160-quality-20261006T132638Z-80ad8d90-12-IMP-MIXED-r3,IMP-MIXED,3,automatic,0fa8d57e-58c2-5aa4-b8cd-e52e96380a38,bc0e0a59-7b8f-4c4d-8d89-35ebe5c13bff,score,source_provided,True,True,2.00,2.00,matched
t160-quality-20261006T132638Z-80ad8d90-12-IMP-MIXED-r3,IMP-MIXED,3,automatic,0fa8d57e-58c2-5aa4-b8cd-e52e96380a38,bc0e0a59-7b8f-4c4d-8d89-35ebe5c13bff,scoring_rubric,known_missing,True,True,,,matched
t160-quality-20261006T132638Z-80ad8d90-12-IMP-MIXED-r3,IMP-MIXED,3,automatic,0fa8d57e-58c2-5aa4-b8cd-e52e96380a38,bc0e0a59-7b8f-4c4d-8d89-35ebe5c13bff,knowledge_points,known_missing,True,False,[],,matched
t160-quality-20261006T132638Z-80ad8d90-12-IMP-MIXED-r3,IMP-MIXED,3,automatic,0fa8d57e-58c2-5aa4-b8cd-e52e96380a38,bc0e0a59-7b8f-4c4d-8d89-35ebe5c13bff,source_regions,unknown,False,,,,reference_unknown
t160-quality-20261006T132638Z-80ad8d90-12-IMP-MIXED-r3,IMP-MIXED,3,automatic,0fa8d57e-58c2-5aa4-b8cd-e52e96380a38,bc0e0a59-7b8f-4c4d-8d89-35ebe5c13bff,assets,source_provided,True,False,[],,matched
t160-quality-20261006T132638Z-80ad8d90-12-IMP-MIXED-r3,IMP-MIXED,3,automatic,455720b9-9061-5bce-83af-d6d53c6c84e1,46ebf8f1-4564-4316-a85a-63577f064043,question_number,source_provided,True,True,5,5,matched
t160-quality-20261006T132638Z-80ad8d90-12-IMP-MIXED-r3,IMP-MIXED,3,automatic,455720b9-9061-5bce-83af-d6d53c6c84e1,46ebf8f1-4564-4316-a85a-63577f064043,order_index,source_provided,True,True,5,5,matched
t160-quality-20261006T132638Z-80ad8d90-12-IMP-MIXED-r3,IMP-MIXED,3,automatic,455720b9-9061-5bce-83af-d6d53c6c84e1,46ebf8f1-4564-4316-a85a-63577f064043,source_page_numbers,source_provided,True,True,[2],[2],matched
t160-quality-20261006T132638Z-80ad8d90-12-IMP-MIXED-r3,IMP-MIXED,3,automatic,455720b9-9061-5bce-83af-d6d53c6c84e1,46ebf8f1-4564-4316-a85a-63577f064043,question_type,source_provided,True,True,TRUE_FALSE,TRUE_FALSE,matched
t160-quality-20261006T132638Z-80ad8d90-12-IMP-MIXED-r3,IMP-MIXED,3,automatic,455720b9-9061-5bce-83af-d6d53c6c84e1,46ebf8f1-4564-4316-a85a-63577f064043,content,source_provided,True,False,右图三角形面积为 24 cm²。,右图三角形面积为24cm2。,matched
t160-quality-20261006T132638Z-80ad8d90-12-IMP-MIXED-r3,IMP-MIXED,3,automatic,455720b9-9061-5bce-83af-d6d53c6c84e1,46ebf8f1-4564-4316-a85a-63577f064043,options,source_provided,True,True,"[""正确"", ""错误""]","[""正确"", ""错误""]",matched
t160-quality-20261006T132638Z-80ad8d90-12-IMP-MIXED-r3,IMP-MIXED,3,automatic,455720b9-9061-5bce-83af-d6d53c6c84e1,46ebf8f1-4564-4316-a85a-63577f064043,reference_answer,known_missing,True,True,,,matched
t160-quality-20261006T132638Z-80ad8d90-12-IMP-MIXED-r3,IMP-MIXED,3,automatic,455720b9-9061-5bce-83af-d6d53c6c84e1,46ebf8f1-4564-4316-a85a-63577f064043,analysis,known_missing,True,True,,,matched
t160-quality-20261006T132638Z-80ad8d90-12-IMP-MIXED-r3,IMP-MIXED,3,automatic,455720b9-9061-5bce-83af-d6d53c6c84e1,46ebf8f1-4564-4316-a85a-63577f064043,score,source_provided,True,True,2.00,2.00,matched
t160-quality-20261006T132638Z-80ad8d90-12-IMP-MIXED-r3,IMP-MIXED,3,automatic,455720b9-9061-5bce-83af-d6d53c6c84e1,46ebf8f1-4564-4316-a85a-63577f064043,scoring_rubric,known_missing,True,True,,,matched
t160-quality-20261006T132638Z-80ad8d90-12-IMP-MIXED-r3,IMP-MIXED,3,automatic,455720b9-9061-5bce-83af-d6d53c6c84e1,46ebf8f1-4564-4316-a85a-63577f064043,knowledge_points,known_missing,True,False,[],,matched
t160-quality-20261006T132638Z-80ad8d90-12-IMP-MIXED-r3,IMP-MIXED,3,automatic,455720b9-9061-5bce-83af-d6d53c6c84e1,46ebf8f1-4564-4316-a85a-63577f064043,source_regions,unknown,False,,,,reference_unknown
t160-quality-20261006T132638Z-80ad8d90-12-IMP-MIXED-r3,IMP-MIXED,3,automatic,455720b9-9061-5bce-83af-d6d53c6c84e1,46ebf8f1-4564-4316-a85a-63577f064043,assets,source_provided,True,False,"[{""asset_type"": ""figure"", ""source_page_number"": 2, ""order_index"": 1}]",,matched
t160-quality-20261006T132638Z-80ad8d90-12-IMP-MIXED-r3,IMP-MIXED,3,automatic,bf862f8d-df39-5559-bab5-d942fccb2432,19472ae7-656f-4781-b1d4-f5e800396ddb,question_number,source_provided,True,True,6,6,matched
t160-quality-20261006T132638Z-80ad8d90-12-IMP-MIXED-r3,IMP-MIXED,3,automatic,bf862f8d-df39-5559-bab5-d942fccb2432,19472ae7-656f-4781-b1d4-f5e800396ddb,order_index,source_provided,True,True,6,6,matched
t160-quality-20261006T132638Z-80ad8d90-12-IMP-MIXED-r3,IMP-MIXED,3,automatic,bf862f8d-df39-5559-bab5-d942fccb2432,19472ae7-656f-4781-b1d4-f5e800396ddb,source_page_numbers,source_provided,True,True,[2],[2],matched
t160-quality-20261006T132638Z-80ad8d90-12-IMP-MIXED-r3,IMP-MIXED,3,automatic,bf862f8d-df39-5559-bab5-d942fccb2432,19472ae7-656f-4781-b1d4-f5e800396ddb,question_type,source_provided,True,True,SHORT_ANSWER,SHORT_ANSWER,matched
t160-quality-20261006T132638Z-80ad8d90-12-IMP-MIXED-r3,IMP-MIXED,3,automatic,bf862f8d-df39-5559-bab5-d942fccb2432,19472ae7-656f-4781-b1d4-f5e800396ddb,content,source_provided,True,False,根据下表写出 y 关于 x 的关系式。,根据下表写出y关于x的关系式。,matched
t160-quality-20261006T132638Z-80ad8d90-12-IMP-MIXED-r3,IMP-MIXED,3,automatic,bf862f8d-df39-5559-bab5-d942fccb2432,19472ae7-656f-4781-b1d4-f5e800396ddb,options,not_applicable,True,True,,,matched
t160-quality-20261006T132638Z-80ad8d90-12-IMP-MIXED-r3,IMP-MIXED,3,automatic,bf862f8d-df39-5559-bab5-d942fccb2432,19472ae7-656f-4781-b1d4-f5e800396ddb,reference_answer,known_missing,True,True,,,matched
t160-quality-20261006T132638Z-80ad8d90-12-IMP-MIXED-r3,IMP-MIXED,3,automatic,bf862f8d-df39-5559-bab5-d942fccb2432,19472ae7-656f-4781-b1d4-f5e800396ddb,analysis,known_missing,True,True,,,matched
t160-quality-20261006T132638Z-80ad8d90-12-IMP-MIXED-r3,IMP-MIXED,3,automatic,bf862f8d-df39-5559-bab5-d942fccb2432,19472ae7-656f-4781-b1d4-f5e800396ddb,score,source_provided,True,True,3.00,3.00,matched
t160-quality-20261006T132638Z-80ad8d90-12-IMP-MIXED-r3,IMP-MIXED,3,automatic,bf862f8d-df39-5559-bab5-d942fccb2432,19472ae7-656f-4781-b1d4-f5e800396ddb,scoring_rubric,source_provided,True,False,正确关系式 1.00；说明代入过程 2.00。,评分要点：正确关系式1.00；说明代入过程2.00。,matched
t160-quality-20261006T132638Z-80ad8d90-12-IMP-MIXED-r3,IMP-MIXED,3,automatic,bf862f8d-df39-5559-bab5-d942fccb2432,19472ae7-656f-4781-b1d4-f5e800396ddb,knowledge_points,source_provided,True,True,"[""一次函数"", ""表达与计算""]","[""一次函数"", ""表达与计算""]",matched
t160-quality-20261006T132638Z-80ad8d90-12-IMP-MIXED-r3,IMP-MIXED,3,automatic,bf862f8d-df39-5559-bab5-d942fccb2432,19472ae7-656f-4781-b1d4-f5e800396ddb,source_regions,unknown,False,,,,reference_unknown
t160-quality-20261006T132638Z-80ad8d90-12-IMP-MIXED-r3,IMP-MIXED,3,automatic,bf862f8d-df39-5559-bab5-d942fccb2432,19472ae7-656f-4781-b1d4-f5e800396ddb,assets,source_provided,True,False,"[{""asset_type"": ""table"", ""source_page_number"": 2, ""order_index"": 1}]",,matched
t160-quality-20261006T132638Z-80ad8d90-12-IMP-MIXED-r3,IMP-MIXED,3,assisted_corrected,1faa8619-84cc-5d65-86ae-244c7f68645e,41969d4e-8828-432f-9b7e-0761cb51dec9,question_number,source_provided,True,True,1,1,matched
t160-quality-20261006T132638Z-80ad8d90-12-IMP-MIXED-r3,IMP-MIXED,3,assisted_corrected,1faa8619-84cc-5d65-86ae-244c7f68645e,41969d4e-8828-432f-9b7e-0761cb51dec9,order_index,source_provided,True,True,1,1,matched
t160-quality-20261006T132638Z-80ad8d90-12-IMP-MIXED-r3,IMP-MIXED,3,assisted_corrected,1faa8619-84cc-5d65-86ae-244c7f68645e,41969d4e-8828-432f-9b7e-0761cb51dec9,source_page_numbers,source_provided,True,True,[1],[1],matched
t160-quality-20261006T132638Z-80ad8d90-12-IMP-MIXED-r3,IMP-MIXED,3,assisted_corrected,1faa8619-84cc-5d65-86ae-244c7f68645e,41969d4e-8828-432f-9b7e-0761cb51dec9,question_type,source_provided,True,True,SINGLE_CHOICE,SINGLE_CHOICE,matched
t160-quality-20261006T132638Z-80ad8d90-12-IMP-MIXED-r3,IMP-MIXED,3,assisted_corrected,1faa8619-84cc-5d65-86ae-244c7f68645e,41969d4e-8828-432f-9b7e-0761cb51dec9,content,source_provided,True,True,y = 2x + 1，x = 3 时 y 为多少？,y = 2x + 1，x = 3 时 y 为多少？,matched
t160-quality-20261006T132638Z-80ad8d90-12-IMP-MIXED-r3,IMP-MIXED,3,assisted_corrected,1faa8619-84cc-5d65-86ae-244c7f68645e,41969d4e-8828-432f-9b7e-0761cb51dec9,options,source_provided,True,True,"{""C"": ""7"", ""A"": ""5"", ""B"": ""6"", ""D"": ""8""}","{""C"": ""7"", ""A"": ""5"", ""B"": ""6"", ""D"": ""8""}",matched
t160-quality-20261006T132638Z-80ad8d90-12-IMP-MIXED-r3,IMP-MIXED,3,assisted_corrected,1faa8619-84cc-5d65-86ae-244c7f68645e,41969d4e-8828-432f-9b7e-0761cb51dec9,reference_answer,source_provided,True,True,C,C,matched
t160-quality-20261006T132638Z-80ad8d90-12-IMP-MIXED-r3,IMP-MIXED,3,assisted_corrected,1faa8619-84cc-5d65-86ae-244c7f68645e,41969d4e-8828-432f-9b7e-0761cb51dec9,analysis,source_provided,True,True,2 × 3 + 1 = 7。,2 × 3 + 1 = 7。,matched
t160-quality-20261006T132638Z-80ad8d90-12-IMP-MIXED-r3,IMP-MIXED,3,assisted_corrected,1faa8619-84cc-5d65-86ae-244c7f68645e,41969d4e-8828-432f-9b7e-0761cb51dec9,score,source_provided,True,True,2.00,2.00,matched
t160-quality-20261006T132638Z-80ad8d90-12-IMP-MIXED-r3,IMP-MIXED,3,assisted_corrected,1faa8619-84cc-5d65-86ae-244c7f68645e,41969d4e-8828-432f-9b7e-0761cb51dec9,scoring_rubric,known_missing,True,True,,,matched
t160-quality-20261006T132638Z-80ad8d90-12-IMP-MIXED-r3,IMP-MIXED,3,assisted_corrected,1faa8619-84cc-5d65-86ae-244c7f68645e,41969d4e-8828-432f-9b7e-0761cb51dec9,knowledge_points,known_missing,True,True,[],[],matched
t160-quality-20261006T132638Z-80ad8d90-12-IMP-MIXED-r3,IMP-MIXED,3,assisted_corrected,1faa8619-84cc-5d65-86ae-244c7f68645e,41969d4e-8828-432f-9b7e-0761cb51dec9,source_regions,unknown,False,,,,reference_unknown
t160-quality-20261006T132638Z-80ad8d90-12-IMP-MIXED-r3,IMP-MIXED,3,assisted_corrected,1faa8619-84cc-5d65-86ae-244c7f68645e,41969d4e-8828-432f-9b7e-0761cb51dec9,assets,source_provided,True,True,[],[],matched
t160-quality-20261006T132638Z-80ad8d90-12-IMP-MIXED-r3,IMP-MIXED,3,assisted_corrected,545de13f-3fe9-524b-a917-7ab04807806f,3ad3352f-97e5-440d-a220-95cdd62f5308,question_number,source_provided,True,True,2,2,matched
t160-quality-20261006T132638Z-80ad8d90-12-IMP-MIXED-r3,IMP-MIXED,3,assisted_corrected,545de13f-3fe9-524b-a917-7ab04807806f,3ad3352f-97e5-440d-a220-95cdd62f5308,order_index,source_provided,True,True,2,2,matched
t160-quality-20261006T132638Z-80ad8d90-12-IMP-MIXED-r3,IMP-MIXED,3,assisted_corrected,545de13f-3fe9-524b-a917-7ab04807806f,3ad3352f-97e5-440d-a220-95cdd62f5308,source_page_numbers,source_provided,True,True,[1],[1],matched
t160-quality-20261006T132638Z-80ad8d90-12-IMP-MIXED-r3,IMP-MIXED,3,assisted_corrected,545de13f-3fe9-524b-a917-7ab04807806f,3ad3352f-97e5-440d-a220-95cdd62f5308,question_type,source_provided,True,True,TRUE_FALSE,TRUE_FALSE,matched
t160-quality-20261006T132638Z-80ad8d90-12-IMP-MIXED-r3,IMP-MIXED,3,assisted_corrected,545de13f-3fe9-524b-a917-7ab04807806f,3ad3352f-97e5-440d-a220-95cdd62f5308,content,source_provided,True,True,右图三角形面积为 24 cm²。,右图三角形面积为 24 cm²。,matched
t160-quality-20261006T132638Z-80ad8d90-12-IMP-MIXED-r3,IMP-MIXED,3,assisted_corrected,545de13f-3fe9-524b-a917-7ab04807806f,3ad3352f-97e5-440d-a220-95cdd62f5308,options,source_provided,True,True,"[""正确"", ""错误""]","[""正确"", ""错误""]",matched
t160-quality-20261006T132638Z-80ad8d90-12-IMP-MIXED-r3,IMP-MIXED,3,assisted_corrected,545de13f-3fe9-524b-a917-7ab04807806f,3ad3352f-97e5-440d-a220-95cdd62f5308,reference_answer,known_missing,True,True,,,matched
t160-quality-20261006T132638Z-80ad8d90-12-IMP-MIXED-r3,IMP-MIXED,3,assisted_corrected,545de13f-3fe9-524b-a917-7ab04807806f,3ad3352f-97e5-440d-a220-95cdd62f5308,analysis,known_missing,True,True,,,matched
t160-quality-20261006T132638Z-80ad8d90-12-IMP-MIXED-r3,IMP-MIXED,3,assisted_corrected,545de13f-3fe9-524b-a917-7ab04807806f,3ad3352f-97e5-440d-a220-95cdd62f5308,score,source_provided,True,True,2.00,2.00,matched
t160-quality-20261006T132638Z-80ad8d90-12-IMP-MIXED-r3,IMP-MIXED,3,assisted_corrected,545de13f-3fe9-524b-a917-7ab04807806f,3ad3352f-97e5-440d-a220-95cdd62f5308,scoring_rubric,known_missing,True,True,,,matched
t160-quality-20261006T132638Z-80ad8d90-12-IMP-MIXED-r3,IMP-MIXED,3,assisted_corrected,545de13f-3fe9-524b-a917-7ab04807806f,3ad3352f-97e5-440d-a220-95cdd62f5308,knowledge_points,known_missing,True,True,[],[],matched
t160-quality-20261006T132638Z-80ad8d90-12-IMP-MIXED-r3,IMP-MIXED,3,assisted_corrected,545de13f-3fe9-524b-a917-7ab04807806f,3ad3352f-97e5-440d-a220-95cdd62f5308,source_regions,unknown,False,,,,reference_unknown
t160-quality-20261006T132638Z-80ad8d90-12-IMP-MIXED-r3,IMP-MIXED,3,assisted_corrected,545de13f-3fe9-524b-a917-7ab04807806f,3ad3352f-97e5-440d-a220-95cdd62f5308,assets,source_provided,True,False,"[{""asset_type"": ""figure"", ""source_page_number"": 1, ""order_index"": 1}]",,matched
t160-quality-20261006T132638Z-80ad8d90-12-IMP-MIXED-r3,IMP-MIXED,3,assisted_corrected,85533f46-eb86-5893-8742-33939e77750f,38bc0257-55c1-49ea-88a8-708aad7c85e8,question_number,source_provided,True,True,3,3,matched
t160-quality-20261006T132638Z-80ad8d90-12-IMP-MIXED-r3,IMP-MIXED,3,assisted_corrected,85533f46-eb86-5893-8742-33939e77750f,38bc0257-55c1-49ea-88a8-708aad7c85e8,order_index,source_provided,True,True,3,3,matched
t160-quality-20261006T132638Z-80ad8d90-12-IMP-MIXED-r3,IMP-MIXED,3,assisted_corrected,85533f46-eb86-5893-8742-33939e77750f,38bc0257-55c1-49ea-88a8-708aad7c85e8,source_page_numbers,source_provided,True,True,[1],[1],matched
t160-quality-20261006T132638Z-80ad8d90-12-IMP-MIXED-r3,IMP-MIXED,3,assisted_corrected,85533f46-eb86-5893-8742-33939e77750f,38bc0257-55c1-49ea-88a8-708aad7c85e8,question_type,source_provided,True,True,SHORT_ANSWER,SHORT_ANSWER,matched
t160-quality-20261006T132638Z-80ad8d90-12-IMP-MIXED-r3,IMP-MIXED,3,assisted_corrected,85533f46-eb86-5893-8742-33939e77750f,38bc0257-55c1-49ea-88a8-708aad7c85e8,content,source_provided,True,True,根据下表写出 y 关于 x 的关系式。,根据下表写出 y 关于 x 的关系式。,matched
t160-quality-20261006T132638Z-80ad8d90-12-IMP-MIXED-r3,IMP-MIXED,3,assisted_corrected,85533f46-eb86-5893-8742-33939e77750f,38bc0257-55c1-49ea-88a8-708aad7c85e8,options,not_applicable,True,True,,,matched
t160-quality-20261006T132638Z-80ad8d90-12-IMP-MIXED-r3,IMP-MIXED,3,assisted_corrected,85533f46-eb86-5893-8742-33939e77750f,38bc0257-55c1-49ea-88a8-708aad7c85e8,reference_answer,known_missing,True,True,,,matched
t160-quality-20261006T132638Z-80ad8d90-12-IMP-MIXED-r3,IMP-MIXED,3,assisted_corrected,85533f46-eb86-5893-8742-33939e77750f,38bc0257-55c1-49ea-88a8-708aad7c85e8,analysis,known_missing,True,True,,,matched
t160-quality-20261006T132638Z-80ad8d90-12-IMP-MIXED-r3,IMP-MIXED,3,assisted_corrected,85533f46-eb86-5893-8742-33939e77750f,38bc0257-55c1-49ea-88a8-708aad7c85e8,score,source_provided,True,True,3.00,3.00,matched
t160-quality-20261006T132638Z-80ad8d90-12-IMP-MIXED-r3,IMP-MIXED,3,assisted_corrected,85533f46-eb86-5893-8742-33939e77750f,38bc0257-55c1-49ea-88a8-708aad7c85e8,scoring_rubric,source_provided,True,True,正确关系式 1.00；说明代入过程 2.00。,正确关系式 1.00；说明代入过程 2.00。,matched
t160-quality-20261006T132638Z-80ad8d90-12-IMP-MIXED-r3,IMP-MIXED,3,assisted_corrected,85533f46-eb86-5893-8742-33939e77750f,38bc0257-55c1-49ea-88a8-708aad7c85e8,knowledge_points,source_provided,True,True,"[""一次函数"", ""表达与计算""]","[""一次函数"", ""表达与计算""]",matched
t160-quality-20261006T132638Z-80ad8d90-12-IMP-MIXED-r3,IMP-MIXED,3,assisted_corrected,85533f46-eb86-5893-8742-33939e77750f,38bc0257-55c1-49ea-88a8-708aad7c85e8,source_regions,unknown,False,,,,reference_unknown
t160-quality-20261006T132638Z-80ad8d90-12-IMP-MIXED-r3,IMP-MIXED,3,assisted_corrected,85533f46-eb86-5893-8742-33939e77750f,38bc0257-55c1-49ea-88a8-708aad7c85e8,assets,source_provided,True,False,"[{""asset_type"": ""table"", ""source_page_number"": 1, ""order_index"": 1}]",,matched
t160-quality-20261006T132638Z-80ad8d90-12-IMP-MIXED-r3,IMP-MIXED,3,assisted_corrected,0fa8d57e-58c2-5aa4-b8cd-e52e96380a38,bc0e0a59-7b8f-4c4d-8d89-35ebe5c13bff,question_number,source_provided,True,True,4,4,matched
t160-quality-20261006T132638Z-80ad8d90-12-IMP-MIXED-r3,IMP-MIXED,3,assisted_corrected,0fa8d57e-58c2-5aa4-b8cd-e52e96380a38,bc0e0a59-7b8f-4c4d-8d89-35ebe5c13bff,order_index,source_provided,True,True,4,4,matched
t160-quality-20261006T132638Z-80ad8d90-12-IMP-MIXED-r3,IMP-MIXED,3,assisted_corrected,0fa8d57e-58c2-5aa4-b8cd-e52e96380a38,bc0e0a59-7b8f-4c4d-8d89-35ebe5c13bff,source_page_numbers,source_provided,True,True,[2],[2],matched
t160-quality-20261006T132638Z-80ad8d90-12-IMP-MIXED-r3,IMP-MIXED,3,assisted_corrected,0fa8d57e-58c2-5aa4-b8cd-e52e96380a38,bc0e0a59-7b8f-4c4d-8d89-35ebe5c13bff,question_type,source_provided,True,True,SINGLE_CHOICE,SINGLE_CHOICE,matched
t160-quality-20261006T132638Z-80ad8d90-12-IMP-MIXED-r3,IMP-MIXED,3,assisted_corrected,0fa8d57e-58c2-5aa4-b8cd-e52e96380a38,bc0e0a59-7b8f-4c4d-8d89-35ebe5c13bff,content,source_provided,True,True,y = 2x + 1，x = 3 时 y 为多少？,y = 2x + 1，x = 3 时 y 为多少？,matched
t160-quality-20261006T132638Z-80ad8d90-12-IMP-MIXED-r3,IMP-MIXED,3,assisted_corrected,0fa8d57e-58c2-5aa4-b8cd-e52e96380a38,bc0e0a59-7b8f-4c4d-8d89-35ebe5c13bff,options,source_provided,True,True,"{""C"": ""7"", ""A"": ""5"", ""B"": ""6"", ""D"": ""8""}","{""C"": ""7"", ""A"": ""5"", ""B"": ""6"", ""D"": ""8""}",matched
t160-quality-20261006T132638Z-80ad8d90-12-IMP-MIXED-r3,IMP-MIXED,3,assisted_corrected,0fa8d57e-58c2-5aa4-b8cd-e52e96380a38,bc0e0a59-7b8f-4c4d-8d89-35ebe5c13bff,reference_answer,source_provided,True,True,C,C,matched
t160-quality-20261006T132638Z-80ad8d90-12-IMP-MIXED-r3,IMP-MIXED,3,assisted_corrected,0fa8d57e-58c2-5aa4-b8cd-e52e96380a38,bc0e0a59-7b8f-4c4d-8d89-35ebe5c13bff,analysis,source_provided,True,True,2 × 3 + 1 = 7。,2 × 3 + 1 = 7。,matched
t160-quality-20261006T132638Z-80ad8d90-12-IMP-MIXED-r3,IMP-MIXED,3,assisted_corrected,0fa8d57e-58c2-5aa4-b8cd-e52e96380a38,bc0e0a59-7b8f-4c4d-8d89-35ebe5c13bff,score,source_provided,True,True,2.00,2.00,matched
t160-quality-20261006T132638Z-80ad8d90-12-IMP-MIXED-r3,IMP-MIXED,3,assisted_corrected,0fa8d57e-58c2-5aa4-b8cd-e52e96380a38,bc0e0a59-7b8f-4c4d-8d89-35ebe5c13bff,scoring_rubric,known_missing,True,True,,,matched
t160-quality-20261006T132638Z-80ad8d90-12-IMP-MIXED-r3,IMP-MIXED,3,assisted_corrected,0fa8d57e-58c2-5aa4-b8cd-e52e96380a38,bc0e0a59-7b8f-4c4d-8d89-35ebe5c13bff,knowledge_points,known_missing,True,True,[],[],matched
t160-quality-20261006T132638Z-80ad8d90-12-IMP-MIXED-r3,IMP-MIXED,3,assisted_corrected,0fa8d57e-58c2-5aa4-b8cd-e52e96380a38,bc0e0a59-7b8f-4c4d-8d89-35ebe5c13bff,source_regions,unknown,False,,,,reference_unknown
t160-quality-20261006T132638Z-80ad8d90-12-IMP-MIXED-r3,IMP-MIXED,3,assisted_corrected,0fa8d57e-58c2-5aa4-b8cd-e52e96380a38,bc0e0a59-7b8f-4c4d-8d89-35ebe5c13bff,assets,source_provided,True,True,[],[],matched
t160-quality-20261006T132638Z-80ad8d90-12-IMP-MIXED-r3,IMP-MIXED,3,assisted_corrected,455720b9-9061-5bce-83af-d6d53c6c84e1,46ebf8f1-4564-4316-a85a-63577f064043,question_number,source_provided,True,True,5,5,matched
t160-quality-20261006T132638Z-80ad8d90-12-IMP-MIXED-r3,IMP-MIXED,3,assisted_corrected,455720b9-9061-5bce-83af-d6d53c6c84e1,46ebf8f1-4564-4316-a85a-63577f064043,order_index,source_provided,True,True,5,5,matched
t160-quality-20261006T132638Z-80ad8d90-12-IMP-MIXED-r3,IMP-MIXED,3,assisted_corrected,455720b9-9061-5bce-83af-d6d53c6c84e1,46ebf8f1-4564-4316-a85a-63577f064043,source_page_numbers,source_provided,True,True,[2],[2],matched
t160-quality-20261006T132638Z-80ad8d90-12-IMP-MIXED-r3,IMP-MIXED,3,assisted_corrected,455720b9-9061-5bce-83af-d6d53c6c84e1,46ebf8f1-4564-4316-a85a-63577f064043,question_type,source_provided,True,True,TRUE_FALSE,TRUE_FALSE,matched
t160-quality-20261006T132638Z-80ad8d90-12-IMP-MIXED-r3,IMP-MIXED,3,assisted_corrected,455720b9-9061-5bce-83af-d6d53c6c84e1,46ebf8f1-4564-4316-a85a-63577f064043,content,source_provided,True,True,右图三角形面积为 24 cm²。,右图三角形面积为 24 cm²。,matched
t160-quality-20261006T132638Z-80ad8d90-12-IMP-MIXED-r3,IMP-MIXED,3,assisted_corrected,455720b9-9061-5bce-83af-d6d53c6c84e1,46ebf8f1-4564-4316-a85a-63577f064043,options,source_provided,True,True,"[""正确"", ""错误""]","[""正确"", ""错误""]",matched
t160-quality-20261006T132638Z-80ad8d90-12-IMP-MIXED-r3,IMP-MIXED,3,assisted_corrected,455720b9-9061-5bce-83af-d6d53c6c84e1,46ebf8f1-4564-4316-a85a-63577f064043,reference_answer,known_missing,True,True,,,matched
t160-quality-20261006T132638Z-80ad8d90-12-IMP-MIXED-r3,IMP-MIXED,3,assisted_corrected,455720b9-9061-5bce-83af-d6d53c6c84e1,46ebf8f1-4564-4316-a85a-63577f064043,analysis,known_missing,True,True,,,matched
t160-quality-20261006T132638Z-80ad8d90-12-IMP-MIXED-r3,IMP-MIXED,3,assisted_corrected,455720b9-9061-5bce-83af-d6d53c6c84e1,46ebf8f1-4564-4316-a85a-63577f064043,score,source_provided,True,True,2.00,2.00,matched
t160-quality-20261006T132638Z-80ad8d90-12-IMP-MIXED-r3,IMP-MIXED,3,assisted_corrected,455720b9-9061-5bce-83af-d6d53c6c84e1,46ebf8f1-4564-4316-a85a-63577f064043,scoring_rubric,known_missing,True,True,,,matched
t160-quality-20261006T132638Z-80ad8d90-12-IMP-MIXED-r3,IMP-MIXED,3,assisted_corrected,455720b9-9061-5bce-83af-d6d53c6c84e1,46ebf8f1-4564-4316-a85a-63577f064043,knowledge_points,known_missing,True,True,[],[],matched
t160-quality-20261006T132638Z-80ad8d90-12-IMP-MIXED-r3,IMP-MIXED,3,assisted_corrected,455720b9-9061-5bce-83af-d6d53c6c84e1,46ebf8f1-4564-4316-a85a-63577f064043,source_regions,unknown,False,,,,reference_unknown
t160-quality-20261006T132638Z-80ad8d90-12-IMP-MIXED-r3,IMP-MIXED,3,assisted_corrected,455720b9-9061-5bce-83af-d6d53c6c84e1,46ebf8f1-4564-4316-a85a-63577f064043,assets,source_provided,True,False,"[{""asset_type"": ""figure"", ""source_page_number"": 2, ""order_index"": 1}]",,matched
t160-quality-20261006T132638Z-80ad8d90-12-IMP-MIXED-r3,IMP-MIXED,3,assisted_corrected,bf862f8d-df39-5559-bab5-d942fccb2432,19472ae7-656f-4781-b1d4-f5e800396ddb,question_number,source_provided,True,True,6,6,matched
t160-quality-20261006T132638Z-80ad8d90-12-IMP-MIXED-r3,IMP-MIXED,3,assisted_corrected,bf862f8d-df39-5559-bab5-d942fccb2432,19472ae7-656f-4781-b1d4-f5e800396ddb,order_index,source_provided,True,True,6,6,matched
t160-quality-20261006T132638Z-80ad8d90-12-IMP-MIXED-r3,IMP-MIXED,3,assisted_corrected,bf862f8d-df39-5559-bab5-d942fccb2432,19472ae7-656f-4781-b1d4-f5e800396ddb,source_page_numbers,source_provided,True,True,[2],[2],matched
t160-quality-20261006T132638Z-80ad8d90-12-IMP-MIXED-r3,IMP-MIXED,3,assisted_corrected,bf862f8d-df39-5559-bab5-d942fccb2432,19472ae7-656f-4781-b1d4-f5e800396ddb,question_type,source_provided,True,True,SHORT_ANSWER,SHORT_ANSWER,matched
t160-quality-20261006T132638Z-80ad8d90-12-IMP-MIXED-r3,IMP-MIXED,3,assisted_corrected,bf862f8d-df39-5559-bab5-d942fccb2432,19472ae7-656f-4781-b1d4-f5e800396ddb,content,source_provided,True,True,根据下表写出 y 关于 x 的关系式。,根据下表写出 y 关于 x 的关系式。,matched
t160-quality-20261006T132638Z-80ad8d90-12-IMP-MIXED-r3,IMP-MIXED,3,assisted_corrected,bf862f8d-df39-5559-bab5-d942fccb2432,19472ae7-656f-4781-b1d4-f5e800396ddb,options,not_applicable,True,True,,,matched
t160-quality-20261006T132638Z-80ad8d90-12-IMP-MIXED-r3,IMP-MIXED,3,assisted_corrected,bf862f8d-df39-5559-bab5-d942fccb2432,19472ae7-656f-4781-b1d4-f5e800396ddb,reference_answer,known_missing,True,True,,,matched
t160-quality-20261006T132638Z-80ad8d90-12-IMP-MIXED-r3,IMP-MIXED,3,assisted_corrected,bf862f8d-df39-5559-bab5-d942fccb2432,19472ae7-656f-4781-b1d4-f5e800396ddb,analysis,known_missing,True,True,,,matched
t160-quality-20261006T132638Z-80ad8d90-12-IMP-MIXED-r3,IMP-MIXED,3,assisted_corrected,bf862f8d-df39-5559-bab5-d942fccb2432,19472ae7-656f-4781-b1d4-f5e800396ddb,score,source_provided,True,True,3.00,3.00,matched
t160-quality-20261006T132638Z-80ad8d90-12-IMP-MIXED-r3,IMP-MIXED,3,assisted_corrected,bf862f8d-df39-5559-bab5-d942fccb2432,19472ae7-656f-4781-b1d4-f5e800396ddb,scoring_rubric,source_provided,True,True,正确关系式 1.00；说明代入过程 2.00。,正确关系式 1.00；说明代入过程 2.00。,matched
t160-quality-20261006T132638Z-80ad8d90-12-IMP-MIXED-r3,IMP-MIXED,3,assisted_corrected,bf862f8d-df39-5559-bab5-d942fccb2432,19472ae7-656f-4781-b1d4-f5e800396ddb,knowledge_points,source_provided,True,True,"[""一次函数"", ""表达与计算""]","[""一次函数"", ""表达与计算""]",matched
t160-quality-20261006T132638Z-80ad8d90-12-IMP-MIXED-r3,IMP-MIXED,3,assisted_corrected,bf862f8d-df39-5559-bab5-d942fccb2432,19472ae7-656f-4781-b1d4-f5e800396ddb,source_regions,unknown,False,,,,reference_unknown
t160-quality-20261006T132638Z-80ad8d90-12-IMP-MIXED-r3,IMP-MIXED,3,assisted_corrected,bf862f8d-df39-5559-bab5-d942fccb2432,19472ae7-656f-4781-b1d4-f5e800396ddb,assets,source_provided,True,False,"[{""asset_type"": ""table"", ""source_page_number"": 2, ""order_index"": 1}]",,matched
t160-quality-20261006T132638Z-80ad8d90-13-IMP-CROSS-r1,IMP-CROSS,1,automatic,239d78f4-ab44-59ec-ab7f-e11e454e26f1,2ade3894-d390-4a97-a36e-11c0f74e21c5,question_number,source_provided,True,True,4,4,matched
t160-quality-20261006T132638Z-80ad8d90-13-IMP-CROSS-r1,IMP-CROSS,1,automatic,239d78f4-ab44-59ec-ab7f-e11e454e26f1,2ade3894-d390-4a97-a36e-11c0f74e21c5,order_index,source_provided,True,True,1,1,matched
t160-quality-20261006T132638Z-80ad8d90-13-IMP-CROSS-r1,IMP-CROSS,1,automatic,239d78f4-ab44-59ec-ab7f-e11e454e26f1,2ade3894-d390-4a97-a36e-11c0f74e21c5,source_page_numbers,source_provided,True,True,"[1, 2]","[1, 2]",matched
t160-quality-20261006T132638Z-80ad8d90-13-IMP-CROSS-r1,IMP-CROSS,1,automatic,239d78f4-ab44-59ec-ab7f-e11e454e26f1,2ade3894-d390-4a97-a36e-11c0f74e21c5,question_type,unknown,False,,,SHORT_ANSWER,reference_unknown
t160-quality-20261006T132638Z-80ad8d90-13-IMP-CROSS-r1,IMP-CROSS,1,automatic,239d78f4-ab44-59ec-ab7f-e11e454e26f1,2ade3894-d390-4a97-a36e-11c0f74e21c5,content,source_provided,True,False,"阅读下页流程图：输入 x = 3，计算输出 y。
按下图流程完成计算。",阅读下页流程图：输入 x = 3，计算输出 y。,matched
t160-quality-20261006T132638Z-80ad8d90-13-IMP-CROSS-r1,IMP-CROSS,1,automatic,239d78f4-ab44-59ec-ab7f-e11e454e26f1,2ade3894-d390-4a97-a36e-11c0f74e21c5,options,not_applicable,True,True,,,matched
t160-quality-20261006T132638Z-80ad8d90-13-IMP-CROSS-r1,IMP-CROSS,1,automatic,239d78f4-ab44-59ec-ab7f-e11e454e26f1,2ade3894-d390-4a97-a36e-11c0f74e21c5,reference_answer,known_missing,True,True,,,matched
t160-quality-20261006T132638Z-80ad8d90-13-IMP-CROSS-r1,IMP-CROSS,1,automatic,239d78f4-ab44-59ec-ab7f-e11e454e26f1,2ade3894-d390-4a97-a36e-11c0f74e21c5,analysis,known_missing,True,True,,,matched
t160-quality-20261006T132638Z-80ad8d90-13-IMP-CROSS-r1,IMP-CROSS,1,automatic,239d78f4-ab44-59ec-ab7f-e11e454e26f1,2ade3894-d390-4a97-a36e-11c0f74e21c5,score,source_provided,True,True,5.00,5.00,matched
t160-quality-20261006T132638Z-80ad8d90-13-IMP-CROSS-r1,IMP-CROSS,1,automatic,239d78f4-ab44-59ec-ab7f-e11e454e26f1,2ade3894-d390-4a97-a36e-11c0f74e21c5,scoring_rubric,source_provided,True,True,正确中间计算 2.00；最终输出 3.00。,正确中间计算 2.00；最终输出 3.00。,matched
t160-quality-20261006T132638Z-80ad8d90-13-IMP-CROSS-r1,IMP-CROSS,1,automatic,239d78f4-ab44-59ec-ab7f-e11e454e26f1,2ade3894-d390-4a97-a36e-11c0f74e21c5,knowledge_points,known_missing,True,False,[],,matched
t160-quality-20261006T132638Z-80ad8d90-13-IMP-CROSS-r1,IMP-CROSS,1,automatic,239d78f4-ab44-59ec-ab7f-e11e454e26f1,2ade3894-d390-4a97-a36e-11c0f74e21c5,source_regions,unknown,False,,,,reference_unknown
t160-quality-20261006T132638Z-80ad8d90-13-IMP-CROSS-r1,IMP-CROSS,1,automatic,239d78f4-ab44-59ec-ab7f-e11e454e26f1,2ade3894-d390-4a97-a36e-11c0f74e21c5,assets,source_provided,True,False,"[{""asset_type"": ""diagram"", ""source_page_number"": 2, ""order_index"": 1}]",,matched
t160-quality-20261006T132638Z-80ad8d90-13-IMP-CROSS-r1,IMP-CROSS,1,assisted_corrected,239d78f4-ab44-59ec-ab7f-e11e454e26f1,2ade3894-d390-4a97-a36e-11c0f74e21c5,question_number,source_provided,True,True,4,4,matched
t160-quality-20261006T132638Z-80ad8d90-13-IMP-CROSS-r1,IMP-CROSS,1,assisted_corrected,239d78f4-ab44-59ec-ab7f-e11e454e26f1,2ade3894-d390-4a97-a36e-11c0f74e21c5,order_index,source_provided,True,True,1,1,matched
t160-quality-20261006T132638Z-80ad8d90-13-IMP-CROSS-r1,IMP-CROSS,1,assisted_corrected,239d78f4-ab44-59ec-ab7f-e11e454e26f1,2ade3894-d390-4a97-a36e-11c0f74e21c5,source_page_numbers,source_provided,True,True,"[1, 2]","[1, 2]",matched
t160-quality-20261006T132638Z-80ad8d90-13-IMP-CROSS-r1,IMP-CROSS,1,assisted_corrected,239d78f4-ab44-59ec-ab7f-e11e454e26f1,2ade3894-d390-4a97-a36e-11c0f74e21c5,question_type,unknown,False,,,SHORT_ANSWER,reference_unknown
t160-quality-20261006T132638Z-80ad8d90-13-IMP-CROSS-r1,IMP-CROSS,1,assisted_corrected,239d78f4-ab44-59ec-ab7f-e11e454e26f1,2ade3894-d390-4a97-a36e-11c0f74e21c5,content,source_provided,True,True,"阅读下页流程图：输入 x = 3，计算输出 y。
按下图流程完成计算。","阅读下页流程图：输入 x = 3，计算输出 y。
按下图流程完成计算。",matched
t160-quality-20261006T132638Z-80ad8d90-13-IMP-CROSS-r1,IMP-CROSS,1,assisted_corrected,239d78f4-ab44-59ec-ab7f-e11e454e26f1,2ade3894-d390-4a97-a36e-11c0f74e21c5,options,not_applicable,True,True,,,matched
t160-quality-20261006T132638Z-80ad8d90-13-IMP-CROSS-r1,IMP-CROSS,1,assisted_corrected,239d78f4-ab44-59ec-ab7f-e11e454e26f1,2ade3894-d390-4a97-a36e-11c0f74e21c5,reference_answer,known_missing,True,True,,,matched
t160-quality-20261006T132638Z-80ad8d90-13-IMP-CROSS-r1,IMP-CROSS,1,assisted_corrected,239d78f4-ab44-59ec-ab7f-e11e454e26f1,2ade3894-d390-4a97-a36e-11c0f74e21c5,analysis,known_missing,True,True,,,matched
t160-quality-20261006T132638Z-80ad8d90-13-IMP-CROSS-r1,IMP-CROSS,1,assisted_corrected,239d78f4-ab44-59ec-ab7f-e11e454e26f1,2ade3894-d390-4a97-a36e-11c0f74e21c5,score,source_provided,True,True,5.00,5.00,matched
t160-quality-20261006T132638Z-80ad8d90-13-IMP-CROSS-r1,IMP-CROSS,1,assisted_corrected,239d78f4-ab44-59ec-ab7f-e11e454e26f1,2ade3894-d390-4a97-a36e-11c0f74e21c5,scoring_rubric,source_provided,True,True,正确中间计算 2.00；最终输出 3.00。,正确中间计算 2.00；最终输出 3.00。,matched
t160-quality-20261006T132638Z-80ad8d90-13-IMP-CROSS-r1,IMP-CROSS,1,assisted_corrected,239d78f4-ab44-59ec-ab7f-e11e454e26f1,2ade3894-d390-4a97-a36e-11c0f74e21c5,knowledge_points,known_missing,True,True,[],[],matched
t160-quality-20261006T132638Z-80ad8d90-13-IMP-CROSS-r1,IMP-CROSS,1,assisted_corrected,239d78f4-ab44-59ec-ab7f-e11e454e26f1,2ade3894-d390-4a97-a36e-11c0f74e21c5,source_regions,unknown,False,,,,reference_unknown
t160-quality-20261006T132638Z-80ad8d90-13-IMP-CROSS-r1,IMP-CROSS,1,assisted_corrected,239d78f4-ab44-59ec-ab7f-e11e454e26f1,2ade3894-d390-4a97-a36e-11c0f74e21c5,assets,source_provided,True,False,"[{""asset_type"": ""diagram"", ""source_page_number"": 2, ""order_index"": 1}]",,matched
t160-quality-20261006T132638Z-80ad8d90-14-IMP-CROSS-r2,IMP-CROSS,2,automatic,239d78f4-ab44-59ec-ab7f-e11e454e26f1,39a03a11-d265-4155-a7c0-b4273fc035c9,question_number,source_provided,True,True,4,4,matched
t160-quality-20261006T132638Z-80ad8d90-14-IMP-CROSS-r2,IMP-CROSS,2,automatic,239d78f4-ab44-59ec-ab7f-e11e454e26f1,39a03a11-d265-4155-a7c0-b4273fc035c9,order_index,source_provided,True,True,1,1,matched
t160-quality-20261006T132638Z-80ad8d90-14-IMP-CROSS-r2,IMP-CROSS,2,automatic,239d78f4-ab44-59ec-ab7f-e11e454e26f1,39a03a11-d265-4155-a7c0-b4273fc035c9,source_page_numbers,source_provided,True,True,"[1, 2]","[1, 2]",matched
t160-quality-20261006T132638Z-80ad8d90-14-IMP-CROSS-r2,IMP-CROSS,2,automatic,239d78f4-ab44-59ec-ab7f-e11e454e26f1,39a03a11-d265-4155-a7c0-b4273fc035c9,question_type,unknown,False,,,SHORT_ANSWER,reference_unknown
t160-quality-20261006T132638Z-80ad8d90-14-IMP-CROSS-r2,IMP-CROSS,2,automatic,239d78f4-ab44-59ec-ab7f-e11e454e26f1,39a03a11-d265-4155-a7c0-b4273fc035c9,content,source_provided,True,False,"阅读下页流程图：输入 x = 3，计算输出 y。
按下图流程完成计算。","阅读下页流程图：输入 x = 3，计算输出 y。
题干起点在本页，流程图与本题续文在第 2 页。
不要把跨页续文当作新题；本卷未附参考答案。",matched
t160-quality-20261006T132638Z-80ad8d90-14-IMP-CROSS-r2,IMP-CROSS,2,automatic,239d78f4-ab44-59ec-ab7f-e11e454e26f1,39a03a11-d265-4155-a7c0-b4273fc035c9,options,not_applicable,True,True,,,matched
t160-quality-20261006T132638Z-80ad8d90-14-IMP-CROSS-r2,IMP-CROSS,2,automatic,239d78f4-ab44-59ec-ab7f-e11e454e26f1,39a03a11-d265-4155-a7c0-b4273fc035c9,reference_answer,known_missing,True,True,,,matched
t160-quality-20261006T132638Z-80ad8d90-14-IMP-CROSS-r2,IMP-CROSS,2,automatic,239d78f4-ab44-59ec-ab7f-e11e454e26f1,39a03a11-d265-4155-a7c0-b4273fc035c9,analysis,known_missing,True,True,,,matched
t160-quality-20261006T132638Z-80ad8d90-14-IMP-CROSS-r2,IMP-CROSS,2,automatic,239d78f4-ab44-59ec-ab7f-e11e454e26f1,39a03a11-d265-4155-a7c0-b4273fc035c9,score,source_provided,True,True,5.00,5.00,matched
t160-quality-20261006T132638Z-80ad8d90-14-IMP-CROSS-r2,IMP-CROSS,2,automatic,239d78f4-ab44-59ec-ab7f-e11e454e26f1,39a03a11-d265-4155-a7c0-b4273fc035c9,scoring_rubric,source_provided,True,True,正确中间计算 2.00；最终输出 3.00。,正确中间计算 2.00；最终输出 3.00。,matched
t160-quality-20261006T132638Z-80ad8d90-14-IMP-CROSS-r2,IMP-CROSS,2,automatic,239d78f4-ab44-59ec-ab7f-e11e454e26f1,39a03a11-d265-4155-a7c0-b4273fc035c9,knowledge_points,known_missing,True,False,[],,matched
t160-quality-20261006T132638Z-80ad8d90-14-IMP-CROSS-r2,IMP-CROSS,2,automatic,239d78f4-ab44-59ec-ab7f-e11e454e26f1,39a03a11-d265-4155-a7c0-b4273fc035c9,source_regions,unknown,False,,,,reference_unknown
t160-quality-20261006T132638Z-80ad8d90-14-IMP-CROSS-r2,IMP-CROSS,2,automatic,239d78f4-ab44-59ec-ab7f-e11e454e26f1,39a03a11-d265-4155-a7c0-b4273fc035c9,assets,source_provided,True,False,"[{""asset_type"": ""diagram"", ""source_page_number"": 2, ""order_index"": 1}]",,matched
t160-quality-20261006T132638Z-80ad8d90-14-IMP-CROSS-r2,IMP-CROSS,2,assisted_corrected,239d78f4-ab44-59ec-ab7f-e11e454e26f1,39a03a11-d265-4155-a7c0-b4273fc035c9,question_number,source_provided,True,True,4,4,matched
t160-quality-20261006T132638Z-80ad8d90-14-IMP-CROSS-r2,IMP-CROSS,2,assisted_corrected,239d78f4-ab44-59ec-ab7f-e11e454e26f1,39a03a11-d265-4155-a7c0-b4273fc035c9,order_index,source_provided,True,True,1,1,matched
t160-quality-20261006T132638Z-80ad8d90-14-IMP-CROSS-r2,IMP-CROSS,2,assisted_corrected,239d78f4-ab44-59ec-ab7f-e11e454e26f1,39a03a11-d265-4155-a7c0-b4273fc035c9,source_page_numbers,source_provided,True,True,"[1, 2]","[1, 2]",matched
t160-quality-20261006T132638Z-80ad8d90-14-IMP-CROSS-r2,IMP-CROSS,2,assisted_corrected,239d78f4-ab44-59ec-ab7f-e11e454e26f1,39a03a11-d265-4155-a7c0-b4273fc035c9,question_type,unknown,False,,,SHORT_ANSWER,reference_unknown
t160-quality-20261006T132638Z-80ad8d90-14-IMP-CROSS-r2,IMP-CROSS,2,assisted_corrected,239d78f4-ab44-59ec-ab7f-e11e454e26f1,39a03a11-d265-4155-a7c0-b4273fc035c9,content,source_provided,True,True,"阅读下页流程图：输入 x = 3，计算输出 y。
按下图流程完成计算。","阅读下页流程图：输入 x = 3，计算输出 y。
按下图流程完成计算。",matched
t160-quality-20261006T132638Z-80ad8d90-14-IMP-CROSS-r2,IMP-CROSS,2,assisted_corrected,239d78f4-ab44-59ec-ab7f-e11e454e26f1,39a03a11-d265-4155-a7c0-b4273fc035c9,options,not_applicable,True,True,,,matched
t160-quality-20261006T132638Z-80ad8d90-14-IMP-CROSS-r2,IMP-CROSS,2,assisted_corrected,239d78f4-ab44-59ec-ab7f-e11e454e26f1,39a03a11-d265-4155-a7c0-b4273fc035c9,reference_answer,known_missing,True,True,,,matched
t160-quality-20261006T132638Z-80ad8d90-14-IMP-CROSS-r2,IMP-CROSS,2,assisted_corrected,239d78f4-ab44-59ec-ab7f-e11e454e26f1,39a03a11-d265-4155-a7c0-b4273fc035c9,analysis,known_missing,True,True,,,matched
t160-quality-20261006T132638Z-80ad8d90-14-IMP-CROSS-r2,IMP-CROSS,2,assisted_corrected,239d78f4-ab44-59ec-ab7f-e11e454e26f1,39a03a11-d265-4155-a7c0-b4273fc035c9,score,source_provided,True,True,5.00,5.00,matched
t160-quality-20261006T132638Z-80ad8d90-14-IMP-CROSS-r2,IMP-CROSS,2,assisted_corrected,239d78f4-ab44-59ec-ab7f-e11e454e26f1,39a03a11-d265-4155-a7c0-b4273fc035c9,scoring_rubric,source_provided,True,True,正确中间计算 2.00；最终输出 3.00。,正确中间计算 2.00；最终输出 3.00。,matched
t160-quality-20261006T132638Z-80ad8d90-14-IMP-CROSS-r2,IMP-CROSS,2,assisted_corrected,239d78f4-ab44-59ec-ab7f-e11e454e26f1,39a03a11-d265-4155-a7c0-b4273fc035c9,knowledge_points,known_missing,True,True,[],[],matched
t160-quality-20261006T132638Z-80ad8d90-14-IMP-CROSS-r2,IMP-CROSS,2,assisted_corrected,239d78f4-ab44-59ec-ab7f-e11e454e26f1,39a03a11-d265-4155-a7c0-b4273fc035c9,source_regions,unknown,False,,,,reference_unknown
t160-quality-20261006T132638Z-80ad8d90-14-IMP-CROSS-r2,IMP-CROSS,2,assisted_corrected,239d78f4-ab44-59ec-ab7f-e11e454e26f1,39a03a11-d265-4155-a7c0-b4273fc035c9,assets,source_provided,True,False,"[{""asset_type"": ""diagram"", ""source_page_number"": 2, ""order_index"": 1}]",,matched
t160-quality-20261006T132638Z-80ad8d90-15-IMP-CROSS-r3,IMP-CROSS,3,automatic,239d78f4-ab44-59ec-ab7f-e11e454e26f1,49bcdbd2-1bc8-4e77-81c7-324126a4628b,question_number,source_provided,True,True,4,4,matched
t160-quality-20261006T132638Z-80ad8d90-15-IMP-CROSS-r3,IMP-CROSS,3,automatic,239d78f4-ab44-59ec-ab7f-e11e454e26f1,49bcdbd2-1bc8-4e77-81c7-324126a4628b,order_index,source_provided,True,True,1,1,matched
t160-quality-20261006T132638Z-80ad8d90-15-IMP-CROSS-r3,IMP-CROSS,3,automatic,239d78f4-ab44-59ec-ab7f-e11e454e26f1,49bcdbd2-1bc8-4e77-81c7-324126a4628b,source_page_numbers,source_provided,True,True,"[1, 2]","[1, 2]",matched
t160-quality-20261006T132638Z-80ad8d90-15-IMP-CROSS-r3,IMP-CROSS,3,automatic,239d78f4-ab44-59ec-ab7f-e11e454e26f1,49bcdbd2-1bc8-4e77-81c7-324126a4628b,question_type,unknown,False,,,SHORT_ANSWER,reference_unknown
t160-quality-20261006T132638Z-80ad8d90-15-IMP-CROSS-r3,IMP-CROSS,3,automatic,239d78f4-ab44-59ec-ab7f-e11e454e26f1,49bcdbd2-1bc8-4e77-81c7-324126a4628b,content,source_provided,True,False,"阅读下页流程图：输入 x = 3，计算输出 y。
按下图流程完成计算。","阅读下页流程图：输入 x = 3，计算输出 y。
第 4 题续：按下图流程完成计算。",matched
t160-quality-20261006T132638Z-80ad8d90-15-IMP-CROSS-r3,IMP-CROSS,3,automatic,239d78f4-ab44-59ec-ab7f-e11e454e26f1,49bcdbd2-1bc8-4e77-81c7-324126a4628b,options,not_applicable,True,True,,,matched
t160-quality-20261006T132638Z-80ad8d90-15-IMP-CROSS-r3,IMP-CROSS,3,automatic,239d78f4-ab44-59ec-ab7f-e11e454e26f1,49bcdbd2-1bc8-4e77-81c7-324126a4628b,reference_answer,known_missing,True,True,,,matched
t160-quality-20261006T132638Z-80ad8d90-15-IMP-CROSS-r3,IMP-CROSS,3,automatic,239d78f4-ab44-59ec-ab7f-e11e454e26f1,49bcdbd2-1bc8-4e77-81c7-324126a4628b,analysis,known_missing,True,True,,,matched
t160-quality-20261006T132638Z-80ad8d90-15-IMP-CROSS-r3,IMP-CROSS,3,automatic,239d78f4-ab44-59ec-ab7f-e11e454e26f1,49bcdbd2-1bc8-4e77-81c7-324126a4628b,score,source_provided,True,True,5.00,5.00,matched
t160-quality-20261006T132638Z-80ad8d90-15-IMP-CROSS-r3,IMP-CROSS,3,automatic,239d78f4-ab44-59ec-ab7f-e11e454e26f1,49bcdbd2-1bc8-4e77-81c7-324126a4628b,scoring_rubric,source_provided,True,True,正确中间计算 2.00；最终输出 3.00。,正确中间计算 2.00；最终输出 3.00。,matched
t160-quality-20261006T132638Z-80ad8d90-15-IMP-CROSS-r3,IMP-CROSS,3,automatic,239d78f4-ab44-59ec-ab7f-e11e454e26f1,49bcdbd2-1bc8-4e77-81c7-324126a4628b,knowledge_points,known_missing,True,False,[],,matched
t160-quality-20261006T132638Z-80ad8d90-15-IMP-CROSS-r3,IMP-CROSS,3,automatic,239d78f4-ab44-59ec-ab7f-e11e454e26f1,49bcdbd2-1bc8-4e77-81c7-324126a4628b,source_regions,unknown,False,,,,reference_unknown
t160-quality-20261006T132638Z-80ad8d90-15-IMP-CROSS-r3,IMP-CROSS,3,automatic,239d78f4-ab44-59ec-ab7f-e11e454e26f1,49bcdbd2-1bc8-4e77-81c7-324126a4628b,assets,source_provided,True,False,"[{""asset_type"": ""diagram"", ""source_page_number"": 2, ""order_index"": 1}]",,matched
t160-quality-20261006T132638Z-80ad8d90-15-IMP-CROSS-r3,IMP-CROSS,3,assisted_corrected,239d78f4-ab44-59ec-ab7f-e11e454e26f1,49bcdbd2-1bc8-4e77-81c7-324126a4628b,question_number,source_provided,True,True,4,4,matched
t160-quality-20261006T132638Z-80ad8d90-15-IMP-CROSS-r3,IMP-CROSS,3,assisted_corrected,239d78f4-ab44-59ec-ab7f-e11e454e26f1,49bcdbd2-1bc8-4e77-81c7-324126a4628b,order_index,source_provided,True,True,1,1,matched
t160-quality-20261006T132638Z-80ad8d90-15-IMP-CROSS-r3,IMP-CROSS,3,assisted_corrected,239d78f4-ab44-59ec-ab7f-e11e454e26f1,49bcdbd2-1bc8-4e77-81c7-324126a4628b,source_page_numbers,source_provided,True,True,"[1, 2]","[1, 2]",matched
t160-quality-20261006T132638Z-80ad8d90-15-IMP-CROSS-r3,IMP-CROSS,3,assisted_corrected,239d78f4-ab44-59ec-ab7f-e11e454e26f1,49bcdbd2-1bc8-4e77-81c7-324126a4628b,question_type,unknown,False,,,SHORT_ANSWER,reference_unknown
t160-quality-20261006T132638Z-80ad8d90-15-IMP-CROSS-r3,IMP-CROSS,3,assisted_corrected,239d78f4-ab44-59ec-ab7f-e11e454e26f1,49bcdbd2-1bc8-4e77-81c7-324126a4628b,content,source_provided,True,True,"阅读下页流程图：输入 x = 3，计算输出 y。
按下图流程完成计算。","阅读下页流程图：输入 x = 3，计算输出 y。
按下图流程完成计算。",matched
t160-quality-20261006T132638Z-80ad8d90-15-IMP-CROSS-r3,IMP-CROSS,3,assisted_corrected,239d78f4-ab44-59ec-ab7f-e11e454e26f1,49bcdbd2-1bc8-4e77-81c7-324126a4628b,options,not_applicable,True,True,,,matched
t160-quality-20261006T132638Z-80ad8d90-15-IMP-CROSS-r3,IMP-CROSS,3,assisted_corrected,239d78f4-ab44-59ec-ab7f-e11e454e26f1,49bcdbd2-1bc8-4e77-81c7-324126a4628b,reference_answer,known_missing,True,True,,,matched
t160-quality-20261006T132638Z-80ad8d90-15-IMP-CROSS-r3,IMP-CROSS,3,assisted_corrected,239d78f4-ab44-59ec-ab7f-e11e454e26f1,49bcdbd2-1bc8-4e77-81c7-324126a4628b,analysis,known_missing,True,True,,,matched
t160-quality-20261006T132638Z-80ad8d90-15-IMP-CROSS-r3,IMP-CROSS,3,assisted_corrected,239d78f4-ab44-59ec-ab7f-e11e454e26f1,49bcdbd2-1bc8-4e77-81c7-324126a4628b,score,source_provided,True,True,5.00,5.00,matched
t160-quality-20261006T132638Z-80ad8d90-15-IMP-CROSS-r3,IMP-CROSS,3,assisted_corrected,239d78f4-ab44-59ec-ab7f-e11e454e26f1,49bcdbd2-1bc8-4e77-81c7-324126a4628b,scoring_rubric,source_provided,True,True,正确中间计算 2.00；最终输出 3.00。,正确中间计算 2.00；最终输出 3.00。,matched
t160-quality-20261006T132638Z-80ad8d90-15-IMP-CROSS-r3,IMP-CROSS,3,assisted_corrected,239d78f4-ab44-59ec-ab7f-e11e454e26f1,49bcdbd2-1bc8-4e77-81c7-324126a4628b,knowledge_points,known_missing,True,True,[],[],matched
t160-quality-20261006T132638Z-80ad8d90-15-IMP-CROSS-r3,IMP-CROSS,3,assisted_corrected,239d78f4-ab44-59ec-ab7f-e11e454e26f1,49bcdbd2-1bc8-4e77-81c7-324126a4628b,source_regions,unknown,False,,,,reference_unknown
t160-quality-20261006T132638Z-80ad8d90-15-IMP-CROSS-r3,IMP-CROSS,3,assisted_corrected,239d78f4-ab44-59ec-ab7f-e11e454e26f1,49bcdbd2-1bc8-4e77-81c7-324126a4628b,assets,source_provided,True,False,"[{""asset_type"": ""diagram"", ""source_page_number"": 2, ""order_index"": 1}]",,matched
