run_id,case_id,repeat_index,stage,reference_question_identity,extracted_question_id,modality,field,reference_state,evaluable,correct,expected,actual,reason,evidence_ref
t160-quality-20261002T182955Z-75789e35-01-IMP-TEXT-r1,IMP-TEXT,1,automatic,1194af49-5301-51bb-a173-0e6f524ac810,fc9fd369-07f7-471f-bf5d-8e4f9a2f2d71,native_text,question_number,source_provided,True,True,1,1,matched,benchmark/results/v2/t160-retest-20261003/quality/runs/t160-quality-20261002T182955Z-75789e35-01-IMP-TEXT-r1/result.json
t160-quality-20261002T182955Z-75789e35-01-IMP-TEXT-r1,IMP-TEXT,1,automatic,1194af49-5301-51bb-a173-0e6f524ac810,fc9fd369-07f7-471f-bf5d-8e4f9a2f2d71,native_text,order_index,source_provided,True,True,1,1,matched,benchmark/results/v2/t160-retest-20261003/quality/runs/t160-quality-20261002T182955Z-75789e35-01-IMP-TEXT-r1/result.json
t160-quality-20261002T182955Z-75789e35-01-IMP-TEXT-r1,IMP-TEXT,1,automatic,1194af49-5301-51bb-a173-0e6f524ac810,fc9fd369-07f7-471f-bf5d-8e4f9a2f2d71,native_text,source_page_numbers,source_provided,True,True,[1],[1],matched,benchmark/results/v2/t160-retest-20261003/quality/runs/t160-quality-20261002T182955Z-75789e35-01-IMP-TEXT-r1/result.json
t160-quality-20261002T182955Z-75789e35-01-IMP-TEXT-r1,IMP-TEXT,1,automatic,1194af49-5301-51bb-a173-0e6f524ac810,fc9fd369-07f7-471f-bf5d-8e4f9a2f2d71,native_text,question_type,source_provided,True,True,SINGLE_CHOICE,SINGLE_CHOICE,matched,benchmark/results/v2/t160-retest-20261003/quality/runs/t160-quality-20261002T182955Z-75789e35-01-IMP-TEXT-r1/result.json
t160-quality-20261002T182955Z-75789e35-01-IMP-TEXT-r1,IMP-TEXT,1,automatic,1194af49-5301-51bb-a173-0e6f524ac810,fc9fd369-07f7-471f-bf5d-8e4f9a2f2d71,native_text,content,source_provided,True,False,y = 2x + 1，x = 3 时 y 为多少？,单选：y = 2x + 1，x = 3 时 y 为多少？,matched,benchmark/results/v2/t160-retest-20261003/quality/runs/t160-quality-20261002T182955Z-75789e35-01-IMP-TEXT-r1/result.json
t160-quality-20261002T182955Z-75789e35-01-IMP-TEXT-r1,IMP-TEXT,1,automatic,1194af49-5301-51bb-a173-0e6f524ac810,fc9fd369-07f7-471f-bf5d-8e4f9a2f2d71,native_text,options,source_provided,True,True,"{""C"": ""7"", ""A"": ""5"", ""B"": ""6"", ""D"": ""8""}","{""C"": ""7"", ""A"": ""5"", ""B"": ""6"", ""D"": ""8""}",matched,benchmark/results/v2/t160-retest-20261003/quality/runs/t160-quality-20261002T182955Z-75789e35-01-IMP-TEXT-r1/result.json
t160-quality-20261002T182955Z-75789e35-01-IMP-TEXT-r1,IMP-TEXT,1,automatic,1194af49-5301-51bb-a173-0e6f524ac810,fc9fd369-07f7-471f-bf5d-8e4f9a2f2d71,native_text,reference_answer,source_provided,True,True,C,C,matched,benchmark/results/v2/t160-retest-20261003/quality/runs/t160-quality-20261002T182955Z-75789e35-01-IMP-TEXT-r1/result.json
t160-quality-20261002T182955Z-75789e35-01-IMP-TEXT-r1,IMP-TEXT,1,automatic,1194af49-5301-51bb-a173-0e6f524ac810,fc9fd369-07f7-471f-bf5d-8e4f9a2f2d71,native_text,analysis,source_provided,True,True,2 × 3 + 1 = 7。,2 × 3 + 1 = 7。,matched,benchmark/results/v2/t160-retest-20261003/quality/runs/t160-quality-20261002T182955Z-75789e35-01-IMP-TEXT-r1/result.json
t160-quality-20261002T182955Z-75789e35-01-IMP-TEXT-r1,IMP-TEXT,1,automatic,1194af49-5301-51bb-a173-0e6f524ac810,fc9fd369-07f7-471f-bf5d-8e4f9a2f2d71,native_text,score,source_provided,True,True,2.00,2.00,matched,benchmark/results/v2/t160-retest-20261003/quality/runs/t160-quality-20261002T182955Z-75789e35-01-IMP-TEXT-r1/result.json
t160-quality-20261002T182955Z-75789e35-01-IMP-TEXT-r1,IMP-TEXT,1,automatic,1194af49-5301-51bb-a173-0e6f524ac810,fc9fd369-07f7-471f-bf5d-8e4f9a2f2d71,native_text,scoring_rubric,known_missing,True,True,,,matched,benchmark/results/v2/t160-retest-20261003/quality/runs/t160-quality-20261002T182955Z-75789e35-01-IMP-TEXT-r1/result.json
t160-quality-20261002T182955Z-75789e35-01-IMP-TEXT-r1,IMP-TEXT,1,automatic,1194af49-5301-51bb-a173-0e6f524ac810,fc9fd369-07f7-471f-bf5d-8e4f9a2f2d71,native_text,knowledge_points,known_missing,True,False,[],,matched,benchmark/results/v2/t160-retest-20261003/quality/runs/t160-quality-20261002T182955Z-75789e35-01-IMP-TEXT-r1/result.json
t160-quality-20261002T182955Z-75789e35-01-IMP-TEXT-r1,IMP-TEXT,1,automatic,1194af49-5301-51bb-a173-0e6f524ac810,fc9fd369-07f7-471f-bf5d-8e4f9a2f2d71,native_text,source_regions,unknown,False,,,,reference_unknown,benchmark/results/v2/t160-retest-20261003/quality/runs/t160-quality-20261002T182955Z-75789e35-01-IMP-TEXT-r1/result.json
t160-quality-20261002T182955Z-75789e35-01-IMP-TEXT-r1,IMP-TEXT,1,automatic,1194af49-5301-51bb-a173-0e6f524ac810,fc9fd369-07f7-471f-bf5d-8e4f9a2f2d71,native_text,assets,source_provided,True,False,[],,matched,benchmark/results/v2/t160-retest-20261003/quality/runs/t160-quality-20261002T182955Z-75789e35-01-IMP-TEXT-r1/result.json
t160-quality-20261002T182955Z-75789e35-01-IMP-TEXT-r1,IMP-TEXT,1,automatic,8e0aecaf-072d-5ed7-9b43-5d33ad202cc1,d9f036d9-bdf2-4c11-b88a-d2d763302d44,native_text,question_number,source_provided,True,True,2,2,matched,benchmark/results/v2/t160-retest-20261003/quality/runs/t160-quality-20261002T182955Z-75789e35-01-IMP-TEXT-r1/result.json
t160-quality-20261002T182955Z-75789e35-01-IMP-TEXT-r1,IMP-TEXT,1,automatic,8e0aecaf-072d-5ed7-9b43-5d33ad202cc1,d9f036d9-bdf2-4c11-b88a-d2d763302d44,native_text,order_index,source_provided,True,True,2,2,matched,benchmark/results/v2/t160-retest-20261003/quality/runs/t160-quality-20261002T182955Z-75789e35-01-IMP-TEXT-r1/result.json
t160-quality-20261002T182955Z-75789e35-01-IMP-TEXT-r1,IMP-TEXT,1,automatic,8e0aecaf-072d-5ed7-9b43-5d33ad202cc1,d9f036d9-bdf2-4c11-b88a-d2d763302d44,native_text,source_page_numbers,source_provided,True,True,[1],[1],matched,benchmark/results/v2/t160-retest-20261003/quality/runs/t160-quality-20261002T182955Z-75789e35-01-IMP-TEXT-r1/result.json
t160-quality-20261002T182955Z-75789e35-01-IMP-TEXT-r1,IMP-TEXT,1,automatic,8e0aecaf-072d-5ed7-9b43-5d33ad202cc1,d9f036d9-bdf2-4c11-b88a-d2d763302d44,native_text,question_type,source_provided,True,True,TRUE_FALSE,TRUE_FALSE,matched,benchmark/results/v2/t160-retest-20261003/quality/runs/t160-quality-20261002T182955Z-75789e35-01-IMP-TEXT-r1/result.json
t160-quality-20261002T182955Z-75789e35-01-IMP-TEXT-r1,IMP-TEXT,1,automatic,8e0aecaf-072d-5ed7-9b43-5d33ad202cc1,d9f036d9-bdf2-4c11-b88a-d2d763302d44,native_text,content,source_provided,True,False,右图三角形面积为 24 cm²。,判断：右图三角形面积为 24 cm²。,matched,benchmark/results/v2/t160-retest-20261003/quality/runs/t160-quality-20261002T182955Z-75789e35-01-IMP-TEXT-r1/result.json
t160-quality-20261002T182955Z-75789e35-01-IMP-TEXT-r1,IMP-TEXT,1,automatic,8e0aecaf-072d-5ed7-9b43-5d33ad202cc1,d9f036d9-bdf2-4c11-b88a-d2d763302d44,native_text,options,source_provided,True,True,"[""正确"", ""错误""]","[""正确"", ""错误""]",matched,benchmark/results/v2/t160-retest-20261003/quality/runs/t160-quality-20261002T182955Z-75789e35-01-IMP-TEXT-r1/result.json
t160-quality-20261002T182955Z-75789e35-01-IMP-TEXT-r1,IMP-TEXT,1,automatic,8e0aecaf-072d-5ed7-9b43-5d33ad202cc1,d9f036d9-bdf2-4c11-b88a-d2d763302d44,native_text,reference_answer,known_missing,True,True,,,matched,benchmark/results/v2/t160-retest-20261003/quality/runs/t160-quality-20261002T182955Z-75789e35-01-IMP-TEXT-r1/result.json
t160-quality-20261002T182955Z-75789e35-01-IMP-TEXT-r1,IMP-TEXT,1,automatic,8e0aecaf-072d-5ed7-9b43-5d33ad202cc1,d9f036d9-bdf2-4c11-b88a-d2d763302d44,native_text,analysis,known_missing,True,True,,,matched,benchmark/results/v2/t160-retest-20261003/quality/runs/t160-quality-20261002T182955Z-75789e35-01-IMP-TEXT-r1/result.json
t160-quality-20261002T182955Z-75789e35-01-IMP-TEXT-r1,IMP-TEXT,1,automatic,8e0aecaf-072d-5ed7-9b43-5d33ad202cc1,d9f036d9-bdf2-4c11-b88a-d2d763302d44,native_text,score,source_provided,True,True,2.00,2.00,matched,benchmark/results/v2/t160-retest-20261003/quality/runs/t160-quality-20261002T182955Z-75789e35-01-IMP-TEXT-r1/result.json
t160-quality-20261002T182955Z-75789e35-01-IMP-TEXT-r1,IMP-TEXT,1,automatic,8e0aecaf-072d-5ed7-9b43-5d33ad202cc1,d9f036d9-bdf2-4c11-b88a-d2d763302d44,native_text,scoring_rubric,known_missing,True,True,,,matched,benchmark/results/v2/t160-retest-20261003/quality/runs/t160-quality-20261002T182955Z-75789e35-01-IMP-TEXT-r1/result.json
t160-quality-20261002T182955Z-75789e35-01-IMP-TEXT-r1,IMP-TEXT,1,automatic,8e0aecaf-072d-5ed7-9b43-5d33ad202cc1,d9f036d9-bdf2-4c11-b88a-d2d763302d44,native_text,knowledge_points,known_missing,True,False,[],,matched,benchmark/results/v2/t160-retest-20261003/quality/runs/t160-quality-20261002T182955Z-75789e35-01-IMP-TEXT-r1/result.json
t160-quality-20261002T182955Z-75789e35-01-IMP-TEXT-r1,IMP-TEXT,1,automatic,8e0aecaf-072d-5ed7-9b43-5d33ad202cc1,d9f036d9-bdf2-4c11-b88a-d2d763302d44,native_text,source_regions,unknown,False,,,,reference_unknown,benchmark/results/v2/t160-retest-20261003/quality/runs/t160-quality-20261002T182955Z-75789e35-01-IMP-TEXT-r1/result.json
t160-quality-20261002T182955Z-75789e35-01-IMP-TEXT-r1,IMP-TEXT,1,automatic,8e0aecaf-072d-5ed7-9b43-5d33ad202cc1,d9f036d9-bdf2-4c11-b88a-d2d763302d44,native_text,assets,source_provided,True,False,"[{""asset_type"": ""figure"", ""source_page_number"": 1, ""order_index"": 1}]",,matched,benchmark/results/v2/t160-retest-20261003/quality/runs/t160-quality-20261002T182955Z-75789e35-01-IMP-TEXT-r1/result.json
t160-quality-20261002T182955Z-75789e35-01-IMP-TEXT-r1,IMP-TEXT,1,automatic,fdef73bd-f984-58d1-8a53-3eea668a9f83,1805d1df-be1b-4d26-8646-d43da6399868,native_text,question_number,source_provided,True,True,3,3,matched,benchmark/results/v2/t160-retest-20261003/quality/runs/t160-quality-20261002T182955Z-75789e35-01-IMP-TEXT-r1/result.json
t160-quality-20261002T182955Z-75789e35-01-IMP-TEXT-r1,IMP-TEXT,1,automatic,fdef73bd-f984-58d1-8a53-3eea668a9f83,1805d1df-be1b-4d26-8646-d43da6399868,native_text,order_index,source_provided,True,True,3,3,matched,benchmark/results/v2/t160-retest-20261003/quality/runs/t160-quality-20261002T182955Z-75789e35-01-IMP-TEXT-r1/result.json
t160-quality-20261002T182955Z-75789e35-01-IMP-TEXT-r1,IMP-TEXT,1,automatic,fdef73bd-f984-58d1-8a53-3eea668a9f83,1805d1df-be1b-4d26-8646-d43da6399868,native_text,source_page_numbers,source_provided,True,True,[1],[1],matched,benchmark/results/v2/t160-retest-20261003/quality/runs/t160-quality-20261002T182955Z-75789e35-01-IMP-TEXT-r1/result.json
t160-quality-20261002T182955Z-75789e35-01-IMP-TEXT-r1,IMP-TEXT,1,automatic,fdef73bd-f984-58d1-8a53-3eea668a9f83,1805d1df-be1b-4d26-8646-d43da6399868,native_text,question_type,source_provided,True,True,SHORT_ANSWER,SHORT_ANSWER,matched,benchmark/results/v2/t160-retest-20261003/quality/runs/t160-quality-20261002T182955Z-75789e35-01-IMP-TEXT-r1/result.json
t160-quality-20261002T182955Z-75789e35-01-IMP-TEXT-r1,IMP-TEXT,1,automatic,fdef73bd-f984-58d1-8a53-3eea668a9f83,1805d1df-be1b-4d26-8646-d43da6399868,native_text,content,source_provided,True,False,根据下表写出 y 关于 x 的关系式。,简答：根据下表写出 y 关于 x 的关系式。,matched,benchmark/results/v2/t160-retest-20261003/quality/runs/t160-quality-20261002T182955Z-75789e35-01-IMP-TEXT-r1/result.json
t160-quality-20261002T182955Z-75789e35-01-IMP-TEXT-r1,IMP-TEXT,1,automatic,fdef73bd-f984-58d1-8a53-3eea668a9f83,1805d1df-be1b-4d26-8646-d43da6399868,native_text,options,not_applicable,True,True,,,matched,benchmark/results/v2/t160-retest-20261003/quality/runs/t160-quality-20261002T182955Z-75789e35-01-IMP-TEXT-r1/result.json
t160-quality-20261002T182955Z-75789e35-01-IMP-TEXT-r1,IMP-TEXT,1,automatic,fdef73bd-f984-58d1-8a53-3eea668a9f83,1805d1df-be1b-4d26-8646-d43da6399868,native_text,reference_answer,known_missing,True,True,,,matched,benchmark/results/v2/t160-retest-20261003/quality/runs/t160-quality-20261002T182955Z-75789e35-01-IMP-TEXT-r1/result.json
t160-quality-20261002T182955Z-75789e35-01-IMP-TEXT-r1,IMP-TEXT,1,automatic,fdef73bd-f984-58d1-8a53-3eea668a9f83,1805d1df-be1b-4d26-8646-d43da6399868,native_text,analysis,known_missing,True,True,,,matched,benchmark/results/v2/t160-retest-20261003/quality/runs/t160-quality-20261002T182955Z-75789e35-01-IMP-TEXT-r1/result.json
t160-quality-20261002T182955Z-75789e35-01-IMP-TEXT-r1,IMP-TEXT,1,automatic,fdef73bd-f984-58d1-8a53-3eea668a9f83,1805d1df-be1b-4d26-8646-d43da6399868,native_text,score,source_provided,True,True,3.00,3.00,matched,benchmark/results/v2/t160-retest-20261003/quality/runs/t160-quality-20261002T182955Z-75789e35-01-IMP-TEXT-r1/result.json
t160-quality-20261002T182955Z-75789e35-01-IMP-TEXT-r1,IMP-TEXT,1,automatic,fdef73bd-f984-58d1-8a53-3eea668a9f83,1805d1df-be1b-4d26-8646-d43da6399868,native_text,scoring_rubric,source_provided,True,True,正确关系式 1.00；说明代入过程 2.00。,正确关系式 1.00；说明代入过程 2.00。,matched,benchmark/results/v2/t160-retest-20261003/quality/runs/t160-quality-20261002T182955Z-75789e35-01-IMP-TEXT-r1/result.json
t160-quality-20261002T182955Z-75789e35-01-IMP-TEXT-r1,IMP-TEXT,1,automatic,fdef73bd-f984-58d1-8a53-3eea668a9f83,1805d1df-be1b-4d26-8646-d43da6399868,native_text,knowledge_points,source_provided,True,True,"[""一次函数"", ""表达与计算""]","[""一次函数"", ""表达与计算""]",matched,benchmark/results/v2/t160-retest-20261003/quality/runs/t160-quality-20261002T182955Z-75789e35-01-IMP-TEXT-r1/result.json
t160-quality-20261002T182955Z-75789e35-01-IMP-TEXT-r1,IMP-TEXT,1,automatic,fdef73bd-f984-58d1-8a53-3eea668a9f83,1805d1df-be1b-4d26-8646-d43da6399868,native_text,source_regions,unknown,False,,,,reference_unknown,benchmark/results/v2/t160-retest-20261003/quality/runs/t160-quality-20261002T182955Z-75789e35-01-IMP-TEXT-r1/result.json
t160-quality-20261002T182955Z-75789e35-01-IMP-TEXT-r1,IMP-TEXT,1,automatic,fdef73bd-f984-58d1-8a53-3eea668a9f83,1805d1df-be1b-4d26-8646-d43da6399868,native_text,assets,source_provided,True,False,"[{""asset_type"": ""table"", ""source_page_number"": 1, ""order_index"": 1}]",,matched,benchmark/results/v2/t160-retest-20261003/quality/runs/t160-quality-20261002T182955Z-75789e35-01-IMP-TEXT-r1/result.json
t160-quality-20261002T182955Z-75789e35-01-IMP-TEXT-r1,IMP-TEXT,1,assisted_corrected,1194af49-5301-51bb-a173-0e6f524ac810,fc9fd369-07f7-471f-bf5d-8e4f9a2f2d71,native_text,question_number,source_provided,True,True,1,1,matched,benchmark/results/v2/t160-retest-20261003/quality/runs/t160-quality-20261002T182955Z-75789e35-01-IMP-TEXT-r1/result.json
t160-quality-20261002T182955Z-75789e35-01-IMP-TEXT-r1,IMP-TEXT,1,assisted_corrected,1194af49-5301-51bb-a173-0e6f524ac810,fc9fd369-07f7-471f-bf5d-8e4f9a2f2d71,native_text,order_index,source_provided,True,True,1,1,matched,benchmark/results/v2/t160-retest-20261003/quality/runs/t160-quality-20261002T182955Z-75789e35-01-IMP-TEXT-r1/result.json
t160-quality-20261002T182955Z-75789e35-01-IMP-TEXT-r1,IMP-TEXT,1,assisted_corrected,1194af49-5301-51bb-a173-0e6f524ac810,fc9fd369-07f7-471f-bf5d-8e4f9a2f2d71,native_text,source_page_numbers,source_provided,True,True,[1],[1],matched,benchmark/results/v2/t160-retest-20261003/quality/runs/t160-quality-20261002T182955Z-75789e35-01-IMP-TEXT-r1/result.json
t160-quality-20261002T182955Z-75789e35-01-IMP-TEXT-r1,IMP-TEXT,1,assisted_corrected,1194af49-5301-51bb-a173-0e6f524ac810,fc9fd369-07f7-471f-bf5d-8e4f9a2f2d71,native_text,question_type,source_provided,True,True,SINGLE_CHOICE,SINGLE_CHOICE,matched,benchmark/results/v2/t160-retest-20261003/quality/runs/t160-quality-20261002T182955Z-75789e35-01-IMP-TEXT-r1/result.json
t160-quality-20261002T182955Z-75789e35-01-IMP-TEXT-r1,IMP-TEXT,1,assisted_corrected,1194af49-5301-51bb-a173-0e6f524ac810,fc9fd369-07f7-471f-bf5d-8e4f9a2f2d71,native_text,content,source_provided,True,True,y = 2x + 1，x = 3 时 y 为多少？,y = 2x + 1，x = 3 时 y 为多少？,matched,benchmark/results/v2/t160-retest-20261003/quality/runs/t160-quality-20261002T182955Z-75789e35-01-IMP-TEXT-r1/result.json
t160-quality-20261002T182955Z-75789e35-01-IMP-TEXT-r1,IMP-TEXT,1,assisted_corrected,1194af49-5301-51bb-a173-0e6f524ac810,fc9fd369-07f7-471f-bf5d-8e4f9a2f2d71,native_text,options,source_provided,True,True,"{""C"": ""7"", ""A"": ""5"", ""B"": ""6"", ""D"": ""8""}","{""C"": ""7"", ""A"": ""5"", ""B"": ""6"", ""D"": ""8""}",matched,benchmark/results/v2/t160-retest-20261003/quality/runs/t160-quality-20261002T182955Z-75789e35-01-IMP-TEXT-r1/result.json
t160-quality-20261002T182955Z-75789e35-01-IMP-TEXT-r1,IMP-TEXT,1,assisted_corrected,1194af49-5301-51bb-a173-0e6f524ac810,fc9fd369-07f7-471f-bf5d-8e4f9a2f2d71,native_text,reference_answer,source_provided,True,True,C,C,matched,benchmark/results/v2/t160-retest-20261003/quality/runs/t160-quality-20261002T182955Z-75789e35-01-IMP-TEXT-r1/result.json
t160-quality-20261002T182955Z-75789e35-01-IMP-TEXT-r1,IMP-TEXT,1,assisted_corrected,1194af49-5301-51bb-a173-0e6f524ac810,fc9fd369-07f7-471f-bf5d-8e4f9a2f2d71,native_text,analysis,source_provided,True,True,2 × 3 + 1 = 7。,2 × 3 + 1 = 7。,matched,benchmark/results/v2/t160-retest-20261003/quality/runs/t160-quality-20261002T182955Z-75789e35-01-IMP-TEXT-r1/result.json
t160-quality-20261002T182955Z-75789e35-01-IMP-TEXT-r1,IMP-TEXT,1,assisted_corrected,1194af49-5301-51bb-a173-0e6f524ac810,fc9fd369-07f7-471f-bf5d-8e4f9a2f2d71,native_text,score,source_provided,True,True,2.00,2.00,matched,benchmark/results/v2/t160-retest-20261003/quality/runs/t160-quality-20261002T182955Z-75789e35-01-IMP-TEXT-r1/result.json
t160-quality-20261002T182955Z-75789e35-01-IMP-TEXT-r1,IMP-TEXT,1,assisted_corrected,1194af49-5301-51bb-a173-0e6f524ac810,fc9fd369-07f7-471f-bf5d-8e4f9a2f2d71,native_text,scoring_rubric,known_missing,True,True,,,matched,benchmark/results/v2/t160-retest-20261003/quality/runs/t160-quality-20261002T182955Z-75789e35-01-IMP-TEXT-r1/result.json
t160-quality-20261002T182955Z-75789e35-01-IMP-TEXT-r1,IMP-TEXT,1,assisted_corrected,1194af49-5301-51bb-a173-0e6f524ac810,fc9fd369-07f7-471f-bf5d-8e4f9a2f2d71,native_text,knowledge_points,known_missing,True,True,[],[],matched,benchmark/results/v2/t160-retest-20261003/quality/runs/t160-quality-20261002T182955Z-75789e35-01-IMP-TEXT-r1/result.json
t160-quality-20261002T182955Z-75789e35-01-IMP-TEXT-r1,IMP-TEXT,1,assisted_corrected,1194af49-5301-51bb-a173-0e6f524ac810,fc9fd369-07f7-471f-bf5d-8e4f9a2f2d71,native_text,source_regions,unknown,False,,,,reference_unknown,benchmark/results/v2/t160-retest-20261003/quality/runs/t160-quality-20261002T182955Z-75789e35-01-IMP-TEXT-r1/result.json
t160-quality-20261002T182955Z-75789e35-01-IMP-TEXT-r1,IMP-TEXT,1,assisted_corrected,1194af49-5301-51bb-a173-0e6f524ac810,fc9fd369-07f7-471f-bf5d-8e4f9a2f2d71,native_text,assets,source_provided,True,True,[],[],matched,benchmark/results/v2/t160-retest-20261003/quality/runs/t160-quality-20261002T182955Z-75789e35-01-IMP-TEXT-r1/result.json
t160-quality-20261002T182955Z-75789e35-01-IMP-TEXT-r1,IMP-TEXT,1,assisted_corrected,8e0aecaf-072d-5ed7-9b43-5d33ad202cc1,d9f036d9-bdf2-4c11-b88a-d2d763302d44,native_text,question_number,source_provided,True,True,2,2,matched,benchmark/results/v2/t160-retest-20261003/quality/runs/t160-quality-20261002T182955Z-75789e35-01-IMP-TEXT-r1/result.json
t160-quality-20261002T182955Z-75789e35-01-IMP-TEXT-r1,IMP-TEXT,1,assisted_corrected,8e0aecaf-072d-5ed7-9b43-5d33ad202cc1,d9f036d9-bdf2-4c11-b88a-d2d763302d44,native_text,order_index,source_provided,True,True,2,2,matched,benchmark/results/v2/t160-retest-20261003/quality/runs/t160-quality-20261002T182955Z-75789e35-01-IMP-TEXT-r1/result.json
t160-quality-20261002T182955Z-75789e35-01-IMP-TEXT-r1,IMP-TEXT,1,assisted_corrected,8e0aecaf-072d-5ed7-9b43-5d33ad202cc1,d9f036d9-bdf2-4c11-b88a-d2d763302d44,native_text,source_page_numbers,source_provided,True,True,[1],[1],matched,benchmark/results/v2/t160-retest-20261003/quality/runs/t160-quality-20261002T182955Z-75789e35-01-IMP-TEXT-r1/result.json
t160-quality-20261002T182955Z-75789e35-01-IMP-TEXT-r1,IMP-TEXT,1,assisted_corrected,8e0aecaf-072d-5ed7-9b43-5d33ad202cc1,d9f036d9-bdf2-4c11-b88a-d2d763302d44,native_text,question_type,source_provided,True,True,TRUE_FALSE,TRUE_FALSE,matched,benchmark/results/v2/t160-retest-20261003/quality/runs/t160-quality-20261002T182955Z-75789e35-01-IMP-TEXT-r1/result.json
t160-quality-20261002T182955Z-75789e35-01-IMP-TEXT-r1,IMP-TEXT,1,assisted_corrected,8e0aecaf-072d-5ed7-9b43-5d33ad202cc1,d9f036d9-bdf2-4c11-b88a-d2d763302d44,native_text,content,source_provided,True,True,右图三角形面积为 24 cm²。,右图三角形面积为 24 cm²。,matched,benchmark/results/v2/t160-retest-20261003/quality/runs/t160-quality-20261002T182955Z-75789e35-01-IMP-TEXT-r1/result.json
t160-quality-20261002T182955Z-75789e35-01-IMP-TEXT-r1,IMP-TEXT,1,assisted_corrected,8e0aecaf-072d-5ed7-9b43-5d33ad202cc1,d9f036d9-bdf2-4c11-b88a-d2d763302d44,native_text,options,source_provided,True,True,"[""正确"", ""错误""]","[""正确"", ""错误""]",matched,benchmark/results/v2/t160-retest-20261003/quality/runs/t160-quality-20261002T182955Z-75789e35-01-IMP-TEXT-r1/result.json
t160-quality-20261002T182955Z-75789e35-01-IMP-TEXT-r1,IMP-TEXT,1,assisted_corrected,8e0aecaf-072d-5ed7-9b43-5d33ad202cc1,d9f036d9-bdf2-4c11-b88a-d2d763302d44,native_text,reference_answer,known_missing,True,True,,,matched,benchmark/results/v2/t160-retest-20261003/quality/runs/t160-quality-20261002T182955Z-75789e35-01-IMP-TEXT-r1/result.json
t160-quality-20261002T182955Z-75789e35-01-IMP-TEXT-r1,IMP-TEXT,1,assisted_corrected,8e0aecaf-072d-5ed7-9b43-5d33ad202cc1,d9f036d9-bdf2-4c11-b88a-d2d763302d44,native_text,analysis,known_missing,True,True,,,matched,benchmark/results/v2/t160-retest-20261003/quality/runs/t160-quality-20261002T182955Z-75789e35-01-IMP-TEXT-r1/result.json
t160-quality-20261002T182955Z-75789e35-01-IMP-TEXT-r1,IMP-TEXT,1,assisted_corrected,8e0aecaf-072d-5ed7-9b43-5d33ad202cc1,d9f036d9-bdf2-4c11-b88a-d2d763302d44,native_text,score,source_provided,True,True,2.00,2.00,matched,benchmark/results/v2/t160-retest-20261003/quality/runs/t160-quality-20261002T182955Z-75789e35-01-IMP-TEXT-r1/result.json
t160-quality-20261002T182955Z-75789e35-01-IMP-TEXT-r1,IMP-TEXT,1,assisted_corrected,8e0aecaf-072d-5ed7-9b43-5d33ad202cc1,d9f036d9-bdf2-4c11-b88a-d2d763302d44,native_text,scoring_rubric,known_missing,True,True,,,matched,benchmark/results/v2/t160-retest-20261003/quality/runs/t160-quality-20261002T182955Z-75789e35-01-IMP-TEXT-r1/result.json
t160-quality-20261002T182955Z-75789e35-01-IMP-TEXT-r1,IMP-TEXT,1,assisted_corrected,8e0aecaf-072d-5ed7-9b43-5d33ad202cc1,d9f036d9-bdf2-4c11-b88a-d2d763302d44,native_text,knowledge_points,known_missing,True,True,[],[],matched,benchmark/results/v2/t160-retest-20261003/quality/runs/t160-quality-20261002T182955Z-75789e35-01-IMP-TEXT-r1/result.json
t160-quality-20261002T182955Z-75789e35-01-IMP-TEXT-r1,IMP-TEXT,1,assisted_corrected,8e0aecaf-072d-5ed7-9b43-5d33ad202cc1,d9f036d9-bdf2-4c11-b88a-d2d763302d44,native_text,source_regions,unknown,False,,,,reference_unknown,benchmark/results/v2/t160-retest-20261003/quality/runs/t160-quality-20261002T182955Z-75789e35-01-IMP-TEXT-r1/result.json
t160-quality-20261002T182955Z-75789e35-01-IMP-TEXT-r1,IMP-TEXT,1,assisted_corrected,8e0aecaf-072d-5ed7-9b43-5d33ad202cc1,d9f036d9-bdf2-4c11-b88a-d2d763302d44,native_text,assets,source_provided,True,False,"[{""asset_type"": ""figure"", ""source_page_number"": 1, ""order_index"": 1}]",,matched,benchmark/results/v2/t160-retest-20261003/quality/runs/t160-quality-20261002T182955Z-75789e35-01-IMP-TEXT-r1/result.json
t160-quality-20261002T182955Z-75789e35-01-IMP-TEXT-r1,IMP-TEXT,1,assisted_corrected,fdef73bd-f984-58d1-8a53-3eea668a9f83,1805d1df-be1b-4d26-8646-d43da6399868,native_text,question_number,source_provided,True,True,3,3,matched,benchmark/results/v2/t160-retest-20261003/quality/runs/t160-quality-20261002T182955Z-75789e35-01-IMP-TEXT-r1/result.json
t160-quality-20261002T182955Z-75789e35-01-IMP-TEXT-r1,IMP-TEXT,1,assisted_corrected,fdef73bd-f984-58d1-8a53-3eea668a9f83,1805d1df-be1b-4d26-8646-d43da6399868,native_text,order_index,source_provided,True,True,3,3,matched,benchmark/results/v2/t160-retest-20261003/quality/runs/t160-quality-20261002T182955Z-75789e35-01-IMP-TEXT-r1/result.json
t160-quality-20261002T182955Z-75789e35-01-IMP-TEXT-r1,IMP-TEXT,1,assisted_corrected,fdef73bd-f984-58d1-8a53-3eea668a9f83,1805d1df-be1b-4d26-8646-d43da6399868,native_text,source_page_numbers,source_provided,True,True,[1],[1],matched,benchmark/results/v2/t160-retest-20261003/quality/runs/t160-quality-20261002T182955Z-75789e35-01-IMP-TEXT-r1/result.json
t160-quality-20261002T182955Z-75789e35-01-IMP-TEXT-r1,IMP-TEXT,1,assisted_corrected,fdef73bd-f984-58d1-8a53-3eea668a9f83,1805d1df-be1b-4d26-8646-d43da6399868,native_text,question_type,source_provided,True,True,SHORT_ANSWER,SHORT_ANSWER,matched,benchmark/results/v2/t160-retest-20261003/quality/runs/t160-quality-20261002T182955Z-75789e35-01-IMP-TEXT-r1/result.json
t160-quality-20261002T182955Z-75789e35-01-IMP-TEXT-r1,IMP-TEXT,1,assisted_corrected,fdef73bd-f984-58d1-8a53-3eea668a9f83,1805d1df-be1b-4d26-8646-d43da6399868,native_text,content,source_provided,True,True,根据下表写出 y 关于 x 的关系式。,根据下表写出 y 关于 x 的关系式。,matched,benchmark/results/v2/t160-retest-20261003/quality/runs/t160-quality-20261002T182955Z-75789e35-01-IMP-TEXT-r1/result.json
t160-quality-20261002T182955Z-75789e35-01-IMP-TEXT-r1,IMP-TEXT,1,assisted_corrected,fdef73bd-f984-58d1-8a53-3eea668a9f83,1805d1df-be1b-4d26-8646-d43da6399868,native_text,options,not_applicable,True,True,,,matched,benchmark/results/v2/t160-retest-20261003/quality/runs/t160-quality-20261002T182955Z-75789e35-01-IMP-TEXT-r1/result.json
t160-quality-20261002T182955Z-75789e35-01-IMP-TEXT-r1,IMP-TEXT,1,assisted_corrected,fdef73bd-f984-58d1-8a53-3eea668a9f83,1805d1df-be1b-4d26-8646-d43da6399868,native_text,reference_answer,known_missing,True,True,,,matched,benchmark/results/v2/t160-retest-20261003/quality/runs/t160-quality-20261002T182955Z-75789e35-01-IMP-TEXT-r1/result.json
t160-quality-20261002T182955Z-75789e35-01-IMP-TEXT-r1,IMP-TEXT,1,assisted_corrected,fdef73bd-f984-58d1-8a53-3eea668a9f83,1805d1df-be1b-4d26-8646-d43da6399868,native_text,analysis,known_missing,True,True,,,matched,benchmark/results/v2/t160-retest-20261003/quality/runs/t160-quality-20261002T182955Z-75789e35-01-IMP-TEXT-r1/result.json
t160-quality-20261002T182955Z-75789e35-01-IMP-TEXT-r1,IMP-TEXT,1,assisted_corrected,fdef73bd-f984-58d1-8a53-3eea668a9f83,1805d1df-be1b-4d26-8646-d43da6399868,native_text,score,source_provided,True,True,3.00,3.00,matched,benchmark/results/v2/t160-retest-20261003/quality/runs/t160-quality-20261002T182955Z-75789e35-01-IMP-TEXT-r1/result.json
t160-quality-20261002T182955Z-75789e35-01-IMP-TEXT-r1,IMP-TEXT,1,assisted_corrected,fdef73bd-f984-58d1-8a53-3eea668a9f83,1805d1df-be1b-4d26-8646-d43da6399868,native_text,scoring_rubric,source_provided,True,True,正确关系式 1.00；说明代入过程 2.00。,正确关系式 1.00；说明代入过程 2.00。,matched,benchmark/results/v2/t160-retest-20261003/quality/runs/t160-quality-20261002T182955Z-75789e35-01-IMP-TEXT-r1/result.json
t160-quality-20261002T182955Z-75789e35-01-IMP-TEXT-r1,IMP-TEXT,1,assisted_corrected,fdef73bd-f984-58d1-8a53-3eea668a9f83,1805d1df-be1b-4d26-8646-d43da6399868,native_text,knowledge_points,source_provided,True,True,"[""一次函数"", ""表达与计算""]","[""一次函数"", ""表达与计算""]",matched,benchmark/results/v2/t160-retest-20261003/quality/runs/t160-quality-20261002T182955Z-75789e35-01-IMP-TEXT-r1/result.json
t160-quality-20261002T182955Z-75789e35-01-IMP-TEXT-r1,IMP-TEXT,1,assisted_corrected,fdef73bd-f984-58d1-8a53-3eea668a9f83,1805d1df-be1b-4d26-8646-d43da6399868,native_text,source_regions,unknown,False,,,,reference_unknown,benchmark/results/v2/t160-retest-20261003/quality/runs/t160-quality-20261002T182955Z-75789e35-01-IMP-TEXT-r1/result.json
t160-quality-20261002T182955Z-75789e35-01-IMP-TEXT-r1,IMP-TEXT,1,assisted_corrected,fdef73bd-f984-58d1-8a53-3eea668a9f83,1805d1df-be1b-4d26-8646-d43da6399868,native_text,assets,source_provided,True,False,"[{""asset_type"": ""table"", ""source_page_number"": 1, ""order_index"": 1}]",,matched,benchmark/results/v2/t160-retest-20261003/quality/runs/t160-quality-20261002T182955Z-75789e35-01-IMP-TEXT-r1/result.json
t160-quality-20261002T182955Z-75789e35-02-IMP-TEXT-r2,IMP-TEXT,2,automatic,1194af49-5301-51bb-a173-0e6f524ac810,3a003999-86ea-4915-bd27-78af7ed2a284,native_text,question_number,source_provided,True,True,1,1,matched,benchmark/results/v2/t160-retest-20261003/quality/runs/t160-quality-20261002T182955Z-75789e35-02-IMP-TEXT-r2/result.json
t160-quality-20261002T182955Z-75789e35-02-IMP-TEXT-r2,IMP-TEXT,2,automatic,1194af49-5301-51bb-a173-0e6f524ac810,3a003999-86ea-4915-bd27-78af7ed2a284,native_text,order_index,source_provided,True,True,1,1,matched,benchmark/results/v2/t160-retest-20261003/quality/runs/t160-quality-20261002T182955Z-75789e35-02-IMP-TEXT-r2/result.json
t160-quality-20261002T182955Z-75789e35-02-IMP-TEXT-r2,IMP-TEXT,2,automatic,1194af49-5301-51bb-a173-0e6f524ac810,3a003999-86ea-4915-bd27-78af7ed2a284,native_text,source_page_numbers,source_provided,True,True,[1],[1],matched,benchmark/results/v2/t160-retest-20261003/quality/runs/t160-quality-20261002T182955Z-75789e35-02-IMP-TEXT-r2/result.json
t160-quality-20261002T182955Z-75789e35-02-IMP-TEXT-r2,IMP-TEXT,2,automatic,1194af49-5301-51bb-a173-0e6f524ac810,3a003999-86ea-4915-bd27-78af7ed2a284,native_text,question_type,source_provided,True,True,SINGLE_CHOICE,SINGLE_CHOICE,matched,benchmark/results/v2/t160-retest-20261003/quality/runs/t160-quality-20261002T182955Z-75789e35-02-IMP-TEXT-r2/result.json
t160-quality-20261002T182955Z-75789e35-02-IMP-TEXT-r2,IMP-TEXT,2,automatic,1194af49-5301-51bb-a173-0e6f524ac810,3a003999-86ea-4915-bd27-78af7ed2a284,native_text,content,source_provided,True,True,y = 2x + 1，x = 3 时 y 为多少？,y = 2x + 1，x = 3 时 y 为多少？,matched,benchmark/results/v2/t160-retest-20261003/quality/runs/t160-quality-20261002T182955Z-75789e35-02-IMP-TEXT-r2/result.json
t160-quality-20261002T182955Z-75789e35-02-IMP-TEXT-r2,IMP-TEXT,2,automatic,1194af49-5301-51bb-a173-0e6f524ac810,3a003999-86ea-4915-bd27-78af7ed2a284,native_text,options,source_provided,True,True,"{""C"": ""7"", ""A"": ""5"", ""B"": ""6"", ""D"": ""8""}","{""C"": ""7"", ""A"": ""5"", ""B"": ""6"", ""D"": ""8""}",matched,benchmark/results/v2/t160-retest-20261003/quality/runs/t160-quality-20261002T182955Z-75789e35-02-IMP-TEXT-r2/result.json
t160-quality-20261002T182955Z-75789e35-02-IMP-TEXT-r2,IMP-TEXT,2,automatic,1194af49-5301-51bb-a173-0e6f524ac810,3a003999-86ea-4915-bd27-78af7ed2a284,native_text,reference_answer,source_provided,True,True,C,C,matched,benchmark/results/v2/t160-retest-20261003/quality/runs/t160-quality-20261002T182955Z-75789e35-02-IMP-TEXT-r2/result.json
t160-quality-20261002T182955Z-75789e35-02-IMP-TEXT-r2,IMP-TEXT,2,automatic,1194af49-5301-51bb-a173-0e6f524ac810,3a003999-86ea-4915-bd27-78af7ed2a284,native_text,analysis,source_provided,True,True,2 × 3 + 1 = 7。,2 × 3 + 1 = 7。,matched,benchmark/results/v2/t160-retest-20261003/quality/runs/t160-quality-20261002T182955Z-75789e35-02-IMP-TEXT-r2/result.json
t160-quality-20261002T182955Z-75789e35-02-IMP-TEXT-r2,IMP-TEXT,2,automatic,1194af49-5301-51bb-a173-0e6f524ac810,3a003999-86ea-4915-bd27-78af7ed2a284,native_text,score,source_provided,True,True,2.00,2.00,matched,benchmark/results/v2/t160-retest-20261003/quality/runs/t160-quality-20261002T182955Z-75789e35-02-IMP-TEXT-r2/result.json
t160-quality-20261002T182955Z-75789e35-02-IMP-TEXT-r2,IMP-TEXT,2,automatic,1194af49-5301-51bb-a173-0e6f524ac810,3a003999-86ea-4915-bd27-78af7ed2a284,native_text,scoring_rubric,known_missing,True,True,,,matched,benchmark/results/v2/t160-retest-20261003/quality/runs/t160-quality-20261002T182955Z-75789e35-02-IMP-TEXT-r2/result.json
t160-quality-20261002T182955Z-75789e35-02-IMP-TEXT-r2,IMP-TEXT,2,automatic,1194af49-5301-51bb-a173-0e6f524ac810,3a003999-86ea-4915-bd27-78af7ed2a284,native_text,knowledge_points,known_missing,True,False,[],,matched,benchmark/results/v2/t160-retest-20261003/quality/runs/t160-quality-20261002T182955Z-75789e35-02-IMP-TEXT-r2/result.json
t160-quality-20261002T182955Z-75789e35-02-IMP-TEXT-r2,IMP-TEXT,2,automatic,1194af49-5301-51bb-a173-0e6f524ac810,3a003999-86ea-4915-bd27-78af7ed2a284,native_text,source_regions,unknown,False,,,,reference_unknown,benchmark/results/v2/t160-retest-20261003/quality/runs/t160-quality-20261002T182955Z-75789e35-02-IMP-TEXT-r2/result.json
t160-quality-20261002T182955Z-75789e35-02-IMP-TEXT-r2,IMP-TEXT,2,automatic,1194af49-5301-51bb-a173-0e6f524ac810,3a003999-86ea-4915-bd27-78af7ed2a284,native_text,assets,source_provided,True,False,[],,matched,benchmark/results/v2/t160-retest-20261003/quality/runs/t160-quality-20261002T182955Z-75789e35-02-IMP-TEXT-r2/result.json
t160-quality-20261002T182955Z-75789e35-02-IMP-TEXT-r2,IMP-TEXT,2,automatic,8e0aecaf-072d-5ed7-9b43-5d33ad202cc1,ba2580a8-43cb-49b1-ab7c-252db95e6f99,native_text,question_number,source_provided,True,True,2,2,matched,benchmark/results/v2/t160-retest-20261003/quality/runs/t160-quality-20261002T182955Z-75789e35-02-IMP-TEXT-r2/result.json
t160-quality-20261002T182955Z-75789e35-02-IMP-TEXT-r2,IMP-TEXT,2,automatic,8e0aecaf-072d-5ed7-9b43-5d33ad202cc1,ba2580a8-43cb-49b1-ab7c-252db95e6f99,native_text,order_index,source_provided,True,True,2,2,matched,benchmark/results/v2/t160-retest-20261003/quality/runs/t160-quality-20261002T182955Z-75789e35-02-IMP-TEXT-r2/result.json
t160-quality-20261002T182955Z-75789e35-02-IMP-TEXT-r2,IMP-TEXT,2,automatic,8e0aecaf-072d-5ed7-9b43-5d33ad202cc1,ba2580a8-43cb-49b1-ab7c-252db95e6f99,native_text,source_page_numbers,source_provided,True,True,[1],[1],matched,benchmark/results/v2/t160-retest-20261003/quality/runs/t160-quality-20261002T182955Z-75789e35-02-IMP-TEXT-r2/result.json
t160-quality-20261002T182955Z-75789e35-02-IMP-TEXT-r2,IMP-TEXT,2,automatic,8e0aecaf-072d-5ed7-9b43-5d33ad202cc1,ba2580a8-43cb-49b1-ab7c-252db95e6f99,native_text,question_type,source_provided,True,True,TRUE_FALSE,TRUE_FALSE,matched,benchmark/results/v2/t160-retest-20261003/quality/runs/t160-quality-20261002T182955Z-75789e35-02-IMP-TEXT-r2/result.json
t160-quality-20261002T182955Z-75789e35-02-IMP-TEXT-r2,IMP-TEXT,2,automatic,8e0aecaf-072d-5ed7-9b43-5d33ad202cc1,ba2580a8-43cb-49b1-ab7c-252db95e6f99,native_text,content,source_provided,True,True,右图三角形面积为 24 cm²。,右图三角形面积为 24 cm²。,matched,benchmark/results/v2/t160-retest-20261003/quality/runs/t160-quality-20261002T182955Z-75789e35-02-IMP-TEXT-r2/result.json
t160-quality-20261002T182955Z-75789e35-02-IMP-TEXT-r2,IMP-TEXT,2,automatic,8e0aecaf-072d-5ed7-9b43-5d33ad202cc1,ba2580a8-43cb-49b1-ab7c-252db95e6f99,native_text,options,source_provided,True,True,"[""正确"", ""错误""]","[""正确"", ""错误""]",matched,benchmark/results/v2/t160-retest-20261003/quality/runs/t160-quality-20261002T182955Z-75789e35-02-IMP-TEXT-r2/result.json
t160-quality-20261002T182955Z-75789e35-02-IMP-TEXT-r2,IMP-TEXT,2,automatic,8e0aecaf-072d-5ed7-9b43-5d33ad202cc1,ba2580a8-43cb-49b1-ab7c-252db95e6f99,native_text,reference_answer,known_missing,True,True,,,matched,benchmark/results/v2/t160-retest-20261003/quality/runs/t160-quality-20261002T182955Z-75789e35-02-IMP-TEXT-r2/result.json
t160-quality-20261002T182955Z-75789e35-02-IMP-TEXT-r2,IMP-TEXT,2,automatic,8e0aecaf-072d-5ed7-9b43-5d33ad202cc1,ba2580a8-43cb-49b1-ab7c-252db95e6f99,native_text,analysis,known_missing,True,True,,,matched,benchmark/results/v2/t160-retest-20261003/quality/runs/t160-quality-20261002T182955Z-75789e35-02-IMP-TEXT-r2/result.json
t160-quality-20261002T182955Z-75789e35-02-IMP-TEXT-r2,IMP-TEXT,2,automatic,8e0aecaf-072d-5ed7-9b43-5d33ad202cc1,ba2580a8-43cb-49b1-ab7c-252db95e6f99,native_text,score,source_provided,True,True,2.00,2.00,matched,benchmark/results/v2/t160-retest-20261003/quality/runs/t160-quality-20261002T182955Z-75789e35-02-IMP-TEXT-r2/result.json
t160-quality-20261002T182955Z-75789e35-02-IMP-TEXT-r2,IMP-TEXT,2,automatic,8e0aecaf-072d-5ed7-9b43-5d33ad202cc1,ba2580a8-43cb-49b1-ab7c-252db95e6f99,native_text,scoring_rubric,known_missing,True,True,,,matched,benchmark/results/v2/t160-retest-20261003/quality/runs/t160-quality-20261002T182955Z-75789e35-02-IMP-TEXT-r2/result.json
t160-quality-20261002T182955Z-75789e35-02-IMP-TEXT-r2,IMP-TEXT,2,automatic,8e0aecaf-072d-5ed7-9b43-5d33ad202cc1,ba2580a8-43cb-49b1-ab7c-252db95e6f99,native_text,knowledge_points,known_missing,True,False,[],,matched,benchmark/results/v2/t160-retest-20261003/quality/runs/t160-quality-20261002T182955Z-75789e35-02-IMP-TEXT-r2/result.json
t160-quality-20261002T182955Z-75789e35-02-IMP-TEXT-r2,IMP-TEXT,2,automatic,8e0aecaf-072d-5ed7-9b43-5d33ad202cc1,ba2580a8-43cb-49b1-ab7c-252db95e6f99,native_text,source_regions,unknown,False,,,,reference_unknown,benchmark/results/v2/t160-retest-20261003/quality/runs/t160-quality-20261002T182955Z-75789e35-02-IMP-TEXT-r2/result.json
t160-quality-20261002T182955Z-75789e35-02-IMP-TEXT-r2,IMP-TEXT,2,automatic,8e0aecaf-072d-5ed7-9b43-5d33ad202cc1,ba2580a8-43cb-49b1-ab7c-252db95e6f99,native_text,assets,source_provided,True,False,"[{""asset_type"": ""figure"", ""source_page_number"": 1, ""order_index"": 1}]",,matched,benchmark/results/v2/t160-retest-20261003/quality/runs/t160-quality-20261002T182955Z-75789e35-02-IMP-TEXT-r2/result.json
t160-quality-20261002T182955Z-75789e35-02-IMP-TEXT-r2,IMP-TEXT,2,automatic,fdef73bd-f984-58d1-8a53-3eea668a9f83,b8d2528a-81ef-4dfc-8f4c-25a93531cdaf,native_text,question_number,source_provided,True,True,3,3,matched,benchmark/results/v2/t160-retest-20261003/quality/runs/t160-quality-20261002T182955Z-75789e35-02-IMP-TEXT-r2/result.json
t160-quality-20261002T182955Z-75789e35-02-IMP-TEXT-r2,IMP-TEXT,2,automatic,fdef73bd-f984-58d1-8a53-3eea668a9f83,b8d2528a-81ef-4dfc-8f4c-25a93531cdaf,native_text,order_index,source_provided,True,True,3,3,matched,benchmark/results/v2/t160-retest-20261003/quality/runs/t160-quality-20261002T182955Z-75789e35-02-IMP-TEXT-r2/result.json
t160-quality-20261002T182955Z-75789e35-02-IMP-TEXT-r2,IMP-TEXT,2,automatic,fdef73bd-f984-58d1-8a53-3eea668a9f83,b8d2528a-81ef-4dfc-8f4c-25a93531cdaf,native_text,source_page_numbers,source_provided,True,True,[1],[1],matched,benchmark/results/v2/t160-retest-20261003/quality/runs/t160-quality-20261002T182955Z-75789e35-02-IMP-TEXT-r2/result.json
t160-quality-20261002T182955Z-75789e35-02-IMP-TEXT-r2,IMP-TEXT,2,automatic,fdef73bd-f984-58d1-8a53-3eea668a9f83,b8d2528a-81ef-4dfc-8f4c-25a93531cdaf,native_text,question_type,source_provided,True,True,SHORT_ANSWER,SHORT_ANSWER,matched,benchmark/results/v2/t160-retest-20261003/quality/runs/t160-quality-20261002T182955Z-75789e35-02-IMP-TEXT-r2/result.json
t160-quality-20261002T182955Z-75789e35-02-IMP-TEXT-r2,IMP-TEXT,2,automatic,fdef73bd-f984-58d1-8a53-3eea668a9f83,b8d2528a-81ef-4dfc-8f4c-25a93531cdaf,native_text,content,source_provided,True,True,根据下表写出 y 关于 x 的关系式。,根据下表写出 y 关于 x 的关系式。,matched,benchmark/results/v2/t160-retest-20261003/quality/runs/t160-quality-20261002T182955Z-75789e35-02-IMP-TEXT-r2/result.json
t160-quality-20261002T182955Z-75789e35-02-IMP-TEXT-r2,IMP-TEXT,2,automatic,fdef73bd-f984-58d1-8a53-3eea668a9f83,b8d2528a-81ef-4dfc-8f4c-25a93531cdaf,native_text,options,not_applicable,True,True,,,matched,benchmark/results/v2/t160-retest-20261003/quality/runs/t160-quality-20261002T182955Z-75789e35-02-IMP-TEXT-r2/result.json
t160-quality-20261002T182955Z-75789e35-02-IMP-TEXT-r2,IMP-TEXT,2,automatic,fdef73bd-f984-58d1-8a53-3eea668a9f83,b8d2528a-81ef-4dfc-8f4c-25a93531cdaf,native_text,reference_answer,known_missing,True,True,,,matched,benchmark/results/v2/t160-retest-20261003/quality/runs/t160-quality-20261002T182955Z-75789e35-02-IMP-TEXT-r2/result.json
t160-quality-20261002T182955Z-75789e35-02-IMP-TEXT-r2,IMP-TEXT,2,automatic,fdef73bd-f984-58d1-8a53-3eea668a9f83,b8d2528a-81ef-4dfc-8f4c-25a93531cdaf,native_text,analysis,known_missing,True,True,,,matched,benchmark/results/v2/t160-retest-20261003/quality/runs/t160-quality-20261002T182955Z-75789e35-02-IMP-TEXT-r2/result.json
t160-quality-20261002T182955Z-75789e35-02-IMP-TEXT-r2,IMP-TEXT,2,automatic,fdef73bd-f984-58d1-8a53-3eea668a9f83,b8d2528a-81ef-4dfc-8f4c-25a93531cdaf,native_text,score,source_provided,True,True,3.00,3.00,matched,benchmark/results/v2/t160-retest-20261003/quality/runs/t160-quality-20261002T182955Z-75789e35-02-IMP-TEXT-r2/result.json
t160-quality-20261002T182955Z-75789e35-02-IMP-TEXT-r2,IMP-TEXT,2,automatic,fdef73bd-f984-58d1-8a53-3eea668a9f83,b8d2528a-81ef-4dfc-8f4c-25a93531cdaf,native_text,scoring_rubric,source_provided,True,True,正确关系式 1.00；说明代入过程 2.00。,正确关系式 1.00；说明代入过程 2.00。,matched,benchmark/results/v2/t160-retest-20261003/quality/runs/t160-quality-20261002T182955Z-75789e35-02-IMP-TEXT-r2/result.json
t160-quality-20261002T182955Z-75789e35-02-IMP-TEXT-r2,IMP-TEXT,2,automatic,fdef73bd-f984-58d1-8a53-3eea668a9f83,b8d2528a-81ef-4dfc-8f4c-25a93531cdaf,native_text,knowledge_points,source_provided,True,True,"[""一次函数"", ""表达与计算""]","[""一次函数"", ""表达与计算""]",matched,benchmark/results/v2/t160-retest-20261003/quality/runs/t160-quality-20261002T182955Z-75789e35-02-IMP-TEXT-r2/result.json
t160-quality-20261002T182955Z-75789e35-02-IMP-TEXT-r2,IMP-TEXT,2,automatic,fdef73bd-f984-58d1-8a53-3eea668a9f83,b8d2528a-81ef-4dfc-8f4c-25a93531cdaf,native_text,source_regions,unknown,False,,,,reference_unknown,benchmark/results/v2/t160-retest-20261003/quality/runs/t160-quality-20261002T182955Z-75789e35-02-IMP-TEXT-r2/result.json
t160-quality-20261002T182955Z-75789e35-02-IMP-TEXT-r2,IMP-TEXT,2,automatic,fdef73bd-f984-58d1-8a53-3eea668a9f83,b8d2528a-81ef-4dfc-8f4c-25a93531cdaf,native_text,assets,source_provided,True,False,"[{""asset_type"": ""table"", ""source_page_number"": 1, ""order_index"": 1}]",,matched,benchmark/results/v2/t160-retest-20261003/quality/runs/t160-quality-20261002T182955Z-75789e35-02-IMP-TEXT-r2/result.json
t160-quality-20261002T182955Z-75789e35-02-IMP-TEXT-r2,IMP-TEXT,2,assisted_corrected,1194af49-5301-51bb-a173-0e6f524ac810,3a003999-86ea-4915-bd27-78af7ed2a284,native_text,question_number,source_provided,True,True,1,1,matched,benchmark/results/v2/t160-retest-20261003/quality/runs/t160-quality-20261002T182955Z-75789e35-02-IMP-TEXT-r2/result.json
t160-quality-20261002T182955Z-75789e35-02-IMP-TEXT-r2,IMP-TEXT,2,assisted_corrected,1194af49-5301-51bb-a173-0e6f524ac810,3a003999-86ea-4915-bd27-78af7ed2a284,native_text,order_index,source_provided,True,True,1,1,matched,benchmark/results/v2/t160-retest-20261003/quality/runs/t160-quality-20261002T182955Z-75789e35-02-IMP-TEXT-r2/result.json
t160-quality-20261002T182955Z-75789e35-02-IMP-TEXT-r2,IMP-TEXT,2,assisted_corrected,1194af49-5301-51bb-a173-0e6f524ac810,3a003999-86ea-4915-bd27-78af7ed2a284,native_text,source_page_numbers,source_provided,True,True,[1],[1],matched,benchmark/results/v2/t160-retest-20261003/quality/runs/t160-quality-20261002T182955Z-75789e35-02-IMP-TEXT-r2/result.json
t160-quality-20261002T182955Z-75789e35-02-IMP-TEXT-r2,IMP-TEXT,2,assisted_corrected,1194af49-5301-51bb-a173-0e6f524ac810,3a003999-86ea-4915-bd27-78af7ed2a284,native_text,question_type,source_provided,True,True,SINGLE_CHOICE,SINGLE_CHOICE,matched,benchmark/results/v2/t160-retest-20261003/quality/runs/t160-quality-20261002T182955Z-75789e35-02-IMP-TEXT-r2/result.json
t160-quality-20261002T182955Z-75789e35-02-IMP-TEXT-r2,IMP-TEXT,2,assisted_corrected,1194af49-5301-51bb-a173-0e6f524ac810,3a003999-86ea-4915-bd27-78af7ed2a284,native_text,content,source_provided,True,True,y = 2x + 1，x = 3 时 y 为多少？,y = 2x + 1，x = 3 时 y 为多少？,matched,benchmark/results/v2/t160-retest-20261003/quality/runs/t160-quality-20261002T182955Z-75789e35-02-IMP-TEXT-r2/result.json
t160-quality-20261002T182955Z-75789e35-02-IMP-TEXT-r2,IMP-TEXT,2,assisted_corrected,1194af49-5301-51bb-a173-0e6f524ac810,3a003999-86ea-4915-bd27-78af7ed2a284,native_text,options,source_provided,True,True,"{""C"": ""7"", ""A"": ""5"", ""B"": ""6"", ""D"": ""8""}","{""C"": ""7"", ""A"": ""5"", ""B"": ""6"", ""D"": ""8""}",matched,benchmark/results/v2/t160-retest-20261003/quality/runs/t160-quality-20261002T182955Z-75789e35-02-IMP-TEXT-r2/result.json
t160-quality-20261002T182955Z-75789e35-02-IMP-TEXT-r2,IMP-TEXT,2,assisted_corrected,1194af49-5301-51bb-a173-0e6f524ac810,3a003999-86ea-4915-bd27-78af7ed2a284,native_text,reference_answer,source_provided,True,True,C,C,matched,benchmark/results/v2/t160-retest-20261003/quality/runs/t160-quality-20261002T182955Z-75789e35-02-IMP-TEXT-r2/result.json
t160-quality-20261002T182955Z-75789e35-02-IMP-TEXT-r2,IMP-TEXT,2,assisted_corrected,1194af49-5301-51bb-a173-0e6f524ac810,3a003999-86ea-4915-bd27-78af7ed2a284,native_text,analysis,source_provided,True,True,2 × 3 + 1 = 7。,2 × 3 + 1 = 7。,matched,benchmark/results/v2/t160-retest-20261003/quality/runs/t160-quality-20261002T182955Z-75789e35-02-IMP-TEXT-r2/result.json
t160-quality-20261002T182955Z-75789e35-02-IMP-TEXT-r2,IMP-TEXT,2,assisted_corrected,1194af49-5301-51bb-a173-0e6f524ac810,3a003999-86ea-4915-bd27-78af7ed2a284,native_text,score,source_provided,True,True,2.00,2.00,matched,benchmark/results/v2/t160-retest-20261003/quality/runs/t160-quality-20261002T182955Z-75789e35-02-IMP-TEXT-r2/result.json
t160-quality-20261002T182955Z-75789e35-02-IMP-TEXT-r2,IMP-TEXT,2,assisted_corrected,1194af49-5301-51bb-a173-0e6f524ac810,3a003999-86ea-4915-bd27-78af7ed2a284,native_text,scoring_rubric,known_missing,True,True,,,matched,benchmark/results/v2/t160-retest-20261003/quality/runs/t160-quality-20261002T182955Z-75789e35-02-IMP-TEXT-r2/result.json
t160-quality-20261002T182955Z-75789e35-02-IMP-TEXT-r2,IMP-TEXT,2,assisted_corrected,1194af49-5301-51bb-a173-0e6f524ac810,3a003999-86ea-4915-bd27-78af7ed2a284,native_text,knowledge_points,known_missing,True,True,[],[],matched,benchmark/results/v2/t160-retest-20261003/quality/runs/t160-quality-20261002T182955Z-75789e35-02-IMP-TEXT-r2/result.json
t160-quality-20261002T182955Z-75789e35-02-IMP-TEXT-r2,IMP-TEXT,2,assisted_corrected,1194af49-5301-51bb-a173-0e6f524ac810,3a003999-86ea-4915-bd27-78af7ed2a284,native_text,source_regions,unknown,False,,,,reference_unknown,benchmark/results/v2/t160-retest-20261003/quality/runs/t160-quality-20261002T182955Z-75789e35-02-IMP-TEXT-r2/result.json
t160-quality-20261002T182955Z-75789e35-02-IMP-TEXT-r2,IMP-TEXT,2,assisted_corrected,1194af49-5301-51bb-a173-0e6f524ac810,3a003999-86ea-4915-bd27-78af7ed2a284,native_text,assets,source_provided,True,True,[],[],matched,benchmark/results/v2/t160-retest-20261003/quality/runs/t160-quality-20261002T182955Z-75789e35-02-IMP-TEXT-r2/result.json
t160-quality-20261002T182955Z-75789e35-02-IMP-TEXT-r2,IMP-TEXT,2,assisted_corrected,8e0aecaf-072d-5ed7-9b43-5d33ad202cc1,ba2580a8-43cb-49b1-ab7c-252db95e6f99,native_text,question_number,source_provided,True,True,2,2,matched,benchmark/results/v2/t160-retest-20261003/quality/runs/t160-quality-20261002T182955Z-75789e35-02-IMP-TEXT-r2/result.json
t160-quality-20261002T182955Z-75789e35-02-IMP-TEXT-r2,IMP-TEXT,2,assisted_corrected,8e0aecaf-072d-5ed7-9b43-5d33ad202cc1,ba2580a8-43cb-49b1-ab7c-252db95e6f99,native_text,order_index,source_provided,True,True,2,2,matched,benchmark/results/v2/t160-retest-20261003/quality/runs/t160-quality-20261002T182955Z-75789e35-02-IMP-TEXT-r2/result.json
t160-quality-20261002T182955Z-75789e35-02-IMP-TEXT-r2,IMP-TEXT,2,assisted_corrected,8e0aecaf-072d-5ed7-9b43-5d33ad202cc1,ba2580a8-43cb-49b1-ab7c-252db95e6f99,native_text,source_page_numbers,source_provided,True,True,[1],[1],matched,benchmark/results/v2/t160-retest-20261003/quality/runs/t160-quality-20261002T182955Z-75789e35-02-IMP-TEXT-r2/result.json
t160-quality-20261002T182955Z-75789e35-02-IMP-TEXT-r2,IMP-TEXT,2,assisted_corrected,8e0aecaf-072d-5ed7-9b43-5d33ad202cc1,ba2580a8-43cb-49b1-ab7c-252db95e6f99,native_text,question_type,source_provided,True,True,TRUE_FALSE,TRUE_FALSE,matched,benchmark/results/v2/t160-retest-20261003/quality/runs/t160-quality-20261002T182955Z-75789e35-02-IMP-TEXT-r2/result.json
t160-quality-20261002T182955Z-75789e35-02-IMP-TEXT-r2,IMP-TEXT,2,assisted_corrected,8e0aecaf-072d-5ed7-9b43-5d33ad202cc1,ba2580a8-43cb-49b1-ab7c-252db95e6f99,native_text,content,source_provided,True,True,右图三角形面积为 24 cm²。,右图三角形面积为 24 cm²。,matched,benchmark/results/v2/t160-retest-20261003/quality/runs/t160-quality-20261002T182955Z-75789e35-02-IMP-TEXT-r2/result.json
t160-quality-20261002T182955Z-75789e35-02-IMP-TEXT-r2,IMP-TEXT,2,assisted_corrected,8e0aecaf-072d-5ed7-9b43-5d33ad202cc1,ba2580a8-43cb-49b1-ab7c-252db95e6f99,native_text,options,source_provided,True,True,"[""正确"", ""错误""]","[""正确"", ""错误""]",matched,benchmark/results/v2/t160-retest-20261003/quality/runs/t160-quality-20261002T182955Z-75789e35-02-IMP-TEXT-r2/result.json
t160-quality-20261002T182955Z-75789e35-02-IMP-TEXT-r2,IMP-TEXT,2,assisted_corrected,8e0aecaf-072d-5ed7-9b43-5d33ad202cc1,ba2580a8-43cb-49b1-ab7c-252db95e6f99,native_text,reference_answer,known_missing,True,True,,,matched,benchmark/results/v2/t160-retest-20261003/quality/runs/t160-quality-20261002T182955Z-75789e35-02-IMP-TEXT-r2/result.json
t160-quality-20261002T182955Z-75789e35-02-IMP-TEXT-r2,IMP-TEXT,2,assisted_corrected,8e0aecaf-072d-5ed7-9b43-5d33ad202cc1,ba2580a8-43cb-49b1-ab7c-252db95e6f99,native_text,analysis,known_missing,True,True,,,matched,benchmark/results/v2/t160-retest-20261003/quality/runs/t160-quality-20261002T182955Z-75789e35-02-IMP-TEXT-r2/result.json
t160-quality-20261002T182955Z-75789e35-02-IMP-TEXT-r2,IMP-TEXT,2,assisted_corrected,8e0aecaf-072d-5ed7-9b43-5d33ad202cc1,ba2580a8-43cb-49b1-ab7c-252db95e6f99,native_text,score,source_provided,True,True,2.00,2.00,matched,benchmark/results/v2/t160-retest-20261003/quality/runs/t160-quality-20261002T182955Z-75789e35-02-IMP-TEXT-r2/result.json
t160-quality-20261002T182955Z-75789e35-02-IMP-TEXT-r2,IMP-TEXT,2,assisted_corrected,8e0aecaf-072d-5ed7-9b43-5d33ad202cc1,ba2580a8-43cb-49b1-ab7c-252db95e6f99,native_text,scoring_rubric,known_missing,True,True,,,matched,benchmark/results/v2/t160-retest-20261003/quality/runs/t160-quality-20261002T182955Z-75789e35-02-IMP-TEXT-r2/result.json
t160-quality-20261002T182955Z-75789e35-02-IMP-TEXT-r2,IMP-TEXT,2,assisted_corrected,8e0aecaf-072d-5ed7-9b43-5d33ad202cc1,ba2580a8-43cb-49b1-ab7c-252db95e6f99,native_text,knowledge_points,known_missing,True,True,[],[],matched,benchmark/results/v2/t160-retest-20261003/quality/runs/t160-quality-20261002T182955Z-75789e35-02-IMP-TEXT-r2/result.json
t160-quality-20261002T182955Z-75789e35-02-IMP-TEXT-r2,IMP-TEXT,2,assisted_corrected,8e0aecaf-072d-5ed7-9b43-5d33ad202cc1,ba2580a8-43cb-49b1-ab7c-252db95e6f99,native_text,source_regions,unknown,False,,,,reference_unknown,benchmark/results/v2/t160-retest-20261003/quality/runs/t160-quality-20261002T182955Z-75789e35-02-IMP-TEXT-r2/result.json
t160-quality-20261002T182955Z-75789e35-02-IMP-TEXT-r2,IMP-TEXT,2,assisted_corrected,8e0aecaf-072d-5ed7-9b43-5d33ad202cc1,ba2580a8-43cb-49b1-ab7c-252db95e6f99,native_text,assets,source_provided,True,False,"[{""asset_type"": ""figure"", ""source_page_number"": 1, ""order_index"": 1}]",,matched,benchmark/results/v2/t160-retest-20261003/quality/runs/t160-quality-20261002T182955Z-75789e35-02-IMP-TEXT-r2/result.json
t160-quality-20261002T182955Z-75789e35-02-IMP-TEXT-r2,IMP-TEXT,2,assisted_corrected,fdef73bd-f984-58d1-8a53-3eea668a9f83,b8d2528a-81ef-4dfc-8f4c-25a93531cdaf,native_text,question_number,source_provided,True,True,3,3,matched,benchmark/results/v2/t160-retest-20261003/quality/runs/t160-quality-20261002T182955Z-75789e35-02-IMP-TEXT-r2/result.json
t160-quality-20261002T182955Z-75789e35-02-IMP-TEXT-r2,IMP-TEXT,2,assisted_corrected,fdef73bd-f984-58d1-8a53-3eea668a9f83,b8d2528a-81ef-4dfc-8f4c-25a93531cdaf,native_text,order_index,source_provided,True,True,3,3,matched,benchmark/results/v2/t160-retest-20261003/quality/runs/t160-quality-20261002T182955Z-75789e35-02-IMP-TEXT-r2/result.json
t160-quality-20261002T182955Z-75789e35-02-IMP-TEXT-r2,IMP-TEXT,2,assisted_corrected,fdef73bd-f984-58d1-8a53-3eea668a9f83,b8d2528a-81ef-4dfc-8f4c-25a93531cdaf,native_text,source_page_numbers,source_provided,True,True,[1],[1],matched,benchmark/results/v2/t160-retest-20261003/quality/runs/t160-quality-20261002T182955Z-75789e35-02-IMP-TEXT-r2/result.json
t160-quality-20261002T182955Z-75789e35-02-IMP-TEXT-r2,IMP-TEXT,2,assisted_corrected,fdef73bd-f984-58d1-8a53-3eea668a9f83,b8d2528a-81ef-4dfc-8f4c-25a93531cdaf,native_text,question_type,source_provided,True,True,SHORT_ANSWER,SHORT_ANSWER,matched,benchmark/results/v2/t160-retest-20261003/quality/runs/t160-quality-20261002T182955Z-75789e35-02-IMP-TEXT-r2/result.json
t160-quality-20261002T182955Z-75789e35-02-IMP-TEXT-r2,IMP-TEXT,2,assisted_corrected,fdef73bd-f984-58d1-8a53-3eea668a9f83,b8d2528a-81ef-4dfc-8f4c-25a93531cdaf,native_text,content,source_provided,True,True,根据下表写出 y 关于 x 的关系式。,根据下表写出 y 关于 x 的关系式。,matched,benchmark/results/v2/t160-retest-20261003/quality/runs/t160-quality-20261002T182955Z-75789e35-02-IMP-TEXT-r2/result.json
t160-quality-20261002T182955Z-75789e35-02-IMP-TEXT-r2,IMP-TEXT,2,assisted_corrected,fdef73bd-f984-58d1-8a53-3eea668a9f83,b8d2528a-81ef-4dfc-8f4c-25a93531cdaf,native_text,options,not_applicable,True,True,,,matched,benchmark/results/v2/t160-retest-20261003/quality/runs/t160-quality-20261002T182955Z-75789e35-02-IMP-TEXT-r2/result.json
t160-quality-20261002T182955Z-75789e35-02-IMP-TEXT-r2,IMP-TEXT,2,assisted_corrected,fdef73bd-f984-58d1-8a53-3eea668a9f83,b8d2528a-81ef-4dfc-8f4c-25a93531cdaf,native_text,reference_answer,known_missing,True,True,,,matched,benchmark/results/v2/t160-retest-20261003/quality/runs/t160-quality-20261002T182955Z-75789e35-02-IMP-TEXT-r2/result.json
t160-quality-20261002T182955Z-75789e35-02-IMP-TEXT-r2,IMP-TEXT,2,assisted_corrected,fdef73bd-f984-58d1-8a53-3eea668a9f83,b8d2528a-81ef-4dfc-8f4c-25a93531cdaf,native_text,analysis,known_missing,True,True,,,matched,benchmark/results/v2/t160-retest-20261003/quality/runs/t160-quality-20261002T182955Z-75789e35-02-IMP-TEXT-r2/result.json
t160-quality-20261002T182955Z-75789e35-02-IMP-TEXT-r2,IMP-TEXT,2,assisted_corrected,fdef73bd-f984-58d1-8a53-3eea668a9f83,b8d2528a-81ef-4dfc-8f4c-25a93531cdaf,native_text,score,source_provided,True,True,3.00,3.00,matched,benchmark/results/v2/t160-retest-20261003/quality/runs/t160-quality-20261002T182955Z-75789e35-02-IMP-TEXT-r2/result.json
t160-quality-20261002T182955Z-75789e35-02-IMP-TEXT-r2,IMP-TEXT,2,assisted_corrected,fdef73bd-f984-58d1-8a53-3eea668a9f83,b8d2528a-81ef-4dfc-8f4c-25a93531cdaf,native_text,scoring_rubric,source_provided,True,True,正确关系式 1.00；说明代入过程 2.00。,正确关系式 1.00；说明代入过程 2.00。,matched,benchmark/results/v2/t160-retest-20261003/quality/runs/t160-quality-20261002T182955Z-75789e35-02-IMP-TEXT-r2/result.json
t160-quality-20261002T182955Z-75789e35-02-IMP-TEXT-r2,IMP-TEXT,2,assisted_corrected,fdef73bd-f984-58d1-8a53-3eea668a9f83,b8d2528a-81ef-4dfc-8f4c-25a93531cdaf,native_text,knowledge_points,source_provided,True,True,"[""一次函数"", ""表达与计算""]","[""一次函数"", ""表达与计算""]",matched,benchmark/results/v2/t160-retest-20261003/quality/runs/t160-quality-20261002T182955Z-75789e35-02-IMP-TEXT-r2/result.json
t160-quality-20261002T182955Z-75789e35-02-IMP-TEXT-r2,IMP-TEXT,2,assisted_corrected,fdef73bd-f984-58d1-8a53-3eea668a9f83,b8d2528a-81ef-4dfc-8f4c-25a93531cdaf,native_text,source_regions,unknown,False,,,,reference_unknown,benchmark/results/v2/t160-retest-20261003/quality/runs/t160-quality-20261002T182955Z-75789e35-02-IMP-TEXT-r2/result.json
t160-quality-20261002T182955Z-75789e35-02-IMP-TEXT-r2,IMP-TEXT,2,assisted_corrected,fdef73bd-f984-58d1-8a53-3eea668a9f83,b8d2528a-81ef-4dfc-8f4c-25a93531cdaf,native_text,assets,source_provided,True,False,"[{""asset_type"": ""table"", ""source_page_number"": 1, ""order_index"": 1}]",,matched,benchmark/results/v2/t160-retest-20261003/quality/runs/t160-quality-20261002T182955Z-75789e35-02-IMP-TEXT-r2/result.json
t160-quality-20261002T182955Z-75789e35-03-IMP-TEXT-r3,IMP-TEXT,3,automatic,1194af49-5301-51bb-a173-0e6f524ac810,927f130d-d396-485d-811a-65d48ae8669e,native_text,question_number,source_provided,True,True,1,1,matched,benchmark/results/v2/t160-retest-20261003/quality/runs/t160-quality-20261002T182955Z-75789e35-03-IMP-TEXT-r3/result.json
t160-quality-20261002T182955Z-75789e35-03-IMP-TEXT-r3,IMP-TEXT,3,automatic,1194af49-5301-51bb-a173-0e6f524ac810,927f130d-d396-485d-811a-65d48ae8669e,native_text,order_index,source_provided,True,True,1,1,matched,benchmark/results/v2/t160-retest-20261003/quality/runs/t160-quality-20261002T182955Z-75789e35-03-IMP-TEXT-r3/result.json
t160-quality-20261002T182955Z-75789e35-03-IMP-TEXT-r3,IMP-TEXT,3,automatic,1194af49-5301-51bb-a173-0e6f524ac810,927f130d-d396-485d-811a-65d48ae8669e,native_text,source_page_numbers,source_provided,True,True,[1],[1],matched,benchmark/results/v2/t160-retest-20261003/quality/runs/t160-quality-20261002T182955Z-75789e35-03-IMP-TEXT-r3/result.json
t160-quality-20261002T182955Z-75789e35-03-IMP-TEXT-r3,IMP-TEXT,3,automatic,1194af49-5301-51bb-a173-0e6f524ac810,927f130d-d396-485d-811a-65d48ae8669e,native_text,question_type,source_provided,True,True,SINGLE_CHOICE,SINGLE_CHOICE,matched,benchmark/results/v2/t160-retest-20261003/quality/runs/t160-quality-20261002T182955Z-75789e35-03-IMP-TEXT-r3/result.json
t160-quality-20261002T182955Z-75789e35-03-IMP-TEXT-r3,IMP-TEXT,3,automatic,1194af49-5301-51bb-a173-0e6f524ac810,927f130d-d396-485d-811a-65d48ae8669e,native_text,content,source_provided,True,False,y = 2x + 1，x = 3 时 y 为多少？,单选：y = 2x + 1，x = 3 时 y 为多少？,matched,benchmark/results/v2/t160-retest-20261003/quality/runs/t160-quality-20261002T182955Z-75789e35-03-IMP-TEXT-r3/result.json
t160-quality-20261002T182955Z-75789e35-03-IMP-TEXT-r3,IMP-TEXT,3,automatic,1194af49-5301-51bb-a173-0e6f524ac810,927f130d-d396-485d-811a-65d48ae8669e,native_text,options,source_provided,True,True,"{""C"": ""7"", ""A"": ""5"", ""B"": ""6"", ""D"": ""8""}","{""C"": ""7"", ""A"": ""5"", ""B"": ""6"", ""D"": ""8""}",matched,benchmark/results/v2/t160-retest-20261003/quality/runs/t160-quality-20261002T182955Z-75789e35-03-IMP-TEXT-r3/result.json
t160-quality-20261002T182955Z-75789e35-03-IMP-TEXT-r3,IMP-TEXT,3,automatic,1194af49-5301-51bb-a173-0e6f524ac810,927f130d-d396-485d-811a-65d48ae8669e,native_text,reference_answer,source_provided,True,True,C,C,matched,benchmark/results/v2/t160-retest-20261003/quality/runs/t160-quality-20261002T182955Z-75789e35-03-IMP-TEXT-r3/result.json
t160-quality-20261002T182955Z-75789e35-03-IMP-TEXT-r3,IMP-TEXT,3,automatic,1194af49-5301-51bb-a173-0e6f524ac810,927f130d-d396-485d-811a-65d48ae8669e,native_text,analysis,source_provided,True,True,2 × 3 + 1 = 7。,2 × 3 + 1 = 7。,matched,benchmark/results/v2/t160-retest-20261003/quality/runs/t160-quality-20261002T182955Z-75789e35-03-IMP-TEXT-r3/result.json
t160-quality-20261002T182955Z-75789e35-03-IMP-TEXT-r3,IMP-TEXT,3,automatic,1194af49-5301-51bb-a173-0e6f524ac810,927f130d-d396-485d-811a-65d48ae8669e,native_text,score,source_provided,True,True,2.00,2.00,matched,benchmark/results/v2/t160-retest-20261003/quality/runs/t160-quality-20261002T182955Z-75789e35-03-IMP-TEXT-r3/result.json
t160-quality-20261002T182955Z-75789e35-03-IMP-TEXT-r3,IMP-TEXT,3,automatic,1194af49-5301-51bb-a173-0e6f524ac810,927f130d-d396-485d-811a-65d48ae8669e,native_text,scoring_rubric,known_missing,True,True,,,matched,benchmark/results/v2/t160-retest-20261003/quality/runs/t160-quality-20261002T182955Z-75789e35-03-IMP-TEXT-r3/result.json
t160-quality-20261002T182955Z-75789e35-03-IMP-TEXT-r3,IMP-TEXT,3,automatic,1194af49-5301-51bb-a173-0e6f524ac810,927f130d-d396-485d-811a-65d48ae8669e,native_text,knowledge_points,known_missing,True,False,[],,matched,benchmark/results/v2/t160-retest-20261003/quality/runs/t160-quality-20261002T182955Z-75789e35-03-IMP-TEXT-r3/result.json
t160-quality-20261002T182955Z-75789e35-03-IMP-TEXT-r3,IMP-TEXT,3,automatic,1194af49-5301-51bb-a173-0e6f524ac810,927f130d-d396-485d-811a-65d48ae8669e,native_text,source_regions,unknown,False,,,,reference_unknown,benchmark/results/v2/t160-retest-20261003/quality/runs/t160-quality-20261002T182955Z-75789e35-03-IMP-TEXT-r3/result.json
t160-quality-20261002T182955Z-75789e35-03-IMP-TEXT-r3,IMP-TEXT,3,automatic,1194af49-5301-51bb-a173-0e6f524ac810,927f130d-d396-485d-811a-65d48ae8669e,native_text,assets,source_provided,True,False,[],,matched,benchmark/results/v2/t160-retest-20261003/quality/runs/t160-quality-20261002T182955Z-75789e35-03-IMP-TEXT-r3/result.json
t160-quality-20261002T182955Z-75789e35-03-IMP-TEXT-r3,IMP-TEXT,3,automatic,8e0aecaf-072d-5ed7-9b43-5d33ad202cc1,85ba8271-8610-400d-9a4f-9bd14f9aa836,native_text,question_number,source_provided,True,True,2,2,matched,benchmark/results/v2/t160-retest-20261003/quality/runs/t160-quality-20261002T182955Z-75789e35-03-IMP-TEXT-r3/result.json
t160-quality-20261002T182955Z-75789e35-03-IMP-TEXT-r3,IMP-TEXT,3,automatic,8e0aecaf-072d-5ed7-9b43-5d33ad202cc1,85ba8271-8610-400d-9a4f-9bd14f9aa836,native_text,order_index,source_provided,True,True,2,2,matched,benchmark/results/v2/t160-retest-20261003/quality/runs/t160-quality-20261002T182955Z-75789e35-03-IMP-TEXT-r3/result.json
t160-quality-20261002T182955Z-75789e35-03-IMP-TEXT-r3,IMP-TEXT,3,automatic,8e0aecaf-072d-5ed7-9b43-5d33ad202cc1,85ba8271-8610-400d-9a4f-9bd14f9aa836,native_text,source_page_numbers,source_provided,True,True,[1],[1],matched,benchmark/results/v2/t160-retest-20261003/quality/runs/t160-quality-20261002T182955Z-75789e35-03-IMP-TEXT-r3/result.json
t160-quality-20261002T182955Z-75789e35-03-IMP-TEXT-r3,IMP-TEXT,3,automatic,8e0aecaf-072d-5ed7-9b43-5d33ad202cc1,85ba8271-8610-400d-9a4f-9bd14f9aa836,native_text,question_type,source_provided,True,True,TRUE_FALSE,TRUE_FALSE,matched,benchmark/results/v2/t160-retest-20261003/quality/runs/t160-quality-20261002T182955Z-75789e35-03-IMP-TEXT-r3/result.json
t160-quality-20261002T182955Z-75789e35-03-IMP-TEXT-r3,IMP-TEXT,3,automatic,8e0aecaf-072d-5ed7-9b43-5d33ad202cc1,85ba8271-8610-400d-9a4f-9bd14f9aa836,native_text,content,source_provided,True,False,右图三角形面积为 24 cm²。,判断：右图三角形面积为 24 cm²。,matched,benchmark/results/v2/t160-retest-20261003/quality/runs/t160-quality-20261002T182955Z-75789e35-03-IMP-TEXT-r3/result.json
t160-quality-20261002T182955Z-75789e35-03-IMP-TEXT-r3,IMP-TEXT,3,automatic,8e0aecaf-072d-5ed7-9b43-5d33ad202cc1,85ba8271-8610-400d-9a4f-9bd14f9aa836,native_text,options,source_provided,True,True,"[""正确"", ""错误""]","[""正确"", ""错误""]",matched,benchmark/results/v2/t160-retest-20261003/quality/runs/t160-quality-20261002T182955Z-75789e35-03-IMP-TEXT-r3/result.json
t160-quality-20261002T182955Z-75789e35-03-IMP-TEXT-r3,IMP-TEXT,3,automatic,8e0aecaf-072d-5ed7-9b43-5d33ad202cc1,85ba8271-8610-400d-9a4f-9bd14f9aa836,native_text,reference_answer,known_missing,True,True,,,matched,benchmark/results/v2/t160-retest-20261003/quality/runs/t160-quality-20261002T182955Z-75789e35-03-IMP-TEXT-r3/result.json
t160-quality-20261002T182955Z-75789e35-03-IMP-TEXT-r3,IMP-TEXT,3,automatic,8e0aecaf-072d-5ed7-9b43-5d33ad202cc1,85ba8271-8610-400d-9a4f-9bd14f9aa836,native_text,analysis,known_missing,True,True,,,matched,benchmark/results/v2/t160-retest-20261003/quality/runs/t160-quality-20261002T182955Z-75789e35-03-IMP-TEXT-r3/result.json
t160-quality-20261002T182955Z-75789e35-03-IMP-TEXT-r3,IMP-TEXT,3,automatic,8e0aecaf-072d-5ed7-9b43-5d33ad202cc1,85ba8271-8610-400d-9a4f-9bd14f9aa836,native_text,score,source_provided,True,True,2.00,2.00,matched,benchmark/results/v2/t160-retest-20261003/quality/runs/t160-quality-20261002T182955Z-75789e35-03-IMP-TEXT-r3/result.json
t160-quality-20261002T182955Z-75789e35-03-IMP-TEXT-r3,IMP-TEXT,3,automatic,8e0aecaf-072d-5ed7-9b43-5d33ad202cc1,85ba8271-8610-400d-9a4f-9bd14f9aa836,native_text,scoring_rubric,known_missing,True,True,,,matched,benchmark/results/v2/t160-retest-20261003/quality/runs/t160-quality-20261002T182955Z-75789e35-03-IMP-TEXT-r3/result.json
t160-quality-20261002T182955Z-75789e35-03-IMP-TEXT-r3,IMP-TEXT,3,automatic,8e0aecaf-072d-5ed7-9b43-5d33ad202cc1,85ba8271-8610-400d-9a4f-9bd14f9aa836,native_text,knowledge_points,known_missing,True,False,[],,matched,benchmark/results/v2/t160-retest-20261003/quality/runs/t160-quality-20261002T182955Z-75789e35-03-IMP-TEXT-r3/result.json
t160-quality-20261002T182955Z-75789e35-03-IMP-TEXT-r3,IMP-TEXT,3,automatic,8e0aecaf-072d-5ed7-9b43-5d33ad202cc1,85ba8271-8610-400d-9a4f-9bd14f9aa836,native_text,source_regions,unknown,False,,,,reference_unknown,benchmark/results/v2/t160-retest-20261003/quality/runs/t160-quality-20261002T182955Z-75789e35-03-IMP-TEXT-r3/result.json
t160-quality-20261002T182955Z-75789e35-03-IMP-TEXT-r3,IMP-TEXT,3,automatic,8e0aecaf-072d-5ed7-9b43-5d33ad202cc1,85ba8271-8610-400d-9a4f-9bd14f9aa836,native_text,assets,source_provided,True,False,"[{""asset_type"": ""figure"", ""source_page_number"": 1, ""order_index"": 1}]",,matched,benchmark/results/v2/t160-retest-20261003/quality/runs/t160-quality-20261002T182955Z-75789e35-03-IMP-TEXT-r3/result.json
t160-quality-20261002T182955Z-75789e35-03-IMP-TEXT-r3,IMP-TEXT,3,automatic,fdef73bd-f984-58d1-8a53-3eea668a9f83,c1a927e5-05d9-42ce-ba69-9e4be446ef00,native_text,question_number,source_provided,True,True,3,3,matched,benchmark/results/v2/t160-retest-20261003/quality/runs/t160-quality-20261002T182955Z-75789e35-03-IMP-TEXT-r3/result.json
t160-quality-20261002T182955Z-75789e35-03-IMP-TEXT-r3,IMP-TEXT,3,automatic,fdef73bd-f984-58d1-8a53-3eea668a9f83,c1a927e5-05d9-42ce-ba69-9e4be446ef00,native_text,order_index,source_provided,True,True,3,3,matched,benchmark/results/v2/t160-retest-20261003/quality/runs/t160-quality-20261002T182955Z-75789e35-03-IMP-TEXT-r3/result.json
t160-quality-20261002T182955Z-75789e35-03-IMP-TEXT-r3,IMP-TEXT,3,automatic,fdef73bd-f984-58d1-8a53-3eea668a9f83,c1a927e5-05d9-42ce-ba69-9e4be446ef00,native_text,source_page_numbers,source_provided,True,True,[1],[1],matched,benchmark/results/v2/t160-retest-20261003/quality/runs/t160-quality-20261002T182955Z-75789e35-03-IMP-TEXT-r3/result.json
t160-quality-20261002T182955Z-75789e35-03-IMP-TEXT-r3,IMP-TEXT,3,automatic,fdef73bd-f984-58d1-8a53-3eea668a9f83,c1a927e5-05d9-42ce-ba69-9e4be446ef00,native_text,question_type,source_provided,True,True,SHORT_ANSWER,SHORT_ANSWER,matched,benchmark/results/v2/t160-retest-20261003/quality/runs/t160-quality-20261002T182955Z-75789e35-03-IMP-TEXT-r3/result.json
t160-quality-20261002T182955Z-75789e35-03-IMP-TEXT-r3,IMP-TEXT,3,automatic,fdef73bd-f984-58d1-8a53-3eea668a9f83,c1a927e5-05d9-42ce-ba69-9e4be446ef00,native_text,content,source_provided,True,False,根据下表写出 y 关于 x 的关系式。,简答：根据下表写出 y 关于 x 的关系式。,matched,benchmark/results/v2/t160-retest-20261003/quality/runs/t160-quality-20261002T182955Z-75789e35-03-IMP-TEXT-r3/result.json
t160-quality-20261002T182955Z-75789e35-03-IMP-TEXT-r3,IMP-TEXT,3,automatic,fdef73bd-f984-58d1-8a53-3eea668a9f83,c1a927e5-05d9-42ce-ba69-9e4be446ef00,native_text,options,not_applicable,True,True,,,matched,benchmark/results/v2/t160-retest-20261003/quality/runs/t160-quality-20261002T182955Z-75789e35-03-IMP-TEXT-r3/result.json
t160-quality-20261002T182955Z-75789e35-03-IMP-TEXT-r3,IMP-TEXT,3,automatic,fdef73bd-f984-58d1-8a53-3eea668a9f83,c1a927e5-05d9-42ce-ba69-9e4be446ef00,native_text,reference_answer,known_missing,True,True,,,matched,benchmark/results/v2/t160-retest-20261003/quality/runs/t160-quality-20261002T182955Z-75789e35-03-IMP-TEXT-r3/result.json
t160-quality-20261002T182955Z-75789e35-03-IMP-TEXT-r3,IMP-TEXT,3,automatic,fdef73bd-f984-58d1-8a53-3eea668a9f83,c1a927e5-05d9-42ce-ba69-9e4be446ef00,native_text,analysis,known_missing,True,True,,,matched,benchmark/results/v2/t160-retest-20261003/quality/runs/t160-quality-20261002T182955Z-75789e35-03-IMP-TEXT-r3/result.json
t160-quality-20261002T182955Z-75789e35-03-IMP-TEXT-r3,IMP-TEXT,3,automatic,fdef73bd-f984-58d1-8a53-3eea668a9f83,c1a927e5-05d9-42ce-ba69-9e4be446ef00,native_text,score,source_provided,True,True,3.00,3.00,matched,benchmark/results/v2/t160-retest-20261003/quality/runs/t160-quality-20261002T182955Z-75789e35-03-IMP-TEXT-r3/result.json
t160-quality-20261002T182955Z-75789e35-03-IMP-TEXT-r3,IMP-TEXT,3,automatic,fdef73bd-f984-58d1-8a53-3eea668a9f83,c1a927e5-05d9-42ce-ba69-9e4be446ef00,native_text,scoring_rubric,source_provided,True,True,正确关系式 1.00；说明代入过程 2.00。,正确关系式 1.00；说明代入过程 2.00。,matched,benchmark/results/v2/t160-retest-20261003/quality/runs/t160-quality-20261002T182955Z-75789e35-03-IMP-TEXT-r3/result.json
t160-quality-20261002T182955Z-75789e35-03-IMP-TEXT-r3,IMP-TEXT,3,automatic,fdef73bd-f984-58d1-8a53-3eea668a9f83,c1a927e5-05d9-42ce-ba69-9e4be446ef00,native_text,knowledge_points,source_provided,True,True,"[""一次函数"", ""表达与计算""]","[""一次函数"", ""表达与计算""]",matched,benchmark/results/v2/t160-retest-20261003/quality/runs/t160-quality-20261002T182955Z-75789e35-03-IMP-TEXT-r3/result.json
t160-quality-20261002T182955Z-75789e35-03-IMP-TEXT-r3,IMP-TEXT,3,automatic,fdef73bd-f984-58d1-8a53-3eea668a9f83,c1a927e5-05d9-42ce-ba69-9e4be446ef00,native_text,source_regions,unknown,False,,,,reference_unknown,benchmark/results/v2/t160-retest-20261003/quality/runs/t160-quality-20261002T182955Z-75789e35-03-IMP-TEXT-r3/result.json
t160-quality-20261002T182955Z-75789e35-03-IMP-TEXT-r3,IMP-TEXT,3,automatic,fdef73bd-f984-58d1-8a53-3eea668a9f83,c1a927e5-05d9-42ce-ba69-9e4be446ef00,native_text,assets,source_provided,True,False,"[{""asset_type"": ""table"", ""source_page_number"": 1, ""order_index"": 1}]",,matched,benchmark/results/v2/t160-retest-20261003/quality/runs/t160-quality-20261002T182955Z-75789e35-03-IMP-TEXT-r3/result.json
t160-quality-20261002T182955Z-75789e35-03-IMP-TEXT-r3,IMP-TEXT,3,assisted_corrected,1194af49-5301-51bb-a173-0e6f524ac810,927f130d-d396-485d-811a-65d48ae8669e,native_text,question_number,source_provided,True,True,1,1,matched,benchmark/results/v2/t160-retest-20261003/quality/runs/t160-quality-20261002T182955Z-75789e35-03-IMP-TEXT-r3/result.json
t160-quality-20261002T182955Z-75789e35-03-IMP-TEXT-r3,IMP-TEXT,3,assisted_corrected,1194af49-5301-51bb-a173-0e6f524ac810,927f130d-d396-485d-811a-65d48ae8669e,native_text,order_index,source_provided,True,True,1,1,matched,benchmark/results/v2/t160-retest-20261003/quality/runs/t160-quality-20261002T182955Z-75789e35-03-IMP-TEXT-r3/result.json
t160-quality-20261002T182955Z-75789e35-03-IMP-TEXT-r3,IMP-TEXT,3,assisted_corrected,1194af49-5301-51bb-a173-0e6f524ac810,927f130d-d396-485d-811a-65d48ae8669e,native_text,source_page_numbers,source_provided,True,True,[1],[1],matched,benchmark/results/v2/t160-retest-20261003/quality/runs/t160-quality-20261002T182955Z-75789e35-03-IMP-TEXT-r3/result.json
t160-quality-20261002T182955Z-75789e35-03-IMP-TEXT-r3,IMP-TEXT,3,assisted_corrected,1194af49-5301-51bb-a173-0e6f524ac810,927f130d-d396-485d-811a-65d48ae8669e,native_text,question_type,source_provided,True,True,SINGLE_CHOICE,SINGLE_CHOICE,matched,benchmark/results/v2/t160-retest-20261003/quality/runs/t160-quality-20261002T182955Z-75789e35-03-IMP-TEXT-r3/result.json
t160-quality-20261002T182955Z-75789e35-03-IMP-TEXT-r3,IMP-TEXT,3,assisted_corrected,1194af49-5301-51bb-a173-0e6f524ac810,927f130d-d396-485d-811a-65d48ae8669e,native_text,content,source_provided,True,True,y = 2x + 1，x = 3 时 y 为多少？,y = 2x + 1，x = 3 时 y 为多少？,matched,benchmark/results/v2/t160-retest-20261003/quality/runs/t160-quality-20261002T182955Z-75789e35-03-IMP-TEXT-r3/result.json
t160-quality-20261002T182955Z-75789e35-03-IMP-TEXT-r3,IMP-TEXT,3,assisted_corrected,1194af49-5301-51bb-a173-0e6f524ac810,927f130d-d396-485d-811a-65d48ae8669e,native_text,options,source_provided,True,True,"{""C"": ""7"", ""A"": ""5"", ""B"": ""6"", ""D"": ""8""}","{""C"": ""7"", ""A"": ""5"", ""B"": ""6"", ""D"": ""8""}",matched,benchmark/results/v2/t160-retest-20261003/quality/runs/t160-quality-20261002T182955Z-75789e35-03-IMP-TEXT-r3/result.json
t160-quality-20261002T182955Z-75789e35-03-IMP-TEXT-r3,IMP-TEXT,3,assisted_corrected,1194af49-5301-51bb-a173-0e6f524ac810,927f130d-d396-485d-811a-65d48ae8669e,native_text,reference_answer,source_provided,True,True,C,C,matched,benchmark/results/v2/t160-retest-20261003/quality/runs/t160-quality-20261002T182955Z-75789e35-03-IMP-TEXT-r3/result.json
t160-quality-20261002T182955Z-75789e35-03-IMP-TEXT-r3,IMP-TEXT,3,assisted_corrected,1194af49-5301-51bb-a173-0e6f524ac810,927f130d-d396-485d-811a-65d48ae8669e,native_text,analysis,source_provided,True,True,2 × 3 + 1 = 7。,2 × 3 + 1 = 7。,matched,benchmark/results/v2/t160-retest-20261003/quality/runs/t160-quality-20261002T182955Z-75789e35-03-IMP-TEXT-r3/result.json
t160-quality-20261002T182955Z-75789e35-03-IMP-TEXT-r3,IMP-TEXT,3,assisted_corrected,1194af49-5301-51bb-a173-0e6f524ac810,927f130d-d396-485d-811a-65d48ae8669e,native_text,score,source_provided,True,True,2.00,2.00,matched,benchmark/results/v2/t160-retest-20261003/quality/runs/t160-quality-20261002T182955Z-75789e35-03-IMP-TEXT-r3/result.json
t160-quality-20261002T182955Z-75789e35-03-IMP-TEXT-r3,IMP-TEXT,3,assisted_corrected,1194af49-5301-51bb-a173-0e6f524ac810,927f130d-d396-485d-811a-65d48ae8669e,native_text,scoring_rubric,known_missing,True,True,,,matched,benchmark/results/v2/t160-retest-20261003/quality/runs/t160-quality-20261002T182955Z-75789e35-03-IMP-TEXT-r3/result.json
t160-quality-20261002T182955Z-75789e35-03-IMP-TEXT-r3,IMP-TEXT,3,assisted_corrected,1194af49-5301-51bb-a173-0e6f524ac810,927f130d-d396-485d-811a-65d48ae8669e,native_text,knowledge_points,known_missing,True,True,[],[],matched,benchmark/results/v2/t160-retest-20261003/quality/runs/t160-quality-20261002T182955Z-75789e35-03-IMP-TEXT-r3/result.json
t160-quality-20261002T182955Z-75789e35-03-IMP-TEXT-r3,IMP-TEXT,3,assisted_corrected,1194af49-5301-51bb-a173-0e6f524ac810,927f130d-d396-485d-811a-65d48ae8669e,native_text,source_regions,unknown,False,,,,reference_unknown,benchmark/results/v2/t160-retest-20261003/quality/runs/t160-quality-20261002T182955Z-75789e35-03-IMP-TEXT-r3/result.json
t160-quality-20261002T182955Z-75789e35-03-IMP-TEXT-r3,IMP-TEXT,3,assisted_corrected,1194af49-5301-51bb-a173-0e6f524ac810,927f130d-d396-485d-811a-65d48ae8669e,native_text,assets,source_provided,True,True,[],[],matched,benchmark/results/v2/t160-retest-20261003/quality/runs/t160-quality-20261002T182955Z-75789e35-03-IMP-TEXT-r3/result.json
t160-quality-20261002T182955Z-75789e35-03-IMP-TEXT-r3,IMP-TEXT,3,assisted_corrected,8e0aecaf-072d-5ed7-9b43-5d33ad202cc1,85ba8271-8610-400d-9a4f-9bd14f9aa836,native_text,question_number,source_provided,True,True,2,2,matched,benchmark/results/v2/t160-retest-20261003/quality/runs/t160-quality-20261002T182955Z-75789e35-03-IMP-TEXT-r3/result.json
t160-quality-20261002T182955Z-75789e35-03-IMP-TEXT-r3,IMP-TEXT,3,assisted_corrected,8e0aecaf-072d-5ed7-9b43-5d33ad202cc1,85ba8271-8610-400d-9a4f-9bd14f9aa836,native_text,order_index,source_provided,True,True,2,2,matched,benchmark/results/v2/t160-retest-20261003/quality/runs/t160-quality-20261002T182955Z-75789e35-03-IMP-TEXT-r3/result.json
t160-quality-20261002T182955Z-75789e35-03-IMP-TEXT-r3,IMP-TEXT,3,assisted_corrected,8e0aecaf-072d-5ed7-9b43-5d33ad202cc1,85ba8271-8610-400d-9a4f-9bd14f9aa836,native_text,source_page_numbers,source_provided,True,True,[1],[1],matched,benchmark/results/v2/t160-retest-20261003/quality/runs/t160-quality-20261002T182955Z-75789e35-03-IMP-TEXT-r3/result.json
t160-quality-20261002T182955Z-75789e35-03-IMP-TEXT-r3,IMP-TEXT,3,assisted_corrected,8e0aecaf-072d-5ed7-9b43-5d33ad202cc1,85ba8271-8610-400d-9a4f-9bd14f9aa836,native_text,question_type,source_provided,True,True,TRUE_FALSE,TRUE_FALSE,matched,benchmark/results/v2/t160-retest-20261003/quality/runs/t160-quality-20261002T182955Z-75789e35-03-IMP-TEXT-r3/result.json
t160-quality-20261002T182955Z-75789e35-03-IMP-TEXT-r3,IMP-TEXT,3,assisted_corrected,8e0aecaf-072d-5ed7-9b43-5d33ad202cc1,85ba8271-8610-400d-9a4f-9bd14f9aa836,native_text,content,source_provided,True,True,右图三角形面积为 24 cm²。,右图三角形面积为 24 cm²。,matched,benchmark/results/v2/t160-retest-20261003/quality/runs/t160-quality-20261002T182955Z-75789e35-03-IMP-TEXT-r3/result.json
t160-quality-20261002T182955Z-75789e35-03-IMP-TEXT-r3,IMP-TEXT,3,assisted_corrected,8e0aecaf-072d-5ed7-9b43-5d33ad202cc1,85ba8271-8610-400d-9a4f-9bd14f9aa836,native_text,options,source_provided,True,True,"[""正确"", ""错误""]","[""正确"", ""错误""]",matched,benchmark/results/v2/t160-retest-20261003/quality/runs/t160-quality-20261002T182955Z-75789e35-03-IMP-TEXT-r3/result.json
t160-quality-20261002T182955Z-75789e35-03-IMP-TEXT-r3,IMP-TEXT,3,assisted_corrected,8e0aecaf-072d-5ed7-9b43-5d33ad202cc1,85ba8271-8610-400d-9a4f-9bd14f9aa836,native_text,reference_answer,known_missing,True,True,,,matched,benchmark/results/v2/t160-retest-20261003/quality/runs/t160-quality-20261002T182955Z-75789e35-03-IMP-TEXT-r3/result.json
t160-quality-20261002T182955Z-75789e35-03-IMP-TEXT-r3,IMP-TEXT,3,assisted_corrected,8e0aecaf-072d-5ed7-9b43-5d33ad202cc1,85ba8271-8610-400d-9a4f-9bd14f9aa836,native_text,analysis,known_missing,True,True,,,matched,benchmark/results/v2/t160-retest-20261003/quality/runs/t160-quality-20261002T182955Z-75789e35-03-IMP-TEXT-r3/result.json
t160-quality-20261002T182955Z-75789e35-03-IMP-TEXT-r3,IMP-TEXT,3,assisted_corrected,8e0aecaf-072d-5ed7-9b43-5d33ad202cc1,85ba8271-8610-400d-9a4f-9bd14f9aa836,native_text,score,source_provided,True,True,2.00,2.00,matched,benchmark/results/v2/t160-retest-20261003/quality/runs/t160-quality-20261002T182955Z-75789e35-03-IMP-TEXT-r3/result.json
t160-quality-20261002T182955Z-75789e35-03-IMP-TEXT-r3,IMP-TEXT,3,assisted_corrected,8e0aecaf-072d-5ed7-9b43-5d33ad202cc1,85ba8271-8610-400d-9a4f-9bd14f9aa836,native_text,scoring_rubric,known_missing,True,True,,,matched,benchmark/results/v2/t160-retest-20261003/quality/runs/t160-quality-20261002T182955Z-75789e35-03-IMP-TEXT-r3/result.json
t160-quality-20261002T182955Z-75789e35-03-IMP-TEXT-r3,IMP-TEXT,3,assisted_corrected,8e0aecaf-072d-5ed7-9b43-5d33ad202cc1,85ba8271-8610-400d-9a4f-9bd14f9aa836,native_text,knowledge_points,known_missing,True,True,[],[],matched,benchmark/results/v2/t160-retest-20261003/quality/runs/t160-quality-20261002T182955Z-75789e35-03-IMP-TEXT-r3/result.json
t160-quality-20261002T182955Z-75789e35-03-IMP-TEXT-r3,IMP-TEXT,3,assisted_corrected,8e0aecaf-072d-5ed7-9b43-5d33ad202cc1,85ba8271-8610-400d-9a4f-9bd14f9aa836,native_text,source_regions,unknown,False,,,,reference_unknown,benchmark/results/v2/t160-retest-20261003/quality/runs/t160-quality-20261002T182955Z-75789e35-03-IMP-TEXT-r3/result.json
t160-quality-20261002T182955Z-75789e35-03-IMP-TEXT-r3,IMP-TEXT,3,assisted_corrected,8e0aecaf-072d-5ed7-9b43-5d33ad202cc1,85ba8271-8610-400d-9a4f-9bd14f9aa836,native_text,assets,source_provided,True,False,"[{""asset_type"": ""figure"", ""source_page_number"": 1, ""order_index"": 1}]",,matched,benchmark/results/v2/t160-retest-20261003/quality/runs/t160-quality-20261002T182955Z-75789e35-03-IMP-TEXT-r3/result.json
t160-quality-20261002T182955Z-75789e35-03-IMP-TEXT-r3,IMP-TEXT,3,assisted_corrected,fdef73bd-f984-58d1-8a53-3eea668a9f83,c1a927e5-05d9-42ce-ba69-9e4be446ef00,native_text,question_number,source_provided,True,True,3,3,matched,benchmark/results/v2/t160-retest-20261003/quality/runs/t160-quality-20261002T182955Z-75789e35-03-IMP-TEXT-r3/result.json
t160-quality-20261002T182955Z-75789e35-03-IMP-TEXT-r3,IMP-TEXT,3,assisted_corrected,fdef73bd-f984-58d1-8a53-3eea668a9f83,c1a927e5-05d9-42ce-ba69-9e4be446ef00,native_text,order_index,source_provided,True,True,3,3,matched,benchmark/results/v2/t160-retest-20261003/quality/runs/t160-quality-20261002T182955Z-75789e35-03-IMP-TEXT-r3/result.json
t160-quality-20261002T182955Z-75789e35-03-IMP-TEXT-r3,IMP-TEXT,3,assisted_corrected,fdef73bd-f984-58d1-8a53-3eea668a9f83,c1a927e5-05d9-42ce-ba69-9e4be446ef00,native_text,source_page_numbers,source_provided,True,True,[1],[1],matched,benchmark/results/v2/t160-retest-20261003/quality/runs/t160-quality-20261002T182955Z-75789e35-03-IMP-TEXT-r3/result.json
t160-quality-20261002T182955Z-75789e35-03-IMP-TEXT-r3,IMP-TEXT,3,assisted_corrected,fdef73bd-f984-58d1-8a53-3eea668a9f83,c1a927e5-05d9-42ce-ba69-9e4be446ef00,native_text,question_type,source_provided,True,True,SHORT_ANSWER,SHORT_ANSWER,matched,benchmark/results/v2/t160-retest-20261003/quality/runs/t160-quality-20261002T182955Z-75789e35-03-IMP-TEXT-r3/result.json
t160-quality-20261002T182955Z-75789e35-03-IMP-TEXT-r3,IMP-TEXT,3,assisted_corrected,fdef73bd-f984-58d1-8a53-3eea668a9f83,c1a927e5-05d9-42ce-ba69-9e4be446ef00,native_text,content,source_provided,True,True,根据下表写出 y 关于 x 的关系式。,根据下表写出 y 关于 x 的关系式。,matched,benchmark/results/v2/t160-retest-20261003/quality/runs/t160-quality-20261002T182955Z-75789e35-03-IMP-TEXT-r3/result.json
t160-quality-20261002T182955Z-75789e35-03-IMP-TEXT-r3,IMP-TEXT,3,assisted_corrected,fdef73bd-f984-58d1-8a53-3eea668a9f83,c1a927e5-05d9-42ce-ba69-9e4be446ef00,native_text,options,not_applicable,True,True,,,matched,benchmark/results/v2/t160-retest-20261003/quality/runs/t160-quality-20261002T182955Z-75789e35-03-IMP-TEXT-r3/result.json
t160-quality-20261002T182955Z-75789e35-03-IMP-TEXT-r3,IMP-TEXT,3,assisted_corrected,fdef73bd-f984-58d1-8a53-3eea668a9f83,c1a927e5-05d9-42ce-ba69-9e4be446ef00,native_text,reference_answer,known_missing,True,True,,,matched,benchmark/results/v2/t160-retest-20261003/quality/runs/t160-quality-20261002T182955Z-75789e35-03-IMP-TEXT-r3/result.json
t160-quality-20261002T182955Z-75789e35-03-IMP-TEXT-r3,IMP-TEXT,3,assisted_corrected,fdef73bd-f984-58d1-8a53-3eea668a9f83,c1a927e5-05d9-42ce-ba69-9e4be446ef00,native_text,analysis,known_missing,True,True,,,matched,benchmark/results/v2/t160-retest-20261003/quality/runs/t160-quality-20261002T182955Z-75789e35-03-IMP-TEXT-r3/result.json
t160-quality-20261002T182955Z-75789e35-03-IMP-TEXT-r3,IMP-TEXT,3,assisted_corrected,fdef73bd-f984-58d1-8a53-3eea668a9f83,c1a927e5-05d9-42ce-ba69-9e4be446ef00,native_text,score,source_provided,True,True,3.00,3.00,matched,benchmark/results/v2/t160-retest-20261003/quality/runs/t160-quality-20261002T182955Z-75789e35-03-IMP-TEXT-r3/result.json
t160-quality-20261002T182955Z-75789e35-03-IMP-TEXT-r3,IMP-TEXT,3,assisted_corrected,fdef73bd-f984-58d1-8a53-3eea668a9f83,c1a927e5-05d9-42ce-ba69-9e4be446ef00,native_text,scoring_rubric,source_provided,True,True,正确关系式 1.00；说明代入过程 2.00。,正确关系式 1.00；说明代入过程 2.00。,matched,benchmark/results/v2/t160-retest-20261003/quality/runs/t160-quality-20261002T182955Z-75789e35-03-IMP-TEXT-r3/result.json
t160-quality-20261002T182955Z-75789e35-03-IMP-TEXT-r3,IMP-TEXT,3,assisted_corrected,fdef73bd-f984-58d1-8a53-3eea668a9f83,c1a927e5-05d9-42ce-ba69-9e4be446ef00,native_text,knowledge_points,source_provided,True,True,"[""一次函数"", ""表达与计算""]","[""一次函数"", ""表达与计算""]",matched,benchmark/results/v2/t160-retest-20261003/quality/runs/t160-quality-20261002T182955Z-75789e35-03-IMP-TEXT-r3/result.json
t160-quality-20261002T182955Z-75789e35-03-IMP-TEXT-r3,IMP-TEXT,3,assisted_corrected,fdef73bd-f984-58d1-8a53-3eea668a9f83,c1a927e5-05d9-42ce-ba69-9e4be446ef00,native_text,source_regions,unknown,False,,,,reference_unknown,benchmark/results/v2/t160-retest-20261003/quality/runs/t160-quality-20261002T182955Z-75789e35-03-IMP-TEXT-r3/result.json
t160-quality-20261002T182955Z-75789e35-03-IMP-TEXT-r3,IMP-TEXT,3,assisted_corrected,fdef73bd-f984-58d1-8a53-3eea668a9f83,c1a927e5-05d9-42ce-ba69-9e4be446ef00,native_text,assets,source_provided,True,False,"[{""asset_type"": ""table"", ""source_page_number"": 1, ""order_index"": 1}]",,matched,benchmark/results/v2/t160-retest-20261003/quality/runs/t160-quality-20261002T182955Z-75789e35-03-IMP-TEXT-r3/result.json
t160-quality-20261002T182955Z-75789e35-04-IMP-SCAN-r1,IMP-SCAN,1,automatic,74d666eb-fc46-5106-8ea2-ea5c967c6457,c88222e2-7879-4ec4-9318-5f18de27fba3,ocr_required,question_number,source_provided,True,True,1,1,matched,benchmark/results/v2/t160-retest-20261003/quality/runs/t160-quality-20261002T182955Z-75789e35-04-IMP-SCAN-r1/result.json
t160-quality-20261002T182955Z-75789e35-04-IMP-SCAN-r1,IMP-SCAN,1,automatic,74d666eb-fc46-5106-8ea2-ea5c967c6457,c88222e2-7879-4ec4-9318-5f18de27fba3,ocr_required,order_index,source_provided,True,True,1,1,matched,benchmark/results/v2/t160-retest-20261003/quality/runs/t160-quality-20261002T182955Z-75789e35-04-IMP-SCAN-r1/result.json
t160-quality-20261002T182955Z-75789e35-04-IMP-SCAN-r1,IMP-SCAN,1,automatic,74d666eb-fc46-5106-8ea2-ea5c967c6457,c88222e2-7879-4ec4-9318-5f18de27fba3,ocr_required,source_page_numbers,source_provided,True,True,[1],[1],matched,benchmark/results/v2/t160-retest-20261003/quality/runs/t160-quality-20261002T182955Z-75789e35-04-IMP-SCAN-r1/result.json
t160-quality-20261002T182955Z-75789e35-04-IMP-SCAN-r1,IMP-SCAN,1,automatic,74d666eb-fc46-5106-8ea2-ea5c967c6457,c88222e2-7879-4ec4-9318-5f18de27fba3,ocr_required,question_type,source_provided,True,True,SINGLE_CHOICE,SINGLE_CHOICE,matched,benchmark/results/v2/t160-retest-20261003/quality/runs/t160-quality-20261002T182955Z-75789e35-04-IMP-SCAN-r1/result.json
t160-quality-20261002T182955Z-75789e35-04-IMP-SCAN-r1,IMP-SCAN,1,automatic,74d666eb-fc46-5106-8ea2-ea5c967c6457,c88222e2-7879-4ec4-9318-5f18de27fba3,ocr_required,content,source_provided,True,False,y = 2x + 1，x = 3 时 y 为多少？,y = 2x +1，x = 3 时y 为多少？,matched,benchmark/results/v2/t160-retest-20261003/quality/runs/t160-quality-20261002T182955Z-75789e35-04-IMP-SCAN-r1/result.json
t160-quality-20261002T182955Z-75789e35-04-IMP-SCAN-r1,IMP-SCAN,1,automatic,74d666eb-fc46-5106-8ea2-ea5c967c6457,c88222e2-7879-4ec4-9318-5f18de27fba3,ocr_required,options,source_provided,True,True,"{""C"": ""7"", ""A"": ""5"", ""B"": ""6"", ""D"": ""8""}","{""C"": ""7"", ""A"": ""5"", ""B"": ""6"", ""D"": ""8""}",matched,benchmark/results/v2/t160-retest-20261003/quality/runs/t160-quality-20261002T182955Z-75789e35-04-IMP-SCAN-r1/result.json
t160-quality-20261002T182955Z-75789e35-04-IMP-SCAN-r1,IMP-SCAN,1,automatic,74d666eb-fc46-5106-8ea2-ea5c967c6457,c88222e2-7879-4ec4-9318-5f18de27fba3,ocr_required,reference_answer,source_provided,True,True,C,C,matched,benchmark/results/v2/t160-retest-20261003/quality/runs/t160-quality-20261002T182955Z-75789e35-04-IMP-SCAN-r1/result.json
t160-quality-20261002T182955Z-75789e35-04-IMP-SCAN-r1,IMP-SCAN,1,automatic,74d666eb-fc46-5106-8ea2-ea5c967c6457,c88222e2-7879-4ec4-9318-5f18de27fba3,ocr_required,analysis,source_provided,True,False,2 × 3 + 1 = 7。,2 × 3 +1=7。,matched,benchmark/results/v2/t160-retest-20261003/quality/runs/t160-quality-20261002T182955Z-75789e35-04-IMP-SCAN-r1/result.json
t160-quality-20261002T182955Z-75789e35-04-IMP-SCAN-r1,IMP-SCAN,1,automatic,74d666eb-fc46-5106-8ea2-ea5c967c6457,c88222e2-7879-4ec4-9318-5f18de27fba3,ocr_required,score,source_provided,True,True,2.00,2.00,matched,benchmark/results/v2/t160-retest-20261003/quality/runs/t160-quality-20261002T182955Z-75789e35-04-IMP-SCAN-r1/result.json
t160-quality-20261002T182955Z-75789e35-04-IMP-SCAN-r1,IMP-SCAN,1,automatic,74d666eb-fc46-5106-8ea2-ea5c967c6457,c88222e2-7879-4ec4-9318-5f18de27fba3,ocr_required,scoring_rubric,known_missing,True,True,,,matched,benchmark/results/v2/t160-retest-20261003/quality/runs/t160-quality-20261002T182955Z-75789e35-04-IMP-SCAN-r1/result.json
t160-quality-20261002T182955Z-75789e35-04-IMP-SCAN-r1,IMP-SCAN,1,automatic,74d666eb-fc46-5106-8ea2-ea5c967c6457,c88222e2-7879-4ec4-9318-5f18de27fba3,ocr_required,knowledge_points,known_missing,True,False,[],,matched,benchmark/results/v2/t160-retest-20261003/quality/runs/t160-quality-20261002T182955Z-75789e35-04-IMP-SCAN-r1/result.json
t160-quality-20261002T182955Z-75789e35-04-IMP-SCAN-r1,IMP-SCAN,1,automatic,74d666eb-fc46-5106-8ea2-ea5c967c6457,c88222e2-7879-4ec4-9318-5f18de27fba3,ocr_required,source_regions,unknown,False,,,,reference_unknown,benchmark/results/v2/t160-retest-20261003/quality/runs/t160-quality-20261002T182955Z-75789e35-04-IMP-SCAN-r1/result.json
t160-quality-20261002T182955Z-75789e35-04-IMP-SCAN-r1,IMP-SCAN,1,automatic,74d666eb-fc46-5106-8ea2-ea5c967c6457,c88222e2-7879-4ec4-9318-5f18de27fba3,ocr_required,assets,source_provided,True,False,[],,matched,benchmark/results/v2/t160-retest-20261003/quality/runs/t160-quality-20261002T182955Z-75789e35-04-IMP-SCAN-r1/result.json
t160-quality-20261002T182955Z-75789e35-04-IMP-SCAN-r1,IMP-SCAN,1,automatic,5f47ee64-edec-5327-9172-bb8454c7640d,e7627296-a018-4127-80b6-101faf52363d,ocr_required,question_number,source_provided,True,True,2,2,matched,benchmark/results/v2/t160-retest-20261003/quality/runs/t160-quality-20261002T182955Z-75789e35-04-IMP-SCAN-r1/result.json
t160-quality-20261002T182955Z-75789e35-04-IMP-SCAN-r1,IMP-SCAN,1,automatic,5f47ee64-edec-5327-9172-bb8454c7640d,e7627296-a018-4127-80b6-101faf52363d,ocr_required,order_index,source_provided,True,True,2,2,matched,benchmark/results/v2/t160-retest-20261003/quality/runs/t160-quality-20261002T182955Z-75789e35-04-IMP-SCAN-r1/result.json
t160-quality-20261002T182955Z-75789e35-04-IMP-SCAN-r1,IMP-SCAN,1,automatic,5f47ee64-edec-5327-9172-bb8454c7640d,e7627296-a018-4127-80b6-101faf52363d,ocr_required,source_page_numbers,source_provided,True,True,[1],[1],matched,benchmark/results/v2/t160-retest-20261003/quality/runs/t160-quality-20261002T182955Z-75789e35-04-IMP-SCAN-r1/result.json
t160-quality-20261002T182955Z-75789e35-04-IMP-SCAN-r1,IMP-SCAN,1,automatic,5f47ee64-edec-5327-9172-bb8454c7640d,e7627296-a018-4127-80b6-101faf52363d,ocr_required,question_type,source_provided,True,True,TRUE_FALSE,TRUE_FALSE,matched,benchmark/results/v2/t160-retest-20261003/quality/runs/t160-quality-20261002T182955Z-75789e35-04-IMP-SCAN-r1/result.json
t160-quality-20261002T182955Z-75789e35-04-IMP-SCAN-r1,IMP-SCAN,1,automatic,5f47ee64-edec-5327-9172-bb8454c7640d,e7627296-a018-4127-80b6-101faf52363d,ocr_required,content,source_provided,True,False,右图三角形面积为 24 cm²。,右图三角形面积为24cm²。 三角形 高4cm 底6cm,matched,benchmark/results/v2/t160-retest-20261003/quality/runs/t160-quality-20261002T182955Z-75789e35-04-IMP-SCAN-r1/result.json
t160-quality-20261002T182955Z-75789e35-04-IMP-SCAN-r1,IMP-SCAN,1,automatic,5f47ee64-edec-5327-9172-bb8454c7640d,e7627296-a018-4127-80b6-101faf52363d,ocr_required,options,source_provided,True,True,"[""正确"", ""错误""]","[""正确"", ""错误""]",matched,benchmark/results/v2/t160-retest-20261003/quality/runs/t160-quality-20261002T182955Z-75789e35-04-IMP-SCAN-r1/result.json
t160-quality-20261002T182955Z-75789e35-04-IMP-SCAN-r1,IMP-SCAN,1,automatic,5f47ee64-edec-5327-9172-bb8454c7640d,e7627296-a018-4127-80b6-101faf52363d,ocr_required,reference_answer,known_missing,True,True,,,matched,benchmark/results/v2/t160-retest-20261003/quality/runs/t160-quality-20261002T182955Z-75789e35-04-IMP-SCAN-r1/result.json
t160-quality-20261002T182955Z-75789e35-04-IMP-SCAN-r1,IMP-SCAN,1,automatic,5f47ee64-edec-5327-9172-bb8454c7640d,e7627296-a018-4127-80b6-101faf52363d,ocr_required,analysis,known_missing,True,True,,,matched,benchmark/results/v2/t160-retest-20261003/quality/runs/t160-quality-20261002T182955Z-75789e35-04-IMP-SCAN-r1/result.json
t160-quality-20261002T182955Z-75789e35-04-IMP-SCAN-r1,IMP-SCAN,1,automatic,5f47ee64-edec-5327-9172-bb8454c7640d,e7627296-a018-4127-80b6-101faf52363d,ocr_required,score,source_provided,True,True,2.00,2.00,matched,benchmark/results/v2/t160-retest-20261003/quality/runs/t160-quality-20261002T182955Z-75789e35-04-IMP-SCAN-r1/result.json
t160-quality-20261002T182955Z-75789e35-04-IMP-SCAN-r1,IMP-SCAN,1,automatic,5f47ee64-edec-5327-9172-bb8454c7640d,e7627296-a018-4127-80b6-101faf52363d,ocr_required,scoring_rubric,known_missing,True,True,,,matched,benchmark/results/v2/t160-retest-20261003/quality/runs/t160-quality-20261002T182955Z-75789e35-04-IMP-SCAN-r1/result.json
t160-quality-20261002T182955Z-75789e35-04-IMP-SCAN-r1,IMP-SCAN,1,automatic,5f47ee64-edec-5327-9172-bb8454c7640d,e7627296-a018-4127-80b6-101faf52363d,ocr_required,knowledge_points,known_missing,True,False,[],,matched,benchmark/results/v2/t160-retest-20261003/quality/runs/t160-quality-20261002T182955Z-75789e35-04-IMP-SCAN-r1/result.json
t160-quality-20261002T182955Z-75789e35-04-IMP-SCAN-r1,IMP-SCAN,1,automatic,5f47ee64-edec-5327-9172-bb8454c7640d,e7627296-a018-4127-80b6-101faf52363d,ocr_required,source_regions,unknown,False,,,,reference_unknown,benchmark/results/v2/t160-retest-20261003/quality/runs/t160-quality-20261002T182955Z-75789e35-04-IMP-SCAN-r1/result.json
t160-quality-20261002T182955Z-75789e35-04-IMP-SCAN-r1,IMP-SCAN,1,automatic,5f47ee64-edec-5327-9172-bb8454c7640d,e7627296-a018-4127-80b6-101faf52363d,ocr_required,assets,source_provided,True,False,"[{""asset_type"": ""figure"", ""source_page_number"": 1, ""order_index"": 1}]",,matched,benchmark/results/v2/t160-retest-20261003/quality/runs/t160-quality-20261002T182955Z-75789e35-04-IMP-SCAN-r1/result.json
t160-quality-20261002T182955Z-75789e35-04-IMP-SCAN-r1,IMP-SCAN,1,automatic,d6acd365-a6d5-5eb8-9b54-66f26a915094,987ff0cc-fb0f-4eb4-b81e-5faae3602bbe,ocr_required,question_number,source_provided,True,True,3,3,matched,benchmark/results/v2/t160-retest-20261003/quality/runs/t160-quality-20261002T182955Z-75789e35-04-IMP-SCAN-r1/result.json
t160-quality-20261002T182955Z-75789e35-04-IMP-SCAN-r1,IMP-SCAN,1,automatic,d6acd365-a6d5-5eb8-9b54-66f26a915094,987ff0cc-fb0f-4eb4-b81e-5faae3602bbe,ocr_required,order_index,source_provided,True,True,3,3,matched,benchmark/results/v2/t160-retest-20261003/quality/runs/t160-quality-20261002T182955Z-75789e35-04-IMP-SCAN-r1/result.json
t160-quality-20261002T182955Z-75789e35-04-IMP-SCAN-r1,IMP-SCAN,1,automatic,d6acd365-a6d5-5eb8-9b54-66f26a915094,987ff0cc-fb0f-4eb4-b81e-5faae3602bbe,ocr_required,source_page_numbers,source_provided,True,True,[1],[1],matched,benchmark/results/v2/t160-retest-20261003/quality/runs/t160-quality-20261002T182955Z-75789e35-04-IMP-SCAN-r1/result.json
t160-quality-20261002T182955Z-75789e35-04-IMP-SCAN-r1,IMP-SCAN,1,automatic,d6acd365-a6d5-5eb8-9b54-66f26a915094,987ff0cc-fb0f-4eb4-b81e-5faae3602bbe,ocr_required,question_type,source_provided,True,True,SHORT_ANSWER,SHORT_ANSWER,matched,benchmark/results/v2/t160-retest-20261003/quality/runs/t160-quality-20261002T182955Z-75789e35-04-IMP-SCAN-r1/result.json
t160-quality-20261002T182955Z-75789e35-04-IMP-SCAN-r1,IMP-SCAN,1,automatic,d6acd365-a6d5-5eb8-9b54-66f26a915094,987ff0cc-fb0f-4eb4-b81e-5faae3602bbe,ocr_required,content,source_provided,True,False,根据下表写出 y 关于 x 的关系式。,根据下表写出y关于x的关系式。 X y 1 3 第一行 2 5 第二行 3 7 第三行,matched,benchmark/results/v2/t160-retest-20261003/quality/runs/t160-quality-20261002T182955Z-75789e35-04-IMP-SCAN-r1/result.json
t160-quality-20261002T182955Z-75789e35-04-IMP-SCAN-r1,IMP-SCAN,1,automatic,d6acd365-a6d5-5eb8-9b54-66f26a915094,987ff0cc-fb0f-4eb4-b81e-5faae3602bbe,ocr_required,options,not_applicable,True,True,,,matched,benchmark/results/v2/t160-retest-20261003/quality/runs/t160-quality-20261002T182955Z-75789e35-04-IMP-SCAN-r1/result.json
t160-quality-20261002T182955Z-75789e35-04-IMP-SCAN-r1,IMP-SCAN,1,automatic,d6acd365-a6d5-5eb8-9b54-66f26a915094,987ff0cc-fb0f-4eb4-b81e-5faae3602bbe,ocr_required,reference_answer,known_missing,True,True,,,matched,benchmark/results/v2/t160-retest-20261003/quality/runs/t160-quality-20261002T182955Z-75789e35-04-IMP-SCAN-r1/result.json
t160-quality-20261002T182955Z-75789e35-04-IMP-SCAN-r1,IMP-SCAN,1,automatic,d6acd365-a6d5-5eb8-9b54-66f26a915094,987ff0cc-fb0f-4eb4-b81e-5faae3602bbe,ocr_required,analysis,known_missing,True,True,,,matched,benchmark/results/v2/t160-retest-20261003/quality/runs/t160-quality-20261002T182955Z-75789e35-04-IMP-SCAN-r1/result.json
t160-quality-20261002T182955Z-75789e35-04-IMP-SCAN-r1,IMP-SCAN,1,automatic,d6acd365-a6d5-5eb8-9b54-66f26a915094,987ff0cc-fb0f-4eb4-b81e-5faae3602bbe,ocr_required,score,source_provided,True,True,3.00,3.00,matched,benchmark/results/v2/t160-retest-20261003/quality/runs/t160-quality-20261002T182955Z-75789e35-04-IMP-SCAN-r1/result.json
t160-quality-20261002T182955Z-75789e35-04-IMP-SCAN-r1,IMP-SCAN,1,automatic,d6acd365-a6d5-5eb8-9b54-66f26a915094,987ff0cc-fb0f-4eb4-b81e-5faae3602bbe,ocr_required,scoring_rubric,source_provided,True,False,正确关系式 1.00；说明代入过程 2.00。,正确关系式1.00；说明代入过程2.00。,matched,benchmark/results/v2/t160-retest-20261003/quality/runs/t160-quality-20261002T182955Z-75789e35-04-IMP-SCAN-r1/result.json
t160-quality-20261002T182955Z-75789e35-04-IMP-SCAN-r1,IMP-SCAN,1,automatic,d6acd365-a6d5-5eb8-9b54-66f26a915094,987ff0cc-fb0f-4eb4-b81e-5faae3602bbe,ocr_required,knowledge_points,source_provided,True,True,"[""一次函数"", ""表达与计算""]","[""一次函数"", ""表达与计算""]",matched,benchmark/results/v2/t160-retest-20261003/quality/runs/t160-quality-20261002T182955Z-75789e35-04-IMP-SCAN-r1/result.json
t160-quality-20261002T182955Z-75789e35-04-IMP-SCAN-r1,IMP-SCAN,1,automatic,d6acd365-a6d5-5eb8-9b54-66f26a915094,987ff0cc-fb0f-4eb4-b81e-5faae3602bbe,ocr_required,source_regions,unknown,False,,,,reference_unknown,benchmark/results/v2/t160-retest-20261003/quality/runs/t160-quality-20261002T182955Z-75789e35-04-IMP-SCAN-r1/result.json
t160-quality-20261002T182955Z-75789e35-04-IMP-SCAN-r1,IMP-SCAN,1,automatic,d6acd365-a6d5-5eb8-9b54-66f26a915094,987ff0cc-fb0f-4eb4-b81e-5faae3602bbe,ocr_required,assets,source_provided,True,False,"[{""asset_type"": ""table"", ""source_page_number"": 1, ""order_index"": 1}]",,matched,benchmark/results/v2/t160-retest-20261003/quality/runs/t160-quality-20261002T182955Z-75789e35-04-IMP-SCAN-r1/result.json
t160-quality-20261002T182955Z-75789e35-04-IMP-SCAN-r1,IMP-SCAN,1,assisted_corrected,74d666eb-fc46-5106-8ea2-ea5c967c6457,c88222e2-7879-4ec4-9318-5f18de27fba3,ocr_required,question_number,source_provided,True,True,1,1,matched,benchmark/results/v2/t160-retest-20261003/quality/runs/t160-quality-20261002T182955Z-75789e35-04-IMP-SCAN-r1/result.json
t160-quality-20261002T182955Z-75789e35-04-IMP-SCAN-r1,IMP-SCAN,1,assisted_corrected,74d666eb-fc46-5106-8ea2-ea5c967c6457,c88222e2-7879-4ec4-9318-5f18de27fba3,ocr_required,order_index,source_provided,True,True,1,1,matched,benchmark/results/v2/t160-retest-20261003/quality/runs/t160-quality-20261002T182955Z-75789e35-04-IMP-SCAN-r1/result.json
t160-quality-20261002T182955Z-75789e35-04-IMP-SCAN-r1,IMP-SCAN,1,assisted_corrected,74d666eb-fc46-5106-8ea2-ea5c967c6457,c88222e2-7879-4ec4-9318-5f18de27fba3,ocr_required,source_page_numbers,source_provided,True,True,[1],[1],matched,benchmark/results/v2/t160-retest-20261003/quality/runs/t160-quality-20261002T182955Z-75789e35-04-IMP-SCAN-r1/result.json
t160-quality-20261002T182955Z-75789e35-04-IMP-SCAN-r1,IMP-SCAN,1,assisted_corrected,74d666eb-fc46-5106-8ea2-ea5c967c6457,c88222e2-7879-4ec4-9318-5f18de27fba3,ocr_required,question_type,source_provided,True,True,SINGLE_CHOICE,SINGLE_CHOICE,matched,benchmark/results/v2/t160-retest-20261003/quality/runs/t160-quality-20261002T182955Z-75789e35-04-IMP-SCAN-r1/result.json
t160-quality-20261002T182955Z-75789e35-04-IMP-SCAN-r1,IMP-SCAN,1,assisted_corrected,74d666eb-fc46-5106-8ea2-ea5c967c6457,c88222e2-7879-4ec4-9318-5f18de27fba3,ocr_required,content,source_provided,True,True,y = 2x + 1，x = 3 时 y 为多少？,y = 2x + 1，x = 3 时 y 为多少？,matched,benchmark/results/v2/t160-retest-20261003/quality/runs/t160-quality-20261002T182955Z-75789e35-04-IMP-SCAN-r1/result.json
t160-quality-20261002T182955Z-75789e35-04-IMP-SCAN-r1,IMP-SCAN,1,assisted_corrected,74d666eb-fc46-5106-8ea2-ea5c967c6457,c88222e2-7879-4ec4-9318-5f18de27fba3,ocr_required,options,source_provided,True,True,"{""C"": ""7"", ""A"": ""5"", ""B"": ""6"", ""D"": ""8""}","{""C"": ""7"", ""A"": ""5"", ""B"": ""6"", ""D"": ""8""}",matched,benchmark/results/v2/t160-retest-20261003/quality/runs/t160-quality-20261002T182955Z-75789e35-04-IMP-SCAN-r1/result.json
t160-quality-20261002T182955Z-75789e35-04-IMP-SCAN-r1,IMP-SCAN,1,assisted_corrected,74d666eb-fc46-5106-8ea2-ea5c967c6457,c88222e2-7879-4ec4-9318-5f18de27fba3,ocr_required,reference_answer,source_provided,True,True,C,C,matched,benchmark/results/v2/t160-retest-20261003/quality/runs/t160-quality-20261002T182955Z-75789e35-04-IMP-SCAN-r1/result.json
t160-quality-20261002T182955Z-75789e35-04-IMP-SCAN-r1,IMP-SCAN,1,assisted_corrected,74d666eb-fc46-5106-8ea2-ea5c967c6457,c88222e2-7879-4ec4-9318-5f18de27fba3,ocr_required,analysis,source_provided,True,True,2 × 3 + 1 = 7。,2 × 3 + 1 = 7。,matched,benchmark/results/v2/t160-retest-20261003/quality/runs/t160-quality-20261002T182955Z-75789e35-04-IMP-SCAN-r1/result.json
t160-quality-20261002T182955Z-75789e35-04-IMP-SCAN-r1,IMP-SCAN,1,assisted_corrected,74d666eb-fc46-5106-8ea2-ea5c967c6457,c88222e2-7879-4ec4-9318-5f18de27fba3,ocr_required,score,source_provided,True,True,2.00,2.00,matched,benchmark/results/v2/t160-retest-20261003/quality/runs/t160-quality-20261002T182955Z-75789e35-04-IMP-SCAN-r1/result.json
t160-quality-20261002T182955Z-75789e35-04-IMP-SCAN-r1,IMP-SCAN,1,assisted_corrected,74d666eb-fc46-5106-8ea2-ea5c967c6457,c88222e2-7879-4ec4-9318-5f18de27fba3,ocr_required,scoring_rubric,known_missing,True,True,,,matched,benchmark/results/v2/t160-retest-20261003/quality/runs/t160-quality-20261002T182955Z-75789e35-04-IMP-SCAN-r1/result.json
t160-quality-20261002T182955Z-75789e35-04-IMP-SCAN-r1,IMP-SCAN,1,assisted_corrected,74d666eb-fc46-5106-8ea2-ea5c967c6457,c88222e2-7879-4ec4-9318-5f18de27fba3,ocr_required,knowledge_points,known_missing,True,True,[],[],matched,benchmark/results/v2/t160-retest-20261003/quality/runs/t160-quality-20261002T182955Z-75789e35-04-IMP-SCAN-r1/result.json
t160-quality-20261002T182955Z-75789e35-04-IMP-SCAN-r1,IMP-SCAN,1,assisted_corrected,74d666eb-fc46-5106-8ea2-ea5c967c6457,c88222e2-7879-4ec4-9318-5f18de27fba3,ocr_required,source_regions,unknown,False,,,,reference_unknown,benchmark/results/v2/t160-retest-20261003/quality/runs/t160-quality-20261002T182955Z-75789e35-04-IMP-SCAN-r1/result.json
t160-quality-20261002T182955Z-75789e35-04-IMP-SCAN-r1,IMP-SCAN,1,assisted_corrected,74d666eb-fc46-5106-8ea2-ea5c967c6457,c88222e2-7879-4ec4-9318-5f18de27fba3,ocr_required,assets,source_provided,True,True,[],[],matched,benchmark/results/v2/t160-retest-20261003/quality/runs/t160-quality-20261002T182955Z-75789e35-04-IMP-SCAN-r1/result.json
t160-quality-20261002T182955Z-75789e35-04-IMP-SCAN-r1,IMP-SCAN,1,assisted_corrected,5f47ee64-edec-5327-9172-bb8454c7640d,e7627296-a018-4127-80b6-101faf52363d,ocr_required,question_number,source_provided,True,True,2,2,matched,benchmark/results/v2/t160-retest-20261003/quality/runs/t160-quality-20261002T182955Z-75789e35-04-IMP-SCAN-r1/result.json
t160-quality-20261002T182955Z-75789e35-04-IMP-SCAN-r1,IMP-SCAN,1,assisted_corrected,5f47ee64-edec-5327-9172-bb8454c7640d,e7627296-a018-4127-80b6-101faf52363d,ocr_required,order_index,source_provided,True,True,2,2,matched,benchmark/results/v2/t160-retest-20261003/quality/runs/t160-quality-20261002T182955Z-75789e35-04-IMP-SCAN-r1/result.json
t160-quality-20261002T182955Z-75789e35-04-IMP-SCAN-r1,IMP-SCAN,1,assisted_corrected,5f47ee64-edec-5327-9172-bb8454c7640d,e7627296-a018-4127-80b6-101faf52363d,ocr_required,source_page_numbers,source_provided,True,True,[1],[1],matched,benchmark/results/v2/t160-retest-20261003/quality/runs/t160-quality-20261002T182955Z-75789e35-04-IMP-SCAN-r1/result.json
t160-quality-20261002T182955Z-75789e35-04-IMP-SCAN-r1,IMP-SCAN,1,assisted_corrected,5f47ee64-edec-5327-9172-bb8454c7640d,e7627296-a018-4127-80b6-101faf52363d,ocr_required,question_type,source_provided,True,True,TRUE_FALSE,TRUE_FALSE,matched,benchmark/results/v2/t160-retest-20261003/quality/runs/t160-quality-20261002T182955Z-75789e35-04-IMP-SCAN-r1/result.json
t160-quality-20261002T182955Z-75789e35-04-IMP-SCAN-r1,IMP-SCAN,1,assisted_corrected,5f47ee64-edec-5327-9172-bb8454c7640d,e7627296-a018-4127-80b6-101faf52363d,ocr_required,content,source_provided,True,True,右图三角形面积为 24 cm²。,右图三角形面积为 24 cm²。,matched,benchmark/results/v2/t160-retest-20261003/quality/runs/t160-quality-20261002T182955Z-75789e35-04-IMP-SCAN-r1/result.json
t160-quality-20261002T182955Z-75789e35-04-IMP-SCAN-r1,IMP-SCAN,1,assisted_corrected,5f47ee64-edec-5327-9172-bb8454c7640d,e7627296-a018-4127-80b6-101faf52363d,ocr_required,options,source_provided,True,True,"[""正确"", ""错误""]","[""正确"", ""错误""]",matched,benchmark/results/v2/t160-retest-20261003/quality/runs/t160-quality-20261002T182955Z-75789e35-04-IMP-SCAN-r1/result.json
t160-quality-20261002T182955Z-75789e35-04-IMP-SCAN-r1,IMP-SCAN,1,assisted_corrected,5f47ee64-edec-5327-9172-bb8454c7640d,e7627296-a018-4127-80b6-101faf52363d,ocr_required,reference_answer,known_missing,True,True,,,matched,benchmark/results/v2/t160-retest-20261003/quality/runs/t160-quality-20261002T182955Z-75789e35-04-IMP-SCAN-r1/result.json
t160-quality-20261002T182955Z-75789e35-04-IMP-SCAN-r1,IMP-SCAN,1,assisted_corrected,5f47ee64-edec-5327-9172-bb8454c7640d,e7627296-a018-4127-80b6-101faf52363d,ocr_required,analysis,known_missing,True,True,,,matched,benchmark/results/v2/t160-retest-20261003/quality/runs/t160-quality-20261002T182955Z-75789e35-04-IMP-SCAN-r1/result.json
t160-quality-20261002T182955Z-75789e35-04-IMP-SCAN-r1,IMP-SCAN,1,assisted_corrected,5f47ee64-edec-5327-9172-bb8454c7640d,e7627296-a018-4127-80b6-101faf52363d,ocr_required,score,source_provided,True,True,2.00,2.00,matched,benchmark/results/v2/t160-retest-20261003/quality/runs/t160-quality-20261002T182955Z-75789e35-04-IMP-SCAN-r1/result.json
t160-quality-20261002T182955Z-75789e35-04-IMP-SCAN-r1,IMP-SCAN,1,assisted_corrected,5f47ee64-edec-5327-9172-bb8454c7640d,e7627296-a018-4127-80b6-101faf52363d,ocr_required,scoring_rubric,known_missing,True,True,,,matched,benchmark/results/v2/t160-retest-20261003/quality/runs/t160-quality-20261002T182955Z-75789e35-04-IMP-SCAN-r1/result.json
t160-quality-20261002T182955Z-75789e35-04-IMP-SCAN-r1,IMP-SCAN,1,assisted_corrected,5f47ee64-edec-5327-9172-bb8454c7640d,e7627296-a018-4127-80b6-101faf52363d,ocr_required,knowledge_points,known_missing,True,True,[],[],matched,benchmark/results/v2/t160-retest-20261003/quality/runs/t160-quality-20261002T182955Z-75789e35-04-IMP-SCAN-r1/result.json
t160-quality-20261002T182955Z-75789e35-04-IMP-SCAN-r1,IMP-SCAN,1,assisted_corrected,5f47ee64-edec-5327-9172-bb8454c7640d,e7627296-a018-4127-80b6-101faf52363d,ocr_required,source_regions,unknown,False,,,,reference_unknown,benchmark/results/v2/t160-retest-20261003/quality/runs/t160-quality-20261002T182955Z-75789e35-04-IMP-SCAN-r1/result.json
t160-quality-20261002T182955Z-75789e35-04-IMP-SCAN-r1,IMP-SCAN,1,assisted_corrected,5f47ee64-edec-5327-9172-bb8454c7640d,e7627296-a018-4127-80b6-101faf52363d,ocr_required,assets,source_provided,True,False,"[{""asset_type"": ""figure"", ""source_page_number"": 1, ""order_index"": 1}]",,matched,benchmark/results/v2/t160-retest-20261003/quality/runs/t160-quality-20261002T182955Z-75789e35-04-IMP-SCAN-r1/result.json
t160-quality-20261002T182955Z-75789e35-04-IMP-SCAN-r1,IMP-SCAN,1,assisted_corrected,d6acd365-a6d5-5eb8-9b54-66f26a915094,987ff0cc-fb0f-4eb4-b81e-5faae3602bbe,ocr_required,question_number,source_provided,True,True,3,3,matched,benchmark/results/v2/t160-retest-20261003/quality/runs/t160-quality-20261002T182955Z-75789e35-04-IMP-SCAN-r1/result.json
t160-quality-20261002T182955Z-75789e35-04-IMP-SCAN-r1,IMP-SCAN,1,assisted_corrected,d6acd365-a6d5-5eb8-9b54-66f26a915094,987ff0cc-fb0f-4eb4-b81e-5faae3602bbe,ocr_required,order_index,source_provided,True,True,3,3,matched,benchmark/results/v2/t160-retest-20261003/quality/runs/t160-quality-20261002T182955Z-75789e35-04-IMP-SCAN-r1/result.json
t160-quality-20261002T182955Z-75789e35-04-IMP-SCAN-r1,IMP-SCAN,1,assisted_corrected,d6acd365-a6d5-5eb8-9b54-66f26a915094,987ff0cc-fb0f-4eb4-b81e-5faae3602bbe,ocr_required,source_page_numbers,source_provided,True,True,[1],[1],matched,benchmark/results/v2/t160-retest-20261003/quality/runs/t160-quality-20261002T182955Z-75789e35-04-IMP-SCAN-r1/result.json
t160-quality-20261002T182955Z-75789e35-04-IMP-SCAN-r1,IMP-SCAN,1,assisted_corrected,d6acd365-a6d5-5eb8-9b54-66f26a915094,987ff0cc-fb0f-4eb4-b81e-5faae3602bbe,ocr_required,question_type,source_provided,True,True,SHORT_ANSWER,SHORT_ANSWER,matched,benchmark/results/v2/t160-retest-20261003/quality/runs/t160-quality-20261002T182955Z-75789e35-04-IMP-SCAN-r1/result.json
t160-quality-20261002T182955Z-75789e35-04-IMP-SCAN-r1,IMP-SCAN,1,assisted_corrected,d6acd365-a6d5-5eb8-9b54-66f26a915094,987ff0cc-fb0f-4eb4-b81e-5faae3602bbe,ocr_required,content,source_provided,True,True,根据下表写出 y 关于 x 的关系式。,根据下表写出 y 关于 x 的关系式。,matched,benchmark/results/v2/t160-retest-20261003/quality/runs/t160-quality-20261002T182955Z-75789e35-04-IMP-SCAN-r1/result.json
t160-quality-20261002T182955Z-75789e35-04-IMP-SCAN-r1,IMP-SCAN,1,assisted_corrected,d6acd365-a6d5-5eb8-9b54-66f26a915094,987ff0cc-fb0f-4eb4-b81e-5faae3602bbe,ocr_required,options,not_applicable,True,True,,,matched,benchmark/results/v2/t160-retest-20261003/quality/runs/t160-quality-20261002T182955Z-75789e35-04-IMP-SCAN-r1/result.json
t160-quality-20261002T182955Z-75789e35-04-IMP-SCAN-r1,IMP-SCAN,1,assisted_corrected,d6acd365-a6d5-5eb8-9b54-66f26a915094,987ff0cc-fb0f-4eb4-b81e-5faae3602bbe,ocr_required,reference_answer,known_missing,True,True,,,matched,benchmark/results/v2/t160-retest-20261003/quality/runs/t160-quality-20261002T182955Z-75789e35-04-IMP-SCAN-r1/result.json
t160-quality-20261002T182955Z-75789e35-04-IMP-SCAN-r1,IMP-SCAN,1,assisted_corrected,d6acd365-a6d5-5eb8-9b54-66f26a915094,987ff0cc-fb0f-4eb4-b81e-5faae3602bbe,ocr_required,analysis,known_missing,True,True,,,matched,benchmark/results/v2/t160-retest-20261003/quality/runs/t160-quality-20261002T182955Z-75789e35-04-IMP-SCAN-r1/result.json
t160-quality-20261002T182955Z-75789e35-04-IMP-SCAN-r1,IMP-SCAN,1,assisted_corrected,d6acd365-a6d5-5eb8-9b54-66f26a915094,987ff0cc-fb0f-4eb4-b81e-5faae3602bbe,ocr_required,score,source_provided,True,True,3.00,3.00,matched,benchmark/results/v2/t160-retest-20261003/quality/runs/t160-quality-20261002T182955Z-75789e35-04-IMP-SCAN-r1/result.json
t160-quality-20261002T182955Z-75789e35-04-IMP-SCAN-r1,IMP-SCAN,1,assisted_corrected,d6acd365-a6d5-5eb8-9b54-66f26a915094,987ff0cc-fb0f-4eb4-b81e-5faae3602bbe,ocr_required,scoring_rubric,source_provided,True,True,正确关系式 1.00；说明代入过程 2.00。,正确关系式 1.00；说明代入过程 2.00。,matched,benchmark/results/v2/t160-retest-20261003/quality/runs/t160-quality-20261002T182955Z-75789e35-04-IMP-SCAN-r1/result.json
t160-quality-20261002T182955Z-75789e35-04-IMP-SCAN-r1,IMP-SCAN,1,assisted_corrected,d6acd365-a6d5-5eb8-9b54-66f26a915094,987ff0cc-fb0f-4eb4-b81e-5faae3602bbe,ocr_required,knowledge_points,source_provided,True,True,"[""一次函数"", ""表达与计算""]","[""一次函数"", ""表达与计算""]",matched,benchmark/results/v2/t160-retest-20261003/quality/runs/t160-quality-20261002T182955Z-75789e35-04-IMP-SCAN-r1/result.json
t160-quality-20261002T182955Z-75789e35-04-IMP-SCAN-r1,IMP-SCAN,1,assisted_corrected,d6acd365-a6d5-5eb8-9b54-66f26a915094,987ff0cc-fb0f-4eb4-b81e-5faae3602bbe,ocr_required,source_regions,unknown,False,,,,reference_unknown,benchmark/results/v2/t160-retest-20261003/quality/runs/t160-quality-20261002T182955Z-75789e35-04-IMP-SCAN-r1/result.json
t160-quality-20261002T182955Z-75789e35-04-IMP-SCAN-r1,IMP-SCAN,1,assisted_corrected,d6acd365-a6d5-5eb8-9b54-66f26a915094,987ff0cc-fb0f-4eb4-b81e-5faae3602bbe,ocr_required,assets,source_provided,True,False,"[{""asset_type"": ""table"", ""source_page_number"": 1, ""order_index"": 1}]",,matched,benchmark/results/v2/t160-retest-20261003/quality/runs/t160-quality-20261002T182955Z-75789e35-04-IMP-SCAN-r1/result.json
t160-quality-20261002T182955Z-75789e35-05-IMP-SCAN-r2,IMP-SCAN,2,automatic,74d666eb-fc46-5106-8ea2-ea5c967c6457,d923e0e6-192e-49f3-bc01-b88713333dfe,ocr_required,question_number,source_provided,True,True,1,1,matched,benchmark/results/v2/t160-retest-20261003/quality/runs/t160-quality-20261002T182955Z-75789e35-05-IMP-SCAN-r2/result.json
t160-quality-20261002T182955Z-75789e35-05-IMP-SCAN-r2,IMP-SCAN,2,automatic,74d666eb-fc46-5106-8ea2-ea5c967c6457,d923e0e6-192e-49f3-bc01-b88713333dfe,ocr_required,order_index,source_provided,True,True,1,1,matched,benchmark/results/v2/t160-retest-20261003/quality/runs/t160-quality-20261002T182955Z-75789e35-05-IMP-SCAN-r2/result.json
t160-quality-20261002T182955Z-75789e35-05-IMP-SCAN-r2,IMP-SCAN,2,automatic,74d666eb-fc46-5106-8ea2-ea5c967c6457,d923e0e6-192e-49f3-bc01-b88713333dfe,ocr_required,source_page_numbers,source_provided,True,True,[1],[1],matched,benchmark/results/v2/t160-retest-20261003/quality/runs/t160-quality-20261002T182955Z-75789e35-05-IMP-SCAN-r2/result.json
t160-quality-20261002T182955Z-75789e35-05-IMP-SCAN-r2,IMP-SCAN,2,automatic,74d666eb-fc46-5106-8ea2-ea5c967c6457,d923e0e6-192e-49f3-bc01-b88713333dfe,ocr_required,question_type,source_provided,True,True,SINGLE_CHOICE,SINGLE_CHOICE,matched,benchmark/results/v2/t160-retest-20261003/quality/runs/t160-quality-20261002T182955Z-75789e35-05-IMP-SCAN-r2/result.json
t160-quality-20261002T182955Z-75789e35-05-IMP-SCAN-r2,IMP-SCAN,2,automatic,74d666eb-fc46-5106-8ea2-ea5c967c6457,d923e0e6-192e-49f3-bc01-b88713333dfe,ocr_required,content,source_provided,True,False,y = 2x + 1，x = 3 时 y 为多少？,y = 2x +1，x = 3 时y 为多少？,matched,benchmark/results/v2/t160-retest-20261003/quality/runs/t160-quality-20261002T182955Z-75789e35-05-IMP-SCAN-r2/result.json
t160-quality-20261002T182955Z-75789e35-05-IMP-SCAN-r2,IMP-SCAN,2,automatic,74d666eb-fc46-5106-8ea2-ea5c967c6457,d923e0e6-192e-49f3-bc01-b88713333dfe,ocr_required,options,source_provided,True,False,"{""C"": ""7"", ""A"": ""5"", ""B"": ""6"", ""D"": ""8""}","{""A"": ""5"", ""B"": ""6"", ""C"": ""7"", ""D"": ""8""}",matched,benchmark/results/v2/t160-retest-20261003/quality/runs/t160-quality-20261002T182955Z-75789e35-05-IMP-SCAN-r2/result.json
t160-quality-20261002T182955Z-75789e35-05-IMP-SCAN-r2,IMP-SCAN,2,automatic,74d666eb-fc46-5106-8ea2-ea5c967c6457,d923e0e6-192e-49f3-bc01-b88713333dfe,ocr_required,reference_answer,source_provided,True,True,C,C,matched,benchmark/results/v2/t160-retest-20261003/quality/runs/t160-quality-20261002T182955Z-75789e35-05-IMP-SCAN-r2/result.json
t160-quality-20261002T182955Z-75789e35-05-IMP-SCAN-r2,IMP-SCAN,2,automatic,74d666eb-fc46-5106-8ea2-ea5c967c6457,d923e0e6-192e-49f3-bc01-b88713333dfe,ocr_required,analysis,source_provided,True,False,2 × 3 + 1 = 7。,2 × 3 +1=7。,matched,benchmark/results/v2/t160-retest-20261003/quality/runs/t160-quality-20261002T182955Z-75789e35-05-IMP-SCAN-r2/result.json
t160-quality-20261002T182955Z-75789e35-05-IMP-SCAN-r2,IMP-SCAN,2,automatic,74d666eb-fc46-5106-8ea2-ea5c967c6457,d923e0e6-192e-49f3-bc01-b88713333dfe,ocr_required,score,source_provided,True,True,2.00,2.00,matched,benchmark/results/v2/t160-retest-20261003/quality/runs/t160-quality-20261002T182955Z-75789e35-05-IMP-SCAN-r2/result.json
t160-quality-20261002T182955Z-75789e35-05-IMP-SCAN-r2,IMP-SCAN,2,automatic,74d666eb-fc46-5106-8ea2-ea5c967c6457,d923e0e6-192e-49f3-bc01-b88713333dfe,ocr_required,scoring_rubric,known_missing,True,True,,,matched,benchmark/results/v2/t160-retest-20261003/quality/runs/t160-quality-20261002T182955Z-75789e35-05-IMP-SCAN-r2/result.json
t160-quality-20261002T182955Z-75789e35-05-IMP-SCAN-r2,IMP-SCAN,2,automatic,74d666eb-fc46-5106-8ea2-ea5c967c6457,d923e0e6-192e-49f3-bc01-b88713333dfe,ocr_required,knowledge_points,known_missing,True,False,[],,matched,benchmark/results/v2/t160-retest-20261003/quality/runs/t160-quality-20261002T182955Z-75789e35-05-IMP-SCAN-r2/result.json
t160-quality-20261002T182955Z-75789e35-05-IMP-SCAN-r2,IMP-SCAN,2,automatic,74d666eb-fc46-5106-8ea2-ea5c967c6457,d923e0e6-192e-49f3-bc01-b88713333dfe,ocr_required,source_regions,unknown,False,,,,reference_unknown,benchmark/results/v2/t160-retest-20261003/quality/runs/t160-quality-20261002T182955Z-75789e35-05-IMP-SCAN-r2/result.json
t160-quality-20261002T182955Z-75789e35-05-IMP-SCAN-r2,IMP-SCAN,2,automatic,74d666eb-fc46-5106-8ea2-ea5c967c6457,d923e0e6-192e-49f3-bc01-b88713333dfe,ocr_required,assets,source_provided,True,False,[],,matched,benchmark/results/v2/t160-retest-20261003/quality/runs/t160-quality-20261002T182955Z-75789e35-05-IMP-SCAN-r2/result.json
t160-quality-20261002T182955Z-75789e35-05-IMP-SCAN-r2,IMP-SCAN,2,automatic,5f47ee64-edec-5327-9172-bb8454c7640d,c956b8bd-8538-40e9-8f04-5d1fa044665e,ocr_required,question_number,source_provided,True,True,2,2,matched,benchmark/results/v2/t160-retest-20261003/quality/runs/t160-quality-20261002T182955Z-75789e35-05-IMP-SCAN-r2/result.json
t160-quality-20261002T182955Z-75789e35-05-IMP-SCAN-r2,IMP-SCAN,2,automatic,5f47ee64-edec-5327-9172-bb8454c7640d,c956b8bd-8538-40e9-8f04-5d1fa044665e,ocr_required,order_index,source_provided,True,True,2,2,matched,benchmark/results/v2/t160-retest-20261003/quality/runs/t160-quality-20261002T182955Z-75789e35-05-IMP-SCAN-r2/result.json
t160-quality-20261002T182955Z-75789e35-05-IMP-SCAN-r2,IMP-SCAN,2,automatic,5f47ee64-edec-5327-9172-bb8454c7640d,c956b8bd-8538-40e9-8f04-5d1fa044665e,ocr_required,source_page_numbers,source_provided,True,True,[1],[1],matched,benchmark/results/v2/t160-retest-20261003/quality/runs/t160-quality-20261002T182955Z-75789e35-05-IMP-SCAN-r2/result.json
t160-quality-20261002T182955Z-75789e35-05-IMP-SCAN-r2,IMP-SCAN,2,automatic,5f47ee64-edec-5327-9172-bb8454c7640d,c956b8bd-8538-40e9-8f04-5d1fa044665e,ocr_required,question_type,source_provided,True,True,TRUE_FALSE,TRUE_FALSE,matched,benchmark/results/v2/t160-retest-20261003/quality/runs/t160-quality-20261002T182955Z-75789e35-05-IMP-SCAN-r2/result.json
t160-quality-20261002T182955Z-75789e35-05-IMP-SCAN-r2,IMP-SCAN,2,automatic,5f47ee64-edec-5327-9172-bb8454c7640d,c956b8bd-8538-40e9-8f04-5d1fa044665e,ocr_required,content,source_provided,True,False,右图三角形面积为 24 cm²。,右图三角形面积为24cm²。,matched,benchmark/results/v2/t160-retest-20261003/quality/runs/t160-quality-20261002T182955Z-75789e35-05-IMP-SCAN-r2/result.json
t160-quality-20261002T182955Z-75789e35-05-IMP-SCAN-r2,IMP-SCAN,2,automatic,5f47ee64-edec-5327-9172-bb8454c7640d,c956b8bd-8538-40e9-8f04-5d1fa044665e,ocr_required,options,source_provided,True,True,"[""正确"", ""错误""]","[""正确"", ""错误""]",matched,benchmark/results/v2/t160-retest-20261003/quality/runs/t160-quality-20261002T182955Z-75789e35-05-IMP-SCAN-r2/result.json
t160-quality-20261002T182955Z-75789e35-05-IMP-SCAN-r2,IMP-SCAN,2,automatic,5f47ee64-edec-5327-9172-bb8454c7640d,c956b8bd-8538-40e9-8f04-5d1fa044665e,ocr_required,reference_answer,known_missing,True,True,,,matched,benchmark/results/v2/t160-retest-20261003/quality/runs/t160-quality-20261002T182955Z-75789e35-05-IMP-SCAN-r2/result.json
t160-quality-20261002T182955Z-75789e35-05-IMP-SCAN-r2,IMP-SCAN,2,automatic,5f47ee64-edec-5327-9172-bb8454c7640d,c956b8bd-8538-40e9-8f04-5d1fa044665e,ocr_required,analysis,known_missing,True,True,,,matched,benchmark/results/v2/t160-retest-20261003/quality/runs/t160-quality-20261002T182955Z-75789e35-05-IMP-SCAN-r2/result.json
t160-quality-20261002T182955Z-75789e35-05-IMP-SCAN-r2,IMP-SCAN,2,automatic,5f47ee64-edec-5327-9172-bb8454c7640d,c956b8bd-8538-40e9-8f04-5d1fa044665e,ocr_required,score,source_provided,True,True,2.00,2.00,matched,benchmark/results/v2/t160-retest-20261003/quality/runs/t160-quality-20261002T182955Z-75789e35-05-IMP-SCAN-r2/result.json
t160-quality-20261002T182955Z-75789e35-05-IMP-SCAN-r2,IMP-SCAN,2,automatic,5f47ee64-edec-5327-9172-bb8454c7640d,c956b8bd-8538-40e9-8f04-5d1fa044665e,ocr_required,scoring_rubric,known_missing,True,True,,,matched,benchmark/results/v2/t160-retest-20261003/quality/runs/t160-quality-20261002T182955Z-75789e35-05-IMP-SCAN-r2/result.json
t160-quality-20261002T182955Z-75789e35-05-IMP-SCAN-r2,IMP-SCAN,2,automatic,5f47ee64-edec-5327-9172-bb8454c7640d,c956b8bd-8538-40e9-8f04-5d1fa044665e,ocr_required,knowledge_points,known_missing,True,False,[],,matched,benchmark/results/v2/t160-retest-20261003/quality/runs/t160-quality-20261002T182955Z-75789e35-05-IMP-SCAN-r2/result.json
t160-quality-20261002T182955Z-75789e35-05-IMP-SCAN-r2,IMP-SCAN,2,automatic,5f47ee64-edec-5327-9172-bb8454c7640d,c956b8bd-8538-40e9-8f04-5d1fa044665e,ocr_required,source_regions,unknown,False,,,,reference_unknown,benchmark/results/v2/t160-retest-20261003/quality/runs/t160-quality-20261002T182955Z-75789e35-05-IMP-SCAN-r2/result.json
t160-quality-20261002T182955Z-75789e35-05-IMP-SCAN-r2,IMP-SCAN,2,automatic,5f47ee64-edec-5327-9172-bb8454c7640d,c956b8bd-8538-40e9-8f04-5d1fa044665e,ocr_required,assets,source_provided,True,False,"[{""asset_type"": ""figure"", ""source_page_number"": 1, ""order_index"": 1}]",,matched,benchmark/results/v2/t160-retest-20261003/quality/runs/t160-quality-20261002T182955Z-75789e35-05-IMP-SCAN-r2/result.json
t160-quality-20261002T182955Z-75789e35-05-IMP-SCAN-r2,IMP-SCAN,2,automatic,d6acd365-a6d5-5eb8-9b54-66f26a915094,7b82b959-2bb8-444a-878b-be7125883e65,ocr_required,question_number,source_provided,True,True,3,3,matched,benchmark/results/v2/t160-retest-20261003/quality/runs/t160-quality-20261002T182955Z-75789e35-05-IMP-SCAN-r2/result.json
t160-quality-20261002T182955Z-75789e35-05-IMP-SCAN-r2,IMP-SCAN,2,automatic,d6acd365-a6d5-5eb8-9b54-66f26a915094,7b82b959-2bb8-444a-878b-be7125883e65,ocr_required,order_index,source_provided,True,True,3,3,matched,benchmark/results/v2/t160-retest-20261003/quality/runs/t160-quality-20261002T182955Z-75789e35-05-IMP-SCAN-r2/result.json
t160-quality-20261002T182955Z-75789e35-05-IMP-SCAN-r2,IMP-SCAN,2,automatic,d6acd365-a6d5-5eb8-9b54-66f26a915094,7b82b959-2bb8-444a-878b-be7125883e65,ocr_required,source_page_numbers,source_provided,True,True,[1],[1],matched,benchmark/results/v2/t160-retest-20261003/quality/runs/t160-quality-20261002T182955Z-75789e35-05-IMP-SCAN-r2/result.json
t160-quality-20261002T182955Z-75789e35-05-IMP-SCAN-r2,IMP-SCAN,2,automatic,d6acd365-a6d5-5eb8-9b54-66f26a915094,7b82b959-2bb8-444a-878b-be7125883e65,ocr_required,question_type,source_provided,True,True,SHORT_ANSWER,SHORT_ANSWER,matched,benchmark/results/v2/t160-retest-20261003/quality/runs/t160-quality-20261002T182955Z-75789e35-05-IMP-SCAN-r2/result.json
t160-quality-20261002T182955Z-75789e35-05-IMP-SCAN-r2,IMP-SCAN,2,automatic,d6acd365-a6d5-5eb8-9b54-66f26a915094,7b82b959-2bb8-444a-878b-be7125883e65,ocr_required,content,source_provided,True,False,根据下表写出 y 关于 x 的关系式。,根据下表写出y关于x的关系式。,matched,benchmark/results/v2/t160-retest-20261003/quality/runs/t160-quality-20261002T182955Z-75789e35-05-IMP-SCAN-r2/result.json
t160-quality-20261002T182955Z-75789e35-05-IMP-SCAN-r2,IMP-SCAN,2,automatic,d6acd365-a6d5-5eb8-9b54-66f26a915094,7b82b959-2bb8-444a-878b-be7125883e65,ocr_required,options,not_applicable,True,True,,,matched,benchmark/results/v2/t160-retest-20261003/quality/runs/t160-quality-20261002T182955Z-75789e35-05-IMP-SCAN-r2/result.json
t160-quality-20261002T182955Z-75789e35-05-IMP-SCAN-r2,IMP-SCAN,2,automatic,d6acd365-a6d5-5eb8-9b54-66f26a915094,7b82b959-2bb8-444a-878b-be7125883e65,ocr_required,reference_answer,known_missing,True,True,,,matched,benchmark/results/v2/t160-retest-20261003/quality/runs/t160-quality-20261002T182955Z-75789e35-05-IMP-SCAN-r2/result.json
t160-quality-20261002T182955Z-75789e35-05-IMP-SCAN-r2,IMP-SCAN,2,automatic,d6acd365-a6d5-5eb8-9b54-66f26a915094,7b82b959-2bb8-444a-878b-be7125883e65,ocr_required,analysis,known_missing,True,True,,,matched,benchmark/results/v2/t160-retest-20261003/quality/runs/t160-quality-20261002T182955Z-75789e35-05-IMP-SCAN-r2/result.json
t160-quality-20261002T182955Z-75789e35-05-IMP-SCAN-r2,IMP-SCAN,2,automatic,d6acd365-a6d5-5eb8-9b54-66f26a915094,7b82b959-2bb8-444a-878b-be7125883e65,ocr_required,score,source_provided,True,True,3.00,3.00,matched,benchmark/results/v2/t160-retest-20261003/quality/runs/t160-quality-20261002T182955Z-75789e35-05-IMP-SCAN-r2/result.json
t160-quality-20261002T182955Z-75789e35-05-IMP-SCAN-r2,IMP-SCAN,2,automatic,d6acd365-a6d5-5eb8-9b54-66f26a915094,7b82b959-2bb8-444a-878b-be7125883e65,ocr_required,scoring_rubric,source_provided,True,False,正确关系式 1.00；说明代入过程 2.00。,正确关系式1.00；说明代入过程2.00。,matched,benchmark/results/v2/t160-retest-20261003/quality/runs/t160-quality-20261002T182955Z-75789e35-05-IMP-SCAN-r2/result.json
t160-quality-20261002T182955Z-75789e35-05-IMP-SCAN-r2,IMP-SCAN,2,automatic,d6acd365-a6d5-5eb8-9b54-66f26a915094,7b82b959-2bb8-444a-878b-be7125883e65,ocr_required,knowledge_points,source_provided,True,True,"[""一次函数"", ""表达与计算""]","[""一次函数"", ""表达与计算""]",matched,benchmark/results/v2/t160-retest-20261003/quality/runs/t160-quality-20261002T182955Z-75789e35-05-IMP-SCAN-r2/result.json
t160-quality-20261002T182955Z-75789e35-05-IMP-SCAN-r2,IMP-SCAN,2,automatic,d6acd365-a6d5-5eb8-9b54-66f26a915094,7b82b959-2bb8-444a-878b-be7125883e65,ocr_required,source_regions,unknown,False,,,,reference_unknown,benchmark/results/v2/t160-retest-20261003/quality/runs/t160-quality-20261002T182955Z-75789e35-05-IMP-SCAN-r2/result.json
t160-quality-20261002T182955Z-75789e35-05-IMP-SCAN-r2,IMP-SCAN,2,automatic,d6acd365-a6d5-5eb8-9b54-66f26a915094,7b82b959-2bb8-444a-878b-be7125883e65,ocr_required,assets,source_provided,True,False,"[{""asset_type"": ""table"", ""source_page_number"": 1, ""order_index"": 1}]",,matched,benchmark/results/v2/t160-retest-20261003/quality/runs/t160-quality-20261002T182955Z-75789e35-05-IMP-SCAN-r2/result.json
t160-quality-20261002T182955Z-75789e35-05-IMP-SCAN-r2,IMP-SCAN,2,assisted_corrected,74d666eb-fc46-5106-8ea2-ea5c967c6457,d923e0e6-192e-49f3-bc01-b88713333dfe,ocr_required,question_number,source_provided,True,True,1,1,matched,benchmark/results/v2/t160-retest-20261003/quality/runs/t160-quality-20261002T182955Z-75789e35-05-IMP-SCAN-r2/result.json
t160-quality-20261002T182955Z-75789e35-05-IMP-SCAN-r2,IMP-SCAN,2,assisted_corrected,74d666eb-fc46-5106-8ea2-ea5c967c6457,d923e0e6-192e-49f3-bc01-b88713333dfe,ocr_required,order_index,source_provided,True,True,1,1,matched,benchmark/results/v2/t160-retest-20261003/quality/runs/t160-quality-20261002T182955Z-75789e35-05-IMP-SCAN-r2/result.json
t160-quality-20261002T182955Z-75789e35-05-IMP-SCAN-r2,IMP-SCAN,2,assisted_corrected,74d666eb-fc46-5106-8ea2-ea5c967c6457,d923e0e6-192e-49f3-bc01-b88713333dfe,ocr_required,source_page_numbers,source_provided,True,True,[1],[1],matched,benchmark/results/v2/t160-retest-20261003/quality/runs/t160-quality-20261002T182955Z-75789e35-05-IMP-SCAN-r2/result.json
t160-quality-20261002T182955Z-75789e35-05-IMP-SCAN-r2,IMP-SCAN,2,assisted_corrected,74d666eb-fc46-5106-8ea2-ea5c967c6457,d923e0e6-192e-49f3-bc01-b88713333dfe,ocr_required,question_type,source_provided,True,True,SINGLE_CHOICE,SINGLE_CHOICE,matched,benchmark/results/v2/t160-retest-20261003/quality/runs/t160-quality-20261002T182955Z-75789e35-05-IMP-SCAN-r2/result.json
t160-quality-20261002T182955Z-75789e35-05-IMP-SCAN-r2,IMP-SCAN,2,assisted_corrected,74d666eb-fc46-5106-8ea2-ea5c967c6457,d923e0e6-192e-49f3-bc01-b88713333dfe,ocr_required,content,source_provided,True,True,y = 2x + 1，x = 3 时 y 为多少？,y = 2x + 1，x = 3 时 y 为多少？,matched,benchmark/results/v2/t160-retest-20261003/quality/runs/t160-quality-20261002T182955Z-75789e35-05-IMP-SCAN-r2/result.json
t160-quality-20261002T182955Z-75789e35-05-IMP-SCAN-r2,IMP-SCAN,2,assisted_corrected,74d666eb-fc46-5106-8ea2-ea5c967c6457,d923e0e6-192e-49f3-bc01-b88713333dfe,ocr_required,options,source_provided,True,True,"{""C"": ""7"", ""A"": ""5"", ""B"": ""6"", ""D"": ""8""}","{""C"": ""7"", ""A"": ""5"", ""B"": ""6"", ""D"": ""8""}",matched,benchmark/results/v2/t160-retest-20261003/quality/runs/t160-quality-20261002T182955Z-75789e35-05-IMP-SCAN-r2/result.json
t160-quality-20261002T182955Z-75789e35-05-IMP-SCAN-r2,IMP-SCAN,2,assisted_corrected,74d666eb-fc46-5106-8ea2-ea5c967c6457,d923e0e6-192e-49f3-bc01-b88713333dfe,ocr_required,reference_answer,source_provided,True,True,C,C,matched,benchmark/results/v2/t160-retest-20261003/quality/runs/t160-quality-20261002T182955Z-75789e35-05-IMP-SCAN-r2/result.json
t160-quality-20261002T182955Z-75789e35-05-IMP-SCAN-r2,IMP-SCAN,2,assisted_corrected,74d666eb-fc46-5106-8ea2-ea5c967c6457,d923e0e6-192e-49f3-bc01-b88713333dfe,ocr_required,analysis,source_provided,True,True,2 × 3 + 1 = 7。,2 × 3 + 1 = 7。,matched,benchmark/results/v2/t160-retest-20261003/quality/runs/t160-quality-20261002T182955Z-75789e35-05-IMP-SCAN-r2/result.json
t160-quality-20261002T182955Z-75789e35-05-IMP-SCAN-r2,IMP-SCAN,2,assisted_corrected,74d666eb-fc46-5106-8ea2-ea5c967c6457,d923e0e6-192e-49f3-bc01-b88713333dfe,ocr_required,score,source_provided,True,True,2.00,2.00,matched,benchmark/results/v2/t160-retest-20261003/quality/runs/t160-quality-20261002T182955Z-75789e35-05-IMP-SCAN-r2/result.json
t160-quality-20261002T182955Z-75789e35-05-IMP-SCAN-r2,IMP-SCAN,2,assisted_corrected,74d666eb-fc46-5106-8ea2-ea5c967c6457,d923e0e6-192e-49f3-bc01-b88713333dfe,ocr_required,scoring_rubric,known_missing,True,True,,,matched,benchmark/results/v2/t160-retest-20261003/quality/runs/t160-quality-20261002T182955Z-75789e35-05-IMP-SCAN-r2/result.json
t160-quality-20261002T182955Z-75789e35-05-IMP-SCAN-r2,IMP-SCAN,2,assisted_corrected,74d666eb-fc46-5106-8ea2-ea5c967c6457,d923e0e6-192e-49f3-bc01-b88713333dfe,ocr_required,knowledge_points,known_missing,True,True,[],[],matched,benchmark/results/v2/t160-retest-20261003/quality/runs/t160-quality-20261002T182955Z-75789e35-05-IMP-SCAN-r2/result.json
t160-quality-20261002T182955Z-75789e35-05-IMP-SCAN-r2,IMP-SCAN,2,assisted_corrected,74d666eb-fc46-5106-8ea2-ea5c967c6457,d923e0e6-192e-49f3-bc01-b88713333dfe,ocr_required,source_regions,unknown,False,,,,reference_unknown,benchmark/results/v2/t160-retest-20261003/quality/runs/t160-quality-20261002T182955Z-75789e35-05-IMP-SCAN-r2/result.json
t160-quality-20261002T182955Z-75789e35-05-IMP-SCAN-r2,IMP-SCAN,2,assisted_corrected,74d666eb-fc46-5106-8ea2-ea5c967c6457,d923e0e6-192e-49f3-bc01-b88713333dfe,ocr_required,assets,source_provided,True,True,[],[],matched,benchmark/results/v2/t160-retest-20261003/quality/runs/t160-quality-20261002T182955Z-75789e35-05-IMP-SCAN-r2/result.json
t160-quality-20261002T182955Z-75789e35-05-IMP-SCAN-r2,IMP-SCAN,2,assisted_corrected,5f47ee64-edec-5327-9172-bb8454c7640d,c956b8bd-8538-40e9-8f04-5d1fa044665e,ocr_required,question_number,source_provided,True,True,2,2,matched,benchmark/results/v2/t160-retest-20261003/quality/runs/t160-quality-20261002T182955Z-75789e35-05-IMP-SCAN-r2/result.json
t160-quality-20261002T182955Z-75789e35-05-IMP-SCAN-r2,IMP-SCAN,2,assisted_corrected,5f47ee64-edec-5327-9172-bb8454c7640d,c956b8bd-8538-40e9-8f04-5d1fa044665e,ocr_required,order_index,source_provided,True,True,2,2,matched,benchmark/results/v2/t160-retest-20261003/quality/runs/t160-quality-20261002T182955Z-75789e35-05-IMP-SCAN-r2/result.json
t160-quality-20261002T182955Z-75789e35-05-IMP-SCAN-r2,IMP-SCAN,2,assisted_corrected,5f47ee64-edec-5327-9172-bb8454c7640d,c956b8bd-8538-40e9-8f04-5d1fa044665e,ocr_required,source_page_numbers,source_provided,True,True,[1],[1],matched,benchmark/results/v2/t160-retest-20261003/quality/runs/t160-quality-20261002T182955Z-75789e35-05-IMP-SCAN-r2/result.json
t160-quality-20261002T182955Z-75789e35-05-IMP-SCAN-r2,IMP-SCAN,2,assisted_corrected,5f47ee64-edec-5327-9172-bb8454c7640d,c956b8bd-8538-40e9-8f04-5d1fa044665e,ocr_required,question_type,source_provided,True,True,TRUE_FALSE,TRUE_FALSE,matched,benchmark/results/v2/t160-retest-20261003/quality/runs/t160-quality-20261002T182955Z-75789e35-05-IMP-SCAN-r2/result.json
t160-quality-20261002T182955Z-75789e35-05-IMP-SCAN-r2,IMP-SCAN,2,assisted_corrected,5f47ee64-edec-5327-9172-bb8454c7640d,c956b8bd-8538-40e9-8f04-5d1fa044665e,ocr_required,content,source_provided,True,True,右图三角形面积为 24 cm²。,右图三角形面积为 24 cm²。,matched,benchmark/results/v2/t160-retest-20261003/quality/runs/t160-quality-20261002T182955Z-75789e35-05-IMP-SCAN-r2/result.json
t160-quality-20261002T182955Z-75789e35-05-IMP-SCAN-r2,IMP-SCAN,2,assisted_corrected,5f47ee64-edec-5327-9172-bb8454c7640d,c956b8bd-8538-40e9-8f04-5d1fa044665e,ocr_required,options,source_provided,True,True,"[""正确"", ""错误""]","[""正确"", ""错误""]",matched,benchmark/results/v2/t160-retest-20261003/quality/runs/t160-quality-20261002T182955Z-75789e35-05-IMP-SCAN-r2/result.json
t160-quality-20261002T182955Z-75789e35-05-IMP-SCAN-r2,IMP-SCAN,2,assisted_corrected,5f47ee64-edec-5327-9172-bb8454c7640d,c956b8bd-8538-40e9-8f04-5d1fa044665e,ocr_required,reference_answer,known_missing,True,True,,,matched,benchmark/results/v2/t160-retest-20261003/quality/runs/t160-quality-20261002T182955Z-75789e35-05-IMP-SCAN-r2/result.json
t160-quality-20261002T182955Z-75789e35-05-IMP-SCAN-r2,IMP-SCAN,2,assisted_corrected,5f47ee64-edec-5327-9172-bb8454c7640d,c956b8bd-8538-40e9-8f04-5d1fa044665e,ocr_required,analysis,known_missing,True,True,,,matched,benchmark/results/v2/t160-retest-20261003/quality/runs/t160-quality-20261002T182955Z-75789e35-05-IMP-SCAN-r2/result.json
t160-quality-20261002T182955Z-75789e35-05-IMP-SCAN-r2,IMP-SCAN,2,assisted_corrected,5f47ee64-edec-5327-9172-bb8454c7640d,c956b8bd-8538-40e9-8f04-5d1fa044665e,ocr_required,score,source_provided,True,True,2.00,2.00,matched,benchmark/results/v2/t160-retest-20261003/quality/runs/t160-quality-20261002T182955Z-75789e35-05-IMP-SCAN-r2/result.json
t160-quality-20261002T182955Z-75789e35-05-IMP-SCAN-r2,IMP-SCAN,2,assisted_corrected,5f47ee64-edec-5327-9172-bb8454c7640d,c956b8bd-8538-40e9-8f04-5d1fa044665e,ocr_required,scoring_rubric,known_missing,True,True,,,matched,benchmark/results/v2/t160-retest-20261003/quality/runs/t160-quality-20261002T182955Z-75789e35-05-IMP-SCAN-r2/result.json
t160-quality-20261002T182955Z-75789e35-05-IMP-SCAN-r2,IMP-SCAN,2,assisted_corrected,5f47ee64-edec-5327-9172-bb8454c7640d,c956b8bd-8538-40e9-8f04-5d1fa044665e,ocr_required,knowledge_points,known_missing,True,True,[],[],matched,benchmark/results/v2/t160-retest-20261003/quality/runs/t160-quality-20261002T182955Z-75789e35-05-IMP-SCAN-r2/result.json
t160-quality-20261002T182955Z-75789e35-05-IMP-SCAN-r2,IMP-SCAN,2,assisted_corrected,5f47ee64-edec-5327-9172-bb8454c7640d,c956b8bd-8538-40e9-8f04-5d1fa044665e,ocr_required,source_regions,unknown,False,,,,reference_unknown,benchmark/results/v2/t160-retest-20261003/quality/runs/t160-quality-20261002T182955Z-75789e35-05-IMP-SCAN-r2/result.json
t160-quality-20261002T182955Z-75789e35-05-IMP-SCAN-r2,IMP-SCAN,2,assisted_corrected,5f47ee64-edec-5327-9172-bb8454c7640d,c956b8bd-8538-40e9-8f04-5d1fa044665e,ocr_required,assets,source_provided,True,False,"[{""asset_type"": ""figure"", ""source_page_number"": 1, ""order_index"": 1}]",,matched,benchmark/results/v2/t160-retest-20261003/quality/runs/t160-quality-20261002T182955Z-75789e35-05-IMP-SCAN-r2/result.json
t160-quality-20261002T182955Z-75789e35-05-IMP-SCAN-r2,IMP-SCAN,2,assisted_corrected,d6acd365-a6d5-5eb8-9b54-66f26a915094,7b82b959-2bb8-444a-878b-be7125883e65,ocr_required,question_number,source_provided,True,True,3,3,matched,benchmark/results/v2/t160-retest-20261003/quality/runs/t160-quality-20261002T182955Z-75789e35-05-IMP-SCAN-r2/result.json
t160-quality-20261002T182955Z-75789e35-05-IMP-SCAN-r2,IMP-SCAN,2,assisted_corrected,d6acd365-a6d5-5eb8-9b54-66f26a915094,7b82b959-2bb8-444a-878b-be7125883e65,ocr_required,order_index,source_provided,True,True,3,3,matched,benchmark/results/v2/t160-retest-20261003/quality/runs/t160-quality-20261002T182955Z-75789e35-05-IMP-SCAN-r2/result.json
t160-quality-20261002T182955Z-75789e35-05-IMP-SCAN-r2,IMP-SCAN,2,assisted_corrected,d6acd365-a6d5-5eb8-9b54-66f26a915094,7b82b959-2bb8-444a-878b-be7125883e65,ocr_required,source_page_numbers,source_provided,True,True,[1],[1],matched,benchmark/results/v2/t160-retest-20261003/quality/runs/t160-quality-20261002T182955Z-75789e35-05-IMP-SCAN-r2/result.json
t160-quality-20261002T182955Z-75789e35-05-IMP-SCAN-r2,IMP-SCAN,2,assisted_corrected,d6acd365-a6d5-5eb8-9b54-66f26a915094,7b82b959-2bb8-444a-878b-be7125883e65,ocr_required,question_type,source_provided,True,True,SHORT_ANSWER,SHORT_ANSWER,matched,benchmark/results/v2/t160-retest-20261003/quality/runs/t160-quality-20261002T182955Z-75789e35-05-IMP-SCAN-r2/result.json
t160-quality-20261002T182955Z-75789e35-05-IMP-SCAN-r2,IMP-SCAN,2,assisted_corrected,d6acd365-a6d5-5eb8-9b54-66f26a915094,7b82b959-2bb8-444a-878b-be7125883e65,ocr_required,content,source_provided,True,True,根据下表写出 y 关于 x 的关系式。,根据下表写出 y 关于 x 的关系式。,matched,benchmark/results/v2/t160-retest-20261003/quality/runs/t160-quality-20261002T182955Z-75789e35-05-IMP-SCAN-r2/result.json
t160-quality-20261002T182955Z-75789e35-05-IMP-SCAN-r2,IMP-SCAN,2,assisted_corrected,d6acd365-a6d5-5eb8-9b54-66f26a915094,7b82b959-2bb8-444a-878b-be7125883e65,ocr_required,options,not_applicable,True,True,,,matched,benchmark/results/v2/t160-retest-20261003/quality/runs/t160-quality-20261002T182955Z-75789e35-05-IMP-SCAN-r2/result.json
t160-quality-20261002T182955Z-75789e35-05-IMP-SCAN-r2,IMP-SCAN,2,assisted_corrected,d6acd365-a6d5-5eb8-9b54-66f26a915094,7b82b959-2bb8-444a-878b-be7125883e65,ocr_required,reference_answer,known_missing,True,True,,,matched,benchmark/results/v2/t160-retest-20261003/quality/runs/t160-quality-20261002T182955Z-75789e35-05-IMP-SCAN-r2/result.json
t160-quality-20261002T182955Z-75789e35-05-IMP-SCAN-r2,IMP-SCAN,2,assisted_corrected,d6acd365-a6d5-5eb8-9b54-66f26a915094,7b82b959-2bb8-444a-878b-be7125883e65,ocr_required,analysis,known_missing,True,True,,,matched,benchmark/results/v2/t160-retest-20261003/quality/runs/t160-quality-20261002T182955Z-75789e35-05-IMP-SCAN-r2/result.json
t160-quality-20261002T182955Z-75789e35-05-IMP-SCAN-r2,IMP-SCAN,2,assisted_corrected,d6acd365-a6d5-5eb8-9b54-66f26a915094,7b82b959-2bb8-444a-878b-be7125883e65,ocr_required,score,source_provided,True,True,3.00,3.00,matched,benchmark/results/v2/t160-retest-20261003/quality/runs/t160-quality-20261002T182955Z-75789e35-05-IMP-SCAN-r2/result.json
t160-quality-20261002T182955Z-75789e35-05-IMP-SCAN-r2,IMP-SCAN,2,assisted_corrected,d6acd365-a6d5-5eb8-9b54-66f26a915094,7b82b959-2bb8-444a-878b-be7125883e65,ocr_required,scoring_rubric,source_provided,True,True,正确关系式 1.00；说明代入过程 2.00。,正确关系式 1.00；说明代入过程 2.00。,matched,benchmark/results/v2/t160-retest-20261003/quality/runs/t160-quality-20261002T182955Z-75789e35-05-IMP-SCAN-r2/result.json
t160-quality-20261002T182955Z-75789e35-05-IMP-SCAN-r2,IMP-SCAN,2,assisted_corrected,d6acd365-a6d5-5eb8-9b54-66f26a915094,7b82b959-2bb8-444a-878b-be7125883e65,ocr_required,knowledge_points,source_provided,True,True,"[""一次函数"", ""表达与计算""]","[""一次函数"", ""表达与计算""]",matched,benchmark/results/v2/t160-retest-20261003/quality/runs/t160-quality-20261002T182955Z-75789e35-05-IMP-SCAN-r2/result.json
t160-quality-20261002T182955Z-75789e35-05-IMP-SCAN-r2,IMP-SCAN,2,assisted_corrected,d6acd365-a6d5-5eb8-9b54-66f26a915094,7b82b959-2bb8-444a-878b-be7125883e65,ocr_required,source_regions,unknown,False,,,,reference_unknown,benchmark/results/v2/t160-retest-20261003/quality/runs/t160-quality-20261002T182955Z-75789e35-05-IMP-SCAN-r2/result.json
t160-quality-20261002T182955Z-75789e35-05-IMP-SCAN-r2,IMP-SCAN,2,assisted_corrected,d6acd365-a6d5-5eb8-9b54-66f26a915094,7b82b959-2bb8-444a-878b-be7125883e65,ocr_required,assets,source_provided,True,False,"[{""asset_type"": ""table"", ""source_page_number"": 1, ""order_index"": 1}]",,matched,benchmark/results/v2/t160-retest-20261003/quality/runs/t160-quality-20261002T182955Z-75789e35-05-IMP-SCAN-r2/result.json
t160-quality-20261002T182955Z-75789e35-06-IMP-SCAN-r3,IMP-SCAN,3,automatic,74d666eb-fc46-5106-8ea2-ea5c967c6457,ef55b2c3-be47-48c8-b10a-aec79f56df81,ocr_required,question_number,source_provided,True,True,1,1,matched,benchmark/results/v2/t160-retest-20261003/quality/runs/t160-quality-20261002T182955Z-75789e35-06-IMP-SCAN-r3/result.json
t160-quality-20261002T182955Z-75789e35-06-IMP-SCAN-r3,IMP-SCAN,3,automatic,74d666eb-fc46-5106-8ea2-ea5c967c6457,ef55b2c3-be47-48c8-b10a-aec79f56df81,ocr_required,order_index,source_provided,True,False,1,3,matched,benchmark/results/v2/t160-retest-20261003/quality/runs/t160-quality-20261002T182955Z-75789e35-06-IMP-SCAN-r3/result.json
t160-quality-20261002T182955Z-75789e35-06-IMP-SCAN-r3,IMP-SCAN,3,automatic,74d666eb-fc46-5106-8ea2-ea5c967c6457,ef55b2c3-be47-48c8-b10a-aec79f56df81,ocr_required,source_page_numbers,source_provided,True,True,[1],[1],matched,benchmark/results/v2/t160-retest-20261003/quality/runs/t160-quality-20261002T182955Z-75789e35-06-IMP-SCAN-r3/result.json
t160-quality-20261002T182955Z-75789e35-06-IMP-SCAN-r3,IMP-SCAN,3,automatic,74d666eb-fc46-5106-8ea2-ea5c967c6457,ef55b2c3-be47-48c8-b10a-aec79f56df81,ocr_required,question_type,source_provided,True,True,SINGLE_CHOICE,SINGLE_CHOICE,matched,benchmark/results/v2/t160-retest-20261003/quality/runs/t160-quality-20261002T182955Z-75789e35-06-IMP-SCAN-r3/result.json
t160-quality-20261002T182955Z-75789e35-06-IMP-SCAN-r3,IMP-SCAN,3,automatic,74d666eb-fc46-5106-8ea2-ea5c967c6457,ef55b2c3-be47-48c8-b10a-aec79f56df81,ocr_required,content,source_provided,True,False,y = 2x + 1，x = 3 时 y 为多少？,y = 2x +1，x = 3 时y 为多少？,matched,benchmark/results/v2/t160-retest-20261003/quality/runs/t160-quality-20261002T182955Z-75789e35-06-IMP-SCAN-r3/result.json
t160-quality-20261002T182955Z-75789e35-06-IMP-SCAN-r3,IMP-SCAN,3,automatic,74d666eb-fc46-5106-8ea2-ea5c967c6457,ef55b2c3-be47-48c8-b10a-aec79f56df81,ocr_required,options,source_provided,True,True,"{""C"": ""7"", ""A"": ""5"", ""B"": ""6"", ""D"": ""8""}","{""C"": ""7"", ""A"": ""5"", ""B"": ""6"", ""D"": ""8""}",matched,benchmark/results/v2/t160-retest-20261003/quality/runs/t160-quality-20261002T182955Z-75789e35-06-IMP-SCAN-r3/result.json
t160-quality-20261002T182955Z-75789e35-06-IMP-SCAN-r3,IMP-SCAN,3,automatic,74d666eb-fc46-5106-8ea2-ea5c967c6457,ef55b2c3-be47-48c8-b10a-aec79f56df81,ocr_required,reference_answer,source_provided,True,True,C,C,matched,benchmark/results/v2/t160-retest-20261003/quality/runs/t160-quality-20261002T182955Z-75789e35-06-IMP-SCAN-r3/result.json
t160-quality-20261002T182955Z-75789e35-06-IMP-SCAN-r3,IMP-SCAN,3,automatic,74d666eb-fc46-5106-8ea2-ea5c967c6457,ef55b2c3-be47-48c8-b10a-aec79f56df81,ocr_required,analysis,source_provided,True,False,2 × 3 + 1 = 7。,2 × 3 +1=7。,matched,benchmark/results/v2/t160-retest-20261003/quality/runs/t160-quality-20261002T182955Z-75789e35-06-IMP-SCAN-r3/result.json
t160-quality-20261002T182955Z-75789e35-06-IMP-SCAN-r3,IMP-SCAN,3,automatic,74d666eb-fc46-5106-8ea2-ea5c967c6457,ef55b2c3-be47-48c8-b10a-aec79f56df81,ocr_required,score,source_provided,True,True,2.00,2.00,matched,benchmark/results/v2/t160-retest-20261003/quality/runs/t160-quality-20261002T182955Z-75789e35-06-IMP-SCAN-r3/result.json
t160-quality-20261002T182955Z-75789e35-06-IMP-SCAN-r3,IMP-SCAN,3,automatic,74d666eb-fc46-5106-8ea2-ea5c967c6457,ef55b2c3-be47-48c8-b10a-aec79f56df81,ocr_required,scoring_rubric,known_missing,True,True,,,matched,benchmark/results/v2/t160-retest-20261003/quality/runs/t160-quality-20261002T182955Z-75789e35-06-IMP-SCAN-r3/result.json
t160-quality-20261002T182955Z-75789e35-06-IMP-SCAN-r3,IMP-SCAN,3,automatic,74d666eb-fc46-5106-8ea2-ea5c967c6457,ef55b2c3-be47-48c8-b10a-aec79f56df81,ocr_required,knowledge_points,known_missing,True,False,[],,matched,benchmark/results/v2/t160-retest-20261003/quality/runs/t160-quality-20261002T182955Z-75789e35-06-IMP-SCAN-r3/result.json
t160-quality-20261002T182955Z-75789e35-06-IMP-SCAN-r3,IMP-SCAN,3,automatic,74d666eb-fc46-5106-8ea2-ea5c967c6457,ef55b2c3-be47-48c8-b10a-aec79f56df81,ocr_required,source_regions,unknown,False,,,,reference_unknown,benchmark/results/v2/t160-retest-20261003/quality/runs/t160-quality-20261002T182955Z-75789e35-06-IMP-SCAN-r3/result.json
t160-quality-20261002T182955Z-75789e35-06-IMP-SCAN-r3,IMP-SCAN,3,automatic,74d666eb-fc46-5106-8ea2-ea5c967c6457,ef55b2c3-be47-48c8-b10a-aec79f56df81,ocr_required,assets,source_provided,True,False,[],,matched,benchmark/results/v2/t160-retest-20261003/quality/runs/t160-quality-20261002T182955Z-75789e35-06-IMP-SCAN-r3/result.json
t160-quality-20261002T182955Z-75789e35-06-IMP-SCAN-r3,IMP-SCAN,3,automatic,5f47ee64-edec-5327-9172-bb8454c7640d,a1b59b48-6cc5-4e35-916f-4b1eb81e0849,ocr_required,question_number,source_provided,True,True,2,2,matched,benchmark/results/v2/t160-retest-20261003/quality/runs/t160-quality-20261002T182955Z-75789e35-06-IMP-SCAN-r3/result.json
t160-quality-20261002T182955Z-75789e35-06-IMP-SCAN-r3,IMP-SCAN,3,automatic,5f47ee64-edec-5327-9172-bb8454c7640d,a1b59b48-6cc5-4e35-916f-4b1eb81e0849,ocr_required,order_index,source_provided,True,False,2,1,matched,benchmark/results/v2/t160-retest-20261003/quality/runs/t160-quality-20261002T182955Z-75789e35-06-IMP-SCAN-r3/result.json
t160-quality-20261002T182955Z-75789e35-06-IMP-SCAN-r3,IMP-SCAN,3,automatic,5f47ee64-edec-5327-9172-bb8454c7640d,a1b59b48-6cc5-4e35-916f-4b1eb81e0849,ocr_required,source_page_numbers,source_provided,True,True,[1],[1],matched,benchmark/results/v2/t160-retest-20261003/quality/runs/t160-quality-20261002T182955Z-75789e35-06-IMP-SCAN-r3/result.json
t160-quality-20261002T182955Z-75789e35-06-IMP-SCAN-r3,IMP-SCAN,3,automatic,5f47ee64-edec-5327-9172-bb8454c7640d,a1b59b48-6cc5-4e35-916f-4b1eb81e0849,ocr_required,question_type,source_provided,True,True,TRUE_FALSE,TRUE_FALSE,matched,benchmark/results/v2/t160-retest-20261003/quality/runs/t160-quality-20261002T182955Z-75789e35-06-IMP-SCAN-r3/result.json
t160-quality-20261002T182955Z-75789e35-06-IMP-SCAN-r3,IMP-SCAN,3,automatic,5f47ee64-edec-5327-9172-bb8454c7640d,a1b59b48-6cc5-4e35-916f-4b1eb81e0849,ocr_required,content,source_provided,True,False,右图三角形面积为 24 cm²。,右图三角形面积为24cm²。,matched,benchmark/results/v2/t160-retest-20261003/quality/runs/t160-quality-20261002T182955Z-75789e35-06-IMP-SCAN-r3/result.json
t160-quality-20261002T182955Z-75789e35-06-IMP-SCAN-r3,IMP-SCAN,3,automatic,5f47ee64-edec-5327-9172-bb8454c7640d,a1b59b48-6cc5-4e35-916f-4b1eb81e0849,ocr_required,options,source_provided,True,True,"[""正确"", ""错误""]","[""正确"", ""错误""]",matched,benchmark/results/v2/t160-retest-20261003/quality/runs/t160-quality-20261002T182955Z-75789e35-06-IMP-SCAN-r3/result.json
t160-quality-20261002T182955Z-75789e35-06-IMP-SCAN-r3,IMP-SCAN,3,automatic,5f47ee64-edec-5327-9172-bb8454c7640d,a1b59b48-6cc5-4e35-916f-4b1eb81e0849,ocr_required,reference_answer,known_missing,True,True,,,matched,benchmark/results/v2/t160-retest-20261003/quality/runs/t160-quality-20261002T182955Z-75789e35-06-IMP-SCAN-r3/result.json
t160-quality-20261002T182955Z-75789e35-06-IMP-SCAN-r3,IMP-SCAN,3,automatic,5f47ee64-edec-5327-9172-bb8454c7640d,a1b59b48-6cc5-4e35-916f-4b1eb81e0849,ocr_required,analysis,known_missing,True,True,,,matched,benchmark/results/v2/t160-retest-20261003/quality/runs/t160-quality-20261002T182955Z-75789e35-06-IMP-SCAN-r3/result.json
t160-quality-20261002T182955Z-75789e35-06-IMP-SCAN-r3,IMP-SCAN,3,automatic,5f47ee64-edec-5327-9172-bb8454c7640d,a1b59b48-6cc5-4e35-916f-4b1eb81e0849,ocr_required,score,source_provided,True,True,2.00,2.00,matched,benchmark/results/v2/t160-retest-20261003/quality/runs/t160-quality-20261002T182955Z-75789e35-06-IMP-SCAN-r3/result.json
t160-quality-20261002T182955Z-75789e35-06-IMP-SCAN-r3,IMP-SCAN,3,automatic,5f47ee64-edec-5327-9172-bb8454c7640d,a1b59b48-6cc5-4e35-916f-4b1eb81e0849,ocr_required,scoring_rubric,known_missing,True,True,,,matched,benchmark/results/v2/t160-retest-20261003/quality/runs/t160-quality-20261002T182955Z-75789e35-06-IMP-SCAN-r3/result.json
t160-quality-20261002T182955Z-75789e35-06-IMP-SCAN-r3,IMP-SCAN,3,automatic,5f47ee64-edec-5327-9172-bb8454c7640d,a1b59b48-6cc5-4e35-916f-4b1eb81e0849,ocr_required,knowledge_points,known_missing,True,False,[],,matched,benchmark/results/v2/t160-retest-20261003/quality/runs/t160-quality-20261002T182955Z-75789e35-06-IMP-SCAN-r3/result.json
t160-quality-20261002T182955Z-75789e35-06-IMP-SCAN-r3,IMP-SCAN,3,automatic,5f47ee64-edec-5327-9172-bb8454c7640d,a1b59b48-6cc5-4e35-916f-4b1eb81e0849,ocr_required,source_regions,unknown,False,,,,reference_unknown,benchmark/results/v2/t160-retest-20261003/quality/runs/t160-quality-20261002T182955Z-75789e35-06-IMP-SCAN-r3/result.json
t160-quality-20261002T182955Z-75789e35-06-IMP-SCAN-r3,IMP-SCAN,3,automatic,5f47ee64-edec-5327-9172-bb8454c7640d,a1b59b48-6cc5-4e35-916f-4b1eb81e0849,ocr_required,assets,source_provided,True,False,"[{""asset_type"": ""figure"", ""source_page_number"": 1, ""order_index"": 1}]",,matched,benchmark/results/v2/t160-retest-20261003/quality/runs/t160-quality-20261002T182955Z-75789e35-06-IMP-SCAN-r3/result.json
t160-quality-20261002T182955Z-75789e35-06-IMP-SCAN-r3,IMP-SCAN,3,automatic,d6acd365-a6d5-5eb8-9b54-66f26a915094,2d01bc05-a4e3-48e1-a287-369f7391ca6b,ocr_required,question_number,source_provided,True,True,3,3,matched,benchmark/results/v2/t160-retest-20261003/quality/runs/t160-quality-20261002T182955Z-75789e35-06-IMP-SCAN-r3/result.json
t160-quality-20261002T182955Z-75789e35-06-IMP-SCAN-r3,IMP-SCAN,3,automatic,d6acd365-a6d5-5eb8-9b54-66f26a915094,2d01bc05-a4e3-48e1-a287-369f7391ca6b,ocr_required,order_index,source_provided,True,False,3,2,matched,benchmark/results/v2/t160-retest-20261003/quality/runs/t160-quality-20261002T182955Z-75789e35-06-IMP-SCAN-r3/result.json
t160-quality-20261002T182955Z-75789e35-06-IMP-SCAN-r3,IMP-SCAN,3,automatic,d6acd365-a6d5-5eb8-9b54-66f26a915094,2d01bc05-a4e3-48e1-a287-369f7391ca6b,ocr_required,source_page_numbers,source_provided,True,True,[1],[1],matched,benchmark/results/v2/t160-retest-20261003/quality/runs/t160-quality-20261002T182955Z-75789e35-06-IMP-SCAN-r3/result.json
t160-quality-20261002T182955Z-75789e35-06-IMP-SCAN-r3,IMP-SCAN,3,automatic,d6acd365-a6d5-5eb8-9b54-66f26a915094,2d01bc05-a4e3-48e1-a287-369f7391ca6b,ocr_required,question_type,source_provided,True,True,SHORT_ANSWER,SHORT_ANSWER,matched,benchmark/results/v2/t160-retest-20261003/quality/runs/t160-quality-20261002T182955Z-75789e35-06-IMP-SCAN-r3/result.json
t160-quality-20261002T182955Z-75789e35-06-IMP-SCAN-r3,IMP-SCAN,3,automatic,d6acd365-a6d5-5eb8-9b54-66f26a915094,2d01bc05-a4e3-48e1-a287-369f7391ca6b,ocr_required,content,source_provided,True,False,根据下表写出 y 关于 x 的关系式。,"根据下表写出y关于x的关系式。
X
y
1
3
第一行
2
5
第二行
3
7
第三行",matched,benchmark/results/v2/t160-retest-20261003/quality/runs/t160-quality-20261002T182955Z-75789e35-06-IMP-SCAN-r3/result.json
t160-quality-20261002T182955Z-75789e35-06-IMP-SCAN-r3,IMP-SCAN,3,automatic,d6acd365-a6d5-5eb8-9b54-66f26a915094,2d01bc05-a4e3-48e1-a287-369f7391ca6b,ocr_required,options,not_applicable,True,True,,,matched,benchmark/results/v2/t160-retest-20261003/quality/runs/t160-quality-20261002T182955Z-75789e35-06-IMP-SCAN-r3/result.json
t160-quality-20261002T182955Z-75789e35-06-IMP-SCAN-r3,IMP-SCAN,3,automatic,d6acd365-a6d5-5eb8-9b54-66f26a915094,2d01bc05-a4e3-48e1-a287-369f7391ca6b,ocr_required,reference_answer,known_missing,True,True,,,matched,benchmark/results/v2/t160-retest-20261003/quality/runs/t160-quality-20261002T182955Z-75789e35-06-IMP-SCAN-r3/result.json
t160-quality-20261002T182955Z-75789e35-06-IMP-SCAN-r3,IMP-SCAN,3,automatic,d6acd365-a6d5-5eb8-9b54-66f26a915094,2d01bc05-a4e3-48e1-a287-369f7391ca6b,ocr_required,analysis,known_missing,True,True,,,matched,benchmark/results/v2/t160-retest-20261003/quality/runs/t160-quality-20261002T182955Z-75789e35-06-IMP-SCAN-r3/result.json
t160-quality-20261002T182955Z-75789e35-06-IMP-SCAN-r3,IMP-SCAN,3,automatic,d6acd365-a6d5-5eb8-9b54-66f26a915094,2d01bc05-a4e3-48e1-a287-369f7391ca6b,ocr_required,score,source_provided,True,True,3.00,3.00,matched,benchmark/results/v2/t160-retest-20261003/quality/runs/t160-quality-20261002T182955Z-75789e35-06-IMP-SCAN-r3/result.json
t160-quality-20261002T182955Z-75789e35-06-IMP-SCAN-r3,IMP-SCAN,3,automatic,d6acd365-a6d5-5eb8-9b54-66f26a915094,2d01bc05-a4e3-48e1-a287-369f7391ca6b,ocr_required,scoring_rubric,source_provided,True,False,正确关系式 1.00；说明代入过程 2.00。,正确关系式1.00；说明代入过程2.00。,matched,benchmark/results/v2/t160-retest-20261003/quality/runs/t160-quality-20261002T182955Z-75789e35-06-IMP-SCAN-r3/result.json
t160-quality-20261002T182955Z-75789e35-06-IMP-SCAN-r3,IMP-SCAN,3,automatic,d6acd365-a6d5-5eb8-9b54-66f26a915094,2d01bc05-a4e3-48e1-a287-369f7391ca6b,ocr_required,knowledge_points,source_provided,True,True,"[""一次函数"", ""表达与计算""]","[""一次函数"", ""表达与计算""]",matched,benchmark/results/v2/t160-retest-20261003/quality/runs/t160-quality-20261002T182955Z-75789e35-06-IMP-SCAN-r3/result.json
t160-quality-20261002T182955Z-75789e35-06-IMP-SCAN-r3,IMP-SCAN,3,automatic,d6acd365-a6d5-5eb8-9b54-66f26a915094,2d01bc05-a4e3-48e1-a287-369f7391ca6b,ocr_required,source_regions,unknown,False,,,,reference_unknown,benchmark/results/v2/t160-retest-20261003/quality/runs/t160-quality-20261002T182955Z-75789e35-06-IMP-SCAN-r3/result.json
t160-quality-20261002T182955Z-75789e35-06-IMP-SCAN-r3,IMP-SCAN,3,automatic,d6acd365-a6d5-5eb8-9b54-66f26a915094,2d01bc05-a4e3-48e1-a287-369f7391ca6b,ocr_required,assets,source_provided,True,False,"[{""asset_type"": ""table"", ""source_page_number"": 1, ""order_index"": 1}]",,matched,benchmark/results/v2/t160-retest-20261003/quality/runs/t160-quality-20261002T182955Z-75789e35-06-IMP-SCAN-r3/result.json
t160-quality-20261002T182955Z-75789e35-06-IMP-SCAN-r3,IMP-SCAN,3,assisted_corrected,74d666eb-fc46-5106-8ea2-ea5c967c6457,ef55b2c3-be47-48c8-b10a-aec79f56df81,ocr_required,question_number,source_provided,True,True,1,1,matched,benchmark/results/v2/t160-retest-20261003/quality/runs/t160-quality-20261002T182955Z-75789e35-06-IMP-SCAN-r3/result.json
t160-quality-20261002T182955Z-75789e35-06-IMP-SCAN-r3,IMP-SCAN,3,assisted_corrected,74d666eb-fc46-5106-8ea2-ea5c967c6457,ef55b2c3-be47-48c8-b10a-aec79f56df81,ocr_required,order_index,source_provided,True,True,1,1,matched,benchmark/results/v2/t160-retest-20261003/quality/runs/t160-quality-20261002T182955Z-75789e35-06-IMP-SCAN-r3/result.json
t160-quality-20261002T182955Z-75789e35-06-IMP-SCAN-r3,IMP-SCAN,3,assisted_corrected,74d666eb-fc46-5106-8ea2-ea5c967c6457,ef55b2c3-be47-48c8-b10a-aec79f56df81,ocr_required,source_page_numbers,source_provided,True,True,[1],[1],matched,benchmark/results/v2/t160-retest-20261003/quality/runs/t160-quality-20261002T182955Z-75789e35-06-IMP-SCAN-r3/result.json
t160-quality-20261002T182955Z-75789e35-06-IMP-SCAN-r3,IMP-SCAN,3,assisted_corrected,74d666eb-fc46-5106-8ea2-ea5c967c6457,ef55b2c3-be47-48c8-b10a-aec79f56df81,ocr_required,question_type,source_provided,True,True,SINGLE_CHOICE,SINGLE_CHOICE,matched,benchmark/results/v2/t160-retest-20261003/quality/runs/t160-quality-20261002T182955Z-75789e35-06-IMP-SCAN-r3/result.json
t160-quality-20261002T182955Z-75789e35-06-IMP-SCAN-r3,IMP-SCAN,3,assisted_corrected,74d666eb-fc46-5106-8ea2-ea5c967c6457,ef55b2c3-be47-48c8-b10a-aec79f56df81,ocr_required,content,source_provided,True,True,y = 2x + 1，x = 3 时 y 为多少？,y = 2x + 1，x = 3 时 y 为多少？,matched,benchmark/results/v2/t160-retest-20261003/quality/runs/t160-quality-20261002T182955Z-75789e35-06-IMP-SCAN-r3/result.json
t160-quality-20261002T182955Z-75789e35-06-IMP-SCAN-r3,IMP-SCAN,3,assisted_corrected,74d666eb-fc46-5106-8ea2-ea5c967c6457,ef55b2c3-be47-48c8-b10a-aec79f56df81,ocr_required,options,source_provided,True,True,"{""C"": ""7"", ""A"": ""5"", ""B"": ""6"", ""D"": ""8""}","{""C"": ""7"", ""A"": ""5"", ""B"": ""6"", ""D"": ""8""}",matched,benchmark/results/v2/t160-retest-20261003/quality/runs/t160-quality-20261002T182955Z-75789e35-06-IMP-SCAN-r3/result.json
t160-quality-20261002T182955Z-75789e35-06-IMP-SCAN-r3,IMP-SCAN,3,assisted_corrected,74d666eb-fc46-5106-8ea2-ea5c967c6457,ef55b2c3-be47-48c8-b10a-aec79f56df81,ocr_required,reference_answer,source_provided,True,True,C,C,matched,benchmark/results/v2/t160-retest-20261003/quality/runs/t160-quality-20261002T182955Z-75789e35-06-IMP-SCAN-r3/result.json
t160-quality-20261002T182955Z-75789e35-06-IMP-SCAN-r3,IMP-SCAN,3,assisted_corrected,74d666eb-fc46-5106-8ea2-ea5c967c6457,ef55b2c3-be47-48c8-b10a-aec79f56df81,ocr_required,analysis,source_provided,True,True,2 × 3 + 1 = 7。,2 × 3 + 1 = 7。,matched,benchmark/results/v2/t160-retest-20261003/quality/runs/t160-quality-20261002T182955Z-75789e35-06-IMP-SCAN-r3/result.json
t160-quality-20261002T182955Z-75789e35-06-IMP-SCAN-r3,IMP-SCAN,3,assisted_corrected,74d666eb-fc46-5106-8ea2-ea5c967c6457,ef55b2c3-be47-48c8-b10a-aec79f56df81,ocr_required,score,source_provided,True,True,2.00,2.00,matched,benchmark/results/v2/t160-retest-20261003/quality/runs/t160-quality-20261002T182955Z-75789e35-06-IMP-SCAN-r3/result.json
t160-quality-20261002T182955Z-75789e35-06-IMP-SCAN-r3,IMP-SCAN,3,assisted_corrected,74d666eb-fc46-5106-8ea2-ea5c967c6457,ef55b2c3-be47-48c8-b10a-aec79f56df81,ocr_required,scoring_rubric,known_missing,True,True,,,matched,benchmark/results/v2/t160-retest-20261003/quality/runs/t160-quality-20261002T182955Z-75789e35-06-IMP-SCAN-r3/result.json
t160-quality-20261002T182955Z-75789e35-06-IMP-SCAN-r3,IMP-SCAN,3,assisted_corrected,74d666eb-fc46-5106-8ea2-ea5c967c6457,ef55b2c3-be47-48c8-b10a-aec79f56df81,ocr_required,knowledge_points,known_missing,True,True,[],[],matched,benchmark/results/v2/t160-retest-20261003/quality/runs/t160-quality-20261002T182955Z-75789e35-06-IMP-SCAN-r3/result.json
t160-quality-20261002T182955Z-75789e35-06-IMP-SCAN-r3,IMP-SCAN,3,assisted_corrected,74d666eb-fc46-5106-8ea2-ea5c967c6457,ef55b2c3-be47-48c8-b10a-aec79f56df81,ocr_required,source_regions,unknown,False,,,,reference_unknown,benchmark/results/v2/t160-retest-20261003/quality/runs/t160-quality-20261002T182955Z-75789e35-06-IMP-SCAN-r3/result.json
t160-quality-20261002T182955Z-75789e35-06-IMP-SCAN-r3,IMP-SCAN,3,assisted_corrected,74d666eb-fc46-5106-8ea2-ea5c967c6457,ef55b2c3-be47-48c8-b10a-aec79f56df81,ocr_required,assets,source_provided,True,True,[],[],matched,benchmark/results/v2/t160-retest-20261003/quality/runs/t160-quality-20261002T182955Z-75789e35-06-IMP-SCAN-r3/result.json
t160-quality-20261002T182955Z-75789e35-06-IMP-SCAN-r3,IMP-SCAN,3,assisted_corrected,5f47ee64-edec-5327-9172-bb8454c7640d,a1b59b48-6cc5-4e35-916f-4b1eb81e0849,ocr_required,question_number,source_provided,True,True,2,2,matched,benchmark/results/v2/t160-retest-20261003/quality/runs/t160-quality-20261002T182955Z-75789e35-06-IMP-SCAN-r3/result.json
t160-quality-20261002T182955Z-75789e35-06-IMP-SCAN-r3,IMP-SCAN,3,assisted_corrected,5f47ee64-edec-5327-9172-bb8454c7640d,a1b59b48-6cc5-4e35-916f-4b1eb81e0849,ocr_required,order_index,source_provided,True,True,2,2,matched,benchmark/results/v2/t160-retest-20261003/quality/runs/t160-quality-20261002T182955Z-75789e35-06-IMP-SCAN-r3/result.json
t160-quality-20261002T182955Z-75789e35-06-IMP-SCAN-r3,IMP-SCAN,3,assisted_corrected,5f47ee64-edec-5327-9172-bb8454c7640d,a1b59b48-6cc5-4e35-916f-4b1eb81e0849,ocr_required,source_page_numbers,source_provided,True,True,[1],[1],matched,benchmark/results/v2/t160-retest-20261003/quality/runs/t160-quality-20261002T182955Z-75789e35-06-IMP-SCAN-r3/result.json
t160-quality-20261002T182955Z-75789e35-06-IMP-SCAN-r3,IMP-SCAN,3,assisted_corrected,5f47ee64-edec-5327-9172-bb8454c7640d,a1b59b48-6cc5-4e35-916f-4b1eb81e0849,ocr_required,question_type,source_provided,True,True,TRUE_FALSE,TRUE_FALSE,matched,benchmark/results/v2/t160-retest-20261003/quality/runs/t160-quality-20261002T182955Z-75789e35-06-IMP-SCAN-r3/result.json
t160-quality-20261002T182955Z-75789e35-06-IMP-SCAN-r3,IMP-SCAN,3,assisted_corrected,5f47ee64-edec-5327-9172-bb8454c7640d,a1b59b48-6cc5-4e35-916f-4b1eb81e0849,ocr_required,content,source_provided,True,True,右图三角形面积为 24 cm²。,右图三角形面积为 24 cm²。,matched,benchmark/results/v2/t160-retest-20261003/quality/runs/t160-quality-20261002T182955Z-75789e35-06-IMP-SCAN-r3/result.json
t160-quality-20261002T182955Z-75789e35-06-IMP-SCAN-r3,IMP-SCAN,3,assisted_corrected,5f47ee64-edec-5327-9172-bb8454c7640d,a1b59b48-6cc5-4e35-916f-4b1eb81e0849,ocr_required,options,source_provided,True,True,"[""正确"", ""错误""]","[""正确"", ""错误""]",matched,benchmark/results/v2/t160-retest-20261003/quality/runs/t160-quality-20261002T182955Z-75789e35-06-IMP-SCAN-r3/result.json
t160-quality-20261002T182955Z-75789e35-06-IMP-SCAN-r3,IMP-SCAN,3,assisted_corrected,5f47ee64-edec-5327-9172-bb8454c7640d,a1b59b48-6cc5-4e35-916f-4b1eb81e0849,ocr_required,reference_answer,known_missing,True,True,,,matched,benchmark/results/v2/t160-retest-20261003/quality/runs/t160-quality-20261002T182955Z-75789e35-06-IMP-SCAN-r3/result.json
t160-quality-20261002T182955Z-75789e35-06-IMP-SCAN-r3,IMP-SCAN,3,assisted_corrected,5f47ee64-edec-5327-9172-bb8454c7640d,a1b59b48-6cc5-4e35-916f-4b1eb81e0849,ocr_required,analysis,known_missing,True,True,,,matched,benchmark/results/v2/t160-retest-20261003/quality/runs/t160-quality-20261002T182955Z-75789e35-06-IMP-SCAN-r3/result.json
t160-quality-20261002T182955Z-75789e35-06-IMP-SCAN-r3,IMP-SCAN,3,assisted_corrected,5f47ee64-edec-5327-9172-bb8454c7640d,a1b59b48-6cc5-4e35-916f-4b1eb81e0849,ocr_required,score,source_provided,True,True,2.00,2.00,matched,benchmark/results/v2/t160-retest-20261003/quality/runs/t160-quality-20261002T182955Z-75789e35-06-IMP-SCAN-r3/result.json
t160-quality-20261002T182955Z-75789e35-06-IMP-SCAN-r3,IMP-SCAN,3,assisted_corrected,5f47ee64-edec-5327-9172-bb8454c7640d,a1b59b48-6cc5-4e35-916f-4b1eb81e0849,ocr_required,scoring_rubric,known_missing,True,True,,,matched,benchmark/results/v2/t160-retest-20261003/quality/runs/t160-quality-20261002T182955Z-75789e35-06-IMP-SCAN-r3/result.json
t160-quality-20261002T182955Z-75789e35-06-IMP-SCAN-r3,IMP-SCAN,3,assisted_corrected,5f47ee64-edec-5327-9172-bb8454c7640d,a1b59b48-6cc5-4e35-916f-4b1eb81e0849,ocr_required,knowledge_points,known_missing,True,True,[],[],matched,benchmark/results/v2/t160-retest-20261003/quality/runs/t160-quality-20261002T182955Z-75789e35-06-IMP-SCAN-r3/result.json
t160-quality-20261002T182955Z-75789e35-06-IMP-SCAN-r3,IMP-SCAN,3,assisted_corrected,5f47ee64-edec-5327-9172-bb8454c7640d,a1b59b48-6cc5-4e35-916f-4b1eb81e0849,ocr_required,source_regions,unknown,False,,,,reference_unknown,benchmark/results/v2/t160-retest-20261003/quality/runs/t160-quality-20261002T182955Z-75789e35-06-IMP-SCAN-r3/result.json
t160-quality-20261002T182955Z-75789e35-06-IMP-SCAN-r3,IMP-SCAN,3,assisted_corrected,5f47ee64-edec-5327-9172-bb8454c7640d,a1b59b48-6cc5-4e35-916f-4b1eb81e0849,ocr_required,assets,source_provided,True,False,"[{""asset_type"": ""figure"", ""source_page_number"": 1, ""order_index"": 1}]",,matched,benchmark/results/v2/t160-retest-20261003/quality/runs/t160-quality-20261002T182955Z-75789e35-06-IMP-SCAN-r3/result.json
t160-quality-20261002T182955Z-75789e35-06-IMP-SCAN-r3,IMP-SCAN,3,assisted_corrected,d6acd365-a6d5-5eb8-9b54-66f26a915094,2d01bc05-a4e3-48e1-a287-369f7391ca6b,ocr_required,question_number,source_provided,True,True,3,3,matched,benchmark/results/v2/t160-retest-20261003/quality/runs/t160-quality-20261002T182955Z-75789e35-06-IMP-SCAN-r3/result.json
t160-quality-20261002T182955Z-75789e35-06-IMP-SCAN-r3,IMP-SCAN,3,assisted_corrected,d6acd365-a6d5-5eb8-9b54-66f26a915094,2d01bc05-a4e3-48e1-a287-369f7391ca6b,ocr_required,order_index,source_provided,True,True,3,3,matched,benchmark/results/v2/t160-retest-20261003/quality/runs/t160-quality-20261002T182955Z-75789e35-06-IMP-SCAN-r3/result.json
t160-quality-20261002T182955Z-75789e35-06-IMP-SCAN-r3,IMP-SCAN,3,assisted_corrected,d6acd365-a6d5-5eb8-9b54-66f26a915094,2d01bc05-a4e3-48e1-a287-369f7391ca6b,ocr_required,source_page_numbers,source_provided,True,True,[1],[1],matched,benchmark/results/v2/t160-retest-20261003/quality/runs/t160-quality-20261002T182955Z-75789e35-06-IMP-SCAN-r3/result.json
t160-quality-20261002T182955Z-75789e35-06-IMP-SCAN-r3,IMP-SCAN,3,assisted_corrected,d6acd365-a6d5-5eb8-9b54-66f26a915094,2d01bc05-a4e3-48e1-a287-369f7391ca6b,ocr_required,question_type,source_provided,True,True,SHORT_ANSWER,SHORT_ANSWER,matched,benchmark/results/v2/t160-retest-20261003/quality/runs/t160-quality-20261002T182955Z-75789e35-06-IMP-SCAN-r3/result.json
t160-quality-20261002T182955Z-75789e35-06-IMP-SCAN-r3,IMP-SCAN,3,assisted_corrected,d6acd365-a6d5-5eb8-9b54-66f26a915094,2d01bc05-a4e3-48e1-a287-369f7391ca6b,ocr_required,content,source_provided,True,True,根据下表写出 y 关于 x 的关系式。,根据下表写出 y 关于 x 的关系式。,matched,benchmark/results/v2/t160-retest-20261003/quality/runs/t160-quality-20261002T182955Z-75789e35-06-IMP-SCAN-r3/result.json
t160-quality-20261002T182955Z-75789e35-06-IMP-SCAN-r3,IMP-SCAN,3,assisted_corrected,d6acd365-a6d5-5eb8-9b54-66f26a915094,2d01bc05-a4e3-48e1-a287-369f7391ca6b,ocr_required,options,not_applicable,True,True,,,matched,benchmark/results/v2/t160-retest-20261003/quality/runs/t160-quality-20261002T182955Z-75789e35-06-IMP-SCAN-r3/result.json
t160-quality-20261002T182955Z-75789e35-06-IMP-SCAN-r3,IMP-SCAN,3,assisted_corrected,d6acd365-a6d5-5eb8-9b54-66f26a915094,2d01bc05-a4e3-48e1-a287-369f7391ca6b,ocr_required,reference_answer,known_missing,True,True,,,matched,benchmark/results/v2/t160-retest-20261003/quality/runs/t160-quality-20261002T182955Z-75789e35-06-IMP-SCAN-r3/result.json
t160-quality-20261002T182955Z-75789e35-06-IMP-SCAN-r3,IMP-SCAN,3,assisted_corrected,d6acd365-a6d5-5eb8-9b54-66f26a915094,2d01bc05-a4e3-48e1-a287-369f7391ca6b,ocr_required,analysis,known_missing,True,True,,,matched,benchmark/results/v2/t160-retest-20261003/quality/runs/t160-quality-20261002T182955Z-75789e35-06-IMP-SCAN-r3/result.json
t160-quality-20261002T182955Z-75789e35-06-IMP-SCAN-r3,IMP-SCAN,3,assisted_corrected,d6acd365-a6d5-5eb8-9b54-66f26a915094,2d01bc05-a4e3-48e1-a287-369f7391ca6b,ocr_required,score,source_provided,True,True,3.00,3.00,matched,benchmark/results/v2/t160-retest-20261003/quality/runs/t160-quality-20261002T182955Z-75789e35-06-IMP-SCAN-r3/result.json
t160-quality-20261002T182955Z-75789e35-06-IMP-SCAN-r3,IMP-SCAN,3,assisted_corrected,d6acd365-a6d5-5eb8-9b54-66f26a915094,2d01bc05-a4e3-48e1-a287-369f7391ca6b,ocr_required,scoring_rubric,source_provided,True,True,正确关系式 1.00；说明代入过程 2.00。,正确关系式 1.00；说明代入过程 2.00。,matched,benchmark/results/v2/t160-retest-20261003/quality/runs/t160-quality-20261002T182955Z-75789e35-06-IMP-SCAN-r3/result.json
t160-quality-20261002T182955Z-75789e35-06-IMP-SCAN-r3,IMP-SCAN,3,assisted_corrected,d6acd365-a6d5-5eb8-9b54-66f26a915094,2d01bc05-a4e3-48e1-a287-369f7391ca6b,ocr_required,knowledge_points,source_provided,True,True,"[""一次函数"", ""表达与计算""]","[""一次函数"", ""表达与计算""]",matched,benchmark/results/v2/t160-retest-20261003/quality/runs/t160-quality-20261002T182955Z-75789e35-06-IMP-SCAN-r3/result.json
t160-quality-20261002T182955Z-75789e35-06-IMP-SCAN-r3,IMP-SCAN,3,assisted_corrected,d6acd365-a6d5-5eb8-9b54-66f26a915094,2d01bc05-a4e3-48e1-a287-369f7391ca6b,ocr_required,source_regions,unknown,False,,,,reference_unknown,benchmark/results/v2/t160-retest-20261003/quality/runs/t160-quality-20261002T182955Z-75789e35-06-IMP-SCAN-r3/result.json
t160-quality-20261002T182955Z-75789e35-06-IMP-SCAN-r3,IMP-SCAN,3,assisted_corrected,d6acd365-a6d5-5eb8-9b54-66f26a915094,2d01bc05-a4e3-48e1-a287-369f7391ca6b,ocr_required,assets,source_provided,True,False,"[{""asset_type"": ""table"", ""source_page_number"": 1, ""order_index"": 1}]",,matched,benchmark/results/v2/t160-retest-20261003/quality/runs/t160-quality-20261002T182955Z-75789e35-06-IMP-SCAN-r3/result.json
t160-quality-20261002T182955Z-75789e35-07-IMP-IMAGE-r1,IMP-IMAGE,1,automatic,c4d750a5-4dc4-5a35-83e2-dee4ca44aca1,2b32e705-d3d0-4199-8913-085b3e4dc79c,ocr_required,question_number,source_provided,True,True,1,1,matched,benchmark/results/v2/t160-retest-20261003/quality/runs/t160-quality-20261002T182955Z-75789e35-07-IMP-IMAGE-r1/result.json
t160-quality-20261002T182955Z-75789e35-07-IMP-IMAGE-r1,IMP-IMAGE,1,automatic,c4d750a5-4dc4-5a35-83e2-dee4ca44aca1,2b32e705-d3d0-4199-8913-085b3e4dc79c,ocr_required,order_index,source_provided,True,True,1,1,matched,benchmark/results/v2/t160-retest-20261003/quality/runs/t160-quality-20261002T182955Z-75789e35-07-IMP-IMAGE-r1/result.json
t160-quality-20261002T182955Z-75789e35-07-IMP-IMAGE-r1,IMP-IMAGE,1,automatic,c4d750a5-4dc4-5a35-83e2-dee4ca44aca1,2b32e705-d3d0-4199-8913-085b3e4dc79c,ocr_required,source_page_numbers,source_provided,True,True,[1],[1],matched,benchmark/results/v2/t160-retest-20261003/quality/runs/t160-quality-20261002T182955Z-75789e35-07-IMP-IMAGE-r1/result.json
t160-quality-20261002T182955Z-75789e35-07-IMP-IMAGE-r1,IMP-IMAGE,1,automatic,c4d750a5-4dc4-5a35-83e2-dee4ca44aca1,2b32e705-d3d0-4199-8913-085b3e4dc79c,ocr_required,question_type,source_provided,True,True,SINGLE_CHOICE,SINGLE_CHOICE,matched,benchmark/results/v2/t160-retest-20261003/quality/runs/t160-quality-20261002T182955Z-75789e35-07-IMP-IMAGE-r1/result.json
t160-quality-20261002T182955Z-75789e35-07-IMP-IMAGE-r1,IMP-IMAGE,1,automatic,c4d750a5-4dc4-5a35-83e2-dee4ca44aca1,2b32e705-d3d0-4199-8913-085b3e4dc79c,ocr_required,content,source_provided,True,False,y = 2x + 1，x = 3 时 y 为多少？,y = 2x +1，x = 3 时y 为多少？,matched,benchmark/results/v2/t160-retest-20261003/quality/runs/t160-quality-20261002T182955Z-75789e35-07-IMP-IMAGE-r1/result.json
t160-quality-20261002T182955Z-75789e35-07-IMP-IMAGE-r1,IMP-IMAGE,1,automatic,c4d750a5-4dc4-5a35-83e2-dee4ca44aca1,2b32e705-d3d0-4199-8913-085b3e4dc79c,ocr_required,options,source_provided,True,True,"{""C"": ""7"", ""A"": ""5"", ""B"": ""6"", ""D"": ""8""}","{""C"": ""7"", ""A"": ""5"", ""B"": ""6"", ""D"": ""8""}",matched,benchmark/results/v2/t160-retest-20261003/quality/runs/t160-quality-20261002T182955Z-75789e35-07-IMP-IMAGE-r1/result.json
t160-quality-20261002T182955Z-75789e35-07-IMP-IMAGE-r1,IMP-IMAGE,1,automatic,c4d750a5-4dc4-5a35-83e2-dee4ca44aca1,2b32e705-d3d0-4199-8913-085b3e4dc79c,ocr_required,reference_answer,source_provided,True,True,C,C,matched,benchmark/results/v2/t160-retest-20261003/quality/runs/t160-quality-20261002T182955Z-75789e35-07-IMP-IMAGE-r1/result.json
t160-quality-20261002T182955Z-75789e35-07-IMP-IMAGE-r1,IMP-IMAGE,1,automatic,c4d750a5-4dc4-5a35-83e2-dee4ca44aca1,2b32e705-d3d0-4199-8913-085b3e4dc79c,ocr_required,analysis,source_provided,True,False,2 × 3 + 1 = 7。,2 × 3 +1=7。,matched,benchmark/results/v2/t160-retest-20261003/quality/runs/t160-quality-20261002T182955Z-75789e35-07-IMP-IMAGE-r1/result.json
t160-quality-20261002T182955Z-75789e35-07-IMP-IMAGE-r1,IMP-IMAGE,1,automatic,c4d750a5-4dc4-5a35-83e2-dee4ca44aca1,2b32e705-d3d0-4199-8913-085b3e4dc79c,ocr_required,score,source_provided,True,True,2.00,2.00,matched,benchmark/results/v2/t160-retest-20261003/quality/runs/t160-quality-20261002T182955Z-75789e35-07-IMP-IMAGE-r1/result.json
t160-quality-20261002T182955Z-75789e35-07-IMP-IMAGE-r1,IMP-IMAGE,1,automatic,c4d750a5-4dc4-5a35-83e2-dee4ca44aca1,2b32e705-d3d0-4199-8913-085b3e4dc79c,ocr_required,scoring_rubric,known_missing,True,True,,,matched,benchmark/results/v2/t160-retest-20261003/quality/runs/t160-quality-20261002T182955Z-75789e35-07-IMP-IMAGE-r1/result.json
t160-quality-20261002T182955Z-75789e35-07-IMP-IMAGE-r1,IMP-IMAGE,1,automatic,c4d750a5-4dc4-5a35-83e2-dee4ca44aca1,2b32e705-d3d0-4199-8913-085b3e4dc79c,ocr_required,knowledge_points,known_missing,True,False,[],,matched,benchmark/results/v2/t160-retest-20261003/quality/runs/t160-quality-20261002T182955Z-75789e35-07-IMP-IMAGE-r1/result.json
t160-quality-20261002T182955Z-75789e35-07-IMP-IMAGE-r1,IMP-IMAGE,1,automatic,c4d750a5-4dc4-5a35-83e2-dee4ca44aca1,2b32e705-d3d0-4199-8913-085b3e4dc79c,ocr_required,source_regions,unknown,False,,,,reference_unknown,benchmark/results/v2/t160-retest-20261003/quality/runs/t160-quality-20261002T182955Z-75789e35-07-IMP-IMAGE-r1/result.json
t160-quality-20261002T182955Z-75789e35-07-IMP-IMAGE-r1,IMP-IMAGE,1,automatic,c4d750a5-4dc4-5a35-83e2-dee4ca44aca1,2b32e705-d3d0-4199-8913-085b3e4dc79c,ocr_required,assets,source_provided,True,False,[],,matched,benchmark/results/v2/t160-retest-20261003/quality/runs/t160-quality-20261002T182955Z-75789e35-07-IMP-IMAGE-r1/result.json
t160-quality-20261002T182955Z-75789e35-07-IMP-IMAGE-r1,IMP-IMAGE,1,automatic,e418791a-1462-52b7-98fe-396ce71b8d48,052c7974-feb6-4564-8b9e-ff00daeb3e6d,ocr_required,question_number,source_provided,True,True,2,2,matched,benchmark/results/v2/t160-retest-20261003/quality/runs/t160-quality-20261002T182955Z-75789e35-07-IMP-IMAGE-r1/result.json
t160-quality-20261002T182955Z-75789e35-07-IMP-IMAGE-r1,IMP-IMAGE,1,automatic,e418791a-1462-52b7-98fe-396ce71b8d48,052c7974-feb6-4564-8b9e-ff00daeb3e6d,ocr_required,order_index,source_provided,True,True,2,2,matched,benchmark/results/v2/t160-retest-20261003/quality/runs/t160-quality-20261002T182955Z-75789e35-07-IMP-IMAGE-r1/result.json
t160-quality-20261002T182955Z-75789e35-07-IMP-IMAGE-r1,IMP-IMAGE,1,automatic,e418791a-1462-52b7-98fe-396ce71b8d48,052c7974-feb6-4564-8b9e-ff00daeb3e6d,ocr_required,source_page_numbers,source_provided,True,True,[1],[1],matched,benchmark/results/v2/t160-retest-20261003/quality/runs/t160-quality-20261002T182955Z-75789e35-07-IMP-IMAGE-r1/result.json
t160-quality-20261002T182955Z-75789e35-07-IMP-IMAGE-r1,IMP-IMAGE,1,automatic,e418791a-1462-52b7-98fe-396ce71b8d48,052c7974-feb6-4564-8b9e-ff00daeb3e6d,ocr_required,question_type,source_provided,True,True,TRUE_FALSE,TRUE_FALSE,matched,benchmark/results/v2/t160-retest-20261003/quality/runs/t160-quality-20261002T182955Z-75789e35-07-IMP-IMAGE-r1/result.json
t160-quality-20261002T182955Z-75789e35-07-IMP-IMAGE-r1,IMP-IMAGE,1,automatic,e418791a-1462-52b7-98fe-396ce71b8d48,052c7974-feb6-4564-8b9e-ff00daeb3e6d,ocr_required,content,source_provided,True,False,右图三角形面积为 24 cm²。,右图三角形面积为24cm²。,matched,benchmark/results/v2/t160-retest-20261003/quality/runs/t160-quality-20261002T182955Z-75789e35-07-IMP-IMAGE-r1/result.json
t160-quality-20261002T182955Z-75789e35-07-IMP-IMAGE-r1,IMP-IMAGE,1,automatic,e418791a-1462-52b7-98fe-396ce71b8d48,052c7974-feb6-4564-8b9e-ff00daeb3e6d,ocr_required,options,source_provided,True,True,"[""正确"", ""错误""]","[""正确"", ""错误""]",matched,benchmark/results/v2/t160-retest-20261003/quality/runs/t160-quality-20261002T182955Z-75789e35-07-IMP-IMAGE-r1/result.json
t160-quality-20261002T182955Z-75789e35-07-IMP-IMAGE-r1,IMP-IMAGE,1,automatic,e418791a-1462-52b7-98fe-396ce71b8d48,052c7974-feb6-4564-8b9e-ff00daeb3e6d,ocr_required,reference_answer,known_missing,True,True,,,matched,benchmark/results/v2/t160-retest-20261003/quality/runs/t160-quality-20261002T182955Z-75789e35-07-IMP-IMAGE-r1/result.json
t160-quality-20261002T182955Z-75789e35-07-IMP-IMAGE-r1,IMP-IMAGE,1,automatic,e418791a-1462-52b7-98fe-396ce71b8d48,052c7974-feb6-4564-8b9e-ff00daeb3e6d,ocr_required,analysis,known_missing,True,True,,,matched,benchmark/results/v2/t160-retest-20261003/quality/runs/t160-quality-20261002T182955Z-75789e35-07-IMP-IMAGE-r1/result.json
t160-quality-20261002T182955Z-75789e35-07-IMP-IMAGE-r1,IMP-IMAGE,1,automatic,e418791a-1462-52b7-98fe-396ce71b8d48,052c7974-feb6-4564-8b9e-ff00daeb3e6d,ocr_required,score,source_provided,True,True,2.00,2.00,matched,benchmark/results/v2/t160-retest-20261003/quality/runs/t160-quality-20261002T182955Z-75789e35-07-IMP-IMAGE-r1/result.json
t160-quality-20261002T182955Z-75789e35-07-IMP-IMAGE-r1,IMP-IMAGE,1,automatic,e418791a-1462-52b7-98fe-396ce71b8d48,052c7974-feb6-4564-8b9e-ff00daeb3e6d,ocr_required,scoring_rubric,known_missing,True,True,,,matched,benchmark/results/v2/t160-retest-20261003/quality/runs/t160-quality-20261002T182955Z-75789e35-07-IMP-IMAGE-r1/result.json
t160-quality-20261002T182955Z-75789e35-07-IMP-IMAGE-r1,IMP-IMAGE,1,automatic,e418791a-1462-52b7-98fe-396ce71b8d48,052c7974-feb6-4564-8b9e-ff00daeb3e6d,ocr_required,knowledge_points,known_missing,True,False,[],,matched,benchmark/results/v2/t160-retest-20261003/quality/runs/t160-quality-20261002T182955Z-75789e35-07-IMP-IMAGE-r1/result.json
t160-quality-20261002T182955Z-75789e35-07-IMP-IMAGE-r1,IMP-IMAGE,1,automatic,e418791a-1462-52b7-98fe-396ce71b8d48,052c7974-feb6-4564-8b9e-ff00daeb3e6d,ocr_required,source_regions,unknown,False,,,,reference_unknown,benchmark/results/v2/t160-retest-20261003/quality/runs/t160-quality-20261002T182955Z-75789e35-07-IMP-IMAGE-r1/result.json
t160-quality-20261002T182955Z-75789e35-07-IMP-IMAGE-r1,IMP-IMAGE,1,automatic,e418791a-1462-52b7-98fe-396ce71b8d48,052c7974-feb6-4564-8b9e-ff00daeb3e6d,ocr_required,assets,source_provided,True,False,"[{""asset_type"": ""figure"", ""source_page_number"": 1, ""order_index"": 1}]",,matched,benchmark/results/v2/t160-retest-20261003/quality/runs/t160-quality-20261002T182955Z-75789e35-07-IMP-IMAGE-r1/result.json
t160-quality-20261002T182955Z-75789e35-07-IMP-IMAGE-r1,IMP-IMAGE,1,automatic,e5c1555f-e927-575c-b68c-85eb341a3202,a7ebda46-7100-4b1f-ac4e-17a7e43d2168,ocr_required,question_number,source_provided,True,True,3,3,matched,benchmark/results/v2/t160-retest-20261003/quality/runs/t160-quality-20261002T182955Z-75789e35-07-IMP-IMAGE-r1/result.json
t160-quality-20261002T182955Z-75789e35-07-IMP-IMAGE-r1,IMP-IMAGE,1,automatic,e5c1555f-e927-575c-b68c-85eb341a3202,a7ebda46-7100-4b1f-ac4e-17a7e43d2168,ocr_required,order_index,source_provided,True,True,3,3,matched,benchmark/results/v2/t160-retest-20261003/quality/runs/t160-quality-20261002T182955Z-75789e35-07-IMP-IMAGE-r1/result.json
t160-quality-20261002T182955Z-75789e35-07-IMP-IMAGE-r1,IMP-IMAGE,1,automatic,e5c1555f-e927-575c-b68c-85eb341a3202,a7ebda46-7100-4b1f-ac4e-17a7e43d2168,ocr_required,source_page_numbers,source_provided,True,True,[1],[1],matched,benchmark/results/v2/t160-retest-20261003/quality/runs/t160-quality-20261002T182955Z-75789e35-07-IMP-IMAGE-r1/result.json
t160-quality-20261002T182955Z-75789e35-07-IMP-IMAGE-r1,IMP-IMAGE,1,automatic,e5c1555f-e927-575c-b68c-85eb341a3202,a7ebda46-7100-4b1f-ac4e-17a7e43d2168,ocr_required,question_type,source_provided,True,True,SHORT_ANSWER,SHORT_ANSWER,matched,benchmark/results/v2/t160-retest-20261003/quality/runs/t160-quality-20261002T182955Z-75789e35-07-IMP-IMAGE-r1/result.json
t160-quality-20261002T182955Z-75789e35-07-IMP-IMAGE-r1,IMP-IMAGE,1,automatic,e5c1555f-e927-575c-b68c-85eb341a3202,a7ebda46-7100-4b1f-ac4e-17a7e43d2168,ocr_required,content,source_provided,True,False,根据下表写出 y 关于 x 的关系式。,根据下表写出y关于x的关系式。,matched,benchmark/results/v2/t160-retest-20261003/quality/runs/t160-quality-20261002T182955Z-75789e35-07-IMP-IMAGE-r1/result.json
t160-quality-20261002T182955Z-75789e35-07-IMP-IMAGE-r1,IMP-IMAGE,1,automatic,e5c1555f-e927-575c-b68c-85eb341a3202,a7ebda46-7100-4b1f-ac4e-17a7e43d2168,ocr_required,options,not_applicable,True,True,,,matched,benchmark/results/v2/t160-retest-20261003/quality/runs/t160-quality-20261002T182955Z-75789e35-07-IMP-IMAGE-r1/result.json
t160-quality-20261002T182955Z-75789e35-07-IMP-IMAGE-r1,IMP-IMAGE,1,automatic,e5c1555f-e927-575c-b68c-85eb341a3202,a7ebda46-7100-4b1f-ac4e-17a7e43d2168,ocr_required,reference_answer,known_missing,True,True,,,matched,benchmark/results/v2/t160-retest-20261003/quality/runs/t160-quality-20261002T182955Z-75789e35-07-IMP-IMAGE-r1/result.json
t160-quality-20261002T182955Z-75789e35-07-IMP-IMAGE-r1,IMP-IMAGE,1,automatic,e5c1555f-e927-575c-b68c-85eb341a3202,a7ebda46-7100-4b1f-ac4e-17a7e43d2168,ocr_required,analysis,known_missing,True,True,,,matched,benchmark/results/v2/t160-retest-20261003/quality/runs/t160-quality-20261002T182955Z-75789e35-07-IMP-IMAGE-r1/result.json
t160-quality-20261002T182955Z-75789e35-07-IMP-IMAGE-r1,IMP-IMAGE,1,automatic,e5c1555f-e927-575c-b68c-85eb341a3202,a7ebda46-7100-4b1f-ac4e-17a7e43d2168,ocr_required,score,source_provided,True,True,3.00,3.00,matched,benchmark/results/v2/t160-retest-20261003/quality/runs/t160-quality-20261002T182955Z-75789e35-07-IMP-IMAGE-r1/result.json
t160-quality-20261002T182955Z-75789e35-07-IMP-IMAGE-r1,IMP-IMAGE,1,automatic,e5c1555f-e927-575c-b68c-85eb341a3202,a7ebda46-7100-4b1f-ac4e-17a7e43d2168,ocr_required,scoring_rubric,source_provided,True,False,正确关系式 1.00；说明代入过程 2.00。,正确关系式1.00；说明代入过程2.00。,matched,benchmark/results/v2/t160-retest-20261003/quality/runs/t160-quality-20261002T182955Z-75789e35-07-IMP-IMAGE-r1/result.json
t160-quality-20261002T182955Z-75789e35-07-IMP-IMAGE-r1,IMP-IMAGE,1,automatic,e5c1555f-e927-575c-b68c-85eb341a3202,a7ebda46-7100-4b1f-ac4e-17a7e43d2168,ocr_required,knowledge_points,source_provided,True,True,"[""一次函数"", ""表达与计算""]","[""一次函数"", ""表达与计算""]",matched,benchmark/results/v2/t160-retest-20261003/quality/runs/t160-quality-20261002T182955Z-75789e35-07-IMP-IMAGE-r1/result.json
t160-quality-20261002T182955Z-75789e35-07-IMP-IMAGE-r1,IMP-IMAGE,1,automatic,e5c1555f-e927-575c-b68c-85eb341a3202,a7ebda46-7100-4b1f-ac4e-17a7e43d2168,ocr_required,source_regions,unknown,False,,,,reference_unknown,benchmark/results/v2/t160-retest-20261003/quality/runs/t160-quality-20261002T182955Z-75789e35-07-IMP-IMAGE-r1/result.json
t160-quality-20261002T182955Z-75789e35-07-IMP-IMAGE-r1,IMP-IMAGE,1,automatic,e5c1555f-e927-575c-b68c-85eb341a3202,a7ebda46-7100-4b1f-ac4e-17a7e43d2168,ocr_required,assets,source_provided,True,False,"[{""asset_type"": ""table"", ""source_page_number"": 1, ""order_index"": 1}]",,matched,benchmark/results/v2/t160-retest-20261003/quality/runs/t160-quality-20261002T182955Z-75789e35-07-IMP-IMAGE-r1/result.json
t160-quality-20261002T182955Z-75789e35-07-IMP-IMAGE-r1,IMP-IMAGE,1,assisted_corrected,c4d750a5-4dc4-5a35-83e2-dee4ca44aca1,2b32e705-d3d0-4199-8913-085b3e4dc79c,ocr_required,question_number,source_provided,True,True,1,1,matched,benchmark/results/v2/t160-retest-20261003/quality/runs/t160-quality-20261002T182955Z-75789e35-07-IMP-IMAGE-r1/result.json
t160-quality-20261002T182955Z-75789e35-07-IMP-IMAGE-r1,IMP-IMAGE,1,assisted_corrected,c4d750a5-4dc4-5a35-83e2-dee4ca44aca1,2b32e705-d3d0-4199-8913-085b3e4dc79c,ocr_required,order_index,source_provided,True,True,1,1,matched,benchmark/results/v2/t160-retest-20261003/quality/runs/t160-quality-20261002T182955Z-75789e35-07-IMP-IMAGE-r1/result.json
t160-quality-20261002T182955Z-75789e35-07-IMP-IMAGE-r1,IMP-IMAGE,1,assisted_corrected,c4d750a5-4dc4-5a35-83e2-dee4ca44aca1,2b32e705-d3d0-4199-8913-085b3e4dc79c,ocr_required,source_page_numbers,source_provided,True,True,[1],[1],matched,benchmark/results/v2/t160-retest-20261003/quality/runs/t160-quality-20261002T182955Z-75789e35-07-IMP-IMAGE-r1/result.json
t160-quality-20261002T182955Z-75789e35-07-IMP-IMAGE-r1,IMP-IMAGE,1,assisted_corrected,c4d750a5-4dc4-5a35-83e2-dee4ca44aca1,2b32e705-d3d0-4199-8913-085b3e4dc79c,ocr_required,question_type,source_provided,True,True,SINGLE_CHOICE,SINGLE_CHOICE,matched,benchmark/results/v2/t160-retest-20261003/quality/runs/t160-quality-20261002T182955Z-75789e35-07-IMP-IMAGE-r1/result.json
t160-quality-20261002T182955Z-75789e35-07-IMP-IMAGE-r1,IMP-IMAGE,1,assisted_corrected,c4d750a5-4dc4-5a35-83e2-dee4ca44aca1,2b32e705-d3d0-4199-8913-085b3e4dc79c,ocr_required,content,source_provided,True,True,y = 2x + 1，x = 3 时 y 为多少？,y = 2x + 1，x = 3 时 y 为多少？,matched,benchmark/results/v2/t160-retest-20261003/quality/runs/t160-quality-20261002T182955Z-75789e35-07-IMP-IMAGE-r1/result.json
t160-quality-20261002T182955Z-75789e35-07-IMP-IMAGE-r1,IMP-IMAGE,1,assisted_corrected,c4d750a5-4dc4-5a35-83e2-dee4ca44aca1,2b32e705-d3d0-4199-8913-085b3e4dc79c,ocr_required,options,source_provided,True,True,"{""C"": ""7"", ""A"": ""5"", ""B"": ""6"", ""D"": ""8""}","{""C"": ""7"", ""A"": ""5"", ""B"": ""6"", ""D"": ""8""}",matched,benchmark/results/v2/t160-retest-20261003/quality/runs/t160-quality-20261002T182955Z-75789e35-07-IMP-IMAGE-r1/result.json
t160-quality-20261002T182955Z-75789e35-07-IMP-IMAGE-r1,IMP-IMAGE,1,assisted_corrected,c4d750a5-4dc4-5a35-83e2-dee4ca44aca1,2b32e705-d3d0-4199-8913-085b3e4dc79c,ocr_required,reference_answer,source_provided,True,True,C,C,matched,benchmark/results/v2/t160-retest-20261003/quality/runs/t160-quality-20261002T182955Z-75789e35-07-IMP-IMAGE-r1/result.json
t160-quality-20261002T182955Z-75789e35-07-IMP-IMAGE-r1,IMP-IMAGE,1,assisted_corrected,c4d750a5-4dc4-5a35-83e2-dee4ca44aca1,2b32e705-d3d0-4199-8913-085b3e4dc79c,ocr_required,analysis,source_provided,True,True,2 × 3 + 1 = 7。,2 × 3 + 1 = 7。,matched,benchmark/results/v2/t160-retest-20261003/quality/runs/t160-quality-20261002T182955Z-75789e35-07-IMP-IMAGE-r1/result.json
t160-quality-20261002T182955Z-75789e35-07-IMP-IMAGE-r1,IMP-IMAGE,1,assisted_corrected,c4d750a5-4dc4-5a35-83e2-dee4ca44aca1,2b32e705-d3d0-4199-8913-085b3e4dc79c,ocr_required,score,source_provided,True,True,2.00,2.00,matched,benchmark/results/v2/t160-retest-20261003/quality/runs/t160-quality-20261002T182955Z-75789e35-07-IMP-IMAGE-r1/result.json
t160-quality-20261002T182955Z-75789e35-07-IMP-IMAGE-r1,IMP-IMAGE,1,assisted_corrected,c4d750a5-4dc4-5a35-83e2-dee4ca44aca1,2b32e705-d3d0-4199-8913-085b3e4dc79c,ocr_required,scoring_rubric,known_missing,True,True,,,matched,benchmark/results/v2/t160-retest-20261003/quality/runs/t160-quality-20261002T182955Z-75789e35-07-IMP-IMAGE-r1/result.json
t160-quality-20261002T182955Z-75789e35-07-IMP-IMAGE-r1,IMP-IMAGE,1,assisted_corrected,c4d750a5-4dc4-5a35-83e2-dee4ca44aca1,2b32e705-d3d0-4199-8913-085b3e4dc79c,ocr_required,knowledge_points,known_missing,True,True,[],[],matched,benchmark/results/v2/t160-retest-20261003/quality/runs/t160-quality-20261002T182955Z-75789e35-07-IMP-IMAGE-r1/result.json
t160-quality-20261002T182955Z-75789e35-07-IMP-IMAGE-r1,IMP-IMAGE,1,assisted_corrected,c4d750a5-4dc4-5a35-83e2-dee4ca44aca1,2b32e705-d3d0-4199-8913-085b3e4dc79c,ocr_required,source_regions,unknown,False,,,,reference_unknown,benchmark/results/v2/t160-retest-20261003/quality/runs/t160-quality-20261002T182955Z-75789e35-07-IMP-IMAGE-r1/result.json
t160-quality-20261002T182955Z-75789e35-07-IMP-IMAGE-r1,IMP-IMAGE,1,assisted_corrected,c4d750a5-4dc4-5a35-83e2-dee4ca44aca1,2b32e705-d3d0-4199-8913-085b3e4dc79c,ocr_required,assets,source_provided,True,True,[],[],matched,benchmark/results/v2/t160-retest-20261003/quality/runs/t160-quality-20261002T182955Z-75789e35-07-IMP-IMAGE-r1/result.json
t160-quality-20261002T182955Z-75789e35-07-IMP-IMAGE-r1,IMP-IMAGE,1,assisted_corrected,e418791a-1462-52b7-98fe-396ce71b8d48,052c7974-feb6-4564-8b9e-ff00daeb3e6d,ocr_required,question_number,source_provided,True,True,2,2,matched,benchmark/results/v2/t160-retest-20261003/quality/runs/t160-quality-20261002T182955Z-75789e35-07-IMP-IMAGE-r1/result.json
t160-quality-20261002T182955Z-75789e35-07-IMP-IMAGE-r1,IMP-IMAGE,1,assisted_corrected,e418791a-1462-52b7-98fe-396ce71b8d48,052c7974-feb6-4564-8b9e-ff00daeb3e6d,ocr_required,order_index,source_provided,True,True,2,2,matched,benchmark/results/v2/t160-retest-20261003/quality/runs/t160-quality-20261002T182955Z-75789e35-07-IMP-IMAGE-r1/result.json
t160-quality-20261002T182955Z-75789e35-07-IMP-IMAGE-r1,IMP-IMAGE,1,assisted_corrected,e418791a-1462-52b7-98fe-396ce71b8d48,052c7974-feb6-4564-8b9e-ff00daeb3e6d,ocr_required,source_page_numbers,source_provided,True,True,[1],[1],matched,benchmark/results/v2/t160-retest-20261003/quality/runs/t160-quality-20261002T182955Z-75789e35-07-IMP-IMAGE-r1/result.json
t160-quality-20261002T182955Z-75789e35-07-IMP-IMAGE-r1,IMP-IMAGE,1,assisted_corrected,e418791a-1462-52b7-98fe-396ce71b8d48,052c7974-feb6-4564-8b9e-ff00daeb3e6d,ocr_required,question_type,source_provided,True,True,TRUE_FALSE,TRUE_FALSE,matched,benchmark/results/v2/t160-retest-20261003/quality/runs/t160-quality-20261002T182955Z-75789e35-07-IMP-IMAGE-r1/result.json
t160-quality-20261002T182955Z-75789e35-07-IMP-IMAGE-r1,IMP-IMAGE,1,assisted_corrected,e418791a-1462-52b7-98fe-396ce71b8d48,052c7974-feb6-4564-8b9e-ff00daeb3e6d,ocr_required,content,source_provided,True,True,右图三角形面积为 24 cm²。,右图三角形面积为 24 cm²。,matched,benchmark/results/v2/t160-retest-20261003/quality/runs/t160-quality-20261002T182955Z-75789e35-07-IMP-IMAGE-r1/result.json
t160-quality-20261002T182955Z-75789e35-07-IMP-IMAGE-r1,IMP-IMAGE,1,assisted_corrected,e418791a-1462-52b7-98fe-396ce71b8d48,052c7974-feb6-4564-8b9e-ff00daeb3e6d,ocr_required,options,source_provided,True,True,"[""正确"", ""错误""]","[""正确"", ""错误""]",matched,benchmark/results/v2/t160-retest-20261003/quality/runs/t160-quality-20261002T182955Z-75789e35-07-IMP-IMAGE-r1/result.json
t160-quality-20261002T182955Z-75789e35-07-IMP-IMAGE-r1,IMP-IMAGE,1,assisted_corrected,e418791a-1462-52b7-98fe-396ce71b8d48,052c7974-feb6-4564-8b9e-ff00daeb3e6d,ocr_required,reference_answer,known_missing,True,True,,,matched,benchmark/results/v2/t160-retest-20261003/quality/runs/t160-quality-20261002T182955Z-75789e35-07-IMP-IMAGE-r1/result.json
t160-quality-20261002T182955Z-75789e35-07-IMP-IMAGE-r1,IMP-IMAGE,1,assisted_corrected,e418791a-1462-52b7-98fe-396ce71b8d48,052c7974-feb6-4564-8b9e-ff00daeb3e6d,ocr_required,analysis,known_missing,True,True,,,matched,benchmark/results/v2/t160-retest-20261003/quality/runs/t160-quality-20261002T182955Z-75789e35-07-IMP-IMAGE-r1/result.json
t160-quality-20261002T182955Z-75789e35-07-IMP-IMAGE-r1,IMP-IMAGE,1,assisted_corrected,e418791a-1462-52b7-98fe-396ce71b8d48,052c7974-feb6-4564-8b9e-ff00daeb3e6d,ocr_required,score,source_provided,True,True,2.00,2.00,matched,benchmark/results/v2/t160-retest-20261003/quality/runs/t160-quality-20261002T182955Z-75789e35-07-IMP-IMAGE-r1/result.json
t160-quality-20261002T182955Z-75789e35-07-IMP-IMAGE-r1,IMP-IMAGE,1,assisted_corrected,e418791a-1462-52b7-98fe-396ce71b8d48,052c7974-feb6-4564-8b9e-ff00daeb3e6d,ocr_required,scoring_rubric,known_missing,True,True,,,matched,benchmark/results/v2/t160-retest-20261003/quality/runs/t160-quality-20261002T182955Z-75789e35-07-IMP-IMAGE-r1/result.json
t160-quality-20261002T182955Z-75789e35-07-IMP-IMAGE-r1,IMP-IMAGE,1,assisted_corrected,e418791a-1462-52b7-98fe-396ce71b8d48,052c7974-feb6-4564-8b9e-ff00daeb3e6d,ocr_required,knowledge_points,known_missing,True,True,[],[],matched,benchmark/results/v2/t160-retest-20261003/quality/runs/t160-quality-20261002T182955Z-75789e35-07-IMP-IMAGE-r1/result.json
t160-quality-20261002T182955Z-75789e35-07-IMP-IMAGE-r1,IMP-IMAGE,1,assisted_corrected,e418791a-1462-52b7-98fe-396ce71b8d48,052c7974-feb6-4564-8b9e-ff00daeb3e6d,ocr_required,source_regions,unknown,False,,,,reference_unknown,benchmark/results/v2/t160-retest-20261003/quality/runs/t160-quality-20261002T182955Z-75789e35-07-IMP-IMAGE-r1/result.json
t160-quality-20261002T182955Z-75789e35-07-IMP-IMAGE-r1,IMP-IMAGE,1,assisted_corrected,e418791a-1462-52b7-98fe-396ce71b8d48,052c7974-feb6-4564-8b9e-ff00daeb3e6d,ocr_required,assets,source_provided,True,False,"[{""asset_type"": ""figure"", ""source_page_number"": 1, ""order_index"": 1}]",,matched,benchmark/results/v2/t160-retest-20261003/quality/runs/t160-quality-20261002T182955Z-75789e35-07-IMP-IMAGE-r1/result.json
t160-quality-20261002T182955Z-75789e35-07-IMP-IMAGE-r1,IMP-IMAGE,1,assisted_corrected,e5c1555f-e927-575c-b68c-85eb341a3202,a7ebda46-7100-4b1f-ac4e-17a7e43d2168,ocr_required,question_number,source_provided,True,True,3,3,matched,benchmark/results/v2/t160-retest-20261003/quality/runs/t160-quality-20261002T182955Z-75789e35-07-IMP-IMAGE-r1/result.json
t160-quality-20261002T182955Z-75789e35-07-IMP-IMAGE-r1,IMP-IMAGE,1,assisted_corrected,e5c1555f-e927-575c-b68c-85eb341a3202,a7ebda46-7100-4b1f-ac4e-17a7e43d2168,ocr_required,order_index,source_provided,True,True,3,3,matched,benchmark/results/v2/t160-retest-20261003/quality/runs/t160-quality-20261002T182955Z-75789e35-07-IMP-IMAGE-r1/result.json
t160-quality-20261002T182955Z-75789e35-07-IMP-IMAGE-r1,IMP-IMAGE,1,assisted_corrected,e5c1555f-e927-575c-b68c-85eb341a3202,a7ebda46-7100-4b1f-ac4e-17a7e43d2168,ocr_required,source_page_numbers,source_provided,True,True,[1],[1],matched,benchmark/results/v2/t160-retest-20261003/quality/runs/t160-quality-20261002T182955Z-75789e35-07-IMP-IMAGE-r1/result.json
t160-quality-20261002T182955Z-75789e35-07-IMP-IMAGE-r1,IMP-IMAGE,1,assisted_corrected,e5c1555f-e927-575c-b68c-85eb341a3202,a7ebda46-7100-4b1f-ac4e-17a7e43d2168,ocr_required,question_type,source_provided,True,True,SHORT_ANSWER,SHORT_ANSWER,matched,benchmark/results/v2/t160-retest-20261003/quality/runs/t160-quality-20261002T182955Z-75789e35-07-IMP-IMAGE-r1/result.json
t160-quality-20261002T182955Z-75789e35-07-IMP-IMAGE-r1,IMP-IMAGE,1,assisted_corrected,e5c1555f-e927-575c-b68c-85eb341a3202,a7ebda46-7100-4b1f-ac4e-17a7e43d2168,ocr_required,content,source_provided,True,True,根据下表写出 y 关于 x 的关系式。,根据下表写出 y 关于 x 的关系式。,matched,benchmark/results/v2/t160-retest-20261003/quality/runs/t160-quality-20261002T182955Z-75789e35-07-IMP-IMAGE-r1/result.json
t160-quality-20261002T182955Z-75789e35-07-IMP-IMAGE-r1,IMP-IMAGE,1,assisted_corrected,e5c1555f-e927-575c-b68c-85eb341a3202,a7ebda46-7100-4b1f-ac4e-17a7e43d2168,ocr_required,options,not_applicable,True,True,,,matched,benchmark/results/v2/t160-retest-20261003/quality/runs/t160-quality-20261002T182955Z-75789e35-07-IMP-IMAGE-r1/result.json
t160-quality-20261002T182955Z-75789e35-07-IMP-IMAGE-r1,IMP-IMAGE,1,assisted_corrected,e5c1555f-e927-575c-b68c-85eb341a3202,a7ebda46-7100-4b1f-ac4e-17a7e43d2168,ocr_required,reference_answer,known_missing,True,True,,,matched,benchmark/results/v2/t160-retest-20261003/quality/runs/t160-quality-20261002T182955Z-75789e35-07-IMP-IMAGE-r1/result.json
t160-quality-20261002T182955Z-75789e35-07-IMP-IMAGE-r1,IMP-IMAGE,1,assisted_corrected,e5c1555f-e927-575c-b68c-85eb341a3202,a7ebda46-7100-4b1f-ac4e-17a7e43d2168,ocr_required,analysis,known_missing,True,True,,,matched,benchmark/results/v2/t160-retest-20261003/quality/runs/t160-quality-20261002T182955Z-75789e35-07-IMP-IMAGE-r1/result.json
t160-quality-20261002T182955Z-75789e35-07-IMP-IMAGE-r1,IMP-IMAGE,1,assisted_corrected,e5c1555f-e927-575c-b68c-85eb341a3202,a7ebda46-7100-4b1f-ac4e-17a7e43d2168,ocr_required,score,source_provided,True,True,3.00,3.00,matched,benchmark/results/v2/t160-retest-20261003/quality/runs/t160-quality-20261002T182955Z-75789e35-07-IMP-IMAGE-r1/result.json
t160-quality-20261002T182955Z-75789e35-07-IMP-IMAGE-r1,IMP-IMAGE,1,assisted_corrected,e5c1555f-e927-575c-b68c-85eb341a3202,a7ebda46-7100-4b1f-ac4e-17a7e43d2168,ocr_required,scoring_rubric,source_provided,True,True,正确关系式 1.00；说明代入过程 2.00。,正确关系式 1.00；说明代入过程 2.00。,matched,benchmark/results/v2/t160-retest-20261003/quality/runs/t160-quality-20261002T182955Z-75789e35-07-IMP-IMAGE-r1/result.json
t160-quality-20261002T182955Z-75789e35-07-IMP-IMAGE-r1,IMP-IMAGE,1,assisted_corrected,e5c1555f-e927-575c-b68c-85eb341a3202,a7ebda46-7100-4b1f-ac4e-17a7e43d2168,ocr_required,knowledge_points,source_provided,True,True,"[""一次函数"", ""表达与计算""]","[""一次函数"", ""表达与计算""]",matched,benchmark/results/v2/t160-retest-20261003/quality/runs/t160-quality-20261002T182955Z-75789e35-07-IMP-IMAGE-r1/result.json
t160-quality-20261002T182955Z-75789e35-07-IMP-IMAGE-r1,IMP-IMAGE,1,assisted_corrected,e5c1555f-e927-575c-b68c-85eb341a3202,a7ebda46-7100-4b1f-ac4e-17a7e43d2168,ocr_required,source_regions,unknown,False,,,,reference_unknown,benchmark/results/v2/t160-retest-20261003/quality/runs/t160-quality-20261002T182955Z-75789e35-07-IMP-IMAGE-r1/result.json
t160-quality-20261002T182955Z-75789e35-07-IMP-IMAGE-r1,IMP-IMAGE,1,assisted_corrected,e5c1555f-e927-575c-b68c-85eb341a3202,a7ebda46-7100-4b1f-ac4e-17a7e43d2168,ocr_required,assets,source_provided,True,False,"[{""asset_type"": ""table"", ""source_page_number"": 1, ""order_index"": 1}]",,matched,benchmark/results/v2/t160-retest-20261003/quality/runs/t160-quality-20261002T182955Z-75789e35-07-IMP-IMAGE-r1/result.json
t160-quality-20261002T182955Z-75789e35-08-IMP-IMAGE-r2,IMP-IMAGE,2,automatic,c4d750a5-4dc4-5a35-83e2-dee4ca44aca1,5cf3eb8f-ec4e-4bd5-a793-74ab8916a94c,ocr_required,question_number,source_provided,True,True,1,1,matched,benchmark/results/v2/t160-retest-20261003/quality/runs/t160-quality-20261002T182955Z-75789e35-08-IMP-IMAGE-r2/result.json
t160-quality-20261002T182955Z-75789e35-08-IMP-IMAGE-r2,IMP-IMAGE,2,automatic,c4d750a5-4dc4-5a35-83e2-dee4ca44aca1,5cf3eb8f-ec4e-4bd5-a793-74ab8916a94c,ocr_required,order_index,source_provided,True,True,1,1,matched,benchmark/results/v2/t160-retest-20261003/quality/runs/t160-quality-20261002T182955Z-75789e35-08-IMP-IMAGE-r2/result.json
t160-quality-20261002T182955Z-75789e35-08-IMP-IMAGE-r2,IMP-IMAGE,2,automatic,c4d750a5-4dc4-5a35-83e2-dee4ca44aca1,5cf3eb8f-ec4e-4bd5-a793-74ab8916a94c,ocr_required,source_page_numbers,source_provided,True,True,[1],[1],matched,benchmark/results/v2/t160-retest-20261003/quality/runs/t160-quality-20261002T182955Z-75789e35-08-IMP-IMAGE-r2/result.json
t160-quality-20261002T182955Z-75789e35-08-IMP-IMAGE-r2,IMP-IMAGE,2,automatic,c4d750a5-4dc4-5a35-83e2-dee4ca44aca1,5cf3eb8f-ec4e-4bd5-a793-74ab8916a94c,ocr_required,question_type,source_provided,True,True,SINGLE_CHOICE,SINGLE_CHOICE,matched,benchmark/results/v2/t160-retest-20261003/quality/runs/t160-quality-20261002T182955Z-75789e35-08-IMP-IMAGE-r2/result.json
t160-quality-20261002T182955Z-75789e35-08-IMP-IMAGE-r2,IMP-IMAGE,2,automatic,c4d750a5-4dc4-5a35-83e2-dee4ca44aca1,5cf3eb8f-ec4e-4bd5-a793-74ab8916a94c,ocr_required,content,source_provided,True,False,y = 2x + 1，x = 3 时 y 为多少？,y = 2x +1，x = 3 时y 为多少？,matched,benchmark/results/v2/t160-retest-20261003/quality/runs/t160-quality-20261002T182955Z-75789e35-08-IMP-IMAGE-r2/result.json
t160-quality-20261002T182955Z-75789e35-08-IMP-IMAGE-r2,IMP-IMAGE,2,automatic,c4d750a5-4dc4-5a35-83e2-dee4ca44aca1,5cf3eb8f-ec4e-4bd5-a793-74ab8916a94c,ocr_required,options,source_provided,True,True,"{""C"": ""7"", ""A"": ""5"", ""B"": ""6"", ""D"": ""8""}","{""C"": ""7"", ""A"": ""5"", ""B"": ""6"", ""D"": ""8""}",matched,benchmark/results/v2/t160-retest-20261003/quality/runs/t160-quality-20261002T182955Z-75789e35-08-IMP-IMAGE-r2/result.json
t160-quality-20261002T182955Z-75789e35-08-IMP-IMAGE-r2,IMP-IMAGE,2,automatic,c4d750a5-4dc4-5a35-83e2-dee4ca44aca1,5cf3eb8f-ec4e-4bd5-a793-74ab8916a94c,ocr_required,reference_answer,source_provided,True,True,C,C,matched,benchmark/results/v2/t160-retest-20261003/quality/runs/t160-quality-20261002T182955Z-75789e35-08-IMP-IMAGE-r2/result.json
t160-quality-20261002T182955Z-75789e35-08-IMP-IMAGE-r2,IMP-IMAGE,2,automatic,c4d750a5-4dc4-5a35-83e2-dee4ca44aca1,5cf3eb8f-ec4e-4bd5-a793-74ab8916a94c,ocr_required,analysis,source_provided,True,False,2 × 3 + 1 = 7。,2 × 3 +1=7。,matched,benchmark/results/v2/t160-retest-20261003/quality/runs/t160-quality-20261002T182955Z-75789e35-08-IMP-IMAGE-r2/result.json
t160-quality-20261002T182955Z-75789e35-08-IMP-IMAGE-r2,IMP-IMAGE,2,automatic,c4d750a5-4dc4-5a35-83e2-dee4ca44aca1,5cf3eb8f-ec4e-4bd5-a793-74ab8916a94c,ocr_required,score,source_provided,True,True,2.00,2.00,matched,benchmark/results/v2/t160-retest-20261003/quality/runs/t160-quality-20261002T182955Z-75789e35-08-IMP-IMAGE-r2/result.json
t160-quality-20261002T182955Z-75789e35-08-IMP-IMAGE-r2,IMP-IMAGE,2,automatic,c4d750a5-4dc4-5a35-83e2-dee4ca44aca1,5cf3eb8f-ec4e-4bd5-a793-74ab8916a94c,ocr_required,scoring_rubric,known_missing,True,True,,,matched,benchmark/results/v2/t160-retest-20261003/quality/runs/t160-quality-20261002T182955Z-75789e35-08-IMP-IMAGE-r2/result.json
t160-quality-20261002T182955Z-75789e35-08-IMP-IMAGE-r2,IMP-IMAGE,2,automatic,c4d750a5-4dc4-5a35-83e2-dee4ca44aca1,5cf3eb8f-ec4e-4bd5-a793-74ab8916a94c,ocr_required,knowledge_points,known_missing,True,False,[],,matched,benchmark/results/v2/t160-retest-20261003/quality/runs/t160-quality-20261002T182955Z-75789e35-08-IMP-IMAGE-r2/result.json
t160-quality-20261002T182955Z-75789e35-08-IMP-IMAGE-r2,IMP-IMAGE,2,automatic,c4d750a5-4dc4-5a35-83e2-dee4ca44aca1,5cf3eb8f-ec4e-4bd5-a793-74ab8916a94c,ocr_required,source_regions,unknown,False,,,,reference_unknown,benchmark/results/v2/t160-retest-20261003/quality/runs/t160-quality-20261002T182955Z-75789e35-08-IMP-IMAGE-r2/result.json
t160-quality-20261002T182955Z-75789e35-08-IMP-IMAGE-r2,IMP-IMAGE,2,automatic,c4d750a5-4dc4-5a35-83e2-dee4ca44aca1,5cf3eb8f-ec4e-4bd5-a793-74ab8916a94c,ocr_required,assets,source_provided,True,False,[],,matched,benchmark/results/v2/t160-retest-20261003/quality/runs/t160-quality-20261002T182955Z-75789e35-08-IMP-IMAGE-r2/result.json
t160-quality-20261002T182955Z-75789e35-08-IMP-IMAGE-r2,IMP-IMAGE,2,automatic,e418791a-1462-52b7-98fe-396ce71b8d48,74800003-31a7-4f4e-a20c-18f16b1f328d,ocr_required,question_number,source_provided,True,True,2,2,matched,benchmark/results/v2/t160-retest-20261003/quality/runs/t160-quality-20261002T182955Z-75789e35-08-IMP-IMAGE-r2/result.json
t160-quality-20261002T182955Z-75789e35-08-IMP-IMAGE-r2,IMP-IMAGE,2,automatic,e418791a-1462-52b7-98fe-396ce71b8d48,74800003-31a7-4f4e-a20c-18f16b1f328d,ocr_required,order_index,source_provided,True,True,2,2,matched,benchmark/results/v2/t160-retest-20261003/quality/runs/t160-quality-20261002T182955Z-75789e35-08-IMP-IMAGE-r2/result.json
t160-quality-20261002T182955Z-75789e35-08-IMP-IMAGE-r2,IMP-IMAGE,2,automatic,e418791a-1462-52b7-98fe-396ce71b8d48,74800003-31a7-4f4e-a20c-18f16b1f328d,ocr_required,source_page_numbers,source_provided,True,True,[1],[1],matched,benchmark/results/v2/t160-retest-20261003/quality/runs/t160-quality-20261002T182955Z-75789e35-08-IMP-IMAGE-r2/result.json
t160-quality-20261002T182955Z-75789e35-08-IMP-IMAGE-r2,IMP-IMAGE,2,automatic,e418791a-1462-52b7-98fe-396ce71b8d48,74800003-31a7-4f4e-a20c-18f16b1f328d,ocr_required,question_type,source_provided,True,True,TRUE_FALSE,TRUE_FALSE,matched,benchmark/results/v2/t160-retest-20261003/quality/runs/t160-quality-20261002T182955Z-75789e35-08-IMP-IMAGE-r2/result.json
t160-quality-20261002T182955Z-75789e35-08-IMP-IMAGE-r2,IMP-IMAGE,2,automatic,e418791a-1462-52b7-98fe-396ce71b8d48,74800003-31a7-4f4e-a20c-18f16b1f328d,ocr_required,content,source_provided,True,False,右图三角形面积为 24 cm²。,右图三角形面积为24cm²。,matched,benchmark/results/v2/t160-retest-20261003/quality/runs/t160-quality-20261002T182955Z-75789e35-08-IMP-IMAGE-r2/result.json
t160-quality-20261002T182955Z-75789e35-08-IMP-IMAGE-r2,IMP-IMAGE,2,automatic,e418791a-1462-52b7-98fe-396ce71b8d48,74800003-31a7-4f4e-a20c-18f16b1f328d,ocr_required,options,source_provided,True,True,"[""正确"", ""错误""]","[""正确"", ""错误""]",matched,benchmark/results/v2/t160-retest-20261003/quality/runs/t160-quality-20261002T182955Z-75789e35-08-IMP-IMAGE-r2/result.json
t160-quality-20261002T182955Z-75789e35-08-IMP-IMAGE-r2,IMP-IMAGE,2,automatic,e418791a-1462-52b7-98fe-396ce71b8d48,74800003-31a7-4f4e-a20c-18f16b1f328d,ocr_required,reference_answer,known_missing,True,True,,,matched,benchmark/results/v2/t160-retest-20261003/quality/runs/t160-quality-20261002T182955Z-75789e35-08-IMP-IMAGE-r2/result.json
t160-quality-20261002T182955Z-75789e35-08-IMP-IMAGE-r2,IMP-IMAGE,2,automatic,e418791a-1462-52b7-98fe-396ce71b8d48,74800003-31a7-4f4e-a20c-18f16b1f328d,ocr_required,analysis,known_missing,True,True,,,matched,benchmark/results/v2/t160-retest-20261003/quality/runs/t160-quality-20261002T182955Z-75789e35-08-IMP-IMAGE-r2/result.json
t160-quality-20261002T182955Z-75789e35-08-IMP-IMAGE-r2,IMP-IMAGE,2,automatic,e418791a-1462-52b7-98fe-396ce71b8d48,74800003-31a7-4f4e-a20c-18f16b1f328d,ocr_required,score,source_provided,True,True,2.00,2.00,matched,benchmark/results/v2/t160-retest-20261003/quality/runs/t160-quality-20261002T182955Z-75789e35-08-IMP-IMAGE-r2/result.json
t160-quality-20261002T182955Z-75789e35-08-IMP-IMAGE-r2,IMP-IMAGE,2,automatic,e418791a-1462-52b7-98fe-396ce71b8d48,74800003-31a7-4f4e-a20c-18f16b1f328d,ocr_required,scoring_rubric,known_missing,True,True,,,matched,benchmark/results/v2/t160-retest-20261003/quality/runs/t160-quality-20261002T182955Z-75789e35-08-IMP-IMAGE-r2/result.json
t160-quality-20261002T182955Z-75789e35-08-IMP-IMAGE-r2,IMP-IMAGE,2,automatic,e418791a-1462-52b7-98fe-396ce71b8d48,74800003-31a7-4f4e-a20c-18f16b1f328d,ocr_required,knowledge_points,known_missing,True,False,[],,matched,benchmark/results/v2/t160-retest-20261003/quality/runs/t160-quality-20261002T182955Z-75789e35-08-IMP-IMAGE-r2/result.json
t160-quality-20261002T182955Z-75789e35-08-IMP-IMAGE-r2,IMP-IMAGE,2,automatic,e418791a-1462-52b7-98fe-396ce71b8d48,74800003-31a7-4f4e-a20c-18f16b1f328d,ocr_required,source_regions,unknown,False,,,,reference_unknown,benchmark/results/v2/t160-retest-20261003/quality/runs/t160-quality-20261002T182955Z-75789e35-08-IMP-IMAGE-r2/result.json
t160-quality-20261002T182955Z-75789e35-08-IMP-IMAGE-r2,IMP-IMAGE,2,automatic,e418791a-1462-52b7-98fe-396ce71b8d48,74800003-31a7-4f4e-a20c-18f16b1f328d,ocr_required,assets,source_provided,True,False,"[{""asset_type"": ""figure"", ""source_page_number"": 1, ""order_index"": 1}]",,matched,benchmark/results/v2/t160-retest-20261003/quality/runs/t160-quality-20261002T182955Z-75789e35-08-IMP-IMAGE-r2/result.json
t160-quality-20261002T182955Z-75789e35-08-IMP-IMAGE-r2,IMP-IMAGE,2,automatic,e5c1555f-e927-575c-b68c-85eb341a3202,c413a5c1-edd9-4086-bf1d-f96a2e5b3353,ocr_required,question_number,source_provided,True,True,3,3,matched,benchmark/results/v2/t160-retest-20261003/quality/runs/t160-quality-20261002T182955Z-75789e35-08-IMP-IMAGE-r2/result.json
t160-quality-20261002T182955Z-75789e35-08-IMP-IMAGE-r2,IMP-IMAGE,2,automatic,e5c1555f-e927-575c-b68c-85eb341a3202,c413a5c1-edd9-4086-bf1d-f96a2e5b3353,ocr_required,order_index,source_provided,True,True,3,3,matched,benchmark/results/v2/t160-retest-20261003/quality/runs/t160-quality-20261002T182955Z-75789e35-08-IMP-IMAGE-r2/result.json
t160-quality-20261002T182955Z-75789e35-08-IMP-IMAGE-r2,IMP-IMAGE,2,automatic,e5c1555f-e927-575c-b68c-85eb341a3202,c413a5c1-edd9-4086-bf1d-f96a2e5b3353,ocr_required,source_page_numbers,source_provided,True,True,[1],[1],matched,benchmark/results/v2/t160-retest-20261003/quality/runs/t160-quality-20261002T182955Z-75789e35-08-IMP-IMAGE-r2/result.json
t160-quality-20261002T182955Z-75789e35-08-IMP-IMAGE-r2,IMP-IMAGE,2,automatic,e5c1555f-e927-575c-b68c-85eb341a3202,c413a5c1-edd9-4086-bf1d-f96a2e5b3353,ocr_required,question_type,source_provided,True,True,SHORT_ANSWER,SHORT_ANSWER,matched,benchmark/results/v2/t160-retest-20261003/quality/runs/t160-quality-20261002T182955Z-75789e35-08-IMP-IMAGE-r2/result.json
t160-quality-20261002T182955Z-75789e35-08-IMP-IMAGE-r2,IMP-IMAGE,2,automatic,e5c1555f-e927-575c-b68c-85eb341a3202,c413a5c1-edd9-4086-bf1d-f96a2e5b3353,ocr_required,content,source_provided,True,False,根据下表写出 y 关于 x 的关系式。,根据下表写出y关于x的关系式。,matched,benchmark/results/v2/t160-retest-20261003/quality/runs/t160-quality-20261002T182955Z-75789e35-08-IMP-IMAGE-r2/result.json
t160-quality-20261002T182955Z-75789e35-08-IMP-IMAGE-r2,IMP-IMAGE,2,automatic,e5c1555f-e927-575c-b68c-85eb341a3202,c413a5c1-edd9-4086-bf1d-f96a2e5b3353,ocr_required,options,not_applicable,True,True,,,matched,benchmark/results/v2/t160-retest-20261003/quality/runs/t160-quality-20261002T182955Z-75789e35-08-IMP-IMAGE-r2/result.json
t160-quality-20261002T182955Z-75789e35-08-IMP-IMAGE-r2,IMP-IMAGE,2,automatic,e5c1555f-e927-575c-b68c-85eb341a3202,c413a5c1-edd9-4086-bf1d-f96a2e5b3353,ocr_required,reference_answer,known_missing,True,True,,,matched,benchmark/results/v2/t160-retest-20261003/quality/runs/t160-quality-20261002T182955Z-75789e35-08-IMP-IMAGE-r2/result.json
t160-quality-20261002T182955Z-75789e35-08-IMP-IMAGE-r2,IMP-IMAGE,2,automatic,e5c1555f-e927-575c-b68c-85eb341a3202,c413a5c1-edd9-4086-bf1d-f96a2e5b3353,ocr_required,analysis,known_missing,True,True,,,matched,benchmark/results/v2/t160-retest-20261003/quality/runs/t160-quality-20261002T182955Z-75789e35-08-IMP-IMAGE-r2/result.json
t160-quality-20261002T182955Z-75789e35-08-IMP-IMAGE-r2,IMP-IMAGE,2,automatic,e5c1555f-e927-575c-b68c-85eb341a3202,c413a5c1-edd9-4086-bf1d-f96a2e5b3353,ocr_required,score,source_provided,True,True,3.00,3.00,matched,benchmark/results/v2/t160-retest-20261003/quality/runs/t160-quality-20261002T182955Z-75789e35-08-IMP-IMAGE-r2/result.json
t160-quality-20261002T182955Z-75789e35-08-IMP-IMAGE-r2,IMP-IMAGE,2,automatic,e5c1555f-e927-575c-b68c-85eb341a3202,c413a5c1-edd9-4086-bf1d-f96a2e5b3353,ocr_required,scoring_rubric,source_provided,True,False,正确关系式 1.00；说明代入过程 2.00。,正确关系式1.00；说明代入过程2.00。,matched,benchmark/results/v2/t160-retest-20261003/quality/runs/t160-quality-20261002T182955Z-75789e35-08-IMP-IMAGE-r2/result.json
t160-quality-20261002T182955Z-75789e35-08-IMP-IMAGE-r2,IMP-IMAGE,2,automatic,e5c1555f-e927-575c-b68c-85eb341a3202,c413a5c1-edd9-4086-bf1d-f96a2e5b3353,ocr_required,knowledge_points,source_provided,True,True,"[""一次函数"", ""表达与计算""]","[""一次函数"", ""表达与计算""]",matched,benchmark/results/v2/t160-retest-20261003/quality/runs/t160-quality-20261002T182955Z-75789e35-08-IMP-IMAGE-r2/result.json
t160-quality-20261002T182955Z-75789e35-08-IMP-IMAGE-r2,IMP-IMAGE,2,automatic,e5c1555f-e927-575c-b68c-85eb341a3202,c413a5c1-edd9-4086-bf1d-f96a2e5b3353,ocr_required,source_regions,unknown,False,,,,reference_unknown,benchmark/results/v2/t160-retest-20261003/quality/runs/t160-quality-20261002T182955Z-75789e35-08-IMP-IMAGE-r2/result.json
t160-quality-20261002T182955Z-75789e35-08-IMP-IMAGE-r2,IMP-IMAGE,2,automatic,e5c1555f-e927-575c-b68c-85eb341a3202,c413a5c1-edd9-4086-bf1d-f96a2e5b3353,ocr_required,assets,source_provided,True,False,"[{""asset_type"": ""table"", ""source_page_number"": 1, ""order_index"": 1}]",,matched,benchmark/results/v2/t160-retest-20261003/quality/runs/t160-quality-20261002T182955Z-75789e35-08-IMP-IMAGE-r2/result.json
t160-quality-20261002T182955Z-75789e35-08-IMP-IMAGE-r2,IMP-IMAGE,2,assisted_corrected,c4d750a5-4dc4-5a35-83e2-dee4ca44aca1,5cf3eb8f-ec4e-4bd5-a793-74ab8916a94c,ocr_required,question_number,source_provided,True,True,1,1,matched,benchmark/results/v2/t160-retest-20261003/quality/runs/t160-quality-20261002T182955Z-75789e35-08-IMP-IMAGE-r2/result.json
t160-quality-20261002T182955Z-75789e35-08-IMP-IMAGE-r2,IMP-IMAGE,2,assisted_corrected,c4d750a5-4dc4-5a35-83e2-dee4ca44aca1,5cf3eb8f-ec4e-4bd5-a793-74ab8916a94c,ocr_required,order_index,source_provided,True,True,1,1,matched,benchmark/results/v2/t160-retest-20261003/quality/runs/t160-quality-20261002T182955Z-75789e35-08-IMP-IMAGE-r2/result.json
t160-quality-20261002T182955Z-75789e35-08-IMP-IMAGE-r2,IMP-IMAGE,2,assisted_corrected,c4d750a5-4dc4-5a35-83e2-dee4ca44aca1,5cf3eb8f-ec4e-4bd5-a793-74ab8916a94c,ocr_required,source_page_numbers,source_provided,True,True,[1],[1],matched,benchmark/results/v2/t160-retest-20261003/quality/runs/t160-quality-20261002T182955Z-75789e35-08-IMP-IMAGE-r2/result.json
t160-quality-20261002T182955Z-75789e35-08-IMP-IMAGE-r2,IMP-IMAGE,2,assisted_corrected,c4d750a5-4dc4-5a35-83e2-dee4ca44aca1,5cf3eb8f-ec4e-4bd5-a793-74ab8916a94c,ocr_required,question_type,source_provided,True,True,SINGLE_CHOICE,SINGLE_CHOICE,matched,benchmark/results/v2/t160-retest-20261003/quality/runs/t160-quality-20261002T182955Z-75789e35-08-IMP-IMAGE-r2/result.json
t160-quality-20261002T182955Z-75789e35-08-IMP-IMAGE-r2,IMP-IMAGE,2,assisted_corrected,c4d750a5-4dc4-5a35-83e2-dee4ca44aca1,5cf3eb8f-ec4e-4bd5-a793-74ab8916a94c,ocr_required,content,source_provided,True,True,y = 2x + 1，x = 3 时 y 为多少？,y = 2x + 1，x = 3 时 y 为多少？,matched,benchmark/results/v2/t160-retest-20261003/quality/runs/t160-quality-20261002T182955Z-75789e35-08-IMP-IMAGE-r2/result.json
t160-quality-20261002T182955Z-75789e35-08-IMP-IMAGE-r2,IMP-IMAGE,2,assisted_corrected,c4d750a5-4dc4-5a35-83e2-dee4ca44aca1,5cf3eb8f-ec4e-4bd5-a793-74ab8916a94c,ocr_required,options,source_provided,True,True,"{""C"": ""7"", ""A"": ""5"", ""B"": ""6"", ""D"": ""8""}","{""C"": ""7"", ""A"": ""5"", ""B"": ""6"", ""D"": ""8""}",matched,benchmark/results/v2/t160-retest-20261003/quality/runs/t160-quality-20261002T182955Z-75789e35-08-IMP-IMAGE-r2/result.json
t160-quality-20261002T182955Z-75789e35-08-IMP-IMAGE-r2,IMP-IMAGE,2,assisted_corrected,c4d750a5-4dc4-5a35-83e2-dee4ca44aca1,5cf3eb8f-ec4e-4bd5-a793-74ab8916a94c,ocr_required,reference_answer,source_provided,True,True,C,C,matched,benchmark/results/v2/t160-retest-20261003/quality/runs/t160-quality-20261002T182955Z-75789e35-08-IMP-IMAGE-r2/result.json
t160-quality-20261002T182955Z-75789e35-08-IMP-IMAGE-r2,IMP-IMAGE,2,assisted_corrected,c4d750a5-4dc4-5a35-83e2-dee4ca44aca1,5cf3eb8f-ec4e-4bd5-a793-74ab8916a94c,ocr_required,analysis,source_provided,True,True,2 × 3 + 1 = 7。,2 × 3 + 1 = 7。,matched,benchmark/results/v2/t160-retest-20261003/quality/runs/t160-quality-20261002T182955Z-75789e35-08-IMP-IMAGE-r2/result.json
t160-quality-20261002T182955Z-75789e35-08-IMP-IMAGE-r2,IMP-IMAGE,2,assisted_corrected,c4d750a5-4dc4-5a35-83e2-dee4ca44aca1,5cf3eb8f-ec4e-4bd5-a793-74ab8916a94c,ocr_required,score,source_provided,True,True,2.00,2.00,matched,benchmark/results/v2/t160-retest-20261003/quality/runs/t160-quality-20261002T182955Z-75789e35-08-IMP-IMAGE-r2/result.json
t160-quality-20261002T182955Z-75789e35-08-IMP-IMAGE-r2,IMP-IMAGE,2,assisted_corrected,c4d750a5-4dc4-5a35-83e2-dee4ca44aca1,5cf3eb8f-ec4e-4bd5-a793-74ab8916a94c,ocr_required,scoring_rubric,known_missing,True,True,,,matched,benchmark/results/v2/t160-retest-20261003/quality/runs/t160-quality-20261002T182955Z-75789e35-08-IMP-IMAGE-r2/result.json
t160-quality-20261002T182955Z-75789e35-08-IMP-IMAGE-r2,IMP-IMAGE,2,assisted_corrected,c4d750a5-4dc4-5a35-83e2-dee4ca44aca1,5cf3eb8f-ec4e-4bd5-a793-74ab8916a94c,ocr_required,knowledge_points,known_missing,True,True,[],[],matched,benchmark/results/v2/t160-retest-20261003/quality/runs/t160-quality-20261002T182955Z-75789e35-08-IMP-IMAGE-r2/result.json
t160-quality-20261002T182955Z-75789e35-08-IMP-IMAGE-r2,IMP-IMAGE,2,assisted_corrected,c4d750a5-4dc4-5a35-83e2-dee4ca44aca1,5cf3eb8f-ec4e-4bd5-a793-74ab8916a94c,ocr_required,source_regions,unknown,False,,,,reference_unknown,benchmark/results/v2/t160-retest-20261003/quality/runs/t160-quality-20261002T182955Z-75789e35-08-IMP-IMAGE-r2/result.json
t160-quality-20261002T182955Z-75789e35-08-IMP-IMAGE-r2,IMP-IMAGE,2,assisted_corrected,c4d750a5-4dc4-5a35-83e2-dee4ca44aca1,5cf3eb8f-ec4e-4bd5-a793-74ab8916a94c,ocr_required,assets,source_provided,True,True,[],[],matched,benchmark/results/v2/t160-retest-20261003/quality/runs/t160-quality-20261002T182955Z-75789e35-08-IMP-IMAGE-r2/result.json
t160-quality-20261002T182955Z-75789e35-08-IMP-IMAGE-r2,IMP-IMAGE,2,assisted_corrected,e418791a-1462-52b7-98fe-396ce71b8d48,74800003-31a7-4f4e-a20c-18f16b1f328d,ocr_required,question_number,source_provided,True,True,2,2,matched,benchmark/results/v2/t160-retest-20261003/quality/runs/t160-quality-20261002T182955Z-75789e35-08-IMP-IMAGE-r2/result.json
t160-quality-20261002T182955Z-75789e35-08-IMP-IMAGE-r2,IMP-IMAGE,2,assisted_corrected,e418791a-1462-52b7-98fe-396ce71b8d48,74800003-31a7-4f4e-a20c-18f16b1f328d,ocr_required,order_index,source_provided,True,True,2,2,matched,benchmark/results/v2/t160-retest-20261003/quality/runs/t160-quality-20261002T182955Z-75789e35-08-IMP-IMAGE-r2/result.json
t160-quality-20261002T182955Z-75789e35-08-IMP-IMAGE-r2,IMP-IMAGE,2,assisted_corrected,e418791a-1462-52b7-98fe-396ce71b8d48,74800003-31a7-4f4e-a20c-18f16b1f328d,ocr_required,source_page_numbers,source_provided,True,True,[1],[1],matched,benchmark/results/v2/t160-retest-20261003/quality/runs/t160-quality-20261002T182955Z-75789e35-08-IMP-IMAGE-r2/result.json
t160-quality-20261002T182955Z-75789e35-08-IMP-IMAGE-r2,IMP-IMAGE,2,assisted_corrected,e418791a-1462-52b7-98fe-396ce71b8d48,74800003-31a7-4f4e-a20c-18f16b1f328d,ocr_required,question_type,source_provided,True,True,TRUE_FALSE,TRUE_FALSE,matched,benchmark/results/v2/t160-retest-20261003/quality/runs/t160-quality-20261002T182955Z-75789e35-08-IMP-IMAGE-r2/result.json
t160-quality-20261002T182955Z-75789e35-08-IMP-IMAGE-r2,IMP-IMAGE,2,assisted_corrected,e418791a-1462-52b7-98fe-396ce71b8d48,74800003-31a7-4f4e-a20c-18f16b1f328d,ocr_required,content,source_provided,True,True,右图三角形面积为 24 cm²。,右图三角形面积为 24 cm²。,matched,benchmark/results/v2/t160-retest-20261003/quality/runs/t160-quality-20261002T182955Z-75789e35-08-IMP-IMAGE-r2/result.json
t160-quality-20261002T182955Z-75789e35-08-IMP-IMAGE-r2,IMP-IMAGE,2,assisted_corrected,e418791a-1462-52b7-98fe-396ce71b8d48,74800003-31a7-4f4e-a20c-18f16b1f328d,ocr_required,options,source_provided,True,True,"[""正确"", ""错误""]","[""正确"", ""错误""]",matched,benchmark/results/v2/t160-retest-20261003/quality/runs/t160-quality-20261002T182955Z-75789e35-08-IMP-IMAGE-r2/result.json
t160-quality-20261002T182955Z-75789e35-08-IMP-IMAGE-r2,IMP-IMAGE,2,assisted_corrected,e418791a-1462-52b7-98fe-396ce71b8d48,74800003-31a7-4f4e-a20c-18f16b1f328d,ocr_required,reference_answer,known_missing,True,True,,,matched,benchmark/results/v2/t160-retest-20261003/quality/runs/t160-quality-20261002T182955Z-75789e35-08-IMP-IMAGE-r2/result.json
t160-quality-20261002T182955Z-75789e35-08-IMP-IMAGE-r2,IMP-IMAGE,2,assisted_corrected,e418791a-1462-52b7-98fe-396ce71b8d48,74800003-31a7-4f4e-a20c-18f16b1f328d,ocr_required,analysis,known_missing,True,True,,,matched,benchmark/results/v2/t160-retest-20261003/quality/runs/t160-quality-20261002T182955Z-75789e35-08-IMP-IMAGE-r2/result.json
t160-quality-20261002T182955Z-75789e35-08-IMP-IMAGE-r2,IMP-IMAGE,2,assisted_corrected,e418791a-1462-52b7-98fe-396ce71b8d48,74800003-31a7-4f4e-a20c-18f16b1f328d,ocr_required,score,source_provided,True,True,2.00,2.00,matched,benchmark/results/v2/t160-retest-20261003/quality/runs/t160-quality-20261002T182955Z-75789e35-08-IMP-IMAGE-r2/result.json
t160-quality-20261002T182955Z-75789e35-08-IMP-IMAGE-r2,IMP-IMAGE,2,assisted_corrected,e418791a-1462-52b7-98fe-396ce71b8d48,74800003-31a7-4f4e-a20c-18f16b1f328d,ocr_required,scoring_rubric,known_missing,True,True,,,matched,benchmark/results/v2/t160-retest-20261003/quality/runs/t160-quality-20261002T182955Z-75789e35-08-IMP-IMAGE-r2/result.json
t160-quality-20261002T182955Z-75789e35-08-IMP-IMAGE-r2,IMP-IMAGE,2,assisted_corrected,e418791a-1462-52b7-98fe-396ce71b8d48,74800003-31a7-4f4e-a20c-18f16b1f328d,ocr_required,knowledge_points,known_missing,True,True,[],[],matched,benchmark/results/v2/t160-retest-20261003/quality/runs/t160-quality-20261002T182955Z-75789e35-08-IMP-IMAGE-r2/result.json
t160-quality-20261002T182955Z-75789e35-08-IMP-IMAGE-r2,IMP-IMAGE,2,assisted_corrected,e418791a-1462-52b7-98fe-396ce71b8d48,74800003-31a7-4f4e-a20c-18f16b1f328d,ocr_required,source_regions,unknown,False,,,,reference_unknown,benchmark/results/v2/t160-retest-20261003/quality/runs/t160-quality-20261002T182955Z-75789e35-08-IMP-IMAGE-r2/result.json
t160-quality-20261002T182955Z-75789e35-08-IMP-IMAGE-r2,IMP-IMAGE,2,assisted_corrected,e418791a-1462-52b7-98fe-396ce71b8d48,74800003-31a7-4f4e-a20c-18f16b1f328d,ocr_required,assets,source_provided,True,False,"[{""asset_type"": ""figure"", ""source_page_number"": 1, ""order_index"": 1}]",,matched,benchmark/results/v2/t160-retest-20261003/quality/runs/t160-quality-20261002T182955Z-75789e35-08-IMP-IMAGE-r2/result.json
t160-quality-20261002T182955Z-75789e35-08-IMP-IMAGE-r2,IMP-IMAGE,2,assisted_corrected,e5c1555f-e927-575c-b68c-85eb341a3202,c413a5c1-edd9-4086-bf1d-f96a2e5b3353,ocr_required,question_number,source_provided,True,True,3,3,matched,benchmark/results/v2/t160-retest-20261003/quality/runs/t160-quality-20261002T182955Z-75789e35-08-IMP-IMAGE-r2/result.json
t160-quality-20261002T182955Z-75789e35-08-IMP-IMAGE-r2,IMP-IMAGE,2,assisted_corrected,e5c1555f-e927-575c-b68c-85eb341a3202,c413a5c1-edd9-4086-bf1d-f96a2e5b3353,ocr_required,order_index,source_provided,True,True,3,3,matched,benchmark/results/v2/t160-retest-20261003/quality/runs/t160-quality-20261002T182955Z-75789e35-08-IMP-IMAGE-r2/result.json
t160-quality-20261002T182955Z-75789e35-08-IMP-IMAGE-r2,IMP-IMAGE,2,assisted_corrected,e5c1555f-e927-575c-b68c-85eb341a3202,c413a5c1-edd9-4086-bf1d-f96a2e5b3353,ocr_required,source_page_numbers,source_provided,True,True,[1],[1],matched,benchmark/results/v2/t160-retest-20261003/quality/runs/t160-quality-20261002T182955Z-75789e35-08-IMP-IMAGE-r2/result.json
t160-quality-20261002T182955Z-75789e35-08-IMP-IMAGE-r2,IMP-IMAGE,2,assisted_corrected,e5c1555f-e927-575c-b68c-85eb341a3202,c413a5c1-edd9-4086-bf1d-f96a2e5b3353,ocr_required,question_type,source_provided,True,True,SHORT_ANSWER,SHORT_ANSWER,matched,benchmark/results/v2/t160-retest-20261003/quality/runs/t160-quality-20261002T182955Z-75789e35-08-IMP-IMAGE-r2/result.json
t160-quality-20261002T182955Z-75789e35-08-IMP-IMAGE-r2,IMP-IMAGE,2,assisted_corrected,e5c1555f-e927-575c-b68c-85eb341a3202,c413a5c1-edd9-4086-bf1d-f96a2e5b3353,ocr_required,content,source_provided,True,True,根据下表写出 y 关于 x 的关系式。,根据下表写出 y 关于 x 的关系式。,matched,benchmark/results/v2/t160-retest-20261003/quality/runs/t160-quality-20261002T182955Z-75789e35-08-IMP-IMAGE-r2/result.json
t160-quality-20261002T182955Z-75789e35-08-IMP-IMAGE-r2,IMP-IMAGE,2,assisted_corrected,e5c1555f-e927-575c-b68c-85eb341a3202,c413a5c1-edd9-4086-bf1d-f96a2e5b3353,ocr_required,options,not_applicable,True,True,,,matched,benchmark/results/v2/t160-retest-20261003/quality/runs/t160-quality-20261002T182955Z-75789e35-08-IMP-IMAGE-r2/result.json
t160-quality-20261002T182955Z-75789e35-08-IMP-IMAGE-r2,IMP-IMAGE,2,assisted_corrected,e5c1555f-e927-575c-b68c-85eb341a3202,c413a5c1-edd9-4086-bf1d-f96a2e5b3353,ocr_required,reference_answer,known_missing,True,True,,,matched,benchmark/results/v2/t160-retest-20261003/quality/runs/t160-quality-20261002T182955Z-75789e35-08-IMP-IMAGE-r2/result.json
t160-quality-20261002T182955Z-75789e35-08-IMP-IMAGE-r2,IMP-IMAGE,2,assisted_corrected,e5c1555f-e927-575c-b68c-85eb341a3202,c413a5c1-edd9-4086-bf1d-f96a2e5b3353,ocr_required,analysis,known_missing,True,True,,,matched,benchmark/results/v2/t160-retest-20261003/quality/runs/t160-quality-20261002T182955Z-75789e35-08-IMP-IMAGE-r2/result.json
t160-quality-20261002T182955Z-75789e35-08-IMP-IMAGE-r2,IMP-IMAGE,2,assisted_corrected,e5c1555f-e927-575c-b68c-85eb341a3202,c413a5c1-edd9-4086-bf1d-f96a2e5b3353,ocr_required,score,source_provided,True,True,3.00,3.00,matched,benchmark/results/v2/t160-retest-20261003/quality/runs/t160-quality-20261002T182955Z-75789e35-08-IMP-IMAGE-r2/result.json
t160-quality-20261002T182955Z-75789e35-08-IMP-IMAGE-r2,IMP-IMAGE,2,assisted_corrected,e5c1555f-e927-575c-b68c-85eb341a3202,c413a5c1-edd9-4086-bf1d-f96a2e5b3353,ocr_required,scoring_rubric,source_provided,True,True,正确关系式 1.00；说明代入过程 2.00。,正确关系式 1.00；说明代入过程 2.00。,matched,benchmark/results/v2/t160-retest-20261003/quality/runs/t160-quality-20261002T182955Z-75789e35-08-IMP-IMAGE-r2/result.json
t160-quality-20261002T182955Z-75789e35-08-IMP-IMAGE-r2,IMP-IMAGE,2,assisted_corrected,e5c1555f-e927-575c-b68c-85eb341a3202,c413a5c1-edd9-4086-bf1d-f96a2e5b3353,ocr_required,knowledge_points,source_provided,True,True,"[""一次函数"", ""表达与计算""]","[""一次函数"", ""表达与计算""]",matched,benchmark/results/v2/t160-retest-20261003/quality/runs/t160-quality-20261002T182955Z-75789e35-08-IMP-IMAGE-r2/result.json
t160-quality-20261002T182955Z-75789e35-08-IMP-IMAGE-r2,IMP-IMAGE,2,assisted_corrected,e5c1555f-e927-575c-b68c-85eb341a3202,c413a5c1-edd9-4086-bf1d-f96a2e5b3353,ocr_required,source_regions,unknown,False,,,,reference_unknown,benchmark/results/v2/t160-retest-20261003/quality/runs/t160-quality-20261002T182955Z-75789e35-08-IMP-IMAGE-r2/result.json
t160-quality-20261002T182955Z-75789e35-08-IMP-IMAGE-r2,IMP-IMAGE,2,assisted_corrected,e5c1555f-e927-575c-b68c-85eb341a3202,c413a5c1-edd9-4086-bf1d-f96a2e5b3353,ocr_required,assets,source_provided,True,False,"[{""asset_type"": ""table"", ""source_page_number"": 1, ""order_index"": 1}]",,matched,benchmark/results/v2/t160-retest-20261003/quality/runs/t160-quality-20261002T182955Z-75789e35-08-IMP-IMAGE-r2/result.json
t160-quality-20261002T182955Z-75789e35-09-IMP-IMAGE-r3,IMP-IMAGE,3,automatic,c4d750a5-4dc4-5a35-83e2-dee4ca44aca1,b34758f3-2f87-4cd5-8956-de365257c6f0,ocr_required,question_number,source_provided,True,True,1,1,matched,benchmark/results/v2/t160-retest-20261003/quality/runs/t160-quality-20261002T182955Z-75789e35-09-IMP-IMAGE-r3/result.json
t160-quality-20261002T182955Z-75789e35-09-IMP-IMAGE-r3,IMP-IMAGE,3,automatic,c4d750a5-4dc4-5a35-83e2-dee4ca44aca1,b34758f3-2f87-4cd5-8956-de365257c6f0,ocr_required,order_index,source_provided,True,True,1,1,matched,benchmark/results/v2/t160-retest-20261003/quality/runs/t160-quality-20261002T182955Z-75789e35-09-IMP-IMAGE-r3/result.json
t160-quality-20261002T182955Z-75789e35-09-IMP-IMAGE-r3,IMP-IMAGE,3,automatic,c4d750a5-4dc4-5a35-83e2-dee4ca44aca1,b34758f3-2f87-4cd5-8956-de365257c6f0,ocr_required,source_page_numbers,source_provided,True,True,[1],[1],matched,benchmark/results/v2/t160-retest-20261003/quality/runs/t160-quality-20261002T182955Z-75789e35-09-IMP-IMAGE-r3/result.json
t160-quality-20261002T182955Z-75789e35-09-IMP-IMAGE-r3,IMP-IMAGE,3,automatic,c4d750a5-4dc4-5a35-83e2-dee4ca44aca1,b34758f3-2f87-4cd5-8956-de365257c6f0,ocr_required,question_type,source_provided,True,True,SINGLE_CHOICE,SINGLE_CHOICE,matched,benchmark/results/v2/t160-retest-20261003/quality/runs/t160-quality-20261002T182955Z-75789e35-09-IMP-IMAGE-r3/result.json
t160-quality-20261002T182955Z-75789e35-09-IMP-IMAGE-r3,IMP-IMAGE,3,automatic,c4d750a5-4dc4-5a35-83e2-dee4ca44aca1,b34758f3-2f87-4cd5-8956-de365257c6f0,ocr_required,content,source_provided,True,False,y = 2x + 1，x = 3 时 y 为多少？,y = 2x +1，x = 3 时y 为多少？,matched,benchmark/results/v2/t160-retest-20261003/quality/runs/t160-quality-20261002T182955Z-75789e35-09-IMP-IMAGE-r3/result.json
t160-quality-20261002T182955Z-75789e35-09-IMP-IMAGE-r3,IMP-IMAGE,3,automatic,c4d750a5-4dc4-5a35-83e2-dee4ca44aca1,b34758f3-2f87-4cd5-8956-de365257c6f0,ocr_required,options,source_provided,True,True,"{""C"": ""7"", ""A"": ""5"", ""B"": ""6"", ""D"": ""8""}","{""C"": ""7"", ""A"": ""5"", ""B"": ""6"", ""D"": ""8""}",matched,benchmark/results/v2/t160-retest-20261003/quality/runs/t160-quality-20261002T182955Z-75789e35-09-IMP-IMAGE-r3/result.json
t160-quality-20261002T182955Z-75789e35-09-IMP-IMAGE-r3,IMP-IMAGE,3,automatic,c4d750a5-4dc4-5a35-83e2-dee4ca44aca1,b34758f3-2f87-4cd5-8956-de365257c6f0,ocr_required,reference_answer,source_provided,True,True,C,C,matched,benchmark/results/v2/t160-retest-20261003/quality/runs/t160-quality-20261002T182955Z-75789e35-09-IMP-IMAGE-r3/result.json
t160-quality-20261002T182955Z-75789e35-09-IMP-IMAGE-r3,IMP-IMAGE,3,automatic,c4d750a5-4dc4-5a35-83e2-dee4ca44aca1,b34758f3-2f87-4cd5-8956-de365257c6f0,ocr_required,analysis,source_provided,True,False,2 × 3 + 1 = 7。,2 × 3 +1=7。,matched,benchmark/results/v2/t160-retest-20261003/quality/runs/t160-quality-20261002T182955Z-75789e35-09-IMP-IMAGE-r3/result.json
t160-quality-20261002T182955Z-75789e35-09-IMP-IMAGE-r3,IMP-IMAGE,3,automatic,c4d750a5-4dc4-5a35-83e2-dee4ca44aca1,b34758f3-2f87-4cd5-8956-de365257c6f0,ocr_required,score,source_provided,True,True,2.00,2.00,matched,benchmark/results/v2/t160-retest-20261003/quality/runs/t160-quality-20261002T182955Z-75789e35-09-IMP-IMAGE-r3/result.json
t160-quality-20261002T182955Z-75789e35-09-IMP-IMAGE-r3,IMP-IMAGE,3,automatic,c4d750a5-4dc4-5a35-83e2-dee4ca44aca1,b34758f3-2f87-4cd5-8956-de365257c6f0,ocr_required,scoring_rubric,known_missing,True,True,,,matched,benchmark/results/v2/t160-retest-20261003/quality/runs/t160-quality-20261002T182955Z-75789e35-09-IMP-IMAGE-r3/result.json
t160-quality-20261002T182955Z-75789e35-09-IMP-IMAGE-r3,IMP-IMAGE,3,automatic,c4d750a5-4dc4-5a35-83e2-dee4ca44aca1,b34758f3-2f87-4cd5-8956-de365257c6f0,ocr_required,knowledge_points,known_missing,True,False,[],,matched,benchmark/results/v2/t160-retest-20261003/quality/runs/t160-quality-20261002T182955Z-75789e35-09-IMP-IMAGE-r3/result.json
t160-quality-20261002T182955Z-75789e35-09-IMP-IMAGE-r3,IMP-IMAGE,3,automatic,c4d750a5-4dc4-5a35-83e2-dee4ca44aca1,b34758f3-2f87-4cd5-8956-de365257c6f0,ocr_required,source_regions,unknown,False,,,,reference_unknown,benchmark/results/v2/t160-retest-20261003/quality/runs/t160-quality-20261002T182955Z-75789e35-09-IMP-IMAGE-r3/result.json
t160-quality-20261002T182955Z-75789e35-09-IMP-IMAGE-r3,IMP-IMAGE,3,automatic,c4d750a5-4dc4-5a35-83e2-dee4ca44aca1,b34758f3-2f87-4cd5-8956-de365257c6f0,ocr_required,assets,source_provided,True,False,[],,matched,benchmark/results/v2/t160-retest-20261003/quality/runs/t160-quality-20261002T182955Z-75789e35-09-IMP-IMAGE-r3/result.json
t160-quality-20261002T182955Z-75789e35-09-IMP-IMAGE-r3,IMP-IMAGE,3,automatic,e418791a-1462-52b7-98fe-396ce71b8d48,3fbd69c9-8ad1-42a2-8023-c014b9e355b9,ocr_required,question_number,source_provided,True,True,2,2,matched,benchmark/results/v2/t160-retest-20261003/quality/runs/t160-quality-20261002T182955Z-75789e35-09-IMP-IMAGE-r3/result.json
t160-quality-20261002T182955Z-75789e35-09-IMP-IMAGE-r3,IMP-IMAGE,3,automatic,e418791a-1462-52b7-98fe-396ce71b8d48,3fbd69c9-8ad1-42a2-8023-c014b9e355b9,ocr_required,order_index,source_provided,True,True,2,2,matched,benchmark/results/v2/t160-retest-20261003/quality/runs/t160-quality-20261002T182955Z-75789e35-09-IMP-IMAGE-r3/result.json
t160-quality-20261002T182955Z-75789e35-09-IMP-IMAGE-r3,IMP-IMAGE,3,automatic,e418791a-1462-52b7-98fe-396ce71b8d48,3fbd69c9-8ad1-42a2-8023-c014b9e355b9,ocr_required,source_page_numbers,source_provided,True,True,[1],[1],matched,benchmark/results/v2/t160-retest-20261003/quality/runs/t160-quality-20261002T182955Z-75789e35-09-IMP-IMAGE-r3/result.json
t160-quality-20261002T182955Z-75789e35-09-IMP-IMAGE-r3,IMP-IMAGE,3,automatic,e418791a-1462-52b7-98fe-396ce71b8d48,3fbd69c9-8ad1-42a2-8023-c014b9e355b9,ocr_required,question_type,source_provided,True,True,TRUE_FALSE,TRUE_FALSE,matched,benchmark/results/v2/t160-retest-20261003/quality/runs/t160-quality-20261002T182955Z-75789e35-09-IMP-IMAGE-r3/result.json
t160-quality-20261002T182955Z-75789e35-09-IMP-IMAGE-r3,IMP-IMAGE,3,automatic,e418791a-1462-52b7-98fe-396ce71b8d48,3fbd69c9-8ad1-42a2-8023-c014b9e355b9,ocr_required,content,source_provided,True,False,右图三角形面积为 24 cm²。,"右图三角形面积为24cm²。
三角形
高4cm
底6cm",matched,benchmark/results/v2/t160-retest-20261003/quality/runs/t160-quality-20261002T182955Z-75789e35-09-IMP-IMAGE-r3/result.json
t160-quality-20261002T182955Z-75789e35-09-IMP-IMAGE-r3,IMP-IMAGE,3,automatic,e418791a-1462-52b7-98fe-396ce71b8d48,3fbd69c9-8ad1-42a2-8023-c014b9e355b9,ocr_required,options,source_provided,True,True,"[""正确"", ""错误""]","[""正确"", ""错误""]",matched,benchmark/results/v2/t160-retest-20261003/quality/runs/t160-quality-20261002T182955Z-75789e35-09-IMP-IMAGE-r3/result.json
t160-quality-20261002T182955Z-75789e35-09-IMP-IMAGE-r3,IMP-IMAGE,3,automatic,e418791a-1462-52b7-98fe-396ce71b8d48,3fbd69c9-8ad1-42a2-8023-c014b9e355b9,ocr_required,reference_answer,known_missing,True,True,,,matched,benchmark/results/v2/t160-retest-20261003/quality/runs/t160-quality-20261002T182955Z-75789e35-09-IMP-IMAGE-r3/result.json
t160-quality-20261002T182955Z-75789e35-09-IMP-IMAGE-r3,IMP-IMAGE,3,automatic,e418791a-1462-52b7-98fe-396ce71b8d48,3fbd69c9-8ad1-42a2-8023-c014b9e355b9,ocr_required,analysis,known_missing,True,True,,,matched,benchmark/results/v2/t160-retest-20261003/quality/runs/t160-quality-20261002T182955Z-75789e35-09-IMP-IMAGE-r3/result.json
t160-quality-20261002T182955Z-75789e35-09-IMP-IMAGE-r3,IMP-IMAGE,3,automatic,e418791a-1462-52b7-98fe-396ce71b8d48,3fbd69c9-8ad1-42a2-8023-c014b9e355b9,ocr_required,score,source_provided,True,True,2.00,2.00,matched,benchmark/results/v2/t160-retest-20261003/quality/runs/t160-quality-20261002T182955Z-75789e35-09-IMP-IMAGE-r3/result.json
t160-quality-20261002T182955Z-75789e35-09-IMP-IMAGE-r3,IMP-IMAGE,3,automatic,e418791a-1462-52b7-98fe-396ce71b8d48,3fbd69c9-8ad1-42a2-8023-c014b9e355b9,ocr_required,scoring_rubric,known_missing,True,True,,,matched,benchmark/results/v2/t160-retest-20261003/quality/runs/t160-quality-20261002T182955Z-75789e35-09-IMP-IMAGE-r3/result.json
t160-quality-20261002T182955Z-75789e35-09-IMP-IMAGE-r3,IMP-IMAGE,3,automatic,e418791a-1462-52b7-98fe-396ce71b8d48,3fbd69c9-8ad1-42a2-8023-c014b9e355b9,ocr_required,knowledge_points,known_missing,True,False,[],,matched,benchmark/results/v2/t160-retest-20261003/quality/runs/t160-quality-20261002T182955Z-75789e35-09-IMP-IMAGE-r3/result.json
t160-quality-20261002T182955Z-75789e35-09-IMP-IMAGE-r3,IMP-IMAGE,3,automatic,e418791a-1462-52b7-98fe-396ce71b8d48,3fbd69c9-8ad1-42a2-8023-c014b9e355b9,ocr_required,source_regions,unknown,False,,,,reference_unknown,benchmark/results/v2/t160-retest-20261003/quality/runs/t160-quality-20261002T182955Z-75789e35-09-IMP-IMAGE-r3/result.json
t160-quality-20261002T182955Z-75789e35-09-IMP-IMAGE-r3,IMP-IMAGE,3,automatic,e418791a-1462-52b7-98fe-396ce71b8d48,3fbd69c9-8ad1-42a2-8023-c014b9e355b9,ocr_required,assets,source_provided,True,False,"[{""asset_type"": ""figure"", ""source_page_number"": 1, ""order_index"": 1}]",,matched,benchmark/results/v2/t160-retest-20261003/quality/runs/t160-quality-20261002T182955Z-75789e35-09-IMP-IMAGE-r3/result.json
t160-quality-20261002T182955Z-75789e35-09-IMP-IMAGE-r3,IMP-IMAGE,3,automatic,e5c1555f-e927-575c-b68c-85eb341a3202,a85ea80d-0f8b-40f8-92cd-8fad14476db9,ocr_required,question_number,source_provided,True,True,3,3,matched,benchmark/results/v2/t160-retest-20261003/quality/runs/t160-quality-20261002T182955Z-75789e35-09-IMP-IMAGE-r3/result.json
t160-quality-20261002T182955Z-75789e35-09-IMP-IMAGE-r3,IMP-IMAGE,3,automatic,e5c1555f-e927-575c-b68c-85eb341a3202,a85ea80d-0f8b-40f8-92cd-8fad14476db9,ocr_required,order_index,source_provided,True,True,3,3,matched,benchmark/results/v2/t160-retest-20261003/quality/runs/t160-quality-20261002T182955Z-75789e35-09-IMP-IMAGE-r3/result.json
t160-quality-20261002T182955Z-75789e35-09-IMP-IMAGE-r3,IMP-IMAGE,3,automatic,e5c1555f-e927-575c-b68c-85eb341a3202,a85ea80d-0f8b-40f8-92cd-8fad14476db9,ocr_required,source_page_numbers,source_provided,True,True,[1],[1],matched,benchmark/results/v2/t160-retest-20261003/quality/runs/t160-quality-20261002T182955Z-75789e35-09-IMP-IMAGE-r3/result.json
t160-quality-20261002T182955Z-75789e35-09-IMP-IMAGE-r3,IMP-IMAGE,3,automatic,e5c1555f-e927-575c-b68c-85eb341a3202,a85ea80d-0f8b-40f8-92cd-8fad14476db9,ocr_required,question_type,source_provided,True,True,SHORT_ANSWER,SHORT_ANSWER,matched,benchmark/results/v2/t160-retest-20261003/quality/runs/t160-quality-20261002T182955Z-75789e35-09-IMP-IMAGE-r3/result.json
t160-quality-20261002T182955Z-75789e35-09-IMP-IMAGE-r3,IMP-IMAGE,3,automatic,e5c1555f-e927-575c-b68c-85eb341a3202,a85ea80d-0f8b-40f8-92cd-8fad14476db9,ocr_required,content,source_provided,True,False,根据下表写出 y 关于 x 的关系式。,"根据下表写出y关于x的关系式。
说明
X
y
1
3
第一行
2
5
第二行
3
7
第三行",matched,benchmark/results/v2/t160-retest-20261003/quality/runs/t160-quality-20261002T182955Z-75789e35-09-IMP-IMAGE-r3/result.json
t160-quality-20261002T182955Z-75789e35-09-IMP-IMAGE-r3,IMP-IMAGE,3,automatic,e5c1555f-e927-575c-b68c-85eb341a3202,a85ea80d-0f8b-40f8-92cd-8fad14476db9,ocr_required,options,not_applicable,True,True,,,matched,benchmark/results/v2/t160-retest-20261003/quality/runs/t160-quality-20261002T182955Z-75789e35-09-IMP-IMAGE-r3/result.json
t160-quality-20261002T182955Z-75789e35-09-IMP-IMAGE-r3,IMP-IMAGE,3,automatic,e5c1555f-e927-575c-b68c-85eb341a3202,a85ea80d-0f8b-40f8-92cd-8fad14476db9,ocr_required,reference_answer,known_missing,True,True,,,matched,benchmark/results/v2/t160-retest-20261003/quality/runs/t160-quality-20261002T182955Z-75789e35-09-IMP-IMAGE-r3/result.json
t160-quality-20261002T182955Z-75789e35-09-IMP-IMAGE-r3,IMP-IMAGE,3,automatic,e5c1555f-e927-575c-b68c-85eb341a3202,a85ea80d-0f8b-40f8-92cd-8fad14476db9,ocr_required,analysis,known_missing,True,True,,,matched,benchmark/results/v2/t160-retest-20261003/quality/runs/t160-quality-20261002T182955Z-75789e35-09-IMP-IMAGE-r3/result.json
t160-quality-20261002T182955Z-75789e35-09-IMP-IMAGE-r3,IMP-IMAGE,3,automatic,e5c1555f-e927-575c-b68c-85eb341a3202,a85ea80d-0f8b-40f8-92cd-8fad14476db9,ocr_required,score,source_provided,True,True,3.00,3.00,matched,benchmark/results/v2/t160-retest-20261003/quality/runs/t160-quality-20261002T182955Z-75789e35-09-IMP-IMAGE-r3/result.json
t160-quality-20261002T182955Z-75789e35-09-IMP-IMAGE-r3,IMP-IMAGE,3,automatic,e5c1555f-e927-575c-b68c-85eb341a3202,a85ea80d-0f8b-40f8-92cd-8fad14476db9,ocr_required,scoring_rubric,source_provided,True,False,正确关系式 1.00；说明代入过程 2.00。,正确关系式1.00；说明代入过程2.00。,matched,benchmark/results/v2/t160-retest-20261003/quality/runs/t160-quality-20261002T182955Z-75789e35-09-IMP-IMAGE-r3/result.json
t160-quality-20261002T182955Z-75789e35-09-IMP-IMAGE-r3,IMP-IMAGE,3,automatic,e5c1555f-e927-575c-b68c-85eb341a3202,a85ea80d-0f8b-40f8-92cd-8fad14476db9,ocr_required,knowledge_points,source_provided,True,True,"[""一次函数"", ""表达与计算""]","[""一次函数"", ""表达与计算""]",matched,benchmark/results/v2/t160-retest-20261003/quality/runs/t160-quality-20261002T182955Z-75789e35-09-IMP-IMAGE-r3/result.json
t160-quality-20261002T182955Z-75789e35-09-IMP-IMAGE-r3,IMP-IMAGE,3,automatic,e5c1555f-e927-575c-b68c-85eb341a3202,a85ea80d-0f8b-40f8-92cd-8fad14476db9,ocr_required,source_regions,unknown,False,,,,reference_unknown,benchmark/results/v2/t160-retest-20261003/quality/runs/t160-quality-20261002T182955Z-75789e35-09-IMP-IMAGE-r3/result.json
t160-quality-20261002T182955Z-75789e35-09-IMP-IMAGE-r3,IMP-IMAGE,3,automatic,e5c1555f-e927-575c-b68c-85eb341a3202,a85ea80d-0f8b-40f8-92cd-8fad14476db9,ocr_required,assets,source_provided,True,False,"[{""asset_type"": ""table"", ""source_page_number"": 1, ""order_index"": 1}]",,matched,benchmark/results/v2/t160-retest-20261003/quality/runs/t160-quality-20261002T182955Z-75789e35-09-IMP-IMAGE-r3/result.json
t160-quality-20261002T182955Z-75789e35-09-IMP-IMAGE-r3,IMP-IMAGE,3,assisted_corrected,c4d750a5-4dc4-5a35-83e2-dee4ca44aca1,b34758f3-2f87-4cd5-8956-de365257c6f0,ocr_required,question_number,source_provided,True,True,1,1,matched,benchmark/results/v2/t160-retest-20261003/quality/runs/t160-quality-20261002T182955Z-75789e35-09-IMP-IMAGE-r3/result.json
t160-quality-20261002T182955Z-75789e35-09-IMP-IMAGE-r3,IMP-IMAGE,3,assisted_corrected,c4d750a5-4dc4-5a35-83e2-dee4ca44aca1,b34758f3-2f87-4cd5-8956-de365257c6f0,ocr_required,order_index,source_provided,True,True,1,1,matched,benchmark/results/v2/t160-retest-20261003/quality/runs/t160-quality-20261002T182955Z-75789e35-09-IMP-IMAGE-r3/result.json
t160-quality-20261002T182955Z-75789e35-09-IMP-IMAGE-r3,IMP-IMAGE,3,assisted_corrected,c4d750a5-4dc4-5a35-83e2-dee4ca44aca1,b34758f3-2f87-4cd5-8956-de365257c6f0,ocr_required,source_page_numbers,source_provided,True,True,[1],[1],matched,benchmark/results/v2/t160-retest-20261003/quality/runs/t160-quality-20261002T182955Z-75789e35-09-IMP-IMAGE-r3/result.json
t160-quality-20261002T182955Z-75789e35-09-IMP-IMAGE-r3,IMP-IMAGE,3,assisted_corrected,c4d750a5-4dc4-5a35-83e2-dee4ca44aca1,b34758f3-2f87-4cd5-8956-de365257c6f0,ocr_required,question_type,source_provided,True,True,SINGLE_CHOICE,SINGLE_CHOICE,matched,benchmark/results/v2/t160-retest-20261003/quality/runs/t160-quality-20261002T182955Z-75789e35-09-IMP-IMAGE-r3/result.json
t160-quality-20261002T182955Z-75789e35-09-IMP-IMAGE-r3,IMP-IMAGE,3,assisted_corrected,c4d750a5-4dc4-5a35-83e2-dee4ca44aca1,b34758f3-2f87-4cd5-8956-de365257c6f0,ocr_required,content,source_provided,True,True,y = 2x + 1，x = 3 时 y 为多少？,y = 2x + 1，x = 3 时 y 为多少？,matched,benchmark/results/v2/t160-retest-20261003/quality/runs/t160-quality-20261002T182955Z-75789e35-09-IMP-IMAGE-r3/result.json
t160-quality-20261002T182955Z-75789e35-09-IMP-IMAGE-r3,IMP-IMAGE,3,assisted_corrected,c4d750a5-4dc4-5a35-83e2-dee4ca44aca1,b34758f3-2f87-4cd5-8956-de365257c6f0,ocr_required,options,source_provided,True,True,"{""C"": ""7"", ""A"": ""5"", ""B"": ""6"", ""D"": ""8""}","{""C"": ""7"", ""A"": ""5"", ""B"": ""6"", ""D"": ""8""}",matched,benchmark/results/v2/t160-retest-20261003/quality/runs/t160-quality-20261002T182955Z-75789e35-09-IMP-IMAGE-r3/result.json
t160-quality-20261002T182955Z-75789e35-09-IMP-IMAGE-r3,IMP-IMAGE,3,assisted_corrected,c4d750a5-4dc4-5a35-83e2-dee4ca44aca1,b34758f3-2f87-4cd5-8956-de365257c6f0,ocr_required,reference_answer,source_provided,True,True,C,C,matched,benchmark/results/v2/t160-retest-20261003/quality/runs/t160-quality-20261002T182955Z-75789e35-09-IMP-IMAGE-r3/result.json
t160-quality-20261002T182955Z-75789e35-09-IMP-IMAGE-r3,IMP-IMAGE,3,assisted_corrected,c4d750a5-4dc4-5a35-83e2-dee4ca44aca1,b34758f3-2f87-4cd5-8956-de365257c6f0,ocr_required,analysis,source_provided,True,True,2 × 3 + 1 = 7。,2 × 3 + 1 = 7。,matched,benchmark/results/v2/t160-retest-20261003/quality/runs/t160-quality-20261002T182955Z-75789e35-09-IMP-IMAGE-r3/result.json
t160-quality-20261002T182955Z-75789e35-09-IMP-IMAGE-r3,IMP-IMAGE,3,assisted_corrected,c4d750a5-4dc4-5a35-83e2-dee4ca44aca1,b34758f3-2f87-4cd5-8956-de365257c6f0,ocr_required,score,source_provided,True,True,2.00,2.00,matched,benchmark/results/v2/t160-retest-20261003/quality/runs/t160-quality-20261002T182955Z-75789e35-09-IMP-IMAGE-r3/result.json
t160-quality-20261002T182955Z-75789e35-09-IMP-IMAGE-r3,IMP-IMAGE,3,assisted_corrected,c4d750a5-4dc4-5a35-83e2-dee4ca44aca1,b34758f3-2f87-4cd5-8956-de365257c6f0,ocr_required,scoring_rubric,known_missing,True,True,,,matched,benchmark/results/v2/t160-retest-20261003/quality/runs/t160-quality-20261002T182955Z-75789e35-09-IMP-IMAGE-r3/result.json
t160-quality-20261002T182955Z-75789e35-09-IMP-IMAGE-r3,IMP-IMAGE,3,assisted_corrected,c4d750a5-4dc4-5a35-83e2-dee4ca44aca1,b34758f3-2f87-4cd5-8956-de365257c6f0,ocr_required,knowledge_points,known_missing,True,True,[],[],matched,benchmark/results/v2/t160-retest-20261003/quality/runs/t160-quality-20261002T182955Z-75789e35-09-IMP-IMAGE-r3/result.json
t160-quality-20261002T182955Z-75789e35-09-IMP-IMAGE-r3,IMP-IMAGE,3,assisted_corrected,c4d750a5-4dc4-5a35-83e2-dee4ca44aca1,b34758f3-2f87-4cd5-8956-de365257c6f0,ocr_required,source_regions,unknown,False,,,,reference_unknown,benchmark/results/v2/t160-retest-20261003/quality/runs/t160-quality-20261002T182955Z-75789e35-09-IMP-IMAGE-r3/result.json
t160-quality-20261002T182955Z-75789e35-09-IMP-IMAGE-r3,IMP-IMAGE,3,assisted_corrected,c4d750a5-4dc4-5a35-83e2-dee4ca44aca1,b34758f3-2f87-4cd5-8956-de365257c6f0,ocr_required,assets,source_provided,True,True,[],[],matched,benchmark/results/v2/t160-retest-20261003/quality/runs/t160-quality-20261002T182955Z-75789e35-09-IMP-IMAGE-r3/result.json
t160-quality-20261002T182955Z-75789e35-09-IMP-IMAGE-r3,IMP-IMAGE,3,assisted_corrected,e418791a-1462-52b7-98fe-396ce71b8d48,3fbd69c9-8ad1-42a2-8023-c014b9e355b9,ocr_required,question_number,source_provided,True,True,2,2,matched,benchmark/results/v2/t160-retest-20261003/quality/runs/t160-quality-20261002T182955Z-75789e35-09-IMP-IMAGE-r3/result.json
t160-quality-20261002T182955Z-75789e35-09-IMP-IMAGE-r3,IMP-IMAGE,3,assisted_corrected,e418791a-1462-52b7-98fe-396ce71b8d48,3fbd69c9-8ad1-42a2-8023-c014b9e355b9,ocr_required,order_index,source_provided,True,True,2,2,matched,benchmark/results/v2/t160-retest-20261003/quality/runs/t160-quality-20261002T182955Z-75789e35-09-IMP-IMAGE-r3/result.json
t160-quality-20261002T182955Z-75789e35-09-IMP-IMAGE-r3,IMP-IMAGE,3,assisted_corrected,e418791a-1462-52b7-98fe-396ce71b8d48,3fbd69c9-8ad1-42a2-8023-c014b9e355b9,ocr_required,source_page_numbers,source_provided,True,True,[1],[1],matched,benchmark/results/v2/t160-retest-20261003/quality/runs/t160-quality-20261002T182955Z-75789e35-09-IMP-IMAGE-r3/result.json
t160-quality-20261002T182955Z-75789e35-09-IMP-IMAGE-r3,IMP-IMAGE,3,assisted_corrected,e418791a-1462-52b7-98fe-396ce71b8d48,3fbd69c9-8ad1-42a2-8023-c014b9e355b9,ocr_required,question_type,source_provided,True,True,TRUE_FALSE,TRUE_FALSE,matched,benchmark/results/v2/t160-retest-20261003/quality/runs/t160-quality-20261002T182955Z-75789e35-09-IMP-IMAGE-r3/result.json
t160-quality-20261002T182955Z-75789e35-09-IMP-IMAGE-r3,IMP-IMAGE,3,assisted_corrected,e418791a-1462-52b7-98fe-396ce71b8d48,3fbd69c9-8ad1-42a2-8023-c014b9e355b9,ocr_required,content,source_provided,True,True,右图三角形面积为 24 cm²。,右图三角形面积为 24 cm²。,matched,benchmark/results/v2/t160-retest-20261003/quality/runs/t160-quality-20261002T182955Z-75789e35-09-IMP-IMAGE-r3/result.json
t160-quality-20261002T182955Z-75789e35-09-IMP-IMAGE-r3,IMP-IMAGE,3,assisted_corrected,e418791a-1462-52b7-98fe-396ce71b8d48,3fbd69c9-8ad1-42a2-8023-c014b9e355b9,ocr_required,options,source_provided,True,True,"[""正确"", ""错误""]","[""正确"", ""错误""]",matched,benchmark/results/v2/t160-retest-20261003/quality/runs/t160-quality-20261002T182955Z-75789e35-09-IMP-IMAGE-r3/result.json
t160-quality-20261002T182955Z-75789e35-09-IMP-IMAGE-r3,IMP-IMAGE,3,assisted_corrected,e418791a-1462-52b7-98fe-396ce71b8d48,3fbd69c9-8ad1-42a2-8023-c014b9e355b9,ocr_required,reference_answer,known_missing,True,True,,,matched,benchmark/results/v2/t160-retest-20261003/quality/runs/t160-quality-20261002T182955Z-75789e35-09-IMP-IMAGE-r3/result.json
t160-quality-20261002T182955Z-75789e35-09-IMP-IMAGE-r3,IMP-IMAGE,3,assisted_corrected,e418791a-1462-52b7-98fe-396ce71b8d48,3fbd69c9-8ad1-42a2-8023-c014b9e355b9,ocr_required,analysis,known_missing,True,True,,,matched,benchmark/results/v2/t160-retest-20261003/quality/runs/t160-quality-20261002T182955Z-75789e35-09-IMP-IMAGE-r3/result.json
t160-quality-20261002T182955Z-75789e35-09-IMP-IMAGE-r3,IMP-IMAGE,3,assisted_corrected,e418791a-1462-52b7-98fe-396ce71b8d48,3fbd69c9-8ad1-42a2-8023-c014b9e355b9,ocr_required,score,source_provided,True,True,2.00,2.00,matched,benchmark/results/v2/t160-retest-20261003/quality/runs/t160-quality-20261002T182955Z-75789e35-09-IMP-IMAGE-r3/result.json
t160-quality-20261002T182955Z-75789e35-09-IMP-IMAGE-r3,IMP-IMAGE,3,assisted_corrected,e418791a-1462-52b7-98fe-396ce71b8d48,3fbd69c9-8ad1-42a2-8023-c014b9e355b9,ocr_required,scoring_rubric,known_missing,True,True,,,matched,benchmark/results/v2/t160-retest-20261003/quality/runs/t160-quality-20261002T182955Z-75789e35-09-IMP-IMAGE-r3/result.json
t160-quality-20261002T182955Z-75789e35-09-IMP-IMAGE-r3,IMP-IMAGE,3,assisted_corrected,e418791a-1462-52b7-98fe-396ce71b8d48,3fbd69c9-8ad1-42a2-8023-c014b9e355b9,ocr_required,knowledge_points,known_missing,True,True,[],[],matched,benchmark/results/v2/t160-retest-20261003/quality/runs/t160-quality-20261002T182955Z-75789e35-09-IMP-IMAGE-r3/result.json
t160-quality-20261002T182955Z-75789e35-09-IMP-IMAGE-r3,IMP-IMAGE,3,assisted_corrected,e418791a-1462-52b7-98fe-396ce71b8d48,3fbd69c9-8ad1-42a2-8023-c014b9e355b9,ocr_required,source_regions,unknown,False,,,,reference_unknown,benchmark/results/v2/t160-retest-20261003/quality/runs/t160-quality-20261002T182955Z-75789e35-09-IMP-IMAGE-r3/result.json
t160-quality-20261002T182955Z-75789e35-09-IMP-IMAGE-r3,IMP-IMAGE,3,assisted_corrected,e418791a-1462-52b7-98fe-396ce71b8d48,3fbd69c9-8ad1-42a2-8023-c014b9e355b9,ocr_required,assets,source_provided,True,False,"[{""asset_type"": ""figure"", ""source_page_number"": 1, ""order_index"": 1}]",,matched,benchmark/results/v2/t160-retest-20261003/quality/runs/t160-quality-20261002T182955Z-75789e35-09-IMP-IMAGE-r3/result.json
t160-quality-20261002T182955Z-75789e35-09-IMP-IMAGE-r3,IMP-IMAGE,3,assisted_corrected,e5c1555f-e927-575c-b68c-85eb341a3202,a85ea80d-0f8b-40f8-92cd-8fad14476db9,ocr_required,question_number,source_provided,True,True,3,3,matched,benchmark/results/v2/t160-retest-20261003/quality/runs/t160-quality-20261002T182955Z-75789e35-09-IMP-IMAGE-r3/result.json
t160-quality-20261002T182955Z-75789e35-09-IMP-IMAGE-r3,IMP-IMAGE,3,assisted_corrected,e5c1555f-e927-575c-b68c-85eb341a3202,a85ea80d-0f8b-40f8-92cd-8fad14476db9,ocr_required,order_index,source_provided,True,True,3,3,matched,benchmark/results/v2/t160-retest-20261003/quality/runs/t160-quality-20261002T182955Z-75789e35-09-IMP-IMAGE-r3/result.json
t160-quality-20261002T182955Z-75789e35-09-IMP-IMAGE-r3,IMP-IMAGE,3,assisted_corrected,e5c1555f-e927-575c-b68c-85eb341a3202,a85ea80d-0f8b-40f8-92cd-8fad14476db9,ocr_required,source_page_numbers,source_provided,True,True,[1],[1],matched,benchmark/results/v2/t160-retest-20261003/quality/runs/t160-quality-20261002T182955Z-75789e35-09-IMP-IMAGE-r3/result.json
t160-quality-20261002T182955Z-75789e35-09-IMP-IMAGE-r3,IMP-IMAGE,3,assisted_corrected,e5c1555f-e927-575c-b68c-85eb341a3202,a85ea80d-0f8b-40f8-92cd-8fad14476db9,ocr_required,question_type,source_provided,True,True,SHORT_ANSWER,SHORT_ANSWER,matched,benchmark/results/v2/t160-retest-20261003/quality/runs/t160-quality-20261002T182955Z-75789e35-09-IMP-IMAGE-r3/result.json
t160-quality-20261002T182955Z-75789e35-09-IMP-IMAGE-r3,IMP-IMAGE,3,assisted_corrected,e5c1555f-e927-575c-b68c-85eb341a3202,a85ea80d-0f8b-40f8-92cd-8fad14476db9,ocr_required,content,source_provided,True,True,根据下表写出 y 关于 x 的关系式。,根据下表写出 y 关于 x 的关系式。,matched,benchmark/results/v2/t160-retest-20261003/quality/runs/t160-quality-20261002T182955Z-75789e35-09-IMP-IMAGE-r3/result.json
t160-quality-20261002T182955Z-75789e35-09-IMP-IMAGE-r3,IMP-IMAGE,3,assisted_corrected,e5c1555f-e927-575c-b68c-85eb341a3202,a85ea80d-0f8b-40f8-92cd-8fad14476db9,ocr_required,options,not_applicable,True,True,,,matched,benchmark/results/v2/t160-retest-20261003/quality/runs/t160-quality-20261002T182955Z-75789e35-09-IMP-IMAGE-r3/result.json
t160-quality-20261002T182955Z-75789e35-09-IMP-IMAGE-r3,IMP-IMAGE,3,assisted_corrected,e5c1555f-e927-575c-b68c-85eb341a3202,a85ea80d-0f8b-40f8-92cd-8fad14476db9,ocr_required,reference_answer,known_missing,True,True,,,matched,benchmark/results/v2/t160-retest-20261003/quality/runs/t160-quality-20261002T182955Z-75789e35-09-IMP-IMAGE-r3/result.json
t160-quality-20261002T182955Z-75789e35-09-IMP-IMAGE-r3,IMP-IMAGE,3,assisted_corrected,e5c1555f-e927-575c-b68c-85eb341a3202,a85ea80d-0f8b-40f8-92cd-8fad14476db9,ocr_required,analysis,known_missing,True,True,,,matched,benchmark/results/v2/t160-retest-20261003/quality/runs/t160-quality-20261002T182955Z-75789e35-09-IMP-IMAGE-r3/result.json
t160-quality-20261002T182955Z-75789e35-09-IMP-IMAGE-r3,IMP-IMAGE,3,assisted_corrected,e5c1555f-e927-575c-b68c-85eb341a3202,a85ea80d-0f8b-40f8-92cd-8fad14476db9,ocr_required,score,source_provided,True,True,3.00,3.00,matched,benchmark/results/v2/t160-retest-20261003/quality/runs/t160-quality-20261002T182955Z-75789e35-09-IMP-IMAGE-r3/result.json
t160-quality-20261002T182955Z-75789e35-09-IMP-IMAGE-r3,IMP-IMAGE,3,assisted_corrected,e5c1555f-e927-575c-b68c-85eb341a3202,a85ea80d-0f8b-40f8-92cd-8fad14476db9,ocr_required,scoring_rubric,source_provided,True,True,正确关系式 1.00；说明代入过程 2.00。,正确关系式 1.00；说明代入过程 2.00。,matched,benchmark/results/v2/t160-retest-20261003/quality/runs/t160-quality-20261002T182955Z-75789e35-09-IMP-IMAGE-r3/result.json
t160-quality-20261002T182955Z-75789e35-09-IMP-IMAGE-r3,IMP-IMAGE,3,assisted_corrected,e5c1555f-e927-575c-b68c-85eb341a3202,a85ea80d-0f8b-40f8-92cd-8fad14476db9,ocr_required,knowledge_points,source_provided,True,True,"[""一次函数"", ""表达与计算""]","[""一次函数"", ""表达与计算""]",matched,benchmark/results/v2/t160-retest-20261003/quality/runs/t160-quality-20261002T182955Z-75789e35-09-IMP-IMAGE-r3/result.json
t160-quality-20261002T182955Z-75789e35-09-IMP-IMAGE-r3,IMP-IMAGE,3,assisted_corrected,e5c1555f-e927-575c-b68c-85eb341a3202,a85ea80d-0f8b-40f8-92cd-8fad14476db9,ocr_required,source_regions,unknown,False,,,,reference_unknown,benchmark/results/v2/t160-retest-20261003/quality/runs/t160-quality-20261002T182955Z-75789e35-09-IMP-IMAGE-r3/result.json
t160-quality-20261002T182955Z-75789e35-09-IMP-IMAGE-r3,IMP-IMAGE,3,assisted_corrected,e5c1555f-e927-575c-b68c-85eb341a3202,a85ea80d-0f8b-40f8-92cd-8fad14476db9,ocr_required,assets,source_provided,True,False,"[{""asset_type"": ""table"", ""source_page_number"": 1, ""order_index"": 1}]",,matched,benchmark/results/v2/t160-retest-20261003/quality/runs/t160-quality-20261002T182955Z-75789e35-09-IMP-IMAGE-r3/result.json
t160-quality-20261002T182955Z-75789e35-10-IMP-MIXED-r1,IMP-MIXED,1,automatic,1faa8619-84cc-5d65-86ae-244c7f68645e,b109bf7c-00ca-4449-a50a-95730e8367ed,native_text,question_number,source_provided,True,True,1,1,matched,benchmark/results/v2/t160-retest-20261003/quality/runs/t160-quality-20261002T182955Z-75789e35-10-IMP-MIXED-r1/result.json
t160-quality-20261002T182955Z-75789e35-10-IMP-MIXED-r1,IMP-MIXED,1,automatic,1faa8619-84cc-5d65-86ae-244c7f68645e,b109bf7c-00ca-4449-a50a-95730e8367ed,native_text,order_index,source_provided,True,True,1,1,matched,benchmark/results/v2/t160-retest-20261003/quality/runs/t160-quality-20261002T182955Z-75789e35-10-IMP-MIXED-r1/result.json
t160-quality-20261002T182955Z-75789e35-10-IMP-MIXED-r1,IMP-MIXED,1,automatic,1faa8619-84cc-5d65-86ae-244c7f68645e,b109bf7c-00ca-4449-a50a-95730e8367ed,native_text,source_page_numbers,source_provided,True,True,[1],[1],matched,benchmark/results/v2/t160-retest-20261003/quality/runs/t160-quality-20261002T182955Z-75789e35-10-IMP-MIXED-r1/result.json
t160-quality-20261002T182955Z-75789e35-10-IMP-MIXED-r1,IMP-MIXED,1,automatic,1faa8619-84cc-5d65-86ae-244c7f68645e,b109bf7c-00ca-4449-a50a-95730e8367ed,native_text,question_type,source_provided,True,True,SINGLE_CHOICE,SINGLE_CHOICE,matched,benchmark/results/v2/t160-retest-20261003/quality/runs/t160-quality-20261002T182955Z-75789e35-10-IMP-MIXED-r1/result.json
t160-quality-20261002T182955Z-75789e35-10-IMP-MIXED-r1,IMP-MIXED,1,automatic,1faa8619-84cc-5d65-86ae-244c7f68645e,b109bf7c-00ca-4449-a50a-95730e8367ed,native_text,content,source_provided,True,False,y = 2x + 1，x = 3 时 y 为多少？,单选：y = 2x + 1，x = 3 时 y 为多少？,matched,benchmark/results/v2/t160-retest-20261003/quality/runs/t160-quality-20261002T182955Z-75789e35-10-IMP-MIXED-r1/result.json
t160-quality-20261002T182955Z-75789e35-10-IMP-MIXED-r1,IMP-MIXED,1,automatic,1faa8619-84cc-5d65-86ae-244c7f68645e,b109bf7c-00ca-4449-a50a-95730e8367ed,native_text,options,source_provided,True,True,"{""C"": ""7"", ""A"": ""5"", ""B"": ""6"", ""D"": ""8""}","{""C"": ""7"", ""A"": ""5"", ""B"": ""6"", ""D"": ""8""}",matched,benchmark/results/v2/t160-retest-20261003/quality/runs/t160-quality-20261002T182955Z-75789e35-10-IMP-MIXED-r1/result.json
t160-quality-20261002T182955Z-75789e35-10-IMP-MIXED-r1,IMP-MIXED,1,automatic,1faa8619-84cc-5d65-86ae-244c7f68645e,b109bf7c-00ca-4449-a50a-95730e8367ed,native_text,reference_answer,source_provided,True,True,C,C,matched,benchmark/results/v2/t160-retest-20261003/quality/runs/t160-quality-20261002T182955Z-75789e35-10-IMP-MIXED-r1/result.json
t160-quality-20261002T182955Z-75789e35-10-IMP-MIXED-r1,IMP-MIXED,1,automatic,1faa8619-84cc-5d65-86ae-244c7f68645e,b109bf7c-00ca-4449-a50a-95730e8367ed,native_text,analysis,source_provided,True,True,2 × 3 + 1 = 7。,2 × 3 + 1 = 7。,matched,benchmark/results/v2/t160-retest-20261003/quality/runs/t160-quality-20261002T182955Z-75789e35-10-IMP-MIXED-r1/result.json
t160-quality-20261002T182955Z-75789e35-10-IMP-MIXED-r1,IMP-MIXED,1,automatic,1faa8619-84cc-5d65-86ae-244c7f68645e,b109bf7c-00ca-4449-a50a-95730e8367ed,native_text,score,source_provided,True,True,2.00,2.00,matched,benchmark/results/v2/t160-retest-20261003/quality/runs/t160-quality-20261002T182955Z-75789e35-10-IMP-MIXED-r1/result.json
t160-quality-20261002T182955Z-75789e35-10-IMP-MIXED-r1,IMP-MIXED,1,automatic,1faa8619-84cc-5d65-86ae-244c7f68645e,b109bf7c-00ca-4449-a50a-95730e8367ed,native_text,scoring_rubric,known_missing,True,True,,,matched,benchmark/results/v2/t160-retest-20261003/quality/runs/t160-quality-20261002T182955Z-75789e35-10-IMP-MIXED-r1/result.json
t160-quality-20261002T182955Z-75789e35-10-IMP-MIXED-r1,IMP-MIXED,1,automatic,1faa8619-84cc-5d65-86ae-244c7f68645e,b109bf7c-00ca-4449-a50a-95730e8367ed,native_text,knowledge_points,known_missing,True,False,[],,matched,benchmark/results/v2/t160-retest-20261003/quality/runs/t160-quality-20261002T182955Z-75789e35-10-IMP-MIXED-r1/result.json
t160-quality-20261002T182955Z-75789e35-10-IMP-MIXED-r1,IMP-MIXED,1,automatic,1faa8619-84cc-5d65-86ae-244c7f68645e,b109bf7c-00ca-4449-a50a-95730e8367ed,native_text,source_regions,unknown,False,,,,reference_unknown,benchmark/results/v2/t160-retest-20261003/quality/runs/t160-quality-20261002T182955Z-75789e35-10-IMP-MIXED-r1/result.json
t160-quality-20261002T182955Z-75789e35-10-IMP-MIXED-r1,IMP-MIXED,1,automatic,1faa8619-84cc-5d65-86ae-244c7f68645e,b109bf7c-00ca-4449-a50a-95730e8367ed,native_text,assets,source_provided,True,False,[],,matched,benchmark/results/v2/t160-retest-20261003/quality/runs/t160-quality-20261002T182955Z-75789e35-10-IMP-MIXED-r1/result.json
t160-quality-20261002T182955Z-75789e35-10-IMP-MIXED-r1,IMP-MIXED,1,automatic,545de13f-3fe9-524b-a917-7ab04807806f,46556964-8a75-4675-bd52-bf0f85ace671,native_text,question_number,source_provided,True,True,2,2,matched,benchmark/results/v2/t160-retest-20261003/quality/runs/t160-quality-20261002T182955Z-75789e35-10-IMP-MIXED-r1/result.json
t160-quality-20261002T182955Z-75789e35-10-IMP-MIXED-r1,IMP-MIXED,1,automatic,545de13f-3fe9-524b-a917-7ab04807806f,46556964-8a75-4675-bd52-bf0f85ace671,native_text,order_index,source_provided,True,True,2,2,matched,benchmark/results/v2/t160-retest-20261003/quality/runs/t160-quality-20261002T182955Z-75789e35-10-IMP-MIXED-r1/result.json
t160-quality-20261002T182955Z-75789e35-10-IMP-MIXED-r1,IMP-MIXED,1,automatic,545de13f-3fe9-524b-a917-7ab04807806f,46556964-8a75-4675-bd52-bf0f85ace671,native_text,source_page_numbers,source_provided,True,True,[1],[1],matched,benchmark/results/v2/t160-retest-20261003/quality/runs/t160-quality-20261002T182955Z-75789e35-10-IMP-MIXED-r1/result.json
t160-quality-20261002T182955Z-75789e35-10-IMP-MIXED-r1,IMP-MIXED,1,automatic,545de13f-3fe9-524b-a917-7ab04807806f,46556964-8a75-4675-bd52-bf0f85ace671,native_text,question_type,source_provided,True,True,TRUE_FALSE,TRUE_FALSE,matched,benchmark/results/v2/t160-retest-20261003/quality/runs/t160-quality-20261002T182955Z-75789e35-10-IMP-MIXED-r1/result.json
t160-quality-20261002T182955Z-75789e35-10-IMP-MIXED-r1,IMP-MIXED,1,automatic,545de13f-3fe9-524b-a917-7ab04807806f,46556964-8a75-4675-bd52-bf0f85ace671,native_text,content,source_provided,True,False,右图三角形面积为 24 cm²。,判断：右图三角形面积为 24 cm²。,matched,benchmark/results/v2/t160-retest-20261003/quality/runs/t160-quality-20261002T182955Z-75789e35-10-IMP-MIXED-r1/result.json
t160-quality-20261002T182955Z-75789e35-10-IMP-MIXED-r1,IMP-MIXED,1,automatic,545de13f-3fe9-524b-a917-7ab04807806f,46556964-8a75-4675-bd52-bf0f85ace671,native_text,options,source_provided,True,True,"[""正确"", ""错误""]","[""正确"", ""错误""]",matched,benchmark/results/v2/t160-retest-20261003/quality/runs/t160-quality-20261002T182955Z-75789e35-10-IMP-MIXED-r1/result.json
t160-quality-20261002T182955Z-75789e35-10-IMP-MIXED-r1,IMP-MIXED,1,automatic,545de13f-3fe9-524b-a917-7ab04807806f,46556964-8a75-4675-bd52-bf0f85ace671,native_text,reference_answer,known_missing,True,True,,,matched,benchmark/results/v2/t160-retest-20261003/quality/runs/t160-quality-20261002T182955Z-75789e35-10-IMP-MIXED-r1/result.json
t160-quality-20261002T182955Z-75789e35-10-IMP-MIXED-r1,IMP-MIXED,1,automatic,545de13f-3fe9-524b-a917-7ab04807806f,46556964-8a75-4675-bd52-bf0f85ace671,native_text,analysis,known_missing,True,True,,,matched,benchmark/results/v2/t160-retest-20261003/quality/runs/t160-quality-20261002T182955Z-75789e35-10-IMP-MIXED-r1/result.json
t160-quality-20261002T182955Z-75789e35-10-IMP-MIXED-r1,IMP-MIXED,1,automatic,545de13f-3fe9-524b-a917-7ab04807806f,46556964-8a75-4675-bd52-bf0f85ace671,native_text,score,source_provided,True,True,2.00,2.00,matched,benchmark/results/v2/t160-retest-20261003/quality/runs/t160-quality-20261002T182955Z-75789e35-10-IMP-MIXED-r1/result.json
t160-quality-20261002T182955Z-75789e35-10-IMP-MIXED-r1,IMP-MIXED,1,automatic,545de13f-3fe9-524b-a917-7ab04807806f,46556964-8a75-4675-bd52-bf0f85ace671,native_text,scoring_rubric,known_missing,True,True,,,matched,benchmark/results/v2/t160-retest-20261003/quality/runs/t160-quality-20261002T182955Z-75789e35-10-IMP-MIXED-r1/result.json
t160-quality-20261002T182955Z-75789e35-10-IMP-MIXED-r1,IMP-MIXED,1,automatic,545de13f-3fe9-524b-a917-7ab04807806f,46556964-8a75-4675-bd52-bf0f85ace671,native_text,knowledge_points,known_missing,True,False,[],,matched,benchmark/results/v2/t160-retest-20261003/quality/runs/t160-quality-20261002T182955Z-75789e35-10-IMP-MIXED-r1/result.json
t160-quality-20261002T182955Z-75789e35-10-IMP-MIXED-r1,IMP-MIXED,1,automatic,545de13f-3fe9-524b-a917-7ab04807806f,46556964-8a75-4675-bd52-bf0f85ace671,native_text,source_regions,unknown,False,,,,reference_unknown,benchmark/results/v2/t160-retest-20261003/quality/runs/t160-quality-20261002T182955Z-75789e35-10-IMP-MIXED-r1/result.json
t160-quality-20261002T182955Z-75789e35-10-IMP-MIXED-r1,IMP-MIXED,1,automatic,545de13f-3fe9-524b-a917-7ab04807806f,46556964-8a75-4675-bd52-bf0f85ace671,native_text,assets,source_provided,True,False,"[{""asset_type"": ""figure"", ""source_page_number"": 1, ""order_index"": 1}]",,matched,benchmark/results/v2/t160-retest-20261003/quality/runs/t160-quality-20261002T182955Z-75789e35-10-IMP-MIXED-r1/result.json
t160-quality-20261002T182955Z-75789e35-10-IMP-MIXED-r1,IMP-MIXED,1,automatic,85533f46-eb86-5893-8742-33939e77750f,5bf08f3c-18a2-46c3-b6a8-1e05eb1d31c2,native_text,question_number,source_provided,True,True,3,3,matched,benchmark/results/v2/t160-retest-20261003/quality/runs/t160-quality-20261002T182955Z-75789e35-10-IMP-MIXED-r1/result.json
t160-quality-20261002T182955Z-75789e35-10-IMP-MIXED-r1,IMP-MIXED,1,automatic,85533f46-eb86-5893-8742-33939e77750f,5bf08f3c-18a2-46c3-b6a8-1e05eb1d31c2,native_text,order_index,source_provided,True,True,3,3,matched,benchmark/results/v2/t160-retest-20261003/quality/runs/t160-quality-20261002T182955Z-75789e35-10-IMP-MIXED-r1/result.json
t160-quality-20261002T182955Z-75789e35-10-IMP-MIXED-r1,IMP-MIXED,1,automatic,85533f46-eb86-5893-8742-33939e77750f,5bf08f3c-18a2-46c3-b6a8-1e05eb1d31c2,native_text,source_page_numbers,source_provided,True,True,[1],[1],matched,benchmark/results/v2/t160-retest-20261003/quality/runs/t160-quality-20261002T182955Z-75789e35-10-IMP-MIXED-r1/result.json
t160-quality-20261002T182955Z-75789e35-10-IMP-MIXED-r1,IMP-MIXED,1,automatic,85533f46-eb86-5893-8742-33939e77750f,5bf08f3c-18a2-46c3-b6a8-1e05eb1d31c2,native_text,question_type,source_provided,True,True,SHORT_ANSWER,SHORT_ANSWER,matched,benchmark/results/v2/t160-retest-20261003/quality/runs/t160-quality-20261002T182955Z-75789e35-10-IMP-MIXED-r1/result.json
t160-quality-20261002T182955Z-75789e35-10-IMP-MIXED-r1,IMP-MIXED,1,automatic,85533f46-eb86-5893-8742-33939e77750f,5bf08f3c-18a2-46c3-b6a8-1e05eb1d31c2,native_text,content,source_provided,True,False,根据下表写出 y 关于 x 的关系式。,简答：根据下表写出 y 关于 x 的关系式。,matched,benchmark/results/v2/t160-retest-20261003/quality/runs/t160-quality-20261002T182955Z-75789e35-10-IMP-MIXED-r1/result.json
t160-quality-20261002T182955Z-75789e35-10-IMP-MIXED-r1,IMP-MIXED,1,automatic,85533f46-eb86-5893-8742-33939e77750f,5bf08f3c-18a2-46c3-b6a8-1e05eb1d31c2,native_text,options,not_applicable,True,True,,,matched,benchmark/results/v2/t160-retest-20261003/quality/runs/t160-quality-20261002T182955Z-75789e35-10-IMP-MIXED-r1/result.json
t160-quality-20261002T182955Z-75789e35-10-IMP-MIXED-r1,IMP-MIXED,1,automatic,85533f46-eb86-5893-8742-33939e77750f,5bf08f3c-18a2-46c3-b6a8-1e05eb1d31c2,native_text,reference_answer,known_missing,True,True,,,matched,benchmark/results/v2/t160-retest-20261003/quality/runs/t160-quality-20261002T182955Z-75789e35-10-IMP-MIXED-r1/result.json
t160-quality-20261002T182955Z-75789e35-10-IMP-MIXED-r1,IMP-MIXED,1,automatic,85533f46-eb86-5893-8742-33939e77750f,5bf08f3c-18a2-46c3-b6a8-1e05eb1d31c2,native_text,analysis,known_missing,True,True,,,matched,benchmark/results/v2/t160-retest-20261003/quality/runs/t160-quality-20261002T182955Z-75789e35-10-IMP-MIXED-r1/result.json
t160-quality-20261002T182955Z-75789e35-10-IMP-MIXED-r1,IMP-MIXED,1,automatic,85533f46-eb86-5893-8742-33939e77750f,5bf08f3c-18a2-46c3-b6a8-1e05eb1d31c2,native_text,score,source_provided,True,True,3.00,3.00,matched,benchmark/results/v2/t160-retest-20261003/quality/runs/t160-quality-20261002T182955Z-75789e35-10-IMP-MIXED-r1/result.json
t160-quality-20261002T182955Z-75789e35-10-IMP-MIXED-r1,IMP-MIXED,1,automatic,85533f46-eb86-5893-8742-33939e77750f,5bf08f3c-18a2-46c3-b6a8-1e05eb1d31c2,native_text,scoring_rubric,source_provided,True,False,正确关系式 1.00；说明代入过程 2.00。,评分要点：正确关系式 1.00；说明代入过程 2.00。,matched,benchmark/results/v2/t160-retest-20261003/quality/runs/t160-quality-20261002T182955Z-75789e35-10-IMP-MIXED-r1/result.json
t160-quality-20261002T182955Z-75789e35-10-IMP-MIXED-r1,IMP-MIXED,1,automatic,85533f46-eb86-5893-8742-33939e77750f,5bf08f3c-18a2-46c3-b6a8-1e05eb1d31c2,native_text,knowledge_points,source_provided,True,True,"[""一次函数"", ""表达与计算""]","[""一次函数"", ""表达与计算""]",matched,benchmark/results/v2/t160-retest-20261003/quality/runs/t160-quality-20261002T182955Z-75789e35-10-IMP-MIXED-r1/result.json
t160-quality-20261002T182955Z-75789e35-10-IMP-MIXED-r1,IMP-MIXED,1,automatic,85533f46-eb86-5893-8742-33939e77750f,5bf08f3c-18a2-46c3-b6a8-1e05eb1d31c2,native_text,source_regions,unknown,False,,,,reference_unknown,benchmark/results/v2/t160-retest-20261003/quality/runs/t160-quality-20261002T182955Z-75789e35-10-IMP-MIXED-r1/result.json
t160-quality-20261002T182955Z-75789e35-10-IMP-MIXED-r1,IMP-MIXED,1,automatic,85533f46-eb86-5893-8742-33939e77750f,5bf08f3c-18a2-46c3-b6a8-1e05eb1d31c2,native_text,assets,source_provided,True,False,"[{""asset_type"": ""table"", ""source_page_number"": 1, ""order_index"": 1}]",,matched,benchmark/results/v2/t160-retest-20261003/quality/runs/t160-quality-20261002T182955Z-75789e35-10-IMP-MIXED-r1/result.json
t160-quality-20261002T182955Z-75789e35-10-IMP-MIXED-r1,IMP-MIXED,1,automatic,0fa8d57e-58c2-5aa4-b8cd-e52e96380a38,1e8ab6ea-16fc-4658-af67-99489eae239a,ocr_required,question_number,source_provided,True,True,4,4,matched,benchmark/results/v2/t160-retest-20261003/quality/runs/t160-quality-20261002T182955Z-75789e35-10-IMP-MIXED-r1/result.json
t160-quality-20261002T182955Z-75789e35-10-IMP-MIXED-r1,IMP-MIXED,1,automatic,0fa8d57e-58c2-5aa4-b8cd-e52e96380a38,1e8ab6ea-16fc-4658-af67-99489eae239a,ocr_required,order_index,source_provided,True,True,4,4,matched,benchmark/results/v2/t160-retest-20261003/quality/runs/t160-quality-20261002T182955Z-75789e35-10-IMP-MIXED-r1/result.json
t160-quality-20261002T182955Z-75789e35-10-IMP-MIXED-r1,IMP-MIXED,1,automatic,0fa8d57e-58c2-5aa4-b8cd-e52e96380a38,1e8ab6ea-16fc-4658-af67-99489eae239a,ocr_required,source_page_numbers,source_provided,True,True,[2],[2],matched,benchmark/results/v2/t160-retest-20261003/quality/runs/t160-quality-20261002T182955Z-75789e35-10-IMP-MIXED-r1/result.json
t160-quality-20261002T182955Z-75789e35-10-IMP-MIXED-r1,IMP-MIXED,1,automatic,0fa8d57e-58c2-5aa4-b8cd-e52e96380a38,1e8ab6ea-16fc-4658-af67-99489eae239a,ocr_required,question_type,source_provided,True,True,SINGLE_CHOICE,SINGLE_CHOICE,matched,benchmark/results/v2/t160-retest-20261003/quality/runs/t160-quality-20261002T182955Z-75789e35-10-IMP-MIXED-r1/result.json
t160-quality-20261002T182955Z-75789e35-10-IMP-MIXED-r1,IMP-MIXED,1,automatic,0fa8d57e-58c2-5aa4-b8cd-e52e96380a38,1e8ab6ea-16fc-4658-af67-99489eae239a,ocr_required,content,source_provided,True,False,y = 2x + 1，x = 3 时 y 为多少？,单选：y= 2x +1，x = 3 时y为多少？,matched,benchmark/results/v2/t160-retest-20261003/quality/runs/t160-quality-20261002T182955Z-75789e35-10-IMP-MIXED-r1/result.json
t160-quality-20261002T182955Z-75789e35-10-IMP-MIXED-r1,IMP-MIXED,1,automatic,0fa8d57e-58c2-5aa4-b8cd-e52e96380a38,1e8ab6ea-16fc-4658-af67-99489eae239a,ocr_required,options,source_provided,True,True,"{""C"": ""7"", ""A"": ""5"", ""B"": ""6"", ""D"": ""8""}","{""C"": ""7"", ""A"": ""5"", ""B"": ""6"", ""D"": ""8""}",matched,benchmark/results/v2/t160-retest-20261003/quality/runs/t160-quality-20261002T182955Z-75789e35-10-IMP-MIXED-r1/result.json
t160-quality-20261002T182955Z-75789e35-10-IMP-MIXED-r1,IMP-MIXED,1,automatic,0fa8d57e-58c2-5aa4-b8cd-e52e96380a38,1e8ab6ea-16fc-4658-af67-99489eae239a,ocr_required,reference_answer,source_provided,True,True,C,C,matched,benchmark/results/v2/t160-retest-20261003/quality/runs/t160-quality-20261002T182955Z-75789e35-10-IMP-MIXED-r1/result.json
t160-quality-20261002T182955Z-75789e35-10-IMP-MIXED-r1,IMP-MIXED,1,automatic,0fa8d57e-58c2-5aa4-b8cd-e52e96380a38,1e8ab6ea-16fc-4658-af67-99489eae239a,ocr_required,analysis,source_provided,True,False,2 × 3 + 1 = 7。,2 × 3 +1=7。,matched,benchmark/results/v2/t160-retest-20261003/quality/runs/t160-quality-20261002T182955Z-75789e35-10-IMP-MIXED-r1/result.json
t160-quality-20261002T182955Z-75789e35-10-IMP-MIXED-r1,IMP-MIXED,1,automatic,0fa8d57e-58c2-5aa4-b8cd-e52e96380a38,1e8ab6ea-16fc-4658-af67-99489eae239a,ocr_required,score,source_provided,True,True,2.00,2.00,matched,benchmark/results/v2/t160-retest-20261003/quality/runs/t160-quality-20261002T182955Z-75789e35-10-IMP-MIXED-r1/result.json
t160-quality-20261002T182955Z-75789e35-10-IMP-MIXED-r1,IMP-MIXED,1,automatic,0fa8d57e-58c2-5aa4-b8cd-e52e96380a38,1e8ab6ea-16fc-4658-af67-99489eae239a,ocr_required,scoring_rubric,known_missing,True,True,,,matched,benchmark/results/v2/t160-retest-20261003/quality/runs/t160-quality-20261002T182955Z-75789e35-10-IMP-MIXED-r1/result.json
t160-quality-20261002T182955Z-75789e35-10-IMP-MIXED-r1,IMP-MIXED,1,automatic,0fa8d57e-58c2-5aa4-b8cd-e52e96380a38,1e8ab6ea-16fc-4658-af67-99489eae239a,ocr_required,knowledge_points,known_missing,True,False,[],,matched,benchmark/results/v2/t160-retest-20261003/quality/runs/t160-quality-20261002T182955Z-75789e35-10-IMP-MIXED-r1/result.json
t160-quality-20261002T182955Z-75789e35-10-IMP-MIXED-r1,IMP-MIXED,1,automatic,0fa8d57e-58c2-5aa4-b8cd-e52e96380a38,1e8ab6ea-16fc-4658-af67-99489eae239a,ocr_required,source_regions,unknown,False,,,,reference_unknown,benchmark/results/v2/t160-retest-20261003/quality/runs/t160-quality-20261002T182955Z-75789e35-10-IMP-MIXED-r1/result.json
t160-quality-20261002T182955Z-75789e35-10-IMP-MIXED-r1,IMP-MIXED,1,automatic,0fa8d57e-58c2-5aa4-b8cd-e52e96380a38,1e8ab6ea-16fc-4658-af67-99489eae239a,ocr_required,assets,source_provided,True,False,[],,matched,benchmark/results/v2/t160-retest-20261003/quality/runs/t160-quality-20261002T182955Z-75789e35-10-IMP-MIXED-r1/result.json
t160-quality-20261002T182955Z-75789e35-10-IMP-MIXED-r1,IMP-MIXED,1,automatic,455720b9-9061-5bce-83af-d6d53c6c84e1,3516c7c7-22b6-47c5-a2ae-f0a377032c73,ocr_required,question_number,source_provided,True,True,5,5,matched,benchmark/results/v2/t160-retest-20261003/quality/runs/t160-quality-20261002T182955Z-75789e35-10-IMP-MIXED-r1/result.json
t160-quality-20261002T182955Z-75789e35-10-IMP-MIXED-r1,IMP-MIXED,1,automatic,455720b9-9061-5bce-83af-d6d53c6c84e1,3516c7c7-22b6-47c5-a2ae-f0a377032c73,ocr_required,order_index,source_provided,True,True,5,5,matched,benchmark/results/v2/t160-retest-20261003/quality/runs/t160-quality-20261002T182955Z-75789e35-10-IMP-MIXED-r1/result.json
t160-quality-20261002T182955Z-75789e35-10-IMP-MIXED-r1,IMP-MIXED,1,automatic,455720b9-9061-5bce-83af-d6d53c6c84e1,3516c7c7-22b6-47c5-a2ae-f0a377032c73,ocr_required,source_page_numbers,source_provided,True,True,[2],[2],matched,benchmark/results/v2/t160-retest-20261003/quality/runs/t160-quality-20261002T182955Z-75789e35-10-IMP-MIXED-r1/result.json
t160-quality-20261002T182955Z-75789e35-10-IMP-MIXED-r1,IMP-MIXED,1,automatic,455720b9-9061-5bce-83af-d6d53c6c84e1,3516c7c7-22b6-47c5-a2ae-f0a377032c73,ocr_required,question_type,source_provided,True,True,TRUE_FALSE,TRUE_FALSE,matched,benchmark/results/v2/t160-retest-20261003/quality/runs/t160-quality-20261002T182955Z-75789e35-10-IMP-MIXED-r1/result.json
t160-quality-20261002T182955Z-75789e35-10-IMP-MIXED-r1,IMP-MIXED,1,automatic,455720b9-9061-5bce-83af-d6d53c6c84e1,3516c7c7-22b6-47c5-a2ae-f0a377032c73,ocr_required,content,source_provided,True,False,右图三角形面积为 24 cm²。,判断：右图三角形面积为24cm2。,matched,benchmark/results/v2/t160-retest-20261003/quality/runs/t160-quality-20261002T182955Z-75789e35-10-IMP-MIXED-r1/result.json
t160-quality-20261002T182955Z-75789e35-10-IMP-MIXED-r1,IMP-MIXED,1,automatic,455720b9-9061-5bce-83af-d6d53c6c84e1,3516c7c7-22b6-47c5-a2ae-f0a377032c73,ocr_required,options,source_provided,True,True,"[""正确"", ""错误""]","[""正确"", ""错误""]",matched,benchmark/results/v2/t160-retest-20261003/quality/runs/t160-quality-20261002T182955Z-75789e35-10-IMP-MIXED-r1/result.json
t160-quality-20261002T182955Z-75789e35-10-IMP-MIXED-r1,IMP-MIXED,1,automatic,455720b9-9061-5bce-83af-d6d53c6c84e1,3516c7c7-22b6-47c5-a2ae-f0a377032c73,ocr_required,reference_answer,known_missing,True,True,,,matched,benchmark/results/v2/t160-retest-20261003/quality/runs/t160-quality-20261002T182955Z-75789e35-10-IMP-MIXED-r1/result.json
t160-quality-20261002T182955Z-75789e35-10-IMP-MIXED-r1,IMP-MIXED,1,automatic,455720b9-9061-5bce-83af-d6d53c6c84e1,3516c7c7-22b6-47c5-a2ae-f0a377032c73,ocr_required,analysis,known_missing,True,True,,,matched,benchmark/results/v2/t160-retest-20261003/quality/runs/t160-quality-20261002T182955Z-75789e35-10-IMP-MIXED-r1/result.json
t160-quality-20261002T182955Z-75789e35-10-IMP-MIXED-r1,IMP-MIXED,1,automatic,455720b9-9061-5bce-83af-d6d53c6c84e1,3516c7c7-22b6-47c5-a2ae-f0a377032c73,ocr_required,score,source_provided,True,True,2.00,2.00,matched,benchmark/results/v2/t160-retest-20261003/quality/runs/t160-quality-20261002T182955Z-75789e35-10-IMP-MIXED-r1/result.json
t160-quality-20261002T182955Z-75789e35-10-IMP-MIXED-r1,IMP-MIXED,1,automatic,455720b9-9061-5bce-83af-d6d53c6c84e1,3516c7c7-22b6-47c5-a2ae-f0a377032c73,ocr_required,scoring_rubric,known_missing,True,True,,,matched,benchmark/results/v2/t160-retest-20261003/quality/runs/t160-quality-20261002T182955Z-75789e35-10-IMP-MIXED-r1/result.json
t160-quality-20261002T182955Z-75789e35-10-IMP-MIXED-r1,IMP-MIXED,1,automatic,455720b9-9061-5bce-83af-d6d53c6c84e1,3516c7c7-22b6-47c5-a2ae-f0a377032c73,ocr_required,knowledge_points,known_missing,True,False,[],,matched,benchmark/results/v2/t160-retest-20261003/quality/runs/t160-quality-20261002T182955Z-75789e35-10-IMP-MIXED-r1/result.json
t160-quality-20261002T182955Z-75789e35-10-IMP-MIXED-r1,IMP-MIXED,1,automatic,455720b9-9061-5bce-83af-d6d53c6c84e1,3516c7c7-22b6-47c5-a2ae-f0a377032c73,ocr_required,source_regions,unknown,False,,,,reference_unknown,benchmark/results/v2/t160-retest-20261003/quality/runs/t160-quality-20261002T182955Z-75789e35-10-IMP-MIXED-r1/result.json
t160-quality-20261002T182955Z-75789e35-10-IMP-MIXED-r1,IMP-MIXED,1,automatic,455720b9-9061-5bce-83af-d6d53c6c84e1,3516c7c7-22b6-47c5-a2ae-f0a377032c73,ocr_required,assets,source_provided,True,False,"[{""asset_type"": ""figure"", ""source_page_number"": 2, ""order_index"": 1}]",,matched,benchmark/results/v2/t160-retest-20261003/quality/runs/t160-quality-20261002T182955Z-75789e35-10-IMP-MIXED-r1/result.json
t160-quality-20261002T182955Z-75789e35-10-IMP-MIXED-r1,IMP-MIXED,1,automatic,bf862f8d-df39-5559-bab5-d942fccb2432,9d700ff2-6e1c-470d-94db-5c430b18c406,ocr_required,question_number,source_provided,True,True,6,6,matched,benchmark/results/v2/t160-retest-20261003/quality/runs/t160-quality-20261002T182955Z-75789e35-10-IMP-MIXED-r1/result.json
t160-quality-20261002T182955Z-75789e35-10-IMP-MIXED-r1,IMP-MIXED,1,automatic,bf862f8d-df39-5559-bab5-d942fccb2432,9d700ff2-6e1c-470d-94db-5c430b18c406,ocr_required,order_index,source_provided,True,True,6,6,matched,benchmark/results/v2/t160-retest-20261003/quality/runs/t160-quality-20261002T182955Z-75789e35-10-IMP-MIXED-r1/result.json
t160-quality-20261002T182955Z-75789e35-10-IMP-MIXED-r1,IMP-MIXED,1,automatic,bf862f8d-df39-5559-bab5-d942fccb2432,9d700ff2-6e1c-470d-94db-5c430b18c406,ocr_required,source_page_numbers,source_provided,True,True,[2],[2],matched,benchmark/results/v2/t160-retest-20261003/quality/runs/t160-quality-20261002T182955Z-75789e35-10-IMP-MIXED-r1/result.json
t160-quality-20261002T182955Z-75789e35-10-IMP-MIXED-r1,IMP-MIXED,1,automatic,bf862f8d-df39-5559-bab5-d942fccb2432,9d700ff2-6e1c-470d-94db-5c430b18c406,ocr_required,question_type,source_provided,True,True,SHORT_ANSWER,SHORT_ANSWER,matched,benchmark/results/v2/t160-retest-20261003/quality/runs/t160-quality-20261002T182955Z-75789e35-10-IMP-MIXED-r1/result.json
t160-quality-20261002T182955Z-75789e35-10-IMP-MIXED-r1,IMP-MIXED,1,automatic,bf862f8d-df39-5559-bab5-d942fccb2432,9d700ff2-6e1c-470d-94db-5c430b18c406,ocr_required,content,source_provided,True,False,根据下表写出 y 关于 x 的关系式。,简答：根据下表写出y关于x的关系式。,matched,benchmark/results/v2/t160-retest-20261003/quality/runs/t160-quality-20261002T182955Z-75789e35-10-IMP-MIXED-r1/result.json
t160-quality-20261002T182955Z-75789e35-10-IMP-MIXED-r1,IMP-MIXED,1,automatic,bf862f8d-df39-5559-bab5-d942fccb2432,9d700ff2-6e1c-470d-94db-5c430b18c406,ocr_required,options,not_applicable,True,True,,,matched,benchmark/results/v2/t160-retest-20261003/quality/runs/t160-quality-20261002T182955Z-75789e35-10-IMP-MIXED-r1/result.json
t160-quality-20261002T182955Z-75789e35-10-IMP-MIXED-r1,IMP-MIXED,1,automatic,bf862f8d-df39-5559-bab5-d942fccb2432,9d700ff2-6e1c-470d-94db-5c430b18c406,ocr_required,reference_answer,known_missing,True,True,,,matched,benchmark/results/v2/t160-retest-20261003/quality/runs/t160-quality-20261002T182955Z-75789e35-10-IMP-MIXED-r1/result.json
t160-quality-20261002T182955Z-75789e35-10-IMP-MIXED-r1,IMP-MIXED,1,automatic,bf862f8d-df39-5559-bab5-d942fccb2432,9d700ff2-6e1c-470d-94db-5c430b18c406,ocr_required,analysis,known_missing,True,True,,,matched,benchmark/results/v2/t160-retest-20261003/quality/runs/t160-quality-20261002T182955Z-75789e35-10-IMP-MIXED-r1/result.json
t160-quality-20261002T182955Z-75789e35-10-IMP-MIXED-r1,IMP-MIXED,1,automatic,bf862f8d-df39-5559-bab5-d942fccb2432,9d700ff2-6e1c-470d-94db-5c430b18c406,ocr_required,score,source_provided,True,True,3.00,3.00,matched,benchmark/results/v2/t160-retest-20261003/quality/runs/t160-quality-20261002T182955Z-75789e35-10-IMP-MIXED-r1/result.json
t160-quality-20261002T182955Z-75789e35-10-IMP-MIXED-r1,IMP-MIXED,1,automatic,bf862f8d-df39-5559-bab5-d942fccb2432,9d700ff2-6e1c-470d-94db-5c430b18c406,ocr_required,scoring_rubric,source_provided,True,False,正确关系式 1.00；说明代入过程 2.00。,评分要点：正确关系式1.00；说明代入过程2.00。,matched,benchmark/results/v2/t160-retest-20261003/quality/runs/t160-quality-20261002T182955Z-75789e35-10-IMP-MIXED-r1/result.json
t160-quality-20261002T182955Z-75789e35-10-IMP-MIXED-r1,IMP-MIXED,1,automatic,bf862f8d-df39-5559-bab5-d942fccb2432,9d700ff2-6e1c-470d-94db-5c430b18c406,ocr_required,knowledge_points,source_provided,True,True,"[""一次函数"", ""表达与计算""]","[""一次函数"", ""表达与计算""]",matched,benchmark/results/v2/t160-retest-20261003/quality/runs/t160-quality-20261002T182955Z-75789e35-10-IMP-MIXED-r1/result.json
t160-quality-20261002T182955Z-75789e35-10-IMP-MIXED-r1,IMP-MIXED,1,automatic,bf862f8d-df39-5559-bab5-d942fccb2432,9d700ff2-6e1c-470d-94db-5c430b18c406,ocr_required,source_regions,unknown,False,,,,reference_unknown,benchmark/results/v2/t160-retest-20261003/quality/runs/t160-quality-20261002T182955Z-75789e35-10-IMP-MIXED-r1/result.json
t160-quality-20261002T182955Z-75789e35-10-IMP-MIXED-r1,IMP-MIXED,1,automatic,bf862f8d-df39-5559-bab5-d942fccb2432,9d700ff2-6e1c-470d-94db-5c430b18c406,ocr_required,assets,source_provided,True,False,"[{""asset_type"": ""table"", ""source_page_number"": 2, ""order_index"": 1}]",,matched,benchmark/results/v2/t160-retest-20261003/quality/runs/t160-quality-20261002T182955Z-75789e35-10-IMP-MIXED-r1/result.json
t160-quality-20261002T182955Z-75789e35-10-IMP-MIXED-r1,IMP-MIXED,1,assisted_corrected,1faa8619-84cc-5d65-86ae-244c7f68645e,b109bf7c-00ca-4449-a50a-95730e8367ed,native_text,question_number,source_provided,True,True,1,1,matched,benchmark/results/v2/t160-retest-20261003/quality/runs/t160-quality-20261002T182955Z-75789e35-10-IMP-MIXED-r1/result.json
t160-quality-20261002T182955Z-75789e35-10-IMP-MIXED-r1,IMP-MIXED,1,assisted_corrected,1faa8619-84cc-5d65-86ae-244c7f68645e,b109bf7c-00ca-4449-a50a-95730e8367ed,native_text,order_index,source_provided,True,True,1,1,matched,benchmark/results/v2/t160-retest-20261003/quality/runs/t160-quality-20261002T182955Z-75789e35-10-IMP-MIXED-r1/result.json
t160-quality-20261002T182955Z-75789e35-10-IMP-MIXED-r1,IMP-MIXED,1,assisted_corrected,1faa8619-84cc-5d65-86ae-244c7f68645e,b109bf7c-00ca-4449-a50a-95730e8367ed,native_text,source_page_numbers,source_provided,True,True,[1],[1],matched,benchmark/results/v2/t160-retest-20261003/quality/runs/t160-quality-20261002T182955Z-75789e35-10-IMP-MIXED-r1/result.json
t160-quality-20261002T182955Z-75789e35-10-IMP-MIXED-r1,IMP-MIXED,1,assisted_corrected,1faa8619-84cc-5d65-86ae-244c7f68645e,b109bf7c-00ca-4449-a50a-95730e8367ed,native_text,question_type,source_provided,True,True,SINGLE_CHOICE,SINGLE_CHOICE,matched,benchmark/results/v2/t160-retest-20261003/quality/runs/t160-quality-20261002T182955Z-75789e35-10-IMP-MIXED-r1/result.json
t160-quality-20261002T182955Z-75789e35-10-IMP-MIXED-r1,IMP-MIXED,1,assisted_corrected,1faa8619-84cc-5d65-86ae-244c7f68645e,b109bf7c-00ca-4449-a50a-95730e8367ed,native_text,content,source_provided,True,True,y = 2x + 1，x = 3 时 y 为多少？,y = 2x + 1，x = 3 时 y 为多少？,matched,benchmark/results/v2/t160-retest-20261003/quality/runs/t160-quality-20261002T182955Z-75789e35-10-IMP-MIXED-r1/result.json
t160-quality-20261002T182955Z-75789e35-10-IMP-MIXED-r1,IMP-MIXED,1,assisted_corrected,1faa8619-84cc-5d65-86ae-244c7f68645e,b109bf7c-00ca-4449-a50a-95730e8367ed,native_text,options,source_provided,True,True,"{""C"": ""7"", ""A"": ""5"", ""B"": ""6"", ""D"": ""8""}","{""C"": ""7"", ""A"": ""5"", ""B"": ""6"", ""D"": ""8""}",matched,benchmark/results/v2/t160-retest-20261003/quality/runs/t160-quality-20261002T182955Z-75789e35-10-IMP-MIXED-r1/result.json
t160-quality-20261002T182955Z-75789e35-10-IMP-MIXED-r1,IMP-MIXED,1,assisted_corrected,1faa8619-84cc-5d65-86ae-244c7f68645e,b109bf7c-00ca-4449-a50a-95730e8367ed,native_text,reference_answer,source_provided,True,True,C,C,matched,benchmark/results/v2/t160-retest-20261003/quality/runs/t160-quality-20261002T182955Z-75789e35-10-IMP-MIXED-r1/result.json
t160-quality-20261002T182955Z-75789e35-10-IMP-MIXED-r1,IMP-MIXED,1,assisted_corrected,1faa8619-84cc-5d65-86ae-244c7f68645e,b109bf7c-00ca-4449-a50a-95730e8367ed,native_text,analysis,source_provided,True,True,2 × 3 + 1 = 7。,2 × 3 + 1 = 7。,matched,benchmark/results/v2/t160-retest-20261003/quality/runs/t160-quality-20261002T182955Z-75789e35-10-IMP-MIXED-r1/result.json
t160-quality-20261002T182955Z-75789e35-10-IMP-MIXED-r1,IMP-MIXED,1,assisted_corrected,1faa8619-84cc-5d65-86ae-244c7f68645e,b109bf7c-00ca-4449-a50a-95730e8367ed,native_text,score,source_provided,True,True,2.00,2.00,matched,benchmark/results/v2/t160-retest-20261003/quality/runs/t160-quality-20261002T182955Z-75789e35-10-IMP-MIXED-r1/result.json
t160-quality-20261002T182955Z-75789e35-10-IMP-MIXED-r1,IMP-MIXED,1,assisted_corrected,1faa8619-84cc-5d65-86ae-244c7f68645e,b109bf7c-00ca-4449-a50a-95730e8367ed,native_text,scoring_rubric,known_missing,True,True,,,matched,benchmark/results/v2/t160-retest-20261003/quality/runs/t160-quality-20261002T182955Z-75789e35-10-IMP-MIXED-r1/result.json
t160-quality-20261002T182955Z-75789e35-10-IMP-MIXED-r1,IMP-MIXED,1,assisted_corrected,1faa8619-84cc-5d65-86ae-244c7f68645e,b109bf7c-00ca-4449-a50a-95730e8367ed,native_text,knowledge_points,known_missing,True,True,[],[],matched,benchmark/results/v2/t160-retest-20261003/quality/runs/t160-quality-20261002T182955Z-75789e35-10-IMP-MIXED-r1/result.json
t160-quality-20261002T182955Z-75789e35-10-IMP-MIXED-r1,IMP-MIXED,1,assisted_corrected,1faa8619-84cc-5d65-86ae-244c7f68645e,b109bf7c-00ca-4449-a50a-95730e8367ed,native_text,source_regions,unknown,False,,,,reference_unknown,benchmark/results/v2/t160-retest-20261003/quality/runs/t160-quality-20261002T182955Z-75789e35-10-IMP-MIXED-r1/result.json
t160-quality-20261002T182955Z-75789e35-10-IMP-MIXED-r1,IMP-MIXED,1,assisted_corrected,1faa8619-84cc-5d65-86ae-244c7f68645e,b109bf7c-00ca-4449-a50a-95730e8367ed,native_text,assets,source_provided,True,True,[],[],matched,benchmark/results/v2/t160-retest-20261003/quality/runs/t160-quality-20261002T182955Z-75789e35-10-IMP-MIXED-r1/result.json
t160-quality-20261002T182955Z-75789e35-10-IMP-MIXED-r1,IMP-MIXED,1,assisted_corrected,545de13f-3fe9-524b-a917-7ab04807806f,46556964-8a75-4675-bd52-bf0f85ace671,native_text,question_number,source_provided,True,True,2,2,matched,benchmark/results/v2/t160-retest-20261003/quality/runs/t160-quality-20261002T182955Z-75789e35-10-IMP-MIXED-r1/result.json
t160-quality-20261002T182955Z-75789e35-10-IMP-MIXED-r1,IMP-MIXED,1,assisted_corrected,545de13f-3fe9-524b-a917-7ab04807806f,46556964-8a75-4675-bd52-bf0f85ace671,native_text,order_index,source_provided,True,True,2,2,matched,benchmark/results/v2/t160-retest-20261003/quality/runs/t160-quality-20261002T182955Z-75789e35-10-IMP-MIXED-r1/result.json
t160-quality-20261002T182955Z-75789e35-10-IMP-MIXED-r1,IMP-MIXED,1,assisted_corrected,545de13f-3fe9-524b-a917-7ab04807806f,46556964-8a75-4675-bd52-bf0f85ace671,native_text,source_page_numbers,source_provided,True,True,[1],[1],matched,benchmark/results/v2/t160-retest-20261003/quality/runs/t160-quality-20261002T182955Z-75789e35-10-IMP-MIXED-r1/result.json
t160-quality-20261002T182955Z-75789e35-10-IMP-MIXED-r1,IMP-MIXED,1,assisted_corrected,545de13f-3fe9-524b-a917-7ab04807806f,46556964-8a75-4675-bd52-bf0f85ace671,native_text,question_type,source_provided,True,True,TRUE_FALSE,TRUE_FALSE,matched,benchmark/results/v2/t160-retest-20261003/quality/runs/t160-quality-20261002T182955Z-75789e35-10-IMP-MIXED-r1/result.json
t160-quality-20261002T182955Z-75789e35-10-IMP-MIXED-r1,IMP-MIXED,1,assisted_corrected,545de13f-3fe9-524b-a917-7ab04807806f,46556964-8a75-4675-bd52-bf0f85ace671,native_text,content,source_provided,True,True,右图三角形面积为 24 cm²。,右图三角形面积为 24 cm²。,matched,benchmark/results/v2/t160-retest-20261003/quality/runs/t160-quality-20261002T182955Z-75789e35-10-IMP-MIXED-r1/result.json
t160-quality-20261002T182955Z-75789e35-10-IMP-MIXED-r1,IMP-MIXED,1,assisted_corrected,545de13f-3fe9-524b-a917-7ab04807806f,46556964-8a75-4675-bd52-bf0f85ace671,native_text,options,source_provided,True,True,"[""正确"", ""错误""]","[""正确"", ""错误""]",matched,benchmark/results/v2/t160-retest-20261003/quality/runs/t160-quality-20261002T182955Z-75789e35-10-IMP-MIXED-r1/result.json
t160-quality-20261002T182955Z-75789e35-10-IMP-MIXED-r1,IMP-MIXED,1,assisted_corrected,545de13f-3fe9-524b-a917-7ab04807806f,46556964-8a75-4675-bd52-bf0f85ace671,native_text,reference_answer,known_missing,True,True,,,matched,benchmark/results/v2/t160-retest-20261003/quality/runs/t160-quality-20261002T182955Z-75789e35-10-IMP-MIXED-r1/result.json
t160-quality-20261002T182955Z-75789e35-10-IMP-MIXED-r1,IMP-MIXED,1,assisted_corrected,545de13f-3fe9-524b-a917-7ab04807806f,46556964-8a75-4675-bd52-bf0f85ace671,native_text,analysis,known_missing,True,True,,,matched,benchmark/results/v2/t160-retest-20261003/quality/runs/t160-quality-20261002T182955Z-75789e35-10-IMP-MIXED-r1/result.json
t160-quality-20261002T182955Z-75789e35-10-IMP-MIXED-r1,IMP-MIXED,1,assisted_corrected,545de13f-3fe9-524b-a917-7ab04807806f,46556964-8a75-4675-bd52-bf0f85ace671,native_text,score,source_provided,True,True,2.00,2.00,matched,benchmark/results/v2/t160-retest-20261003/quality/runs/t160-quality-20261002T182955Z-75789e35-10-IMP-MIXED-r1/result.json
t160-quality-20261002T182955Z-75789e35-10-IMP-MIXED-r1,IMP-MIXED,1,assisted_corrected,545de13f-3fe9-524b-a917-7ab04807806f,46556964-8a75-4675-bd52-bf0f85ace671,native_text,scoring_rubric,known_missing,True,True,,,matched,benchmark/results/v2/t160-retest-20261003/quality/runs/t160-quality-20261002T182955Z-75789e35-10-IMP-MIXED-r1/result.json
t160-quality-20261002T182955Z-75789e35-10-IMP-MIXED-r1,IMP-MIXED,1,assisted_corrected,545de13f-3fe9-524b-a917-7ab04807806f,46556964-8a75-4675-bd52-bf0f85ace671,native_text,knowledge_points,known_missing,True,True,[],[],matched,benchmark/results/v2/t160-retest-20261003/quality/runs/t160-quality-20261002T182955Z-75789e35-10-IMP-MIXED-r1/result.json
t160-quality-20261002T182955Z-75789e35-10-IMP-MIXED-r1,IMP-MIXED,1,assisted_corrected,545de13f-3fe9-524b-a917-7ab04807806f,46556964-8a75-4675-bd52-bf0f85ace671,native_text,source_regions,unknown,False,,,,reference_unknown,benchmark/results/v2/t160-retest-20261003/quality/runs/t160-quality-20261002T182955Z-75789e35-10-IMP-MIXED-r1/result.json
t160-quality-20261002T182955Z-75789e35-10-IMP-MIXED-r1,IMP-MIXED,1,assisted_corrected,545de13f-3fe9-524b-a917-7ab04807806f,46556964-8a75-4675-bd52-bf0f85ace671,native_text,assets,source_provided,True,False,"[{""asset_type"": ""figure"", ""source_page_number"": 1, ""order_index"": 1}]",,matched,benchmark/results/v2/t160-retest-20261003/quality/runs/t160-quality-20261002T182955Z-75789e35-10-IMP-MIXED-r1/result.json
t160-quality-20261002T182955Z-75789e35-10-IMP-MIXED-r1,IMP-MIXED,1,assisted_corrected,85533f46-eb86-5893-8742-33939e77750f,5bf08f3c-18a2-46c3-b6a8-1e05eb1d31c2,native_text,question_number,source_provided,True,True,3,3,matched,benchmark/results/v2/t160-retest-20261003/quality/runs/t160-quality-20261002T182955Z-75789e35-10-IMP-MIXED-r1/result.json
t160-quality-20261002T182955Z-75789e35-10-IMP-MIXED-r1,IMP-MIXED,1,assisted_corrected,85533f46-eb86-5893-8742-33939e77750f,5bf08f3c-18a2-46c3-b6a8-1e05eb1d31c2,native_text,order_index,source_provided,True,True,3,3,matched,benchmark/results/v2/t160-retest-20261003/quality/runs/t160-quality-20261002T182955Z-75789e35-10-IMP-MIXED-r1/result.json
t160-quality-20261002T182955Z-75789e35-10-IMP-MIXED-r1,IMP-MIXED,1,assisted_corrected,85533f46-eb86-5893-8742-33939e77750f,5bf08f3c-18a2-46c3-b6a8-1e05eb1d31c2,native_text,source_page_numbers,source_provided,True,True,[1],[1],matched,benchmark/results/v2/t160-retest-20261003/quality/runs/t160-quality-20261002T182955Z-75789e35-10-IMP-MIXED-r1/result.json
t160-quality-20261002T182955Z-75789e35-10-IMP-MIXED-r1,IMP-MIXED,1,assisted_corrected,85533f46-eb86-5893-8742-33939e77750f,5bf08f3c-18a2-46c3-b6a8-1e05eb1d31c2,native_text,question_type,source_provided,True,True,SHORT_ANSWER,SHORT_ANSWER,matched,benchmark/results/v2/t160-retest-20261003/quality/runs/t160-quality-20261002T182955Z-75789e35-10-IMP-MIXED-r1/result.json
t160-quality-20261002T182955Z-75789e35-10-IMP-MIXED-r1,IMP-MIXED,1,assisted_corrected,85533f46-eb86-5893-8742-33939e77750f,5bf08f3c-18a2-46c3-b6a8-1e05eb1d31c2,native_text,content,source_provided,True,True,根据下表写出 y 关于 x 的关系式。,根据下表写出 y 关于 x 的关系式。,matched,benchmark/results/v2/t160-retest-20261003/quality/runs/t160-quality-20261002T182955Z-75789e35-10-IMP-MIXED-r1/result.json
t160-quality-20261002T182955Z-75789e35-10-IMP-MIXED-r1,IMP-MIXED,1,assisted_corrected,85533f46-eb86-5893-8742-33939e77750f,5bf08f3c-18a2-46c3-b6a8-1e05eb1d31c2,native_text,options,not_applicable,True,True,,,matched,benchmark/results/v2/t160-retest-20261003/quality/runs/t160-quality-20261002T182955Z-75789e35-10-IMP-MIXED-r1/result.json
t160-quality-20261002T182955Z-75789e35-10-IMP-MIXED-r1,IMP-MIXED,1,assisted_corrected,85533f46-eb86-5893-8742-33939e77750f,5bf08f3c-18a2-46c3-b6a8-1e05eb1d31c2,native_text,reference_answer,known_missing,True,True,,,matched,benchmark/results/v2/t160-retest-20261003/quality/runs/t160-quality-20261002T182955Z-75789e35-10-IMP-MIXED-r1/result.json
t160-quality-20261002T182955Z-75789e35-10-IMP-MIXED-r1,IMP-MIXED,1,assisted_corrected,85533f46-eb86-5893-8742-33939e77750f,5bf08f3c-18a2-46c3-b6a8-1e05eb1d31c2,native_text,analysis,known_missing,True,True,,,matched,benchmark/results/v2/t160-retest-20261003/quality/runs/t160-quality-20261002T182955Z-75789e35-10-IMP-MIXED-r1/result.json
t160-quality-20261002T182955Z-75789e35-10-IMP-MIXED-r1,IMP-MIXED,1,assisted_corrected,85533f46-eb86-5893-8742-33939e77750f,5bf08f3c-18a2-46c3-b6a8-1e05eb1d31c2,native_text,score,source_provided,True,True,3.00,3.00,matched,benchmark/results/v2/t160-retest-20261003/quality/runs/t160-quality-20261002T182955Z-75789e35-10-IMP-MIXED-r1/result.json
t160-quality-20261002T182955Z-75789e35-10-IMP-MIXED-r1,IMP-MIXED,1,assisted_corrected,85533f46-eb86-5893-8742-33939e77750f,5bf08f3c-18a2-46c3-b6a8-1e05eb1d31c2,native_text,scoring_rubric,source_provided,True,True,正确关系式 1.00；说明代入过程 2.00。,正确关系式 1.00；说明代入过程 2.00。,matched,benchmark/results/v2/t160-retest-20261003/quality/runs/t160-quality-20261002T182955Z-75789e35-10-IMP-MIXED-r1/result.json
t160-quality-20261002T182955Z-75789e35-10-IMP-MIXED-r1,IMP-MIXED,1,assisted_corrected,85533f46-eb86-5893-8742-33939e77750f,5bf08f3c-18a2-46c3-b6a8-1e05eb1d31c2,native_text,knowledge_points,source_provided,True,True,"[""一次函数"", ""表达与计算""]","[""一次函数"", ""表达与计算""]",matched,benchmark/results/v2/t160-retest-20261003/quality/runs/t160-quality-20261002T182955Z-75789e35-10-IMP-MIXED-r1/result.json
t160-quality-20261002T182955Z-75789e35-10-IMP-MIXED-r1,IMP-MIXED,1,assisted_corrected,85533f46-eb86-5893-8742-33939e77750f,5bf08f3c-18a2-46c3-b6a8-1e05eb1d31c2,native_text,source_regions,unknown,False,,,,reference_unknown,benchmark/results/v2/t160-retest-20261003/quality/runs/t160-quality-20261002T182955Z-75789e35-10-IMP-MIXED-r1/result.json
t160-quality-20261002T182955Z-75789e35-10-IMP-MIXED-r1,IMP-MIXED,1,assisted_corrected,85533f46-eb86-5893-8742-33939e77750f,5bf08f3c-18a2-46c3-b6a8-1e05eb1d31c2,native_text,assets,source_provided,True,False,"[{""asset_type"": ""table"", ""source_page_number"": 1, ""order_index"": 1}]",,matched,benchmark/results/v2/t160-retest-20261003/quality/runs/t160-quality-20261002T182955Z-75789e35-10-IMP-MIXED-r1/result.json
t160-quality-20261002T182955Z-75789e35-10-IMP-MIXED-r1,IMP-MIXED,1,assisted_corrected,0fa8d57e-58c2-5aa4-b8cd-e52e96380a38,1e8ab6ea-16fc-4658-af67-99489eae239a,ocr_required,question_number,source_provided,True,True,4,4,matched,benchmark/results/v2/t160-retest-20261003/quality/runs/t160-quality-20261002T182955Z-75789e35-10-IMP-MIXED-r1/result.json
t160-quality-20261002T182955Z-75789e35-10-IMP-MIXED-r1,IMP-MIXED,1,assisted_corrected,0fa8d57e-58c2-5aa4-b8cd-e52e96380a38,1e8ab6ea-16fc-4658-af67-99489eae239a,ocr_required,order_index,source_provided,True,True,4,4,matched,benchmark/results/v2/t160-retest-20261003/quality/runs/t160-quality-20261002T182955Z-75789e35-10-IMP-MIXED-r1/result.json
t160-quality-20261002T182955Z-75789e35-10-IMP-MIXED-r1,IMP-MIXED,1,assisted_corrected,0fa8d57e-58c2-5aa4-b8cd-e52e96380a38,1e8ab6ea-16fc-4658-af67-99489eae239a,ocr_required,source_page_numbers,source_provided,True,True,[2],[2],matched,benchmark/results/v2/t160-retest-20261003/quality/runs/t160-quality-20261002T182955Z-75789e35-10-IMP-MIXED-r1/result.json
t160-quality-20261002T182955Z-75789e35-10-IMP-MIXED-r1,IMP-MIXED,1,assisted_corrected,0fa8d57e-58c2-5aa4-b8cd-e52e96380a38,1e8ab6ea-16fc-4658-af67-99489eae239a,ocr_required,question_type,source_provided,True,True,SINGLE_CHOICE,SINGLE_CHOICE,matched,benchmark/results/v2/t160-retest-20261003/quality/runs/t160-quality-20261002T182955Z-75789e35-10-IMP-MIXED-r1/result.json
t160-quality-20261002T182955Z-75789e35-10-IMP-MIXED-r1,IMP-MIXED,1,assisted_corrected,0fa8d57e-58c2-5aa4-b8cd-e52e96380a38,1e8ab6ea-16fc-4658-af67-99489eae239a,ocr_required,content,source_provided,True,True,y = 2x + 1，x = 3 时 y 为多少？,y = 2x + 1，x = 3 时 y 为多少？,matched,benchmark/results/v2/t160-retest-20261003/quality/runs/t160-quality-20261002T182955Z-75789e35-10-IMP-MIXED-r1/result.json
t160-quality-20261002T182955Z-75789e35-10-IMP-MIXED-r1,IMP-MIXED,1,assisted_corrected,0fa8d57e-58c2-5aa4-b8cd-e52e96380a38,1e8ab6ea-16fc-4658-af67-99489eae239a,ocr_required,options,source_provided,True,True,"{""C"": ""7"", ""A"": ""5"", ""B"": ""6"", ""D"": ""8""}","{""C"": ""7"", ""A"": ""5"", ""B"": ""6"", ""D"": ""8""}",matched,benchmark/results/v2/t160-retest-20261003/quality/runs/t160-quality-20261002T182955Z-75789e35-10-IMP-MIXED-r1/result.json
t160-quality-20261002T182955Z-75789e35-10-IMP-MIXED-r1,IMP-MIXED,1,assisted_corrected,0fa8d57e-58c2-5aa4-b8cd-e52e96380a38,1e8ab6ea-16fc-4658-af67-99489eae239a,ocr_required,reference_answer,source_provided,True,True,C,C,matched,benchmark/results/v2/t160-retest-20261003/quality/runs/t160-quality-20261002T182955Z-75789e35-10-IMP-MIXED-r1/result.json
t160-quality-20261002T182955Z-75789e35-10-IMP-MIXED-r1,IMP-MIXED,1,assisted_corrected,0fa8d57e-58c2-5aa4-b8cd-e52e96380a38,1e8ab6ea-16fc-4658-af67-99489eae239a,ocr_required,analysis,source_provided,True,True,2 × 3 + 1 = 7。,2 × 3 + 1 = 7。,matched,benchmark/results/v2/t160-retest-20261003/quality/runs/t160-quality-20261002T182955Z-75789e35-10-IMP-MIXED-r1/result.json
t160-quality-20261002T182955Z-75789e35-10-IMP-MIXED-r1,IMP-MIXED,1,assisted_corrected,0fa8d57e-58c2-5aa4-b8cd-e52e96380a38,1e8ab6ea-16fc-4658-af67-99489eae239a,ocr_required,score,source_provided,True,True,2.00,2.00,matched,benchmark/results/v2/t160-retest-20261003/quality/runs/t160-quality-20261002T182955Z-75789e35-10-IMP-MIXED-r1/result.json
t160-quality-20261002T182955Z-75789e35-10-IMP-MIXED-r1,IMP-MIXED,1,assisted_corrected,0fa8d57e-58c2-5aa4-b8cd-e52e96380a38,1e8ab6ea-16fc-4658-af67-99489eae239a,ocr_required,scoring_rubric,known_missing,True,True,,,matched,benchmark/results/v2/t160-retest-20261003/quality/runs/t160-quality-20261002T182955Z-75789e35-10-IMP-MIXED-r1/result.json
t160-quality-20261002T182955Z-75789e35-10-IMP-MIXED-r1,IMP-MIXED,1,assisted_corrected,0fa8d57e-58c2-5aa4-b8cd-e52e96380a38,1e8ab6ea-16fc-4658-af67-99489eae239a,ocr_required,knowledge_points,known_missing,True,True,[],[],matched,benchmark/results/v2/t160-retest-20261003/quality/runs/t160-quality-20261002T182955Z-75789e35-10-IMP-MIXED-r1/result.json
t160-quality-20261002T182955Z-75789e35-10-IMP-MIXED-r1,IMP-MIXED,1,assisted_corrected,0fa8d57e-58c2-5aa4-b8cd-e52e96380a38,1e8ab6ea-16fc-4658-af67-99489eae239a,ocr_required,source_regions,unknown,False,,,,reference_unknown,benchmark/results/v2/t160-retest-20261003/quality/runs/t160-quality-20261002T182955Z-75789e35-10-IMP-MIXED-r1/result.json
t160-quality-20261002T182955Z-75789e35-10-IMP-MIXED-r1,IMP-MIXED,1,assisted_corrected,0fa8d57e-58c2-5aa4-b8cd-e52e96380a38,1e8ab6ea-16fc-4658-af67-99489eae239a,ocr_required,assets,source_provided,True,True,[],[],matched,benchmark/results/v2/t160-retest-20261003/quality/runs/t160-quality-20261002T182955Z-75789e35-10-IMP-MIXED-r1/result.json
t160-quality-20261002T182955Z-75789e35-10-IMP-MIXED-r1,IMP-MIXED,1,assisted_corrected,455720b9-9061-5bce-83af-d6d53c6c84e1,3516c7c7-22b6-47c5-a2ae-f0a377032c73,ocr_required,question_number,source_provided,True,True,5,5,matched,benchmark/results/v2/t160-retest-20261003/quality/runs/t160-quality-20261002T182955Z-75789e35-10-IMP-MIXED-r1/result.json
t160-quality-20261002T182955Z-75789e35-10-IMP-MIXED-r1,IMP-MIXED,1,assisted_corrected,455720b9-9061-5bce-83af-d6d53c6c84e1,3516c7c7-22b6-47c5-a2ae-f0a377032c73,ocr_required,order_index,source_provided,True,True,5,5,matched,benchmark/results/v2/t160-retest-20261003/quality/runs/t160-quality-20261002T182955Z-75789e35-10-IMP-MIXED-r1/result.json
t160-quality-20261002T182955Z-75789e35-10-IMP-MIXED-r1,IMP-MIXED,1,assisted_corrected,455720b9-9061-5bce-83af-d6d53c6c84e1,3516c7c7-22b6-47c5-a2ae-f0a377032c73,ocr_required,source_page_numbers,source_provided,True,True,[2],[2],matched,benchmark/results/v2/t160-retest-20261003/quality/runs/t160-quality-20261002T182955Z-75789e35-10-IMP-MIXED-r1/result.json
t160-quality-20261002T182955Z-75789e35-10-IMP-MIXED-r1,IMP-MIXED,1,assisted_corrected,455720b9-9061-5bce-83af-d6d53c6c84e1,3516c7c7-22b6-47c5-a2ae-f0a377032c73,ocr_required,question_type,source_provided,True,True,TRUE_FALSE,TRUE_FALSE,matched,benchmark/results/v2/t160-retest-20261003/quality/runs/t160-quality-20261002T182955Z-75789e35-10-IMP-MIXED-r1/result.json
t160-quality-20261002T182955Z-75789e35-10-IMP-MIXED-r1,IMP-MIXED,1,assisted_corrected,455720b9-9061-5bce-83af-d6d53c6c84e1,3516c7c7-22b6-47c5-a2ae-f0a377032c73,ocr_required,content,source_provided,True,True,右图三角形面积为 24 cm²。,右图三角形面积为 24 cm²。,matched,benchmark/results/v2/t160-retest-20261003/quality/runs/t160-quality-20261002T182955Z-75789e35-10-IMP-MIXED-r1/result.json
t160-quality-20261002T182955Z-75789e35-10-IMP-MIXED-r1,IMP-MIXED,1,assisted_corrected,455720b9-9061-5bce-83af-d6d53c6c84e1,3516c7c7-22b6-47c5-a2ae-f0a377032c73,ocr_required,options,source_provided,True,True,"[""正确"", ""错误""]","[""正确"", ""错误""]",matched,benchmark/results/v2/t160-retest-20261003/quality/runs/t160-quality-20261002T182955Z-75789e35-10-IMP-MIXED-r1/result.json
t160-quality-20261002T182955Z-75789e35-10-IMP-MIXED-r1,IMP-MIXED,1,assisted_corrected,455720b9-9061-5bce-83af-d6d53c6c84e1,3516c7c7-22b6-47c5-a2ae-f0a377032c73,ocr_required,reference_answer,known_missing,True,True,,,matched,benchmark/results/v2/t160-retest-20261003/quality/runs/t160-quality-20261002T182955Z-75789e35-10-IMP-MIXED-r1/result.json
t160-quality-20261002T182955Z-75789e35-10-IMP-MIXED-r1,IMP-MIXED,1,assisted_corrected,455720b9-9061-5bce-83af-d6d53c6c84e1,3516c7c7-22b6-47c5-a2ae-f0a377032c73,ocr_required,analysis,known_missing,True,True,,,matched,benchmark/results/v2/t160-retest-20261003/quality/runs/t160-quality-20261002T182955Z-75789e35-10-IMP-MIXED-r1/result.json
t160-quality-20261002T182955Z-75789e35-10-IMP-MIXED-r1,IMP-MIXED,1,assisted_corrected,455720b9-9061-5bce-83af-d6d53c6c84e1,3516c7c7-22b6-47c5-a2ae-f0a377032c73,ocr_required,score,source_provided,True,True,2.00,2.00,matched,benchmark/results/v2/t160-retest-20261003/quality/runs/t160-quality-20261002T182955Z-75789e35-10-IMP-MIXED-r1/result.json
t160-quality-20261002T182955Z-75789e35-10-IMP-MIXED-r1,IMP-MIXED,1,assisted_corrected,455720b9-9061-5bce-83af-d6d53c6c84e1,3516c7c7-22b6-47c5-a2ae-f0a377032c73,ocr_required,scoring_rubric,known_missing,True,True,,,matched,benchmark/results/v2/t160-retest-20261003/quality/runs/t160-quality-20261002T182955Z-75789e35-10-IMP-MIXED-r1/result.json
t160-quality-20261002T182955Z-75789e35-10-IMP-MIXED-r1,IMP-MIXED,1,assisted_corrected,455720b9-9061-5bce-83af-d6d53c6c84e1,3516c7c7-22b6-47c5-a2ae-f0a377032c73,ocr_required,knowledge_points,known_missing,True,True,[],[],matched,benchmark/results/v2/t160-retest-20261003/quality/runs/t160-quality-20261002T182955Z-75789e35-10-IMP-MIXED-r1/result.json
t160-quality-20261002T182955Z-75789e35-10-IMP-MIXED-r1,IMP-MIXED,1,assisted_corrected,455720b9-9061-5bce-83af-d6d53c6c84e1,3516c7c7-22b6-47c5-a2ae-f0a377032c73,ocr_required,source_regions,unknown,False,,,,reference_unknown,benchmark/results/v2/t160-retest-20261003/quality/runs/t160-quality-20261002T182955Z-75789e35-10-IMP-MIXED-r1/result.json
t160-quality-20261002T182955Z-75789e35-10-IMP-MIXED-r1,IMP-MIXED,1,assisted_corrected,455720b9-9061-5bce-83af-d6d53c6c84e1,3516c7c7-22b6-47c5-a2ae-f0a377032c73,ocr_required,assets,source_provided,True,False,"[{""asset_type"": ""figure"", ""source_page_number"": 2, ""order_index"": 1}]",,matched,benchmark/results/v2/t160-retest-20261003/quality/runs/t160-quality-20261002T182955Z-75789e35-10-IMP-MIXED-r1/result.json
t160-quality-20261002T182955Z-75789e35-10-IMP-MIXED-r1,IMP-MIXED,1,assisted_corrected,bf862f8d-df39-5559-bab5-d942fccb2432,9d700ff2-6e1c-470d-94db-5c430b18c406,ocr_required,question_number,source_provided,True,True,6,6,matched,benchmark/results/v2/t160-retest-20261003/quality/runs/t160-quality-20261002T182955Z-75789e35-10-IMP-MIXED-r1/result.json
t160-quality-20261002T182955Z-75789e35-10-IMP-MIXED-r1,IMP-MIXED,1,assisted_corrected,bf862f8d-df39-5559-bab5-d942fccb2432,9d700ff2-6e1c-470d-94db-5c430b18c406,ocr_required,order_index,source_provided,True,True,6,6,matched,benchmark/results/v2/t160-retest-20261003/quality/runs/t160-quality-20261002T182955Z-75789e35-10-IMP-MIXED-r1/result.json
t160-quality-20261002T182955Z-75789e35-10-IMP-MIXED-r1,IMP-MIXED,1,assisted_corrected,bf862f8d-df39-5559-bab5-d942fccb2432,9d700ff2-6e1c-470d-94db-5c430b18c406,ocr_required,source_page_numbers,source_provided,True,True,[2],[2],matched,benchmark/results/v2/t160-retest-20261003/quality/runs/t160-quality-20261002T182955Z-75789e35-10-IMP-MIXED-r1/result.json
t160-quality-20261002T182955Z-75789e35-10-IMP-MIXED-r1,IMP-MIXED,1,assisted_corrected,bf862f8d-df39-5559-bab5-d942fccb2432,9d700ff2-6e1c-470d-94db-5c430b18c406,ocr_required,question_type,source_provided,True,True,SHORT_ANSWER,SHORT_ANSWER,matched,benchmark/results/v2/t160-retest-20261003/quality/runs/t160-quality-20261002T182955Z-75789e35-10-IMP-MIXED-r1/result.json
t160-quality-20261002T182955Z-75789e35-10-IMP-MIXED-r1,IMP-MIXED,1,assisted_corrected,bf862f8d-df39-5559-bab5-d942fccb2432,9d700ff2-6e1c-470d-94db-5c430b18c406,ocr_required,content,source_provided,True,True,根据下表写出 y 关于 x 的关系式。,根据下表写出 y 关于 x 的关系式。,matched,benchmark/results/v2/t160-retest-20261003/quality/runs/t160-quality-20261002T182955Z-75789e35-10-IMP-MIXED-r1/result.json
t160-quality-20261002T182955Z-75789e35-10-IMP-MIXED-r1,IMP-MIXED,1,assisted_corrected,bf862f8d-df39-5559-bab5-d942fccb2432,9d700ff2-6e1c-470d-94db-5c430b18c406,ocr_required,options,not_applicable,True,True,,,matched,benchmark/results/v2/t160-retest-20261003/quality/runs/t160-quality-20261002T182955Z-75789e35-10-IMP-MIXED-r1/result.json
t160-quality-20261002T182955Z-75789e35-10-IMP-MIXED-r1,IMP-MIXED,1,assisted_corrected,bf862f8d-df39-5559-bab5-d942fccb2432,9d700ff2-6e1c-470d-94db-5c430b18c406,ocr_required,reference_answer,known_missing,True,True,,,matched,benchmark/results/v2/t160-retest-20261003/quality/runs/t160-quality-20261002T182955Z-75789e35-10-IMP-MIXED-r1/result.json
t160-quality-20261002T182955Z-75789e35-10-IMP-MIXED-r1,IMP-MIXED,1,assisted_corrected,bf862f8d-df39-5559-bab5-d942fccb2432,9d700ff2-6e1c-470d-94db-5c430b18c406,ocr_required,analysis,known_missing,True,True,,,matched,benchmark/results/v2/t160-retest-20261003/quality/runs/t160-quality-20261002T182955Z-75789e35-10-IMP-MIXED-r1/result.json
t160-quality-20261002T182955Z-75789e35-10-IMP-MIXED-r1,IMP-MIXED,1,assisted_corrected,bf862f8d-df39-5559-bab5-d942fccb2432,9d700ff2-6e1c-470d-94db-5c430b18c406,ocr_required,score,source_provided,True,True,3.00,3.00,matched,benchmark/results/v2/t160-retest-20261003/quality/runs/t160-quality-20261002T182955Z-75789e35-10-IMP-MIXED-r1/result.json
t160-quality-20261002T182955Z-75789e35-10-IMP-MIXED-r1,IMP-MIXED,1,assisted_corrected,bf862f8d-df39-5559-bab5-d942fccb2432,9d700ff2-6e1c-470d-94db-5c430b18c406,ocr_required,scoring_rubric,source_provided,True,True,正确关系式 1.00；说明代入过程 2.00。,正确关系式 1.00；说明代入过程 2.00。,matched,benchmark/results/v2/t160-retest-20261003/quality/runs/t160-quality-20261002T182955Z-75789e35-10-IMP-MIXED-r1/result.json
t160-quality-20261002T182955Z-75789e35-10-IMP-MIXED-r1,IMP-MIXED,1,assisted_corrected,bf862f8d-df39-5559-bab5-d942fccb2432,9d700ff2-6e1c-470d-94db-5c430b18c406,ocr_required,knowledge_points,source_provided,True,True,"[""一次函数"", ""表达与计算""]","[""一次函数"", ""表达与计算""]",matched,benchmark/results/v2/t160-retest-20261003/quality/runs/t160-quality-20261002T182955Z-75789e35-10-IMP-MIXED-r1/result.json
t160-quality-20261002T182955Z-75789e35-10-IMP-MIXED-r1,IMP-MIXED,1,assisted_corrected,bf862f8d-df39-5559-bab5-d942fccb2432,9d700ff2-6e1c-470d-94db-5c430b18c406,ocr_required,source_regions,unknown,False,,,,reference_unknown,benchmark/results/v2/t160-retest-20261003/quality/runs/t160-quality-20261002T182955Z-75789e35-10-IMP-MIXED-r1/result.json
t160-quality-20261002T182955Z-75789e35-10-IMP-MIXED-r1,IMP-MIXED,1,assisted_corrected,bf862f8d-df39-5559-bab5-d942fccb2432,9d700ff2-6e1c-470d-94db-5c430b18c406,ocr_required,assets,source_provided,True,False,"[{""asset_type"": ""table"", ""source_page_number"": 2, ""order_index"": 1}]",,matched,benchmark/results/v2/t160-retest-20261003/quality/runs/t160-quality-20261002T182955Z-75789e35-10-IMP-MIXED-r1/result.json
t160-quality-20261002T182955Z-75789e35-11-IMP-MIXED-r2,IMP-MIXED,2,automatic,1faa8619-84cc-5d65-86ae-244c7f68645e,74b330ef-ebc4-47bd-b28d-b1d5455d0151,native_text,question_number,source_provided,True,True,1,1,matched,benchmark/results/v2/t160-retest-20261003/quality/runs/t160-quality-20261002T182955Z-75789e35-11-IMP-MIXED-r2/result.json
t160-quality-20261002T182955Z-75789e35-11-IMP-MIXED-r2,IMP-MIXED,2,automatic,1faa8619-84cc-5d65-86ae-244c7f68645e,74b330ef-ebc4-47bd-b28d-b1d5455d0151,native_text,order_index,source_provided,True,True,1,1,matched,benchmark/results/v2/t160-retest-20261003/quality/runs/t160-quality-20261002T182955Z-75789e35-11-IMP-MIXED-r2/result.json
t160-quality-20261002T182955Z-75789e35-11-IMP-MIXED-r2,IMP-MIXED,2,automatic,1faa8619-84cc-5d65-86ae-244c7f68645e,74b330ef-ebc4-47bd-b28d-b1d5455d0151,native_text,source_page_numbers,source_provided,True,True,[1],[1],matched,benchmark/results/v2/t160-retest-20261003/quality/runs/t160-quality-20261002T182955Z-75789e35-11-IMP-MIXED-r2/result.json
t160-quality-20261002T182955Z-75789e35-11-IMP-MIXED-r2,IMP-MIXED,2,automatic,1faa8619-84cc-5d65-86ae-244c7f68645e,74b330ef-ebc4-47bd-b28d-b1d5455d0151,native_text,question_type,source_provided,True,True,SINGLE_CHOICE,SINGLE_CHOICE,matched,benchmark/results/v2/t160-retest-20261003/quality/runs/t160-quality-20261002T182955Z-75789e35-11-IMP-MIXED-r2/result.json
t160-quality-20261002T182955Z-75789e35-11-IMP-MIXED-r2,IMP-MIXED,2,automatic,1faa8619-84cc-5d65-86ae-244c7f68645e,74b330ef-ebc4-47bd-b28d-b1d5455d0151,native_text,content,source_provided,True,False,y = 2x + 1，x = 3 时 y 为多少？,单选：y = 2x + 1，x = 3 时 y 为多少？,matched,benchmark/results/v2/t160-retest-20261003/quality/runs/t160-quality-20261002T182955Z-75789e35-11-IMP-MIXED-r2/result.json
t160-quality-20261002T182955Z-75789e35-11-IMP-MIXED-r2,IMP-MIXED,2,automatic,1faa8619-84cc-5d65-86ae-244c7f68645e,74b330ef-ebc4-47bd-b28d-b1d5455d0151,native_text,options,source_provided,True,False,"{""C"": ""7"", ""A"": ""5"", ""B"": ""6"", ""D"": ""8""}","[""C. 7"", ""A. 5"", ""B. 6"", ""D. 8""]",matched,benchmark/results/v2/t160-retest-20261003/quality/runs/t160-quality-20261002T182955Z-75789e35-11-IMP-MIXED-r2/result.json
t160-quality-20261002T182955Z-75789e35-11-IMP-MIXED-r2,IMP-MIXED,2,automatic,1faa8619-84cc-5d65-86ae-244c7f68645e,74b330ef-ebc4-47bd-b28d-b1d5455d0151,native_text,reference_answer,source_provided,True,True,C,C,matched,benchmark/results/v2/t160-retest-20261003/quality/runs/t160-quality-20261002T182955Z-75789e35-11-IMP-MIXED-r2/result.json
t160-quality-20261002T182955Z-75789e35-11-IMP-MIXED-r2,IMP-MIXED,2,automatic,1faa8619-84cc-5d65-86ae-244c7f68645e,74b330ef-ebc4-47bd-b28d-b1d5455d0151,native_text,analysis,source_provided,True,True,2 × 3 + 1 = 7。,2 × 3 + 1 = 7。,matched,benchmark/results/v2/t160-retest-20261003/quality/runs/t160-quality-20261002T182955Z-75789e35-11-IMP-MIXED-r2/result.json
t160-quality-20261002T182955Z-75789e35-11-IMP-MIXED-r2,IMP-MIXED,2,automatic,1faa8619-84cc-5d65-86ae-244c7f68645e,74b330ef-ebc4-47bd-b28d-b1d5455d0151,native_text,score,source_provided,True,True,2.00,2.00,matched,benchmark/results/v2/t160-retest-20261003/quality/runs/t160-quality-20261002T182955Z-75789e35-11-IMP-MIXED-r2/result.json
t160-quality-20261002T182955Z-75789e35-11-IMP-MIXED-r2,IMP-MIXED,2,automatic,1faa8619-84cc-5d65-86ae-244c7f68645e,74b330ef-ebc4-47bd-b28d-b1d5455d0151,native_text,scoring_rubric,known_missing,True,True,,,matched,benchmark/results/v2/t160-retest-20261003/quality/runs/t160-quality-20261002T182955Z-75789e35-11-IMP-MIXED-r2/result.json
t160-quality-20261002T182955Z-75789e35-11-IMP-MIXED-r2,IMP-MIXED,2,automatic,1faa8619-84cc-5d65-86ae-244c7f68645e,74b330ef-ebc4-47bd-b28d-b1d5455d0151,native_text,knowledge_points,known_missing,True,False,[],,matched,benchmark/results/v2/t160-retest-20261003/quality/runs/t160-quality-20261002T182955Z-75789e35-11-IMP-MIXED-r2/result.json
t160-quality-20261002T182955Z-75789e35-11-IMP-MIXED-r2,IMP-MIXED,2,automatic,1faa8619-84cc-5d65-86ae-244c7f68645e,74b330ef-ebc4-47bd-b28d-b1d5455d0151,native_text,source_regions,unknown,False,,,,reference_unknown,benchmark/results/v2/t160-retest-20261003/quality/runs/t160-quality-20261002T182955Z-75789e35-11-IMP-MIXED-r2/result.json
t160-quality-20261002T182955Z-75789e35-11-IMP-MIXED-r2,IMP-MIXED,2,automatic,1faa8619-84cc-5d65-86ae-244c7f68645e,74b330ef-ebc4-47bd-b28d-b1d5455d0151,native_text,assets,source_provided,True,False,[],,matched,benchmark/results/v2/t160-retest-20261003/quality/runs/t160-quality-20261002T182955Z-75789e35-11-IMP-MIXED-r2/result.json
t160-quality-20261002T182955Z-75789e35-11-IMP-MIXED-r2,IMP-MIXED,2,automatic,545de13f-3fe9-524b-a917-7ab04807806f,e268349b-ff58-44e1-9fe3-583e02181432,native_text,question_number,source_provided,True,True,2,2,matched,benchmark/results/v2/t160-retest-20261003/quality/runs/t160-quality-20261002T182955Z-75789e35-11-IMP-MIXED-r2/result.json
t160-quality-20261002T182955Z-75789e35-11-IMP-MIXED-r2,IMP-MIXED,2,automatic,545de13f-3fe9-524b-a917-7ab04807806f,e268349b-ff58-44e1-9fe3-583e02181432,native_text,order_index,source_provided,True,True,2,2,matched,benchmark/results/v2/t160-retest-20261003/quality/runs/t160-quality-20261002T182955Z-75789e35-11-IMP-MIXED-r2/result.json
t160-quality-20261002T182955Z-75789e35-11-IMP-MIXED-r2,IMP-MIXED,2,automatic,545de13f-3fe9-524b-a917-7ab04807806f,e268349b-ff58-44e1-9fe3-583e02181432,native_text,source_page_numbers,source_provided,True,True,[1],[1],matched,benchmark/results/v2/t160-retest-20261003/quality/runs/t160-quality-20261002T182955Z-75789e35-11-IMP-MIXED-r2/result.json
t160-quality-20261002T182955Z-75789e35-11-IMP-MIXED-r2,IMP-MIXED,2,automatic,545de13f-3fe9-524b-a917-7ab04807806f,e268349b-ff58-44e1-9fe3-583e02181432,native_text,question_type,source_provided,True,True,TRUE_FALSE,TRUE_FALSE,matched,benchmark/results/v2/t160-retest-20261003/quality/runs/t160-quality-20261002T182955Z-75789e35-11-IMP-MIXED-r2/result.json
t160-quality-20261002T182955Z-75789e35-11-IMP-MIXED-r2,IMP-MIXED,2,automatic,545de13f-3fe9-524b-a917-7ab04807806f,e268349b-ff58-44e1-9fe3-583e02181432,native_text,content,source_provided,True,False,右图三角形面积为 24 cm²。,判断：右图三角形面积为 24 cm²。,matched,benchmark/results/v2/t160-retest-20261003/quality/runs/t160-quality-20261002T182955Z-75789e35-11-IMP-MIXED-r2/result.json
t160-quality-20261002T182955Z-75789e35-11-IMP-MIXED-r2,IMP-MIXED,2,automatic,545de13f-3fe9-524b-a917-7ab04807806f,e268349b-ff58-44e1-9fe3-583e02181432,native_text,options,source_provided,True,True,"[""正确"", ""错误""]","[""正确"", ""错误""]",matched,benchmark/results/v2/t160-retest-20261003/quality/runs/t160-quality-20261002T182955Z-75789e35-11-IMP-MIXED-r2/result.json
t160-quality-20261002T182955Z-75789e35-11-IMP-MIXED-r2,IMP-MIXED,2,automatic,545de13f-3fe9-524b-a917-7ab04807806f,e268349b-ff58-44e1-9fe3-583e02181432,native_text,reference_answer,known_missing,True,True,,,matched,benchmark/results/v2/t160-retest-20261003/quality/runs/t160-quality-20261002T182955Z-75789e35-11-IMP-MIXED-r2/result.json
t160-quality-20261002T182955Z-75789e35-11-IMP-MIXED-r2,IMP-MIXED,2,automatic,545de13f-3fe9-524b-a917-7ab04807806f,e268349b-ff58-44e1-9fe3-583e02181432,native_text,analysis,known_missing,True,True,,,matched,benchmark/results/v2/t160-retest-20261003/quality/runs/t160-quality-20261002T182955Z-75789e35-11-IMP-MIXED-r2/result.json
t160-quality-20261002T182955Z-75789e35-11-IMP-MIXED-r2,IMP-MIXED,2,automatic,545de13f-3fe9-524b-a917-7ab04807806f,e268349b-ff58-44e1-9fe3-583e02181432,native_text,score,source_provided,True,True,2.00,2.00,matched,benchmark/results/v2/t160-retest-20261003/quality/runs/t160-quality-20261002T182955Z-75789e35-11-IMP-MIXED-r2/result.json
t160-quality-20261002T182955Z-75789e35-11-IMP-MIXED-r2,IMP-MIXED,2,automatic,545de13f-3fe9-524b-a917-7ab04807806f,e268349b-ff58-44e1-9fe3-583e02181432,native_text,scoring_rubric,known_missing,True,True,,,matched,benchmark/results/v2/t160-retest-20261003/quality/runs/t160-quality-20261002T182955Z-75789e35-11-IMP-MIXED-r2/result.json
t160-quality-20261002T182955Z-75789e35-11-IMP-MIXED-r2,IMP-MIXED,2,automatic,545de13f-3fe9-524b-a917-7ab04807806f,e268349b-ff58-44e1-9fe3-583e02181432,native_text,knowledge_points,known_missing,True,False,[],,matched,benchmark/results/v2/t160-retest-20261003/quality/runs/t160-quality-20261002T182955Z-75789e35-11-IMP-MIXED-r2/result.json
t160-quality-20261002T182955Z-75789e35-11-IMP-MIXED-r2,IMP-MIXED,2,automatic,545de13f-3fe9-524b-a917-7ab04807806f,e268349b-ff58-44e1-9fe3-583e02181432,native_text,source_regions,unknown,False,,,,reference_unknown,benchmark/results/v2/t160-retest-20261003/quality/runs/t160-quality-20261002T182955Z-75789e35-11-IMP-MIXED-r2/result.json
t160-quality-20261002T182955Z-75789e35-11-IMP-MIXED-r2,IMP-MIXED,2,automatic,545de13f-3fe9-524b-a917-7ab04807806f,e268349b-ff58-44e1-9fe3-583e02181432,native_text,assets,source_provided,True,False,"[{""asset_type"": ""figure"", ""source_page_number"": 1, ""order_index"": 1}]",,matched,benchmark/results/v2/t160-retest-20261003/quality/runs/t160-quality-20261002T182955Z-75789e35-11-IMP-MIXED-r2/result.json
t160-quality-20261002T182955Z-75789e35-11-IMP-MIXED-r2,IMP-MIXED,2,automatic,85533f46-eb86-5893-8742-33939e77750f,f3a7eb81-56a4-497b-9d43-6bb65cb48f7a,native_text,question_number,source_provided,True,True,3,3,matched,benchmark/results/v2/t160-retest-20261003/quality/runs/t160-quality-20261002T182955Z-75789e35-11-IMP-MIXED-r2/result.json
t160-quality-20261002T182955Z-75789e35-11-IMP-MIXED-r2,IMP-MIXED,2,automatic,85533f46-eb86-5893-8742-33939e77750f,f3a7eb81-56a4-497b-9d43-6bb65cb48f7a,native_text,order_index,source_provided,True,True,3,3,matched,benchmark/results/v2/t160-retest-20261003/quality/runs/t160-quality-20261002T182955Z-75789e35-11-IMP-MIXED-r2/result.json
t160-quality-20261002T182955Z-75789e35-11-IMP-MIXED-r2,IMP-MIXED,2,automatic,85533f46-eb86-5893-8742-33939e77750f,f3a7eb81-56a4-497b-9d43-6bb65cb48f7a,native_text,source_page_numbers,source_provided,True,True,[1],[1],matched,benchmark/results/v2/t160-retest-20261003/quality/runs/t160-quality-20261002T182955Z-75789e35-11-IMP-MIXED-r2/result.json
t160-quality-20261002T182955Z-75789e35-11-IMP-MIXED-r2,IMP-MIXED,2,automatic,85533f46-eb86-5893-8742-33939e77750f,f3a7eb81-56a4-497b-9d43-6bb65cb48f7a,native_text,question_type,source_provided,True,True,SHORT_ANSWER,SHORT_ANSWER,matched,benchmark/results/v2/t160-retest-20261003/quality/runs/t160-quality-20261002T182955Z-75789e35-11-IMP-MIXED-r2/result.json
t160-quality-20261002T182955Z-75789e35-11-IMP-MIXED-r2,IMP-MIXED,2,automatic,85533f46-eb86-5893-8742-33939e77750f,f3a7eb81-56a4-497b-9d43-6bb65cb48f7a,native_text,content,source_provided,True,False,根据下表写出 y 关于 x 的关系式。,简答：根据下表写出 y 关于 x 的关系式。,matched,benchmark/results/v2/t160-retest-20261003/quality/runs/t160-quality-20261002T182955Z-75789e35-11-IMP-MIXED-r2/result.json
t160-quality-20261002T182955Z-75789e35-11-IMP-MIXED-r2,IMP-MIXED,2,automatic,85533f46-eb86-5893-8742-33939e77750f,f3a7eb81-56a4-497b-9d43-6bb65cb48f7a,native_text,options,not_applicable,True,True,,,matched,benchmark/results/v2/t160-retest-20261003/quality/runs/t160-quality-20261002T182955Z-75789e35-11-IMP-MIXED-r2/result.json
t160-quality-20261002T182955Z-75789e35-11-IMP-MIXED-r2,IMP-MIXED,2,automatic,85533f46-eb86-5893-8742-33939e77750f,f3a7eb81-56a4-497b-9d43-6bb65cb48f7a,native_text,reference_answer,known_missing,True,True,,,matched,benchmark/results/v2/t160-retest-20261003/quality/runs/t160-quality-20261002T182955Z-75789e35-11-IMP-MIXED-r2/result.json
t160-quality-20261002T182955Z-75789e35-11-IMP-MIXED-r2,IMP-MIXED,2,automatic,85533f46-eb86-5893-8742-33939e77750f,f3a7eb81-56a4-497b-9d43-6bb65cb48f7a,native_text,analysis,known_missing,True,True,,,matched,benchmark/results/v2/t160-retest-20261003/quality/runs/t160-quality-20261002T182955Z-75789e35-11-IMP-MIXED-r2/result.json
t160-quality-20261002T182955Z-75789e35-11-IMP-MIXED-r2,IMP-MIXED,2,automatic,85533f46-eb86-5893-8742-33939e77750f,f3a7eb81-56a4-497b-9d43-6bb65cb48f7a,native_text,score,source_provided,True,True,3.00,3.00,matched,benchmark/results/v2/t160-retest-20261003/quality/runs/t160-quality-20261002T182955Z-75789e35-11-IMP-MIXED-r2/result.json
t160-quality-20261002T182955Z-75789e35-11-IMP-MIXED-r2,IMP-MIXED,2,automatic,85533f46-eb86-5893-8742-33939e77750f,f3a7eb81-56a4-497b-9d43-6bb65cb48f7a,native_text,scoring_rubric,source_provided,True,True,正确关系式 1.00；说明代入过程 2.00。,正确关系式 1.00；说明代入过程 2.00。,matched,benchmark/results/v2/t160-retest-20261003/quality/runs/t160-quality-20261002T182955Z-75789e35-11-IMP-MIXED-r2/result.json
t160-quality-20261002T182955Z-75789e35-11-IMP-MIXED-r2,IMP-MIXED,2,automatic,85533f46-eb86-5893-8742-33939e77750f,f3a7eb81-56a4-497b-9d43-6bb65cb48f7a,native_text,knowledge_points,source_provided,True,True,"[""一次函数"", ""表达与计算""]","[""一次函数"", ""表达与计算""]",matched,benchmark/results/v2/t160-retest-20261003/quality/runs/t160-quality-20261002T182955Z-75789e35-11-IMP-MIXED-r2/result.json
t160-quality-20261002T182955Z-75789e35-11-IMP-MIXED-r2,IMP-MIXED,2,automatic,85533f46-eb86-5893-8742-33939e77750f,f3a7eb81-56a4-497b-9d43-6bb65cb48f7a,native_text,source_regions,unknown,False,,,,reference_unknown,benchmark/results/v2/t160-retest-20261003/quality/runs/t160-quality-20261002T182955Z-75789e35-11-IMP-MIXED-r2/result.json
t160-quality-20261002T182955Z-75789e35-11-IMP-MIXED-r2,IMP-MIXED,2,automatic,85533f46-eb86-5893-8742-33939e77750f,f3a7eb81-56a4-497b-9d43-6bb65cb48f7a,native_text,assets,source_provided,True,False,"[{""asset_type"": ""table"", ""source_page_number"": 1, ""order_index"": 1}]",,matched,benchmark/results/v2/t160-retest-20261003/quality/runs/t160-quality-20261002T182955Z-75789e35-11-IMP-MIXED-r2/result.json
t160-quality-20261002T182955Z-75789e35-11-IMP-MIXED-r2,IMP-MIXED,2,automatic,0fa8d57e-58c2-5aa4-b8cd-e52e96380a38,c1dff394-9f07-4089-8404-06e1e5f43b5e,ocr_required,question_number,source_provided,True,True,4,4,matched,benchmark/results/v2/t160-retest-20261003/quality/runs/t160-quality-20261002T182955Z-75789e35-11-IMP-MIXED-r2/result.json
t160-quality-20261002T182955Z-75789e35-11-IMP-MIXED-r2,IMP-MIXED,2,automatic,0fa8d57e-58c2-5aa4-b8cd-e52e96380a38,c1dff394-9f07-4089-8404-06e1e5f43b5e,ocr_required,order_index,source_provided,True,True,4,4,matched,benchmark/results/v2/t160-retest-20261003/quality/runs/t160-quality-20261002T182955Z-75789e35-11-IMP-MIXED-r2/result.json
t160-quality-20261002T182955Z-75789e35-11-IMP-MIXED-r2,IMP-MIXED,2,automatic,0fa8d57e-58c2-5aa4-b8cd-e52e96380a38,c1dff394-9f07-4089-8404-06e1e5f43b5e,ocr_required,source_page_numbers,source_provided,True,True,[2],[2],matched,benchmark/results/v2/t160-retest-20261003/quality/runs/t160-quality-20261002T182955Z-75789e35-11-IMP-MIXED-r2/result.json
t160-quality-20261002T182955Z-75789e35-11-IMP-MIXED-r2,IMP-MIXED,2,automatic,0fa8d57e-58c2-5aa4-b8cd-e52e96380a38,c1dff394-9f07-4089-8404-06e1e5f43b5e,ocr_required,question_type,source_provided,True,True,SINGLE_CHOICE,SINGLE_CHOICE,matched,benchmark/results/v2/t160-retest-20261003/quality/runs/t160-quality-20261002T182955Z-75789e35-11-IMP-MIXED-r2/result.json
t160-quality-20261002T182955Z-75789e35-11-IMP-MIXED-r2,IMP-MIXED,2,automatic,0fa8d57e-58c2-5aa4-b8cd-e52e96380a38,c1dff394-9f07-4089-8404-06e1e5f43b5e,ocr_required,content,source_provided,True,False,y = 2x + 1，x = 3 时 y 为多少？,单选：y= 2x +1，x = 3 时y为多少？,matched,benchmark/results/v2/t160-retest-20261003/quality/runs/t160-quality-20261002T182955Z-75789e35-11-IMP-MIXED-r2/result.json
t160-quality-20261002T182955Z-75789e35-11-IMP-MIXED-r2,IMP-MIXED,2,automatic,0fa8d57e-58c2-5aa4-b8cd-e52e96380a38,c1dff394-9f07-4089-8404-06e1e5f43b5e,ocr_required,options,source_provided,True,False,"{""C"": ""7"", ""A"": ""5"", ""B"": ""6"", ""D"": ""8""}","[""C.7"", ""A.5"", ""B.6"", ""D.8""]",matched,benchmark/results/v2/t160-retest-20261003/quality/runs/t160-quality-20261002T182955Z-75789e35-11-IMP-MIXED-r2/result.json
t160-quality-20261002T182955Z-75789e35-11-IMP-MIXED-r2,IMP-MIXED,2,automatic,0fa8d57e-58c2-5aa4-b8cd-e52e96380a38,c1dff394-9f07-4089-8404-06e1e5f43b5e,ocr_required,reference_answer,source_provided,True,True,C,C,matched,benchmark/results/v2/t160-retest-20261003/quality/runs/t160-quality-20261002T182955Z-75789e35-11-IMP-MIXED-r2/result.json
t160-quality-20261002T182955Z-75789e35-11-IMP-MIXED-r2,IMP-MIXED,2,automatic,0fa8d57e-58c2-5aa4-b8cd-e52e96380a38,c1dff394-9f07-4089-8404-06e1e5f43b5e,ocr_required,analysis,source_provided,True,False,2 × 3 + 1 = 7。,2 × 3 +1=7。,matched,benchmark/results/v2/t160-retest-20261003/quality/runs/t160-quality-20261002T182955Z-75789e35-11-IMP-MIXED-r2/result.json
t160-quality-20261002T182955Z-75789e35-11-IMP-MIXED-r2,IMP-MIXED,2,automatic,0fa8d57e-58c2-5aa4-b8cd-e52e96380a38,c1dff394-9f07-4089-8404-06e1e5f43b5e,ocr_required,score,source_provided,True,True,2.00,2.00,matched,benchmark/results/v2/t160-retest-20261003/quality/runs/t160-quality-20261002T182955Z-75789e35-11-IMP-MIXED-r2/result.json
t160-quality-20261002T182955Z-75789e35-11-IMP-MIXED-r2,IMP-MIXED,2,automatic,0fa8d57e-58c2-5aa4-b8cd-e52e96380a38,c1dff394-9f07-4089-8404-06e1e5f43b5e,ocr_required,scoring_rubric,known_missing,True,True,,,matched,benchmark/results/v2/t160-retest-20261003/quality/runs/t160-quality-20261002T182955Z-75789e35-11-IMP-MIXED-r2/result.json
t160-quality-20261002T182955Z-75789e35-11-IMP-MIXED-r2,IMP-MIXED,2,automatic,0fa8d57e-58c2-5aa4-b8cd-e52e96380a38,c1dff394-9f07-4089-8404-06e1e5f43b5e,ocr_required,knowledge_points,known_missing,True,False,[],,matched,benchmark/results/v2/t160-retest-20261003/quality/runs/t160-quality-20261002T182955Z-75789e35-11-IMP-MIXED-r2/result.json
t160-quality-20261002T182955Z-75789e35-11-IMP-MIXED-r2,IMP-MIXED,2,automatic,0fa8d57e-58c2-5aa4-b8cd-e52e96380a38,c1dff394-9f07-4089-8404-06e1e5f43b5e,ocr_required,source_regions,unknown,False,,,,reference_unknown,benchmark/results/v2/t160-retest-20261003/quality/runs/t160-quality-20261002T182955Z-75789e35-11-IMP-MIXED-r2/result.json
t160-quality-20261002T182955Z-75789e35-11-IMP-MIXED-r2,IMP-MIXED,2,automatic,0fa8d57e-58c2-5aa4-b8cd-e52e96380a38,c1dff394-9f07-4089-8404-06e1e5f43b5e,ocr_required,assets,source_provided,True,False,[],,matched,benchmark/results/v2/t160-retest-20261003/quality/runs/t160-quality-20261002T182955Z-75789e35-11-IMP-MIXED-r2/result.json
t160-quality-20261002T182955Z-75789e35-11-IMP-MIXED-r2,IMP-MIXED,2,automatic,455720b9-9061-5bce-83af-d6d53c6c84e1,fff216b0-a898-46eb-ac8c-79653007372b,ocr_required,question_number,source_provided,True,True,5,5,matched,benchmark/results/v2/t160-retest-20261003/quality/runs/t160-quality-20261002T182955Z-75789e35-11-IMP-MIXED-r2/result.json
t160-quality-20261002T182955Z-75789e35-11-IMP-MIXED-r2,IMP-MIXED,2,automatic,455720b9-9061-5bce-83af-d6d53c6c84e1,fff216b0-a898-46eb-ac8c-79653007372b,ocr_required,order_index,source_provided,True,True,5,5,matched,benchmark/results/v2/t160-retest-20261003/quality/runs/t160-quality-20261002T182955Z-75789e35-11-IMP-MIXED-r2/result.json
t160-quality-20261002T182955Z-75789e35-11-IMP-MIXED-r2,IMP-MIXED,2,automatic,455720b9-9061-5bce-83af-d6d53c6c84e1,fff216b0-a898-46eb-ac8c-79653007372b,ocr_required,source_page_numbers,source_provided,True,True,[2],[2],matched,benchmark/results/v2/t160-retest-20261003/quality/runs/t160-quality-20261002T182955Z-75789e35-11-IMP-MIXED-r2/result.json
t160-quality-20261002T182955Z-75789e35-11-IMP-MIXED-r2,IMP-MIXED,2,automatic,455720b9-9061-5bce-83af-d6d53c6c84e1,fff216b0-a898-46eb-ac8c-79653007372b,ocr_required,question_type,source_provided,True,True,TRUE_FALSE,TRUE_FALSE,matched,benchmark/results/v2/t160-retest-20261003/quality/runs/t160-quality-20261002T182955Z-75789e35-11-IMP-MIXED-r2/result.json
t160-quality-20261002T182955Z-75789e35-11-IMP-MIXED-r2,IMP-MIXED,2,automatic,455720b9-9061-5bce-83af-d6d53c6c84e1,fff216b0-a898-46eb-ac8c-79653007372b,ocr_required,content,source_provided,True,False,右图三角形面积为 24 cm²。,判断：右图三角形面积为24cm2。,matched,benchmark/results/v2/t160-retest-20261003/quality/runs/t160-quality-20261002T182955Z-75789e35-11-IMP-MIXED-r2/result.json
t160-quality-20261002T182955Z-75789e35-11-IMP-MIXED-r2,IMP-MIXED,2,automatic,455720b9-9061-5bce-83af-d6d53c6c84e1,fff216b0-a898-46eb-ac8c-79653007372b,ocr_required,options,source_provided,True,True,"[""正确"", ""错误""]","[""正确"", ""错误""]",matched,benchmark/results/v2/t160-retest-20261003/quality/runs/t160-quality-20261002T182955Z-75789e35-11-IMP-MIXED-r2/result.json
t160-quality-20261002T182955Z-75789e35-11-IMP-MIXED-r2,IMP-MIXED,2,automatic,455720b9-9061-5bce-83af-d6d53c6c84e1,fff216b0-a898-46eb-ac8c-79653007372b,ocr_required,reference_answer,known_missing,True,True,,,matched,benchmark/results/v2/t160-retest-20261003/quality/runs/t160-quality-20261002T182955Z-75789e35-11-IMP-MIXED-r2/result.json
t160-quality-20261002T182955Z-75789e35-11-IMP-MIXED-r2,IMP-MIXED,2,automatic,455720b9-9061-5bce-83af-d6d53c6c84e1,fff216b0-a898-46eb-ac8c-79653007372b,ocr_required,analysis,known_missing,True,True,,,matched,benchmark/results/v2/t160-retest-20261003/quality/runs/t160-quality-20261002T182955Z-75789e35-11-IMP-MIXED-r2/result.json
t160-quality-20261002T182955Z-75789e35-11-IMP-MIXED-r2,IMP-MIXED,2,automatic,455720b9-9061-5bce-83af-d6d53c6c84e1,fff216b0-a898-46eb-ac8c-79653007372b,ocr_required,score,source_provided,True,True,2.00,2.00,matched,benchmark/results/v2/t160-retest-20261003/quality/runs/t160-quality-20261002T182955Z-75789e35-11-IMP-MIXED-r2/result.json
t160-quality-20261002T182955Z-75789e35-11-IMP-MIXED-r2,IMP-MIXED,2,automatic,455720b9-9061-5bce-83af-d6d53c6c84e1,fff216b0-a898-46eb-ac8c-79653007372b,ocr_required,scoring_rubric,known_missing,True,True,,,matched,benchmark/results/v2/t160-retest-20261003/quality/runs/t160-quality-20261002T182955Z-75789e35-11-IMP-MIXED-r2/result.json
t160-quality-20261002T182955Z-75789e35-11-IMP-MIXED-r2,IMP-MIXED,2,automatic,455720b9-9061-5bce-83af-d6d53c6c84e1,fff216b0-a898-46eb-ac8c-79653007372b,ocr_required,knowledge_points,known_missing,True,False,[],,matched,benchmark/results/v2/t160-retest-20261003/quality/runs/t160-quality-20261002T182955Z-75789e35-11-IMP-MIXED-r2/result.json
t160-quality-20261002T182955Z-75789e35-11-IMP-MIXED-r2,IMP-MIXED,2,automatic,455720b9-9061-5bce-83af-d6d53c6c84e1,fff216b0-a898-46eb-ac8c-79653007372b,ocr_required,source_regions,unknown,False,,,,reference_unknown,benchmark/results/v2/t160-retest-20261003/quality/runs/t160-quality-20261002T182955Z-75789e35-11-IMP-MIXED-r2/result.json
t160-quality-20261002T182955Z-75789e35-11-IMP-MIXED-r2,IMP-MIXED,2,automatic,455720b9-9061-5bce-83af-d6d53c6c84e1,fff216b0-a898-46eb-ac8c-79653007372b,ocr_required,assets,source_provided,True,False,"[{""asset_type"": ""figure"", ""source_page_number"": 2, ""order_index"": 1}]",,matched,benchmark/results/v2/t160-retest-20261003/quality/runs/t160-quality-20261002T182955Z-75789e35-11-IMP-MIXED-r2/result.json
t160-quality-20261002T182955Z-75789e35-11-IMP-MIXED-r2,IMP-MIXED,2,automatic,bf862f8d-df39-5559-bab5-d942fccb2432,5fe5f668-0d9e-4ec0-9e85-ce7609897423,ocr_required,question_number,source_provided,True,True,6,6,matched,benchmark/results/v2/t160-retest-20261003/quality/runs/t160-quality-20261002T182955Z-75789e35-11-IMP-MIXED-r2/result.json
t160-quality-20261002T182955Z-75789e35-11-IMP-MIXED-r2,IMP-MIXED,2,automatic,bf862f8d-df39-5559-bab5-d942fccb2432,5fe5f668-0d9e-4ec0-9e85-ce7609897423,ocr_required,order_index,source_provided,True,True,6,6,matched,benchmark/results/v2/t160-retest-20261003/quality/runs/t160-quality-20261002T182955Z-75789e35-11-IMP-MIXED-r2/result.json
t160-quality-20261002T182955Z-75789e35-11-IMP-MIXED-r2,IMP-MIXED,2,automatic,bf862f8d-df39-5559-bab5-d942fccb2432,5fe5f668-0d9e-4ec0-9e85-ce7609897423,ocr_required,source_page_numbers,source_provided,True,True,[2],[2],matched,benchmark/results/v2/t160-retest-20261003/quality/runs/t160-quality-20261002T182955Z-75789e35-11-IMP-MIXED-r2/result.json
t160-quality-20261002T182955Z-75789e35-11-IMP-MIXED-r2,IMP-MIXED,2,automatic,bf862f8d-df39-5559-bab5-d942fccb2432,5fe5f668-0d9e-4ec0-9e85-ce7609897423,ocr_required,question_type,source_provided,True,True,SHORT_ANSWER,SHORT_ANSWER,matched,benchmark/results/v2/t160-retest-20261003/quality/runs/t160-quality-20261002T182955Z-75789e35-11-IMP-MIXED-r2/result.json
t160-quality-20261002T182955Z-75789e35-11-IMP-MIXED-r2,IMP-MIXED,2,automatic,bf862f8d-df39-5559-bab5-d942fccb2432,5fe5f668-0d9e-4ec0-9e85-ce7609897423,ocr_required,content,source_provided,True,False,根据下表写出 y 关于 x 的关系式。,简答：根据下表写出y关于x的关系式。,matched,benchmark/results/v2/t160-retest-20261003/quality/runs/t160-quality-20261002T182955Z-75789e35-11-IMP-MIXED-r2/result.json
t160-quality-20261002T182955Z-75789e35-11-IMP-MIXED-r2,IMP-MIXED,2,automatic,bf862f8d-df39-5559-bab5-d942fccb2432,5fe5f668-0d9e-4ec0-9e85-ce7609897423,ocr_required,options,not_applicable,True,True,,,matched,benchmark/results/v2/t160-retest-20261003/quality/runs/t160-quality-20261002T182955Z-75789e35-11-IMP-MIXED-r2/result.json
t160-quality-20261002T182955Z-75789e35-11-IMP-MIXED-r2,IMP-MIXED,2,automatic,bf862f8d-df39-5559-bab5-d942fccb2432,5fe5f668-0d9e-4ec0-9e85-ce7609897423,ocr_required,reference_answer,known_missing,True,True,,,matched,benchmark/results/v2/t160-retest-20261003/quality/runs/t160-quality-20261002T182955Z-75789e35-11-IMP-MIXED-r2/result.json
t160-quality-20261002T182955Z-75789e35-11-IMP-MIXED-r2,IMP-MIXED,2,automatic,bf862f8d-df39-5559-bab5-d942fccb2432,5fe5f668-0d9e-4ec0-9e85-ce7609897423,ocr_required,analysis,known_missing,True,True,,,matched,benchmark/results/v2/t160-retest-20261003/quality/runs/t160-quality-20261002T182955Z-75789e35-11-IMP-MIXED-r2/result.json
t160-quality-20261002T182955Z-75789e35-11-IMP-MIXED-r2,IMP-MIXED,2,automatic,bf862f8d-df39-5559-bab5-d942fccb2432,5fe5f668-0d9e-4ec0-9e85-ce7609897423,ocr_required,score,source_provided,True,True,3.00,3.00,matched,benchmark/results/v2/t160-retest-20261003/quality/runs/t160-quality-20261002T182955Z-75789e35-11-IMP-MIXED-r2/result.json
t160-quality-20261002T182955Z-75789e35-11-IMP-MIXED-r2,IMP-MIXED,2,automatic,bf862f8d-df39-5559-bab5-d942fccb2432,5fe5f668-0d9e-4ec0-9e85-ce7609897423,ocr_required,scoring_rubric,source_provided,True,False,正确关系式 1.00；说明代入过程 2.00。,正确关系式1.00；说明代入过程2.00。,matched,benchmark/results/v2/t160-retest-20261003/quality/runs/t160-quality-20261002T182955Z-75789e35-11-IMP-MIXED-r2/result.json
t160-quality-20261002T182955Z-75789e35-11-IMP-MIXED-r2,IMP-MIXED,2,automatic,bf862f8d-df39-5559-bab5-d942fccb2432,5fe5f668-0d9e-4ec0-9e85-ce7609897423,ocr_required,knowledge_points,source_provided,True,True,"[""一次函数"", ""表达与计算""]","[""一次函数"", ""表达与计算""]",matched,benchmark/results/v2/t160-retest-20261003/quality/runs/t160-quality-20261002T182955Z-75789e35-11-IMP-MIXED-r2/result.json
t160-quality-20261002T182955Z-75789e35-11-IMP-MIXED-r2,IMP-MIXED,2,automatic,bf862f8d-df39-5559-bab5-d942fccb2432,5fe5f668-0d9e-4ec0-9e85-ce7609897423,ocr_required,source_regions,unknown,False,,,,reference_unknown,benchmark/results/v2/t160-retest-20261003/quality/runs/t160-quality-20261002T182955Z-75789e35-11-IMP-MIXED-r2/result.json
t160-quality-20261002T182955Z-75789e35-11-IMP-MIXED-r2,IMP-MIXED,2,automatic,bf862f8d-df39-5559-bab5-d942fccb2432,5fe5f668-0d9e-4ec0-9e85-ce7609897423,ocr_required,assets,source_provided,True,False,"[{""asset_type"": ""table"", ""source_page_number"": 2, ""order_index"": 1}]",,matched,benchmark/results/v2/t160-retest-20261003/quality/runs/t160-quality-20261002T182955Z-75789e35-11-IMP-MIXED-r2/result.json
t160-quality-20261002T182955Z-75789e35-11-IMP-MIXED-r2,IMP-MIXED,2,assisted_corrected,1faa8619-84cc-5d65-86ae-244c7f68645e,74b330ef-ebc4-47bd-b28d-b1d5455d0151,native_text,question_number,source_provided,True,True,1,1,matched,benchmark/results/v2/t160-retest-20261003/quality/runs/t160-quality-20261002T182955Z-75789e35-11-IMP-MIXED-r2/result.json
t160-quality-20261002T182955Z-75789e35-11-IMP-MIXED-r2,IMP-MIXED,2,assisted_corrected,1faa8619-84cc-5d65-86ae-244c7f68645e,74b330ef-ebc4-47bd-b28d-b1d5455d0151,native_text,order_index,source_provided,True,True,1,1,matched,benchmark/results/v2/t160-retest-20261003/quality/runs/t160-quality-20261002T182955Z-75789e35-11-IMP-MIXED-r2/result.json
t160-quality-20261002T182955Z-75789e35-11-IMP-MIXED-r2,IMP-MIXED,2,assisted_corrected,1faa8619-84cc-5d65-86ae-244c7f68645e,74b330ef-ebc4-47bd-b28d-b1d5455d0151,native_text,source_page_numbers,source_provided,True,True,[1],[1],matched,benchmark/results/v2/t160-retest-20261003/quality/runs/t160-quality-20261002T182955Z-75789e35-11-IMP-MIXED-r2/result.json
t160-quality-20261002T182955Z-75789e35-11-IMP-MIXED-r2,IMP-MIXED,2,assisted_corrected,1faa8619-84cc-5d65-86ae-244c7f68645e,74b330ef-ebc4-47bd-b28d-b1d5455d0151,native_text,question_type,source_provided,True,True,SINGLE_CHOICE,SINGLE_CHOICE,matched,benchmark/results/v2/t160-retest-20261003/quality/runs/t160-quality-20261002T182955Z-75789e35-11-IMP-MIXED-r2/result.json
t160-quality-20261002T182955Z-75789e35-11-IMP-MIXED-r2,IMP-MIXED,2,assisted_corrected,1faa8619-84cc-5d65-86ae-244c7f68645e,74b330ef-ebc4-47bd-b28d-b1d5455d0151,native_text,content,source_provided,True,True,y = 2x + 1，x = 3 时 y 为多少？,y = 2x + 1，x = 3 时 y 为多少？,matched,benchmark/results/v2/t160-retest-20261003/quality/runs/t160-quality-20261002T182955Z-75789e35-11-IMP-MIXED-r2/result.json
t160-quality-20261002T182955Z-75789e35-11-IMP-MIXED-r2,IMP-MIXED,2,assisted_corrected,1faa8619-84cc-5d65-86ae-244c7f68645e,74b330ef-ebc4-47bd-b28d-b1d5455d0151,native_text,options,source_provided,True,True,"{""C"": ""7"", ""A"": ""5"", ""B"": ""6"", ""D"": ""8""}","{""C"": ""7"", ""A"": ""5"", ""B"": ""6"", ""D"": ""8""}",matched,benchmark/results/v2/t160-retest-20261003/quality/runs/t160-quality-20261002T182955Z-75789e35-11-IMP-MIXED-r2/result.json
t160-quality-20261002T182955Z-75789e35-11-IMP-MIXED-r2,IMP-MIXED,2,assisted_corrected,1faa8619-84cc-5d65-86ae-244c7f68645e,74b330ef-ebc4-47bd-b28d-b1d5455d0151,native_text,reference_answer,source_provided,True,True,C,C,matched,benchmark/results/v2/t160-retest-20261003/quality/runs/t160-quality-20261002T182955Z-75789e35-11-IMP-MIXED-r2/result.json
t160-quality-20261002T182955Z-75789e35-11-IMP-MIXED-r2,IMP-MIXED,2,assisted_corrected,1faa8619-84cc-5d65-86ae-244c7f68645e,74b330ef-ebc4-47bd-b28d-b1d5455d0151,native_text,analysis,source_provided,True,True,2 × 3 + 1 = 7。,2 × 3 + 1 = 7。,matched,benchmark/results/v2/t160-retest-20261003/quality/runs/t160-quality-20261002T182955Z-75789e35-11-IMP-MIXED-r2/result.json
t160-quality-20261002T182955Z-75789e35-11-IMP-MIXED-r2,IMP-MIXED,2,assisted_corrected,1faa8619-84cc-5d65-86ae-244c7f68645e,74b330ef-ebc4-47bd-b28d-b1d5455d0151,native_text,score,source_provided,True,True,2.00,2.00,matched,benchmark/results/v2/t160-retest-20261003/quality/runs/t160-quality-20261002T182955Z-75789e35-11-IMP-MIXED-r2/result.json
t160-quality-20261002T182955Z-75789e35-11-IMP-MIXED-r2,IMP-MIXED,2,assisted_corrected,1faa8619-84cc-5d65-86ae-244c7f68645e,74b330ef-ebc4-47bd-b28d-b1d5455d0151,native_text,scoring_rubric,known_missing,True,True,,,matched,benchmark/results/v2/t160-retest-20261003/quality/runs/t160-quality-20261002T182955Z-75789e35-11-IMP-MIXED-r2/result.json
t160-quality-20261002T182955Z-75789e35-11-IMP-MIXED-r2,IMP-MIXED,2,assisted_corrected,1faa8619-84cc-5d65-86ae-244c7f68645e,74b330ef-ebc4-47bd-b28d-b1d5455d0151,native_text,knowledge_points,known_missing,True,True,[],[],matched,benchmark/results/v2/t160-retest-20261003/quality/runs/t160-quality-20261002T182955Z-75789e35-11-IMP-MIXED-r2/result.json
t160-quality-20261002T182955Z-75789e35-11-IMP-MIXED-r2,IMP-MIXED,2,assisted_corrected,1faa8619-84cc-5d65-86ae-244c7f68645e,74b330ef-ebc4-47bd-b28d-b1d5455d0151,native_text,source_regions,unknown,False,,,,reference_unknown,benchmark/results/v2/t160-retest-20261003/quality/runs/t160-quality-20261002T182955Z-75789e35-11-IMP-MIXED-r2/result.json
t160-quality-20261002T182955Z-75789e35-11-IMP-MIXED-r2,IMP-MIXED,2,assisted_corrected,1faa8619-84cc-5d65-86ae-244c7f68645e,74b330ef-ebc4-47bd-b28d-b1d5455d0151,native_text,assets,source_provided,True,True,[],[],matched,benchmark/results/v2/t160-retest-20261003/quality/runs/t160-quality-20261002T182955Z-75789e35-11-IMP-MIXED-r2/result.json
t160-quality-20261002T182955Z-75789e35-11-IMP-MIXED-r2,IMP-MIXED,2,assisted_corrected,545de13f-3fe9-524b-a917-7ab04807806f,e268349b-ff58-44e1-9fe3-583e02181432,native_text,question_number,source_provided,True,True,2,2,matched,benchmark/results/v2/t160-retest-20261003/quality/runs/t160-quality-20261002T182955Z-75789e35-11-IMP-MIXED-r2/result.json
t160-quality-20261002T182955Z-75789e35-11-IMP-MIXED-r2,IMP-MIXED,2,assisted_corrected,545de13f-3fe9-524b-a917-7ab04807806f,e268349b-ff58-44e1-9fe3-583e02181432,native_text,order_index,source_provided,True,True,2,2,matched,benchmark/results/v2/t160-retest-20261003/quality/runs/t160-quality-20261002T182955Z-75789e35-11-IMP-MIXED-r2/result.json
t160-quality-20261002T182955Z-75789e35-11-IMP-MIXED-r2,IMP-MIXED,2,assisted_corrected,545de13f-3fe9-524b-a917-7ab04807806f,e268349b-ff58-44e1-9fe3-583e02181432,native_text,source_page_numbers,source_provided,True,True,[1],[1],matched,benchmark/results/v2/t160-retest-20261003/quality/runs/t160-quality-20261002T182955Z-75789e35-11-IMP-MIXED-r2/result.json
t160-quality-20261002T182955Z-75789e35-11-IMP-MIXED-r2,IMP-MIXED,2,assisted_corrected,545de13f-3fe9-524b-a917-7ab04807806f,e268349b-ff58-44e1-9fe3-583e02181432,native_text,question_type,source_provided,True,True,TRUE_FALSE,TRUE_FALSE,matched,benchmark/results/v2/t160-retest-20261003/quality/runs/t160-quality-20261002T182955Z-75789e35-11-IMP-MIXED-r2/result.json
t160-quality-20261002T182955Z-75789e35-11-IMP-MIXED-r2,IMP-MIXED,2,assisted_corrected,545de13f-3fe9-524b-a917-7ab04807806f,e268349b-ff58-44e1-9fe3-583e02181432,native_text,content,source_provided,True,True,右图三角形面积为 24 cm²。,右图三角形面积为 24 cm²。,matched,benchmark/results/v2/t160-retest-20261003/quality/runs/t160-quality-20261002T182955Z-75789e35-11-IMP-MIXED-r2/result.json
t160-quality-20261002T182955Z-75789e35-11-IMP-MIXED-r2,IMP-MIXED,2,assisted_corrected,545de13f-3fe9-524b-a917-7ab04807806f,e268349b-ff58-44e1-9fe3-583e02181432,native_text,options,source_provided,True,True,"[""正确"", ""错误""]","[""正确"", ""错误""]",matched,benchmark/results/v2/t160-retest-20261003/quality/runs/t160-quality-20261002T182955Z-75789e35-11-IMP-MIXED-r2/result.json
t160-quality-20261002T182955Z-75789e35-11-IMP-MIXED-r2,IMP-MIXED,2,assisted_corrected,545de13f-3fe9-524b-a917-7ab04807806f,e268349b-ff58-44e1-9fe3-583e02181432,native_text,reference_answer,known_missing,True,True,,,matched,benchmark/results/v2/t160-retest-20261003/quality/runs/t160-quality-20261002T182955Z-75789e35-11-IMP-MIXED-r2/result.json
t160-quality-20261002T182955Z-75789e35-11-IMP-MIXED-r2,IMP-MIXED,2,assisted_corrected,545de13f-3fe9-524b-a917-7ab04807806f,e268349b-ff58-44e1-9fe3-583e02181432,native_text,analysis,known_missing,True,True,,,matched,benchmark/results/v2/t160-retest-20261003/quality/runs/t160-quality-20261002T182955Z-75789e35-11-IMP-MIXED-r2/result.json
t160-quality-20261002T182955Z-75789e35-11-IMP-MIXED-r2,IMP-MIXED,2,assisted_corrected,545de13f-3fe9-524b-a917-7ab04807806f,e268349b-ff58-44e1-9fe3-583e02181432,native_text,score,source_provided,True,True,2.00,2.00,matched,benchmark/results/v2/t160-retest-20261003/quality/runs/t160-quality-20261002T182955Z-75789e35-11-IMP-MIXED-r2/result.json
t160-quality-20261002T182955Z-75789e35-11-IMP-MIXED-r2,IMP-MIXED,2,assisted_corrected,545de13f-3fe9-524b-a917-7ab04807806f,e268349b-ff58-44e1-9fe3-583e02181432,native_text,scoring_rubric,known_missing,True,True,,,matched,benchmark/results/v2/t160-retest-20261003/quality/runs/t160-quality-20261002T182955Z-75789e35-11-IMP-MIXED-r2/result.json
t160-quality-20261002T182955Z-75789e35-11-IMP-MIXED-r2,IMP-MIXED,2,assisted_corrected,545de13f-3fe9-524b-a917-7ab04807806f,e268349b-ff58-44e1-9fe3-583e02181432,native_text,knowledge_points,known_missing,True,True,[],[],matched,benchmark/results/v2/t160-retest-20261003/quality/runs/t160-quality-20261002T182955Z-75789e35-11-IMP-MIXED-r2/result.json
t160-quality-20261002T182955Z-75789e35-11-IMP-MIXED-r2,IMP-MIXED,2,assisted_corrected,545de13f-3fe9-524b-a917-7ab04807806f,e268349b-ff58-44e1-9fe3-583e02181432,native_text,source_regions,unknown,False,,,,reference_unknown,benchmark/results/v2/t160-retest-20261003/quality/runs/t160-quality-20261002T182955Z-75789e35-11-IMP-MIXED-r2/result.json
t160-quality-20261002T182955Z-75789e35-11-IMP-MIXED-r2,IMP-MIXED,2,assisted_corrected,545de13f-3fe9-524b-a917-7ab04807806f,e268349b-ff58-44e1-9fe3-583e02181432,native_text,assets,source_provided,True,False,"[{""asset_type"": ""figure"", ""source_page_number"": 1, ""order_index"": 1}]",,matched,benchmark/results/v2/t160-retest-20261003/quality/runs/t160-quality-20261002T182955Z-75789e35-11-IMP-MIXED-r2/result.json
t160-quality-20261002T182955Z-75789e35-11-IMP-MIXED-r2,IMP-MIXED,2,assisted_corrected,85533f46-eb86-5893-8742-33939e77750f,f3a7eb81-56a4-497b-9d43-6bb65cb48f7a,native_text,question_number,source_provided,True,True,3,3,matched,benchmark/results/v2/t160-retest-20261003/quality/runs/t160-quality-20261002T182955Z-75789e35-11-IMP-MIXED-r2/result.json
t160-quality-20261002T182955Z-75789e35-11-IMP-MIXED-r2,IMP-MIXED,2,assisted_corrected,85533f46-eb86-5893-8742-33939e77750f,f3a7eb81-56a4-497b-9d43-6bb65cb48f7a,native_text,order_index,source_provided,True,True,3,3,matched,benchmark/results/v2/t160-retest-20261003/quality/runs/t160-quality-20261002T182955Z-75789e35-11-IMP-MIXED-r2/result.json
t160-quality-20261002T182955Z-75789e35-11-IMP-MIXED-r2,IMP-MIXED,2,assisted_corrected,85533f46-eb86-5893-8742-33939e77750f,f3a7eb81-56a4-497b-9d43-6bb65cb48f7a,native_text,source_page_numbers,source_provided,True,True,[1],[1],matched,benchmark/results/v2/t160-retest-20261003/quality/runs/t160-quality-20261002T182955Z-75789e35-11-IMP-MIXED-r2/result.json
t160-quality-20261002T182955Z-75789e35-11-IMP-MIXED-r2,IMP-MIXED,2,assisted_corrected,85533f46-eb86-5893-8742-33939e77750f,f3a7eb81-56a4-497b-9d43-6bb65cb48f7a,native_text,question_type,source_provided,True,True,SHORT_ANSWER,SHORT_ANSWER,matched,benchmark/results/v2/t160-retest-20261003/quality/runs/t160-quality-20261002T182955Z-75789e35-11-IMP-MIXED-r2/result.json
t160-quality-20261002T182955Z-75789e35-11-IMP-MIXED-r2,IMP-MIXED,2,assisted_corrected,85533f46-eb86-5893-8742-33939e77750f,f3a7eb81-56a4-497b-9d43-6bb65cb48f7a,native_text,content,source_provided,True,True,根据下表写出 y 关于 x 的关系式。,根据下表写出 y 关于 x 的关系式。,matched,benchmark/results/v2/t160-retest-20261003/quality/runs/t160-quality-20261002T182955Z-75789e35-11-IMP-MIXED-r2/result.json
t160-quality-20261002T182955Z-75789e35-11-IMP-MIXED-r2,IMP-MIXED,2,assisted_corrected,85533f46-eb86-5893-8742-33939e77750f,f3a7eb81-56a4-497b-9d43-6bb65cb48f7a,native_text,options,not_applicable,True,True,,,matched,benchmark/results/v2/t160-retest-20261003/quality/runs/t160-quality-20261002T182955Z-75789e35-11-IMP-MIXED-r2/result.json
t160-quality-20261002T182955Z-75789e35-11-IMP-MIXED-r2,IMP-MIXED,2,assisted_corrected,85533f46-eb86-5893-8742-33939e77750f,f3a7eb81-56a4-497b-9d43-6bb65cb48f7a,native_text,reference_answer,known_missing,True,True,,,matched,benchmark/results/v2/t160-retest-20261003/quality/runs/t160-quality-20261002T182955Z-75789e35-11-IMP-MIXED-r2/result.json
t160-quality-20261002T182955Z-75789e35-11-IMP-MIXED-r2,IMP-MIXED,2,assisted_corrected,85533f46-eb86-5893-8742-33939e77750f,f3a7eb81-56a4-497b-9d43-6bb65cb48f7a,native_text,analysis,known_missing,True,True,,,matched,benchmark/results/v2/t160-retest-20261003/quality/runs/t160-quality-20261002T182955Z-75789e35-11-IMP-MIXED-r2/result.json
t160-quality-20261002T182955Z-75789e35-11-IMP-MIXED-r2,IMP-MIXED,2,assisted_corrected,85533f46-eb86-5893-8742-33939e77750f,f3a7eb81-56a4-497b-9d43-6bb65cb48f7a,native_text,score,source_provided,True,True,3.00,3.00,matched,benchmark/results/v2/t160-retest-20261003/quality/runs/t160-quality-20261002T182955Z-75789e35-11-IMP-MIXED-r2/result.json
t160-quality-20261002T182955Z-75789e35-11-IMP-MIXED-r2,IMP-MIXED,2,assisted_corrected,85533f46-eb86-5893-8742-33939e77750f,f3a7eb81-56a4-497b-9d43-6bb65cb48f7a,native_text,scoring_rubric,source_provided,True,True,正确关系式 1.00；说明代入过程 2.00。,正确关系式 1.00；说明代入过程 2.00。,matched,benchmark/results/v2/t160-retest-20261003/quality/runs/t160-quality-20261002T182955Z-75789e35-11-IMP-MIXED-r2/result.json
t160-quality-20261002T182955Z-75789e35-11-IMP-MIXED-r2,IMP-MIXED,2,assisted_corrected,85533f46-eb86-5893-8742-33939e77750f,f3a7eb81-56a4-497b-9d43-6bb65cb48f7a,native_text,knowledge_points,source_provided,True,True,"[""一次函数"", ""表达与计算""]","[""一次函数"", ""表达与计算""]",matched,benchmark/results/v2/t160-retest-20261003/quality/runs/t160-quality-20261002T182955Z-75789e35-11-IMP-MIXED-r2/result.json
t160-quality-20261002T182955Z-75789e35-11-IMP-MIXED-r2,IMP-MIXED,2,assisted_corrected,85533f46-eb86-5893-8742-33939e77750f,f3a7eb81-56a4-497b-9d43-6bb65cb48f7a,native_text,source_regions,unknown,False,,,,reference_unknown,benchmark/results/v2/t160-retest-20261003/quality/runs/t160-quality-20261002T182955Z-75789e35-11-IMP-MIXED-r2/result.json
t160-quality-20261002T182955Z-75789e35-11-IMP-MIXED-r2,IMP-MIXED,2,assisted_corrected,85533f46-eb86-5893-8742-33939e77750f,f3a7eb81-56a4-497b-9d43-6bb65cb48f7a,native_text,assets,source_provided,True,False,"[{""asset_type"": ""table"", ""source_page_number"": 1, ""order_index"": 1}]",,matched,benchmark/results/v2/t160-retest-20261003/quality/runs/t160-quality-20261002T182955Z-75789e35-11-IMP-MIXED-r2/result.json
t160-quality-20261002T182955Z-75789e35-11-IMP-MIXED-r2,IMP-MIXED,2,assisted_corrected,0fa8d57e-58c2-5aa4-b8cd-e52e96380a38,c1dff394-9f07-4089-8404-06e1e5f43b5e,ocr_required,question_number,source_provided,True,True,4,4,matched,benchmark/results/v2/t160-retest-20261003/quality/runs/t160-quality-20261002T182955Z-75789e35-11-IMP-MIXED-r2/result.json
t160-quality-20261002T182955Z-75789e35-11-IMP-MIXED-r2,IMP-MIXED,2,assisted_corrected,0fa8d57e-58c2-5aa4-b8cd-e52e96380a38,c1dff394-9f07-4089-8404-06e1e5f43b5e,ocr_required,order_index,source_provided,True,True,4,4,matched,benchmark/results/v2/t160-retest-20261003/quality/runs/t160-quality-20261002T182955Z-75789e35-11-IMP-MIXED-r2/result.json
t160-quality-20261002T182955Z-75789e35-11-IMP-MIXED-r2,IMP-MIXED,2,assisted_corrected,0fa8d57e-58c2-5aa4-b8cd-e52e96380a38,c1dff394-9f07-4089-8404-06e1e5f43b5e,ocr_required,source_page_numbers,source_provided,True,True,[2],[2],matched,benchmark/results/v2/t160-retest-20261003/quality/runs/t160-quality-20261002T182955Z-75789e35-11-IMP-MIXED-r2/result.json
t160-quality-20261002T182955Z-75789e35-11-IMP-MIXED-r2,IMP-MIXED,2,assisted_corrected,0fa8d57e-58c2-5aa4-b8cd-e52e96380a38,c1dff394-9f07-4089-8404-06e1e5f43b5e,ocr_required,question_type,source_provided,True,True,SINGLE_CHOICE,SINGLE_CHOICE,matched,benchmark/results/v2/t160-retest-20261003/quality/runs/t160-quality-20261002T182955Z-75789e35-11-IMP-MIXED-r2/result.json
t160-quality-20261002T182955Z-75789e35-11-IMP-MIXED-r2,IMP-MIXED,2,assisted_corrected,0fa8d57e-58c2-5aa4-b8cd-e52e96380a38,c1dff394-9f07-4089-8404-06e1e5f43b5e,ocr_required,content,source_provided,True,True,y = 2x + 1，x = 3 时 y 为多少？,y = 2x + 1，x = 3 时 y 为多少？,matched,benchmark/results/v2/t160-retest-20261003/quality/runs/t160-quality-20261002T182955Z-75789e35-11-IMP-MIXED-r2/result.json
t160-quality-20261002T182955Z-75789e35-11-IMP-MIXED-r2,IMP-MIXED,2,assisted_corrected,0fa8d57e-58c2-5aa4-b8cd-e52e96380a38,c1dff394-9f07-4089-8404-06e1e5f43b5e,ocr_required,options,source_provided,True,True,"{""C"": ""7"", ""A"": ""5"", ""B"": ""6"", ""D"": ""8""}","{""C"": ""7"", ""A"": ""5"", ""B"": ""6"", ""D"": ""8""}",matched,benchmark/results/v2/t160-retest-20261003/quality/runs/t160-quality-20261002T182955Z-75789e35-11-IMP-MIXED-r2/result.json
t160-quality-20261002T182955Z-75789e35-11-IMP-MIXED-r2,IMP-MIXED,2,assisted_corrected,0fa8d57e-58c2-5aa4-b8cd-e52e96380a38,c1dff394-9f07-4089-8404-06e1e5f43b5e,ocr_required,reference_answer,source_provided,True,True,C,C,matched,benchmark/results/v2/t160-retest-20261003/quality/runs/t160-quality-20261002T182955Z-75789e35-11-IMP-MIXED-r2/result.json
t160-quality-20261002T182955Z-75789e35-11-IMP-MIXED-r2,IMP-MIXED,2,assisted_corrected,0fa8d57e-58c2-5aa4-b8cd-e52e96380a38,c1dff394-9f07-4089-8404-06e1e5f43b5e,ocr_required,analysis,source_provided,True,True,2 × 3 + 1 = 7。,2 × 3 + 1 = 7。,matched,benchmark/results/v2/t160-retest-20261003/quality/runs/t160-quality-20261002T182955Z-75789e35-11-IMP-MIXED-r2/result.json
t160-quality-20261002T182955Z-75789e35-11-IMP-MIXED-r2,IMP-MIXED,2,assisted_corrected,0fa8d57e-58c2-5aa4-b8cd-e52e96380a38,c1dff394-9f07-4089-8404-06e1e5f43b5e,ocr_required,score,source_provided,True,True,2.00,2.00,matched,benchmark/results/v2/t160-retest-20261003/quality/runs/t160-quality-20261002T182955Z-75789e35-11-IMP-MIXED-r2/result.json
t160-quality-20261002T182955Z-75789e35-11-IMP-MIXED-r2,IMP-MIXED,2,assisted_corrected,0fa8d57e-58c2-5aa4-b8cd-e52e96380a38,c1dff394-9f07-4089-8404-06e1e5f43b5e,ocr_required,scoring_rubric,known_missing,True,True,,,matched,benchmark/results/v2/t160-retest-20261003/quality/runs/t160-quality-20261002T182955Z-75789e35-11-IMP-MIXED-r2/result.json
t160-quality-20261002T182955Z-75789e35-11-IMP-MIXED-r2,IMP-MIXED,2,assisted_corrected,0fa8d57e-58c2-5aa4-b8cd-e52e96380a38,c1dff394-9f07-4089-8404-06e1e5f43b5e,ocr_required,knowledge_points,known_missing,True,True,[],[],matched,benchmark/results/v2/t160-retest-20261003/quality/runs/t160-quality-20261002T182955Z-75789e35-11-IMP-MIXED-r2/result.json
t160-quality-20261002T182955Z-75789e35-11-IMP-MIXED-r2,IMP-MIXED,2,assisted_corrected,0fa8d57e-58c2-5aa4-b8cd-e52e96380a38,c1dff394-9f07-4089-8404-06e1e5f43b5e,ocr_required,source_regions,unknown,False,,,,reference_unknown,benchmark/results/v2/t160-retest-20261003/quality/runs/t160-quality-20261002T182955Z-75789e35-11-IMP-MIXED-r2/result.json
t160-quality-20261002T182955Z-75789e35-11-IMP-MIXED-r2,IMP-MIXED,2,assisted_corrected,0fa8d57e-58c2-5aa4-b8cd-e52e96380a38,c1dff394-9f07-4089-8404-06e1e5f43b5e,ocr_required,assets,source_provided,True,True,[],[],matched,benchmark/results/v2/t160-retest-20261003/quality/runs/t160-quality-20261002T182955Z-75789e35-11-IMP-MIXED-r2/result.json
t160-quality-20261002T182955Z-75789e35-11-IMP-MIXED-r2,IMP-MIXED,2,assisted_corrected,455720b9-9061-5bce-83af-d6d53c6c84e1,fff216b0-a898-46eb-ac8c-79653007372b,ocr_required,question_number,source_provided,True,True,5,5,matched,benchmark/results/v2/t160-retest-20261003/quality/runs/t160-quality-20261002T182955Z-75789e35-11-IMP-MIXED-r2/result.json
t160-quality-20261002T182955Z-75789e35-11-IMP-MIXED-r2,IMP-MIXED,2,assisted_corrected,455720b9-9061-5bce-83af-d6d53c6c84e1,fff216b0-a898-46eb-ac8c-79653007372b,ocr_required,order_index,source_provided,True,True,5,5,matched,benchmark/results/v2/t160-retest-20261003/quality/runs/t160-quality-20261002T182955Z-75789e35-11-IMP-MIXED-r2/result.json
t160-quality-20261002T182955Z-75789e35-11-IMP-MIXED-r2,IMP-MIXED,2,assisted_corrected,455720b9-9061-5bce-83af-d6d53c6c84e1,fff216b0-a898-46eb-ac8c-79653007372b,ocr_required,source_page_numbers,source_provided,True,True,[2],[2],matched,benchmark/results/v2/t160-retest-20261003/quality/runs/t160-quality-20261002T182955Z-75789e35-11-IMP-MIXED-r2/result.json
t160-quality-20261002T182955Z-75789e35-11-IMP-MIXED-r2,IMP-MIXED,2,assisted_corrected,455720b9-9061-5bce-83af-d6d53c6c84e1,fff216b0-a898-46eb-ac8c-79653007372b,ocr_required,question_type,source_provided,True,True,TRUE_FALSE,TRUE_FALSE,matched,benchmark/results/v2/t160-retest-20261003/quality/runs/t160-quality-20261002T182955Z-75789e35-11-IMP-MIXED-r2/result.json
t160-quality-20261002T182955Z-75789e35-11-IMP-MIXED-r2,IMP-MIXED,2,assisted_corrected,455720b9-9061-5bce-83af-d6d53c6c84e1,fff216b0-a898-46eb-ac8c-79653007372b,ocr_required,content,source_provided,True,True,右图三角形面积为 24 cm²。,右图三角形面积为 24 cm²。,matched,benchmark/results/v2/t160-retest-20261003/quality/runs/t160-quality-20261002T182955Z-75789e35-11-IMP-MIXED-r2/result.json
t160-quality-20261002T182955Z-75789e35-11-IMP-MIXED-r2,IMP-MIXED,2,assisted_corrected,455720b9-9061-5bce-83af-d6d53c6c84e1,fff216b0-a898-46eb-ac8c-79653007372b,ocr_required,options,source_provided,True,True,"[""正确"", ""错误""]","[""正确"", ""错误""]",matched,benchmark/results/v2/t160-retest-20261003/quality/runs/t160-quality-20261002T182955Z-75789e35-11-IMP-MIXED-r2/result.json
t160-quality-20261002T182955Z-75789e35-11-IMP-MIXED-r2,IMP-MIXED,2,assisted_corrected,455720b9-9061-5bce-83af-d6d53c6c84e1,fff216b0-a898-46eb-ac8c-79653007372b,ocr_required,reference_answer,known_missing,True,True,,,matched,benchmark/results/v2/t160-retest-20261003/quality/runs/t160-quality-20261002T182955Z-75789e35-11-IMP-MIXED-r2/result.json
t160-quality-20261002T182955Z-75789e35-11-IMP-MIXED-r2,IMP-MIXED,2,assisted_corrected,455720b9-9061-5bce-83af-d6d53c6c84e1,fff216b0-a898-46eb-ac8c-79653007372b,ocr_required,analysis,known_missing,True,True,,,matched,benchmark/results/v2/t160-retest-20261003/quality/runs/t160-quality-20261002T182955Z-75789e35-11-IMP-MIXED-r2/result.json
t160-quality-20261002T182955Z-75789e35-11-IMP-MIXED-r2,IMP-MIXED,2,assisted_corrected,455720b9-9061-5bce-83af-d6d53c6c84e1,fff216b0-a898-46eb-ac8c-79653007372b,ocr_required,score,source_provided,True,True,2.00,2.00,matched,benchmark/results/v2/t160-retest-20261003/quality/runs/t160-quality-20261002T182955Z-75789e35-11-IMP-MIXED-r2/result.json
t160-quality-20261002T182955Z-75789e35-11-IMP-MIXED-r2,IMP-MIXED,2,assisted_corrected,455720b9-9061-5bce-83af-d6d53c6c84e1,fff216b0-a898-46eb-ac8c-79653007372b,ocr_required,scoring_rubric,known_missing,True,True,,,matched,benchmark/results/v2/t160-retest-20261003/quality/runs/t160-quality-20261002T182955Z-75789e35-11-IMP-MIXED-r2/result.json
t160-quality-20261002T182955Z-75789e35-11-IMP-MIXED-r2,IMP-MIXED,2,assisted_corrected,455720b9-9061-5bce-83af-d6d53c6c84e1,fff216b0-a898-46eb-ac8c-79653007372b,ocr_required,knowledge_points,known_missing,True,True,[],[],matched,benchmark/results/v2/t160-retest-20261003/quality/runs/t160-quality-20261002T182955Z-75789e35-11-IMP-MIXED-r2/result.json
t160-quality-20261002T182955Z-75789e35-11-IMP-MIXED-r2,IMP-MIXED,2,assisted_corrected,455720b9-9061-5bce-83af-d6d53c6c84e1,fff216b0-a898-46eb-ac8c-79653007372b,ocr_required,source_regions,unknown,False,,,,reference_unknown,benchmark/results/v2/t160-retest-20261003/quality/runs/t160-quality-20261002T182955Z-75789e35-11-IMP-MIXED-r2/result.json
t160-quality-20261002T182955Z-75789e35-11-IMP-MIXED-r2,IMP-MIXED,2,assisted_corrected,455720b9-9061-5bce-83af-d6d53c6c84e1,fff216b0-a898-46eb-ac8c-79653007372b,ocr_required,assets,source_provided,True,False,"[{""asset_type"": ""figure"", ""source_page_number"": 2, ""order_index"": 1}]",,matched,benchmark/results/v2/t160-retest-20261003/quality/runs/t160-quality-20261002T182955Z-75789e35-11-IMP-MIXED-r2/result.json
t160-quality-20261002T182955Z-75789e35-11-IMP-MIXED-r2,IMP-MIXED,2,assisted_corrected,bf862f8d-df39-5559-bab5-d942fccb2432,5fe5f668-0d9e-4ec0-9e85-ce7609897423,ocr_required,question_number,source_provided,True,True,6,6,matched,benchmark/results/v2/t160-retest-20261003/quality/runs/t160-quality-20261002T182955Z-75789e35-11-IMP-MIXED-r2/result.json
t160-quality-20261002T182955Z-75789e35-11-IMP-MIXED-r2,IMP-MIXED,2,assisted_corrected,bf862f8d-df39-5559-bab5-d942fccb2432,5fe5f668-0d9e-4ec0-9e85-ce7609897423,ocr_required,order_index,source_provided,True,True,6,6,matched,benchmark/results/v2/t160-retest-20261003/quality/runs/t160-quality-20261002T182955Z-75789e35-11-IMP-MIXED-r2/result.json
t160-quality-20261002T182955Z-75789e35-11-IMP-MIXED-r2,IMP-MIXED,2,assisted_corrected,bf862f8d-df39-5559-bab5-d942fccb2432,5fe5f668-0d9e-4ec0-9e85-ce7609897423,ocr_required,source_page_numbers,source_provided,True,True,[2],[2],matched,benchmark/results/v2/t160-retest-20261003/quality/runs/t160-quality-20261002T182955Z-75789e35-11-IMP-MIXED-r2/result.json
t160-quality-20261002T182955Z-75789e35-11-IMP-MIXED-r2,IMP-MIXED,2,assisted_corrected,bf862f8d-df39-5559-bab5-d942fccb2432,5fe5f668-0d9e-4ec0-9e85-ce7609897423,ocr_required,question_type,source_provided,True,True,SHORT_ANSWER,SHORT_ANSWER,matched,benchmark/results/v2/t160-retest-20261003/quality/runs/t160-quality-20261002T182955Z-75789e35-11-IMP-MIXED-r2/result.json
t160-quality-20261002T182955Z-75789e35-11-IMP-MIXED-r2,IMP-MIXED,2,assisted_corrected,bf862f8d-df39-5559-bab5-d942fccb2432,5fe5f668-0d9e-4ec0-9e85-ce7609897423,ocr_required,content,source_provided,True,True,根据下表写出 y 关于 x 的关系式。,根据下表写出 y 关于 x 的关系式。,matched,benchmark/results/v2/t160-retest-20261003/quality/runs/t160-quality-20261002T182955Z-75789e35-11-IMP-MIXED-r2/result.json
t160-quality-20261002T182955Z-75789e35-11-IMP-MIXED-r2,IMP-MIXED,2,assisted_corrected,bf862f8d-df39-5559-bab5-d942fccb2432,5fe5f668-0d9e-4ec0-9e85-ce7609897423,ocr_required,options,not_applicable,True,True,,,matched,benchmark/results/v2/t160-retest-20261003/quality/runs/t160-quality-20261002T182955Z-75789e35-11-IMP-MIXED-r2/result.json
t160-quality-20261002T182955Z-75789e35-11-IMP-MIXED-r2,IMP-MIXED,2,assisted_corrected,bf862f8d-df39-5559-bab5-d942fccb2432,5fe5f668-0d9e-4ec0-9e85-ce7609897423,ocr_required,reference_answer,known_missing,True,True,,,matched,benchmark/results/v2/t160-retest-20261003/quality/runs/t160-quality-20261002T182955Z-75789e35-11-IMP-MIXED-r2/result.json
t160-quality-20261002T182955Z-75789e35-11-IMP-MIXED-r2,IMP-MIXED,2,assisted_corrected,bf862f8d-df39-5559-bab5-d942fccb2432,5fe5f668-0d9e-4ec0-9e85-ce7609897423,ocr_required,analysis,known_missing,True,True,,,matched,benchmark/results/v2/t160-retest-20261003/quality/runs/t160-quality-20261002T182955Z-75789e35-11-IMP-MIXED-r2/result.json
t160-quality-20261002T182955Z-75789e35-11-IMP-MIXED-r2,IMP-MIXED,2,assisted_corrected,bf862f8d-df39-5559-bab5-d942fccb2432,5fe5f668-0d9e-4ec0-9e85-ce7609897423,ocr_required,score,source_provided,True,True,3.00,3.00,matched,benchmark/results/v2/t160-retest-20261003/quality/runs/t160-quality-20261002T182955Z-75789e35-11-IMP-MIXED-r2/result.json
t160-quality-20261002T182955Z-75789e35-11-IMP-MIXED-r2,IMP-MIXED,2,assisted_corrected,bf862f8d-df39-5559-bab5-d942fccb2432,5fe5f668-0d9e-4ec0-9e85-ce7609897423,ocr_required,scoring_rubric,source_provided,True,True,正确关系式 1.00；说明代入过程 2.00。,正确关系式 1.00；说明代入过程 2.00。,matched,benchmark/results/v2/t160-retest-20261003/quality/runs/t160-quality-20261002T182955Z-75789e35-11-IMP-MIXED-r2/result.json
t160-quality-20261002T182955Z-75789e35-11-IMP-MIXED-r2,IMP-MIXED,2,assisted_corrected,bf862f8d-df39-5559-bab5-d942fccb2432,5fe5f668-0d9e-4ec0-9e85-ce7609897423,ocr_required,knowledge_points,source_provided,True,True,"[""一次函数"", ""表达与计算""]","[""一次函数"", ""表达与计算""]",matched,benchmark/results/v2/t160-retest-20261003/quality/runs/t160-quality-20261002T182955Z-75789e35-11-IMP-MIXED-r2/result.json
t160-quality-20261002T182955Z-75789e35-11-IMP-MIXED-r2,IMP-MIXED,2,assisted_corrected,bf862f8d-df39-5559-bab5-d942fccb2432,5fe5f668-0d9e-4ec0-9e85-ce7609897423,ocr_required,source_regions,unknown,False,,,,reference_unknown,benchmark/results/v2/t160-retest-20261003/quality/runs/t160-quality-20261002T182955Z-75789e35-11-IMP-MIXED-r2/result.json
t160-quality-20261002T182955Z-75789e35-11-IMP-MIXED-r2,IMP-MIXED,2,assisted_corrected,bf862f8d-df39-5559-bab5-d942fccb2432,5fe5f668-0d9e-4ec0-9e85-ce7609897423,ocr_required,assets,source_provided,True,False,"[{""asset_type"": ""table"", ""source_page_number"": 2, ""order_index"": 1}]",,matched,benchmark/results/v2/t160-retest-20261003/quality/runs/t160-quality-20261002T182955Z-75789e35-11-IMP-MIXED-r2/result.json
t160-quality-20261002T182955Z-75789e35-12-IMP-MIXED-r3,IMP-MIXED,3,automatic,1faa8619-84cc-5d65-86ae-244c7f68645e,9e7553f8-557c-4bfe-831a-f5aab065ff0f,native_text,question_number,source_provided,True,True,1,1,matched,benchmark/results/v2/t160-retest-20261003/quality/runs/t160-quality-20261002T182955Z-75789e35-12-IMP-MIXED-r3/result.json
t160-quality-20261002T182955Z-75789e35-12-IMP-MIXED-r3,IMP-MIXED,3,automatic,1faa8619-84cc-5d65-86ae-244c7f68645e,9e7553f8-557c-4bfe-831a-f5aab065ff0f,native_text,order_index,source_provided,True,True,1,1,matched,benchmark/results/v2/t160-retest-20261003/quality/runs/t160-quality-20261002T182955Z-75789e35-12-IMP-MIXED-r3/result.json
t160-quality-20261002T182955Z-75789e35-12-IMP-MIXED-r3,IMP-MIXED,3,automatic,1faa8619-84cc-5d65-86ae-244c7f68645e,9e7553f8-557c-4bfe-831a-f5aab065ff0f,native_text,source_page_numbers,source_provided,True,True,[1],[1],matched,benchmark/results/v2/t160-retest-20261003/quality/runs/t160-quality-20261002T182955Z-75789e35-12-IMP-MIXED-r3/result.json
t160-quality-20261002T182955Z-75789e35-12-IMP-MIXED-r3,IMP-MIXED,3,automatic,1faa8619-84cc-5d65-86ae-244c7f68645e,9e7553f8-557c-4bfe-831a-f5aab065ff0f,native_text,question_type,source_provided,True,True,SINGLE_CHOICE,SINGLE_CHOICE,matched,benchmark/results/v2/t160-retest-20261003/quality/runs/t160-quality-20261002T182955Z-75789e35-12-IMP-MIXED-r3/result.json
t160-quality-20261002T182955Z-75789e35-12-IMP-MIXED-r3,IMP-MIXED,3,automatic,1faa8619-84cc-5d65-86ae-244c7f68645e,9e7553f8-557c-4bfe-831a-f5aab065ff0f,native_text,content,source_provided,True,True,y = 2x + 1，x = 3 时 y 为多少？,y = 2x + 1，x = 3 时 y 为多少？,matched,benchmark/results/v2/t160-retest-20261003/quality/runs/t160-quality-20261002T182955Z-75789e35-12-IMP-MIXED-r3/result.json
t160-quality-20261002T182955Z-75789e35-12-IMP-MIXED-r3,IMP-MIXED,3,automatic,1faa8619-84cc-5d65-86ae-244c7f68645e,9e7553f8-557c-4bfe-831a-f5aab065ff0f,native_text,options,source_provided,True,True,"{""C"": ""7"", ""A"": ""5"", ""B"": ""6"", ""D"": ""8""}","{""C"": ""7"", ""A"": ""5"", ""B"": ""6"", ""D"": ""8""}",matched,benchmark/results/v2/t160-retest-20261003/quality/runs/t160-quality-20261002T182955Z-75789e35-12-IMP-MIXED-r3/result.json
t160-quality-20261002T182955Z-75789e35-12-IMP-MIXED-r3,IMP-MIXED,3,automatic,1faa8619-84cc-5d65-86ae-244c7f68645e,9e7553f8-557c-4bfe-831a-f5aab065ff0f,native_text,reference_answer,source_provided,True,True,C,C,matched,benchmark/results/v2/t160-retest-20261003/quality/runs/t160-quality-20261002T182955Z-75789e35-12-IMP-MIXED-r3/result.json
t160-quality-20261002T182955Z-75789e35-12-IMP-MIXED-r3,IMP-MIXED,3,automatic,1faa8619-84cc-5d65-86ae-244c7f68645e,9e7553f8-557c-4bfe-831a-f5aab065ff0f,native_text,analysis,source_provided,True,True,2 × 3 + 1 = 7。,2 × 3 + 1 = 7。,matched,benchmark/results/v2/t160-retest-20261003/quality/runs/t160-quality-20261002T182955Z-75789e35-12-IMP-MIXED-r3/result.json
t160-quality-20261002T182955Z-75789e35-12-IMP-MIXED-r3,IMP-MIXED,3,automatic,1faa8619-84cc-5d65-86ae-244c7f68645e,9e7553f8-557c-4bfe-831a-f5aab065ff0f,native_text,score,source_provided,True,True,2.00,2.00,matched,benchmark/results/v2/t160-retest-20261003/quality/runs/t160-quality-20261002T182955Z-75789e35-12-IMP-MIXED-r3/result.json
t160-quality-20261002T182955Z-75789e35-12-IMP-MIXED-r3,IMP-MIXED,3,automatic,1faa8619-84cc-5d65-86ae-244c7f68645e,9e7553f8-557c-4bfe-831a-f5aab065ff0f,native_text,scoring_rubric,known_missing,True,True,,,matched,benchmark/results/v2/t160-retest-20261003/quality/runs/t160-quality-20261002T182955Z-75789e35-12-IMP-MIXED-r3/result.json
t160-quality-20261002T182955Z-75789e35-12-IMP-MIXED-r3,IMP-MIXED,3,automatic,1faa8619-84cc-5d65-86ae-244c7f68645e,9e7553f8-557c-4bfe-831a-f5aab065ff0f,native_text,knowledge_points,known_missing,True,False,[],,matched,benchmark/results/v2/t160-retest-20261003/quality/runs/t160-quality-20261002T182955Z-75789e35-12-IMP-MIXED-r3/result.json
t160-quality-20261002T182955Z-75789e35-12-IMP-MIXED-r3,IMP-MIXED,3,automatic,1faa8619-84cc-5d65-86ae-244c7f68645e,9e7553f8-557c-4bfe-831a-f5aab065ff0f,native_text,source_regions,unknown,False,,,,reference_unknown,benchmark/results/v2/t160-retest-20261003/quality/runs/t160-quality-20261002T182955Z-75789e35-12-IMP-MIXED-r3/result.json
t160-quality-20261002T182955Z-75789e35-12-IMP-MIXED-r3,IMP-MIXED,3,automatic,1faa8619-84cc-5d65-86ae-244c7f68645e,9e7553f8-557c-4bfe-831a-f5aab065ff0f,native_text,assets,source_provided,True,False,[],,matched,benchmark/results/v2/t160-retest-20261003/quality/runs/t160-quality-20261002T182955Z-75789e35-12-IMP-MIXED-r3/result.json
t160-quality-20261002T182955Z-75789e35-12-IMP-MIXED-r3,IMP-MIXED,3,automatic,545de13f-3fe9-524b-a917-7ab04807806f,f88f3df3-9a93-41fb-a52e-419fc402bdce,native_text,question_number,source_provided,True,True,2,2,matched,benchmark/results/v2/t160-retest-20261003/quality/runs/t160-quality-20261002T182955Z-75789e35-12-IMP-MIXED-r3/result.json
t160-quality-20261002T182955Z-75789e35-12-IMP-MIXED-r3,IMP-MIXED,3,automatic,545de13f-3fe9-524b-a917-7ab04807806f,f88f3df3-9a93-41fb-a52e-419fc402bdce,native_text,order_index,source_provided,True,True,2,2,matched,benchmark/results/v2/t160-retest-20261003/quality/runs/t160-quality-20261002T182955Z-75789e35-12-IMP-MIXED-r3/result.json
t160-quality-20261002T182955Z-75789e35-12-IMP-MIXED-r3,IMP-MIXED,3,automatic,545de13f-3fe9-524b-a917-7ab04807806f,f88f3df3-9a93-41fb-a52e-419fc402bdce,native_text,source_page_numbers,source_provided,True,True,[1],[1],matched,benchmark/results/v2/t160-retest-20261003/quality/runs/t160-quality-20261002T182955Z-75789e35-12-IMP-MIXED-r3/result.json
t160-quality-20261002T182955Z-75789e35-12-IMP-MIXED-r3,IMP-MIXED,3,automatic,545de13f-3fe9-524b-a917-7ab04807806f,f88f3df3-9a93-41fb-a52e-419fc402bdce,native_text,question_type,source_provided,True,True,TRUE_FALSE,TRUE_FALSE,matched,benchmark/results/v2/t160-retest-20261003/quality/runs/t160-quality-20261002T182955Z-75789e35-12-IMP-MIXED-r3/result.json
t160-quality-20261002T182955Z-75789e35-12-IMP-MIXED-r3,IMP-MIXED,3,automatic,545de13f-3fe9-524b-a917-7ab04807806f,f88f3df3-9a93-41fb-a52e-419fc402bdce,native_text,content,source_provided,True,True,右图三角形面积为 24 cm²。,右图三角形面积为 24 cm²。,matched,benchmark/results/v2/t160-retest-20261003/quality/runs/t160-quality-20261002T182955Z-75789e35-12-IMP-MIXED-r3/result.json
t160-quality-20261002T182955Z-75789e35-12-IMP-MIXED-r3,IMP-MIXED,3,automatic,545de13f-3fe9-524b-a917-7ab04807806f,f88f3df3-9a93-41fb-a52e-419fc402bdce,native_text,options,source_provided,True,True,"[""正确"", ""错误""]","[""正确"", ""错误""]",matched,benchmark/results/v2/t160-retest-20261003/quality/runs/t160-quality-20261002T182955Z-75789e35-12-IMP-MIXED-r3/result.json
t160-quality-20261002T182955Z-75789e35-12-IMP-MIXED-r3,IMP-MIXED,3,automatic,545de13f-3fe9-524b-a917-7ab04807806f,f88f3df3-9a93-41fb-a52e-419fc402bdce,native_text,reference_answer,known_missing,True,True,,,matched,benchmark/results/v2/t160-retest-20261003/quality/runs/t160-quality-20261002T182955Z-75789e35-12-IMP-MIXED-r3/result.json
t160-quality-20261002T182955Z-75789e35-12-IMP-MIXED-r3,IMP-MIXED,3,automatic,545de13f-3fe9-524b-a917-7ab04807806f,f88f3df3-9a93-41fb-a52e-419fc402bdce,native_text,analysis,known_missing,True,True,,,matched,benchmark/results/v2/t160-retest-20261003/quality/runs/t160-quality-20261002T182955Z-75789e35-12-IMP-MIXED-r3/result.json
t160-quality-20261002T182955Z-75789e35-12-IMP-MIXED-r3,IMP-MIXED,3,automatic,545de13f-3fe9-524b-a917-7ab04807806f,f88f3df3-9a93-41fb-a52e-419fc402bdce,native_text,score,source_provided,True,True,2.00,2.00,matched,benchmark/results/v2/t160-retest-20261003/quality/runs/t160-quality-20261002T182955Z-75789e35-12-IMP-MIXED-r3/result.json
t160-quality-20261002T182955Z-75789e35-12-IMP-MIXED-r3,IMP-MIXED,3,automatic,545de13f-3fe9-524b-a917-7ab04807806f,f88f3df3-9a93-41fb-a52e-419fc402bdce,native_text,scoring_rubric,known_missing,True,True,,,matched,benchmark/results/v2/t160-retest-20261003/quality/runs/t160-quality-20261002T182955Z-75789e35-12-IMP-MIXED-r3/result.json
t160-quality-20261002T182955Z-75789e35-12-IMP-MIXED-r3,IMP-MIXED,3,automatic,545de13f-3fe9-524b-a917-7ab04807806f,f88f3df3-9a93-41fb-a52e-419fc402bdce,native_text,knowledge_points,known_missing,True,False,[],,matched,benchmark/results/v2/t160-retest-20261003/quality/runs/t160-quality-20261002T182955Z-75789e35-12-IMP-MIXED-r3/result.json
t160-quality-20261002T182955Z-75789e35-12-IMP-MIXED-r3,IMP-MIXED,3,automatic,545de13f-3fe9-524b-a917-7ab04807806f,f88f3df3-9a93-41fb-a52e-419fc402bdce,native_text,source_regions,unknown,False,,,,reference_unknown,benchmark/results/v2/t160-retest-20261003/quality/runs/t160-quality-20261002T182955Z-75789e35-12-IMP-MIXED-r3/result.json
t160-quality-20261002T182955Z-75789e35-12-IMP-MIXED-r3,IMP-MIXED,3,automatic,545de13f-3fe9-524b-a917-7ab04807806f,f88f3df3-9a93-41fb-a52e-419fc402bdce,native_text,assets,source_provided,True,False,"[{""asset_type"": ""figure"", ""source_page_number"": 1, ""order_index"": 1}]",,matched,benchmark/results/v2/t160-retest-20261003/quality/runs/t160-quality-20261002T182955Z-75789e35-12-IMP-MIXED-r3/result.json
t160-quality-20261002T182955Z-75789e35-12-IMP-MIXED-r3,IMP-MIXED,3,automatic,85533f46-eb86-5893-8742-33939e77750f,f79fd0b2-c846-49d5-9f8d-d6fe5f31e31c,native_text,question_number,source_provided,True,True,3,3,matched,benchmark/results/v2/t160-retest-20261003/quality/runs/t160-quality-20261002T182955Z-75789e35-12-IMP-MIXED-r3/result.json
t160-quality-20261002T182955Z-75789e35-12-IMP-MIXED-r3,IMP-MIXED,3,automatic,85533f46-eb86-5893-8742-33939e77750f,f79fd0b2-c846-49d5-9f8d-d6fe5f31e31c,native_text,order_index,source_provided,True,True,3,3,matched,benchmark/results/v2/t160-retest-20261003/quality/runs/t160-quality-20261002T182955Z-75789e35-12-IMP-MIXED-r3/result.json
t160-quality-20261002T182955Z-75789e35-12-IMP-MIXED-r3,IMP-MIXED,3,automatic,85533f46-eb86-5893-8742-33939e77750f,f79fd0b2-c846-49d5-9f8d-d6fe5f31e31c,native_text,source_page_numbers,source_provided,True,True,[1],[1],matched,benchmark/results/v2/t160-retest-20261003/quality/runs/t160-quality-20261002T182955Z-75789e35-12-IMP-MIXED-r3/result.json
t160-quality-20261002T182955Z-75789e35-12-IMP-MIXED-r3,IMP-MIXED,3,automatic,85533f46-eb86-5893-8742-33939e77750f,f79fd0b2-c846-49d5-9f8d-d6fe5f31e31c,native_text,question_type,source_provided,True,True,SHORT_ANSWER,SHORT_ANSWER,matched,benchmark/results/v2/t160-retest-20261003/quality/runs/t160-quality-20261002T182955Z-75789e35-12-IMP-MIXED-r3/result.json
t160-quality-20261002T182955Z-75789e35-12-IMP-MIXED-r3,IMP-MIXED,3,automatic,85533f46-eb86-5893-8742-33939e77750f,f79fd0b2-c846-49d5-9f8d-d6fe5f31e31c,native_text,content,source_provided,True,True,根据下表写出 y 关于 x 的关系式。,根据下表写出 y 关于 x 的关系式。,matched,benchmark/results/v2/t160-retest-20261003/quality/runs/t160-quality-20261002T182955Z-75789e35-12-IMP-MIXED-r3/result.json
t160-quality-20261002T182955Z-75789e35-12-IMP-MIXED-r3,IMP-MIXED,3,automatic,85533f46-eb86-5893-8742-33939e77750f,f79fd0b2-c846-49d5-9f8d-d6fe5f31e31c,native_text,options,not_applicable,True,True,,,matched,benchmark/results/v2/t160-retest-20261003/quality/runs/t160-quality-20261002T182955Z-75789e35-12-IMP-MIXED-r3/result.json
t160-quality-20261002T182955Z-75789e35-12-IMP-MIXED-r3,IMP-MIXED,3,automatic,85533f46-eb86-5893-8742-33939e77750f,f79fd0b2-c846-49d5-9f8d-d6fe5f31e31c,native_text,reference_answer,known_missing,True,True,,,matched,benchmark/results/v2/t160-retest-20261003/quality/runs/t160-quality-20261002T182955Z-75789e35-12-IMP-MIXED-r3/result.json
t160-quality-20261002T182955Z-75789e35-12-IMP-MIXED-r3,IMP-MIXED,3,automatic,85533f46-eb86-5893-8742-33939e77750f,f79fd0b2-c846-49d5-9f8d-d6fe5f31e31c,native_text,analysis,known_missing,True,True,,,matched,benchmark/results/v2/t160-retest-20261003/quality/runs/t160-quality-20261002T182955Z-75789e35-12-IMP-MIXED-r3/result.json
t160-quality-20261002T182955Z-75789e35-12-IMP-MIXED-r3,IMP-MIXED,3,automatic,85533f46-eb86-5893-8742-33939e77750f,f79fd0b2-c846-49d5-9f8d-d6fe5f31e31c,native_text,score,source_provided,True,True,3.00,3.00,matched,benchmark/results/v2/t160-retest-20261003/quality/runs/t160-quality-20261002T182955Z-75789e35-12-IMP-MIXED-r3/result.json
t160-quality-20261002T182955Z-75789e35-12-IMP-MIXED-r3,IMP-MIXED,3,automatic,85533f46-eb86-5893-8742-33939e77750f,f79fd0b2-c846-49d5-9f8d-d6fe5f31e31c,native_text,scoring_rubric,source_provided,True,True,正确关系式 1.00；说明代入过程 2.00。,正确关系式 1.00；说明代入过程 2.00。,matched,benchmark/results/v2/t160-retest-20261003/quality/runs/t160-quality-20261002T182955Z-75789e35-12-IMP-MIXED-r3/result.json
t160-quality-20261002T182955Z-75789e35-12-IMP-MIXED-r3,IMP-MIXED,3,automatic,85533f46-eb86-5893-8742-33939e77750f,f79fd0b2-c846-49d5-9f8d-d6fe5f31e31c,native_text,knowledge_points,source_provided,True,True,"[""一次函数"", ""表达与计算""]","[""一次函数"", ""表达与计算""]",matched,benchmark/results/v2/t160-retest-20261003/quality/runs/t160-quality-20261002T182955Z-75789e35-12-IMP-MIXED-r3/result.json
t160-quality-20261002T182955Z-75789e35-12-IMP-MIXED-r3,IMP-MIXED,3,automatic,85533f46-eb86-5893-8742-33939e77750f,f79fd0b2-c846-49d5-9f8d-d6fe5f31e31c,native_text,source_regions,unknown,False,,,,reference_unknown,benchmark/results/v2/t160-retest-20261003/quality/runs/t160-quality-20261002T182955Z-75789e35-12-IMP-MIXED-r3/result.json
t160-quality-20261002T182955Z-75789e35-12-IMP-MIXED-r3,IMP-MIXED,3,automatic,85533f46-eb86-5893-8742-33939e77750f,f79fd0b2-c846-49d5-9f8d-d6fe5f31e31c,native_text,assets,source_provided,True,False,"[{""asset_type"": ""table"", ""source_page_number"": 1, ""order_index"": 1}]",,matched,benchmark/results/v2/t160-retest-20261003/quality/runs/t160-quality-20261002T182955Z-75789e35-12-IMP-MIXED-r3/result.json
t160-quality-20261002T182955Z-75789e35-12-IMP-MIXED-r3,IMP-MIXED,3,automatic,0fa8d57e-58c2-5aa4-b8cd-e52e96380a38,42813690-e69b-4b5c-bf2b-2c7d3bb7b1da,ocr_required,question_number,source_provided,True,True,4,4,matched,benchmark/results/v2/t160-retest-20261003/quality/runs/t160-quality-20261002T182955Z-75789e35-12-IMP-MIXED-r3/result.json
t160-quality-20261002T182955Z-75789e35-12-IMP-MIXED-r3,IMP-MIXED,3,automatic,0fa8d57e-58c2-5aa4-b8cd-e52e96380a38,42813690-e69b-4b5c-bf2b-2c7d3bb7b1da,ocr_required,order_index,source_provided,True,True,4,4,matched,benchmark/results/v2/t160-retest-20261003/quality/runs/t160-quality-20261002T182955Z-75789e35-12-IMP-MIXED-r3/result.json
t160-quality-20261002T182955Z-75789e35-12-IMP-MIXED-r3,IMP-MIXED,3,automatic,0fa8d57e-58c2-5aa4-b8cd-e52e96380a38,42813690-e69b-4b5c-bf2b-2c7d3bb7b1da,ocr_required,source_page_numbers,source_provided,True,True,[2],[2],matched,benchmark/results/v2/t160-retest-20261003/quality/runs/t160-quality-20261002T182955Z-75789e35-12-IMP-MIXED-r3/result.json
t160-quality-20261002T182955Z-75789e35-12-IMP-MIXED-r3,IMP-MIXED,3,automatic,0fa8d57e-58c2-5aa4-b8cd-e52e96380a38,42813690-e69b-4b5c-bf2b-2c7d3bb7b1da,ocr_required,question_type,source_provided,True,True,SINGLE_CHOICE,SINGLE_CHOICE,matched,benchmark/results/v2/t160-retest-20261003/quality/runs/t160-quality-20261002T182955Z-75789e35-12-IMP-MIXED-r3/result.json
t160-quality-20261002T182955Z-75789e35-12-IMP-MIXED-r3,IMP-MIXED,3,automatic,0fa8d57e-58c2-5aa4-b8cd-e52e96380a38,42813690-e69b-4b5c-bf2b-2c7d3bb7b1da,ocr_required,content,source_provided,True,False,y = 2x + 1，x = 3 时 y 为多少？,y= 2x +1，x = 3 时y为多少？,matched,benchmark/results/v2/t160-retest-20261003/quality/runs/t160-quality-20261002T182955Z-75789e35-12-IMP-MIXED-r3/result.json
t160-quality-20261002T182955Z-75789e35-12-IMP-MIXED-r3,IMP-MIXED,3,automatic,0fa8d57e-58c2-5aa4-b8cd-e52e96380a38,42813690-e69b-4b5c-bf2b-2c7d3bb7b1da,ocr_required,options,source_provided,True,True,"{""C"": ""7"", ""A"": ""5"", ""B"": ""6"", ""D"": ""8""}","{""C"": ""7"", ""A"": ""5"", ""B"": ""6"", ""D"": ""8""}",matched,benchmark/results/v2/t160-retest-20261003/quality/runs/t160-quality-20261002T182955Z-75789e35-12-IMP-MIXED-r3/result.json
t160-quality-20261002T182955Z-75789e35-12-IMP-MIXED-r3,IMP-MIXED,3,automatic,0fa8d57e-58c2-5aa4-b8cd-e52e96380a38,42813690-e69b-4b5c-bf2b-2c7d3bb7b1da,ocr_required,reference_answer,source_provided,True,True,C,C,matched,benchmark/results/v2/t160-retest-20261003/quality/runs/t160-quality-20261002T182955Z-75789e35-12-IMP-MIXED-r3/result.json
t160-quality-20261002T182955Z-75789e35-12-IMP-MIXED-r3,IMP-MIXED,3,automatic,0fa8d57e-58c2-5aa4-b8cd-e52e96380a38,42813690-e69b-4b5c-bf2b-2c7d3bb7b1da,ocr_required,analysis,source_provided,True,False,2 × 3 + 1 = 7。,2 × 3 +1=7。,matched,benchmark/results/v2/t160-retest-20261003/quality/runs/t160-quality-20261002T182955Z-75789e35-12-IMP-MIXED-r3/result.json
t160-quality-20261002T182955Z-75789e35-12-IMP-MIXED-r3,IMP-MIXED,3,automatic,0fa8d57e-58c2-5aa4-b8cd-e52e96380a38,42813690-e69b-4b5c-bf2b-2c7d3bb7b1da,ocr_required,score,source_provided,True,True,2.00,2.00,matched,benchmark/results/v2/t160-retest-20261003/quality/runs/t160-quality-20261002T182955Z-75789e35-12-IMP-MIXED-r3/result.json
t160-quality-20261002T182955Z-75789e35-12-IMP-MIXED-r3,IMP-MIXED,3,automatic,0fa8d57e-58c2-5aa4-b8cd-e52e96380a38,42813690-e69b-4b5c-bf2b-2c7d3bb7b1da,ocr_required,scoring_rubric,known_missing,True,True,,,matched,benchmark/results/v2/t160-retest-20261003/quality/runs/t160-quality-20261002T182955Z-75789e35-12-IMP-MIXED-r3/result.json
t160-quality-20261002T182955Z-75789e35-12-IMP-MIXED-r3,IMP-MIXED,3,automatic,0fa8d57e-58c2-5aa4-b8cd-e52e96380a38,42813690-e69b-4b5c-bf2b-2c7d3bb7b1da,ocr_required,knowledge_points,known_missing,True,False,[],,matched,benchmark/results/v2/t160-retest-20261003/quality/runs/t160-quality-20261002T182955Z-75789e35-12-IMP-MIXED-r3/result.json
t160-quality-20261002T182955Z-75789e35-12-IMP-MIXED-r3,IMP-MIXED,3,automatic,0fa8d57e-58c2-5aa4-b8cd-e52e96380a38,42813690-e69b-4b5c-bf2b-2c7d3bb7b1da,ocr_required,source_regions,unknown,False,,,,reference_unknown,benchmark/results/v2/t160-retest-20261003/quality/runs/t160-quality-20261002T182955Z-75789e35-12-IMP-MIXED-r3/result.json
t160-quality-20261002T182955Z-75789e35-12-IMP-MIXED-r3,IMP-MIXED,3,automatic,0fa8d57e-58c2-5aa4-b8cd-e52e96380a38,42813690-e69b-4b5c-bf2b-2c7d3bb7b1da,ocr_required,assets,source_provided,True,False,[],,matched,benchmark/results/v2/t160-retest-20261003/quality/runs/t160-quality-20261002T182955Z-75789e35-12-IMP-MIXED-r3/result.json
t160-quality-20261002T182955Z-75789e35-12-IMP-MIXED-r3,IMP-MIXED,3,automatic,455720b9-9061-5bce-83af-d6d53c6c84e1,d9a83dce-b38d-4de6-8c18-b909340bf8a4,ocr_required,question_number,source_provided,True,True,5,5,matched,benchmark/results/v2/t160-retest-20261003/quality/runs/t160-quality-20261002T182955Z-75789e35-12-IMP-MIXED-r3/result.json
t160-quality-20261002T182955Z-75789e35-12-IMP-MIXED-r3,IMP-MIXED,3,automatic,455720b9-9061-5bce-83af-d6d53c6c84e1,d9a83dce-b38d-4de6-8c18-b909340bf8a4,ocr_required,order_index,source_provided,True,True,5,5,matched,benchmark/results/v2/t160-retest-20261003/quality/runs/t160-quality-20261002T182955Z-75789e35-12-IMP-MIXED-r3/result.json
t160-quality-20261002T182955Z-75789e35-12-IMP-MIXED-r3,IMP-MIXED,3,automatic,455720b9-9061-5bce-83af-d6d53c6c84e1,d9a83dce-b38d-4de6-8c18-b909340bf8a4,ocr_required,source_page_numbers,source_provided,True,True,[2],[2],matched,benchmark/results/v2/t160-retest-20261003/quality/runs/t160-quality-20261002T182955Z-75789e35-12-IMP-MIXED-r3/result.json
t160-quality-20261002T182955Z-75789e35-12-IMP-MIXED-r3,IMP-MIXED,3,automatic,455720b9-9061-5bce-83af-d6d53c6c84e1,d9a83dce-b38d-4de6-8c18-b909340bf8a4,ocr_required,question_type,source_provided,True,True,TRUE_FALSE,TRUE_FALSE,matched,benchmark/results/v2/t160-retest-20261003/quality/runs/t160-quality-20261002T182955Z-75789e35-12-IMP-MIXED-r3/result.json
t160-quality-20261002T182955Z-75789e35-12-IMP-MIXED-r3,IMP-MIXED,3,automatic,455720b9-9061-5bce-83af-d6d53c6c84e1,d9a83dce-b38d-4de6-8c18-b909340bf8a4,ocr_required,content,source_provided,True,False,右图三角形面积为 24 cm²。,右图三角形面积为24cm2。,matched,benchmark/results/v2/t160-retest-20261003/quality/runs/t160-quality-20261002T182955Z-75789e35-12-IMP-MIXED-r3/result.json
t160-quality-20261002T182955Z-75789e35-12-IMP-MIXED-r3,IMP-MIXED,3,automatic,455720b9-9061-5bce-83af-d6d53c6c84e1,d9a83dce-b38d-4de6-8c18-b909340bf8a4,ocr_required,options,source_provided,True,True,"[""正确"", ""错误""]","[""正确"", ""错误""]",matched,benchmark/results/v2/t160-retest-20261003/quality/runs/t160-quality-20261002T182955Z-75789e35-12-IMP-MIXED-r3/result.json
t160-quality-20261002T182955Z-75789e35-12-IMP-MIXED-r3,IMP-MIXED,3,automatic,455720b9-9061-5bce-83af-d6d53c6c84e1,d9a83dce-b38d-4de6-8c18-b909340bf8a4,ocr_required,reference_answer,known_missing,True,True,,,matched,benchmark/results/v2/t160-retest-20261003/quality/runs/t160-quality-20261002T182955Z-75789e35-12-IMP-MIXED-r3/result.json
t160-quality-20261002T182955Z-75789e35-12-IMP-MIXED-r3,IMP-MIXED,3,automatic,455720b9-9061-5bce-83af-d6d53c6c84e1,d9a83dce-b38d-4de6-8c18-b909340bf8a4,ocr_required,analysis,known_missing,True,True,,,matched,benchmark/results/v2/t160-retest-20261003/quality/runs/t160-quality-20261002T182955Z-75789e35-12-IMP-MIXED-r3/result.json
t160-quality-20261002T182955Z-75789e35-12-IMP-MIXED-r3,IMP-MIXED,3,automatic,455720b9-9061-5bce-83af-d6d53c6c84e1,d9a83dce-b38d-4de6-8c18-b909340bf8a4,ocr_required,score,source_provided,True,True,2.00,2.00,matched,benchmark/results/v2/t160-retest-20261003/quality/runs/t160-quality-20261002T182955Z-75789e35-12-IMP-MIXED-r3/result.json
t160-quality-20261002T182955Z-75789e35-12-IMP-MIXED-r3,IMP-MIXED,3,automatic,455720b9-9061-5bce-83af-d6d53c6c84e1,d9a83dce-b38d-4de6-8c18-b909340bf8a4,ocr_required,scoring_rubric,known_missing,True,True,,,matched,benchmark/results/v2/t160-retest-20261003/quality/runs/t160-quality-20261002T182955Z-75789e35-12-IMP-MIXED-r3/result.json
t160-quality-20261002T182955Z-75789e35-12-IMP-MIXED-r3,IMP-MIXED,3,automatic,455720b9-9061-5bce-83af-d6d53c6c84e1,d9a83dce-b38d-4de6-8c18-b909340bf8a4,ocr_required,knowledge_points,known_missing,True,False,[],,matched,benchmark/results/v2/t160-retest-20261003/quality/runs/t160-quality-20261002T182955Z-75789e35-12-IMP-MIXED-r3/result.json
t160-quality-20261002T182955Z-75789e35-12-IMP-MIXED-r3,IMP-MIXED,3,automatic,455720b9-9061-5bce-83af-d6d53c6c84e1,d9a83dce-b38d-4de6-8c18-b909340bf8a4,ocr_required,source_regions,unknown,False,,,,reference_unknown,benchmark/results/v2/t160-retest-20261003/quality/runs/t160-quality-20261002T182955Z-75789e35-12-IMP-MIXED-r3/result.json
t160-quality-20261002T182955Z-75789e35-12-IMP-MIXED-r3,IMP-MIXED,3,automatic,455720b9-9061-5bce-83af-d6d53c6c84e1,d9a83dce-b38d-4de6-8c18-b909340bf8a4,ocr_required,assets,source_provided,True,False,"[{""asset_type"": ""figure"", ""source_page_number"": 2, ""order_index"": 1}]",,matched,benchmark/results/v2/t160-retest-20261003/quality/runs/t160-quality-20261002T182955Z-75789e35-12-IMP-MIXED-r3/result.json
t160-quality-20261002T182955Z-75789e35-12-IMP-MIXED-r3,IMP-MIXED,3,automatic,bf862f8d-df39-5559-bab5-d942fccb2432,46b4828c-323a-4396-a9e1-c473bc706440,ocr_required,question_number,source_provided,True,True,6,6,matched,benchmark/results/v2/t160-retest-20261003/quality/runs/t160-quality-20261002T182955Z-75789e35-12-IMP-MIXED-r3/result.json
t160-quality-20261002T182955Z-75789e35-12-IMP-MIXED-r3,IMP-MIXED,3,automatic,bf862f8d-df39-5559-bab5-d942fccb2432,46b4828c-323a-4396-a9e1-c473bc706440,ocr_required,order_index,source_provided,True,True,6,6,matched,benchmark/results/v2/t160-retest-20261003/quality/runs/t160-quality-20261002T182955Z-75789e35-12-IMP-MIXED-r3/result.json
t160-quality-20261002T182955Z-75789e35-12-IMP-MIXED-r3,IMP-MIXED,3,automatic,bf862f8d-df39-5559-bab5-d942fccb2432,46b4828c-323a-4396-a9e1-c473bc706440,ocr_required,source_page_numbers,source_provided,True,True,[2],[2],matched,benchmark/results/v2/t160-retest-20261003/quality/runs/t160-quality-20261002T182955Z-75789e35-12-IMP-MIXED-r3/result.json
t160-quality-20261002T182955Z-75789e35-12-IMP-MIXED-r3,IMP-MIXED,3,automatic,bf862f8d-df39-5559-bab5-d942fccb2432,46b4828c-323a-4396-a9e1-c473bc706440,ocr_required,question_type,source_provided,True,True,SHORT_ANSWER,SHORT_ANSWER,matched,benchmark/results/v2/t160-retest-20261003/quality/runs/t160-quality-20261002T182955Z-75789e35-12-IMP-MIXED-r3/result.json
t160-quality-20261002T182955Z-75789e35-12-IMP-MIXED-r3,IMP-MIXED,3,automatic,bf862f8d-df39-5559-bab5-d942fccb2432,46b4828c-323a-4396-a9e1-c473bc706440,ocr_required,content,source_provided,True,False,根据下表写出 y 关于 x 的关系式。,根据下表写出y关于x的关系式。,matched,benchmark/results/v2/t160-retest-20261003/quality/runs/t160-quality-20261002T182955Z-75789e35-12-IMP-MIXED-r3/result.json
t160-quality-20261002T182955Z-75789e35-12-IMP-MIXED-r3,IMP-MIXED,3,automatic,bf862f8d-df39-5559-bab5-d942fccb2432,46b4828c-323a-4396-a9e1-c473bc706440,ocr_required,options,not_applicable,True,True,,,matched,benchmark/results/v2/t160-retest-20261003/quality/runs/t160-quality-20261002T182955Z-75789e35-12-IMP-MIXED-r3/result.json
t160-quality-20261002T182955Z-75789e35-12-IMP-MIXED-r3,IMP-MIXED,3,automatic,bf862f8d-df39-5559-bab5-d942fccb2432,46b4828c-323a-4396-a9e1-c473bc706440,ocr_required,reference_answer,known_missing,True,True,,,matched,benchmark/results/v2/t160-retest-20261003/quality/runs/t160-quality-20261002T182955Z-75789e35-12-IMP-MIXED-r3/result.json
t160-quality-20261002T182955Z-75789e35-12-IMP-MIXED-r3,IMP-MIXED,3,automatic,bf862f8d-df39-5559-bab5-d942fccb2432,46b4828c-323a-4396-a9e1-c473bc706440,ocr_required,analysis,known_missing,True,True,,,matched,benchmark/results/v2/t160-retest-20261003/quality/runs/t160-quality-20261002T182955Z-75789e35-12-IMP-MIXED-r3/result.json
t160-quality-20261002T182955Z-75789e35-12-IMP-MIXED-r3,IMP-MIXED,3,automatic,bf862f8d-df39-5559-bab5-d942fccb2432,46b4828c-323a-4396-a9e1-c473bc706440,ocr_required,score,source_provided,True,True,3.00,3.00,matched,benchmark/results/v2/t160-retest-20261003/quality/runs/t160-quality-20261002T182955Z-75789e35-12-IMP-MIXED-r3/result.json
t160-quality-20261002T182955Z-75789e35-12-IMP-MIXED-r3,IMP-MIXED,3,automatic,bf862f8d-df39-5559-bab5-d942fccb2432,46b4828c-323a-4396-a9e1-c473bc706440,ocr_required,scoring_rubric,source_provided,True,False,正确关系式 1.00；说明代入过程 2.00。,正确关系式1.00；说明代入过程2.00。,matched,benchmark/results/v2/t160-retest-20261003/quality/runs/t160-quality-20261002T182955Z-75789e35-12-IMP-MIXED-r3/result.json
t160-quality-20261002T182955Z-75789e35-12-IMP-MIXED-r3,IMP-MIXED,3,automatic,bf862f8d-df39-5559-bab5-d942fccb2432,46b4828c-323a-4396-a9e1-c473bc706440,ocr_required,knowledge_points,source_provided,True,True,"[""一次函数"", ""表达与计算""]","[""一次函数"", ""表达与计算""]",matched,benchmark/results/v2/t160-retest-20261003/quality/runs/t160-quality-20261002T182955Z-75789e35-12-IMP-MIXED-r3/result.json
t160-quality-20261002T182955Z-75789e35-12-IMP-MIXED-r3,IMP-MIXED,3,automatic,bf862f8d-df39-5559-bab5-d942fccb2432,46b4828c-323a-4396-a9e1-c473bc706440,ocr_required,source_regions,unknown,False,,,,reference_unknown,benchmark/results/v2/t160-retest-20261003/quality/runs/t160-quality-20261002T182955Z-75789e35-12-IMP-MIXED-r3/result.json
t160-quality-20261002T182955Z-75789e35-12-IMP-MIXED-r3,IMP-MIXED,3,automatic,bf862f8d-df39-5559-bab5-d942fccb2432,46b4828c-323a-4396-a9e1-c473bc706440,ocr_required,assets,source_provided,True,False,"[{""asset_type"": ""table"", ""source_page_number"": 2, ""order_index"": 1}]",,matched,benchmark/results/v2/t160-retest-20261003/quality/runs/t160-quality-20261002T182955Z-75789e35-12-IMP-MIXED-r3/result.json
t160-quality-20261002T182955Z-75789e35-12-IMP-MIXED-r3,IMP-MIXED,3,assisted_corrected,1faa8619-84cc-5d65-86ae-244c7f68645e,9e7553f8-557c-4bfe-831a-f5aab065ff0f,native_text,question_number,source_provided,True,True,1,1,matched,benchmark/results/v2/t160-retest-20261003/quality/runs/t160-quality-20261002T182955Z-75789e35-12-IMP-MIXED-r3/result.json
t160-quality-20261002T182955Z-75789e35-12-IMP-MIXED-r3,IMP-MIXED,3,assisted_corrected,1faa8619-84cc-5d65-86ae-244c7f68645e,9e7553f8-557c-4bfe-831a-f5aab065ff0f,native_text,order_index,source_provided,True,True,1,1,matched,benchmark/results/v2/t160-retest-20261003/quality/runs/t160-quality-20261002T182955Z-75789e35-12-IMP-MIXED-r3/result.json
t160-quality-20261002T182955Z-75789e35-12-IMP-MIXED-r3,IMP-MIXED,3,assisted_corrected,1faa8619-84cc-5d65-86ae-244c7f68645e,9e7553f8-557c-4bfe-831a-f5aab065ff0f,native_text,source_page_numbers,source_provided,True,True,[1],[1],matched,benchmark/results/v2/t160-retest-20261003/quality/runs/t160-quality-20261002T182955Z-75789e35-12-IMP-MIXED-r3/result.json
t160-quality-20261002T182955Z-75789e35-12-IMP-MIXED-r3,IMP-MIXED,3,assisted_corrected,1faa8619-84cc-5d65-86ae-244c7f68645e,9e7553f8-557c-4bfe-831a-f5aab065ff0f,native_text,question_type,source_provided,True,True,SINGLE_CHOICE,SINGLE_CHOICE,matched,benchmark/results/v2/t160-retest-20261003/quality/runs/t160-quality-20261002T182955Z-75789e35-12-IMP-MIXED-r3/result.json
t160-quality-20261002T182955Z-75789e35-12-IMP-MIXED-r3,IMP-MIXED,3,assisted_corrected,1faa8619-84cc-5d65-86ae-244c7f68645e,9e7553f8-557c-4bfe-831a-f5aab065ff0f,native_text,content,source_provided,True,True,y = 2x + 1，x = 3 时 y 为多少？,y = 2x + 1，x = 3 时 y 为多少？,matched,benchmark/results/v2/t160-retest-20261003/quality/runs/t160-quality-20261002T182955Z-75789e35-12-IMP-MIXED-r3/result.json
t160-quality-20261002T182955Z-75789e35-12-IMP-MIXED-r3,IMP-MIXED,3,assisted_corrected,1faa8619-84cc-5d65-86ae-244c7f68645e,9e7553f8-557c-4bfe-831a-f5aab065ff0f,native_text,options,source_provided,True,True,"{""C"": ""7"", ""A"": ""5"", ""B"": ""6"", ""D"": ""8""}","{""C"": ""7"", ""A"": ""5"", ""B"": ""6"", ""D"": ""8""}",matched,benchmark/results/v2/t160-retest-20261003/quality/runs/t160-quality-20261002T182955Z-75789e35-12-IMP-MIXED-r3/result.json
t160-quality-20261002T182955Z-75789e35-12-IMP-MIXED-r3,IMP-MIXED,3,assisted_corrected,1faa8619-84cc-5d65-86ae-244c7f68645e,9e7553f8-557c-4bfe-831a-f5aab065ff0f,native_text,reference_answer,source_provided,True,True,C,C,matched,benchmark/results/v2/t160-retest-20261003/quality/runs/t160-quality-20261002T182955Z-75789e35-12-IMP-MIXED-r3/result.json
t160-quality-20261002T182955Z-75789e35-12-IMP-MIXED-r3,IMP-MIXED,3,assisted_corrected,1faa8619-84cc-5d65-86ae-244c7f68645e,9e7553f8-557c-4bfe-831a-f5aab065ff0f,native_text,analysis,source_provided,True,True,2 × 3 + 1 = 7。,2 × 3 + 1 = 7。,matched,benchmark/results/v2/t160-retest-20261003/quality/runs/t160-quality-20261002T182955Z-75789e35-12-IMP-MIXED-r3/result.json
t160-quality-20261002T182955Z-75789e35-12-IMP-MIXED-r3,IMP-MIXED,3,assisted_corrected,1faa8619-84cc-5d65-86ae-244c7f68645e,9e7553f8-557c-4bfe-831a-f5aab065ff0f,native_text,score,source_provided,True,True,2.00,2.00,matched,benchmark/results/v2/t160-retest-20261003/quality/runs/t160-quality-20261002T182955Z-75789e35-12-IMP-MIXED-r3/result.json
t160-quality-20261002T182955Z-75789e35-12-IMP-MIXED-r3,IMP-MIXED,3,assisted_corrected,1faa8619-84cc-5d65-86ae-244c7f68645e,9e7553f8-557c-4bfe-831a-f5aab065ff0f,native_text,scoring_rubric,known_missing,True,True,,,matched,benchmark/results/v2/t160-retest-20261003/quality/runs/t160-quality-20261002T182955Z-75789e35-12-IMP-MIXED-r3/result.json
t160-quality-20261002T182955Z-75789e35-12-IMP-MIXED-r3,IMP-MIXED,3,assisted_corrected,1faa8619-84cc-5d65-86ae-244c7f68645e,9e7553f8-557c-4bfe-831a-f5aab065ff0f,native_text,knowledge_points,known_missing,True,True,[],[],matched,benchmark/results/v2/t160-retest-20261003/quality/runs/t160-quality-20261002T182955Z-75789e35-12-IMP-MIXED-r3/result.json
t160-quality-20261002T182955Z-75789e35-12-IMP-MIXED-r3,IMP-MIXED,3,assisted_corrected,1faa8619-84cc-5d65-86ae-244c7f68645e,9e7553f8-557c-4bfe-831a-f5aab065ff0f,native_text,source_regions,unknown,False,,,,reference_unknown,benchmark/results/v2/t160-retest-20261003/quality/runs/t160-quality-20261002T182955Z-75789e35-12-IMP-MIXED-r3/result.json
t160-quality-20261002T182955Z-75789e35-12-IMP-MIXED-r3,IMP-MIXED,3,assisted_corrected,1faa8619-84cc-5d65-86ae-244c7f68645e,9e7553f8-557c-4bfe-831a-f5aab065ff0f,native_text,assets,source_provided,True,True,[],[],matched,benchmark/results/v2/t160-retest-20261003/quality/runs/t160-quality-20261002T182955Z-75789e35-12-IMP-MIXED-r3/result.json
t160-quality-20261002T182955Z-75789e35-12-IMP-MIXED-r3,IMP-MIXED,3,assisted_corrected,545de13f-3fe9-524b-a917-7ab04807806f,f88f3df3-9a93-41fb-a52e-419fc402bdce,native_text,question_number,source_provided,True,True,2,2,matched,benchmark/results/v2/t160-retest-20261003/quality/runs/t160-quality-20261002T182955Z-75789e35-12-IMP-MIXED-r3/result.json
t160-quality-20261002T182955Z-75789e35-12-IMP-MIXED-r3,IMP-MIXED,3,assisted_corrected,545de13f-3fe9-524b-a917-7ab04807806f,f88f3df3-9a93-41fb-a52e-419fc402bdce,native_text,order_index,source_provided,True,True,2,2,matched,benchmark/results/v2/t160-retest-20261003/quality/runs/t160-quality-20261002T182955Z-75789e35-12-IMP-MIXED-r3/result.json
t160-quality-20261002T182955Z-75789e35-12-IMP-MIXED-r3,IMP-MIXED,3,assisted_corrected,545de13f-3fe9-524b-a917-7ab04807806f,f88f3df3-9a93-41fb-a52e-419fc402bdce,native_text,source_page_numbers,source_provided,True,True,[1],[1],matched,benchmark/results/v2/t160-retest-20261003/quality/runs/t160-quality-20261002T182955Z-75789e35-12-IMP-MIXED-r3/result.json
t160-quality-20261002T182955Z-75789e35-12-IMP-MIXED-r3,IMP-MIXED,3,assisted_corrected,545de13f-3fe9-524b-a917-7ab04807806f,f88f3df3-9a93-41fb-a52e-419fc402bdce,native_text,question_type,source_provided,True,True,TRUE_FALSE,TRUE_FALSE,matched,benchmark/results/v2/t160-retest-20261003/quality/runs/t160-quality-20261002T182955Z-75789e35-12-IMP-MIXED-r3/result.json
t160-quality-20261002T182955Z-75789e35-12-IMP-MIXED-r3,IMP-MIXED,3,assisted_corrected,545de13f-3fe9-524b-a917-7ab04807806f,f88f3df3-9a93-41fb-a52e-419fc402bdce,native_text,content,source_provided,True,True,右图三角形面积为 24 cm²。,右图三角形面积为 24 cm²。,matched,benchmark/results/v2/t160-retest-20261003/quality/runs/t160-quality-20261002T182955Z-75789e35-12-IMP-MIXED-r3/result.json
t160-quality-20261002T182955Z-75789e35-12-IMP-MIXED-r3,IMP-MIXED,3,assisted_corrected,545de13f-3fe9-524b-a917-7ab04807806f,f88f3df3-9a93-41fb-a52e-419fc402bdce,native_text,options,source_provided,True,True,"[""正确"", ""错误""]","[""正确"", ""错误""]",matched,benchmark/results/v2/t160-retest-20261003/quality/runs/t160-quality-20261002T182955Z-75789e35-12-IMP-MIXED-r3/result.json
t160-quality-20261002T182955Z-75789e35-12-IMP-MIXED-r3,IMP-MIXED,3,assisted_corrected,545de13f-3fe9-524b-a917-7ab04807806f,f88f3df3-9a93-41fb-a52e-419fc402bdce,native_text,reference_answer,known_missing,True,True,,,matched,benchmark/results/v2/t160-retest-20261003/quality/runs/t160-quality-20261002T182955Z-75789e35-12-IMP-MIXED-r3/result.json
t160-quality-20261002T182955Z-75789e35-12-IMP-MIXED-r3,IMP-MIXED,3,assisted_corrected,545de13f-3fe9-524b-a917-7ab04807806f,f88f3df3-9a93-41fb-a52e-419fc402bdce,native_text,analysis,known_missing,True,True,,,matched,benchmark/results/v2/t160-retest-20261003/quality/runs/t160-quality-20261002T182955Z-75789e35-12-IMP-MIXED-r3/result.json
t160-quality-20261002T182955Z-75789e35-12-IMP-MIXED-r3,IMP-MIXED,3,assisted_corrected,545de13f-3fe9-524b-a917-7ab04807806f,f88f3df3-9a93-41fb-a52e-419fc402bdce,native_text,score,source_provided,True,True,2.00,2.00,matched,benchmark/results/v2/t160-retest-20261003/quality/runs/t160-quality-20261002T182955Z-75789e35-12-IMP-MIXED-r3/result.json
t160-quality-20261002T182955Z-75789e35-12-IMP-MIXED-r3,IMP-MIXED,3,assisted_corrected,545de13f-3fe9-524b-a917-7ab04807806f,f88f3df3-9a93-41fb-a52e-419fc402bdce,native_text,scoring_rubric,known_missing,True,True,,,matched,benchmark/results/v2/t160-retest-20261003/quality/runs/t160-quality-20261002T182955Z-75789e35-12-IMP-MIXED-r3/result.json
t160-quality-20261002T182955Z-75789e35-12-IMP-MIXED-r3,IMP-MIXED,3,assisted_corrected,545de13f-3fe9-524b-a917-7ab04807806f,f88f3df3-9a93-41fb-a52e-419fc402bdce,native_text,knowledge_points,known_missing,True,True,[],[],matched,benchmark/results/v2/t160-retest-20261003/quality/runs/t160-quality-20261002T182955Z-75789e35-12-IMP-MIXED-r3/result.json
t160-quality-20261002T182955Z-75789e35-12-IMP-MIXED-r3,IMP-MIXED,3,assisted_corrected,545de13f-3fe9-524b-a917-7ab04807806f,f88f3df3-9a93-41fb-a52e-419fc402bdce,native_text,source_regions,unknown,False,,,,reference_unknown,benchmark/results/v2/t160-retest-20261003/quality/runs/t160-quality-20261002T182955Z-75789e35-12-IMP-MIXED-r3/result.json
t160-quality-20261002T182955Z-75789e35-12-IMP-MIXED-r3,IMP-MIXED,3,assisted_corrected,545de13f-3fe9-524b-a917-7ab04807806f,f88f3df3-9a93-41fb-a52e-419fc402bdce,native_text,assets,source_provided,True,False,"[{""asset_type"": ""figure"", ""source_page_number"": 1, ""order_index"": 1}]",,matched,benchmark/results/v2/t160-retest-20261003/quality/runs/t160-quality-20261002T182955Z-75789e35-12-IMP-MIXED-r3/result.json
t160-quality-20261002T182955Z-75789e35-12-IMP-MIXED-r3,IMP-MIXED,3,assisted_corrected,85533f46-eb86-5893-8742-33939e77750f,f79fd0b2-c846-49d5-9f8d-d6fe5f31e31c,native_text,question_number,source_provided,True,True,3,3,matched,benchmark/results/v2/t160-retest-20261003/quality/runs/t160-quality-20261002T182955Z-75789e35-12-IMP-MIXED-r3/result.json
t160-quality-20261002T182955Z-75789e35-12-IMP-MIXED-r3,IMP-MIXED,3,assisted_corrected,85533f46-eb86-5893-8742-33939e77750f,f79fd0b2-c846-49d5-9f8d-d6fe5f31e31c,native_text,order_index,source_provided,True,True,3,3,matched,benchmark/results/v2/t160-retest-20261003/quality/runs/t160-quality-20261002T182955Z-75789e35-12-IMP-MIXED-r3/result.json
t160-quality-20261002T182955Z-75789e35-12-IMP-MIXED-r3,IMP-MIXED,3,assisted_corrected,85533f46-eb86-5893-8742-33939e77750f,f79fd0b2-c846-49d5-9f8d-d6fe5f31e31c,native_text,source_page_numbers,source_provided,True,True,[1],[1],matched,benchmark/results/v2/t160-retest-20261003/quality/runs/t160-quality-20261002T182955Z-75789e35-12-IMP-MIXED-r3/result.json
t160-quality-20261002T182955Z-75789e35-12-IMP-MIXED-r3,IMP-MIXED,3,assisted_corrected,85533f46-eb86-5893-8742-33939e77750f,f79fd0b2-c846-49d5-9f8d-d6fe5f31e31c,native_text,question_type,source_provided,True,True,SHORT_ANSWER,SHORT_ANSWER,matched,benchmark/results/v2/t160-retest-20261003/quality/runs/t160-quality-20261002T182955Z-75789e35-12-IMP-MIXED-r3/result.json
t160-quality-20261002T182955Z-75789e35-12-IMP-MIXED-r3,IMP-MIXED,3,assisted_corrected,85533f46-eb86-5893-8742-33939e77750f,f79fd0b2-c846-49d5-9f8d-d6fe5f31e31c,native_text,content,source_provided,True,True,根据下表写出 y 关于 x 的关系式。,根据下表写出 y 关于 x 的关系式。,matched,benchmark/results/v2/t160-retest-20261003/quality/runs/t160-quality-20261002T182955Z-75789e35-12-IMP-MIXED-r3/result.json
t160-quality-20261002T182955Z-75789e35-12-IMP-MIXED-r3,IMP-MIXED,3,assisted_corrected,85533f46-eb86-5893-8742-33939e77750f,f79fd0b2-c846-49d5-9f8d-d6fe5f31e31c,native_text,options,not_applicable,True,True,,,matched,benchmark/results/v2/t160-retest-20261003/quality/runs/t160-quality-20261002T182955Z-75789e35-12-IMP-MIXED-r3/result.json
t160-quality-20261002T182955Z-75789e35-12-IMP-MIXED-r3,IMP-MIXED,3,assisted_corrected,85533f46-eb86-5893-8742-33939e77750f,f79fd0b2-c846-49d5-9f8d-d6fe5f31e31c,native_text,reference_answer,known_missing,True,True,,,matched,benchmark/results/v2/t160-retest-20261003/quality/runs/t160-quality-20261002T182955Z-75789e35-12-IMP-MIXED-r3/result.json
t160-quality-20261002T182955Z-75789e35-12-IMP-MIXED-r3,IMP-MIXED,3,assisted_corrected,85533f46-eb86-5893-8742-33939e77750f,f79fd0b2-c846-49d5-9f8d-d6fe5f31e31c,native_text,analysis,known_missing,True,True,,,matched,benchmark/results/v2/t160-retest-20261003/quality/runs/t160-quality-20261002T182955Z-75789e35-12-IMP-MIXED-r3/result.json
t160-quality-20261002T182955Z-75789e35-12-IMP-MIXED-r3,IMP-MIXED,3,assisted_corrected,85533f46-eb86-5893-8742-33939e77750f,f79fd0b2-c846-49d5-9f8d-d6fe5f31e31c,native_text,score,source_provided,True,True,3.00,3.00,matched,benchmark/results/v2/t160-retest-20261003/quality/runs/t160-quality-20261002T182955Z-75789e35-12-IMP-MIXED-r3/result.json
t160-quality-20261002T182955Z-75789e35-12-IMP-MIXED-r3,IMP-MIXED,3,assisted_corrected,85533f46-eb86-5893-8742-33939e77750f,f79fd0b2-c846-49d5-9f8d-d6fe5f31e31c,native_text,scoring_rubric,source_provided,True,True,正确关系式 1.00；说明代入过程 2.00。,正确关系式 1.00；说明代入过程 2.00。,matched,benchmark/results/v2/t160-retest-20261003/quality/runs/t160-quality-20261002T182955Z-75789e35-12-IMP-MIXED-r3/result.json
t160-quality-20261002T182955Z-75789e35-12-IMP-MIXED-r3,IMP-MIXED,3,assisted_corrected,85533f46-eb86-5893-8742-33939e77750f,f79fd0b2-c846-49d5-9f8d-d6fe5f31e31c,native_text,knowledge_points,source_provided,True,True,"[""一次函数"", ""表达与计算""]","[""一次函数"", ""表达与计算""]",matched,benchmark/results/v2/t160-retest-20261003/quality/runs/t160-quality-20261002T182955Z-75789e35-12-IMP-MIXED-r3/result.json
t160-quality-20261002T182955Z-75789e35-12-IMP-MIXED-r3,IMP-MIXED,3,assisted_corrected,85533f46-eb86-5893-8742-33939e77750f,f79fd0b2-c846-49d5-9f8d-d6fe5f31e31c,native_text,source_regions,unknown,False,,,,reference_unknown,benchmark/results/v2/t160-retest-20261003/quality/runs/t160-quality-20261002T182955Z-75789e35-12-IMP-MIXED-r3/result.json
t160-quality-20261002T182955Z-75789e35-12-IMP-MIXED-r3,IMP-MIXED,3,assisted_corrected,85533f46-eb86-5893-8742-33939e77750f,f79fd0b2-c846-49d5-9f8d-d6fe5f31e31c,native_text,assets,source_provided,True,False,"[{""asset_type"": ""table"", ""source_page_number"": 1, ""order_index"": 1}]",,matched,benchmark/results/v2/t160-retest-20261003/quality/runs/t160-quality-20261002T182955Z-75789e35-12-IMP-MIXED-r3/result.json
t160-quality-20261002T182955Z-75789e35-12-IMP-MIXED-r3,IMP-MIXED,3,assisted_corrected,0fa8d57e-58c2-5aa4-b8cd-e52e96380a38,42813690-e69b-4b5c-bf2b-2c7d3bb7b1da,ocr_required,question_number,source_provided,True,True,4,4,matched,benchmark/results/v2/t160-retest-20261003/quality/runs/t160-quality-20261002T182955Z-75789e35-12-IMP-MIXED-r3/result.json
t160-quality-20261002T182955Z-75789e35-12-IMP-MIXED-r3,IMP-MIXED,3,assisted_corrected,0fa8d57e-58c2-5aa4-b8cd-e52e96380a38,42813690-e69b-4b5c-bf2b-2c7d3bb7b1da,ocr_required,order_index,source_provided,True,True,4,4,matched,benchmark/results/v2/t160-retest-20261003/quality/runs/t160-quality-20261002T182955Z-75789e35-12-IMP-MIXED-r3/result.json
t160-quality-20261002T182955Z-75789e35-12-IMP-MIXED-r3,IMP-MIXED,3,assisted_corrected,0fa8d57e-58c2-5aa4-b8cd-e52e96380a38,42813690-e69b-4b5c-bf2b-2c7d3bb7b1da,ocr_required,source_page_numbers,source_provided,True,True,[2],[2],matched,benchmark/results/v2/t160-retest-20261003/quality/runs/t160-quality-20261002T182955Z-75789e35-12-IMP-MIXED-r3/result.json
t160-quality-20261002T182955Z-75789e35-12-IMP-MIXED-r3,IMP-MIXED,3,assisted_corrected,0fa8d57e-58c2-5aa4-b8cd-e52e96380a38,42813690-e69b-4b5c-bf2b-2c7d3bb7b1da,ocr_required,question_type,source_provided,True,True,SINGLE_CHOICE,SINGLE_CHOICE,matched,benchmark/results/v2/t160-retest-20261003/quality/runs/t160-quality-20261002T182955Z-75789e35-12-IMP-MIXED-r3/result.json
t160-quality-20261002T182955Z-75789e35-12-IMP-MIXED-r3,IMP-MIXED,3,assisted_corrected,0fa8d57e-58c2-5aa4-b8cd-e52e96380a38,42813690-e69b-4b5c-bf2b-2c7d3bb7b1da,ocr_required,content,source_provided,True,True,y = 2x + 1，x = 3 时 y 为多少？,y = 2x + 1，x = 3 时 y 为多少？,matched,benchmark/results/v2/t160-retest-20261003/quality/runs/t160-quality-20261002T182955Z-75789e35-12-IMP-MIXED-r3/result.json
t160-quality-20261002T182955Z-75789e35-12-IMP-MIXED-r3,IMP-MIXED,3,assisted_corrected,0fa8d57e-58c2-5aa4-b8cd-e52e96380a38,42813690-e69b-4b5c-bf2b-2c7d3bb7b1da,ocr_required,options,source_provided,True,True,"{""C"": ""7"", ""A"": ""5"", ""B"": ""6"", ""D"": ""8""}","{""C"": ""7"", ""A"": ""5"", ""B"": ""6"", ""D"": ""8""}",matched,benchmark/results/v2/t160-retest-20261003/quality/runs/t160-quality-20261002T182955Z-75789e35-12-IMP-MIXED-r3/result.json
t160-quality-20261002T182955Z-75789e35-12-IMP-MIXED-r3,IMP-MIXED,3,assisted_corrected,0fa8d57e-58c2-5aa4-b8cd-e52e96380a38,42813690-e69b-4b5c-bf2b-2c7d3bb7b1da,ocr_required,reference_answer,source_provided,True,True,C,C,matched,benchmark/results/v2/t160-retest-20261003/quality/runs/t160-quality-20261002T182955Z-75789e35-12-IMP-MIXED-r3/result.json
t160-quality-20261002T182955Z-75789e35-12-IMP-MIXED-r3,IMP-MIXED,3,assisted_corrected,0fa8d57e-58c2-5aa4-b8cd-e52e96380a38,42813690-e69b-4b5c-bf2b-2c7d3bb7b1da,ocr_required,analysis,source_provided,True,True,2 × 3 + 1 = 7。,2 × 3 + 1 = 7。,matched,benchmark/results/v2/t160-retest-20261003/quality/runs/t160-quality-20261002T182955Z-75789e35-12-IMP-MIXED-r3/result.json
t160-quality-20261002T182955Z-75789e35-12-IMP-MIXED-r3,IMP-MIXED,3,assisted_corrected,0fa8d57e-58c2-5aa4-b8cd-e52e96380a38,42813690-e69b-4b5c-bf2b-2c7d3bb7b1da,ocr_required,score,source_provided,True,True,2.00,2.00,matched,benchmark/results/v2/t160-retest-20261003/quality/runs/t160-quality-20261002T182955Z-75789e35-12-IMP-MIXED-r3/result.json
t160-quality-20261002T182955Z-75789e35-12-IMP-MIXED-r3,IMP-MIXED,3,assisted_corrected,0fa8d57e-58c2-5aa4-b8cd-e52e96380a38,42813690-e69b-4b5c-bf2b-2c7d3bb7b1da,ocr_required,scoring_rubric,known_missing,True,True,,,matched,benchmark/results/v2/t160-retest-20261003/quality/runs/t160-quality-20261002T182955Z-75789e35-12-IMP-MIXED-r3/result.json
t160-quality-20261002T182955Z-75789e35-12-IMP-MIXED-r3,IMP-MIXED,3,assisted_corrected,0fa8d57e-58c2-5aa4-b8cd-e52e96380a38,42813690-e69b-4b5c-bf2b-2c7d3bb7b1da,ocr_required,knowledge_points,known_missing,True,True,[],[],matched,benchmark/results/v2/t160-retest-20261003/quality/runs/t160-quality-20261002T182955Z-75789e35-12-IMP-MIXED-r3/result.json
t160-quality-20261002T182955Z-75789e35-12-IMP-MIXED-r3,IMP-MIXED,3,assisted_corrected,0fa8d57e-58c2-5aa4-b8cd-e52e96380a38,42813690-e69b-4b5c-bf2b-2c7d3bb7b1da,ocr_required,source_regions,unknown,False,,,,reference_unknown,benchmark/results/v2/t160-retest-20261003/quality/runs/t160-quality-20261002T182955Z-75789e35-12-IMP-MIXED-r3/result.json
t160-quality-20261002T182955Z-75789e35-12-IMP-MIXED-r3,IMP-MIXED,3,assisted_corrected,0fa8d57e-58c2-5aa4-b8cd-e52e96380a38,42813690-e69b-4b5c-bf2b-2c7d3bb7b1da,ocr_required,assets,source_provided,True,True,[],[],matched,benchmark/results/v2/t160-retest-20261003/quality/runs/t160-quality-20261002T182955Z-75789e35-12-IMP-MIXED-r3/result.json
t160-quality-20261002T182955Z-75789e35-12-IMP-MIXED-r3,IMP-MIXED,3,assisted_corrected,455720b9-9061-5bce-83af-d6d53c6c84e1,d9a83dce-b38d-4de6-8c18-b909340bf8a4,ocr_required,question_number,source_provided,True,True,5,5,matched,benchmark/results/v2/t160-retest-20261003/quality/runs/t160-quality-20261002T182955Z-75789e35-12-IMP-MIXED-r3/result.json
t160-quality-20261002T182955Z-75789e35-12-IMP-MIXED-r3,IMP-MIXED,3,assisted_corrected,455720b9-9061-5bce-83af-d6d53c6c84e1,d9a83dce-b38d-4de6-8c18-b909340bf8a4,ocr_required,order_index,source_provided,True,True,5,5,matched,benchmark/results/v2/t160-retest-20261003/quality/runs/t160-quality-20261002T182955Z-75789e35-12-IMP-MIXED-r3/result.json
t160-quality-20261002T182955Z-75789e35-12-IMP-MIXED-r3,IMP-MIXED,3,assisted_corrected,455720b9-9061-5bce-83af-d6d53c6c84e1,d9a83dce-b38d-4de6-8c18-b909340bf8a4,ocr_required,source_page_numbers,source_provided,True,True,[2],[2],matched,benchmark/results/v2/t160-retest-20261003/quality/runs/t160-quality-20261002T182955Z-75789e35-12-IMP-MIXED-r3/result.json
t160-quality-20261002T182955Z-75789e35-12-IMP-MIXED-r3,IMP-MIXED,3,assisted_corrected,455720b9-9061-5bce-83af-d6d53c6c84e1,d9a83dce-b38d-4de6-8c18-b909340bf8a4,ocr_required,question_type,source_provided,True,True,TRUE_FALSE,TRUE_FALSE,matched,benchmark/results/v2/t160-retest-20261003/quality/runs/t160-quality-20261002T182955Z-75789e35-12-IMP-MIXED-r3/result.json
t160-quality-20261002T182955Z-75789e35-12-IMP-MIXED-r3,IMP-MIXED,3,assisted_corrected,455720b9-9061-5bce-83af-d6d53c6c84e1,d9a83dce-b38d-4de6-8c18-b909340bf8a4,ocr_required,content,source_provided,True,True,右图三角形面积为 24 cm²。,右图三角形面积为 24 cm²。,matched,benchmark/results/v2/t160-retest-20261003/quality/runs/t160-quality-20261002T182955Z-75789e35-12-IMP-MIXED-r3/result.json
t160-quality-20261002T182955Z-75789e35-12-IMP-MIXED-r3,IMP-MIXED,3,assisted_corrected,455720b9-9061-5bce-83af-d6d53c6c84e1,d9a83dce-b38d-4de6-8c18-b909340bf8a4,ocr_required,options,source_provided,True,True,"[""正确"", ""错误""]","[""正确"", ""错误""]",matched,benchmark/results/v2/t160-retest-20261003/quality/runs/t160-quality-20261002T182955Z-75789e35-12-IMP-MIXED-r3/result.json
t160-quality-20261002T182955Z-75789e35-12-IMP-MIXED-r3,IMP-MIXED,3,assisted_corrected,455720b9-9061-5bce-83af-d6d53c6c84e1,d9a83dce-b38d-4de6-8c18-b909340bf8a4,ocr_required,reference_answer,known_missing,True,True,,,matched,benchmark/results/v2/t160-retest-20261003/quality/runs/t160-quality-20261002T182955Z-75789e35-12-IMP-MIXED-r3/result.json
t160-quality-20261002T182955Z-75789e35-12-IMP-MIXED-r3,IMP-MIXED,3,assisted_corrected,455720b9-9061-5bce-83af-d6d53c6c84e1,d9a83dce-b38d-4de6-8c18-b909340bf8a4,ocr_required,analysis,known_missing,True,True,,,matched,benchmark/results/v2/t160-retest-20261003/quality/runs/t160-quality-20261002T182955Z-75789e35-12-IMP-MIXED-r3/result.json
t160-quality-20261002T182955Z-75789e35-12-IMP-MIXED-r3,IMP-MIXED,3,assisted_corrected,455720b9-9061-5bce-83af-d6d53c6c84e1,d9a83dce-b38d-4de6-8c18-b909340bf8a4,ocr_required,score,source_provided,True,True,2.00,2.00,matched,benchmark/results/v2/t160-retest-20261003/quality/runs/t160-quality-20261002T182955Z-75789e35-12-IMP-MIXED-r3/result.json
t160-quality-20261002T182955Z-75789e35-12-IMP-MIXED-r3,IMP-MIXED,3,assisted_corrected,455720b9-9061-5bce-83af-d6d53c6c84e1,d9a83dce-b38d-4de6-8c18-b909340bf8a4,ocr_required,scoring_rubric,known_missing,True,True,,,matched,benchmark/results/v2/t160-retest-20261003/quality/runs/t160-quality-20261002T182955Z-75789e35-12-IMP-MIXED-r3/result.json
t160-quality-20261002T182955Z-75789e35-12-IMP-MIXED-r3,IMP-MIXED,3,assisted_corrected,455720b9-9061-5bce-83af-d6d53c6c84e1,d9a83dce-b38d-4de6-8c18-b909340bf8a4,ocr_required,knowledge_points,known_missing,True,True,[],[],matched,benchmark/results/v2/t160-retest-20261003/quality/runs/t160-quality-20261002T182955Z-75789e35-12-IMP-MIXED-r3/result.json
t160-quality-20261002T182955Z-75789e35-12-IMP-MIXED-r3,IMP-MIXED,3,assisted_corrected,455720b9-9061-5bce-83af-d6d53c6c84e1,d9a83dce-b38d-4de6-8c18-b909340bf8a4,ocr_required,source_regions,unknown,False,,,,reference_unknown,benchmark/results/v2/t160-retest-20261003/quality/runs/t160-quality-20261002T182955Z-75789e35-12-IMP-MIXED-r3/result.json
t160-quality-20261002T182955Z-75789e35-12-IMP-MIXED-r3,IMP-MIXED,3,assisted_corrected,455720b9-9061-5bce-83af-d6d53c6c84e1,d9a83dce-b38d-4de6-8c18-b909340bf8a4,ocr_required,assets,source_provided,True,False,"[{""asset_type"": ""figure"", ""source_page_number"": 2, ""order_index"": 1}]",,matched,benchmark/results/v2/t160-retest-20261003/quality/runs/t160-quality-20261002T182955Z-75789e35-12-IMP-MIXED-r3/result.json
t160-quality-20261002T182955Z-75789e35-12-IMP-MIXED-r3,IMP-MIXED,3,assisted_corrected,bf862f8d-df39-5559-bab5-d942fccb2432,46b4828c-323a-4396-a9e1-c473bc706440,ocr_required,question_number,source_provided,True,True,6,6,matched,benchmark/results/v2/t160-retest-20261003/quality/runs/t160-quality-20261002T182955Z-75789e35-12-IMP-MIXED-r3/result.json
t160-quality-20261002T182955Z-75789e35-12-IMP-MIXED-r3,IMP-MIXED,3,assisted_corrected,bf862f8d-df39-5559-bab5-d942fccb2432,46b4828c-323a-4396-a9e1-c473bc706440,ocr_required,order_index,source_provided,True,True,6,6,matched,benchmark/results/v2/t160-retest-20261003/quality/runs/t160-quality-20261002T182955Z-75789e35-12-IMP-MIXED-r3/result.json
t160-quality-20261002T182955Z-75789e35-12-IMP-MIXED-r3,IMP-MIXED,3,assisted_corrected,bf862f8d-df39-5559-bab5-d942fccb2432,46b4828c-323a-4396-a9e1-c473bc706440,ocr_required,source_page_numbers,source_provided,True,True,[2],[2],matched,benchmark/results/v2/t160-retest-20261003/quality/runs/t160-quality-20261002T182955Z-75789e35-12-IMP-MIXED-r3/result.json
t160-quality-20261002T182955Z-75789e35-12-IMP-MIXED-r3,IMP-MIXED,3,assisted_corrected,bf862f8d-df39-5559-bab5-d942fccb2432,46b4828c-323a-4396-a9e1-c473bc706440,ocr_required,question_type,source_provided,True,True,SHORT_ANSWER,SHORT_ANSWER,matched,benchmark/results/v2/t160-retest-20261003/quality/runs/t160-quality-20261002T182955Z-75789e35-12-IMP-MIXED-r3/result.json
t160-quality-20261002T182955Z-75789e35-12-IMP-MIXED-r3,IMP-MIXED,3,assisted_corrected,bf862f8d-df39-5559-bab5-d942fccb2432,46b4828c-323a-4396-a9e1-c473bc706440,ocr_required,content,source_provided,True,True,根据下表写出 y 关于 x 的关系式。,根据下表写出 y 关于 x 的关系式。,matched,benchmark/results/v2/t160-retest-20261003/quality/runs/t160-quality-20261002T182955Z-75789e35-12-IMP-MIXED-r3/result.json
t160-quality-20261002T182955Z-75789e35-12-IMP-MIXED-r3,IMP-MIXED,3,assisted_corrected,bf862f8d-df39-5559-bab5-d942fccb2432,46b4828c-323a-4396-a9e1-c473bc706440,ocr_required,options,not_applicable,True,True,,,matched,benchmark/results/v2/t160-retest-20261003/quality/runs/t160-quality-20261002T182955Z-75789e35-12-IMP-MIXED-r3/result.json
t160-quality-20261002T182955Z-75789e35-12-IMP-MIXED-r3,IMP-MIXED,3,assisted_corrected,bf862f8d-df39-5559-bab5-d942fccb2432,46b4828c-323a-4396-a9e1-c473bc706440,ocr_required,reference_answer,known_missing,True,True,,,matched,benchmark/results/v2/t160-retest-20261003/quality/runs/t160-quality-20261002T182955Z-75789e35-12-IMP-MIXED-r3/result.json
t160-quality-20261002T182955Z-75789e35-12-IMP-MIXED-r3,IMP-MIXED,3,assisted_corrected,bf862f8d-df39-5559-bab5-d942fccb2432,46b4828c-323a-4396-a9e1-c473bc706440,ocr_required,analysis,known_missing,True,True,,,matched,benchmark/results/v2/t160-retest-20261003/quality/runs/t160-quality-20261002T182955Z-75789e35-12-IMP-MIXED-r3/result.json
t160-quality-20261002T182955Z-75789e35-12-IMP-MIXED-r3,IMP-MIXED,3,assisted_corrected,bf862f8d-df39-5559-bab5-d942fccb2432,46b4828c-323a-4396-a9e1-c473bc706440,ocr_required,score,source_provided,True,True,3.00,3.00,matched,benchmark/results/v2/t160-retest-20261003/quality/runs/t160-quality-20261002T182955Z-75789e35-12-IMP-MIXED-r3/result.json
t160-quality-20261002T182955Z-75789e35-12-IMP-MIXED-r3,IMP-MIXED,3,assisted_corrected,bf862f8d-df39-5559-bab5-d942fccb2432,46b4828c-323a-4396-a9e1-c473bc706440,ocr_required,scoring_rubric,source_provided,True,True,正确关系式 1.00；说明代入过程 2.00。,正确关系式 1.00；说明代入过程 2.00。,matched,benchmark/results/v2/t160-retest-20261003/quality/runs/t160-quality-20261002T182955Z-75789e35-12-IMP-MIXED-r3/result.json
t160-quality-20261002T182955Z-75789e35-12-IMP-MIXED-r3,IMP-MIXED,3,assisted_corrected,bf862f8d-df39-5559-bab5-d942fccb2432,46b4828c-323a-4396-a9e1-c473bc706440,ocr_required,knowledge_points,source_provided,True,True,"[""一次函数"", ""表达与计算""]","[""一次函数"", ""表达与计算""]",matched,benchmark/results/v2/t160-retest-20261003/quality/runs/t160-quality-20261002T182955Z-75789e35-12-IMP-MIXED-r3/result.json
t160-quality-20261002T182955Z-75789e35-12-IMP-MIXED-r3,IMP-MIXED,3,assisted_corrected,bf862f8d-df39-5559-bab5-d942fccb2432,46b4828c-323a-4396-a9e1-c473bc706440,ocr_required,source_regions,unknown,False,,,,reference_unknown,benchmark/results/v2/t160-retest-20261003/quality/runs/t160-quality-20261002T182955Z-75789e35-12-IMP-MIXED-r3/result.json
t160-quality-20261002T182955Z-75789e35-12-IMP-MIXED-r3,IMP-MIXED,3,assisted_corrected,bf862f8d-df39-5559-bab5-d942fccb2432,46b4828c-323a-4396-a9e1-c473bc706440,ocr_required,assets,source_provided,True,False,"[{""asset_type"": ""table"", ""source_page_number"": 2, ""order_index"": 1}]",,matched,benchmark/results/v2/t160-retest-20261003/quality/runs/t160-quality-20261002T182955Z-75789e35-12-IMP-MIXED-r3/result.json
t160-quality-20261002T182955Z-75789e35-13-IMP-CROSS-r1,IMP-CROSS,1,automatic,239d78f4-ab44-59ec-ab7f-e11e454e26f1,f1750857-d1ca-49d1-b0e2-9053b01ed7ac,native_text,question_number,source_provided,True,True,4,4,matched,benchmark/results/v2/t160-retest-20261003/quality/runs/t160-quality-20261002T182955Z-75789e35-13-IMP-CROSS-r1/result.json
t160-quality-20261002T182955Z-75789e35-13-IMP-CROSS-r1,IMP-CROSS,1,automatic,239d78f4-ab44-59ec-ab7f-e11e454e26f1,f1750857-d1ca-49d1-b0e2-9053b01ed7ac,native_text,order_index,source_provided,True,True,1,1,matched,benchmark/results/v2/t160-retest-20261003/quality/runs/t160-quality-20261002T182955Z-75789e35-13-IMP-CROSS-r1/result.json
t160-quality-20261002T182955Z-75789e35-13-IMP-CROSS-r1,IMP-CROSS,1,automatic,239d78f4-ab44-59ec-ab7f-e11e454e26f1,f1750857-d1ca-49d1-b0e2-9053b01ed7ac,native_text,source_page_numbers,source_provided,True,True,"[1, 2]","[1, 2]",matched,benchmark/results/v2/t160-retest-20261003/quality/runs/t160-quality-20261002T182955Z-75789e35-13-IMP-CROSS-r1/result.json
t160-quality-20261002T182955Z-75789e35-13-IMP-CROSS-r1,IMP-CROSS,1,automatic,239d78f4-ab44-59ec-ab7f-e11e454e26f1,f1750857-d1ca-49d1-b0e2-9053b01ed7ac,native_text,question_type,unknown,False,,,,reference_unknown,benchmark/results/v2/t160-retest-20261003/quality/runs/t160-quality-20261002T182955Z-75789e35-13-IMP-CROSS-r1/result.json
t160-quality-20261002T182955Z-75789e35-13-IMP-CROSS-r1,IMP-CROSS,1,automatic,239d78f4-ab44-59ec-ab7f-e11e454e26f1,f1750857-d1ca-49d1-b0e2-9053b01ed7ac,native_text,content,source_provided,True,False,"阅读下页流程图：输入 x = 3，计算输出 y。
按下图流程完成计算。","阅读下页流程图：输入 x = 3，计算输出 y。
第 4 题续：按下图流程完成计算。",matched,benchmark/results/v2/t160-retest-20261003/quality/runs/t160-quality-20261002T182955Z-75789e35-13-IMP-CROSS-r1/result.json
t160-quality-20261002T182955Z-75789e35-13-IMP-CROSS-r1,IMP-CROSS,1,automatic,239d78f4-ab44-59ec-ab7f-e11e454e26f1,f1750857-d1ca-49d1-b0e2-9053b01ed7ac,native_text,options,not_applicable,True,True,,,matched,benchmark/results/v2/t160-retest-20261003/quality/runs/t160-quality-20261002T182955Z-75789e35-13-IMP-CROSS-r1/result.json
t160-quality-20261002T182955Z-75789e35-13-IMP-CROSS-r1,IMP-CROSS,1,automatic,239d78f4-ab44-59ec-ab7f-e11e454e26f1,f1750857-d1ca-49d1-b0e2-9053b01ed7ac,native_text,reference_answer,known_missing,True,True,,,matched,benchmark/results/v2/t160-retest-20261003/quality/runs/t160-quality-20261002T182955Z-75789e35-13-IMP-CROSS-r1/result.json
t160-quality-20261002T182955Z-75789e35-13-IMP-CROSS-r1,IMP-CROSS,1,automatic,239d78f4-ab44-59ec-ab7f-e11e454e26f1,f1750857-d1ca-49d1-b0e2-9053b01ed7ac,native_text,analysis,known_missing,True,True,,,matched,benchmark/results/v2/t160-retest-20261003/quality/runs/t160-quality-20261002T182955Z-75789e35-13-IMP-CROSS-r1/result.json
t160-quality-20261002T182955Z-75789e35-13-IMP-CROSS-r1,IMP-CROSS,1,automatic,239d78f4-ab44-59ec-ab7f-e11e454e26f1,f1750857-d1ca-49d1-b0e2-9053b01ed7ac,native_text,score,source_provided,True,True,5.00,5.00,matched,benchmark/results/v2/t160-retest-20261003/quality/runs/t160-quality-20261002T182955Z-75789e35-13-IMP-CROSS-r1/result.json
t160-quality-20261002T182955Z-75789e35-13-IMP-CROSS-r1,IMP-CROSS,1,automatic,239d78f4-ab44-59ec-ab7f-e11e454e26f1,f1750857-d1ca-49d1-b0e2-9053b01ed7ac,native_text,scoring_rubric,source_provided,True,True,正确中间计算 2.00；最终输出 3.00。,正确中间计算 2.00；最终输出 3.00。,matched,benchmark/results/v2/t160-retest-20261003/quality/runs/t160-quality-20261002T182955Z-75789e35-13-IMP-CROSS-r1/result.json
t160-quality-20261002T182955Z-75789e35-13-IMP-CROSS-r1,IMP-CROSS,1,automatic,239d78f4-ab44-59ec-ab7f-e11e454e26f1,f1750857-d1ca-49d1-b0e2-9053b01ed7ac,native_text,knowledge_points,known_missing,True,False,[],,matched,benchmark/results/v2/t160-retest-20261003/quality/runs/t160-quality-20261002T182955Z-75789e35-13-IMP-CROSS-r1/result.json
t160-quality-20261002T182955Z-75789e35-13-IMP-CROSS-r1,IMP-CROSS,1,automatic,239d78f4-ab44-59ec-ab7f-e11e454e26f1,f1750857-d1ca-49d1-b0e2-9053b01ed7ac,native_text,source_regions,unknown,False,,,,reference_unknown,benchmark/results/v2/t160-retest-20261003/quality/runs/t160-quality-20261002T182955Z-75789e35-13-IMP-CROSS-r1/result.json
t160-quality-20261002T182955Z-75789e35-13-IMP-CROSS-r1,IMP-CROSS,1,automatic,239d78f4-ab44-59ec-ab7f-e11e454e26f1,f1750857-d1ca-49d1-b0e2-9053b01ed7ac,native_text,assets,source_provided,True,False,"[{""asset_type"": ""diagram"", ""source_page_number"": 2, ""order_index"": 1}]",,matched,benchmark/results/v2/t160-retest-20261003/quality/runs/t160-quality-20261002T182955Z-75789e35-13-IMP-CROSS-r1/result.json
t160-quality-20261002T182955Z-75789e35-13-IMP-CROSS-r1,IMP-CROSS,1,assisted_corrected,239d78f4-ab44-59ec-ab7f-e11e454e26f1,f1750857-d1ca-49d1-b0e2-9053b01ed7ac,native_text,question_number,source_provided,True,True,4,4,matched,benchmark/results/v2/t160-retest-20261003/quality/runs/t160-quality-20261002T182955Z-75789e35-13-IMP-CROSS-r1/result.json
t160-quality-20261002T182955Z-75789e35-13-IMP-CROSS-r1,IMP-CROSS,1,assisted_corrected,239d78f4-ab44-59ec-ab7f-e11e454e26f1,f1750857-d1ca-49d1-b0e2-9053b01ed7ac,native_text,order_index,source_provided,True,True,1,1,matched,benchmark/results/v2/t160-retest-20261003/quality/runs/t160-quality-20261002T182955Z-75789e35-13-IMP-CROSS-r1/result.json
t160-quality-20261002T182955Z-75789e35-13-IMP-CROSS-r1,IMP-CROSS,1,assisted_corrected,239d78f4-ab44-59ec-ab7f-e11e454e26f1,f1750857-d1ca-49d1-b0e2-9053b01ed7ac,native_text,source_page_numbers,source_provided,True,True,"[1, 2]","[1, 2]",matched,benchmark/results/v2/t160-retest-20261003/quality/runs/t160-quality-20261002T182955Z-75789e35-13-IMP-CROSS-r1/result.json
t160-quality-20261002T182955Z-75789e35-13-IMP-CROSS-r1,IMP-CROSS,1,assisted_corrected,239d78f4-ab44-59ec-ab7f-e11e454e26f1,f1750857-d1ca-49d1-b0e2-9053b01ed7ac,native_text,question_type,unknown,False,,,,reference_unknown,benchmark/results/v2/t160-retest-20261003/quality/runs/t160-quality-20261002T182955Z-75789e35-13-IMP-CROSS-r1/result.json
t160-quality-20261002T182955Z-75789e35-13-IMP-CROSS-r1,IMP-CROSS,1,assisted_corrected,239d78f4-ab44-59ec-ab7f-e11e454e26f1,f1750857-d1ca-49d1-b0e2-9053b01ed7ac,native_text,content,source_provided,True,True,"阅读下页流程图：输入 x = 3，计算输出 y。
按下图流程完成计算。","阅读下页流程图：输入 x = 3，计算输出 y。
按下图流程完成计算。",matched,benchmark/results/v2/t160-retest-20261003/quality/runs/t160-quality-20261002T182955Z-75789e35-13-IMP-CROSS-r1/result.json
t160-quality-20261002T182955Z-75789e35-13-IMP-CROSS-r1,IMP-CROSS,1,assisted_corrected,239d78f4-ab44-59ec-ab7f-e11e454e26f1,f1750857-d1ca-49d1-b0e2-9053b01ed7ac,native_text,options,not_applicable,True,True,,,matched,benchmark/results/v2/t160-retest-20261003/quality/runs/t160-quality-20261002T182955Z-75789e35-13-IMP-CROSS-r1/result.json
t160-quality-20261002T182955Z-75789e35-13-IMP-CROSS-r1,IMP-CROSS,1,assisted_corrected,239d78f4-ab44-59ec-ab7f-e11e454e26f1,f1750857-d1ca-49d1-b0e2-9053b01ed7ac,native_text,reference_answer,known_missing,True,True,,,matched,benchmark/results/v2/t160-retest-20261003/quality/runs/t160-quality-20261002T182955Z-75789e35-13-IMP-CROSS-r1/result.json
t160-quality-20261002T182955Z-75789e35-13-IMP-CROSS-r1,IMP-CROSS,1,assisted_corrected,239d78f4-ab44-59ec-ab7f-e11e454e26f1,f1750857-d1ca-49d1-b0e2-9053b01ed7ac,native_text,analysis,known_missing,True,True,,,matched,benchmark/results/v2/t160-retest-20261003/quality/runs/t160-quality-20261002T182955Z-75789e35-13-IMP-CROSS-r1/result.json
t160-quality-20261002T182955Z-75789e35-13-IMP-CROSS-r1,IMP-CROSS,1,assisted_corrected,239d78f4-ab44-59ec-ab7f-e11e454e26f1,f1750857-d1ca-49d1-b0e2-9053b01ed7ac,native_text,score,source_provided,True,True,5.00,5.00,matched,benchmark/results/v2/t160-retest-20261003/quality/runs/t160-quality-20261002T182955Z-75789e35-13-IMP-CROSS-r1/result.json
t160-quality-20261002T182955Z-75789e35-13-IMP-CROSS-r1,IMP-CROSS,1,assisted_corrected,239d78f4-ab44-59ec-ab7f-e11e454e26f1,f1750857-d1ca-49d1-b0e2-9053b01ed7ac,native_text,scoring_rubric,source_provided,True,True,正确中间计算 2.00；最终输出 3.00。,正确中间计算 2.00；最终输出 3.00。,matched,benchmark/results/v2/t160-retest-20261003/quality/runs/t160-quality-20261002T182955Z-75789e35-13-IMP-CROSS-r1/result.json
t160-quality-20261002T182955Z-75789e35-13-IMP-CROSS-r1,IMP-CROSS,1,assisted_corrected,239d78f4-ab44-59ec-ab7f-e11e454e26f1,f1750857-d1ca-49d1-b0e2-9053b01ed7ac,native_text,knowledge_points,known_missing,True,True,[],[],matched,benchmark/results/v2/t160-retest-20261003/quality/runs/t160-quality-20261002T182955Z-75789e35-13-IMP-CROSS-r1/result.json
t160-quality-20261002T182955Z-75789e35-13-IMP-CROSS-r1,IMP-CROSS,1,assisted_corrected,239d78f4-ab44-59ec-ab7f-e11e454e26f1,f1750857-d1ca-49d1-b0e2-9053b01ed7ac,native_text,source_regions,unknown,False,,,,reference_unknown,benchmark/results/v2/t160-retest-20261003/quality/runs/t160-quality-20261002T182955Z-75789e35-13-IMP-CROSS-r1/result.json
t160-quality-20261002T182955Z-75789e35-13-IMP-CROSS-r1,IMP-CROSS,1,assisted_corrected,239d78f4-ab44-59ec-ab7f-e11e454e26f1,f1750857-d1ca-49d1-b0e2-9053b01ed7ac,native_text,assets,source_provided,True,False,"[{""asset_type"": ""diagram"", ""source_page_number"": 2, ""order_index"": 1}]",,matched,benchmark/results/v2/t160-retest-20261003/quality/runs/t160-quality-20261002T182955Z-75789e35-13-IMP-CROSS-r1/result.json
t160-quality-20261002T182955Z-75789e35-14-IMP-CROSS-r2,IMP-CROSS,2,automatic,239d78f4-ab44-59ec-ab7f-e11e454e26f1,05bc28d9-f69f-4447-bc2f-d657f8d2e921,native_text,question_number,source_provided,True,True,4,4,matched,benchmark/results/v2/t160-retest-20261003/quality/runs/t160-quality-20261002T182955Z-75789e35-14-IMP-CROSS-r2/result.json
t160-quality-20261002T182955Z-75789e35-14-IMP-CROSS-r2,IMP-CROSS,2,automatic,239d78f4-ab44-59ec-ab7f-e11e454e26f1,05bc28d9-f69f-4447-bc2f-d657f8d2e921,native_text,order_index,source_provided,True,True,1,1,matched,benchmark/results/v2/t160-retest-20261003/quality/runs/t160-quality-20261002T182955Z-75789e35-14-IMP-CROSS-r2/result.json
t160-quality-20261002T182955Z-75789e35-14-IMP-CROSS-r2,IMP-CROSS,2,automatic,239d78f4-ab44-59ec-ab7f-e11e454e26f1,05bc28d9-f69f-4447-bc2f-d657f8d2e921,native_text,source_page_numbers,source_provided,True,True,"[1, 2]","[1, 2]",matched,benchmark/results/v2/t160-retest-20261003/quality/runs/t160-quality-20261002T182955Z-75789e35-14-IMP-CROSS-r2/result.json
t160-quality-20261002T182955Z-75789e35-14-IMP-CROSS-r2,IMP-CROSS,2,automatic,239d78f4-ab44-59ec-ab7f-e11e454e26f1,05bc28d9-f69f-4447-bc2f-d657f8d2e921,native_text,question_type,unknown,False,,,SHORT_ANSWER,reference_unknown,benchmark/results/v2/t160-retest-20261003/quality/runs/t160-quality-20261002T182955Z-75789e35-14-IMP-CROSS-r2/result.json
t160-quality-20261002T182955Z-75789e35-14-IMP-CROSS-r2,IMP-CROSS,2,automatic,239d78f4-ab44-59ec-ab7f-e11e454e26f1,05bc28d9-f69f-4447-bc2f-d657f8d2e921,native_text,content,source_provided,True,False,"阅读下页流程图：输入 x = 3，计算输出 y。
按下图流程完成计算。","阅读下页流程图：输入 x = 3，计算输出 y。
第 4 题续：按下图流程完成计算。",matched,benchmark/results/v2/t160-retest-20261003/quality/runs/t160-quality-20261002T182955Z-75789e35-14-IMP-CROSS-r2/result.json
t160-quality-20261002T182955Z-75789e35-14-IMP-CROSS-r2,IMP-CROSS,2,automatic,239d78f4-ab44-59ec-ab7f-e11e454e26f1,05bc28d9-f69f-4447-bc2f-d657f8d2e921,native_text,options,not_applicable,True,True,,,matched,benchmark/results/v2/t160-retest-20261003/quality/runs/t160-quality-20261002T182955Z-75789e35-14-IMP-CROSS-r2/result.json
t160-quality-20261002T182955Z-75789e35-14-IMP-CROSS-r2,IMP-CROSS,2,automatic,239d78f4-ab44-59ec-ab7f-e11e454e26f1,05bc28d9-f69f-4447-bc2f-d657f8d2e921,native_text,reference_answer,known_missing,True,True,,,matched,benchmark/results/v2/t160-retest-20261003/quality/runs/t160-quality-20261002T182955Z-75789e35-14-IMP-CROSS-r2/result.json
t160-quality-20261002T182955Z-75789e35-14-IMP-CROSS-r2,IMP-CROSS,2,automatic,239d78f4-ab44-59ec-ab7f-e11e454e26f1,05bc28d9-f69f-4447-bc2f-d657f8d2e921,native_text,analysis,known_missing,True,True,,,matched,benchmark/results/v2/t160-retest-20261003/quality/runs/t160-quality-20261002T182955Z-75789e35-14-IMP-CROSS-r2/result.json
t160-quality-20261002T182955Z-75789e35-14-IMP-CROSS-r2,IMP-CROSS,2,automatic,239d78f4-ab44-59ec-ab7f-e11e454e26f1,05bc28d9-f69f-4447-bc2f-d657f8d2e921,native_text,score,source_provided,True,True,5.00,5.00,matched,benchmark/results/v2/t160-retest-20261003/quality/runs/t160-quality-20261002T182955Z-75789e35-14-IMP-CROSS-r2/result.json
t160-quality-20261002T182955Z-75789e35-14-IMP-CROSS-r2,IMP-CROSS,2,automatic,239d78f4-ab44-59ec-ab7f-e11e454e26f1,05bc28d9-f69f-4447-bc2f-d657f8d2e921,native_text,scoring_rubric,source_provided,True,True,正确中间计算 2.00；最终输出 3.00。,正确中间计算 2.00；最终输出 3.00。,matched,benchmark/results/v2/t160-retest-20261003/quality/runs/t160-quality-20261002T182955Z-75789e35-14-IMP-CROSS-r2/result.json
t160-quality-20261002T182955Z-75789e35-14-IMP-CROSS-r2,IMP-CROSS,2,automatic,239d78f4-ab44-59ec-ab7f-e11e454e26f1,05bc28d9-f69f-4447-bc2f-d657f8d2e921,native_text,knowledge_points,known_missing,True,False,[],,matched,benchmark/results/v2/t160-retest-20261003/quality/runs/t160-quality-20261002T182955Z-75789e35-14-IMP-CROSS-r2/result.json
t160-quality-20261002T182955Z-75789e35-14-IMP-CROSS-r2,IMP-CROSS,2,automatic,239d78f4-ab44-59ec-ab7f-e11e454e26f1,05bc28d9-f69f-4447-bc2f-d657f8d2e921,native_text,source_regions,unknown,False,,,,reference_unknown,benchmark/results/v2/t160-retest-20261003/quality/runs/t160-quality-20261002T182955Z-75789e35-14-IMP-CROSS-r2/result.json
t160-quality-20261002T182955Z-75789e35-14-IMP-CROSS-r2,IMP-CROSS,2,automatic,239d78f4-ab44-59ec-ab7f-e11e454e26f1,05bc28d9-f69f-4447-bc2f-d657f8d2e921,native_text,assets,source_provided,True,False,"[{""asset_type"": ""diagram"", ""source_page_number"": 2, ""order_index"": 1}]",,matched,benchmark/results/v2/t160-retest-20261003/quality/runs/t160-quality-20261002T182955Z-75789e35-14-IMP-CROSS-r2/result.json
t160-quality-20261002T182955Z-75789e35-14-IMP-CROSS-r2,IMP-CROSS,2,assisted_corrected,239d78f4-ab44-59ec-ab7f-e11e454e26f1,05bc28d9-f69f-4447-bc2f-d657f8d2e921,native_text,question_number,source_provided,True,True,4,4,matched,benchmark/results/v2/t160-retest-20261003/quality/runs/t160-quality-20261002T182955Z-75789e35-14-IMP-CROSS-r2/result.json
t160-quality-20261002T182955Z-75789e35-14-IMP-CROSS-r2,IMP-CROSS,2,assisted_corrected,239d78f4-ab44-59ec-ab7f-e11e454e26f1,05bc28d9-f69f-4447-bc2f-d657f8d2e921,native_text,order_index,source_provided,True,True,1,1,matched,benchmark/results/v2/t160-retest-20261003/quality/runs/t160-quality-20261002T182955Z-75789e35-14-IMP-CROSS-r2/result.json
t160-quality-20261002T182955Z-75789e35-14-IMP-CROSS-r2,IMP-CROSS,2,assisted_corrected,239d78f4-ab44-59ec-ab7f-e11e454e26f1,05bc28d9-f69f-4447-bc2f-d657f8d2e921,native_text,source_page_numbers,source_provided,True,True,"[1, 2]","[1, 2]",matched,benchmark/results/v2/t160-retest-20261003/quality/runs/t160-quality-20261002T182955Z-75789e35-14-IMP-CROSS-r2/result.json
t160-quality-20261002T182955Z-75789e35-14-IMP-CROSS-r2,IMP-CROSS,2,assisted_corrected,239d78f4-ab44-59ec-ab7f-e11e454e26f1,05bc28d9-f69f-4447-bc2f-d657f8d2e921,native_text,question_type,unknown,False,,,SHORT_ANSWER,reference_unknown,benchmark/results/v2/t160-retest-20261003/quality/runs/t160-quality-20261002T182955Z-75789e35-14-IMP-CROSS-r2/result.json
t160-quality-20261002T182955Z-75789e35-14-IMP-CROSS-r2,IMP-CROSS,2,assisted_corrected,239d78f4-ab44-59ec-ab7f-e11e454e26f1,05bc28d9-f69f-4447-bc2f-d657f8d2e921,native_text,content,source_provided,True,True,"阅读下页流程图：输入 x = 3，计算输出 y。
按下图流程完成计算。","阅读下页流程图：输入 x = 3，计算输出 y。
按下图流程完成计算。",matched,benchmark/results/v2/t160-retest-20261003/quality/runs/t160-quality-20261002T182955Z-75789e35-14-IMP-CROSS-r2/result.json
t160-quality-20261002T182955Z-75789e35-14-IMP-CROSS-r2,IMP-CROSS,2,assisted_corrected,239d78f4-ab44-59ec-ab7f-e11e454e26f1,05bc28d9-f69f-4447-bc2f-d657f8d2e921,native_text,options,not_applicable,True,True,,,matched,benchmark/results/v2/t160-retest-20261003/quality/runs/t160-quality-20261002T182955Z-75789e35-14-IMP-CROSS-r2/result.json
t160-quality-20261002T182955Z-75789e35-14-IMP-CROSS-r2,IMP-CROSS,2,assisted_corrected,239d78f4-ab44-59ec-ab7f-e11e454e26f1,05bc28d9-f69f-4447-bc2f-d657f8d2e921,native_text,reference_answer,known_missing,True,True,,,matched,benchmark/results/v2/t160-retest-20261003/quality/runs/t160-quality-20261002T182955Z-75789e35-14-IMP-CROSS-r2/result.json
t160-quality-20261002T182955Z-75789e35-14-IMP-CROSS-r2,IMP-CROSS,2,assisted_corrected,239d78f4-ab44-59ec-ab7f-e11e454e26f1,05bc28d9-f69f-4447-bc2f-d657f8d2e921,native_text,analysis,known_missing,True,True,,,matched,benchmark/results/v2/t160-retest-20261003/quality/runs/t160-quality-20261002T182955Z-75789e35-14-IMP-CROSS-r2/result.json
t160-quality-20261002T182955Z-75789e35-14-IMP-CROSS-r2,IMP-CROSS,2,assisted_corrected,239d78f4-ab44-59ec-ab7f-e11e454e26f1,05bc28d9-f69f-4447-bc2f-d657f8d2e921,native_text,score,source_provided,True,True,5.00,5.00,matched,benchmark/results/v2/t160-retest-20261003/quality/runs/t160-quality-20261002T182955Z-75789e35-14-IMP-CROSS-r2/result.json
t160-quality-20261002T182955Z-75789e35-14-IMP-CROSS-r2,IMP-CROSS,2,assisted_corrected,239d78f4-ab44-59ec-ab7f-e11e454e26f1,05bc28d9-f69f-4447-bc2f-d657f8d2e921,native_text,scoring_rubric,source_provided,True,True,正确中间计算 2.00；最终输出 3.00。,正确中间计算 2.00；最终输出 3.00。,matched,benchmark/results/v2/t160-retest-20261003/quality/runs/t160-quality-20261002T182955Z-75789e35-14-IMP-CROSS-r2/result.json
t160-quality-20261002T182955Z-75789e35-14-IMP-CROSS-r2,IMP-CROSS,2,assisted_corrected,239d78f4-ab44-59ec-ab7f-e11e454e26f1,05bc28d9-f69f-4447-bc2f-d657f8d2e921,native_text,knowledge_points,known_missing,True,True,[],[],matched,benchmark/results/v2/t160-retest-20261003/quality/runs/t160-quality-20261002T182955Z-75789e35-14-IMP-CROSS-r2/result.json
t160-quality-20261002T182955Z-75789e35-14-IMP-CROSS-r2,IMP-CROSS,2,assisted_corrected,239d78f4-ab44-59ec-ab7f-e11e454e26f1,05bc28d9-f69f-4447-bc2f-d657f8d2e921,native_text,source_regions,unknown,False,,,,reference_unknown,benchmark/results/v2/t160-retest-20261003/quality/runs/t160-quality-20261002T182955Z-75789e35-14-IMP-CROSS-r2/result.json
t160-quality-20261002T182955Z-75789e35-14-IMP-CROSS-r2,IMP-CROSS,2,assisted_corrected,239d78f4-ab44-59ec-ab7f-e11e454e26f1,05bc28d9-f69f-4447-bc2f-d657f8d2e921,native_text,assets,source_provided,True,False,"[{""asset_type"": ""diagram"", ""source_page_number"": 2, ""order_index"": 1}]",,matched,benchmark/results/v2/t160-retest-20261003/quality/runs/t160-quality-20261002T182955Z-75789e35-14-IMP-CROSS-r2/result.json
t160-quality-20261002T182955Z-75789e35-15-IMP-CROSS-r3,IMP-CROSS,3,automatic,239d78f4-ab44-59ec-ab7f-e11e454e26f1,60222a5f-7018-4e85-a414-e2287157b522,native_text,question_number,source_provided,True,True,4,4,matched,benchmark/results/v2/t160-retest-20261003/quality/runs/t160-quality-20261002T182955Z-75789e35-15-IMP-CROSS-r3/result.json
t160-quality-20261002T182955Z-75789e35-15-IMP-CROSS-r3,IMP-CROSS,3,automatic,239d78f4-ab44-59ec-ab7f-e11e454e26f1,60222a5f-7018-4e85-a414-e2287157b522,native_text,order_index,source_provided,True,True,1,1,matched,benchmark/results/v2/t160-retest-20261003/quality/runs/t160-quality-20261002T182955Z-75789e35-15-IMP-CROSS-r3/result.json
t160-quality-20261002T182955Z-75789e35-15-IMP-CROSS-r3,IMP-CROSS,3,automatic,239d78f4-ab44-59ec-ab7f-e11e454e26f1,60222a5f-7018-4e85-a414-e2287157b522,native_text,source_page_numbers,source_provided,True,True,"[1, 2]","[1, 2]",matched,benchmark/results/v2/t160-retest-20261003/quality/runs/t160-quality-20261002T182955Z-75789e35-15-IMP-CROSS-r3/result.json
t160-quality-20261002T182955Z-75789e35-15-IMP-CROSS-r3,IMP-CROSS,3,automatic,239d78f4-ab44-59ec-ab7f-e11e454e26f1,60222a5f-7018-4e85-a414-e2287157b522,native_text,question_type,unknown,False,,,,reference_unknown,benchmark/results/v2/t160-retest-20261003/quality/runs/t160-quality-20261002T182955Z-75789e35-15-IMP-CROSS-r3/result.json
t160-quality-20261002T182955Z-75789e35-15-IMP-CROSS-r3,IMP-CROSS,3,automatic,239d78f4-ab44-59ec-ab7f-e11e454e26f1,60222a5f-7018-4e85-a414-e2287157b522,native_text,content,source_provided,True,False,"阅读下页流程图：输入 x = 3，计算输出 y。
按下图流程完成计算。","阅读下页流程图：输入 x = 3，计算输出 y。
题干起点在本页，流程图与本题续文在第 2 页。
第 4 题续：按下图流程完成计算。",matched,benchmark/results/v2/t160-retest-20261003/quality/runs/t160-quality-20261002T182955Z-75789e35-15-IMP-CROSS-r3/result.json
t160-quality-20261002T182955Z-75789e35-15-IMP-CROSS-r3,IMP-CROSS,3,automatic,239d78f4-ab44-59ec-ab7f-e11e454e26f1,60222a5f-7018-4e85-a414-e2287157b522,native_text,options,not_applicable,True,True,,,matched,benchmark/results/v2/t160-retest-20261003/quality/runs/t160-quality-20261002T182955Z-75789e35-15-IMP-CROSS-r3/result.json
t160-quality-20261002T182955Z-75789e35-15-IMP-CROSS-r3,IMP-CROSS,3,automatic,239d78f4-ab44-59ec-ab7f-e11e454e26f1,60222a5f-7018-4e85-a414-e2287157b522,native_text,reference_answer,known_missing,True,True,,,matched,benchmark/results/v2/t160-retest-20261003/quality/runs/t160-quality-20261002T182955Z-75789e35-15-IMP-CROSS-r3/result.json
t160-quality-20261002T182955Z-75789e35-15-IMP-CROSS-r3,IMP-CROSS,3,automatic,239d78f4-ab44-59ec-ab7f-e11e454e26f1,60222a5f-7018-4e85-a414-e2287157b522,native_text,analysis,known_missing,True,True,,,matched,benchmark/results/v2/t160-retest-20261003/quality/runs/t160-quality-20261002T182955Z-75789e35-15-IMP-CROSS-r3/result.json
t160-quality-20261002T182955Z-75789e35-15-IMP-CROSS-r3,IMP-CROSS,3,automatic,239d78f4-ab44-59ec-ab7f-e11e454e26f1,60222a5f-7018-4e85-a414-e2287157b522,native_text,score,source_provided,True,True,5.00,5.00,matched,benchmark/results/v2/t160-retest-20261003/quality/runs/t160-quality-20261002T182955Z-75789e35-15-IMP-CROSS-r3/result.json
t160-quality-20261002T182955Z-75789e35-15-IMP-CROSS-r3,IMP-CROSS,3,automatic,239d78f4-ab44-59ec-ab7f-e11e454e26f1,60222a5f-7018-4e85-a414-e2287157b522,native_text,scoring_rubric,source_provided,True,True,正确中间计算 2.00；最终输出 3.00。,正确中间计算 2.00；最终输出 3.00。,matched,benchmark/results/v2/t160-retest-20261003/quality/runs/t160-quality-20261002T182955Z-75789e35-15-IMP-CROSS-r3/result.json
t160-quality-20261002T182955Z-75789e35-15-IMP-CROSS-r3,IMP-CROSS,3,automatic,239d78f4-ab44-59ec-ab7f-e11e454e26f1,60222a5f-7018-4e85-a414-e2287157b522,native_text,knowledge_points,known_missing,True,False,[],,matched,benchmark/results/v2/t160-retest-20261003/quality/runs/t160-quality-20261002T182955Z-75789e35-15-IMP-CROSS-r3/result.json
t160-quality-20261002T182955Z-75789e35-15-IMP-CROSS-r3,IMP-CROSS,3,automatic,239d78f4-ab44-59ec-ab7f-e11e454e26f1,60222a5f-7018-4e85-a414-e2287157b522,native_text,source_regions,unknown,False,,,,reference_unknown,benchmark/results/v2/t160-retest-20261003/quality/runs/t160-quality-20261002T182955Z-75789e35-15-IMP-CROSS-r3/result.json
t160-quality-20261002T182955Z-75789e35-15-IMP-CROSS-r3,IMP-CROSS,3,automatic,239d78f4-ab44-59ec-ab7f-e11e454e26f1,60222a5f-7018-4e85-a414-e2287157b522,native_text,assets,source_provided,True,False,"[{""asset_type"": ""diagram"", ""source_page_number"": 2, ""order_index"": 1}]",,matched,benchmark/results/v2/t160-retest-20261003/quality/runs/t160-quality-20261002T182955Z-75789e35-15-IMP-CROSS-r3/result.json
t160-quality-20261002T182955Z-75789e35-15-IMP-CROSS-r3,IMP-CROSS,3,assisted_corrected,239d78f4-ab44-59ec-ab7f-e11e454e26f1,60222a5f-7018-4e85-a414-e2287157b522,native_text,question_number,source_provided,True,True,4,4,matched,benchmark/results/v2/t160-retest-20261003/quality/runs/t160-quality-20261002T182955Z-75789e35-15-IMP-CROSS-r3/result.json
t160-quality-20261002T182955Z-75789e35-15-IMP-CROSS-r3,IMP-CROSS,3,assisted_corrected,239d78f4-ab44-59ec-ab7f-e11e454e26f1,60222a5f-7018-4e85-a414-e2287157b522,native_text,order_index,source_provided,True,True,1,1,matched,benchmark/results/v2/t160-retest-20261003/quality/runs/t160-quality-20261002T182955Z-75789e35-15-IMP-CROSS-r3/result.json
t160-quality-20261002T182955Z-75789e35-15-IMP-CROSS-r3,IMP-CROSS,3,assisted_corrected,239d78f4-ab44-59ec-ab7f-e11e454e26f1,60222a5f-7018-4e85-a414-e2287157b522,native_text,source_page_numbers,source_provided,True,True,"[1, 2]","[1, 2]",matched,benchmark/results/v2/t160-retest-20261003/quality/runs/t160-quality-20261002T182955Z-75789e35-15-IMP-CROSS-r3/result.json
t160-quality-20261002T182955Z-75789e35-15-IMP-CROSS-r3,IMP-CROSS,3,assisted_corrected,239d78f4-ab44-59ec-ab7f-e11e454e26f1,60222a5f-7018-4e85-a414-e2287157b522,native_text,question_type,unknown,False,,,,reference_unknown,benchmark/results/v2/t160-retest-20261003/quality/runs/t160-quality-20261002T182955Z-75789e35-15-IMP-CROSS-r3/result.json
t160-quality-20261002T182955Z-75789e35-15-IMP-CROSS-r3,IMP-CROSS,3,assisted_corrected,239d78f4-ab44-59ec-ab7f-e11e454e26f1,60222a5f-7018-4e85-a414-e2287157b522,native_text,content,source_provided,True,True,"阅读下页流程图：输入 x = 3，计算输出 y。
按下图流程完成计算。","阅读下页流程图：输入 x = 3，计算输出 y。
按下图流程完成计算。",matched,benchmark/results/v2/t160-retest-20261003/quality/runs/t160-quality-20261002T182955Z-75789e35-15-IMP-CROSS-r3/result.json
t160-quality-20261002T182955Z-75789e35-15-IMP-CROSS-r3,IMP-CROSS,3,assisted_corrected,239d78f4-ab44-59ec-ab7f-e11e454e26f1,60222a5f-7018-4e85-a414-e2287157b522,native_text,options,not_applicable,True,True,,,matched,benchmark/results/v2/t160-retest-20261003/quality/runs/t160-quality-20261002T182955Z-75789e35-15-IMP-CROSS-r3/result.json
t160-quality-20261002T182955Z-75789e35-15-IMP-CROSS-r3,IMP-CROSS,3,assisted_corrected,239d78f4-ab44-59ec-ab7f-e11e454e26f1,60222a5f-7018-4e85-a414-e2287157b522,native_text,reference_answer,known_missing,True,True,,,matched,benchmark/results/v2/t160-retest-20261003/quality/runs/t160-quality-20261002T182955Z-75789e35-15-IMP-CROSS-r3/result.json
t160-quality-20261002T182955Z-75789e35-15-IMP-CROSS-r3,IMP-CROSS,3,assisted_corrected,239d78f4-ab44-59ec-ab7f-e11e454e26f1,60222a5f-7018-4e85-a414-e2287157b522,native_text,analysis,known_missing,True,True,,,matched,benchmark/results/v2/t160-retest-20261003/quality/runs/t160-quality-20261002T182955Z-75789e35-15-IMP-CROSS-r3/result.json
t160-quality-20261002T182955Z-75789e35-15-IMP-CROSS-r3,IMP-CROSS,3,assisted_corrected,239d78f4-ab44-59ec-ab7f-e11e454e26f1,60222a5f-7018-4e85-a414-e2287157b522,native_text,score,source_provided,True,True,5.00,5.00,matched,benchmark/results/v2/t160-retest-20261003/quality/runs/t160-quality-20261002T182955Z-75789e35-15-IMP-CROSS-r3/result.json
t160-quality-20261002T182955Z-75789e35-15-IMP-CROSS-r3,IMP-CROSS,3,assisted_corrected,239d78f4-ab44-59ec-ab7f-e11e454e26f1,60222a5f-7018-4e85-a414-e2287157b522,native_text,scoring_rubric,source_provided,True,True,正确中间计算 2.00；最终输出 3.00。,正确中间计算 2.00；最终输出 3.00。,matched,benchmark/results/v2/t160-retest-20261003/quality/runs/t160-quality-20261002T182955Z-75789e35-15-IMP-CROSS-r3/result.json
t160-quality-20261002T182955Z-75789e35-15-IMP-CROSS-r3,IMP-CROSS,3,assisted_corrected,239d78f4-ab44-59ec-ab7f-e11e454e26f1,60222a5f-7018-4e85-a414-e2287157b522,native_text,knowledge_points,known_missing,True,True,[],[],matched,benchmark/results/v2/t160-retest-20261003/quality/runs/t160-quality-20261002T182955Z-75789e35-15-IMP-CROSS-r3/result.json
t160-quality-20261002T182955Z-75789e35-15-IMP-CROSS-r3,IMP-CROSS,3,assisted_corrected,239d78f4-ab44-59ec-ab7f-e11e454e26f1,60222a5f-7018-4e85-a414-e2287157b522,native_text,source_regions,unknown,False,,,,reference_unknown,benchmark/results/v2/t160-retest-20261003/quality/runs/t160-quality-20261002T182955Z-75789e35-15-IMP-CROSS-r3/result.json
t160-quality-20261002T182955Z-75789e35-15-IMP-CROSS-r3,IMP-CROSS,3,assisted_corrected,239d78f4-ab44-59ec-ab7f-e11e454e26f1,60222a5f-7018-4e85-a414-e2287157b522,native_text,assets,source_provided,True,False,"[{""asset_type"": ""diagram"", ""source_page_number"": 2, ""order_index"": 1}]",,matched,benchmark/results/v2/t160-retest-20261003/quality/runs/t160-quality-20261002T182955Z-75789e35-15-IMP-CROSS-r3/result.json
t160-quality-20261002T182955Z-75789e35-01-IMP-TEXT-r1,IMP-TEXT,1,after_image_assistance,1194af49-5301-51bb-a173-0e6f524ac810,fc9fd369-07f7-471f-bf5d-8e4f9a2f2d71,native_text,question_number,source_provided,True,True,1,1,matched,benchmark/results/v2/t160-retest-20261003/quality/image-assistance/t160-quality-20261002T182955Z-75789e35-01-IMP-TEXT-r1.json
t160-quality-20261002T182955Z-75789e35-01-IMP-TEXT-r1,IMP-TEXT,1,after_image_assistance,1194af49-5301-51bb-a173-0e6f524ac810,fc9fd369-07f7-471f-bf5d-8e4f9a2f2d71,native_text,order_index,source_provided,True,True,1,1,matched,benchmark/results/v2/t160-retest-20261003/quality/image-assistance/t160-quality-20261002T182955Z-75789e35-01-IMP-TEXT-r1.json
t160-quality-20261002T182955Z-75789e35-01-IMP-TEXT-r1,IMP-TEXT,1,after_image_assistance,1194af49-5301-51bb-a173-0e6f524ac810,fc9fd369-07f7-471f-bf5d-8e4f9a2f2d71,native_text,source_page_numbers,source_provided,True,True,[1],[1],matched,benchmark/results/v2/t160-retest-20261003/quality/image-assistance/t160-quality-20261002T182955Z-75789e35-01-IMP-TEXT-r1.json
t160-quality-20261002T182955Z-75789e35-01-IMP-TEXT-r1,IMP-TEXT,1,after_image_assistance,1194af49-5301-51bb-a173-0e6f524ac810,fc9fd369-07f7-471f-bf5d-8e4f9a2f2d71,native_text,question_type,source_provided,True,True,SINGLE_CHOICE,SINGLE_CHOICE,matched,benchmark/results/v2/t160-retest-20261003/quality/image-assistance/t160-quality-20261002T182955Z-75789e35-01-IMP-TEXT-r1.json
t160-quality-20261002T182955Z-75789e35-01-IMP-TEXT-r1,IMP-TEXT,1,after_image_assistance,1194af49-5301-51bb-a173-0e6f524ac810,fc9fd369-07f7-471f-bf5d-8e4f9a2f2d71,native_text,content,source_provided,True,True,y = 2x + 1，x = 3 时 y 为多少？,y = 2x + 1，x = 3 时 y 为多少？,matched,benchmark/results/v2/t160-retest-20261003/quality/image-assistance/t160-quality-20261002T182955Z-75789e35-01-IMP-TEXT-r1.json
t160-quality-20261002T182955Z-75789e35-01-IMP-TEXT-r1,IMP-TEXT,1,after_image_assistance,1194af49-5301-51bb-a173-0e6f524ac810,fc9fd369-07f7-471f-bf5d-8e4f9a2f2d71,native_text,options,source_provided,True,True,"{""C"": ""7"", ""A"": ""5"", ""B"": ""6"", ""D"": ""8""}","{""C"": ""7"", ""A"": ""5"", ""B"": ""6"", ""D"": ""8""}",matched,benchmark/results/v2/t160-retest-20261003/quality/image-assistance/t160-quality-20261002T182955Z-75789e35-01-IMP-TEXT-r1.json
t160-quality-20261002T182955Z-75789e35-01-IMP-TEXT-r1,IMP-TEXT,1,after_image_assistance,1194af49-5301-51bb-a173-0e6f524ac810,fc9fd369-07f7-471f-bf5d-8e4f9a2f2d71,native_text,reference_answer,source_provided,True,True,C,C,matched,benchmark/results/v2/t160-retest-20261003/quality/image-assistance/t160-quality-20261002T182955Z-75789e35-01-IMP-TEXT-r1.json
t160-quality-20261002T182955Z-75789e35-01-IMP-TEXT-r1,IMP-TEXT,1,after_image_assistance,1194af49-5301-51bb-a173-0e6f524ac810,fc9fd369-07f7-471f-bf5d-8e4f9a2f2d71,native_text,analysis,source_provided,True,True,2 × 3 + 1 = 7。,2 × 3 + 1 = 7。,matched,benchmark/results/v2/t160-retest-20261003/quality/image-assistance/t160-quality-20261002T182955Z-75789e35-01-IMP-TEXT-r1.json
t160-quality-20261002T182955Z-75789e35-01-IMP-TEXT-r1,IMP-TEXT,1,after_image_assistance,1194af49-5301-51bb-a173-0e6f524ac810,fc9fd369-07f7-471f-bf5d-8e4f9a2f2d71,native_text,score,source_provided,True,True,2.00,2.00,matched,benchmark/results/v2/t160-retest-20261003/quality/image-assistance/t160-quality-20261002T182955Z-75789e35-01-IMP-TEXT-r1.json
t160-quality-20261002T182955Z-75789e35-01-IMP-TEXT-r1,IMP-TEXT,1,after_image_assistance,1194af49-5301-51bb-a173-0e6f524ac810,fc9fd369-07f7-471f-bf5d-8e4f9a2f2d71,native_text,scoring_rubric,known_missing,True,True,,,matched,benchmark/results/v2/t160-retest-20261003/quality/image-assistance/t160-quality-20261002T182955Z-75789e35-01-IMP-TEXT-r1.json
t160-quality-20261002T182955Z-75789e35-01-IMP-TEXT-r1,IMP-TEXT,1,after_image_assistance,1194af49-5301-51bb-a173-0e6f524ac810,fc9fd369-07f7-471f-bf5d-8e4f9a2f2d71,native_text,knowledge_points,known_missing,True,True,[],[],matched,benchmark/results/v2/t160-retest-20261003/quality/image-assistance/t160-quality-20261002T182955Z-75789e35-01-IMP-TEXT-r1.json
t160-quality-20261002T182955Z-75789e35-01-IMP-TEXT-r1,IMP-TEXT,1,after_image_assistance,1194af49-5301-51bb-a173-0e6f524ac810,fc9fd369-07f7-471f-bf5d-8e4f9a2f2d71,native_text,source_regions,unknown,False,,,,reference_unknown,benchmark/results/v2/t160-retest-20261003/quality/image-assistance/t160-quality-20261002T182955Z-75789e35-01-IMP-TEXT-r1.json
t160-quality-20261002T182955Z-75789e35-01-IMP-TEXT-r1,IMP-TEXT,1,after_image_assistance,1194af49-5301-51bb-a173-0e6f524ac810,fc9fd369-07f7-471f-bf5d-8e4f9a2f2d71,native_text,assets,source_provided,True,True,[],[],matched,benchmark/results/v2/t160-retest-20261003/quality/image-assistance/t160-quality-20261002T182955Z-75789e35-01-IMP-TEXT-r1.json
t160-quality-20261002T182955Z-75789e35-01-IMP-TEXT-r1,IMP-TEXT,1,after_image_assistance,8e0aecaf-072d-5ed7-9b43-5d33ad202cc1,d9f036d9-bdf2-4c11-b88a-d2d763302d44,native_text,question_number,source_provided,True,True,2,2,matched,benchmark/results/v2/t160-retest-20261003/quality/image-assistance/t160-quality-20261002T182955Z-75789e35-01-IMP-TEXT-r1.json
t160-quality-20261002T182955Z-75789e35-01-IMP-TEXT-r1,IMP-TEXT,1,after_image_assistance,8e0aecaf-072d-5ed7-9b43-5d33ad202cc1,d9f036d9-bdf2-4c11-b88a-d2d763302d44,native_text,order_index,source_provided,True,True,2,2,matched,benchmark/results/v2/t160-retest-20261003/quality/image-assistance/t160-quality-20261002T182955Z-75789e35-01-IMP-TEXT-r1.json
t160-quality-20261002T182955Z-75789e35-01-IMP-TEXT-r1,IMP-TEXT,1,after_image_assistance,8e0aecaf-072d-5ed7-9b43-5d33ad202cc1,d9f036d9-bdf2-4c11-b88a-d2d763302d44,native_text,source_page_numbers,source_provided,True,True,[1],[1],matched,benchmark/results/v2/t160-retest-20261003/quality/image-assistance/t160-quality-20261002T182955Z-75789e35-01-IMP-TEXT-r1.json
t160-quality-20261002T182955Z-75789e35-01-IMP-TEXT-r1,IMP-TEXT,1,after_image_assistance,8e0aecaf-072d-5ed7-9b43-5d33ad202cc1,d9f036d9-bdf2-4c11-b88a-d2d763302d44,native_text,question_type,source_provided,True,True,TRUE_FALSE,TRUE_FALSE,matched,benchmark/results/v2/t160-retest-20261003/quality/image-assistance/t160-quality-20261002T182955Z-75789e35-01-IMP-TEXT-r1.json
t160-quality-20261002T182955Z-75789e35-01-IMP-TEXT-r1,IMP-TEXT,1,after_image_assistance,8e0aecaf-072d-5ed7-9b43-5d33ad202cc1,d9f036d9-bdf2-4c11-b88a-d2d763302d44,native_text,content,source_provided,True,True,右图三角形面积为 24 cm²。,右图三角形面积为 24 cm²。,matched,benchmark/results/v2/t160-retest-20261003/quality/image-assistance/t160-quality-20261002T182955Z-75789e35-01-IMP-TEXT-r1.json
t160-quality-20261002T182955Z-75789e35-01-IMP-TEXT-r1,IMP-TEXT,1,after_image_assistance,8e0aecaf-072d-5ed7-9b43-5d33ad202cc1,d9f036d9-bdf2-4c11-b88a-d2d763302d44,native_text,options,source_provided,True,True,"[""正确"", ""错误""]","[""正确"", ""错误""]",matched,benchmark/results/v2/t160-retest-20261003/quality/image-assistance/t160-quality-20261002T182955Z-75789e35-01-IMP-TEXT-r1.json
t160-quality-20261002T182955Z-75789e35-01-IMP-TEXT-r1,IMP-TEXT,1,after_image_assistance,8e0aecaf-072d-5ed7-9b43-5d33ad202cc1,d9f036d9-bdf2-4c11-b88a-d2d763302d44,native_text,reference_answer,known_missing,True,True,,,matched,benchmark/results/v2/t160-retest-20261003/quality/image-assistance/t160-quality-20261002T182955Z-75789e35-01-IMP-TEXT-r1.json
t160-quality-20261002T182955Z-75789e35-01-IMP-TEXT-r1,IMP-TEXT,1,after_image_assistance,8e0aecaf-072d-5ed7-9b43-5d33ad202cc1,d9f036d9-bdf2-4c11-b88a-d2d763302d44,native_text,analysis,known_missing,True,True,,,matched,benchmark/results/v2/t160-retest-20261003/quality/image-assistance/t160-quality-20261002T182955Z-75789e35-01-IMP-TEXT-r1.json
t160-quality-20261002T182955Z-75789e35-01-IMP-TEXT-r1,IMP-TEXT,1,after_image_assistance,8e0aecaf-072d-5ed7-9b43-5d33ad202cc1,d9f036d9-bdf2-4c11-b88a-d2d763302d44,native_text,score,source_provided,True,True,2.00,2.00,matched,benchmark/results/v2/t160-retest-20261003/quality/image-assistance/t160-quality-20261002T182955Z-75789e35-01-IMP-TEXT-r1.json
t160-quality-20261002T182955Z-75789e35-01-IMP-TEXT-r1,IMP-TEXT,1,after_image_assistance,8e0aecaf-072d-5ed7-9b43-5d33ad202cc1,d9f036d9-bdf2-4c11-b88a-d2d763302d44,native_text,scoring_rubric,known_missing,True,True,,,matched,benchmark/results/v2/t160-retest-20261003/quality/image-assistance/t160-quality-20261002T182955Z-75789e35-01-IMP-TEXT-r1.json
t160-quality-20261002T182955Z-75789e35-01-IMP-TEXT-r1,IMP-TEXT,1,after_image_assistance,8e0aecaf-072d-5ed7-9b43-5d33ad202cc1,d9f036d9-bdf2-4c11-b88a-d2d763302d44,native_text,knowledge_points,known_missing,True,True,[],[],matched,benchmark/results/v2/t160-retest-20261003/quality/image-assistance/t160-quality-20261002T182955Z-75789e35-01-IMP-TEXT-r1.json
t160-quality-20261002T182955Z-75789e35-01-IMP-TEXT-r1,IMP-TEXT,1,after_image_assistance,8e0aecaf-072d-5ed7-9b43-5d33ad202cc1,d9f036d9-bdf2-4c11-b88a-d2d763302d44,native_text,source_regions,unknown,False,,,,reference_unknown,benchmark/results/v2/t160-retest-20261003/quality/image-assistance/t160-quality-20261002T182955Z-75789e35-01-IMP-TEXT-r1.json
t160-quality-20261002T182955Z-75789e35-01-IMP-TEXT-r1,IMP-TEXT,1,after_image_assistance,8e0aecaf-072d-5ed7-9b43-5d33ad202cc1,d9f036d9-bdf2-4c11-b88a-d2d763302d44,native_text,assets,source_provided,True,True,"[{""asset_type"": ""figure"", ""source_page_number"": 1, ""order_index"": 1}]","[{""asset_type"": ""figure"", ""source_page_number"": 1, ""order_index"": 1}]",matched,benchmark/results/v2/t160-retest-20261003/quality/image-assistance/t160-quality-20261002T182955Z-75789e35-01-IMP-TEXT-r1.json
t160-quality-20261002T182955Z-75789e35-01-IMP-TEXT-r1,IMP-TEXT,1,after_image_assistance,fdef73bd-f984-58d1-8a53-3eea668a9f83,1805d1df-be1b-4d26-8646-d43da6399868,native_text,question_number,source_provided,True,True,3,3,matched,benchmark/results/v2/t160-retest-20261003/quality/image-assistance/t160-quality-20261002T182955Z-75789e35-01-IMP-TEXT-r1.json
t160-quality-20261002T182955Z-75789e35-01-IMP-TEXT-r1,IMP-TEXT,1,after_image_assistance,fdef73bd-f984-58d1-8a53-3eea668a9f83,1805d1df-be1b-4d26-8646-d43da6399868,native_text,order_index,source_provided,True,True,3,3,matched,benchmark/results/v2/t160-retest-20261003/quality/image-assistance/t160-quality-20261002T182955Z-75789e35-01-IMP-TEXT-r1.json
t160-quality-20261002T182955Z-75789e35-01-IMP-TEXT-r1,IMP-TEXT,1,after_image_assistance,fdef73bd-f984-58d1-8a53-3eea668a9f83,1805d1df-be1b-4d26-8646-d43da6399868,native_text,source_page_numbers,source_provided,True,True,[1],[1],matched,benchmark/results/v2/t160-retest-20261003/quality/image-assistance/t160-quality-20261002T182955Z-75789e35-01-IMP-TEXT-r1.json
t160-quality-20261002T182955Z-75789e35-01-IMP-TEXT-r1,IMP-TEXT,1,after_image_assistance,fdef73bd-f984-58d1-8a53-3eea668a9f83,1805d1df-be1b-4d26-8646-d43da6399868,native_text,question_type,source_provided,True,True,SHORT_ANSWER,SHORT_ANSWER,matched,benchmark/results/v2/t160-retest-20261003/quality/image-assistance/t160-quality-20261002T182955Z-75789e35-01-IMP-TEXT-r1.json
t160-quality-20261002T182955Z-75789e35-01-IMP-TEXT-r1,IMP-TEXT,1,after_image_assistance,fdef73bd-f984-58d1-8a53-3eea668a9f83,1805d1df-be1b-4d26-8646-d43da6399868,native_text,content,source_provided,True,True,根据下表写出 y 关于 x 的关系式。,根据下表写出 y 关于 x 的关系式。,matched,benchmark/results/v2/t160-retest-20261003/quality/image-assistance/t160-quality-20261002T182955Z-75789e35-01-IMP-TEXT-r1.json
t160-quality-20261002T182955Z-75789e35-01-IMP-TEXT-r1,IMP-TEXT,1,after_image_assistance,fdef73bd-f984-58d1-8a53-3eea668a9f83,1805d1df-be1b-4d26-8646-d43da6399868,native_text,options,not_applicable,True,True,,,matched,benchmark/results/v2/t160-retest-20261003/quality/image-assistance/t160-quality-20261002T182955Z-75789e35-01-IMP-TEXT-r1.json
t160-quality-20261002T182955Z-75789e35-01-IMP-TEXT-r1,IMP-TEXT,1,after_image_assistance,fdef73bd-f984-58d1-8a53-3eea668a9f83,1805d1df-be1b-4d26-8646-d43da6399868,native_text,reference_answer,known_missing,True,True,,,matched,benchmark/results/v2/t160-retest-20261003/quality/image-assistance/t160-quality-20261002T182955Z-75789e35-01-IMP-TEXT-r1.json
t160-quality-20261002T182955Z-75789e35-01-IMP-TEXT-r1,IMP-TEXT,1,after_image_assistance,fdef73bd-f984-58d1-8a53-3eea668a9f83,1805d1df-be1b-4d26-8646-d43da6399868,native_text,analysis,known_missing,True,True,,,matched,benchmark/results/v2/t160-retest-20261003/quality/image-assistance/t160-quality-20261002T182955Z-75789e35-01-IMP-TEXT-r1.json
t160-quality-20261002T182955Z-75789e35-01-IMP-TEXT-r1,IMP-TEXT,1,after_image_assistance,fdef73bd-f984-58d1-8a53-3eea668a9f83,1805d1df-be1b-4d26-8646-d43da6399868,native_text,score,source_provided,True,True,3.00,3.00,matched,benchmark/results/v2/t160-retest-20261003/quality/image-assistance/t160-quality-20261002T182955Z-75789e35-01-IMP-TEXT-r1.json
t160-quality-20261002T182955Z-75789e35-01-IMP-TEXT-r1,IMP-TEXT,1,after_image_assistance,fdef73bd-f984-58d1-8a53-3eea668a9f83,1805d1df-be1b-4d26-8646-d43da6399868,native_text,scoring_rubric,source_provided,True,True,正确关系式 1.00；说明代入过程 2.00。,正确关系式 1.00；说明代入过程 2.00。,matched,benchmark/results/v2/t160-retest-20261003/quality/image-assistance/t160-quality-20261002T182955Z-75789e35-01-IMP-TEXT-r1.json
t160-quality-20261002T182955Z-75789e35-01-IMP-TEXT-r1,IMP-TEXT,1,after_image_assistance,fdef73bd-f984-58d1-8a53-3eea668a9f83,1805d1df-be1b-4d26-8646-d43da6399868,native_text,knowledge_points,source_provided,True,True,"[""一次函数"", ""表达与计算""]","[""一次函数"", ""表达与计算""]",matched,benchmark/results/v2/t160-retest-20261003/quality/image-assistance/t160-quality-20261002T182955Z-75789e35-01-IMP-TEXT-r1.json
t160-quality-20261002T182955Z-75789e35-01-IMP-TEXT-r1,IMP-TEXT,1,after_image_assistance,fdef73bd-f984-58d1-8a53-3eea668a9f83,1805d1df-be1b-4d26-8646-d43da6399868,native_text,source_regions,unknown,False,,,,reference_unknown,benchmark/results/v2/t160-retest-20261003/quality/image-assistance/t160-quality-20261002T182955Z-75789e35-01-IMP-TEXT-r1.json
t160-quality-20261002T182955Z-75789e35-01-IMP-TEXT-r1,IMP-TEXT,1,after_image_assistance,fdef73bd-f984-58d1-8a53-3eea668a9f83,1805d1df-be1b-4d26-8646-d43da6399868,native_text,assets,source_provided,True,True,"[{""asset_type"": ""table"", ""source_page_number"": 1, ""order_index"": 1}]","[{""asset_type"": ""table"", ""source_page_number"": 1, ""order_index"": 1}]",matched,benchmark/results/v2/t160-retest-20261003/quality/image-assistance/t160-quality-20261002T182955Z-75789e35-01-IMP-TEXT-r1.json
t160-quality-20261002T182955Z-75789e35-02-IMP-TEXT-r2,IMP-TEXT,2,after_image_assistance,1194af49-5301-51bb-a173-0e6f524ac810,3a003999-86ea-4915-bd27-78af7ed2a284,native_text,question_number,source_provided,True,True,1,1,matched,benchmark/results/v2/t160-retest-20261003/quality/image-assistance/t160-quality-20261002T182955Z-75789e35-02-IMP-TEXT-r2.json
t160-quality-20261002T182955Z-75789e35-02-IMP-TEXT-r2,IMP-TEXT,2,after_image_assistance,1194af49-5301-51bb-a173-0e6f524ac810,3a003999-86ea-4915-bd27-78af7ed2a284,native_text,order_index,source_provided,True,True,1,1,matched,benchmark/results/v2/t160-retest-20261003/quality/image-assistance/t160-quality-20261002T182955Z-75789e35-02-IMP-TEXT-r2.json
t160-quality-20261002T182955Z-75789e35-02-IMP-TEXT-r2,IMP-TEXT,2,after_image_assistance,1194af49-5301-51bb-a173-0e6f524ac810,3a003999-86ea-4915-bd27-78af7ed2a284,native_text,source_page_numbers,source_provided,True,True,[1],[1],matched,benchmark/results/v2/t160-retest-20261003/quality/image-assistance/t160-quality-20261002T182955Z-75789e35-02-IMP-TEXT-r2.json
t160-quality-20261002T182955Z-75789e35-02-IMP-TEXT-r2,IMP-TEXT,2,after_image_assistance,1194af49-5301-51bb-a173-0e6f524ac810,3a003999-86ea-4915-bd27-78af7ed2a284,native_text,question_type,source_provided,True,True,SINGLE_CHOICE,SINGLE_CHOICE,matched,benchmark/results/v2/t160-retest-20261003/quality/image-assistance/t160-quality-20261002T182955Z-75789e35-02-IMP-TEXT-r2.json
t160-quality-20261002T182955Z-75789e35-02-IMP-TEXT-r2,IMP-TEXT,2,after_image_assistance,1194af49-5301-51bb-a173-0e6f524ac810,3a003999-86ea-4915-bd27-78af7ed2a284,native_text,content,source_provided,True,True,y = 2x + 1，x = 3 时 y 为多少？,y = 2x + 1，x = 3 时 y 为多少？,matched,benchmark/results/v2/t160-retest-20261003/quality/image-assistance/t160-quality-20261002T182955Z-75789e35-02-IMP-TEXT-r2.json
t160-quality-20261002T182955Z-75789e35-02-IMP-TEXT-r2,IMP-TEXT,2,after_image_assistance,1194af49-5301-51bb-a173-0e6f524ac810,3a003999-86ea-4915-bd27-78af7ed2a284,native_text,options,source_provided,True,True,"{""C"": ""7"", ""A"": ""5"", ""B"": ""6"", ""D"": ""8""}","{""C"": ""7"", ""A"": ""5"", ""B"": ""6"", ""D"": ""8""}",matched,benchmark/results/v2/t160-retest-20261003/quality/image-assistance/t160-quality-20261002T182955Z-75789e35-02-IMP-TEXT-r2.json
t160-quality-20261002T182955Z-75789e35-02-IMP-TEXT-r2,IMP-TEXT,2,after_image_assistance,1194af49-5301-51bb-a173-0e6f524ac810,3a003999-86ea-4915-bd27-78af7ed2a284,native_text,reference_answer,source_provided,True,True,C,C,matched,benchmark/results/v2/t160-retest-20261003/quality/image-assistance/t160-quality-20261002T182955Z-75789e35-02-IMP-TEXT-r2.json
t160-quality-20261002T182955Z-75789e35-02-IMP-TEXT-r2,IMP-TEXT,2,after_image_assistance,1194af49-5301-51bb-a173-0e6f524ac810,3a003999-86ea-4915-bd27-78af7ed2a284,native_text,analysis,source_provided,True,True,2 × 3 + 1 = 7。,2 × 3 + 1 = 7。,matched,benchmark/results/v2/t160-retest-20261003/quality/image-assistance/t160-quality-20261002T182955Z-75789e35-02-IMP-TEXT-r2.json
t160-quality-20261002T182955Z-75789e35-02-IMP-TEXT-r2,IMP-TEXT,2,after_image_assistance,1194af49-5301-51bb-a173-0e6f524ac810,3a003999-86ea-4915-bd27-78af7ed2a284,native_text,score,source_provided,True,True,2.00,2.00,matched,benchmark/results/v2/t160-retest-20261003/quality/image-assistance/t160-quality-20261002T182955Z-75789e35-02-IMP-TEXT-r2.json
t160-quality-20261002T182955Z-75789e35-02-IMP-TEXT-r2,IMP-TEXT,2,after_image_assistance,1194af49-5301-51bb-a173-0e6f524ac810,3a003999-86ea-4915-bd27-78af7ed2a284,native_text,scoring_rubric,known_missing,True,True,,,matched,benchmark/results/v2/t160-retest-20261003/quality/image-assistance/t160-quality-20261002T182955Z-75789e35-02-IMP-TEXT-r2.json
t160-quality-20261002T182955Z-75789e35-02-IMP-TEXT-r2,IMP-TEXT,2,after_image_assistance,1194af49-5301-51bb-a173-0e6f524ac810,3a003999-86ea-4915-bd27-78af7ed2a284,native_text,knowledge_points,known_missing,True,True,[],[],matched,benchmark/results/v2/t160-retest-20261003/quality/image-assistance/t160-quality-20261002T182955Z-75789e35-02-IMP-TEXT-r2.json
t160-quality-20261002T182955Z-75789e35-02-IMP-TEXT-r2,IMP-TEXT,2,after_image_assistance,1194af49-5301-51bb-a173-0e6f524ac810,3a003999-86ea-4915-bd27-78af7ed2a284,native_text,source_regions,unknown,False,,,,reference_unknown,benchmark/results/v2/t160-retest-20261003/quality/image-assistance/t160-quality-20261002T182955Z-75789e35-02-IMP-TEXT-r2.json
t160-quality-20261002T182955Z-75789e35-02-IMP-TEXT-r2,IMP-TEXT,2,after_image_assistance,1194af49-5301-51bb-a173-0e6f524ac810,3a003999-86ea-4915-bd27-78af7ed2a284,native_text,assets,source_provided,True,True,[],[],matched,benchmark/results/v2/t160-retest-20261003/quality/image-assistance/t160-quality-20261002T182955Z-75789e35-02-IMP-TEXT-r2.json
t160-quality-20261002T182955Z-75789e35-02-IMP-TEXT-r2,IMP-TEXT,2,after_image_assistance,8e0aecaf-072d-5ed7-9b43-5d33ad202cc1,ba2580a8-43cb-49b1-ab7c-252db95e6f99,native_text,question_number,source_provided,True,True,2,2,matched,benchmark/results/v2/t160-retest-20261003/quality/image-assistance/t160-quality-20261002T182955Z-75789e35-02-IMP-TEXT-r2.json
t160-quality-20261002T182955Z-75789e35-02-IMP-TEXT-r2,IMP-TEXT,2,after_image_assistance,8e0aecaf-072d-5ed7-9b43-5d33ad202cc1,ba2580a8-43cb-49b1-ab7c-252db95e6f99,native_text,order_index,source_provided,True,True,2,2,matched,benchmark/results/v2/t160-retest-20261003/quality/image-assistance/t160-quality-20261002T182955Z-75789e35-02-IMP-TEXT-r2.json
t160-quality-20261002T182955Z-75789e35-02-IMP-TEXT-r2,IMP-TEXT,2,after_image_assistance,8e0aecaf-072d-5ed7-9b43-5d33ad202cc1,ba2580a8-43cb-49b1-ab7c-252db95e6f99,native_text,source_page_numbers,source_provided,True,True,[1],[1],matched,benchmark/results/v2/t160-retest-20261003/quality/image-assistance/t160-quality-20261002T182955Z-75789e35-02-IMP-TEXT-r2.json
t160-quality-20261002T182955Z-75789e35-02-IMP-TEXT-r2,IMP-TEXT,2,after_image_assistance,8e0aecaf-072d-5ed7-9b43-5d33ad202cc1,ba2580a8-43cb-49b1-ab7c-252db95e6f99,native_text,question_type,source_provided,True,True,TRUE_FALSE,TRUE_FALSE,matched,benchmark/results/v2/t160-retest-20261003/quality/image-assistance/t160-quality-20261002T182955Z-75789e35-02-IMP-TEXT-r2.json
t160-quality-20261002T182955Z-75789e35-02-IMP-TEXT-r2,IMP-TEXT,2,after_image_assistance,8e0aecaf-072d-5ed7-9b43-5d33ad202cc1,ba2580a8-43cb-49b1-ab7c-252db95e6f99,native_text,content,source_provided,True,True,右图三角形面积为 24 cm²。,右图三角形面积为 24 cm²。,matched,benchmark/results/v2/t160-retest-20261003/quality/image-assistance/t160-quality-20261002T182955Z-75789e35-02-IMP-TEXT-r2.json
t160-quality-20261002T182955Z-75789e35-02-IMP-TEXT-r2,IMP-TEXT,2,after_image_assistance,8e0aecaf-072d-5ed7-9b43-5d33ad202cc1,ba2580a8-43cb-49b1-ab7c-252db95e6f99,native_text,options,source_provided,True,True,"[""正确"", ""错误""]","[""正确"", ""错误""]",matched,benchmark/results/v2/t160-retest-20261003/quality/image-assistance/t160-quality-20261002T182955Z-75789e35-02-IMP-TEXT-r2.json
t160-quality-20261002T182955Z-75789e35-02-IMP-TEXT-r2,IMP-TEXT,2,after_image_assistance,8e0aecaf-072d-5ed7-9b43-5d33ad202cc1,ba2580a8-43cb-49b1-ab7c-252db95e6f99,native_text,reference_answer,known_missing,True,True,,,matched,benchmark/results/v2/t160-retest-20261003/quality/image-assistance/t160-quality-20261002T182955Z-75789e35-02-IMP-TEXT-r2.json
t160-quality-20261002T182955Z-75789e35-02-IMP-TEXT-r2,IMP-TEXT,2,after_image_assistance,8e0aecaf-072d-5ed7-9b43-5d33ad202cc1,ba2580a8-43cb-49b1-ab7c-252db95e6f99,native_text,analysis,known_missing,True,True,,,matched,benchmark/results/v2/t160-retest-20261003/quality/image-assistance/t160-quality-20261002T182955Z-75789e35-02-IMP-TEXT-r2.json
t160-quality-20261002T182955Z-75789e35-02-IMP-TEXT-r2,IMP-TEXT,2,after_image_assistance,8e0aecaf-072d-5ed7-9b43-5d33ad202cc1,ba2580a8-43cb-49b1-ab7c-252db95e6f99,native_text,score,source_provided,True,True,2.00,2.00,matched,benchmark/results/v2/t160-retest-20261003/quality/image-assistance/t160-quality-20261002T182955Z-75789e35-02-IMP-TEXT-r2.json
t160-quality-20261002T182955Z-75789e35-02-IMP-TEXT-r2,IMP-TEXT,2,after_image_assistance,8e0aecaf-072d-5ed7-9b43-5d33ad202cc1,ba2580a8-43cb-49b1-ab7c-252db95e6f99,native_text,scoring_rubric,known_missing,True,True,,,matched,benchmark/results/v2/t160-retest-20261003/quality/image-assistance/t160-quality-20261002T182955Z-75789e35-02-IMP-TEXT-r2.json
t160-quality-20261002T182955Z-75789e35-02-IMP-TEXT-r2,IMP-TEXT,2,after_image_assistance,8e0aecaf-072d-5ed7-9b43-5d33ad202cc1,ba2580a8-43cb-49b1-ab7c-252db95e6f99,native_text,knowledge_points,known_missing,True,True,[],[],matched,benchmark/results/v2/t160-retest-20261003/quality/image-assistance/t160-quality-20261002T182955Z-75789e35-02-IMP-TEXT-r2.json
t160-quality-20261002T182955Z-75789e35-02-IMP-TEXT-r2,IMP-TEXT,2,after_image_assistance,8e0aecaf-072d-5ed7-9b43-5d33ad202cc1,ba2580a8-43cb-49b1-ab7c-252db95e6f99,native_text,source_regions,unknown,False,,,,reference_unknown,benchmark/results/v2/t160-retest-20261003/quality/image-assistance/t160-quality-20261002T182955Z-75789e35-02-IMP-TEXT-r2.json
t160-quality-20261002T182955Z-75789e35-02-IMP-TEXT-r2,IMP-TEXT,2,after_image_assistance,8e0aecaf-072d-5ed7-9b43-5d33ad202cc1,ba2580a8-43cb-49b1-ab7c-252db95e6f99,native_text,assets,source_provided,True,True,"[{""asset_type"": ""figure"", ""source_page_number"": 1, ""order_index"": 1}]","[{""asset_type"": ""figure"", ""source_page_number"": 1, ""order_index"": 1}]",matched,benchmark/results/v2/t160-retest-20261003/quality/image-assistance/t160-quality-20261002T182955Z-75789e35-02-IMP-TEXT-r2.json
t160-quality-20261002T182955Z-75789e35-02-IMP-TEXT-r2,IMP-TEXT,2,after_image_assistance,fdef73bd-f984-58d1-8a53-3eea668a9f83,b8d2528a-81ef-4dfc-8f4c-25a93531cdaf,native_text,question_number,source_provided,True,True,3,3,matched,benchmark/results/v2/t160-retest-20261003/quality/image-assistance/t160-quality-20261002T182955Z-75789e35-02-IMP-TEXT-r2.json
t160-quality-20261002T182955Z-75789e35-02-IMP-TEXT-r2,IMP-TEXT,2,after_image_assistance,fdef73bd-f984-58d1-8a53-3eea668a9f83,b8d2528a-81ef-4dfc-8f4c-25a93531cdaf,native_text,order_index,source_provided,True,True,3,3,matched,benchmark/results/v2/t160-retest-20261003/quality/image-assistance/t160-quality-20261002T182955Z-75789e35-02-IMP-TEXT-r2.json
t160-quality-20261002T182955Z-75789e35-02-IMP-TEXT-r2,IMP-TEXT,2,after_image_assistance,fdef73bd-f984-58d1-8a53-3eea668a9f83,b8d2528a-81ef-4dfc-8f4c-25a93531cdaf,native_text,source_page_numbers,source_provided,True,True,[1],[1],matched,benchmark/results/v2/t160-retest-20261003/quality/image-assistance/t160-quality-20261002T182955Z-75789e35-02-IMP-TEXT-r2.json
t160-quality-20261002T182955Z-75789e35-02-IMP-TEXT-r2,IMP-TEXT,2,after_image_assistance,fdef73bd-f984-58d1-8a53-3eea668a9f83,b8d2528a-81ef-4dfc-8f4c-25a93531cdaf,native_text,question_type,source_provided,True,True,SHORT_ANSWER,SHORT_ANSWER,matched,benchmark/results/v2/t160-retest-20261003/quality/image-assistance/t160-quality-20261002T182955Z-75789e35-02-IMP-TEXT-r2.json
t160-quality-20261002T182955Z-75789e35-02-IMP-TEXT-r2,IMP-TEXT,2,after_image_assistance,fdef73bd-f984-58d1-8a53-3eea668a9f83,b8d2528a-81ef-4dfc-8f4c-25a93531cdaf,native_text,content,source_provided,True,True,根据下表写出 y 关于 x 的关系式。,根据下表写出 y 关于 x 的关系式。,matched,benchmark/results/v2/t160-retest-20261003/quality/image-assistance/t160-quality-20261002T182955Z-75789e35-02-IMP-TEXT-r2.json
t160-quality-20261002T182955Z-75789e35-02-IMP-TEXT-r2,IMP-TEXT,2,after_image_assistance,fdef73bd-f984-58d1-8a53-3eea668a9f83,b8d2528a-81ef-4dfc-8f4c-25a93531cdaf,native_text,options,not_applicable,True,True,,,matched,benchmark/results/v2/t160-retest-20261003/quality/image-assistance/t160-quality-20261002T182955Z-75789e35-02-IMP-TEXT-r2.json
t160-quality-20261002T182955Z-75789e35-02-IMP-TEXT-r2,IMP-TEXT,2,after_image_assistance,fdef73bd-f984-58d1-8a53-3eea668a9f83,b8d2528a-81ef-4dfc-8f4c-25a93531cdaf,native_text,reference_answer,known_missing,True,True,,,matched,benchmark/results/v2/t160-retest-20261003/quality/image-assistance/t160-quality-20261002T182955Z-75789e35-02-IMP-TEXT-r2.json
t160-quality-20261002T182955Z-75789e35-02-IMP-TEXT-r2,IMP-TEXT,2,after_image_assistance,fdef73bd-f984-58d1-8a53-3eea668a9f83,b8d2528a-81ef-4dfc-8f4c-25a93531cdaf,native_text,analysis,known_missing,True,True,,,matched,benchmark/results/v2/t160-retest-20261003/quality/image-assistance/t160-quality-20261002T182955Z-75789e35-02-IMP-TEXT-r2.json
t160-quality-20261002T182955Z-75789e35-02-IMP-TEXT-r2,IMP-TEXT,2,after_image_assistance,fdef73bd-f984-58d1-8a53-3eea668a9f83,b8d2528a-81ef-4dfc-8f4c-25a93531cdaf,native_text,score,source_provided,True,True,3.00,3.00,matched,benchmark/results/v2/t160-retest-20261003/quality/image-assistance/t160-quality-20261002T182955Z-75789e35-02-IMP-TEXT-r2.json
t160-quality-20261002T182955Z-75789e35-02-IMP-TEXT-r2,IMP-TEXT,2,after_image_assistance,fdef73bd-f984-58d1-8a53-3eea668a9f83,b8d2528a-81ef-4dfc-8f4c-25a93531cdaf,native_text,scoring_rubric,source_provided,True,True,正确关系式 1.00；说明代入过程 2.00。,正确关系式 1.00；说明代入过程 2.00。,matched,benchmark/results/v2/t160-retest-20261003/quality/image-assistance/t160-quality-20261002T182955Z-75789e35-02-IMP-TEXT-r2.json
t160-quality-20261002T182955Z-75789e35-02-IMP-TEXT-r2,IMP-TEXT,2,after_image_assistance,fdef73bd-f984-58d1-8a53-3eea668a9f83,b8d2528a-81ef-4dfc-8f4c-25a93531cdaf,native_text,knowledge_points,source_provided,True,True,"[""一次函数"", ""表达与计算""]","[""一次函数"", ""表达与计算""]",matched,benchmark/results/v2/t160-retest-20261003/quality/image-assistance/t160-quality-20261002T182955Z-75789e35-02-IMP-TEXT-r2.json
t160-quality-20261002T182955Z-75789e35-02-IMP-TEXT-r2,IMP-TEXT,2,after_image_assistance,fdef73bd-f984-58d1-8a53-3eea668a9f83,b8d2528a-81ef-4dfc-8f4c-25a93531cdaf,native_text,source_regions,unknown,False,,,,reference_unknown,benchmark/results/v2/t160-retest-20261003/quality/image-assistance/t160-quality-20261002T182955Z-75789e35-02-IMP-TEXT-r2.json
t160-quality-20261002T182955Z-75789e35-02-IMP-TEXT-r2,IMP-TEXT,2,after_image_assistance,fdef73bd-f984-58d1-8a53-3eea668a9f83,b8d2528a-81ef-4dfc-8f4c-25a93531cdaf,native_text,assets,source_provided,True,True,"[{""asset_type"": ""table"", ""source_page_number"": 1, ""order_index"": 1}]","[{""asset_type"": ""table"", ""source_page_number"": 1, ""order_index"": 1}]",matched,benchmark/results/v2/t160-retest-20261003/quality/image-assistance/t160-quality-20261002T182955Z-75789e35-02-IMP-TEXT-r2.json
t160-quality-20261002T182955Z-75789e35-03-IMP-TEXT-r3,IMP-TEXT,3,after_image_assistance,1194af49-5301-51bb-a173-0e6f524ac810,927f130d-d396-485d-811a-65d48ae8669e,native_text,question_number,source_provided,True,True,1,1,matched,benchmark/results/v2/t160-retest-20261003/quality/image-assistance/t160-quality-20261002T182955Z-75789e35-03-IMP-TEXT-r3.json
t160-quality-20261002T182955Z-75789e35-03-IMP-TEXT-r3,IMP-TEXT,3,after_image_assistance,1194af49-5301-51bb-a173-0e6f524ac810,927f130d-d396-485d-811a-65d48ae8669e,native_text,order_index,source_provided,True,True,1,1,matched,benchmark/results/v2/t160-retest-20261003/quality/image-assistance/t160-quality-20261002T182955Z-75789e35-03-IMP-TEXT-r3.json
t160-quality-20261002T182955Z-75789e35-03-IMP-TEXT-r3,IMP-TEXT,3,after_image_assistance,1194af49-5301-51bb-a173-0e6f524ac810,927f130d-d396-485d-811a-65d48ae8669e,native_text,source_page_numbers,source_provided,True,True,[1],[1],matched,benchmark/results/v2/t160-retest-20261003/quality/image-assistance/t160-quality-20261002T182955Z-75789e35-03-IMP-TEXT-r3.json
t160-quality-20261002T182955Z-75789e35-03-IMP-TEXT-r3,IMP-TEXT,3,after_image_assistance,1194af49-5301-51bb-a173-0e6f524ac810,927f130d-d396-485d-811a-65d48ae8669e,native_text,question_type,source_provided,True,True,SINGLE_CHOICE,SINGLE_CHOICE,matched,benchmark/results/v2/t160-retest-20261003/quality/image-assistance/t160-quality-20261002T182955Z-75789e35-03-IMP-TEXT-r3.json
t160-quality-20261002T182955Z-75789e35-03-IMP-TEXT-r3,IMP-TEXT,3,after_image_assistance,1194af49-5301-51bb-a173-0e6f524ac810,927f130d-d396-485d-811a-65d48ae8669e,native_text,content,source_provided,True,True,y = 2x + 1，x = 3 时 y 为多少？,y = 2x + 1，x = 3 时 y 为多少？,matched,benchmark/results/v2/t160-retest-20261003/quality/image-assistance/t160-quality-20261002T182955Z-75789e35-03-IMP-TEXT-r3.json
t160-quality-20261002T182955Z-75789e35-03-IMP-TEXT-r3,IMP-TEXT,3,after_image_assistance,1194af49-5301-51bb-a173-0e6f524ac810,927f130d-d396-485d-811a-65d48ae8669e,native_text,options,source_provided,True,True,"{""C"": ""7"", ""A"": ""5"", ""B"": ""6"", ""D"": ""8""}","{""C"": ""7"", ""A"": ""5"", ""B"": ""6"", ""D"": ""8""}",matched,benchmark/results/v2/t160-retest-20261003/quality/image-assistance/t160-quality-20261002T182955Z-75789e35-03-IMP-TEXT-r3.json
t160-quality-20261002T182955Z-75789e35-03-IMP-TEXT-r3,IMP-TEXT,3,after_image_assistance,1194af49-5301-51bb-a173-0e6f524ac810,927f130d-d396-485d-811a-65d48ae8669e,native_text,reference_answer,source_provided,True,True,C,C,matched,benchmark/results/v2/t160-retest-20261003/quality/image-assistance/t160-quality-20261002T182955Z-75789e35-03-IMP-TEXT-r3.json
t160-quality-20261002T182955Z-75789e35-03-IMP-TEXT-r3,IMP-TEXT,3,after_image_assistance,1194af49-5301-51bb-a173-0e6f524ac810,927f130d-d396-485d-811a-65d48ae8669e,native_text,analysis,source_provided,True,True,2 × 3 + 1 = 7。,2 × 3 + 1 = 7。,matched,benchmark/results/v2/t160-retest-20261003/quality/image-assistance/t160-quality-20261002T182955Z-75789e35-03-IMP-TEXT-r3.json
t160-quality-20261002T182955Z-75789e35-03-IMP-TEXT-r3,IMP-TEXT,3,after_image_assistance,1194af49-5301-51bb-a173-0e6f524ac810,927f130d-d396-485d-811a-65d48ae8669e,native_text,score,source_provided,True,True,2.00,2.00,matched,benchmark/results/v2/t160-retest-20261003/quality/image-assistance/t160-quality-20261002T182955Z-75789e35-03-IMP-TEXT-r3.json
t160-quality-20261002T182955Z-75789e35-03-IMP-TEXT-r3,IMP-TEXT,3,after_image_assistance,1194af49-5301-51bb-a173-0e6f524ac810,927f130d-d396-485d-811a-65d48ae8669e,native_text,scoring_rubric,known_missing,True,True,,,matched,benchmark/results/v2/t160-retest-20261003/quality/image-assistance/t160-quality-20261002T182955Z-75789e35-03-IMP-TEXT-r3.json
t160-quality-20261002T182955Z-75789e35-03-IMP-TEXT-r3,IMP-TEXT,3,after_image_assistance,1194af49-5301-51bb-a173-0e6f524ac810,927f130d-d396-485d-811a-65d48ae8669e,native_text,knowledge_points,known_missing,True,True,[],[],matched,benchmark/results/v2/t160-retest-20261003/quality/image-assistance/t160-quality-20261002T182955Z-75789e35-03-IMP-TEXT-r3.json
t160-quality-20261002T182955Z-75789e35-03-IMP-TEXT-r3,IMP-TEXT,3,after_image_assistance,1194af49-5301-51bb-a173-0e6f524ac810,927f130d-d396-485d-811a-65d48ae8669e,native_text,source_regions,unknown,False,,,,reference_unknown,benchmark/results/v2/t160-retest-20261003/quality/image-assistance/t160-quality-20261002T182955Z-75789e35-03-IMP-TEXT-r3.json
t160-quality-20261002T182955Z-75789e35-03-IMP-TEXT-r3,IMP-TEXT,3,after_image_assistance,1194af49-5301-51bb-a173-0e6f524ac810,927f130d-d396-485d-811a-65d48ae8669e,native_text,assets,source_provided,True,True,[],[],matched,benchmark/results/v2/t160-retest-20261003/quality/image-assistance/t160-quality-20261002T182955Z-75789e35-03-IMP-TEXT-r3.json
t160-quality-20261002T182955Z-75789e35-03-IMP-TEXT-r3,IMP-TEXT,3,after_image_assistance,8e0aecaf-072d-5ed7-9b43-5d33ad202cc1,85ba8271-8610-400d-9a4f-9bd14f9aa836,native_text,question_number,source_provided,True,True,2,2,matched,benchmark/results/v2/t160-retest-20261003/quality/image-assistance/t160-quality-20261002T182955Z-75789e35-03-IMP-TEXT-r3.json
t160-quality-20261002T182955Z-75789e35-03-IMP-TEXT-r3,IMP-TEXT,3,after_image_assistance,8e0aecaf-072d-5ed7-9b43-5d33ad202cc1,85ba8271-8610-400d-9a4f-9bd14f9aa836,native_text,order_index,source_provided,True,True,2,2,matched,benchmark/results/v2/t160-retest-20261003/quality/image-assistance/t160-quality-20261002T182955Z-75789e35-03-IMP-TEXT-r3.json
t160-quality-20261002T182955Z-75789e35-03-IMP-TEXT-r3,IMP-TEXT,3,after_image_assistance,8e0aecaf-072d-5ed7-9b43-5d33ad202cc1,85ba8271-8610-400d-9a4f-9bd14f9aa836,native_text,source_page_numbers,source_provided,True,True,[1],[1],matched,benchmark/results/v2/t160-retest-20261003/quality/image-assistance/t160-quality-20261002T182955Z-75789e35-03-IMP-TEXT-r3.json
t160-quality-20261002T182955Z-75789e35-03-IMP-TEXT-r3,IMP-TEXT,3,after_image_assistance,8e0aecaf-072d-5ed7-9b43-5d33ad202cc1,85ba8271-8610-400d-9a4f-9bd14f9aa836,native_text,question_type,source_provided,True,True,TRUE_FALSE,TRUE_FALSE,matched,benchmark/results/v2/t160-retest-20261003/quality/image-assistance/t160-quality-20261002T182955Z-75789e35-03-IMP-TEXT-r3.json
t160-quality-20261002T182955Z-75789e35-03-IMP-TEXT-r3,IMP-TEXT,3,after_image_assistance,8e0aecaf-072d-5ed7-9b43-5d33ad202cc1,85ba8271-8610-400d-9a4f-9bd14f9aa836,native_text,content,source_provided,True,True,右图三角形面积为 24 cm²。,右图三角形面积为 24 cm²。,matched,benchmark/results/v2/t160-retest-20261003/quality/image-assistance/t160-quality-20261002T182955Z-75789e35-03-IMP-TEXT-r3.json
t160-quality-20261002T182955Z-75789e35-03-IMP-TEXT-r3,IMP-TEXT,3,after_image_assistance,8e0aecaf-072d-5ed7-9b43-5d33ad202cc1,85ba8271-8610-400d-9a4f-9bd14f9aa836,native_text,options,source_provided,True,True,"[""正确"", ""错误""]","[""正确"", ""错误""]",matched,benchmark/results/v2/t160-retest-20261003/quality/image-assistance/t160-quality-20261002T182955Z-75789e35-03-IMP-TEXT-r3.json
t160-quality-20261002T182955Z-75789e35-03-IMP-TEXT-r3,IMP-TEXT,3,after_image_assistance,8e0aecaf-072d-5ed7-9b43-5d33ad202cc1,85ba8271-8610-400d-9a4f-9bd14f9aa836,native_text,reference_answer,known_missing,True,True,,,matched,benchmark/results/v2/t160-retest-20261003/quality/image-assistance/t160-quality-20261002T182955Z-75789e35-03-IMP-TEXT-r3.json
t160-quality-20261002T182955Z-75789e35-03-IMP-TEXT-r3,IMP-TEXT,3,after_image_assistance,8e0aecaf-072d-5ed7-9b43-5d33ad202cc1,85ba8271-8610-400d-9a4f-9bd14f9aa836,native_text,analysis,known_missing,True,True,,,matched,benchmark/results/v2/t160-retest-20261003/quality/image-assistance/t160-quality-20261002T182955Z-75789e35-03-IMP-TEXT-r3.json
t160-quality-20261002T182955Z-75789e35-03-IMP-TEXT-r3,IMP-TEXT,3,after_image_assistance,8e0aecaf-072d-5ed7-9b43-5d33ad202cc1,85ba8271-8610-400d-9a4f-9bd14f9aa836,native_text,score,source_provided,True,True,2.00,2.00,matched,benchmark/results/v2/t160-retest-20261003/quality/image-assistance/t160-quality-20261002T182955Z-75789e35-03-IMP-TEXT-r3.json
t160-quality-20261002T182955Z-75789e35-03-IMP-TEXT-r3,IMP-TEXT,3,after_image_assistance,8e0aecaf-072d-5ed7-9b43-5d33ad202cc1,85ba8271-8610-400d-9a4f-9bd14f9aa836,native_text,scoring_rubric,known_missing,True,True,,,matched,benchmark/results/v2/t160-retest-20261003/quality/image-assistance/t160-quality-20261002T182955Z-75789e35-03-IMP-TEXT-r3.json
t160-quality-20261002T182955Z-75789e35-03-IMP-TEXT-r3,IMP-TEXT,3,after_image_assistance,8e0aecaf-072d-5ed7-9b43-5d33ad202cc1,85ba8271-8610-400d-9a4f-9bd14f9aa836,native_text,knowledge_points,known_missing,True,True,[],[],matched,benchmark/results/v2/t160-retest-20261003/quality/image-assistance/t160-quality-20261002T182955Z-75789e35-03-IMP-TEXT-r3.json
t160-quality-20261002T182955Z-75789e35-03-IMP-TEXT-r3,IMP-TEXT,3,after_image_assistance,8e0aecaf-072d-5ed7-9b43-5d33ad202cc1,85ba8271-8610-400d-9a4f-9bd14f9aa836,native_text,source_regions,unknown,False,,,,reference_unknown,benchmark/results/v2/t160-retest-20261003/quality/image-assistance/t160-quality-20261002T182955Z-75789e35-03-IMP-TEXT-r3.json
t160-quality-20261002T182955Z-75789e35-03-IMP-TEXT-r3,IMP-TEXT,3,after_image_assistance,8e0aecaf-072d-5ed7-9b43-5d33ad202cc1,85ba8271-8610-400d-9a4f-9bd14f9aa836,native_text,assets,source_provided,True,True,"[{""asset_type"": ""figure"", ""source_page_number"": 1, ""order_index"": 1}]","[{""asset_type"": ""figure"", ""source_page_number"": 1, ""order_index"": 1}]",matched,benchmark/results/v2/t160-retest-20261003/quality/image-assistance/t160-quality-20261002T182955Z-75789e35-03-IMP-TEXT-r3.json
t160-quality-20261002T182955Z-75789e35-03-IMP-TEXT-r3,IMP-TEXT,3,after_image_assistance,fdef73bd-f984-58d1-8a53-3eea668a9f83,c1a927e5-05d9-42ce-ba69-9e4be446ef00,native_text,question_number,source_provided,True,True,3,3,matched,benchmark/results/v2/t160-retest-20261003/quality/image-assistance/t160-quality-20261002T182955Z-75789e35-03-IMP-TEXT-r3.json
t160-quality-20261002T182955Z-75789e35-03-IMP-TEXT-r3,IMP-TEXT,3,after_image_assistance,fdef73bd-f984-58d1-8a53-3eea668a9f83,c1a927e5-05d9-42ce-ba69-9e4be446ef00,native_text,order_index,source_provided,True,True,3,3,matched,benchmark/results/v2/t160-retest-20261003/quality/image-assistance/t160-quality-20261002T182955Z-75789e35-03-IMP-TEXT-r3.json
t160-quality-20261002T182955Z-75789e35-03-IMP-TEXT-r3,IMP-TEXT,3,after_image_assistance,fdef73bd-f984-58d1-8a53-3eea668a9f83,c1a927e5-05d9-42ce-ba69-9e4be446ef00,native_text,source_page_numbers,source_provided,True,True,[1],[1],matched,benchmark/results/v2/t160-retest-20261003/quality/image-assistance/t160-quality-20261002T182955Z-75789e35-03-IMP-TEXT-r3.json
t160-quality-20261002T182955Z-75789e35-03-IMP-TEXT-r3,IMP-TEXT,3,after_image_assistance,fdef73bd-f984-58d1-8a53-3eea668a9f83,c1a927e5-05d9-42ce-ba69-9e4be446ef00,native_text,question_type,source_provided,True,True,SHORT_ANSWER,SHORT_ANSWER,matched,benchmark/results/v2/t160-retest-20261003/quality/image-assistance/t160-quality-20261002T182955Z-75789e35-03-IMP-TEXT-r3.json
t160-quality-20261002T182955Z-75789e35-03-IMP-TEXT-r3,IMP-TEXT,3,after_image_assistance,fdef73bd-f984-58d1-8a53-3eea668a9f83,c1a927e5-05d9-42ce-ba69-9e4be446ef00,native_text,content,source_provided,True,True,根据下表写出 y 关于 x 的关系式。,根据下表写出 y 关于 x 的关系式。,matched,benchmark/results/v2/t160-retest-20261003/quality/image-assistance/t160-quality-20261002T182955Z-75789e35-03-IMP-TEXT-r3.json
t160-quality-20261002T182955Z-75789e35-03-IMP-TEXT-r3,IMP-TEXT,3,after_image_assistance,fdef73bd-f984-58d1-8a53-3eea668a9f83,c1a927e5-05d9-42ce-ba69-9e4be446ef00,native_text,options,not_applicable,True,True,,,matched,benchmark/results/v2/t160-retest-20261003/quality/image-assistance/t160-quality-20261002T182955Z-75789e35-03-IMP-TEXT-r3.json
t160-quality-20261002T182955Z-75789e35-03-IMP-TEXT-r3,IMP-TEXT,3,after_image_assistance,fdef73bd-f984-58d1-8a53-3eea668a9f83,c1a927e5-05d9-42ce-ba69-9e4be446ef00,native_text,reference_answer,known_missing,True,True,,,matched,benchmark/results/v2/t160-retest-20261003/quality/image-assistance/t160-quality-20261002T182955Z-75789e35-03-IMP-TEXT-r3.json
t160-quality-20261002T182955Z-75789e35-03-IMP-TEXT-r3,IMP-TEXT,3,after_image_assistance,fdef73bd-f984-58d1-8a53-3eea668a9f83,c1a927e5-05d9-42ce-ba69-9e4be446ef00,native_text,analysis,known_missing,True,True,,,matched,benchmark/results/v2/t160-retest-20261003/quality/image-assistance/t160-quality-20261002T182955Z-75789e35-03-IMP-TEXT-r3.json
t160-quality-20261002T182955Z-75789e35-03-IMP-TEXT-r3,IMP-TEXT,3,after_image_assistance,fdef73bd-f984-58d1-8a53-3eea668a9f83,c1a927e5-05d9-42ce-ba69-9e4be446ef00,native_text,score,source_provided,True,True,3.00,3.00,matched,benchmark/results/v2/t160-retest-20261003/quality/image-assistance/t160-quality-20261002T182955Z-75789e35-03-IMP-TEXT-r3.json
t160-quality-20261002T182955Z-75789e35-03-IMP-TEXT-r3,IMP-TEXT,3,after_image_assistance,fdef73bd-f984-58d1-8a53-3eea668a9f83,c1a927e5-05d9-42ce-ba69-9e4be446ef00,native_text,scoring_rubric,source_provided,True,True,正确关系式 1.00；说明代入过程 2.00。,正确关系式 1.00；说明代入过程 2.00。,matched,benchmark/results/v2/t160-retest-20261003/quality/image-assistance/t160-quality-20261002T182955Z-75789e35-03-IMP-TEXT-r3.json
t160-quality-20261002T182955Z-75789e35-03-IMP-TEXT-r3,IMP-TEXT,3,after_image_assistance,fdef73bd-f984-58d1-8a53-3eea668a9f83,c1a927e5-05d9-42ce-ba69-9e4be446ef00,native_text,knowledge_points,source_provided,True,True,"[""一次函数"", ""表达与计算""]","[""一次函数"", ""表达与计算""]",matched,benchmark/results/v2/t160-retest-20261003/quality/image-assistance/t160-quality-20261002T182955Z-75789e35-03-IMP-TEXT-r3.json
t160-quality-20261002T182955Z-75789e35-03-IMP-TEXT-r3,IMP-TEXT,3,after_image_assistance,fdef73bd-f984-58d1-8a53-3eea668a9f83,c1a927e5-05d9-42ce-ba69-9e4be446ef00,native_text,source_regions,unknown,False,,,,reference_unknown,benchmark/results/v2/t160-retest-20261003/quality/image-assistance/t160-quality-20261002T182955Z-75789e35-03-IMP-TEXT-r3.json
t160-quality-20261002T182955Z-75789e35-03-IMP-TEXT-r3,IMP-TEXT,3,after_image_assistance,fdef73bd-f984-58d1-8a53-3eea668a9f83,c1a927e5-05d9-42ce-ba69-9e4be446ef00,native_text,assets,source_provided,True,True,"[{""asset_type"": ""table"", ""source_page_number"": 1, ""order_index"": 1}]","[{""asset_type"": ""table"", ""source_page_number"": 1, ""order_index"": 1}]",matched,benchmark/results/v2/t160-retest-20261003/quality/image-assistance/t160-quality-20261002T182955Z-75789e35-03-IMP-TEXT-r3.json
t160-quality-20261002T182955Z-75789e35-04-IMP-SCAN-r1,IMP-SCAN,1,after_image_assistance,74d666eb-fc46-5106-8ea2-ea5c967c6457,c88222e2-7879-4ec4-9318-5f18de27fba3,ocr_required,question_number,source_provided,True,True,1,1,matched,benchmark/results/v2/t160-retest-20261003/quality/image-assistance/t160-quality-20261002T182955Z-75789e35-04-IMP-SCAN-r1.json
t160-quality-20261002T182955Z-75789e35-04-IMP-SCAN-r1,IMP-SCAN,1,after_image_assistance,74d666eb-fc46-5106-8ea2-ea5c967c6457,c88222e2-7879-4ec4-9318-5f18de27fba3,ocr_required,order_index,source_provided,True,True,1,1,matched,benchmark/results/v2/t160-retest-20261003/quality/image-assistance/t160-quality-20261002T182955Z-75789e35-04-IMP-SCAN-r1.json
t160-quality-20261002T182955Z-75789e35-04-IMP-SCAN-r1,IMP-SCAN,1,after_image_assistance,74d666eb-fc46-5106-8ea2-ea5c967c6457,c88222e2-7879-4ec4-9318-5f18de27fba3,ocr_required,source_page_numbers,source_provided,True,True,[1],[1],matched,benchmark/results/v2/t160-retest-20261003/quality/image-assistance/t160-quality-20261002T182955Z-75789e35-04-IMP-SCAN-r1.json
t160-quality-20261002T182955Z-75789e35-04-IMP-SCAN-r1,IMP-SCAN,1,after_image_assistance,74d666eb-fc46-5106-8ea2-ea5c967c6457,c88222e2-7879-4ec4-9318-5f18de27fba3,ocr_required,question_type,source_provided,True,True,SINGLE_CHOICE,SINGLE_CHOICE,matched,benchmark/results/v2/t160-retest-20261003/quality/image-assistance/t160-quality-20261002T182955Z-75789e35-04-IMP-SCAN-r1.json
t160-quality-20261002T182955Z-75789e35-04-IMP-SCAN-r1,IMP-SCAN,1,after_image_assistance,74d666eb-fc46-5106-8ea2-ea5c967c6457,c88222e2-7879-4ec4-9318-5f18de27fba3,ocr_required,content,source_provided,True,True,y = 2x + 1，x = 3 时 y 为多少？,y = 2x + 1，x = 3 时 y 为多少？,matched,benchmark/results/v2/t160-retest-20261003/quality/image-assistance/t160-quality-20261002T182955Z-75789e35-04-IMP-SCAN-r1.json
t160-quality-20261002T182955Z-75789e35-04-IMP-SCAN-r1,IMP-SCAN,1,after_image_assistance,74d666eb-fc46-5106-8ea2-ea5c967c6457,c88222e2-7879-4ec4-9318-5f18de27fba3,ocr_required,options,source_provided,True,True,"{""C"": ""7"", ""A"": ""5"", ""B"": ""6"", ""D"": ""8""}","{""C"": ""7"", ""A"": ""5"", ""B"": ""6"", ""D"": ""8""}",matched,benchmark/results/v2/t160-retest-20261003/quality/image-assistance/t160-quality-20261002T182955Z-75789e35-04-IMP-SCAN-r1.json
t160-quality-20261002T182955Z-75789e35-04-IMP-SCAN-r1,IMP-SCAN,1,after_image_assistance,74d666eb-fc46-5106-8ea2-ea5c967c6457,c88222e2-7879-4ec4-9318-5f18de27fba3,ocr_required,reference_answer,source_provided,True,True,C,C,matched,benchmark/results/v2/t160-retest-20261003/quality/image-assistance/t160-quality-20261002T182955Z-75789e35-04-IMP-SCAN-r1.json
t160-quality-20261002T182955Z-75789e35-04-IMP-SCAN-r1,IMP-SCAN,1,after_image_assistance,74d666eb-fc46-5106-8ea2-ea5c967c6457,c88222e2-7879-4ec4-9318-5f18de27fba3,ocr_required,analysis,source_provided,True,True,2 × 3 + 1 = 7。,2 × 3 + 1 = 7。,matched,benchmark/results/v2/t160-retest-20261003/quality/image-assistance/t160-quality-20261002T182955Z-75789e35-04-IMP-SCAN-r1.json
t160-quality-20261002T182955Z-75789e35-04-IMP-SCAN-r1,IMP-SCAN,1,after_image_assistance,74d666eb-fc46-5106-8ea2-ea5c967c6457,c88222e2-7879-4ec4-9318-5f18de27fba3,ocr_required,score,source_provided,True,True,2.00,2.00,matched,benchmark/results/v2/t160-retest-20261003/quality/image-assistance/t160-quality-20261002T182955Z-75789e35-04-IMP-SCAN-r1.json
t160-quality-20261002T182955Z-75789e35-04-IMP-SCAN-r1,IMP-SCAN,1,after_image_assistance,74d666eb-fc46-5106-8ea2-ea5c967c6457,c88222e2-7879-4ec4-9318-5f18de27fba3,ocr_required,scoring_rubric,known_missing,True,True,,,matched,benchmark/results/v2/t160-retest-20261003/quality/image-assistance/t160-quality-20261002T182955Z-75789e35-04-IMP-SCAN-r1.json
t160-quality-20261002T182955Z-75789e35-04-IMP-SCAN-r1,IMP-SCAN,1,after_image_assistance,74d666eb-fc46-5106-8ea2-ea5c967c6457,c88222e2-7879-4ec4-9318-5f18de27fba3,ocr_required,knowledge_points,known_missing,True,True,[],[],matched,benchmark/results/v2/t160-retest-20261003/quality/image-assistance/t160-quality-20261002T182955Z-75789e35-04-IMP-SCAN-r1.json
t160-quality-20261002T182955Z-75789e35-04-IMP-SCAN-r1,IMP-SCAN,1,after_image_assistance,74d666eb-fc46-5106-8ea2-ea5c967c6457,c88222e2-7879-4ec4-9318-5f18de27fba3,ocr_required,source_regions,unknown,False,,,,reference_unknown,benchmark/results/v2/t160-retest-20261003/quality/image-assistance/t160-quality-20261002T182955Z-75789e35-04-IMP-SCAN-r1.json
t160-quality-20261002T182955Z-75789e35-04-IMP-SCAN-r1,IMP-SCAN,1,after_image_assistance,74d666eb-fc46-5106-8ea2-ea5c967c6457,c88222e2-7879-4ec4-9318-5f18de27fba3,ocr_required,assets,source_provided,True,True,[],[],matched,benchmark/results/v2/t160-retest-20261003/quality/image-assistance/t160-quality-20261002T182955Z-75789e35-04-IMP-SCAN-r1.json
t160-quality-20261002T182955Z-75789e35-04-IMP-SCAN-r1,IMP-SCAN,1,after_image_assistance,5f47ee64-edec-5327-9172-bb8454c7640d,e7627296-a018-4127-80b6-101faf52363d,ocr_required,question_number,source_provided,True,True,2,2,matched,benchmark/results/v2/t160-retest-20261003/quality/image-assistance/t160-quality-20261002T182955Z-75789e35-04-IMP-SCAN-r1.json
t160-quality-20261002T182955Z-75789e35-04-IMP-SCAN-r1,IMP-SCAN,1,after_image_assistance,5f47ee64-edec-5327-9172-bb8454c7640d,e7627296-a018-4127-80b6-101faf52363d,ocr_required,order_index,source_provided,True,True,2,2,matched,benchmark/results/v2/t160-retest-20261003/quality/image-assistance/t160-quality-20261002T182955Z-75789e35-04-IMP-SCAN-r1.json
t160-quality-20261002T182955Z-75789e35-04-IMP-SCAN-r1,IMP-SCAN,1,after_image_assistance,5f47ee64-edec-5327-9172-bb8454c7640d,e7627296-a018-4127-80b6-101faf52363d,ocr_required,source_page_numbers,source_provided,True,True,[1],[1],matched,benchmark/results/v2/t160-retest-20261003/quality/image-assistance/t160-quality-20261002T182955Z-75789e35-04-IMP-SCAN-r1.json
t160-quality-20261002T182955Z-75789e35-04-IMP-SCAN-r1,IMP-SCAN,1,after_image_assistance,5f47ee64-edec-5327-9172-bb8454c7640d,e7627296-a018-4127-80b6-101faf52363d,ocr_required,question_type,source_provided,True,True,TRUE_FALSE,TRUE_FALSE,matched,benchmark/results/v2/t160-retest-20261003/quality/image-assistance/t160-quality-20261002T182955Z-75789e35-04-IMP-SCAN-r1.json
t160-quality-20261002T182955Z-75789e35-04-IMP-SCAN-r1,IMP-SCAN,1,after_image_assistance,5f47ee64-edec-5327-9172-bb8454c7640d,e7627296-a018-4127-80b6-101faf52363d,ocr_required,content,source_provided,True,True,右图三角形面积为 24 cm²。,右图三角形面积为 24 cm²。,matched,benchmark/results/v2/t160-retest-20261003/quality/image-assistance/t160-quality-20261002T182955Z-75789e35-04-IMP-SCAN-r1.json
t160-quality-20261002T182955Z-75789e35-04-IMP-SCAN-r1,IMP-SCAN,1,after_image_assistance,5f47ee64-edec-5327-9172-bb8454c7640d,e7627296-a018-4127-80b6-101faf52363d,ocr_required,options,source_provided,True,True,"[""正确"", ""错误""]","[""正确"", ""错误""]",matched,benchmark/results/v2/t160-retest-20261003/quality/image-assistance/t160-quality-20261002T182955Z-75789e35-04-IMP-SCAN-r1.json
t160-quality-20261002T182955Z-75789e35-04-IMP-SCAN-r1,IMP-SCAN,1,after_image_assistance,5f47ee64-edec-5327-9172-bb8454c7640d,e7627296-a018-4127-80b6-101faf52363d,ocr_required,reference_answer,known_missing,True,True,,,matched,benchmark/results/v2/t160-retest-20261003/quality/image-assistance/t160-quality-20261002T182955Z-75789e35-04-IMP-SCAN-r1.json
t160-quality-20261002T182955Z-75789e35-04-IMP-SCAN-r1,IMP-SCAN,1,after_image_assistance,5f47ee64-edec-5327-9172-bb8454c7640d,e7627296-a018-4127-80b6-101faf52363d,ocr_required,analysis,known_missing,True,True,,,matched,benchmark/results/v2/t160-retest-20261003/quality/image-assistance/t160-quality-20261002T182955Z-75789e35-04-IMP-SCAN-r1.json
t160-quality-20261002T182955Z-75789e35-04-IMP-SCAN-r1,IMP-SCAN,1,after_image_assistance,5f47ee64-edec-5327-9172-bb8454c7640d,e7627296-a018-4127-80b6-101faf52363d,ocr_required,score,source_provided,True,True,2.00,2.00,matched,benchmark/results/v2/t160-retest-20261003/quality/image-assistance/t160-quality-20261002T182955Z-75789e35-04-IMP-SCAN-r1.json
t160-quality-20261002T182955Z-75789e35-04-IMP-SCAN-r1,IMP-SCAN,1,after_image_assistance,5f47ee64-edec-5327-9172-bb8454c7640d,e7627296-a018-4127-80b6-101faf52363d,ocr_required,scoring_rubric,known_missing,True,True,,,matched,benchmark/results/v2/t160-retest-20261003/quality/image-assistance/t160-quality-20261002T182955Z-75789e35-04-IMP-SCAN-r1.json
t160-quality-20261002T182955Z-75789e35-04-IMP-SCAN-r1,IMP-SCAN,1,after_image_assistance,5f47ee64-edec-5327-9172-bb8454c7640d,e7627296-a018-4127-80b6-101faf52363d,ocr_required,knowledge_points,known_missing,True,True,[],[],matched,benchmark/results/v2/t160-retest-20261003/quality/image-assistance/t160-quality-20261002T182955Z-75789e35-04-IMP-SCAN-r1.json
t160-quality-20261002T182955Z-75789e35-04-IMP-SCAN-r1,IMP-SCAN,1,after_image_assistance,5f47ee64-edec-5327-9172-bb8454c7640d,e7627296-a018-4127-80b6-101faf52363d,ocr_required,source_regions,unknown,False,,,,reference_unknown,benchmark/results/v2/t160-retest-20261003/quality/image-assistance/t160-quality-20261002T182955Z-75789e35-04-IMP-SCAN-r1.json
t160-quality-20261002T182955Z-75789e35-04-IMP-SCAN-r1,IMP-SCAN,1,after_image_assistance,5f47ee64-edec-5327-9172-bb8454c7640d,e7627296-a018-4127-80b6-101faf52363d,ocr_required,assets,source_provided,True,True,"[{""asset_type"": ""figure"", ""source_page_number"": 1, ""order_index"": 1}]","[{""asset_type"": ""figure"", ""source_page_number"": 1, ""order_index"": 1}]",matched,benchmark/results/v2/t160-retest-20261003/quality/image-assistance/t160-quality-20261002T182955Z-75789e35-04-IMP-SCAN-r1.json
t160-quality-20261002T182955Z-75789e35-04-IMP-SCAN-r1,IMP-SCAN,1,after_image_assistance,d6acd365-a6d5-5eb8-9b54-66f26a915094,987ff0cc-fb0f-4eb4-b81e-5faae3602bbe,ocr_required,question_number,source_provided,True,True,3,3,matched,benchmark/results/v2/t160-retest-20261003/quality/image-assistance/t160-quality-20261002T182955Z-75789e35-04-IMP-SCAN-r1.json
t160-quality-20261002T182955Z-75789e35-04-IMP-SCAN-r1,IMP-SCAN,1,after_image_assistance,d6acd365-a6d5-5eb8-9b54-66f26a915094,987ff0cc-fb0f-4eb4-b81e-5faae3602bbe,ocr_required,order_index,source_provided,True,True,3,3,matched,benchmark/results/v2/t160-retest-20261003/quality/image-assistance/t160-quality-20261002T182955Z-75789e35-04-IMP-SCAN-r1.json
t160-quality-20261002T182955Z-75789e35-04-IMP-SCAN-r1,IMP-SCAN,1,after_image_assistance,d6acd365-a6d5-5eb8-9b54-66f26a915094,987ff0cc-fb0f-4eb4-b81e-5faae3602bbe,ocr_required,source_page_numbers,source_provided,True,True,[1],[1],matched,benchmark/results/v2/t160-retest-20261003/quality/image-assistance/t160-quality-20261002T182955Z-75789e35-04-IMP-SCAN-r1.json
t160-quality-20261002T182955Z-75789e35-04-IMP-SCAN-r1,IMP-SCAN,1,after_image_assistance,d6acd365-a6d5-5eb8-9b54-66f26a915094,987ff0cc-fb0f-4eb4-b81e-5faae3602bbe,ocr_required,question_type,source_provided,True,True,SHORT_ANSWER,SHORT_ANSWER,matched,benchmark/results/v2/t160-retest-20261003/quality/image-assistance/t160-quality-20261002T182955Z-75789e35-04-IMP-SCAN-r1.json
t160-quality-20261002T182955Z-75789e35-04-IMP-SCAN-r1,IMP-SCAN,1,after_image_assistance,d6acd365-a6d5-5eb8-9b54-66f26a915094,987ff0cc-fb0f-4eb4-b81e-5faae3602bbe,ocr_required,content,source_provided,True,True,根据下表写出 y 关于 x 的关系式。,根据下表写出 y 关于 x 的关系式。,matched,benchmark/results/v2/t160-retest-20261003/quality/image-assistance/t160-quality-20261002T182955Z-75789e35-04-IMP-SCAN-r1.json
t160-quality-20261002T182955Z-75789e35-04-IMP-SCAN-r1,IMP-SCAN,1,after_image_assistance,d6acd365-a6d5-5eb8-9b54-66f26a915094,987ff0cc-fb0f-4eb4-b81e-5faae3602bbe,ocr_required,options,not_applicable,True,True,,,matched,benchmark/results/v2/t160-retest-20261003/quality/image-assistance/t160-quality-20261002T182955Z-75789e35-04-IMP-SCAN-r1.json
t160-quality-20261002T182955Z-75789e35-04-IMP-SCAN-r1,IMP-SCAN,1,after_image_assistance,d6acd365-a6d5-5eb8-9b54-66f26a915094,987ff0cc-fb0f-4eb4-b81e-5faae3602bbe,ocr_required,reference_answer,known_missing,True,True,,,matched,benchmark/results/v2/t160-retest-20261003/quality/image-assistance/t160-quality-20261002T182955Z-75789e35-04-IMP-SCAN-r1.json
t160-quality-20261002T182955Z-75789e35-04-IMP-SCAN-r1,IMP-SCAN,1,after_image_assistance,d6acd365-a6d5-5eb8-9b54-66f26a915094,987ff0cc-fb0f-4eb4-b81e-5faae3602bbe,ocr_required,analysis,known_missing,True,True,,,matched,benchmark/results/v2/t160-retest-20261003/quality/image-assistance/t160-quality-20261002T182955Z-75789e35-04-IMP-SCAN-r1.json
t160-quality-20261002T182955Z-75789e35-04-IMP-SCAN-r1,IMP-SCAN,1,after_image_assistance,d6acd365-a6d5-5eb8-9b54-66f26a915094,987ff0cc-fb0f-4eb4-b81e-5faae3602bbe,ocr_required,score,source_provided,True,True,3.00,3.00,matched,benchmark/results/v2/t160-retest-20261003/quality/image-assistance/t160-quality-20261002T182955Z-75789e35-04-IMP-SCAN-r1.json
t160-quality-20261002T182955Z-75789e35-04-IMP-SCAN-r1,IMP-SCAN,1,after_image_assistance,d6acd365-a6d5-5eb8-9b54-66f26a915094,987ff0cc-fb0f-4eb4-b81e-5faae3602bbe,ocr_required,scoring_rubric,source_provided,True,True,正确关系式 1.00；说明代入过程 2.00。,正确关系式 1.00；说明代入过程 2.00。,matched,benchmark/results/v2/t160-retest-20261003/quality/image-assistance/t160-quality-20261002T182955Z-75789e35-04-IMP-SCAN-r1.json
t160-quality-20261002T182955Z-75789e35-04-IMP-SCAN-r1,IMP-SCAN,1,after_image_assistance,d6acd365-a6d5-5eb8-9b54-66f26a915094,987ff0cc-fb0f-4eb4-b81e-5faae3602bbe,ocr_required,knowledge_points,source_provided,True,True,"[""一次函数"", ""表达与计算""]","[""一次函数"", ""表达与计算""]",matched,benchmark/results/v2/t160-retest-20261003/quality/image-assistance/t160-quality-20261002T182955Z-75789e35-04-IMP-SCAN-r1.json
t160-quality-20261002T182955Z-75789e35-04-IMP-SCAN-r1,IMP-SCAN,1,after_image_assistance,d6acd365-a6d5-5eb8-9b54-66f26a915094,987ff0cc-fb0f-4eb4-b81e-5faae3602bbe,ocr_required,source_regions,unknown,False,,,,reference_unknown,benchmark/results/v2/t160-retest-20261003/quality/image-assistance/t160-quality-20261002T182955Z-75789e35-04-IMP-SCAN-r1.json
t160-quality-20261002T182955Z-75789e35-04-IMP-SCAN-r1,IMP-SCAN,1,after_image_assistance,d6acd365-a6d5-5eb8-9b54-66f26a915094,987ff0cc-fb0f-4eb4-b81e-5faae3602bbe,ocr_required,assets,source_provided,True,True,"[{""asset_type"": ""table"", ""source_page_number"": 1, ""order_index"": 1}]","[{""asset_type"": ""table"", ""source_page_number"": 1, ""order_index"": 1}]",matched,benchmark/results/v2/t160-retest-20261003/quality/image-assistance/t160-quality-20261002T182955Z-75789e35-04-IMP-SCAN-r1.json
t160-quality-20261002T182955Z-75789e35-05-IMP-SCAN-r2,IMP-SCAN,2,after_image_assistance,74d666eb-fc46-5106-8ea2-ea5c967c6457,d923e0e6-192e-49f3-bc01-b88713333dfe,ocr_required,question_number,source_provided,True,True,1,1,matched,benchmark/results/v2/t160-retest-20261003/quality/image-assistance/t160-quality-20261002T182955Z-75789e35-05-IMP-SCAN-r2.json
t160-quality-20261002T182955Z-75789e35-05-IMP-SCAN-r2,IMP-SCAN,2,after_image_assistance,74d666eb-fc46-5106-8ea2-ea5c967c6457,d923e0e6-192e-49f3-bc01-b88713333dfe,ocr_required,order_index,source_provided,True,True,1,1,matched,benchmark/results/v2/t160-retest-20261003/quality/image-assistance/t160-quality-20261002T182955Z-75789e35-05-IMP-SCAN-r2.json
t160-quality-20261002T182955Z-75789e35-05-IMP-SCAN-r2,IMP-SCAN,2,after_image_assistance,74d666eb-fc46-5106-8ea2-ea5c967c6457,d923e0e6-192e-49f3-bc01-b88713333dfe,ocr_required,source_page_numbers,source_provided,True,True,[1],[1],matched,benchmark/results/v2/t160-retest-20261003/quality/image-assistance/t160-quality-20261002T182955Z-75789e35-05-IMP-SCAN-r2.json
t160-quality-20261002T182955Z-75789e35-05-IMP-SCAN-r2,IMP-SCAN,2,after_image_assistance,74d666eb-fc46-5106-8ea2-ea5c967c6457,d923e0e6-192e-49f3-bc01-b88713333dfe,ocr_required,question_type,source_provided,True,True,SINGLE_CHOICE,SINGLE_CHOICE,matched,benchmark/results/v2/t160-retest-20261003/quality/image-assistance/t160-quality-20261002T182955Z-75789e35-05-IMP-SCAN-r2.json
t160-quality-20261002T182955Z-75789e35-05-IMP-SCAN-r2,IMP-SCAN,2,after_image_assistance,74d666eb-fc46-5106-8ea2-ea5c967c6457,d923e0e6-192e-49f3-bc01-b88713333dfe,ocr_required,content,source_provided,True,True,y = 2x + 1，x = 3 时 y 为多少？,y = 2x + 1，x = 3 时 y 为多少？,matched,benchmark/results/v2/t160-retest-20261003/quality/image-assistance/t160-quality-20261002T182955Z-75789e35-05-IMP-SCAN-r2.json
t160-quality-20261002T182955Z-75789e35-05-IMP-SCAN-r2,IMP-SCAN,2,after_image_assistance,74d666eb-fc46-5106-8ea2-ea5c967c6457,d923e0e6-192e-49f3-bc01-b88713333dfe,ocr_required,options,source_provided,True,True,"{""C"": ""7"", ""A"": ""5"", ""B"": ""6"", ""D"": ""8""}","{""C"": ""7"", ""A"": ""5"", ""B"": ""6"", ""D"": ""8""}",matched,benchmark/results/v2/t160-retest-20261003/quality/image-assistance/t160-quality-20261002T182955Z-75789e35-05-IMP-SCAN-r2.json
t160-quality-20261002T182955Z-75789e35-05-IMP-SCAN-r2,IMP-SCAN,2,after_image_assistance,74d666eb-fc46-5106-8ea2-ea5c967c6457,d923e0e6-192e-49f3-bc01-b88713333dfe,ocr_required,reference_answer,source_provided,True,True,C,C,matched,benchmark/results/v2/t160-retest-20261003/quality/image-assistance/t160-quality-20261002T182955Z-75789e35-05-IMP-SCAN-r2.json
t160-quality-20261002T182955Z-75789e35-05-IMP-SCAN-r2,IMP-SCAN,2,after_image_assistance,74d666eb-fc46-5106-8ea2-ea5c967c6457,d923e0e6-192e-49f3-bc01-b88713333dfe,ocr_required,analysis,source_provided,True,True,2 × 3 + 1 = 7。,2 × 3 + 1 = 7。,matched,benchmark/results/v2/t160-retest-20261003/quality/image-assistance/t160-quality-20261002T182955Z-75789e35-05-IMP-SCAN-r2.json
t160-quality-20261002T182955Z-75789e35-05-IMP-SCAN-r2,IMP-SCAN,2,after_image_assistance,74d666eb-fc46-5106-8ea2-ea5c967c6457,d923e0e6-192e-49f3-bc01-b88713333dfe,ocr_required,score,source_provided,True,True,2.00,2.00,matched,benchmark/results/v2/t160-retest-20261003/quality/image-assistance/t160-quality-20261002T182955Z-75789e35-05-IMP-SCAN-r2.json
t160-quality-20261002T182955Z-75789e35-05-IMP-SCAN-r2,IMP-SCAN,2,after_image_assistance,74d666eb-fc46-5106-8ea2-ea5c967c6457,d923e0e6-192e-49f3-bc01-b88713333dfe,ocr_required,scoring_rubric,known_missing,True,True,,,matched,benchmark/results/v2/t160-retest-20261003/quality/image-assistance/t160-quality-20261002T182955Z-75789e35-05-IMP-SCAN-r2.json
t160-quality-20261002T182955Z-75789e35-05-IMP-SCAN-r2,IMP-SCAN,2,after_image_assistance,74d666eb-fc46-5106-8ea2-ea5c967c6457,d923e0e6-192e-49f3-bc01-b88713333dfe,ocr_required,knowledge_points,known_missing,True,True,[],[],matched,benchmark/results/v2/t160-retest-20261003/quality/image-assistance/t160-quality-20261002T182955Z-75789e35-05-IMP-SCAN-r2.json
t160-quality-20261002T182955Z-75789e35-05-IMP-SCAN-r2,IMP-SCAN,2,after_image_assistance,74d666eb-fc46-5106-8ea2-ea5c967c6457,d923e0e6-192e-49f3-bc01-b88713333dfe,ocr_required,source_regions,unknown,False,,,,reference_unknown,benchmark/results/v2/t160-retest-20261003/quality/image-assistance/t160-quality-20261002T182955Z-75789e35-05-IMP-SCAN-r2.json
t160-quality-20261002T182955Z-75789e35-05-IMP-SCAN-r2,IMP-SCAN,2,after_image_assistance,74d666eb-fc46-5106-8ea2-ea5c967c6457,d923e0e6-192e-49f3-bc01-b88713333dfe,ocr_required,assets,source_provided,True,True,[],[],matched,benchmark/results/v2/t160-retest-20261003/quality/image-assistance/t160-quality-20261002T182955Z-75789e35-05-IMP-SCAN-r2.json
t160-quality-20261002T182955Z-75789e35-05-IMP-SCAN-r2,IMP-SCAN,2,after_image_assistance,5f47ee64-edec-5327-9172-bb8454c7640d,c956b8bd-8538-40e9-8f04-5d1fa044665e,ocr_required,question_number,source_provided,True,True,2,2,matched,benchmark/results/v2/t160-retest-20261003/quality/image-assistance/t160-quality-20261002T182955Z-75789e35-05-IMP-SCAN-r2.json
t160-quality-20261002T182955Z-75789e35-05-IMP-SCAN-r2,IMP-SCAN,2,after_image_assistance,5f47ee64-edec-5327-9172-bb8454c7640d,c956b8bd-8538-40e9-8f04-5d1fa044665e,ocr_required,order_index,source_provided,True,True,2,2,matched,benchmark/results/v2/t160-retest-20261003/quality/image-assistance/t160-quality-20261002T182955Z-75789e35-05-IMP-SCAN-r2.json
t160-quality-20261002T182955Z-75789e35-05-IMP-SCAN-r2,IMP-SCAN,2,after_image_assistance,5f47ee64-edec-5327-9172-bb8454c7640d,c956b8bd-8538-40e9-8f04-5d1fa044665e,ocr_required,source_page_numbers,source_provided,True,True,[1],[1],matched,benchmark/results/v2/t160-retest-20261003/quality/image-assistance/t160-quality-20261002T182955Z-75789e35-05-IMP-SCAN-r2.json
t160-quality-20261002T182955Z-75789e35-05-IMP-SCAN-r2,IMP-SCAN,2,after_image_assistance,5f47ee64-edec-5327-9172-bb8454c7640d,c956b8bd-8538-40e9-8f04-5d1fa044665e,ocr_required,question_type,source_provided,True,True,TRUE_FALSE,TRUE_FALSE,matched,benchmark/results/v2/t160-retest-20261003/quality/image-assistance/t160-quality-20261002T182955Z-75789e35-05-IMP-SCAN-r2.json
t160-quality-20261002T182955Z-75789e35-05-IMP-SCAN-r2,IMP-SCAN,2,after_image_assistance,5f47ee64-edec-5327-9172-bb8454c7640d,c956b8bd-8538-40e9-8f04-5d1fa044665e,ocr_required,content,source_provided,True,True,右图三角形面积为 24 cm²。,右图三角形面积为 24 cm²。,matched,benchmark/results/v2/t160-retest-20261003/quality/image-assistance/t160-quality-20261002T182955Z-75789e35-05-IMP-SCAN-r2.json
t160-quality-20261002T182955Z-75789e35-05-IMP-SCAN-r2,IMP-SCAN,2,after_image_assistance,5f47ee64-edec-5327-9172-bb8454c7640d,c956b8bd-8538-40e9-8f04-5d1fa044665e,ocr_required,options,source_provided,True,True,"[""正确"", ""错误""]","[""正确"", ""错误""]",matched,benchmark/results/v2/t160-retest-20261003/quality/image-assistance/t160-quality-20261002T182955Z-75789e35-05-IMP-SCAN-r2.json
t160-quality-20261002T182955Z-75789e35-05-IMP-SCAN-r2,IMP-SCAN,2,after_image_assistance,5f47ee64-edec-5327-9172-bb8454c7640d,c956b8bd-8538-40e9-8f04-5d1fa044665e,ocr_required,reference_answer,known_missing,True,True,,,matched,benchmark/results/v2/t160-retest-20261003/quality/image-assistance/t160-quality-20261002T182955Z-75789e35-05-IMP-SCAN-r2.json
t160-quality-20261002T182955Z-75789e35-05-IMP-SCAN-r2,IMP-SCAN,2,after_image_assistance,5f47ee64-edec-5327-9172-bb8454c7640d,c956b8bd-8538-40e9-8f04-5d1fa044665e,ocr_required,analysis,known_missing,True,True,,,matched,benchmark/results/v2/t160-retest-20261003/quality/image-assistance/t160-quality-20261002T182955Z-75789e35-05-IMP-SCAN-r2.json
t160-quality-20261002T182955Z-75789e35-05-IMP-SCAN-r2,IMP-SCAN,2,after_image_assistance,5f47ee64-edec-5327-9172-bb8454c7640d,c956b8bd-8538-40e9-8f04-5d1fa044665e,ocr_required,score,source_provided,True,True,2.00,2.00,matched,benchmark/results/v2/t160-retest-20261003/quality/image-assistance/t160-quality-20261002T182955Z-75789e35-05-IMP-SCAN-r2.json
t160-quality-20261002T182955Z-75789e35-05-IMP-SCAN-r2,IMP-SCAN,2,after_image_assistance,5f47ee64-edec-5327-9172-bb8454c7640d,c956b8bd-8538-40e9-8f04-5d1fa044665e,ocr_required,scoring_rubric,known_missing,True,True,,,matched,benchmark/results/v2/t160-retest-20261003/quality/image-assistance/t160-quality-20261002T182955Z-75789e35-05-IMP-SCAN-r2.json
t160-quality-20261002T182955Z-75789e35-05-IMP-SCAN-r2,IMP-SCAN,2,after_image_assistance,5f47ee64-edec-5327-9172-bb8454c7640d,c956b8bd-8538-40e9-8f04-5d1fa044665e,ocr_required,knowledge_points,known_missing,True,True,[],[],matched,benchmark/results/v2/t160-retest-20261003/quality/image-assistance/t160-quality-20261002T182955Z-75789e35-05-IMP-SCAN-r2.json
t160-quality-20261002T182955Z-75789e35-05-IMP-SCAN-r2,IMP-SCAN,2,after_image_assistance,5f47ee64-edec-5327-9172-bb8454c7640d,c956b8bd-8538-40e9-8f04-5d1fa044665e,ocr_required,source_regions,unknown,False,,,,reference_unknown,benchmark/results/v2/t160-retest-20261003/quality/image-assistance/t160-quality-20261002T182955Z-75789e35-05-IMP-SCAN-r2.json
t160-quality-20261002T182955Z-75789e35-05-IMP-SCAN-r2,IMP-SCAN,2,after_image_assistance,5f47ee64-edec-5327-9172-bb8454c7640d,c956b8bd-8538-40e9-8f04-5d1fa044665e,ocr_required,assets,source_provided,True,True,"[{""asset_type"": ""figure"", ""source_page_number"": 1, ""order_index"": 1}]","[{""asset_type"": ""figure"", ""source_page_number"": 1, ""order_index"": 1}]",matched,benchmark/results/v2/t160-retest-20261003/quality/image-assistance/t160-quality-20261002T182955Z-75789e35-05-IMP-SCAN-r2.json
t160-quality-20261002T182955Z-75789e35-05-IMP-SCAN-r2,IMP-SCAN,2,after_image_assistance,d6acd365-a6d5-5eb8-9b54-66f26a915094,7b82b959-2bb8-444a-878b-be7125883e65,ocr_required,question_number,source_provided,True,True,3,3,matched,benchmark/results/v2/t160-retest-20261003/quality/image-assistance/t160-quality-20261002T182955Z-75789e35-05-IMP-SCAN-r2.json
t160-quality-20261002T182955Z-75789e35-05-IMP-SCAN-r2,IMP-SCAN,2,after_image_assistance,d6acd365-a6d5-5eb8-9b54-66f26a915094,7b82b959-2bb8-444a-878b-be7125883e65,ocr_required,order_index,source_provided,True,True,3,3,matched,benchmark/results/v2/t160-retest-20261003/quality/image-assistance/t160-quality-20261002T182955Z-75789e35-05-IMP-SCAN-r2.json
t160-quality-20261002T182955Z-75789e35-05-IMP-SCAN-r2,IMP-SCAN,2,after_image_assistance,d6acd365-a6d5-5eb8-9b54-66f26a915094,7b82b959-2bb8-444a-878b-be7125883e65,ocr_required,source_page_numbers,source_provided,True,True,[1],[1],matched,benchmark/results/v2/t160-retest-20261003/quality/image-assistance/t160-quality-20261002T182955Z-75789e35-05-IMP-SCAN-r2.json
t160-quality-20261002T182955Z-75789e35-05-IMP-SCAN-r2,IMP-SCAN,2,after_image_assistance,d6acd365-a6d5-5eb8-9b54-66f26a915094,7b82b959-2bb8-444a-878b-be7125883e65,ocr_required,question_type,source_provided,True,True,SHORT_ANSWER,SHORT_ANSWER,matched,benchmark/results/v2/t160-retest-20261003/quality/image-assistance/t160-quality-20261002T182955Z-75789e35-05-IMP-SCAN-r2.json
t160-quality-20261002T182955Z-75789e35-05-IMP-SCAN-r2,IMP-SCAN,2,after_image_assistance,d6acd365-a6d5-5eb8-9b54-66f26a915094,7b82b959-2bb8-444a-878b-be7125883e65,ocr_required,content,source_provided,True,True,根据下表写出 y 关于 x 的关系式。,根据下表写出 y 关于 x 的关系式。,matched,benchmark/results/v2/t160-retest-20261003/quality/image-assistance/t160-quality-20261002T182955Z-75789e35-05-IMP-SCAN-r2.json
t160-quality-20261002T182955Z-75789e35-05-IMP-SCAN-r2,IMP-SCAN,2,after_image_assistance,d6acd365-a6d5-5eb8-9b54-66f26a915094,7b82b959-2bb8-444a-878b-be7125883e65,ocr_required,options,not_applicable,True,True,,,matched,benchmark/results/v2/t160-retest-20261003/quality/image-assistance/t160-quality-20261002T182955Z-75789e35-05-IMP-SCAN-r2.json
t160-quality-20261002T182955Z-75789e35-05-IMP-SCAN-r2,IMP-SCAN,2,after_image_assistance,d6acd365-a6d5-5eb8-9b54-66f26a915094,7b82b959-2bb8-444a-878b-be7125883e65,ocr_required,reference_answer,known_missing,True,True,,,matched,benchmark/results/v2/t160-retest-20261003/quality/image-assistance/t160-quality-20261002T182955Z-75789e35-05-IMP-SCAN-r2.json
t160-quality-20261002T182955Z-75789e35-05-IMP-SCAN-r2,IMP-SCAN,2,after_image_assistance,d6acd365-a6d5-5eb8-9b54-66f26a915094,7b82b959-2bb8-444a-878b-be7125883e65,ocr_required,analysis,known_missing,True,True,,,matched,benchmark/results/v2/t160-retest-20261003/quality/image-assistance/t160-quality-20261002T182955Z-75789e35-05-IMP-SCAN-r2.json
t160-quality-20261002T182955Z-75789e35-05-IMP-SCAN-r2,IMP-SCAN,2,after_image_assistance,d6acd365-a6d5-5eb8-9b54-66f26a915094,7b82b959-2bb8-444a-878b-be7125883e65,ocr_required,score,source_provided,True,True,3.00,3.00,matched,benchmark/results/v2/t160-retest-20261003/quality/image-assistance/t160-quality-20261002T182955Z-75789e35-05-IMP-SCAN-r2.json
t160-quality-20261002T182955Z-75789e35-05-IMP-SCAN-r2,IMP-SCAN,2,after_image_assistance,d6acd365-a6d5-5eb8-9b54-66f26a915094,7b82b959-2bb8-444a-878b-be7125883e65,ocr_required,scoring_rubric,source_provided,True,True,正确关系式 1.00；说明代入过程 2.00。,正确关系式 1.00；说明代入过程 2.00。,matched,benchmark/results/v2/t160-retest-20261003/quality/image-assistance/t160-quality-20261002T182955Z-75789e35-05-IMP-SCAN-r2.json
t160-quality-20261002T182955Z-75789e35-05-IMP-SCAN-r2,IMP-SCAN,2,after_image_assistance,d6acd365-a6d5-5eb8-9b54-66f26a915094,7b82b959-2bb8-444a-878b-be7125883e65,ocr_required,knowledge_points,source_provided,True,True,"[""一次函数"", ""表达与计算""]","[""一次函数"", ""表达与计算""]",matched,benchmark/results/v2/t160-retest-20261003/quality/image-assistance/t160-quality-20261002T182955Z-75789e35-05-IMP-SCAN-r2.json
t160-quality-20261002T182955Z-75789e35-05-IMP-SCAN-r2,IMP-SCAN,2,after_image_assistance,d6acd365-a6d5-5eb8-9b54-66f26a915094,7b82b959-2bb8-444a-878b-be7125883e65,ocr_required,source_regions,unknown,False,,,,reference_unknown,benchmark/results/v2/t160-retest-20261003/quality/image-assistance/t160-quality-20261002T182955Z-75789e35-05-IMP-SCAN-r2.json
t160-quality-20261002T182955Z-75789e35-05-IMP-SCAN-r2,IMP-SCAN,2,after_image_assistance,d6acd365-a6d5-5eb8-9b54-66f26a915094,7b82b959-2bb8-444a-878b-be7125883e65,ocr_required,assets,source_provided,True,True,"[{""asset_type"": ""table"", ""source_page_number"": 1, ""order_index"": 1}]","[{""asset_type"": ""table"", ""source_page_number"": 1, ""order_index"": 1}]",matched,benchmark/results/v2/t160-retest-20261003/quality/image-assistance/t160-quality-20261002T182955Z-75789e35-05-IMP-SCAN-r2.json
t160-quality-20261002T182955Z-75789e35-06-IMP-SCAN-r3,IMP-SCAN,3,after_image_assistance,74d666eb-fc46-5106-8ea2-ea5c967c6457,ef55b2c3-be47-48c8-b10a-aec79f56df81,ocr_required,question_number,source_provided,True,True,1,1,matched,benchmark/results/v2/t160-retest-20261003/quality/image-assistance/t160-quality-20261002T182955Z-75789e35-06-IMP-SCAN-r3.json
t160-quality-20261002T182955Z-75789e35-06-IMP-SCAN-r3,IMP-SCAN,3,after_image_assistance,74d666eb-fc46-5106-8ea2-ea5c967c6457,ef55b2c3-be47-48c8-b10a-aec79f56df81,ocr_required,order_index,source_provided,True,True,1,1,matched,benchmark/results/v2/t160-retest-20261003/quality/image-assistance/t160-quality-20261002T182955Z-75789e35-06-IMP-SCAN-r3.json
t160-quality-20261002T182955Z-75789e35-06-IMP-SCAN-r3,IMP-SCAN,3,after_image_assistance,74d666eb-fc46-5106-8ea2-ea5c967c6457,ef55b2c3-be47-48c8-b10a-aec79f56df81,ocr_required,source_page_numbers,source_provided,True,True,[1],[1],matched,benchmark/results/v2/t160-retest-20261003/quality/image-assistance/t160-quality-20261002T182955Z-75789e35-06-IMP-SCAN-r3.json
t160-quality-20261002T182955Z-75789e35-06-IMP-SCAN-r3,IMP-SCAN,3,after_image_assistance,74d666eb-fc46-5106-8ea2-ea5c967c6457,ef55b2c3-be47-48c8-b10a-aec79f56df81,ocr_required,question_type,source_provided,True,True,SINGLE_CHOICE,SINGLE_CHOICE,matched,benchmark/results/v2/t160-retest-20261003/quality/image-assistance/t160-quality-20261002T182955Z-75789e35-06-IMP-SCAN-r3.json
t160-quality-20261002T182955Z-75789e35-06-IMP-SCAN-r3,IMP-SCAN,3,after_image_assistance,74d666eb-fc46-5106-8ea2-ea5c967c6457,ef55b2c3-be47-48c8-b10a-aec79f56df81,ocr_required,content,source_provided,True,True,y = 2x + 1，x = 3 时 y 为多少？,y = 2x + 1，x = 3 时 y 为多少？,matched,benchmark/results/v2/t160-retest-20261003/quality/image-assistance/t160-quality-20261002T182955Z-75789e35-06-IMP-SCAN-r3.json
t160-quality-20261002T182955Z-75789e35-06-IMP-SCAN-r3,IMP-SCAN,3,after_image_assistance,74d666eb-fc46-5106-8ea2-ea5c967c6457,ef55b2c3-be47-48c8-b10a-aec79f56df81,ocr_required,options,source_provided,True,True,"{""C"": ""7"", ""A"": ""5"", ""B"": ""6"", ""D"": ""8""}","{""C"": ""7"", ""A"": ""5"", ""B"": ""6"", ""D"": ""8""}",matched,benchmark/results/v2/t160-retest-20261003/quality/image-assistance/t160-quality-20261002T182955Z-75789e35-06-IMP-SCAN-r3.json
t160-quality-20261002T182955Z-75789e35-06-IMP-SCAN-r3,IMP-SCAN,3,after_image_assistance,74d666eb-fc46-5106-8ea2-ea5c967c6457,ef55b2c3-be47-48c8-b10a-aec79f56df81,ocr_required,reference_answer,source_provided,True,True,C,C,matched,benchmark/results/v2/t160-retest-20261003/quality/image-assistance/t160-quality-20261002T182955Z-75789e35-06-IMP-SCAN-r3.json
t160-quality-20261002T182955Z-75789e35-06-IMP-SCAN-r3,IMP-SCAN,3,after_image_assistance,74d666eb-fc46-5106-8ea2-ea5c967c6457,ef55b2c3-be47-48c8-b10a-aec79f56df81,ocr_required,analysis,source_provided,True,True,2 × 3 + 1 = 7。,2 × 3 + 1 = 7。,matched,benchmark/results/v2/t160-retest-20261003/quality/image-assistance/t160-quality-20261002T182955Z-75789e35-06-IMP-SCAN-r3.json
t160-quality-20261002T182955Z-75789e35-06-IMP-SCAN-r3,IMP-SCAN,3,after_image_assistance,74d666eb-fc46-5106-8ea2-ea5c967c6457,ef55b2c3-be47-48c8-b10a-aec79f56df81,ocr_required,score,source_provided,True,True,2.00,2.00,matched,benchmark/results/v2/t160-retest-20261003/quality/image-assistance/t160-quality-20261002T182955Z-75789e35-06-IMP-SCAN-r3.json
t160-quality-20261002T182955Z-75789e35-06-IMP-SCAN-r3,IMP-SCAN,3,after_image_assistance,74d666eb-fc46-5106-8ea2-ea5c967c6457,ef55b2c3-be47-48c8-b10a-aec79f56df81,ocr_required,scoring_rubric,known_missing,True,True,,,matched,benchmark/results/v2/t160-retest-20261003/quality/image-assistance/t160-quality-20261002T182955Z-75789e35-06-IMP-SCAN-r3.json
t160-quality-20261002T182955Z-75789e35-06-IMP-SCAN-r3,IMP-SCAN,3,after_image_assistance,74d666eb-fc46-5106-8ea2-ea5c967c6457,ef55b2c3-be47-48c8-b10a-aec79f56df81,ocr_required,knowledge_points,known_missing,True,True,[],[],matched,benchmark/results/v2/t160-retest-20261003/quality/image-assistance/t160-quality-20261002T182955Z-75789e35-06-IMP-SCAN-r3.json
t160-quality-20261002T182955Z-75789e35-06-IMP-SCAN-r3,IMP-SCAN,3,after_image_assistance,74d666eb-fc46-5106-8ea2-ea5c967c6457,ef55b2c3-be47-48c8-b10a-aec79f56df81,ocr_required,source_regions,unknown,False,,,,reference_unknown,benchmark/results/v2/t160-retest-20261003/quality/image-assistance/t160-quality-20261002T182955Z-75789e35-06-IMP-SCAN-r3.json
t160-quality-20261002T182955Z-75789e35-06-IMP-SCAN-r3,IMP-SCAN,3,after_image_assistance,74d666eb-fc46-5106-8ea2-ea5c967c6457,ef55b2c3-be47-48c8-b10a-aec79f56df81,ocr_required,assets,source_provided,True,True,[],[],matched,benchmark/results/v2/t160-retest-20261003/quality/image-assistance/t160-quality-20261002T182955Z-75789e35-06-IMP-SCAN-r3.json
t160-quality-20261002T182955Z-75789e35-06-IMP-SCAN-r3,IMP-SCAN,3,after_image_assistance,5f47ee64-edec-5327-9172-bb8454c7640d,a1b59b48-6cc5-4e35-916f-4b1eb81e0849,ocr_required,question_number,source_provided,True,True,2,2,matched,benchmark/results/v2/t160-retest-20261003/quality/image-assistance/t160-quality-20261002T182955Z-75789e35-06-IMP-SCAN-r3.json
t160-quality-20261002T182955Z-75789e35-06-IMP-SCAN-r3,IMP-SCAN,3,after_image_assistance,5f47ee64-edec-5327-9172-bb8454c7640d,a1b59b48-6cc5-4e35-916f-4b1eb81e0849,ocr_required,order_index,source_provided,True,True,2,2,matched,benchmark/results/v2/t160-retest-20261003/quality/image-assistance/t160-quality-20261002T182955Z-75789e35-06-IMP-SCAN-r3.json
t160-quality-20261002T182955Z-75789e35-06-IMP-SCAN-r3,IMP-SCAN,3,after_image_assistance,5f47ee64-edec-5327-9172-bb8454c7640d,a1b59b48-6cc5-4e35-916f-4b1eb81e0849,ocr_required,source_page_numbers,source_provided,True,True,[1],[1],matched,benchmark/results/v2/t160-retest-20261003/quality/image-assistance/t160-quality-20261002T182955Z-75789e35-06-IMP-SCAN-r3.json
t160-quality-20261002T182955Z-75789e35-06-IMP-SCAN-r3,IMP-SCAN,3,after_image_assistance,5f47ee64-edec-5327-9172-bb8454c7640d,a1b59b48-6cc5-4e35-916f-4b1eb81e0849,ocr_required,question_type,source_provided,True,True,TRUE_FALSE,TRUE_FALSE,matched,benchmark/results/v2/t160-retest-20261003/quality/image-assistance/t160-quality-20261002T182955Z-75789e35-06-IMP-SCAN-r3.json
t160-quality-20261002T182955Z-75789e35-06-IMP-SCAN-r3,IMP-SCAN,3,after_image_assistance,5f47ee64-edec-5327-9172-bb8454c7640d,a1b59b48-6cc5-4e35-916f-4b1eb81e0849,ocr_required,content,source_provided,True,True,右图三角形面积为 24 cm²。,右图三角形面积为 24 cm²。,matched,benchmark/results/v2/t160-retest-20261003/quality/image-assistance/t160-quality-20261002T182955Z-75789e35-06-IMP-SCAN-r3.json
t160-quality-20261002T182955Z-75789e35-06-IMP-SCAN-r3,IMP-SCAN,3,after_image_assistance,5f47ee64-edec-5327-9172-bb8454c7640d,a1b59b48-6cc5-4e35-916f-4b1eb81e0849,ocr_required,options,source_provided,True,True,"[""正确"", ""错误""]","[""正确"", ""错误""]",matched,benchmark/results/v2/t160-retest-20261003/quality/image-assistance/t160-quality-20261002T182955Z-75789e35-06-IMP-SCAN-r3.json
t160-quality-20261002T182955Z-75789e35-06-IMP-SCAN-r3,IMP-SCAN,3,after_image_assistance,5f47ee64-edec-5327-9172-bb8454c7640d,a1b59b48-6cc5-4e35-916f-4b1eb81e0849,ocr_required,reference_answer,known_missing,True,True,,,matched,benchmark/results/v2/t160-retest-20261003/quality/image-assistance/t160-quality-20261002T182955Z-75789e35-06-IMP-SCAN-r3.json
t160-quality-20261002T182955Z-75789e35-06-IMP-SCAN-r3,IMP-SCAN,3,after_image_assistance,5f47ee64-edec-5327-9172-bb8454c7640d,a1b59b48-6cc5-4e35-916f-4b1eb81e0849,ocr_required,analysis,known_missing,True,True,,,matched,benchmark/results/v2/t160-retest-20261003/quality/image-assistance/t160-quality-20261002T182955Z-75789e35-06-IMP-SCAN-r3.json
t160-quality-20261002T182955Z-75789e35-06-IMP-SCAN-r3,IMP-SCAN,3,after_image_assistance,5f47ee64-edec-5327-9172-bb8454c7640d,a1b59b48-6cc5-4e35-916f-4b1eb81e0849,ocr_required,score,source_provided,True,True,2.00,2.00,matched,benchmark/results/v2/t160-retest-20261003/quality/image-assistance/t160-quality-20261002T182955Z-75789e35-06-IMP-SCAN-r3.json
t160-quality-20261002T182955Z-75789e35-06-IMP-SCAN-r3,IMP-SCAN,3,after_image_assistance,5f47ee64-edec-5327-9172-bb8454c7640d,a1b59b48-6cc5-4e35-916f-4b1eb81e0849,ocr_required,scoring_rubric,known_missing,True,True,,,matched,benchmark/results/v2/t160-retest-20261003/quality/image-assistance/t160-quality-20261002T182955Z-75789e35-06-IMP-SCAN-r3.json
t160-quality-20261002T182955Z-75789e35-06-IMP-SCAN-r3,IMP-SCAN,3,after_image_assistance,5f47ee64-edec-5327-9172-bb8454c7640d,a1b59b48-6cc5-4e35-916f-4b1eb81e0849,ocr_required,knowledge_points,known_missing,True,True,[],[],matched,benchmark/results/v2/t160-retest-20261003/quality/image-assistance/t160-quality-20261002T182955Z-75789e35-06-IMP-SCAN-r3.json
t160-quality-20261002T182955Z-75789e35-06-IMP-SCAN-r3,IMP-SCAN,3,after_image_assistance,5f47ee64-edec-5327-9172-bb8454c7640d,a1b59b48-6cc5-4e35-916f-4b1eb81e0849,ocr_required,source_regions,unknown,False,,,,reference_unknown,benchmark/results/v2/t160-retest-20261003/quality/image-assistance/t160-quality-20261002T182955Z-75789e35-06-IMP-SCAN-r3.json
t160-quality-20261002T182955Z-75789e35-06-IMP-SCAN-r3,IMP-SCAN,3,after_image_assistance,5f47ee64-edec-5327-9172-bb8454c7640d,a1b59b48-6cc5-4e35-916f-4b1eb81e0849,ocr_required,assets,source_provided,True,True,"[{""asset_type"": ""figure"", ""source_page_number"": 1, ""order_index"": 1}]","[{""asset_type"": ""figure"", ""source_page_number"": 1, ""order_index"": 1}]",matched,benchmark/results/v2/t160-retest-20261003/quality/image-assistance/t160-quality-20261002T182955Z-75789e35-06-IMP-SCAN-r3.json
t160-quality-20261002T182955Z-75789e35-06-IMP-SCAN-r3,IMP-SCAN,3,after_image_assistance,d6acd365-a6d5-5eb8-9b54-66f26a915094,2d01bc05-a4e3-48e1-a287-369f7391ca6b,ocr_required,question_number,source_provided,True,True,3,3,matched,benchmark/results/v2/t160-retest-20261003/quality/image-assistance/t160-quality-20261002T182955Z-75789e35-06-IMP-SCAN-r3.json
t160-quality-20261002T182955Z-75789e35-06-IMP-SCAN-r3,IMP-SCAN,3,after_image_assistance,d6acd365-a6d5-5eb8-9b54-66f26a915094,2d01bc05-a4e3-48e1-a287-369f7391ca6b,ocr_required,order_index,source_provided,True,True,3,3,matched,benchmark/results/v2/t160-retest-20261003/quality/image-assistance/t160-quality-20261002T182955Z-75789e35-06-IMP-SCAN-r3.json
t160-quality-20261002T182955Z-75789e35-06-IMP-SCAN-r3,IMP-SCAN,3,after_image_assistance,d6acd365-a6d5-5eb8-9b54-66f26a915094,2d01bc05-a4e3-48e1-a287-369f7391ca6b,ocr_required,source_page_numbers,source_provided,True,True,[1],[1],matched,benchmark/results/v2/t160-retest-20261003/quality/image-assistance/t160-quality-20261002T182955Z-75789e35-06-IMP-SCAN-r3.json
t160-quality-20261002T182955Z-75789e35-06-IMP-SCAN-r3,IMP-SCAN,3,after_image_assistance,d6acd365-a6d5-5eb8-9b54-66f26a915094,2d01bc05-a4e3-48e1-a287-369f7391ca6b,ocr_required,question_type,source_provided,True,True,SHORT_ANSWER,SHORT_ANSWER,matched,benchmark/results/v2/t160-retest-20261003/quality/image-assistance/t160-quality-20261002T182955Z-75789e35-06-IMP-SCAN-r3.json
t160-quality-20261002T182955Z-75789e35-06-IMP-SCAN-r3,IMP-SCAN,3,after_image_assistance,d6acd365-a6d5-5eb8-9b54-66f26a915094,2d01bc05-a4e3-48e1-a287-369f7391ca6b,ocr_required,content,source_provided,True,True,根据下表写出 y 关于 x 的关系式。,根据下表写出 y 关于 x 的关系式。,matched,benchmark/results/v2/t160-retest-20261003/quality/image-assistance/t160-quality-20261002T182955Z-75789e35-06-IMP-SCAN-r3.json
t160-quality-20261002T182955Z-75789e35-06-IMP-SCAN-r3,IMP-SCAN,3,after_image_assistance,d6acd365-a6d5-5eb8-9b54-66f26a915094,2d01bc05-a4e3-48e1-a287-369f7391ca6b,ocr_required,options,not_applicable,True,True,,,matched,benchmark/results/v2/t160-retest-20261003/quality/image-assistance/t160-quality-20261002T182955Z-75789e35-06-IMP-SCAN-r3.json
t160-quality-20261002T182955Z-75789e35-06-IMP-SCAN-r3,IMP-SCAN,3,after_image_assistance,d6acd365-a6d5-5eb8-9b54-66f26a915094,2d01bc05-a4e3-48e1-a287-369f7391ca6b,ocr_required,reference_answer,known_missing,True,True,,,matched,benchmark/results/v2/t160-retest-20261003/quality/image-assistance/t160-quality-20261002T182955Z-75789e35-06-IMP-SCAN-r3.json
t160-quality-20261002T182955Z-75789e35-06-IMP-SCAN-r3,IMP-SCAN,3,after_image_assistance,d6acd365-a6d5-5eb8-9b54-66f26a915094,2d01bc05-a4e3-48e1-a287-369f7391ca6b,ocr_required,analysis,known_missing,True,True,,,matched,benchmark/results/v2/t160-retest-20261003/quality/image-assistance/t160-quality-20261002T182955Z-75789e35-06-IMP-SCAN-r3.json
t160-quality-20261002T182955Z-75789e35-06-IMP-SCAN-r3,IMP-SCAN,3,after_image_assistance,d6acd365-a6d5-5eb8-9b54-66f26a915094,2d01bc05-a4e3-48e1-a287-369f7391ca6b,ocr_required,score,source_provided,True,True,3.00,3.00,matched,benchmark/results/v2/t160-retest-20261003/quality/image-assistance/t160-quality-20261002T182955Z-75789e35-06-IMP-SCAN-r3.json
t160-quality-20261002T182955Z-75789e35-06-IMP-SCAN-r3,IMP-SCAN,3,after_image_assistance,d6acd365-a6d5-5eb8-9b54-66f26a915094,2d01bc05-a4e3-48e1-a287-369f7391ca6b,ocr_required,scoring_rubric,source_provided,True,True,正确关系式 1.00；说明代入过程 2.00。,正确关系式 1.00；说明代入过程 2.00。,matched,benchmark/results/v2/t160-retest-20261003/quality/image-assistance/t160-quality-20261002T182955Z-75789e35-06-IMP-SCAN-r3.json
t160-quality-20261002T182955Z-75789e35-06-IMP-SCAN-r3,IMP-SCAN,3,after_image_assistance,d6acd365-a6d5-5eb8-9b54-66f26a915094,2d01bc05-a4e3-48e1-a287-369f7391ca6b,ocr_required,knowledge_points,source_provided,True,True,"[""一次函数"", ""表达与计算""]","[""一次函数"", ""表达与计算""]",matched,benchmark/results/v2/t160-retest-20261003/quality/image-assistance/t160-quality-20261002T182955Z-75789e35-06-IMP-SCAN-r3.json
t160-quality-20261002T182955Z-75789e35-06-IMP-SCAN-r3,IMP-SCAN,3,after_image_assistance,d6acd365-a6d5-5eb8-9b54-66f26a915094,2d01bc05-a4e3-48e1-a287-369f7391ca6b,ocr_required,source_regions,unknown,False,,,,reference_unknown,benchmark/results/v2/t160-retest-20261003/quality/image-assistance/t160-quality-20261002T182955Z-75789e35-06-IMP-SCAN-r3.json
t160-quality-20261002T182955Z-75789e35-06-IMP-SCAN-r3,IMP-SCAN,3,after_image_assistance,d6acd365-a6d5-5eb8-9b54-66f26a915094,2d01bc05-a4e3-48e1-a287-369f7391ca6b,ocr_required,assets,source_provided,True,True,"[{""asset_type"": ""table"", ""source_page_number"": 1, ""order_index"": 1}]","[{""asset_type"": ""table"", ""source_page_number"": 1, ""order_index"": 1}]",matched,benchmark/results/v2/t160-retest-20261003/quality/image-assistance/t160-quality-20261002T182955Z-75789e35-06-IMP-SCAN-r3.json
t160-quality-20261002T182955Z-75789e35-07-IMP-IMAGE-r1,IMP-IMAGE,1,after_image_assistance,c4d750a5-4dc4-5a35-83e2-dee4ca44aca1,2b32e705-d3d0-4199-8913-085b3e4dc79c,ocr_required,question_number,source_provided,True,True,1,1,matched,benchmark/results/v2/t160-retest-20261003/quality/image-assistance/t160-quality-20261002T182955Z-75789e35-07-IMP-IMAGE-r1.json
t160-quality-20261002T182955Z-75789e35-07-IMP-IMAGE-r1,IMP-IMAGE,1,after_image_assistance,c4d750a5-4dc4-5a35-83e2-dee4ca44aca1,2b32e705-d3d0-4199-8913-085b3e4dc79c,ocr_required,order_index,source_provided,True,True,1,1,matched,benchmark/results/v2/t160-retest-20261003/quality/image-assistance/t160-quality-20261002T182955Z-75789e35-07-IMP-IMAGE-r1.json
t160-quality-20261002T182955Z-75789e35-07-IMP-IMAGE-r1,IMP-IMAGE,1,after_image_assistance,c4d750a5-4dc4-5a35-83e2-dee4ca44aca1,2b32e705-d3d0-4199-8913-085b3e4dc79c,ocr_required,source_page_numbers,source_provided,True,True,[1],[1],matched,benchmark/results/v2/t160-retest-20261003/quality/image-assistance/t160-quality-20261002T182955Z-75789e35-07-IMP-IMAGE-r1.json
t160-quality-20261002T182955Z-75789e35-07-IMP-IMAGE-r1,IMP-IMAGE,1,after_image_assistance,c4d750a5-4dc4-5a35-83e2-dee4ca44aca1,2b32e705-d3d0-4199-8913-085b3e4dc79c,ocr_required,question_type,source_provided,True,True,SINGLE_CHOICE,SINGLE_CHOICE,matched,benchmark/results/v2/t160-retest-20261003/quality/image-assistance/t160-quality-20261002T182955Z-75789e35-07-IMP-IMAGE-r1.json
t160-quality-20261002T182955Z-75789e35-07-IMP-IMAGE-r1,IMP-IMAGE,1,after_image_assistance,c4d750a5-4dc4-5a35-83e2-dee4ca44aca1,2b32e705-d3d0-4199-8913-085b3e4dc79c,ocr_required,content,source_provided,True,True,y = 2x + 1，x = 3 时 y 为多少？,y = 2x + 1，x = 3 时 y 为多少？,matched,benchmark/results/v2/t160-retest-20261003/quality/image-assistance/t160-quality-20261002T182955Z-75789e35-07-IMP-IMAGE-r1.json
t160-quality-20261002T182955Z-75789e35-07-IMP-IMAGE-r1,IMP-IMAGE,1,after_image_assistance,c4d750a5-4dc4-5a35-83e2-dee4ca44aca1,2b32e705-d3d0-4199-8913-085b3e4dc79c,ocr_required,options,source_provided,True,True,"{""C"": ""7"", ""A"": ""5"", ""B"": ""6"", ""D"": ""8""}","{""C"": ""7"", ""A"": ""5"", ""B"": ""6"", ""D"": ""8""}",matched,benchmark/results/v2/t160-retest-20261003/quality/image-assistance/t160-quality-20261002T182955Z-75789e35-07-IMP-IMAGE-r1.json
t160-quality-20261002T182955Z-75789e35-07-IMP-IMAGE-r1,IMP-IMAGE,1,after_image_assistance,c4d750a5-4dc4-5a35-83e2-dee4ca44aca1,2b32e705-d3d0-4199-8913-085b3e4dc79c,ocr_required,reference_answer,source_provided,True,True,C,C,matched,benchmark/results/v2/t160-retest-20261003/quality/image-assistance/t160-quality-20261002T182955Z-75789e35-07-IMP-IMAGE-r1.json
t160-quality-20261002T182955Z-75789e35-07-IMP-IMAGE-r1,IMP-IMAGE,1,after_image_assistance,c4d750a5-4dc4-5a35-83e2-dee4ca44aca1,2b32e705-d3d0-4199-8913-085b3e4dc79c,ocr_required,analysis,source_provided,True,True,2 × 3 + 1 = 7。,2 × 3 + 1 = 7。,matched,benchmark/results/v2/t160-retest-20261003/quality/image-assistance/t160-quality-20261002T182955Z-75789e35-07-IMP-IMAGE-r1.json
t160-quality-20261002T182955Z-75789e35-07-IMP-IMAGE-r1,IMP-IMAGE,1,after_image_assistance,c4d750a5-4dc4-5a35-83e2-dee4ca44aca1,2b32e705-d3d0-4199-8913-085b3e4dc79c,ocr_required,score,source_provided,True,True,2.00,2.00,matched,benchmark/results/v2/t160-retest-20261003/quality/image-assistance/t160-quality-20261002T182955Z-75789e35-07-IMP-IMAGE-r1.json
t160-quality-20261002T182955Z-75789e35-07-IMP-IMAGE-r1,IMP-IMAGE,1,after_image_assistance,c4d750a5-4dc4-5a35-83e2-dee4ca44aca1,2b32e705-d3d0-4199-8913-085b3e4dc79c,ocr_required,scoring_rubric,known_missing,True,True,,,matched,benchmark/results/v2/t160-retest-20261003/quality/image-assistance/t160-quality-20261002T182955Z-75789e35-07-IMP-IMAGE-r1.json
t160-quality-20261002T182955Z-75789e35-07-IMP-IMAGE-r1,IMP-IMAGE,1,after_image_assistance,c4d750a5-4dc4-5a35-83e2-dee4ca44aca1,2b32e705-d3d0-4199-8913-085b3e4dc79c,ocr_required,knowledge_points,known_missing,True,True,[],[],matched,benchmark/results/v2/t160-retest-20261003/quality/image-assistance/t160-quality-20261002T182955Z-75789e35-07-IMP-IMAGE-r1.json
t160-quality-20261002T182955Z-75789e35-07-IMP-IMAGE-r1,IMP-IMAGE,1,after_image_assistance,c4d750a5-4dc4-5a35-83e2-dee4ca44aca1,2b32e705-d3d0-4199-8913-085b3e4dc79c,ocr_required,source_regions,unknown,False,,,,reference_unknown,benchmark/results/v2/t160-retest-20261003/quality/image-assistance/t160-quality-20261002T182955Z-75789e35-07-IMP-IMAGE-r1.json
t160-quality-20261002T182955Z-75789e35-07-IMP-IMAGE-r1,IMP-IMAGE,1,after_image_assistance,c4d750a5-4dc4-5a35-83e2-dee4ca44aca1,2b32e705-d3d0-4199-8913-085b3e4dc79c,ocr_required,assets,source_provided,True,True,[],[],matched,benchmark/results/v2/t160-retest-20261003/quality/image-assistance/t160-quality-20261002T182955Z-75789e35-07-IMP-IMAGE-r1.json
t160-quality-20261002T182955Z-75789e35-07-IMP-IMAGE-r1,IMP-IMAGE,1,after_image_assistance,e418791a-1462-52b7-98fe-396ce71b8d48,052c7974-feb6-4564-8b9e-ff00daeb3e6d,ocr_required,question_number,source_provided,True,True,2,2,matched,benchmark/results/v2/t160-retest-20261003/quality/image-assistance/t160-quality-20261002T182955Z-75789e35-07-IMP-IMAGE-r1.json
t160-quality-20261002T182955Z-75789e35-07-IMP-IMAGE-r1,IMP-IMAGE,1,after_image_assistance,e418791a-1462-52b7-98fe-396ce71b8d48,052c7974-feb6-4564-8b9e-ff00daeb3e6d,ocr_required,order_index,source_provided,True,True,2,2,matched,benchmark/results/v2/t160-retest-20261003/quality/image-assistance/t160-quality-20261002T182955Z-75789e35-07-IMP-IMAGE-r1.json
t160-quality-20261002T182955Z-75789e35-07-IMP-IMAGE-r1,IMP-IMAGE,1,after_image_assistance,e418791a-1462-52b7-98fe-396ce71b8d48,052c7974-feb6-4564-8b9e-ff00daeb3e6d,ocr_required,source_page_numbers,source_provided,True,True,[1],[1],matched,benchmark/results/v2/t160-retest-20261003/quality/image-assistance/t160-quality-20261002T182955Z-75789e35-07-IMP-IMAGE-r1.json
t160-quality-20261002T182955Z-75789e35-07-IMP-IMAGE-r1,IMP-IMAGE,1,after_image_assistance,e418791a-1462-52b7-98fe-396ce71b8d48,052c7974-feb6-4564-8b9e-ff00daeb3e6d,ocr_required,question_type,source_provided,True,True,TRUE_FALSE,TRUE_FALSE,matched,benchmark/results/v2/t160-retest-20261003/quality/image-assistance/t160-quality-20261002T182955Z-75789e35-07-IMP-IMAGE-r1.json
t160-quality-20261002T182955Z-75789e35-07-IMP-IMAGE-r1,IMP-IMAGE,1,after_image_assistance,e418791a-1462-52b7-98fe-396ce71b8d48,052c7974-feb6-4564-8b9e-ff00daeb3e6d,ocr_required,content,source_provided,True,True,右图三角形面积为 24 cm²。,右图三角形面积为 24 cm²。,matched,benchmark/results/v2/t160-retest-20261003/quality/image-assistance/t160-quality-20261002T182955Z-75789e35-07-IMP-IMAGE-r1.json
t160-quality-20261002T182955Z-75789e35-07-IMP-IMAGE-r1,IMP-IMAGE,1,after_image_assistance,e418791a-1462-52b7-98fe-396ce71b8d48,052c7974-feb6-4564-8b9e-ff00daeb3e6d,ocr_required,options,source_provided,True,True,"[""正确"", ""错误""]","[""正确"", ""错误""]",matched,benchmark/results/v2/t160-retest-20261003/quality/image-assistance/t160-quality-20261002T182955Z-75789e35-07-IMP-IMAGE-r1.json
t160-quality-20261002T182955Z-75789e35-07-IMP-IMAGE-r1,IMP-IMAGE,1,after_image_assistance,e418791a-1462-52b7-98fe-396ce71b8d48,052c7974-feb6-4564-8b9e-ff00daeb3e6d,ocr_required,reference_answer,known_missing,True,True,,,matched,benchmark/results/v2/t160-retest-20261003/quality/image-assistance/t160-quality-20261002T182955Z-75789e35-07-IMP-IMAGE-r1.json
t160-quality-20261002T182955Z-75789e35-07-IMP-IMAGE-r1,IMP-IMAGE,1,after_image_assistance,e418791a-1462-52b7-98fe-396ce71b8d48,052c7974-feb6-4564-8b9e-ff00daeb3e6d,ocr_required,analysis,known_missing,True,True,,,matched,benchmark/results/v2/t160-retest-20261003/quality/image-assistance/t160-quality-20261002T182955Z-75789e35-07-IMP-IMAGE-r1.json
t160-quality-20261002T182955Z-75789e35-07-IMP-IMAGE-r1,IMP-IMAGE,1,after_image_assistance,e418791a-1462-52b7-98fe-396ce71b8d48,052c7974-feb6-4564-8b9e-ff00daeb3e6d,ocr_required,score,source_provided,True,True,2.00,2.00,matched,benchmark/results/v2/t160-retest-20261003/quality/image-assistance/t160-quality-20261002T182955Z-75789e35-07-IMP-IMAGE-r1.json
t160-quality-20261002T182955Z-75789e35-07-IMP-IMAGE-r1,IMP-IMAGE,1,after_image_assistance,e418791a-1462-52b7-98fe-396ce71b8d48,052c7974-feb6-4564-8b9e-ff00daeb3e6d,ocr_required,scoring_rubric,known_missing,True,True,,,matched,benchmark/results/v2/t160-retest-20261003/quality/image-assistance/t160-quality-20261002T182955Z-75789e35-07-IMP-IMAGE-r1.json
t160-quality-20261002T182955Z-75789e35-07-IMP-IMAGE-r1,IMP-IMAGE,1,after_image_assistance,e418791a-1462-52b7-98fe-396ce71b8d48,052c7974-feb6-4564-8b9e-ff00daeb3e6d,ocr_required,knowledge_points,known_missing,True,True,[],[],matched,benchmark/results/v2/t160-retest-20261003/quality/image-assistance/t160-quality-20261002T182955Z-75789e35-07-IMP-IMAGE-r1.json
t160-quality-20261002T182955Z-75789e35-07-IMP-IMAGE-r1,IMP-IMAGE,1,after_image_assistance,e418791a-1462-52b7-98fe-396ce71b8d48,052c7974-feb6-4564-8b9e-ff00daeb3e6d,ocr_required,source_regions,unknown,False,,,,reference_unknown,benchmark/results/v2/t160-retest-20261003/quality/image-assistance/t160-quality-20261002T182955Z-75789e35-07-IMP-IMAGE-r1.json
t160-quality-20261002T182955Z-75789e35-07-IMP-IMAGE-r1,IMP-IMAGE,1,after_image_assistance,e418791a-1462-52b7-98fe-396ce71b8d48,052c7974-feb6-4564-8b9e-ff00daeb3e6d,ocr_required,assets,source_provided,True,True,"[{""asset_type"": ""figure"", ""source_page_number"": 1, ""order_index"": 1}]","[{""asset_type"": ""figure"", ""source_page_number"": 1, ""order_index"": 1}]",matched,benchmark/results/v2/t160-retest-20261003/quality/image-assistance/t160-quality-20261002T182955Z-75789e35-07-IMP-IMAGE-r1.json
t160-quality-20261002T182955Z-75789e35-07-IMP-IMAGE-r1,IMP-IMAGE,1,after_image_assistance,e5c1555f-e927-575c-b68c-85eb341a3202,a7ebda46-7100-4b1f-ac4e-17a7e43d2168,ocr_required,question_number,source_provided,True,True,3,3,matched,benchmark/results/v2/t160-retest-20261003/quality/image-assistance/t160-quality-20261002T182955Z-75789e35-07-IMP-IMAGE-r1.json
t160-quality-20261002T182955Z-75789e35-07-IMP-IMAGE-r1,IMP-IMAGE,1,after_image_assistance,e5c1555f-e927-575c-b68c-85eb341a3202,a7ebda46-7100-4b1f-ac4e-17a7e43d2168,ocr_required,order_index,source_provided,True,True,3,3,matched,benchmark/results/v2/t160-retest-20261003/quality/image-assistance/t160-quality-20261002T182955Z-75789e35-07-IMP-IMAGE-r1.json
t160-quality-20261002T182955Z-75789e35-07-IMP-IMAGE-r1,IMP-IMAGE,1,after_image_assistance,e5c1555f-e927-575c-b68c-85eb341a3202,a7ebda46-7100-4b1f-ac4e-17a7e43d2168,ocr_required,source_page_numbers,source_provided,True,True,[1],[1],matched,benchmark/results/v2/t160-retest-20261003/quality/image-assistance/t160-quality-20261002T182955Z-75789e35-07-IMP-IMAGE-r1.json
t160-quality-20261002T182955Z-75789e35-07-IMP-IMAGE-r1,IMP-IMAGE,1,after_image_assistance,e5c1555f-e927-575c-b68c-85eb341a3202,a7ebda46-7100-4b1f-ac4e-17a7e43d2168,ocr_required,question_type,source_provided,True,True,SHORT_ANSWER,SHORT_ANSWER,matched,benchmark/results/v2/t160-retest-20261003/quality/image-assistance/t160-quality-20261002T182955Z-75789e35-07-IMP-IMAGE-r1.json
t160-quality-20261002T182955Z-75789e35-07-IMP-IMAGE-r1,IMP-IMAGE,1,after_image_assistance,e5c1555f-e927-575c-b68c-85eb341a3202,a7ebda46-7100-4b1f-ac4e-17a7e43d2168,ocr_required,content,source_provided,True,True,根据下表写出 y 关于 x 的关系式。,根据下表写出 y 关于 x 的关系式。,matched,benchmark/results/v2/t160-retest-20261003/quality/image-assistance/t160-quality-20261002T182955Z-75789e35-07-IMP-IMAGE-r1.json
t160-quality-20261002T182955Z-75789e35-07-IMP-IMAGE-r1,IMP-IMAGE,1,after_image_assistance,e5c1555f-e927-575c-b68c-85eb341a3202,a7ebda46-7100-4b1f-ac4e-17a7e43d2168,ocr_required,options,not_applicable,True,True,,,matched,benchmark/results/v2/t160-retest-20261003/quality/image-assistance/t160-quality-20261002T182955Z-75789e35-07-IMP-IMAGE-r1.json
t160-quality-20261002T182955Z-75789e35-07-IMP-IMAGE-r1,IMP-IMAGE,1,after_image_assistance,e5c1555f-e927-575c-b68c-85eb341a3202,a7ebda46-7100-4b1f-ac4e-17a7e43d2168,ocr_required,reference_answer,known_missing,True,True,,,matched,benchmark/results/v2/t160-retest-20261003/quality/image-assistance/t160-quality-20261002T182955Z-75789e35-07-IMP-IMAGE-r1.json
t160-quality-20261002T182955Z-75789e35-07-IMP-IMAGE-r1,IMP-IMAGE,1,after_image_assistance,e5c1555f-e927-575c-b68c-85eb341a3202,a7ebda46-7100-4b1f-ac4e-17a7e43d2168,ocr_required,analysis,known_missing,True,True,,,matched,benchmark/results/v2/t160-retest-20261003/quality/image-assistance/t160-quality-20261002T182955Z-75789e35-07-IMP-IMAGE-r1.json
t160-quality-20261002T182955Z-75789e35-07-IMP-IMAGE-r1,IMP-IMAGE,1,after_image_assistance,e5c1555f-e927-575c-b68c-85eb341a3202,a7ebda46-7100-4b1f-ac4e-17a7e43d2168,ocr_required,score,source_provided,True,True,3.00,3.00,matched,benchmark/results/v2/t160-retest-20261003/quality/image-assistance/t160-quality-20261002T182955Z-75789e35-07-IMP-IMAGE-r1.json
t160-quality-20261002T182955Z-75789e35-07-IMP-IMAGE-r1,IMP-IMAGE,1,after_image_assistance,e5c1555f-e927-575c-b68c-85eb341a3202,a7ebda46-7100-4b1f-ac4e-17a7e43d2168,ocr_required,scoring_rubric,source_provided,True,True,正确关系式 1.00；说明代入过程 2.00。,正确关系式 1.00；说明代入过程 2.00。,matched,benchmark/results/v2/t160-retest-20261003/quality/image-assistance/t160-quality-20261002T182955Z-75789e35-07-IMP-IMAGE-r1.json
t160-quality-20261002T182955Z-75789e35-07-IMP-IMAGE-r1,IMP-IMAGE,1,after_image_assistance,e5c1555f-e927-575c-b68c-85eb341a3202,a7ebda46-7100-4b1f-ac4e-17a7e43d2168,ocr_required,knowledge_points,source_provided,True,True,"[""一次函数"", ""表达与计算""]","[""一次函数"", ""表达与计算""]",matched,benchmark/results/v2/t160-retest-20261003/quality/image-assistance/t160-quality-20261002T182955Z-75789e35-07-IMP-IMAGE-r1.json
t160-quality-20261002T182955Z-75789e35-07-IMP-IMAGE-r1,IMP-IMAGE,1,after_image_assistance,e5c1555f-e927-575c-b68c-85eb341a3202,a7ebda46-7100-4b1f-ac4e-17a7e43d2168,ocr_required,source_regions,unknown,False,,,,reference_unknown,benchmark/results/v2/t160-retest-20261003/quality/image-assistance/t160-quality-20261002T182955Z-75789e35-07-IMP-IMAGE-r1.json
t160-quality-20261002T182955Z-75789e35-07-IMP-IMAGE-r1,IMP-IMAGE,1,after_image_assistance,e5c1555f-e927-575c-b68c-85eb341a3202,a7ebda46-7100-4b1f-ac4e-17a7e43d2168,ocr_required,assets,source_provided,True,True,"[{""asset_type"": ""table"", ""source_page_number"": 1, ""order_index"": 1}]","[{""asset_type"": ""table"", ""source_page_number"": 1, ""order_index"": 1}]",matched,benchmark/results/v2/t160-retest-20261003/quality/image-assistance/t160-quality-20261002T182955Z-75789e35-07-IMP-IMAGE-r1.json
t160-quality-20261002T182955Z-75789e35-08-IMP-IMAGE-r2,IMP-IMAGE,2,after_image_assistance,c4d750a5-4dc4-5a35-83e2-dee4ca44aca1,5cf3eb8f-ec4e-4bd5-a793-74ab8916a94c,ocr_required,question_number,source_provided,True,True,1,1,matched,benchmark/results/v2/t160-retest-20261003/quality/image-assistance/t160-quality-20261002T182955Z-75789e35-08-IMP-IMAGE-r2.json
t160-quality-20261002T182955Z-75789e35-08-IMP-IMAGE-r2,IMP-IMAGE,2,after_image_assistance,c4d750a5-4dc4-5a35-83e2-dee4ca44aca1,5cf3eb8f-ec4e-4bd5-a793-74ab8916a94c,ocr_required,order_index,source_provided,True,True,1,1,matched,benchmark/results/v2/t160-retest-20261003/quality/image-assistance/t160-quality-20261002T182955Z-75789e35-08-IMP-IMAGE-r2.json
t160-quality-20261002T182955Z-75789e35-08-IMP-IMAGE-r2,IMP-IMAGE,2,after_image_assistance,c4d750a5-4dc4-5a35-83e2-dee4ca44aca1,5cf3eb8f-ec4e-4bd5-a793-74ab8916a94c,ocr_required,source_page_numbers,source_provided,True,True,[1],[1],matched,benchmark/results/v2/t160-retest-20261003/quality/image-assistance/t160-quality-20261002T182955Z-75789e35-08-IMP-IMAGE-r2.json
t160-quality-20261002T182955Z-75789e35-08-IMP-IMAGE-r2,IMP-IMAGE,2,after_image_assistance,c4d750a5-4dc4-5a35-83e2-dee4ca44aca1,5cf3eb8f-ec4e-4bd5-a793-74ab8916a94c,ocr_required,question_type,source_provided,True,True,SINGLE_CHOICE,SINGLE_CHOICE,matched,benchmark/results/v2/t160-retest-20261003/quality/image-assistance/t160-quality-20261002T182955Z-75789e35-08-IMP-IMAGE-r2.json
t160-quality-20261002T182955Z-75789e35-08-IMP-IMAGE-r2,IMP-IMAGE,2,after_image_assistance,c4d750a5-4dc4-5a35-83e2-dee4ca44aca1,5cf3eb8f-ec4e-4bd5-a793-74ab8916a94c,ocr_required,content,source_provided,True,True,y = 2x + 1，x = 3 时 y 为多少？,y = 2x + 1，x = 3 时 y 为多少？,matched,benchmark/results/v2/t160-retest-20261003/quality/image-assistance/t160-quality-20261002T182955Z-75789e35-08-IMP-IMAGE-r2.json
t160-quality-20261002T182955Z-75789e35-08-IMP-IMAGE-r2,IMP-IMAGE,2,after_image_assistance,c4d750a5-4dc4-5a35-83e2-dee4ca44aca1,5cf3eb8f-ec4e-4bd5-a793-74ab8916a94c,ocr_required,options,source_provided,True,True,"{""C"": ""7"", ""A"": ""5"", ""B"": ""6"", ""D"": ""8""}","{""C"": ""7"", ""A"": ""5"", ""B"": ""6"", ""D"": ""8""}",matched,benchmark/results/v2/t160-retest-20261003/quality/image-assistance/t160-quality-20261002T182955Z-75789e35-08-IMP-IMAGE-r2.json
t160-quality-20261002T182955Z-75789e35-08-IMP-IMAGE-r2,IMP-IMAGE,2,after_image_assistance,c4d750a5-4dc4-5a35-83e2-dee4ca44aca1,5cf3eb8f-ec4e-4bd5-a793-74ab8916a94c,ocr_required,reference_answer,source_provided,True,True,C,C,matched,benchmark/results/v2/t160-retest-20261003/quality/image-assistance/t160-quality-20261002T182955Z-75789e35-08-IMP-IMAGE-r2.json
t160-quality-20261002T182955Z-75789e35-08-IMP-IMAGE-r2,IMP-IMAGE,2,after_image_assistance,c4d750a5-4dc4-5a35-83e2-dee4ca44aca1,5cf3eb8f-ec4e-4bd5-a793-74ab8916a94c,ocr_required,analysis,source_provided,True,True,2 × 3 + 1 = 7。,2 × 3 + 1 = 7。,matched,benchmark/results/v2/t160-retest-20261003/quality/image-assistance/t160-quality-20261002T182955Z-75789e35-08-IMP-IMAGE-r2.json
t160-quality-20261002T182955Z-75789e35-08-IMP-IMAGE-r2,IMP-IMAGE,2,after_image_assistance,c4d750a5-4dc4-5a35-83e2-dee4ca44aca1,5cf3eb8f-ec4e-4bd5-a793-74ab8916a94c,ocr_required,score,source_provided,True,True,2.00,2.00,matched,benchmark/results/v2/t160-retest-20261003/quality/image-assistance/t160-quality-20261002T182955Z-75789e35-08-IMP-IMAGE-r2.json
t160-quality-20261002T182955Z-75789e35-08-IMP-IMAGE-r2,IMP-IMAGE,2,after_image_assistance,c4d750a5-4dc4-5a35-83e2-dee4ca44aca1,5cf3eb8f-ec4e-4bd5-a793-74ab8916a94c,ocr_required,scoring_rubric,known_missing,True,True,,,matched,benchmark/results/v2/t160-retest-20261003/quality/image-assistance/t160-quality-20261002T182955Z-75789e35-08-IMP-IMAGE-r2.json
t160-quality-20261002T182955Z-75789e35-08-IMP-IMAGE-r2,IMP-IMAGE,2,after_image_assistance,c4d750a5-4dc4-5a35-83e2-dee4ca44aca1,5cf3eb8f-ec4e-4bd5-a793-74ab8916a94c,ocr_required,knowledge_points,known_missing,True,True,[],[],matched,benchmark/results/v2/t160-retest-20261003/quality/image-assistance/t160-quality-20261002T182955Z-75789e35-08-IMP-IMAGE-r2.json
t160-quality-20261002T182955Z-75789e35-08-IMP-IMAGE-r2,IMP-IMAGE,2,after_image_assistance,c4d750a5-4dc4-5a35-83e2-dee4ca44aca1,5cf3eb8f-ec4e-4bd5-a793-74ab8916a94c,ocr_required,source_regions,unknown,False,,,,reference_unknown,benchmark/results/v2/t160-retest-20261003/quality/image-assistance/t160-quality-20261002T182955Z-75789e35-08-IMP-IMAGE-r2.json
t160-quality-20261002T182955Z-75789e35-08-IMP-IMAGE-r2,IMP-IMAGE,2,after_image_assistance,c4d750a5-4dc4-5a35-83e2-dee4ca44aca1,5cf3eb8f-ec4e-4bd5-a793-74ab8916a94c,ocr_required,assets,source_provided,True,True,[],[],matched,benchmark/results/v2/t160-retest-20261003/quality/image-assistance/t160-quality-20261002T182955Z-75789e35-08-IMP-IMAGE-r2.json
t160-quality-20261002T182955Z-75789e35-08-IMP-IMAGE-r2,IMP-IMAGE,2,after_image_assistance,e418791a-1462-52b7-98fe-396ce71b8d48,74800003-31a7-4f4e-a20c-18f16b1f328d,ocr_required,question_number,source_provided,True,True,2,2,matched,benchmark/results/v2/t160-retest-20261003/quality/image-assistance/t160-quality-20261002T182955Z-75789e35-08-IMP-IMAGE-r2.json
t160-quality-20261002T182955Z-75789e35-08-IMP-IMAGE-r2,IMP-IMAGE,2,after_image_assistance,e418791a-1462-52b7-98fe-396ce71b8d48,74800003-31a7-4f4e-a20c-18f16b1f328d,ocr_required,order_index,source_provided,True,True,2,2,matched,benchmark/results/v2/t160-retest-20261003/quality/image-assistance/t160-quality-20261002T182955Z-75789e35-08-IMP-IMAGE-r2.json
t160-quality-20261002T182955Z-75789e35-08-IMP-IMAGE-r2,IMP-IMAGE,2,after_image_assistance,e418791a-1462-52b7-98fe-396ce71b8d48,74800003-31a7-4f4e-a20c-18f16b1f328d,ocr_required,source_page_numbers,source_provided,True,True,[1],[1],matched,benchmark/results/v2/t160-retest-20261003/quality/image-assistance/t160-quality-20261002T182955Z-75789e35-08-IMP-IMAGE-r2.json
t160-quality-20261002T182955Z-75789e35-08-IMP-IMAGE-r2,IMP-IMAGE,2,after_image_assistance,e418791a-1462-52b7-98fe-396ce71b8d48,74800003-31a7-4f4e-a20c-18f16b1f328d,ocr_required,question_type,source_provided,True,True,TRUE_FALSE,TRUE_FALSE,matched,benchmark/results/v2/t160-retest-20261003/quality/image-assistance/t160-quality-20261002T182955Z-75789e35-08-IMP-IMAGE-r2.json
t160-quality-20261002T182955Z-75789e35-08-IMP-IMAGE-r2,IMP-IMAGE,2,after_image_assistance,e418791a-1462-52b7-98fe-396ce71b8d48,74800003-31a7-4f4e-a20c-18f16b1f328d,ocr_required,content,source_provided,True,True,右图三角形面积为 24 cm²。,右图三角形面积为 24 cm²。,matched,benchmark/results/v2/t160-retest-20261003/quality/image-assistance/t160-quality-20261002T182955Z-75789e35-08-IMP-IMAGE-r2.json
t160-quality-20261002T182955Z-75789e35-08-IMP-IMAGE-r2,IMP-IMAGE,2,after_image_assistance,e418791a-1462-52b7-98fe-396ce71b8d48,74800003-31a7-4f4e-a20c-18f16b1f328d,ocr_required,options,source_provided,True,True,"[""正确"", ""错误""]","[""正确"", ""错误""]",matched,benchmark/results/v2/t160-retest-20261003/quality/image-assistance/t160-quality-20261002T182955Z-75789e35-08-IMP-IMAGE-r2.json
t160-quality-20261002T182955Z-75789e35-08-IMP-IMAGE-r2,IMP-IMAGE,2,after_image_assistance,e418791a-1462-52b7-98fe-396ce71b8d48,74800003-31a7-4f4e-a20c-18f16b1f328d,ocr_required,reference_answer,known_missing,True,True,,,matched,benchmark/results/v2/t160-retest-20261003/quality/image-assistance/t160-quality-20261002T182955Z-75789e35-08-IMP-IMAGE-r2.json
t160-quality-20261002T182955Z-75789e35-08-IMP-IMAGE-r2,IMP-IMAGE,2,after_image_assistance,e418791a-1462-52b7-98fe-396ce71b8d48,74800003-31a7-4f4e-a20c-18f16b1f328d,ocr_required,analysis,known_missing,True,True,,,matched,benchmark/results/v2/t160-retest-20261003/quality/image-assistance/t160-quality-20261002T182955Z-75789e35-08-IMP-IMAGE-r2.json
t160-quality-20261002T182955Z-75789e35-08-IMP-IMAGE-r2,IMP-IMAGE,2,after_image_assistance,e418791a-1462-52b7-98fe-396ce71b8d48,74800003-31a7-4f4e-a20c-18f16b1f328d,ocr_required,score,source_provided,True,True,2.00,2.00,matched,benchmark/results/v2/t160-retest-20261003/quality/image-assistance/t160-quality-20261002T182955Z-75789e35-08-IMP-IMAGE-r2.json
t160-quality-20261002T182955Z-75789e35-08-IMP-IMAGE-r2,IMP-IMAGE,2,after_image_assistance,e418791a-1462-52b7-98fe-396ce71b8d48,74800003-31a7-4f4e-a20c-18f16b1f328d,ocr_required,scoring_rubric,known_missing,True,True,,,matched,benchmark/results/v2/t160-retest-20261003/quality/image-assistance/t160-quality-20261002T182955Z-75789e35-08-IMP-IMAGE-r2.json
t160-quality-20261002T182955Z-75789e35-08-IMP-IMAGE-r2,IMP-IMAGE,2,after_image_assistance,e418791a-1462-52b7-98fe-396ce71b8d48,74800003-31a7-4f4e-a20c-18f16b1f328d,ocr_required,knowledge_points,known_missing,True,True,[],[],matched,benchmark/results/v2/t160-retest-20261003/quality/image-assistance/t160-quality-20261002T182955Z-75789e35-08-IMP-IMAGE-r2.json
t160-quality-20261002T182955Z-75789e35-08-IMP-IMAGE-r2,IMP-IMAGE,2,after_image_assistance,e418791a-1462-52b7-98fe-396ce71b8d48,74800003-31a7-4f4e-a20c-18f16b1f328d,ocr_required,source_regions,unknown,False,,,,reference_unknown,benchmark/results/v2/t160-retest-20261003/quality/image-assistance/t160-quality-20261002T182955Z-75789e35-08-IMP-IMAGE-r2.json
t160-quality-20261002T182955Z-75789e35-08-IMP-IMAGE-r2,IMP-IMAGE,2,after_image_assistance,e418791a-1462-52b7-98fe-396ce71b8d48,74800003-31a7-4f4e-a20c-18f16b1f328d,ocr_required,assets,source_provided,True,True,"[{""asset_type"": ""figure"", ""source_page_number"": 1, ""order_index"": 1}]","[{""asset_type"": ""figure"", ""source_page_number"": 1, ""order_index"": 1}]",matched,benchmark/results/v2/t160-retest-20261003/quality/image-assistance/t160-quality-20261002T182955Z-75789e35-08-IMP-IMAGE-r2.json
t160-quality-20261002T182955Z-75789e35-08-IMP-IMAGE-r2,IMP-IMAGE,2,after_image_assistance,e5c1555f-e927-575c-b68c-85eb341a3202,c413a5c1-edd9-4086-bf1d-f96a2e5b3353,ocr_required,question_number,source_provided,True,True,3,3,matched,benchmark/results/v2/t160-retest-20261003/quality/image-assistance/t160-quality-20261002T182955Z-75789e35-08-IMP-IMAGE-r2.json
t160-quality-20261002T182955Z-75789e35-08-IMP-IMAGE-r2,IMP-IMAGE,2,after_image_assistance,e5c1555f-e927-575c-b68c-85eb341a3202,c413a5c1-edd9-4086-bf1d-f96a2e5b3353,ocr_required,order_index,source_provided,True,True,3,3,matched,benchmark/results/v2/t160-retest-20261003/quality/image-assistance/t160-quality-20261002T182955Z-75789e35-08-IMP-IMAGE-r2.json
t160-quality-20261002T182955Z-75789e35-08-IMP-IMAGE-r2,IMP-IMAGE,2,after_image_assistance,e5c1555f-e927-575c-b68c-85eb341a3202,c413a5c1-edd9-4086-bf1d-f96a2e5b3353,ocr_required,source_page_numbers,source_provided,True,True,[1],[1],matched,benchmark/results/v2/t160-retest-20261003/quality/image-assistance/t160-quality-20261002T182955Z-75789e35-08-IMP-IMAGE-r2.json
t160-quality-20261002T182955Z-75789e35-08-IMP-IMAGE-r2,IMP-IMAGE,2,after_image_assistance,e5c1555f-e927-575c-b68c-85eb341a3202,c413a5c1-edd9-4086-bf1d-f96a2e5b3353,ocr_required,question_type,source_provided,True,True,SHORT_ANSWER,SHORT_ANSWER,matched,benchmark/results/v2/t160-retest-20261003/quality/image-assistance/t160-quality-20261002T182955Z-75789e35-08-IMP-IMAGE-r2.json
t160-quality-20261002T182955Z-75789e35-08-IMP-IMAGE-r2,IMP-IMAGE,2,after_image_assistance,e5c1555f-e927-575c-b68c-85eb341a3202,c413a5c1-edd9-4086-bf1d-f96a2e5b3353,ocr_required,content,source_provided,True,True,根据下表写出 y 关于 x 的关系式。,根据下表写出 y 关于 x 的关系式。,matched,benchmark/results/v2/t160-retest-20261003/quality/image-assistance/t160-quality-20261002T182955Z-75789e35-08-IMP-IMAGE-r2.json
t160-quality-20261002T182955Z-75789e35-08-IMP-IMAGE-r2,IMP-IMAGE,2,after_image_assistance,e5c1555f-e927-575c-b68c-85eb341a3202,c413a5c1-edd9-4086-bf1d-f96a2e5b3353,ocr_required,options,not_applicable,True,True,,,matched,benchmark/results/v2/t160-retest-20261003/quality/image-assistance/t160-quality-20261002T182955Z-75789e35-08-IMP-IMAGE-r2.json
t160-quality-20261002T182955Z-75789e35-08-IMP-IMAGE-r2,IMP-IMAGE,2,after_image_assistance,e5c1555f-e927-575c-b68c-85eb341a3202,c413a5c1-edd9-4086-bf1d-f96a2e5b3353,ocr_required,reference_answer,known_missing,True,True,,,matched,benchmark/results/v2/t160-retest-20261003/quality/image-assistance/t160-quality-20261002T182955Z-75789e35-08-IMP-IMAGE-r2.json
t160-quality-20261002T182955Z-75789e35-08-IMP-IMAGE-r2,IMP-IMAGE,2,after_image_assistance,e5c1555f-e927-575c-b68c-85eb341a3202,c413a5c1-edd9-4086-bf1d-f96a2e5b3353,ocr_required,analysis,known_missing,True,True,,,matched,benchmark/results/v2/t160-retest-20261003/quality/image-assistance/t160-quality-20261002T182955Z-75789e35-08-IMP-IMAGE-r2.json
t160-quality-20261002T182955Z-75789e35-08-IMP-IMAGE-r2,IMP-IMAGE,2,after_image_assistance,e5c1555f-e927-575c-b68c-85eb341a3202,c413a5c1-edd9-4086-bf1d-f96a2e5b3353,ocr_required,score,source_provided,True,True,3.00,3.00,matched,benchmark/results/v2/t160-retest-20261003/quality/image-assistance/t160-quality-20261002T182955Z-75789e35-08-IMP-IMAGE-r2.json
t160-quality-20261002T182955Z-75789e35-08-IMP-IMAGE-r2,IMP-IMAGE,2,after_image_assistance,e5c1555f-e927-575c-b68c-85eb341a3202,c413a5c1-edd9-4086-bf1d-f96a2e5b3353,ocr_required,scoring_rubric,source_provided,True,True,正确关系式 1.00；说明代入过程 2.00。,正确关系式 1.00；说明代入过程 2.00。,matched,benchmark/results/v2/t160-retest-20261003/quality/image-assistance/t160-quality-20261002T182955Z-75789e35-08-IMP-IMAGE-r2.json
t160-quality-20261002T182955Z-75789e35-08-IMP-IMAGE-r2,IMP-IMAGE,2,after_image_assistance,e5c1555f-e927-575c-b68c-85eb341a3202,c413a5c1-edd9-4086-bf1d-f96a2e5b3353,ocr_required,knowledge_points,source_provided,True,True,"[""一次函数"", ""表达与计算""]","[""一次函数"", ""表达与计算""]",matched,benchmark/results/v2/t160-retest-20261003/quality/image-assistance/t160-quality-20261002T182955Z-75789e35-08-IMP-IMAGE-r2.json
t160-quality-20261002T182955Z-75789e35-08-IMP-IMAGE-r2,IMP-IMAGE,2,after_image_assistance,e5c1555f-e927-575c-b68c-85eb341a3202,c413a5c1-edd9-4086-bf1d-f96a2e5b3353,ocr_required,source_regions,unknown,False,,,,reference_unknown,benchmark/results/v2/t160-retest-20261003/quality/image-assistance/t160-quality-20261002T182955Z-75789e35-08-IMP-IMAGE-r2.json
t160-quality-20261002T182955Z-75789e35-08-IMP-IMAGE-r2,IMP-IMAGE,2,after_image_assistance,e5c1555f-e927-575c-b68c-85eb341a3202,c413a5c1-edd9-4086-bf1d-f96a2e5b3353,ocr_required,assets,source_provided,True,True,"[{""asset_type"": ""table"", ""source_page_number"": 1, ""order_index"": 1}]","[{""asset_type"": ""table"", ""source_page_number"": 1, ""order_index"": 1}]",matched,benchmark/results/v2/t160-retest-20261003/quality/image-assistance/t160-quality-20261002T182955Z-75789e35-08-IMP-IMAGE-r2.json
t160-quality-20261002T182955Z-75789e35-09-IMP-IMAGE-r3,IMP-IMAGE,3,after_image_assistance,c4d750a5-4dc4-5a35-83e2-dee4ca44aca1,b34758f3-2f87-4cd5-8956-de365257c6f0,ocr_required,question_number,source_provided,True,True,1,1,matched,benchmark/results/v2/t160-retest-20261003/quality/image-assistance/t160-quality-20261002T182955Z-75789e35-09-IMP-IMAGE-r3.json
t160-quality-20261002T182955Z-75789e35-09-IMP-IMAGE-r3,IMP-IMAGE,3,after_image_assistance,c4d750a5-4dc4-5a35-83e2-dee4ca44aca1,b34758f3-2f87-4cd5-8956-de365257c6f0,ocr_required,order_index,source_provided,True,True,1,1,matched,benchmark/results/v2/t160-retest-20261003/quality/image-assistance/t160-quality-20261002T182955Z-75789e35-09-IMP-IMAGE-r3.json
t160-quality-20261002T182955Z-75789e35-09-IMP-IMAGE-r3,IMP-IMAGE,3,after_image_assistance,c4d750a5-4dc4-5a35-83e2-dee4ca44aca1,b34758f3-2f87-4cd5-8956-de365257c6f0,ocr_required,source_page_numbers,source_provided,True,True,[1],[1],matched,benchmark/results/v2/t160-retest-20261003/quality/image-assistance/t160-quality-20261002T182955Z-75789e35-09-IMP-IMAGE-r3.json
t160-quality-20261002T182955Z-75789e35-09-IMP-IMAGE-r3,IMP-IMAGE,3,after_image_assistance,c4d750a5-4dc4-5a35-83e2-dee4ca44aca1,b34758f3-2f87-4cd5-8956-de365257c6f0,ocr_required,question_type,source_provided,True,True,SINGLE_CHOICE,SINGLE_CHOICE,matched,benchmark/results/v2/t160-retest-20261003/quality/image-assistance/t160-quality-20261002T182955Z-75789e35-09-IMP-IMAGE-r3.json
t160-quality-20261002T182955Z-75789e35-09-IMP-IMAGE-r3,IMP-IMAGE,3,after_image_assistance,c4d750a5-4dc4-5a35-83e2-dee4ca44aca1,b34758f3-2f87-4cd5-8956-de365257c6f0,ocr_required,content,source_provided,True,True,y = 2x + 1，x = 3 时 y 为多少？,y = 2x + 1，x = 3 时 y 为多少？,matched,benchmark/results/v2/t160-retest-20261003/quality/image-assistance/t160-quality-20261002T182955Z-75789e35-09-IMP-IMAGE-r3.json
t160-quality-20261002T182955Z-75789e35-09-IMP-IMAGE-r3,IMP-IMAGE,3,after_image_assistance,c4d750a5-4dc4-5a35-83e2-dee4ca44aca1,b34758f3-2f87-4cd5-8956-de365257c6f0,ocr_required,options,source_provided,True,True,"{""C"": ""7"", ""A"": ""5"", ""B"": ""6"", ""D"": ""8""}","{""C"": ""7"", ""A"": ""5"", ""B"": ""6"", ""D"": ""8""}",matched,benchmark/results/v2/t160-retest-20261003/quality/image-assistance/t160-quality-20261002T182955Z-75789e35-09-IMP-IMAGE-r3.json
t160-quality-20261002T182955Z-75789e35-09-IMP-IMAGE-r3,IMP-IMAGE,3,after_image_assistance,c4d750a5-4dc4-5a35-83e2-dee4ca44aca1,b34758f3-2f87-4cd5-8956-de365257c6f0,ocr_required,reference_answer,source_provided,True,True,C,C,matched,benchmark/results/v2/t160-retest-20261003/quality/image-assistance/t160-quality-20261002T182955Z-75789e35-09-IMP-IMAGE-r3.json
t160-quality-20261002T182955Z-75789e35-09-IMP-IMAGE-r3,IMP-IMAGE,3,after_image_assistance,c4d750a5-4dc4-5a35-83e2-dee4ca44aca1,b34758f3-2f87-4cd5-8956-de365257c6f0,ocr_required,analysis,source_provided,True,True,2 × 3 + 1 = 7。,2 × 3 + 1 = 7。,matched,benchmark/results/v2/t160-retest-20261003/quality/image-assistance/t160-quality-20261002T182955Z-75789e35-09-IMP-IMAGE-r3.json
t160-quality-20261002T182955Z-75789e35-09-IMP-IMAGE-r3,IMP-IMAGE,3,after_image_assistance,c4d750a5-4dc4-5a35-83e2-dee4ca44aca1,b34758f3-2f87-4cd5-8956-de365257c6f0,ocr_required,score,source_provided,True,True,2.00,2.00,matched,benchmark/results/v2/t160-retest-20261003/quality/image-assistance/t160-quality-20261002T182955Z-75789e35-09-IMP-IMAGE-r3.json
t160-quality-20261002T182955Z-75789e35-09-IMP-IMAGE-r3,IMP-IMAGE,3,after_image_assistance,c4d750a5-4dc4-5a35-83e2-dee4ca44aca1,b34758f3-2f87-4cd5-8956-de365257c6f0,ocr_required,scoring_rubric,known_missing,True,True,,,matched,benchmark/results/v2/t160-retest-20261003/quality/image-assistance/t160-quality-20261002T182955Z-75789e35-09-IMP-IMAGE-r3.json
t160-quality-20261002T182955Z-75789e35-09-IMP-IMAGE-r3,IMP-IMAGE,3,after_image_assistance,c4d750a5-4dc4-5a35-83e2-dee4ca44aca1,b34758f3-2f87-4cd5-8956-de365257c6f0,ocr_required,knowledge_points,known_missing,True,True,[],[],matched,benchmark/results/v2/t160-retest-20261003/quality/image-assistance/t160-quality-20261002T182955Z-75789e35-09-IMP-IMAGE-r3.json
t160-quality-20261002T182955Z-75789e35-09-IMP-IMAGE-r3,IMP-IMAGE,3,after_image_assistance,c4d750a5-4dc4-5a35-83e2-dee4ca44aca1,b34758f3-2f87-4cd5-8956-de365257c6f0,ocr_required,source_regions,unknown,False,,,,reference_unknown,benchmark/results/v2/t160-retest-20261003/quality/image-assistance/t160-quality-20261002T182955Z-75789e35-09-IMP-IMAGE-r3.json
t160-quality-20261002T182955Z-75789e35-09-IMP-IMAGE-r3,IMP-IMAGE,3,after_image_assistance,c4d750a5-4dc4-5a35-83e2-dee4ca44aca1,b34758f3-2f87-4cd5-8956-de365257c6f0,ocr_required,assets,source_provided,True,True,[],[],matched,benchmark/results/v2/t160-retest-20261003/quality/image-assistance/t160-quality-20261002T182955Z-75789e35-09-IMP-IMAGE-r3.json
t160-quality-20261002T182955Z-75789e35-09-IMP-IMAGE-r3,IMP-IMAGE,3,after_image_assistance,e418791a-1462-52b7-98fe-396ce71b8d48,3fbd69c9-8ad1-42a2-8023-c014b9e355b9,ocr_required,question_number,source_provided,True,True,2,2,matched,benchmark/results/v2/t160-retest-20261003/quality/image-assistance/t160-quality-20261002T182955Z-75789e35-09-IMP-IMAGE-r3.json
t160-quality-20261002T182955Z-75789e35-09-IMP-IMAGE-r3,IMP-IMAGE,3,after_image_assistance,e418791a-1462-52b7-98fe-396ce71b8d48,3fbd69c9-8ad1-42a2-8023-c014b9e355b9,ocr_required,order_index,source_provided,True,True,2,2,matched,benchmark/results/v2/t160-retest-20261003/quality/image-assistance/t160-quality-20261002T182955Z-75789e35-09-IMP-IMAGE-r3.json
t160-quality-20261002T182955Z-75789e35-09-IMP-IMAGE-r3,IMP-IMAGE,3,after_image_assistance,e418791a-1462-52b7-98fe-396ce71b8d48,3fbd69c9-8ad1-42a2-8023-c014b9e355b9,ocr_required,source_page_numbers,source_provided,True,True,[1],[1],matched,benchmark/results/v2/t160-retest-20261003/quality/image-assistance/t160-quality-20261002T182955Z-75789e35-09-IMP-IMAGE-r3.json
t160-quality-20261002T182955Z-75789e35-09-IMP-IMAGE-r3,IMP-IMAGE,3,after_image_assistance,e418791a-1462-52b7-98fe-396ce71b8d48,3fbd69c9-8ad1-42a2-8023-c014b9e355b9,ocr_required,question_type,source_provided,True,True,TRUE_FALSE,TRUE_FALSE,matched,benchmark/results/v2/t160-retest-20261003/quality/image-assistance/t160-quality-20261002T182955Z-75789e35-09-IMP-IMAGE-r3.json
t160-quality-20261002T182955Z-75789e35-09-IMP-IMAGE-r3,IMP-IMAGE,3,after_image_assistance,e418791a-1462-52b7-98fe-396ce71b8d48,3fbd69c9-8ad1-42a2-8023-c014b9e355b9,ocr_required,content,source_provided,True,True,右图三角形面积为 24 cm²。,右图三角形面积为 24 cm²。,matched,benchmark/results/v2/t160-retest-20261003/quality/image-assistance/t160-quality-20261002T182955Z-75789e35-09-IMP-IMAGE-r3.json
t160-quality-20261002T182955Z-75789e35-09-IMP-IMAGE-r3,IMP-IMAGE,3,after_image_assistance,e418791a-1462-52b7-98fe-396ce71b8d48,3fbd69c9-8ad1-42a2-8023-c014b9e355b9,ocr_required,options,source_provided,True,True,"[""正确"", ""错误""]","[""正确"", ""错误""]",matched,benchmark/results/v2/t160-retest-20261003/quality/image-assistance/t160-quality-20261002T182955Z-75789e35-09-IMP-IMAGE-r3.json
t160-quality-20261002T182955Z-75789e35-09-IMP-IMAGE-r3,IMP-IMAGE,3,after_image_assistance,e418791a-1462-52b7-98fe-396ce71b8d48,3fbd69c9-8ad1-42a2-8023-c014b9e355b9,ocr_required,reference_answer,known_missing,True,True,,,matched,benchmark/results/v2/t160-retest-20261003/quality/image-assistance/t160-quality-20261002T182955Z-75789e35-09-IMP-IMAGE-r3.json
t160-quality-20261002T182955Z-75789e35-09-IMP-IMAGE-r3,IMP-IMAGE,3,after_image_assistance,e418791a-1462-52b7-98fe-396ce71b8d48,3fbd69c9-8ad1-42a2-8023-c014b9e355b9,ocr_required,analysis,known_missing,True,True,,,matched,benchmark/results/v2/t160-retest-20261003/quality/image-assistance/t160-quality-20261002T182955Z-75789e35-09-IMP-IMAGE-r3.json
t160-quality-20261002T182955Z-75789e35-09-IMP-IMAGE-r3,IMP-IMAGE,3,after_image_assistance,e418791a-1462-52b7-98fe-396ce71b8d48,3fbd69c9-8ad1-42a2-8023-c014b9e355b9,ocr_required,score,source_provided,True,True,2.00,2.00,matched,benchmark/results/v2/t160-retest-20261003/quality/image-assistance/t160-quality-20261002T182955Z-75789e35-09-IMP-IMAGE-r3.json
t160-quality-20261002T182955Z-75789e35-09-IMP-IMAGE-r3,IMP-IMAGE,3,after_image_assistance,e418791a-1462-52b7-98fe-396ce71b8d48,3fbd69c9-8ad1-42a2-8023-c014b9e355b9,ocr_required,scoring_rubric,known_missing,True,True,,,matched,benchmark/results/v2/t160-retest-20261003/quality/image-assistance/t160-quality-20261002T182955Z-75789e35-09-IMP-IMAGE-r3.json
t160-quality-20261002T182955Z-75789e35-09-IMP-IMAGE-r3,IMP-IMAGE,3,after_image_assistance,e418791a-1462-52b7-98fe-396ce71b8d48,3fbd69c9-8ad1-42a2-8023-c014b9e355b9,ocr_required,knowledge_points,known_missing,True,True,[],[],matched,benchmark/results/v2/t160-retest-20261003/quality/image-assistance/t160-quality-20261002T182955Z-75789e35-09-IMP-IMAGE-r3.json
t160-quality-20261002T182955Z-75789e35-09-IMP-IMAGE-r3,IMP-IMAGE,3,after_image_assistance,e418791a-1462-52b7-98fe-396ce71b8d48,3fbd69c9-8ad1-42a2-8023-c014b9e355b9,ocr_required,source_regions,unknown,False,,,,reference_unknown,benchmark/results/v2/t160-retest-20261003/quality/image-assistance/t160-quality-20261002T182955Z-75789e35-09-IMP-IMAGE-r3.json
t160-quality-20261002T182955Z-75789e35-09-IMP-IMAGE-r3,IMP-IMAGE,3,after_image_assistance,e418791a-1462-52b7-98fe-396ce71b8d48,3fbd69c9-8ad1-42a2-8023-c014b9e355b9,ocr_required,assets,source_provided,True,True,"[{""asset_type"": ""figure"", ""source_page_number"": 1, ""order_index"": 1}]","[{""asset_type"": ""figure"", ""source_page_number"": 1, ""order_index"": 1}]",matched,benchmark/results/v2/t160-retest-20261003/quality/image-assistance/t160-quality-20261002T182955Z-75789e35-09-IMP-IMAGE-r3.json
t160-quality-20261002T182955Z-75789e35-09-IMP-IMAGE-r3,IMP-IMAGE,3,after_image_assistance,e5c1555f-e927-575c-b68c-85eb341a3202,a85ea80d-0f8b-40f8-92cd-8fad14476db9,ocr_required,question_number,source_provided,True,True,3,3,matched,benchmark/results/v2/t160-retest-20261003/quality/image-assistance/t160-quality-20261002T182955Z-75789e35-09-IMP-IMAGE-r3.json
t160-quality-20261002T182955Z-75789e35-09-IMP-IMAGE-r3,IMP-IMAGE,3,after_image_assistance,e5c1555f-e927-575c-b68c-85eb341a3202,a85ea80d-0f8b-40f8-92cd-8fad14476db9,ocr_required,order_index,source_provided,True,True,3,3,matched,benchmark/results/v2/t160-retest-20261003/quality/image-assistance/t160-quality-20261002T182955Z-75789e35-09-IMP-IMAGE-r3.json
t160-quality-20261002T182955Z-75789e35-09-IMP-IMAGE-r3,IMP-IMAGE,3,after_image_assistance,e5c1555f-e927-575c-b68c-85eb341a3202,a85ea80d-0f8b-40f8-92cd-8fad14476db9,ocr_required,source_page_numbers,source_provided,True,True,[1],[1],matched,benchmark/results/v2/t160-retest-20261003/quality/image-assistance/t160-quality-20261002T182955Z-75789e35-09-IMP-IMAGE-r3.json
t160-quality-20261002T182955Z-75789e35-09-IMP-IMAGE-r3,IMP-IMAGE,3,after_image_assistance,e5c1555f-e927-575c-b68c-85eb341a3202,a85ea80d-0f8b-40f8-92cd-8fad14476db9,ocr_required,question_type,source_provided,True,True,SHORT_ANSWER,SHORT_ANSWER,matched,benchmark/results/v2/t160-retest-20261003/quality/image-assistance/t160-quality-20261002T182955Z-75789e35-09-IMP-IMAGE-r3.json
t160-quality-20261002T182955Z-75789e35-09-IMP-IMAGE-r3,IMP-IMAGE,3,after_image_assistance,e5c1555f-e927-575c-b68c-85eb341a3202,a85ea80d-0f8b-40f8-92cd-8fad14476db9,ocr_required,content,source_provided,True,True,根据下表写出 y 关于 x 的关系式。,根据下表写出 y 关于 x 的关系式。,matched,benchmark/results/v2/t160-retest-20261003/quality/image-assistance/t160-quality-20261002T182955Z-75789e35-09-IMP-IMAGE-r3.json
t160-quality-20261002T182955Z-75789e35-09-IMP-IMAGE-r3,IMP-IMAGE,3,after_image_assistance,e5c1555f-e927-575c-b68c-85eb341a3202,a85ea80d-0f8b-40f8-92cd-8fad14476db9,ocr_required,options,not_applicable,True,True,,,matched,benchmark/results/v2/t160-retest-20261003/quality/image-assistance/t160-quality-20261002T182955Z-75789e35-09-IMP-IMAGE-r3.json
t160-quality-20261002T182955Z-75789e35-09-IMP-IMAGE-r3,IMP-IMAGE,3,after_image_assistance,e5c1555f-e927-575c-b68c-85eb341a3202,a85ea80d-0f8b-40f8-92cd-8fad14476db9,ocr_required,reference_answer,known_missing,True,True,,,matched,benchmark/results/v2/t160-retest-20261003/quality/image-assistance/t160-quality-20261002T182955Z-75789e35-09-IMP-IMAGE-r3.json
t160-quality-20261002T182955Z-75789e35-09-IMP-IMAGE-r3,IMP-IMAGE,3,after_image_assistance,e5c1555f-e927-575c-b68c-85eb341a3202,a85ea80d-0f8b-40f8-92cd-8fad14476db9,ocr_required,analysis,known_missing,True,True,,,matched,benchmark/results/v2/t160-retest-20261003/quality/image-assistance/t160-quality-20261002T182955Z-75789e35-09-IMP-IMAGE-r3.json
t160-quality-20261002T182955Z-75789e35-09-IMP-IMAGE-r3,IMP-IMAGE,3,after_image_assistance,e5c1555f-e927-575c-b68c-85eb341a3202,a85ea80d-0f8b-40f8-92cd-8fad14476db9,ocr_required,score,source_provided,True,True,3.00,3.00,matched,benchmark/results/v2/t160-retest-20261003/quality/image-assistance/t160-quality-20261002T182955Z-75789e35-09-IMP-IMAGE-r3.json
t160-quality-20261002T182955Z-75789e35-09-IMP-IMAGE-r3,IMP-IMAGE,3,after_image_assistance,e5c1555f-e927-575c-b68c-85eb341a3202,a85ea80d-0f8b-40f8-92cd-8fad14476db9,ocr_required,scoring_rubric,source_provided,True,True,正确关系式 1.00；说明代入过程 2.00。,正确关系式 1.00；说明代入过程 2.00。,matched,benchmark/results/v2/t160-retest-20261003/quality/image-assistance/t160-quality-20261002T182955Z-75789e35-09-IMP-IMAGE-r3.json
t160-quality-20261002T182955Z-75789e35-09-IMP-IMAGE-r3,IMP-IMAGE,3,after_image_assistance,e5c1555f-e927-575c-b68c-85eb341a3202,a85ea80d-0f8b-40f8-92cd-8fad14476db9,ocr_required,knowledge_points,source_provided,True,True,"[""一次函数"", ""表达与计算""]","[""一次函数"", ""表达与计算""]",matched,benchmark/results/v2/t160-retest-20261003/quality/image-assistance/t160-quality-20261002T182955Z-75789e35-09-IMP-IMAGE-r3.json
t160-quality-20261002T182955Z-75789e35-09-IMP-IMAGE-r3,IMP-IMAGE,3,after_image_assistance,e5c1555f-e927-575c-b68c-85eb341a3202,a85ea80d-0f8b-40f8-92cd-8fad14476db9,ocr_required,source_regions,unknown,False,,,,reference_unknown,benchmark/results/v2/t160-retest-20261003/quality/image-assistance/t160-quality-20261002T182955Z-75789e35-09-IMP-IMAGE-r3.json
t160-quality-20261002T182955Z-75789e35-09-IMP-IMAGE-r3,IMP-IMAGE,3,after_image_assistance,e5c1555f-e927-575c-b68c-85eb341a3202,a85ea80d-0f8b-40f8-92cd-8fad14476db9,ocr_required,assets,source_provided,True,True,"[{""asset_type"": ""table"", ""source_page_number"": 1, ""order_index"": 1}]","[{""asset_type"": ""table"", ""source_page_number"": 1, ""order_index"": 1}]",matched,benchmark/results/v2/t160-retest-20261003/quality/image-assistance/t160-quality-20261002T182955Z-75789e35-09-IMP-IMAGE-r3.json
t160-quality-20261002T182955Z-75789e35-10-IMP-MIXED-r1,IMP-MIXED,1,after_image_assistance,1faa8619-84cc-5d65-86ae-244c7f68645e,b109bf7c-00ca-4449-a50a-95730e8367ed,native_text,question_number,source_provided,True,True,1,1,matched,benchmark/results/v2/t160-retest-20261003/quality/image-assistance/t160-quality-20261002T182955Z-75789e35-10-IMP-MIXED-r1.json
t160-quality-20261002T182955Z-75789e35-10-IMP-MIXED-r1,IMP-MIXED,1,after_image_assistance,1faa8619-84cc-5d65-86ae-244c7f68645e,b109bf7c-00ca-4449-a50a-95730e8367ed,native_text,order_index,source_provided,True,True,1,1,matched,benchmark/results/v2/t160-retest-20261003/quality/image-assistance/t160-quality-20261002T182955Z-75789e35-10-IMP-MIXED-r1.json
t160-quality-20261002T182955Z-75789e35-10-IMP-MIXED-r1,IMP-MIXED,1,after_image_assistance,1faa8619-84cc-5d65-86ae-244c7f68645e,b109bf7c-00ca-4449-a50a-95730e8367ed,native_text,source_page_numbers,source_provided,True,True,[1],[1],matched,benchmark/results/v2/t160-retest-20261003/quality/image-assistance/t160-quality-20261002T182955Z-75789e35-10-IMP-MIXED-r1.json
t160-quality-20261002T182955Z-75789e35-10-IMP-MIXED-r1,IMP-MIXED,1,after_image_assistance,1faa8619-84cc-5d65-86ae-244c7f68645e,b109bf7c-00ca-4449-a50a-95730e8367ed,native_text,question_type,source_provided,True,True,SINGLE_CHOICE,SINGLE_CHOICE,matched,benchmark/results/v2/t160-retest-20261003/quality/image-assistance/t160-quality-20261002T182955Z-75789e35-10-IMP-MIXED-r1.json
t160-quality-20261002T182955Z-75789e35-10-IMP-MIXED-r1,IMP-MIXED,1,after_image_assistance,1faa8619-84cc-5d65-86ae-244c7f68645e,b109bf7c-00ca-4449-a50a-95730e8367ed,native_text,content,source_provided,True,True,y = 2x + 1，x = 3 时 y 为多少？,y = 2x + 1，x = 3 时 y 为多少？,matched,benchmark/results/v2/t160-retest-20261003/quality/image-assistance/t160-quality-20261002T182955Z-75789e35-10-IMP-MIXED-r1.json
t160-quality-20261002T182955Z-75789e35-10-IMP-MIXED-r1,IMP-MIXED,1,after_image_assistance,1faa8619-84cc-5d65-86ae-244c7f68645e,b109bf7c-00ca-4449-a50a-95730e8367ed,native_text,options,source_provided,True,True,"{""C"": ""7"", ""A"": ""5"", ""B"": ""6"", ""D"": ""8""}","{""C"": ""7"", ""A"": ""5"", ""B"": ""6"", ""D"": ""8""}",matched,benchmark/results/v2/t160-retest-20261003/quality/image-assistance/t160-quality-20261002T182955Z-75789e35-10-IMP-MIXED-r1.json
t160-quality-20261002T182955Z-75789e35-10-IMP-MIXED-r1,IMP-MIXED,1,after_image_assistance,1faa8619-84cc-5d65-86ae-244c7f68645e,b109bf7c-00ca-4449-a50a-95730e8367ed,native_text,reference_answer,source_provided,True,True,C,C,matched,benchmark/results/v2/t160-retest-20261003/quality/image-assistance/t160-quality-20261002T182955Z-75789e35-10-IMP-MIXED-r1.json
t160-quality-20261002T182955Z-75789e35-10-IMP-MIXED-r1,IMP-MIXED,1,after_image_assistance,1faa8619-84cc-5d65-86ae-244c7f68645e,b109bf7c-00ca-4449-a50a-95730e8367ed,native_text,analysis,source_provided,True,True,2 × 3 + 1 = 7。,2 × 3 + 1 = 7。,matched,benchmark/results/v2/t160-retest-20261003/quality/image-assistance/t160-quality-20261002T182955Z-75789e35-10-IMP-MIXED-r1.json
t160-quality-20261002T182955Z-75789e35-10-IMP-MIXED-r1,IMP-MIXED,1,after_image_assistance,1faa8619-84cc-5d65-86ae-244c7f68645e,b109bf7c-00ca-4449-a50a-95730e8367ed,native_text,score,source_provided,True,True,2.00,2.00,matched,benchmark/results/v2/t160-retest-20261003/quality/image-assistance/t160-quality-20261002T182955Z-75789e35-10-IMP-MIXED-r1.json
t160-quality-20261002T182955Z-75789e35-10-IMP-MIXED-r1,IMP-MIXED,1,after_image_assistance,1faa8619-84cc-5d65-86ae-244c7f68645e,b109bf7c-00ca-4449-a50a-95730e8367ed,native_text,scoring_rubric,known_missing,True,True,,,matched,benchmark/results/v2/t160-retest-20261003/quality/image-assistance/t160-quality-20261002T182955Z-75789e35-10-IMP-MIXED-r1.json
t160-quality-20261002T182955Z-75789e35-10-IMP-MIXED-r1,IMP-MIXED,1,after_image_assistance,1faa8619-84cc-5d65-86ae-244c7f68645e,b109bf7c-00ca-4449-a50a-95730e8367ed,native_text,knowledge_points,known_missing,True,True,[],[],matched,benchmark/results/v2/t160-retest-20261003/quality/image-assistance/t160-quality-20261002T182955Z-75789e35-10-IMP-MIXED-r1.json
t160-quality-20261002T182955Z-75789e35-10-IMP-MIXED-r1,IMP-MIXED,1,after_image_assistance,1faa8619-84cc-5d65-86ae-244c7f68645e,b109bf7c-00ca-4449-a50a-95730e8367ed,native_text,source_regions,unknown,False,,,,reference_unknown,benchmark/results/v2/t160-retest-20261003/quality/image-assistance/t160-quality-20261002T182955Z-75789e35-10-IMP-MIXED-r1.json
t160-quality-20261002T182955Z-75789e35-10-IMP-MIXED-r1,IMP-MIXED,1,after_image_assistance,1faa8619-84cc-5d65-86ae-244c7f68645e,b109bf7c-00ca-4449-a50a-95730e8367ed,native_text,assets,source_provided,True,True,[],[],matched,benchmark/results/v2/t160-retest-20261003/quality/image-assistance/t160-quality-20261002T182955Z-75789e35-10-IMP-MIXED-r1.json
t160-quality-20261002T182955Z-75789e35-10-IMP-MIXED-r1,IMP-MIXED,1,after_image_assistance,545de13f-3fe9-524b-a917-7ab04807806f,46556964-8a75-4675-bd52-bf0f85ace671,native_text,question_number,source_provided,True,True,2,2,matched,benchmark/results/v2/t160-retest-20261003/quality/image-assistance/t160-quality-20261002T182955Z-75789e35-10-IMP-MIXED-r1.json
t160-quality-20261002T182955Z-75789e35-10-IMP-MIXED-r1,IMP-MIXED,1,after_image_assistance,545de13f-3fe9-524b-a917-7ab04807806f,46556964-8a75-4675-bd52-bf0f85ace671,native_text,order_index,source_provided,True,True,2,2,matched,benchmark/results/v2/t160-retest-20261003/quality/image-assistance/t160-quality-20261002T182955Z-75789e35-10-IMP-MIXED-r1.json
t160-quality-20261002T182955Z-75789e35-10-IMP-MIXED-r1,IMP-MIXED,1,after_image_assistance,545de13f-3fe9-524b-a917-7ab04807806f,46556964-8a75-4675-bd52-bf0f85ace671,native_text,source_page_numbers,source_provided,True,True,[1],[1],matched,benchmark/results/v2/t160-retest-20261003/quality/image-assistance/t160-quality-20261002T182955Z-75789e35-10-IMP-MIXED-r1.json
t160-quality-20261002T182955Z-75789e35-10-IMP-MIXED-r1,IMP-MIXED,1,after_image_assistance,545de13f-3fe9-524b-a917-7ab04807806f,46556964-8a75-4675-bd52-bf0f85ace671,native_text,question_type,source_provided,True,True,TRUE_FALSE,TRUE_FALSE,matched,benchmark/results/v2/t160-retest-20261003/quality/image-assistance/t160-quality-20261002T182955Z-75789e35-10-IMP-MIXED-r1.json
t160-quality-20261002T182955Z-75789e35-10-IMP-MIXED-r1,IMP-MIXED,1,after_image_assistance,545de13f-3fe9-524b-a917-7ab04807806f,46556964-8a75-4675-bd52-bf0f85ace671,native_text,content,source_provided,True,True,右图三角形面积为 24 cm²。,右图三角形面积为 24 cm²。,matched,benchmark/results/v2/t160-retest-20261003/quality/image-assistance/t160-quality-20261002T182955Z-75789e35-10-IMP-MIXED-r1.json
t160-quality-20261002T182955Z-75789e35-10-IMP-MIXED-r1,IMP-MIXED,1,after_image_assistance,545de13f-3fe9-524b-a917-7ab04807806f,46556964-8a75-4675-bd52-bf0f85ace671,native_text,options,source_provided,True,True,"[""正确"", ""错误""]","[""正确"", ""错误""]",matched,benchmark/results/v2/t160-retest-20261003/quality/image-assistance/t160-quality-20261002T182955Z-75789e35-10-IMP-MIXED-r1.json
t160-quality-20261002T182955Z-75789e35-10-IMP-MIXED-r1,IMP-MIXED,1,after_image_assistance,545de13f-3fe9-524b-a917-7ab04807806f,46556964-8a75-4675-bd52-bf0f85ace671,native_text,reference_answer,known_missing,True,True,,,matched,benchmark/results/v2/t160-retest-20261003/quality/image-assistance/t160-quality-20261002T182955Z-75789e35-10-IMP-MIXED-r1.json
t160-quality-20261002T182955Z-75789e35-10-IMP-MIXED-r1,IMP-MIXED,1,after_image_assistance,545de13f-3fe9-524b-a917-7ab04807806f,46556964-8a75-4675-bd52-bf0f85ace671,native_text,analysis,known_missing,True,True,,,matched,benchmark/results/v2/t160-retest-20261003/quality/image-assistance/t160-quality-20261002T182955Z-75789e35-10-IMP-MIXED-r1.json
t160-quality-20261002T182955Z-75789e35-10-IMP-MIXED-r1,IMP-MIXED,1,after_image_assistance,545de13f-3fe9-524b-a917-7ab04807806f,46556964-8a75-4675-bd52-bf0f85ace671,native_text,score,source_provided,True,True,2.00,2.00,matched,benchmark/results/v2/t160-retest-20261003/quality/image-assistance/t160-quality-20261002T182955Z-75789e35-10-IMP-MIXED-r1.json
t160-quality-20261002T182955Z-75789e35-10-IMP-MIXED-r1,IMP-MIXED,1,after_image_assistance,545de13f-3fe9-524b-a917-7ab04807806f,46556964-8a75-4675-bd52-bf0f85ace671,native_text,scoring_rubric,known_missing,True,True,,,matched,benchmark/results/v2/t160-retest-20261003/quality/image-assistance/t160-quality-20261002T182955Z-75789e35-10-IMP-MIXED-r1.json
t160-quality-20261002T182955Z-75789e35-10-IMP-MIXED-r1,IMP-MIXED,1,after_image_assistance,545de13f-3fe9-524b-a917-7ab04807806f,46556964-8a75-4675-bd52-bf0f85ace671,native_text,knowledge_points,known_missing,True,True,[],[],matched,benchmark/results/v2/t160-retest-20261003/quality/image-assistance/t160-quality-20261002T182955Z-75789e35-10-IMP-MIXED-r1.json
t160-quality-20261002T182955Z-75789e35-10-IMP-MIXED-r1,IMP-MIXED,1,after_image_assistance,545de13f-3fe9-524b-a917-7ab04807806f,46556964-8a75-4675-bd52-bf0f85ace671,native_text,source_regions,unknown,False,,,,reference_unknown,benchmark/results/v2/t160-retest-20261003/quality/image-assistance/t160-quality-20261002T182955Z-75789e35-10-IMP-MIXED-r1.json
t160-quality-20261002T182955Z-75789e35-10-IMP-MIXED-r1,IMP-MIXED,1,after_image_assistance,545de13f-3fe9-524b-a917-7ab04807806f,46556964-8a75-4675-bd52-bf0f85ace671,native_text,assets,source_provided,True,True,"[{""asset_type"": ""figure"", ""source_page_number"": 1, ""order_index"": 1}]","[{""asset_type"": ""figure"", ""source_page_number"": 1, ""order_index"": 1}]",matched,benchmark/results/v2/t160-retest-20261003/quality/image-assistance/t160-quality-20261002T182955Z-75789e35-10-IMP-MIXED-r1.json
t160-quality-20261002T182955Z-75789e35-10-IMP-MIXED-r1,IMP-MIXED,1,after_image_assistance,85533f46-eb86-5893-8742-33939e77750f,5bf08f3c-18a2-46c3-b6a8-1e05eb1d31c2,native_text,question_number,source_provided,True,True,3,3,matched,benchmark/results/v2/t160-retest-20261003/quality/image-assistance/t160-quality-20261002T182955Z-75789e35-10-IMP-MIXED-r1.json
t160-quality-20261002T182955Z-75789e35-10-IMP-MIXED-r1,IMP-MIXED,1,after_image_assistance,85533f46-eb86-5893-8742-33939e77750f,5bf08f3c-18a2-46c3-b6a8-1e05eb1d31c2,native_text,order_index,source_provided,True,True,3,3,matched,benchmark/results/v2/t160-retest-20261003/quality/image-assistance/t160-quality-20261002T182955Z-75789e35-10-IMP-MIXED-r1.json
t160-quality-20261002T182955Z-75789e35-10-IMP-MIXED-r1,IMP-MIXED,1,after_image_assistance,85533f46-eb86-5893-8742-33939e77750f,5bf08f3c-18a2-46c3-b6a8-1e05eb1d31c2,native_text,source_page_numbers,source_provided,True,True,[1],[1],matched,benchmark/results/v2/t160-retest-20261003/quality/image-assistance/t160-quality-20261002T182955Z-75789e35-10-IMP-MIXED-r1.json
t160-quality-20261002T182955Z-75789e35-10-IMP-MIXED-r1,IMP-MIXED,1,after_image_assistance,85533f46-eb86-5893-8742-33939e77750f,5bf08f3c-18a2-46c3-b6a8-1e05eb1d31c2,native_text,question_type,source_provided,True,True,SHORT_ANSWER,SHORT_ANSWER,matched,benchmark/results/v2/t160-retest-20261003/quality/image-assistance/t160-quality-20261002T182955Z-75789e35-10-IMP-MIXED-r1.json
t160-quality-20261002T182955Z-75789e35-10-IMP-MIXED-r1,IMP-MIXED,1,after_image_assistance,85533f46-eb86-5893-8742-33939e77750f,5bf08f3c-18a2-46c3-b6a8-1e05eb1d31c2,native_text,content,source_provided,True,True,根据下表写出 y 关于 x 的关系式。,根据下表写出 y 关于 x 的关系式。,matched,benchmark/results/v2/t160-retest-20261003/quality/image-assistance/t160-quality-20261002T182955Z-75789e35-10-IMP-MIXED-r1.json
t160-quality-20261002T182955Z-75789e35-10-IMP-MIXED-r1,IMP-MIXED,1,after_image_assistance,85533f46-eb86-5893-8742-33939e77750f,5bf08f3c-18a2-46c3-b6a8-1e05eb1d31c2,native_text,options,not_applicable,True,True,,,matched,benchmark/results/v2/t160-retest-20261003/quality/image-assistance/t160-quality-20261002T182955Z-75789e35-10-IMP-MIXED-r1.json
t160-quality-20261002T182955Z-75789e35-10-IMP-MIXED-r1,IMP-MIXED,1,after_image_assistance,85533f46-eb86-5893-8742-33939e77750f,5bf08f3c-18a2-46c3-b6a8-1e05eb1d31c2,native_text,reference_answer,known_missing,True,True,,,matched,benchmark/results/v2/t160-retest-20261003/quality/image-assistance/t160-quality-20261002T182955Z-75789e35-10-IMP-MIXED-r1.json
t160-quality-20261002T182955Z-75789e35-10-IMP-MIXED-r1,IMP-MIXED,1,after_image_assistance,85533f46-eb86-5893-8742-33939e77750f,5bf08f3c-18a2-46c3-b6a8-1e05eb1d31c2,native_text,analysis,known_missing,True,True,,,matched,benchmark/results/v2/t160-retest-20261003/quality/image-assistance/t160-quality-20261002T182955Z-75789e35-10-IMP-MIXED-r1.json
t160-quality-20261002T182955Z-75789e35-10-IMP-MIXED-r1,IMP-MIXED,1,after_image_assistance,85533f46-eb86-5893-8742-33939e77750f,5bf08f3c-18a2-46c3-b6a8-1e05eb1d31c2,native_text,score,source_provided,True,True,3.00,3.00,matched,benchmark/results/v2/t160-retest-20261003/quality/image-assistance/t160-quality-20261002T182955Z-75789e35-10-IMP-MIXED-r1.json
t160-quality-20261002T182955Z-75789e35-10-IMP-MIXED-r1,IMP-MIXED,1,after_image_assistance,85533f46-eb86-5893-8742-33939e77750f,5bf08f3c-18a2-46c3-b6a8-1e05eb1d31c2,native_text,scoring_rubric,source_provided,True,True,正确关系式 1.00；说明代入过程 2.00。,正确关系式 1.00；说明代入过程 2.00。,matched,benchmark/results/v2/t160-retest-20261003/quality/image-assistance/t160-quality-20261002T182955Z-75789e35-10-IMP-MIXED-r1.json
t160-quality-20261002T182955Z-75789e35-10-IMP-MIXED-r1,IMP-MIXED,1,after_image_assistance,85533f46-eb86-5893-8742-33939e77750f,5bf08f3c-18a2-46c3-b6a8-1e05eb1d31c2,native_text,knowledge_points,source_provided,True,True,"[""一次函数"", ""表达与计算""]","[""一次函数"", ""表达与计算""]",matched,benchmark/results/v2/t160-retest-20261003/quality/image-assistance/t160-quality-20261002T182955Z-75789e35-10-IMP-MIXED-r1.json
t160-quality-20261002T182955Z-75789e35-10-IMP-MIXED-r1,IMP-MIXED,1,after_image_assistance,85533f46-eb86-5893-8742-33939e77750f,5bf08f3c-18a2-46c3-b6a8-1e05eb1d31c2,native_text,source_regions,unknown,False,,,,reference_unknown,benchmark/results/v2/t160-retest-20261003/quality/image-assistance/t160-quality-20261002T182955Z-75789e35-10-IMP-MIXED-r1.json
t160-quality-20261002T182955Z-75789e35-10-IMP-MIXED-r1,IMP-MIXED,1,after_image_assistance,85533f46-eb86-5893-8742-33939e77750f,5bf08f3c-18a2-46c3-b6a8-1e05eb1d31c2,native_text,assets,source_provided,True,True,"[{""asset_type"": ""table"", ""source_page_number"": 1, ""order_index"": 1}]","[{""asset_type"": ""table"", ""source_page_number"": 1, ""order_index"": 1}]",matched,benchmark/results/v2/t160-retest-20261003/quality/image-assistance/t160-quality-20261002T182955Z-75789e35-10-IMP-MIXED-r1.json
t160-quality-20261002T182955Z-75789e35-10-IMP-MIXED-r1,IMP-MIXED,1,after_image_assistance,0fa8d57e-58c2-5aa4-b8cd-e52e96380a38,1e8ab6ea-16fc-4658-af67-99489eae239a,ocr_required,question_number,source_provided,True,True,4,4,matched,benchmark/results/v2/t160-retest-20261003/quality/image-assistance/t160-quality-20261002T182955Z-75789e35-10-IMP-MIXED-r1.json
t160-quality-20261002T182955Z-75789e35-10-IMP-MIXED-r1,IMP-MIXED,1,after_image_assistance,0fa8d57e-58c2-5aa4-b8cd-e52e96380a38,1e8ab6ea-16fc-4658-af67-99489eae239a,ocr_required,order_index,source_provided,True,True,4,4,matched,benchmark/results/v2/t160-retest-20261003/quality/image-assistance/t160-quality-20261002T182955Z-75789e35-10-IMP-MIXED-r1.json
t160-quality-20261002T182955Z-75789e35-10-IMP-MIXED-r1,IMP-MIXED,1,after_image_assistance,0fa8d57e-58c2-5aa4-b8cd-e52e96380a38,1e8ab6ea-16fc-4658-af67-99489eae239a,ocr_required,source_page_numbers,source_provided,True,True,[2],[2],matched,benchmark/results/v2/t160-retest-20261003/quality/image-assistance/t160-quality-20261002T182955Z-75789e35-10-IMP-MIXED-r1.json
t160-quality-20261002T182955Z-75789e35-10-IMP-MIXED-r1,IMP-MIXED,1,after_image_assistance,0fa8d57e-58c2-5aa4-b8cd-e52e96380a38,1e8ab6ea-16fc-4658-af67-99489eae239a,ocr_required,question_type,source_provided,True,True,SINGLE_CHOICE,SINGLE_CHOICE,matched,benchmark/results/v2/t160-retest-20261003/quality/image-assistance/t160-quality-20261002T182955Z-75789e35-10-IMP-MIXED-r1.json
t160-quality-20261002T182955Z-75789e35-10-IMP-MIXED-r1,IMP-MIXED,1,after_image_assistance,0fa8d57e-58c2-5aa4-b8cd-e52e96380a38,1e8ab6ea-16fc-4658-af67-99489eae239a,ocr_required,content,source_provided,True,True,y = 2x + 1，x = 3 时 y 为多少？,y = 2x + 1，x = 3 时 y 为多少？,matched,benchmark/results/v2/t160-retest-20261003/quality/image-assistance/t160-quality-20261002T182955Z-75789e35-10-IMP-MIXED-r1.json
t160-quality-20261002T182955Z-75789e35-10-IMP-MIXED-r1,IMP-MIXED,1,after_image_assistance,0fa8d57e-58c2-5aa4-b8cd-e52e96380a38,1e8ab6ea-16fc-4658-af67-99489eae239a,ocr_required,options,source_provided,True,True,"{""C"": ""7"", ""A"": ""5"", ""B"": ""6"", ""D"": ""8""}","{""C"": ""7"", ""A"": ""5"", ""B"": ""6"", ""D"": ""8""}",matched,benchmark/results/v2/t160-retest-20261003/quality/image-assistance/t160-quality-20261002T182955Z-75789e35-10-IMP-MIXED-r1.json
t160-quality-20261002T182955Z-75789e35-10-IMP-MIXED-r1,IMP-MIXED,1,after_image_assistance,0fa8d57e-58c2-5aa4-b8cd-e52e96380a38,1e8ab6ea-16fc-4658-af67-99489eae239a,ocr_required,reference_answer,source_provided,True,True,C,C,matched,benchmark/results/v2/t160-retest-20261003/quality/image-assistance/t160-quality-20261002T182955Z-75789e35-10-IMP-MIXED-r1.json
t160-quality-20261002T182955Z-75789e35-10-IMP-MIXED-r1,IMP-MIXED,1,after_image_assistance,0fa8d57e-58c2-5aa4-b8cd-e52e96380a38,1e8ab6ea-16fc-4658-af67-99489eae239a,ocr_required,analysis,source_provided,True,True,2 × 3 + 1 = 7。,2 × 3 + 1 = 7。,matched,benchmark/results/v2/t160-retest-20261003/quality/image-assistance/t160-quality-20261002T182955Z-75789e35-10-IMP-MIXED-r1.json
t160-quality-20261002T182955Z-75789e35-10-IMP-MIXED-r1,IMP-MIXED,1,after_image_assistance,0fa8d57e-58c2-5aa4-b8cd-e52e96380a38,1e8ab6ea-16fc-4658-af67-99489eae239a,ocr_required,score,source_provided,True,True,2.00,2.00,matched,benchmark/results/v2/t160-retest-20261003/quality/image-assistance/t160-quality-20261002T182955Z-75789e35-10-IMP-MIXED-r1.json
t160-quality-20261002T182955Z-75789e35-10-IMP-MIXED-r1,IMP-MIXED,1,after_image_assistance,0fa8d57e-58c2-5aa4-b8cd-e52e96380a38,1e8ab6ea-16fc-4658-af67-99489eae239a,ocr_required,scoring_rubric,known_missing,True,True,,,matched,benchmark/results/v2/t160-retest-20261003/quality/image-assistance/t160-quality-20261002T182955Z-75789e35-10-IMP-MIXED-r1.json
t160-quality-20261002T182955Z-75789e35-10-IMP-MIXED-r1,IMP-MIXED,1,after_image_assistance,0fa8d57e-58c2-5aa4-b8cd-e52e96380a38,1e8ab6ea-16fc-4658-af67-99489eae239a,ocr_required,knowledge_points,known_missing,True,True,[],[],matched,benchmark/results/v2/t160-retest-20261003/quality/image-assistance/t160-quality-20261002T182955Z-75789e35-10-IMP-MIXED-r1.json
t160-quality-20261002T182955Z-75789e35-10-IMP-MIXED-r1,IMP-MIXED,1,after_image_assistance,0fa8d57e-58c2-5aa4-b8cd-e52e96380a38,1e8ab6ea-16fc-4658-af67-99489eae239a,ocr_required,source_regions,unknown,False,,,,reference_unknown,benchmark/results/v2/t160-retest-20261003/quality/image-assistance/t160-quality-20261002T182955Z-75789e35-10-IMP-MIXED-r1.json
t160-quality-20261002T182955Z-75789e35-10-IMP-MIXED-r1,IMP-MIXED,1,after_image_assistance,0fa8d57e-58c2-5aa4-b8cd-e52e96380a38,1e8ab6ea-16fc-4658-af67-99489eae239a,ocr_required,assets,source_provided,True,True,[],[],matched,benchmark/results/v2/t160-retest-20261003/quality/image-assistance/t160-quality-20261002T182955Z-75789e35-10-IMP-MIXED-r1.json
t160-quality-20261002T182955Z-75789e35-10-IMP-MIXED-r1,IMP-MIXED,1,after_image_assistance,455720b9-9061-5bce-83af-d6d53c6c84e1,3516c7c7-22b6-47c5-a2ae-f0a377032c73,ocr_required,question_number,source_provided,True,True,5,5,matched,benchmark/results/v2/t160-retest-20261003/quality/image-assistance/t160-quality-20261002T182955Z-75789e35-10-IMP-MIXED-r1.json
t160-quality-20261002T182955Z-75789e35-10-IMP-MIXED-r1,IMP-MIXED,1,after_image_assistance,455720b9-9061-5bce-83af-d6d53c6c84e1,3516c7c7-22b6-47c5-a2ae-f0a377032c73,ocr_required,order_index,source_provided,True,True,5,5,matched,benchmark/results/v2/t160-retest-20261003/quality/image-assistance/t160-quality-20261002T182955Z-75789e35-10-IMP-MIXED-r1.json
t160-quality-20261002T182955Z-75789e35-10-IMP-MIXED-r1,IMP-MIXED,1,after_image_assistance,455720b9-9061-5bce-83af-d6d53c6c84e1,3516c7c7-22b6-47c5-a2ae-f0a377032c73,ocr_required,source_page_numbers,source_provided,True,True,[2],[2],matched,benchmark/results/v2/t160-retest-20261003/quality/image-assistance/t160-quality-20261002T182955Z-75789e35-10-IMP-MIXED-r1.json
t160-quality-20261002T182955Z-75789e35-10-IMP-MIXED-r1,IMP-MIXED,1,after_image_assistance,455720b9-9061-5bce-83af-d6d53c6c84e1,3516c7c7-22b6-47c5-a2ae-f0a377032c73,ocr_required,question_type,source_provided,True,True,TRUE_FALSE,TRUE_FALSE,matched,benchmark/results/v2/t160-retest-20261003/quality/image-assistance/t160-quality-20261002T182955Z-75789e35-10-IMP-MIXED-r1.json
t160-quality-20261002T182955Z-75789e35-10-IMP-MIXED-r1,IMP-MIXED,1,after_image_assistance,455720b9-9061-5bce-83af-d6d53c6c84e1,3516c7c7-22b6-47c5-a2ae-f0a377032c73,ocr_required,content,source_provided,True,True,右图三角形面积为 24 cm²。,右图三角形面积为 24 cm²。,matched,benchmark/results/v2/t160-retest-20261003/quality/image-assistance/t160-quality-20261002T182955Z-75789e35-10-IMP-MIXED-r1.json
t160-quality-20261002T182955Z-75789e35-10-IMP-MIXED-r1,IMP-MIXED,1,after_image_assistance,455720b9-9061-5bce-83af-d6d53c6c84e1,3516c7c7-22b6-47c5-a2ae-f0a377032c73,ocr_required,options,source_provided,True,True,"[""正确"", ""错误""]","[""正确"", ""错误""]",matched,benchmark/results/v2/t160-retest-20261003/quality/image-assistance/t160-quality-20261002T182955Z-75789e35-10-IMP-MIXED-r1.json
t160-quality-20261002T182955Z-75789e35-10-IMP-MIXED-r1,IMP-MIXED,1,after_image_assistance,455720b9-9061-5bce-83af-d6d53c6c84e1,3516c7c7-22b6-47c5-a2ae-f0a377032c73,ocr_required,reference_answer,known_missing,True,True,,,matched,benchmark/results/v2/t160-retest-20261003/quality/image-assistance/t160-quality-20261002T182955Z-75789e35-10-IMP-MIXED-r1.json
t160-quality-20261002T182955Z-75789e35-10-IMP-MIXED-r1,IMP-MIXED,1,after_image_assistance,455720b9-9061-5bce-83af-d6d53c6c84e1,3516c7c7-22b6-47c5-a2ae-f0a377032c73,ocr_required,analysis,known_missing,True,True,,,matched,benchmark/results/v2/t160-retest-20261003/quality/image-assistance/t160-quality-20261002T182955Z-75789e35-10-IMP-MIXED-r1.json
t160-quality-20261002T182955Z-75789e35-10-IMP-MIXED-r1,IMP-MIXED,1,after_image_assistance,455720b9-9061-5bce-83af-d6d53c6c84e1,3516c7c7-22b6-47c5-a2ae-f0a377032c73,ocr_required,score,source_provided,True,True,2.00,2.00,matched,benchmark/results/v2/t160-retest-20261003/quality/image-assistance/t160-quality-20261002T182955Z-75789e35-10-IMP-MIXED-r1.json
t160-quality-20261002T182955Z-75789e35-10-IMP-MIXED-r1,IMP-MIXED,1,after_image_assistance,455720b9-9061-5bce-83af-d6d53c6c84e1,3516c7c7-22b6-47c5-a2ae-f0a377032c73,ocr_required,scoring_rubric,known_missing,True,True,,,matched,benchmark/results/v2/t160-retest-20261003/quality/image-assistance/t160-quality-20261002T182955Z-75789e35-10-IMP-MIXED-r1.json
t160-quality-20261002T182955Z-75789e35-10-IMP-MIXED-r1,IMP-MIXED,1,after_image_assistance,455720b9-9061-5bce-83af-d6d53c6c84e1,3516c7c7-22b6-47c5-a2ae-f0a377032c73,ocr_required,knowledge_points,known_missing,True,True,[],[],matched,benchmark/results/v2/t160-retest-20261003/quality/image-assistance/t160-quality-20261002T182955Z-75789e35-10-IMP-MIXED-r1.json
t160-quality-20261002T182955Z-75789e35-10-IMP-MIXED-r1,IMP-MIXED,1,after_image_assistance,455720b9-9061-5bce-83af-d6d53c6c84e1,3516c7c7-22b6-47c5-a2ae-f0a377032c73,ocr_required,source_regions,unknown,False,,,,reference_unknown,benchmark/results/v2/t160-retest-20261003/quality/image-assistance/t160-quality-20261002T182955Z-75789e35-10-IMP-MIXED-r1.json
t160-quality-20261002T182955Z-75789e35-10-IMP-MIXED-r1,IMP-MIXED,1,after_image_assistance,455720b9-9061-5bce-83af-d6d53c6c84e1,3516c7c7-22b6-47c5-a2ae-f0a377032c73,ocr_required,assets,source_provided,True,True,"[{""asset_type"": ""figure"", ""source_page_number"": 2, ""order_index"": 1}]","[{""asset_type"": ""figure"", ""source_page_number"": 2, ""order_index"": 1}]",matched,benchmark/results/v2/t160-retest-20261003/quality/image-assistance/t160-quality-20261002T182955Z-75789e35-10-IMP-MIXED-r1.json
t160-quality-20261002T182955Z-75789e35-10-IMP-MIXED-r1,IMP-MIXED,1,after_image_assistance,bf862f8d-df39-5559-bab5-d942fccb2432,9d700ff2-6e1c-470d-94db-5c430b18c406,ocr_required,question_number,source_provided,True,True,6,6,matched,benchmark/results/v2/t160-retest-20261003/quality/image-assistance/t160-quality-20261002T182955Z-75789e35-10-IMP-MIXED-r1.json
t160-quality-20261002T182955Z-75789e35-10-IMP-MIXED-r1,IMP-MIXED,1,after_image_assistance,bf862f8d-df39-5559-bab5-d942fccb2432,9d700ff2-6e1c-470d-94db-5c430b18c406,ocr_required,order_index,source_provided,True,True,6,6,matched,benchmark/results/v2/t160-retest-20261003/quality/image-assistance/t160-quality-20261002T182955Z-75789e35-10-IMP-MIXED-r1.json
t160-quality-20261002T182955Z-75789e35-10-IMP-MIXED-r1,IMP-MIXED,1,after_image_assistance,bf862f8d-df39-5559-bab5-d942fccb2432,9d700ff2-6e1c-470d-94db-5c430b18c406,ocr_required,source_page_numbers,source_provided,True,True,[2],[2],matched,benchmark/results/v2/t160-retest-20261003/quality/image-assistance/t160-quality-20261002T182955Z-75789e35-10-IMP-MIXED-r1.json
t160-quality-20261002T182955Z-75789e35-10-IMP-MIXED-r1,IMP-MIXED,1,after_image_assistance,bf862f8d-df39-5559-bab5-d942fccb2432,9d700ff2-6e1c-470d-94db-5c430b18c406,ocr_required,question_type,source_provided,True,True,SHORT_ANSWER,SHORT_ANSWER,matched,benchmark/results/v2/t160-retest-20261003/quality/image-assistance/t160-quality-20261002T182955Z-75789e35-10-IMP-MIXED-r1.json
t160-quality-20261002T182955Z-75789e35-10-IMP-MIXED-r1,IMP-MIXED,1,after_image_assistance,bf862f8d-df39-5559-bab5-d942fccb2432,9d700ff2-6e1c-470d-94db-5c430b18c406,ocr_required,content,source_provided,True,True,根据下表写出 y 关于 x 的关系式。,根据下表写出 y 关于 x 的关系式。,matched,benchmark/results/v2/t160-retest-20261003/quality/image-assistance/t160-quality-20261002T182955Z-75789e35-10-IMP-MIXED-r1.json
t160-quality-20261002T182955Z-75789e35-10-IMP-MIXED-r1,IMP-MIXED,1,after_image_assistance,bf862f8d-df39-5559-bab5-d942fccb2432,9d700ff2-6e1c-470d-94db-5c430b18c406,ocr_required,options,not_applicable,True,True,,,matched,benchmark/results/v2/t160-retest-20261003/quality/image-assistance/t160-quality-20261002T182955Z-75789e35-10-IMP-MIXED-r1.json
t160-quality-20261002T182955Z-75789e35-10-IMP-MIXED-r1,IMP-MIXED,1,after_image_assistance,bf862f8d-df39-5559-bab5-d942fccb2432,9d700ff2-6e1c-470d-94db-5c430b18c406,ocr_required,reference_answer,known_missing,True,True,,,matched,benchmark/results/v2/t160-retest-20261003/quality/image-assistance/t160-quality-20261002T182955Z-75789e35-10-IMP-MIXED-r1.json
t160-quality-20261002T182955Z-75789e35-10-IMP-MIXED-r1,IMP-MIXED,1,after_image_assistance,bf862f8d-df39-5559-bab5-d942fccb2432,9d700ff2-6e1c-470d-94db-5c430b18c406,ocr_required,analysis,known_missing,True,True,,,matched,benchmark/results/v2/t160-retest-20261003/quality/image-assistance/t160-quality-20261002T182955Z-75789e35-10-IMP-MIXED-r1.json
t160-quality-20261002T182955Z-75789e35-10-IMP-MIXED-r1,IMP-MIXED,1,after_image_assistance,bf862f8d-df39-5559-bab5-d942fccb2432,9d700ff2-6e1c-470d-94db-5c430b18c406,ocr_required,score,source_provided,True,True,3.00,3.00,matched,benchmark/results/v2/t160-retest-20261003/quality/image-assistance/t160-quality-20261002T182955Z-75789e35-10-IMP-MIXED-r1.json
t160-quality-20261002T182955Z-75789e35-10-IMP-MIXED-r1,IMP-MIXED,1,after_image_assistance,bf862f8d-df39-5559-bab5-d942fccb2432,9d700ff2-6e1c-470d-94db-5c430b18c406,ocr_required,scoring_rubric,source_provided,True,True,正确关系式 1.00；说明代入过程 2.00。,正确关系式 1.00；说明代入过程 2.00。,matched,benchmark/results/v2/t160-retest-20261003/quality/image-assistance/t160-quality-20261002T182955Z-75789e35-10-IMP-MIXED-r1.json
t160-quality-20261002T182955Z-75789e35-10-IMP-MIXED-r1,IMP-MIXED,1,after_image_assistance,bf862f8d-df39-5559-bab5-d942fccb2432,9d700ff2-6e1c-470d-94db-5c430b18c406,ocr_required,knowledge_points,source_provided,True,True,"[""一次函数"", ""表达与计算""]","[""一次函数"", ""表达与计算""]",matched,benchmark/results/v2/t160-retest-20261003/quality/image-assistance/t160-quality-20261002T182955Z-75789e35-10-IMP-MIXED-r1.json
t160-quality-20261002T182955Z-75789e35-10-IMP-MIXED-r1,IMP-MIXED,1,after_image_assistance,bf862f8d-df39-5559-bab5-d942fccb2432,9d700ff2-6e1c-470d-94db-5c430b18c406,ocr_required,source_regions,unknown,False,,,,reference_unknown,benchmark/results/v2/t160-retest-20261003/quality/image-assistance/t160-quality-20261002T182955Z-75789e35-10-IMP-MIXED-r1.json
t160-quality-20261002T182955Z-75789e35-10-IMP-MIXED-r1,IMP-MIXED,1,after_image_assistance,bf862f8d-df39-5559-bab5-d942fccb2432,9d700ff2-6e1c-470d-94db-5c430b18c406,ocr_required,assets,source_provided,True,True,"[{""asset_type"": ""table"", ""source_page_number"": 2, ""order_index"": 1}]","[{""asset_type"": ""table"", ""source_page_number"": 2, ""order_index"": 1}]",matched,benchmark/results/v2/t160-retest-20261003/quality/image-assistance/t160-quality-20261002T182955Z-75789e35-10-IMP-MIXED-r1.json
t160-quality-20261002T182955Z-75789e35-11-IMP-MIXED-r2,IMP-MIXED,2,after_image_assistance,1faa8619-84cc-5d65-86ae-244c7f68645e,74b330ef-ebc4-47bd-b28d-b1d5455d0151,native_text,question_number,source_provided,True,True,1,1,matched,benchmark/results/v2/t160-retest-20261003/quality/image-assistance/t160-quality-20261002T182955Z-75789e35-11-IMP-MIXED-r2.json
t160-quality-20261002T182955Z-75789e35-11-IMP-MIXED-r2,IMP-MIXED,2,after_image_assistance,1faa8619-84cc-5d65-86ae-244c7f68645e,74b330ef-ebc4-47bd-b28d-b1d5455d0151,native_text,order_index,source_provided,True,True,1,1,matched,benchmark/results/v2/t160-retest-20261003/quality/image-assistance/t160-quality-20261002T182955Z-75789e35-11-IMP-MIXED-r2.json
t160-quality-20261002T182955Z-75789e35-11-IMP-MIXED-r2,IMP-MIXED,2,after_image_assistance,1faa8619-84cc-5d65-86ae-244c7f68645e,74b330ef-ebc4-47bd-b28d-b1d5455d0151,native_text,source_page_numbers,source_provided,True,True,[1],[1],matched,benchmark/results/v2/t160-retest-20261003/quality/image-assistance/t160-quality-20261002T182955Z-75789e35-11-IMP-MIXED-r2.json
t160-quality-20261002T182955Z-75789e35-11-IMP-MIXED-r2,IMP-MIXED,2,after_image_assistance,1faa8619-84cc-5d65-86ae-244c7f68645e,74b330ef-ebc4-47bd-b28d-b1d5455d0151,native_text,question_type,source_provided,True,True,SINGLE_CHOICE,SINGLE_CHOICE,matched,benchmark/results/v2/t160-retest-20261003/quality/image-assistance/t160-quality-20261002T182955Z-75789e35-11-IMP-MIXED-r2.json
t160-quality-20261002T182955Z-75789e35-11-IMP-MIXED-r2,IMP-MIXED,2,after_image_assistance,1faa8619-84cc-5d65-86ae-244c7f68645e,74b330ef-ebc4-47bd-b28d-b1d5455d0151,native_text,content,source_provided,True,True,y = 2x + 1，x = 3 时 y 为多少？,y = 2x + 1，x = 3 时 y 为多少？,matched,benchmark/results/v2/t160-retest-20261003/quality/image-assistance/t160-quality-20261002T182955Z-75789e35-11-IMP-MIXED-r2.json
t160-quality-20261002T182955Z-75789e35-11-IMP-MIXED-r2,IMP-MIXED,2,after_image_assistance,1faa8619-84cc-5d65-86ae-244c7f68645e,74b330ef-ebc4-47bd-b28d-b1d5455d0151,native_text,options,source_provided,True,True,"{""C"": ""7"", ""A"": ""5"", ""B"": ""6"", ""D"": ""8""}","{""C"": ""7"", ""A"": ""5"", ""B"": ""6"", ""D"": ""8""}",matched,benchmark/results/v2/t160-retest-20261003/quality/image-assistance/t160-quality-20261002T182955Z-75789e35-11-IMP-MIXED-r2.json
t160-quality-20261002T182955Z-75789e35-11-IMP-MIXED-r2,IMP-MIXED,2,after_image_assistance,1faa8619-84cc-5d65-86ae-244c7f68645e,74b330ef-ebc4-47bd-b28d-b1d5455d0151,native_text,reference_answer,source_provided,True,True,C,C,matched,benchmark/results/v2/t160-retest-20261003/quality/image-assistance/t160-quality-20261002T182955Z-75789e35-11-IMP-MIXED-r2.json
t160-quality-20261002T182955Z-75789e35-11-IMP-MIXED-r2,IMP-MIXED,2,after_image_assistance,1faa8619-84cc-5d65-86ae-244c7f68645e,74b330ef-ebc4-47bd-b28d-b1d5455d0151,native_text,analysis,source_provided,True,True,2 × 3 + 1 = 7。,2 × 3 + 1 = 7。,matched,benchmark/results/v2/t160-retest-20261003/quality/image-assistance/t160-quality-20261002T182955Z-75789e35-11-IMP-MIXED-r2.json
t160-quality-20261002T182955Z-75789e35-11-IMP-MIXED-r2,IMP-MIXED,2,after_image_assistance,1faa8619-84cc-5d65-86ae-244c7f68645e,74b330ef-ebc4-47bd-b28d-b1d5455d0151,native_text,score,source_provided,True,True,2.00,2.00,matched,benchmark/results/v2/t160-retest-20261003/quality/image-assistance/t160-quality-20261002T182955Z-75789e35-11-IMP-MIXED-r2.json
t160-quality-20261002T182955Z-75789e35-11-IMP-MIXED-r2,IMP-MIXED,2,after_image_assistance,1faa8619-84cc-5d65-86ae-244c7f68645e,74b330ef-ebc4-47bd-b28d-b1d5455d0151,native_text,scoring_rubric,known_missing,True,True,,,matched,benchmark/results/v2/t160-retest-20261003/quality/image-assistance/t160-quality-20261002T182955Z-75789e35-11-IMP-MIXED-r2.json
t160-quality-20261002T182955Z-75789e35-11-IMP-MIXED-r2,IMP-MIXED,2,after_image_assistance,1faa8619-84cc-5d65-86ae-244c7f68645e,74b330ef-ebc4-47bd-b28d-b1d5455d0151,native_text,knowledge_points,known_missing,True,True,[],[],matched,benchmark/results/v2/t160-retest-20261003/quality/image-assistance/t160-quality-20261002T182955Z-75789e35-11-IMP-MIXED-r2.json
t160-quality-20261002T182955Z-75789e35-11-IMP-MIXED-r2,IMP-MIXED,2,after_image_assistance,1faa8619-84cc-5d65-86ae-244c7f68645e,74b330ef-ebc4-47bd-b28d-b1d5455d0151,native_text,source_regions,unknown,False,,,,reference_unknown,benchmark/results/v2/t160-retest-20261003/quality/image-assistance/t160-quality-20261002T182955Z-75789e35-11-IMP-MIXED-r2.json
t160-quality-20261002T182955Z-75789e35-11-IMP-MIXED-r2,IMP-MIXED,2,after_image_assistance,1faa8619-84cc-5d65-86ae-244c7f68645e,74b330ef-ebc4-47bd-b28d-b1d5455d0151,native_text,assets,source_provided,True,True,[],[],matched,benchmark/results/v2/t160-retest-20261003/quality/image-assistance/t160-quality-20261002T182955Z-75789e35-11-IMP-MIXED-r2.json
t160-quality-20261002T182955Z-75789e35-11-IMP-MIXED-r2,IMP-MIXED,2,after_image_assistance,545de13f-3fe9-524b-a917-7ab04807806f,e268349b-ff58-44e1-9fe3-583e02181432,native_text,question_number,source_provided,True,True,2,2,matched,benchmark/results/v2/t160-retest-20261003/quality/image-assistance/t160-quality-20261002T182955Z-75789e35-11-IMP-MIXED-r2.json
t160-quality-20261002T182955Z-75789e35-11-IMP-MIXED-r2,IMP-MIXED,2,after_image_assistance,545de13f-3fe9-524b-a917-7ab04807806f,e268349b-ff58-44e1-9fe3-583e02181432,native_text,order_index,source_provided,True,True,2,2,matched,benchmark/results/v2/t160-retest-20261003/quality/image-assistance/t160-quality-20261002T182955Z-75789e35-11-IMP-MIXED-r2.json
t160-quality-20261002T182955Z-75789e35-11-IMP-MIXED-r2,IMP-MIXED,2,after_image_assistance,545de13f-3fe9-524b-a917-7ab04807806f,e268349b-ff58-44e1-9fe3-583e02181432,native_text,source_page_numbers,source_provided,True,True,[1],[1],matched,benchmark/results/v2/t160-retest-20261003/quality/image-assistance/t160-quality-20261002T182955Z-75789e35-11-IMP-MIXED-r2.json
t160-quality-20261002T182955Z-75789e35-11-IMP-MIXED-r2,IMP-MIXED,2,after_image_assistance,545de13f-3fe9-524b-a917-7ab04807806f,e268349b-ff58-44e1-9fe3-583e02181432,native_text,question_type,source_provided,True,True,TRUE_FALSE,TRUE_FALSE,matched,benchmark/results/v2/t160-retest-20261003/quality/image-assistance/t160-quality-20261002T182955Z-75789e35-11-IMP-MIXED-r2.json
t160-quality-20261002T182955Z-75789e35-11-IMP-MIXED-r2,IMP-MIXED,2,after_image_assistance,545de13f-3fe9-524b-a917-7ab04807806f,e268349b-ff58-44e1-9fe3-583e02181432,native_text,content,source_provided,True,True,右图三角形面积为 24 cm²。,右图三角形面积为 24 cm²。,matched,benchmark/results/v2/t160-retest-20261003/quality/image-assistance/t160-quality-20261002T182955Z-75789e35-11-IMP-MIXED-r2.json
t160-quality-20261002T182955Z-75789e35-11-IMP-MIXED-r2,IMP-MIXED,2,after_image_assistance,545de13f-3fe9-524b-a917-7ab04807806f,e268349b-ff58-44e1-9fe3-583e02181432,native_text,options,source_provided,True,True,"[""正确"", ""错误""]","[""正确"", ""错误""]",matched,benchmark/results/v2/t160-retest-20261003/quality/image-assistance/t160-quality-20261002T182955Z-75789e35-11-IMP-MIXED-r2.json
t160-quality-20261002T182955Z-75789e35-11-IMP-MIXED-r2,IMP-MIXED,2,after_image_assistance,545de13f-3fe9-524b-a917-7ab04807806f,e268349b-ff58-44e1-9fe3-583e02181432,native_text,reference_answer,known_missing,True,True,,,matched,benchmark/results/v2/t160-retest-20261003/quality/image-assistance/t160-quality-20261002T182955Z-75789e35-11-IMP-MIXED-r2.json
t160-quality-20261002T182955Z-75789e35-11-IMP-MIXED-r2,IMP-MIXED,2,after_image_assistance,545de13f-3fe9-524b-a917-7ab04807806f,e268349b-ff58-44e1-9fe3-583e02181432,native_text,analysis,known_missing,True,True,,,matched,benchmark/results/v2/t160-retest-20261003/quality/image-assistance/t160-quality-20261002T182955Z-75789e35-11-IMP-MIXED-r2.json
t160-quality-20261002T182955Z-75789e35-11-IMP-MIXED-r2,IMP-MIXED,2,after_image_assistance,545de13f-3fe9-524b-a917-7ab04807806f,e268349b-ff58-44e1-9fe3-583e02181432,native_text,score,source_provided,True,True,2.00,2.00,matched,benchmark/results/v2/t160-retest-20261003/quality/image-assistance/t160-quality-20261002T182955Z-75789e35-11-IMP-MIXED-r2.json
t160-quality-20261002T182955Z-75789e35-11-IMP-MIXED-r2,IMP-MIXED,2,after_image_assistance,545de13f-3fe9-524b-a917-7ab04807806f,e268349b-ff58-44e1-9fe3-583e02181432,native_text,scoring_rubric,known_missing,True,True,,,matched,benchmark/results/v2/t160-retest-20261003/quality/image-assistance/t160-quality-20261002T182955Z-75789e35-11-IMP-MIXED-r2.json
t160-quality-20261002T182955Z-75789e35-11-IMP-MIXED-r2,IMP-MIXED,2,after_image_assistance,545de13f-3fe9-524b-a917-7ab04807806f,e268349b-ff58-44e1-9fe3-583e02181432,native_text,knowledge_points,known_missing,True,True,[],[],matched,benchmark/results/v2/t160-retest-20261003/quality/image-assistance/t160-quality-20261002T182955Z-75789e35-11-IMP-MIXED-r2.json
t160-quality-20261002T182955Z-75789e35-11-IMP-MIXED-r2,IMP-MIXED,2,after_image_assistance,545de13f-3fe9-524b-a917-7ab04807806f,e268349b-ff58-44e1-9fe3-583e02181432,native_text,source_regions,unknown,False,,,,reference_unknown,benchmark/results/v2/t160-retest-20261003/quality/image-assistance/t160-quality-20261002T182955Z-75789e35-11-IMP-MIXED-r2.json
t160-quality-20261002T182955Z-75789e35-11-IMP-MIXED-r2,IMP-MIXED,2,after_image_assistance,545de13f-3fe9-524b-a917-7ab04807806f,e268349b-ff58-44e1-9fe3-583e02181432,native_text,assets,source_provided,True,True,"[{""asset_type"": ""figure"", ""source_page_number"": 1, ""order_index"": 1}]","[{""asset_type"": ""figure"", ""source_page_number"": 1, ""order_index"": 1}]",matched,benchmark/results/v2/t160-retest-20261003/quality/image-assistance/t160-quality-20261002T182955Z-75789e35-11-IMP-MIXED-r2.json
t160-quality-20261002T182955Z-75789e35-11-IMP-MIXED-r2,IMP-MIXED,2,after_image_assistance,85533f46-eb86-5893-8742-33939e77750f,f3a7eb81-56a4-497b-9d43-6bb65cb48f7a,native_text,question_number,source_provided,True,True,3,3,matched,benchmark/results/v2/t160-retest-20261003/quality/image-assistance/t160-quality-20261002T182955Z-75789e35-11-IMP-MIXED-r2.json
t160-quality-20261002T182955Z-75789e35-11-IMP-MIXED-r2,IMP-MIXED,2,after_image_assistance,85533f46-eb86-5893-8742-33939e77750f,f3a7eb81-56a4-497b-9d43-6bb65cb48f7a,native_text,order_index,source_provided,True,True,3,3,matched,benchmark/results/v2/t160-retest-20261003/quality/image-assistance/t160-quality-20261002T182955Z-75789e35-11-IMP-MIXED-r2.json
t160-quality-20261002T182955Z-75789e35-11-IMP-MIXED-r2,IMP-MIXED,2,after_image_assistance,85533f46-eb86-5893-8742-33939e77750f,f3a7eb81-56a4-497b-9d43-6bb65cb48f7a,native_text,source_page_numbers,source_provided,True,True,[1],[1],matched,benchmark/results/v2/t160-retest-20261003/quality/image-assistance/t160-quality-20261002T182955Z-75789e35-11-IMP-MIXED-r2.json
t160-quality-20261002T182955Z-75789e35-11-IMP-MIXED-r2,IMP-MIXED,2,after_image_assistance,85533f46-eb86-5893-8742-33939e77750f,f3a7eb81-56a4-497b-9d43-6bb65cb48f7a,native_text,question_type,source_provided,True,True,SHORT_ANSWER,SHORT_ANSWER,matched,benchmark/results/v2/t160-retest-20261003/quality/image-assistance/t160-quality-20261002T182955Z-75789e35-11-IMP-MIXED-r2.json
t160-quality-20261002T182955Z-75789e35-11-IMP-MIXED-r2,IMP-MIXED,2,after_image_assistance,85533f46-eb86-5893-8742-33939e77750f,f3a7eb81-56a4-497b-9d43-6bb65cb48f7a,native_text,content,source_provided,True,True,根据下表写出 y 关于 x 的关系式。,根据下表写出 y 关于 x 的关系式。,matched,benchmark/results/v2/t160-retest-20261003/quality/image-assistance/t160-quality-20261002T182955Z-75789e35-11-IMP-MIXED-r2.json
t160-quality-20261002T182955Z-75789e35-11-IMP-MIXED-r2,IMP-MIXED,2,after_image_assistance,85533f46-eb86-5893-8742-33939e77750f,f3a7eb81-56a4-497b-9d43-6bb65cb48f7a,native_text,options,not_applicable,True,True,,,matched,benchmark/results/v2/t160-retest-20261003/quality/image-assistance/t160-quality-20261002T182955Z-75789e35-11-IMP-MIXED-r2.json
t160-quality-20261002T182955Z-75789e35-11-IMP-MIXED-r2,IMP-MIXED,2,after_image_assistance,85533f46-eb86-5893-8742-33939e77750f,f3a7eb81-56a4-497b-9d43-6bb65cb48f7a,native_text,reference_answer,known_missing,True,True,,,matched,benchmark/results/v2/t160-retest-20261003/quality/image-assistance/t160-quality-20261002T182955Z-75789e35-11-IMP-MIXED-r2.json
t160-quality-20261002T182955Z-75789e35-11-IMP-MIXED-r2,IMP-MIXED,2,after_image_assistance,85533f46-eb86-5893-8742-33939e77750f,f3a7eb81-56a4-497b-9d43-6bb65cb48f7a,native_text,analysis,known_missing,True,True,,,matched,benchmark/results/v2/t160-retest-20261003/quality/image-assistance/t160-quality-20261002T182955Z-75789e35-11-IMP-MIXED-r2.json
t160-quality-20261002T182955Z-75789e35-11-IMP-MIXED-r2,IMP-MIXED,2,after_image_assistance,85533f46-eb86-5893-8742-33939e77750f,f3a7eb81-56a4-497b-9d43-6bb65cb48f7a,native_text,score,source_provided,True,True,3.00,3.00,matched,benchmark/results/v2/t160-retest-20261003/quality/image-assistance/t160-quality-20261002T182955Z-75789e35-11-IMP-MIXED-r2.json
t160-quality-20261002T182955Z-75789e35-11-IMP-MIXED-r2,IMP-MIXED,2,after_image_assistance,85533f46-eb86-5893-8742-33939e77750f,f3a7eb81-56a4-497b-9d43-6bb65cb48f7a,native_text,scoring_rubric,source_provided,True,True,正确关系式 1.00；说明代入过程 2.00。,正确关系式 1.00；说明代入过程 2.00。,matched,benchmark/results/v2/t160-retest-20261003/quality/image-assistance/t160-quality-20261002T182955Z-75789e35-11-IMP-MIXED-r2.json
t160-quality-20261002T182955Z-75789e35-11-IMP-MIXED-r2,IMP-MIXED,2,after_image_assistance,85533f46-eb86-5893-8742-33939e77750f,f3a7eb81-56a4-497b-9d43-6bb65cb48f7a,native_text,knowledge_points,source_provided,True,True,"[""一次函数"", ""表达与计算""]","[""一次函数"", ""表达与计算""]",matched,benchmark/results/v2/t160-retest-20261003/quality/image-assistance/t160-quality-20261002T182955Z-75789e35-11-IMP-MIXED-r2.json
t160-quality-20261002T182955Z-75789e35-11-IMP-MIXED-r2,IMP-MIXED,2,after_image_assistance,85533f46-eb86-5893-8742-33939e77750f,f3a7eb81-56a4-497b-9d43-6bb65cb48f7a,native_text,source_regions,unknown,False,,,,reference_unknown,benchmark/results/v2/t160-retest-20261003/quality/image-assistance/t160-quality-20261002T182955Z-75789e35-11-IMP-MIXED-r2.json
t160-quality-20261002T182955Z-75789e35-11-IMP-MIXED-r2,IMP-MIXED,2,after_image_assistance,85533f46-eb86-5893-8742-33939e77750f,f3a7eb81-56a4-497b-9d43-6bb65cb48f7a,native_text,assets,source_provided,True,True,"[{""asset_type"": ""table"", ""source_page_number"": 1, ""order_index"": 1}]","[{""asset_type"": ""table"", ""source_page_number"": 1, ""order_index"": 1}]",matched,benchmark/results/v2/t160-retest-20261003/quality/image-assistance/t160-quality-20261002T182955Z-75789e35-11-IMP-MIXED-r2.json
t160-quality-20261002T182955Z-75789e35-11-IMP-MIXED-r2,IMP-MIXED,2,after_image_assistance,0fa8d57e-58c2-5aa4-b8cd-e52e96380a38,c1dff394-9f07-4089-8404-06e1e5f43b5e,ocr_required,question_number,source_provided,True,True,4,4,matched,benchmark/results/v2/t160-retest-20261003/quality/image-assistance/t160-quality-20261002T182955Z-75789e35-11-IMP-MIXED-r2.json
t160-quality-20261002T182955Z-75789e35-11-IMP-MIXED-r2,IMP-MIXED,2,after_image_assistance,0fa8d57e-58c2-5aa4-b8cd-e52e96380a38,c1dff394-9f07-4089-8404-06e1e5f43b5e,ocr_required,order_index,source_provided,True,True,4,4,matched,benchmark/results/v2/t160-retest-20261003/quality/image-assistance/t160-quality-20261002T182955Z-75789e35-11-IMP-MIXED-r2.json
t160-quality-20261002T182955Z-75789e35-11-IMP-MIXED-r2,IMP-MIXED,2,after_image_assistance,0fa8d57e-58c2-5aa4-b8cd-e52e96380a38,c1dff394-9f07-4089-8404-06e1e5f43b5e,ocr_required,source_page_numbers,source_provided,True,True,[2],[2],matched,benchmark/results/v2/t160-retest-20261003/quality/image-assistance/t160-quality-20261002T182955Z-75789e35-11-IMP-MIXED-r2.json
t160-quality-20261002T182955Z-75789e35-11-IMP-MIXED-r2,IMP-MIXED,2,after_image_assistance,0fa8d57e-58c2-5aa4-b8cd-e52e96380a38,c1dff394-9f07-4089-8404-06e1e5f43b5e,ocr_required,question_type,source_provided,True,True,SINGLE_CHOICE,SINGLE_CHOICE,matched,benchmark/results/v2/t160-retest-20261003/quality/image-assistance/t160-quality-20261002T182955Z-75789e35-11-IMP-MIXED-r2.json
t160-quality-20261002T182955Z-75789e35-11-IMP-MIXED-r2,IMP-MIXED,2,after_image_assistance,0fa8d57e-58c2-5aa4-b8cd-e52e96380a38,c1dff394-9f07-4089-8404-06e1e5f43b5e,ocr_required,content,source_provided,True,True,y = 2x + 1，x = 3 时 y 为多少？,y = 2x + 1，x = 3 时 y 为多少？,matched,benchmark/results/v2/t160-retest-20261003/quality/image-assistance/t160-quality-20261002T182955Z-75789e35-11-IMP-MIXED-r2.json
t160-quality-20261002T182955Z-75789e35-11-IMP-MIXED-r2,IMP-MIXED,2,after_image_assistance,0fa8d57e-58c2-5aa4-b8cd-e52e96380a38,c1dff394-9f07-4089-8404-06e1e5f43b5e,ocr_required,options,source_provided,True,True,"{""C"": ""7"", ""A"": ""5"", ""B"": ""6"", ""D"": ""8""}","{""C"": ""7"", ""A"": ""5"", ""B"": ""6"", ""D"": ""8""}",matched,benchmark/results/v2/t160-retest-20261003/quality/image-assistance/t160-quality-20261002T182955Z-75789e35-11-IMP-MIXED-r2.json
t160-quality-20261002T182955Z-75789e35-11-IMP-MIXED-r2,IMP-MIXED,2,after_image_assistance,0fa8d57e-58c2-5aa4-b8cd-e52e96380a38,c1dff394-9f07-4089-8404-06e1e5f43b5e,ocr_required,reference_answer,source_provided,True,True,C,C,matched,benchmark/results/v2/t160-retest-20261003/quality/image-assistance/t160-quality-20261002T182955Z-75789e35-11-IMP-MIXED-r2.json
t160-quality-20261002T182955Z-75789e35-11-IMP-MIXED-r2,IMP-MIXED,2,after_image_assistance,0fa8d57e-58c2-5aa4-b8cd-e52e96380a38,c1dff394-9f07-4089-8404-06e1e5f43b5e,ocr_required,analysis,source_provided,True,True,2 × 3 + 1 = 7。,2 × 3 + 1 = 7。,matched,benchmark/results/v2/t160-retest-20261003/quality/image-assistance/t160-quality-20261002T182955Z-75789e35-11-IMP-MIXED-r2.json
t160-quality-20261002T182955Z-75789e35-11-IMP-MIXED-r2,IMP-MIXED,2,after_image_assistance,0fa8d57e-58c2-5aa4-b8cd-e52e96380a38,c1dff394-9f07-4089-8404-06e1e5f43b5e,ocr_required,score,source_provided,True,True,2.00,2.00,matched,benchmark/results/v2/t160-retest-20261003/quality/image-assistance/t160-quality-20261002T182955Z-75789e35-11-IMP-MIXED-r2.json
t160-quality-20261002T182955Z-75789e35-11-IMP-MIXED-r2,IMP-MIXED,2,after_image_assistance,0fa8d57e-58c2-5aa4-b8cd-e52e96380a38,c1dff394-9f07-4089-8404-06e1e5f43b5e,ocr_required,scoring_rubric,known_missing,True,True,,,matched,benchmark/results/v2/t160-retest-20261003/quality/image-assistance/t160-quality-20261002T182955Z-75789e35-11-IMP-MIXED-r2.json
t160-quality-20261002T182955Z-75789e35-11-IMP-MIXED-r2,IMP-MIXED,2,after_image_assistance,0fa8d57e-58c2-5aa4-b8cd-e52e96380a38,c1dff394-9f07-4089-8404-06e1e5f43b5e,ocr_required,knowledge_points,known_missing,True,True,[],[],matched,benchmark/results/v2/t160-retest-20261003/quality/image-assistance/t160-quality-20261002T182955Z-75789e35-11-IMP-MIXED-r2.json
t160-quality-20261002T182955Z-75789e35-11-IMP-MIXED-r2,IMP-MIXED,2,after_image_assistance,0fa8d57e-58c2-5aa4-b8cd-e52e96380a38,c1dff394-9f07-4089-8404-06e1e5f43b5e,ocr_required,source_regions,unknown,False,,,,reference_unknown,benchmark/results/v2/t160-retest-20261003/quality/image-assistance/t160-quality-20261002T182955Z-75789e35-11-IMP-MIXED-r2.json
t160-quality-20261002T182955Z-75789e35-11-IMP-MIXED-r2,IMP-MIXED,2,after_image_assistance,0fa8d57e-58c2-5aa4-b8cd-e52e96380a38,c1dff394-9f07-4089-8404-06e1e5f43b5e,ocr_required,assets,source_provided,True,True,[],[],matched,benchmark/results/v2/t160-retest-20261003/quality/image-assistance/t160-quality-20261002T182955Z-75789e35-11-IMP-MIXED-r2.json
t160-quality-20261002T182955Z-75789e35-11-IMP-MIXED-r2,IMP-MIXED,2,after_image_assistance,455720b9-9061-5bce-83af-d6d53c6c84e1,fff216b0-a898-46eb-ac8c-79653007372b,ocr_required,question_number,source_provided,True,True,5,5,matched,benchmark/results/v2/t160-retest-20261003/quality/image-assistance/t160-quality-20261002T182955Z-75789e35-11-IMP-MIXED-r2.json
t160-quality-20261002T182955Z-75789e35-11-IMP-MIXED-r2,IMP-MIXED,2,after_image_assistance,455720b9-9061-5bce-83af-d6d53c6c84e1,fff216b0-a898-46eb-ac8c-79653007372b,ocr_required,order_index,source_provided,True,True,5,5,matched,benchmark/results/v2/t160-retest-20261003/quality/image-assistance/t160-quality-20261002T182955Z-75789e35-11-IMP-MIXED-r2.json
t160-quality-20261002T182955Z-75789e35-11-IMP-MIXED-r2,IMP-MIXED,2,after_image_assistance,455720b9-9061-5bce-83af-d6d53c6c84e1,fff216b0-a898-46eb-ac8c-79653007372b,ocr_required,source_page_numbers,source_provided,True,True,[2],[2],matched,benchmark/results/v2/t160-retest-20261003/quality/image-assistance/t160-quality-20261002T182955Z-75789e35-11-IMP-MIXED-r2.json
t160-quality-20261002T182955Z-75789e35-11-IMP-MIXED-r2,IMP-MIXED,2,after_image_assistance,455720b9-9061-5bce-83af-d6d53c6c84e1,fff216b0-a898-46eb-ac8c-79653007372b,ocr_required,question_type,source_provided,True,True,TRUE_FALSE,TRUE_FALSE,matched,benchmark/results/v2/t160-retest-20261003/quality/image-assistance/t160-quality-20261002T182955Z-75789e35-11-IMP-MIXED-r2.json
t160-quality-20261002T182955Z-75789e35-11-IMP-MIXED-r2,IMP-MIXED,2,after_image_assistance,455720b9-9061-5bce-83af-d6d53c6c84e1,fff216b0-a898-46eb-ac8c-79653007372b,ocr_required,content,source_provided,True,True,右图三角形面积为 24 cm²。,右图三角形面积为 24 cm²。,matched,benchmark/results/v2/t160-retest-20261003/quality/image-assistance/t160-quality-20261002T182955Z-75789e35-11-IMP-MIXED-r2.json
t160-quality-20261002T182955Z-75789e35-11-IMP-MIXED-r2,IMP-MIXED,2,after_image_assistance,455720b9-9061-5bce-83af-d6d53c6c84e1,fff216b0-a898-46eb-ac8c-79653007372b,ocr_required,options,source_provided,True,True,"[""正确"", ""错误""]","[""正确"", ""错误""]",matched,benchmark/results/v2/t160-retest-20261003/quality/image-assistance/t160-quality-20261002T182955Z-75789e35-11-IMP-MIXED-r2.json
t160-quality-20261002T182955Z-75789e35-11-IMP-MIXED-r2,IMP-MIXED,2,after_image_assistance,455720b9-9061-5bce-83af-d6d53c6c84e1,fff216b0-a898-46eb-ac8c-79653007372b,ocr_required,reference_answer,known_missing,True,True,,,matched,benchmark/results/v2/t160-retest-20261003/quality/image-assistance/t160-quality-20261002T182955Z-75789e35-11-IMP-MIXED-r2.json
t160-quality-20261002T182955Z-75789e35-11-IMP-MIXED-r2,IMP-MIXED,2,after_image_assistance,455720b9-9061-5bce-83af-d6d53c6c84e1,fff216b0-a898-46eb-ac8c-79653007372b,ocr_required,analysis,known_missing,True,True,,,matched,benchmark/results/v2/t160-retest-20261003/quality/image-assistance/t160-quality-20261002T182955Z-75789e35-11-IMP-MIXED-r2.json
t160-quality-20261002T182955Z-75789e35-11-IMP-MIXED-r2,IMP-MIXED,2,after_image_assistance,455720b9-9061-5bce-83af-d6d53c6c84e1,fff216b0-a898-46eb-ac8c-79653007372b,ocr_required,score,source_provided,True,True,2.00,2.00,matched,benchmark/results/v2/t160-retest-20261003/quality/image-assistance/t160-quality-20261002T182955Z-75789e35-11-IMP-MIXED-r2.json
t160-quality-20261002T182955Z-75789e35-11-IMP-MIXED-r2,IMP-MIXED,2,after_image_assistance,455720b9-9061-5bce-83af-d6d53c6c84e1,fff216b0-a898-46eb-ac8c-79653007372b,ocr_required,scoring_rubric,known_missing,True,True,,,matched,benchmark/results/v2/t160-retest-20261003/quality/image-assistance/t160-quality-20261002T182955Z-75789e35-11-IMP-MIXED-r2.json
t160-quality-20261002T182955Z-75789e35-11-IMP-MIXED-r2,IMP-MIXED,2,after_image_assistance,455720b9-9061-5bce-83af-d6d53c6c84e1,fff216b0-a898-46eb-ac8c-79653007372b,ocr_required,knowledge_points,known_missing,True,True,[],[],matched,benchmark/results/v2/t160-retest-20261003/quality/image-assistance/t160-quality-20261002T182955Z-75789e35-11-IMP-MIXED-r2.json
t160-quality-20261002T182955Z-75789e35-11-IMP-MIXED-r2,IMP-MIXED,2,after_image_assistance,455720b9-9061-5bce-83af-d6d53c6c84e1,fff216b0-a898-46eb-ac8c-79653007372b,ocr_required,source_regions,unknown,False,,,,reference_unknown,benchmark/results/v2/t160-retest-20261003/quality/image-assistance/t160-quality-20261002T182955Z-75789e35-11-IMP-MIXED-r2.json
t160-quality-20261002T182955Z-75789e35-11-IMP-MIXED-r2,IMP-MIXED,2,after_image_assistance,455720b9-9061-5bce-83af-d6d53c6c84e1,fff216b0-a898-46eb-ac8c-79653007372b,ocr_required,assets,source_provided,True,True,"[{""asset_type"": ""figure"", ""source_page_number"": 2, ""order_index"": 1}]","[{""asset_type"": ""figure"", ""source_page_number"": 2, ""order_index"": 1}]",matched,benchmark/results/v2/t160-retest-20261003/quality/image-assistance/t160-quality-20261002T182955Z-75789e35-11-IMP-MIXED-r2.json
t160-quality-20261002T182955Z-75789e35-11-IMP-MIXED-r2,IMP-MIXED,2,after_image_assistance,bf862f8d-df39-5559-bab5-d942fccb2432,5fe5f668-0d9e-4ec0-9e85-ce7609897423,ocr_required,question_number,source_provided,True,True,6,6,matched,benchmark/results/v2/t160-retest-20261003/quality/image-assistance/t160-quality-20261002T182955Z-75789e35-11-IMP-MIXED-r2.json
t160-quality-20261002T182955Z-75789e35-11-IMP-MIXED-r2,IMP-MIXED,2,after_image_assistance,bf862f8d-df39-5559-bab5-d942fccb2432,5fe5f668-0d9e-4ec0-9e85-ce7609897423,ocr_required,order_index,source_provided,True,True,6,6,matched,benchmark/results/v2/t160-retest-20261003/quality/image-assistance/t160-quality-20261002T182955Z-75789e35-11-IMP-MIXED-r2.json
t160-quality-20261002T182955Z-75789e35-11-IMP-MIXED-r2,IMP-MIXED,2,after_image_assistance,bf862f8d-df39-5559-bab5-d942fccb2432,5fe5f668-0d9e-4ec0-9e85-ce7609897423,ocr_required,source_page_numbers,source_provided,True,True,[2],[2],matched,benchmark/results/v2/t160-retest-20261003/quality/image-assistance/t160-quality-20261002T182955Z-75789e35-11-IMP-MIXED-r2.json
t160-quality-20261002T182955Z-75789e35-11-IMP-MIXED-r2,IMP-MIXED,2,after_image_assistance,bf862f8d-df39-5559-bab5-d942fccb2432,5fe5f668-0d9e-4ec0-9e85-ce7609897423,ocr_required,question_type,source_provided,True,True,SHORT_ANSWER,SHORT_ANSWER,matched,benchmark/results/v2/t160-retest-20261003/quality/image-assistance/t160-quality-20261002T182955Z-75789e35-11-IMP-MIXED-r2.json
t160-quality-20261002T182955Z-75789e35-11-IMP-MIXED-r2,IMP-MIXED,2,after_image_assistance,bf862f8d-df39-5559-bab5-d942fccb2432,5fe5f668-0d9e-4ec0-9e85-ce7609897423,ocr_required,content,source_provided,True,True,根据下表写出 y 关于 x 的关系式。,根据下表写出 y 关于 x 的关系式。,matched,benchmark/results/v2/t160-retest-20261003/quality/image-assistance/t160-quality-20261002T182955Z-75789e35-11-IMP-MIXED-r2.json
t160-quality-20261002T182955Z-75789e35-11-IMP-MIXED-r2,IMP-MIXED,2,after_image_assistance,bf862f8d-df39-5559-bab5-d942fccb2432,5fe5f668-0d9e-4ec0-9e85-ce7609897423,ocr_required,options,not_applicable,True,True,,,matched,benchmark/results/v2/t160-retest-20261003/quality/image-assistance/t160-quality-20261002T182955Z-75789e35-11-IMP-MIXED-r2.json
t160-quality-20261002T182955Z-75789e35-11-IMP-MIXED-r2,IMP-MIXED,2,after_image_assistance,bf862f8d-df39-5559-bab5-d942fccb2432,5fe5f668-0d9e-4ec0-9e85-ce7609897423,ocr_required,reference_answer,known_missing,True,True,,,matched,benchmark/results/v2/t160-retest-20261003/quality/image-assistance/t160-quality-20261002T182955Z-75789e35-11-IMP-MIXED-r2.json
t160-quality-20261002T182955Z-75789e35-11-IMP-MIXED-r2,IMP-MIXED,2,after_image_assistance,bf862f8d-df39-5559-bab5-d942fccb2432,5fe5f668-0d9e-4ec0-9e85-ce7609897423,ocr_required,analysis,known_missing,True,True,,,matched,benchmark/results/v2/t160-retest-20261003/quality/image-assistance/t160-quality-20261002T182955Z-75789e35-11-IMP-MIXED-r2.json
t160-quality-20261002T182955Z-75789e35-11-IMP-MIXED-r2,IMP-MIXED,2,after_image_assistance,bf862f8d-df39-5559-bab5-d942fccb2432,5fe5f668-0d9e-4ec0-9e85-ce7609897423,ocr_required,score,source_provided,True,True,3.00,3.00,matched,benchmark/results/v2/t160-retest-20261003/quality/image-assistance/t160-quality-20261002T182955Z-75789e35-11-IMP-MIXED-r2.json
t160-quality-20261002T182955Z-75789e35-11-IMP-MIXED-r2,IMP-MIXED,2,after_image_assistance,bf862f8d-df39-5559-bab5-d942fccb2432,5fe5f668-0d9e-4ec0-9e85-ce7609897423,ocr_required,scoring_rubric,source_provided,True,True,正确关系式 1.00；说明代入过程 2.00。,正确关系式 1.00；说明代入过程 2.00。,matched,benchmark/results/v2/t160-retest-20261003/quality/image-assistance/t160-quality-20261002T182955Z-75789e35-11-IMP-MIXED-r2.json
t160-quality-20261002T182955Z-75789e35-11-IMP-MIXED-r2,IMP-MIXED,2,after_image_assistance,bf862f8d-df39-5559-bab5-d942fccb2432,5fe5f668-0d9e-4ec0-9e85-ce7609897423,ocr_required,knowledge_points,source_provided,True,True,"[""一次函数"", ""表达与计算""]","[""一次函数"", ""表达与计算""]",matched,benchmark/results/v2/t160-retest-20261003/quality/image-assistance/t160-quality-20261002T182955Z-75789e35-11-IMP-MIXED-r2.json
t160-quality-20261002T182955Z-75789e35-11-IMP-MIXED-r2,IMP-MIXED,2,after_image_assistance,bf862f8d-df39-5559-bab5-d942fccb2432,5fe5f668-0d9e-4ec0-9e85-ce7609897423,ocr_required,source_regions,unknown,False,,,,reference_unknown,benchmark/results/v2/t160-retest-20261003/quality/image-assistance/t160-quality-20261002T182955Z-75789e35-11-IMP-MIXED-r2.json
t160-quality-20261002T182955Z-75789e35-11-IMP-MIXED-r2,IMP-MIXED,2,after_image_assistance,bf862f8d-df39-5559-bab5-d942fccb2432,5fe5f668-0d9e-4ec0-9e85-ce7609897423,ocr_required,assets,source_provided,True,True,"[{""asset_type"": ""table"", ""source_page_number"": 2, ""order_index"": 1}]","[{""asset_type"": ""table"", ""source_page_number"": 2, ""order_index"": 1}]",matched,benchmark/results/v2/t160-retest-20261003/quality/image-assistance/t160-quality-20261002T182955Z-75789e35-11-IMP-MIXED-r2.json
t160-quality-20261002T182955Z-75789e35-12-IMP-MIXED-r3,IMP-MIXED,3,after_image_assistance,1faa8619-84cc-5d65-86ae-244c7f68645e,9e7553f8-557c-4bfe-831a-f5aab065ff0f,native_text,question_number,source_provided,True,True,1,1,matched,benchmark/results/v2/t160-retest-20261003/quality/image-assistance/t160-quality-20261002T182955Z-75789e35-12-IMP-MIXED-r3.json
t160-quality-20261002T182955Z-75789e35-12-IMP-MIXED-r3,IMP-MIXED,3,after_image_assistance,1faa8619-84cc-5d65-86ae-244c7f68645e,9e7553f8-557c-4bfe-831a-f5aab065ff0f,native_text,order_index,source_provided,True,True,1,1,matched,benchmark/results/v2/t160-retest-20261003/quality/image-assistance/t160-quality-20261002T182955Z-75789e35-12-IMP-MIXED-r3.json
t160-quality-20261002T182955Z-75789e35-12-IMP-MIXED-r3,IMP-MIXED,3,after_image_assistance,1faa8619-84cc-5d65-86ae-244c7f68645e,9e7553f8-557c-4bfe-831a-f5aab065ff0f,native_text,source_page_numbers,source_provided,True,True,[1],[1],matched,benchmark/results/v2/t160-retest-20261003/quality/image-assistance/t160-quality-20261002T182955Z-75789e35-12-IMP-MIXED-r3.json
t160-quality-20261002T182955Z-75789e35-12-IMP-MIXED-r3,IMP-MIXED,3,after_image_assistance,1faa8619-84cc-5d65-86ae-244c7f68645e,9e7553f8-557c-4bfe-831a-f5aab065ff0f,native_text,question_type,source_provided,True,True,SINGLE_CHOICE,SINGLE_CHOICE,matched,benchmark/results/v2/t160-retest-20261003/quality/image-assistance/t160-quality-20261002T182955Z-75789e35-12-IMP-MIXED-r3.json
t160-quality-20261002T182955Z-75789e35-12-IMP-MIXED-r3,IMP-MIXED,3,after_image_assistance,1faa8619-84cc-5d65-86ae-244c7f68645e,9e7553f8-557c-4bfe-831a-f5aab065ff0f,native_text,content,source_provided,True,True,y = 2x + 1，x = 3 时 y 为多少？,y = 2x + 1，x = 3 时 y 为多少？,matched,benchmark/results/v2/t160-retest-20261003/quality/image-assistance/t160-quality-20261002T182955Z-75789e35-12-IMP-MIXED-r3.json
t160-quality-20261002T182955Z-75789e35-12-IMP-MIXED-r3,IMP-MIXED,3,after_image_assistance,1faa8619-84cc-5d65-86ae-244c7f68645e,9e7553f8-557c-4bfe-831a-f5aab065ff0f,native_text,options,source_provided,True,True,"{""C"": ""7"", ""A"": ""5"", ""B"": ""6"", ""D"": ""8""}","{""C"": ""7"", ""A"": ""5"", ""B"": ""6"", ""D"": ""8""}",matched,benchmark/results/v2/t160-retest-20261003/quality/image-assistance/t160-quality-20261002T182955Z-75789e35-12-IMP-MIXED-r3.json
t160-quality-20261002T182955Z-75789e35-12-IMP-MIXED-r3,IMP-MIXED,3,after_image_assistance,1faa8619-84cc-5d65-86ae-244c7f68645e,9e7553f8-557c-4bfe-831a-f5aab065ff0f,native_text,reference_answer,source_provided,True,True,C,C,matched,benchmark/results/v2/t160-retest-20261003/quality/image-assistance/t160-quality-20261002T182955Z-75789e35-12-IMP-MIXED-r3.json
t160-quality-20261002T182955Z-75789e35-12-IMP-MIXED-r3,IMP-MIXED,3,after_image_assistance,1faa8619-84cc-5d65-86ae-244c7f68645e,9e7553f8-557c-4bfe-831a-f5aab065ff0f,native_text,analysis,source_provided,True,True,2 × 3 + 1 = 7。,2 × 3 + 1 = 7。,matched,benchmark/results/v2/t160-retest-20261003/quality/image-assistance/t160-quality-20261002T182955Z-75789e35-12-IMP-MIXED-r3.json
t160-quality-20261002T182955Z-75789e35-12-IMP-MIXED-r3,IMP-MIXED,3,after_image_assistance,1faa8619-84cc-5d65-86ae-244c7f68645e,9e7553f8-557c-4bfe-831a-f5aab065ff0f,native_text,score,source_provided,True,True,2.00,2.00,matched,benchmark/results/v2/t160-retest-20261003/quality/image-assistance/t160-quality-20261002T182955Z-75789e35-12-IMP-MIXED-r3.json
t160-quality-20261002T182955Z-75789e35-12-IMP-MIXED-r3,IMP-MIXED,3,after_image_assistance,1faa8619-84cc-5d65-86ae-244c7f68645e,9e7553f8-557c-4bfe-831a-f5aab065ff0f,native_text,scoring_rubric,known_missing,True,True,,,matched,benchmark/results/v2/t160-retest-20261003/quality/image-assistance/t160-quality-20261002T182955Z-75789e35-12-IMP-MIXED-r3.json
t160-quality-20261002T182955Z-75789e35-12-IMP-MIXED-r3,IMP-MIXED,3,after_image_assistance,1faa8619-84cc-5d65-86ae-244c7f68645e,9e7553f8-557c-4bfe-831a-f5aab065ff0f,native_text,knowledge_points,known_missing,True,True,[],[],matched,benchmark/results/v2/t160-retest-20261003/quality/image-assistance/t160-quality-20261002T182955Z-75789e35-12-IMP-MIXED-r3.json
t160-quality-20261002T182955Z-75789e35-12-IMP-MIXED-r3,IMP-MIXED,3,after_image_assistance,1faa8619-84cc-5d65-86ae-244c7f68645e,9e7553f8-557c-4bfe-831a-f5aab065ff0f,native_text,source_regions,unknown,False,,,,reference_unknown,benchmark/results/v2/t160-retest-20261003/quality/image-assistance/t160-quality-20261002T182955Z-75789e35-12-IMP-MIXED-r3.json
t160-quality-20261002T182955Z-75789e35-12-IMP-MIXED-r3,IMP-MIXED,3,after_image_assistance,1faa8619-84cc-5d65-86ae-244c7f68645e,9e7553f8-557c-4bfe-831a-f5aab065ff0f,native_text,assets,source_provided,True,True,[],[],matched,benchmark/results/v2/t160-retest-20261003/quality/image-assistance/t160-quality-20261002T182955Z-75789e35-12-IMP-MIXED-r3.json
t160-quality-20261002T182955Z-75789e35-12-IMP-MIXED-r3,IMP-MIXED,3,after_image_assistance,545de13f-3fe9-524b-a917-7ab04807806f,f88f3df3-9a93-41fb-a52e-419fc402bdce,native_text,question_number,source_provided,True,True,2,2,matched,benchmark/results/v2/t160-retest-20261003/quality/image-assistance/t160-quality-20261002T182955Z-75789e35-12-IMP-MIXED-r3.json
t160-quality-20261002T182955Z-75789e35-12-IMP-MIXED-r3,IMP-MIXED,3,after_image_assistance,545de13f-3fe9-524b-a917-7ab04807806f,f88f3df3-9a93-41fb-a52e-419fc402bdce,native_text,order_index,source_provided,True,True,2,2,matched,benchmark/results/v2/t160-retest-20261003/quality/image-assistance/t160-quality-20261002T182955Z-75789e35-12-IMP-MIXED-r3.json
t160-quality-20261002T182955Z-75789e35-12-IMP-MIXED-r3,IMP-MIXED,3,after_image_assistance,545de13f-3fe9-524b-a917-7ab04807806f,f88f3df3-9a93-41fb-a52e-419fc402bdce,native_text,source_page_numbers,source_provided,True,True,[1],[1],matched,benchmark/results/v2/t160-retest-20261003/quality/image-assistance/t160-quality-20261002T182955Z-75789e35-12-IMP-MIXED-r3.json
t160-quality-20261002T182955Z-75789e35-12-IMP-MIXED-r3,IMP-MIXED,3,after_image_assistance,545de13f-3fe9-524b-a917-7ab04807806f,f88f3df3-9a93-41fb-a52e-419fc402bdce,native_text,question_type,source_provided,True,True,TRUE_FALSE,TRUE_FALSE,matched,benchmark/results/v2/t160-retest-20261003/quality/image-assistance/t160-quality-20261002T182955Z-75789e35-12-IMP-MIXED-r3.json
t160-quality-20261002T182955Z-75789e35-12-IMP-MIXED-r3,IMP-MIXED,3,after_image_assistance,545de13f-3fe9-524b-a917-7ab04807806f,f88f3df3-9a93-41fb-a52e-419fc402bdce,native_text,content,source_provided,True,True,右图三角形面积为 24 cm²。,右图三角形面积为 24 cm²。,matched,benchmark/results/v2/t160-retest-20261003/quality/image-assistance/t160-quality-20261002T182955Z-75789e35-12-IMP-MIXED-r3.json
t160-quality-20261002T182955Z-75789e35-12-IMP-MIXED-r3,IMP-MIXED,3,after_image_assistance,545de13f-3fe9-524b-a917-7ab04807806f,f88f3df3-9a93-41fb-a52e-419fc402bdce,native_text,options,source_provided,True,True,"[""正确"", ""错误""]","[""正确"", ""错误""]",matched,benchmark/results/v2/t160-retest-20261003/quality/image-assistance/t160-quality-20261002T182955Z-75789e35-12-IMP-MIXED-r3.json
t160-quality-20261002T182955Z-75789e35-12-IMP-MIXED-r3,IMP-MIXED,3,after_image_assistance,545de13f-3fe9-524b-a917-7ab04807806f,f88f3df3-9a93-41fb-a52e-419fc402bdce,native_text,reference_answer,known_missing,True,True,,,matched,benchmark/results/v2/t160-retest-20261003/quality/image-assistance/t160-quality-20261002T182955Z-75789e35-12-IMP-MIXED-r3.json
t160-quality-20261002T182955Z-75789e35-12-IMP-MIXED-r3,IMP-MIXED,3,after_image_assistance,545de13f-3fe9-524b-a917-7ab04807806f,f88f3df3-9a93-41fb-a52e-419fc402bdce,native_text,analysis,known_missing,True,True,,,matched,benchmark/results/v2/t160-retest-20261003/quality/image-assistance/t160-quality-20261002T182955Z-75789e35-12-IMP-MIXED-r3.json
t160-quality-20261002T182955Z-75789e35-12-IMP-MIXED-r3,IMP-MIXED,3,after_image_assistance,545de13f-3fe9-524b-a917-7ab04807806f,f88f3df3-9a93-41fb-a52e-419fc402bdce,native_text,score,source_provided,True,True,2.00,2.00,matched,benchmark/results/v2/t160-retest-20261003/quality/image-assistance/t160-quality-20261002T182955Z-75789e35-12-IMP-MIXED-r3.json
t160-quality-20261002T182955Z-75789e35-12-IMP-MIXED-r3,IMP-MIXED,3,after_image_assistance,545de13f-3fe9-524b-a917-7ab04807806f,f88f3df3-9a93-41fb-a52e-419fc402bdce,native_text,scoring_rubric,known_missing,True,True,,,matched,benchmark/results/v2/t160-retest-20261003/quality/image-assistance/t160-quality-20261002T182955Z-75789e35-12-IMP-MIXED-r3.json
t160-quality-20261002T182955Z-75789e35-12-IMP-MIXED-r3,IMP-MIXED,3,after_image_assistance,545de13f-3fe9-524b-a917-7ab04807806f,f88f3df3-9a93-41fb-a52e-419fc402bdce,native_text,knowledge_points,known_missing,True,True,[],[],matched,benchmark/results/v2/t160-retest-20261003/quality/image-assistance/t160-quality-20261002T182955Z-75789e35-12-IMP-MIXED-r3.json
t160-quality-20261002T182955Z-75789e35-12-IMP-MIXED-r3,IMP-MIXED,3,after_image_assistance,545de13f-3fe9-524b-a917-7ab04807806f,f88f3df3-9a93-41fb-a52e-419fc402bdce,native_text,source_regions,unknown,False,,,,reference_unknown,benchmark/results/v2/t160-retest-20261003/quality/image-assistance/t160-quality-20261002T182955Z-75789e35-12-IMP-MIXED-r3.json
t160-quality-20261002T182955Z-75789e35-12-IMP-MIXED-r3,IMP-MIXED,3,after_image_assistance,545de13f-3fe9-524b-a917-7ab04807806f,f88f3df3-9a93-41fb-a52e-419fc402bdce,native_text,assets,source_provided,True,True,"[{""asset_type"": ""figure"", ""source_page_number"": 1, ""order_index"": 1}]","[{""asset_type"": ""figure"", ""source_page_number"": 1, ""order_index"": 1}]",matched,benchmark/results/v2/t160-retest-20261003/quality/image-assistance/t160-quality-20261002T182955Z-75789e35-12-IMP-MIXED-r3.json
t160-quality-20261002T182955Z-75789e35-12-IMP-MIXED-r3,IMP-MIXED,3,after_image_assistance,85533f46-eb86-5893-8742-33939e77750f,f79fd0b2-c846-49d5-9f8d-d6fe5f31e31c,native_text,question_number,source_provided,True,True,3,3,matched,benchmark/results/v2/t160-retest-20261003/quality/image-assistance/t160-quality-20261002T182955Z-75789e35-12-IMP-MIXED-r3.json
t160-quality-20261002T182955Z-75789e35-12-IMP-MIXED-r3,IMP-MIXED,3,after_image_assistance,85533f46-eb86-5893-8742-33939e77750f,f79fd0b2-c846-49d5-9f8d-d6fe5f31e31c,native_text,order_index,source_provided,True,True,3,3,matched,benchmark/results/v2/t160-retest-20261003/quality/image-assistance/t160-quality-20261002T182955Z-75789e35-12-IMP-MIXED-r3.json
t160-quality-20261002T182955Z-75789e35-12-IMP-MIXED-r3,IMP-MIXED,3,after_image_assistance,85533f46-eb86-5893-8742-33939e77750f,f79fd0b2-c846-49d5-9f8d-d6fe5f31e31c,native_text,source_page_numbers,source_provided,True,True,[1],[1],matched,benchmark/results/v2/t160-retest-20261003/quality/image-assistance/t160-quality-20261002T182955Z-75789e35-12-IMP-MIXED-r3.json
t160-quality-20261002T182955Z-75789e35-12-IMP-MIXED-r3,IMP-MIXED,3,after_image_assistance,85533f46-eb86-5893-8742-33939e77750f,f79fd0b2-c846-49d5-9f8d-d6fe5f31e31c,native_text,question_type,source_provided,True,True,SHORT_ANSWER,SHORT_ANSWER,matched,benchmark/results/v2/t160-retest-20261003/quality/image-assistance/t160-quality-20261002T182955Z-75789e35-12-IMP-MIXED-r3.json
t160-quality-20261002T182955Z-75789e35-12-IMP-MIXED-r3,IMP-MIXED,3,after_image_assistance,85533f46-eb86-5893-8742-33939e77750f,f79fd0b2-c846-49d5-9f8d-d6fe5f31e31c,native_text,content,source_provided,True,True,根据下表写出 y 关于 x 的关系式。,根据下表写出 y 关于 x 的关系式。,matched,benchmark/results/v2/t160-retest-20261003/quality/image-assistance/t160-quality-20261002T182955Z-75789e35-12-IMP-MIXED-r3.json
t160-quality-20261002T182955Z-75789e35-12-IMP-MIXED-r3,IMP-MIXED,3,after_image_assistance,85533f46-eb86-5893-8742-33939e77750f,f79fd0b2-c846-49d5-9f8d-d6fe5f31e31c,native_text,options,not_applicable,True,True,,,matched,benchmark/results/v2/t160-retest-20261003/quality/image-assistance/t160-quality-20261002T182955Z-75789e35-12-IMP-MIXED-r3.json
t160-quality-20261002T182955Z-75789e35-12-IMP-MIXED-r3,IMP-MIXED,3,after_image_assistance,85533f46-eb86-5893-8742-33939e77750f,f79fd0b2-c846-49d5-9f8d-d6fe5f31e31c,native_text,reference_answer,known_missing,True,True,,,matched,benchmark/results/v2/t160-retest-20261003/quality/image-assistance/t160-quality-20261002T182955Z-75789e35-12-IMP-MIXED-r3.json
t160-quality-20261002T182955Z-75789e35-12-IMP-MIXED-r3,IMP-MIXED,3,after_image_assistance,85533f46-eb86-5893-8742-33939e77750f,f79fd0b2-c846-49d5-9f8d-d6fe5f31e31c,native_text,analysis,known_missing,True,True,,,matched,benchmark/results/v2/t160-retest-20261003/quality/image-assistance/t160-quality-20261002T182955Z-75789e35-12-IMP-MIXED-r3.json
t160-quality-20261002T182955Z-75789e35-12-IMP-MIXED-r3,IMP-MIXED,3,after_image_assistance,85533f46-eb86-5893-8742-33939e77750f,f79fd0b2-c846-49d5-9f8d-d6fe5f31e31c,native_text,score,source_provided,True,True,3.00,3.00,matched,benchmark/results/v2/t160-retest-20261003/quality/image-assistance/t160-quality-20261002T182955Z-75789e35-12-IMP-MIXED-r3.json
t160-quality-20261002T182955Z-75789e35-12-IMP-MIXED-r3,IMP-MIXED,3,after_image_assistance,85533f46-eb86-5893-8742-33939e77750f,f79fd0b2-c846-49d5-9f8d-d6fe5f31e31c,native_text,scoring_rubric,source_provided,True,True,正确关系式 1.00；说明代入过程 2.00。,正确关系式 1.00；说明代入过程 2.00。,matched,benchmark/results/v2/t160-retest-20261003/quality/image-assistance/t160-quality-20261002T182955Z-75789e35-12-IMP-MIXED-r3.json
t160-quality-20261002T182955Z-75789e35-12-IMP-MIXED-r3,IMP-MIXED,3,after_image_assistance,85533f46-eb86-5893-8742-33939e77750f,f79fd0b2-c846-49d5-9f8d-d6fe5f31e31c,native_text,knowledge_points,source_provided,True,True,"[""一次函数"", ""表达与计算""]","[""一次函数"", ""表达与计算""]",matched,benchmark/results/v2/t160-retest-20261003/quality/image-assistance/t160-quality-20261002T182955Z-75789e35-12-IMP-MIXED-r3.json
t160-quality-20261002T182955Z-75789e35-12-IMP-MIXED-r3,IMP-MIXED,3,after_image_assistance,85533f46-eb86-5893-8742-33939e77750f,f79fd0b2-c846-49d5-9f8d-d6fe5f31e31c,native_text,source_regions,unknown,False,,,,reference_unknown,benchmark/results/v2/t160-retest-20261003/quality/image-assistance/t160-quality-20261002T182955Z-75789e35-12-IMP-MIXED-r3.json
t160-quality-20261002T182955Z-75789e35-12-IMP-MIXED-r3,IMP-MIXED,3,after_image_assistance,85533f46-eb86-5893-8742-33939e77750f,f79fd0b2-c846-49d5-9f8d-d6fe5f31e31c,native_text,assets,source_provided,True,True,"[{""asset_type"": ""table"", ""source_page_number"": 1, ""order_index"": 1}]","[{""asset_type"": ""table"", ""source_page_number"": 1, ""order_index"": 1}]",matched,benchmark/results/v2/t160-retest-20261003/quality/image-assistance/t160-quality-20261002T182955Z-75789e35-12-IMP-MIXED-r3.json
t160-quality-20261002T182955Z-75789e35-12-IMP-MIXED-r3,IMP-MIXED,3,after_image_assistance,0fa8d57e-58c2-5aa4-b8cd-e52e96380a38,42813690-e69b-4b5c-bf2b-2c7d3bb7b1da,ocr_required,question_number,source_provided,True,True,4,4,matched,benchmark/results/v2/t160-retest-20261003/quality/image-assistance/t160-quality-20261002T182955Z-75789e35-12-IMP-MIXED-r3.json
t160-quality-20261002T182955Z-75789e35-12-IMP-MIXED-r3,IMP-MIXED,3,after_image_assistance,0fa8d57e-58c2-5aa4-b8cd-e52e96380a38,42813690-e69b-4b5c-bf2b-2c7d3bb7b1da,ocr_required,order_index,source_provided,True,True,4,4,matched,benchmark/results/v2/t160-retest-20261003/quality/image-assistance/t160-quality-20261002T182955Z-75789e35-12-IMP-MIXED-r3.json
t160-quality-20261002T182955Z-75789e35-12-IMP-MIXED-r3,IMP-MIXED,3,after_image_assistance,0fa8d57e-58c2-5aa4-b8cd-e52e96380a38,42813690-e69b-4b5c-bf2b-2c7d3bb7b1da,ocr_required,source_page_numbers,source_provided,True,True,[2],[2],matched,benchmark/results/v2/t160-retest-20261003/quality/image-assistance/t160-quality-20261002T182955Z-75789e35-12-IMP-MIXED-r3.json
t160-quality-20261002T182955Z-75789e35-12-IMP-MIXED-r3,IMP-MIXED,3,after_image_assistance,0fa8d57e-58c2-5aa4-b8cd-e52e96380a38,42813690-e69b-4b5c-bf2b-2c7d3bb7b1da,ocr_required,question_type,source_provided,True,True,SINGLE_CHOICE,SINGLE_CHOICE,matched,benchmark/results/v2/t160-retest-20261003/quality/image-assistance/t160-quality-20261002T182955Z-75789e35-12-IMP-MIXED-r3.json
t160-quality-20261002T182955Z-75789e35-12-IMP-MIXED-r3,IMP-MIXED,3,after_image_assistance,0fa8d57e-58c2-5aa4-b8cd-e52e96380a38,42813690-e69b-4b5c-bf2b-2c7d3bb7b1da,ocr_required,content,source_provided,True,True,y = 2x + 1，x = 3 时 y 为多少？,y = 2x + 1，x = 3 时 y 为多少？,matched,benchmark/results/v2/t160-retest-20261003/quality/image-assistance/t160-quality-20261002T182955Z-75789e35-12-IMP-MIXED-r3.json
t160-quality-20261002T182955Z-75789e35-12-IMP-MIXED-r3,IMP-MIXED,3,after_image_assistance,0fa8d57e-58c2-5aa4-b8cd-e52e96380a38,42813690-e69b-4b5c-bf2b-2c7d3bb7b1da,ocr_required,options,source_provided,True,True,"{""C"": ""7"", ""A"": ""5"", ""B"": ""6"", ""D"": ""8""}","{""C"": ""7"", ""A"": ""5"", ""B"": ""6"", ""D"": ""8""}",matched,benchmark/results/v2/t160-retest-20261003/quality/image-assistance/t160-quality-20261002T182955Z-75789e35-12-IMP-MIXED-r3.json
t160-quality-20261002T182955Z-75789e35-12-IMP-MIXED-r3,IMP-MIXED,3,after_image_assistance,0fa8d57e-58c2-5aa4-b8cd-e52e96380a38,42813690-e69b-4b5c-bf2b-2c7d3bb7b1da,ocr_required,reference_answer,source_provided,True,True,C,C,matched,benchmark/results/v2/t160-retest-20261003/quality/image-assistance/t160-quality-20261002T182955Z-75789e35-12-IMP-MIXED-r3.json
t160-quality-20261002T182955Z-75789e35-12-IMP-MIXED-r3,IMP-MIXED,3,after_image_assistance,0fa8d57e-58c2-5aa4-b8cd-e52e96380a38,42813690-e69b-4b5c-bf2b-2c7d3bb7b1da,ocr_required,analysis,source_provided,True,True,2 × 3 + 1 = 7。,2 × 3 + 1 = 7。,matched,benchmark/results/v2/t160-retest-20261003/quality/image-assistance/t160-quality-20261002T182955Z-75789e35-12-IMP-MIXED-r3.json
t160-quality-20261002T182955Z-75789e35-12-IMP-MIXED-r3,IMP-MIXED,3,after_image_assistance,0fa8d57e-58c2-5aa4-b8cd-e52e96380a38,42813690-e69b-4b5c-bf2b-2c7d3bb7b1da,ocr_required,score,source_provided,True,True,2.00,2.00,matched,benchmark/results/v2/t160-retest-20261003/quality/image-assistance/t160-quality-20261002T182955Z-75789e35-12-IMP-MIXED-r3.json
t160-quality-20261002T182955Z-75789e35-12-IMP-MIXED-r3,IMP-MIXED,3,after_image_assistance,0fa8d57e-58c2-5aa4-b8cd-e52e96380a38,42813690-e69b-4b5c-bf2b-2c7d3bb7b1da,ocr_required,scoring_rubric,known_missing,True,True,,,matched,benchmark/results/v2/t160-retest-20261003/quality/image-assistance/t160-quality-20261002T182955Z-75789e35-12-IMP-MIXED-r3.json
t160-quality-20261002T182955Z-75789e35-12-IMP-MIXED-r3,IMP-MIXED,3,after_image_assistance,0fa8d57e-58c2-5aa4-b8cd-e52e96380a38,42813690-e69b-4b5c-bf2b-2c7d3bb7b1da,ocr_required,knowledge_points,known_missing,True,True,[],[],matched,benchmark/results/v2/t160-retest-20261003/quality/image-assistance/t160-quality-20261002T182955Z-75789e35-12-IMP-MIXED-r3.json
t160-quality-20261002T182955Z-75789e35-12-IMP-MIXED-r3,IMP-MIXED,3,after_image_assistance,0fa8d57e-58c2-5aa4-b8cd-e52e96380a38,42813690-e69b-4b5c-bf2b-2c7d3bb7b1da,ocr_required,source_regions,unknown,False,,,,reference_unknown,benchmark/results/v2/t160-retest-20261003/quality/image-assistance/t160-quality-20261002T182955Z-75789e35-12-IMP-MIXED-r3.json
t160-quality-20261002T182955Z-75789e35-12-IMP-MIXED-r3,IMP-MIXED,3,after_image_assistance,0fa8d57e-58c2-5aa4-b8cd-e52e96380a38,42813690-e69b-4b5c-bf2b-2c7d3bb7b1da,ocr_required,assets,source_provided,True,True,[],[],matched,benchmark/results/v2/t160-retest-20261003/quality/image-assistance/t160-quality-20261002T182955Z-75789e35-12-IMP-MIXED-r3.json
t160-quality-20261002T182955Z-75789e35-12-IMP-MIXED-r3,IMP-MIXED,3,after_image_assistance,455720b9-9061-5bce-83af-d6d53c6c84e1,d9a83dce-b38d-4de6-8c18-b909340bf8a4,ocr_required,question_number,source_provided,True,True,5,5,matched,benchmark/results/v2/t160-retest-20261003/quality/image-assistance/t160-quality-20261002T182955Z-75789e35-12-IMP-MIXED-r3.json
t160-quality-20261002T182955Z-75789e35-12-IMP-MIXED-r3,IMP-MIXED,3,after_image_assistance,455720b9-9061-5bce-83af-d6d53c6c84e1,d9a83dce-b38d-4de6-8c18-b909340bf8a4,ocr_required,order_index,source_provided,True,True,5,5,matched,benchmark/results/v2/t160-retest-20261003/quality/image-assistance/t160-quality-20261002T182955Z-75789e35-12-IMP-MIXED-r3.json
t160-quality-20261002T182955Z-75789e35-12-IMP-MIXED-r3,IMP-MIXED,3,after_image_assistance,455720b9-9061-5bce-83af-d6d53c6c84e1,d9a83dce-b38d-4de6-8c18-b909340bf8a4,ocr_required,source_page_numbers,source_provided,True,True,[2],[2],matched,benchmark/results/v2/t160-retest-20261003/quality/image-assistance/t160-quality-20261002T182955Z-75789e35-12-IMP-MIXED-r3.json
t160-quality-20261002T182955Z-75789e35-12-IMP-MIXED-r3,IMP-MIXED,3,after_image_assistance,455720b9-9061-5bce-83af-d6d53c6c84e1,d9a83dce-b38d-4de6-8c18-b909340bf8a4,ocr_required,question_type,source_provided,True,True,TRUE_FALSE,TRUE_FALSE,matched,benchmark/results/v2/t160-retest-20261003/quality/image-assistance/t160-quality-20261002T182955Z-75789e35-12-IMP-MIXED-r3.json
t160-quality-20261002T182955Z-75789e35-12-IMP-MIXED-r3,IMP-MIXED,3,after_image_assistance,455720b9-9061-5bce-83af-d6d53c6c84e1,d9a83dce-b38d-4de6-8c18-b909340bf8a4,ocr_required,content,source_provided,True,True,右图三角形面积为 24 cm²。,右图三角形面积为 24 cm²。,matched,benchmark/results/v2/t160-retest-20261003/quality/image-assistance/t160-quality-20261002T182955Z-75789e35-12-IMP-MIXED-r3.json
t160-quality-20261002T182955Z-75789e35-12-IMP-MIXED-r3,IMP-MIXED,3,after_image_assistance,455720b9-9061-5bce-83af-d6d53c6c84e1,d9a83dce-b38d-4de6-8c18-b909340bf8a4,ocr_required,options,source_provided,True,True,"[""正确"", ""错误""]","[""正确"", ""错误""]",matched,benchmark/results/v2/t160-retest-20261003/quality/image-assistance/t160-quality-20261002T182955Z-75789e35-12-IMP-MIXED-r3.json
t160-quality-20261002T182955Z-75789e35-12-IMP-MIXED-r3,IMP-MIXED,3,after_image_assistance,455720b9-9061-5bce-83af-d6d53c6c84e1,d9a83dce-b38d-4de6-8c18-b909340bf8a4,ocr_required,reference_answer,known_missing,True,True,,,matched,benchmark/results/v2/t160-retest-20261003/quality/image-assistance/t160-quality-20261002T182955Z-75789e35-12-IMP-MIXED-r3.json
t160-quality-20261002T182955Z-75789e35-12-IMP-MIXED-r3,IMP-MIXED,3,after_image_assistance,455720b9-9061-5bce-83af-d6d53c6c84e1,d9a83dce-b38d-4de6-8c18-b909340bf8a4,ocr_required,analysis,known_missing,True,True,,,matched,benchmark/results/v2/t160-retest-20261003/quality/image-assistance/t160-quality-20261002T182955Z-75789e35-12-IMP-MIXED-r3.json
t160-quality-20261002T182955Z-75789e35-12-IMP-MIXED-r3,IMP-MIXED,3,after_image_assistance,455720b9-9061-5bce-83af-d6d53c6c84e1,d9a83dce-b38d-4de6-8c18-b909340bf8a4,ocr_required,score,source_provided,True,True,2.00,2.00,matched,benchmark/results/v2/t160-retest-20261003/quality/image-assistance/t160-quality-20261002T182955Z-75789e35-12-IMP-MIXED-r3.json
t160-quality-20261002T182955Z-75789e35-12-IMP-MIXED-r3,IMP-MIXED,3,after_image_assistance,455720b9-9061-5bce-83af-d6d53c6c84e1,d9a83dce-b38d-4de6-8c18-b909340bf8a4,ocr_required,scoring_rubric,known_missing,True,True,,,matched,benchmark/results/v2/t160-retest-20261003/quality/image-assistance/t160-quality-20261002T182955Z-75789e35-12-IMP-MIXED-r3.json
t160-quality-20261002T182955Z-75789e35-12-IMP-MIXED-r3,IMP-MIXED,3,after_image_assistance,455720b9-9061-5bce-83af-d6d53c6c84e1,d9a83dce-b38d-4de6-8c18-b909340bf8a4,ocr_required,knowledge_points,known_missing,True,True,[],[],matched,benchmark/results/v2/t160-retest-20261003/quality/image-assistance/t160-quality-20261002T182955Z-75789e35-12-IMP-MIXED-r3.json
t160-quality-20261002T182955Z-75789e35-12-IMP-MIXED-r3,IMP-MIXED,3,after_image_assistance,455720b9-9061-5bce-83af-d6d53c6c84e1,d9a83dce-b38d-4de6-8c18-b909340bf8a4,ocr_required,source_regions,unknown,False,,,,reference_unknown,benchmark/results/v2/t160-retest-20261003/quality/image-assistance/t160-quality-20261002T182955Z-75789e35-12-IMP-MIXED-r3.json
t160-quality-20261002T182955Z-75789e35-12-IMP-MIXED-r3,IMP-MIXED,3,after_image_assistance,455720b9-9061-5bce-83af-d6d53c6c84e1,d9a83dce-b38d-4de6-8c18-b909340bf8a4,ocr_required,assets,source_provided,True,True,"[{""asset_type"": ""figure"", ""source_page_number"": 2, ""order_index"": 1}]","[{""asset_type"": ""figure"", ""source_page_number"": 2, ""order_index"": 1}]",matched,benchmark/results/v2/t160-retest-20261003/quality/image-assistance/t160-quality-20261002T182955Z-75789e35-12-IMP-MIXED-r3.json
t160-quality-20261002T182955Z-75789e35-12-IMP-MIXED-r3,IMP-MIXED,3,after_image_assistance,bf862f8d-df39-5559-bab5-d942fccb2432,46b4828c-323a-4396-a9e1-c473bc706440,ocr_required,question_number,source_provided,True,True,6,6,matched,benchmark/results/v2/t160-retest-20261003/quality/image-assistance/t160-quality-20261002T182955Z-75789e35-12-IMP-MIXED-r3.json
t160-quality-20261002T182955Z-75789e35-12-IMP-MIXED-r3,IMP-MIXED,3,after_image_assistance,bf862f8d-df39-5559-bab5-d942fccb2432,46b4828c-323a-4396-a9e1-c473bc706440,ocr_required,order_index,source_provided,True,True,6,6,matched,benchmark/results/v2/t160-retest-20261003/quality/image-assistance/t160-quality-20261002T182955Z-75789e35-12-IMP-MIXED-r3.json
t160-quality-20261002T182955Z-75789e35-12-IMP-MIXED-r3,IMP-MIXED,3,after_image_assistance,bf862f8d-df39-5559-bab5-d942fccb2432,46b4828c-323a-4396-a9e1-c473bc706440,ocr_required,source_page_numbers,source_provided,True,True,[2],[2],matched,benchmark/results/v2/t160-retest-20261003/quality/image-assistance/t160-quality-20261002T182955Z-75789e35-12-IMP-MIXED-r3.json
t160-quality-20261002T182955Z-75789e35-12-IMP-MIXED-r3,IMP-MIXED,3,after_image_assistance,bf862f8d-df39-5559-bab5-d942fccb2432,46b4828c-323a-4396-a9e1-c473bc706440,ocr_required,question_type,source_provided,True,True,SHORT_ANSWER,SHORT_ANSWER,matched,benchmark/results/v2/t160-retest-20261003/quality/image-assistance/t160-quality-20261002T182955Z-75789e35-12-IMP-MIXED-r3.json
t160-quality-20261002T182955Z-75789e35-12-IMP-MIXED-r3,IMP-MIXED,3,after_image_assistance,bf862f8d-df39-5559-bab5-d942fccb2432,46b4828c-323a-4396-a9e1-c473bc706440,ocr_required,content,source_provided,True,True,根据下表写出 y 关于 x 的关系式。,根据下表写出 y 关于 x 的关系式。,matched,benchmark/results/v2/t160-retest-20261003/quality/image-assistance/t160-quality-20261002T182955Z-75789e35-12-IMP-MIXED-r3.json
t160-quality-20261002T182955Z-75789e35-12-IMP-MIXED-r3,IMP-MIXED,3,after_image_assistance,bf862f8d-df39-5559-bab5-d942fccb2432,46b4828c-323a-4396-a9e1-c473bc706440,ocr_required,options,not_applicable,True,True,,,matched,benchmark/results/v2/t160-retest-20261003/quality/image-assistance/t160-quality-20261002T182955Z-75789e35-12-IMP-MIXED-r3.json
t160-quality-20261002T182955Z-75789e35-12-IMP-MIXED-r3,IMP-MIXED,3,after_image_assistance,bf862f8d-df39-5559-bab5-d942fccb2432,46b4828c-323a-4396-a9e1-c473bc706440,ocr_required,reference_answer,known_missing,True,True,,,matched,benchmark/results/v2/t160-retest-20261003/quality/image-assistance/t160-quality-20261002T182955Z-75789e35-12-IMP-MIXED-r3.json
t160-quality-20261002T182955Z-75789e35-12-IMP-MIXED-r3,IMP-MIXED,3,after_image_assistance,bf862f8d-df39-5559-bab5-d942fccb2432,46b4828c-323a-4396-a9e1-c473bc706440,ocr_required,analysis,known_missing,True,True,,,matched,benchmark/results/v2/t160-retest-20261003/quality/image-assistance/t160-quality-20261002T182955Z-75789e35-12-IMP-MIXED-r3.json
t160-quality-20261002T182955Z-75789e35-12-IMP-MIXED-r3,IMP-MIXED,3,after_image_assistance,bf862f8d-df39-5559-bab5-d942fccb2432,46b4828c-323a-4396-a9e1-c473bc706440,ocr_required,score,source_provided,True,True,3.00,3.00,matched,benchmark/results/v2/t160-retest-20261003/quality/image-assistance/t160-quality-20261002T182955Z-75789e35-12-IMP-MIXED-r3.json
t160-quality-20261002T182955Z-75789e35-12-IMP-MIXED-r3,IMP-MIXED,3,after_image_assistance,bf862f8d-df39-5559-bab5-d942fccb2432,46b4828c-323a-4396-a9e1-c473bc706440,ocr_required,scoring_rubric,source_provided,True,True,正确关系式 1.00；说明代入过程 2.00。,正确关系式 1.00；说明代入过程 2.00。,matched,benchmark/results/v2/t160-retest-20261003/quality/image-assistance/t160-quality-20261002T182955Z-75789e35-12-IMP-MIXED-r3.json
t160-quality-20261002T182955Z-75789e35-12-IMP-MIXED-r3,IMP-MIXED,3,after_image_assistance,bf862f8d-df39-5559-bab5-d942fccb2432,46b4828c-323a-4396-a9e1-c473bc706440,ocr_required,knowledge_points,source_provided,True,True,"[""一次函数"", ""表达与计算""]","[""一次函数"", ""表达与计算""]",matched,benchmark/results/v2/t160-retest-20261003/quality/image-assistance/t160-quality-20261002T182955Z-75789e35-12-IMP-MIXED-r3.json
t160-quality-20261002T182955Z-75789e35-12-IMP-MIXED-r3,IMP-MIXED,3,after_image_assistance,bf862f8d-df39-5559-bab5-d942fccb2432,46b4828c-323a-4396-a9e1-c473bc706440,ocr_required,source_regions,unknown,False,,,,reference_unknown,benchmark/results/v2/t160-retest-20261003/quality/image-assistance/t160-quality-20261002T182955Z-75789e35-12-IMP-MIXED-r3.json
t160-quality-20261002T182955Z-75789e35-12-IMP-MIXED-r3,IMP-MIXED,3,after_image_assistance,bf862f8d-df39-5559-bab5-d942fccb2432,46b4828c-323a-4396-a9e1-c473bc706440,ocr_required,assets,source_provided,True,True,"[{""asset_type"": ""table"", ""source_page_number"": 2, ""order_index"": 1}]","[{""asset_type"": ""table"", ""source_page_number"": 2, ""order_index"": 1}]",matched,benchmark/results/v2/t160-retest-20261003/quality/image-assistance/t160-quality-20261002T182955Z-75789e35-12-IMP-MIXED-r3.json
t160-quality-20261002T182955Z-75789e35-13-IMP-CROSS-r1,IMP-CROSS,1,after_image_assistance,239d78f4-ab44-59ec-ab7f-e11e454e26f1,f1750857-d1ca-49d1-b0e2-9053b01ed7ac,native_text,question_number,source_provided,True,True,4,4,matched,benchmark/results/v2/t160-retest-20261003/quality/image-assistance/t160-quality-20261002T182955Z-75789e35-13-IMP-CROSS-r1.json
t160-quality-20261002T182955Z-75789e35-13-IMP-CROSS-r1,IMP-CROSS,1,after_image_assistance,239d78f4-ab44-59ec-ab7f-e11e454e26f1,f1750857-d1ca-49d1-b0e2-9053b01ed7ac,native_text,order_index,source_provided,True,True,1,1,matched,benchmark/results/v2/t160-retest-20261003/quality/image-assistance/t160-quality-20261002T182955Z-75789e35-13-IMP-CROSS-r1.json
t160-quality-20261002T182955Z-75789e35-13-IMP-CROSS-r1,IMP-CROSS,1,after_image_assistance,239d78f4-ab44-59ec-ab7f-e11e454e26f1,f1750857-d1ca-49d1-b0e2-9053b01ed7ac,native_text,source_page_numbers,source_provided,True,True,"[1, 2]","[1, 2]",matched,benchmark/results/v2/t160-retest-20261003/quality/image-assistance/t160-quality-20261002T182955Z-75789e35-13-IMP-CROSS-r1.json
t160-quality-20261002T182955Z-75789e35-13-IMP-CROSS-r1,IMP-CROSS,1,after_image_assistance,239d78f4-ab44-59ec-ab7f-e11e454e26f1,f1750857-d1ca-49d1-b0e2-9053b01ed7ac,native_text,question_type,unknown,False,,,,reference_unknown,benchmark/results/v2/t160-retest-20261003/quality/image-assistance/t160-quality-20261002T182955Z-75789e35-13-IMP-CROSS-r1.json
t160-quality-20261002T182955Z-75789e35-13-IMP-CROSS-r1,IMP-CROSS,1,after_image_assistance,239d78f4-ab44-59ec-ab7f-e11e454e26f1,f1750857-d1ca-49d1-b0e2-9053b01ed7ac,native_text,content,source_provided,True,True,"阅读下页流程图：输入 x = 3，计算输出 y。
按下图流程完成计算。","阅读下页流程图：输入 x = 3，计算输出 y。
按下图流程完成计算。",matched,benchmark/results/v2/t160-retest-20261003/quality/image-assistance/t160-quality-20261002T182955Z-75789e35-13-IMP-CROSS-r1.json
t160-quality-20261002T182955Z-75789e35-13-IMP-CROSS-r1,IMP-CROSS,1,after_image_assistance,239d78f4-ab44-59ec-ab7f-e11e454e26f1,f1750857-d1ca-49d1-b0e2-9053b01ed7ac,native_text,options,not_applicable,True,True,,,matched,benchmark/results/v2/t160-retest-20261003/quality/image-assistance/t160-quality-20261002T182955Z-75789e35-13-IMP-CROSS-r1.json
t160-quality-20261002T182955Z-75789e35-13-IMP-CROSS-r1,IMP-CROSS,1,after_image_assistance,239d78f4-ab44-59ec-ab7f-e11e454e26f1,f1750857-d1ca-49d1-b0e2-9053b01ed7ac,native_text,reference_answer,known_missing,True,True,,,matched,benchmark/results/v2/t160-retest-20261003/quality/image-assistance/t160-quality-20261002T182955Z-75789e35-13-IMP-CROSS-r1.json
t160-quality-20261002T182955Z-75789e35-13-IMP-CROSS-r1,IMP-CROSS,1,after_image_assistance,239d78f4-ab44-59ec-ab7f-e11e454e26f1,f1750857-d1ca-49d1-b0e2-9053b01ed7ac,native_text,analysis,known_missing,True,True,,,matched,benchmark/results/v2/t160-retest-20261003/quality/image-assistance/t160-quality-20261002T182955Z-75789e35-13-IMP-CROSS-r1.json
t160-quality-20261002T182955Z-75789e35-13-IMP-CROSS-r1,IMP-CROSS,1,after_image_assistance,239d78f4-ab44-59ec-ab7f-e11e454e26f1,f1750857-d1ca-49d1-b0e2-9053b01ed7ac,native_text,score,source_provided,True,True,5.00,5.00,matched,benchmark/results/v2/t160-retest-20261003/quality/image-assistance/t160-quality-20261002T182955Z-75789e35-13-IMP-CROSS-r1.json
t160-quality-20261002T182955Z-75789e35-13-IMP-CROSS-r1,IMP-CROSS,1,after_image_assistance,239d78f4-ab44-59ec-ab7f-e11e454e26f1,f1750857-d1ca-49d1-b0e2-9053b01ed7ac,native_text,scoring_rubric,source_provided,True,True,正确中间计算 2.00；最终输出 3.00。,正确中间计算 2.00；最终输出 3.00。,matched,benchmark/results/v2/t160-retest-20261003/quality/image-assistance/t160-quality-20261002T182955Z-75789e35-13-IMP-CROSS-r1.json
t160-quality-20261002T182955Z-75789e35-13-IMP-CROSS-r1,IMP-CROSS,1,after_image_assistance,239d78f4-ab44-59ec-ab7f-e11e454e26f1,f1750857-d1ca-49d1-b0e2-9053b01ed7ac,native_text,knowledge_points,known_missing,True,True,[],[],matched,benchmark/results/v2/t160-retest-20261003/quality/image-assistance/t160-quality-20261002T182955Z-75789e35-13-IMP-CROSS-r1.json
t160-quality-20261002T182955Z-75789e35-13-IMP-CROSS-r1,IMP-CROSS,1,after_image_assistance,239d78f4-ab44-59ec-ab7f-e11e454e26f1,f1750857-d1ca-49d1-b0e2-9053b01ed7ac,native_text,source_regions,unknown,False,,,,reference_unknown,benchmark/results/v2/t160-retest-20261003/quality/image-assistance/t160-quality-20261002T182955Z-75789e35-13-IMP-CROSS-r1.json
t160-quality-20261002T182955Z-75789e35-13-IMP-CROSS-r1,IMP-CROSS,1,after_image_assistance,239d78f4-ab44-59ec-ab7f-e11e454e26f1,f1750857-d1ca-49d1-b0e2-9053b01ed7ac,native_text,assets,source_provided,True,True,"[{""asset_type"": ""diagram"", ""source_page_number"": 2, ""order_index"": 1}]","[{""asset_type"": ""diagram"", ""source_page_number"": 2, ""order_index"": 1}]",matched,benchmark/results/v2/t160-retest-20261003/quality/image-assistance/t160-quality-20261002T182955Z-75789e35-13-IMP-CROSS-r1.json
t160-quality-20261002T182955Z-75789e35-14-IMP-CROSS-r2,IMP-CROSS,2,after_image_assistance,239d78f4-ab44-59ec-ab7f-e11e454e26f1,05bc28d9-f69f-4447-bc2f-d657f8d2e921,native_text,question_number,source_provided,True,True,4,4,matched,benchmark/results/v2/t160-retest-20261003/quality/image-assistance/t160-quality-20261002T182955Z-75789e35-14-IMP-CROSS-r2.json
t160-quality-20261002T182955Z-75789e35-14-IMP-CROSS-r2,IMP-CROSS,2,after_image_assistance,239d78f4-ab44-59ec-ab7f-e11e454e26f1,05bc28d9-f69f-4447-bc2f-d657f8d2e921,native_text,order_index,source_provided,True,True,1,1,matched,benchmark/results/v2/t160-retest-20261003/quality/image-assistance/t160-quality-20261002T182955Z-75789e35-14-IMP-CROSS-r2.json
t160-quality-20261002T182955Z-75789e35-14-IMP-CROSS-r2,IMP-CROSS,2,after_image_assistance,239d78f4-ab44-59ec-ab7f-e11e454e26f1,05bc28d9-f69f-4447-bc2f-d657f8d2e921,native_text,source_page_numbers,source_provided,True,True,"[1, 2]","[1, 2]",matched,benchmark/results/v2/t160-retest-20261003/quality/image-assistance/t160-quality-20261002T182955Z-75789e35-14-IMP-CROSS-r2.json
t160-quality-20261002T182955Z-75789e35-14-IMP-CROSS-r2,IMP-CROSS,2,after_image_assistance,239d78f4-ab44-59ec-ab7f-e11e454e26f1,05bc28d9-f69f-4447-bc2f-d657f8d2e921,native_text,question_type,unknown,False,,,SHORT_ANSWER,reference_unknown,benchmark/results/v2/t160-retest-20261003/quality/image-assistance/t160-quality-20261002T182955Z-75789e35-14-IMP-CROSS-r2.json
t160-quality-20261002T182955Z-75789e35-14-IMP-CROSS-r2,IMP-CROSS,2,after_image_assistance,239d78f4-ab44-59ec-ab7f-e11e454e26f1,05bc28d9-f69f-4447-bc2f-d657f8d2e921,native_text,content,source_provided,True,True,"阅读下页流程图：输入 x = 3，计算输出 y。
按下图流程完成计算。","阅读下页流程图：输入 x = 3，计算输出 y。
按下图流程完成计算。",matched,benchmark/results/v2/t160-retest-20261003/quality/image-assistance/t160-quality-20261002T182955Z-75789e35-14-IMP-CROSS-r2.json
t160-quality-20261002T182955Z-75789e35-14-IMP-CROSS-r2,IMP-CROSS,2,after_image_assistance,239d78f4-ab44-59ec-ab7f-e11e454e26f1,05bc28d9-f69f-4447-bc2f-d657f8d2e921,native_text,options,not_applicable,True,True,,,matched,benchmark/results/v2/t160-retest-20261003/quality/image-assistance/t160-quality-20261002T182955Z-75789e35-14-IMP-CROSS-r2.json
t160-quality-20261002T182955Z-75789e35-14-IMP-CROSS-r2,IMP-CROSS,2,after_image_assistance,239d78f4-ab44-59ec-ab7f-e11e454e26f1,05bc28d9-f69f-4447-bc2f-d657f8d2e921,native_text,reference_answer,known_missing,True,True,,,matched,benchmark/results/v2/t160-retest-20261003/quality/image-assistance/t160-quality-20261002T182955Z-75789e35-14-IMP-CROSS-r2.json
t160-quality-20261002T182955Z-75789e35-14-IMP-CROSS-r2,IMP-CROSS,2,after_image_assistance,239d78f4-ab44-59ec-ab7f-e11e454e26f1,05bc28d9-f69f-4447-bc2f-d657f8d2e921,native_text,analysis,known_missing,True,True,,,matched,benchmark/results/v2/t160-retest-20261003/quality/image-assistance/t160-quality-20261002T182955Z-75789e35-14-IMP-CROSS-r2.json
t160-quality-20261002T182955Z-75789e35-14-IMP-CROSS-r2,IMP-CROSS,2,after_image_assistance,239d78f4-ab44-59ec-ab7f-e11e454e26f1,05bc28d9-f69f-4447-bc2f-d657f8d2e921,native_text,score,source_provided,True,True,5.00,5.00,matched,benchmark/results/v2/t160-retest-20261003/quality/image-assistance/t160-quality-20261002T182955Z-75789e35-14-IMP-CROSS-r2.json
t160-quality-20261002T182955Z-75789e35-14-IMP-CROSS-r2,IMP-CROSS,2,after_image_assistance,239d78f4-ab44-59ec-ab7f-e11e454e26f1,05bc28d9-f69f-4447-bc2f-d657f8d2e921,native_text,scoring_rubric,source_provided,True,True,正确中间计算 2.00；最终输出 3.00。,正确中间计算 2.00；最终输出 3.00。,matched,benchmark/results/v2/t160-retest-20261003/quality/image-assistance/t160-quality-20261002T182955Z-75789e35-14-IMP-CROSS-r2.json
t160-quality-20261002T182955Z-75789e35-14-IMP-CROSS-r2,IMP-CROSS,2,after_image_assistance,239d78f4-ab44-59ec-ab7f-e11e454e26f1,05bc28d9-f69f-4447-bc2f-d657f8d2e921,native_text,knowledge_points,known_missing,True,True,[],[],matched,benchmark/results/v2/t160-retest-20261003/quality/image-assistance/t160-quality-20261002T182955Z-75789e35-14-IMP-CROSS-r2.json
t160-quality-20261002T182955Z-75789e35-14-IMP-CROSS-r2,IMP-CROSS,2,after_image_assistance,239d78f4-ab44-59ec-ab7f-e11e454e26f1,05bc28d9-f69f-4447-bc2f-d657f8d2e921,native_text,source_regions,unknown,False,,,,reference_unknown,benchmark/results/v2/t160-retest-20261003/quality/image-assistance/t160-quality-20261002T182955Z-75789e35-14-IMP-CROSS-r2.json
t160-quality-20261002T182955Z-75789e35-14-IMP-CROSS-r2,IMP-CROSS,2,after_image_assistance,239d78f4-ab44-59ec-ab7f-e11e454e26f1,05bc28d9-f69f-4447-bc2f-d657f8d2e921,native_text,assets,source_provided,True,True,"[{""asset_type"": ""diagram"", ""source_page_number"": 2, ""order_index"": 1}]","[{""asset_type"": ""diagram"", ""source_page_number"": 2, ""order_index"": 1}]",matched,benchmark/results/v2/t160-retest-20261003/quality/image-assistance/t160-quality-20261002T182955Z-75789e35-14-IMP-CROSS-r2.json
t160-quality-20261002T182955Z-75789e35-15-IMP-CROSS-r3,IMP-CROSS,3,after_image_assistance,239d78f4-ab44-59ec-ab7f-e11e454e26f1,60222a5f-7018-4e85-a414-e2287157b522,native_text,question_number,source_provided,True,True,4,4,matched,benchmark/results/v2/t160-retest-20261003/quality/image-assistance/t160-quality-20261002T182955Z-75789e35-15-IMP-CROSS-r3.json
t160-quality-20261002T182955Z-75789e35-15-IMP-CROSS-r3,IMP-CROSS,3,after_image_assistance,239d78f4-ab44-59ec-ab7f-e11e454e26f1,60222a5f-7018-4e85-a414-e2287157b522,native_text,order_index,source_provided,True,True,1,1,matched,benchmark/results/v2/t160-retest-20261003/quality/image-assistance/t160-quality-20261002T182955Z-75789e35-15-IMP-CROSS-r3.json
t160-quality-20261002T182955Z-75789e35-15-IMP-CROSS-r3,IMP-CROSS,3,after_image_assistance,239d78f4-ab44-59ec-ab7f-e11e454e26f1,60222a5f-7018-4e85-a414-e2287157b522,native_text,source_page_numbers,source_provided,True,True,"[1, 2]","[1, 2]",matched,benchmark/results/v2/t160-retest-20261003/quality/image-assistance/t160-quality-20261002T182955Z-75789e35-15-IMP-CROSS-r3.json
t160-quality-20261002T182955Z-75789e35-15-IMP-CROSS-r3,IMP-CROSS,3,after_image_assistance,239d78f4-ab44-59ec-ab7f-e11e454e26f1,60222a5f-7018-4e85-a414-e2287157b522,native_text,question_type,unknown,False,,,,reference_unknown,benchmark/results/v2/t160-retest-20261003/quality/image-assistance/t160-quality-20261002T182955Z-75789e35-15-IMP-CROSS-r3.json
t160-quality-20261002T182955Z-75789e35-15-IMP-CROSS-r3,IMP-CROSS,3,after_image_assistance,239d78f4-ab44-59ec-ab7f-e11e454e26f1,60222a5f-7018-4e85-a414-e2287157b522,native_text,content,source_provided,True,True,"阅读下页流程图：输入 x = 3，计算输出 y。
按下图流程完成计算。","阅读下页流程图：输入 x = 3，计算输出 y。
按下图流程完成计算。",matched,benchmark/results/v2/t160-retest-20261003/quality/image-assistance/t160-quality-20261002T182955Z-75789e35-15-IMP-CROSS-r3.json
t160-quality-20261002T182955Z-75789e35-15-IMP-CROSS-r3,IMP-CROSS,3,after_image_assistance,239d78f4-ab44-59ec-ab7f-e11e454e26f1,60222a5f-7018-4e85-a414-e2287157b522,native_text,options,not_applicable,True,True,,,matched,benchmark/results/v2/t160-retest-20261003/quality/image-assistance/t160-quality-20261002T182955Z-75789e35-15-IMP-CROSS-r3.json
t160-quality-20261002T182955Z-75789e35-15-IMP-CROSS-r3,IMP-CROSS,3,after_image_assistance,239d78f4-ab44-59ec-ab7f-e11e454e26f1,60222a5f-7018-4e85-a414-e2287157b522,native_text,reference_answer,known_missing,True,True,,,matched,benchmark/results/v2/t160-retest-20261003/quality/image-assistance/t160-quality-20261002T182955Z-75789e35-15-IMP-CROSS-r3.json
t160-quality-20261002T182955Z-75789e35-15-IMP-CROSS-r3,IMP-CROSS,3,after_image_assistance,239d78f4-ab44-59ec-ab7f-e11e454e26f1,60222a5f-7018-4e85-a414-e2287157b522,native_text,analysis,known_missing,True,True,,,matched,benchmark/results/v2/t160-retest-20261003/quality/image-assistance/t160-quality-20261002T182955Z-75789e35-15-IMP-CROSS-r3.json
t160-quality-20261002T182955Z-75789e35-15-IMP-CROSS-r3,IMP-CROSS,3,after_image_assistance,239d78f4-ab44-59ec-ab7f-e11e454e26f1,60222a5f-7018-4e85-a414-e2287157b522,native_text,score,source_provided,True,True,5.00,5.00,matched,benchmark/results/v2/t160-retest-20261003/quality/image-assistance/t160-quality-20261002T182955Z-75789e35-15-IMP-CROSS-r3.json
t160-quality-20261002T182955Z-75789e35-15-IMP-CROSS-r3,IMP-CROSS,3,after_image_assistance,239d78f4-ab44-59ec-ab7f-e11e454e26f1,60222a5f-7018-4e85-a414-e2287157b522,native_text,scoring_rubric,source_provided,True,True,正确中间计算 2.00；最终输出 3.00。,正确中间计算 2.00；最终输出 3.00。,matched,benchmark/results/v2/t160-retest-20261003/quality/image-assistance/t160-quality-20261002T182955Z-75789e35-15-IMP-CROSS-r3.json
t160-quality-20261002T182955Z-75789e35-15-IMP-CROSS-r3,IMP-CROSS,3,after_image_assistance,239d78f4-ab44-59ec-ab7f-e11e454e26f1,60222a5f-7018-4e85-a414-e2287157b522,native_text,knowledge_points,known_missing,True,True,[],[],matched,benchmark/results/v2/t160-retest-20261003/quality/image-assistance/t160-quality-20261002T182955Z-75789e35-15-IMP-CROSS-r3.json
t160-quality-20261002T182955Z-75789e35-15-IMP-CROSS-r3,IMP-CROSS,3,after_image_assistance,239d78f4-ab44-59ec-ab7f-e11e454e26f1,60222a5f-7018-4e85-a414-e2287157b522,native_text,source_regions,unknown,False,,,,reference_unknown,benchmark/results/v2/t160-retest-20261003/quality/image-assistance/t160-quality-20261002T182955Z-75789e35-15-IMP-CROSS-r3.json
t160-quality-20261002T182955Z-75789e35-15-IMP-CROSS-r3,IMP-CROSS,3,after_image_assistance,239d78f4-ab44-59ec-ab7f-e11e454e26f1,60222a5f-7018-4e85-a414-e2287157b522,native_text,assets,source_provided,True,True,"[{""asset_type"": ""diagram"", ""source_page_number"": 2, ""order_index"": 1}]","[{""asset_type"": ""diagram"", ""source_page_number"": 2, ""order_index"": 1}]",matched,benchmark/results/v2/t160-retest-20261003/quality/image-assistance/t160-quality-20261002T182955Z-75789e35-15-IMP-CROSS-r3.json
